experiment,dataset,n_silos,rho,setting,alpha,repeat,fold,seed,method,auroc,auprc,sensitivity,specificity,ppv,npv,f1_pos,macro_f1,brier,cal_intercept,cal_slope,ece,threshold,tp,tn,fp,fn,train_time_s,comm_bytes,n_pseudo,mia_auc,silo0_n,silo0_pos,silo0_labeled,silo0_labeled_pos,silo1_n,silo1_pos,silo1_labeled,silo1_labeled_pos,silo2_n,silo2_pos,silo2_labeled,silo2_labeled_pos,silo3_n,silo3_pos,silo3_labeled,silo3_labeled_pos,silo4_n,silo4_pos,silo4_labeled,silo4_labeled_pos,silo5_n,silo5_pos,silo5_labeled,silo5_labeled_pos,silo6_n,silo6_pos,silo6_labeled,silo6_labeled_pos,silo7_n,silo7_pos,silo7_labeled,silo7_labeled_pos,n_train,n_val,n_test,n_labeled
ablation,pima,2,0.5,ablation,0.5,0,1,2027,Full,0.7533333333333333,0.6548497933053551,0.7962962962962963,0.5,0.46236559139784944,0.819672131147541,0.5850340136054422,0.6030760130139012,0.25149771571159363,-0.5957224697673864,0.17530824611498722,0.2432297108840052,0.03069312684237957,43,50,50,11,6.91159200668335,4865104,196,0.6425597303459899,234,7,118,4,287,175,144,88,,,,,,,,,,,,,,,,,,,,,,,,,521,93,154,262
ablation,pima,2,0.5,ablation,0.5,0,1,2027,w/o PG-PL gates 2-3 (confidence only),0.7587037037037038,0.6733141949509471,0.8148148148148148,0.54,0.4888888888888889,0.84375,0.6111111111111112,0.6348238482384825,0.25481635332107544,-0.8011454495879347,0.1918366916587582,0.25618787772663226,0.04072054848074913,44,54,46,10,6.795539140701294,4865104,200,0.6361405769802717,234,7,118,4,287,175,144,88,,,,,,,,,,,,,,,,,,,,,,,,,521,93,154,262
ablation,pima,2,0.5,ablation,0.5,0,1,2027,w/o pseudo-labelling,0.7572222222222222,0.6634930862785064,0.35185185185185186,0.95,0.7916666666666666,0.7307692307692307,0.48717948717948717,0.6566332218506131,0.2318623960018158,-0.7515513874877588,0.19816735609570926,0.23289643743909993,0.9677783846855164,19,95,5,35,7.035138130187988,4865104,0,0.6511599087934966,234,7,118,4,287,175,144,88,,,,,,,,,,,,,,,,,,,,,,,,,521,93,154,262
ablation,pima,2,0.5,ablation,0.5,0,1,2027,w/o adaptive graph refinement,0.764074074074074,0.6669429756222088,0.9444444444444444,0.28,0.4146341463414634,0.9032258064516129,0.576271186440678,0.5018760512356062,0.2149028778076172,0.6937427992737395,0.24643280941746665,0.18390185777218893,0.0014893790939822793,51,28,72,3,6.892770051956177,4865104,230,0.6257311390899177,234,7,118,4,287,175,144,88,,,,,,,,,,,,,,,,,,,,,,,,,521,93,154,262
ablation,pima,2,0.5,ablation,0.5,0,1,2027,w/o clinical-aware augmentation,0.7466666666666667,0.6559772188150629,0.8148148148148148,0.37,0.411214953271028,0.7872340425531915,0.546583850931677,0.5249926057379474,0.20032840967178345,0.21785381785358313,0.30568616439085183,0.15478079649922136,0.03548634052276611,44,37,63,10,4.7443695068359375,4865104,192,0.6368345395062953,234,7,118,4,287,175,144,88,,,,,,,,,,,,,,,,,,,,,,,,,521,93,154,262
ablation,pima,2,0.5,ablation,0.5,0,1,2027,w/o prototype sharing,0.7668518518518519,0.6643665580665472,0.8148148148148148,0.51,0.4731182795698925,0.8360655737704918,0.5986394557823129,0.6160899142265601,0.2488696128129959,-0.9777538477477639,0.18898885843464994,0.25966273944873314,0.04628206789493561,44,51,49,10,7.235141754150391,4844624,160,0.641072667790225,234,7,118,4,287,175,144,88,,,,,,,,,,,,,,,,,,,,,,,,,521,93,154,262
ablation,pima,2,0.5,ablation,0.5,0,1,2027,w/o focal loss (cross-entropy),0.7964814814814816,0.6996161521221032,0.9074074074074074,0.46,0.47572815533980584,0.9019607843137255,0.6242038216560509,0.6167376724174294,0.2260356992483139,-1.221436519123969,0.2554619111711724,0.2065168596054246,0.023505350574851036,49,46,54,5,7.264288425445557,4865104,226,0.6091875681570338,234,7,118,4,287,175,144,88,,,,,,,,,,,,,,,,,,,,,,,,,521,93,154,262
ablation,pima,2,0.5,ablation,0.5,0,1,2027,w/o contrastive loss,0.7579629629629631,0.6724052354118105,0.7962962962962963,0.45,0.4387755102040816,0.8035714285714286,0.5657894736842105,0.5713562753036436,0.2240399718284607,-0.3009349355664785,0.2383755594506345,0.18872486185524368,0.038288895040750504,43,45,55,11,6.84629225730896,4865104,198,0.642931495984931,234,7,118,4,287,175,144,88,,,,,,,,,,,,,,,,,,,,,,,,,521,93,154,262
ablation,pima,2,0.5,ablation,0.5,0,1,2027,w/o class-aware smoothness,0.8035185185185185,0.7291458579002467,0.8703703703703703,0.47,0.47,0.8703703703703703,0.6103896103896104,0.6103896103896104,0.23373623192310333,-1.750584265573012,0.2091061420990257,0.22230039517600816,0.03574857860803604,47,47,53,7,8.45218539237976,4865104,197,0.604143947655398,234,7,118,4,287,175,144,88,,,,,,,,,,,,,,,,,,,,,,,,,521,93,154,262
ablation,pima,2,0.5,ablation,0.5,0,1,2027,w/o dynamic edge attention,0.7824074074074074,0.6645271516582905,0.7962962962962963,0.61,0.524390243902439,0.8472222222222222,0.6323529411764706,0.6708276333789329,0.24153904616832733,-1.2173201400985578,0.1841147976243761,0.22549892934764937,0.18444684147834778,43,61,39,11,7.313398361206055,4680624,196,0.6378630911073659,234,7,118,4,287,175,144,88,,,,,,,,,,,,,,,,,,,,,,,,,521,93,154,262
ablation,pima,2,0.5,ablation,0.5,0,1,2027,w/o FedProx term,0.7551851851851852,0.6589722654321518,0.7592592592592593,0.58,0.4939759036144578,0.8169014084507042,0.5985401459854015,0.6384513595424084,0.25067025423049927,-0.6013165437426015,0.17457752065264795,0.24407284593137052,0.06303011626005173,41,58,42,13,9.058698654174805,4865104,196,0.639127094279766,234,7,118,4,287,175,144,88,,,,,,,,,,,,,,,,,,,,,,,,,521,93,154,262
ablation,pima,2,0.5,ablation,0.5,0,1,2027,w/o calibrated LR head (GNN logits),0.7961111111111112,0.6482147691441206,0.7777777777777778,0.65,0.5454545454545454,0.8441558441558441,0.6412213740458015,0.6878423254409798,0.1979488581418991,-0.5179060857851915,2.4265637401461593,0.14213571562008423,0.4833869934082031,42,65,35,12,10.78983759880066,4793280,196,,234,7,118,4,287,175,144,88,,,,,,,,,,,,,,,,,,,,,,,,,521,93,154,262
ablation,pima,2,0.5,ablation,0.5,0,1,2027,"Supervised only (no PL, CAA, proto)",0.755,0.6590282875174605,0.8888888888888888,0.28,0.4,0.8235294117647058,0.5517241379310345,0.48481729284611425,0.22297202050685883,-0.500702757118948,0.2017158973392786,0.20908502528032696,0.0031150367576628923,48,28,72,6,5.82606315612793,4844624,0,0.6578145137305442,234,7,118,4,287,175,144,88,,,,,,,,,,,,,,,,,,,,,,,,,521,93,154,262
ablation,pima,2,0.5,ablation,0.5,0,0,2026,Full,0.8190740740740741,0.7183217003833098,0.8333333333333334,0.69,0.5921052631578947,0.8846153846153846,0.6923076923076923,0.7337942955920485,0.17500120401382446,-0.2447651859029925,0.4845714206401539,0.11078538975448579,0.26496946811676025,45,69,31,9,7.204253435134888,4865104,135,0.5584663428174879,358,119,180,60,163,63,82,32,,,,,,,,,,,,,,,,,,,,,,,,,521,93,154,262
ablation,pima,2,0.5,ablation,0.5,0,0,2026,w/o PG-PL gates 2-3 (confidence only),0.8127777777777777,0.6981995506880633,0.8148148148148148,0.66,0.5641025641025641,0.868421052631579,0.6666666666666666,0.7083333333333333,0.17537538707256317,-0.2322405261687919,0.4573791153314441,0.10903333504865696,0.25605782866477966,44,66,34,10,6.585201263427734,4865104,134,0.5617874491920293,358,119,180,60,163,63,82,32,,,,,,,,,,,,,,,,,,,,,,,,,521,93,154,262
ablation,pima,2,0.5,ablation,0.5,0,0,2026,w/o pseudo-labelling,0.83,0.727357303111718,0.9074074074074074,0.56,0.5268817204301075,0.9180327868852459,0.6666666666666666,0.681159420289855,0.18416757881641388,-0.6105236322450545,0.2909301733379376,0.15469701837312866,0.0795762911438942,49,56,44,5,7.2640910148620605,4865104,0,0.5515019331813225,358,119,180,60,163,63,82,32,,,,,,,,,,,,,,,,,,,,,,,,,521,93,154,262
ablation,pima,2,0.5,ablation,0.5,0,0,2026,w/o adaptive graph refinement,0.8157407407407407,0.7253186691853022,0.7962962962962963,0.67,0.5657894736842105,0.8589743589743589,0.6615384615384615,0.7071737251512532,0.18597187101840973,-0.23150051845943004,0.3566648207921829,0.14502341677616168,0.1910952776670456,43,67,33,11,6.940253257751465,4865104,125,0.5414022999900863,358,119,180,60,163,63,82,32,,,,,,,,,,,,,,,,,,,,,,,,,521,93,154,262
ablation,pima,2,0.5,ablation,0.5,0,0,2026,w/o clinical-aware augmentation,0.7892592592592592,0.6871437164199217,0.8333333333333334,0.53,0.4891304347826087,0.8548387096774194,0.6164383561643836,0.6353796719093523,0.2003578394651413,-0.49018283778172456,0.3434163166716702,0.1650852040303024,0.18969590961933136,45,53,47,9,4.665705680847168,4865104,126,0.5728041042926538,358,119,180,60,163,63,82,32,,,,,,,,,,,,,,,,,,,,,,,,,521,93,154,262
ablation,pima,2,0.5,ablation,0.5,0,0,2026,w/o prototype sharing,0.8153703703703704,0.7228652037648846,0.8333333333333334,0.67,0.5769230769230769,0.881578947368421,0.6818181818181818,0.7215909090909091,0.1796218752861023,-0.2778018787344709,0.4649991598747327,0.11803617929531769,0.25058314204216003,45,67,33,9,7.132628440856934,4844624,135,0.5591603053435115,358,119,180,60,163,63,82,32,,,,,,,,,,,,,,,,,,,,,,,,,521,93,154,262
ablation,pima,2,0.5,ablation,0.5,0,0,2026,w/o focal loss (cross-entropy),0.8319444444444444,0.734048299434855,0.7962962962962963,0.73,0.6142857142857143,0.8690476190476191,0.6935483870967742,0.7435133239831697,0.20361271500587463,-1.5535126035662554,0.20773143031175487,0.19115666913279855,0.4162145256996155,43,73,27,11,7.155206918716431,4865104,218,0.5626177257856646,358,119,180,60,163,63,82,32,,,,,,,,,,,,,,,,,,,,,,,,,521,93,154,262
ablation,pima,2,0.5,ablation,0.5,0,0,2026,w/o contrastive loss,0.8024074074074075,0.6851390549878162,0.8888888888888888,0.49,0.48484848484848486,0.8909090909090909,0.6274509803921569,0.629854522454143,0.182150736451149,-0.43627877329068654,0.48227060112116144,0.11209709540783586,0.16937069594860077,48,49,51,6,6.857784748077393,4865104,124,0.5608456429067116,358,119,180,60,163,63,82,32,,,,,,,,,,,,,,,,,,,,,,,,,521,93,154,262
ablation,pima,2,0.5,ablation,0.5,0,0,2026,w/o class-aware smoothness,0.8146296296296296,0.7236512642906455,0.6481481481481481,0.87,0.7291666666666666,0.8207547169811321,0.6862745098039216,0.7654673519893394,0.18519622087478638,0.06783981720811617,0.1889007125245148,0.1602528609407993,0.5791735053062439,35,87,13,19,8.784722089767456,4865104,126,0.5751214434420542,358,119,180,60,163,63,82,32,,,,,,,,,,,,,,,,,,,,,,,,,521,93,154,262
ablation,pima,2,0.5,ablation,0.5,0,0,2026,w/o dynamic edge attention,0.8411111111111111,0.7484571954828414,0.7962962962962963,0.73,0.6142857142857143,0.8690476190476191,0.6935483870967742,0.7435133239831697,0.18298931419849396,-0.29305714325124266,0.23213652438693963,0.17080332713758017,0.09280712157487869,43,73,27,11,7.029040813446045,4680624,142,0.5385273123822742,358,119,180,60,163,63,82,32,,,,,,,,,,,,,,,,,,,,,,,,,521,93,154,262
ablation,pima,2,0.5,ablation,0.5,0,0,2026,w/o FedProx term,0.8181481481481482,0.719099342297781,0.8148148148148148,0.69,0.5866666666666667,0.8734177215189873,0.6821705426356589,0.726560131653025,0.17496266961097717,-0.22536666672910716,0.47005146003082743,0.1197830502959815,0.2623741030693054,44,69,31,10,9.199416875839233,4865104,135,0.5603003866362646,358,119,180,60,163,63,82,32,,,,,,,,,,,,,,,,,,,,,,,,,521,93,154,262
ablation,pima,2,0.5,ablation,0.5,0,0,2026,w/o calibrated LR head (GNN logits),0.8498148148148148,0.7623280036448867,0.8333333333333334,0.74,0.6338028169014085,0.891566265060241,0.72,0.7643715846994535,0.1688752919435501,-0.4948441491072437,1.9566238236741527,0.13102466467913096,0.46773388981819153,45,74,26,9,11.01936674118042,4793280,135,,358,119,180,60,163,63,82,32,,,,,,,,,,,,,,,,,,,,,,,,,521,93,154,262
ablation,pima,2,0.5,ablation,0.5,0,0,2026,"Supervised only (no PL, CAA, proto)",0.78,0.6756256120640416,0.7407407407407407,0.59,0.49382716049382713,0.8082191780821918,0.5925925925925926,0.6373367587240419,0.2215612381696701,-0.6322832002764331,0.3137754577957644,0.221951664340767,0.23548850417137146,40,59,41,14,5.84753680229187,4844624,0,0.5749727371864777,358,119,180,60,163,63,82,32,,,,,,,,,,,,,,,,,,,,,,,,,521,93,154,262
ablation,pima,2,0.5,ablation,0.5,0,2,2028,Full,0.7720370370370371,0.6338033303578645,0.7777777777777778,0.59,0.5060240963855421,0.8309859154929577,0.6131386861313869,0.6515985828317753,0.22908742725849152,-0.8505062219488599,0.2351746024787502,0.21394546540429843,0.2354336827993393,42,59,41,12,7.0101072788238525,4865104,148,0.5997627372627372,430,120,215,60,91,62,45,31,,,,,,,,,,,,,,,,,,,,,,,,,521,93,154,260
ablation,pima,2,0.5,ablation,0.5,0,2,2028,w/o PG-PL gates 2-3 (confidence only),0.7746296296296297,0.6514616801460072,0.7777777777777778,0.59,0.5060240963855421,0.8309859154929577,0.6131386861313869,0.6515985828317753,0.22248555719852448,-0.5998205211715114,0.24156292424109255,0.2020094977304726,0.17623049020767212,42,59,41,12,6.742859125137329,4865104,144,0.5977397602397603,430,120,215,60,91,62,45,31,,,,,,,,,,,,,,,,,,,,,,,,,521,93,154,260
ablation,pima,2,0.5,ablation,0.5,0,2,2028,w/o pseudo-labelling,0.8033333333333332,0.6729115495972995,0.7037037037037037,0.77,0.6229508196721312,0.8279569892473119,0.6608695652173913,0.7293985131786438,0.2177911251783371,-1.0184180879814124,0.2086454852859116,0.2048240662854794,0.5194463133811951,38,77,23,16,7.328362941741943,4865104,0,0.5787962037962038,430,120,215,60,91,62,45,31,,,,,,,,,,,,,,,,,,,,,,,,,521,93,154,260
ablation,pima,2,0.5,ablation,0.5,0,2,2028,w/o adaptive graph refinement,0.7972222222222223,0.6955759333631214,0.7777777777777778,0.62,0.525,0.8378378378378378,0.6268656716417911,0.6697546749013553,0.22255003452301025,-0.6321946976021088,0.19341329447673883,0.2024720202792774,0.07153396308422089,42,62,38,12,7.077399253845215,4865104,127,0.5736263736263737,430,120,215,60,91,62,45,31,,,,,,,,,,,,,,,,,,,,,,,,,521,93,154,260
ablation,pima,2,0.5,ablation,0.5,0,2,2028,w/o clinical-aware augmentation,0.7672222222222222,0.6179383156315409,0.7962962962962963,0.57,0.5,0.8382352941176471,0.6142857142857143,0.6464285714285715,0.23796921968460083,-1.1521341126843103,0.2557515591365861,0.2171626432327094,0.2454177290201187,43,57,43,11,4.8304712772369385,4865104,99,0.5971653346653346,430,120,215,60,91,62,45,31,,,,,,,,,,,,,,,,,,,,,,,,,521,93,154,260
ablation,pima,2,0.5,ablation,0.5,0,2,2028,w/o prototype sharing,0.7768518518518518,0.6317308209369489,0.7962962962962963,0.56,0.4942528735632184,0.835820895522388,0.6099290780141844,0.6402938803244574,0.2151784598827362,-0.4884333854874683,0.23960507102829448,0.18456422469832678,0.12751150131225586,43,56,44,11,7.1013758182525635,4844624,134,0.5951173826173827,430,120,215,60,91,62,45,31,,,,,,,,,,,,,,,,,,,,,,,,,521,93,154,260
ablation,pima,2,0.5,ablation,0.5,0,2,2028,w/o focal loss (cross-entropy),0.799074074074074,0.6598861894832442,0.8148148148148148,0.59,0.5176470588235295,0.855072463768116,0.6330935251798561,0.665659188625431,0.24298645555973053,-1.9640963128527194,0.21362027555444868,0.240105966081867,0.16234330832958221,44,59,41,10,7.161525726318359,4865104,203,0.5957917082917082,430,120,215,60,91,62,45,31,,,,,,,,,,,,,,,,,,,,,,,,,521,93,154,260
ablation,pima,2,0.5,ablation,0.5,0,2,2028,w/o contrastive loss,0.7514814814814814,0.6335813044922245,0.7962962962962963,0.5,0.46236559139784944,0.819672131147541,0.5850340136054422,0.6030760130139012,0.23163500428199768,-0.12905837632531655,0.18162019886309258,0.22434287169319272,0.012859486974775791,43,50,50,11,7.0758867263793945,4865104,151,0.5899475524475525,430,120,215,60,91,62,45,31,,,,,,,,,,,,,,,,,,,,,,,,,521,93,154,260
ablation,pima,2,0.5,ablation,0.5,0,2,2028,w/o class-aware smoothness,0.793888888888889,0.6582572061370089,0.7407407407407407,0.68,0.5555555555555556,0.8292682926829268,0.6349206349206349,0.6910866910866911,0.21827687323093414,-0.45961324480939236,0.20765602249475185,0.21253334103127963,0.23234425485134125,40,68,32,14,9.001035451889038,4865104,172,0.5880369630369631,430,120,215,60,91,62,45,31,,,,,,,,,,,,,,,,,,,,,,,,,521,93,154,260
ablation,pima,2,0.5,ablation,0.5,0,2,2028,w/o dynamic edge attention,0.7244444444444444,0.557174347495656,0.7592592592592593,0.56,0.4823529411764706,0.8115942028985508,0.5899280575539568,0.6263249755225406,0.2449129819869995,-0.6869416343809025,0.21014859791219453,0.20435825861119603,0.30816128849983215,41,56,44,13,7.547835111618042,4680624,162,0.6399850149850149,430,120,215,60,91,62,45,31,,,,,,,,,,,,,,,,,,,,,,,,,521,93,154,260
ablation,pima,2,0.5,ablation,0.5,0,2,2028,w/o FedProx term,0.7727777777777777,0.6399040578658173,0.7777777777777778,0.6,0.5121951219512195,0.8333333333333334,0.6176470588235294,0.6576607387140903,0.21872153878211975,-0.3816114484528944,0.25545175597185005,0.19079477562532796,0.1690381020307541,42,60,40,12,9.187689542770386,4865104,148,0.5993006993006993,430,120,215,60,91,62,45,31,,,,,,,,,,,,,,,,,,,,,,,,,521,93,154,260
ablation,pima,2,0.5,ablation,0.5,0,2,2028,w/o calibrated LR head (GNN logits),0.7953703703703704,0.6744916176736487,0.8333333333333334,0.59,0.5232558139534884,0.8676470588235294,0.6428571428571429,0.6726190476190477,0.19930708408355713,-0.6755099755961937,1.8046492724557321,0.18754682409298884,0.4635195732116699,45,59,41,9,11.186898708343506,4793280,148,,430,120,215,60,91,62,45,31,,,,,,,,,,,,,,,,,,,,,,,,,521,93,154,260
ablation,pima,2,0.5,ablation,0.5,0,2,2028,"Supervised only (no PL, CAA, proto)",0.78,0.6840175568984803,0.7222222222222222,0.65,0.527027027027027,0.8125,0.609375,0.6657986111111112,0.21731612086296082,-0.6494354004482045,0.2660528949416766,0.1940238464188266,0.3045012056827545,39,65,35,15,5.979998826980591,4844624,0,0.5959415584415584,430,120,215,60,91,62,45,31,,,,,,,,,,,,,,,,,,,,,,,,,521,93,154,260
ablation,pima,2,0.5,ablation,0.5,0,3,2029,Full,0.7998113207547171,0.654322518921197,0.5471698113207547,0.78,0.5686274509803921,0.7647058823529411,0.5576923076923077,0.66498476770754,0.22599849104881287,-0.2194861572903093,0.21391850820285385,0.21432157733715052,0.5141071081161499,29,78,22,24,9.035501718521118,4865104,186,0.5800029935638378,314,171,158,86,208,11,104,6,,,,,,,,,,,,,,,,,,,,,,,,,522,93,153,262
ablation,pima,2,0.5,ablation,0.5,0,3,2029,w/o PG-PL gates 2-3 (confidence only),0.8216037735849057,0.6672781805088417,0.5471698113207547,0.8,0.5918367346938775,0.7692307692307693,0.5686274509803921,0.6764705882352942,0.22315490245819092,-0.5065299199259696,0.23412668539067905,0.21786878206858445,0.6325289607048035,29,80,20,24,8.867389678955078,4865104,186,0.5729930649104426,314,171,158,86,208,11,104,6,,,,,,,,,,,,,,,,,,,,,,,,,522,93,153,262
ablation,pima,2,0.5,ablation,0.5,0,3,2029,w/o pseudo-labelling,0.785,0.6559931687898789,0.6037735849056604,0.79,0.6037735849056604,0.79,0.6037735849056604,0.6968867924528301,0.2185705304145813,-0.44826590205645256,0.18287758836983237,0.1999437159621248,0.5065416097640991,32,79,21,21,8.95602822303772,4865104,0,0.5904679938133014,314,171,158,86,208,11,104,6,,,,,,,,,,,,,,,,,,,,,,,,,522,93,153,262
ablation,pima,2,0.5,ablation,0.5,0,3,2029,w/o adaptive graph refinement,0.8143396226415095,0.6777510360609127,0.5471698113207547,0.83,0.6304347826086957,0.7757009345794392,0.5858585858585859,0.6938954765041722,0.2068265974521637,-0.6963787233278582,0.24222888538975712,0.1695068130038338,0.7387615442276001,29,83,17,24,9.001434326171875,4865104,201,0.5718455321059721,314,171,158,86,208,11,104,6,,,,,,,,,,,,,,,,,,,,,,,,,522,93,153,262
ablation,pima,2,0.5,ablation,0.5,0,3,2029,w/o clinical-aware augmentation,0.8081132075471698,0.668662228536742,0.5283018867924528,0.84,0.6363636363636364,0.7706422018348624,0.5773195876288659,0.6905736694125191,0.2156723588705063,-0.34338423833395604,0.23937230977725174,0.21660328471387913,0.7889043092727661,28,84,16,25,6.301455020904541,4865104,167,0.5622162350945468,314,171,158,86,208,11,104,6,,,,,,,,,,,,,,,,,,,,,,,,,522,93,153,262
ablation,pima,2,0.5,ablation,0.5,0,3,2029,w/o prototype sharing,0.820566037735849,0.6655938672245021,0.5283018867924528,0.79,0.5714285714285714,0.7596153846153846,0.5490196078431373,0.661764705882353,0.22388184070587158,-0.6801263834272763,0.2421617266540327,0.22700164851799512,0.6951070427894592,28,79,21,25,8.804485321044922,4844624,161,0.573055430823729,314,171,158,86,208,11,104,6,,,,,,,,,,,,,,,,,,,,,,,,,522,93,153,262
ablation,pima,2,0.5,ablation,0.5,0,3,2029,w/o focal loss (cross-entropy),0.8219811320754717,0.664488941153976,0.5471698113207547,0.82,0.6170212765957447,0.7735849056603774,0.58,0.6880582524271844,0.24518100917339325,-1.5464729286741157,0.1756451170802839,0.24866528003141772,0.9173392653465271,29,82,18,24,9.463552713394165,4865104,219,0.543531407473931,314,171,158,86,208,11,104,6,,,,,,,,,,,,,,,,,,,,,,,,,522,93,153,262
ablation,pima,2,0.5,ablation,0.5,0,3,2029,w/o contrastive loss,0.8271698113207547,0.6982241919489252,0.8679245283018868,0.67,0.5822784810126582,0.9054054054054054,0.696969696969697,0.7335423197492164,0.17855685949325562,-0.24113814245237777,0.31648116042903396,0.1337193919869225,0.21346260607242584,46,67,33,7,8.979348421096802,4865104,174,0.5542209250112259,314,171,158,86,208,11,104,6,,,,,,,,,,,,,,,,,,,,,,,,,522,93,153,262
ablation,pima,2,0.5,ablation,0.5,0,3,2029,w/o class-aware smoothness,0.7671698113207547,0.6449586157977916,0.6415094339622641,0.78,0.6071428571428571,0.8041237113402062,0.6238532110091743,0.7078656917990034,0.21286945044994354,-0.09353565669521134,0.17817508269660942,0.18818047310353492,0.36731112003326416,34,78,22,19,8.49753999710083,4865104,183,0.5844808661378037,314,171,158,86,208,11,104,6,,,,,,,,,,,,,,,,,,,,,,,,,522,93,153,262
ablation,pima,2,0.5,ablation,0.5,0,3,2029,w/o dynamic edge attention,0.8020754716981132,0.6637595605256792,0.4716981132075472,0.86,0.6410256410256411,0.7543859649122807,0.5434782608695652,0.6736082893132873,0.21439720690250397,-0.34936723378121765,0.220573702122687,0.20224196144860554,0.8359913229942322,25,86,14,28,7.716286659240723,4680624,187,0.5969166292471186,314,171,158,86,208,11,104,6,,,,,,,,,,,,,,,,,,,,,,,,,522,93,153,262
ablation,pima,2,0.5,ablation,0.5,0,3,2029,w/o FedProx term,0.8145283018867925,0.6662306101225032,0.5471698113207547,0.8,0.5918367346938775,0.7692307692307693,0.5686274509803921,0.6764705882352942,0.2206687182188034,-0.6043657675214871,0.23859625200219217,0.21176388143908742,0.6566455960273743,29,80,20,24,8.623403310775757,4865104,185,0.5744274809160306,314,171,158,86,208,11,104,6,,,,,,,,,,,,,,,,,,,,,,,,,522,93,153,262
ablation,pima,2,0.5,ablation,0.5,0,3,2029,w/o calibrated LR head (GNN logits),0.820943396226415,0.7029008735196227,0.6226415094339622,0.75,0.5689655172413793,0.7894736842105263,0.5945945945945946,0.681912681912682,0.18969234824180603,-0.4586343922396575,2.798182761028664,0.16648824522697847,0.48388412594795227,33,75,25,20,8.469506740570068,4793280,186,,314,171,158,86,208,11,104,6,,,,,,,,,,,,,,,,,,,,,,,,,522,93,153,262
ablation,pima,2,0.5,ablation,0.5,0,3,2029,"Supervised only (no PL, CAA, proto)",0.790188679245283,0.6615994935108167,0.6226415094339622,0.78,0.6,0.7959183673469388,0.6111111111111112,0.6994949494949495,0.21293751895427704,-0.3561998461528939,0.26688729243431164,0.17498382238147697,0.41367509961128235,33,78,22,20,6.130882501602173,4844624,0,0.5810756872723644,314,171,158,86,208,11,104,6,,,,,,,,,,,,,,,,,,,,,,,,,522,93,153,262
ablation,pima,2,0.5,ablation,0.5,0,4,2030,Full,0.8537735849056604,0.7497204195711128,0.6792452830188679,0.85,0.7058823529411765,0.8333333333333334,0.6923076923076923,0.766945925361767,0.20040808618068695,-2.353022840528213,0.2980137829430496,0.1809564897534894,0.9295004606246948,36,85,15,17,9.069969654083252,4865104,192,0.5351868482762061,149,115,75,58,373,67,187,34,,,,,,,,,,,,,,,,,,,,,,,,,522,93,153,262
ablation,pima,2,0.5,ablation,0.5,0,4,2030,w/o PG-PL gates 2-3 (confidence only),0.8639622641509435,0.7536325244146244,0.7169811320754716,0.85,0.7169811320754716,0.85,0.7169811320754716,0.7834905660377358,0.2010127305984497,-3.366027145549729,0.2529520601280329,0.20138350793836163,0.9692534804344177,38,85,15,15,9.146840333938599,4865104,195,0.5284139100932994,149,115,75,58,373,67,187,34,,,,,,,,,,,,,,,,,,,,,,,,,522,93,153,262
ablation,pima,2,0.5,ablation,0.5,0,4,2030,w/o pseudo-labelling,0.8358490566037736,0.7122992541497377,0.8301886792452831,0.7,0.5945945945945946,0.8860759493670886,0.6929133858267716,0.7375181454273523,0.18791304528713226,-1.373211758257179,0.30297191628243936,0.15806793475073147,0.3796910047531128,44,70,30,9,8.896674633026123,4865104,0,0.5573267474928902,149,115,75,58,373,67,187,34,,,,,,,,,,,,,,,,,,,,,,,,,522,93,153,262
ablation,pima,2,0.5,ablation,0.5,0,4,2030,w/o adaptive graph refinement,0.8681132075471698,0.749665927133211,0.6981132075471698,0.84,0.6981132075471698,0.84,0.6981132075471698,0.7690566037735849,0.1702122688293457,-1.905383789294494,0.34115151903222685,0.1421520223268886,0.8371110558509827,37,84,16,16,8.947513341903687,4865104,196,0.5501172479169785,149,115,75,58,373,67,187,34,,,,,,,,,,,,,,,,,,,,,,,,,522,93,153,262
ablation,pima,2,0.5,ablation,0.5,0,4,2030,w/o clinical-aware augmentation,0.8483962264150944,0.7267673236114813,0.8867924528301887,0.59,0.5340909090909091,0.9076923076923077,0.6666666666666666,0.6909090909090909,0.21116822957992554,-2.6920648636800504,0.2623214498859654,0.20706562609016116,0.15895801782608032,47,59,41,6,6.232415199279785,4865104,169,0.5409369854812154,149,115,75,58,373,67,187,34,,,,,,,,,,,,,,,,,,,,,,,,,522,93,153,262
ablation,pima,2,0.5,ablation,0.5,0,4,2030,w/o prototype sharing,0.8481132075471698,0.734225823125219,0.5471698113207547,0.87,0.6904761904761905,0.7837837837837838,0.6105263157894737,0.7175854327762534,0.19275866448879242,-1.6860839055629926,0.3784358468460567,0.17971813379257334,0.9196144342422485,29,87,13,24,9.16798186302185,4844624,161,0.5496931597066307,149,115,75,58,373,67,187,34,,,,,,,,,,,,,,,,,,,,,,,,,522,93,153,262
ablation,pima,2,0.5,ablation,0.5,0,4,2030,w/o focal loss (cross-entropy),0.8437735849056603,0.7196537237464479,0.8301886792452831,0.73,0.6197183098591549,0.8902439024390244,0.7096774193548387,0.7559376107763205,0.22825592756271362,-3.0226807409134824,0.25196710219777874,0.2407160650670918,0.7008336782455444,44,73,27,9,9.38963508605957,4865104,245,0.5532230703986428,149,115,75,58,373,67,187,34,,,,,,,,,,,,,,,,,,,,,,,,,522,93,153,262
ablation,pima,2,0.5,ablation,0.5,0,4,2030,w/o contrastive loss,0.8503773584905661,0.727354245838298,0.9433962264150944,0.43,0.4672897196261682,0.9347826086956522,0.625,0.6070205479452055,0.21660496294498444,-3.02237123477063,0.24999924889282474,0.2142748434120923,0.02052590623497963,50,43,57,3,9.22327733039856,4865104,178,0.5354862046599811,149,115,75,58,373,67,187,34,,,,,,,,,,,,,,,,,,,,,,,,,522,93,153,262
ablation,pima,2,0.5,ablation,0.5,0,4,2030,w/o class-aware smoothness,0.8602830188679245,0.6980448939004902,0.8867924528301887,0.66,0.5802469135802469,0.9166666666666666,0.7014925373134329,0.7344671988892746,0.17244857549667358,-1.5125614872149806,0.23139963016258105,0.1685300347778727,0.11864042282104492,47,66,34,6,8.550384521484375,4865104,216,0.5456643217083271,149,115,75,58,373,67,187,34,,,,,,,,,,,,,,,,,,,,,,,,,522,93,153,262
ablation,pima,2,0.5,ablation,0.5,0,4,2030,w/o dynamic edge attention,0.8392452830188679,0.7024335336958512,0.7358490566037735,0.71,0.5735294117647058,0.8352941176470589,0.6446280991735537,0.7060978333705606,0.22123152017593384,-2.598459371709564,0.2783091727844523,0.21388411019727882,0.7177630066871643,39,71,29,14,8.056824207305908,4680624,178,0.5417227959886244,149,115,75,58,373,67,187,34,,,,,,,,,,,,,,,,,,,,,,,,,522,93,153,262
ablation,pima,2,0.5,ablation,0.5,0,4,2030,w/o FedProx term,0.8586792452830189,0.739554812079484,0.7547169811320755,0.8,0.6666666666666666,0.8602150537634409,0.7079646017699115,0.7684900729056812,0.19938123226165771,-2.6801254957211316,0.2839042981876096,0.18981250449771586,0.8608779311180115,40,80,20,13,8.684948444366455,4865104,192,0.5337649054532755,149,115,75,58,373,67,187,34,,,,,,,,,,,,,,,,,,,,,,,,,522,93,153,262
ablation,pima,2,0.5,ablation,0.5,0,4,2030,w/o calibrated LR head (GNN logits),0.840566037735849,0.65244264975662,0.8490566037735849,0.77,0.6617647058823529,0.9058823529411765,0.743801652892562,0.7881170426624973,0.17243945598602295,-0.422673320169987,2.1152491881623017,0.12362913397792116,0.4528697729110718,45,77,23,8,8.807559251785278,4793280,192,,149,115,75,58,373,67,187,34,,,,,,,,,,,,,,,,,,,,,,,,,522,93,153,262
ablation,pima,2,0.5,ablation,0.5,0,4,2030,"Supervised only (no PL, CAA, proto)",0.8575471698113207,0.7255102808197407,0.9433962264150944,0.58,0.5434782608695652,0.9508196721311475,0.6896551724137931,0.7050760334118655,0.19153966009616852,-2.682726574819661,0.2662082406550354,0.18627484203042352,0.1504252701997757,50,58,42,3,5.762794256210327,4844624,0,0.5289502569475627,149,115,75,58,373,67,187,34,,,,,,,,,,,,,,,,,,,,,,,,,522,93,153,262
ablation,pima,2,0.5,ablation,0.5,1,0,3026,Full,0.7492592592592593,0.6409906318176277,0.35185185185185186,0.91,0.6785714285714286,0.7222222222222222,0.4634146341463415,0.634362184329808,0.2019311487674713,0.8242668931306484,0.3960878234923925,0.1699008330122217,0.5022156834602356,19,91,9,35,8.80888295173645,4865104,166,0.6133116883116884,100,5,50,2,421,177,210,88,,,,,,,,,,,,,,,,,,,,,,,,,521,93,154,260
ablation,pima,2,0.5,ablation,0.5,1,0,3026,w/o PG-PL gates 2-3 (confidence only),0.7587037037037037,0.6518741309119553,0.8333333333333334,0.49,0.46875,0.8448275862068966,0.6,0.6101265822784809,0.1986689418554306,0.834132008267131,0.394903025768265,0.13812686173946825,0.05796185880899429,45,49,51,9,9.346861124038696,4865104,167,0.5984515484515485,100,5,50,2,421,177,210,88,,,,,,,,,,,,,,,,,,,,,,,,,521,93,154,260
ablation,pima,2,0.5,ablation,0.5,1,0,3026,w/o pseudo-labelling,0.7944444444444445,0.7314974633523639,0.48148148148148145,0.89,0.7027027027027027,0.7606837606837606,0.5714285714285714,0.695852534562212,0.18189896643161774,0.4465481442169168,0.38967587994644914,0.1369637855171383,0.5810867547988892,26,89,11,28,9.061298370361328,4865104,0,0.5642857142857143,100,5,50,2,421,177,210,88,,,,,,,,,,,,,,,,,,,,,,,,,521,93,154,260
ablation,pima,2,0.5,ablation,0.5,1,0,3026,w/o adaptive graph refinement,0.8109259259259258,0.7448261074882396,0.7407407407407407,0.7,0.5714285714285714,0.8333333333333334,0.6451612903225806,0.703015427769986,0.20747648179531097,0.0837572177552687,0.25742907716325025,0.1841307109487908,0.17579779028892517,40,70,30,14,9.613352537155151,4865104,130,0.5531468531468532,100,5,50,2,421,177,210,88,,,,,,,,,,,,,,,,,,,,,,,,,521,93,154,260
ablation,pima,2,0.5,ablation,0.5,1,0,3026,w/o clinical-aware augmentation,0.8342592592592593,0.7673281194495813,0.6481481481481481,0.81,0.6481481481481481,0.81,0.6481481481481481,0.7290740740740741,0.20597843825817108,-1.4302283971470675,0.2746674884107918,0.18484637217426841,0.8099616169929504,35,81,19,19,5.8964807987213135,4865104,140,0.5419955044955045,100,5,50,2,421,177,210,88,,,,,,,,,,,,,,,,,,,,,,,,,521,93,154,260
ablation,pima,2,0.5,ablation,0.5,1,0,3026,w/o prototype sharing,0.7124074074074074,0.6063533639997297,0.35185185185185186,0.87,0.59375,0.7131147540983607,0.4418604651162791,0.6128221244500314,0.21497151255607605,0.7950782787701532,0.336600947765209,0.16138895673604753,0.48287755250930786,19,87,13,35,9.559368371963501,4844624,153,0.6226023976023976,100,5,50,2,421,177,210,88,,,,,,,,,,,,,,,,,,,,,,,,,521,93,154,260
ablation,pima,2,0.5,ablation,0.5,1,0,3026,w/o focal loss (cross-entropy),0.8001851851851851,0.7491628468354555,0.48148148148148145,0.95,0.8387096774193549,0.7723577235772358,0.611764705882353,0.731891321551042,0.19393056631088257,-0.31775602770083794,0.36212882671510915,0.17335299857251055,0.8112883567810059,26,95,5,28,9.408425331115723,4865104,226,0.5663086913086913,100,5,50,2,421,177,210,88,,,,,,,,,,,,,,,,,,,,,,,,,521,93,154,260
ablation,pima,2,0.5,ablation,0.5,1,0,3026,w/o contrastive loss,0.8353703703703704,0.771105676788363,0.6481481481481481,0.77,0.603448275862069,0.8020833333333334,0.625,0.7053571428571428,0.20924754440784454,-0.7593474391164593,0.2951545578174639,0.19403284807483873,0.5668438076972961,35,77,23,19,9.145883321762085,4865104,149,0.5430694305694306,100,5,50,2,421,177,210,88,,,,,,,,,,,,,,,,,,,,,,,,,521,93,154,260
ablation,pima,2,0.5,ablation,0.5,1,0,3026,w/o class-aware smoothness,0.807037037037037,0.7360462108773159,0.7407407407407407,0.66,0.5405405405405406,0.825,0.625,0.6791666666666667,0.19519509375095367,0.38616570328708283,0.31769477306370086,0.15700958034192974,0.10886378586292267,40,66,34,14,8.833251237869263,4865104,159,0.5791458541458541,100,5,50,2,421,177,210,88,,,,,,,,,,,,,,,,,,,,,,,,,521,93,154,260
ablation,pima,2,0.5,ablation,0.5,1,0,3026,w/o dynamic edge attention,0.8011111111111111,0.7334407938844449,0.6481481481481481,0.73,0.5645161290322581,0.7934782608695652,0.603448275862069,0.6819324712643677,0.1952555775642395,-0.03776858677657505,0.3133357383436113,0.16637093002920025,0.3441314399242401,35,73,27,19,8.203516483306885,4680624,159,0.5506618381618382,100,5,50,2,421,177,210,88,,,,,,,,,,,,,,,,,,,,,,,,,521,93,154,260
ablation,pima,2,0.5,ablation,0.5,1,0,3026,w/o FedProx term,0.7416666666666667,0.63109787555099,0.3148148148148148,0.91,0.6538461538461539,0.7109375,0.425,0.6116228070175439,0.2067154049873352,0.786752613461215,0.36630022317942246,0.17687191116297016,0.5594108700752258,17,91,9,37,8.819389581680298,4865104,166,0.6145604395604396,100,5,50,2,421,177,210,88,,,,,,,,,,,,,,,,,,,,,,,,,521,93,154,260
ablation,pima,2,0.5,ablation,0.5,1,0,3026,w/o calibrated LR head (GNN logits),0.8594444444444445,0.7863506281970356,0.9444444444444444,0.61,0.5666666666666667,0.953125,0.7083333333333334,0.7261178861788617,0.16758601367473602,-0.242655290111572,2.9400813631041456,0.12768370043728255,0.40664273500442505,51,61,39,3,9.002121925354004,4793280,166,,100,5,50,2,421,177,210,88,,,,,,,,,,,,,,,,,,,,,,,,,521,93,154,260
ablation,pima,2,0.5,ablation,0.5,1,0,3026,"Supervised only (no PL, CAA, proto)",0.8203703703703703,0.758280750602532,0.5370370370370371,0.86,0.6744186046511628,0.7747747747747747,0.5979381443298969,0.7065520105535741,0.226813405752182,-1.6646568815505003,0.2201167223160072,0.2099438776056488,0.9215735793113708,29,86,14,25,5.925703048706055,4844624,0,0.5481518481518481,100,5,50,2,421,177,210,88,,,,,,,,,,,,,,,,,,,,,,,,,521,93,154,260
ablation,pima,2,0.5,ablation,0.5,1,1,3027,Full,0.822037037037037,0.6855415079180622,0.6481481481481481,0.82,0.660377358490566,0.8118811881188119,0.6542056074766355,0.7350630027432928,0.22480684518814087,-1.9012187178753415,0.21907905477900141,0.23069556791625628,0.8919469118118286,35,82,18,19,9.226362466812134,4865104,213,0.5690368791513829,267,163,134,82,254,19,128,10,,,,,,,,,,,,,,,,,,,,,,,,,521,93,154,262
ablation,pima,2,0.5,ablation,0.5,1,1,3027,w/o PG-PL gates 2-3 (confidence only),0.7881481481481482,0.6469001402940248,0.7407407407407407,0.64,0.5263157894736842,0.8205128205128205,0.6153846153846154,0.6672428694900605,0.2271258682012558,-1.0378180101370549,0.2515904898967342,0.21037645196517957,0.3201441764831543,40,64,36,14,9.017600536346436,4865104,212,0.5896079111727967,267,163,134,82,254,19,128,10,,,,,,,,,,,,,,,,,,,,,,,,,521,93,154,262
ablation,pima,2,0.5,ablation,0.5,1,1,3027,w/o pseudo-labelling,0.8196296296296297,0.685262032893151,0.5,0.86,0.6585365853658537,0.7610619469026548,0.5684210526315789,0.6879663948603905,0.21371841430664062,-0.5738157073790244,0.26165036788891544,0.18811732506403678,0.8451095223426819,27,86,14,27,9.170398712158203,4865104,0,0.5694953901060772,267,163,134,82,254,19,128,10,,,,,,,,,,,,,,,,,,,,,,,,,521,93,154,262
ablation,pima,2,0.5,ablation,0.5,1,1,3027,w/o adaptive graph refinement,0.7966666666666666,0.6688548754458287,0.7222222222222222,0.72,0.582089552238806,0.8275862068965517,0.6446280991735537,0.7073407875546913,0.23486179113388062,-1.053802966992061,0.24921117955624258,0.22080370858795456,0.4184325039386749,39,72,28,15,9.3676598072052,4865104,235,0.5527783285416873,267,163,134,82,254,19,128,10,,,,,,,,,,,,,,,,,,,,,,,,,521,93,154,262
ablation,pima,2,0.5,ablation,0.5,1,1,3027,w/o clinical-aware augmentation,0.8457407407407407,0.7530204290968562,0.6666666666666666,0.81,0.6545454545454545,0.8181818181818182,0.6605504587155964,0.7373104052371952,0.2014523297548294,-1.4604343263680277,0.36908464669378016,0.17856769964655306,0.7937292456626892,36,81,19,18,5.823535203933716,4865104,196,0.5516754238128284,267,163,134,82,254,19,128,10,,,,,,,,,,,,,,,,,,,,,,,,,521,93,154,262
ablation,pima,2,0.5,ablation,0.5,1,1,3027,w/o prototype sharing,0.8325925925925926,0.6765914562068284,0.7407407407407407,0.74,0.6060606060606061,0.8409090909090909,0.6666666666666666,0.7269503546099291,0.2319435030221939,-2.392724149693256,0.21582905145502151,0.22436449325994237,0.6652841567993164,40,74,26,14,9.052914381027222,4844624,169,0.5404976702686626,267,163,134,82,254,19,128,10,,,,,,,,,,,,,,,,,,,,,,,,,521,93,154,262
ablation,pima,2,0.5,ablation,0.5,1,1,3027,w/o focal loss (cross-entropy),0.817962962962963,0.7012436388253624,0.7592592592592593,0.72,0.5942028985507246,0.8470588235294118,0.6666666666666666,0.7225225225225225,0.20464158058166504,-0.9655657369365086,0.3663240213174349,0.18298042247483096,0.4851783215999603,41,72,28,13,8.495126247406006,4865104,237,0.5565951224348171,267,163,134,82,254,19,128,10,,,,,,,,,,,,,,,,,,,,,,,,,521,93,154,262
ablation,pima,2,0.5,ablation,0.5,1,1,3027,w/o contrastive loss,0.8264814814814815,0.7141749411406518,0.7222222222222222,0.74,0.6,0.8314606741573034,0.6554621848739496,0.7192654839713664,0.2187924087047577,-1.8863806601206654,0.28672713000320316,0.19667414997934135,0.7224998474121094,39,74,26,15,8.70170783996582,4865104,197,0.5581441459304055,267,163,134,82,254,19,128,10,,,,,,,,,,,,,,,,,,,,,,,,,521,93,154,262
ablation,pima,2,0.5,ablation,0.5,1,1,3027,w/o class-aware smoothness,0.8057407407407406,0.6853251583959754,0.5370370370370371,0.8,0.5918367346938775,0.7619047619047619,0.5631067961165048,0.6717973004972768,0.2104967087507248,-0.8731197950793829,0.30777413761895617,0.18243672670917466,0.7051700949668884,29,80,20,25,8.234012126922607,4865104,208,0.5506840487756518,267,163,134,82,254,19,128,10,,,,,,,,,,,,,,,,,,,,,,,,,521,93,154,262
ablation,pima,2,0.5,ablation,0.5,1,1,3027,w/o dynamic edge attention,0.8242592592592592,0.6840178377927482,0.7037037037037037,0.75,0.6031746031746031,0.8241758241758241,0.6495726495726496,0.7174564818543876,0.19338999688625336,-0.9778003324388105,0.38567983997807764,0.18164034057166667,0.5544328093528748,38,75,25,16,7.551199197769165,4680624,199,0.5659512243481709,267,163,134,82,254,19,128,10,,,,,,,,,,,,,,,,,,,,,,,,,521,93,154,262
ablation,pima,2,0.5,ablation,0.5,1,1,3027,w/o FedProx term,0.8161111111111111,0.6795275283273083,0.7592592592592593,0.72,0.5942028985507246,0.8470588235294118,0.6666666666666666,0.7225225225225225,0.2146962583065033,-1.476127843828336,0.24204505009317212,0.20486197765771447,0.5043127536773682,41,72,28,13,8.749248504638672,4865104,213,0.5747992465549717,267,163,134,82,254,19,128,10,,,,,,,,,,,,,,,,,,,,,,,,,521,93,154,262
ablation,pima,2,0.5,ablation,0.5,1,1,3027,w/o calibrated LR head (GNN logits),0.8374074074074074,0.754643300954562,0.6296296296296297,0.87,0.723404255319149,0.8130841121495327,0.6732673267326733,0.7569235184388003,0.20663675665855408,-0.6094359346237717,4.397482511056734,0.23010512838115937,0.5505244731903076,34,87,13,20,8.460703134536743,4793280,213,,267,163,134,82,254,19,128,10,,,,,,,,,,,,,,,,,,,,,,,,,521,93,154,262
ablation,pima,2,0.5,ablation,0.5,1,1,3027,"Supervised only (no PL, CAA, proto)",0.8275925925925927,0.7199625619000283,0.7592592592592593,0.72,0.5942028985507246,0.8470588235294118,0.6666666666666666,0.7225225225225225,0.18662209808826447,-0.16497270586098378,0.36017620397913813,0.16019802107536174,0.27941441535949707,41,72,28,13,5.744229555130005,4844624,0,0.5659140477842768,267,163,134,82,254,19,128,10,,,,,,,,,,,,,,,,,,,,,,,,,521,93,154,262
ablation,pima,2,0.5,ablation,0.5,1,3,3029,Full,0.7743396226415095,0.6441730654104454,0.7358490566037735,0.68,0.5492957746478874,0.8292682926829268,0.6290322580645161,0.6881425026586316,0.23964112997055054,-0.4367788776592993,0.1968615381137747,0.21091963801216457,0.21099287271499634,39,68,32,14,8.648993015289307,4865104,201,0.6006158873805933,179,5,89,2,343,177,171,88,,,,,,,,,,,,,,,,,,,,,,,,,522,93,153,260
ablation,pima,2,0.5,ablation,0.5,1,3,3029,w/o PG-PL gates 2-3 (confidence only),0.7888679245283018,0.6567993423981786,0.7358490566037735,0.63,0.5131578947368421,0.8181818181818182,0.6046511627906976,0.6582577847851794,0.22254206240177155,-0.3585472667930297,0.21916005319654985,0.1956040292759152,0.1572989672422409,39,63,37,14,9.13753628730774,4865104,202,0.5869155354449472,179,5,89,2,343,177,171,88,,,,,,,,,,,,,,,,,,,,,,,,,522,93,153,260
ablation,pima,2,0.5,ablation,0.5,1,3,3029,w/o pseudo-labelling,0.7709433962264151,0.6201817133141023,0.660377358490566,0.75,0.5833333333333334,0.8064516129032258,0.6194690265486725,0.6983355495437663,0.2526436150074005,-1.9706452718120686,0.19910989921030886,0.24633870575747457,0.746151864528656,35,75,25,18,9.366419315338135,4865104,0,0.5973856209150327,179,5,89,2,343,177,171,88,,,,,,,,,,,,,,,,,,,,,,,,,522,93,153,260
ablation,pima,2,0.5,ablation,0.5,1,3,3029,w/o adaptive graph refinement,0.780188679245283,0.6391520839263207,0.7924528301886793,0.6,0.5121951219512195,0.8450704225352113,0.6222222222222222,0.6619883040935672,0.2226279228925705,-0.989354750125532,0.31903881483924046,0.1764773538129197,0.2656511962413788,42,60,40,11,9.40276026725769,4865104,217,0.6182252388134741,179,5,89,2,343,177,171,88,,,,,,,,,,,,,,,,,,,,,,,,,522,93,153,260
ablation,pima,2,0.5,ablation,0.5,1,3,3029,w/o clinical-aware augmentation,0.8260377358490567,0.7165500052737755,0.8113207547169812,0.67,0.5657894736842105,0.8701298701298701,0.6666666666666666,0.711864406779661,0.19110052287578583,-0.1127701467602821,0.3289166686805403,0.1609654502297928,0.12196394801139832,43,67,33,10,5.788439512252808,4865104,181,0.5888888888888889,179,5,89,2,343,177,171,88,,,,,,,,,,,,,,,,,,,,,,,,,522,93,153,260
ablation,pima,2,0.5,ablation,0.5,1,3,3029,w/o prototype sharing,0.779811320754717,0.6512737784428017,0.9056603773584906,0.5,0.4897959183673469,0.9090909090909091,0.6357615894039735,0.6404614398632771,0.22831815481185913,0.11794206366845797,0.2240141638082866,0.2175257100778467,0.028555599972605705,48,50,50,5,9.347501993179321,4844624,173,0.6079939668174962,179,5,89,2,343,177,171,88,,,,,,,,,,,,,,,,,,,,,,,,,522,93,153,260
ablation,pima,2,0.5,ablation,0.5,1,3,3029,w/o focal loss (cross-entropy),0.8220754716981132,0.723153741936428,0.6226415094339622,0.77,0.5892857142857143,0.7938144329896907,0.6055045871559633,0.6936152377404182,0.23490872979164124,-2.690759777519975,0.2245634522566406,0.21698925473721198,0.8877111673355103,33,77,23,20,9.008779287338257,4865104,233,0.571078431372549,179,5,89,2,343,177,171,88,,,,,,,,,,,,,,,,,,,,,,,,,522,93,153,260
ablation,pima,2,0.5,ablation,0.5,1,3,3029,w/o contrastive loss,0.8332075471698113,0.7143212666110116,0.6981132075471698,0.79,0.6379310344827587,0.8315789473684211,0.6666666666666666,0.7384615384615385,0.21740040183067322,-2.060880829967342,0.363207179188094,0.20788911943098692,0.8414689898490906,37,79,21,16,8.856609582901001,4865104,200,0.5588109602815485,179,5,89,2,343,177,171,88,,,,,,,,,,,,,,,,,,,,,,,,,522,93,153,260
ablation,pima,2,0.5,ablation,0.5,1,3,3029,w/o class-aware smoothness,0.8141509433962264,0.69331325404993,0.7358490566037735,0.76,0.6190476190476191,0.8444444444444444,0.6724137931034483,0.7362068965517241,0.22111164033412933,-2.241730977352445,0.1911211104152666,0.20888591446347682,0.6654921174049377,39,76,24,14,8.070914268493652,4865104,196,0.5705379587732529,179,5,89,2,343,177,171,88,,,,,,,,,,,,,,,,,,,,,,,,,522,93,153,260
ablation,pima,2,0.5,ablation,0.5,1,3,3029,w/o dynamic edge attention,0.819622641509434,0.7096463217241417,0.7735849056603774,0.72,0.5942028985507246,0.8571428571428571,0.6721311475409836,0.7273699215965788,0.23101474344730377,-2.7623280163597155,0.23130171899551097,0.22171062830032087,0.7157012224197388,41,72,28,12,7.790238380432129,4680624,212,0.5880593262946203,179,5,89,2,343,177,171,88,,,,,,,,,,,,,,,,,,,,,,,,,522,93,153,260
ablation,pima,2,0.5,ablation,0.5,1,3,3029,w/o FedProx term,0.7786792452830189,0.650858807589183,0.7169811320754716,0.68,0.5428571428571428,0.8192771084337349,0.6178861788617886,0.6805277888844463,0.2360164225101471,-0.4661929513127858,0.19705666614998435,0.2200486648316477,0.22751763463020325,38,68,32,15,8.817253112792969,4865104,201,0.5986299648064354,179,5,89,2,343,177,171,88,,,,,,,,,,,,,,,,,,,,,,,,,522,93,153,260
ablation,pima,2,0.5,ablation,0.5,1,3,3029,w/o calibrated LR head (GNN logits),0.8230188679245283,0.7058574637962346,0.6981132075471698,0.73,0.578125,0.8202247191011236,0.6324786324786325,0.7024827024827025,0.17734116315841675,-0.43123744841144757,2.151116898622734,0.12794518173714867,0.48973771929740906,37,73,27,16,8.288262128829956,4793280,201,,179,5,89,2,343,177,171,88,,,,,,,,,,,,,,,,,,,,,,,,,522,93,153,260
ablation,pima,2,0.5,ablation,0.5,1,3,3029,"Supervised only (no PL, CAA, proto)",0.7747169811320755,0.6346853225271883,0.8301886792452831,0.63,0.5432098765432098,0.875,0.6567164179104478,0.6946372787226658,0.2397386133670807,-0.19899091118436116,0.2251530133338057,0.22447341690266054,0.10115905106067657,44,63,37,9,5.8420798778533936,4844624,0,0.6158371040723982,179,5,89,2,343,177,171,88,,,,,,,,,,,,,,,,,,,,,,,,,522,93,153,260
ablation,pima,2,0.5,ablation,0.5,1,2,3028,Full,0.8003703703703704,0.6249123119351019,0.8333333333333334,0.62,0.5421686746987951,0.8732394366197183,0.656934306569343,0.6910402526998762,0.22719570994377136,-2.0848180714074673,0.24263749729251272,0.20248520201338188,0.20266959071159363,45,62,38,9,9.656292200088501,4865104,107,0.5691645519231726,469,167,235,84,52,15,26,8,,,,,,,,,,,,,,,,,,,,,,,,,521,93,154,261
ablation,pima,2,0.5,ablation,0.5,1,2,3028,w/o PG-PL gates 2-3 (confidence only),0.8028703703703703,0.628687725488773,0.7962962962962963,0.65,0.5512820512820513,0.8552631578947368,0.6515151515151515,0.6950757575757576,0.2336641103029251,-2.6548664704146105,0.2258251804617207,0.22498305555578174,0.30713537335395813,43,65,35,11,9.283005237579346,4865104,107,0.5682191371846544,469,167,235,84,52,15,26,8,,,,,,,,,,,,,,,,,,,,,,,,,521,93,154,261
ablation,pima,2,0.5,ablation,0.5,1,2,3028,w/o pseudo-labelling,0.8235185185185185,0.6746754346351018,0.8703703703703703,0.62,0.5529411764705883,0.8985507246376812,0.6762589928057554,0.7049934017283215,0.22701697051525116,-2.3353200465060193,0.23142924273780197,0.2168089436222013,0.1401110738515854,47,62,38,7,9.426061153411865,4865104,0,0.5745136089963676,469,167,235,84,52,15,26,8,,,,,,,,,,,,,,,,,,,,,,,,,521,93,154,261
ablation,pima,2,0.5,ablation,0.5,1,2,3028,w/o adaptive graph refinement,0.8231481481481482,0.7170743978397794,0.7777777777777778,0.68,0.5675675675675675,0.85,0.65625,0.7059027777777778,0.22873976826667786,-2.2224381385678345,0.24775245512477412,0.20662411663971553,0.3422468900680542,42,68,32,12,9.989418745040894,4865104,98,0.5465616758720206,469,167,235,84,52,15,26,8,,,,,,,,,,,,,,,,,,,,,,,,,521,93,154,261
ablation,pima,2,0.5,ablation,0.5,1,2,3028,w/o clinical-aware augmentation,0.8261111111111111,0.7028217117704605,0.7962962962962963,0.7,0.589041095890411,0.8641975308641975,0.6771653543307087,0.725323008657067,0.2085016667842865,-1.4971604361041935,0.30972173593229596,0.1864873135655925,0.4670199751853943,43,70,30,11,6.099186897277832,4865104,82,0.5698362939742251,469,167,235,84,52,15,26,8,,,,,,,,,,,,,,,,,,,,,,,,,521,93,154,261
ablation,pima,2,0.5,ablation,0.5,1,2,3028,w/o prototype sharing,0.8072222222222223,0.6327324822286826,0.8333333333333334,0.63,0.5487804878048781,0.875,0.6617647058823529,0.6971614227086183,0.22342607378959656,-1.9192830737033202,0.24483679684176515,0.20755030115606726,0.21451739966869354,45,63,37,9,9.447976350784302,4844624,107,0.5672861621137484,469,167,235,84,52,15,26,8,,,,,,,,,,,,,,,,,,,,,,,,,521,93,154,261
ablation,pima,2,0.5,ablation,0.5,1,2,3028,w/o focal loss (cross-entropy),0.8005555555555556,0.6451729489391828,0.7962962962962963,0.61,0.524390243902439,0.8472222222222222,0.6323529411764706,0.6708276333789329,0.2136065810918808,-0.45980470811156327,0.2620556105679452,0.18882591625699752,0.10052061825990677,43,61,39,11,9.482774496078491,4865104,203,0.5689655172413793,469,167,235,84,52,15,26,8,,,,,,,,,,,,,,,,,,,,,,,,,521,93,154,261
ablation,pima,2,0.5,ablation,0.5,1,2,3028,w/o contrastive loss,0.8211111111111111,0.6508361396602407,0.8518518518518519,0.7,0.6052631578947368,0.8974358974358975,0.7076923076923077,0.747104580812446,0.20135563611984253,-1.2921791402994056,0.30702877019333646,0.19246891871481747,0.39348649978637695,46,70,30,8,9.286778688430786,4865104,93,0.5530925013683634,469,167,235,84,52,15,26,8,,,,,,,,,,,,,,,,,,,,,,,,,521,93,154,261
ablation,pima,2,0.5,ablation,0.5,1,2,3028,w/o class-aware smoothness,0.8171296296296297,0.6546491793902657,0.7407407407407407,0.68,0.5555555555555556,0.8292682926829268,0.6349206349206349,0.6910866910866911,0.23669235408306122,-1.0838502264142464,0.1760899020382036,0.23034704912018467,0.10171346366405487,40,68,32,14,8.54827618598938,4865104,131,0.5691272329203364,469,167,235,84,52,15,26,8,,,,,,,,,,,,,,,,,,,,,,,,,521,93,154,261
ablation,pima,2,0.5,ablation,0.5,1,2,3028,w/o dynamic edge attention,0.8012962962962963,0.6685767921080176,0.7962962962962963,0.68,0.5733333333333334,0.8607594936708861,0.6666666666666666,0.7132216014897579,0.20189939439296722,-0.5002516773967485,0.3416136198044192,0.1593722447559431,0.24207927286624908,43,68,32,11,7.717530250549316,4680624,109,0.5803851321092701,469,167,235,84,52,15,26,8,,,,,,,,,,,,,,,,,,,,,,,,,521,93,154,261
ablation,pima,2,0.5,ablation,0.5,1,2,3028,w/o FedProx term,0.7996296296296297,0.622475919087171,0.8333333333333334,0.63,0.5487804878048781,0.875,0.6617647058823529,0.6971614227086183,0.23072531819343567,-2.3056009683680947,0.23159456986924573,0.21228231395316588,0.2405698001384735,45,63,37,9,9.105282306671143,4865104,107,0.5686420858834652,469,167,235,84,52,15,26,8,,,,,,,,,,,,,,,,,,,,,,,,,521,93,154,261
ablation,pima,2,0.5,ablation,0.5,1,2,3028,w/o calibrated LR head (GNN logits),0.8251851851851852,0.6628054274475499,0.7962962962962963,0.68,0.5733333333333334,0.8607594936708861,0.6666666666666666,0.7132216014897579,0.175482377409935,-0.3274601473330609,2.011826135198763,0.1083465578494134,0.42756515741348267,43,68,32,11,8.286067962646484,4793280,107,,469,167,235,84,52,15,26,8,,,,,,,,,,,,,,,,,,,,,,,,,521,93,154,261
ablation,pima,2,0.5,ablation,0.5,1,2,3028,"Supervised only (no PL, CAA, proto)",0.8364814814814814,0.6716257443503624,0.8703703703703703,0.65,0.573170731707317,0.9027777777777778,0.6911764705882353,0.7234952120383037,0.21689407527446747,-1.606720966899244,0.23939313846687638,0.2153643918308345,0.09016798436641693,47,65,35,7,6.088149547576904,4844624,0,0.562807881773399,469,167,235,84,52,15,26,8,,,,,,,,,,,,,,,,,,,,,,,,,521,93,154,261
ablation,pima,2,0.5,ablation,0.5,1,4,3030,Full,0.8175471698113207,0.7252136332825985,0.8301886792452831,0.61,0.5301204819277109,0.8714285714285714,0.6470588235294118,0.6823529411764706,0.19571936130523682,-0.21982596910310412,0.2891079914478725,0.17226997005686262,0.09730777144432068,44,61,39,9,8.669080972671509,4865104,215,0.6335486940625548,301,16,150,8,221,166,111,83,,,,,,,,,,,,,,,,,,,,,,,,,522,93,153,261
ablation,pima,2,0.5,ablation,0.5,1,4,3030,w/o PG-PL gates 2-3 (confidence only),0.7962264150943397,0.7142111235257528,0.7358490566037735,0.61,0.5,0.8133333333333334,0.5954198473282443,0.6462813522355507,0.18971826136112213,-0.4450784699648689,0.3548276491866692,0.16447803512020828,0.20212945342063904,39,61,39,14,7.344597578048706,4865104,237,0.6508902411539328,301,16,150,8,221,166,111,83,,,,,,,,,,,,,,,,,,,,,,,,,522,93,153,261
ablation,pima,2,0.5,ablation,0.5,1,4,3030,w/o pseudo-labelling,0.8054716981132076,0.7376940854882916,0.8490566037735849,0.55,0.5,0.873015873015873,0.6293706293706294,0.6521086275687502,0.19248956441879272,-0.2871273208129529,0.3146222514154999,0.16021625160732691,0.04947325587272644,45,55,45,8,8.457699537277222,4865104,0,0.6154684095860566,301,16,150,8,221,166,111,83,,,,,,,,,,,,,,,,,,,,,,,,,522,93,153,261
ablation,pima,2,0.5,ablation,0.5,1,4,3030,w/o adaptive graph refinement,0.8088679245283019,0.727163043873215,0.8679245283018868,0.58,0.5227272727272727,0.8923076923076924,0.6524822695035462,0.6777562862669246,0.2069607526063919,-0.45454020343693474,0.2663600833525709,0.20086086167667816,0.048407167196273804,46,58,42,7,9.073138952255249,4865104,250,0.6158941226554479,301,16,150,8,221,166,111,83,,,,,,,,,,,,,,,,,,,,,,,,,522,93,153,261
ablation,pima,2,0.5,ablation,0.5,1,4,3030,w/o clinical-aware augmentation,0.7916981132075472,0.7207315363160347,0.7169811320754716,0.71,0.5671641791044776,0.8255813953488372,0.6333333333333333,0.6983870967741935,0.19792868196964264,-0.013657128836198806,0.30482119900704274,0.1677622703677104,0.2730748951435089,38,71,29,15,6.183465957641602,4865104,201,0.6380186812911628,301,16,150,8,221,166,111,83,,,,,,,,,,,,,,,,,,,,,,,,,522,93,153,261
ablation,pima,2,0.5,ablation,0.5,1,4,3030,w/o prototype sharing,0.8267924528301888,0.7255498942133782,0.8867924528301887,0.65,0.573170731707317,0.9154929577464789,0.6962962962962963,0.7282651072124756,0.2128375619649887,-0.26062337795748114,0.250824234655346,0.20799909114496767,0.05156835913658142,47,65,35,6,7.1356189250946045,4844624,154,0.6180101670297748,301,16,150,8,221,166,111,83,,,,,,,,,,,,,,,,,,,,,,,,,522,93,153,261
ablation,pima,2,0.5,ablation,0.5,1,4,3030,w/o focal loss (cross-entropy),0.8137735849056604,0.6784512492491912,0.7924528301886793,0.7,0.5833333333333334,0.8641975308641975,0.672,0.7227403314917127,0.22329437732696533,-1.9102394431255691,0.2016050653136224,0.20736319244857512,0.3186362385749817,42,70,30,11,7.167868614196777,4865104,256,0.5953597275436355,301,16,150,8,221,166,111,83,,,,,,,,,,,,,,,,,,,,,,,,,522,93,153,261
ablation,pima,2,0.5,ablation,0.5,1,4,3030,w/o contrastive loss,0.8049056603773584,0.7115263851520589,0.8679245283018868,0.61,0.5411764705882353,0.8970588235294118,0.6666666666666666,0.6964285714285714,0.23025383055210114,-0.39907525028564456,0.2475636764562102,0.22617698332380043,0.03273562714457512,46,61,39,7,7.966145038604736,4865104,215,0.6130017779781133,301,16,150,8,221,166,111,83,,,,,,,,,,,,,,,,,,,,,,,,,522,93,153,261
ablation,pima,2,0.5,ablation,0.5,1,4,3030,w/o class-aware smoothness,0.8015094339622642,0.6854443082561388,0.5471698113207547,0.83,0.6304347826086957,0.7757009345794392,0.5858585858585859,0.6938954765041722,0.2240440547466278,-0.7443358362663567,0.25500219341612324,0.21768311362445744,0.7768670916557312,29,83,17,24,7.223951816558838,4865104,228,0.583427240628052,301,16,150,8,221,166,111,83,,,,,,,,,,,,,,,,,,,,,,,,,522,93,153,261
ablation,pima,2,0.5,ablation,0.5,1,4,3030,w/o dynamic edge attention,0.7771698113207547,0.6820759558823343,0.5094339622641509,0.83,0.6136363636363636,0.7614678899082569,0.5567010309278351,0.6754797020667884,0.2098466008901596,0.01722115426231846,0.3103743684133931,0.1871985957951717,0.6042342782020569,27,83,17,26,6.582875490188599,4680624,234,0.6362281822051937,301,16,150,8,221,166,111,83,,,,,,,,,,,,,,,,,,,,,,,,,522,93,153,261
ablation,pima,2,0.5,ablation,0.5,1,4,3030,w/o FedProx term,0.8150943396226416,0.7363721823589162,0.8679245283018868,0.53,0.4946236559139785,0.8833333333333333,0.6301369863013698,0.6463184931506849,0.17995867133140564,-0.27989556081083905,0.33039612690462067,0.13667998302216625,0.08830080181360245,46,53,47,7,8.669781923294067,4865104,215,0.6376180101670297,301,16,150,8,221,166,111,83,,,,,,,,,,,,,,,,,,,,,,,,,522,93,153,261
ablation,pima,2,0.5,ablation,0.5,1,4,3030,w/o calibrated LR head (GNN logits),0.7828301886792454,0.6322566039761457,0.8867924528301887,0.53,0.5,0.8983050847457628,0.6394557823129252,0.653061224489796,0.20200207829475403,-0.408455856896931,2.9502692979132807,0.10333851447292407,0.4059956967830658,47,53,47,6,8.440963983535767,4793280,215,,301,16,150,8,221,166,111,83,,,,,,,,,,,,,,,,,,,,,,,,,522,93,153,261
ablation,pima,2,0.5,ablation,0.5,1,4,3030,"Supervised only (no PL, CAA, proto)",0.7867924528301887,0.685908899727758,0.8113207547169812,0.6,0.5180722891566265,0.8571428571428571,0.6323529411764706,0.6691176470588236,0.20302417874336243,-0.49386682063185117,0.2829539938814397,0.16739661917942605,0.14297223091125488,43,60,40,10,5.943050384521484,4844624,0,0.6336864247614754,301,16,150,8,221,166,111,83,,,,,,,,,,,,,,,,,,,,,,,,,522,93,153,261
ablation,pima,2,0.5,ablation,0.5,2,0,4026,Full,0.7959259259259259,0.6540771516920052,0.7407407407407407,0.68,0.5555555555555556,0.8292682926829268,0.6349206349206349,0.6910866910866911,0.20356842875480652,-0.5001086171380361,0.32166967744531433,0.1405702761144607,0.29111868143081665,40,68,32,14,7.807935476303101,4865104,174,0.5806193806193806,165,16,82,8,356,166,178,83,,,,,,,,,,,,,,,,,,,,,,,,,521,93,154,260
ablation,pima,2,0.5,ablation,0.5,2,0,4026,w/o PG-PL gates 2-3 (confidence only),0.8242592592592592,0.6915122249792999,0.7777777777777778,0.73,0.6086956521739131,0.8588235294117647,0.6829268292682927,0.736058009228741,0.19627875089645386,-1.207646820750241,0.3596057412874074,0.16323845949652904,0.4977518320083618,42,73,27,12,7.949850559234619,4865104,174,0.5704295704295704,165,16,82,8,356,166,178,83,,,,,,,,,,,,,,,,,,,,,,,,,521,93,154,260
ablation,pima,2,0.5,ablation,0.5,2,0,4026,w/o pseudo-labelling,0.8,0.6582429134764207,0.8148148148148148,0.63,0.5432098765432098,0.863013698630137,0.6518518518518519,0.6900877756369086,0.21684496104717255,-0.25346592515873395,0.2820918543496834,0.19488646174696359,0.11389609426259995,44,63,37,10,9.182687044143677,4865104,0,0.5784465534465534,165,16,82,8,356,166,178,83,,,,,,,,,,,,,,,,,,,,,,,,,521,93,154,260
ablation,pima,2,0.5,ablation,0.5,2,0,4026,w/o adaptive graph refinement,0.8390740740740741,0.7517950488176796,0.9074074074074074,0.61,0.5568181818181818,0.9242424242424242,0.6901408450704225,0.7125403020532836,0.1903296560049057,-1.178094066326843,0.45698122491918236,0.16824180782808887,0.277729868888855,49,61,39,5,8.894219160079956,4865104,160,0.5806943056943057,165,16,82,8,356,166,178,83,,,,,,,,,,,,,,,,,,,,,,,,,521,93,154,260
ablation,pima,2,0.5,ablation,0.5,2,0,4026,w/o clinical-aware augmentation,0.8137037037037037,0.6570570868803989,0.8333333333333334,0.62,0.5421686746987951,0.8732394366197183,0.656934306569343,0.6910402526998762,0.21337953209877014,-1.3193493447795315,0.25447817094060726,0.18879710937330088,0.22589296102523804,45,62,38,9,5.226150751113892,4865104,152,0.5786838161838161,165,16,82,8,356,166,178,83,,,,,,,,,,,,,,,,,,,,,,,,,521,93,154,260
ablation,pima,2,0.5,ablation,0.5,2,0,4026,w/o prototype sharing,0.800925925925926,0.6345896890035123,0.8148148148148148,0.73,0.6197183098591549,0.8795180722891566,0.704,0.7509071038251366,0.21289914846420288,-0.3993108518850826,0.262675441533715,0.18673163991082797,0.2247580885887146,44,73,27,10,7.1395103931427,4844624,161,0.5771978021978023,165,16,82,8,356,166,178,83,,,,,,,,,,,,,,,,,,,,,,,,,521,93,154,260
ablation,pima,2,0.5,ablation,0.5,2,0,4026,w/o focal loss (cross-entropy),0.8496296296296296,0.7425185926701863,0.8518518518518519,0.71,0.6133333333333333,0.8987341772151899,0.7131782945736435,0.7532371919795592,0.2379104048013687,-2.969359312795335,0.30623222586176707,0.2482156017674254,0.7612161636352539,46,71,29,8,8.029558897018433,4865104,227,0.548538961038961,165,16,82,8,356,166,178,83,,,,,,,,,,,,,,,,,,,,,,,,,521,93,154,260
ablation,pima,2,0.5,ablation,0.5,2,0,4026,w/o contrastive loss,0.84,0.6974503243848955,0.8703703703703703,0.65,0.573170731707317,0.9027777777777778,0.6911764705882353,0.7234952120383037,0.22807832062244415,-2.717411767382268,0.3017744073846287,0.22776021009504602,0.6429633498191833,47,65,35,7,6.689654350280762,4865104,180,0.5422327672327673,165,16,82,8,356,166,178,83,,,,,,,,,,,,,,,,,,,,,,,,,521,93,154,260
ablation,pima,2,0.5,ablation,0.5,2,0,4026,w/o class-aware smoothness,0.8120370370370371,0.6975068222473351,0.7222222222222222,0.7,0.5652173913043478,0.8235294117647058,0.6341463414634146,0.6954515491100857,0.21237975358963013,-1.4248000136056576,0.37087230379899083,0.19304676806288104,0.5135165452957153,39,70,30,15,7.561839818954468,4865104,185,0.5733016983016983,165,16,82,8,356,166,178,83,,,,,,,,,,,,,,,,,,,,,,,,,521,93,154,260
ablation,pima,2,0.5,ablation,0.5,2,0,4026,w/o dynamic edge attention,0.8027777777777778,0.6482825725522315,0.7407407407407407,0.7,0.5714285714285714,0.8333333333333334,0.6451612903225806,0.703015427769986,0.22408723831176758,-1.7974402655284931,0.28435224638121226,0.22936314421814755,0.6725836396217346,40,70,30,14,7.100757360458374,4680624,173,0.5827922077922079,165,16,82,8,356,166,178,83,,,,,,,,,,,,,,,,,,,,,,,,,521,93,154,260
ablation,pima,2,0.5,ablation,0.5,2,0,4026,w/o FedProx term,0.8098148148148148,0.6713826772442263,0.7962962962962963,0.7,0.589041095890411,0.8641975308641975,0.6771653543307087,0.725323008657067,0.2015661597251892,-1.0194516948441272,0.3555368324145591,0.15656579677741245,0.4236188530921936,43,70,30,11,8.411349296569824,4865104,174,0.5775974025974027,165,16,82,8,356,166,178,83,,,,,,,,,,,,,,,,,,,,,,,,,521,93,154,260
ablation,pima,2,0.5,ablation,0.5,2,0,4026,w/o calibrated LR head (GNN logits),0.8312962962962963,0.6927183764019299,0.8703703703703703,0.61,0.5465116279069767,0.8970588235294118,0.6714285714285714,0.6988095238095238,0.1820744127035141,-0.41501714085818475,2.6898324619953886,0.1345597964215588,0.43637827038764954,47,61,39,7,8.744466304779053,4793280,174,,165,16,82,8,356,166,178,83,,,,,,,,,,,,,,,,,,,,,,,,,521,93,154,260
ablation,pima,2,0.5,ablation,0.5,2,0,4026,"Supervised only (no PL, CAA, proto)",0.8035185185185185,0.6747931241240921,0.7962962962962963,0.73,0.6142857142857143,0.8690476190476191,0.6935483870967742,0.7435133239831697,0.1981164813041687,-0.7842663826710041,0.37904009979145553,0.16479570217817638,0.3987140953540802,43,73,27,11,5.697855234146118,4844624,0,0.5831168831168831,165,16,82,8,356,166,178,83,,,,,,,,,,,,,,,,,,,,,,,,,521,93,154,260
ablation,pima,2,0.5,ablation,0.5,2,1,4027,Full,0.8440740740740741,0.735807742793832,0.7592592592592593,0.76,0.6307692307692307,0.8539325842696629,0.6890756302521008,0.7466542172424525,0.1779588758945465,-0.9534278590630749,0.2990438251269356,0.15861505129701134,0.533240795135498,41,76,24,13,7.62825608253479,4865104,123,0.5563436563436563,193,92,96,46,328,90,164,45,,,,,,,,,,,,,,,,,,,,,,,,,521,93,154,260
ablation,pima,2,0.5,ablation,0.5,2,1,4027,w/o PG-PL gates 2-3 (confidence only),0.8390740740740741,0.7299630455089273,0.7407407407407407,0.76,0.625,0.8444444444444444,0.6779661016949152,0.7389830508474576,0.18378254771232605,-1.0351116597317813,0.2945029480332484,0.1495288499183469,0.5340811610221863,40,76,24,14,7.996418237686157,4865104,120,0.5564435564435565,193,92,96,46,328,90,164,45,,,,,,,,,,,,,,,,,,,,,,,,,521,93,154,260
ablation,pima,2,0.5,ablation,0.5,2,1,4027,w/o pseudo-labelling,0.814074074074074,0.712524235410289,0.7037037037037037,0.73,0.5846153846153846,0.8202247191011236,0.6386554621848739,0.7055711173358232,0.21608179807662964,-1.5107694611743658,0.3091909512285879,0.19113432516815598,0.6925210952758789,38,73,27,16,9.115689516067505,4865104,0,0.5672827172827173,193,92,96,46,328,90,164,45,,,,,,,,,,,,,,,,,,,,,,,,,521,93,154,260
ablation,pima,2,0.5,ablation,0.5,2,1,4027,w/o adaptive graph refinement,0.8216666666666668,0.6994378808012051,0.5925925925925926,0.82,0.64,0.7884615384615384,0.6153846153846154,0.7096530920060332,0.19382673501968384,0.07175978978696039,0.2758931755407285,0.17803506193343888,0.5245307087898254,32,82,18,22,8.696977853775024,4865104,44,0.5320554445554446,193,92,96,46,328,90,164,45,,,,,,,,,,,,,,,,,,,,,,,,,521,93,154,260
ablation,pima,2,0.5,ablation,0.5,2,1,4027,w/o clinical-aware augmentation,0.836111111111111,0.7207428317238002,0.9259259259259259,0.5,0.5,0.9259259259259259,0.6493506493506493,0.6493506493506493,0.17605312168598175,-0.09949443583326735,0.2965476436714717,0.15922591051498017,0.020781969651579857,50,50,50,4,5.079030275344849,4865104,42,0.5572552447552448,193,92,96,46,328,90,164,45,,,,,,,,,,,,,,,,,,,,,,,,,521,93,154,260
ablation,pima,2,0.5,ablation,0.5,2,1,4027,w/o prototype sharing,0.8431481481481482,0.739023491687496,0.7592592592592593,0.72,0.5942028985507246,0.8470588235294118,0.6666666666666666,0.7225225225225225,0.18240469694137573,-0.9647011531023107,0.2796332011220779,0.16795999116518281,0.4106873571872711,41,72,28,13,7.016637563705444,4844624,123,0.5573176823176823,193,92,96,46,328,90,164,45,,,,,,,,,,,,,,,,,,,,,,,,,521,93,154,260
ablation,pima,2,0.5,ablation,0.5,2,1,4027,w/o focal loss (cross-entropy),0.8240740740740741,0.6892644592493508,0.7222222222222222,0.78,0.639344262295082,0.8387096774193549,0.6782608695652174,0.7432755125028159,0.178854301571846,-0.7159287881149475,0.33514808348798575,0.14501909470161448,0.4617750644683838,39,78,22,15,8.00551986694336,4865104,221,0.5332917082917084,193,92,96,46,328,90,164,45,,,,,,,,,,,,,,,,,,,,,,,,,521,93,154,260
ablation,pima,2,0.5,ablation,0.5,2,1,4027,w/o contrastive loss,0.8262962962962963,0.7105228952234608,0.6481481481481481,0.78,0.6140350877192983,0.8041237113402062,0.6306306306306306,0.7112544016097315,0.17990519106388092,-0.5615495837497336,0.37486256772986015,0.14331380271824537,0.5547024607658386,35,78,22,19,6.678229808807373,4865104,96,0.5330919080919081,193,92,96,46,328,90,164,45,,,,,,,,,,,,,,,,,,,,,,,,,521,93,154,260
ablation,pima,2,0.5,ablation,0.5,2,1,4027,w/o class-aware smoothness,0.8312962962962964,0.7098198148372933,0.7407407407407407,0.72,0.5882352941176471,0.8372093023255814,0.6557377049180327,0.7149656266525648,0.18507343530654907,-0.7211567533693132,0.3301794860723211,0.16436579488459735,0.3760398030281067,40,72,28,14,7.574105501174927,4865104,112,0.5414585414585416,193,92,96,46,328,90,164,45,,,,,,,,,,,,,,,,,,,,,,,,,521,93,154,260
ablation,pima,2,0.5,ablation,0.5,2,1,4027,w/o dynamic edge attention,0.8209259259259258,0.6920770517879555,0.7037037037037037,0.8,0.6551724137931034,0.8333333333333334,0.6785714285714286,0.7474489795918368,0.16193459928035736,-0.024228725060381776,0.5019930869005075,0.11008919845637563,0.4136817157268524,38,80,20,16,7.138177156448364,4680624,68,0.5693306693306693,193,92,96,46,328,90,164,45,,,,,,,,,,,,,,,,,,,,,,,,,521,93,154,260
ablation,pima,2,0.5,ablation,0.5,2,1,4027,w/o FedProx term,0.8416666666666666,0.732493901756915,0.7037037037037037,0.8,0.6551724137931034,0.8333333333333334,0.6785714285714286,0.7474489795918368,0.17953267693519592,-0.9156426816536765,0.29138807025553853,0.17036627248752037,0.594862163066864,38,80,20,16,8.398458480834961,4865104,123,0.5579545454545455,193,92,96,46,328,90,164,45,,,,,,,,,,,,,,,,,,,,,,,,,521,93,154,260
ablation,pima,2,0.5,ablation,0.5,2,1,4027,w/o calibrated LR head (GNN logits),0.8575925925925926,0.7620023948483091,0.7222222222222222,0.82,0.6842105263157895,0.845360824742268,0.7027027027027027,0.7675950061736865,0.1700892150402069,-0.4875078845341023,2.2017838359691466,0.15284163166176187,0.49693942070007324,39,82,18,15,8.788022756576538,4793280,123,,193,92,96,46,328,90,164,45,,,,,,,,,,,,,,,,,,,,,,,,,521,93,154,260
ablation,pima,2,0.5,ablation,0.5,2,1,4027,"Supervised only (no PL, CAA, proto)",0.8287037037037036,0.7242839444084722,0.8148148148148148,0.67,0.5714285714285714,0.8701298701298701,0.6717557251908397,0.7144089360417476,0.18862515687942505,-1.015427142945884,0.3634914997913717,0.1519525574229948,0.4079816937446594,44,67,33,10,5.865847110748291,4844624,0,0.5493256743256743,193,92,96,46,328,90,164,45,,,,,,,,,,,,,,,,,,,,,,,,,521,93,154,260
ablation,pima,2,0.5,ablation,0.5,2,2,4028,Full,0.7222222222222222,0.5862864399177125,0.46296296296296297,0.73,0.4807692307692308,0.7156862745098039,0.4716981132075472,0.5972351952176349,0.27857986092567444,0.4490146182805159,0.15158120774323056,0.2738997369230568,0.411752313375473,25,73,27,29,10.130760192871094,4865104,212,0.6322866065232478,175,147,88,74,346,35,174,18,,,,,,,,,,,,,,,,,,,,,,,,,521,93,154,262
ablation,pima,2,0.5,ablation,0.5,2,2,4028,w/o PG-PL gates 2-3 (confidence only),0.7238888888888889,0.5927019032174461,0.3333333333333333,0.93,0.72,0.7209302325581395,0.45569620253164556,0.6339616383837268,0.27737998962402344,0.5556185212813196,0.15444034391785028,0.26521997337604497,0.9537627696990967,18,93,7,36,9.172120571136475,4865104,218,0.6320759393278478,175,147,88,74,346,35,174,18,,,,,,,,,,,,,,,,,,,,,,,,,521,93,154,262
ablation,pima,2,0.5,ablation,0.5,2,2,4028,w/o pseudo-labelling,0.7453703703703703,0.6191601167075321,0.5,0.82,0.6,0.7522935779816514,0.5454545454545454,0.6650717703349283,0.24520832300186157,0.8418078724029824,0.19426970151334255,0.21557023050263524,0.47876718640327454,27,82,18,27,9.223540782928467,4865104,0,0.6050981461286805,175,147,88,74,346,35,174,18,,,,,,,,,,,,,,,,,,,,,,,,,521,93,154,262
ablation,pima,2,0.5,ablation,0.5,2,2,4028,w/o adaptive graph refinement,0.7425925925925927,0.5994376028523066,0.7592592592592593,0.63,0.5256410256410257,0.8289473684210527,0.6212121212121212,0.6685606060606061,0.2403637319803238,-0.43306633256274735,0.16766717510139972,0.2089882499792359,0.18024423718452454,41,63,37,13,9.031463384628296,4865104,217,0.6322989987112124,175,147,88,74,346,35,174,18,,,,,,,,,,,,,,,,,,,,,,,,,521,93,154,262
ablation,pima,2,0.5,ablation,0.5,2,2,4028,w/o clinical-aware augmentation,0.7450000000000001,0.5830905161249423,0.5555555555555556,0.75,0.5454545454545454,0.7575757575757576,0.5504587155963303,0.652113779908718,0.23866604268550873,0.510664845260473,0.18808155601755946,0.2066864079082167,0.35825079679489136,30,75,25,24,6.335604190826416,4865104,207,0.6218028155051056,175,147,88,74,346,35,174,18,,,,,,,,,,,,,,,,,,,,,,,,,521,93,154,262
ablation,pima,2,0.5,ablation,0.5,2,2,4028,w/o prototype sharing,0.7548148148148148,0.6016460748717862,0.4074074074074074,0.86,0.6111111111111112,0.7288135593220338,0.4888888888888889,0.6389398572884811,0.2436707764863968,0.6911704126901478,0.18749372623107027,0.21708482513567068,0.592780590057373,22,86,14,32,8.981968402862549,4844624,177,0.6167839793793993,175,147,88,74,346,35,174,18,,,,,,,,,,,,,,,,,,,,,,,,,521,93,154,262
ablation,pima,2,0.5,ablation,0.5,2,2,4028,w/o focal loss (cross-entropy),0.7783333333333334,0.6777905183482903,0.46296296296296297,0.87,0.6578947368421053,0.75,0.5434782608695652,0.6745169082125604,0.22225114703178406,0.13675834852514576,0.22177913381966516,0.19462009671736846,0.7760717868804932,25,87,13,29,9.612215518951416,4865104,259,0.614342718350352,175,147,88,74,346,35,174,18,,,,,,,,,,,,,,,,,,,,,,,,,521,93,154,262
ablation,pima,2,0.5,ablation,0.5,2,2,4028,w/o contrastive loss,0.7429629629629629,0.5932195287836809,0.2777777777777778,0.91,0.625,0.7,0.38461538461538464,0.5879598662207358,0.25379952788352966,0.3869826681756037,0.18670091470081981,0.2311625609343702,0.9556480646133423,15,91,9,39,9.558311223983765,4865104,196,0.6264003172400119,175,147,88,74,346,35,174,18,,,,,,,,,,,,,,,,,,,,,,,,,521,93,154,262
ablation,pima,2,0.5,ablation,0.5,2,2,4028,w/o class-aware smoothness,0.7494444444444445,0.5813772289072037,0.7037037037037037,0.7,0.5588235294117647,0.813953488372093,0.6229508196721312,0.687819495857571,0.23305095732212067,0.3773430986001189,0.19244434738251054,0.20341975624104597,0.15717679262161255,38,70,30,16,8.525578737258911,4865104,213,0.6104763557053634,175,147,88,74,346,35,174,18,,,,,,,,,,,,,,,,,,,,,,,,,521,93,154,262
ablation,pima,2,0.5,ablation,0.5,2,2,4028,w/o dynamic edge attention,0.7264814814814815,0.5689431579958336,0.4444444444444444,0.86,0.631578947368421,0.7413793103448276,0.5217391304347826,0.6590177133655395,0.2436661720275879,0.7120977662801622,0.17585063696865566,0.21522333330244986,0.5562536120414734,24,86,14,30,8.120934963226318,4680624,227,0.6120501635768811,175,147,88,74,346,35,174,18,,,,,,,,,,,,,,,,,,,,,,,,,521,93,154,262
ablation,pima,2,0.5,ablation,0.5,2,2,4028,w/o FedProx term,0.7270370370370369,0.585397560434596,0.42592592592592593,0.77,0.5,0.7129629629629629,0.46,0.6001923076923077,0.2737239599227905,0.5350977535173576,0.15610733296372692,0.26865487930957566,0.436919242143631,23,77,23,31,9.737047672271729,4865104,213,0.6279121641717061,175,147,88,74,346,35,174,18,,,,,,,,,,,,,,,,,,,,,,,,,521,93,154,262
ablation,pima,2,0.5,ablation,0.5,2,2,4028,w/o calibrated LR head (GNN logits),0.8238888888888889,0.6882320933309205,0.5185185185185185,0.88,0.7,0.7719298245614035,0.5957446808510638,0.70908729369656,0.19063694775104523,-0.2666609399442424,3.2226299074758327,0.16135401810918534,0.47502586245536804,28,88,12,26,8.889620780944824,4793280,212,,175,147,88,74,346,35,174,18,,,,,,,,,,,,,,,,,,,,,,,,,521,93,154,262
ablation,pima,2,0.5,ablation,0.5,2,2,4028,"Supervised only (no PL, CAA, proto)",0.7844444444444445,0.6729494864730056,0.6481481481481481,0.73,0.5645161290322581,0.7934782608695652,0.603448275862069,0.6819324712643677,0.22262045741081238,-0.4823924368745696,0.24470824116479126,0.19897680861464184,0.5275100469589233,35,73,27,19,5.8813817501068115,4844624,0,0.6022603350847626,175,147,88,74,346,35,174,18,,,,,,,,,,,,,,,,,,,,,,,,,521,93,154,262
ablation,pima,2,0.5,ablation,0.5,2,3,4029,Full,0.7549056603773585,0.6076909047363952,0.8301886792452831,0.54,0.4888888888888889,0.8571428571428571,0.6153846153846154,0.6389806512505899,0.2210472971200943,-0.4515687221471857,0.220364676755633,0.1816367955720113,0.11249588429927826,44,54,46,9,11.007632970809937,4865104,170,0.6069666691708612,249,140,124,70,273,42,137,21,,,,,,,,,,,,,,,,,,,,,,,,,522,93,153,261
ablation,pima,2,0.5,ablation,0.5,2,3,4029,w/o PG-PL gates 2-3 (confidence only),0.7181132075471699,0.5653260791324954,0.8490566037735849,0.45,0.45,0.8490566037735849,0.5882352941176471,0.5882352941176471,0.2238808423280716,-0.2997100551167369,0.22950132774755272,0.17581129019313,0.09523925185203552,45,45,55,8,8.443370342254639,4865104,170,0.6278516515162899,249,140,124,70,273,42,137,21,,,,,,,,,,,,,,,,,,,,,,,,,522,93,153,261
ablation,pima,2,0.5,ablation,0.5,2,3,4029,w/o pseudo-labelling,0.7143396226415095,0.5671055489032315,0.7924528301886793,0.52,0.4666666666666667,0.8253968253968254,0.5874125874125874,0.6127246986142691,0.23489542305469513,-0.23306146281853485,0.17616674031480917,0.2041341684320394,0.10791883617639542,42,52,48,11,8.892318964004517,4865104,0,0.613702952445346,249,140,124,70,273,42,137,21,,,,,,,,,,,,,,,,,,,,,,,,,522,93,153,261
ablation,pima,2,0.5,ablation,0.5,2,3,4029,w/o adaptive graph refinement,0.7313207547169811,0.6197831558739919,0.5283018867924528,0.8,0.5833333333333334,0.7619047619047619,0.5544554455445545,0.6674716252113017,0.2566274106502533,-0.6457345098614007,0.1732486174807296,0.2613602194241157,0.744300365447998,28,80,20,25,9.438184976577759,4865104,180,0.6005559311847345,249,140,124,70,273,42,137,21,,,,,,,,,,,,,,,,,,,,,,,,,522,93,153,261
ablation,pima,2,0.5,ablation,0.5,2,3,4029,w/o clinical-aware augmentation,0.7222641509433962,0.5615399331460447,0.660377358490566,0.66,0.5072463768115942,0.7857142857142857,0.5737704918032787,0.6455808980755524,0.26263102889060974,-0.925983742325338,0.14181651613779164,0.24691490421156864,0.32250526547431946,35,66,34,18,5.853753566741943,4865104,149,0.6025968497232865,249,140,124,70,273,42,137,21,,,,,,,,,,,,,,,,,,,,,,,,,522,93,153,261
ablation,pima,2,0.5,ablation,0.5,2,3,4029,w/o prototype sharing,0.7215094339622642,0.564047383115641,0.6415094339622641,0.66,0.5,0.7764705882352941,0.5619834710743802,0.6377484922939469,0.22764521837234497,-0.35035211249474824,0.23996263900971576,0.1837374942097204,0.299357533454895,34,66,34,19,8.982471466064453,4844624,147,0.6346380186812911,249,140,124,70,273,42,137,21,,,,,,,,,,,,,,,,,,,,,,,,,522,93,153,261
ablation,pima,2,0.5,ablation,0.5,2,3,4029,w/o focal loss (cross-entropy),0.7405660377358491,0.624642091964476,0.7358490566037735,0.61,0.5,0.8133333333333334,0.5954198473282443,0.6462813522355507,0.2883913516998291,-2.6441193728088392,0.13880340113597853,0.27571025932682497,0.3634743392467499,39,61,39,14,9.34304428100586,4865104,230,0.5969123281496507,249,140,124,70,273,42,137,21,,,,,,,,,,,,,,,,,,,,,,,,,522,93,153,261
ablation,pima,2,0.5,ablation,0.5,2,3,4029,w/o contrastive loss,0.740566037735849,0.6087148329268768,0.7358490566037735,0.63,0.5131578947368421,0.8181818181818182,0.6046511627906976,0.6582577847851794,0.2493244707584381,-0.8087386064426688,0.1909485063031423,0.23270452837003214,0.21528840065002441,39,63,37,14,9.21880292892456,4865104,170,0.6022587834622994,249,140,124,70,273,42,137,21,,,,,,,,,,,,,,,,,,,,,,,,,522,93,153,261
ablation,pima,2,0.5,ablation,0.5,2,3,4029,w/o class-aware smoothness,0.690377358490566,0.5597194266424986,0.6415094339622641,0.65,0.4927536231884058,0.7738095238095238,0.5573770491803278,0.6319493941553813,0.24864481389522552,-0.33088776336155057,0.1592088940591804,0.22558385693754246,0.290041446685791,34,65,35,19,8.38434886932373,4865104,182,0.6184358800991661,249,140,124,70,273,42,137,21,,,,,,,,,,,,,,,,,,,,,,,,,522,93,153,261
ablation,pima,2,0.5,ablation,0.5,2,3,4029,w/o dynamic edge attention,0.7050943396226416,0.5310306547843432,0.6981132075471698,0.6,0.4805194805194805,0.7894736842105263,0.5692307692307692,0.6255244755244755,0.23496578633785248,0.15536701429974786,0.23866243356414535,0.18436970846617926,0.1591377854347229,37,60,40,16,8.554483652114868,4680624,164,0.6332857536373426,249,140,124,70,273,42,137,21,,,,,,,,,,,,,,,,,,,,,,,,,522,93,153,261
ablation,pima,2,0.5,ablation,0.5,2,3,4029,w/o FedProx term,0.7107547169811321,0.5868251479889197,0.7924528301886793,0.51,0.46153846153846156,0.8225806451612904,0.5833333333333334,0.6064814814814815,0.23712795972824097,-0.26917229556490846,0.2212441390128753,0.20620625755853123,0.11953981965780258,42,51,49,11,9.088725566864014,4865104,171,0.6150051335987778,249,140,124,70,273,42,137,21,,,,,,,,,,,,,,,,,,,,,,,,,522,93,153,261
ablation,pima,2,0.5,ablation,0.5,2,3,4029,w/o calibrated LR head (GNN logits),0.7237735849056603,0.6250199752132493,0.6792452830188679,0.65,0.5070422535211268,0.7926829268292683,0.5806451612903226,0.6474654377880185,0.20289073884487152,-0.34311847317520905,1.8778687808795975,0.11153193743400323,0.4171345829963684,36,65,35,17,8.930774211883545,4793280,170,,249,140,124,70,273,42,137,21,,,,,,,,,,,,,,,,,,,,,,,,,522,93,153,261
ablation,pima,2,0.5,ablation,0.5,2,3,4029,"Supervised only (no PL, CAA, proto)",0.6962264150943397,0.5788778841316207,0.7358490566037735,0.51,0.4431818181818182,0.7846153846153846,0.5531914893617021,0.5856866537717602,0.24236193299293518,0.41458273142877783,0.16864809843288708,0.199653083957683,0.05096486955881119,39,51,49,14,5.846708059310913,4844624,0,0.5995792953196604,249,140,124,70,273,42,137,21,,,,,,,,,,,,,,,,,,,,,,,,,522,93,153,261
ablation,pima,2,0.5,ablation,0.5,2,4,4030,Full,0.7400000000000001,0.6668052216385496,0.8113207547169812,0.52,0.4725274725274725,0.8387096774193549,0.5972222222222222,0.6195987654320987,0.2599211037158966,-1.3660464003662307,0.18577318855034325,0.25414921950816716,0.21324323117733002,43,52,48,10,10.949615001678467,4865104,218,0.65798139768728,202,153,100,76,320,29,160,14,,,,,,,,,,,,,,,,,,,,,,,,,522,93,153,260
ablation,pima,2,0.5,ablation,0.5,2,4,4030,w/o PG-PL gates 2-3 (confidence only),0.7415094339622642,0.674466202901142,0.7547169811320755,0.58,0.4878048780487805,0.8169014084507042,0.5925925925925926,0.6354775828460039,0.2539937496185303,-1.1846115632141696,0.1930043684947919,0.23447041825872228,0.3207661211490631,40,58,42,13,8.704021215438843,4865104,217,0.6583710407239819,202,153,100,76,320,29,160,14,,,,,,,,,,,,,,,,,,,,,,,,,522,93,153,260
ablation,pima,2,0.5,ablation,0.5,2,4,4030,w/o pseudo-labelling,0.8264150943396227,0.7595693080267785,0.8113207547169812,0.66,0.5584415584415584,0.868421052631579,0.6615384615384615,0.7057692307692307,0.2584989070892334,-2.5155420092609018,0.27552288962356203,0.28041460968894893,0.6558016538619995,43,66,34,10,9.08888578414917,4865104,0,0.5911010558069382,202,153,100,76,320,29,160,14,,,,,,,,,,,,,,,,,,,,,,,,,522,93,153,260
ablation,pima,2,0.5,ablation,0.5,2,4,4030,w/o adaptive graph refinement,0.7515094339622642,0.6273127489147722,0.7169811320754716,0.64,0.5135135135135135,0.810126582278481,0.5984251968503937,0.6567544978665376,0.2599818706512451,-1.8654797676026775,0.15929915661373828,0.25055062924237814,0.35542452335357666,38,64,36,15,9.350499629974365,4865104,237,0.6234539969834088,202,153,100,76,320,29,160,14,,,,,,,,,,,,,,,,,,,,,,,,,522,93,153,260
ablation,pima,2,0.5,ablation,0.5,2,4,4030,w/o clinical-aware augmentation,0.7854716981132075,0.6915101840687574,0.6792452830188679,0.72,0.5625,0.8089887640449438,0.6153846153846154,0.6886446886446886,0.2771776616573334,-2.5429345414826474,0.21829284523305506,0.27933887869509216,0.8152744770050049,36,72,28,17,5.929929494857788,4865104,195,0.6084967320261438,202,153,100,76,320,29,160,14,,,,,,,,,,,,,,,,,,,,,,,,,522,93,153,260
ablation,pima,2,0.5,ablation,0.5,2,4,4030,w/o prototype sharing,0.7567924528301887,0.6795673437622796,0.660377358490566,0.68,0.5223880597014925,0.7906976744186046,0.5833333333333334,0.657258064516129,0.2740381062030792,-1.8016857959893997,0.20287571166711332,0.2623400905358246,0.6651615500450134,35,68,32,18,9.257010221481323,4844624,175,0.6313599798893916,202,153,100,76,320,29,160,14,,,,,,,,,,,,,,,,,,,,,,,,,522,93,153,260
ablation,pima,2,0.5,ablation,0.5,2,4,4030,w/o focal loss (cross-entropy),0.8164150943396227,0.763903825102765,0.7547169811320755,0.7,0.5714285714285714,0.8433734939759037,0.6504065040650406,0.7077169132347061,0.27598103880882263,-3.602795227098319,0.23534593298166986,0.2867430316442563,0.7984486222267151,40,70,30,13,9.399555206298828,4865104,260,0.594343891402715,202,153,100,76,320,29,160,14,,,,,,,,,,,,,,,,,,,,,,,,,522,93,153,260
ablation,pima,2,0.5,ablation,0.5,2,4,4030,w/o contrastive loss,0.7550943396226415,0.6557577631971644,0.660377358490566,0.68,0.5223880597014925,0.7906976744186046,0.5833333333333334,0.657258064516129,0.25047850608825684,-1.3003863951973036,0.1739974072713709,0.2532335961347117,0.4405193626880646,35,68,32,18,9.14113187789917,4865104,202,0.6124811463046758,202,153,100,76,320,29,160,14,,,,,,,,,,,,,,,,,,,,,,,,,522,93,153,260
ablation,pima,2,0.5,ablation,0.5,2,4,4030,w/o class-aware smoothness,0.7903773584905661,0.6960681883203265,0.7924528301886793,0.57,0.49411764705882355,0.8382352941176471,0.6086956521739131,0.6436335403726708,0.24314279854297638,-1.8137412704170939,0.2697377204533118,0.2404273098176406,0.396752268075943,42,57,43,11,8.470882415771484,4865104,212,0.6213046757164404,202,153,100,76,320,29,160,14,,,,,,,,,,,,,,,,,,,,,,,,,522,93,153,260
ablation,pima,2,0.5,ablation,0.5,2,4,4030,w/o dynamic edge attention,0.7747169811320755,0.713940345796513,0.7735849056603774,0.49,0.44565217391304346,0.8032786885245902,0.5655172413793104,0.5871064467766117,0.23473191261291504,-0.9779654316602499,0.260524491950596,0.22757935911124832,0.1003338173031807,41,49,51,12,8.5699622631073,4680624,225,0.606913021618904,202,153,100,76,320,29,160,14,,,,,,,,,,,,,,,,,,,,,,,,,522,93,153,260
ablation,pima,2,0.5,ablation,0.5,2,4,4030,w/o FedProx term,0.7230188679245283,0.6346700484320372,0.7924528301886793,0.39,0.4077669902912621,0.78,0.5384615384615384,0.5292307692307692,0.26339825987815857,-1.2146776122036698,0.1736624248882769,0.26021918975839425,0.07197011262178421,42,39,61,11,9.28653883934021,4865104,218,0.6542106586224234,202,153,100,76,320,29,160,14,,,,,,,,,,,,,,,,,,,,,,,,,522,93,153,260
ablation,pima,2,0.5,ablation,0.5,2,4,4030,w/o calibrated LR head (GNN logits),0.8118867924528301,0.7342383456759399,0.8113207547169812,0.62,0.5308641975308642,0.8611111111111112,0.6417910447761194,0.6813606386671294,0.1951846480369568,-0.42173000142514755,3.6026221436843935,0.1312798392149358,0.4469262361526489,43,62,38,10,8.743137121200562,4793280,218,,202,153,100,76,320,29,160,14,,,,,,,,,,,,,,,,,,,,,,,,,522,93,153,260
ablation,pima,2,0.5,ablation,0.5,2,4,4030,"Supervised only (no PL, CAA, proto)",0.7984905660377359,0.7178514521666353,0.6981132075471698,0.72,0.5692307692307692,0.8181818181818182,0.6271186440677966,0.6965380454381536,0.27028167247772217,-2.6675405038855162,0.24734955466886047,0.263745991427914,0.806822657585144,37,72,28,16,5.725719928741455,4844624,0,0.6064856711915536,202,153,100,76,320,29,160,14,,,,,,,,,,,,,,,,,,,,,,,,,522,93,153,260
ablation,pima,2,0.5,ablation,0.5,3,0,5026,Full,0.7861111111111112,0.5925541392034891,0.7592592592592593,0.72,0.5942028985507246,0.8470588235294118,0.6666666666666666,0.7225225225225225,0.21946096420288086,-1.3979798289259964,0.24762135800518098,0.1809832520734567,0.4418550729751587,41,72,28,13,9.532649517059326,4865104,151,0.5980144855144854,94,80,47,40,427,102,213,51,,,,,,,,,,,,,,,,,,,,,,,,,521,93,154,260
ablation,pima,2,0.5,ablation,0.5,3,0,5026,w/o PG-PL gates 2-3 (confidence only),0.7933333333333334,0.6029053464893717,0.6481481481481481,0.76,0.5932203389830508,0.8,0.6194690265486725,0.699478103017926,0.21393223106861115,-1.070806166664438,0.2771555596473623,0.18641400743614542,0.595144510269165,35,76,24,19,9.572210788726807,4865104,151,0.5980019980019979,94,80,47,40,427,102,213,51,,,,,,,,,,,,,,,,,,,,,,,,,521,93,154,260
ablation,pima,2,0.5,ablation,0.5,3,0,5026,w/o pseudo-labelling,0.7894444444444444,0.608527924598704,0.7222222222222222,0.72,0.582089552238806,0.8275862068965517,0.6446280991735537,0.7073407875546913,0.24038220942020416,-2.6676404362980057,0.21552861096731074,0.2220487910770364,0.7583324909210205,39,72,28,15,9.446848630905151,4865104,0,0.5828421578421579,94,80,47,40,427,102,213,51,,,,,,,,,,,,,,,,,,,,,,,,,521,93,154,260
ablation,pima,2,0.5,ablation,0.5,3,0,5026,w/o adaptive graph refinement,0.7001851851851852,0.5064547062875505,0.48148148148148145,0.8,0.5652173913043478,0.7407407407407407,0.52,0.6446153846153846,0.27394282817840576,-1.54356421487463,0.18361016641036249,0.2506817614103293,0.8988060355186462,26,80,20,28,9.629751443862915,4865104,101,0.6296453546453546,94,80,47,40,427,102,213,51,,,,,,,,,,,,,,,,,,,,,,,,,521,93,154,260
ablation,pima,2,0.5,ablation,0.5,3,0,5026,w/o clinical-aware augmentation,0.7914814814814815,0.6210028786837029,0.9629629629629629,0.5,0.5098039215686274,0.9615384615384616,0.6666666666666666,0.6622807017543859,0.22567766904830933,-1.3901451320761093,0.3091222234394252,0.19790273609680015,0.11395701766014099,52,50,50,2,6.259461402893066,4865104,124,0.5975524475524475,94,80,47,40,427,102,213,51,,,,,,,,,,,,,,,,,,,,,,,,,521,93,154,260
ablation,pima,2,0.5,ablation,0.5,3,0,5026,w/o prototype sharing,0.7329629629629629,0.5481707611277264,0.6296296296296297,0.68,0.5151515151515151,0.7727272727272727,0.5666666666666667,0.6450354609929079,0.24132373929023743,-0.8944302368221215,0.23088939051549798,0.22707523896612902,0.4158058166503906,34,68,32,20,9.382896423339844,4844624,141,0.6218031968031967,94,80,47,40,427,102,213,51,,,,,,,,,,,,,,,,,,,,,,,,,521,93,154,260
ablation,pima,2,0.5,ablation,0.5,3,0,5026,w/o focal loss (cross-entropy),0.8448148148148148,0.709663635566394,0.8518518518518519,0.73,0.6301369863013698,0.9012345679012346,0.7244094488188977,0.7655196415365206,0.1927686482667923,-0.6535708084474848,0.24024397404076742,0.1775536834951732,0.11542224138975143,46,73,27,8,9.235535860061646,4865104,245,0.5832667332667333,94,80,47,40,427,102,213,51,,,,,,,,,,,,,,,,,,,,,,,,,521,93,154,260
ablation,pima,2,0.5,ablation,0.5,3,0,5026,w/o contrastive loss,0.7996296296296296,0.6438826154086046,0.7962962962962963,0.68,0.5733333333333334,0.8607594936708861,0.6666666666666666,0.7132216014897579,0.2206147462129593,-1.641084195118049,0.27355414225368097,0.19785208816265132,0.344574511051178,43,68,32,11,9.006786108016968,4865104,135,0.5891608391608392,94,80,47,40,427,102,213,51,,,,,,,,,,,,,,,,,,,,,,,,,521,93,154,260
ablation,pima,2,0.5,ablation,0.5,3,0,5026,w/o class-aware smoothness,0.7907407407407407,0.6381829986747605,0.5,0.87,0.675,0.7631578947368421,0.574468085106383,0.6937760986279579,0.23777879774570465,-0.6914755148725945,0.20447682930711925,0.23244495244769303,0.9251085519790649,27,87,13,27,9.130048513412476,4865104,156,0.6036713286713287,94,80,47,40,427,102,213,51,,,,,,,,,,,,,,,,,,,,,,,,,521,93,154,260
ablation,pima,2,0.5,ablation,0.5,3,0,5026,w/o dynamic edge attention,0.8055555555555556,0.603944835458086,0.5555555555555556,0.77,0.5660377358490566,0.7623762376237624,0.5607476635514018,0.6634584088901287,0.21651166677474976,-1.92707733232833,0.27966665154404746,0.18535473536361347,0.8706044554710388,30,77,23,24,7.495318651199341,4680624,126,0.6054445554445556,94,80,47,40,427,102,213,51,,,,,,,,,,,,,,,,,,,,,,,,,521,93,154,260
ablation,pima,2,0.5,ablation,0.5,3,0,5026,w/o FedProx term,0.7796296296296297,0.5812314036929466,0.7222222222222222,0.71,0.5735294117647058,0.8255813953488372,0.639344262295082,0.7013925612550679,0.21987852454185486,-1.312677942339957,0.2657906133173642,0.1911643739160779,0.45172759890556335,39,71,29,15,9.084144115447998,4865104,151,0.597564935064935,94,80,47,40,427,102,213,51,,,,,,,,,,,,,,,,,,,,,,,,,521,93,154,260
ablation,pima,2,0.5,ablation,0.5,3,0,5026,w/o calibrated LR head (GNN logits),0.857037037037037,0.7399346720549814,0.7222222222222222,0.84,0.7090909090909091,0.8484848484848485,0.7155963302752294,0.7799087179014338,0.20831668376922607,-0.6965947205008278,4.015112698214361,0.18534356084736914,0.5401281714439392,39,84,16,15,8.465913534164429,4793280,151,,94,80,47,40,427,102,213,51,,,,,,,,,,,,,,,,,,,,,,,,,521,93,154,260
ablation,pima,2,0.5,ablation,0.5,3,0,5026,"Supervised only (no PL, CAA, proto)",0.7501851851851852,0.5808781945009743,0.7777777777777778,0.59,0.5060240963855421,0.8309859154929577,0.6131386861313869,0.6515985828317753,0.240510493516922,-0.8678166566156984,0.24284678606055174,0.20018419339140126,0.2232789397239685,42,59,41,12,5.755460023880005,4844624,0,0.6194805194805195,94,80,47,40,427,102,213,51,,,,,,,,,,,,,,,,,,,,,,,,,521,93,154,260
ablation,pima,2,0.5,ablation,0.5,3,2,5028,Full,0.8427777777777777,0.7464809644206708,0.7407407407407407,0.82,0.6896551724137931,0.8541666666666666,0.7142857142857143,0.7755102040816326,0.16785670816898346,0.7070944471427884,0.44839980442799243,0.12922020604858148,0.19768613576889038,40,82,18,14,9.672374248504639,4865104,115,0.5270479520479521,85,29,42,14,436,153,218,76,,,,,,,,,,,,,,,,,,,,,,,,,521,93,154,260
ablation,pima,2,0.5,ablation,0.5,3,2,5028,w/o PG-PL gates 2-3 (confidence only),0.8696296296296298,0.7788905501570955,0.8703703703703703,0.7,0.6103896103896104,0.9090909090909091,0.7175572519083969,0.754258851942899,0.14702969789505005,-0.4750327895598853,0.442884507940112,0.08500775916187406,0.26166945695877075,47,70,30,7,9.654951333999634,4865104,119,0.5109515484515484,85,29,42,14,436,153,218,76,,,,,,,,,,,,,,,,,,,,,,,,,521,93,154,260
ablation,pima,2,0.5,ablation,0.5,3,2,5028,w/o pseudo-labelling,0.832962962962963,0.7109110690904746,0.7777777777777778,0.78,0.65625,0.8666666666666667,0.711864406779661,0.7664585191793042,0.1819639503955841,-1.2148943714354976,0.33735464246359254,0.15875261926467155,0.5772696733474731,42,78,22,12,9.51345157623291,4865104,0,0.54995004995005,85,29,42,14,436,153,218,76,,,,,,,,,,,,,,,,,,,,,,,,,521,93,154,260
ablation,pima,2,0.5,ablation,0.5,3,2,5028,w/o adaptive graph refinement,0.8633333333333333,0.7428696537433819,0.6851851851851852,0.89,0.7708333333333334,0.839622641509434,0.7254901960784313,0.794783932990672,0.15445929765701294,0.31728295352697095,0.377956864302168,0.12671767731572126,0.36616650223731995,37,89,11,17,9.550570487976074,4865104,116,0.4784715284715285,85,29,42,14,436,153,218,76,,,,,,,,,,,,,,,,,,,,,,,,,521,93,154,260
ablation,pima,2,0.5,ablation,0.5,3,2,5028,w/o clinical-aware augmentation,0.8570370370370372,0.7577370624424086,0.7777777777777778,0.81,0.6885245901639344,0.8709677419354839,0.7304347826086957,0.7849065104753323,0.1546882838010788,0.3154929335924776,0.30048873342323623,0.13347559548043586,0.23182374238967896,42,81,19,12,6.060085773468018,4865104,144,0.5251373626373628,85,29,42,14,436,153,218,76,,,,,,,,,,,,,,,,,,,,,,,,,521,93,154,260
ablation,pima,2,0.5,ablation,0.5,3,2,5028,w/o prototype sharing,0.8422222222222222,0.7574594916921376,0.6481481481481481,0.88,0.7446808510638298,0.822429906542056,0.693069306930693,0.7716554264122064,0.16605627536773682,0.7911238533685653,0.3865317511842274,0.13458510969656629,0.31536999344825745,35,88,12,19,9.428155660629272,4844624,111,0.5257242757242757,85,29,42,14,436,153,218,76,,,,,,,,,,,,,,,,,,,,,,,,,521,93,154,260
ablation,pima,2,0.5,ablation,0.5,3,2,5028,w/o focal loss (cross-entropy),0.8652777777777778,0.7453523218776348,0.7962962962962963,0.83,0.7166666666666667,0.8829787234042553,0.7543859649122807,0.8050280340025321,0.15764352679252625,-1.4088712075222076,0.23392456887764354,0.14709513566710733,0.6941980719566345,43,83,17,11,9.016235113143921,4865104,224,0.5499250749250749,85,29,42,14,436,153,218,76,,,,,,,,,,,,,,,,,,,,,,,,,521,93,154,260
ablation,pima,2,0.5,ablation,0.5,3,2,5028,w/o contrastive loss,0.8368518518518518,0.7251658792969659,0.7037037037037037,0.8,0.6551724137931034,0.8333333333333334,0.6785714285714286,0.7474489795918368,0.18929654359817505,-0.230227430705579,0.21259313337780925,0.18462263814524396,0.3918602168560028,38,80,20,16,8.658560276031494,4865104,104,0.5150849150849152,85,29,42,14,436,153,218,76,,,,,,,,,,,,,,,,,,,,,,,,,521,93,154,260
ablation,pima,2,0.5,ablation,0.5,3,2,5028,w/o class-aware smoothness,0.8669444444444444,0.7746463851168442,0.8518518518518519,0.75,0.647887323943662,0.9036144578313253,0.736,0.7778360655737705,0.15421965718269348,-0.1506018669516593,0.2096787114939687,0.14077934388119678,0.11949232965707779,46,75,25,8,9.094249725341797,4865104,127,0.5117382617382618,85,29,42,14,436,153,218,76,,,,,,,,,,,,,,,,,,,,,,,,,521,93,154,260
ablation,pima,2,0.5,ablation,0.5,3,2,5028,w/o dynamic edge attention,0.8523148148148147,0.7284942365673125,0.9259259259259259,0.52,0.5102040816326531,0.9285714285714286,0.6578947368421053,0.6622807017543859,0.17451919615268707,-1.052931845547062,0.2284598748461894,0.14343983469555127,0.025209244340658188,50,52,48,4,7.88562273979187,4680624,141,0.5384115884115884,85,29,42,14,436,153,218,76,,,,,,,,,,,,,,,,,,,,,,,,,521,93,154,260
ablation,pima,2,0.5,ablation,0.5,3,2,5028,w/o FedProx term,0.8561111111111112,0.7728136147930647,0.6296296296296297,0.89,0.7555555555555555,0.8165137614678899,0.6868686868686869,0.7692716640085061,0.1599922627210617,0.4973723606643431,0.3187422402233891,0.1478450411761349,0.5283399224281311,34,89,11,20,9.054969787597656,4865104,112,0.5155594405594406,85,29,42,14,436,153,218,76,,,,,,,,,,,,,,,,,,,,,,,,,521,93,154,260
ablation,pima,2,0.5,ablation,0.5,3,2,5028,w/o calibrated LR head (GNN logits),0.8512962962962963,0.7595885125638133,0.6851851851851852,0.84,0.6981132075471698,0.8316831683168316,0.6915887850467289,0.7637048402845585,0.19145433604717255,-0.906245702230918,1.719404019484273,0.1830816080237364,0.6274479031562805,37,84,16,17,8.132925987243652,4793280,115,,85,29,42,14,436,153,218,76,,,,,,,,,,,,,,,,,,,,,,,,,521,93,154,260
ablation,pima,2,0.5,ablation,0.5,3,2,5028,"Supervised only (no PL, CAA, proto)",0.8398148148148149,0.7436172018113547,0.7592592592592593,0.83,0.7068965517241379,0.8645833333333334,0.7321428571428571,0.7895408163265306,0.16625046730041504,0.31441584327025857,0.27723369268027637,0.15868391183676653,0.201382115483284,41,83,17,13,5.937379360198975,4844624,0,0.533454045954046,85,29,42,14,436,153,218,76,,,,,,,,,,,,,,,,,,,,,,,,,521,93,154,260
ablation,pima,2,0.5,ablation,0.5,3,1,5027,Full,0.7881481481481482,0.6427108852019751,0.5740740740740741,0.82,0.6326530612244898,0.780952380952381,0.6019417475728155,0.7009708737864078,0.2396707385778427,-2.1266599248865456,0.2069509210132929,0.2390588749829051,0.9316138625144958,31,82,18,23,9.498353004455566,4865104,158,0.6209540459540459,449,125,224,62,72,57,36,28,,,,,,,,,,,,,,,,,,,,,,,,,521,93,154,260
ablation,pima,2,0.5,ablation,0.5,3,1,5027,w/o PG-PL gates 2-3 (confidence only),0.7835185185185185,0.6298051603668853,0.48148148148148145,0.86,0.65,0.7543859649122807,0.5531914893617021,0.6784649035593557,0.24875681102275848,-2.210922456128983,0.19103177506537083,0.238907740632822,0.9860261082649231,26,86,14,28,9.510143041610718,4865104,156,0.6212912087912088,449,125,224,62,72,57,36,28,,,,,,,,,,,,,,,,,,,,,,,,,521,93,154,260
ablation,pima,2,0.5,ablation,0.5,3,1,5027,w/o pseudo-labelling,0.7798148148148148,0.6326271806482118,0.7407407407407407,0.63,0.5194805194805194,0.8181818181818182,0.6106870229007634,0.6612757148402122,0.2460417002439499,-2.125923827821794,0.2214365017270163,0.23875191175173244,0.4795166552066803,40,63,37,14,9.551967859268188,4865104,0,0.618006993006993,449,125,224,62,72,57,36,28,,,,,,,,,,,,,,,,,,,,,,,,,521,93,154,260
ablation,pima,2,0.5,ablation,0.5,3,1,5027,w/o adaptive graph refinement,0.8016666666666666,0.6968375996755433,0.5925925925925926,0.79,0.6037735849056604,0.7821782178217822,0.5981308411214953,0.6921002464313943,0.2041991800069809,-0.8499035335239339,0.4008305923963272,0.16481039566653116,0.6258500814437866,32,79,21,22,9.757251501083374,4865104,129,0.6356893106893108,449,125,224,62,72,57,36,28,,,,,,,,,,,,,,,,,,,,,,,,,521,93,154,260
ablation,pima,2,0.5,ablation,0.5,3,1,5027,w/o clinical-aware augmentation,0.7507407407407407,0.6135325610006336,0.8333333333333334,0.57,0.5113636363636364,0.8636363636363636,0.6338028169014085,0.6602749024266079,0.25828298926353455,-1.5076535621479563,0.2703490787539708,0.2329275338825854,0.30304625630378723,45,57,43,9,6.432774543762207,4865104,119,0.6365134865134866,449,125,224,62,72,57,36,28,,,,,,,,,,,,,,,,,,,,,,,,,521,93,154,260
ablation,pima,2,0.5,ablation,0.5,3,1,5027,w/o prototype sharing,0.7853703703703704,0.631209418411081,0.4444444444444444,0.84,0.6,0.7368421052631579,0.5106382978723404,0.6478425134221515,0.23159053921699524,-1.4354450309059654,0.2560192393508516,0.20078074779095395,0.9271274209022522,24,84,16,30,9.573137521743774,4844624,148,0.6319805194805195,449,125,224,62,72,57,36,28,,,,,,,,,,,,,,,,,,,,,,,,,521,93,154,260
ablation,pima,2,0.5,ablation,0.5,3,1,5027,w/o focal loss (cross-entropy),0.780925925925926,0.6449775245728275,0.7037037037037037,0.68,0.5428571428571428,0.8095238095238095,0.6129032258064516,0.6760168302945302,0.2232690304517746,-1.1950490961039633,0.4127127170403626,0.19069829468264593,0.5685381889343262,38,68,32,16,9.23099398612976,4865104,219,0.6575674325674326,449,125,224,62,72,57,36,28,,,,,,,,,,,,,,,,,,,,,,,,,521,93,154,260
ablation,pima,2,0.5,ablation,0.5,3,1,5027,w/o contrastive loss,0.7788888888888889,0.6417529918887303,0.8148148148148148,0.58,0.5116279069767442,0.8529411764705882,0.6285714285714286,0.6595238095238095,0.2395515888929367,-1.2404678975458827,0.2687093396908536,0.23075804597540917,0.2713339626789093,44,58,42,10,8.27466893196106,4865104,146,0.630969030969031,449,125,224,62,72,57,36,28,,,,,,,,,,,,,,,,,,,,,,,,,521,93,154,260
ablation,pima,2,0.5,ablation,0.5,3,1,5027,w/o class-aware smoothness,0.8072222222222223,0.6919836700115078,0.7407407407407407,0.81,0.6779661016949152,0.8526315789473684,0.7079646017699115,0.7693669162695711,0.2531985938549042,-2.802440650920036,0.2029008645688496,0.25896591438258726,0.8896013498306274,40,81,19,14,9.074235677719116,4865104,187,0.6228646353646354,449,125,224,62,72,57,36,28,,,,,,,,,,,,,,,,,,,,,,,,,521,93,154,260
ablation,pima,2,0.5,ablation,0.5,3,1,5027,w/o dynamic edge attention,0.757962962962963,0.6372897605877856,0.7037037037037037,0.67,0.5352112676056338,0.8072289156626506,0.608,0.670120218579235,0.26138389110565186,-1.6882802539135033,0.18208375236059476,0.25561328457257193,0.3508150279521942,38,67,33,16,8.110646963119507,4680624,147,0.6387987012987014,449,125,224,62,72,57,36,28,,,,,,,,,,,,,,,,,,,,,,,,,521,93,154,260
ablation,pima,2,0.5,ablation,0.5,3,1,5027,w/o FedProx term,0.7905555555555556,0.636191962610221,0.7777777777777778,0.63,0.5316455696202531,0.84,0.631578947368421,0.6757894736842105,0.24541005492210388,-2.616114756775642,0.1963599486429093,0.2421399937555581,0.4263894259929657,42,63,37,12,9.395383834838867,4865104,159,0.6182692307692307,449,125,224,62,72,57,36,28,,,,,,,,,,,,,,,,,,,,,,,,,521,93,154,260
ablation,pima,2,0.5,ablation,0.5,3,1,5027,w/o calibrated LR head (GNN logits),0.7953703703703704,0.6808287298476831,0.6481481481481481,0.8,0.6363636363636364,0.8080808080808081,0.6422018348623854,0.723110967682449,0.21482625603675842,-0.8405414254747982,2.0922190966503336,0.19088187407363544,0.6257027387619019,35,80,20,19,8.431333780288696,4793280,158,,449,125,224,62,72,57,36,28,,,,,,,,,,,,,,,,,,,,,,,,,521,93,154,260
ablation,pima,2,0.5,ablation,0.5,3,1,5027,"Supervised only (no PL, CAA, proto)",0.778888888888889,0.6571876357263375,0.6111111111111112,0.78,0.6,0.7878787878787878,0.6055045871559633,0.6947120925729565,0.258819043636322,-2.383915554019601,0.19712112169104143,0.24914467407317908,0.9108492136001587,33,78,22,21,5.824337720870972,4844624,0,0.618906093906094,449,125,224,62,72,57,36,28,,,,,,,,,,,,,,,,,,,,,,,,,521,93,154,260
ablation,pima,2,0.5,ablation,0.5,3,3,5029,Full,0.8137735849056604,0.629144182183678,0.8867924528301887,0.62,0.5529411764705883,0.9117647058823529,0.6811594202898551,0.7096273291925466,0.19381457567214966,-0.9406497527353378,0.40986160910212177,0.14875964026630314,0.2638329565525055,47,62,38,6,9.11152720451355,4865104,124,0.5804597701149425,369,90,185,45,153,92,76,46,,,,,,,,,,,,,,,,,,,,,,,,,522,93,153,261
ablation,pima,2,0.5,ablation,0.5,3,3,5029,w/o PG-PL gates 2-3 (confidence only),0.8235849056603775,0.649507427782154,0.8679245283018868,0.66,0.575,0.9041095890410958,0.6917293233082706,0.7273675518275458,0.22107385098934174,-2.8404539614404354,0.2648735649949132,0.20379417087103607,0.4732397496700287,46,66,34,7,8.940272331237793,4865104,126,0.5576215160393659,369,90,185,45,153,92,76,46,,,,,,,,,,,,,,,,,,,,,,,,,522,93,153,261
ablation,pima,2,0.5,ablation,0.5,3,3,5029,w/o pseudo-labelling,0.8162264150943397,0.6506984875022317,0.8679245283018868,0.64,0.5609756097560976,0.9014084507042254,0.6814814814814815,0.715009746588694,0.21213850378990173,-1.9752483972090356,0.2653054407874773,0.17288011745884527,0.2447165995836258,46,64,36,7,7.852747201919556,4865104,0,0.5736859239225703,369,90,185,45,153,92,76,46,,,,,,,,,,,,,,,,,,,,,,,,,522,93,153,261
ablation,pima,2,0.5,ablation,0.5,3,3,5029,w/o adaptive graph refinement,0.8150943396226416,0.6522653967695214,0.8301886792452831,0.68,0.5789473684210527,0.8831168831168831,0.6821705426356589,0.7252660622782814,0.21054331958293915,-1.3979634583852976,0.24441450401249015,0.19531073852813516,0.2325596958398819,44,68,32,9,7.528977870941162,4865104,45,0.5487316254726667,369,90,185,45,153,92,76,46,,,,,,,,,,,,,,,,,,,,,,,,,522,93,153,261
ablation,pima,2,0.5,ablation,0.5,3,3,5029,w/o clinical-aware augmentation,0.7828301886792453,0.560162684260963,0.7924528301886793,0.69,0.5753424657534246,0.8625,0.6666666666666666,0.7166666666666667,0.22881895303726196,-1.8665228930390303,0.2390443145540814,0.19869998256292415,0.5556678771972656,42,69,31,11,4.50055456161499,4865104,99,0.5665114066060651,369,90,185,45,153,92,76,46,,,,,,,,,,,,,,,,,,,,,,,,,522,93,153,261
ablation,pima,2,0.5,ablation,0.5,3,3,5029,w/o prototype sharing,0.8313207547169812,0.6625602993905831,0.8679245283018868,0.67,0.5822784810126582,0.9054054054054054,0.696969696969697,0.7335423197492164,0.21696749329566956,-2.8426184045928715,0.2839618082959409,0.20805726773744704,0.5207198858261108,46,67,33,7,6.898269176483154,4844624,122,0.5579345403550947,369,90,185,45,153,92,76,46,,,,,,,,,,,,,,,,,,,,,,,,,522,93,153,261
ablation,pima,2,0.5,ablation,0.5,3,3,5029,w/o focal loss (cross-entropy),0.8335849056603774,0.7112641692757407,0.8301886792452831,0.67,0.5714285714285714,0.881578947368421,0.676923076923077,0.7191433566433567,0.20092429220676422,-1.3868148690528517,0.30996204543814415,0.1693758905615682,0.26969024538993835,44,67,33,9,7.4630067348480225,4865104,214,0.5695665239275787,369,90,185,45,153,92,76,46,,,,,,,,,,,,,,,,,,,,,,,,,522,93,153,261
ablation,pima,2,0.5,ablation,0.5,3,3,5029,w/o contrastive loss,0.7815094339622641,0.649816776752926,0.8867924528301887,0.52,0.49473684210526314,0.896551724137931,0.6351351351351351,0.6466814916182004,0.20331783592700958,-0.20763474647589145,0.3764030704846836,0.14865129411804912,0.11827212572097778,47,52,48,6,6.654660940170288,4865104,116,0.5799213682918889,369,90,185,45,153,92,76,46,,,,,,,,,,,,,,,,,,,,,,,,,522,93,153,261
ablation,pima,2,0.5,ablation,0.5,3,3,5029,w/o class-aware smoothness,0.800377358490566,0.5993402767309473,0.6981132075471698,0.72,0.5692307692307692,0.8181818181818182,0.6271186440677966,0.6965380454381536,0.20653171837329865,-0.3784459143557318,0.24574755821434166,0.1869957008052106,0.3613770604133606,37,72,28,16,6.294003963470459,4865104,177,0.591565872837002,369,90,185,45,153,92,76,46,,,,,,,,,,,,,,,,,,,,,,,,,522,93,153,261
ablation,pima,2,0.5,ablation,0.5,3,3,5029,w/o dynamic edge attention,0.7979245283018868,0.5953407782798247,0.7547169811320755,0.73,0.5970149253731343,0.8488372093023255,0.6666666666666666,0.7258064516129032,0.18792399764060974,-0.5797630601293295,0.29375134294088645,0.14166190571401244,0.4374845027923584,40,73,27,13,5.863353729248047,4680624,105,0.5909648661508026,369,90,185,45,153,92,76,46,,,,,,,,,,,,,,,,,,,,,,,,,522,93,153,261
ablation,pima,2,0.5,ablation,0.5,3,3,5029,w/o FedProx term,0.8147169811320755,0.631716905447332,0.8867924528301887,0.62,0.5529411764705883,0.9117647058823529,0.6811594202898551,0.7096273291925466,0.19403617084026337,-0.9556782227492803,0.4099432658403499,0.14099453331208694,0.2656385600566864,47,62,38,6,6.826603651046753,4865104,124,0.5799464102371472,369,90,185,45,153,92,76,46,,,,,,,,,,,,,,,,,,,,,,,,,522,93,153,261
ablation,pima,2,0.5,ablation,0.5,3,3,5029,w/o calibrated LR head (GNN logits),0.8520754716981132,0.7134449892533652,0.7547169811320755,0.76,0.625,0.8539325842696629,0.6837606837606838,0.743996743996744,0.1659707874059677,-0.3737349049420773,2.42053129001522,0.11978666620706419,0.4777216613292694,40,76,24,13,6.216610431671143,4793280,124,,369,90,185,45,153,92,76,46,,,,,,,,,,,,,,,,,,,,,,,,,522,93,153,261
ablation,pima,2,0.5,ablation,0.5,3,3,5029,"Supervised only (no PL, CAA, proto)",0.7626415094339623,0.5689893983472976,0.8301886792452831,0.65,0.5569620253164557,0.8783783783783784,0.6666666666666666,0.7068965517241379,0.23110829293727875,-0.70925128252013,0.23028925596777144,0.199343995525946,0.23827160894870758,44,65,35,9,4.351413726806641,4844624,0,0.5826509403250444,369,90,185,45,153,92,76,46,,,,,,,,,,,,,,,,,,,,,,,,,522,93,153,261
ablation,pima,2,0.5,ablation,0.5,4,0,6026,Full,0.7233333333333334,0.5937932091806584,0.6851851851851852,0.69,0.5441176470588235,0.8023255813953488,0.6065573770491803,0.674246430460074,0.23322491347789764,0.1732860817098437,0.21321176775068393,0.18872817707332698,0.2841002345085144,37,69,31,17,9.404964208602905,4865104,182,0.6088101088101087,346,165,172,82,175,17,87,8,,,,,,,,,,,,,,,,,,,,,,,,,521,93,154,259
ablation,pima,2,0.5,ablation,0.5,4,0,6026,w/o PG-PL gates 2-3 (confidence only),0.767037037037037,0.6384899798473862,0.7777777777777778,0.67,0.56,0.8481012658227848,0.6511627906976745,0.6998830713264909,0.21584925055503845,-0.6608567971032617,0.22385155060763084,0.19576766162917209,0.2846277356147766,42,67,33,12,7.89904260635376,4865104,179,0.5953843453843454,346,165,172,82,175,17,87,8,,,,,,,,,,,,,,,,,,,,,,,,,521,93,154,259
ablation,pima,2,0.5,ablation,0.5,4,0,6026,w/o pseudo-labelling,0.7444444444444444,0.5820094591646328,0.7037037037037037,0.72,0.5757575757575758,0.8181818181818182,0.6333333333333333,0.699645390070922,0.22517915070056915,0.32907322161263847,0.2250967483093021,0.17750661991923658,0.2610258460044861,38,72,28,16,7.1857733726501465,4865104,0,0.5954470240184526,346,165,172,82,175,17,87,8,,,,,,,,,,,,,,,,,,,,,,,,,521,93,154,259
ablation,pima,2,0.5,ablation,0.5,4,0,6026,w/o adaptive graph refinement,0.7587037037037037,0.5943485240372037,0.7222222222222222,0.64,0.52,0.810126582278481,0.6046511627906976,0.6598674808366896,0.2392374724149704,-1.2802599840222137,0.21209954008758752,0.22377106905370564,0.38919392228126526,39,64,36,15,7.874095916748047,4865104,180,0.6092237877952165,346,165,172,82,175,17,87,8,,,,,,,,,,,,,,,,,,,,,,,,,521,93,154,259
ablation,pima,2,0.5,ablation,0.5,4,0,6026,w/o clinical-aware augmentation,0.7781481481481481,0.633155681602461,0.5925925925925926,0.79,0.6037735849056604,0.7821782178217822,0.5981308411214953,0.6921002464313943,0.2157571166753769,-0.5150857608870719,0.20945811674742865,0.1797906304165334,0.6366668343544006,32,79,21,22,4.840041875839233,4865104,145,0.5822218322218322,346,165,172,82,175,17,87,8,,,,,,,,,,,,,,,,,,,,,,,,,521,93,154,259
ablation,pima,2,0.5,ablation,0.5,4,0,6026,w/o prototype sharing,0.7457407407407407,0.6159275945325711,0.6851851851851852,0.73,0.578125,0.8111111111111111,0.6271186440677966,0.6977698483496877,0.22674798965454102,-0.04140079180836948,0.2197679263459149,0.17912946279801717,0.3479152023792267,37,73,27,17,6.989723443984985,4844624,163,0.6000100285814571,346,165,172,82,175,17,87,8,,,,,,,,,,,,,,,,,,,,,,,,,521,93,154,259
ablation,pima,2,0.5,ablation,0.5,4,0,6026,w/o focal loss (cross-entropy),0.7466666666666666,0.6307178100219479,0.7407407407407407,0.63,0.5194805194805194,0.8181818181818182,0.6106870229007634,0.6612757148402122,0.243983656167984,-0.9206297878132548,0.22652165466727203,0.20409849897486632,0.3940165936946869,40,63,37,14,6.455353021621704,4865104,226,0.5765431479717195,346,165,172,82,175,17,87,8,,,,,,,,,,,,,,,,,,,,,,,,,521,93,154,259
ablation,pima,2,0.5,ablation,0.5,4,0,6026,w/o contrastive loss,0.7837037037037037,0.6777548886793543,0.7777777777777778,0.6,0.5121951219512195,0.8333333333333334,0.6176470588235294,0.6576607387140903,0.2778020203113556,-2.925565870772392,0.18925059979770797,0.2813131909623936,0.6475429534912109,42,60,40,12,6.719959020614624,4865104,176,0.5545805545805547,346,165,172,82,175,17,87,8,,,,,,,,,,,,,,,,,,,,,,,,,521,93,154,259
ablation,pima,2,0.5,ablation,0.5,4,0,6026,w/o class-aware smoothness,0.7701851851851852,0.5929606030754719,0.8333333333333334,0.55,0.5,0.859375,0.625,0.6478658536585367,0.2170969545841217,-0.6094699975927989,0.2826840105826332,0.1595006065757631,0.14617767930030823,45,55,45,9,6.792114973068237,4865104,199,0.5920999849571278,346,165,172,82,175,17,87,8,,,,,,,,,,,,,,,,,,,,,,,,,521,93,154,259
ablation,pima,2,0.5,ablation,0.5,4,0,6026,w/o dynamic edge attention,0.7914814814814815,0.6432514825485278,0.8148148148148148,0.61,0.5301204819277109,0.8591549295774648,0.6423357664233577,0.6778930294105092,0.2354990690946579,-1.8596315433877901,0.18115559567316392,0.23107126120526297,0.1393267959356308,44,61,39,10,5.709591388702393,4680624,193,0.569084390512962,346,165,172,82,175,17,87,8,,,,,,,,,,,,,,,,,,,,,,,,,521,93,154,259
ablation,pima,2,0.5,ablation,0.5,4,0,6026,w/o FedProx term,0.770925925925926,0.6433878786371152,0.7592592592592593,0.72,0.5942028985507246,0.8470588235294118,0.6666666666666666,0.7225225225225225,0.2044331133365631,-0.33553510679062065,0.2342750232057076,0.18004826739333668,0.37074026465415955,41,72,28,13,6.248506784439087,4865104,183,0.5979792408363837,346,165,172,82,175,17,87,8,,,,,,,,,,,,,,,,,,,,,,,,,521,93,154,259
ablation,pima,2,0.5,ablation,0.5,4,0,6026,w/o calibrated LR head (GNN logits),0.829074074074074,0.7009837047513665,0.8518518518518519,0.67,0.5822784810126582,0.8933333333333333,0.6917293233082706,0.7287218045112782,0.18080131709575653,-0.32709939968394763,2.595861886445994,0.170107479122552,0.43770647048950195,46,67,33,8,6.5888237953186035,4793280,182,,346,165,172,82,175,17,87,8,,,,,,,,,,,,,,,,,,,,,,,,,521,93,154,259
ablation,pima,2,0.5,ablation,0.5,4,0,6026,"Supervised only (no PL, CAA, proto)",0.7746296296296297,0.6290301594843055,0.7592592592592593,0.63,0.5256410256410257,0.8289473684210527,0.6212121212121212,0.6685606060606061,0.21266724169254303,-0.6670786348222633,0.229375401447172,0.18174276067935802,0.2653663158416748,41,63,37,13,4.286136865615845,4844624,0,0.5877751592037306,346,165,172,82,175,17,87,8,,,,,,,,,,,,,,,,,,,,,,,,,521,93,154,259
ablation,pima,2,0.5,ablation,0.5,3,4,5030,Full,0.7530188679245283,0.5836257524370828,0.5849056603773585,0.79,0.5961538461538461,0.7821782178217822,0.5904761904761905,0.6882729211087419,0.22758205235004425,-0.21457491591642688,0.16152630786854055,0.19941224795127033,0.5471065044403076,31,79,21,22,9.332892179489136,4865104,248,0.6034899965075089,280,15,140,8,242,167,122,84,,,,,,,,,,,,,,,,,,,,,,,,,522,93,153,262
ablation,pima,2,0.5,ablation,0.5,3,4,5030,w/o PG-PL gates 2-3 (confidence only),0.7327358490566037,0.5727751815977612,0.5849056603773585,0.78,0.5849056603773585,0.78,0.5849056603773585,0.6824528301886792,0.23726139962673187,-0.06968732946795615,0.13194055752812472,0.21471744208456645,0.49574726819992065,31,78,22,22,7.88188910484314,4865104,249,0.6088659382327994,280,15,140,8,242,167,122,84,,,,,,,,,,,,,,,,,,,,,,,,,522,93,153,262
ablation,pima,2,0.5,ablation,0.5,3,4,5030,w/o pseudo-labelling,0.7280188679245283,0.5744418816732582,0.4528301886792453,0.83,0.5853658536585366,0.7410714285714286,0.5106382978723404,0.6468285828984344,0.25887951254844666,1.5963940298530166,0.14510584207926727,0.25191383268318923,0.35998597741127014,24,83,17,29,7.382091283798218,4865104,0,0.6214638527166592,280,15,140,8,242,167,122,84,,,,,,,,,,,,,,,,,,,,,,,,,522,93,153,262
ablation,pima,2,0.5,ablation,0.5,3,4,5030,w/o adaptive graph refinement,0.7277358490566038,0.5815330041583245,0.6037735849056604,0.75,0.5614035087719298,0.78125,0.5818181818181818,0.6735621521335806,0.25342658162117004,0.895694910960572,0.16895865554555894,0.23419232449792568,0.20347215235233307,32,75,25,21,7.678126573562622,4865104,255,0.6284613081873971,280,15,140,8,242,167,122,84,,,,,,,,,,,,,,,,,,,,,,,,,522,93,153,262
ablation,pima,2,0.5,ablation,0.5,3,4,5030,w/o clinical-aware augmentation,0.7119811320754718,0.5639689913510005,0.5094339622641509,0.73,0.5,0.7373737373737373,0.5046728971962616,0.6191706194524021,0.2817467153072357,-1.0919217552051232,0.14580649362249828,0.2691358982104492,0.6577504277229309,27,73,27,26,5.017135381698608,4865104,211,0.6235967669510551,280,15,140,8,242,167,122,84,,,,,,,,,,,,,,,,,,,,,,,,,522,93,153,262
ablation,pima,2,0.5,ablation,0.5,3,4,5030,w/o prototype sharing,0.7358490566037736,0.5690470528707927,0.3018867924528302,0.92,0.6666666666666666,0.7131782945736435,0.4155844155844156,0.6095389326830375,0.25058937072753906,-0.15427764752724699,0.15226338879492607,0.24019691066244264,0.9198916554450989,16,92,8,37,6.85437536239624,4844624,172,0.587536795888839,280,15,140,8,242,167,122,84,,,,,,,,,,,,,,,,,,,,,,,,,522,93,153,262
ablation,pima,2,0.5,ablation,0.5,3,4,5030,w/o focal loss (cross-entropy),0.7687735849056604,0.594541768656973,0.3584905660377358,0.85,0.5588235294117647,0.7142857142857143,0.4367816091954023,0.6065186584789797,0.24244564771652222,0.560712100456604,0.17529565989081888,0.22949483068477292,0.846373438835144,19,85,15,34,6.723060607910156,4865104,257,0.5814249363867684,280,15,140,8,242,167,122,84,,,,,,,,,,,,,,,,,,,,,,,,,522,93,153,262
ablation,pima,2,0.5,ablation,0.5,3,4,5030,w/o contrastive loss,0.7190566037735849,0.5558849930813344,0.6415094339622641,0.74,0.5666666666666667,0.7956989247311828,0.6017699115044248,0.6843046448713834,0.25503188371658325,1.0192563295167596,0.14901094902699585,0.2502753006330893,0.14020055532455444,34,74,26,19,6.712270975112915,4865104,239,0.6497904505313575,280,15,140,8,242,167,122,84,,,,,,,,,,,,,,,,,,,,,,,,,522,93,153,262
ablation,pima,2,0.5,ablation,0.5,3,4,5030,w/o class-aware smoothness,0.774433962264151,0.6051480521416795,0.41509433962264153,0.86,0.6111111111111112,0.7350427350427351,0.4943820224719101,0.6435043752912546,0.23615050315856934,0.5682469062720334,0.18489997822295992,0.22633396151165172,0.6830347776412964,22,86,14,31,6.728562116622925,4865104,225,0.5601332135907798,280,15,140,8,242,167,122,84,,,,,,,,,,,,,,,,,,,,,,,,,522,93,153,262
ablation,pima,2,0.5,ablation,0.5,3,4,5030,w/o dynamic edge attention,0.7333962264150944,0.5346103760158424,0.6415094339622641,0.73,0.5573770491803278,0.7934782608695652,0.5964912280701754,0.678453947368421,0.2396918088197708,0.3758442581763313,0.17228651816687884,0.2193721945647126,0.22258010506629944,34,73,27,19,5.762603998184204,4680624,246,0.6543182158359527,280,15,140,8,242,167,122,84,,,,,,,,,,,,,,,,,,,,,,,,,522,93,153,262
ablation,pima,2,0.5,ablation,0.5,3,4,5030,w/o FedProx term,0.7566037735849056,0.5840703147251723,0.660377358490566,0.76,0.5932203389830508,0.8085106382978723,0.625,0.7042525773195876,0.22438976168632507,-0.19994688510762687,0.15892010485171296,0.19304325805636108,0.39608055353164673,35,76,24,18,6.432093143463135,4865104,248,0.6013321359077982,280,15,140,8,242,167,122,84,,,,,,,,,,,,,,,,,,,,,,,,,522,93,153,262
ablation,pima,2,0.5,ablation,0.5,3,4,5030,w/o calibrated LR head (GNN logits),0.7609433962264152,0.5718896602592585,0.41509433962264153,0.83,0.5641025641025641,0.7280701754385965,0.4782608695652174,0.6269809020723283,0.20339055359363556,-0.3391635663146991,2.5170338865943735,0.10812315033152213,0.4864259660243988,22,83,17,31,6.5439133644104,4793280,248,,280,15,140,8,242,167,122,84,,,,,,,,,,,,,,,,,,,,,,,,,522,93,153,262
ablation,pima,2,0.5,ablation,0.5,3,4,5030,"Supervised only (no PL, CAA, proto)",0.7388679245283019,0.5423183541056654,0.49056603773584906,0.81,0.5777777777777777,0.75,0.5306122448979592,0.6547291993720565,0.24997089803218842,-0.2844109032231162,0.1675399429905633,0.22191039669430918,0.6911665797233582,26,81,19,27,4.2497241497039795,4844624,0,0.6167240433068901,280,15,140,8,242,167,122,84,,,,,,,,,,,,,,,,,,,,,,,,,522,93,153,262
ablation,pima,2,0.5,ablation,0.5,4,1,6027,Full,0.8983333333333334,0.8426377097271006,1.0,0.51,0.5242718446601942,1.0,0.6878980891719745,0.6816973889568482,0.14295387268066406,-0.8231269395175519,0.4797012632239166,0.11971858747351868,0.04035014659166336,54,51,49,0,7.19326114654541,4865104,120,0.5386601815173244,250,53,124,26,271,129,135,64,,,,,,,,,,,,,,,,,,,,,,,,,521,93,154,259
ablation,pima,2,0.5,ablation,0.5,4,1,6027,w/o PG-PL gates 2-3 (confidence only),0.8955555555555557,0.840179342512129,1.0,0.51,0.5242718446601942,1.0,0.6878980891719745,0.6816973889568482,0.14193017780780792,-0.7135233125665451,0.47991372125680526,0.10243766077540138,0.04291778802871704,54,51,49,0,7.105179786682129,4865104,121,0.5393120393120394,250,53,124,26,271,129,135,64,,,,,,,,,,,,,,,,,,,,,,,,,521,93,154,259
ablation,pima,2,0.5,ablation,0.5,4,1,6027,w/o pseudo-labelling,0.8453703703703703,0.7790507942836704,0.6111111111111112,0.86,0.7021276595744681,0.8037383177570093,0.6534653465346535,0.7421916104653944,0.1515973061323166,0.4044393584317257,0.5758081974533374,0.09313555206958352,0.38497743010520935,33,86,14,21,7.163278102874756,4865104,0,0.5820087248658676,250,53,124,26,271,129,135,64,,,,,,,,,,,,,,,,,,,,,,,,,521,93,154,259
ablation,pima,2,0.5,ablation,0.5,4,1,6027,w/o adaptive graph refinement,0.8920370370370371,0.8355570047882139,0.9074074074074074,0.62,0.5632183908045977,0.9253731343283582,0.6950354609929078,0.718775215526394,0.13949061930179596,-0.15925376631067342,0.4329281848542168,0.10211981765248558,0.08101263642311096,49,62,38,5,6.562438011169434,4865104,84,0.5344607130321416,250,53,124,26,271,129,135,64,,,,,,,,,,,,,,,,,,,,,,,,,521,93,154,259
ablation,pima,2,0.5,ablation,0.5,4,1,6027,w/o clinical-aware augmentation,0.8907407407407408,0.8107442529269857,0.8888888888888888,0.7,0.6153846153846154,0.9210526315789473,0.7272727272727273,0.7613636363636364,0.1408412903547287,-0.36701515666534984,0.46190453081451877,0.1148905456973264,0.16567103564739227,48,70,30,6,4.4003496170043945,4865104,88,0.5556586270871986,250,53,124,26,271,129,135,64,,,,,,,,,,,,,,,,,,,,,,,,,521,93,154,259
ablation,pima,2,0.5,ablation,0.5,4,1,6027,w/o prototype sharing,0.8890740740740741,0.8239895044435909,0.9814814814814815,0.52,0.5247524752475248,0.9811320754716981,0.6838709677419355,0.6818047649167194,0.13118796050548553,0.0720020540342584,0.8492847773700308,0.08365809498959548,0.09927967935800552,53,52,48,1,6.579486131668091,4844624,120,0.5546808403951261,250,53,124,26,271,129,135,64,,,,,,,,,,,,,,,,,,,,,,,,,521,93,154,259
ablation,pima,2,0.5,ablation,0.5,4,1,6027,w/o focal loss (cross-entropy),0.8618518518518519,0.7892864636894434,0.5740740740740741,0.91,0.775,0.7982456140350878,0.6595744680851063,0.7550208789023662,0.1868850141763687,-1.4113630117289948,0.4780432641388219,0.1652743730923862,0.8992717862129211,31,91,9,23,6.686190843582153,4865104,212,0.5739106453392168,250,53,124,26,271,129,135,64,,,,,,,,,,,,,,,,,,,,,,,,,521,93,154,259
ablation,pima,2,0.5,ablation,0.5,4,1,6027,w/o contrastive loss,0.8962962962962963,0.8206552363637387,0.8518518518518519,0.74,0.6388888888888888,0.9024390243902439,0.7301587301587301,0.7716727716727716,0.1538867950439453,-1.1832221067176785,0.6401073946516188,0.12655780884110696,0.535451352596283,46,74,26,8,7.177427768707275,4865104,109,0.5245324173895601,250,53,124,26,271,129,135,64,,,,,,,,,,,,,,,,,,,,,,,,,521,93,154,259
ablation,pima,2,0.5,ablation,0.5,4,1,6027,w/o class-aware smoothness,0.8737037037037036,0.7918779683114928,0.6481481481481481,0.88,0.7446808510638298,0.822429906542056,0.693069306930693,0.7716554264122064,0.18160177767276764,-1.395783027661723,0.2798369760948998,0.16644729543235395,0.8707153797149658,35,88,12,19,6.513295650482178,4865104,136,0.5432231860803289,250,53,124,26,271,129,135,64,,,,,,,,,,,,,,,,,,,,,,,,,521,93,154,259
ablation,pima,2,0.5,ablation,0.5,4,1,6027,w/o dynamic edge attention,0.8340740740740741,0.7194239701083722,0.7407407407407407,0.76,0.625,0.8444444444444444,0.6779661016949152,0.7389830508474576,0.17114385962486267,-0.24267397385818432,0.548668097135162,0.13308331012338787,0.41063806414604187,40,76,24,14,5.884053945541382,4680624,119,0.5808303665446524,250,53,124,26,271,129,135,64,,,,,,,,,,,,,,,,,,,,,,,,,521,93,154,259
ablation,pima,2,0.5,ablation,0.5,4,1,6027,w/o FedProx term,0.9022222222222221,0.8481245745956598,0.7777777777777778,0.84,0.7241379310344828,0.875,0.75,0.8035714285714286,0.15586748719215393,-1.6665170773297406,0.35398348238113503,0.14897257657479737,0.6939774751663208,42,84,16,12,6.714628219604492,4865104,105,0.5366419294990723,250,53,124,26,271,129,135,64,,,,,,,,,,,,,,,,,,,,,,,,,521,93,154,259
ablation,pima,2,0.5,ablation,0.5,4,1,6027,w/o calibrated LR head (GNN logits),0.8959259259259259,0.8403239172043165,0.7962962962962963,0.81,0.6935483870967742,0.8804347826086957,0.7413793103448276,0.7925646551724138,0.17154566943645477,-0.6080682442579176,3.4776914856620267,0.1932392708666913,0.5294144153594971,43,81,19,11,6.647941589355469,4793280,120,,250,53,124,26,271,129,135,64,,,,,,,,,,,,,,,,,,,,,,,,,521,93,154,259
ablation,pima,2,0.5,ablation,0.5,4,1,6027,"Supervised only (no PL, CAA, proto)",0.8612962962962963,0.8001229727654097,0.8888888888888888,0.61,0.5517241379310345,0.9104477611940298,0.6808510638297872,0.7056949929927379,0.15727578103542328,0.33054657883926103,0.3901680510103279,0.12453466576415223,0.06037897244095802,48,61,39,6,4.302614688873291,4844624,0,0.5713658927944643,250,53,124,26,271,129,135,64,,,,,,,,,,,,,,,,,,,,,,,,,521,93,154,259
ablation,pima,2,0.5,ablation,0.5,4,3,6029,Full,0.7662264150943396,0.6455532618640547,0.7547169811320755,0.62,0.5128205128205128,0.8266666666666667,0.6106870229007634,0.659629225736096,0.2356361746788025,-0.7303592881892714,0.2296279084771444,0.22270918170026704,0.14392635226249695,40,62,38,13,6.999355316162109,4865104,137,0.618586131770716,323,104,162,52,199,78,99,39,,,,,,,,,,,,,,,,,,,,,,,,,522,93,153,261
ablation,pima,2,0.5,ablation,0.5,4,3,6029,w/o PG-PL gates 2-3 (confidence only),0.7713207547169811,0.6488271451539103,0.7169811320754716,0.67,0.5352112676056338,0.8170731707317073,0.6129032258064516,0.6745834810350939,0.2236214131116867,-0.7330624851394669,0.2945181297916441,0.1935328532472934,0.342785120010376,38,67,33,15,7.182760715484619,4865104,139,0.61452933663887,323,104,162,52,199,78,99,39,,,,,,,,,,,,,,,,,,,,,,,,,522,93,153,261
ablation,pima,2,0.5,ablation,0.5,4,3,6029,w/o pseudo-labelling,0.7845283018867925,0.6649530322703996,0.8301886792452831,0.55,0.4943820224719101,0.859375,0.6197183098591549,0.645225008588114,0.273739755153656,-2.7276024862351065,0.1930573744257483,0.26367198938832564,0.20953483879566193,44,55,45,9,7.152880430221558,4865104,0,0.6190994916485112,323,104,162,52,199,78,99,39,,,,,,,,,,,,,,,,,,,,,,,,,522,93,153,261
ablation,pima,2,0.5,ablation,0.5,4,3,6029,w/o adaptive graph refinement,0.7688679245283019,0.6342338176979679,0.7735849056603774,0.65,0.5394736842105263,0.8441558441558441,0.6356589147286822,0.6850610957824201,0.22888194024562836,-0.6556930624085572,0.25567113789711166,0.18691816302685954,0.21428506076335907,41,65,35,12,6.695436716079712,4865104,76,0.6056144041269126,323,104,162,52,199,78,99,39,,,,,,,,,,,,,,,,,,,,,,,,,522,93,153,261
ablation,pima,2,0.5,ablation,0.5,4,3,6029,w/o clinical-aware augmentation,0.7724528301886793,0.6621349153713787,0.6981132075471698,0.65,0.5138888888888888,0.8024691358024691,0.592,0.6551160220994475,0.253138929605484,-1.3655404941725233,0.23848355326847695,0.24672306658931417,0.382447749376297,37,65,35,16,4.305682420730591,4865104,108,0.6077805323917562,323,104,162,52,199,78,99,39,,,,,,,,,,,,,,,,,,,,,,,,,522,93,153,261
ablation,pima,2,0.5,ablation,0.5,4,3,6029,w/o prototype sharing,0.7726415094339623,0.6543399476749734,0.660377358490566,0.73,0.5645161290322581,0.8021978021978022,0.6086956521739131,0.6865467789665377,0.23670941591262817,-1.0993908594994166,0.2853814816524235,0.21107035962974324,0.5888827443122864,35,73,27,18,6.766021251678467,4844624,138,0.6216287281196003,323,104,162,52,199,78,99,39,,,,,,,,,,,,,,,,,,,,,,,,,522,93,153,261
ablation,pima,2,0.5,ablation,0.5,4,3,6029,w/o focal loss (cross-entropy),0.7511320754716981,0.67446524332057,0.7358490566037735,0.6,0.4936708860759494,0.8108108108108109,0.5909090909090909,0.640282131661442,0.24897143244743347,-0.9520033882099901,0.25493976972844606,0.2294781004973486,0.2049149125814438,39,60,40,14,6.953687429428101,4865104,230,0.6034607968346981,323,104,162,52,199,78,99,39,,,,,,,,,,,,,,,,,,,,,,,,,522,93,153,261
ablation,pima,2,0.5,ablation,0.5,4,3,6029,w/o contrastive loss,0.770377358490566,0.6572383480415823,0.8301886792452831,0.52,0.4782608695652174,0.8524590163934426,0.6068965517241379,0.6264296423216963,0.2209140509366989,-0.6902527813056475,0.3397777061661784,0.1767186228843296,0.1671157032251358,44,52,48,9,7.039651155471802,4865104,106,0.6066661658277614,323,104,162,52,199,78,99,39,,,,,,,,,,,,,,,,,,,,,,,,,522,93,153,261
ablation,pima,2,0.5,ablation,0.5,4,3,6029,w/o class-aware smoothness,0.754811320754717,0.6451259067246105,0.7358490566037735,0.55,0.4642857142857143,0.7971014492753623,0.5693430656934306,0.6101153198289638,0.27400195598602295,-2.457399878292744,0.14398243687209678,0.2830372263306107,0.07176626473665237,39,55,45,14,6.340981721878052,4865104,159,0.6009941652267549,323,104,162,52,199,78,99,39,,,,,,,,,,,,,,,,,,,,,,,,,522,93,153,261
ablation,pima,2,0.5,ablation,0.5,4,3,6029,w/o dynamic edge attention,0.7656603773584907,0.6659033479333605,0.7358490566037735,0.57,0.47560975609756095,0.8028169014084507,0.5777777777777777,0.6222222222222222,0.2944796085357666,-2.908315607724703,0.1579296264879796,0.2929825401968426,0.44534018635749817,39,57,43,14,5.556054592132568,4680624,110,0.6070918788971527,323,104,162,52,199,78,99,39,,,,,,,,,,,,,,,,,,,,,,,,,522,93,153,261
ablation,pima,2,0.5,ablation,0.5,4,3,6029,w/o FedProx term,0.7730188679245283,0.6689625372287638,0.660377358490566,0.68,0.5223880597014925,0.7906976744186046,0.5833333333333334,0.657258064516129,0.2312350869178772,-0.9828147326089332,0.29068724591060274,0.2218309135900603,0.43588587641716003,35,68,32,18,6.787076711654663,4865104,137,0.6099967445471164,323,104,162,52,199,78,99,39,,,,,,,,,,,,,,,,,,,,,,,,,522,93,153,261
ablation,pima,2,0.5,ablation,0.5,4,3,6029,w/o calibrated LR head (GNN logits),0.7730188679245282,0.6572943032071219,0.6981132075471698,0.62,0.49333333333333335,0.7948717948717948,0.578125,0.637377106741573,0.19966499507427216,-0.6742465697610422,1.4077049137966327,0.16594943715855967,0.4990668296813965,37,62,38,16,6.520303249359131,4793280,137,,323,104,162,52,199,78,99,39,,,,,,,,,,,,,,,,,,,,,,,,,522,93,153,261
ablation,pima,2,0.5,ablation,0.5,4,3,6029,"Supervised only (no PL, CAA, proto)",0.7567924528301887,0.6227625844090234,0.7169811320754716,0.67,0.5352112676056338,0.8170731707317073,0.6129032258064516,0.6745834810350939,0.25385019183158875,-1.503810233175679,0.18271478506296898,0.24384037300554756,0.3852676749229431,38,67,33,15,4.495737314224243,4844624,0,0.6108356497132696,323,104,162,52,199,78,99,39,,,,,,,,,,,,,,,,,,,,,,,,,522,93,153,261
ablation,pima,2,0.5,ablation,0.5,4,2,6028,Full,0.7957407407407406,0.623156012270951,0.6481481481481481,0.8,0.6363636363636364,0.8080808080808081,0.6422018348623854,0.723110967682449,0.21408246457576752,-1.1110550204973162,0.2837559601961386,0.19124443131172425,0.6767899394035339,35,80,20,19,7.274107933044434,4865104,127,0.5554195804195804,33,25,16,12,488,157,244,78,,,,,,,,,,,,,,,,,,,,,,,,,521,93,154,260
ablation,pima,2,0.5,ablation,0.5,4,2,6028,w/o PG-PL gates 2-3 (confidence only),0.7983333333333333,0.6241196222367753,0.7222222222222222,0.74,0.6,0.8314606741573034,0.6554621848739496,0.7192654839713664,0.21009990572929382,-1.1658414497670064,0.2900851197689609,0.18659888276854505,0.5483512878417969,39,74,26,15,7.460602045059204,4865104,126,0.5523101898101898,33,25,16,12,488,157,244,78,,,,,,,,,,,,,,,,,,,,,,,,,521,93,154,260
ablation,pima,2,0.5,ablation,0.5,4,2,6028,w/o pseudo-labelling,0.8103703703703704,0.6223995977958992,0.7222222222222222,0.79,0.65,0.8404255319148937,0.6842105263157895,0.7493217580032556,0.1978697031736374,-0.9984843616279524,0.28092654900989716,0.17709660051124437,0.5742571949958801,39,79,21,15,7.419050931930542,4865104,0,0.5542457542457542,33,25,16,12,488,157,244,78,,,,,,,,,,,,,,,,,,,,,,,,,521,93,154,260
ablation,pima,2,0.5,ablation,0.5,4,2,6028,w/o adaptive graph refinement,0.8294444444444444,0.7006310616302058,0.6666666666666666,0.86,0.72,0.8269230769230769,0.6923076923076923,0.7677224736048265,0.18400898575782776,0.4455799050316229,0.2707912033625196,0.1725665462118658,0.4558505415916443,36,86,14,18,7.170587539672852,4865104,138,0.5127247752247752,33,25,16,12,488,157,244,78,,,,,,,,,,,,,,,,,,,,,,,,,521,93,154,260
ablation,pima,2,0.5,ablation,0.5,4,2,6028,w/o clinical-aware augmentation,0.8068518518518518,0.6427239146441814,0.8333333333333334,0.54,0.4945054945054945,0.8571428571428571,0.6206896551724138,0.6416331711444891,0.22645632922649384,-1.599727154191934,0.27971528516534216,0.2341763176290052,0.1828816831111908,45,54,46,9,4.334183931350708,4865104,85,0.5437562437562438,33,25,16,12,488,157,244,78,,,,,,,,,,,,,,,,,,,,,,,,,521,93,154,260
ablation,pima,2,0.5,ablation,0.5,4,2,6028,w/o prototype sharing,0.8007407407407408,0.6312293031966342,0.7222222222222222,0.73,0.5909090909090909,0.8295454545454546,0.65,0.7132978723404255,0.20883223414421082,-1.162527153926379,0.28780019606937746,0.18904616623246048,0.5566087961196899,39,73,27,15,6.778883695602417,4844624,123,0.5513111888111888,33,25,16,12,488,157,244,78,,,,,,,,,,,,,,,,,,,,,,,,,521,93,154,260
ablation,pima,2,0.5,ablation,0.5,4,2,6028,w/o focal loss (cross-entropy),0.8012962962962964,0.6288953666234509,0.7962962962962963,0.7,0.589041095890411,0.8641975308641975,0.6771653543307087,0.725323008657067,0.19453677535057068,-0.7681959523830212,0.37519944835318364,0.16783947714108538,0.4486391544342041,43,70,30,11,7.181614875793457,4865104,217,0.5687062937062937,33,25,16,12,488,157,244,78,,,,,,,,,,,,,,,,,,,,,,,,,521,93,154,260
ablation,pima,2,0.5,ablation,0.5,4,2,6028,w/o contrastive loss,0.8161111111111111,0.7022429006075707,0.7037037037037037,0.78,0.6333333333333333,0.8297872340425532,0.6666666666666666,0.7353951890034365,0.25343936681747437,-2.7827058927427846,0.21579727204287413,0.24698228314035128,0.8968666195869446,38,78,22,16,7.113628149032593,4865104,147,0.5271978021978022,33,25,16,12,488,157,244,78,,,,,,,,,,,,,,,,,,,,,,,,,521,93,154,260
ablation,pima,2,0.5,ablation,0.5,4,2,6028,w/o class-aware smoothness,0.8322222222222222,0.6786651737951939,0.7592592592592593,0.79,0.6612903225806451,0.8586956521739131,0.7068965517241379,0.7649066091954022,0.18085676431655884,-1.0786392955848914,0.3574479826092207,0.16656487178686377,0.6308155059814453,41,79,21,13,6.702730655670166,4865104,158,0.5436063936063936,33,25,16,12,488,157,244,78,,,,,,,,,,,,,,,,,,,,,,,,,521,93,154,260
ablation,pima,2,0.5,ablation,0.5,4,2,6028,w/o dynamic edge attention,0.7918518518518518,0.6306468106374435,0.6111111111111112,0.82,0.6470588235294118,0.7961165048543689,0.6285714285714286,0.7182266009852216,0.21291905641555786,-0.983462765942739,0.3299250931075611,0.17248039943613597,0.7285849452018738,33,82,18,21,5.548232793807983,4680624,117,0.5618881118881118,33,25,16,12,488,157,244,78,,,,,,,,,,,,,,,,,,,,,,,,,521,93,154,260
ablation,pima,2,0.5,ablation,0.5,4,2,6028,w/o FedProx term,0.7892592592592593,0.6151795378387779,0.5925925925925926,0.82,0.64,0.7884615384615384,0.6153846153846154,0.7096530920060332,0.2160876840353012,-1.0685656678713797,0.28185971190620657,0.18884849940221032,0.7774815559387207,32,82,18,22,7.04518723487854,4865104,128,0.5587912087912087,33,25,16,12,488,157,244,78,,,,,,,,,,,,,,,,,,,,,,,,,521,93,154,260
ablation,pima,2,0.5,ablation,0.5,4,2,6028,w/o calibrated LR head (GNN logits),0.8035185185185185,0.6790613242817485,0.7962962962962963,0.6,0.5180722891566265,0.8450704225352113,0.6277372262773723,0.6647458061211422,0.21173803508281708,-0.9200985632439579,1.7186964745937845,0.20032723306061384,0.5243407487869263,43,60,40,11,6.855077743530273,4793280,127,,33,25,16,12,488,157,244,78,,,,,,,,,,,,,,,,,,,,,,,,,521,93,154,260
ablation,pima,2,0.5,ablation,0.5,4,2,6028,"Supervised only (no PL, CAA, proto)",0.8081481481481482,0.6270884636635881,0.7407407407407407,0.75,0.6153846153846154,0.8426966292134831,0.6722689075630253,0.7329598506069095,0.1931370347738266,-0.7184692621478826,0.3586596627512007,0.17223563509715067,0.4858872890472412,40,75,25,14,4.202150583267212,4844624,0,0.5502497502497503,33,25,16,12,488,157,244,78,,,,,,,,,,,,,,,,,,,,,,,,,521,93,154,260
ablation,pima,2,0.5,ablation,0.5,4,4,6030,Full,0.8079245283018868,0.6514790211457162,0.7735849056603774,0.68,0.5616438356164384,0.85,0.6507936507936508,0.7031746031746031,0.18187204003334045,-0.37386933161168096,0.3166822949414492,0.14816686238338744,0.30687299370765686,41,68,32,12,6.705114841461182,4865104,153,0.6098541980894923,387,121,193,60,135,61,67,30,,,,,,,,,,,,,,,,,,,,,,,,,522,93,153,260
ablation,pima,2,0.5,ablation,0.5,4,4,6030,w/o PG-PL gates 2-3 (confidence only),0.8177358490566037,0.668390200274383,0.8113207547169812,0.68,0.5733333333333334,0.8717948717948718,0.671875,0.7179599719101124,0.17651714384555817,-0.37491088963145336,0.3428301614085816,0.12659742196206175,0.27394208312034607,43,68,32,10,7.198482990264893,4865104,149,0.6108094519859226,387,121,193,60,135,61,67,30,,,,,,,,,,,,,,,,,,,,,,,,,522,93,153,260
ablation,pima,2,0.5,ablation,0.5,4,4,6030,w/o pseudo-labelling,0.8411320754716982,0.6965195543575969,0.8490566037735849,0.72,0.6164383561643836,0.9,0.7142857142857143,0.7571428571428571,0.21653637290000916,-2.6584006605247454,0.23404939455361307,0.22886142750678495,0.6305369138717651,45,72,28,8,6.779761552810669,4865104,0,0.5932001005530418,387,121,193,60,135,61,67,30,,,,,,,,,,,,,,,,,,,,,,,,,522,93,153,260
ablation,pima,2,0.5,ablation,0.5,4,4,6030,w/o adaptive graph refinement,0.8028301886792453,0.6355813458853572,0.7169811320754716,0.77,0.6229508196721312,0.8369565217391305,0.6666666666666666,0.734375,0.20158633589744568,-0.855684836702524,0.22669929586394882,0.18389019010941576,0.5224483013153076,38,77,23,15,6.711137771606445,4865104,125,0.5944695827048768,387,121,193,60,135,61,67,30,,,,,,,,,,,,,,,,,,,,,,,,,522,93,153,260
ablation,pima,2,0.5,ablation,0.5,4,4,6030,w/o clinical-aware augmentation,0.8090566037735849,0.6452422366606279,0.7358490566037735,0.74,0.6,0.8409090909090909,0.6610169491525424,0.7241254958528669,0.19121725857257843,-0.771097404368532,0.3238563029010345,0.17374719903360003,0.5037634372711182,39,74,26,14,4.14203953742981,4865104,111,0.611965811965812,387,121,193,60,135,61,67,30,,,,,,,,,,,,,,,,,,,,,,,,,522,93,153,260
ablation,pima,2,0.5,ablation,0.5,4,4,6030,w/o prototype sharing,0.7984905660377357,0.6513835886482491,0.9056603773584906,0.52,0.5,0.9122807017543859,0.6442953020134228,0.6533578420895139,0.18650110065937042,-0.2535569178939061,0.28080363564209504,0.12475063694409687,0.07532469183206558,48,52,48,5,6.769157648086548,4844624,153,0.6191302161890397,387,121,193,60,135,61,67,30,,,,,,,,,,,,,,,,,,,,,,,,,522,93,153,260
ablation,pima,2,0.5,ablation,0.5,4,4,6030,w/o focal loss (cross-entropy),0.7873584905660377,0.6185876378281814,0.39622641509433965,0.85,0.5833333333333334,0.7264957264957265,0.47191011235955055,0.6276601253041992,0.20221735537052155,-0.6401761136751574,0.3237451163990116,0.15406026652241067,0.7922946214675903,21,85,15,32,6.736886262893677,4865104,227,0.6323278029160382,387,121,193,60,135,61,67,30,,,,,,,,,,,,,,,,,,,,,,,,,522,93,153,260
ablation,pima,2,0.5,ablation,0.5,4,4,6030,w/o contrastive loss,0.8326415094339622,0.6792121587219099,0.8490566037735849,0.67,0.5769230769230769,0.8933333333333333,0.6870229007633588,0.7263685932388222,0.22706766426563263,-3.0967686197639983,0.22214342551764396,0.2365833117681391,0.5804377198219299,45,67,33,8,6.573142766952515,4865104,151,0.5780668677727501,387,121,193,60,135,61,67,30,,,,,,,,,,,,,,,,,,,,,,,,,522,93,153,260
ablation,pima,2,0.5,ablation,0.5,4,4,6030,w/o class-aware smoothness,0.8079245283018868,0.6341885290709093,0.7924528301886793,0.73,0.6086956521739131,0.8690476190476191,0.6885245901639344,0.7410014255167499,0.2170599400997162,-2.0413434540207667,0.17594788043652929,0.21894509609472126,0.5691581964492798,42,73,27,11,6.616795778274536,4865104,154,0.6164529914529915,387,121,193,60,135,61,67,30,,,,,,,,,,,,,,,,,,,,,,,,,522,93,153,260
ablation,pima,2,0.5,ablation,0.5,4,4,6030,w/o dynamic edge attention,0.8069811320754717,0.6543358125426365,0.4339622641509434,0.87,0.6388888888888888,0.7435897435897436,0.5168539325842697,0.65934862527831,0.21275240182876587,-0.9557198223443891,0.21606257463567194,0.19812625723897045,0.9566766619682312,23,87,13,30,6.1558921337127686,4680624,146,0.5889391654097536,387,121,193,60,135,61,67,30,,,,,,,,,,,,,,,,,,,,,,,,,522,93,153,260
ablation,pima,2,0.5,ablation,0.5,4,4,6030,w/o FedProx term,0.8071698113207547,0.6527021003624676,0.7547169811320755,0.69,0.5633802816901409,0.8414634146341463,0.6451612903225806,0.7017015242821694,0.18205390870571136,-0.36673654248384246,0.3148086522699477,0.13917363391203041,0.3093090057373047,40,69,31,13,6.510653734207153,4865104,153,0.6099296128707893,387,121,193,60,135,61,67,30,,,,,,,,,,,,,,,,,,,,,,,,,522,93,153,260
ablation,pima,2,0.5,ablation,0.5,4,4,6030,w/o calibrated LR head (GNN logits),0.8420754716981133,0.6930082612166479,0.8679245283018868,0.7,0.6052631578947368,0.9090909090909091,0.7131782945736435,0.7520693732755224,0.1639033854007721,-0.29629546365829185,1.6936437966586206,0.1258105266522738,0.43141570687294006,46,70,30,7,6.302642107009888,4793280,153,,387,121,193,60,135,61,67,30,,,,,,,,,,,,,,,,,,,,,,,,,522,93,153,260
ablation,pima,2,0.5,ablation,0.5,4,4,6030,"Supervised only (no PL, CAA, proto)",0.7973584905660377,0.6275561460696433,0.6981132075471698,0.77,0.6166666666666667,0.8279569892473119,0.6548672566371682,0.7263973588885322,0.19329090416431427,-0.5257945127544914,0.280548978812077,0.14558057429792445,0.49255287647247314,37,77,23,16,4.427414417266846,4844624,0,0.609502262443439,387,121,193,60,135,61,67,30,,,,,,,,,,,,,,,,,,,,,,,,,522,93,153,260
ablation,pima,2,0.8,ablation,0.5,0,0,2026,Full,0.8035185185185185,0.7060189524559758,0.7407407407407407,0.66,0.5405405405405406,0.825,0.625,0.6791666666666667,0.2186693400144577,-0.7967077111763067,0.24383137489786152,0.22049820049387683,0.1887732446193695,40,66,34,14,6.6398608684539795,4865104,220,0.6188930117501545,358,119,72,24,163,63,33,13,,,,,,,,,,,,,,,,,,,,,,,,,521,93,154,105
ablation,pima,2,0.8,ablation,0.5,0,0,2026,w/o PG-PL gates 2-3 (confidence only),0.8049999999999999,0.7083599914732014,0.7407407407407407,0.65,0.5333333333333333,0.8227848101265823,0.6201550387596899,0.6732060109999567,0.21963204443454742,-0.8039769331256102,0.24274344742264115,0.23522863945887457,0.19486388564109802,40,65,35,14,6.486578941345215,4865104,220,0.6192949907235621,358,119,72,24,163,63,33,13,,,,,,,,,,,,,,,,,,,,,,,,,521,93,154,105
ablation,pima,2,0.8,ablation,0.5,0,0,2026,w/o pseudo-labelling,0.8059259259259259,0.7225471746088045,0.8148148148148148,0.6,0.5238095238095238,0.8571428571428571,0.6376811594202898,0.6717817561807331,0.2275858223438263,-1.343551387286748,0.17533738812772667,0.22739627794060227,0.020212417468428612,44,60,40,10,6.703243732452393,4865104,0,0.6136982065553493,358,119,72,24,163,63,33,13,,,,,,,,,,,,,,,,,,,,,,,,,521,93,154,105
ablation,pima,2,0.8,ablation,0.5,0,0,2026,w/o adaptive graph refinement,0.8094444444444444,0.7201250172911815,0.6111111111111112,0.76,0.5789473684210527,0.7835051546391752,0.5945945945945946,0.6830840993277542,0.23816995322704315,-0.5722927513232606,0.19698355774910686,0.23577599441511676,0.5412602424621582,33,76,24,21,6.460171699523926,4865104,234,0.59721706864564,358,119,72,24,163,63,33,13,,,,,,,,,,,,,,,,,,,,,,,,,521,93,154,105
ablation,pima,2,0.8,ablation,0.5,0,0,2026,w/o clinical-aware augmentation,0.8,0.6951258836741163,0.6296296296296297,0.83,0.6666666666666666,0.8058252427184466,0.6476190476190476,0.7326765188834155,0.21125628054141998,-0.23229165112742664,0.20600365501918366,0.20799710698329008,0.5753782987594604,34,83,17,20,4.41420316696167,4865104,214,0.6200989486703772,358,119,72,24,163,63,33,13,,,,,,,,,,,,,,,,,,,,,,,,,521,93,154,105
ablation,pima,2,0.8,ablation,0.5,0,0,2026,w/o prototype sharing,0.8101851851851852,0.7120801806451476,0.7962962962962963,0.61,0.524390243902439,0.8472222222222222,0.6323529411764706,0.6708276333789329,0.224925696849823,-1.2890584158819811,0.2216821340495563,0.2340331891092,0.07515032589435577,43,61,39,11,6.545736789703369,4844624,219,0.6090599876314162,358,119,72,24,163,63,33,13,,,,,,,,,,,,,,,,,,,,,,,,,521,93,154,105
ablation,pima,2,0.8,ablation,0.5,0,0,2026,w/o focal loss (cross-entropy),0.8107407407407408,0.7029621799779752,0.6666666666666666,0.75,0.5901639344262295,0.8064516129032258,0.6260869565217392,0.7016445145302996,0.24282413721084595,-1.6244305799999572,0.17909048264559535,0.2424396785193837,0.5623336434364319,36,75,25,18,6.561722278594971,4865104,378,0.6241187384044528,358,119,72,24,163,63,33,13,,,,,,,,,,,,,,,,,,,,,,,,,521,93,154,105
ablation,pima,2,0.8,ablation,0.5,0,0,2026,w/o contrastive loss,0.845,0.7589376138515671,0.7592592592592593,0.76,0.6307692307692307,0.8539325842696629,0.6890756302521008,0.7466542172424525,0.19899551570415497,-1.275607918686997,0.22433836261448506,0.1987832774976631,0.4011896252632141,41,76,24,13,6.322656869888306,4865104,239,0.5652752009894867,358,119,72,24,163,63,33,13,,,,,,,,,,,,,,,,,,,,,,,,,521,93,154,105
ablation,pima,2,0.8,ablation,0.5,0,0,2026,w/o class-aware smoothness,0.7796296296296296,0.6918783688032768,0.6851851851851852,0.68,0.5362318840579711,0.8,0.6016260162601627,0.6683805756976489,0.2261996567249298,0.10810487815749133,0.21501297793391938,0.21327855866160483,0.172829270362854,37,68,32,17,6.467311382293701,4865104,257,0.6348484848484848,358,119,72,24,163,63,33,13,,,,,,,,,,,,,,,,,,,,,,,,,521,93,154,105
ablation,pima,2,0.8,ablation,0.5,0,0,2026,w/o dynamic edge attention,0.8255555555555556,0.7543270521449044,0.7962962962962963,0.69,0.581081081081081,0.8625,0.671875,0.7192708333333333,0.21837596595287323,-1.0772644358411743,0.20835717243875107,0.22326162185931167,0.12313153594732285,43,69,31,11,5.980246067047119,4680624,236,0.6189239332096474,358,119,72,24,163,63,33,13,,,,,,,,,,,,,,,,,,,,,,,,,521,93,154,105
ablation,pima,2,0.8,ablation,0.5,0,0,2026,w/o FedProx term,0.8083333333333333,0.7223748583558021,0.8148148148148148,0.59,0.5176470588235295,0.855072463768116,0.6330935251798561,0.665659188625431,0.22245313227176666,-1.0244480158980445,0.228987396547903,0.23118074672514352,0.044163286685943604,44,59,41,10,6.751628637313843,4865104,220,0.6162337662337662,358,119,72,24,163,63,33,13,,,,,,,,,,,,,,,,,,,,,,,,,521,93,154,105
ablation,pima,2,0.8,ablation,0.5,0,0,2026,w/o calibrated LR head (GNN logits),0.8090740740740741,0.6856480232741252,0.6851851851851852,0.82,0.6727272727272727,0.8282828282828283,0.6788990825688074,0.7515098427919413,0.18832966685295105,-0.7223484976429884,1.3270137983141788,0.1431343305323805,0.6172618269920349,37,82,18,17,6.168300151824951,4793280,220,,358,119,72,24,163,63,33,13,,,,,,,,,,,,,,,,,,,,,,,,,521,93,154,105
ablation,pima,2,0.8,ablation,0.5,0,0,2026,"Supervised only (no PL, CAA, proto)",0.8085185185185185,0.7137385988214574,0.7592592592592593,0.68,0.5616438356164384,0.8395061728395061,0.6456692913385826,0.698525253404098,0.20929411053657532,-0.22664660965007638,0.2441256668997769,0.193778180734968,0.15837734937667847,41,68,32,13,4.452507734298706,4844624,0,0.6225726654298084,358,119,72,24,163,63,33,13,,,,,,,,,,,,,,,,,,,,,,,,,521,93,154,105
ablation,pima,2,0.8,ablation,0.5,0,1,2027,Full,0.7664814814814815,0.6337056635545101,0.6111111111111112,0.76,0.5789473684210527,0.7835051546391752,0.5945945945945946,0.6830840993277542,0.2120542675256729,-0.1411766497330202,0.2307051782397657,0.18687014862314447,0.3884018361568451,33,76,24,21,7.177273988723755,4865104,353,0.6607930904047409,234,7,46,1,287,175,57,35,,,,,,,,,,,,,,,,,,,,,,,,,521,93,154,103
ablation,pima,2,0.8,ablation,0.5,0,1,2027,w/o PG-PL gates 2-3 (confidence only),0.745925925925926,0.6183521282703648,0.6851851851851852,0.71,0.5606060606060606,0.8068181818181818,0.6166666666666667,0.6859929078014184,0.23203912377357483,-0.12880280104592964,0.20167922447443318,0.2118878351984086,0.2507335841655731,37,71,29,17,6.650696754455566,4865104,354,0.6448114991804312,234,7,46,1,287,175,57,35,,,,,,,,,,,,,,,,,,,,,,,,,521,93,154,103
ablation,pima,2,0.8,ablation,0.5,0,1,2027,w/o pseudo-labelling,0.6942592592592592,0.5478296617457343,0.5925925925925926,0.7,0.5161290322580645,0.7608695652173914,0.5517241379310345,0.6404454022988506,0.27734771370887756,-0.8199684851912261,0.142507296985613,0.24132188201531188,0.4960561692714691,32,70,30,22,6.360819578170776,4865104,0,0.6830790568654647,234,7,46,1,287,175,57,35,,,,,,,,,,,,,,,,,,,,,,,,,521,93,154,103
ablation,pima,2,0.8,ablation,0.5,0,1,2027,w/o adaptive graph refinement,0.7250000000000001,0.6097680000952115,0.7037037037037037,0.62,0.5,0.7948717948717948,0.5846153846153846,0.6406222990492654,0.2733183205127716,-1.0835467683303852,0.14830687764768932,0.25454483887591917,0.3082801401615143,38,62,38,16,6.590163469314575,4865104,369,0.6643235405371327,234,7,46,1,287,175,57,35,,,,,,,,,,,,,,,,,,,,,,,,,521,93,154,103
ablation,pima,2,0.8,ablation,0.5,0,1,2027,w/o clinical-aware augmentation,0.7653703703703704,0.673656900766292,0.7592592592592593,0.66,0.5466666666666666,0.8354430379746836,0.6356589147286822,0.6865445411632238,0.22334150969982147,-0.8034238804740963,0.236355606163265,0.20519771841777992,0.2883577346801758,41,66,34,13,4.155544996261597,4865104,352,0.6354179800781743,234,7,46,1,287,175,57,35,,,,,,,,,,,,,,,,,,,,,,,,,521,93,154,103
ablation,pima,2,0.8,ablation,0.5,0,1,2027,w/o prototype sharing,0.7620370370370371,0.6315293160361063,0.9259259259259259,0.25,0.4,0.8620689655172413,0.5586592178770949,0.4731280585509506,0.20957112312316895,-0.10212526555919471,0.22711343764658243,0.17846884958252507,0.0016045216470956802,50,25,75,4,7.271482944488525,4844624,294,0.6575778590341698,234,7,46,1,287,175,57,35,,,,,,,,,,,,,,,,,,,,,,,,,521,93,154,103
ablation,pima,2,0.8,ablation,0.5,0,1,2027,w/o focal loss (cross-entropy),0.7587037037037037,0.6089858813713601,0.6666666666666666,0.73,0.5714285714285714,0.8021978021978022,0.6153846153846154,0.6898912605718889,0.28412431478500366,-2.9056982514352123,0.15446617863061646,0.27218391470514336,0.8943766355514526,36,73,27,18,6.573728561401367,4865104,379,0.6395158239818435,234,7,46,1,287,175,57,35,,,,,,,,,,,,,,,,,,,,,,,,,521,93,154,103
ablation,pima,2,0.8,ablation,0.5,0,1,2027,w/o contrastive loss,0.7475925925925925,0.5925994032286981,0.6481481481481481,0.73,0.5645161290322581,0.7934782608695652,0.603448275862069,0.6819324712643677,0.2680636942386627,-2.45657664510661,0.1421432344995151,0.24108003157299834,0.8242293000221252,35,73,27,19,6.716321706771851,4865104,357,0.6340940612785273,234,7,46,1,287,175,57,35,,,,,,,,,,,,,,,,,,,,,,,,,521,93,154,103
ablation,pima,2,0.8,ablation,0.5,0,1,2027,w/o class-aware smoothness,0.7659259259259259,0.681479384694272,0.7777777777777778,0.53,0.47191011235955055,0.8153846153846154,0.5874125874125874,0.6149184149184149,0.2506621778011322,-1.567397884882648,0.22133928914882472,0.24176875481309446,0.2875530421733856,42,53,47,12,6.387979745864868,4865104,363,0.6386332114487454,234,7,46,1,287,175,57,35,,,,,,,,,,,,,,,,,,,,,,,,,521,93,154,103
ablation,pima,2,0.8,ablation,0.5,0,1,2027,w/o dynamic edge attention,0.7322222222222222,0.6303907458212864,0.3148148148148148,0.9,0.6296296296296297,0.7086614173228346,0.41975308641975306,0.6063523141349867,0.26035308837890625,-1.1992210814139563,0.19698100554258136,0.23147606719043345,0.9635700583457947,17,90,10,37,5.647342920303345,4680624,356,0.6703757407640902,234,7,46,1,287,175,57,35,,,,,,,,,,,,,,,,,,,,,,,,,521,93,154,103
ablation,pima,2,0.8,ablation,0.5,0,1,2027,w/o FedProx term,0.7761111111111112,0.6193668182018041,0.42592592592592593,0.9,0.696969696969697,0.743801652892562,0.5287356321839081,0.6716076350964789,0.21569417417049408,-0.7710892808329396,0.21126427854390892,0.19008777319610892,0.89372718334198,23,90,10,31,6.853444337844849,4865104,353,0.6513995713024839,234,7,46,1,287,175,57,35,,,,,,,,,,,,,,,,,,,,,,,,,521,93,154,103
ablation,pima,2,0.8,ablation,0.5,0,1,2027,w/o calibrated LR head (GNN logits),0.7644444444444445,0.6141361072652806,0.6666666666666666,0.7,0.5454545454545454,0.7954545454545454,0.6,0.6723404255319149,0.20570874214172363,-0.5361657416640776,1.9968318477733704,0.1308865462998291,0.5133680105209351,36,70,30,18,6.2328877449035645,4793280,353,,234,7,46,1,287,175,57,35,,,,,,,,,,,,,,,,,,,,,,,,,521,93,154,103
ablation,pima,2,0.8,ablation,0.5,0,1,2027,"Supervised only (no PL, CAA, proto)",0.7311111111111112,0.594733218317088,0.7592592592592593,0.58,0.4939759036144578,0.8169014084507042,0.5985401459854015,0.6384513595424084,0.258696585893631,-1.3513180093585153,0.20814487388254627,0.23371423907916655,0.3068351447582245,41,58,42,13,4.1646881103515625,4844624,0,0.6812823099230866,234,7,46,1,287,175,57,35,,,,,,,,,,,,,,,,,,,,,,,,,521,93,154,103
ablation,pima,2,0.8,ablation,0.5,0,2,2028,Full,0.752962962962963,0.6153894833205937,0.7222222222222222,0.64,0.52,0.810126582278481,0.6046511627906976,0.6598674808366896,0.25316891074180603,1.1374750195459236,0.12481282993563246,0.25164342732713013,0.01416847575455904,39,64,36,15,6.577331304550171,4865104,279,0.6621191308691308,430,120,86,24,91,62,18,12,,,,,,,,,,,,,,,,,,,,,,,,,521,93,154,104
ablation,pima,2,0.8,ablation,0.5,0,2,2028,w/o PG-PL gates 2-3 (confidence only),0.7562962962962962,0.6251198508848329,0.7222222222222222,0.64,0.52,0.810126582278481,0.6046511627906976,0.6598674808366896,0.2516626715660095,0.9687948689549467,0.12419166052312662,0.24377183865320373,0.016020283102989197,39,64,36,15,6.718832492828369,4865104,280,0.6619005994005994,430,120,86,24,91,62,18,12,,,,,,,,,,,,,,,,,,,,,,,,,521,93,154,104
ablation,pima,2,0.8,ablation,0.5,0,2,2028,w/o pseudo-labelling,0.7699074074074074,0.6158874587192092,0.7037037037037037,0.7,0.5588235294117647,0.813953488372093,0.6229508196721312,0.687819495857571,0.2519815266132355,1.1753356375396762,0.12373406363080276,0.24152475139791416,0.019888121634721756,38,70,30,16,6.699186086654663,4865104,0,0.6549075924075923,430,120,86,24,91,62,18,12,,,,,,,,,,,,,,,,,,,,,,,,,521,93,154,104
ablation,pima,2,0.8,ablation,0.5,0,2,2028,w/o adaptive graph refinement,0.7722222222222223,0.646125087169193,0.7777777777777778,0.61,0.5185185185185185,0.8356164383561644,0.6222222222222222,0.6637122671804753,0.2480006068944931,-0.32260679895411604,0.13473503215266192,0.238065354042239,0.009832863695919514,42,61,39,12,7.099859237670898,4865104,159,0.6084852647352648,430,120,86,24,91,62,18,12,,,,,,,,,,,,,,,,,,,,,,,,,521,93,154,104
ablation,pima,2,0.8,ablation,0.5,0,2,2028,w/o clinical-aware augmentation,0.7518518518518519,0.6222089829646331,0.7962962962962963,0.65,0.5512820512820513,0.8552631578947368,0.6515151515151515,0.6950757575757576,0.261008620262146,0.5226704900174691,0.15967603812899564,0.2501870663231843,0.02624264918267727,43,65,35,11,4.629265546798706,4865104,266,0.6771665834165834,430,120,86,24,91,62,18,12,,,,,,,,,,,,,,,,,,,,,,,,,521,93,154,104
ablation,pima,2,0.8,ablation,0.5,0,2,2028,w/o prototype sharing,0.7590740740740741,0.6261718640421512,0.7222222222222222,0.67,0.5416666666666666,0.8170731707317073,0.6190476190476191,0.6776556776556777,0.25528475642204285,0.8710476751493642,0.11986691793987685,0.2561116931996272,0.01942979358136654,39,67,33,15,6.772656440734863,4844624,275,0.6614947552447552,430,120,86,24,91,62,18,12,,,,,,,,,,,,,,,,,,,,,,,,,521,93,154,104
ablation,pima,2,0.8,ablation,0.5,0,2,2028,w/o focal loss (cross-entropy),0.7870370370370372,0.6890429393003831,0.7962962962962963,0.65,0.5512820512820513,0.8552631578947368,0.6515151515151515,0.6950757575757576,0.24449755251407623,0.33368530978345895,0.17485157998938455,0.24136489567455724,0.024756092578172684,43,65,35,11,6.965541124343872,4865104,386,0.6190372127872128,430,120,86,24,91,62,18,12,,,,,,,,,,,,,,,,,,,,,,,,,521,93,154,104
ablation,pima,2,0.8,ablation,0.5,0,2,2028,w/o contrastive loss,0.7342592592592593,0.5597108404303421,0.5925925925925926,0.74,0.5517241379310345,0.7708333333333334,0.5714285714285714,0.6632653061224489,0.2668662667274475,0.23929481940864802,0.15703549379290996,0.2661818530253292,0.23764078319072723,32,74,26,22,6.772265195846558,4865104,268,0.6701735764235764,430,120,86,24,91,62,18,12,,,,,,,,,,,,,,,,,,,,,,,,,521,93,154,104
ablation,pima,2,0.8,ablation,0.5,0,2,2028,w/o class-aware smoothness,0.7907407407407407,0.6772419171958072,0.7962962962962963,0.61,0.524390243902439,0.8472222222222222,0.6323529411764706,0.6708276333789329,0.25344476103782654,-0.4408609848667064,0.13359153223348708,0.24668008817190476,0.0068352133966982365,43,61,39,11,6.347210884094238,4865104,329,0.6204420579420579,430,120,86,24,91,62,18,12,,,,,,,,,,,,,,,,,,,,,,,,,521,93,154,104
ablation,pima,2,0.8,ablation,0.5,0,2,2028,w/o dynamic edge attention,0.7512962962962964,0.6536859028907381,0.7222222222222222,0.61,0.5,0.8026315789473685,0.5909090909090909,0.6420454545454546,0.25101253390312195,0.896731990958735,0.15590840232360184,0.2481209249417116,0.018416553735733032,39,61,39,15,5.471600770950317,4680624,270,0.6557817182817183,430,120,86,24,91,62,18,12,,,,,,,,,,,,,,,,,,,,,,,,,521,93,154,104
ablation,pima,2,0.8,ablation,0.5,0,2,2028,w/o FedProx term,0.7557407407407408,0.6181822801821095,0.7592592592592593,0.64,0.5324675324675324,0.8311688311688312,0.6259541984732825,0.674559020140596,0.2500288188457489,0.9802219229443846,0.12037854650230662,0.24898750550270854,0.01325683668255806,41,64,36,13,6.7949628829956055,4865104,277,0.6633054445554446,430,120,86,24,91,62,18,12,,,,,,,,,,,,,,,,,,,,,,,,,521,93,154,104
ablation,pima,2,0.8,ablation,0.5,0,2,2028,w/o calibrated LR head (GNN logits),0.8011111111111111,0.6915745592193623,0.8148148148148148,0.65,0.5569620253164557,0.8666666666666667,0.6616541353383458,0.7022556390977444,0.18825337290763855,-0.6738085522637878,1.1719644642998435,0.1368979004683433,0.41951078176498413,44,65,35,10,6.295899152755737,4793280,279,,430,120,86,24,91,62,18,12,,,,,,,,,,,,,,,,,,,,,,,,,521,93,154,104
ablation,pima,2,0.8,ablation,0.5,0,2,2028,"Supervised only (no PL, CAA, proto)",0.7329629629629629,0.5563478612997714,0.7037037037037037,0.7,0.5588235294117647,0.813953488372093,0.6229508196721312,0.687819495857571,0.27191901206970215,1.3138173657997196,0.1277930625924178,0.2713542513718659,0.024583755061030388,38,70,30,16,4.500127553939819,4844624,0,0.6669268231768233,430,120,86,24,91,62,18,12,,,,,,,,,,,,,,,,,,,,,,,,,521,93,154,104
ablation,pima,2,0.8,ablation,0.5,0,3,2029,Full,0.7547169811320755,0.6565625737788159,0.5849056603773585,0.76,0.5636363636363636,0.7755102040816326,0.5740740740740741,0.6708754208754208,0.22846725583076477,1.9900604988776114,0.15178066773629145,0.20957720196909374,0.08650760352611542,31,76,24,22,6.723850965499878,4865104,338,0.5411324786324786,314,171,63,34,208,11,41,2,,,,,,,,,,,,,,,,,,,,,,,,,522,93,153,104
ablation,pima,2,0.8,ablation,0.5,0,3,2029,w/o PG-PL gates 2-3 (confidence only),0.77,0.6679345876411205,0.6226415094339622,0.73,0.55,0.7849462365591398,0.584070796460177,0.6702737401990004,0.23638497292995453,0.7234468922366232,0.1428991302829768,0.23847475159134157,0.15086540579795837,33,73,27,20,6.541237115859985,4865104,340,0.5524761186525893,314,171,63,34,208,11,41,2,,,,,,,,,,,,,,,,,,,,,,,,,522,93,153,104
ablation,pima,2,0.8,ablation,0.5,0,3,2029,w/o pseudo-labelling,0.720188679245283,0.5538404697606025,0.7169811320754716,0.67,0.5352112676056338,0.8170731707317073,0.6129032258064516,0.6745834810350939,0.27138224244117737,1.9896995042238252,0.1412388354689615,0.25414494896198014,0.019845634698867798,38,67,33,15,6.747865915298462,4865104,0,0.5925087983911513,314,171,63,34,208,11,41,2,,,,,,,,,,,,,,,,,,,,,,,,,522,93,153,104
ablation,pima,2,0.8,ablation,0.5,0,3,2029,w/o adaptive graph refinement,0.7803773584905661,0.6282315412167734,0.6792452830188679,0.73,0.5714285714285714,0.8111111111111111,0.6206896551724138,0.6945553539019964,0.2223460078239441,0.5350628465037965,0.21904449718820626,0.19155066557764228,0.23892758786678314,36,73,27,17,6.888148784637451,4865104,353,0.5682503770739065,314,171,63,34,208,11,41,2,,,,,,,,,,,,,,,,,,,,,,,,,522,93,153,104
ablation,pima,2,0.8,ablation,0.5,0,3,2029,w/o clinical-aware augmentation,0.770566037735849,0.647775789123029,0.6415094339622641,0.71,0.5396825396825397,0.7888888888888889,0.5862068965517241,0.6667876588021778,0.254354327917099,-0.5358134787412122,0.15125081176448016,0.24038338924155517,0.2996748089790344,34,71,29,19,4.481925010681152,4865104,310,0.575603318250377,314,171,63,34,208,11,41,2,,,,,,,,,,,,,,,,,,,,,,,,,522,93,153,104
ablation,pima,2,0.8,ablation,0.5,0,3,2029,w/o prototype sharing,0.7756603773584906,0.6912369341689687,0.6037735849056604,0.75,0.5614035087719298,0.78125,0.5818181818181818,0.6735621521335806,0.22347897291183472,1.2939761752118901,0.15309999328318827,0.22130945343158995,0.15248946845531464,32,75,25,21,6.632568359375,4844624,303,0.545405982905983,314,171,63,34,208,11,41,2,,,,,,,,,,,,,,,,,,,,,,,,,522,93,153,104
ablation,pima,2,0.8,ablation,0.5,0,3,2029,w/o focal loss (cross-entropy),0.7941509433962264,0.6459660048840936,0.6415094339622641,0.8,0.6296296296296297,0.8080808080808081,0.6355140186915887,0.7197670595970507,0.24168124794960022,-1.7338722161502556,0.14415631743112628,0.23144096560971023,0.8401798605918884,34,80,20,19,6.679167032241821,4865104,386,0.5695387129210658,314,171,63,34,208,11,41,2,,,,,,,,,,,,,,,,,,,,,,,,,522,93,153,104
ablation,pima,2,0.8,ablation,0.5,0,3,2029,w/o contrastive loss,0.7720754716981132,0.640952809800911,0.5094339622641509,0.85,0.6428571428571429,0.7657657657657657,0.5684210526315789,0.6870541282115241,0.23693951964378357,0.9430608465300142,0.14818043827787727,0.22484646264609753,0.6561657786369324,27,85,15,26,6.857581615447998,4865104,333,0.5387757667169432,314,171,63,34,208,11,41,2,,,,,,,,,,,,,,,,,,,,,,,,,522,93,153,104
ablation,pima,2,0.8,ablation,0.5,0,3,2029,w/o class-aware smoothness,0.7931132075471697,0.6628684691019056,0.5283018867924528,0.85,0.6511627906976745,0.7727272727272727,0.5833333333333334,0.6964285714285714,0.2239871621131897,0.6206509631814611,0.15819899000785623,0.2080772102755659,0.7173133492469788,28,85,15,25,6.232747316360474,4865104,329,0.571078431372549,314,171,63,34,208,11,41,2,,,,,,,,,,,,,,,,,,,,,,,,,522,93,153,104
ablation,pima,2,0.8,ablation,0.5,0,3,2029,w/o dynamic edge attention,0.7664150943396226,0.6423964529040826,0.5660377358490566,0.78,0.5769230769230769,0.7722772277227723,0.5714285714285714,0.673773987206823,0.25218313932418823,0.021977565775309647,0.15375123487750805,0.2487925018756072,0.5307778716087341,30,78,22,23,5.54775071144104,4680624,339,0.6030982905982906,314,171,63,34,208,11,41,2,,,,,,,,,,,,,,,,,,,,,,,,,522,93,153,104
ablation,pima,2,0.8,ablation,0.5,0,3,2029,w/o FedProx term,0.7673584905660378,0.6552099384966992,0.5849056603773585,0.79,0.5961538461538461,0.7821782178217822,0.5904761904761905,0.6882729211087419,0.22231793403625488,1.685429474585993,0.15564206275029785,0.20806339652174044,0.1866380274295807,31,79,21,22,6.358814239501953,4865104,338,0.5412267471091,314,171,63,34,208,11,41,2,,,,,,,,,,,,,,,,,,,,,,,,,522,93,153,104
ablation,pima,2,0.8,ablation,0.5,0,3,2029,w/o calibrated LR head (GNN logits),0.8149056603773585,0.7092821433759396,0.6037735849056604,0.84,0.6666666666666666,0.8,0.6336633663366337,0.7265877807292924,0.17625056207180023,0.11950711677443383,2.1732114307047254,0.08413605333543292,0.39735397696495056,32,84,16,21,6.2966320514678955,4793280,338,,314,171,63,34,208,11,41,2,,,,,,,,,,,,,,,,,,,,,,,,,522,93,153,104
ablation,pima,2,0.8,ablation,0.5,0,3,2029,"Supervised only (no PL, CAA, proto)",0.7411320754716981,0.5382165218169276,0.7169811320754716,0.67,0.5352112676056338,0.8170731707317073,0.6129032258064516,0.6745834810350939,0.2505486309528351,1.4653874550406376,0.1758876399846588,0.24119118279077456,0.047901369631290436,38,67,33,15,4.3791303634643555,4844624,0,0.5966566113624937,314,171,63,34,208,11,41,2,,,,,,,,,,,,,,,,,,,,,,,,,522,93,153,104
ablation,pima,2,0.8,ablation,0.5,0,4,2030,Full,0.8643396226415094,0.7686585701735196,0.6415094339622641,0.92,0.8095238095238095,0.8288288288288288,0.7157894736842105,0.7939136941880769,0.1660265177488327,0.7744617134801347,0.22787691000545782,0.17045808986462407,0.8601471185684204,34,92,8,19,6.754159688949585,4865104,394,0.583239064856712,149,115,30,23,373,67,74,13,,,,,,,,,,,,,,,,,,,,,,,,,522,93,153,104
ablation,pima,2,0.8,ablation,0.5,0,4,2030,w/o PG-PL gates 2-3 (confidence only),0.8733962264150943,0.775544728413909,0.7169811320754716,0.86,0.7307692307692307,0.8514851485148515,0.7238095238095238,0.7897654584221748,0.16392043232917786,1.6563995236420632,0.23990801237145873,0.15543563063773844,0.1187373623251915,38,86,14,15,6.752021074295044,4865104,403,0.5541415284062343,149,115,30,23,373,67,74,13,,,,,,,,,,,,,,,,,,,,,,,,,522,93,153,104
ablation,pima,2,0.8,ablation,0.5,0,4,2030,w/o pseudo-labelling,0.8800943396226415,0.7902324106533295,0.8490566037735849,0.77,0.6617647058823529,0.9058823529411765,0.743801652892562,0.7881170426624973,0.16234511137008667,-0.5367060424959994,0.22853012072796156,0.15645762098940952,0.11698706448078156,45,77,23,8,7.201879978179932,4865104,0,0.5822021116138764,149,115,30,23,373,67,74,13,,,,,,,,,,,,,,,,,,,,,,,,,522,93,153,104
ablation,pima,2,0.8,ablation,0.5,0,4,2030,w/o adaptive graph refinement,0.8643396226415094,0.7630042217479694,0.7547169811320755,0.85,0.7272727272727273,0.8673469387755102,0.7407407407407407,0.7996632996632996,0.1684938371181488,0.5552628482799683,0.34419500877385634,0.16017372498373966,0.19760975241661072,40,85,15,13,6.586735010147095,4865104,371,0.5991075917546507,149,115,30,23,373,67,74,13,,,,,,,,,,,,,,,,,,,,,,,,,522,93,153,104
ablation,pima,2,0.8,ablation,0.5,0,4,2030,w/o clinical-aware augmentation,0.8688679245283019,0.7834485948459488,0.5660377358490566,0.94,0.8333333333333334,0.8034188034188035,0.6741573033707865,0.7702583751876975,0.16183800995349884,0.07106809300378757,0.2647642651606529,0.15100567423878544,0.9753923416137695,30,94,6,23,4.178301095962524,4865104,366,0.5982277526395173,149,115,30,23,373,67,74,13,,,,,,,,,,,,,,,,,,,,,,,,,522,93,153,104
ablation,pima,2,0.8,ablation,0.5,0,4,2030,w/o prototype sharing,0.8652830188679245,0.7814953118503766,0.6981132075471698,0.85,0.7115384615384616,0.8415841584158416,0.7047619047619048,0.7752665245202559,0.16266527771949768,1.422071591857254,0.2700099386595813,0.14610004367830318,0.15087974071502686,37,85,15,16,6.808706521987915,4844624,345,0.5737493715434892,149,115,30,23,373,67,74,13,,,,,,,,,,,,,,,,,,,,,,,,,522,93,153,104
ablation,pima,2,0.8,ablation,0.5,0,4,2030,w/o focal loss (cross-entropy),0.8765094339622641,0.7494539788028834,0.8113207547169812,0.81,0.6935483870967742,0.8901098901098901,0.7478260869565218,0.7979968131117687,0.16864442825317383,-1.450242188118865,0.19775451662858406,0.1727431549148914,0.25587198138237,43,81,19,10,6.4547929763793945,4865104,398,0.5890208647561589,149,115,30,23,373,67,74,13,,,,,,,,,,,,,,,,,,,,,,,,,522,93,153,104
ablation,pima,2,0.8,ablation,0.5,0,4,2030,w/o contrastive loss,0.8513207547169811,0.7483820779192892,0.6415094339622641,0.88,0.7391304347826086,0.822429906542056,0.6868686868686869,0.7685551163812033,0.18297435343265533,-0.014884120268368542,0.20475537439122463,0.18360364666586024,0.7692735195159912,34,88,12,19,6.949199676513672,4865104,391,0.5868526897938663,149,115,30,23,373,67,74,13,,,,,,,,,,,,,,,,,,,,,,,,,522,93,153,104
ablation,pima,2,0.8,ablation,0.5,0,4,2030,w/o class-aware smoothness,0.8774528301886793,0.7655857585818603,0.8113207547169812,0.86,0.7543859649122807,0.8958333333333334,0.7818181818181819,0.8296846011131725,0.16342011094093323,1.1386340256246397,0.191203487953066,0.16179725174712978,0.07802010327577591,43,86,14,10,6.272362470626831,4865104,367,0.5610545500251383,149,115,30,23,373,67,74,13,,,,,,,,,,,,,,,,,,,,,,,,,522,93,153,104
ablation,pima,2,0.8,ablation,0.5,0,4,2030,w/o dynamic edge attention,0.8815094339622642,0.7788537381489233,0.7547169811320755,0.85,0.7272727272727273,0.8673469387755102,0.7407407407407407,0.7996632996632996,0.16340020298957825,-1.0752953682321456,0.26019110168384074,0.15379957338563757,0.7063243985176086,40,85,15,13,5.473300457000732,4680624,373,0.6236488185017597,149,115,30,23,373,67,74,13,,,,,,,,,,,,,,,,,,,,,,,,,522,93,153,104
ablation,pima,2,0.8,ablation,0.5,0,4,2030,w/o FedProx term,0.8630188679245283,0.7681268198947571,0.6415094339622641,0.92,0.8095238095238095,0.8288288288288288,0.7157894736842105,0.7939136941880769,0.16816234588623047,0.6155370049656386,0.21795181612126405,0.1699117310345173,0.8757619857788086,34,92,8,19,6.26494836807251,4865104,394,0.5848730517848165,149,115,30,23,373,67,74,13,,,,,,,,,,,,,,,,,,,,,,,,,522,93,153,104
ablation,pima,2,0.8,ablation,0.5,0,4,2030,w/o calibrated LR head (GNN logits),0.8643396226415095,0.7621618881594934,0.5660377358490566,0.93,0.8108108108108109,0.8017241379310345,0.6666666666666666,0.7638888888888888,0.1798388659954071,-1.0441807234548712,1.2936451538605098,0.18732155615987342,0.7508469820022583,30,93,7,23,6.49074912071228,4793280,394,,149,115,30,23,373,67,74,13,,,,,,,,,,,,,,,,,,,,,,,,,522,93,153,104
ablation,pima,2,0.8,ablation,0.5,0,4,2030,"Supervised only (no PL, CAA, proto)",0.8667924528301887,0.7863272910657254,0.5094339622641509,0.94,0.8181818181818182,0.7833333333333333,0.627906976744186,0.7412262156448203,0.16952639818191528,-0.2563360650336177,0.2550594490041169,0.17132810138628568,0.9891390204429626,27,94,6,26,4.307064533233643,4844624,0,0.5983534439416792,149,115,30,23,373,67,74,13,,,,,,,,,,,,,,,,,,,,,,,,,522,93,153,104
ablation,pima,2,0.8,ablation,0.5,1,0,3026,Full,0.7425925925925926,0.6364506189285075,0.6851851851851852,0.63,0.5,0.7875,0.578125,0.6390625,0.25533801317214966,-0.0018908739394860375,0.15136874472738046,0.23647151869878946,0.11644705384969711,37,63,37,17,6.908750057220459,4865104,308,0.6037087912087912,100,5,20,1,421,177,84,35,,,,,,,,,,,,,,,,,,,,,,,,,521,93,154,104
ablation,pima,2,0.8,ablation,0.5,1,0,3026,w/o PG-PL gates 2-3 (confidence only),0.739074074074074,0.640883425007723,0.5,0.8,0.574468085106383,0.7476635514018691,0.5346534653465347,0.6538001626249581,0.2540000081062317,0.6654551046982604,0.15726336518799483,0.2394237926520117,0.42051756381988525,27,80,20,27,6.60619330406189,4865104,307,0.6001810689310689,100,5,20,1,421,177,84,35,,,,,,,,,,,,,,,,,,,,,,,,,521,93,154,104
ablation,pima,2,0.8,ablation,0.5,1,0,3026,w/o pseudo-labelling,0.7848148148148147,0.6805728804557304,0.8703703703703703,0.52,0.49473684210526314,0.8813559322033898,0.6308724832214765,0.642480266767971,0.22092610597610474,-0.3433382975972061,0.20120636346219553,0.1959595606698618,0.027454128488898277,47,52,48,7,6.611934661865234,4865104,0,0.5955606893106893,100,5,20,1,421,177,84,35,,,,,,,,,,,,,,,,,,,,,,,,,521,93,154,104
ablation,pima,2,0.8,ablation,0.5,1,0,3026,w/o adaptive graph refinement,0.7956481481481481,0.7072657370027946,0.7962962962962963,0.6,0.5180722891566265,0.8450704225352113,0.6277372262773723,0.6647458061211422,0.2506010830402374,-2.0115359482832895,0.1446824562800646,0.24699514089515073,0.07614703476428986,43,60,40,11,6.92368483543396,4865104,269,0.5661213786213786,100,5,20,1,421,177,84,35,,,,,,,,,,,,,,,,,,,,,,,,,521,93,154,104
ablation,pima,2,0.8,ablation,0.5,1,0,3026,w/o clinical-aware augmentation,0.7677777777777778,0.6650699123862954,0.6111111111111112,0.75,0.5689655172413793,0.78125,0.5892857142857143,0.6772959183673469,0.2419942319393158,-0.03384698730726724,0.20640364026241326,0.22798195210370148,0.2774537205696106,33,75,25,21,4.141359567642212,4865104,273,0.6106705794205795,100,5,20,1,421,177,84,35,,,,,,,,,,,,,,,,,,,,,,,,,521,93,154,104
ablation,pima,2,0.8,ablation,0.5,1,0,3026,w/o prototype sharing,0.7494444444444444,0.6534593329021289,0.4444444444444444,0.85,0.6153846153846154,0.7391304347826086,0.5161290322580645,0.6534133533383346,0.243958979845047,0.6434473923493429,0.17378056911655335,0.2205531093981359,0.6497890949249268,24,85,15,30,6.8549816608428955,4844624,297,0.5978396603396603,100,5,20,1,421,177,84,35,,,,,,,,,,,,,,,,,,,,,,,,,521,93,154,104
ablation,pima,2,0.8,ablation,0.5,1,0,3026,w/o focal loss (cross-entropy),0.7909259259259259,0.6645068450051483,0.7592592592592593,0.71,0.5857142857142857,0.8452380952380952,0.6612903225806451,0.7165147265077139,0.22369490563869476,-0.19971476407551475,0.18592783972448473,0.20322427391860778,0.15962985157966614,41,71,29,13,7.167340993881226,4865104,376,0.5683691308691309,100,5,20,1,421,177,84,35,,,,,,,,,,,,,,,,,,,,,,,,,521,93,154,104
ablation,pima,2,0.8,ablation,0.5,1,0,3026,w/o contrastive loss,0.791111111111111,0.6467632711188128,0.9074074074074074,0.58,0.5384615384615384,0.9206349206349206,0.6758620689655173,0.6937592553416543,0.21670480072498322,-0.9178540499249439,0.21148890555102978,0.18826528287843453,0.1337059736251831,49,58,42,5,6.75762152671814,4865104,285,0.5940309690309691,100,5,20,1,421,177,84,35,,,,,,,,,,,,,,,,,,,,,,,,,521,93,154,104
ablation,pima,2,0.8,ablation,0.5,1,0,3026,w/o class-aware smoothness,0.7442592592592593,0.6207276954321126,0.8888888888888888,0.49,0.48484848484848486,0.8909090909090909,0.6274509803921569,0.629854522454143,0.2709207832813263,-1.043750892960779,0.14716236000601762,0.24947010045992085,0.03125118464231491,48,49,51,6,6.420367956161499,4865104,341,0.5988698801198801,100,5,20,1,421,177,84,35,,,,,,,,,,,,,,,,,,,,,,,,,521,93,154,104
ablation,pima,2,0.8,ablation,0.5,1,0,3026,w/o dynamic edge attention,0.7659259259259259,0.6653299588580581,0.8148148148148148,0.56,0.5,0.8484848484848485,0.6197183098591549,0.6472085525199389,0.2555650472640991,-1.1817815234067368,0.23221527332915698,0.23949497442257092,0.17038193345069885,44,56,44,10,5.4886860847473145,4680624,286,0.6073926073926074,100,5,20,1,421,177,84,35,,,,,,,,,,,,,,,,,,,,,,,,,521,93,154,104
ablation,pima,2,0.8,ablation,0.5,1,0,3026,w/o FedProx term,0.7564814814814815,0.6492572002900042,0.7222222222222222,0.62,0.5064935064935064,0.8051948051948052,0.5954198473282443,0.6479924095398284,0.24898375570774078,-0.1464442196997347,0.16217963432542293,0.23773136264463138,0.09744372963905334,39,62,38,15,6.398706674575806,4865104,308,0.5989947552447552,100,5,20,1,421,177,84,35,,,,,,,,,,,,,,,,,,,,,,,,,521,93,154,104
ablation,pima,2,0.8,ablation,0.5,1,0,3026,w/o calibrated LR head (GNN logits),0.8292592592592593,0.7401322421621872,0.9259259259259259,0.48,0.49019607843137253,0.9230769230769231,0.6410256410256411,0.6363022941970311,0.1645185947418213,-0.18737228445628698,1.5886109186872723,0.08302069300567949,0.3040200173854828,50,48,52,4,6.541830062866211,4793280,308,,100,5,20,1,421,177,84,35,,,,,,,,,,,,,,,,,,,,,,,,,521,93,154,104
ablation,pima,2,0.8,ablation,0.5,1,0,3026,"Supervised only (no PL, CAA, proto)",0.7545370370370371,0.6579552390824498,0.8333333333333334,0.49,0.46875,0.8448275862068966,0.6,0.6101265822784809,0.2658286690711975,-1.1309892963632602,0.1726988574850849,0.251861987653636,0.06890879571437836,45,49,51,9,4.508585214614868,4844624,0,0.6136363636363635,100,5,20,1,421,177,84,35,,,,,,,,,,,,,,,,,,,,,,,,,521,93,154,104
ablation,pima,2,0.8,ablation,0.5,1,1,3027,Full,0.820925925925926,0.6893702063159732,0.8518518518518519,0.67,0.5822784810126582,0.8933333333333333,0.6917293233082706,0.7287218045112782,0.23068057000637054,0.9674050014820328,0.18989122278591472,0.23038587833500723,0.012343335896730423,46,67,33,8,6.87835168838501,4865104,358,0.5230364873222016,267,163,54,33,254,19,51,4,,,,,,,,,,,,,,,,,,,,,,,,,521,93,154,105
ablation,pima,2,0.8,ablation,0.5,1,1,3027,w/o PG-PL gates 2-3 (confidence only),0.822037037037037,0.6774505223355697,0.7962962962962963,0.72,0.6056338028169014,0.8674698795180723,0.688,0.7374426229508196,0.22530503571033478,1.789088737084094,0.2159670822319825,0.20844810280658593,0.02882578782737255,43,72,28,11,6.705444812774658,4865104,360,0.5291589363017934,267,163,54,33,254,19,51,4,,,,,,,,,,,,,,,,,,,,,,,,,521,93,154,105
ablation,pima,2,0.8,ablation,0.5,1,1,3027,w/o pseudo-labelling,0.8159259259259259,0.6829863798441498,0.8333333333333334,0.65,0.5625,0.8783783783783784,0.6716417910447762,0.7093841139131927,0.22843767702579498,1.8285557427139683,0.2093120718641802,0.21734217221715624,0.005193835590034723,45,65,35,9,6.7247231006622314,4865104,0,0.5438157081014224,267,163,54,33,254,19,51,4,,,,,,,,,,,,,,,,,,,,,,,,,521,93,154,105
ablation,pima,2,0.8,ablation,0.5,1,1,3027,w/o adaptive graph refinement,0.8122222222222222,0.6871742542291854,0.7222222222222222,0.73,0.5909090909090909,0.8295454545454546,0.65,0.7132978723404255,0.23095950484275818,-0.677761556551806,0.17966452684743645,0.21422501900172855,0.3433946669101715,39,73,27,15,6.866244792938232,4865104,372,0.5142547928262213,267,163,54,33,254,19,51,4,,,,,,,,,,,,,,,,,,,,,,,,,521,93,154,105
ablation,pima,2,0.8,ablation,0.5,1,1,3027,w/o clinical-aware augmentation,0.8277777777777777,0.6684768231553824,0.6111111111111112,0.85,0.6875,0.8018867924528302,0.6470588235294118,0.7361507709880069,0.2164868265390396,2.3348948507556497,0.2738450297194516,0.19950372251597315,0.16335268318653107,33,85,15,21,4.15239691734314,4865104,328,0.5459492888064317,267,163,54,33,254,19,51,4,,,,,,,,,,,,,,,,,,,,,,,,,521,93,154,105
ablation,pima,2,0.8,ablation,0.5,1,1,3027,w/o prototype sharing,0.8077777777777777,0.6656883191073677,0.8518518518518519,0.69,0.5974025974025974,0.8961038961038961,0.7022900763358778,0.7409755466425152,0.24725420773029327,2.257186874974466,0.2027348491355944,0.24535702645488372,0.0056676240637898445,46,69,31,8,6.58023738861084,4844624,312,0.5269635126777984,267,163,54,33,254,19,51,4,,,,,,,,,,,,,,,,,,,,,,,,,521,93,154,105
ablation,pima,2,0.8,ablation,0.5,1,1,3027,w/o focal loss (cross-entropy),0.8212962962962963,0.6853044453589052,0.7222222222222222,0.73,0.5909090909090909,0.8295454545454546,0.65,0.7132978723404255,0.24585671722888947,-2.4144087946811816,0.15944077625010097,0.24824552469003897,0.7295793294906616,39,73,27,15,6.920637369155884,4865104,385,0.5042671614100186,267,163,54,33,254,19,51,4,,,,,,,,,,,,,,,,,,,,,,,,,521,93,154,105
ablation,pima,2,0.8,ablation,0.5,1,1,3027,w/o contrastive loss,0.8331481481481482,0.7126938230461884,0.6481481481481481,0.78,0.6140350877192983,0.8041237113402062,0.6306306306306306,0.7112544016097315,0.22744983434677124,-1.9345953793961286,0.18071579277521052,0.22561151717559666,0.7796581387519836,35,78,22,19,6.792115211486816,4865104,331,0.49418676561533703,267,163,54,33,254,19,51,4,,,,,,,,,,,,,,,,,,,,,,,,,521,93,154,105
ablation,pima,2,0.8,ablation,0.5,1,1,3027,w/o class-aware smoothness,0.8138888888888889,0.698345719687294,0.6851851851851852,0.7,0.5522388059701493,0.8045977011494253,0.6115702479338843,0.6801166747690812,0.21789823472499847,0.09433969943953045,0.21308298025237077,0.19799866895614704,0.2901480197906494,37,70,30,17,6.594318866729736,4865104,352,0.5340445269016698,267,163,54,33,254,19,51,4,,,,,,,,,,,,,,,,,,,,,,,,,521,93,154,105
ablation,pima,2,0.8,ablation,0.5,1,1,3027,w/o dynamic edge attention,0.8109259259259259,0.6757763541530654,0.6296296296296297,0.76,0.5862068965517241,0.7916666666666666,0.6071428571428571,0.6913265306122449,0.23153850436210632,2.8935983439130686,0.23085635894422382,0.22385174105572817,0.03058931790292263,34,76,24,20,5.604406118392944,4680624,347,0.5368274582560297,267,163,54,33,254,19,51,4,,,,,,,,,,,,,,,,,,,,,,,,,521,93,154,105
ablation,pima,2,0.8,ablation,0.5,1,1,3027,w/o FedProx term,0.8309259259259258,0.7120290344426456,0.7962962962962963,0.66,0.5584415584415584,0.8571428571428571,0.6564885496183206,0.7011256307413637,0.21965011954307556,1.3926006972309104,0.18108942208887696,0.20994782985744442,0.008107993751764297,43,66,34,11,6.476858615875244,4865104,358,0.516573902288188,267,163,54,33,254,19,51,4,,,,,,,,,,,,,,,,,,,,,,,,,521,93,154,105
ablation,pima,2,0.8,ablation,0.5,1,1,3027,w/o calibrated LR head (GNN logits),0.8307407407407408,0.6991653827937656,0.7407407407407407,0.71,0.5797101449275363,0.8352941176470589,0.6504065040650406,0.7089870358163042,0.17073847353458405,-0.09453125095002662,2.28669253155604,0.11433417291997314,0.4462009072303772,40,71,29,14,6.586523532867432,4793280,358,,267,163,54,33,254,19,51,4,,,,,,,,,,,,,,,,,,,,,,,,,521,93,154,105
ablation,pima,2,0.8,ablation,0.5,1,1,3027,"Supervised only (no PL, CAA, proto)",0.8057407407407408,0.6688705755483408,0.6851851851851852,0.74,0.5873015873015873,0.8131868131868132,0.6324786324786325,0.7036738712131383,0.2584112584590912,3.0991022578393825,0.21392204147509988,0.28250094638024636,0.016857560724020004,37,74,26,17,4.498838663101196,4844624,0,0.5370439084724798,267,163,54,33,254,19,51,4,,,,,,,,,,,,,,,,,,,,,,,,,521,93,154,105
ablation,pima,2,0.8,ablation,0.5,1,2,3028,Full,0.7807407407407407,0.6438204903920629,0.9074074074074074,0.5,0.494949494949495,0.9090909090909091,0.6405228758169934,0.642842083069787,0.26430651545524597,-2.156894757524144,0.19035020157729776,0.25499543806465413,0.04741659015417099,49,50,50,5,6.752676725387573,4865104,215,0.6745681502963057,469,167,93,33,52,15,10,3,,,,,,,,,,,,,,,,,,,,,,,,,521,93,154,103
ablation,pima,2,0.8,ablation,0.5,1,2,3028,w/o PG-PL gates 2-3 (confidence only),0.765,0.5873401022799088,0.9259259259259259,0.46,0.4807692307692308,0.92,0.6329113924050633,0.6231223628691983,0.2494327425956726,-1.2437646448609299,0.2301261556038171,0.22460380854544698,0.03181618079543114,50,46,54,4,6.812781810760498,4865104,214,0.6741898877821207,469,167,93,33,52,15,10,3,,,,,,,,,,,,,,,,,,,,,,,,,521,93,154,103
ablation,pima,2,0.8,ablation,0.5,1,2,3028,w/o pseudo-labelling,0.7592592592592593,0.6236226892145345,0.8703703703703703,0.47,0.47,0.8703703703703703,0.6103896103896104,0.6103896103896104,0.26029983162879944,-1.513875573105642,0.1754606785784744,0.23486715332036473,0.01961870677769184,47,47,53,7,6.7241129875183105,4865104,0,0.6936073635102761,469,167,93,33,52,15,10,3,,,,,,,,,,,,,,,,,,,,,,,,,521,93,154,103
ablation,pima,2,0.8,ablation,0.5,1,2,3028,w/o adaptive graph refinement,0.7620370370370371,0.592432813400751,0.8518518518518519,0.5,0.4791666666666667,0.8620689655172413,0.6133333333333333,0.6231223628691983,0.23205988109111786,-0.4082085819781122,0.23385127828065455,0.20922165649471341,0.04936877638101578,46,50,50,8,6.748927354812622,4865104,163,0.6517463119404867,469,167,93,33,52,15,10,3,,,,,,,,,,,,,,,,,,,,,,,,,521,93,154,103
ablation,pima,2,0.8,ablation,0.5,1,2,3028,w/o clinical-aware augmentation,0.7777777777777778,0.6064754384024775,0.8703703703703703,0.53,0.5,0.8833333333333333,0.6351351351351351,0.6488175675675676,0.25290754437446594,-1.716300185576755,0.1860839154531099,0.2505070823305226,0.034446801990270615,47,53,47,7,4.747949600219727,4865104,195,0.6700920438784517,469,167,93,33,52,15,10,3,,,,,,,,,,,,,,,,,,,,,,,,,521,93,154,103
ablation,pima,2,0.8,ablation,0.5,1,2,3028,w/o prototype sharing,0.7751851851851852,0.6419311058782065,0.9074074074074074,0.49,0.49,0.9074074074074074,0.6363636363636364,0.6363636363636364,0.262287437915802,-1.944878763896307,0.18967760194764957,0.2570485239848495,0.051650047302246094,49,49,51,5,6.777695178985596,4844624,218,0.6772475097717817,469,167,93,33,52,15,10,3,,,,,,,,,,,,,,,,,,,,,,,,,521,93,154,103
ablation,pima,2,0.8,ablation,0.5,1,2,3028,w/o focal loss (cross-entropy),0.7810185185185186,0.5885375431608617,0.9259259259259259,0.46,0.4807692307692308,0.92,0.6329113924050633,0.6231223628691983,0.2433951050043106,-1.2414053869726998,0.14692723084699316,0.24240414130610305,0.001532918307930231,50,46,54,4,6.663749933242798,4865104,378,0.650516958769386,469,167,93,33,52,15,10,3,,,,,,,,,,,,,,,,,,,,,,,,,521,93,154,103
ablation,pima,2,0.8,ablation,0.5,1,2,3028,w/o contrastive loss,0.8024074074074075,0.6728465489735437,0.7037037037037037,0.74,0.59375,0.8222222222222222,0.6440677966101694,0.711507582515611,0.21160878241062164,-0.6468968161559476,0.3216288567826169,0.20067042265958213,0.3772631883621216,38,74,26,16,6.765595197677612,4865104,223,0.6546463245492372,469,167,93,33,52,15,10,3,,,,,,,,,,,,,,,,,,,,,,,,,521,93,154,103
ablation,pima,2,0.8,ablation,0.5,1,2,3028,w/o class-aware smoothness,0.7822222222222223,0.6059404828022107,0.7962962962962963,0.65,0.5512820512820513,0.8552631578947368,0.6515151515151515,0.6950757575757576,0.2316456139087677,-1.0758168964866452,0.15541629935947474,0.23751671448978895,0.07341219484806061,43,65,35,11,6.9651031494140625,4865104,275,0.6564115496154331,469,167,93,33,52,15,10,3,,,,,,,,,,,,,,,,,,,,,,,,,521,93,154,103
ablation,pima,2,0.8,ablation,0.5,1,2,3028,w/o dynamic edge attention,0.7553703703703704,0.62406296674036,0.8518518518518519,0.55,0.5054945054945055,0.873015873015873,0.6344827586206897,0.6546646921937804,0.2752077579498291,-1.6068075208169093,0.1523556776655912,0.2777480780231682,0.0462457537651062,46,55,45,8,5.458688974380493,4680624,242,0.6952149791955617,469,167,93,33,52,15,10,3,,,,,,,,,,,,,,,,,,,,,,,,,521,93,154,103
ablation,pima,2,0.8,ablation,0.5,1,2,3028,w/o FedProx term,0.7714814814814814,0.6247892401666479,0.9074074074074074,0.48,0.48514851485148514,0.9056603773584906,0.632258064516129,0.629854522454143,0.26737475395202637,-1.899352190466985,0.18921609673278733,0.24607815450758902,0.035606544464826584,49,48,52,5,6.3146092891693115,4865104,217,0.6782877316857899,469,167,93,33,52,15,10,3,,,,,,,,,,,,,,,,,,,,,,,,,521,93,154,103
ablation,pima,2,0.8,ablation,0.5,1,2,3028,w/o calibrated LR head (GNN logits),0.7994444444444444,0.6388584797487477,0.5555555555555556,0.81,0.6122448979591837,0.7714285714285715,0.5825242718446602,0.6863840871418423,0.17755572497844696,-0.20293828415992632,1.4410480722830998,0.09730305203369685,0.47750136256217957,30,81,19,24,6.648096799850464,4793280,215,,469,167,93,33,52,15,10,3,,,,,,,,,,,,,,,,,,,,,,,,,521,93,154,103
ablation,pima,2,0.8,ablation,0.5,1,2,3028,"Supervised only (no PL, CAA, proto)",0.7707407407407407,0.5795206446531728,0.8148148148148148,0.62,0.5365853658536586,0.8611111111111112,0.6470588235294118,0.6839945280437756,0.23106493055820465,-0.5071530102048144,0.21640124944433664,0.2242585529222504,0.06269707530736923,44,62,38,10,4.2321836948394775,4844624,0,0.6548354558063296,469,167,93,33,52,15,10,3,,,,,,,,,,,,,,,,,,,,,,,,,521,93,154,103
ablation,pima,2,0.8,ablation,0.5,1,3,3029,Full,0.749056603773585,0.5874953998651622,0.8113207547169812,0.61,0.524390243902439,0.8591549295774648,0.6370370370370371,0.675243664717349,0.29613596200942993,-3.2336466537944513,0.21376461558540477,0.29929038637555117,0.6511238813400269,43,61,39,10,6.520710706710815,4865104,346,0.6612619406737054,179,5,36,1,343,177,68,35,,,,,,,,,,,,,,,,,,,,,,,,,522,93,153,104
ablation,pima,2,0.8,ablation,0.5,1,3,3029,w/o PG-PL gates 2-3 (confidence only),0.7369811320754718,0.5988097538609309,0.8490566037735849,0.45,0.45,0.8490566037735849,0.5882352941176471,0.5882352941176471,0.3190670907497406,-3.56437602921742,0.1854119292374491,0.3195200788064136,0.22865639626979828,45,45,55,8,6.815901279449463,4865104,349,0.6554172951231775,179,5,36,1,343,177,68,35,,,,,,,,,,,,,,,,,,,,,,,,,522,93,153,104
ablation,pima,2,0.8,ablation,0.5,1,3,3029,w/o pseudo-labelling,0.7266037735849057,0.5939295883286391,0.5094339622641509,0.83,0.6136363636363636,0.7614678899082569,0.5567010309278351,0.6754797020667884,0.28098800778388977,-1.891072191851674,0.22984608383395508,0.26262307946198904,0.8962478041648865,27,83,17,26,6.779979467391968,4865104,0,0.710910005027652,179,5,36,1,343,177,68,35,,,,,,,,,,,,,,,,,,,,,,,,,522,93,153,104
ablation,pima,2,0.8,ablation,0.5,1,3,3029,w/o adaptive graph refinement,0.7430188679245283,0.6322773556946172,0.6037735849056604,0.73,0.5423728813559322,0.776595744680851,0.5714285714285714,0.6620029455081001,0.2627992331981659,-1.6752933647916997,0.30933829113727057,0.26165788412532387,0.794380247592926,32,73,27,21,6.963278770446777,4865104,369,0.7218451483157365,179,5,36,1,343,177,68,35,,,,,,,,,,,,,,,,,,,,,,,,,522,93,153,104
ablation,pima,2,0.8,ablation,0.5,1,3,3029,w/o clinical-aware augmentation,0.7139622641509434,0.5767044181044932,0.5660377358490566,0.69,0.4918032786885246,0.75,0.5263157894736842,0.622532894736842,0.3373274505138397,-3.8256707013230664,0.16114550434696806,0.32732567922790456,0.9552536606788635,30,69,31,23,4.088701963424683,4865104,294,0.6626759678230266,179,5,36,1,343,177,68,35,,,,,,,,,,,,,,,,,,,,,,,,,522,93,153,104
ablation,pima,2,0.8,ablation,0.5,1,3,3029,w/o prototype sharing,0.730754716981132,0.6089382629844206,0.6981132075471698,0.64,0.5068493150684932,0.8,0.5873015873015873,0.6492063492063492,0.31992989778518677,-3.9251896670783952,0.1594733502773979,0.31566489859198044,0.8713263273239136,37,64,36,16,6.733675956726074,4844624,262,0.6610105580693816,179,5,36,1,343,177,68,35,,,,,,,,,,,,,,,,,,,,,,,,,522,93,153,104
ablation,pima,2,0.8,ablation,0.5,1,3,3029,w/o focal loss (cross-entropy),0.7347169811320755,0.633658088137756,0.6037735849056604,0.66,0.48484848484848486,0.7586206896551724,0.5378151260504201,0.6218487394957983,0.27364224195480347,-1.7792867207772551,0.28092302564381594,0.26989232846140077,0.6645737886428833,32,66,34,21,6.728988885879517,4865104,370,0.6728883861236803,179,5,36,1,343,177,68,35,,,,,,,,,,,,,,,,,,,,,,,,,522,93,153,104
ablation,pima,2,0.8,ablation,0.5,1,3,3029,w/o contrastive loss,0.7771698113207547,0.6451544180679575,0.8113207547169812,0.65,0.5512820512820513,0.8666666666666667,0.6564885496183206,0.6996728462377317,0.2600075304508209,-3.067957816664969,0.21740229727826527,0.2423050013048197,0.6381297707557678,43,65,35,10,6.976124286651611,4865104,295,0.6428481649069884,179,5,36,1,343,177,68,35,,,,,,,,,,,,,,,,,,,,,,,,,522,93,153,104
ablation,pima,2,0.8,ablation,0.5,1,3,3029,w/o class-aware smoothness,0.6822641509433963,0.5707605757543264,0.33962264150943394,0.9,0.6428571428571429,0.72,0.4444444444444444,0.6222222222222222,0.3316483497619629,-2.4649905168394217,0.11749000555714438,0.3411496419922199,0.9904035329818726,18,90,10,35,6.164750576019287,4865104,311,0.7064165409753645,179,5,36,1,343,177,68,35,,,,,,,,,,,,,,,,,,,,,,,,,522,93,153,104
ablation,pima,2,0.8,ablation,0.5,1,3,3029,w/o dynamic edge attention,0.6783018867924528,0.5635333363895139,0.4716981132075472,0.73,0.4807692307692308,0.7227722772277227,0.47619047619047616,0.6012793176972282,0.29932209849357605,-1.7290684633762863,0.13917128319866712,0.26609528748915084,0.848057210445404,25,73,27,28,5.354436874389648,4680624,300,0.6997234791352439,179,5,36,1,343,177,68,35,,,,,,,,,,,,,,,,,,,,,,,,,522,93,153,104
ablation,pima,2,0.8,ablation,0.5,1,3,3029,w/o FedProx term,0.7452830188679245,0.5804541991743282,0.7169811320754716,0.66,0.5277777777777778,0.8148148148148148,0.608,0.6686408839779006,0.3033861219882965,-3.300364092537823,0.2044044936117255,0.31021872671698436,0.829268217086792,38,66,34,15,6.382246255874634,4865104,347,0.659376571141277,179,5,36,1,343,177,68,35,,,,,,,,,,,,,,,,,,,,,,,,,522,93,153,104
ablation,pima,2,0.8,ablation,0.5,1,3,3029,w/o calibrated LR head (GNN logits),0.7675471698113207,0.6604922792888278,0.7169811320754716,0.71,0.5671641791044776,0.8255813953488372,0.6333333333333333,0.6983870967741935,0.21952059864997864,-0.6854509813715767,2.7729256915083593,0.18388863813643364,0.5270711779594421,38,71,29,15,5.980114221572876,4793280,346,,179,5,36,1,343,177,68,35,,,,,,,,,,,,,,,,,,,,,,,,,522,93,153,104
ablation,pima,2,0.8,ablation,0.5,1,3,3029,"Supervised only (no PL, CAA, proto)",0.7333962264150944,0.5935125704268125,0.6792452830188679,0.68,0.5294117647058824,0.8,0.5950413223140496,0.6650882287245924,0.313671350479126,-3.4928396041175898,0.18931021556626026,0.31844253517882104,0.9055152535438538,36,68,32,17,4.727536201477051,4844624,0,0.6582767722473605,179,5,36,1,343,177,68,35,,,,,,,,,,,,,,,,,,,,,,,,,522,93,153,104
ablation,pima,2,0.8,ablation,0.5,1,4,3030,Full,0.7873584905660377,0.6909960653974287,0.8679245283018868,0.55,0.5054945054945055,0.8870967741935484,0.6388888888888888,0.6589506172839505,0.24704445898532867,-1.1141164271162936,0.15662472561718757,0.23420682718088615,0.005213716067373753,46,55,45,7,6.641225814819336,4865104,368,0.6089429361488186,301,16,60,3,221,166,44,33,,,,,,,,,,,,,,,,,,,,,,,,,522,93,153,104
ablation,pima,2,0.8,ablation,0.5,1,4,3030,w/o PG-PL gates 2-3 (confidence only),0.7892452830188679,0.7128212104570639,0.8301886792452831,0.56,0.5,0.8615384615384616,0.624113475177305,0.6514506769825918,0.24705830216407776,-2.710027824742272,0.16081691737249032,0.2602512550242002,0.09235825389623642,44,56,44,9,6.8317084312438965,4865104,405,0.6078745600804425,301,16,60,3,221,166,44,33,,,,,,,,,,,,,,,,,,,,,,,,,522,93,153,104
ablation,pima,2,0.8,ablation,0.5,1,4,3030,w/o pseudo-labelling,0.7684905660377359,0.6716452710720011,0.4339622641509434,0.87,0.6388888888888888,0.7435897435897436,0.5168539325842697,0.65934862527831,0.25478318333625793,-0.7161326249150627,0.13958100186746392,0.24496282140413916,0.9718235731124878,23,87,13,30,6.731255769729614,4865104,0,0.6188411261940674,301,16,60,3,221,166,44,33,,,,,,,,,,,,,,,,,,,,,,,,,522,93,153,104
ablation,pima,2,0.8,ablation,0.5,1,4,3030,w/o adaptive graph refinement,0.7388679245283019,0.6341986647251119,0.6226415094339622,0.74,0.559322033898305,0.7872340425531915,0.5892857142857143,0.6760861561119293,0.24565698206424713,0.7505127178594668,0.12467732546304537,0.23438352709209995,0.16383616626262665,33,74,26,20,7.013312816619873,4865104,416,0.6235231271995978,301,16,60,3,221,166,44,33,,,,,,,,,,,,,,,,,,,,,,,,,522,93,153,104
ablation,pima,2,0.8,ablation,0.5,1,4,3030,w/o clinical-aware augmentation,0.7837735849056604,0.6827511892805402,0.8867924528301887,0.47,0.47,0.8867924528301887,0.6143790849673203,0.6143790849673203,0.24180129170417786,-1.1870204416778336,0.19409846962625127,0.24150375607332175,0.011293100193142891,47,47,53,6,4.099419593811035,4865104,332,0.612965057817999,301,16,60,3,221,166,44,33,,,,,,,,,,,,,,,,,,,,,,,,,522,93,153,104
ablation,pima,2,0.8,ablation,0.5,1,4,3030,w/o prototype sharing,0.7845283018867925,0.6842028171268426,0.8113207547169812,0.6,0.5180722891566265,0.8571428571428571,0.6323529411764706,0.6691176470588236,0.2558092474937439,-1.1441096812044242,0.15008812637480506,0.2438019045987745,0.021940914914011955,43,60,40,10,6.658809661865234,4844624,285,0.5998931623931624,301,16,60,3,221,166,44,33,,,,,,,,,,,,,,,,,,,,,,,,,522,93,153,104
ablation,pima,2,0.8,ablation,0.5,1,4,3030,w/o focal loss (cross-entropy),0.7477358490566037,0.6489335364672401,0.8113207547169812,0.52,0.4725274725274725,0.8387096774193549,0.5972222222222222,0.6195987654320987,0.2769108712673187,-2.837107499736559,0.11680018195812542,0.2697810086306014,0.02208179049193859,43,52,48,10,6.622444152832031,4865104,394,0.5899007038712921,301,16,60,3,221,166,44,33,,,,,,,,,,,,,,,,,,,,,,,,,522,93,153,104
ablation,pima,2,0.8,ablation,0.5,1,4,3030,w/o contrastive loss,0.7616981132075472,0.6747376294115502,0.7735849056603774,0.63,0.5256410256410257,0.84,0.6259541984732825,0.6729770992366413,0.2513473629951477,-1.583339378109719,0.1508235935905776,0.23066802724611524,0.18658794462680817,41,63,37,12,6.962698459625244,4865104,380,0.6287707390648567,301,16,60,3,221,166,44,33,,,,,,,,,,,,,,,,,,,,,,,,,522,93,153,104
ablation,pima,2,0.8,ablation,0.5,1,4,3030,w/o class-aware smoothness,0.7502830188679246,0.6173408732021466,0.6981132075471698,0.7,0.5522388059701493,0.813953488372093,0.6166666666666667,0.6846774193548387,0.26798075437545776,-2.312843382275128,0.10375233961305315,0.2585705024604168,0.5086174011230469,37,70,30,16,6.301613807678223,4865104,374,0.5481711915535444,301,16,60,3,221,166,44,33,,,,,,,,,,,,,,,,,,,,,,,,,522,93,153,104
ablation,pima,2,0.8,ablation,0.5,1,4,3030,w/o dynamic edge attention,0.7771698113207546,0.6700767042828342,0.7924528301886793,0.6,0.5121951219512195,0.8450704225352113,0.6222222222222222,0.6619883040935672,0.23297707736492157,-1.098037932921104,0.1528249174203299,0.22485794248120264,0.025172172114253044,42,60,40,11,5.507543563842773,4680624,378,0.5913147310206134,301,16,60,3,221,166,44,33,,,,,,,,,,,,,,,,,,,,,,,,,522,93,153,104
ablation,pima,2,0.8,ablation,0.5,1,4,3030,w/o FedProx term,0.7871698113207547,0.6916832181620814,0.8679245283018868,0.54,0.5,0.8852459016393442,0.6344827586206897,0.6526451060184194,0.24821574985980988,-1.2183156168160927,0.15512291131303946,0.23496671896914834,0.005283638834953308,46,54,46,7,6.284298419952393,4865104,367,0.6083459024635496,301,16,60,3,221,166,44,33,,,,,,,,,,,,,,,,,,,,,,,,,522,93,153,104
ablation,pima,2,0.8,ablation,0.5,1,4,3030,w/o calibrated LR head (GNN logits),0.7656603773584906,0.5895779705669334,0.8867924528301887,0.49,0.47959183673469385,0.8909090909090909,0.6225165562913907,0.6273873104037598,0.1987563520669937,-0.3492742932600527,2.2918043890456494,0.09199294817993063,0.37334808707237244,47,49,51,6,6.160106182098389,4793280,368,,301,16,60,3,221,166,44,33,,,,,,,,,,,,,,,,,,,,,,,,,522,93,153,104
ablation,pima,2,0.8,ablation,0.5,1,4,3030,"Supervised only (no PL, CAA, proto)",0.7773584905660377,0.6733803376658826,0.32075471698113206,0.92,0.68,0.71875,0.4358974358974359,0.6214574898785425,0.2338734120130539,-1.082430417022103,0.1938981561662311,0.2157957335946217,0.9851843118667603,17,92,8,36,4.677308082580566,4844624,0,0.6307817998994469,301,16,60,3,221,166,44,33,,,,,,,,,,,,,,,,,,,,,,,,,522,93,153,104
ablation,pima,2,0.8,ablation,0.5,2,0,4026,Full,0.8550925925925926,0.6980149917397909,0.46296296296296297,0.94,0.8064516129032258,0.7642276422764228,0.5882352941176471,0.7156423107359535,0.1867300271987915,-1.7385990726276142,0.24185607433037629,0.17969780722512052,0.9908657670021057,25,94,6,29,6.542121887207031,4865104,241,0.5761738261738262,165,16,33,3,356,166,71,33,,,,,,,,,,,,,,,,,,,,,,,,,521,93,154,104
ablation,pima,2,0.8,ablation,0.5,2,0,4026,w/o PG-PL gates 2-3 (confidence only),0.8564814814814814,0.7110977119475443,0.6296296296296297,0.91,0.7906976744186046,0.8198198198198198,0.7010309278350515,0.7817950847706063,0.16188202798366547,-0.8471199935128009,0.4272951933214817,0.12084218178718507,0.8116410374641418,34,91,9,20,7.395500183105469,4865104,239,0.5913461538461539,165,16,33,3,356,166,71,33,,,,,,,,,,,,,,,,,,,,,,,,,521,93,154,104
ablation,pima,2,0.8,ablation,0.5,2,0,4026,w/o pseudo-labelling,0.8283333333333333,0.7073356969964931,0.4074074074074074,0.93,0.7586206896551724,0.744,0.5301204819277109,0.6783935742971887,0.19134792685508728,-0.8820311490544366,0.22651220813903647,0.17959650151141276,0.9832661151885986,22,93,7,32,6.462937355041504,4865104,0,0.6086413586413586,165,16,33,3,356,166,71,33,,,,,,,,,,,,,,,,,,,,,,,,,521,93,154,104
ablation,pima,2,0.8,ablation,0.5,2,0,4026,w/o adaptive graph refinement,0.8148148148148149,0.6467809827076731,0.5740740740740741,0.86,0.6888888888888889,0.7889908256880734,0.6262626262626263,0.7246145667198298,0.23452337086200714,-2.1524726395763416,0.19624734037896857,0.2361538509971329,0.9409233927726746,31,86,14,23,6.470651149749756,4865104,270,0.5776098901098902,165,16,33,3,356,166,71,33,,,,,,,,,,,,,,,,,,,,,,,,,521,93,154,104
ablation,pima,2,0.8,ablation,0.5,2,0,4026,w/o clinical-aware augmentation,0.8653703703703703,0.7655588917340977,0.8703703703703703,0.7,0.6103896103896104,0.9090909090909091,0.7175572519083969,0.754258851942899,0.15321415662765503,-0.34640436645353395,0.42751945093520516,0.1129923936027985,0.1487611085176468,47,70,30,7,4.290889501571655,4865104,266,0.5866321178821179,165,16,33,3,356,166,71,33,,,,,,,,,,,,,,,,,,,,,,,,,521,93,154,104
ablation,pima,2,0.8,ablation,0.5,2,0,4026,w/o prototype sharing,0.8592592592592593,0.7543166087135564,0.7037037037037037,0.83,0.6909090909090909,0.8383838383838383,0.6972477064220184,0.7657092803466876,0.171822190284729,-1.1506076796592488,0.44356636547488315,0.14384529299356721,0.7386561036109924,38,83,17,16,6.793229103088379,4844624,223,0.5881618381618381,165,16,33,3,356,166,71,33,,,,,,,,,,,,,,,,,,,,,,,,,521,93,154,104
ablation,pima,2,0.8,ablation,0.5,2,0,4026,w/o focal loss (cross-entropy),0.8324074074074074,0.6937080327833451,0.7222222222222222,0.8,0.6610169491525424,0.8421052631578947,0.6902654867256637,0.7553891536192421,0.22268010675907135,-3.0473296741418694,0.18532974520441742,0.2225727409475132,0.8974665999412537,39,80,20,15,6.836944341659546,4865104,367,0.5373064435564436,165,16,33,3,356,166,71,33,,,,,,,,,,,,,,,,,,,,,,,,,521,93,154,104
ablation,pima,2,0.8,ablation,0.5,2,0,4026,w/o contrastive loss,0.8641666666666666,0.7581415151566465,0.7962962962962963,0.83,0.7166666666666667,0.8829787234042553,0.7543859649122807,0.8050280340025321,0.21086420118808746,-3.017125583220263,0.23286877662651137,0.21872853948553275,0.8797850608825684,43,83,17,11,6.512259006500244,4865104,238,0.5449238261738261,165,16,33,3,356,166,71,33,,,,,,,,,,,,,,,,,,,,,,,,,521,93,154,104
ablation,pima,2,0.8,ablation,0.5,2,0,4026,w/o class-aware smoothness,0.8400925925925926,0.6980469193835552,0.5740740740740741,0.87,0.7045454545454546,0.7909090909090909,0.6326530612244898,0.7306122448979593,0.17881734669208527,-1.0261683162881872,0.26555391811508405,0.15220993205711436,0.8769272565841675,31,87,13,23,6.086212396621704,4865104,309,0.5667457542457542,165,16,33,3,356,166,71,33,,,,,,,,,,,,,,,,,,,,,,,,,521,93,154,104
ablation,pima,2,0.8,ablation,0.5,2,0,4026,w/o dynamic edge attention,0.8312962962962964,0.7104797187337264,0.6296296296296297,0.84,0.68,0.8076923076923077,0.6538461538461539,0.7386877828054299,0.2493385225534439,-3.3655252707718986,0.1952217922934056,0.24948544594664854,0.9827369451522827,34,84,16,20,5.468144178390503,4680624,309,0.5631243756243757,165,16,33,3,356,166,71,33,,,,,,,,,,,,,,,,,,,,,,,,,521,93,154,104
ablation,pima,2,0.8,ablation,0.5,2,0,4026,w/o FedProx term,0.8560185185185185,0.6990288648788137,0.46296296296296297,0.94,0.8064516129032258,0.7642276422764228,0.5882352941176471,0.7156423107359535,0.1865656077861786,-1.7547882944785262,0.24273915574578275,0.18002260414665783,0.9907765984535217,25,94,6,29,6.661913633346558,4865104,241,0.5763611388611389,165,16,33,3,356,166,71,33,,,,,,,,,,,,,,,,,,,,,,,,,521,93,154,104
ablation,pima,2,0.8,ablation,0.5,2,0,4026,w/o calibrated LR head (GNN logits),0.848888888888889,0.7126976763868463,0.7777777777777778,0.75,0.6268656716417911,0.8620689655172413,0.6942148760330579,0.7481769567331065,0.1886076182126999,-0.45376803264941756,3.4167683098714114,0.19707087766040457,0.47297605872154236,42,75,25,12,6.272080898284912,4793280,241,,165,16,33,3,356,166,71,33,,,,,,,,,,,,,,,,,,,,,,,,,521,93,154,104
ablation,pima,2,0.8,ablation,0.5,2,0,4026,"Supervised only (no PL, CAA, proto)",0.8512962962962962,0.7173540330578827,0.8518518518518519,0.72,0.6216216216216216,0.9,0.71875,0.759375,0.17692573368549347,-0.81549413254471,0.3057960977525927,0.143997623887542,0.2251894325017929,46,72,28,8,4.240854501724243,4844624,0,0.5892857142857143,165,16,33,3,356,166,71,33,,,,,,,,,,,,,,,,,,,,,,,,,521,93,154,104
ablation,pima,2,0.8,ablation,0.5,2,1,4027,Full,0.8021296296296296,0.6798256886793917,0.7592592592592593,0.69,0.5694444444444444,0.8414634146341463,0.6507936507936508,0.7045177045177045,0.23791469633579254,-0.7570498742799745,0.15917803163369032,0.2567181806684798,0.08812882751226425,41,69,31,13,7.089271545410156,4865104,276,0.6397040459540461,193,92,38,18,328,90,66,18,,,,,,,,,,,,,,,,,,,,,,,,,521,93,154,104
ablation,pima,2,0.8,ablation,0.5,2,1,4027,w/o PG-PL gates 2-3 (confidence only),0.7975,0.6672799589081113,0.7407407407407407,0.7,0.5714285714285714,0.8333333333333334,0.6451612903225806,0.703015427769986,0.23390568792819977,-0.5470759348912276,0.17178117202053178,0.24123967749175507,0.12999026477336884,40,70,30,14,6.900388717651367,4865104,275,0.6412649850149851,193,92,38,18,328,90,66,18,,,,,,,,,,,,,,,,,,,,,,,,,521,93,154,104
ablation,pima,2,0.8,ablation,0.5,2,1,4027,w/o pseudo-labelling,0.7942592592592592,0.7072931516568788,0.7962962962962963,0.59,0.5119047619047619,0.8428571428571429,0.6231884057971014,0.6586530264279624,0.23096144199371338,-0.31073230327117213,0.1811975779766,0.23513236999898757,0.014651568606495857,43,59,41,11,6.367098569869995,4865104,0,0.6482579920079921,193,92,38,18,328,90,66,18,,,,,,,,,,,,,,,,,,,,,,,,,521,93,154,104
ablation,pima,2,0.8,ablation,0.5,2,1,4027,w/o adaptive graph refinement,0.8325925925925927,0.7637239044968608,0.7592592592592593,0.75,0.6212121212121212,0.8522727272727273,0.6833333333333333,0.7406028368794326,0.21729794144630432,-1.7944735517038921,0.17161702587646058,0.21802275327893045,0.390596866607666,41,75,25,13,6.940775632858276,4865104,254,0.5696803196803197,193,92,38,18,328,90,66,18,,,,,,,,,,,,,,,,,,,,,,,,,521,93,154,104
ablation,pima,2,0.8,ablation,0.5,2,1,4027,w/o clinical-aware augmentation,0.7933333333333333,0.7017771682164269,0.7962962962962963,0.53,0.4777777777777778,0.828125,0.5972222222222222,0.6217818428184282,0.24962319433689117,-2.3499312965518984,0.16483464579956283,0.245405421568105,0.03369126468896866,43,53,47,11,4.44038987159729,4865104,213,0.6386113886113887,193,92,38,18,328,90,66,18,,,,,,,,,,,,,,,,,,,,,,,,,521,93,154,104
ablation,pima,2,0.8,ablation,0.5,2,1,4027,w/o prototype sharing,0.7924074074074073,0.6694126770221002,0.7407407407407407,0.66,0.5405405405405406,0.825,0.625,0.6791666666666667,0.23492877185344696,-0.5071757579930534,0.17885887941063452,0.2386519898745146,0.08548403531312943,40,66,34,14,6.62366247177124,4844624,275,0.6487887112887112,193,92,38,18,328,90,66,18,,,,,,,,,,,,,,,,,,,,,,,,,521,93,154,104
ablation,pima,2,0.8,ablation,0.5,2,1,4027,w/o focal loss (cross-entropy),0.8466666666666667,0.7844369691059604,0.7777777777777778,0.71,0.5915492957746479,0.8554216867469879,0.672,0.7239781420765028,0.19069582223892212,-0.9904499287029489,0.25663282135079074,0.17790278960503153,0.19266459345817566,42,71,29,12,7.051042556762695,4865104,344,0.6197864635364636,193,92,38,18,328,90,66,18,,,,,,,,,,,,,,,,,,,,,,,,,521,93,154,104
ablation,pima,2,0.8,ablation,0.5,2,1,4027,w/o contrastive loss,0.8123148148148149,0.6970921452837278,0.7962962962962963,0.64,0.5443037974683544,0.8533333333333334,0.6466165413533834,0.6890225563909774,0.21732018887996674,-0.8912316015233399,0.1758434889087652,0.20157256437005933,0.02523891068994999,43,64,36,11,6.643636703491211,4865104,240,0.5996815684315684,193,92,38,18,328,90,66,18,,,,,,,,,,,,,,,,,,,,,,,,,521,93,154,104
ablation,pima,2,0.8,ablation,0.5,2,1,4027,w/o class-aware smoothness,0.7862037037037036,0.6457841092858105,0.6296296296296297,0.75,0.576271186440678,0.7894736842105263,0.6017699115044248,0.685500340367597,0.25646480917930603,-1.992538410856824,0.1424635203429651,0.24441783770604375,0.7378410696983337,34,75,25,20,6.37307071685791,4865104,307,0.6510364635364635,193,92,38,18,328,90,66,18,,,,,,,,,,,,,,,,,,,,,,,,,521,93,154,104
ablation,pima,2,0.8,ablation,0.5,2,1,4027,w/o dynamic edge attention,0.8219444444444445,0.7119937264365537,0.8703703703703703,0.58,0.5280898876404494,0.8923076923076924,0.6573426573426573,0.6801864801864801,0.2017160952091217,-0.9370086189800761,0.19154516273031227,0.19386553232158932,0.012817032635211945,47,58,42,7,5.665453672409058,4680624,250,0.6212849650349651,193,92,38,18,328,90,66,18,,,,,,,,,,,,,,,,,,,,,,,,,521,93,154,104
ablation,pima,2,0.8,ablation,0.5,2,1,4027,w/o FedProx term,0.7874074074074074,0.6564347705557658,0.7407407407407407,0.64,0.5263157894736842,0.8205128205128205,0.6153846153846154,0.6672428694900605,0.2348688840866089,-0.5323149513425091,0.16795886206432706,0.23693788574113475,0.041672371327877045,40,64,36,14,6.915820598602295,4865104,277,0.6438561438561439,193,92,38,18,328,90,66,18,,,,,,,,,,,,,,,,,,,,,,,,,521,93,154,104
ablation,pima,2,0.8,ablation,0.5,2,1,4027,w/o calibrated LR head (GNN logits),0.817037037037037,0.7187796035745899,0.7962962962962963,0.63,0.5375,0.8513513513513513,0.6417910447761194,0.6829644879053011,0.17037899792194366,-0.5129803811889302,1.2417215318541173,0.11387988992712714,0.3924180567264557,43,63,37,11,6.152653932571411,4793280,276,,193,92,38,18,328,90,66,18,,,,,,,,,,,,,,,,,,,,,,,,,521,93,154,104
ablation,pima,2,0.8,ablation,0.5,2,1,4027,"Supervised only (no PL, CAA, proto)",0.7752777777777777,0.673202052538342,0.8148148148148148,0.52,0.4782608695652174,0.8387096774193549,0.6027397260273972,0.6223575173346862,0.24041160941123962,-0.841187747541425,0.146452945809666,0.24211560787221825,0.004232897888869047,44,52,48,10,4.531936883926392,4844624,0,0.6381118881118881,193,92,38,18,328,90,66,18,,,,,,,,,,,,,,,,,,,,,,,,,521,93,154,104
ablation,pima,2,0.8,ablation,0.5,2,2,4028,Full,0.7727777777777778,0.6357943284395643,0.5185185185185185,0.88,0.7,0.7719298245614035,0.5957446808510638,0.70908729369656,0.22183485329151154,1.2131267905660128,0.14393454395803662,0.21978205563379571,0.6176571249961853,28,88,12,26,7.009623050689697,4865104,376,0.6421391108891109,175,147,35,29,346,35,69,7,,,,,,,,,,,,,,,,,,,,,,,,,521,93,154,104
ablation,pima,2,0.8,ablation,0.5,2,2,4028,w/o PG-PL gates 2-3 (confidence only),0.7778703703703704,0.6439360280811078,0.5370370370370371,0.85,0.6590909090909091,0.7727272727272727,0.5918367346938775,0.7006802721088435,0.21918520331382751,0.8930888714956389,0.14192111659151152,0.2156833978732685,0.5669597387313843,29,85,15,25,6.953173637390137,4865104,390,0.6405469530469531,175,147,35,29,346,35,69,7,,,,,,,,,,,,,,,,,,,,,,,,,521,93,154,104
ablation,pima,2,0.8,ablation,0.5,2,2,4028,w/o pseudo-labelling,0.7723148148148148,0.6482827462499279,0.4444444444444444,0.9,0.7058823529411765,0.75,0.5454545454545454,0.6818181818181819,0.21853969991207123,0.8816212882019143,0.14306727916013598,0.20379222279366155,0.8361531496047974,24,90,10,30,6.654613256454468,4865104,0,0.6637112887112887,175,147,35,29,346,35,69,7,,,,,,,,,,,,,,,,,,,,,,,,,521,93,154,104
ablation,pima,2,0.8,ablation,0.5,2,2,4028,w/o adaptive graph refinement,0.7662037037037037,0.6413970867000904,0.5,0.87,0.675,0.7631578947368421,0.574468085106383,0.6937760986279579,0.24699367582798004,-0.8666273852586774,0.14443357005831423,0.2474218729048871,0.9263602495193481,27,87,13,27,6.880176782608032,4865104,381,0.6388299200799201,175,147,35,29,346,35,69,7,,,,,,,,,,,,,,,,,,,,,,,,,521,93,154,104
ablation,pima,2,0.8,ablation,0.5,2,2,4028,w/o clinical-aware augmentation,0.7718518518518518,0.6177602007203837,0.6111111111111112,0.76,0.5789473684210527,0.7835051546391752,0.5945945945945946,0.6830840993277542,0.23521259427070618,1.6611377336027469,0.1489896223331372,0.23310629391510568,0.0889417976140976,33,76,24,21,4.467016696929932,4865104,360,0.6626810689310689,175,147,35,29,346,35,69,7,,,,,,,,,,,,,,,,,,,,,,,,,521,93,154,104
ablation,pima,2,0.8,ablation,0.5,2,2,4028,w/o prototype sharing,0.770462962962963,0.6355001745852601,0.5,0.87,0.675,0.7631578947368421,0.574468085106383,0.6937760986279579,0.22704939544200897,1.3674736738414337,0.13956275380804992,0.22064733424816618,0.5531512498855591,27,87,13,27,6.825050354003906,4844624,336,0.6528471528471529,175,147,35,29,346,35,69,7,,,,,,,,,,,,,,,,,,,,,,,,,521,93,154,104
ablation,pima,2,0.8,ablation,0.5,2,2,4028,w/o focal loss (cross-entropy),0.8049999999999999,0.6696518574611595,0.5740740740740741,0.82,0.6326530612244898,0.780952380952381,0.6019417475728155,0.7009708737864078,0.22076594829559326,0.8714037484711306,0.1594787084648521,0.21946560881741634,0.4239327311515808,31,82,18,23,6.997607469558716,4865104,406,0.6364260739260739,175,147,35,29,346,35,69,7,,,,,,,,,,,,,,,,,,,,,,,,,521,93,154,104
ablation,pima,2,0.8,ablation,0.5,2,2,4028,w/o contrastive loss,0.7866666666666666,0.6275924484348225,0.6111111111111112,0.77,0.5892857142857143,0.7857142857142857,0.6,0.6888888888888889,0.23871572315692902,0.1840379086691574,0.1422540691195984,0.24261540195045916,0.33234983682632446,33,77,23,21,7.027143955230713,4865104,367,0.6275599400599402,175,147,35,29,346,35,69,7,,,,,,,,,,,,,,,,,,,,,,,,,521,93,154,104
ablation,pima,2,0.8,ablation,0.5,2,2,4028,w/o class-aware smoothness,0.7571296296296297,0.6617590886355963,0.5185185185185185,0.82,0.6086956521739131,0.7592592592592593,0.56,0.6742307692307692,0.24039843678474426,1.9142975846485168,0.14293028430530924,0.23737840143987887,0.2741197645664215,28,82,18,26,6.210157155990601,4865104,378,0.6299637862137862,175,147,35,29,346,35,69,7,,,,,,,,,,,,,,,,,,,,,,,,,521,93,154,104
ablation,pima,2,0.8,ablation,0.5,2,2,4028,w/o dynamic edge attention,0.7725925925925925,0.6666521453083587,0.48148148148148145,0.87,0.6666666666666666,0.7565217391304347,0.5591397849462365,0.6842210552638159,0.23881681263446808,1.6000470144686074,0.1316803239063247,0.2373009372696087,0.9073953628540039,26,87,13,28,5.6721062660217285,4680624,389,0.6267170329670331,175,147,35,29,346,35,69,7,,,,,,,,,,,,,,,,,,,,,,,,,521,93,154,104
ablation,pima,2,0.8,ablation,0.5,2,2,4028,w/o FedProx term,0.7719444444444445,0.6357519925195385,0.5185185185185185,0.88,0.7,0.7719298245614035,0.5957446808510638,0.70908729369656,0.22340112924575806,1.2343583357947523,0.14361615795825763,0.2147323608991098,0.6163619756698608,28,88,12,26,6.835240602493286,4865104,376,0.6427634865134865,175,147,35,29,346,35,69,7,,,,,,,,,,,,,,,,,,,,,,,,,521,93,154,104
ablation,pima,2,0.8,ablation,0.5,2,2,4028,w/o calibrated LR head (GNN logits),0.8109259259259259,0.6802520810446271,0.6666666666666666,0.8,0.6428571428571429,0.8163265306122449,0.6545454545454545,0.7313131313131314,0.17409387230873108,-0.07141497748476239,1.4982796395759348,0.09349432829525564,0.3786967098712921,36,80,20,18,5.9370598793029785,4793280,376,,175,147,35,29,346,35,69,7,,,,,,,,,,,,,,,,,,,,,,,,,521,93,154,104
ablation,pima,2,0.8,ablation,0.5,2,2,4028,"Supervised only (no PL, CAA, proto)",0.7701851851851853,0.6428942052280178,0.6481481481481481,0.77,0.603448275862069,0.8020833333333334,0.625,0.7053571428571428,0.22978277504444122,1.228709060636108,0.1364422611479988,0.22561265955159027,0.11350005865097046,35,77,23,19,4.638385057449341,4844624,0,0.6565309690309691,175,147,35,29,346,35,69,7,,,,,,,,,,,,,,,,,,,,,,,,,521,93,154,104
ablation,pima,2,0.8,ablation,0.5,2,3,4029,Full,0.7218867924528303,0.6096697413320271,0.6415094339622641,0.7,0.53125,0.7865168539325843,0.5811965811965812,0.6609686609686609,0.27101197838783264,-0.42245442532815053,0.15196851072491213,0.24272065028986511,0.33746060729026794,34,70,30,19,6.701092958450317,4865104,339,0.6485042735042735,249,140,50,28,273,42,54,8,,,,,,,,,,,,,,,,,,,,,,,,,522,93,153,104
ablation,pima,2,0.8,ablation,0.5,2,3,4029,w/o PG-PL gates 2-3 (confidence only),0.7262264150943396,0.6114751591314371,0.7735849056603774,0.59,0.5,0.8309859154929577,0.6074074074074074,0.6487329434697855,0.2682126760482788,-0.11630077051729958,0.155435548248506,0.23294415125879006,0.11685585975646973,41,59,41,12,6.555538177490234,4865104,347,0.6492269984917043,249,140,50,28,273,42,54,8,,,,,,,,,,,,,,,,,,,,,,,,,522,93,153,104
ablation,pima,2,0.8,ablation,0.5,2,3,4029,w/o pseudo-labelling,0.6839622641509434,0.5847076347584614,0.5094339622641509,0.75,0.5192307692307693,0.7425742574257426,0.5142857142857142,0.630277185501066,0.29705098271369934,1.2640532377719047,0.137733546200954,0.2926267967894186,0.17383308708667755,27,75,25,26,6.862818717956543,4865104,0,0.6491013071895424,249,140,50,28,273,42,54,8,,,,,,,,,,,,,,,,,,,,,,,,,522,93,153,104
ablation,pima,2,0.8,ablation,0.5,2,3,4029,w/o adaptive graph refinement,0.679433962264151,0.5181465043531128,0.5283018867924528,0.76,0.5384615384615384,0.7524752475247525,0.5333333333333333,0.6447761194029851,0.2850474417209625,1.6948602731056641,0.09933591160824846,0.2804735492537516,0.12001989036798477,28,76,24,25,7.0038557052612305,4865104,352,0.6000188536953243,249,140,50,28,273,42,54,8,,,,,,,,,,,,,,,,,,,,,,,,,522,93,153,104
ablation,pima,2,0.8,ablation,0.5,2,3,4029,w/o clinical-aware augmentation,0.7150943396226415,0.5826830544221605,0.5660377358490566,0.72,0.5172413793103449,0.7578947368421053,0.5405405405405406,0.6395010395010395,0.2769189178943634,0.8975282818186595,0.13892551897799493,0.2719061781037477,0.18315966427326202,30,72,28,23,4.2667927742004395,4865104,296,0.6580568124685773,249,140,50,28,273,42,54,8,,,,,,,,,,,,,,,,,,,,,,,,,522,93,153,104
ablation,pima,2,0.8,ablation,0.5,2,3,4029,w/o prototype sharing,0.6933962264150944,0.545687638875838,0.7735849056603774,0.56,0.4823529411764706,0.8235294117647058,0.5942028985507246,0.6304347826086956,0.29405635595321655,-0.836720246098079,0.1439161764731959,0.2638879629412021,0.15127189457416534,41,56,44,12,6.9430859088897705,4844624,260,0.6649069884364003,249,140,50,28,273,42,54,8,,,,,,,,,,,,,,,,,,,,,,,,,522,93,153,104
ablation,pima,2,0.8,ablation,0.5,2,3,4029,w/o focal loss (cross-entropy),0.7252830188679246,0.5555737189888804,0.7358490566037735,0.59,0.4875,0.8082191780821918,0.5864661654135338,0.6342735451345125,0.24383030831813812,0.49164646981820115,0.21718392756107543,0.21556128512800127,0.07868915796279907,39,59,41,14,6.782896041870117,4865104,374,0.647938662644545,249,140,50,28,273,42,54,8,,,,,,,,,,,,,,,,,,,,,,,,,522,93,153,104
ablation,pima,2,0.8,ablation,0.5,2,3,4029,w/o contrastive loss,0.7339622641509433,0.5532116330324579,0.7358490566037735,0.63,0.5131578947368421,0.8181818181818182,0.6046511627906976,0.6582577847851794,0.27451464533805847,0.9410290881652351,0.1277277827691823,0.27354806413253147,0.03138306736946106,39,63,37,14,6.8068156242370605,4865104,347,0.6231774761186526,249,140,50,28,273,42,54,8,,,,,,,,,,,,,,,,,,,,,,,,,522,93,153,104
ablation,pima,2,0.8,ablation,0.5,2,3,4029,w/o class-aware smoothness,0.6901886792452832,0.5228798612977295,0.33962264150943394,0.86,0.5625,0.7107438016528925,0.4235294117647059,0.6009049773755656,0.2714506685733795,0.14401220427430128,0.11997989502920103,0.2382564195036109,0.836357593536377,18,86,14,35,6.777971029281616,4865104,316,0.650798139768728,249,140,50,28,273,42,54,8,,,,,,,,,,,,,,,,,,,,,,,,,522,93,153,104
ablation,pima,2,0.8,ablation,0.5,2,3,4029,w/o dynamic edge attention,0.6892452830188679,0.5316490600091116,0.7547169811320755,0.62,0.5128205128205128,0.8266666666666667,0.6106870229007634,0.659629225736096,0.2763684391975403,0.462927726690235,0.13944802278018228,0.26501492289156703,0.05008469894528389,40,62,38,13,5.854238748550415,4680624,346,0.6852689793866265,249,140,50,28,273,42,54,8,,,,,,,,,,,,,,,,,,,,,,,,,522,93,153,104
ablation,pima,2,0.8,ablation,0.5,2,3,4029,w/o FedProx term,0.7216981132075472,0.6064618564481332,0.7924528301886793,0.54,0.4772727272727273,0.8307692307692308,0.5957446808510638,0.6251450676982592,0.2704332768917084,-0.3473138354034711,0.15192666545671285,0.24495635535324511,0.07050126791000366,42,54,46,11,6.579003810882568,4865104,339,0.6478758169934641,249,140,50,28,273,42,54,8,,,,,,,,,,,,,,,,,,,,,,,,,522,93,153,104
ablation,pima,2,0.8,ablation,0.5,2,3,4029,w/o calibrated LR head (GNN logits),0.7152830188679246,0.5779235634997195,0.660377358490566,0.7,0.5384615384615384,0.7954545454545454,0.5932203389830508,0.6689505950234402,0.2152257114648819,-0.5887642273991168,1.3387735724938274,0.1371162611674639,0.46589675545692444,35,70,30,18,6.017996072769165,4793280,339,,249,140,50,28,273,42,54,8,,,,,,,,,,,,,,,,,,,,,,,,,522,93,153,104
ablation,pima,2,0.8,ablation,0.5,2,3,4029,"Supervised only (no PL, CAA, proto)",0.714622641509434,0.5532042343297758,0.5660377358490566,0.7,0.5,0.7526881720430108,0.5309734513274337,0.6281810261818516,0.2736521065235138,0.7965514384078095,0.14160370870341835,0.2652056954216723,0.16823934018611908,30,70,30,23,4.047443151473999,4844624,0,0.6660696329813977,249,140,50,28,273,42,54,8,,,,,,,,,,,,,,,,,,,,,,,,,522,93,153,104
ablation,pima,2,0.8,ablation,0.5,2,4,4030,Full,0.7326415094339622,0.5570537978455006,0.8490566037735849,0.46,0.45454545454545453,0.8518518518518519,0.5921052631578947,0.594753930280246,0.24591568112373352,0.6666338306933163,0.1996437505158955,0.2109544900751192,0.014623405411839485,45,46,54,8,6.722254753112793,4865104,351,0.6432306255835668,202,153,41,31,320,29,64,6,,,,,,,,,,,,,,,,,,,,,,,,,522,93,153,105
ablation,pima,2,0.8,ablation,0.5,2,4,4030,w/o PG-PL gates 2-3 (confidence only),0.7222641509433962,0.5374825930506029,0.8679245283018868,0.43,0.44660194174757284,0.86,0.5897435897435898,0.5815384615384616,0.24743437767028809,0.8132993235620083,0.20304006741036304,0.20995000893481416,0.010642796754837036,46,43,57,7,6.596926212310791,4865104,351,0.6402116402116402,202,153,41,31,320,29,64,6,,,,,,,,,,,,,,,,,,,,,,,,,522,93,153,105
ablation,pima,2,0.8,ablation,0.5,2,4,4030,w/o pseudo-labelling,0.769811320754717,0.5843042286806878,0.8301886792452831,0.54,0.4888888888888889,0.8571428571428571,0.6153846153846154,0.6389806512505899,0.2216910868883133,-0.4199694042952746,0.21487096492505092,0.193872397826388,0.07487864047288895,44,54,46,9,7.271440505981445,4865104,0,0.6223467164643635,202,153,41,31,320,29,64,6,,,,,,,,,,,,,,,,,,,,,,,,,522,93,153,105
ablation,pima,2,0.8,ablation,0.5,2,4,4030,w/o adaptive graph refinement,0.7094339622641509,0.5535547706996766,0.7924528301886793,0.52,0.4666666666666667,0.8253968253968254,0.5874125874125874,0.6127246986142691,0.2849368453025818,-0.6772859209849696,0.15817867824270976,0.27340996473589363,0.07071814686059952,42,52,48,11,7.493469953536987,4865104,393,0.6813569872393402,202,153,41,31,320,29,64,6,,,,,,,,,,,,,,,,,,,,,,,,,522,93,153,105
ablation,pima,2,0.8,ablation,0.5,2,4,4030,w/o clinical-aware augmentation,0.7832075471698113,0.6528944922614729,0.8301886792452831,0.56,0.5,0.8615384615384616,0.624113475177305,0.6514506769825918,0.21604909002780914,0.02691790365689163,0.20179319351810474,0.1947186700938866,0.06393614411354065,44,56,44,9,4.19816780090332,4865104,342,0.6507002801120448,202,153,41,31,320,29,64,6,,,,,,,,,,,,,,,,,,,,,,,,,522,93,153,105
ablation,pima,2,0.8,ablation,0.5,2,4,4030,w/o prototype sharing,0.7233962264150944,0.5251767684237075,0.7924528301886793,0.52,0.4666666666666667,0.8253968253968254,0.5874125874125874,0.6127246986142691,0.24643941223621368,0.38483462945768293,0.20749408921425241,0.1998734101896582,0.053720660507678986,42,52,48,11,7.034203052520752,4844624,294,0.6508870214752568,202,153,41,31,320,29,64,6,,,,,,,,,,,,,,,,,,,,,,,,,522,93,153,105
ablation,pima,2,0.8,ablation,0.5,2,4,4030,w/o focal loss (cross-entropy),0.7483018867924529,0.5839527757796893,0.7358490566037735,0.58,0.48148148148148145,0.8055555555555556,0.582089552238806,0.6282540784449844,0.26654624938964844,-0.9740359215644603,0.18462157366903173,0.26820304568589126,0.15538641810417175,39,58,42,14,6.611587047576904,4865104,415,0.6444444444444445,202,153,41,31,320,29,64,6,,,,,,,,,,,,,,,,,,,,,,,,,522,93,153,105
ablation,pima,2,0.8,ablation,0.5,2,4,4030,w/o contrastive loss,0.7460377358490566,0.590713848407949,0.9433962264150944,0.44,0.4716981132075472,0.9361702127659575,0.6289308176100629,0.613785136696188,0.25922492146492004,0.30112992776634523,0.1923894536233044,0.24027128604064188,0.00465184124186635,50,44,56,3,6.993200063705444,4865104,343,0.625739184562714,202,153,41,31,320,29,64,6,,,,,,,,,,,,,,,,,,,,,,,,,522,93,153,105
ablation,pima,2,0.8,ablation,0.5,2,4,4030,w/o class-aware smoothness,0.7218867924528302,0.5562845744326037,0.8679245283018868,0.47,0.46464646464646464,0.8703703703703703,0.6052631578947368,0.6078263841421736,0.2816869020462036,-0.9994733615267878,0.1290572162768057,0.26705457772329155,0.009497265331447124,46,47,53,7,6.202377557754517,4865104,351,0.6516339869281046,202,153,41,31,320,29,64,6,,,,,,,,,,,,,,,,,,,,,,,,,522,93,153,105
ablation,pima,2,0.8,ablation,0.5,2,4,4030,w/o dynamic edge attention,0.7228301886792453,0.5856835669773226,0.6981132075471698,0.62,0.49333333333333335,0.7948717948717948,0.578125,0.637377106741573,0.25743168592453003,1.16814619640554,0.15455139656003428,0.2328026411093138,0.027049092575907707,37,62,38,16,5.891858339309692,4680624,356,0.6690320572673514,202,153,41,31,320,29,64,6,,,,,,,,,,,,,,,,,,,,,,,,,522,93,153,105
ablation,pima,2,0.8,ablation,0.5,2,4,4030,w/o FedProx term,0.7313207547169811,0.5570598841427018,0.8867924528301887,0.41,0.44339622641509435,0.8723404255319149,0.5911949685534591,0.5745090489025799,0.2500104606151581,0.6884733366470702,0.19837968357833094,0.21154173245665686,0.005529999267309904,47,41,59,6,6.3915393352508545,4865104,351,0.6387177093059446,202,153,41,31,320,29,64,6,,,,,,,,,,,,,,,,,,,,,,,,,522,93,153,105
ablation,pima,2,0.8,ablation,0.5,2,4,4030,w/o calibrated LR head (GNN logits),0.8150943396226414,0.6833578602707312,0.7547169811320755,0.74,0.6060606060606061,0.8505747126436781,0.6722689075630253,0.7318563789152025,0.18128567934036255,-0.22537473280409545,2.543265729013557,0.11377095771965638,0.4193498492240906,40,74,26,13,6.338753700256348,4793280,351,,202,153,41,31,320,29,64,6,,,,,,,,,,,,,,,,,,,,,,,,,522,93,153,105
ablation,pima,2,0.8,ablation,0.5,2,4,4030,"Supervised only (no PL, CAA, proto)",0.7964150943396228,0.6711698416110341,0.8867924528301887,0.51,0.4895833333333333,0.8947368421052632,0.6308724832214765,0.6402770059419485,0.22310008108615875,-1.414089278892077,0.21743424727341404,0.20747183450175072,0.0846201702952385,47,51,49,6,4.346921443939209,4844624,0,0.6321817615935262,202,153,41,31,320,29,64,6,,,,,,,,,,,,,,,,,,,,,,,,,522,93,153,105
ablation,pima,2,0.8,ablation,0.5,3,0,5026,Full,0.7996296296296297,0.6617069686518657,0.8333333333333334,0.6,0.5294117647058824,0.8695652173913043,0.6474820143884892,0.6787705929930612,0.23507529497146606,-1.5453426624995836,0.2251494814284714,0.2200423405783904,0.1318737119436264,45,60,40,9,6.7611072063446045,4865104,279,0.6361138861138862,94,80,19,16,427,102,85,20,,,,,,,,,,,,,,,,,,,,,,,,,521,93,154,104
ablation,pima,2,0.8,ablation,0.5,3,0,5026,w/o PG-PL gates 2-3 (confidence only),0.7961111111111112,0.6460390448230482,0.6481481481481481,0.77,0.603448275862069,0.8020833333333334,0.625,0.7053571428571428,0.23150788247585297,-1.5900982132146089,0.20668118062420351,0.20838323857199834,0.7435237169265747,35,77,23,19,6.848250150680542,4865104,284,0.627716033966034,94,80,19,16,427,102,85,20,,,,,,,,,,,,,,,,,,,,,,,,,521,93,154,104
ablation,pima,2,0.8,ablation,0.5,3,0,5026,w/o pseudo-labelling,0.7968518518518518,0.6346458963940097,0.9259259259259259,0.46,0.4807692307692308,0.92,0.6329113924050633,0.6231223628691983,0.21345965564250946,-1.161349679818994,0.2543622643114196,0.17165307588754342,0.024333348497748375,50,46,54,4,7.398773670196533,4865104,0,0.6256243756243756,94,80,19,16,427,102,85,20,,,,,,,,,,,,,,,,,,,,,,,,,521,93,154,104
ablation,pima,2,0.8,ablation,0.5,3,0,5026,w/o adaptive graph refinement,0.7575925925925927,0.5997220588672715,0.5185185185185185,0.81,0.5957446808510638,0.7570093457943925,0.5544554455445545,0.6685320705983642,0.24069292843341827,-1.0734347045643966,0.16524510313525478,0.21543686463219391,0.8587614893913269,28,81,19,26,7.513119220733643,4865104,191,0.6062687312687313,94,80,19,16,427,102,85,20,,,,,,,,,,,,,,,,,,,,,,,,,521,93,154,104
ablation,pima,2,0.8,ablation,0.5,3,0,5026,w/o clinical-aware augmentation,0.8040740740740742,0.6215946160459751,0.7592592592592593,0.75,0.6212121212121212,0.8522727272727273,0.6833333333333333,0.7406028368794326,0.219611257314682,-1.9852298590401922,0.20725303653418994,0.21891635095144252,0.6271973848342896,41,75,25,13,4.351675987243652,4865104,247,0.6032092907092907,94,80,19,16,427,102,85,20,,,,,,,,,,,,,,,,,,,,,,,,,521,93,154,104
ablation,pima,2,0.8,ablation,0.5,3,0,5026,w/o prototype sharing,0.8022222222222222,0.6692549485022636,0.7222222222222222,0.75,0.609375,0.8333333333333334,0.6610169491525424,0.7252453166815344,0.23183149099349976,-2.035047848508383,0.2236182226137631,0.22844645405164016,0.5693418979644775,39,75,25,15,7.1661903858184814,4844624,256,0.6243756243756244,94,80,19,16,427,102,85,20,,,,,,,,,,,,,,,,,,,,,,,,,521,93,154,104
ablation,pima,2,0.8,ablation,0.5,3,0,5026,w/o focal loss (cross-entropy),0.7761111111111111,0.6096165120087039,0.5,0.84,0.627906976744186,0.7567567567567568,0.5567010309278351,0.6764547808667611,0.2474728375673294,-1.8807733516601852,0.1794879602675333,0.23410762580377714,0.9287667274475098,27,84,16,27,6.803191900253296,4865104,386,0.6219093406593407,94,80,19,16,427,102,85,20,,,,,,,,,,,,,,,,,,,,,,,,,521,93,154,104
ablation,pima,2,0.8,ablation,0.5,3,0,5026,w/o contrastive loss,0.7485185185185185,0.563550660382754,0.6666666666666666,0.7,0.5454545454545454,0.7954545454545454,0.6,0.6723404255319149,0.2542041540145874,-1.260126797053568,0.20327387386901374,0.23703868737952274,0.3958441913127899,36,70,30,18,7.084221124649048,4865104,234,0.6240634365634367,94,80,19,16,427,102,85,20,,,,,,,,,,,,,,,,,,,,,,,,,521,93,154,104
ablation,pima,2,0.8,ablation,0.5,3,0,5026,w/o class-aware smoothness,0.7701851851851851,0.6246175844742737,0.8703703703703703,0.59,0.5340909090909091,0.8939393939393939,0.6619718309859155,0.6864076022399457,0.24440814554691315,-1.28081921594127,0.15230648739466768,0.23592840426589373,0.039588648825883865,47,59,41,7,6.587041139602661,4865104,306,0.6165084915084916,94,80,19,16,427,102,85,20,,,,,,,,,,,,,,,,,,,,,,,,,521,93,154,104
ablation,pima,2,0.8,ablation,0.5,3,0,5026,w/o dynamic edge attention,0.7933333333333333,0.591637058065695,0.8888888888888888,0.5,0.4897959183673469,0.8928571428571429,0.631578947368421,0.6363022941970311,0.21698126196861267,-1.7446798200005031,0.24833245961904027,0.19147149236364797,0.057956527918577194,48,50,50,6,5.846459150314331,4680624,278,0.5952797202797203,94,80,19,16,427,102,85,20,,,,,,,,,,,,,,,,,,,,,,,,,521,93,154,104
ablation,pima,2,0.8,ablation,0.5,3,0,5026,w/o FedProx term,0.7988888888888889,0.6601755276318545,0.7407407407407407,0.71,0.5797101449275363,0.8352941176470589,0.6504065040650406,0.7089870358163042,0.23486432433128357,-1.6795158890695179,0.21684101282989737,0.21509878994147114,0.4547938406467438,40,71,29,14,6.555444002151489,4865104,279,0.6343031968031968,94,80,19,16,427,102,85,20,,,,,,,,,,,,,,,,,,,,,,,,,521,93,154,104
ablation,pima,2,0.8,ablation,0.5,3,0,5026,w/o calibrated LR head (GNN logits),0.8057407407407408,0.6792504458246243,0.7962962962962963,0.7,0.589041095890411,0.8641975308641975,0.6771653543307087,0.725323008657067,0.17732828855514526,-0.4463861786693433,1.347054521414956,0.09041296622969887,0.4521303176879883,43,70,30,11,6.4871437549591064,4793280,279,,94,80,19,16,427,102,85,20,,,,,,,,,,,,,,,,,,,,,,,,,521,93,154,104
ablation,pima,2,0.8,ablation,0.5,3,0,5026,"Supervised only (no PL, CAA, proto)",0.7975925925925926,0.6330034338397151,0.8888888888888888,0.56,0.5217391304347826,0.9032258064516129,0.6575342465753424,0.6744461356333502,0.2204764187335968,-1.2917668355639818,0.21802533708062619,0.20209435279202922,0.056304410099983215,48,56,44,6,4.454755544662476,4844624,0,0.6083291708291708,94,80,19,16,427,102,85,20,,,,,,,,,,,,,,,,,,,,,,,,,521,93,154,104
ablation,pima,2,0.8,ablation,0.5,3,1,5027,Full,0.7440740740740741,0.6389702284477774,0.5740740740740741,0.77,0.5740740740740741,0.77,0.5740740740740741,0.672037037037037,0.2561423182487488,0.6563819689853893,0.15453869962529734,0.246593816341929,0.3179798722267151,31,77,23,23,7.039098262786865,4865104,280,0.6530656843156843,449,125,90,25,72,57,14,11,,,,,,,,,,,,,,,,,,,,,,,,,521,93,154,104
ablation,pima,2,0.8,ablation,0.5,3,1,5027,w/o PG-PL gates 2-3 (confidence only),0.7235185185185186,0.6224728980456884,0.4444444444444444,0.81,0.5581395348837209,0.7297297297297297,0.4948453608247423,0.6313089363365418,0.25924527645111084,0.8099952089161165,0.16169558376574772,0.25789289079098543,0.5442396998405457,24,81,19,30,7.307266473770142,4865104,278,0.6545017482517482,449,125,90,25,72,57,14,11,,,,,,,,,,,,,,,,,,,,,,,,,521,93,154,104
ablation,pima,2,0.8,ablation,0.5,3,1,5027,w/o pseudo-labelling,0.7396296296296296,0.6455298702625096,0.5925925925925926,0.74,0.5517241379310345,0.7708333333333334,0.5714285714285714,0.6632653061224489,0.25613924860954285,-0.33292897774255553,0.16108201024310365,0.22489193073389202,0.5168996453285217,32,74,26,22,7.604936122894287,4865104,0,0.6683941058941059,449,125,90,25,72,57,14,11,,,,,,,,,,,,,,,,,,,,,,,,,521,93,154,104
ablation,pima,2,0.8,ablation,0.5,3,1,5027,w/o adaptive graph refinement,0.769074074074074,0.6577733820711609,0.7037037037037037,0.69,0.5507246376811594,0.8117647058823529,0.6178861788617886,0.6819160624038674,0.22897584736347198,0.711528136659359,0.18208080998260248,0.20032357794002859,0.1268201619386673,38,69,31,16,6.979599237442017,4865104,229,0.63499000999001,449,125,90,25,72,57,14,11,,,,,,,,,,,,,,,,,,,,,,,,,521,93,154,104
ablation,pima,2,0.8,ablation,0.5,3,1,5027,w/o clinical-aware augmentation,0.787962962962963,0.6717083865338587,0.8703703703703703,0.5,0.4845360824742268,0.8771929824561403,0.6225165562913907,0.6297296157253132,0.2219747006893158,0.10107712205420459,0.1838837258269292,0.2096629494244789,0.01237695012241602,47,50,50,7,4.650914430618286,4865104,272,0.6635239760239762,449,125,90,25,72,57,14,11,,,,,,,,,,,,,,,,,,,,,,,,,521,93,154,104
ablation,pima,2,0.8,ablation,0.5,3,1,5027,w/o prototype sharing,0.7425925925925926,0.6389214759595241,0.46296296296296297,0.81,0.5681818181818182,0.7363636363636363,0.5102040816326531,0.6408163265306123,0.2530568242073059,0.1896528568957418,0.1586781285709257,0.23487192150447278,0.6829970479011536,25,81,19,29,6.964554071426392,4844624,261,0.6589660339660339,449,125,90,25,72,57,14,11,,,,,,,,,,,,,,,,,,,,,,,,,521,93,154,104
ablation,pima,2,0.8,ablation,0.5,3,1,5027,w/o focal loss (cross-entropy),0.7712962962962963,0.6666261814189764,0.6666666666666666,0.71,0.5538461538461539,0.797752808988764,0.6050420168067226,0.678182384064737,0.24214638769626617,0.725759895465768,0.1585994221093865,0.24014641074221826,0.08958498388528824,36,71,29,18,7.109236478805542,4865104,398,0.6569992507492507,449,125,90,25,72,57,14,11,,,,,,,,,,,,,,,,,,,,,,,,,521,93,154,104
ablation,pima,2,0.8,ablation,0.5,3,1,5027,w/o contrastive loss,0.7648148148148147,0.670249766885553,0.8148148148148148,0.57,0.5057471264367817,0.8507462686567164,0.624113475177305,0.6533741028581136,0.21623671054840088,-0.2644580410267287,0.262864461817177,0.20490498499727094,0.13042157888412476,44,57,43,10,6.999545335769653,4865104,253,0.6648351648351649,449,125,90,25,72,57,14,11,,,,,,,,,,,,,,,,,,,,,,,,,521,93,154,104
ablation,pima,2,0.8,ablation,0.5,3,1,5027,w/o class-aware smoothness,0.762037037037037,0.6637524989232028,0.37037037037037035,0.89,0.6451612903225806,0.7235772357723578,0.47058823529411764,0.6343972566605117,0.26672282814979553,-1.0718948451968862,0.1324000468632485,0.2593653578819199,0.9951477646827698,20,89,11,34,6.863460302352905,4865104,315,0.6624625374625374,449,125,90,25,72,57,14,11,,,,,,,,,,,,,,,,,,,,,,,,,521,93,154,104
ablation,pima,2,0.8,ablation,0.5,3,1,5027,w/o dynamic edge attention,0.7592592592592593,0.7003564138906577,0.7222222222222222,0.62,0.5064935064935064,0.8051948051948052,0.5954198473282443,0.6479924095398284,0.2125452756881714,1.0440221460434103,0.2713344701340924,0.19781370411397184,0.0568971149623394,39,62,38,15,5.765090703964233,4680624,297,0.6793518981018981,449,125,90,25,72,57,14,11,,,,,,,,,,,,,,,,,,,,,,,,,521,93,154,104
ablation,pima,2,0.8,ablation,0.5,3,1,5027,w/o FedProx term,0.7383333333333334,0.6293448704267711,0.5925925925925926,0.77,0.5818181818181818,0.7777777777777778,0.5871559633027523,0.6805126550182103,0.25382357835769653,0.8328457145406319,0.16162927543133018,0.24568564273029955,0.23537905514240265,32,77,23,22,6.534126043319702,4865104,280,0.6495379620379621,449,125,90,25,72,57,14,11,,,,,,,,,,,,,,,,,,,,,,,,,521,93,154,104
ablation,pima,2,0.8,ablation,0.5,3,1,5027,w/o calibrated LR head (GNN logits),0.7507407407407407,0.6513405943551902,0.6481481481481481,0.68,0.5223880597014925,0.7816091954022989,0.5785123966942148,0.6528925619834711,0.2165926694869995,-0.7734847603450388,1.711284969618974,0.1924601601702826,0.5443928837776184,35,68,32,19,6.652016639709473,4793280,280,,449,125,90,25,72,57,14,11,,,,,,,,,,,,,,,,,,,,,,,,,521,93,154,104
ablation,pima,2,0.8,ablation,0.5,3,1,5027,"Supervised only (no PL, CAA, proto)",0.772962962962963,0.6795261753362207,0.7777777777777778,0.6,0.5121951219512195,0.8333333333333334,0.6176470588235294,0.6576607387140903,0.22437170147895813,0.43442682822685696,0.16701211312652037,0.22383822423901845,0.03051701746881008,42,60,40,12,4.562412261962891,4844624,0,0.6654595404595405,449,125,90,25,72,57,14,11,,,,,,,,,,,,,,,,,,,,,,,,,521,93,154,104
ablation,pima,2,0.8,ablation,0.5,3,2,5028,Full,0.8227777777777777,0.742219215770723,0.7962962962962963,0.63,0.5375,0.8513513513513513,0.6417910447761194,0.6829644879053011,0.2206355184316635,-1.6593937019532048,0.1908504618038627,0.21362061546994493,0.1252928227186203,43,63,37,11,7.024549245834351,4865104,235,0.6035868893011751,85,29,17,6,436,153,88,31,,,,,,,,,,,,,,,,,,,,,,,,,521,93,154,105
ablation,pima,2,0.8,ablation,0.5,3,2,5028,w/o PG-PL gates 2-3 (confidence only),0.8251851851851851,0.7390489448081704,0.7777777777777778,0.71,0.5915492957746479,0.8554216867469879,0.672,0.7239781420765028,0.2238020896911621,-1.9500666171649497,0.17996880455747866,0.21661767627826178,0.3287602365016937,42,71,29,12,6.762087821960449,4865104,234,0.6036178107606679,85,29,17,6,436,153,88,31,,,,,,,,,,,,,,,,,,,,,,,,,521,93,154,105
ablation,pima,2,0.8,ablation,0.5,3,2,5028,w/o pseudo-labelling,0.827037037037037,0.7320523005454143,0.8703703703703703,0.63,0.5595238095238095,0.9,0.6811594202898551,0.7111679454390452,0.21451224386692047,-1.796546108411849,0.19607888527468054,0.20032002164849214,0.10377416759729385,47,63,37,7,6.752190351486206,4865104,0,0.6083178726035869,85,29,17,6,436,153,88,31,,,,,,,,,,,,,,,,,,,,,,,,,521,93,154,105
ablation,pima,2,0.8,ablation,0.5,3,2,5028,w/o adaptive graph refinement,0.819074074074074,0.7158083087703513,0.7962962962962963,0.73,0.6142857142857143,0.8690476190476191,0.6935483870967742,0.7435133239831697,0.19407856464385986,-0.5681690904409243,0.1818765843373647,0.19638916726115266,0.18864895403385162,43,73,27,11,7.018827438354492,4865104,238,0.5402288188002473,85,29,17,6,436,153,88,31,,,,,,,,,,,,,,,,,,,,,,,,,521,93,154,105
ablation,pima,2,0.8,ablation,0.5,3,2,5028,w/o clinical-aware augmentation,0.804074074074074,0.6912238654182637,0.7037037037037037,0.72,0.5757575757575758,0.8181818181818182,0.6333333333333333,0.699645390070922,0.22318926453590393,0.3245460603527175,0.19769655424453395,0.22776482198024534,0.07369314879179001,38,72,28,16,4.272855758666992,4865104,272,0.5972789115646259,85,29,17,6,436,153,88,31,,,,,,,,,,,,,,,,,,,,,,,,,521,93,154,105
ablation,pima,2,0.8,ablation,0.5,3,2,5028,w/o prototype sharing,0.8224074074074074,0.7428523733819166,0.7592592592592593,0.71,0.5857142857142857,0.8452380952380952,0.6612903225806451,0.7165147265077139,0.22245974838733673,-1.5656432541734926,0.1815378669807035,0.22643190289714504,0.4090968072414398,41,71,29,13,7.21159553527832,4844624,234,0.5991032776747063,85,29,17,6,436,153,88,31,,,,,,,,,,,,,,,,,,,,,,,,,521,93,154,105
ablation,pima,2,0.8,ablation,0.5,3,2,5028,w/o focal loss (cross-entropy),0.8387962962962963,0.7385394728667664,0.8703703703703703,0.73,0.6351351351351351,0.9125,0.734375,0.7727430555555556,0.18621306121349335,-1.8466582384703252,0.1983330978884425,0.19282031076198275,0.270222544670105,47,73,27,7,6.975489854812622,4865104,373,0.5786641929499072,85,29,17,6,436,153,88,31,,,,,,,,,,,,,,,,,,,,,,,,,521,93,154,105
ablation,pima,2,0.8,ablation,0.5,3,2,5028,w/o contrastive loss,0.8318518518518518,0.71649454722208,0.6851851851851852,0.78,0.6271186440677966,0.8210526315789474,0.6548672566371682,0.727433628318584,0.20385049283504486,-0.7272536561300906,0.1826458543468089,0.19647444678204395,0.43729090690612793,37,78,22,17,6.936649322509766,4865104,314,0.5661719233147805,85,29,17,6,436,153,88,31,,,,,,,,,,,,,,,,,,,,,,,,,521,93,154,105
ablation,pima,2,0.8,ablation,0.5,3,2,5028,w/o class-aware smoothness,0.8446296296296296,0.7320761917126654,0.9074074074074074,0.61,0.5568181818181818,0.9242424242424242,0.6901408450704225,0.7125403020532836,0.17853747308254242,-2.01173042583797,0.1890803342844723,0.18223212543246037,0.03416512906551361,49,61,39,5,6.556464195251465,4865104,262,0.5450834879406308,85,29,17,6,436,153,88,31,,,,,,,,,,,,,,,,,,,,,,,,,521,93,154,105
ablation,pima,2,0.8,ablation,0.5,3,2,5028,w/o dynamic edge attention,0.8437037037037037,0.7275227683517694,0.8518518518518519,0.66,0.575,0.8918918918918919,0.6865671641791045,0.7225939269171384,0.20200784504413605,-2.318568797127206,0.1674263197043117,0.1905697951389646,0.043357592076063156,46,66,34,8,6.050597667694092,4680624,239,0.5516079158936302,85,29,17,6,436,153,88,31,,,,,,,,,,,,,,,,,,,,,,,,,521,93,154,105
ablation,pima,2,0.8,ablation,0.5,3,2,5028,w/o FedProx term,0.820462962962963,0.7393059002388918,0.7592592592592593,0.72,0.5942028985507246,0.8470588235294118,0.6666666666666666,0.7225225225225225,0.2244230955839157,-1.632308401546712,0.1807101154834218,0.2323563688180664,0.5052475333213806,41,72,28,13,6.564892530441284,4865104,235,0.6030612244897959,85,29,17,6,436,153,88,31,,,,,,,,,,,,,,,,,,,,,,,,,521,93,154,105
ablation,pima,2,0.8,ablation,0.5,3,2,5028,w/o calibrated LR head (GNN logits),0.8438888888888889,0.7531558318119639,0.8518518518518519,0.62,0.5476190476190477,0.8857142857142857,0.6666666666666666,0.6980392156862745,0.19898074865341187,-1.1386797409661749,1.243001485221157,0.20662911749118335,0.5439112782478333,46,62,38,8,6.277780532836914,4793280,235,,85,29,17,6,436,153,88,31,,,,,,,,,,,,,,,,,,,,,,,,,521,93,154,105
ablation,pima,2,0.8,ablation,0.5,3,2,5028,"Supervised only (no PL, CAA, proto)",0.8143518518518519,0.7119083670524793,0.7592592592592593,0.69,0.5694444444444444,0.8414634146341463,0.6507936507936508,0.7045177045177045,0.21968695521354675,-0.1045005800729499,0.1712759474701683,0.2305656700612759,0.0556584857404232,41,69,31,13,4.469465017318726,4844624,0,0.6018243661100804,85,29,17,6,436,153,88,31,,,,,,,,,,,,,,,,,,,,,,,,,521,93,154,105
ablation,pima,2,0.8,ablation,0.5,3,3,5029,Full,0.7684905660377359,0.613788744745275,0.5283018867924528,0.75,0.5283018867924528,0.75,0.5283018867924528,0.6391509433962264,0.2390962541103363,-0.6536806492472497,0.255001360666617,0.21022839544742716,0.6881288290023804,28,75,25,25,6.5293543338775635,4865104,222,0.601401458019105,369,90,74,18,153,92,30,18,,,,,,,,,,,,,,,,,,,,,,,,,522,93,153,104
ablation,pima,2,0.8,ablation,0.5,3,3,5029,w/o PG-PL gates 2-3 (confidence only),0.789245283018868,0.6412775944347807,0.5471698113207547,0.76,0.5471698113207547,0.76,0.5471698113207547,0.6535849056603773,0.2299436628818512,-1.0502360262591874,0.26507244247666695,0.2197479947159688,0.7170576453208923,29,76,24,24,6.521004915237427,4865104,219,0.5874183006535948,369,90,74,18,153,92,30,18,,,,,,,,,,,,,,,,,,,,,,,,,522,93,153,104
ablation,pima,2,0.8,ablation,0.5,3,3,5029,w/o pseudo-labelling,0.7907547169811322,0.6557489241791872,0.6226415094339622,0.81,0.6346153846153846,0.801980198019802,0.6285714285714286,0.71727078891258,0.23724155128002167,-1.4969794908285414,0.23574414558158813,0.2135049194901013,0.7897683382034302,33,81,19,20,6.606358766555786,4865104,0,0.5702928607340372,369,90,74,18,153,92,30,18,,,,,,,,,,,,,,,,,,,,,,,,,522,93,153,104
ablation,pima,2,0.8,ablation,0.5,3,3,5029,w/o adaptive graph refinement,0.7394339622641509,0.5629606907031576,0.660377358490566,0.69,0.5303030303030303,0.7931034482758621,0.5882352941176471,0.6631016042780749,0.2489764392375946,0.11403131085637117,0.2154507361748782,0.23423687760639034,0.26649752259254456,35,69,31,18,7.126767873764038,4865104,214,0.6143790849673203,369,90,74,18,153,92,30,18,,,,,,,,,,,,,,,,,,,,,,,,,522,93,153,104
ablation,pima,2,0.8,ablation,0.5,3,3,5029,w/o clinical-aware augmentation,0.77,0.5783541786187427,0.8867924528301887,0.55,0.5108695652173914,0.9016393442622951,0.6482758620689655,0.6657528378667809,0.2505532205104828,-1.774155505692974,0.23701759276224235,0.22408141729001907,0.20481058955192566,47,55,45,6,4.184353351593018,4865104,197,0.5635369532428356,369,90,74,18,153,92,30,18,,,,,,,,,,,,,,,,,,,,,,,,,522,93,153,104
ablation,pima,2,0.8,ablation,0.5,3,3,5029,w/o prototype sharing,0.7837735849056604,0.6266473752265131,0.5471698113207547,0.75,0.5370370370370371,0.7575757575757576,0.5420560747663551,0.6479124594937303,0.2314000129699707,-0.9004523084802298,0.2668462245336957,0.20693413691680418,0.6438494920730591,29,75,25,24,6.826201915740967,4844624,215,0.5928230266465561,369,90,74,18,153,92,30,18,,,,,,,,,,,,,,,,,,,,,,,,,522,93,153,104
ablation,pima,2,0.8,ablation,0.5,3,3,5029,w/o focal loss (cross-entropy),0.8013207547169812,0.6536519378016943,0.6981132075471698,0.75,0.5967741935483871,0.8241758241758241,0.6434782608695652,0.7144092875028454,0.23084422945976257,-2.0909629979324507,0.21450316177929432,0.20010925756365644,0.7364314794540405,37,75,25,16,6.892526388168335,4865104,342,0.5506850175967823,369,90,74,18,153,92,30,18,,,,,,,,,,,,,,,,,,,,,,,,,522,93,153,104
ablation,pima,2,0.8,ablation,0.5,3,3,5029,w/o contrastive loss,0.7143396226415094,0.5303352210879093,0.4339622641509434,0.77,0.5,0.719626168224299,0.46464646464646464,0.6043039086517348,0.2971910834312439,-0.9459701178814515,0.15217602504183184,0.291453778914182,0.8371511697769165,23,77,23,30,6.802340745925903,4865104,210,0.60837732528909,369,90,74,18,153,92,30,18,,,,,,,,,,,,,,,,,,,,,,,,,522,93,153,104
ablation,pima,2,0.8,ablation,0.5,3,3,5029,w/o class-aware smoothness,0.6877358490566037,0.47801613984383196,0.6792452830188679,0.59,0.4675324675324675,0.7763157894736842,0.5538461538461539,0.6121503496503496,0.2998877167701721,-0.8018253018210197,0.1462851491548043,0.2967525523862028,0.2876509130001068,36,59,41,17,6.491640567779541,4865104,254,0.6252199597787833,369,90,74,18,153,92,30,18,,,,,,,,,,,,,,,,,,,,,,,,,522,93,153,104
ablation,pima,2,0.8,ablation,0.5,3,3,5029,w/o dynamic edge attention,0.6981132075471699,0.5087102009443385,0.7735849056603774,0.55,0.47674418604651164,0.8208955223880597,0.5899280575539568,0.6243053461422479,0.2926880121231079,-0.9345418433368612,0.1613549167023715,0.27429644558943955,0.15240727365016937,41,55,45,12,5.872992038726807,4680624,224,0.595808195072901,369,90,74,18,153,92,30,18,,,,,,,,,,,,,,,,,,,,,,,,,522,93,153,104
ablation,pima,2,0.8,ablation,0.5,3,3,5029,w/o FedProx term,0.7898113207547169,0.6339632883729187,0.5660377358490566,0.76,0.5555555555555556,0.7676767676767676,0.5607476635514018,0.6622833795143943,0.22013331949710846,-0.7247433560320212,0.2913189755886293,0.18737417158786374,0.5992733836174011,30,76,24,23,6.54740047454834,4865104,222,0.5839932126696833,369,90,74,18,153,92,30,18,,,,,,,,,,,,,,,,,,,,,,,,,522,93,153,104
ablation,pima,2,0.8,ablation,0.5,3,3,5029,w/o calibrated LR head (GNN logits),0.7537735849056604,0.5753154282376194,0.7547169811320755,0.62,0.5128205128205128,0.8266666666666667,0.6106870229007634,0.659629225736096,0.2228299379348755,-0.8186880157795124,2.2209116406725093,0.18672543861507587,0.5542640686035156,40,62,38,13,6.0702056884765625,4793280,222,,369,90,74,18,153,92,30,18,,,,,,,,,,,,,,,,,,,,,,,,,522,93,153,104
ablation,pima,2,0.8,ablation,0.5,3,3,5029,"Supervised only (no PL, CAA, proto)",0.7956603773584906,0.6226912896281297,0.660377358490566,0.76,0.5932203389830508,0.8085106382978723,0.625,0.7042525773195876,0.21955545246601105,-1.3298692051649634,0.2634759525189518,0.1930228257856143,0.7377378344535828,35,76,24,18,4.280972957611084,4844624,0,0.5766716943187532,369,90,74,18,153,92,30,18,,,,,,,,,,,,,,,,,,,,,,,,,522,93,153,104
ablation,pima,2,0.8,ablation,0.5,3,4,5030,Full,0.7371698113207548,0.537500296616301,0.5283018867924528,0.84,0.6363636363636364,0.7706422018348624,0.5773195876288659,0.6905736694125191,0.22477447986602783,0.24672432785339526,0.16373013911388737,0.18592345992139742,0.5935981273651123,28,84,16,25,6.59716010093689,4865104,349,0.7096845148315736,280,15,56,3,242,167,48,33,,,,,,,,,,,,,,,,,,,,,,,,,522,93,153,104
ablation,pima,2,0.8,ablation,0.5,3,4,5030,w/o PG-PL gates 2-3 (confidence only),0.7413207547169811,0.5565257834654147,0.6037735849056604,0.81,0.6274509803921569,0.7941176470588235,0.6153846153846154,0.7086824067022087,0.22489510476589203,-0.037198129039782,0.16124764113613155,0.17868865315431084,0.5219918489456177,32,81,19,21,6.496530055999756,4865104,365,0.7208710407239819,280,15,56,3,242,167,48,33,,,,,,,,,,,,,,,,,,,,,,,,,522,93,153,104
ablation,pima,2,0.8,ablation,0.5,3,4,5030,w/o pseudo-labelling,0.7466981132075472,0.569650429246772,0.41509433962264153,0.86,0.6111111111111112,0.7350427350427351,0.4943820224719101,0.6435043752912546,0.24596649408340454,1.1465044532876376,0.16142696660633277,0.22569072925869155,0.621353030204773,22,86,14,31,6.301782846450806,4865104,0,0.7070764203117145,280,15,56,3,242,167,48,33,,,,,,,,,,,,,,,,,,,,,,,,,522,93,153,104
ablation,pima,2,0.8,ablation,0.5,3,4,5030,w/o adaptive graph refinement,0.7569811320754717,0.5895412385820069,0.37735849056603776,0.91,0.6896551724137931,0.7338709677419355,0.4878048780487805,0.6501524390243902,0.2419758290052414,1.0289163089352626,0.14943280330290443,0.2289204361538092,0.9087840914726257,20,91,9,33,6.433019161224365,4865104,394,0.6808383609854198,280,15,56,3,242,167,48,33,,,,,,,,,,,,,,,,,,,,,,,,,522,93,153,104
ablation,pima,2,0.8,ablation,0.5,3,4,5030,w/o clinical-aware augmentation,0.7218867924528302,0.5344395062329522,0.32075471698113206,0.86,0.5483870967741935,0.7049180327868853,0.40476190476190477,0.5897683397683398,0.25893136858940125,0.6119808376950181,0.1288218846980505,0.24672369802601973,0.9006094932556152,17,86,14,36,4.710202693939209,4865104,339,0.709841628959276,280,15,56,3,242,167,48,33,,,,,,,,,,,,,,,,,,,,,,,,,522,93,153,104
ablation,pima,2,0.8,ablation,0.5,3,4,5030,w/o prototype sharing,0.7383962264150944,0.544879784055933,0.4716981132075472,0.82,0.5813953488372093,0.7454545454545455,0.5208333333333334,0.6508928571428572,0.24020056426525116,0.28991266633505236,0.17676993221969822,0.23465165834313903,0.5355843305587769,25,82,18,28,6.796675205230713,4844624,308,0.7002576671694319,280,15,56,3,242,167,48,33,,,,,,,,,,,,,,,,,,,,,,,,,522,93,153,104
ablation,pima,2,0.8,ablation,0.5,3,4,5030,w/o focal loss (cross-entropy),0.7264150943396227,0.5685125178143,0.5471698113207547,0.75,0.5370370370370371,0.7575757575757576,0.5420560747663551,0.6479124594937303,0.259319931268692,-0.9707217327083023,0.1494583700973536,0.22833012390175678,0.686792254447937,29,75,25,24,6.791131258010864,4865104,380,0.6902966314731019,280,15,56,3,242,167,48,33,,,,,,,,,,,,,,,,,,,,,,,,,522,93,153,104
ablation,pima,2,0.8,ablation,0.5,3,4,5030,w/o contrastive loss,0.7387735849056605,0.5423215026066837,0.41509433962264153,0.89,0.6666666666666666,0.7416666666666667,0.5116279069767442,0.6603594080338266,0.24127212166786194,-0.1672149962600342,0.1288504682004178,0.2299681917392935,0.9384289383888245,22,89,11,31,6.894935369491577,4865104,391,0.67951860231272,280,15,56,3,242,167,48,33,,,,,,,,,,,,,,,,,,,,,,,,,522,93,153,104
ablation,pima,2,0.8,ablation,0.5,3,4,5030,w/o class-aware smoothness,0.761132075471698,0.603709743270597,0.37735849056603776,0.89,0.6451612903225806,0.7295081967213115,0.47619047619047616,0.6389961389961389,0.24807287752628326,0.41700693561034535,0.16934904658500058,0.2298086036994956,0.8860886096954346,20,89,11,33,6.495234489440918,4865104,352,0.6650012569130216,280,15,56,3,242,167,48,33,,,,,,,,,,,,,,,,,,,,,,,,,522,93,153,104
ablation,pima,2,0.8,ablation,0.5,3,4,5030,w/o dynamic edge attention,0.7384905660377359,0.5884627666481959,0.41509433962264153,0.83,0.5641025641025641,0.7280701754385965,0.4782608695652174,0.6269809020723283,0.255594402551651,-0.6218525096096212,0.18106066055555592,0.23004467416481647,0.8581928610801697,22,83,17,31,5.537682056427002,4680624,365,0.7261186525892408,280,15,56,3,242,167,48,33,,,,,,,,,,,,,,,,,,,,,,,,,522,93,153,104
ablation,pima,2,0.8,ablation,0.5,3,4,5030,w/o FedProx term,0.7437735849056603,0.54939648275408,0.5094339622641509,0.86,0.6585365853658537,0.7678571428571429,0.574468085106383,0.6928944199116821,0.2194250226020813,0.2299424670132155,0.1674937423225905,0.18103345365452223,0.6322677731513977,27,86,14,26,6.272127628326416,4865104,349,0.7090560583207642,280,15,56,3,242,167,48,33,,,,,,,,,,,,,,,,,,,,,,,,,522,93,153,104
ablation,pima,2,0.8,ablation,0.5,3,4,5030,w/o calibrated LR head (GNN logits),0.7564150943396227,0.5629358732489307,0.37735849056603776,0.87,0.6060606060606061,0.725,0.46511627906976744,0.6280126849894292,0.1939215362071991,-0.08945286702523124,1.766756286423301,0.06388382243564707,0.4566461145877838,20,87,13,33,6.684903144836426,4793280,349,,280,15,56,3,242,167,48,33,,,,,,,,,,,,,,,,,,,,,,,,,522,93,153,104
ablation,pima,2,0.8,ablation,0.5,3,4,5030,"Supervised only (no PL, CAA, proto)",0.7116981132075472,0.5189345427596628,0.41509433962264153,0.84,0.5789473684210527,0.7304347826086957,0.4835164835164835,0.6324559161768464,0.2630878984928131,1.3183024010886424,0.15613398466833942,0.24434696706437986,0.2622602880001068,22,84,16,31,4.036147594451904,4844624,0,0.697146807440925,280,15,56,3,242,167,48,33,,,,,,,,,,,,,,,,,,,,,,,,,522,93,153,104
ablation,pima,2,0.8,ablation,0.5,4,0,6026,Full,0.7472222222222222,0.6450796126011255,0.7037037037037037,0.66,0.5277777777777778,0.8048780487804879,0.6031746031746031,0.6642246642246642,0.2483091503381729,1.3455997724925493,0.14289259646306696,0.23834656230960186,0.01953067071735859,38,66,34,16,6.735085487365723,4865104,326,0.6280282217782218,346,165,69,33,175,17,35,3,,,,,,,,,,,,,,,,,,,,,,,,,521,93,154,104
ablation,pima,2,0.8,ablation,0.5,4,0,6026,w/o PG-PL gates 2-3 (confidence only),0.7466666666666667,0.6455399688491505,0.6851851851851852,0.67,0.5285714285714286,0.7976190476190477,0.5967741935483871,0.6625175315568023,0.24841801822185516,1.3844511199503822,0.14281485297972313,0.24332503154390045,0.019504152238368988,37,67,33,17,6.86545991897583,4865104,324,0.6261863136863137,346,165,69,33,175,17,35,3,,,,,,,,,,,,,,,,,,,,,,,,,521,93,154,104
ablation,pima,2,0.8,ablation,0.5,4,0,6026,w/o pseudo-labelling,0.7146296296296297,0.6108285437993841,0.4074074074074074,0.83,0.5641025641025641,0.7217391304347827,0.4731182795698925,0.6226056514128533,0.26529955863952637,1.5439212116753318,0.12641855024659807,0.25239566742599784,0.5673851370811462,22,83,17,32,6.4371466636657715,4865104,0,0.6331793206793207,346,165,69,33,175,17,35,3,,,,,,,,,,,,,,,,,,,,,,,,,521,93,154,104
ablation,pima,2,0.8,ablation,0.5,4,0,6026,w/o adaptive graph refinement,0.775,0.6617017186934374,0.8148148148148148,0.59,0.5176470588235295,0.855072463768116,0.6330935251798561,0.665659188625431,0.22953243553638458,-0.044401852387962154,0.14934743631544367,0.23223414320450322,0.007442491594702005,44,59,41,10,6.720515489578247,4865104,282,0.6092657342657343,346,165,69,33,175,17,35,3,,,,,,,,,,,,,,,,,,,,,,,,,521,93,154,104
ablation,pima,2,0.8,ablation,0.5,4,0,6026,w/o clinical-aware augmentation,0.7824074074074073,0.6554928044238127,0.7777777777777778,0.69,0.5753424657534246,0.8518518518518519,0.6614173228346457,0.7119241310305826,0.23502691090106964,-0.4512016865105451,0.16046093185562807,0.21506472297508705,0.12725034356117249,42,69,31,12,4.332302570343018,4865104,301,0.6163836163836164,346,165,69,33,175,17,35,3,,,,,,,,,,,,,,,,,,,,,,,,,521,93,154,104
ablation,pima,2,0.8,ablation,0.5,4,0,6026,w/o prototype sharing,0.7503703703703704,0.6373435841530763,0.7222222222222222,0.67,0.5416666666666666,0.8170731707317073,0.6190476190476191,0.6776556776556777,0.2512381970882416,0.40725759369437614,0.12342451460534877,0.2410450143582345,0.017145968973636627,39,67,33,15,6.494497060775757,4844624,299,0.634147102897103,346,165,69,33,175,17,35,3,,,,,,,,,,,,,,,,,,,,,,,,,521,93,154,104
ablation,pima,2,0.8,ablation,0.5,4,0,6026,w/o focal loss (cross-entropy),0.7676851851851851,0.6377130389138028,0.7777777777777778,0.6,0.5121951219512195,0.8333333333333334,0.6176470588235294,0.6576607387140903,0.23653258383274078,0.10527054197768948,0.15408030929933458,0.21252779962567542,0.04008645564317703,42,60,40,12,7.045835256576538,4865104,382,0.6338661338661339,346,165,69,33,175,17,35,3,,,,,,,,,,,,,,,,,,,,,,,,,521,93,154,104
ablation,pima,2,0.8,ablation,0.5,4,0,6026,w/o contrastive loss,0.7744444444444444,0.6583776598423728,0.8518518518518519,0.57,0.5168539325842697,0.8769230769230769,0.6433566433566433,0.6671328671328671,0.21882356703281403,0.4952168734169326,0.22599454071931824,0.20826317246567894,0.03429445996880531,46,57,43,8,6.922160625457764,4865104,283,0.6277784715284714,346,165,69,33,175,17,35,3,,,,,,,,,,,,,,,,,,,,,,,,,521,93,154,104
ablation,pima,2,0.8,ablation,0.5,4,0,6026,w/o class-aware smoothness,0.7692592592592593,0.6486029421075974,0.6111111111111112,0.75,0.5689655172413793,0.78125,0.5892857142857143,0.6772959183673469,0.2494506537914276,0.23659987623177786,0.1385762847928582,0.24846568931039276,0.29142045974731445,33,75,25,21,6.315405607223511,4865104,313,0.6111076423576424,346,165,69,33,175,17,35,3,,,,,,,,,,,,,,,,,,,,,,,,,521,93,154,104
ablation,pima,2,0.8,ablation,0.5,4,0,6026,w/o dynamic edge attention,0.7943518518518518,0.667804301757455,0.7777777777777778,0.65,0.5454545454545454,0.8441558441558441,0.6412213740458015,0.6878423254409798,0.22861425578594208,-0.43812208757688226,0.15834814719680051,0.2153508827549877,0.019397441297769547,42,65,35,12,5.647563219070435,4680624,292,0.618725024975025,346,165,69,33,175,17,35,3,,,,,,,,,,,,,,,,,,,,,,,,,521,93,154,104
ablation,pima,2,0.8,ablation,0.5,4,0,6026,w/o FedProx term,0.7464814814814814,0.6452878447856925,0.7962962962962963,0.61,0.524390243902439,0.8472222222222222,0.6323529411764706,0.6708276333789329,0.24925661087036133,1.3062385727304935,0.14031745101944512,0.24031649620647166,0.00578717514872551,43,61,39,11,6.245541572570801,4865104,326,0.6270604395604396,346,165,69,33,175,17,35,3,,,,,,,,,,,,,,,,,,,,,,,,,521,93,154,104
ablation,pima,2,0.8,ablation,0.5,4,0,6026,w/o calibrated LR head (GNN logits),0.7805555555555556,0.6679541981919955,0.8333333333333334,0.6,0.5294117647058824,0.8695652173913043,0.6474820143884892,0.6787705929930612,0.17685720324516296,0.06757471318050857,1.3032167822178609,0.07538615089732331,0.2821868360042572,45,60,40,9,6.0296547412872314,4793280,326,,346,165,69,33,175,17,35,3,,,,,,,,,,,,,,,,,,,,,,,,,521,93,154,104
ablation,pima,2,0.8,ablation,0.5,4,0,6026,"Supervised only (no PL, CAA, proto)",0.7259259259259259,0.6153237054968087,0.7962962962962963,0.49,0.4574468085106383,0.8166666666666667,0.581081081081081,0.5967905405405405,0.27289196848869324,1.8442081276385653,0.1388304455297283,0.27408767623415636,0.0004977370263077319,43,49,51,11,4.809301853179932,4844624,0,0.6188186813186813,346,165,69,33,175,17,35,3,,,,,,,,,,,,,,,,,,,,,,,,,521,93,154,104
ablation,pima,2,0.8,ablation,0.5,4,1,6027,Full,0.8105555555555556,0.7274415826091738,0.6111111111111112,0.74,0.559322033898305,0.7789473684210526,0.584070796460177,0.671522577717268,0.24467109143733978,-2.0331800224948195,0.2971956301301862,0.22577959744187143,0.8124697804450989,33,74,26,21,6.7775232791900635,4865104,267,0.6652097902097903,250,53,50,11,271,129,54,26,,,,,,,,,,,,,,,,,,,,,,,,,521,93,154,104
ablation,pima,2,0.8,ablation,0.5,4,1,6027,w/o PG-PL gates 2-3 (confidence only),0.8101851851851851,0.7288676391672695,0.7777777777777778,0.66,0.5526315789473685,0.8461538461538461,0.6461538461538462,0.6938634399308556,0.24505996704101562,-1.9452507458567847,0.2959687266191887,0.22579245657551206,0.5653776526451111,42,66,34,12,6.858118534088135,4865104,268,0.6644605394605394,250,53,50,11,271,129,54,26,,,,,,,,,,,,,,,,,,,,,,,,,521,93,154,104
ablation,pima,2,0.8,ablation,0.5,4,1,6027,w/o pseudo-labelling,0.8172222222222222,0.7239747844164988,0.8888888888888888,0.54,0.5106382978723404,0.9,0.6486486486486487,0.6618243243243244,0.2465563714504242,-2.4395601080740703,0.2872812295760705,0.2316816852657826,0.1211044117808342,48,54,46,6,6.6781392097473145,4865104,0,0.643419080919081,250,53,50,11,271,129,54,26,,,,,,,,,,,,,,,,,,,,,,,,,521,93,154,104
ablation,pima,2,0.8,ablation,0.5,4,1,6027,w/o adaptive graph refinement,0.856851851851852,0.7302321876162631,0.9259259259259259,0.69,0.6172839506172839,0.9452054794520548,0.7407407407407407,0.7692143010062085,0.19446401298046112,-1.835273251777781,0.2726205732292445,0.17024268088983252,0.2576235234737396,50,69,31,4,6.870351791381836,4865104,176,0.5640921578421578,250,53,50,11,271,129,54,26,,,,,,,,,,,,,,,,,,,,,,,,,521,93,154,104
ablation,pima,2,0.8,ablation,0.5,4,1,6027,w/o clinical-aware augmentation,0.8301851851851851,0.7603327897238702,0.8518518518518519,0.61,0.5411764705882353,0.8840579710144928,0.6618705035971223,0.6918819973606913,0.24961541593074799,-2.9978923496028798,0.21837265294237063,0.24063524276066522,0.11682523041963577,46,61,39,8,4.450754880905151,4865104,253,0.6244068431568432,250,53,50,11,271,129,54,26,,,,,,,,,,,,,,,,,,,,,,,,,521,93,154,104
ablation,pima,2,0.8,ablation,0.5,4,1,6027,w/o prototype sharing,0.8146296296296296,0.7283534758085383,0.7592592592592593,0.67,0.5540540540540541,0.8375,0.640625,0.6925347222222222,0.23963779211044312,-2.0396920418059357,0.3000072105100089,0.21423280229429148,0.5791100263595581,41,67,33,13,6.6956353187561035,4844624,268,0.6636176323676324,250,53,50,11,271,129,54,26,,,,,,,,,,,,,,,,,,,,,,,,,521,93,154,104
ablation,pima,2,0.8,ablation,0.5,4,1,6027,w/o focal loss (cross-entropy),0.8635185185185186,0.7866472469656471,0.8333333333333334,0.72,0.6164383561643836,0.8888888888888888,0.7086614173228346,0.752120763910036,0.17559108138084412,-1.094031276557836,0.4733377361292037,0.13089358167988913,0.3823316693305969,45,72,28,9,6.674425840377808,4865104,379,0.6025849150849151,250,53,50,11,271,129,54,26,,,,,,,,,,,,,,,,,,,,,,,,,521,93,154,104
ablation,pima,2,0.8,ablation,0.5,4,1,6027,w/o contrastive loss,0.883888888888889,0.8093320048874963,0.8518518518518519,0.73,0.6301369863013698,0.9012345679012346,0.7244094488188977,0.7655196415365206,0.16531066596508026,-1.3945676334225825,0.47131675021572933,0.13974812580272555,0.5557454824447632,46,73,27,8,6.881219863891602,4865104,186,0.5833541458541458,250,53,50,11,271,129,54,26,,,,,,,,,,,,,,,,,,,,,,,,,521,93,154,104
ablation,pima,2,0.8,ablation,0.5,4,1,6027,w/o class-aware smoothness,0.8442592592592593,0.727494130565871,0.7222222222222222,0.73,0.5909090909090909,0.8295454545454546,0.65,0.7132978723404255,0.21031442284584045,-1.0549449013242196,0.2632644754867399,0.21457008349818069,0.2537297010421753,39,73,27,15,6.476314067840576,4865104,317,0.581605894105894,250,53,50,11,271,129,54,26,,,,,,,,,,,,,,,,,,,,,,,,,521,93,154,104
ablation,pima,2,0.8,ablation,0.5,4,1,6027,w/o dynamic edge attention,0.8475925925925927,0.7641819656734181,0.6666666666666666,0.75,0.5901639344262295,0.8064516129032258,0.6260869565217392,0.7016445145302996,0.20815236866474152,-0.8608931656320707,0.29881418853944697,0.19882151223235317,0.5856032371520996,36,75,25,18,5.5848448276519775,4680624,286,0.6087662337662337,250,53,50,11,271,129,54,26,,,,,,,,,,,,,,,,,,,,,,,,,521,93,154,104
ablation,pima,2,0.8,ablation,0.5,4,1,6027,w/o FedProx term,0.8196296296296297,0.737884181421331,0.7592592592592593,0.69,0.5694444444444444,0.8414634146341463,0.6507936507936508,0.7045177045177045,0.2455739676952362,-2.382245940755736,0.2722380412633733,0.2300971462391317,0.6945810317993164,41,69,31,13,6.335866451263428,4865104,267,0.6544393106893107,250,53,50,11,271,129,54,26,,,,,,,,,,,,,,,,,,,,,,,,,521,93,154,104
ablation,pima,2,0.8,ablation,0.5,4,1,6027,w/o calibrated LR head (GNN logits),0.8566666666666667,0.785925046518005,0.8148148148148148,0.68,0.5789473684210527,0.8717948717948718,0.676923076923077,0.7204840103716508,0.15780900418758392,-0.2529111979039596,2.3964659436311266,0.1041625319653517,0.41038963198661804,44,68,32,10,6.313229084014893,4793280,267,,250,53,50,11,271,129,54,26,,,,,,,,,,,,,,,,,,,,,,,,,521,93,154,104
ablation,pima,2,0.8,ablation,0.5,4,1,6027,"Supervised only (no PL, CAA, proto)",0.7916666666666667,0.7044207825162366,0.7777777777777778,0.64,0.5384615384615384,0.8421052631578947,0.6363636363636364,0.6818181818181819,0.2604883909225464,-2.506987010115164,0.18255757129701436,0.2671923724474845,0.22853069007396698,42,64,36,12,4.7654173374176025,4844624,0,0.6370192307692308,250,53,50,11,271,129,54,26,,,,,,,,,,,,,,,,,,,,,,,,,521,93,154,104
ablation,pima,2,0.8,ablation,0.5,4,2,6028,Full,0.7757407407407407,0.5757887516779194,0.6296296296296297,0.75,0.576271186440678,0.7894736842105263,0.6017699115044248,0.685500340367597,0.21638604998588562,-0.8683534551056818,0.26220318495924727,0.1885495511935903,0.6137723922729492,34,75,25,20,6.955662488937378,4865104,246,0.6433566433566433,33,25,7,5,488,157,97,31,,,,,,,,,,,,,,,,,,,,,,,,,521,93,154,104
ablation,pima,2,0.8,ablation,0.5,4,2,6028,w/o PG-PL gates 2-3 (confidence only),0.7955555555555556,0.6209890783916424,0.6481481481481481,0.8,0.6363636363636364,0.8080808080808081,0.6422018348623854,0.723110967682449,0.21488989889621735,-1.361763970152374,0.23261437450931785,0.19042903869473313,0.7546156644821167,35,80,20,19,7.000169992446899,4865104,247,0.6303071928071928,33,25,7,5,488,157,97,31,,,,,,,,,,,,,,,,,,,,,,,,,521,93,154,104
ablation,pima,2,0.8,ablation,0.5,4,2,6028,w/o pseudo-labelling,0.7868518518518519,0.6156310907756053,0.7037037037037037,0.74,0.59375,0.8222222222222222,0.6440677966101694,0.711507582515611,0.23206812143325806,-1.627539144619698,0.17981465356243878,0.22826133228161116,0.5105792284011841,38,74,26,16,7.012691974639893,4865104,0,0.6358953546453546,33,25,7,5,488,157,97,31,,,,,,,,,,,,,,,,,,,,,,,,,521,93,154,104
ablation,pima,2,0.8,ablation,0.5,4,2,6028,w/o adaptive graph refinement,0.846111111111111,0.7412819349288337,0.7962962962962963,0.77,0.6515151515151515,0.875,0.7166666666666667,0.7679078014184397,0.1851065307855606,-0.010744025881863841,0.330996442571447,0.14999749102666007,0.18224091827869415,43,77,23,11,7.113964557647705,4865104,164,0.6089847652347652,33,25,7,5,488,157,97,31,,,,,,,,,,,,,,,,,,,,,,,,,521,93,154,104
ablation,pima,2,0.8,ablation,0.5,4,2,6028,w/o clinical-aware augmentation,0.8082407407407407,0.6687039683552091,0.5185185185185185,0.85,0.6511627906976745,0.7657657657657657,0.5773195876288659,0.6915033957101675,0.24833698570728302,-0.8414209626428947,0.15264130651634095,0.25660440060854345,0.9522069692611694,28,85,15,26,4.495389699935913,4865104,198,0.6182255244755244,33,25,7,5,488,157,97,31,,,,,,,,,,,,,,,,,,,,,,,,,521,93,154,104
ablation,pima,2,0.8,ablation,0.5,4,2,6028,w/o prototype sharing,0.7968518518518518,0.6180002487564733,0.6666666666666666,0.79,0.631578947368421,0.8144329896907216,0.6486486486486487,0.7253395527507203,0.2156045287847519,-1.3520003545831885,0.23607981200138284,0.18520650210754053,0.7244258522987366,36,79,21,18,7.402360916137695,4844624,244,0.6313686313686314,33,25,7,5,488,157,97,31,,,,,,,,,,,,,,,,,,,,,,,,,521,93,154,104
ablation,pima,2,0.8,ablation,0.5,4,2,6028,w/o focal loss (cross-entropy),0.8184259259259259,0.6907617249112057,0.5,0.86,0.6585365853658537,0.7610619469026548,0.5684210526315789,0.6879663948603905,0.19884075224399567,-1.4505594291147639,0.17072205182924716,0.19952375545202716,0.9799473285675049,27,86,14,27,6.633448362350464,4865104,369,0.6175074925074926,33,25,7,5,488,157,97,31,,,,,,,,,,,,,,,,,,,,,,,,,521,93,154,104
ablation,pima,2,0.8,ablation,0.5,4,2,6028,w/o contrastive loss,0.8144444444444445,0.6729081936054923,0.7592592592592593,0.73,0.6029411764705882,0.8488372093023255,0.6721311475409836,0.7285386920500616,0.21085867285728455,-1.0927409620926565,0.23654954435409253,0.19516428465072017,0.5195146203041077,41,73,27,13,6.9826741218566895,4865104,218,0.6077672327672328,33,25,7,5,488,157,97,31,,,,,,,,,,,,,,,,,,,,,,,,,521,93,154,104
ablation,pima,2,0.8,ablation,0.5,4,2,6028,w/o class-aware smoothness,0.8292592592592593,0.6903599493244823,0.7777777777777778,0.73,0.6086956521739131,0.8588235294117647,0.6829268292682927,0.736058009228741,0.2023366391658783,-1.4001622128839888,0.1709346643423845,0.18768204734116406,0.3611890375614166,42,73,27,12,6.263033628463745,4865104,272,0.6093593906093906,33,25,7,5,488,157,97,31,,,,,,,,,,,,,,,,,,,,,,,,,521,93,154,104
ablation,pima,2,0.8,ablation,0.5,4,2,6028,w/o dynamic edge attention,0.7762962962962963,0.6102078110652551,0.7407407407407407,0.68,0.5555555555555556,0.8292682926829268,0.6349206349206349,0.6910866910866911,0.2329929918050766,-1.0481151488850478,0.2385929081752003,0.20357401676282483,0.4409206211566925,40,68,32,14,5.197892904281616,4680624,239,0.6572177822177822,33,25,7,5,488,157,97,31,,,,,,,,,,,,,,,,,,,,,,,,,521,93,154,104
ablation,pima,2,0.8,ablation,0.5,4,2,6028,w/o FedProx term,0.7757407407407407,0.5759498601175895,0.6296296296296297,0.76,0.5862068965517241,0.7916666666666666,0.6071428571428571,0.6913265306122449,0.21713078022003174,-0.8973839611860315,0.2602019245169119,0.20061893548284254,0.6323896646499634,34,76,24,20,6.7346510887146,4865104,246,0.6429195804195804,33,25,7,5,488,157,97,31,,,,,,,,,,,,,,,,,,,,,,,,,521,93,154,104
ablation,pima,2,0.8,ablation,0.5,4,2,6028,w/o calibrated LR head (GNN logits),0.8264814814814815,0.7002862534926655,0.6296296296296297,0.77,0.5964912280701754,0.7938144329896907,0.6126126126126126,0.6971692504687428,0.18520872294902802,-0.7989509589488297,1.2641742862723475,0.169106878920809,0.5979936718940735,34,77,23,20,6.781787395477295,4793280,246,,33,25,7,5,488,157,97,31,,,,,,,,,,,,,,,,,,,,,,,,,521,93,154,104
ablation,pima,2,0.8,ablation,0.5,4,2,6028,"Supervised only (no PL, CAA, proto)",0.8157407407407407,0.6485737049176674,0.8148148148148148,0.67,0.5714285714285714,0.8701298701298701,0.6717557251908397,0.7144089360417476,0.20859508216381073,-0.03828538127095007,0.22533082192969603,0.20650150776272277,0.05825743451714516,44,67,33,10,4.48028826713562,4844624,0,0.6221278721278721,33,25,7,5,488,157,97,31,,,,,,,,,,,,,,,,,,,,,,,,,521,93,154,104
ablation,early,2,0.5,ablation,0.5,0,0,2026,Full,0.99140625,0.9948056431444654,0.96875,0.875,0.9253731343283582,0.9459459459459459,0.9465648854961832,0.9278278972935461,0.07496187835931778,3.2005944924293717,0.7771492379532603,0.09431767487862648,0.011148686520755291,62,35,5,2,5.372537851333618,5528336,140,0.5864841373315949,41,34,21,17,312,183,156,92,,,,,,,,,,,,,,,,,,,,,,,,,353,63,104,177
ablation,early,2,0.5,ablation,0.5,0,0,2026,w/o PG-PL gates 2-3 (confidence only),0.995703125,0.9975351037851038,0.96875,0.975,0.9841269841269841,0.9512195121951219,0.9763779527559056,0.9696704578594342,0.05995524674654007,2.9918686022295335,1.008120223615043,0.07887398007397467,0.06505753099918365,62,39,1,2,5.585263013839722,5528336,141,0.5800738809213386,41,34,21,17,312,183,156,92,,,,,,,,,,,,,,,,,,,,,,,,,353,63,104,177
ablation,early,2,0.5,ablation,0.5,0,0,2026,w/o pseudo-labelling,0.9921874999999999,0.9951919896801354,0.84375,1.0,1.0,0.8,0.9152542372881356,0.9020715630885122,0.09744873642921448,4.273122503941458,0.8320160418965816,0.11606546742125201,0.2493051439523697,54,40,0,10,5.411863088607788,5528336,0,0.5857235984354628,41,34,21,17,312,183,156,92,,,,,,,,,,,,,,,,,,,,,,,,,353,63,104,177
ablation,early,2,0.5,ablation,0.5,0,0,2026,w/o adaptive graph refinement,0.981640625,0.9896201035937241,0.875,0.975,0.9824561403508771,0.8297872340425532,0.9256198347107438,0.9110857794243374,0.07812698185443878,2.403869119773769,0.7121205631959919,0.08665934214010262,0.2718794047832489,56,39,1,8,5.607000350952148,5528336,114,0.5911016949152542,41,34,21,17,312,183,156,92,,,,,,,,,,,,,,,,,,,,,,,,,353,63,104,177
ablation,early,2,0.5,ablation,0.5,0,0,2026,w/o clinical-aware augmentation,0.9921875,0.9951055269988428,0.9375,0.95,0.967741935483871,0.9047619047619048,0.9523809523809523,0.9396051103368177,0.0750516876578331,2.876282347193677,0.9460769783053847,0.09974965805080362,0.09161612391471863,60,38,2,4,3.6701056957244873,5528336,146,0.5909387222946545,41,34,21,17,312,183,156,92,,,,,,,,,,,,,,,,,,,,,,,,,353,63,104,177
ablation,early,2,0.5,ablation,0.5,0,0,2026,w/o prototype sharing,0.9886718750000001,0.9933163718275486,0.953125,0.925,0.953125,0.925,0.953125,0.9390625,0.050564996898174286,1.5128083061435436,0.8264376060232815,0.05756059854936141,0.2590883672237396,61,37,3,3,5.465101957321167,5507856,138,0.583767926988266,41,34,21,17,312,183,156,92,,,,,,,,,,,,,,,,,,,,,,,,,353,63,104,177
ablation,early,2,0.5,ablation,0.5,0,0,2026,w/o focal loss (cross-entropy),0.98046875,0.9885434057754083,0.859375,0.975,0.9821428571428571,0.8125,0.9166666666666666,0.9015151515151515,0.09174396097660065,5.171562306526626,0.3890140230063902,0.10965011323479792,0.19602306187152863,55,39,1,9,5.9936158657073975,5528336,174,0.6020751847023034,41,34,21,17,312,183,156,92,,,,,,,,,,,,,,,,,,,,,,,,,353,63,104,177
ablation,early,2,0.5,ablation,0.5,0,0,2026,w/o contrastive loss,0.9933593749999999,0.9961840393905611,0.84375,1.0,1.0,0.8,0.9152542372881356,0.9020715630885122,0.08863825350999832,5.834385545244352,0.8578253872453192,0.11044748248913003,0.3469623029232025,54,40,0,10,5.176340818405151,5528336,138,0.5320241199478488,41,34,21,17,312,183,156,92,,,,,,,,,,,,,,,,,,,,,,,,,353,63,104,177
ablation,early,2,0.5,ablation,0.5,0,0,2026,w/o class-aware smoothness,0.978515625,0.9871248423600648,0.859375,0.975,0.9821428571428571,0.8125,0.9166666666666666,0.9015151515151515,0.1029445007443428,6.5788012942458876,0.4114623647178615,0.11414578946558043,0.15430790185928345,55,39,1,9,5.088117599487305,5528336,162,0.5796936114732725,41,34,21,17,312,183,156,92,,,,,,,,,,,,,,,,,,,,,,,,,353,63,104,177
ablation,early,2,0.5,ablation,0.5,0,0,2026,w/o dynamic edge attention,0.9796875,0.9887201517114748,0.875,1.0,1.0,0.8333333333333334,0.9333333333333333,0.9212121212121211,0.10303294658660889,3.643565862660177,0.6387369645956827,0.12067126511381221,0.1569421887397766,56,40,0,8,5.072787523269653,5180016,174,0.6135375923511517,41,34,21,17,312,183,156,92,,,,,,,,,,,,,,,,,,,,,,,,,353,63,104,177
ablation,early,2,0.5,ablation,0.5,0,0,2026,w/o FedProx term,0.994921875,0.9971149918300654,0.96875,0.95,0.96875,0.95,0.96875,0.959375,0.0665162205696106,3.4164006247308687,0.7924431480343547,0.08506917373205607,0.036259591579437256,62,38,2,2,5.1082377433776855,5528336,140,0.5799109083007388,41,34,21,17,312,183,156,92,,,,,,,,,,,,,,,,,,,,,,,,,353,63,104,177
ablation,early,2,0.5,ablation,0.5,0,0,2026,w/o calibrated LR head (GNN logits),0.9953125,0.9971392783544927,0.71875,1.0,1.0,0.6896551724137931,0.8363636363636363,0.8263450834879407,0.07778295129537582,-0.42439875445204034,7.605704846268333,0.19525561553354448,0.80551677942276,46,40,0,18,5.109147071838379,5448640,140,,41,34,21,17,312,183,156,92,,,,,,,,,,,,,,,,,,,,,,,,,353,63,104,177
ablation,early,2,0.5,ablation,0.5,0,0,2026,"Supervised only (no PL, CAA, proto)",0.9921875,0.9951968942368404,0.9375,0.95,0.967741935483871,0.9047619047619048,0.9523809523809523,0.9396051103368177,0.06612993776798248,2.468920819894529,0.9119066827675044,0.08367761337341598,0.139546200633049,60,38,2,4,3.5050854682922363,5507856,0,0.583577792264233,41,34,21,17,312,183,156,92,,,,,,,,,,,,,,,,,,,,,,,,,353,63,104,177
ablation,pima,2,0.8,ablation,0.5,4,3,6029,Full,0.6713207547169812,0.5516120375399391,0.6415094339622641,0.58,0.4473684210526316,0.7532467532467533,0.5271317829457365,0.5912495072920773,0.2560858428478241,1.3390174545319549,0.13088707431244703,0.24065995892035022,0.026416447013616562,34,58,42,19,6.968698740005493,4865104,264,0.6477124183006536,323,104,65,21,199,78,40,16,,,,,,,,,,,,,,,,,,,,,,,,,522,93,153,105
ablation,pima,2,0.8,ablation,0.5,4,3,6029,w/o PG-PL gates 2-3 (confidence only),0.6871698113207547,0.5686410348612954,0.6226415094339622,0.64,0.4782608695652174,0.7619047619047619,0.5409836065573771,0.6183178902352102,0.24431827664375305,1.5052987524196273,0.1527267069918317,0.22821642232608372,0.039994142949581146,33,64,36,20,6.585090398788452,4865104,264,0.6472144413320884,323,104,65,21,199,78,40,16,,,,,,,,,,,,,,,,,,,,,,,,,522,93,153,105
ablation,pima,2,0.8,ablation,0.5,4,3,6029,w/o pseudo-labelling,0.7039622641509434,0.5962815878901331,0.660377358490566,0.61,0.47297297297297297,0.7721518987341772,0.5511811023622047,0.6163726740861303,0.24504981935024261,1.4722740559921328,0.14735085484242402,0.24337986038596016,0.025912733748555183,35,61,39,18,6.556722164154053,4865104,0,0.6394024276377217,323,104,65,21,199,78,40,16,,,,,,,,,,,,,,,,,,,,,,,,,522,93,153,105
ablation,pima,2,0.8,ablation,0.5,4,3,6029,w/o adaptive graph refinement,0.7028301886792452,0.5699930095227407,0.6981132075471698,0.57,0.4625,0.7808219178082192,0.556390977443609,0.6076752575079316,0.2414754182100296,0.4106351916805807,0.12817543988028351,0.2233663950894588,0.011552811600267887,37,57,43,16,6.899482250213623,4865104,238,0.6009337068160597,323,104,65,21,199,78,40,16,,,,,,,,,,,,,,,,,,,,,,,,,522,93,153,105
ablation,pima,2,0.8,ablation,0.5,4,3,6029,w/o clinical-aware augmentation,0.6977358490566038,0.5254613301619229,0.7169811320754716,0.54,0.4523809523809524,0.782608695652174,0.5547445255474452,0.5968988899926575,0.28821316361427307,-0.028325774710724942,0.11908826110971703,0.28439625701106164,0.00947694480419159,38,54,46,15,4.271917104721069,4865104,224,0.6538437597261127,323,104,65,21,199,78,40,16,,,,,,,,,,,,,,,,,,,,,,,,,522,93,153,105
ablation,pima,2,0.8,ablation,0.5,4,3,6029,w/o prototype sharing,0.6758490566037736,0.5629360244084253,0.6037735849056604,0.63,0.463768115942029,0.75,0.5245901639344263,0.6046863863150392,0.24890455603599548,1.391583554134191,0.14133652547696052,0.23829588155243908,0.05133429542183876,32,63,37,21,6.845382928848267,4844624,262,0.6455648926237161,323,104,65,21,199,78,40,16,,,,,,,,,,,,,,,,,,,,,,,,,522,93,153,105
ablation,pima,2,0.8,ablation,0.5,4,3,6029,w/o focal loss (cross-entropy),0.7349056603773585,0.5868125716206835,0.6792452830188679,0.66,0.5142857142857142,0.7951807228915663,0.5853658536585366,0.6533386645341863,0.2571413516998291,0.368210978263415,0.12574682608884472,0.24901074852818755,0.0652453601360321,36,66,34,17,6.738396406173706,4865104,382,0.65166511048864,323,104,65,21,199,78,40,16,,,,,,,,,,,,,,,,,,,,,,,,,522,93,153,105
ablation,pima,2,0.8,ablation,0.5,4,3,6029,w/o contrastive loss,0.6990566037735849,0.5535344792010803,0.5283018867924528,0.69,0.4745762711864407,0.7340425531914894,0.5,0.6056701030927836,0.30069679021835327,0.5031864905585659,0.1145113536205953,0.2923470445987738,0.20437385141849518,28,69,31,25,6.386469602584839,4865104,253,0.6123560535325242,323,104,65,21,199,78,40,16,,,,,,,,,,,,,,,,,,,,,,,,,522,93,153,105
ablation,pima,2,0.8,ablation,0.5,4,3,6029,w/o class-aware smoothness,0.7260377358490566,0.5983884804946085,0.660377358490566,0.64,0.49295774647887325,0.7804878048780488,0.5645161290322581,0.6339064161644807,0.2707231342792511,0.32507500437008796,0.1175950388362368,0.2679047855347687,0.05804871395230293,35,64,36,18,6.777714252471924,4865104,318,0.6335823218176159,323,104,65,21,199,78,40,16,,,,,,,,,,,,,,,,,,,,,,,,,522,93,153,105
ablation,pima,2,0.8,ablation,0.5,4,3,6029,w/o dynamic edge attention,0.720188679245283,0.6058826786694681,0.660377358490566,0.63,0.4861111111111111,0.7777777777777778,0.56,0.6280662983425415,0.2938874363899231,-1.3102447462479352,0.1187121371853858,0.29959840497330714,0.13477632403373718,35,63,37,18,5.602261304855347,4680624,269,0.6379396202925615,323,104,65,21,199,78,40,16,,,,,,,,,,,,,,,,,,,,,,,,,522,93,153,105
ablation,pima,2,0.8,ablation,0.5,4,3,6029,w/o FedProx term,0.6639622641509434,0.5472627861127854,0.660377358490566,0.54,0.43209876543209874,0.75,0.5223880597014925,0.5751475182228393,0.24916021525859833,1.4774391036229126,0.13796628004519512,0.22620303486930388,0.0191555917263031,35,54,46,18,6.578352212905884,4865104,262,0.6418923124805478,323,104,65,21,199,78,40,16,,,,,,,,,,,,,,,,,,,,,,,,,522,93,153,105
ablation,pima,2,0.8,ablation,0.5,4,3,6029,w/o calibrated LR head (GNN logits),0.7235849056603774,0.5702751041481368,0.660377358490566,0.63,0.4861111111111111,0.7777777777777778,0.56,0.6280662983425415,0.22510214149951935,-0.8468499923233809,0.81581989001704,0.1632892173879287,0.5506958365440369,35,63,37,18,6.2710137367248535,4793280,264,,323,104,65,21,199,78,40,16,,,,,,,,,,,,,,,,,,,,,,,,,522,93,153,105
ablation,pima,2,0.8,ablation,0.5,4,3,6029,"Supervised only (no PL, CAA, proto)",0.700188679245283,0.5303510937944316,0.8490566037735849,0.49,0.46875,0.8596491228070176,0.6040268456375839,0.6141153336468175,0.26041820645332336,0.2652646246723544,0.11509746082166676,0.23224042760196076,0.004666798748075962,45,49,51,8,4.637257814407349,4844624,0,0.6704014939309058,323,104,65,21,199,78,40,16,,,,,,,,,,,,,,,,,,,,,,,,,522,93,153,105
ablation,pima,2,0.8,ablation,0.5,4,4,6030,Full,0.7338679245283019,0.5584271277736723,0.5660377358490566,0.75,0.5454545454545454,0.7653061224489796,0.5555555555555556,0.6565656565656566,0.27299296855926514,-0.7290534045731705,0.11062671963251619,0.2607121629080449,0.6331540942192078,30,75,25,23,6.832307815551758,4865104,264,0.6279851684263449,387,121,77,24,135,61,27,12,,,,,,,,,,,,,,,,,,,,,,,,,522,93,153,104
ablation,pima,2,0.8,ablation,0.5,4,4,6030,w/o PG-PL gates 2-3 (confidence only),0.7506603773584904,0.577606863891154,0.6037735849056604,0.76,0.5714285714285714,0.7835051546391752,0.5871559633027523,0.6793647836818331,0.2607601284980774,-1.3287869658473916,0.11764444845101096,0.2585969819790787,0.7560162544250488,32,76,24,21,6.848826169967651,4865104,263,0.6168614881850176,387,121,77,24,135,61,27,12,,,,,,,,,,,,,,,,,,,,,,,,,522,93,153,104
ablation,pima,2,0.8,ablation,0.5,4,4,6030,w/o pseudo-labelling,0.7579245283018868,0.5654213261370569,0.4528301886792453,0.84,0.6,0.7433628318584071,0.5161290322580645,0.6524307133121308,0.2550521492958069,-0.3109997736319641,0.11381376635866236,0.25345973102254127,0.919700562953949,24,84,16,29,6.5670671463012695,4865104,0,0.6235859728506787,387,121,77,24,135,61,27,12,,,,,,,,,,,,,,,,,,,,,,,,,522,93,153,104
ablation,pima,2,0.8,ablation,0.5,4,4,6030,w/o adaptive graph refinement,0.7111320754716981,0.5767220822095852,0.5849056603773585,0.75,0.5535714285714286,0.7731958762886598,0.5688073394495413,0.6651143296232478,0.25366300344467163,0.743441975997949,0.12851208139097034,0.2453767412153432,0.1898108422756195,31,75,25,22,6.644573211669922,4865104,215,0.6177413273001509,387,121,77,24,135,61,27,12,,,,,,,,,,,,,,,,,,,,,,,,,522,93,153,104
ablation,pima,2,0.8,ablation,0.5,4,4,6030,w/o clinical-aware augmentation,0.7983018867924527,0.6151845651945999,0.8113207547169812,0.7,0.589041095890411,0.875,0.6825396825396826,0.7301587301587302,0.22778156399726868,-1.8437417116873616,0.1522942379108125,0.21328275329950785,0.2700778841972351,43,70,30,10,4.439000129699707,4865104,209,0.5988247863247864,387,121,77,24,135,61,27,12,,,,,,,,,,,,,,,,,,,,,,,,,522,93,153,104
ablation,pima,2,0.8,ablation,0.5,4,4,6030,w/o prototype sharing,0.735,0.5589157245954187,0.5849056603773585,0.77,0.5740740740740741,0.7777777777777778,0.5794392523364486,0.6766542995350584,0.27430325746536255,-1.0886684236591704,0.11095286944510449,0.27693438098394596,0.7232964038848877,31,77,23,22,6.91350531578064,4844624,263,0.6259741075917546,387,121,77,24,135,61,27,12,,,,,,,,,,,,,,,,,,,,,,,,,522,93,153,104
ablation,pima,2,0.8,ablation,0.5,4,4,6030,w/o focal loss (cross-entropy),0.7041509433962265,0.545667193094993,0.37735849056603776,0.84,0.5555555555555556,0.717948717948718,0.449438202247191,0.6118158753171439,0.2543683648109436,0.682121428306042,0.13470541426130161,0.2387037820432311,0.6716358065605164,20,84,16,33,6.648647308349609,4865104,371,0.6383232780291603,387,121,77,24,135,61,27,12,,,,,,,,,,,,,,,,,,,,,,,,,522,93,153,104
ablation,pima,2,0.8,ablation,0.5,4,4,6030,w/o contrastive loss,0.7281132075471698,0.5636746117340183,0.5094339622641509,0.78,0.5510204081632653,0.75,0.5294117647058824,0.6470588235294117,0.25138959288597107,-0.36504776640531766,0.15914663094390843,0.23078575254923184,0.6976359486579895,27,78,22,26,6.613067865371704,4865104,226,0.5938285570638512,387,121,77,24,135,61,27,12,,,,,,,,,,,,,,,,,,,,,,,,,522,93,153,104
ablation,pima,2,0.8,ablation,0.5,4,4,6030,w/o class-aware smoothness,0.7620754716981133,0.5989466888761141,0.4528301886792453,0.83,0.5853658536585366,0.7410714285714286,0.5106382978723404,0.6468285828984344,0.24085813760757446,0.21150422544199923,0.12526065465918304,0.22590480345526553,0.8250035643577576,24,83,17,29,6.4490251541137695,4865104,275,0.5986676721970839,387,121,77,24,135,61,27,12,,,,,,,,,,,,,,,,,,,,,,,,,522,93,153,104
ablation,pima,2,0.8,ablation,0.5,4,4,6030,w/o dynamic edge attention,0.7726415094339623,0.6157554501278859,0.8490566037735849,0.57,0.5113636363636364,0.8769230769230769,0.6382978723404256,0.6646034816247582,0.2316323071718216,-0.4403696372463023,0.17459005880920928,0.22654817067695407,0.020731216296553612,45,57,43,8,5.629960298538208,4680624,254,0.5829876822523881,387,121,77,24,135,61,27,12,,,,,,,,,,,,,,,,,,,,,,,,,522,93,153,104
ablation,pima,2,0.8,ablation,0.5,4,4,6030,w/o FedProx term,0.7321698113207548,0.5573028338185728,0.41509433962264153,0.82,0.55,0.7256637168141593,0.4731182795698925,0.6215356656065425,0.2730811536312103,-0.7935723598595144,0.10968980948299926,0.26438965137098347,0.9371340274810791,22,82,18,31,6.570345401763916,4865104,264,0.6279223227752639,387,121,77,24,135,61,27,12,,,,,,,,,,,,,,,,,,,,,,,,,522,93,153,104
ablation,pima,2,0.8,ablation,0.5,4,4,6030,w/o calibrated LR head (GNN logits),0.7394339622641509,0.5614410757970167,0.6792452830188679,0.71,0.5538461538461539,0.8068181818181818,0.6101694915254238,0.682744320230797,0.22115017473697662,-0.8252155935301405,1.0942740236893616,0.17256280779838562,0.572194516658783,36,71,29,17,6.280412912368774,4793280,264,,387,121,77,24,135,61,27,12,,,,,,,,,,,,,,,,,,,,,,,,,522,93,153,104
ablation,pima,2,0.8,ablation,0.5,4,4,6030,"Supervised only (no PL, CAA, proto)",0.790188679245283,0.6157715013313587,0.660377358490566,0.76,0.5932203389830508,0.8085106382978723,0.625,0.7042525773195876,0.21175917983055115,0.30957479784581593,0.20085184151035262,0.19946254105641953,0.26548418402671814,35,76,24,18,4.538815259933472,4844624,0,0.6030668677727501,387,121,77,24,135,61,27,12,,,,,,,,,,,,,,,,,,,,,,,,,522,93,153,104
ablation,early,2,0.5,ablation,0.5,0,1,2027,Full,0.9843749999999999,0.9914537587295192,0.9375,0.975,0.9836065573770492,0.9069767441860465,0.96,0.9498795180722892,0.06938048452138901,8.530885172724169,0.5169554261763498,0.07901874823997226,0.0008719092584215105,60,39,1,4,5.707055330276489,5528336,172,0.5614135158626684,173,118,87,59,180,99,90,50,,,,,,,,,,,,,,,,,,,,,,,,,353,63,104,177
ablation,early,2,0.5,ablation,0.5,0,1,2027,w/o PG-PL gates 2-3 (confidence only),0.973046875,0.9865716727378313,0.9375,1.0,1.0,0.9090909090909091,0.967741935483871,0.9600614439324117,0.05362897738814354,4.428754114253902,0.6717753893348289,0.06791806585030057,0.016355816274881363,60,40,0,4,5.527743577957153,5528336,172,0.6082681442850935,173,118,87,59,180,99,90,50,,,,,,,,,,,,,,,,,,,,,,,,,353,63,104,177
ablation,early,2,0.5,ablation,0.5,0,1,2027,w/o pseudo-labelling,0.98046875,0.9899758979784099,0.9375,1.0,1.0,0.9090909090909091,0.967741935483871,0.9600614439324117,0.058271605521440506,7.157202358713822,0.5129961964164514,0.06971779424594178,0.017525797709822655,60,40,0,4,5.332116603851318,5528336,0,0.5760810517166449,173,118,87,59,180,99,90,50,,,,,,,,,,,,,,,,,,,,,,,,,353,63,104,177
ablation,early,2,0.5,ablation,0.5,0,1,2027,w/o adaptive graph refinement,0.997265625,0.9984165736607142,0.984375,0.975,0.984375,0.975,0.984375,0.9796875,0.07971997559070587,8.838622291712719,1.1248664200333474,0.08970443045892842,0.00011465949501143768,63,39,1,1,5.568877696990967,5528336,151,0.4630323772272925,173,118,87,59,180,99,90,50,,,,,,,,,,,,,,,,,,,,,,,,,353,63,104,177
ablation,early,2,0.5,ablation,0.5,0,1,2027,w/o clinical-aware augmentation,0.990625,0.9947635135135134,0.953125,1.0,1.0,0.9302325581395349,0.976,0.9699277108433735,0.06524454802274704,8.61552678900355,0.9952660747877539,0.07556802205754838,0.0003607842663768679,61,40,0,3,3.358262538909912,5528336,167,0.5482398956975227,173,118,87,59,180,99,90,50,,,,,,,,,,,,,,,,,,,,,,,,,353,63,104,177
ablation,early,2,0.5,ablation,0.5,0,1,2027,w/o prototype sharing,0.97890625,0.9891366321233634,0.9375,1.0,1.0,0.9090909090909091,0.967741935483871,0.9600614439324117,0.0541071742773056,6.341291771160138,0.6029765611996051,0.06727674143006039,0.0058934735134243965,60,40,0,4,5.331213712692261,5507856,171,0.5669002607561929,173,118,87,59,180,99,90,50,,,,,,,,,,,,,,,,,,,,,,,,,353,63,104,177
ablation,early,2,0.5,ablation,0.5,0,1,2027,w/o focal loss (cross-entropy),0.9953125,0.9971885947306962,0.90625,1.0,1.0,0.8695652173913043,0.9508196721311475,0.9405261151353412,0.061839062720537186,7.233501210653129,0.9590290598966759,0.06827508364110074,0.07624571025371552,58,40,0,6,5.767935514450073,5528336,175,0.5936549326379835,173,118,87,59,180,99,90,50,,,,,,,,,,,,,,,,,,,,,,,,,353,63,104,177
ablation,early,2,0.5,ablation,0.5,0,1,2027,w/o contrastive loss,0.996484375,0.9978430414035591,0.96875,0.95,0.96875,0.95,0.96875,0.959375,0.06756020337343216,7.62051392503378,0.7990950624448562,0.08223586659998824,0.0003199762722942978,62,38,2,2,5.06518816947937,5528336,172,0.5490004345936549,173,118,87,59,180,99,90,50,,,,,,,,,,,,,,,,,,,,,,,,,353,63,104,177
ablation,early,2,0.5,ablation,0.5,0,1,2027,w/o class-aware smoothness,0.9976562499999999,0.9985529983009822,0.921875,1.0,1.0,0.8888888888888888,0.959349593495935,0.9502630320420851,0.06604079157114029,7.7160641421877525,1.1946270826923497,0.07108639509085782,0.017536835744976997,59,40,0,5,5.135708570480347,5528336,168,0.502716210343329,173,118,87,59,180,99,90,50,,,,,,,,,,,,,,,,,,,,,,,,,353,63,104,177
ablation,early,2,0.5,ablation,0.5,0,1,2027,w/o dynamic edge attention,0.9874999999999999,0.992877833676407,0.984375,0.925,0.9545454545454546,0.9736842105263158,0.9692307692307692,0.9589743589743589,0.08386997133493423,8.527490900373303,0.4153185235940292,0.09520846679627606,2.994076203322038e-05,63,37,3,1,4.44301438331604,5180016,171,0.5355008691873099,173,118,87,59,180,99,90,50,,,,,,,,,,,,,,,,,,,,,,,,,353,63,104,177
ablation,early,2,0.5,ablation,0.5,0,1,2027,w/o FedProx term,0.98515625,0.9917868349489756,0.9375,0.975,0.9836065573770492,0.9069767441860465,0.96,0.9498795180722892,0.06292268633842468,7.7494702992849485,0.5665698696517669,0.07471477686620066,0.0005558469565585256,60,39,1,4,5.443080425262451,5528336,172,0.5666286397218601,173,118,87,59,180,99,90,50,,,,,,,,,,,,,,,,,,,,,,,,,353,63,104,177
ablation,early,2,0.5,ablation,0.5,0,1,2027,w/o calibrated LR head (GNN logits),0.9855468749999999,0.9919904891304347,0.9375,1.0,1.0,0.9090909090909091,0.967741935483871,0.9600614439324117,0.057439930737018585,0.5544401283721283,3.1647105515217815,0.11706772425140327,0.34859800338745117,60,40,0,4,4.494673728942871,5448640,172,,173,118,87,59,180,99,90,50,,,,,,,,,,,,,,,,,,,,,,,,,353,63,104,177
ablation,early,2,0.5,ablation,0.5,0,1,2027,"Supervised only (no PL, CAA, proto)",0.996875,0.9982638888888888,0.984375,1.0,1.0,0.975609756097561,0.9921259842519685,0.9898901526198114,0.07131225615739822,6.149156200485915,1.5377816577309809,0.0834918674283052,0.0019343559397384524,63,40,0,1,3.8481552600860596,5507856,0,0.5799109083007388,173,118,87,59,180,99,90,50,,,,,,,,,,,,,,,,,,,,,,,,,353,63,104,177
ablation,early,2,0.5,ablation,0.5,0,2,2028,Full,0.9703125,0.9834685612220726,0.953125,0.9,0.9384615384615385,0.9230769230769231,0.9457364341085271,0.9285644195859091,0.06687147915363312,3.1286880604204232,0.32774055356013315,0.06899280720300832,0.022259902209043503,61,36,4,3,5.376941204071045,5528336,173,0.5934919600173837,103,87,52,44,250,130,125,65,,,,,,,,,,,,,,,,,,,,,,,,,353,63,104,177
ablation,early,2,0.5,ablation,0.5,0,2,2028,w/o PG-PL gates 2-3 (confidence only),0.96328125,0.9762322265435568,0.953125,0.875,0.9242424242424242,0.9210526315789473,0.9384615384615385,0.917948717948718,0.06289296597242355,2.2457668926230037,0.3578877935546735,0.06956903117064098,0.036925796419382095,61,35,5,3,5.305939435958862,5528336,170,0.5869187309865276,103,87,52,44,250,130,125,65,,,,,,,,,,,,,,,,,,,,,,,,,353,63,104,177
ablation,early,2,0.5,ablation,0.5,0,2,2028,w/o pseudo-labelling,0.9683593750000001,0.9812097100287817,0.953125,0.875,0.9242424242424242,0.9210526315789473,0.9384615384615385,0.917948717948718,0.08406063169240952,4.040589685178993,0.2939048298157991,0.09077305404039529,0.010034092701971531,61,35,5,3,5.15582013130188,5528336,0,0.5911560191221208,103,87,52,44,250,130,125,65,,,,,,,,,,,,,,,,,,,,,,,,,353,63,104,177
ablation,early,2,0.5,ablation,0.5,0,2,2028,w/o adaptive graph refinement,0.975390625,0.9853302486799267,0.953125,0.925,0.953125,0.925,0.953125,0.9390625,0.055273134261369705,0.29515038039833597,0.3728538269569064,0.05951801285398409,0.5679222941398621,61,37,3,3,5.273974895477295,5528336,140,0.5604085180356366,103,87,52,44,250,130,125,65,,,,,,,,,,,,,,,,,,,,,,,,,353,63,104,177
ablation,early,2,0.5,ablation,0.5,0,2,2028,w/o clinical-aware augmentation,0.9695312500000001,0.9824484656301838,0.953125,0.95,0.9682539682539683,0.926829268292683,0.9606299212598425,0.949450763099057,0.06056186184287071,2.5138128612164006,0.30784592977541253,0.06399753145300427,0.18714120984077454,61,38,2,3,4.159878730773926,5528336,161,0.5735006518904824,103,87,52,44,250,130,125,65,,,,,,,,,,,,,,,,,,,,,,,,,353,63,104,177
ablation,early,2,0.5,ablation,0.5,0,2,2028,w/o prototype sharing,0.963671875,0.9776985639488112,0.953125,0.875,0.9242424242424242,0.9210526315789473,0.9384615384615385,0.917948717948718,0.06494118273258209,3.092116123724649,0.29237912539650285,0.07017574432449272,0.006235119421035051,61,35,5,3,5.2191102504730225,5507856,175,0.5848544111255976,103,87,52,44,250,130,125,65,,,,,,,,,,,,,,,,,,,,,,,,,353,63,104,177
ablation,early,2,0.5,ablation,0.5,0,2,2028,w/o focal loss (cross-entropy),0.97265625,0.983876051800613,0.921875,0.9,0.9365079365079365,0.8780487804878049,0.9291338582677166,0.9090113735783028,0.06961120665073395,0.6090355351331594,0.3901892122888009,0.07030522722141959,0.6547239422798157,59,36,4,5,5.383135557174683,5528336,176,0.5854791395045632,103,87,52,44,250,130,125,65,,,,,,,,,,,,,,,,,,,,,,,,,353,63,104,177
ablation,early,2,0.5,ablation,0.5,0,2,2028,w/o contrastive loss,0.972265625,0.9842226104421599,0.9375,0.9,0.9375,0.9,0.9375,0.91875,0.07304268330335617,3.191986051897694,0.2915899237793615,0.08112053902900346,0.058819230645895004,60,36,4,4,5.209289073944092,5528336,168,0.5030693176879618,103,87,52,44,250,130,125,65,,,,,,,,,,,,,,,,,,,,,,,,,353,63,104,177
ablation,early,2,0.5,ablation,0.5,0,2,2028,w/o class-aware smoothness,0.977734375,0.9879556094882249,0.921875,0.95,0.9672131147540983,0.8837209302325582,0.944,0.9298313253012047,0.06789135187864304,2.5245020030938603,0.37427149889062883,0.07595431462575036,0.4495731592178345,59,38,2,5,5.504766464233398,5528336,173,0.5625,103,87,52,44,250,130,125,65,,,,,,,,,,,,,,,,,,,,,,,,,353,63,104,177
ablation,early,2,0.5,ablation,0.5,0,2,2028,w/o dynamic edge attention,0.9777343749999999,0.9852914558270724,0.859375,0.95,0.9649122807017544,0.8085106382978723,0.9090909090909091,0.8913270637408568,0.07036399096250534,2.591742465083543,0.3922111104560876,0.08345807412675084,0.6629869341850281,55,38,2,9,4.416059494018555,5180016,171,0.5340069534984789,103,87,52,44,250,130,125,65,,,,,,,,,,,,,,,,,,,,,,,,,353,63,104,177
ablation,early,2,0.5,ablation,0.5,0,2,2028,w/o FedProx term,0.9656250000000002,0.9801974158566414,0.953125,0.875,0.9242424242424242,0.9210526315789473,0.9384615384615385,0.917948717948718,0.07540547102689743,4.19712903989195,0.2950836129648808,0.08428776409262076,0.0035446584224700928,61,35,5,3,5.432971000671387,5528336,170,0.5840395480225988,103,87,52,44,250,130,125,65,,,,,,,,,,,,,,,,,,,,,,,,,353,63,104,177
ablation,early,2,0.5,ablation,0.5,0,2,2028,w/o calibrated LR head (GNN logits),0.97109375,0.9847641232846971,0.953125,0.875,0.9242424242424242,0.9210526315789473,0.9384615384615385,0.917948717948718,0.06703363358974457,0.2006842819436973,1.7397510639223097,0.09137571323662996,0.3417651951313019,61,35,5,3,4.881053924560547,5448640,173,,103,87,52,44,250,130,125,65,,,,,,,,,,,,,,,,,,,,,,,,,353,63,104,177
ablation,early,2,0.5,ablation,0.5,0,2,2028,"Supervised only (no PL, CAA, proto)",0.978125,0.9861852612947282,0.953125,0.95,0.9682539682539683,0.926829268292683,0.9606299212598425,0.949450763099057,0.053018130362033844,1.5635765767339151,0.37715678590521673,0.05888542808959475,0.38681262731552124,61,38,2,3,3.778660535812378,5507856,0,0.5774934810951761,103,87,52,44,250,130,125,65,,,,,,,,,,,,,,,,,,,,,,,,,353,63,104,177
ablation,early,2,0.5,ablation,0.5,0,3,2029,Full,0.9539062500000001,0.9763675287892734,0.90625,0.925,0.9508196721311475,0.8604651162790697,0.928,0.9097831325301204,0.0792737826704979,3.9740263018956843,0.30348343168186487,0.09084680584447388,0.2187107652425766,58,37,3,6,5.397706985473633,5528336,165,0.5202414772727273,218,188,109,94,135,29,67,14,,,,,,,,,,,,,,,,,,,,,,,,,353,63,104,176
ablation,early,2,0.5,ablation,0.5,0,3,2029,w/o PG-PL gates 2-3 (confidence only),0.95546875,0.9763483211520323,0.90625,0.9,0.9354838709677419,0.8571428571428571,0.9206349206349206,0.8993418505613627,0.08291758596897125,3.942844699759214,0.29728288970720984,0.09315708376771702,0.14535152912139893,58,36,4,6,5.4835381507873535,5528336,168,0.536604020979021,218,188,109,94,135,29,67,14,,,,,,,,,,,,,,,,,,,,,,,,,353,63,104,176
ablation,early,2,0.5,ablation,0.5,0,3,2029,w/o pseudo-labelling,0.9585937499999999,0.9756259350173815,0.875,0.975,0.9824561403508771,0.8297872340425532,0.9256198347107438,0.9110857794243374,0.07720132172107697,3.0870370091480246,0.3078668112091778,0.08283068107826132,0.6977719664573669,56,39,1,8,5.132321119308472,5528336,0,0.5090417395104895,218,188,109,94,135,29,67,14,,,,,,,,,,,,,,,,,,,,,,,,,353,63,104,176
ablation,early,2,0.5,ablation,0.5,0,3,2029,w/o adaptive graph refinement,0.961328125,0.9758654671454385,0.828125,0.975,0.9814814814814815,0.78,0.8983050847457628,0.8824858757062147,0.07078097760677338,2.543098061852159,0.37828401467785333,0.07625538506545125,0.9128382205963135,53,39,1,11,5.3619465827941895,5528336,170,0.5705310314685315,218,188,109,94,135,29,67,14,,,,,,,,,,,,,,,,,,,,,,,,,353,63,104,176
ablation,early,2,0.5,ablation,0.5,0,3,2029,w/o clinical-aware augmentation,0.9578125000000001,0.9734190468097945,0.859375,0.95,0.9649122807017544,0.8085106382978723,0.9090909090909091,0.8913270637408568,0.09889613837003708,5.675436074265344,0.2766596587747613,0.10395391726902187,0.4211185872554779,55,38,2,9,4.09994912147522,5528336,156,0.5175917832167832,218,188,109,94,135,29,67,14,,,,,,,,,,,,,,,,,,,,,,,,,353,63,104,176
ablation,early,2,0.5,ablation,0.5,0,3,2029,w/o prototype sharing,0.957421875,0.9754513428484779,0.765625,0.975,0.98,0.7222222222222222,0.8596491228070176,0.8447181784247854,0.08338368684053421,4.296730836238044,0.2825079599781582,0.09246409254802321,0.988588809967041,49,39,1,15,5.1707422733306885,5507856,153,0.5155157342657344,218,188,109,94,135,29,67,14,,,,,,,,,,,,,,,,,,,,,,,,,353,63,104,176
ablation,early,2,0.5,ablation,0.5,0,3,2029,w/o focal loss (cross-entropy),0.96640625,0.980560531215074,0.828125,0.975,0.9814814814814815,0.78,0.8983050847457628,0.8824858757062147,0.08293838798999786,5.299592401217357,0.2973352114301528,0.0903752986431265,0.8796871900558472,53,39,1,11,5.408737659454346,5528336,168,0.5138221153846154,218,188,109,94,135,29,67,14,,,,,,,,,,,,,,,,,,,,,,,,,353,63,104,176
ablation,early,2,0.5,ablation,0.5,0,3,2029,w/o contrastive loss,0.958984375,0.9710122844221365,0.84375,0.975,0.9818181818181818,0.7959183673469388,0.907563025210084,0.8919837597960533,0.07279085367918015,2.359353980080387,0.3247731775528418,0.0804335827437731,0.9091091156005859,54,39,1,10,5.201444387435913,5528336,166,0.5286003059440559,218,188,109,94,135,29,67,14,,,,,,,,,,,,,,,,,,,,,,,,,353,63,104,176
ablation,early,2,0.5,ablation,0.5,0,3,2029,w/o class-aware smoothness,0.973828125,0.986913339412182,0.890625,0.925,0.95,0.8409090909090909,0.9193548387096774,0.9001536098310292,0.06531114876270294,1.5185824300485906,0.4266672981294014,0.06461721250357536,0.46603891253471375,57,37,3,7,5.393965482711792,5528336,153,0.5498798076923077,218,188,109,94,135,29,67,14,,,,,,,,,,,,,,,,,,,,,,,,,353,63,104,176
ablation,early,2,0.5,ablation,0.5,0,3,2029,w/o dynamic edge attention,0.9529296875,0.9639440288206038,0.75,0.975,0.9795918367346939,0.7090909090909091,0.8495575221238938,0.8353050768514205,0.10380435734987259,4.701339807890003,0.32287248048076084,0.1129666416046138,0.9097448587417603,48,39,1,16,4.519507169723511,5180016,160,0.5627731643356644,218,188,109,94,135,29,67,14,,,,,,,,,,,,,,,,,,,,,,,,,353,63,104,176
ablation,early,2,0.5,ablation,0.5,0,3,2029,w/o FedProx term,0.9527343749999999,0.9754885020676233,0.890625,0.9,0.9344262295081968,0.8372093023255814,0.912,0.8897349397590362,0.08139403164386749,4.143264633705328,0.29344440893197665,0.09835451103908084,0.2179010808467865,57,36,4,7,5.235267162322998,5528336,164,0.5278081293706294,218,188,109,94,135,29,67,14,,,,,,,,,,,,,,,,,,,,,,,,,353,63,104,176
ablation,early,2,0.5,ablation,0.5,0,3,2029,w/o calibrated LR head (GNN logits),0.95625,0.9721873568442639,0.859375,0.975,0.9821428571428571,0.8125,0.9166666666666666,0.9015151515151515,0.10448320209980011,-0.08123944139652294,2.7777452627925796,0.16803876253274774,0.6255195736885071,55,39,1,9,5.107095241546631,5448640,165,,218,188,109,94,135,29,67,14,,,,,,,,,,,,,,,,,,,,,,,,,353,63,104,176
ablation,early,2,0.5,ablation,0.5,0,3,2029,"Supervised only (no PL, CAA, proto)",0.953515625,0.9723451748054932,0.828125,0.975,0.9814814814814815,0.78,0.8983050847457628,0.8824858757062147,0.10354561358690262,6.11189689283536,0.28968179487565454,0.1118469718628778,0.7462002038955688,53,39,1,11,3.704160690307617,5507856,0,0.5105441433566433,218,188,109,94,135,29,67,14,,,,,,,,,,,,,,,,,,,,,,,,,353,63,104,176
ablation,early,2,0.5,ablation,0.5,0,4,2030,Full,0.905859375,0.9024060061341405,0.890625,0.875,0.9193548387096774,0.8333333333333334,0.9047619047619048,0.8792102206736353,0.11803840845823288,5.183170158860592,0.19122780185796928,0.12043175168694757,0.29088646173477173,57,35,5,7,5.135162353515625,5528336,171,0.5495793269230769,304,196,152,98,49,21,24,10,,,,,,,,,,,,,,,,,,,,,,,,,353,63,104,176
ablation,early,2,0.5,ablation,0.5,0,4,2030,w/o PG-PL gates 2-3 (confidence only),0.9183593750000001,0.8995729729704884,0.890625,0.875,0.9193548387096774,0.8333333333333334,0.9047619047619048,0.8792102206736353,0.10433924943208694,5.109243445808036,0.22196310408768968,0.11670831365588062,0.23905308544635773,57,35,5,7,5.557497024536133,5528336,171,0.5579927884615384,304,196,152,98,49,21,24,10,,,,,,,,,,,,,,,,,,,,,,,,,353,63,104,176
ablation,early,2,0.5,ablation,0.5,0,4,2030,w/o pseudo-labelling,0.922265625,0.9068808950396219,0.890625,0.9,0.9344262295081968,0.8372093023255814,0.912,0.8897349397590362,0.10500840097665787,3.308956427865952,0.2558275089979385,0.1067547815395161,0.38234493136405945,57,36,4,7,5.262691497802734,5528336,0,0.5736177884615385,304,196,152,98,49,21,24,10,,,,,,,,,,,,,,,,,,,,,,,,,353,63,104,176
ablation,early,2,0.5,ablation,0.5,0,4,2030,w/o adaptive graph refinement,0.9449218749999999,0.9514368367639716,0.90625,0.825,0.8923076923076924,0.8461538461538461,0.8992248062015504,0.867333922088117,0.10112746059894562,2.161047306799265,0.27386199046146154,0.09322605956381619,0.08981525152921677,58,33,7,6,5.551515817642212,5528336,162,0.5618444055944056,304,196,152,98,49,21,24,10,,,,,,,,,,,,,,,,,,,,,,,,,353,63,104,176
ablation,early,2,0.5,ablation,0.5,0,4,2030,w/o clinical-aware augmentation,0.9085937500000001,0.9192070205616445,0.890625,0.825,0.890625,0.825,0.890625,0.8578125,0.11808289587497711,2.7058299945099367,0.21411016756085557,0.12926618170996124,0.11733152717351913,57,33,7,7,3.539921522140503,5528336,170,0.5700666520979021,304,196,152,98,49,21,24,10,,,,,,,,,,,,,,,,,,,,,,,,,353,63,104,176
ablation,early,2,0.5,ablation,0.5,0,4,2030,w/o prototype sharing,0.917578125,0.8822517617503572,0.875,0.925,0.9491525423728814,0.8222222222222222,0.9105691056910569,0.8905786704925873,0.10230164974927902,3.7913872488635434,0.2582083595742346,0.11551269509184822,0.5522540211677551,56,37,3,8,5.47301721572876,5507856,170,0.5564084353146853,304,196,152,98,49,21,24,10,,,,,,,,,,,,,,,,,,,,,,,,,353,63,104,176
ablation,early,2,0.5,ablation,0.5,0,4,2030,w/o focal loss (cross-entropy),0.9375,0.9585913707820262,0.90625,0.85,0.90625,0.85,0.90625,0.878125,0.0971098318696022,3.01264384271755,0.23576891611758863,0.10500685744829334,0.060506872832775116,58,34,6,6,5.626060247421265,5528336,177,0.5276988636363636,304,196,152,98,49,21,24,10,,,,,,,,,,,,,,,,,,,,,,,,,353,63,104,176
ablation,early,2,0.5,ablation,0.5,0,4,2030,w/o contrastive loss,0.921875,0.9489552725802761,0.875,0.875,0.9180327868852459,0.813953488372093,0.896,0.8696867469879519,0.11954420059919357,3.470353835261835,0.2302823955125488,0.12370626255310176,0.4957774877548218,56,35,5,8,5.16556978225708,5528336,164,0.5607517482517483,304,196,152,98,49,21,24,10,,,,,,,,,,,,,,,,,,,,,,,,,353,63,104,176
ablation,early,2,0.5,ablation,0.5,0,4,2030,w/o class-aware smoothness,0.9500000000000001,0.9699520512281534,0.9375,0.875,0.9230769230769231,0.8974358974358975,0.9302325581395349,0.9081542537533117,0.11069083213806152,4.67378742428666,0.23401937246185067,0.11818165323123908,0.003679445944726467,60,35,5,4,5.493210554122925,5528336,165,0.5499344405594405,304,196,152,98,49,21,24,10,,,,,,,,,,,,,,,,,,,,,,,,,353,63,104,176
ablation,early,2,0.5,ablation,0.5,0,4,2030,w/o dynamic edge attention,0.925,0.9369179592318138,0.890625,0.85,0.9047619047619048,0.8292682926829268,0.8976377952755905,0.8685719840575483,0.11636214703321457,3.046093381283944,0.2333378078639094,0.11546915726257098,0.20356296002864838,57,34,6,7,4.94335150718689,5180016,166,0.5638658216783217,304,196,152,98,49,21,24,10,,,,,,,,,,,,,,,,,,,,,,,,,353,63,104,176
ablation,early,2,0.5,ablation,0.5,0,4,2030,w/o FedProx term,0.915625,0.8984707519197137,0.828125,0.925,0.9464285714285714,0.7708333333333334,0.8833333333333333,0.8621212121212121,0.10466296225786209,4.525650405665613,0.22801172638824507,0.11764258070839928,0.642853319644928,53,37,3,11,5.05224347114563,5528336,171,0.5671437937062938,304,196,152,98,49,21,24,10,,,,,,,,,,,,,,,,,,,,,,,,,353,63,104,176
ablation,early,2,0.5,ablation,0.5,0,4,2030,w/o calibrated LR head (GNN logits),0.9152343749999999,0.9237735682699706,0.78125,0.925,0.9433962264150944,0.7254901960784313,0.8547008547008547,0.8339438339438339,0.10629783570766449,0.7206152768931826,0.947199803738655,0.08612612749521549,0.644058883190155,50,37,3,14,5.319615125656128,5448640,171,,304,196,152,98,49,21,24,10,,,,,,,,,,,,,,,,,,,,,,,,,353,63,104,176
ablation,early,2,0.5,ablation,0.5,0,4,2030,"Supervised only (no PL, CAA, proto)",0.9132812499999999,0.9180650070065515,0.890625,0.85,0.9047619047619048,0.8292682926829268,0.8976377952755905,0.8685719840575483,0.1115720123052597,2.0187225775418107,0.1915348920196655,0.12902579108721018,0.2559777796268463,57,34,6,7,3.568577766418457,5507856,0,0.563073645104895,304,196,152,98,49,21,24,10,,,,,,,,,,,,,,,,,,,,,,,,,353,63,104,176
ablation,early,2,0.5,ablation,0.5,1,0,3026,Full,0.960546875,0.9766951606326914,0.890625,0.9,0.9344262295081968,0.8372093023255814,0.912,0.8897349397590362,0.14512984454631805,3.953580108278963,0.5201823009690051,0.1629609551925499,0.03321671485900879,57,36,4,7,5.3220319747924805,5528336,166,0.5431334202520643,203,182,101,91,150,35,76,18,,,,,,,,,,,,,,,,,,,,,,,,,353,63,104,177
ablation,early,2,0.5,ablation,0.5,1,0,3026,w/o PG-PL gates 2-3 (confidence only),0.972265625,0.9832205661452085,0.953125,0.825,0.8970588235294118,0.9166666666666666,0.9242424242424242,0.8963317384370015,0.08166996389627457,1.2408343795129988,0.8495243565986167,0.09256484187566319,0.14940083026885986,61,33,7,3,5.237057209014893,5528336,166,0.5616036505867015,203,182,101,91,150,35,76,18,,,,,,,,,,,,,,,,,,,,,,,,,353,63,104,177
ablation,early,2,0.5,ablation,0.5,1,0,3026,w/o pseudo-labelling,0.9789062500000001,0.9861667493780749,0.890625,0.95,0.9661016949152542,0.8444444444444444,0.926829268292683,0.9104734576757533,0.11548014730215073,3.3133408057002383,0.6402384453512362,0.14005967937051683,0.09190300852060318,57,38,2,7,5.265700101852417,5528336,0,0.5573392003476749,203,182,101,91,150,35,76,18,,,,,,,,,,,,,,,,,,,,,,,,,353,63,104,177
ablation,early,2,0.5,ablation,0.5,1,0,3026,w/o adaptive graph refinement,0.9828125000000001,0.9895861447406507,0.921875,0.9,0.9365079365079365,0.8780487804878049,0.9291338582677166,0.9090113735783028,0.05950586497783661,0.9449134294180195,0.7991235498339879,0.0410151844486021,0.35730087757110596,59,36,4,5,5.642335414886475,5528336,165,0.5782268578878749,203,182,101,91,150,35,76,18,,,,,,,,,,,,,,,,,,,,,,,,,353,63,104,177
ablation,early,2,0.5,ablation,0.5,1,0,3026,w/o clinical-aware augmentation,0.9695312500000001,0.9809815934220854,0.9375,0.775,0.8695652173913043,0.8857142857142857,0.9022556390977443,0.8644611528822055,0.11249334365129471,2.1670386893573594,0.6940239995917057,0.12860971160877782,0.043586209416389465,60,31,9,4,3.710648775100708,5528336,164,0.5606529769665363,203,182,101,91,150,35,76,18,,,,,,,,,,,,,,,,,,,,,,,,,353,63,104,177
ablation,early,2,0.5,ablation,0.5,1,0,3026,w/o prototype sharing,0.9703125,0.9819004798175521,0.953125,0.775,0.8714285714285714,0.9117647058823529,0.9104477611940298,0.8741427995159339,0.10805637389421463,1.8507284279038567,0.7891167817747448,0.11943642368826732,0.08431581407785416,61,31,9,3,5.3089399337768555,5507856,159,0.5597023033463712,203,182,101,91,150,35,76,18,,,,,,,,,,,,,,,,,,,,,,,,,353,63,104,177
ablation,early,2,0.5,ablation,0.5,1,0,3026,w/o focal loss (cross-entropy),0.962109375,0.9763558308615932,0.90625,0.9,0.9354838709677419,0.8571428571428571,0.9206349206349206,0.8993418505613627,0.1393391191959381,3.186830554003858,0.43153156456104447,0.15673553581851035,0.06746625900268555,58,36,4,6,5.744654178619385,5528336,172,0.5441927422859626,203,182,101,91,150,35,76,18,,,,,,,,,,,,,,,,,,,,,,,,,353,63,104,177
ablation,early,2,0.5,ablation,0.5,1,0,3026,w/o contrastive loss,0.9746093750000001,0.9837071353251395,0.75,0.95,0.96,0.7037037037037037,0.8421052631578947,0.8253079507278835,0.10254692286252975,2.208085915855473,0.6669393336323759,0.12316127443829407,0.654220461845398,48,38,2,16,5.600679397583008,5528336,166,0.5739080834419817,203,182,101,91,150,35,76,18,,,,,,,,,,,,,,,,,,,,,,,,,353,63,104,177
ablation,early,2,0.5,ablation,0.5,1,0,3026,w/o class-aware smoothness,0.996484375,0.9978379665745858,0.96875,0.95,0.96875,0.95,0.96875,0.959375,0.030386783182621002,0.44548766203248524,1.5899813667439602,0.04670880451941719,0.326639860868454,62,38,2,2,4.960869789123535,5528336,167,0.5430519339417644,203,182,101,91,150,35,76,18,,,,,,,,,,,,,,,,,,,,,,,,,353,63,104,177
ablation,early,2,0.5,ablation,0.5,1,0,3026,w/o dynamic edge attention,0.9765625,0.9863708209447295,0.890625,0.925,0.95,0.8409090909090909,0.9193548387096774,0.9001536098310292,0.08595563471317291,2.0114828378372316,0.8237453411907011,0.10066457723195736,0.10703852772712708,57,37,3,7,5.0585618019104,5180016,170,0.5302314211212517,203,182,101,91,150,35,76,18,,,,,,,,,,,,,,,,,,,,,,,,,353,63,104,177
ablation,early,2,0.5,ablation,0.5,1,0,3026,w/o FedProx term,0.9609375,0.9765168817988263,0.796875,0.925,0.9444444444444444,0.74,0.864406779661017,0.8433145009416196,0.1522195190191269,4.463784756304353,0.4680380004025728,0.16663206093765506,0.05007558315992355,51,37,3,13,5.249424934387207,5528336,166,0.5440840938722294,203,182,101,91,150,35,76,18,,,,,,,,,,,,,,,,,,,,,,,,,353,63,104,177
ablation,early,2,0.5,ablation,0.5,1,0,3026,w/o calibrated LR head (GNN logits),0.9675781250000001,0.979049032214358,0.953125,0.825,0.8970588235294118,0.9166666666666666,0.9242424242424242,0.8963317384370015,0.14662252366542816,-0.39063037376626925,6.303508915325901,0.2173427859177956,0.5833219885826111,61,33,7,3,5.609262466430664,5448640,166,,203,182,101,91,150,35,76,18,,,,,,,,,,,,,,,,,,,,,,,,,353,63,104,177
ablation,early,2,0.5,ablation,0.5,1,0,3026,"Supervised only (no PL, CAA, proto)",0.9796875,0.9868208923109058,1.0,0.8,0.8888888888888888,1.0,0.9411764705882353,0.9150326797385621,0.07258681207895279,1.1105708611118645,0.8170654709788002,0.09184335444409115,0.085419200360775,64,32,8,0,3.577270030975342,5507856,0,0.5747501086484137,203,182,101,91,150,35,76,18,,,,,,,,,,,,,,,,,,,,,,,,,353,63,104,177
ablation,early,2,0.5,ablation,0.5,1,1,3027,Full,0.9726562499999999,0.9843268684760363,0.859375,0.925,0.9482758620689655,0.8043478260869565,0.9016393442622951,0.8810522302706825,0.09409379959106445,4.295609760455825,0.27439734898717677,0.09559054808330704,0.7891165614128113,55,37,3,9,5.3418755531311035,5528336,163,0.5463385484571925,21,11,11,6,332,206,166,103,,,,,,,,,,,,,,,,,,,,,,,,,353,63,104,177
ablation,early,2,0.5,ablation,0.5,1,1,3027,w/o PG-PL gates 2-3 (confidence only),0.971875,0.9840455434336556,0.921875,0.875,0.921875,0.875,0.921875,0.8984375,0.09162019193172455,4.266257382045077,0.28087758654700223,0.10285610747031078,0.019346216693520546,59,35,5,5,5.612896919250488,5528336,162,0.5802640156453716,21,11,11,6,332,206,166,103,,,,,,,,,,,,,,,,,,,,,,,,,353,63,104,177
ablation,early,2,0.5,ablation,0.5,1,1,3027,w/o pseudo-labelling,0.9652343750000001,0.9805217279170944,0.890625,0.875,0.9193548387096774,0.8333333333333334,0.9047619047619048,0.8792102206736353,0.10601134598255157,5.5680650707855195,0.23795458032097905,0.11597848980902478,0.13894830644130707,57,35,5,7,5.218454360961914,5528336,0,0.5470176010430248,21,11,11,6,332,206,166,103,,,,,,,,,,,,,,,,,,,,,,,,,353,63,104,177
ablation,early,2,0.5,ablation,0.5,1,1,3027,w/o adaptive graph refinement,0.95703125,0.9774375249561613,0.84375,0.95,0.9642857142857143,0.7916666666666666,0.9,0.8818181818181818,0.1049385815858841,3.691923777986605,0.3376591572318417,0.10489593129246855,0.6364613771438599,54,38,2,10,5.386682510375977,5528336,118,0.5759452411994785,21,11,11,6,332,206,166,103,,,,,,,,,,,,,,,,,,,,,,,,,353,63,104,177
ablation,early,2,0.5,ablation,0.5,1,1,3027,w/o clinical-aware augmentation,0.9582031249999999,0.9783535720098074,0.890625,0.925,0.95,0.8409090909090909,0.9193548387096774,0.9001536098310292,0.09238418936729431,5.439676918575961,0.2854766772008001,0.09485738538653377,0.13328169286251068,57,37,3,7,4.0617759227752686,5528336,163,0.5547859626249457,21,11,11,6,332,206,166,103,,,,,,,,,,,,,,,,,,,,,,,,,353,63,104,177
ablation,early,2,0.5,ablation,0.5,1,1,3027,w/o prototype sharing,0.97109375,0.9835844976948596,0.859375,0.925,0.9482758620689655,0.8043478260869565,0.9016393442622951,0.8810522302706825,0.09156776964664459,3.4614843821956893,0.29868833343292994,0.09614283229725863,0.6834098100662231,55,37,3,9,5.294416427612305,5507856,162,0.5567144719687093,21,11,11,6,332,206,166,103,,,,,,,,,,,,,,,,,,,,,,,,,353,63,104,177
ablation,early,2,0.5,ablation,0.5,1,1,3027,w/o focal loss (cross-entropy),0.960546875,0.9801213486583931,0.90625,0.925,0.9508196721311475,0.8604651162790697,0.928,0.9097831325301204,0.1049269512295723,7.796472320909566,0.3040005729049461,0.11782403609070641,0.006436577532440424,58,37,3,6,5.660272598266602,5528336,175,0.5527216427640157,21,11,11,6,332,206,166,103,,,,,,,,,,,,,,,,,,,,,,,,,353,63,104,177
ablation,early,2,0.5,ablation,0.5,1,1,3027,w/o contrastive loss,0.9578125000000001,0.976601370350503,0.84375,0.9,0.9310344827586207,0.782608695652174,0.8852459016393442,0.8612276019824628,0.11574332416057587,3.870289651452342,0.3222039147360332,0.11491355980531529,0.135607048869133,54,36,4,10,5.536184072494507,5528336,128,0.5466373315949588,21,11,11,6,332,206,166,103,,,,,,,,,,,,,,,,,,,,,,,,,353,63,104,177
ablation,early,2,0.5,ablation,0.5,1,1,3027,w/o class-aware smoothness,0.96640625,0.9807186867645743,0.875,0.95,0.9655172413793104,0.8260869565217391,0.9180327868852459,0.900876858558902,0.10317825525999069,6.4871024049570165,0.2657863381962008,0.10891481590582634,0.20555000007152557,56,38,2,8,5.298210620880127,5528336,174,0.5368318122555411,21,11,11,6,332,206,166,103,,,,,,,,,,,,,,,,,,,,,,,,,353,63,104,177
ablation,early,2,0.5,ablation,0.5,1,1,3027,w/o dynamic edge attention,0.9398437500000001,0.9701641228193133,0.890625,0.825,0.890625,0.825,0.890625,0.8578125,0.09206271171569824,4.472157760798246,0.300236222971841,0.08653378492901818,0.01725393906235695,57,33,7,7,4.904378652572632,5180016,154,0.5596751412429378,21,11,11,6,332,206,166,103,,,,,,,,,,,,,,,,,,,,,,,,,353,63,104,177
ablation,early,2,0.5,ablation,0.5,1,1,3027,w/o FedProx term,0.965234375,0.9803569288376766,0.859375,0.925,0.9482758620689655,0.8043478260869565,0.9016393442622951,0.8810522302706825,0.0981619656085968,5.212102765086723,0.25561057684955907,0.09921598478327864,0.43014073371887207,55,37,3,9,5.397980690002441,5528336,163,0.5446273359408953,21,11,11,6,332,206,166,103,,,,,,,,,,,,,,,,,,,,,,,,,353,63,104,177
ablation,early,2,0.5,ablation,0.5,1,1,3027,w/o calibrated LR head (GNN logits),0.970703125,0.9826765620093723,0.875,0.9,0.9333333333333333,0.8181818181818182,0.9032258064516129,0.880184331797235,0.08286859095096588,0.7578368185512795,1.4830194229009344,0.12724024859758523,0.4685642719268799,56,36,4,8,5.299731016159058,5448640,163,,21,11,11,6,332,206,166,103,,,,,,,,,,,,,,,,,,,,,,,,,353,63,104,177
ablation,early,2,0.5,ablation,0.5,1,1,3027,"Supervised only (no PL, CAA, proto)",0.9480468750000001,0.9734399397352662,0.90625,0.9,0.9354838709677419,0.8571428571428571,0.9206349206349206,0.8993418505613627,0.1016981303691864,5.507887897997638,0.26955736989593165,0.10319383087782906,0.010366052389144897,58,36,4,6,4.0221266746521,5507856,0,0.5532377227292482,21,11,11,6,332,206,166,103,,,,,,,,,,,,,,,,,,,,,,,,,353,63,104,177
ablation,early,2,0.5,ablation,0.5,1,2,3028,Full,0.958984375,0.97445204461763,0.921875,0.9,0.9365079365079365,0.8780487804878049,0.9291338582677166,0.9090113735783028,0.16008523106575012,3.8216148911752867,0.3839596670985446,0.1726237443777231,0.04164595529437065,59,36,4,5,6.045858860015869,5528336,167,0.5467731421121251,60,54,30,27,293,163,147,82,,,,,,,,,,,,,,,,,,,,,,,,,353,63,104,177
ablation,early,2,0.5,ablation,0.5,1,2,3028,w/o PG-PL gates 2-3 (confidence only),0.959765625,0.9753220801614255,0.9375,0.875,0.9230769230769231,0.8974358974358975,0.9302325581395349,0.9081542537533117,0.15837782621383667,3.867976948804894,0.3659023001574468,0.16257129680329502,0.023673485964536667,60,35,5,4,5.60112452507019,5528336,165,0.5252607561929596,60,54,30,27,293,163,147,82,,,,,,,,,,,,,,,,,,,,,,,,,353,63,104,177
ablation,early,2,0.5,ablation,0.5,1,2,3028,w/o pseudo-labelling,0.9406249999999999,0.964806603752016,0.953125,0.65,0.8133333333333334,0.896551724137931,0.8776978417266187,0.815660515066208,0.15859761834144592,3.8433459265854926,0.31088757576064824,0.16578349461241698,0.0010138244833797216,61,26,14,3,5.353413820266724,5528336,0,0.5513092133854847,60,54,30,27,293,163,147,82,,,,,,,,,,,,,,,,,,,,,,,,,353,63,104,177
ablation,early,2,0.5,ablation,0.5,1,2,3028,w/o adaptive graph refinement,0.984765625,0.9911068436320112,0.9375,0.925,0.9523809523809523,0.9024390243902439,0.9448818897637795,0.9292310683386799,0.0684417113661766,2.8150715395568082,0.534040298053568,0.08791994732858328,0.11154242604970932,60,37,3,4,5.3531389236450195,5528336,151,0.49918513689700134,60,54,30,27,293,163,147,82,,,,,,,,,,,,,,,,,,,,,,,,,353,63,104,177
ablation,early,2,0.5,ablation,0.5,1,2,3028,w/o clinical-aware augmentation,0.94921875,0.9692646375651912,0.84375,0.9,0.9310344827586207,0.782608695652174,0.8852459016393442,0.8612276019824628,0.13748672604560852,3.9873852982466067,0.29322502565955144,0.1456333685737963,0.37099453806877136,54,36,4,10,3.876192092895508,5528336,163,0.5723055193394176,60,54,30,27,293,163,147,82,,,,,,,,,,,,,,,,,,,,,,,,,353,63,104,177
ablation,early,2,0.5,ablation,0.5,1,2,3028,w/o prototype sharing,0.9566406249999999,0.9730733935955977,0.953125,0.825,0.8970588235294118,0.9166666666666666,0.9242424242424242,0.8963317384370015,0.17106913030147552,4.926145162130198,0.32281198180818327,0.18415505640083346,0.0038521382957696915,61,33,7,3,5.918032646179199,5507856,164,0.5519339417644502,60,54,30,27,293,163,147,82,,,,,,,,,,,,,,,,,,,,,,,,,353,63,104,177
ablation,early,2,0.5,ablation,0.5,1,2,3028,w/o focal loss (cross-entropy),0.971875,0.9831561475455919,0.90625,0.925,0.9508196721311475,0.8604651162790697,0.928,0.9097831325301204,0.12533140182495117,5.286105939341831,0.37641692146935174,0.137171895064127,0.01753985323011875,58,37,3,6,5.4378297328948975,5528336,176,0.5794491525423728,60,54,30,27,293,163,147,82,,,,,,,,,,,,,,,,,,,,,,,,,353,63,104,177
ablation,early,2,0.5,ablation,0.5,1,2,3028,w/o contrastive loss,0.9632812500000001,0.9764968131124566,0.984375,0.75,0.863013698630137,0.967741935483871,0.9197080291970803,0.8823892258661458,0.12285292148590088,4.19529775521119,0.34648884044951506,0.12724926156135133,9.12603791221045e-05,63,30,10,1,5.420663595199585,5528336,169,0.5272435897435898,60,54,30,27,293,163,147,82,,,,,,,,,,,,,,,,,,,,,,,,,353,63,104,177
ablation,early,2,0.5,ablation,0.5,1,2,3028,w/o class-aware smoothness,0.973046875,0.9837349888314362,0.90625,0.95,0.9666666666666667,0.8636363636363636,0.9354838709677419,0.9201228878648233,0.1282242238521576,7.052819186482956,0.3521714461804526,0.1449161484130085,0.014726066961884499,58,38,2,6,5.509313583374023,5528336,163,0.5610875706214689,60,54,30,27,293,163,147,82,,,,,,,,,,,,,,,,,,,,,,,,,353,63,104,177
ablation,early,2,0.5,ablation,0.5,1,2,3028,w/o dynamic edge attention,0.96171875,0.9772932419874065,0.859375,0.925,0.9482758620689655,0.8043478260869565,0.9016393442622951,0.8810522302706825,0.09784821420907974,1.5014581224491375,0.46404591836342035,0.1009655884431245,0.5137662887573242,55,37,3,9,4.797362804412842,5180016,168,0.5792046936114733,60,54,30,27,293,163,147,82,,,,,,,,,,,,,,,,,,,,,,,,,353,63,104,177
ablation,early,2,0.5,ablation,0.5,1,2,3028,w/o FedProx term,0.9609375,0.9758849083286932,0.921875,0.875,0.921875,0.875,0.921875,0.8984375,0.15713214874267578,4.110628076392563,0.39476192615403954,0.1709328171116515,0.011056278832256794,59,35,5,5,5.2232465744018555,5528336,166,0.5342514124293785,60,54,30,27,293,163,147,82,,,,,,,,,,,,,,,,,,,,,,,,,353,63,104,177
ablation,early,2,0.5,ablation,0.5,1,2,3028,w/o calibrated LR head (GNN logits),0.9660156249999999,0.9795012473572982,0.84375,0.975,0.9818181818181818,0.7959183673469388,0.907563025210084,0.8919837597960533,0.08455129712820053,0.0837081071722634,2.3490097591576906,0.14216203471788993,0.6120503544807434,54,39,1,10,4.943602085113525,5448640,167,,60,54,30,27,293,163,147,82,,,,,,,,,,,,,,,,,,,,,,,,,353,63,104,177
ablation,early,2,0.5,ablation,0.5,1,2,3028,"Supervised only (no PL, CAA, proto)",0.97109375,0.9830349332608409,0.890625,0.9,0.9344262295081968,0.8372093023255814,0.912,0.8897349397590362,0.10018014162778854,3.7532824232557918,0.383223286005156,0.10436182489726122,0.05033250153064728,57,36,4,7,3.3744654655456543,5507856,0,0.5434050412863972,60,54,30,27,293,163,147,82,,,,,,,,,,,,,,,,,,,,,,,,,353,63,104,177
ablation,early,2,0.5,ablation,0.5,1,3,3029,Full,0.9847656250000001,0.9915658622648735,0.875,0.95,0.9655172413793104,0.8260869565217391,0.9180327868852459,0.900876858558902,0.0794132649898529,6.3271211603899795,0.3628495339912589,0.08989548709695765,0.2833709716796875,56,38,2,8,5.3126068115234375,5528336,171,0.4929523601398602,251,173,125,86,102,44,51,22,,,,,,,,,,,,,,,,,,,,,,,,,353,63,104,176
ablation,early,2,0.5,ablation,0.5,1,3,3029,w/o PG-PL gates 2-3 (confidence only),0.9828125,0.9907286272184159,0.890625,0.95,0.9661016949152542,0.8444444444444444,0.926829268292683,0.9104734576757533,0.08240178227424622,6.838468507524519,0.35487618533349014,0.08728313781634477,0.10939127206802368,57,38,2,7,5.299540281295776,5528336,166,0.5101343968531469,251,173,125,86,102,44,51,22,,,,,,,,,,,,,,,,,,,,,,,,,353,63,104,176
ablation,early,2,0.5,ablation,0.5,1,3,3029,w/o pseudo-labelling,0.987890625,0.9925367871672046,0.890625,0.95,0.9661016949152542,0.8444444444444444,0.926829268292683,0.9104734576757533,0.08201959729194641,5.860056129349711,0.3946352764270583,0.08693208252617086,0.22725115716457367,57,38,2,7,5.442670822143555,5528336,0,0.5280812937062938,251,173,125,86,102,44,51,22,,,,,,,,,,,,,,,,,,,,,,,,,353,63,104,176
ablation,early,2,0.5,ablation,0.5,1,3,3029,w/o adaptive graph refinement,0.977734375,0.9886335318363219,0.90625,0.95,0.9666666666666667,0.8636363636363636,0.9354838709677419,0.9201228878648233,0.06226915493607521,3.301856004234544,0.4232509790711757,0.07194301554969014,0.5703243017196655,58,38,2,6,5.9068920612335205,5528336,169,0.5260598776223776,251,173,125,86,102,44,51,22,,,,,,,,,,,,,,,,,,,,,,,,,353,63,104,176
ablation,early,2,0.5,ablation,0.5,1,3,3029,w/o clinical-aware augmentation,0.9839843750000001,0.9911860604885845,0.875,0.975,0.9824561403508771,0.8297872340425532,0.9256198347107438,0.9110857794243374,0.08136589080095291,6.167197817871119,0.381387956613745,0.09098073645817259,0.29585006833076477,56,39,1,8,3.766477108001709,5528336,168,0.49762347027972026,251,173,125,86,102,44,51,22,,,,,,,,,,,,,,,,,,,,,,,,,353,63,104,176
ablation,early,2,0.5,ablation,0.5,1,3,3029,w/o prototype sharing,0.9859374999999999,0.9920289681617552,0.875,0.95,0.9655172413793104,0.8260869565217391,0.9180327868852459,0.900876858558902,0.07889723777770996,5.937148969284523,0.37624276064409634,0.0905575547434497,0.31308144330978394,56,38,2,8,5.319167852401733,5507856,171,0.5118826486013985,251,173,125,86,102,44,51,22,,,,,,,,,,,,,,,,,,,,,,,,,353,63,104,176
ablation,early,2,0.5,ablation,0.5,1,3,3029,w/o focal loss (cross-entropy),0.98671875,0.9920612563731577,0.890625,0.95,0.9661016949152542,0.8444444444444444,0.926829268292683,0.9104734576757533,0.07814829051494598,7.114091716644473,0.3192278280224818,0.07959630472312433,0.04543651267886162,57,38,2,7,5.385668039321899,5528336,177,0.4919416520979021,251,173,125,86,102,44,51,22,,,,,,,,,,,,,,,,,,,,,,,,,353,63,104,176
ablation,early,2,0.5,ablation,0.5,1,3,3029,w/o contrastive loss,0.976953125,0.9870202928614852,0.8125,0.95,0.9629629629629629,0.76,0.8813559322033898,0.8629001883239171,0.09225911647081375,4.286714847786459,0.40583557917992874,0.1055307396432349,0.8010758757591248,52,38,2,12,5.534741401672363,5528336,162,0.4822170017482518,251,173,125,86,102,44,51,22,,,,,,,,,,,,,,,,,,,,,,,,,353,63,104,176
ablation,early,2,0.5,ablation,0.5,1,3,3029,w/o class-aware smoothness,0.98359375,0.991487309066713,0.875,1.0,1.0,0.8333333333333334,0.9333333333333333,0.9212121212121211,0.06446245312690735,4.108430135048946,0.44440903282852695,0.07386823159714158,0.6479554176330566,56,40,0,8,5.602802038192749,5528336,167,0.5001365821678323,251,173,125,86,102,44,51,22,,,,,,,,,,,,,,,,,,,,,,,,,353,63,104,176
ablation,early,2,0.5,ablation,0.5,1,3,3029,w/o dynamic edge attention,0.977734375,0.9878172049718492,0.890625,0.95,0.9661016949152542,0.8444444444444444,0.926829268292683,0.9104734576757533,0.08608052134513855,7.408130696233803,0.31753269584029725,0.09349893041787885,0.11583373695611954,57,38,2,7,4.713788270950317,5180016,169,0.519340034965035,251,173,125,86,102,44,51,22,,,,,,,,,,,,,,,,,,,,,,,,,353,63,104,176
ablation,early,2,0.5,ablation,0.5,1,3,3029,w/o FedProx term,0.9851562500000001,0.9917584238845918,0.875,0.95,0.9655172413793104,0.8260869565217391,0.9180327868852459,0.900876858558902,0.07959507405757904,6.420650223229185,0.3609532758848537,0.08979850431429583,0.28151312470436096,56,38,2,8,5.299696683883667,5528336,171,0.496339597902098,251,173,125,86,102,44,51,22,,,,,,,,,,,,,,,,,,,,,,,,,353,63,104,176
ablation,early,2,0.5,ablation,0.5,1,3,3029,w/o calibrated LR head (GNN logits),0.97890625,0.9878506494742832,0.890625,0.95,0.9661016949152542,0.8444444444444444,0.926829268292683,0.9104734576757533,0.05687350407242775,0.3579115238069022,1.4079093233982942,0.08329738268198876,0.5102147459983826,57,38,2,7,4.762101173400879,5448640,171,,251,173,125,86,102,44,51,22,,,,,,,,,,,,,,,,,,,,,,,,,353,63,104,176
ablation,early,2,0.5,ablation,0.5,1,3,3029,"Supervised only (no PL, CAA, proto)",0.9851562500000001,0.9912466309250091,0.953125,0.875,0.9242424242424242,0.9210526315789473,0.9384615384615385,0.917948717948718,0.08576974272727966,6.723526773759387,0.35821430576843005,0.09041790331964596,0.0003994087455794215,61,35,5,3,3.983912706375122,5507856,0,0.4920509178321678,251,173,125,86,102,44,51,22,,,,,,,,,,,,,,,,,,,,,,,,,353,63,104,176
ablation,early,2,0.5,ablation,0.5,1,4,3030,Full,0.948828125,0.9714527909781989,0.921875,0.825,0.8939393939393939,0.868421052631579,0.9076923076923077,0.8769230769230769,0.10862886160612106,2.8102632151086495,0.26906793607844764,0.11768251351224117,0.0209040567278862,59,33,7,5,5.455146074295044,5528336,169,0.5966728583916083,173,157,86,78,180,60,90,30,,,,,,,,,,,,,,,,,,,,,,,,,353,63,104,176
ablation,early,2,0.5,ablation,0.5,1,4,3030,w/o PG-PL gates 2-3 (confidence only),0.950390625,0.9723927853625544,0.9375,0.825,0.8955223880597015,0.8918918918918919,0.916030534351145,0.886586695747001,0.10927634686231613,2.869760878492967,0.2735645376933721,0.11891311753648691,0.012880070134997368,60,33,7,4,5.460487127304077,5528336,169,0.5956894667832167,173,157,86,78,180,60,90,30,,,,,,,,,,,,,,,,,,,,,,,,,353,63,104,176
ablation,early,2,0.5,ablation,0.5,1,4,3030,w/o pseudo-labelling,0.95546875,0.9753801991608455,0.96875,0.725,0.8493150684931506,0.9354838709677419,0.9051094890510949,0.8610054487508996,0.09210021048784256,1.8546276012272067,0.3185776843483844,0.09017272909673361,0.001900782692246139,62,29,11,2,5.468935489654541,5528336,0,0.6098120629370629,173,157,86,78,180,60,90,30,,,,,,,,,,,,,,,,,,,,,,,,,353,63,104,176
ablation,early,2,0.5,ablation,0.5,1,4,3030,w/o adaptive graph refinement,0.941796875,0.9698240522881063,0.859375,0.925,0.9482758620689655,0.8043478260869565,0.9016393442622951,0.8810522302706825,0.10560519993305206,1.4276270470091459,0.29199575071021666,0.11415881342075479,0.906812846660614,55,37,3,9,5.481583118438721,5528336,172,0.6007976398601398,173,157,86,78,180,60,90,30,,,,,,,,,,,,,,,,,,,,,,,,,353,63,104,176
ablation,early,2,0.5,ablation,0.5,1,4,3030,w/o clinical-aware augmentation,0.955859375,0.976459291885851,0.953125,0.775,0.8714285714285714,0.9117647058823529,0.9104477611940298,0.8741427995159339,0.09409420192241669,1.8384673013996788,0.3193410754282801,0.10733329948002043,0.006841596681624651,61,31,9,3,4.057859182357788,5528336,167,0.6236614947552448,173,157,86,78,180,60,90,30,,,,,,,,,,,,,,,,,,,,,,,,,353,63,104,176
ablation,early,2,0.5,ablation,0.5,1,4,3030,w/o prototype sharing,0.9523437500000002,0.974083470707683,0.921875,0.825,0.8939393939393939,0.868421052631579,0.9076923076923077,0.8769230769230769,0.10146359354257584,3.208908648330525,0.2750363846171946,0.10594663691545765,0.021509138867259026,59,33,7,5,5.414719343185425,5507856,159,0.5984211101398602,173,157,86,78,180,60,90,30,,,,,,,,,,,,,,,,,,,,,,,,,353,63,104,176
ablation,early,2,0.5,ablation,0.5,1,4,3030,w/o focal loss (cross-entropy),0.9574218750000001,0.9773200461859782,0.9375,0.8,0.8823529411764706,0.8888888888888888,0.9090909090909091,0.8755980861244019,0.10178902745246887,4.880210246969594,0.262138823404151,0.10582673048618467,0.001347009208984673,60,32,8,4,5.437891483306885,5528336,172,0.5963177447552447,173,157,86,78,180,60,90,30,,,,,,,,,,,,,,,,,,,,,,,,,353,63,104,176
ablation,early,2,0.5,ablation,0.5,1,4,3030,w/o contrastive loss,0.953515625,0.9747764164718551,0.9375,0.75,0.8571428571428571,0.8823529411764706,0.8955223880597015,0.8531665994352562,0.10554499924182892,3.3863789350382887,0.27043298070837224,0.10492701016706772,0.001444022636860609,60,30,10,4,5.601747274398804,5528336,170,0.5848448426573426,173,157,86,78,180,60,90,30,,,,,,,,,,,,,,,,,,,,,,,,,353,63,104,176
ablation,early,2,0.5,ablation,0.5,1,4,3030,w/o class-aware smoothness,0.969140625,0.9849558295218424,0.96875,0.775,0.8732394366197183,0.9393939393939394,0.9185185185185185,0.8839167935058345,0.0653788298368454,1.2453915105519329,0.43450558081965673,0.06973884195590825,0.014011727645993233,62,31,9,2,5.31299614906311,5528336,169,0.5832058566433567,173,157,86,78,180,60,90,30,,,,,,,,,,,,,,,,,,,,,,,,,353,63,104,176
ablation,early,2,0.5,ablation,0.5,1,4,3030,w/o dynamic edge attention,0.96328125,0.9806974122313459,0.96875,0.7,0.8378378378378378,0.9333333333333333,0.8985507246376812,0.8492753623188406,0.08247718214988708,2.285117265461733,0.3340241518264822,0.0896909810925046,0.0007192968623712659,62,28,12,2,4.828934669494629,5180016,167,0.5911822552447551,173,157,86,78,180,60,90,30,,,,,,,,,,,,,,,,,,,,,,,,,353,63,104,176
ablation,early,2,0.5,ablation,0.5,1,4,3030,w/o FedProx term,0.9515625,0.9724378846351114,0.9375,0.825,0.8955223880597015,0.8918918918918919,0.916030534351145,0.886586695747001,0.10343854129314423,2.5300117653850958,0.28182160067405965,0.1123663680493617,0.017357852309942245,60,33,7,4,5.428664207458496,5528336,169,0.6009888548951048,173,157,86,78,180,60,90,30,,,,,,,,,,,,,,,,,,,,,,,,,353,63,104,176
ablation,early,2,0.5,ablation,0.5,1,4,3030,w/o calibrated LR head (GNN logits),0.9578125000000001,0.9774997758604509,0.921875,0.875,0.921875,0.875,0.921875,0.8984375,0.10809307545423508,-0.13906495889531778,2.951656193425645,0.15677433002453584,0.5277889370918274,59,35,5,5,4.8351731300354,5448640,169,,173,157,86,78,180,60,90,30,,,,,,,,,,,,,,,,,,,,,,,,,353,63,104,176
ablation,early,2,0.5,ablation,0.5,1,4,3030,"Supervised only (no PL, CAA, proto)",0.9496093750000001,0.9724222427008595,0.953125,0.7,0.8356164383561644,0.9032258064516129,0.8905109489051095,0.8396216716356533,0.10050135105848312,2.2370700796049054,0.25449932826394844,0.104468339460884,0.0005754176527261734,61,28,12,3,3.659513235092163,5507856,0,0.5973284527972027,173,157,86,78,180,60,90,30,,,,,,,,,,,,,,,,,,,,,,,,,353,63,104,176
ablation,early,2,0.5,ablation,0.5,2,0,4026,Full,0.96328125,0.9806263830103429,0.96875,0.8,0.8857142857142857,0.9411764705882353,0.9253731343283582,0.8951189995966116,0.07123454660177231,-0.5589512538366708,0.4049692835283141,0.05647580626492317,0.1320004165172577,62,32,8,2,5.517770051956177,5528336,171,0.5979294143356643,231,105,115,52,122,112,61,56,,,,,,,,,,,,,,,,,,,,,,,,,353,63,104,176
ablation,early,2,0.5,ablation,0.5,2,0,4026,w/o PG-PL gates 2-3 (confidence only),0.9664062499999999,0.9818571795929314,0.984375,0.825,0.9,0.9705882352941176,0.9402985074626866,0.9160951996772893,0.06839548051357269,-0.2646217670102085,0.4230928648959556,0.0744377966486634,0.1705106943845749,63,33,7,1,5.553683519363403,5528336,171,0.5956621503496504,231,105,115,52,122,112,61,56,,,,,,,,,,,,,,,,,,,,,,,,,353,63,104,176
ablation,early,2,0.5,ablation,0.5,2,0,4026,w/o pseudo-labelling,0.955859375,0.97535720332565,0.9375,0.85,0.9090909090909091,0.8947368421052632,0.9230769230769231,0.8974358974358975,0.09264667332172394,0.5934795088139336,0.34233984377343085,0.09271680761594328,0.2274203598499298,60,34,6,4,5.772391080856323,5528336,0,0.5944329108391609,231,105,115,52,122,112,61,56,,,,,,,,,,,,,,,,,,,,,,,,,353,63,104,176
ablation,early,2,0.5,ablation,0.5,2,0,4026,w/o adaptive graph refinement,0.9636718750000002,0.9813733463399933,0.859375,0.975,0.9821428571428571,0.8125,0.9166666666666666,0.9015151515151515,0.07772045582532883,-0.579571324259199,0.39057916036743756,0.0599589967168868,0.9471285939216614,55,39,1,9,5.5719006061553955,5528336,162,0.558402534965035,231,105,115,52,122,112,61,56,,,,,,,,,,,,,,,,,,,,,,,,,353,63,104,176
ablation,early,2,0.5,ablation,0.5,2,0,4026,w/o clinical-aware augmentation,0.9636718750000001,0.9799104642348986,0.953125,0.85,0.9104477611940298,0.918918918918919,0.9312977099236641,0.9072072965202735,0.07542398571968079,0.020429487854650364,0.3718875601970935,0.08262516666526117,0.21759584546089172,61,34,6,3,3.5726704597473145,5528336,167,0.5676901223776224,231,105,115,52,122,112,61,56,,,,,,,,,,,,,,,,,,,,,,,,,353,63,104,176
ablation,early,2,0.5,ablation,0.5,2,0,4026,w/o prototype sharing,0.96328125,0.9807704395208168,0.953125,0.85,0.9104477611940298,0.918918918918919,0.9312977099236641,0.9072072965202735,0.07389820367097855,-0.6369666064940809,0.4242937565718014,0.06683555972547488,0.3405431807041168,61,34,6,3,5.441185474395752,5507856,166,0.597847465034965,231,105,115,52,122,112,61,56,,,,,,,,,,,,,,,,,,,,,,,,,353,63,104,176
ablation,early,2,0.5,ablation,0.5,2,0,4026,w/o focal loss (cross-entropy),0.969921875,0.9846449607576465,0.96875,0.9,0.9393939393939394,0.9473684210526315,0.9538461538461539,0.9384615384615385,0.06360122561454773,-1.2513625031458484,0.41982469702018066,0.06768953402598321,0.7209489941596985,62,36,4,2,5.503372430801392,5528336,167,0.5497432255244755,231,105,115,52,122,112,61,56,,,,,,,,,,,,,,,,,,,,,,,,,353,63,104,176
ablation,early,2,0.5,ablation,0.5,2,0,4026,w/o contrastive loss,0.9652343750000001,0.9811696228173772,0.796875,0.95,0.9622641509433962,0.7450980392156863,0.8717948717948718,0.8534798534798536,0.07933811098337173,0.9792320698661271,0.36766558888471085,0.08210602098216231,0.9598841667175293,51,38,2,13,5.624789237976074,5528336,173,0.5694656905594405,231,105,115,52,122,112,61,56,,,,,,,,,,,,,,,,,,,,,,,,,353,63,104,176
ablation,early,2,0.5,ablation,0.5,2,0,4026,w/o class-aware smoothness,0.9765625,0.9882193985519719,0.96875,0.95,0.96875,0.95,0.96875,0.959375,0.04262618348002434,0.7840336850249434,0.48436157219496084,0.04692893462757079,0.5012918710708618,62,38,2,2,5.43096661567688,5528336,166,0.5526934003496503,231,105,115,52,122,112,61,56,,,,,,,,,,,,,,,,,,,,,,,,,353,63,104,176
ablation,early,2,0.5,ablation,0.5,2,0,4026,w/o dynamic edge attention,0.9578125,0.9761481481320808,0.9375,0.825,0.8955223880597015,0.8918918918918919,0.916030534351145,0.886586695747001,0.09156401455402374,-1.5761597126362343,0.3750650306662526,0.09703948967552811,0.6426705718040466,60,33,7,4,4.623453617095947,5180016,171,0.6339324737762237,231,105,115,52,122,112,61,56,,,,,,,,,,,,,,,,,,,,,,,,,353,63,104,176
ablation,early,2,0.5,ablation,0.5,2,0,4026,w/o FedProx term,0.962890625,0.980277191877168,0.96875,0.8,0.8857142857142857,0.9411764705882353,0.9253731343283582,0.8951189995966116,0.07055480033159256,-0.4084547244344994,0.39927612593369544,0.06958223464719665,0.16792888939380646,62,32,8,2,5.1524574756622314,5528336,171,0.5935314685314685,231,105,115,52,122,112,61,56,,,,,,,,,,,,,,,,,,,,,,,,,353,63,104,176
ablation,early,2,0.5,ablation,0.5,2,0,4026,w/o calibrated LR head (GNN logits),0.972265625,0.9862233779657426,0.875,0.95,0.9655172413793104,0.8260869565217391,0.9180327868852459,0.900876858558902,0.09756786376237869,-0.20140762954092678,3.176465938503719,0.16832837605705628,0.6595431566238403,56,38,2,8,4.849332809448242,5448640,171,,231,105,115,52,122,112,61,56,,,,,,,,,,,,,,,,,,,,,,,,,353,63,104,176
ablation,early,2,0.5,ablation,0.5,2,0,4026,"Supervised only (no PL, CAA, proto)",0.971484375,0.9845945459059023,0.953125,0.875,0.9242424242424242,0.9210526315789473,0.9384615384615385,0.917948717948718,0.06843285262584686,0.5747452127603238,0.40574100151712156,0.06506532222892232,0.15703247487545013,61,35,5,3,3.988900661468506,5507856,0,0.5785893793706294,231,105,115,52,122,112,61,56,,,,,,,,,,,,,,,,,,,,,,,,,353,63,104,176
ablation,early,2,0.5,ablation,0.5,2,1,4027,Full,0.951171875,0.965274771966234,0.90625,0.875,0.9206349206349206,0.8536585365853658,0.9133858267716536,0.8887916788179255,0.13878384232521057,6.277812836442711,0.25675678501548155,0.14450485488543144,0.0017866282723844051,58,35,5,6,5.562843084335327,5528336,172,0.555506993006993,203,121,101,60,150,96,75,48,,,,,,,,,,,,,,,,,,,,,,,,,353,63,104,176
ablation,early,2,0.5,ablation,0.5,2,1,4027,w/o PG-PL gates 2-3 (confidence only),0.966015625,0.9777071821916525,0.984375,0.7,0.84,0.9655172413793104,0.9064748201438849,0.8590345115212179,0.14549538493156433,6.3997620602903025,0.2727848946401933,0.1483165621936608,6.931048119440675e-05,63,28,12,1,5.53922700881958,5528336,174,0.5407288024475525,203,121,101,60,150,96,75,48,,,,,,,,,,,,,,,,,,,,,,,,,353,63,104,176
ablation,early,2,0.5,ablation,0.5,2,1,4027,w/o pseudo-labelling,0.959375,0.9717244287681073,0.953125,0.775,0.8714285714285714,0.9117647058823529,0.9104477611940298,0.8741427995159339,0.13867849111557007,8.571632845293395,0.21221779946908717,0.14401482245795288,1.4795299648540094e-05,61,31,9,3,5.505408763885498,5528336,0,0.5746011800699301,203,121,101,60,150,96,75,48,,,,,,,,,,,,,,,,,,,,,,,,,353,63,104,176
ablation,early,2,0.5,ablation,0.5,2,1,4027,w/o adaptive graph refinement,0.967578125,0.9792661322929153,0.953125,0.85,0.9104477611940298,0.918918918918919,0.9312977099236641,0.9072072965202735,0.11849390715360641,5.283133041753845,0.28311954478756035,0.12488361819011448,0.0013383828336372972,61,34,6,3,5.579786539077759,5528336,114,0.5612980769230769,203,121,101,60,150,96,75,48,,,,,,,,,,,,,,,,,,,,,,,,,353,63,104,176
ablation,early,2,0.5,ablation,0.5,2,1,4027,w/o clinical-aware augmentation,0.96171875,0.9743855397381137,0.984375,0.725,0.8513513513513513,0.9666666666666667,0.9130434782608695,0.8708074534161491,0.11895080655813217,4.201554744371153,0.279166042783553,0.12176042559664124,0.0003871888911817223,63,29,11,1,3.658318281173706,5528336,158,0.5783162150349651,203,121,101,60,150,96,75,48,,,,,,,,,,,,,,,,,,,,,,,,,353,63,104,176
ablation,early,2,0.5,ablation,0.5,2,1,4027,w/o prototype sharing,0.95,0.9700134194016821,0.859375,0.925,0.9482758620689655,0.8043478260869565,0.9016393442622951,0.8810522302706825,0.13892415165901184,4.867772524607209,0.2890159730226828,0.14274372755048365,0.045604854822158813,55,37,3,9,5.596804857254028,5507856,159,0.5649038461538461,203,121,101,60,150,96,75,48,,,,,,,,,,,,,,,,,,,,,,,,,353,63,104,176
ablation,early,2,0.5,ablation,0.5,2,1,4027,w/o focal loss (cross-entropy),0.966015625,0.9783439095559587,0.9375,0.825,0.8955223880597015,0.8918918918918919,0.916030534351145,0.886586695747001,0.15053917467594147,6.82243262137759,0.25632274351347756,0.1577292772596523,0.00010552190360613167,60,33,7,4,5.766458988189697,5528336,175,0.5551245629370629,203,121,101,60,150,96,75,48,,,,,,,,,,,,,,,,,,,,,,,,,353,63,104,176
ablation,early,2,0.5,ablation,0.5,2,1,4027,w/o contrastive loss,0.971875,0.98242616900505,0.890625,0.9,0.9344262295081968,0.8372093023255814,0.912,0.8897349397590362,0.13301995396614075,4.45556492560889,0.32241281330188515,0.14072740564678007,0.04520566761493683,57,36,4,7,5.353463411331177,5528336,136,0.5668706293706294,203,121,101,60,150,96,75,48,,,,,,,,,,,,,,,,,,,,,,,,,353,63,104,176
ablation,early,2,0.5,ablation,0.5,2,1,4027,w/o class-aware smoothness,0.969921875,0.9798126932799176,0.96875,0.9,0.9393939393939394,0.9473684210526315,0.9538461538461539,0.9384615384615385,0.1326352059841156,4.618701338024533,0.3032698284671553,0.14012937485509053,0.0022654016502201557,62,36,4,2,5.134140253067017,5528336,152,0.5579927884615385,203,121,101,60,150,96,75,48,,,,,,,,,,,,,,,,,,,,,,,,,353,63,104,176
ablation,early,2,0.5,ablation,0.5,2,1,4027,w/o dynamic edge attention,0.96640625,0.9793132782447435,0.984375,0.75,0.863013698630137,0.967741935483871,0.9197080291970803,0.8823892258661458,0.13677182793617249,5.217798729979756,0.30422018034422654,0.14273122013009223,0.0006779936957173049,63,30,10,1,4.525214910507202,5180016,166,0.6122978583916084,203,121,101,60,150,96,75,48,,,,,,,,,,,,,,,,,,,,,,,,,353,63,104,176
ablation,early,2,0.5,ablation,0.5,2,1,4027,w/o FedProx term,0.94921875,0.9622689633081841,0.984375,0.675,0.8289473684210527,0.9642857142857143,0.9,0.8470588235294118,0.13987503945827484,6.143905504811892,0.2593823232741753,0.14572939104758775,9.780965046957135e-05,63,27,13,1,5.6563615798950195,5528336,173,0.5632375437062938,203,121,101,60,150,96,75,48,,,,,,,,,,,,,,,,,,,,,,,,,353,63,104,176
ablation,early,2,0.5,ablation,0.5,2,1,4027,w/o calibrated LR head (GNN logits),0.964453125,0.9739387746765795,0.984375,0.8,0.8873239436619719,0.9696969696969697,0.9333333333333333,0.9050228310502283,0.10335703194141388,0.8499709895625331,1.3104197165492293,0.14475370585345304,0.16086265444755554,63,32,8,1,5.014399528503418,5448640,172,,203,121,101,60,150,96,75,48,,,,,,,,,,,,,,,,,,,,,,,,,353,63,104,176
ablation,early,2,0.5,ablation,0.5,2,1,4027,"Supervised only (no PL, CAA, proto)",0.963671875,0.9763631934074396,0.890625,0.875,0.9193548387096774,0.8333333333333334,0.9047619047619048,0.8792102206736353,0.12341929972171783,4.62806698523469,0.27749192633635184,0.1316270464225314,0.02839108556509018,57,35,5,7,3.7438204288482666,5507856,0,0.5588395979020979,203,121,101,60,150,96,75,48,,,,,,,,,,,,,,,,,,,,,,,,,353,63,104,176
ablation,early,2,0.5,ablation,0.5,2,2,4028,Full,0.93515625,0.9652344416277403,0.890625,0.95,0.9661016949152542,0.8444444444444444,0.926829268292683,0.9104734576757533,0.10794274508953094,3.7036781751427355,0.3191135287019863,0.10808168433588718,0.0955222025513649,57,38,2,7,6.065842628479004,5528336,166,0.6119893524554542,143,30,71,15,210,187,106,94,,,,,,,,,,,,,,,,,,,,,,,,,353,63,104,177
ablation,early,2,0.5,ablation,0.5,2,2,4028,w/o PG-PL gates 2-3 (confidence only),0.9378906249999999,0.9665247122926008,0.90625,0.875,0.9206349206349206,0.8536585365853658,0.9133858267716536,0.8887916788179255,0.10732310265302658,4.395608998157739,0.3137465543872677,0.11361200173492904,0.009063021279871464,58,35,5,6,5.663678169250488,5528336,166,0.6153846153846154,143,30,71,15,210,187,106,94,,,,,,,,,,,,,,,,,,,,,,,,,353,63,104,177
ablation,early,2,0.5,ablation,0.5,2,2,4028,w/o pseudo-labelling,0.9210937499999999,0.9561902140995422,0.90625,0.825,0.8923076923076924,0.8461538461538461,0.8992248062015504,0.867333922088117,0.1089869812130928,1.2342337258043607,0.35367904507731346,0.09984844181543358,0.18418613076210022,58,33,7,6,5.359859943389893,5528336,0,0.6169328552803128,143,30,71,15,210,187,106,94,,,,,,,,,,,,,,,,,,,,,,,,,353,63,104,177
ablation,early,2,0.5,ablation,0.5,2,2,4028,w/o adaptive graph refinement,0.95234375,0.9740572296235114,0.90625,0.875,0.9206349206349206,0.8536585365853658,0.9133858267716536,0.8887916788179255,0.10857090353965759,4.144444683381175,0.33596328317913204,0.11296834470704196,0.016113758087158203,58,35,5,6,5.438887357711792,5528336,168,0.5852890047805301,143,30,71,15,210,187,106,94,,,,,,,,,,,,,,,,,,,,,,,,,353,63,104,177
ablation,early,2,0.5,ablation,0.5,2,2,4028,w/o clinical-aware augmentation,0.934765625,0.9669939831572992,0.859375,0.95,0.9649122807017544,0.8085106382978723,0.9090909090909091,0.8913270637408568,0.11265887320041656,3.425601292363027,0.3043663985199736,0.11413234583317089,0.2540503442287445,55,38,2,9,3.5504579544067383,5528336,160,0.5872446762277271,143,30,71,15,210,187,106,94,,,,,,,,,,,,,,,,,,,,,,,,,353,63,104,177
ablation,early,2,0.5,ablation,0.5,2,2,4028,w/o prototype sharing,0.926171875,0.9627750267422672,0.90625,0.85,0.90625,0.85,0.90625,0.878125,0.10127384960651398,3.6832245418366,0.26998850629607474,0.11066730183441764,0.03331751376390457,58,34,6,6,5.983796834945679,5507856,144,0.6074804432855281,143,30,71,15,210,187,106,94,,,,,,,,,,,,,,,,,,,,,,,,,353,63,104,177
ablation,early,2,0.5,ablation,0.5,2,2,4028,w/o focal loss (cross-entropy),0.94609375,0.9727963526436689,0.921875,0.9,0.9365079365079365,0.8780487804878049,0.9291338582677166,0.9090113735783028,0.1055770069360733,4.284759774912549,0.29229353332437624,0.11497420785375513,0.012802698649466038,59,36,4,5,5.5081787109375,5528336,167,0.6100336810082574,143,30,71,15,210,187,106,94,,,,,,,,,,,,,,,,,,,,,,,,,353,63,104,177
ablation,early,2,0.5,ablation,0.5,2,2,4028,w/o contrastive loss,0.9265625,0.9622361508415094,0.84375,0.925,0.9473684210526315,0.7872340425531915,0.8925619834710744,0.8715683480573763,0.10467749089002609,2.3146336170845494,0.33752819109228016,0.10472033215829962,0.39468345046043396,54,37,3,10,5.348148822784424,5528336,164,0.6008528900478053,143,30,71,15,210,187,106,94,,,,,,,,,,,,,,,,,,,,,,,,,353,63,104,177
ablation,early,2,0.5,ablation,0.5,2,2,4028,w/o class-aware smoothness,0.948828125,0.9728217670195415,0.90625,0.925,0.9508196721311475,0.8604651162790697,0.928,0.9097831325301204,0.11618700623512268,3.928788468479148,0.3100652104417712,0.12363929977604693,0.04302908480167389,58,37,3,6,5.365406274795532,5528336,159,0.6053617992177315,143,30,71,15,210,187,106,94,,,,,,,,,,,,,,,,,,,,,,,,,353,63,104,177
ablation,early,2,0.5,ablation,0.5,2,2,4028,w/o dynamic edge attention,0.92109375,0.9593507843507965,0.78125,0.95,0.9615384615384616,0.7307692307692307,0.8620689655172413,0.8440779610194902,0.13629139959812164,5.599588729832455,0.28287311289753725,0.13789135024238092,0.617931604385376,50,38,2,14,4.829061269760132,5180016,172,0.6059050412863973,143,30,71,15,210,187,106,94,,,,,,,,,,,,,,,,,,,,,,,,,353,63,104,177
ablation,early,2,0.5,ablation,0.5,2,2,4028,w/o FedProx term,0.9339843750000001,0.9641429071528197,0.90625,0.875,0.9206349206349206,0.8536585365853658,0.9133858267716536,0.8887916788179255,0.08737782388925552,1.597140975023341,0.4406373524736771,0.08565307116637438,0.12522099912166595,58,35,5,6,5.305752992630005,5528336,166,0.6183996088657105,143,30,71,15,210,187,106,94,,,,,,,,,,,,,,,,,,,,,,,,,353,63,104,177
ablation,early,2,0.5,ablation,0.5,2,2,4028,w/o calibrated LR head (GNN logits),0.9464843749999999,0.97176145308007,0.921875,0.875,0.921875,0.875,0.921875,0.8984375,0.14218609035015106,-0.3381817949454799,4.3805523044549854,0.21183088908974942,0.5569701194763184,59,35,5,5,5.238526821136475,5448640,166,,143,30,71,15,210,187,106,94,,,,,,,,,,,,,,,,,,,,,,,,,353,63,104,177
ablation,early,2,0.5,ablation,0.5,2,2,4028,"Supervised only (no PL, CAA, proto)",0.9421875,0.968428965772181,0.921875,0.9,0.9365079365079365,0.8780487804878049,0.9291338582677166,0.9090113735783028,0.08203299343585968,0.9328763855238239,0.35861221854215897,0.09618427898161686,0.4313521087169647,59,36,4,5,3.4566643238067627,5507856,0,0.5906399391568883,143,30,71,15,210,187,106,94,,,,,,,,,,,,,,,,,,,,,,,,,353,63,104,177
ablation,early,2,0.5,ablation,0.5,2,3,4029,Full,0.9593750000000001,0.9766591199435498,0.796875,0.975,0.9807692307692307,0.75,0.8793103448275862,0.8635682158920539,0.13135597109794617,5.800092674007547,0.36585204736454424,0.13584203007989207,0.2526286542415619,51,39,1,13,5.562062978744507,5528336,162,0.6135919165580183,126,27,64,14,227,190,113,95,,,,,,,,,,,,,,,,,,,,,,,,,353,63,104,177
ablation,early,2,0.5,ablation,0.5,2,3,4029,w/o PG-PL gates 2-3 (confidence only),0.9695312500000001,0.9823766523801166,0.765625,0.975,0.98,0.7222222222222222,0.8596491228070176,0.8447181784247854,0.12962402403354645,5.802552225389164,0.44657294765419747,0.1444948588972553,0.4374721050262451,49,39,1,15,5.386550664901733,5528336,163,0.610196653628857,126,27,64,14,227,190,113,95,,,,,,,,,,,,,,,,,,,,,,,,,353,63,104,177
ablation,early,2,0.5,ablation,0.5,2,3,4029,w/o pseudo-labelling,0.966796875,0.9812858959140408,0.84375,0.975,0.9818181818181818,0.7959183673469388,0.907563025210084,0.8919837597960533,0.11957493424415588,6.904204797642445,0.48112605278542775,0.12764518023490942,0.03442183509469032,54,39,1,10,5.634946584701538,5528336,0,0.5934919600173838,126,27,64,14,227,190,113,95,,,,,,,,,,,,,,,,,,,,,,,,,353,63,104,177
ablation,early,2,0.5,ablation,0.5,2,3,4029,w/o adaptive graph refinement,0.98046875,0.9886043410708946,0.796875,1.0,1.0,0.7547169811320755,0.8869565217391304,0.8735857877512856,0.13828930258750916,6.828758303843221,0.5545963331795356,0.153775381622836,0.15714344382286072,51,40,0,13,5.507110357284546,5528336,169,0.595474793568014,126,27,64,14,227,190,113,95,,,,,,,,,,,,,,,,,,,,,,,,,353,63,104,177
ablation,early,2,0.5,ablation,0.5,2,3,4029,w/o clinical-aware augmentation,0.966015625,0.9807724293008615,0.78125,0.975,0.9803921568627451,0.7358490566037735,0.8695652173913043,0.8541374474053296,0.13811875879764557,5.3653601605115755,0.3696737613149781,0.14101314421098393,0.6909694075584412,50,39,1,14,3.8926286697387695,5528336,160,0.6213331160365059,126,27,64,14,227,190,113,95,,,,,,,,,,,,,,,,,,,,,,,,,353,63,104,177
ablation,early,2,0.5,ablation,0.5,2,3,4029,w/o prototype sharing,0.964453125,0.979982617858173,0.859375,0.975,0.9821428571428571,0.8125,0.9166666666666666,0.9015151515151515,0.1352001577615738,5.405421155807732,0.41305151799184575,0.14219993374382076,0.03347531333565712,55,39,1,9,5.203970670700073,5507856,155,0.6213059539330726,126,27,64,14,227,190,113,95,,,,,,,,,,,,,,,,,,,,,,,,,353,63,104,177
ablation,early,2,0.5,ablation,0.5,2,3,4029,w/o focal loss (cross-entropy),0.98046875,0.9882388636377555,0.75,1.0,1.0,0.7142857142857143,0.8571428571428571,0.8452380952380952,0.09099696576595306,3.4372078125461334,0.5956015295002631,0.10321038807384096,0.9493016004562378,48,40,0,16,5.216428995132446,5528336,174,0.6113102998696219,126,27,64,14,227,190,113,95,,,,,,,,,,,,,,,,,,,,,,,,,353,63,104,177
ablation,early,2,0.5,ablation,0.5,2,3,4029,w/o contrastive loss,0.9515625,0.9727760092506177,0.828125,0.975,0.9814814814814815,0.78,0.8983050847457628,0.8824858757062147,0.11348962783813477,5.769284066022678,0.33846068299256027,0.12107462792370756,0.4299335479736328,53,39,1,11,5.541144132614136,5528336,156,0.5856421121251629,126,27,64,14,227,190,113,95,,,,,,,,,,,,,,,,,,,,,,,,,353,63,104,177
ablation,early,2,0.5,ablation,0.5,2,3,4029,w/o class-aware smoothness,0.988671875,0.9932533525282579,0.84375,0.975,0.9818181818181818,0.7959183673469388,0.907563025210084,0.8919837597960533,0.1032646894454956,8.159907688536356,0.5564621985690894,0.11293114490735416,0.11421852558851242,54,39,1,10,5.584828615188599,5528336,161,0.601015862668405,126,27,64,14,227,190,113,95,,,,,,,,,,,,,,,,,,,,,,,,,353,63,104,177
ablation,early,2,0.5,ablation,0.5,2,3,4029,w/o dynamic edge attention,0.95703125,0.9758096585872359,0.796875,0.975,0.9807692307692307,0.75,0.8793103448275862,0.8635682158920539,0.12318821996450424,5.064849144714381,0.4371751348399076,0.13925339844382298,0.3102947771549225,51,39,1,13,4.278486728668213,5180016,166,0.6277705345501956,126,27,64,14,227,190,113,95,,,,,,,,,,,,,,,,,,,,,,,,,353,63,104,177
ablation,early,2,0.5,ablation,0.5,2,3,4029,w/o FedProx term,0.961328125,0.9772208118131371,0.796875,0.975,0.9807692307692307,0.75,0.8793103448275862,0.8635682158920539,0.13574132323265076,5.487827115612618,0.38925850369026593,0.1377703106577078,0.21682995557785034,51,39,1,13,5.09206223487854,5528336,163,0.6185082572794437,126,27,64,14,227,190,113,95,,,,,,,,,,,,,,,,,,,,,,,,,353,63,104,177
ablation,early,2,0.5,ablation,0.5,2,3,4029,w/o calibrated LR head (GNN logits),0.96796875,0.9815409387237217,0.8125,0.975,0.9811320754716981,0.7647058823529411,0.8888888888888888,0.873015873015873,0.1032182052731514,0.268326988392248,3.658827286450249,0.16187512788635033,0.5286734104156494,52,39,1,12,5.312079668045044,5448640,162,,126,27,64,14,227,190,113,95,,,,,,,,,,,,,,,,,,,,,,,,,353,63,104,177
ablation,early,2,0.5,ablation,0.5,2,3,4029,"Supervised only (no PL, CAA, proto)",0.9781249999999999,0.9877806212041581,0.8125,1.0,1.0,0.7692307692307693,0.896551724137931,0.8830584707646176,0.11042877286672592,5.0419809227526375,0.5905167719082107,0.12114175285499258,0.2917250394821167,52,40,0,12,3.4684927463531494,5507856,0,0.6185897435897435,126,27,64,14,227,190,113,95,,,,,,,,,,,,,,,,,,,,,,,,,353,63,104,177
ablation,early,2,0.5,ablation,0.5,2,4,4030,Full,0.9769531250000001,0.9875726745079059,0.90625,0.975,0.9830508474576272,0.8666666666666667,0.943089430894309,0.9303682448589192,0.067122682929039,6.2778623554462865,0.41629116153170664,0.07446006835939793,0.06932893395423889,58,39,1,6,5.61133337020874,5528336,172,0.5416938287701,274,170,137,85,79,47,40,24,,,,,,,,,,,,,,,,,,,,,,,,,353,63,104,177
ablation,early,2,0.5,ablation,0.5,2,4,4030,w/o PG-PL gates 2-3 (confidence only),0.973828125,0.986392643340811,0.90625,0.975,0.9830508474576272,0.8666666666666667,0.943089430894309,0.9303682448589192,0.06432902812957764,6.421803634656462,0.4118101168444753,0.07417821763374377,0.13769444823265076,58,39,1,6,5.293426752090454,5528336,172,0.5533463711429814,274,170,137,85,79,47,40,24,,,,,,,,,,,,,,,,,,,,,,,,,353,63,104,177
ablation,early,2,0.5,ablation,0.5,2,4,4030,w/o pseudo-labelling,0.9773437500000001,0.9882890958345201,0.90625,0.95,0.9666666666666667,0.8636363636363636,0.9354838709677419,0.9201228878648233,0.06430185586214066,4.600057693279453,0.3728250337502144,0.0673409563941487,0.14768509566783905,58,38,2,6,5.517914056777954,5528336,0,0.517899826162538,274,170,137,85,79,47,40,24,,,,,,,,,,,,,,,,,,,,,,,,,353,63,104,177
ablation,early,2,0.5,ablation,0.5,2,4,4030,w/o adaptive graph refinement,0.976171875,0.9871725655784267,0.890625,1.0,1.0,0.851063829787234,0.9421487603305785,0.930844495107818,0.0668099969625473,5.809827978416327,0.40489121407958445,0.07673612313877899,0.4710123538970947,57,40,0,7,5.238292694091797,5528336,166,0.4759072142546719,274,170,137,85,79,47,40,24,,,,,,,,,,,,,,,,,,,,,,,,,353,63,104,177
ablation,early,2,0.5,ablation,0.5,2,4,4030,w/o clinical-aware augmentation,0.9734375,0.986807046698667,0.90625,0.975,0.9830508474576272,0.8666666666666667,0.943089430894309,0.9303682448589192,0.06019506976008415,7.107445564411741,0.3342379109767983,0.06863329118641559,0.026096832007169724,58,39,1,6,3.809938669204712,5528336,160,0.5161342894393741,274,170,137,85,79,47,40,24,,,,,,,,,,,,,,,,,,,,,,,,,353,63,104,177
ablation,early,2,0.5,ablation,0.5,2,4,4030,w/o prototype sharing,0.9750000000000001,0.9877170570672891,0.90625,0.975,0.9830508474576272,0.8666666666666667,0.943089430894309,0.9303682448589192,0.06458441913127899,4.772695176121314,0.4221560017853026,0.06590857322309884,0.21918116509914398,58,39,1,6,5.418008327484131,5507856,168,0.545550847457627,274,170,137,85,79,47,40,24,,,,,,,,,,,,,,,,,,,,,,,,,353,63,104,177
ablation,early,2,0.5,ablation,0.5,2,4,4030,w/o focal loss (cross-entropy),0.9718749999999999,0.9853960661252328,0.921875,0.975,0.9833333333333333,0.8863636363636364,0.9516129032258065,0.9400921658986175,0.06482595950365067,9.65551468868246,0.3271892007410654,0.07333702852394287,0.008995624259114265,59,39,1,5,5.530090093612671,5528336,175,0.5450890916992612,274,170,137,85,79,47,40,24,,,,,,,,,,,,,,,,,,,,,,,,,353,63,104,177
ablation,early,2,0.5,ablation,0.5,2,4,4030,w/o contrastive loss,0.97578125,0.9876999065773563,0.90625,0.975,0.9830508474576272,0.8666666666666667,0.943089430894309,0.9303682448589192,0.06695302575826645,6.552119862950349,0.39731286770742374,0.06660918845927181,0.07176335901021957,58,39,1,6,5.420759201049805,5528336,164,0.5201814428509343,274,170,137,85,79,47,40,24,,,,,,,,,,,,,,,,,,,,,,,,,353,63,104,177
ablation,early,2,0.5,ablation,0.5,2,4,4030,w/o class-aware smoothness,0.9539062500000001,0.978998171341696,0.890625,1.0,1.0,0.851063829787234,0.9421487603305785,0.930844495107818,0.069786436855793,7.762582674442714,0.30563350366150993,0.08454415061099169,0.41076716780662537,57,40,0,7,5.066454172134399,5528336,167,0.5256953498478922,274,170,137,85,79,47,40,24,,,,,,,,,,,,,,,,,,,,,,,,,353,63,104,177
ablation,early,2,0.5,ablation,0.5,2,4,4030,w/o dynamic edge attention,0.9664062499999999,0.9835497039378087,0.890625,1.0,1.0,0.851063829787234,0.9421487603305785,0.930844495107818,0.04964529722929001,8.787058816601,0.28905674241689794,0.05448734236079662,0.8418959379196167,57,40,0,7,4.914822816848755,5180016,156,0.5346316818774446,274,170,137,85,79,47,40,24,,,,,,,,,,,,,,,,,,,,,,,,,353,63,104,177
ablation,early,2,0.5,ablation,0.5,2,4,4030,w/o FedProx term,0.9750000000000001,0.9870984318278482,0.890625,1.0,1.0,0.851063829787234,0.9421487603305785,0.930844495107818,0.06794951856136322,5.367322485586687,0.43979252170459215,0.07765031245071441,0.2862045466899872,57,40,0,7,5.203706502914429,5528336,170,0.5425358539765319,274,170,137,85,79,47,40,24,,,,,,,,,,,,,,,,,,,,,,,,,353,63,104,177
ablation,early,2,0.5,ablation,0.5,2,4,4030,w/o calibrated LR head (GNN logits),0.9808593750000001,0.989491008907983,0.90625,0.95,0.9666666666666667,0.8636363636363636,0.9354838709677419,0.9201228878648233,0.053370311856269836,0.14939314520950206,1.763722365805487,0.06361162934738857,0.4825513958930969,58,38,2,6,4.924679756164551,5448640,172,,274,170,137,85,79,47,40,24,,,,,,,,,,,,,,,,,,,,,,,,,353,63,104,177
ablation,early,2,0.5,ablation,0.5,2,4,4030,"Supervised only (no PL, CAA, proto)",0.96796875,0.9841945976602342,0.90625,1.0,1.0,0.8695652173913043,0.9508196721311475,0.9405261151353412,0.06197446957230568,6.159065280092681,0.3768009810329966,0.07563776951820517,0.18415164947509766,58,40,0,6,3.830632448196411,5507856,0,0.49885919165580184,274,170,137,85,79,47,40,24,,,,,,,,,,,,,,,,,,,,,,,,,353,63,104,177
ablation,early,2,0.5,ablation,0.5,3,0,5026,Full,0.9734375,0.9843549677769752,0.8125,0.975,0.9811320754716981,0.7647058823529411,0.8888888888888888,0.873015873015873,0.0975521057844162,2.9648073985997305,0.463225535859483,0.09552541285609971,0.8476768136024475,52,39,1,12,5.645344257354736,5528336,177,0.556326486013986,150,136,75,68,203,81,101,40,,,,,,,,,,,,,,,,,,,,,,,,,353,63,104,176
ablation,early,2,0.5,ablation,0.5,3,0,5026,w/o PG-PL gates 2-3 (confidence only),0.9699218749999999,0.9824732361034342,0.796875,0.975,0.9807692307692307,0.75,0.8793103448275862,0.8635682158920539,0.12121723592281342,5.395795127481342,0.33893058444666524,0.1288248467115829,0.8759343028068542,51,39,1,13,5.368380069732666,5528336,177,0.5656960227272726,150,136,75,68,203,81,101,40,,,,,,,,,,,,,,,,,,,,,,,,,353,63,104,176
ablation,early,2,0.5,ablation,0.5,3,0,5026,w/o pseudo-labelling,0.9765625,0.9862108414634376,0.953125,0.925,0.953125,0.925,0.953125,0.9390625,0.09181540459394455,2.591872284792825,0.5083411999988322,0.10495471227197695,0.061829809099435806,61,37,3,3,5.749233245849609,5528336,0,0.572907561188811,150,136,75,68,203,81,101,40,,,,,,,,,,,,,,,,,,,,,,,,,353,63,104,176
ablation,early,2,0.5,ablation,0.5,3,0,5026,w/o adaptive graph refinement,0.96796875,0.982702088310369,0.84375,0.975,0.9818181818181818,0.7959183673469388,0.907563025210084,0.8919837597960533,0.0903954803943634,3.7115359493152336,0.3453305669873744,0.09497815759207769,0.7480514049530029,54,39,1,10,5.43785285949707,5528336,169,0.5750109265734265,150,136,75,68,203,81,101,40,,,,,,,,,,,,,,,,,,,,,,,,,353,63,104,176
ablation,early,2,0.5,ablation,0.5,3,0,5026,w/o clinical-aware augmentation,0.98046875,0.9878964997868833,0.921875,0.95,0.9672131147540983,0.8837209302325582,0.944,0.9298313253012047,0.08988972753286362,2.6158194019426744,0.5518504032055742,0.09895167057402433,0.14269210398197174,59,38,2,5,3.4711849689483643,5528336,171,0.569493006993007,150,136,75,68,203,81,101,40,,,,,,,,,,,,,,,,,,,,,,,,,353,63,104,176
ablation,early,2,0.5,ablation,0.5,3,0,5026,w/o prototype sharing,0.97734375,0.9863450699639168,0.859375,0.95,0.9649122807017544,0.8085106382978723,0.9090909090909091,0.8913270637408568,0.11985453963279724,5.623855533520433,0.39380856553155436,0.12243455252386273,0.032334402203559875,55,38,2,9,5.533147096633911,5507856,171,0.5632921765734265,150,136,75,68,203,81,101,40,,,,,,,,,,,,,,,,,,,,,,,,,353,63,104,176
ablation,early,2,0.5,ablation,0.5,3,0,5026,w/o focal loss (cross-entropy),0.966015625,0.9822147124461124,0.921875,0.95,0.9672131147540983,0.8837209302325582,0.944,0.9298313253012047,0.07975323498249054,3.2430978308659646,0.4431097353016617,0.08561825350625439,0.10179321467876434,59,38,2,5,5.729840278625488,5528336,171,0.556326486013986,150,136,75,68,203,81,101,40,,,,,,,,,,,,,,,,,,,,,,,,,353,63,104,176
ablation,early,2,0.5,ablation,0.5,3,0,5026,w/o contrastive loss,0.96875,0.9824133666008091,0.90625,0.95,0.9666666666666667,0.8636363636363636,0.9354838709677419,0.9201228878648233,0.07237672060728073,1.7360611412199203,0.5652581420021403,0.07106601570446333,0.16112026572227478,58,38,2,6,5.519558429718018,5528336,175,0.595143138111888,150,136,75,68,203,81,101,40,,,,,,,,,,,,,,,,,,,,,,,,,353,63,104,176
ablation,early,2,0.5,ablation,0.5,3,0,5026,w/o class-aware smoothness,0.9796875,0.98968249456754,0.875,1.0,1.0,0.8333333333333334,0.9333333333333333,0.9212121212121211,0.07629965245723724,3.4579704166855993,0.7357857975233969,0.08614525309083267,0.35781222581863403,56,40,0,8,5.07265567779541,5528336,170,0.5462467220279721,150,136,75,68,203,81,101,40,,,,,,,,,,,,,,,,,,,,,,,,,353,63,104,176
ablation,early,2,0.5,ablation,0.5,3,0,5026,w/o dynamic edge attention,0.9714843750000001,0.9835023672202202,0.9375,0.9,0.9375,0.9,0.9375,0.91875,0.09497033059597015,4.1473922432190955,0.3540605623599225,0.09899357254975118,0.020694298669695854,60,36,4,4,5.091547966003418,5180016,174,0.5521743881118881,150,136,75,68,203,81,101,40,,,,,,,,,,,,,,,,,,,,,,,,,353,63,104,176
ablation,early,2,0.5,ablation,0.5,3,0,5026,w/o FedProx term,0.973046875,0.9841038671166407,0.875,0.95,0.9655172413793104,0.8260869565217391,0.9180327868852459,0.900876858558902,0.09705983102321625,3.0821968370698682,0.4528907827478879,0.1028118653294559,0.22159871459007263,56,38,2,8,5.357280731201172,5528336,177,0.5534855769230769,150,136,75,68,203,81,101,40,,,,,,,,,,,,,,,,,,,,,,,,,353,63,104,176
ablation,early,2,0.5,ablation,0.5,3,0,5026,w/o calibrated LR head (GNN logits),0.974609375,0.9837427058782101,0.8125,0.95,0.9629629629629629,0.76,0.8813559322033898,0.8629001883239171,0.09491121023893356,0.025540361088899545,3.065986010618099,0.15218789388354007,0.651645302772522,52,38,2,12,4.810462474822998,5448640,177,,150,136,75,68,203,81,101,40,,,,,,,,,,,,,,,,,,,,,,,,,353,63,104,176
ablation,early,2,0.5,ablation,0.5,3,0,5026,"Supervised only (no PL, CAA, proto)",0.9683593749999999,0.9823582287619909,0.890625,0.975,0.9827586206896551,0.8478260869565217,0.9344262295081968,0.9207014868471216,0.08038913458585739,1.9082252594129716,0.48057468125228836,0.08650988877679296,0.42176681756973267,57,39,1,7,3.5459229946136475,5507856,0,0.590854458041958,150,136,75,68,203,81,101,40,,,,,,,,,,,,,,,,,,,,,,,,,353,63,104,176
ablation,early,2,0.5,ablation,0.5,3,1,5027,Full,0.965625,0.9807587613389119,0.90625,0.925,0.9508196721311475,0.8604651162790697,0.928,0.9097831325301204,0.08804146200418472,1.396658937766938,0.30708980322644674,0.09108138663801725,0.609685480594635,58,37,3,6,5.5557637214660645,5528336,149,0.541313559322034,302,191,152,96,51,26,25,13,,,,,,,,,,,,,,,,,,,,,,,,,353,63,104,177
ablation,early,2,0.5,ablation,0.5,3,1,5027,w/o PG-PL gates 2-3 (confidence only),0.9640624999999999,0.979922392205097,0.921875,0.85,0.9076923076923077,0.8717948717948718,0.9147286821705426,0.8877440879207144,0.09175203740596771,0.24885179574993413,0.3350207008210848,0.09706576476589994,0.19797909259796143,59,34,6,5,5.498163223266602,5528336,149,0.5455236853541938,302,191,152,96,51,26,25,13,,,,,,,,,,,,,,,,,,,,,,,,,353,63,104,177
ablation,early,2,0.5,ablation,0.5,3,1,5027,w/o pseudo-labelling,0.96484375,0.9807322991174279,0.953125,0.7,0.8356164383561644,0.9032258064516129,0.8905109489051095,0.8396216716356533,0.08917582780122757,1.8455632373274486,0.361832929026757,0.10270718159154058,0.022326216101646423,61,28,12,3,5.794650316238403,5528336,0,0.54590395480226,302,191,152,96,51,26,25,13,,,,,,,,,,,,,,,,,,,,,,,,,353,63,104,177
ablation,early,2,0.5,ablation,0.5,3,1,5027,w/o adaptive graph refinement,0.9656250000000001,0.9816457312388301,0.953125,0.7,0.8356164383561644,0.9032258064516129,0.8905109489051095,0.8396216716356533,0.08006396889686584,2.9992771676521754,0.2687822744695313,0.09586258764522008,0.00011041200923500583,61,28,12,3,5.607987642288208,5528336,114,0.5511462407648848,302,191,152,96,51,26,25,13,,,,,,,,,,,,,,,,,,,,,,,,,353,63,104,177
ablation,early,2,0.5,ablation,0.5,3,1,5027,w/o clinical-aware augmentation,0.95390625,0.9767336123675703,0.90625,0.775,0.8656716417910447,0.8378378378378378,0.8854961832061069,0.8453454942004561,0.08310382813215256,4.4496934189885025,0.2835793872539239,0.09762709244387224,0.0017205922631546855,58,31,9,6,3.65036940574646,5528336,146,0.5699424163407214,302,191,152,96,51,26,25,13,,,,,,,,,,,,,,,,,,,,,,,,,353,63,104,177
ablation,early,2,0.5,ablation,0.5,3,1,5027,w/o prototype sharing,0.9621093749999999,0.9792854668425075,0.96875,0.65,0.8157894736842105,0.9285714285714286,0.8857142857142857,0.8252100840336134,0.1030997782945633,0.8063541567554888,0.294949927348839,0.10492422016194236,0.0027736970223486423,62,26,14,2,5.660077095031738,5507856,146,0.531480877879183,302,191,152,96,51,26,25,13,,,,,,,,,,,,,,,,,,,,,,,,,353,63,104,177
ablation,early,2,0.5,ablation,0.5,3,1,5027,w/o focal loss (cross-entropy),0.9609375,0.9788669633249772,0.890625,0.9,0.9344262295081968,0.8372093023255814,0.912,0.8897349397590362,0.09027732908725739,3.9079680576069578,0.29779250503720617,0.09755141061256069,0.0447428822517395,57,36,4,7,5.523391246795654,5528336,174,0.547316384180791,302,191,152,96,51,26,25,13,,,,,,,,,,,,,,,,,,,,,,,,,353,63,104,177
ablation,early,2,0.5,ablation,0.5,3,1,5027,w/o contrastive loss,0.9605468749999999,0.9766143197401911,0.921875,0.8,0.8805970149253731,0.8648648648648649,0.9007633587786259,0.8659660949737286,0.07811971753835678,4.3251763360604585,0.2855561736267839,0.07597596297721168,0.001663603470660746,59,32,8,5,5.405001640319824,5528336,156,0.5416666666666666,302,191,152,96,51,26,25,13,,,,,,,,,,,,,,,,,,,,,,,,,353,63,104,177
ablation,early,2,0.5,ablation,0.5,3,1,5027,w/o class-aware smoothness,0.958203125,0.9780046001007945,0.9375,0.725,0.8450704225352113,0.8787878787878788,0.8888888888888888,0.8417047184170472,0.09517300873994827,4.183218075120448,0.2293869474030165,0.10660716810021907,2.9587832614197396e-05,60,29,11,4,5.1836326122283936,5528336,172,0.561277705345502,302,191,152,96,51,26,25,13,,,,,,,,,,,,,,,,,,,,,,,,,353,63,104,177
ablation,early,2,0.5,ablation,0.5,3,1,5027,w/o dynamic edge attention,0.9566406249999999,0.9766636329262365,0.890625,0.95,0.9661016949152542,0.8444444444444444,0.926829268292683,0.9104734576757533,0.09826692193746567,3.7400693234224778,0.26564983645760987,0.10587926408669984,0.24516507983207703,57,38,2,7,4.825291872024536,5180016,156,0.5757822685788787,302,191,152,96,51,26,25,13,,,,,,,,,,,,,,,,,,,,,,,,,353,63,104,177
ablation,early,2,0.5,ablation,0.5,3,1,5027,w/o FedProx term,0.95859375,0.9772563542122148,0.90625,0.85,0.90625,0.85,0.90625,0.878125,0.10211503505706787,0.31054368401223176,0.2808601272296729,0.09939482546626377,0.246919646859169,58,34,6,6,5.280679225921631,5528336,147,0.5270534550195567,302,191,152,96,51,26,25,13,,,,,,,,,,,,,,,,,,,,,,,,,353,63,104,177
ablation,early,2,0.5,ablation,0.5,3,1,5027,w/o calibrated LR head (GNN logits),0.968359375,0.982637181945564,0.90625,0.9,0.9354838709677419,0.8571428571428571,0.9206349206349206,0.8993418505613627,0.08681248128414154,-0.6927889400419872,1.7214648565791215,0.12234448426618026,0.6568469405174255,58,36,4,6,4.7721848487854,5448640,149,,302,191,152,96,51,26,25,13,,,,,,,,,,,,,,,,,,,,,,,,,353,63,104,177
ablation,early,2,0.5,ablation,0.5,3,1,5027,"Supervised only (no PL, CAA, proto)",0.9523437499999999,0.9750074757374843,0.875,0.85,0.9032258064516129,0.8095238095238095,0.8888888888888888,0.8590785907859078,0.10529159754514694,2.8730003585332105,0.29311737646129987,0.1195262425686591,0.08951207995414734,56,34,6,8,3.736886739730835,5507856,0,0.6031345067362017,302,191,152,96,51,26,25,13,,,,,,,,,,,,,,,,,,,,,,,,,353,63,104,177
ablation,early,2,0.5,ablation,0.5,3,2,5028,Full,0.9734375,0.9868648389120402,0.96875,0.875,0.9253731343283582,0.9459459459459459,0.9465648854961832,0.9278278972935461,0.09012390673160553,5.804368505827228,0.5177803623347902,0.10341288163684882,0.0007836399599909782,62,35,5,2,5.480042457580566,5528336,155,0.5150513548951049,284,177,142,88,69,40,34,20,,,,,,,,,,,,,,,,,,,,,,,,,353,63,104,176
ablation,early,2,0.5,ablation,0.5,3,2,5028,w/o PG-PL gates 2-3 (confidence only),0.9691406250000001,0.9848212400083767,0.953125,0.9,0.9384615384615385,0.9230769230769231,0.9457364341085271,0.9285644195859091,0.09280966967344284,5.1340047502968735,0.4799967770504286,0.10329274580222914,0.00403092335909605,61,36,4,3,5.666746139526367,5528336,157,0.49762347027972026,284,177,142,88,69,40,34,20,,,,,,,,,,,,,,,,,,,,,,,,,353,63,104,176
ablation,early,2,0.5,ablation,0.5,3,2,5028,w/o pseudo-labelling,0.9839843749999999,0.9911484226526344,0.875,1.0,1.0,0.8333333333333334,0.9333333333333333,0.9212121212121211,0.08855258673429489,9.99999335625205,0.45801914543989897,0.10092775906937627,0.09161529690027237,56,40,0,8,5.391053676605225,5528336,0,0.5447716346153846,284,177,142,88,69,40,34,20,,,,,,,,,,,,,,,,,,,,,,,,,353,63,104,176
ablation,early,2,0.5,ablation,0.5,3,2,5028,w/o adaptive graph refinement,0.9835937499999999,0.9915286842474502,0.875,1.0,1.0,0.8333333333333334,0.9333333333333333,0.9212121212121211,0.06449072808027267,3.8059708956238194,0.6210204031914354,0.0739506139025952,0.7236512899398804,56,40,0,8,5.703439712524414,5528336,129,0.52305506993007,284,177,142,88,69,40,34,20,,,,,,,,,,,,,,,,,,,,,,,,,353,63,104,176
ablation,early,2,0.5,ablation,0.5,3,2,5028,w/o clinical-aware augmentation,0.9765625,0.9879935398398668,0.96875,0.9,0.9393939393939394,0.9473684210526315,0.9538461538461539,0.9384615384615385,0.08430726826190948,5.192751263192741,0.37512587684878923,0.09621426842820188,0.0016921510687097907,62,36,4,2,3.779510021209717,5528336,156,0.5025131118881119,284,177,142,88,69,40,34,20,,,,,,,,,,,,,,,,,,,,,,,,,353,63,104,176
ablation,early,2,0.5,ablation,0.5,3,2,5028,w/o prototype sharing,0.9738281249999999,0.9873211104330748,0.953125,0.875,0.9242424242424242,0.9210526315789473,0.9384615384615385,0.917948717948718,0.07617752999067307,4.363938861356369,0.5577863866892471,0.08865524451875198,0.005217061378061771,61,35,5,3,5.594567775726318,5507856,152,0.5101343968531469,284,177,142,88,69,40,34,20,,,,,,,,,,,,,,,,,,,,,,,,,353,63,104,176
ablation,early,2,0.5,ablation,0.5,3,2,5028,w/o focal loss (cross-entropy),0.9828124999999999,0.9904353804309257,0.9375,0.925,0.9523809523809523,0.9024390243902439,0.9448818897637795,0.9292310683386799,0.07877703011035919,9.066663832243457,0.4439035331736392,0.08805323148576114,0.00026555772637948394,60,37,3,4,5.345961093902588,5528336,177,0.5310041520979022,284,177,142,88,69,40,34,20,,,,,,,,,,,,,,,,,,,,,,,,,353,63,104,176
ablation,early,2,0.5,ablation,0.5,3,2,5028,w/o contrastive loss,0.975390625,0.9875242083630554,0.9375,0.925,0.9523809523809523,0.9024390243902439,0.9448818897637795,0.9292310683386799,0.0764109343290329,4.512623415211995,0.592519049062926,0.08431052638647649,0.010121067054569721,60,37,3,4,5.585759401321411,5528336,124,0.5242296765734266,284,177,142,88,69,40,34,20,,,,,,,,,,,,,,,,,,,,,,,,,353,63,104,176
ablation,early,2,0.5,ablation,0.5,3,2,5028,w/o class-aware smoothness,0.98828125,0.9930961992427244,0.96875,0.9,0.9393939393939394,0.9473684210526315,0.9538461538461539,0.9384615384615385,0.11635764688253403,8.767745214723659,0.6113456849255835,0.13087385794586645,5.0978182116523385e-05,62,36,4,2,5.1238157749176025,5528336,171,0.5060096153846154,284,177,142,88,69,40,34,20,,,,,,,,,,,,,,,,,,,,,,,,,353,63,104,176
ablation,early,2,0.5,ablation,0.5,3,2,5028,w/o dynamic edge attention,0.99375,0.9962765488720572,1.0,0.875,0.927536231884058,1.0,0.9624060150375939,0.9478696741854636,0.08992980420589447,5.716503630659206,0.9889598773394037,0.10420480138138653,0.0005627686041407287,64,35,5,0,4.774963855743408,5180016,151,0.5132211538461537,284,177,142,88,69,40,34,20,,,,,,,,,,,,,,,,,,,,,,,,,353,63,104,176
ablation,early,2,0.5,ablation,0.5,3,2,5028,w/o FedProx term,0.972265625,0.9863156803345257,0.953125,0.875,0.9242424242424242,0.9210526315789473,0.9384615384615385,0.917948717948718,0.07798643410205841,4.570824126612981,0.4789739321056757,0.08127962240429881,0.004291605204343796,61,35,5,3,5.129279136657715,5528336,154,0.5009833916083917,284,177,142,88,69,40,34,20,,,,,,,,,,,,,,,,,,,,,,,,,353,63,104,176
ablation,early,2,0.5,ablation,0.5,3,2,5028,w/o calibrated LR head (GNN logits),0.98046875,0.9898780031818121,0.921875,0.95,0.9672131147540983,0.8837209302325582,0.944,0.9298313253012047,0.0661173164844513,-0.014044952083538224,2.63133250051476,0.09716176814757861,0.40997084975242615,59,38,2,5,5.351129770278931,5448640,155,,284,177,142,88,69,40,34,20,,,,,,,,,,,,,,,,,,,,,,,,,353,63,104,176
ablation,early,2,0.5,ablation,0.5,3,2,5028,"Supervised only (no PL, CAA, proto)",0.97890625,0.9895230013218939,0.921875,0.925,0.9516129032258065,0.8809523809523809,0.9365079365079365,0.9194734804490903,0.08552934229373932,5.566933328852822,0.4307216605205038,0.10027064583622494,0.00970806460827589,59,37,3,5,3.570194721221924,5507856,0,0.5261145104895105,284,177,142,88,69,40,34,20,,,,,,,,,,,,,,,,,,,,,,,,,353,63,104,176
ablation,early,2,0.5,ablation,0.5,3,3,5029,Full,0.939453125,0.9635989339763014,0.78125,0.875,0.9090909090909091,0.7142857142857143,0.8403361344537815,0.8134264941931829,0.14564916491508484,4.142619919070145,0.2649261462445542,0.16233979661662418,0.4366253912448883,50,35,5,14,6.246565818786621,5528336,173,0.5635653409090908,115,17,57,8,238,200,119,100,,,,,,,,,,,,,,,,,,,,,,,,,353,63,104,176
ablation,early,2,0.5,ablation,0.5,3,3,5029,w/o PG-PL gates 2-3 (confidence only),0.946875,0.9681545973817358,0.65625,1.0,1.0,0.6451612903225806,0.7924528301886793,0.7883832778394377,0.1453610509634018,3.576868422808047,0.28260730694798425,0.16685238425046778,0.9891588091850281,42,40,0,22,5.402688026428223,5528336,173,0.5538680069930071,115,17,57,8,238,200,119,100,,,,,,,,,,,,,,,,,,,,,,,,,353,63,104,176
ablation,early,2,0.5,ablation,0.5,3,3,5029,w/o pseudo-labelling,0.941015625,0.9656278196341797,0.75,0.975,0.9795918367346939,0.7090909090909091,0.8495575221238938,0.8353050768514205,0.1509789079427719,5.114644253496024,0.25903517960848,0.14775226113404366,0.6794931292533875,48,39,1,16,5.5215020179748535,5528336,0,0.5239291958041958,115,17,57,8,238,200,119,100,,,,,,,,,,,,,,,,,,,,,,,,,353,63,104,176
ablation,early,2,0.5,ablation,0.5,3,3,5029,w/o adaptive graph refinement,0.951171875,0.9733658702754441,0.609375,1.0,1.0,0.6153846153846154,0.7572815533980582,0.7595931576514101,0.09597834944725037,2.0763430548092323,0.3657981555971656,0.10070021060080485,0.9981579184532166,39,40,0,25,5.406002998352051,5528336,177,0.5912642045454546,115,17,57,8,238,200,119,100,,,,,,,,,,,,,,,,,,,,,,,,,353,63,104,176
ablation,early,2,0.5,ablation,0.5,3,3,5029,w/o clinical-aware augmentation,0.9375,0.9625880731444562,0.921875,0.825,0.8939393939393939,0.868421052631579,0.9076923076923077,0.8769230769230769,0.15726368129253387,5.879785203076434,0.23093499348846602,0.1634099011157209,0.0008037377847358584,59,33,7,5,4.002309560775757,5528336,160,0.5743826486013985,115,17,57,8,238,200,119,100,,,,,,,,,,,,,,,,,,,,,,,,,353,63,104,176
ablation,early,2,0.5,ablation,0.5,3,3,5029,w/o prototype sharing,0.940625,0.9661975198306791,0.765625,0.975,0.98,0.7222222222222222,0.8596491228070176,0.8447181784247854,0.1510152518749237,5.519935221389744,0.2562984086213531,0.1548762488259504,0.43046945333480835,49,39,1,15,5.400259494781494,5507856,147,0.5362215909090908,115,17,57,8,238,200,119,100,,,,,,,,,,,,,,,,,,,,,,,,,353,63,104,176
ablation,early,2,0.5,ablation,0.5,3,3,5029,w/o focal loss (cross-entropy),0.9511718750000001,0.972192082086526,0.8125,0.975,0.9811320754716981,0.7647058823529411,0.8888888888888888,0.873015873015873,0.10201826691627502,2.158807798050699,0.3440730294676465,0.09617277391505644,0.4974326491355896,52,39,1,12,5.342674493789673,5528336,175,0.60194493006993,115,17,57,8,238,200,119,100,,,,,,,,,,,,,,,,,,,,,,,,,353,63,104,176
ablation,early,2,0.5,ablation,0.5,3,3,5029,w/o contrastive loss,0.9328125,0.9592405399672488,0.75,0.975,0.9795918367346939,0.7090909090909091,0.8495575221238938,0.8353050768514205,0.15574486553668976,3.444696397560455,0.27064944568033417,0.1717025377483179,0.8749276995658875,48,39,1,16,5.374865770339966,5528336,171,0.5317690122377623,115,17,57,8,238,200,119,100,,,,,,,,,,,,,,,,,,,,,,,,,353,63,104,176
ablation,early,2,0.5,ablation,0.5,3,3,5029,w/o class-aware smoothness,0.94140625,0.9648997872363118,0.8125,0.875,0.9122807017543859,0.7446808510638298,0.859504132231405,0.8320509166904151,0.15958558022975922,5.833920550889796,0.2955298771467457,0.17707628437962672,0.06644637882709503,52,35,5,12,5.465596437454224,5528336,170,0.6206020541958042,115,17,57,8,238,200,119,100,,,,,,,,,,,,,,,,,,,,,,,,,353,63,104,176
ablation,early,2,0.5,ablation,0.5,3,3,5029,w/o dynamic edge attention,0.92265625,0.9563509877684345,0.78125,0.85,0.8928571428571429,0.7083333333333334,0.8333333333333334,0.803030303030303,0.14829987287521362,2.878108445711939,0.2814569707954352,0.16668428272868574,0.3669268786907196,50,34,6,14,5.036739110946655,5180016,166,0.597410402097902,115,17,57,8,238,200,119,100,,,,,,,,,,,,,,,,,,,,,,,,,353,63,104,176
ablation,early,2,0.5,ablation,0.5,3,3,5029,w/o FedProx term,0.9453125000000001,0.9674099348271263,0.765625,0.975,0.98,0.7222222222222222,0.8596491228070176,0.8447181784247854,0.13268214464187622,3.258373778874865,0.30723743916370044,0.15377109034810788,0.6879674792289734,49,39,1,15,5.108330011367798,5528336,173,0.5538406905594406,115,17,57,8,238,200,119,100,,,,,,,,,,,,,,,,,,,,,,,,,353,63,104,176
ablation,early,2,0.5,ablation,0.5,3,3,5029,w/o calibrated LR head (GNN logits),0.9273437499999999,0.9574057604594167,0.78125,0.875,0.9090909090909091,0.7142857142857143,0.8403361344537815,0.8134264941931829,0.11869464814662933,0.18353169419854448,1.9640975130937186,0.12416067547523059,0.612678050994873,50,35,5,14,4.881640672683716,5448640,173,,115,17,57,8,238,200,119,100,,,,,,,,,,,,,,,,,,,,,,,,,353,63,104,176
ablation,early,2,0.5,ablation,0.5,3,3,5029,"Supervised only (no PL, CAA, proto)",0.93671875,0.9618352214323583,0.578125,1.0,1.0,0.5970149253731343,0.7326732673267327,0.7401684093643008,0.14397883415222168,3.6171083387585017,0.29625390844375554,0.1576710500790236,0.975734293460846,37,40,0,27,3.6192374229431152,5507856,0,0.5576649912587412,115,17,57,8,238,200,119,100,,,,,,,,,,,,,,,,,,,,,,,,,353,63,104,176
ablation,early,2,0.5,ablation,0.5,3,4,5030,Full,0.9582031249999999,0.9750828557749531,0.859375,0.975,0.9821428571428571,0.8125,0.9166666666666666,0.9015151515151515,0.08309897780418396,3.4935458857107458,0.2887614485322778,0.08284908636974603,0.4676912724971771,55,39,1,9,5.788976192474365,5528336,171,0.5697794437201217,181,74,91,37,172,143,86,72,,,,,,,,,,,,,,,,,,,,,,,,,353,63,104,177
ablation,early,2,0.5,ablation,0.5,3,4,5030,w/o PG-PL gates 2-3 (confidence only),0.9525390625,0.9660710626082303,0.859375,0.975,0.9821428571428571,0.8125,0.9166666666666666,0.9015151515151515,0.07515393942594528,2.4348054724435673,0.31864334588011956,0.07748357756869297,0.7681604623794556,55,39,1,9,5.581852912902832,5528336,175,0.5864026510212951,181,74,91,37,172,143,86,72,,,,,,,,,,,,,,,,,,,,,,,,,353,63,104,177
ablation,early,2,0.5,ablation,0.5,3,4,5030,w/o pseudo-labelling,0.96171875,0.9641927753892554,0.84375,0.975,0.9818181818181818,0.7959183673469388,0.907563025210084,0.8919837597960533,0.08412397652864456,3.3040685143390105,0.31863164667829136,0.08606859405139963,0.9241935014724731,54,39,1,10,5.486508369445801,5528336,0,0.6088385484571925,181,74,91,37,172,143,86,72,,,,,,,,,,,,,,,,,,,,,,,,,353,63,104,177
ablation,early,2,0.5,ablation,0.5,3,4,5030,w/o adaptive graph refinement,0.97578125,0.9845358287871459,0.90625,0.975,0.9830508474576272,0.8666666666666667,0.943089430894309,0.9303682448589192,0.07487624138593674,1.8620957122334085,0.33193169859733984,0.08233979176013513,0.9109683036804199,58,39,1,6,5.368410110473633,5528336,172,0.5651075619295959,181,74,91,37,172,143,86,72,,,,,,,,,,,,,,,,,,,,,,,,,353,63,104,177
ablation,early,2,0.5,ablation,0.5,3,4,5030,w/o clinical-aware augmentation,0.969140625,0.9811479531088025,0.953125,0.75,0.8591549295774648,0.9090909090909091,0.9037037037037037,0.8628107559614409,0.08055876940488815,2.12202062173071,0.2998315967392732,0.07944838404924105,0.0035691789817065,61,30,10,3,4.008458137512207,5528336,165,0.6352944372012169,181,74,91,37,172,143,86,72,,,,,,,,,,,,,,,,,,,,,,,,,353,63,104,177
ablation,early,2,0.5,ablation,0.5,3,4,5030,w/o prototype sharing,0.9630859374999999,0.9731813714322715,0.9375,0.825,0.8955223880597015,0.8918918918918919,0.916030534351145,0.886586695747001,0.07839613407850266,2.8125331373442606,0.29939742737355185,0.0773540582606354,0.01765097677707672,60,33,7,4,5.6237781047821045,5507856,159,0.5883583224684921,181,74,91,37,172,143,86,72,,,,,,,,,,,,,,,,,,,,,,,,,353,63,104,177
ablation,early,2,0.5,ablation,0.5,3,4,5030,w/o focal loss (cross-entropy),0.974609375,0.9840694993165507,0.953125,0.85,0.9104477611940298,0.918918918918919,0.9312977099236641,0.9072072965202735,0.06877606362104416,1.6334303928461247,0.36800022345348826,0.07986090037201601,0.04110582172870636,61,34,6,3,5.476270914077759,5528336,167,0.5641025641025641,181,74,91,37,172,143,86,72,,,,,,,,,,,,,,,,,,,,,,,,,353,63,104,177
ablation,early,2,0.5,ablation,0.5,3,4,5030,w/o contrastive loss,0.9644531249999999,0.9791235107116314,0.890625,0.975,0.9827586206896551,0.8478260869565217,0.9344262295081968,0.9207014868471216,0.06694614142179489,3.1246600668928184,0.3364476908273188,0.07067350112797266,0.8358590602874756,57,39,1,7,5.2974419593811035,5528336,172,0.5632333767926989,181,74,91,37,172,143,86,72,,,,,,,,,,,,,,,,,,,,,,,,,353,63,104,177
ablation,early,2,0.5,ablation,0.5,3,4,5030,w/o class-aware smoothness,0.975,0.9841713725806498,0.84375,0.95,0.9642857142857143,0.7916666666666666,0.9,0.8818181818181818,0.07911905646324158,1.0716191505443218,0.3511670232148727,0.09107579776676943,0.7702708840370178,54,38,2,10,5.373603343963623,5528336,161,0.5466916558018253,181,74,91,37,172,143,86,72,,,,,,,,,,,,,,,,,,,,,,,,,353,63,104,177
ablation,early,2,0.5,ablation,0.5,3,4,5030,w/o dynamic edge attention,0.9599609375,0.9741581881592969,0.96875,0.775,0.8732394366197183,0.9393939393939394,0.9185185185185185,0.8839167935058345,0.07956426590681076,2.936456775783151,0.2722537062259375,0.08886684164127265,0.002589448122307658,62,31,9,2,4.687710523605347,5180016,163,0.5495708387657541,181,74,91,37,172,143,86,72,,,,,,,,,,,,,,,,,,,,,,,,,353,63,104,177
ablation,early,2,0.5,ablation,0.5,3,4,5030,w/o FedProx term,0.9609375,0.9767732353324375,0.875,0.975,0.9824561403508771,0.8297872340425532,0.9256198347107438,0.9110857794243374,0.0776161253452301,2.4057977750835056,0.32691293345078876,0.0788232741537146,0.5130971074104309,56,39,1,8,5.257494926452637,5528336,171,0.5889830508474576,181,74,91,37,172,143,86,72,,,,,,,,,,,,,,,,,,,,,,,,,353,63,104,177
ablation,early,2,0.5,ablation,0.5,3,4,5030,w/o calibrated LR head (GNN logits),0.9574218750000001,0.9744696061302761,0.90625,0.925,0.9508196721311475,0.8604651162790697,0.928,0.9097831325301204,0.09623003005981445,-0.10396217640701104,2.4571155555198256,0.1604087335559038,0.5614983439445496,58,37,3,6,5.197511672973633,5448640,171,,181,74,91,37,172,143,86,72,,,,,,,,,,,,,,,,,,,,,,,,,353,63,104,177
ablation,early,2,0.5,ablation,0.5,3,4,5030,"Supervised only (no PL, CAA, proto)",0.971875,0.9829029787178925,0.921875,0.75,0.855072463768116,0.8571428571428571,0.8872180451127819,0.843609022556391,0.07829730212688446,0.23828138923225464,0.4631207034075013,0.09789115931086527,0.0807403177022934,59,30,10,5,3.674083948135376,5507856,0,0.6237505432420687,181,74,91,37,172,143,86,72,,,,,,,,,,,,,,,,,,,,,,,,,353,63,104,177
ablation,early,2,0.5,ablation,0.5,4,0,6026,Full,0.9828125,0.9900767536425232,0.921875,0.925,0.9516129032258065,0.8809523809523809,0.9365079365079365,0.9194734804490903,0.061232082545757294,1.0139235368270392,0.47072229636782076,0.06824470669604263,0.5504825711250305,59,37,3,5,5.639439821243286,5528336,168,0.5255681818181819,267,145,133,72,86,72,43,36,,,,,,,,,,,,,,,,,,,,,,,,,353,63,104,176
ablation,early,2,0.5,ablation,0.5,4,0,6026,w/o PG-PL gates 2-3 (confidence only),0.982421875,0.9897275251541282,0.90625,0.95,0.9666666666666667,0.8636363636363636,0.9354838709677419,0.9201228878648233,0.06109204143285751,1.5354791133780659,0.4295702680932209,0.05960242085320017,0.7156291007995605,58,38,2,6,5.4576404094696045,5528336,168,0.5197770979020979,267,145,133,72,86,72,43,36,,,,,,,,,,,,,,,,,,,,,,,,,353,63,104,176
ablation,early,2,0.5,ablation,0.5,4,0,6026,w/o pseudo-labelling,0.9859375,0.9917874115664692,0.90625,0.95,0.9666666666666667,0.8636363636363636,0.9354838709677419,0.9201228878648233,0.057934753596782684,1.0839863722671528,0.46865269278033606,0.05851604057422197,0.6291341781616211,58,38,2,6,5.764091491699219,5528336,0,0.5218804632867133,267,145,133,72,86,72,43,36,,,,,,,,,,,,,,,,,,,,,,,,,353,63,104,176
ablation,early,2,0.5,ablation,0.5,4,0,6026,w/o adaptive graph refinement,0.984765625,0.9915449274579361,0.953125,0.925,0.953125,0.925,0.953125,0.9390625,0.05037737637758255,0.9101728782467589,0.45834386988795095,0.051310443104459695,0.09270943701267242,61,37,3,3,5.532041549682617,5528336,130,0.48871831293706297,267,145,133,72,86,72,43,36,,,,,,,,,,,,,,,,,,,,,,,,,353,63,104,176
ablation,early,2,0.5,ablation,0.5,4,0,6026,w/o clinical-aware augmentation,0.963671875,0.9792949273241869,0.9375,0.725,0.8450704225352113,0.8787878787878788,0.8888888888888888,0.8417047184170472,0.10429687052965164,-0.01677591739755664,0.27670841114479283,0.11251925653778014,0.011246448382735252,60,29,11,4,4.069535732269287,5528336,162,0.5276988636363636,267,145,133,72,86,72,43,36,,,,,,,,,,,,,,,,,,,,,,,,,353,63,104,176
ablation,early,2,0.5,ablation,0.5,4,0,6026,w/o prototype sharing,0.9843749999999999,0.9906300627658786,0.984375,0.8,0.8873239436619719,0.9696969696969697,0.9333333333333333,0.9050228310502283,0.07162778824567795,1.8929690741727243,0.3822794122932588,0.08338639566388271,0.001088390126824379,63,32,8,1,5.482534408569336,5507856,169,0.5560806381118881,267,145,133,72,86,72,43,36,,,,,,,,,,,,,,,,,,,,,,,,,353,63,104,176
ablation,early,2,0.5,ablation,0.5,4,0,6026,w/o focal loss (cross-entropy),0.987109375,0.9930114437289812,0.953125,0.9,0.9384615384615385,0.9230769230769231,0.9457364341085271,0.9285644195859091,0.04343951493501663,1.7688159415039595,0.4735826221853702,0.0520461887264481,0.05045853182673454,61,36,4,3,5.428761720657349,5528336,173,0.5298568618881119,267,145,133,72,86,72,43,36,,,,,,,,,,,,,,,,,,,,,,,,,353,63,104,176
ablation,early,2,0.5,ablation,0.5,4,0,6026,w/o contrastive loss,0.97578125,0.9860371949011872,0.90625,0.9,0.9354838709677419,0.8571428571428571,0.9206349206349206,0.8993418505613627,0.07484601438045502,1.862756305503685,0.4636066202793239,0.09097414972403878,0.2834055423736572,58,36,4,6,5.161448955535889,5528336,147,0.4918870192307692,267,145,133,72,86,72,43,36,,,,,,,,,,,,,,,,,,,,,,,,,353,63,104,176
ablation,early,2,0.5,ablation,0.5,4,0,6026,w/o class-aware smoothness,0.9773437500000001,0.9891762082817803,0.90625,1.0,1.0,0.8695652173913043,0.9508196721311475,0.9405261151353412,0.046625394374132156,3.1730299717925616,0.37240190870521866,0.05100456523583629,0.912951648235321,58,40,0,6,5.174375057220459,5528336,164,0.5093422202797203,267,145,133,72,86,72,43,36,,,,,,,,,,,,,,,,,,,,,,,,,353,63,104,176
ablation,early,2,0.5,ablation,0.5,4,0,6026,w/o dynamic edge attention,0.984375,0.9921454016761366,0.96875,0.975,0.9841269841269841,0.9512195121951219,0.9763779527559056,0.9696704578594342,0.042280975729227066,1.858586759829354,0.5096738102356949,0.05684762195988487,0.21584421396255493,62,39,1,2,5.132239103317261,5180016,164,0.5284637237762239,267,145,133,72,86,72,43,36,,,,,,,,,,,,,,,,,,,,,,,,,353,63,104,176
ablation,early,2,0.5,ablation,0.5,4,0,6026,w/o FedProx term,0.983984375,0.9904959898276221,0.921875,0.95,0.9672131147540983,0.8837209302325582,0.944,0.9298313253012047,0.06176040321588516,0.9287808838372758,0.48957593068790556,0.07136384018052083,0.705578088760376,59,38,2,5,5.112497091293335,5528336,169,0.5281359265734267,267,145,133,72,86,72,43,36,,,,,,,,,,,,,,,,,,,,,,,,,353,63,104,176
ablation,early,2,0.5,ablation,0.5,4,0,6026,w/o calibrated LR head (GNN logits),0.978515625,0.9872591037985525,0.9375,0.85,0.9090909090909091,0.8947368421052632,0.9230769230769231,0.8974358974358975,0.06844270974397659,-0.285241764817627,2.0141449361050845,0.08472847408400133,0.5604292750358582,60,34,6,4,5.2078258991241455,5448640,168,,267,145,133,72,86,72,43,36,,,,,,,,,,,,,,,,,,,,,,,,,353,63,104,176
ablation,early,2,0.5,ablation,0.5,4,0,6026,"Supervised only (no PL, CAA, proto)",0.983203125,0.9903618279689139,0.984375,0.7,0.84,0.9655172413793104,0.9064748201438849,0.8590345115212179,0.05873803421854973,0.5274107512138773,0.4605491522157668,0.06871021259128335,0.0047660102136433125,63,28,12,1,4.202978610992432,5507856,0,0.5184385926573427,267,145,133,72,86,72,43,36,,,,,,,,,,,,,,,,,,,,,,,,,353,63,104,176
ablation,early,2,0.5,ablation,0.5,4,1,6027,Full,0.98359375,0.9909739685904655,0.90625,0.925,0.9508196721311475,0.8604651162790697,0.928,0.9097831325301204,0.08449334651231766,7.1609441001900285,0.37040974447466485,0.10411178186320914,0.003389138961210847,58,37,3,6,5.535910606384277,5528336,168,0.49688592657342656,199,148,100,74,154,69,76,34,,,,,,,,,,,,,,,,,,,,,,,,,353,63,104,176
ablation,early,2,0.5,ablation,0.5,4,1,6027,w/o PG-PL gates 2-3 (confidence only),0.983984375,0.9911362535628772,0.90625,0.925,0.9508196721311475,0.8604651162790697,0.928,0.9097831325301204,0.08955856412649155,6.763947084159196,0.4335534638694351,0.11399939484321155,0.005633111111819744,58,37,3,6,5.547902584075928,5528336,167,0.49639423076923084,199,148,100,74,154,69,76,34,,,,,,,,,,,,,,,,,,,,,,,,,353,63,104,176
ablation,early,2,0.5,ablation,0.5,4,1,6027,w/o pseudo-labelling,0.974609375,0.9862588055796805,0.90625,0.925,0.9508196721311475,0.8604651162790697,0.928,0.9097831325301204,0.0895073264837265,6.94107809779766,0.3266377106405484,0.0993407134167053,0.08721055835485458,58,37,3,6,5.858708143234253,5528336,0,0.5038789335664335,199,148,100,74,154,69,76,34,,,,,,,,,,,,,,,,,,,,,,,,,353,63,104,176
ablation,early,2,0.5,ablation,0.5,4,1,6027,w/o adaptive graph refinement,0.97265625,0.9863112234576101,0.875,0.95,0.9655172413793104,0.8260869565217391,0.9180327868852459,0.900876858558902,0.08030091971158981,6.0998440409603525,0.3605408678993556,0.09477598165764133,0.40033259987831116,56,38,2,8,5.184174537658691,5528336,129,0.4973229895104895,199,148,100,74,154,69,76,34,,,,,,,,,,,,,,,,,,,,,,,,,353,63,104,176
ablation,early,2,0.5,ablation,0.5,4,1,6027,w/o clinical-aware augmentation,0.9765625,0.9871817834658454,0.8125,1.0,1.0,0.7692307692307693,0.896551724137931,0.8830584707646176,0.09435971081256866,4.630995232453884,0.3818438349832548,0.10683490971748073,0.42090943455696106,52,40,0,12,3.632753610610962,5528336,164,0.5618990384615384,199,148,100,74,154,69,76,34,,,,,,,,,,,,,,,,,,,,,,,,,353,63,104,176
ablation,early,2,0.5,ablation,0.5,4,1,6027,w/o prototype sharing,0.9828125,0.9905548684390487,0.90625,0.95,0.9666666666666667,0.8636363636363636,0.9354838709677419,0.9201228878648233,0.08159024268388748,6.964859527847846,0.42323876902739244,0.10415188047157314,0.0071044424548745155,58,38,2,6,5.222007989883423,5507856,167,0.49273382867132864,199,148,100,74,154,69,76,34,,,,,,,,,,,,,,,,,,,,,,,,,353,63,104,176
ablation,early,2,0.5,ablation,0.5,4,1,6027,w/o focal loss (cross-entropy),0.980859375,0.9885441259594815,0.796875,1.0,1.0,0.7547169811320755,0.8869565217391304,0.8735857877512856,0.08532223105430603,6.661152459458836,0.36737272184812936,0.09897114006050217,0.791535496711731,51,40,0,13,5.4861321449279785,5528336,172,0.4722738199300699,199,148,100,74,154,69,76,34,,,,,,,,,,,,,,,,,,,,,,,,,353,63,104,176
ablation,early,2,0.5,ablation,0.5,4,1,6027,w/o contrastive loss,0.9695312500000001,0.9837621297937973,0.90625,0.925,0.9508196721311475,0.8604651162790697,0.928,0.9097831325301204,0.09177394956350327,4.710711407404028,0.4158485404074377,0.10705369325520364,0.11233751475811005,58,37,3,6,5.247903108596802,5528336,167,0.46806708916083917,199,148,100,74,154,69,76,34,,,,,,,,,,,,,,,,,,,,,,,,,353,63,104,176
ablation,early,2,0.5,ablation,0.5,4,1,6027,w/o class-aware smoothness,0.983203125,0.990305463130203,0.890625,0.925,0.95,0.8409090909090909,0.9193548387096774,0.9001536098310292,0.10362569987773895,7.982978564926183,0.3993698875440229,0.1159925184194715,0.0035272021777927876,57,37,3,7,5.374911308288574,5528336,165,0.5241477272727273,199,148,100,74,154,69,76,34,,,,,,,,,,,,,,,,,,,,,,,,,353,63,104,176
ablation,early,2,0.5,ablation,0.5,4,1,6027,w/o dynamic edge attention,0.9730468749999999,0.9844118853723531,0.890625,0.95,0.9661016949152542,0.8444444444444444,0.926829268292683,0.9104734576757533,0.10454061627388,5.062819861527805,0.38560568023738084,0.11925958790547718,0.18321019411087036,57,38,2,7,4.607641935348511,5180016,171,0.5477764423076923,199,148,100,74,154,69,76,34,,,,,,,,,,,,,,,,,,,,,,,,,353,63,104,176
ablation,early,2,0.5,ablation,0.5,4,1,6027,w/o FedProx term,0.983984375,0.9910901220349084,0.90625,0.925,0.9508196721311475,0.8604651162790697,0.928,0.9097831325301204,0.08209220319986343,7.784114454747459,0.3526314428895081,0.11046460663783365,0.0017561801942065358,58,37,3,6,5.501458168029785,5528336,168,0.498989291958042,199,148,100,74,154,69,76,34,,,,,,,,,,,,,,,,,,,,,,,,,353,63,104,176
ablation,early,2,0.5,ablation,0.5,4,1,6027,w/o calibrated LR head (GNN logits),0.9792968750000001,0.9891351411239402,0.90625,0.95,0.9666666666666667,0.8636363636363636,0.9354838709677419,0.9201228878648233,0.09403398633003235,1.2953221009929277,1.907666985394673,0.14291206811769652,0.31331878900527954,58,38,2,6,5.639488220214844,5448640,168,,199,148,100,74,154,69,76,34,,,,,,,,,,,,,,,,,,,,,,,,,353,63,104,176
ablation,early,2,0.5,ablation,0.5,4,1,6027,"Supervised only (no PL, CAA, proto)",0.975390625,0.987234133032361,0.90625,0.95,0.9666666666666667,0.8636363636363636,0.9354838709677419,0.9201228878648233,0.07525411248207092,6.25666191107891,0.3722375365103292,0.09648056428592938,0.1472727656364441,58,38,2,6,3.7846086025238037,5507856,0,0.5239018793706294,199,148,100,74,154,69,76,34,,,,,,,,,,,,,,,,,,,,,,,,,353,63,104,176
ablation,early,2,0.5,ablation,0.5,4,2,6028,Full,0.912890625,0.9443608730139854,0.625,0.925,0.9302325581395349,0.6065573770491803,0.7476635514018691,0.7401684093643008,0.20384953916072845,4.89665358678501,0.28912274971838947,0.22019258267783492,0.5933757424354553,40,37,3,24,5.606297969818115,5528336,167,0.7142974213286712,193,185,96,92,160,32,80,16,,,,,,,,,,,,,,,,,,,,,,,,,353,63,104,176
ablation,early,2,0.5,ablation,0.5,4,2,6028,w/o PG-PL gates 2-3 (confidence only),0.9121093749999999,0.9445145537556081,0.78125,0.9,0.9259259259259259,0.72,0.847457627118644,0.823728813559322,0.2001502364873886,4.89452306018443,0.2845010427736402,0.21559153407668835,0.1330721527338028,50,36,4,14,5.949577569961548,5528336,167,0.7174388111888111,193,185,96,92,160,32,80,16,,,,,,,,,,,,,,,,,,,,,,,,,353,63,104,176
ablation,early,2,0.5,ablation,0.5,4,2,6028,w/o pseudo-labelling,0.926171875,0.9501467337443416,0.90625,0.8,0.8787878787878788,0.8421052631578947,0.8923076923076924,0.8564102564102565,0.20310178399085999,5.663522395179839,0.27418065981541545,0.210662596536657,0.0013163859257474542,58,32,8,6,5.459044933319092,5528336,0,0.7087248688811189,193,185,96,92,160,32,80,16,,,,,,,,,,,,,,,,,,,,,,,,,353,63,104,176
ablation,early,2,0.5,ablation,0.5,4,2,6028,w/o adaptive graph refinement,0.87578125,0.9265838308696365,0.765625,0.8,0.8596491228070176,0.6808510638297872,0.8099173553719008,0.7727747696399734,0.2149038314819336,3.680114639844261,0.25531226813802327,0.2243446981659732,0.08837608993053436,49,32,8,15,5.747734308242798,5528336,169,0.7196514423076923,193,185,96,92,160,32,80,16,,,,,,,,,,,,,,,,,,,,,,,,,353,63,104,176
ablation,early,2,0.5,ablation,0.5,4,2,6028,w/o clinical-aware augmentation,0.9015625,0.9397379612186452,0.78125,0.825,0.8771929824561403,0.7021276595744681,0.8264462809917356,0.792533485323454,0.18630677461624146,3.760099127065274,0.2665717253086419,0.1924022486290106,0.1984798014163971,50,33,7,14,3.844730854034424,5528336,167,0.7240767045454545,193,185,96,92,160,32,80,16,,,,,,,,,,,,,,,,,,,,,,,,,353,63,104,176
ablation,early,2,0.5,ablation,0.5,4,2,6028,w/o prototype sharing,0.928515625,0.9543131348243334,0.625,0.975,0.975609756097561,0.6190476190476191,0.7619047619047619,0.7595931576514101,0.19260606169700623,4.562184749096661,0.334103405287057,0.20060550690127113,0.8740838170051575,40,39,1,24,5.260447025299072,5507856,152,0.7185314685314685,193,185,96,92,160,32,80,16,,,,,,,,,,,,,,,,,,,,,,,,,353,63,104,176
ablation,early,2,0.5,ablation,0.5,4,2,6028,w/o focal loss (cross-entropy),0.894921875,0.9413260221218651,0.6875,0.925,0.9361702127659575,0.6491228070175439,0.7927927927927928,0.7778396953654685,0.19527827203273773,4.253580966583078,0.28851344944003565,0.19694008408203867,0.5114724040031433,44,37,3,20,5.445388078689575,5528336,174,0.7166739510489509,193,185,96,92,160,32,80,16,,,,,,,,,,,,,,,,,,,,,,,,,353,63,104,176
ablation,early,2,0.5,ablation,0.5,4,2,6028,w/o contrastive loss,0.9050781250000001,0.9424178465434991,0.609375,0.925,0.9285714285714286,0.5967741935483871,0.7358490566037735,0.7306696263411024,0.1580050140619278,1.908928501970379,0.3626662750545326,0.17114944555438485,0.9519770741462708,39,37,3,25,5.604261159896851,5528336,166,0.7304414335664335,193,185,96,92,160,32,80,16,,,,,,,,,,,,,,,,,,,,,,,,,353,63,104,176
ablation,early,2,0.5,ablation,0.5,4,2,6028,w/o class-aware smoothness,0.9609375000000001,0.9777874070975687,0.78125,0.975,0.9803921568627451,0.7358490566037735,0.8695652173913043,0.8541374474053296,0.14247263967990875,4.234659249043344,0.49702764658252024,0.1660140644526109,0.25675180554389954,50,39,1,14,5.228546857833862,5528336,171,0.689330201048951,193,185,96,92,160,32,80,16,,,,,,,,,,,,,,,,,,,,,,,,,353,63,104,176
ablation,early,2,0.5,ablation,0.5,4,2,6028,w/o dynamic edge attention,0.819921875,0.9071816706543179,0.640625,0.925,0.9318181818181818,0.6166666666666667,0.7592592592592593,0.7496296296296296,0.20766481757164001,3.7247328557729897,0.200725043798135,0.21417775447480386,0.6108337640762329,41,37,3,23,4.503277540206909,5180016,174,0.727573208041958,193,185,96,92,160,32,80,16,,,,,,,,,,,,,,,,,,,,,,,,,353,63,104,176
ablation,early,2,0.5,ablation,0.5,4,2,6028,w/o FedProx term,0.9113281249999999,0.9438533589069475,0.609375,0.95,0.9512195121951219,0.6031746031746031,0.7428571428571429,0.740360610263523,0.200277179479599,4.64795317318327,0.29263778955948927,0.22329346804270664,0.8699760437011719,39,38,2,25,4.985452651977539,5528336,167,0.7186407342657342,193,185,96,92,160,32,80,16,,,,,,,,,,,,,,,,,,,,,,,,,353,63,104,176
ablation,early,2,0.5,ablation,0.5,4,2,6028,w/o calibrated LR head (GNN logits),0.928515625,0.954102888507254,0.828125,0.9,0.9298245614035088,0.7659574468085106,0.8760330578512396,0.8518096323738957,0.1679726392030716,-0.32052135130851783,4.6964297910007,0.18903671262355948,0.6153425574302673,53,36,4,11,5.335066080093384,5448640,167,,193,185,96,92,160,32,80,16,,,,,,,,,,,,,,,,,,,,,,,,,353,63,104,176
ablation,early,2,0.5,ablation,0.5,4,2,6028,"Supervised only (no PL, CAA, proto)",0.912109375,0.9466477730829891,0.75,0.85,0.8888888888888888,0.68,0.8135593220338984,0.784557438794727,0.1901201456785202,4.821893765595365,0.2614955792959378,0.19057255840520015,0.242599219083786,48,34,6,16,3.4751312732696533,5507856,0,0.7038898601398602,193,185,96,92,160,32,80,16,,,,,,,,,,,,,,,,,,,,,,,,,353,63,104,176
ablation,early,2,0.5,ablation,0.5,4,3,6029,Full,0.9835937499999999,0.9896556339393037,0.90625,0.975,0.9830508474576272,0.8666666666666667,0.943089430894309,0.9303682448589192,0.053992949426174164,3.4927528268997237,0.37529205419942463,0.05904672208886881,0.5792138576507568,58,39,1,6,5.621632814407349,5528336,150,0.4908735332464146,316,187,158,94,37,30,19,15,,,,,,,,,,,,,,,,,,,,,,,,,353,63,104,177
ablation,early,2,0.5,ablation,0.5,4,3,6029,w/o PG-PL gates 2-3 (confidence only),0.987109375,0.9912673889717152,0.890625,0.975,0.9827586206896551,0.8478260869565217,0.9344262295081968,0.9207014868471216,0.05089068412780762,2.948164071184456,0.41112134857989735,0.061265414097131474,0.7962912917137146,57,39,1,7,6.031775712966919,5528336,154,0.4784061277705346,316,187,158,94,37,30,19,15,,,,,,,,,,,,,,,,,,,,,,,,,353,63,104,177
ablation,early,2,0.5,ablation,0.5,4,3,6029,w/o pseudo-labelling,0.986328125,0.9911262811273014,0.84375,0.975,0.9818181818181818,0.7959183673469388,0.907563025210084,0.8919837597960533,0.04967717081308365,4.020040050505948,0.3670539183560959,0.053651626844209814,0.9960246086120605,54,39,1,10,5.614071607589722,5528336,0,0.509180790960452,316,187,158,94,37,30,19,15,,,,,,,,,,,,,,,,,,,,,,,,,353,63,104,177
ablation,early,2,0.5,ablation,0.5,4,3,6029,w/o adaptive graph refinement,0.98828125,0.9917919836281754,0.921875,0.975,0.9833333333333333,0.8863636363636364,0.9516129032258065,0.9400921658986175,0.03751850500702858,2.752726244744347,0.3873889474913858,0.03741306100542156,0.9899818301200867,59,39,1,5,5.482216119766235,5528336,145,0.46305953933072574,316,187,158,94,37,30,19,15,,,,,,,,,,,,,,,,,,,,,,,,,353,63,104,177
ablation,early,2,0.5,ablation,0.5,4,3,6029,w/o clinical-aware augmentation,0.985546875,0.9901060486117872,0.9375,0.925,0.9523809523809523,0.9024390243902439,0.9448818897637795,0.9292310683386799,0.050283074378967285,1.0458002935552178,0.3865299177726072,0.05683906862507756,0.6396684050559998,60,37,3,4,3.807516098022461,5528336,152,0.5131192959582791,316,187,158,94,37,30,19,15,,,,,,,,,,,,,,,,,,,,,,,,,353,63,104,177
ablation,early,2,0.5,ablation,0.5,4,3,6029,w/o prototype sharing,0.983203125,0.9900451653711557,0.90625,0.975,0.9830508474576272,0.8666666666666667,0.943089430894309,0.9303682448589192,0.052286285907030106,4.513557879992172,0.316599535581448,0.055795004058521794,0.7749776244163513,58,39,1,6,5.865811824798584,5507856,147,0.49462190352020863,316,187,158,94,37,30,19,15,,,,,,,,,,,,,,,,,,,,,,,,,353,63,104,177
ablation,early,2,0.5,ablation,0.5,4,3,6029,w/o focal loss (cross-entropy),0.990234375,0.9939847536807085,0.875,0.975,0.9824561403508771,0.8297872340425532,0.9256198347107438,0.9110857794243374,0.06723318248987198,5.5512700631712715,0.32394542156593753,0.07653428247487265,0.9887052178382874,56,39,1,8,5.384897708892822,5528336,175,0.5030149934810952,316,187,158,94,37,30,19,15,,,,,,,,,,,,,,,,,,,,,,,,,353,63,104,177
ablation,early,2,0.5,ablation,0.5,4,3,6029,w/o contrastive loss,0.989453125,0.9932109013835504,0.90625,0.975,0.9830508474576272,0.8666666666666667,0.943089430894309,0.9303682448589192,0.045470837503671646,3.296546667611674,0.49142718141203395,0.049265018180729085,0.6661292314529419,58,39,1,6,5.475679636001587,5528336,148,0.4886734028683181,316,187,158,94,37,30,19,15,,,,,,,,,,,,,,,,,,,,,,,,,353,63,104,177
ablation,early,2,0.5,ablation,0.5,4,3,6029,w/o class-aware smoothness,0.9828125,0.9910007858605006,0.859375,1.0,1.0,0.8163265306122449,0.9243697478991597,0.9116230761967709,0.05085374787449837,4.596955242325532,0.3600011698559439,0.0555564571740643,0.9863243699073792,55,40,0,9,5.245471239089966,5528336,170,0.5089634941329857,316,187,158,94,37,30,19,15,,,,,,,,,,,,,,,,,,,,,,,,,353,63,104,177
ablation,early,2,0.5,ablation,0.5,4,3,6029,w/o dynamic edge attention,0.988671875,0.9934789429769744,0.96875,0.9,0.9393939393939394,0.9473684210526315,0.9538461538461539,0.9384615384615385,0.047770820558071136,5.467698528465467,0.3344015554655806,0.049385140740644,0.0010302955051884055,62,36,4,2,5.206142902374268,5180016,162,0.5069806605823555,316,187,158,94,37,30,19,15,,,,,,,,,,,,,,,,,,,,,,,,,353,63,104,177
ablation,early,2,0.5,ablation,0.5,4,3,6029,w/o FedProx term,0.98515625,0.9902782375469819,0.890625,0.975,0.9827586206896551,0.8478260869565217,0.9344262295081968,0.9207014868471216,0.06110363453626633,4.392999413498217,0.33766684100981753,0.06647246435302527,0.5377100706100464,57,39,1,7,5.253809690475464,5528336,153,0.48704367666232073,316,187,158,94,37,30,19,15,,,,,,,,,,,,,,,,,,,,,,,,,353,63,104,177
ablation,early,2,0.5,ablation,0.5,4,3,6029,w/o calibrated LR head (GNN logits),0.986328125,0.9918101006733808,0.921875,0.975,0.9833333333333333,0.8863636363636364,0.9516129032258065,0.9400921658986175,0.06873036921024323,-0.5709045382967866,2.478072091112684,0.1408417265002544,0.7368228435516357,59,39,1,5,5.053174018859863,5448640,150,,316,187,158,94,37,30,19,15,,,,,,,,,,,,,,,,,,,,,,,,,353,63,104,177
ablation,early,2,0.5,ablation,0.5,4,3,6029,"Supervised only (no PL, CAA, proto)",0.984375,0.989310939641097,0.9375,0.925,0.9523809523809523,0.9024390243902439,0.9448818897637795,0.9292310683386799,0.05465511232614517,0.8576997533487514,0.4179873208615003,0.06223692927652829,0.46009597182273865,60,37,3,4,3.5618224143981934,5507856,0,0.5153737505432421,316,187,158,94,37,30,19,15,,,,,,,,,,,,,,,,,,,,,,,,,353,63,104,177
ablation,early,2,0.5,ablation,0.5,4,4,6030,Full,0.978125,0.9874151652615158,0.9375,0.95,0.967741935483871,0.9047619047619048,0.9523809523809523,0.9396051103368177,0.04653829336166382,0.6120790516841828,0.3465748257489336,0.05434360720503788,0.733606219291687,60,38,2,4,5.677786827087402,5528336,168,0.5298295454545454,304,173,152,86,49,44,24,22,,,,,,,,,,,,,,,,,,,,,,,,,353,63,104,176
ablation,early,2,0.5,ablation,0.5,4,4,6030,w/o PG-PL gates 2-3 (confidence only),0.976953125,0.987000848512481,0.96875,0.875,0.9253731343283582,0.9459459459459459,0.9465648854961832,0.9278278972935461,0.04915750026702881,0.19164131255988723,0.3520911128361516,0.04362454268042573,0.057081278413534164,62,35,5,2,5.5339343547821045,5528336,168,0.5249672202797203,304,173,152,86,49,44,24,22,,,,,,,,,,,,,,,,,,,,,,,,,353,63,104,176
ablation,early,2,0.5,ablation,0.5,4,4,6030,w/o pseudo-labelling,0.976171875,0.9857414185298998,0.96875,0.925,0.9538461538461539,0.9487179487179487,0.9612403100775194,0.9489745854185065,0.04390362650156021,0.9105572589229861,0.3832540539257467,0.04872595837626322,0.13334684073925018,62,37,3,2,5.713848352432251,5528336,0,0.5171000874125874,304,173,152,86,49,44,24,22,,,,,,,,,,,,,,,,,,,,,,,,,353,63,104,176
ablation,early,2,0.5,ablation,0.5,4,4,6030,w/o adaptive graph refinement,0.9773437500000001,0.9870950846994303,0.9375,0.95,0.967741935483871,0.9047619047619048,0.9523809523809523,0.9396051103368177,0.052759528160095215,0.3682791719273387,0.47154898913252036,0.05114318657881364,0.61777663230896,60,38,2,4,5.448585748672485,5528336,139,0.5013931381118881,304,173,152,86,49,44,24,22,,,,,,,,,,,,,,,,,,,,,,,,,353,63,104,176
ablation,early,2,0.5,ablation,0.5,4,4,6030,w/o clinical-aware augmentation,0.97265625,0.9840495194745276,0.953125,0.925,0.953125,0.925,0.953125,0.9390625,0.0490843839943409,-0.38086748648016977,0.46962085400971654,0.058121928533252626,0.5569551587104797,61,37,3,3,3.756950616836548,5528336,168,0.5372049825174825,304,173,152,86,49,44,24,22,,,,,,,,,,,,,,,,,,,,,,,,,353,63,104,176
ablation,early,2,0.5,ablation,0.5,4,4,6030,w/o prototype sharing,0.978515625,0.9878444121829921,0.9375,0.95,0.967741935483871,0.9047619047619048,0.9523809523809523,0.9396051103368177,0.04924030601978302,0.12063328870991621,0.39335330705803573,0.0581153770729613,0.7584004402160645,60,38,2,4,5.732233285903931,5507856,166,0.5375327797202798,304,173,152,86,49,44,24,22,,,,,,,,,,,,,,,,,,,,,,,,,353,63,104,176
ablation,early,2,0.5,ablation,0.5,4,4,6030,w/o focal loss (cross-entropy),0.9816406249999999,0.9899577145736984,0.90625,0.975,0.9830508474576272,0.8666666666666667,0.943089430894309,0.9303682448589192,0.054716434329748154,2.9528472329327853,0.32309905568731945,0.053042364503758474,0.7091617584228516,58,39,1,6,5.343329191207886,5528336,176,0.5086046765734267,304,173,152,86,49,44,24,22,,,,,,,,,,,,,,,,,,,,,,,,,353,63,104,176
ablation,early,2,0.5,ablation,0.5,4,4,6030,w/o contrastive loss,0.983203125,0.9907059973508113,0.96875,0.925,0.9538461538461539,0.9487179487179487,0.9612403100775194,0.9489745854185065,0.04377824068069458,0.10700125385231193,0.4190804419520612,0.05442369376004747,0.3147035241127014,62,37,3,2,5.329900026321411,5528336,165,0.48784418706293714,304,173,152,86,49,44,24,22,,,,,,,,,,,,,,,,,,,,,,,,,353,63,104,176
ablation,early,2,0.5,ablation,0.5,4,4,6030,w/o class-aware smoothness,0.976171875,0.9878267268464755,0.921875,0.975,0.9833333333333333,0.8863636363636364,0.9516129032258065,0.9400921658986175,0.06886903196573257,6.132212925575786,0.31825014913764665,0.07697801276719056,0.05198384076356888,59,39,1,5,5.6385228633880615,5528336,167,0.4878988199300699,304,173,152,86,49,44,24,22,,,,,,,,,,,,,,,,,,,,,,,,,353,63,104,176
ablation,early,2,0.5,ablation,0.5,4,4,6030,w/o dynamic edge attention,0.9828125000000001,0.9896167844994239,0.96875,0.95,0.96875,0.95,0.96875,0.959375,0.030870310962200165,0.8915091947735369,0.3725745246790513,0.03623124141729655,0.37812328338623047,62,38,2,2,4.671816349029541,5180016,163,0.48478474650349657,304,173,152,86,49,44,24,22,,,,,,,,,,,,,,,,,,,,,,,,,353,63,104,176
ablation,early,2,0.5,ablation,0.5,4,4,6030,w/o FedProx term,0.9777343749999999,0.987264090730017,0.96875,0.875,0.9253731343283582,0.9459459459459459,0.9465648854961832,0.9278278972935461,0.04847069829702377,0.35653430890275695,0.34721601910370903,0.04916572067080638,0.03106384351849556,62,35,5,2,5.301856994628906,5528336,168,0.5223721590909091,304,173,152,86,49,44,24,22,,,,,,,,,,,,,,,,,,,,,,,,,353,63,104,176
ablation,early,2,0.5,ablation,0.5,4,4,6030,w/o calibrated LR head (GNN logits),0.9765625000000001,0.9864123225656474,0.953125,0.95,0.9682539682539683,0.926829268292683,0.9606299212598425,0.949450763099057,0.05852977931499481,-0.3964442399318415,1.7116066115958855,0.10607123991044665,0.6451496481895447,61,38,2,3,5.228987216949463,5448640,168,,304,173,152,86,49,44,24,22,,,,,,,,,,,,,,,,,,,,,,,,,353,63,104,176
ablation,early,2,0.5,ablation,0.5,4,4,6030,"Supervised only (no PL, CAA, proto)",0.978515625,0.9879352850467961,0.953125,0.875,0.9242424242424242,0.9210526315789473,0.9384615384615385,0.917948717948718,0.06759735941886902,-1.5374178586312333,0.4012683599916291,0.06902740168600127,0.48657315969467163,61,35,5,3,3.460472345352173,5507856,0,0.5116094842657343,304,173,152,86,49,44,24,22,,,,,,,,,,,,,,,,,,,,,,,,,353,63,104,176
ablation,early,2,0.8,ablation,0.5,0,0,2026,Full,0.964453125,0.9790869652348926,0.6875,1.0,1.0,0.6666666666666666,0.8148148148148148,0.8074074074074074,0.11369435489177704,6.389932984176694,0.33625417969798665,0.11949387106757899,0.9894019961357117,44,40,0,20,5.4204418659210205,5528336,260,0.5778710725893824,41,34,8,7,312,183,63,37,,,,,,,,,,,,,,,,,,,,,,,,,353,63,104,71
ablation,early,2,0.8,ablation,0.5,0,0,2026,w/o PG-PL gates 2-3 (confidence only),0.9671875000000001,0.9808156667175635,0.703125,1.0,1.0,0.6779661016949152,0.8256880733944955,0.8168844407376518,0.0985247939825058,3.6218739585869617,0.4488815812532516,0.10714030209615326,0.9792824387550354,45,40,0,19,5.626359701156616,5528336,261,0.5693391115926327,41,34,8,7,312,183,63,37,,,,,,,,,,,,,,,,,,,,,,,,,353,63,104,71
ablation,early,2,0.8,ablation,0.5,0,0,2026,w/o pseudo-labelling,0.962890625,0.9789021857363767,0.828125,0.975,0.9814814814814815,0.78,0.8983050847457628,0.8824858757062147,0.12637661397457123,7.05365841503833,0.3449299184681582,0.13344341623955047,0.21634268760681152,53,39,1,11,5.738545179367065,5528336,0,0.5931067172264356,41,34,8,7,312,183,63,37,,,,,,,,,,,,,,,,,,,,,,,,,353,63,104,71
ablation,early,2,0.8,ablation,0.5,0,0,2026,w/o adaptive graph refinement,0.9652343750000001,0.9802589029802433,0.71875,1.0,1.0,0.6896551724137931,0.8363636363636363,0.8263450834879407,0.0951218232512474,3.518640922182825,0.4205915475892586,0.09457424208700946,0.972453773021698,46,40,0,18,5.081266164779663,5528336,257,0.5612811484290358,41,34,8,7,312,183,63,37,,,,,,,,,,,,,,,,,,,,,,,,,353,63,104,71
ablation,early,2,0.8,ablation,0.5,0,0,2026,w/o clinical-aware augmentation,0.966015625,0.9800842945949242,0.765625,1.0,1.0,0.7272727272727273,0.8672566371681416,0.8546809501630181,0.10841938108205795,2.9531934395165607,0.5272358349142352,0.11910885756011483,0.9496501088142395,49,40,0,15,3.326216220855713,5528336,259,0.5949349945828819,41,34,8,7,312,183,63,37,,,,,,,,,,,,,,,,,,,,,,,,,353,63,104,71
ablation,early,2,0.8,ablation,0.5,0,0,2026,w/o prototype sharing,0.9628906249999999,0.9785023321680825,0.75,0.975,0.9795918367346939,0.7090909090909091,0.8495575221238938,0.8353050768514205,0.12053711712360382,5.617455910232135,0.3716533469216342,0.125250135078274,0.7873994708061218,48,39,1,16,5.729756116867065,5507856,259,0.577126218851571,41,34,8,7,312,183,63,37,,,,,,,,,,,,,,,,,,,,,,,,,353,63,104,71
ablation,early,2,0.8,ablation,0.5,0,0,2026,w/o focal loss (cross-entropy),0.976171875,0.9856728162032693,0.703125,1.0,1.0,0.6779661016949152,0.8256880733944955,0.8168844407376518,0.10252775251865387,6.549571599132403,0.28402303324964734,0.1144523821315558,0.996853768825531,45,40,0,19,5.052435636520386,5528336,282,0.5984561213434453,41,34,8,7,312,183,63,37,,,,,,,,,,,,,,,,,,,,,,,,,353,63,104,71
ablation,early,2,0.8,ablation,0.5,0,0,2026,w/o contrastive loss,0.9652343750000001,0.9798471645555409,0.75,1.0,1.0,0.7142857142857143,0.8571428571428571,0.8452380952380952,0.11832558363676071,4.797011922989083,0.43493738894162315,0.12730763214998522,0.6836664080619812,48,40,0,16,5.078259229660034,5528336,260,0.5787513542795233,41,34,8,7,312,183,63,37,,,,,,,,,,,,,,,,,,,,,,,,,353,63,104,71
ablation,early,2,0.8,ablation,0.5,0,0,2026,w/o class-aware smoothness,0.980078125,0.987731223926456,0.75,1.0,1.0,0.7142857142857143,0.8571428571428571,0.8452380952380952,0.11282064020633698,5.298685542692524,0.49904602841345586,0.12098638620675327,0.829741358757019,48,40,0,16,5.4664223194122314,5528336,257,0.5800379198266522,41,34,8,7,312,183,63,37,,,,,,,,,,,,,,,,,,,,,,,,,353,63,104,71
ablation,early,2,0.8,ablation,0.5,0,0,2026,w/o dynamic edge attention,0.96875,0.9814075743191596,0.765625,0.975,0.98,0.7222222222222222,0.8596491228070176,0.8447181784247854,0.1322825700044632,4.690219801288381,0.48391552441086516,0.145312380260573,0.6671044826507568,49,39,1,15,4.4424378871917725,5180016,270,0.6158586132177682,41,34,8,7,312,183,63,37,,,,,,,,,,,,,,,,,,,,,,,,,353,63,104,71
ablation,early,2,0.8,ablation,0.5,0,0,2026,w/o FedProx term,0.96484375,0.9795420076137149,0.671875,1.0,1.0,0.6557377049180327,0.8037383177570093,0.7979087628389008,0.09994950890541077,2.7881785276674558,0.517609272532514,0.10835520127035962,0.9753715395927429,43,40,0,21,5.372388124465942,5528336,262,0.5724539544962081,41,34,8,7,312,183,63,37,,,,,,,,,,,,,,,,,,,,,,,,,353,63,104,71
ablation,early,2,0.8,ablation,0.5,0,0,2026,w/o calibrated LR head (GNN logits),0.9652343749999999,0.9793828166125513,0.703125,1.0,1.0,0.6779661016949152,0.8256880733944955,0.8168844407376518,0.08101896941661835,0.5184684683197265,1.3910824066028682,0.08631081979435225,0.806861400604248,45,40,0,19,5.263014554977417,5448640,260,,41,34,8,7,312,183,63,37,,,,,,,,,,,,,,,,,,,,,,,,,353,63,104,71
ablation,early,2,0.8,ablation,0.5,0,0,2026,"Supervised only (no PL, CAA, proto)",0.96875,0.9812462316428004,0.765625,1.0,1.0,0.7272727272727273,0.8672566371681416,0.8546809501630181,0.12228166311979294,3.79395140106183,0.49394925636251186,0.12971318462111345,0.9269387125968933,49,40,0,15,3.540039539337158,5507856,0,0.5988624052004333,41,34,8,7,312,183,63,37,,,,,,,,,,,,,,,,,,,,,,,,,353,63,104,71
ablation,early,2,0.8,ablation,0.5,0,1,2027,Full,0.98125,0.9888570896760691,0.9375,0.95,0.967741935483871,0.9047619047619048,0.9523809523809523,0.9396051103368177,0.11884032934904099,9.935187611314685,0.3209562834963482,0.1287126674388464,9.476883133174852e-05,60,38,2,4,5.8465800285339355,5528336,281,0.55613488624052,173,118,35,24,180,99,36,20,,,,,,,,,,,,,,,,,,,,,,,,,353,63,104,71
ablation,early,2,0.8,ablation,0.5,0,1,2027,w/o PG-PL gates 2-3 (confidence only),0.9808593750000001,0.9887923616176102,0.96875,0.925,0.9538461538461539,0.9487179487179487,0.9612403100775194,0.9489745854185065,0.10804840177297592,7.020535014246988,0.35932874944059195,0.1151019145170442,0.00034890283131971955,62,37,3,2,5.309849500656128,5528336,279,0.6028575297941495,173,118,35,24,180,99,36,20,,,,,,,,,,,,,,,,,,,,,,,,,353,63,104,71
ablation,early,2,0.8,ablation,0.5,0,1,2027,w/o pseudo-labelling,0.9828125000000001,0.9898989191433264,0.96875,0.925,0.9538461538461539,0.9487179487179487,0.9612403100775194,0.9489745854185065,0.09384690970182419,7.201403840728182,0.3589111562484469,0.10480299970815674,0.00028933596331626177,62,37,3,2,5.204489469528198,5528336,0,0.6242551462621885,173,118,35,24,180,99,36,20,,,,,,,,,,,,,,,,,,,,,,,,,353,63,104,71
ablation,early,2,0.8,ablation,0.5,0,1,2027,w/o adaptive graph refinement,0.981640625,0.991012660631562,0.953125,0.975,0.9838709677419355,0.9285714285714286,0.9682539682539683,0.9597367402245451,0.059559501707553864,3.923017857262224,0.5997849401460904,0.06483387211874987,0.07292521744966507,61,39,1,3,5.630483388900757,5528336,264,0.5266115926327194,173,118,35,24,180,99,36,20,,,,,,,,,,,,,,,,,,,,,,,,,353,63,104,71
ablation,early,2,0.8,ablation,0.5,0,1,2027,w/o clinical-aware augmentation,0.9859375,0.9924646567370672,0.984375,0.95,0.9692307692307692,0.9743589743589743,0.9767441860465116,0.9693847512511039,0.09663932025432587,9.942253523130054,0.4053983660635882,0.10188430604354765,1.5395338778034784e-05,63,38,2,1,3.561396837234497,5528336,265,0.5362946912242688,173,118,35,24,180,99,36,20,,,,,,,,,,,,,,,,,,,,,,,,,353,63,104,71
ablation,early,2,0.8,ablation,0.5,0,1,2027,w/o prototype sharing,0.98046875,0.9882502363578187,0.9375,0.95,0.967741935483871,0.9047619047619048,0.9523809523809523,0.9396051103368177,0.11158638447523117,7.970984727648889,0.3486608837047581,0.11532868100151136,0.0006514439010061324,60,38,2,4,5.044582843780518,5507856,280,0.5931067172264356,173,118,35,24,180,99,36,20,,,,,,,,,,,,,,,,,,,,,,,,,353,63,104,71
ablation,early,2,0.8,ablation,0.5,0,1,2027,w/o focal loss (cross-entropy),0.9773437500000001,0.9870514724002549,0.921875,0.95,0.9672131147540983,0.8837209302325582,0.944,0.9298313253012047,0.1275729089975357,9.475278682157507,0.30045557055415373,0.13179278789231413,0.00016309929196722806,59,38,2,5,5.448163986206055,5528336,282,0.5980498374864571,173,118,35,24,180,99,36,20,,,,,,,,,,,,,,,,,,,,,,,,,353,63,104,71
ablation,early,2,0.8,ablation,0.5,0,1,2027,w/o contrastive loss,0.974609375,0.9848916913332482,0.921875,0.95,0.9672131147540983,0.8837209302325582,0.944,0.9298313253012047,0.10481912642717361,5.854375669218229,0.3640192018420072,0.1137806097842538,0.046022407710552216,59,38,2,5,5.382145166397095,5528336,267,0.5694745395449621,173,118,35,24,180,99,36,20,,,,,,,,,,,,,,,,,,,,,,,,,353,63,104,71
ablation,early,2,0.8,ablation,0.5,0,1,2027,w/o class-aware smoothness,0.9738281249999999,0.9840233552251528,0.875,0.95,0.9655172413793104,0.8260869565217391,0.9180327868852459,0.900876858558902,0.10613824427127838,6.558769554607019,0.3087991369036546,0.11063217699232225,0.0726071298122406,56,38,2,8,5.272677898406982,5528336,274,0.49085861321776814,173,118,35,24,180,99,36,20,,,,,,,,,,,,,,,,,,,,,,,,,353,63,104,71
ablation,early,2,0.8,ablation,0.5,0,1,2027,w/o dynamic edge attention,0.98359375,0.9913777400590381,0.96875,0.925,0.9538461538461539,0.9487179487179487,0.9612403100775194,0.9489745854185065,0.08796989172697067,9.49197591261694,0.400658025127178,0.09647059501506962,2.151504668290727e-05,62,37,3,2,4.604278326034546,5180016,280,0.5483477789815818,173,118,35,24,180,99,36,20,,,,,,,,,,,,,,,,,,,,,,,,,353,63,104,71
ablation,early,2,0.8,ablation,0.5,0,1,2027,w/o FedProx term,0.98203125,0.9893447864068442,0.9375,0.95,0.967741935483871,0.9047619047619048,0.9523809523809523,0.9396051103368177,0.09999549388885498,5.428347900079889,0.452050599935045,0.10720240151903666,0.005658545531332493,60,38,2,4,5.27652907371521,5528336,281,0.5929035752979416,173,118,35,24,180,99,36,20,,,,,,,,,,,,,,,,,,,,,,,,,353,63,104,71
ablation,early,2,0.8,ablation,0.5,0,1,2027,w/o calibrated LR head (GNN logits),0.980859375,0.988706532614943,0.96875,0.925,0.9538461538461539,0.9487179487179487,0.9612403100775194,0.9489745854185065,0.056994978338479996,0.07312805069342503,1.7794737660829327,0.10011930448504594,0.3342827260494232,62,37,3,2,4.826395511627197,5448640,281,,173,118,35,24,180,99,36,20,,,,,,,,,,,,,,,,,,,,,,,,,353,63,104,71
ablation,early,2,0.8,ablation,0.5,0,1,2027,"Supervised only (no PL, CAA, proto)",0.9875,0.9935290094291422,0.984375,0.95,0.9692307692307692,0.9743589743589743,0.9767441860465116,0.9693847512511039,0.07145576179027557,7.736302798767596,0.4808240514808655,0.08327476262526871,0.00012753655028063804,63,38,2,1,3.893371820449829,5507856,0,0.5789544962080173,173,118,35,24,180,99,36,20,,,,,,,,,,,,,,,,,,,,,,,,,353,63,104,71
ablation,early,2,0.8,ablation,0.5,0,2,2028,Full,0.9410156249999999,0.9704650160157242,0.921875,0.775,0.8676470588235294,0.8611111111111112,0.8939393939393939,0.8548644338118022,0.1199202910065651,5.617794974631509,0.31990101071905064,0.1354996216944598,0.0005368755664676428,59,31,9,5,5.482026100158691,5528336,282,0.5993818681318681,103,87,20,17,250,130,50,26,,,,,,,,,,,,,,,,,,,,,,,,,353,63,104,70
ablation,early,2,0.8,ablation,0.5,0,2,2028,w/o PG-PL gates 2-3 (confidence only),0.92890625,0.9655947183249065,0.859375,0.9,0.9322033898305084,0.8,0.8943089430894309,0.8706838833094213,0.12540337443351746,6.240201702071396,0.2615288769839108,0.13754515715229973,0.010762451216578484,55,36,4,9,5.267909288406372,5528336,282,0.5884615384615385,103,87,20,17,250,130,50,26,,,,,,,,,,,,,,,,,,,,,,,,,353,63,104,70
ablation,early,2,0.8,ablation,0.5,0,2,2028,w/o pseudo-labelling,0.953125,0.9760423904001754,0.90625,0.8,0.8787878787878788,0.8421052631578947,0.8923076923076924,0.8564102564102565,0.10691024363040924,3.2056214568204204,0.5441757428164746,0.11263896714752684,0.025577012449502945,58,32,8,6,5.457438707351685,5528336,0,0.578434065934066,103,87,20,17,250,130,50,26,,,,,,,,,,,,,,,,,,,,,,,,,353,63,104,70
ablation,early,2,0.8,ablation,0.5,0,2,2028,w/o adaptive graph refinement,0.9394531250000001,0.9696370890874123,0.921875,0.825,0.8939393939393939,0.868421052631579,0.9076923076923077,0.8769230769230769,0.11839302629232407,5.6128929365941,0.25264026838951065,0.1294694795058324,0.001469458220526576,59,33,7,5,5.335770845413208,5528336,258,0.5629807692307692,103,87,20,17,250,130,50,26,,,,,,,,,,,,,,,,,,,,,,,,,353,63,104,70
ablation,early,2,0.8,ablation,0.5,0,2,2028,w/o clinical-aware augmentation,0.9312499999999999,0.9676010544671514,0.921875,0.775,0.8676470588235294,0.8611111111111112,0.8939393939393939,0.8548644338118022,0.10088009387254715,3.455078292711384,0.3477851141672431,0.11511148678926895,0.006137731485068798,59,31,9,5,3.904388427734375,5528336,281,0.625206043956044,103,87,20,17,250,130,50,26,,,,,,,,,,,,,,,,,,,,,,,,,353,63,104,70
ablation,early,2,0.8,ablation,0.5,0,2,2028,w/o prototype sharing,0.9394531250000001,0.9703285526113957,0.90625,0.825,0.8923076923076924,0.8461538461538461,0.8992248062015504,0.867333922088117,0.10526255518198013,4.410891493364767,0.2789904363126724,0.1051415425922292,0.008060688152909279,58,33,7,6,5.1192028522491455,5507856,269,0.60625,103,87,20,17,250,130,50,26,,,,,,,,,,,,,,,,,,,,,,,,,353,63,104,70
ablation,early,2,0.8,ablation,0.5,0,2,2028,w/o focal loss (cross-entropy),0.9375000000000001,0.9703513886317885,0.890625,0.85,0.9047619047619048,0.8292682926829268,0.8976377952755905,0.8685719840575483,0.12390021979808807,6.269619631892499,0.3362805849806224,0.14029542977760476,0.0015588134992867708,57,34,6,7,5.181452751159668,5528336,283,0.5837225274725275,103,87,20,17,250,130,50,26,,,,,,,,,,,,,,,,,,,,,,,,,353,63,104,70
ablation,early,2,0.8,ablation,0.5,0,2,2028,w/o contrastive loss,0.926171875,0.964372026000766,0.90625,0.75,0.8529411764705882,0.8333333333333334,0.8787878787878788,0.8341307814992025,0.11922740191221237,2.2424530707854466,0.21354266772962166,0.12241492113501481,0.0008492289925925434,58,30,10,6,5.632472038269043,5528336,283,0.586401098901099,103,87,20,17,250,130,50,26,,,,,,,,,,,,,,,,,,,,,,,,,353,63,104,70
ablation,early,2,0.8,ablation,0.5,0,2,2028,w/o class-aware smoothness,0.9273437499999999,0.9669403408131325,0.875,0.875,0.9180327868852459,0.813953488372093,0.896,0.8696867469879519,0.11951474100351334,8.097357200949782,0.2869477636200559,0.13540374492563736,0.0004945231485180557,56,35,5,8,5.331579685211182,5528336,267,0.5881181318681318,103,87,20,17,250,130,50,26,,,,,,,,,,,,,,,,,,,,,,,,,353,63,104,70
ablation,early,2,0.8,ablation,0.5,0,2,2028,w/o dynamic edge attention,0.9367187499999999,0.9689748952911307,0.921875,0.75,0.855072463768116,0.8571428571428571,0.8872180451127819,0.843609022556391,0.09897402673959732,3.1176030486310147,0.30436524705272205,0.10940321323085724,0.002565976930782199,59,30,10,5,4.519808769226074,5180016,281,0.6023351648351648,103,87,20,17,250,130,50,26,,,,,,,,,,,,,,,,,,,,,,,,,353,63,104,70
ablation,early,2,0.8,ablation,0.5,0,2,2028,w/o FedProx term,0.937109375,0.9683548997877672,0.859375,0.95,0.9649122807017544,0.8085106382978723,0.9090909090909091,0.8913270637408568,0.12390037626028061,6.230782418164711,0.26254320424007854,0.13278023764723915,0.03418712690472603,55,38,2,9,5.255467653274536,5528336,282,0.5964972527472527,103,87,20,17,250,130,50,26,,,,,,,,,,,,,,,,,,,,,,,,,353,63,104,70
ablation,early,2,0.8,ablation,0.5,0,2,2028,w/o calibrated LR head (GNN logits),0.9437500000000001,0.97150773759404,0.921875,0.775,0.8676470588235294,0.8611111111111112,0.8939393939393939,0.8548644338118022,0.10729081928730011,1.1983719854478196,1.332233728445786,0.1257492683541316,0.12552431225776672,59,31,9,5,5.138583660125732,5448640,282,,103,87,20,17,250,130,50,26,,,,,,,,,,,,,,,,,,,,,,,,,353,63,104,70
ablation,early,2,0.8,ablation,0.5,0,2,2028,"Supervised only (no PL, CAA, proto)",0.9394531249999998,0.9716331387922397,0.921875,0.85,0.9076923076923077,0.8717948717948718,0.9147286821705426,0.8877440879207144,0.10128479450941086,3.640351060775316,0.39353322347899716,0.09571854355118167,0.022088441997766495,59,34,6,5,3.559288501739502,5507856,0,0.6303571428571428,103,87,20,17,250,130,50,26,,,,,,,,,,,,,,,,,,,,,,,,,353,63,104,70
ablation,early,2,0.8,ablation,0.5,0,3,2029,Full,0.9472656249999999,0.9716739620700269,0.890625,0.925,0.95,0.8409090909090909,0.9193548387096774,0.9001536098310292,0.136380136013031,7.522565671153714,0.34436650604331664,0.14240971883051454,0.002732859691604972,57,37,3,7,5.391148328781128,5528336,276,0.6189057421451788,218,188,44,38,135,29,27,6,,,,,,,,,,,,,,,,,,,,,,,,,353,63,104,71
ablation,early,2,0.8,ablation,0.5,0,3,2029,w/o PG-PL gates 2-3 (confidence only),0.9523437499999999,0.9736746111770384,0.875,0.975,0.9824561403508771,0.8297872340425532,0.9256198347107438,0.9110857794243374,0.1470494270324707,9.314510532643812,0.3318263514605795,0.15538748614534809,0.0051023815758526325,56,39,1,8,5.84261155128479,5528336,276,0.6057692307692308,218,188,44,38,135,29,27,6,,,,,,,,,,,,,,,,,,,,,,,,,353,63,104,71
ablation,early,2,0.8,ablation,0.5,0,3,2029,w/o pseudo-labelling,0.9652343750000001,0.9808184083614757,0.859375,0.975,0.9821428571428571,0.8125,0.9166666666666666,0.9015151515151515,0.11741720885038376,5.124371298537762,0.4667034195342167,0.13137071548352164,0.13474220037460327,55,39,1,9,5.091962099075317,5528336,0,0.6136917659804983,218,188,44,38,135,29,27,6,,,,,,,,,,,,,,,,,,,,,,,,,353,63,104,71
ablation,early,2,0.8,ablation,0.5,0,3,2029,w/o adaptive graph refinement,0.9339843750000001,0.9611387311609407,0.78125,0.925,0.9433962264150944,0.7254901960784313,0.8547008547008547,0.8339438339438339,0.15574724972248077,5.415311932019671,0.3207954492561141,0.16360599841349402,0.13751837611198425,50,37,3,14,5.249151229858398,5528336,281,0.6236457204767064,218,188,44,38,135,29,27,6,,,,,,,,,,,,,,,,,,,,,,,,,353,63,104,71
ablation,early,2,0.8,ablation,0.5,0,3,2029,w/o clinical-aware augmentation,0.9585937500000001,0.9778330905967889,0.84375,0.975,0.9818181818181818,0.7959183673469388,0.907563025210084,0.8919837597960533,0.09724971652030945,2.6474845932481155,0.5894663774572975,0.11458801544414694,0.49385756254196167,54,39,1,10,3.7049505710601807,5528336,261,0.6103060671722643,218,188,44,38,135,29,27,6,,,,,,,,,,,,,,,,,,,,,,,,,353,63,104,71
ablation,early,2,0.8,ablation,0.5,0,3,2029,w/o prototype sharing,0.9589843749999999,0.9792123438600258,0.90625,0.95,0.9666666666666667,0.8636363636363636,0.9354838709677419,0.9201228878648233,0.12474663555622101,7.166610392817219,0.3639028212224576,0.13279236863420993,0.008431535214185715,58,38,2,6,5.414689779281616,5507856,254,0.6051598049837487,218,188,44,38,135,29,27,6,,,,,,,,,,,,,,,,,,,,,,,,,353,63,104,71
ablation,early,2,0.8,ablation,0.5,0,3,2029,w/o focal loss (cross-entropy),0.961328125,0.9794245889834396,0.875,0.975,0.9824561403508771,0.8297872340425532,0.9256198347107438,0.9110857794243374,0.10927215218544006,4.1079353210200065,0.5389676860731729,0.12267398197526255,0.12654311954975128,56,39,1,8,5.2324512004852295,5528336,263,0.6072589382448538,218,188,44,38,135,29,27,6,,,,,,,,,,,,,,,,,,,,,,,,,353,63,104,71
ablation,early,2,0.8,ablation,0.5,0,3,2029,w/o contrastive loss,0.950390625,0.9730418620665361,0.890625,0.975,0.9827586206896551,0.8478260869565217,0.9344262295081968,0.9207014868471216,0.1146310493350029,5.277075307288235,0.4415269854961775,0.13163640697558343,0.04423987492918968,57,39,1,7,5.318488836288452,5528336,271,0.5975081256771397,218,188,44,38,135,29,27,6,,,,,,,,,,,,,,,,,,,,,,,,,353,63,104,71
ablation,early,2,0.8,ablation,0.5,0,3,2029,w/o class-aware smoothness,0.9710937500000001,0.9846120922958878,0.765625,1.0,1.0,0.7272727272727273,0.8672566371681416,0.8546809501630181,0.11962392926216125,6.368002663479442,0.4145378966037593,0.13839202839881182,0.7813984155654907,49,40,0,15,5.697795152664185,5528336,259,0.6132854821235103,218,188,44,38,135,29,27,6,,,,,,,,,,,,,,,,,,,,,,,,,353,63,104,71
ablation,early,2,0.8,ablation,0.5,0,3,2029,w/o dynamic edge attention,0.953125,0.9734905362717633,0.734375,0.975,0.9791666666666666,0.6964285714285714,0.8392857142857143,0.8258928571428572,0.11783657968044281,6.462439426420795,0.30802977149735905,0.1312626422687362,0.9029455780982971,47,39,1,17,4.528329372406006,5180016,270,0.5538326110509209,218,188,44,38,135,29,27,6,,,,,,,,,,,,,,,,,,,,,,,,,353,63,104,71
ablation,early,2,0.8,ablation,0.5,0,3,2029,w/o FedProx term,0.9449218749999999,0.9720773040025303,0.84375,0.975,0.9818181818181818,0.7959183673469388,0.907563025210084,0.8919837597960533,0.13038264214992523,5.712749420126531,0.40501422644206186,0.14021270024554372,0.06916730850934982,54,39,1,10,5.22710919380188,5528336,276,0.6200568797399784,218,188,44,38,135,29,27,6,,,,,,,,,,,,,,,,,,,,,,,,,353,63,104,71
ablation,early,2,0.8,ablation,0.5,0,3,2029,w/o calibrated LR head (GNN logits),0.950390625,0.971552123745705,0.859375,0.95,0.9649122807017544,0.8085106382978723,0.9090909090909091,0.8913270637408568,0.1120358556509018,-0.10408460064137766,3.317606274606559,0.189097927739987,0.5460128784179688,55,38,2,9,5.343210458755493,5448640,276,,218,188,44,38,135,29,27,6,,,,,,,,,,,,,,,,,,,,,,,,,353,63,104,71
ablation,early,2,0.8,ablation,0.5,0,3,2029,"Supervised only (no PL, CAA, proto)",0.9542968749999999,0.974927296616573,0.84375,0.975,0.9818181818181818,0.7959183673469388,0.907563025210084,0.8919837597960533,0.11462485045194626,4.760196309784698,0.32857265541709374,0.12304410513920283,0.2083919495344162,54,39,1,10,3.345870018005371,5507856,0,0.5778033586132179,218,188,44,38,135,29,27,6,,,,,,,,,,,,,,,,,,,,,,,,,353,63,104,71
ablation,early,2,0.8,ablation,0.5,0,4,2030,Full,0.951171875,0.9718646231619765,0.859375,0.875,0.9166666666666666,0.7954545454545454,0.8870967741935484,0.8602150537634409,0.16486875712871552,9.174298380319204,0.18721606542153438,0.1695059508369573,0.004316005390137434,55,35,5,9,5.466552734375,5528336,282,0.5800379198266523,304,196,61,39,49,21,10,4,,,,,,,,,,,,,,,,,,,,,,,,,353,63,104,71
ablation,early,2,0.8,ablation,0.5,0,4,2030,w/o PG-PL gates 2-3 (confidence only),0.9546874999999999,0.9732238321321703,0.78125,0.875,0.9090909090909091,0.7142857142857143,0.8403361344537815,0.8134264941931829,0.1559225171804428,7.65342432999467,0.20247295926885742,0.16231268610415733,0.9577652215957642,50,35,5,14,5.231480836868286,5528336,281,0.5804442036836404,304,196,61,39,49,21,10,4,,,,,,,,,,,,,,,,,,,,,,,,,353,63,104,71
ablation,early,2,0.8,ablation,0.5,0,4,2030,w/o pseudo-labelling,0.948828125,0.969381569627129,0.75,0.925,0.9411764705882353,0.6981132075471698,0.8347826086956521,0.8152407667134174,0.15272101759910583,6.521320507839105,0.19786572886951354,0.16036176636519556,0.9862526059150696,48,37,3,16,5.712442636489868,5528336,0,0.5961538461538461,304,196,61,39,49,21,10,4,,,,,,,,,,,,,,,,,,,,,,,,,353,63,104,71
ablation,early,2,0.8,ablation,0.5,0,4,2030,w/o adaptive graph refinement,0.974609375,0.9836817570681371,0.8125,0.925,0.9454545454545454,0.7551020408163265,0.8739495798319328,0.8527051269946181,0.08775051683187485,2.257712543517875,0.41376137388690715,0.10366575788849822,0.9468381404876709,52,37,3,12,5.324288368225098,5528336,280,0.5042659804983749,304,196,61,39,49,21,10,4,,,,,,,,,,,,,,,,,,,,,,,,,353,63,104,71
ablation,early,2,0.8,ablation,0.5,0,4,2030,w/o clinical-aware augmentation,0.967578125,0.9804731143860579,0.8125,0.925,0.9454545454545454,0.7551020408163265,0.8739495798319328,0.8527051269946181,0.10674785822629929,6.071348678259531,0.24015740532199384,0.11510473454389006,0.808928370475769,52,37,3,12,3.4440269470214844,5528336,282,0.5951381365113759,304,196,61,39,49,21,10,4,,,,,,,,,,,,,,,,,,,,,,,,,353,63,104,71
ablation,early,2,0.8,ablation,0.5,0,4,2030,w/o prototype sharing,0.9535156250000001,0.9730627490634592,0.890625,0.875,0.9193548387096774,0.8333333333333334,0.9047619047619048,0.8792102206736353,0.15894348919391632,8.471511473935212,0.205088280429239,0.16501898024692382,0.00116272724699229,57,35,5,7,5.19978928565979,5507856,275,0.6010969664138678,304,196,61,39,49,21,10,4,,,,,,,,,,,,,,,,,,,,,,,,,353,63,104,71
ablation,early,2,0.8,ablation,0.5,0,4,2030,w/o focal loss (cross-entropy),0.9605468749999999,0.9780332588738494,0.875,0.9,0.9333333333333333,0.8181818181818182,0.9032258064516129,0.880184331797235,0.11306916922330856,5.9723663826671,0.20893763269732088,0.1107871952251746,0.355374276638031,56,36,4,8,5.521596193313599,5528336,282,0.5450975081256771,304,196,61,39,49,21,10,4,,,,,,,,,,,,,,,,,,,,,,,,,353,63,104,71
ablation,early,2,0.8,ablation,0.5,0,4,2030,w/o contrastive loss,0.9617187500000001,0.9786071406324977,0.9375,0.8,0.8823529411764706,0.8888888888888888,0.9090909090909091,0.8755980861244019,0.1087612733244896,3.508812855040174,0.3347215599931603,0.11014961575766882,0.00392584502696991,60,32,8,4,5.29985499382019,5528336,265,0.5453006500541712,304,196,61,39,49,21,10,4,,,,,,,,,,,,,,,,,,,,,,,,,353,63,104,71
ablation,early,2,0.8,ablation,0.5,0,4,2030,w/o class-aware smoothness,0.95078125,0.9751803590234007,0.90625,0.875,0.9206349206349206,0.8536585365853658,0.9133858267716536,0.8887916788179255,0.10071476548910141,4.92772718040569,0.22611059417195975,0.10470959928800139,0.018724758177995682,58,35,5,6,5.203376054763794,5528336,277,0.5813921993499458,304,196,61,39,49,21,10,4,,,,,,,,,,,,,,,,,,,,,,,,,353,63,104,71
ablation,early,2,0.8,ablation,0.5,0,4,2030,w/o dynamic edge attention,0.94921875,0.9719970679190412,0.828125,0.925,0.9464285714285714,0.7708333333333334,0.8833333333333333,0.8621212121212121,0.09606655687093735,2.180761326050329,0.2987474170634723,0.11181217096656418,0.8666884303092957,53,37,3,11,5.022787809371948,5180016,280,0.6132854821235103,304,196,61,39,49,21,10,4,,,,,,,,,,,,,,,,,,,,,,,,,353,63,104,71
ablation,early,2,0.8,ablation,0.5,0,4,2030,w/o FedProx term,0.9527343749999999,0.9725793923366952,0.796875,0.875,0.9107142857142857,0.7291666666666666,0.85,0.8227272727272728,0.1619163602590561,9.185126189275838,0.1874032281929193,0.16812127113763173,0.4973447620868683,51,35,5,13,5.076968193054199,5528336,277,0.5907367280606717,304,196,61,39,49,21,10,4,,,,,,,,,,,,,,,,,,,,,,,,,353,63,104,71
ablation,early,2,0.8,ablation,0.5,0,4,2030,w/o calibrated LR head (GNN logits),0.946875,0.9702823816815336,0.859375,0.875,0.9166666666666666,0.7954545454545454,0.8870967741935484,0.8602150537634409,0.13163314759731293,2.301186529046399,0.7310425514174019,0.1668552137338198,0.13063040375709534,55,35,5,9,4.931116580963135,5448640,282,,304,196,61,39,49,21,10,4,,,,,,,,,,,,,,,,,,,,,,,,,353,63,104,71
ablation,early,2,0.8,ablation,0.5,0,4,2030,"Supervised only (no PL, CAA, proto)",0.9671875,0.9798198642755338,0.78125,0.975,0.9803921568627451,0.7358490566037735,0.8695652173913043,0.8541374474053296,0.11841810494661331,7.876965216267472,0.2210666824045828,0.11107702007687367,0.9413796067237854,50,39,1,14,3.8029181957244873,5507856,0,0.5910752979414952,304,196,61,39,49,21,10,4,,,,,,,,,,,,,,,,,,,,,,,,,353,63,104,71
ablation,early,2,0.8,ablation,0.5,1,0,3026,Full,0.8421875,0.9106232169483408,0.75,0.7,0.8,0.6363636363636364,0.7741935483870968,0.7204301075268817,0.2140062153339386,-1.3780676615780665,0.3620751403216799,0.23435370924954227,0.9013029932975769,48,28,12,16,5.3724236488342285,5528336,272,0.585989010989011,203,182,40,36,150,35,30,7,,,,,,,,,,,,,,,,,,,,,,,,,353,63,104,70
ablation,early,2,0.8,ablation,0.5,1,0,3026,w/o PG-PL gates 2-3 (confidence only),0.870703125,0.9304043646404229,0.71875,0.925,0.9387755102040817,0.6727272727272727,0.8141592920353983,0.7965533302282255,0.1958620250225067,-0.89605789221158,0.41159698085478047,0.20490295382646417,0.9448729157447815,46,37,3,18,5.49683403968811,5528336,272,0.5896978021978022,203,182,40,36,150,35,30,7,,,,,,,,,,,,,,,,,,,,,,,,,353,63,104,70
ablation,early,2,0.8,ablation,0.5,1,0,3026,w/o pseudo-labelling,0.844921875,0.903535971827222,0.875,0.6,0.7777777777777778,0.75,0.8235294117647058,0.7450980392156863,0.18868687748908997,-1.049921462236286,0.32737499897101907,0.1738462371823306,0.5903488993644714,56,24,16,8,5.396448135375977,5528336,0,0.6228021978021978,203,182,40,36,150,35,30,7,,,,,,,,,,,,,,,,,,,,,,,,,353,63,104,70
ablation,early,2,0.8,ablation,0.5,1,0,3026,w/o adaptive graph refinement,0.926171875,0.9595709231904297,0.6875,1.0,1.0,0.6666666666666666,0.8148148148148148,0.8074074074074074,0.12863104045391083,1.6343147475931474,0.3704308499607646,0.13284187430802444,0.8725836277008057,44,40,0,20,5.36861252784729,5528336,275,0.6357142857142857,203,182,40,36,150,35,30,7,,,,,,,,,,,,,,,,,,,,,,,,,353,63,104,70
ablation,early,2,0.8,ablation,0.5,1,0,3026,w/o clinical-aware augmentation,0.917578125,0.9545850107487386,0.71875,0.9,0.92,0.6666666666666666,0.8070175438596491,0.7864874953340799,0.1595173180103302,2.505685543938649,0.3282139341764385,0.1673466510927448,0.7321156859397888,46,36,4,18,3.650722026824951,5528336,270,0.6000686813186814,203,182,40,36,150,35,30,7,,,,,,,,,,,,,,,,,,,,,,,,,353,63,104,70
ablation,early,2,0.8,ablation,0.5,1,0,3026,w/o prototype sharing,0.8890625,0.9379047780513039,0.671875,1.0,1.0,0.6557377049180327,0.8037383177570093,0.7979087628389008,0.160075843334198,-0.7742700977547382,0.513745225635008,0.1434104234929411,0.9650641679763794,43,40,0,21,5.273717164993286,5507856,258,0.5898351648351648,203,182,40,36,150,35,30,7,,,,,,,,,,,,,,,,,,,,,,,,,353,63,104,70
ablation,early,2,0.8,ablation,0.5,1,0,3026,w/o focal loss (cross-entropy),0.900390625,0.944742893629313,0.765625,0.85,0.8909090909090909,0.6938775510204082,0.8235294117647058,0.7937871777924652,0.15208369493484497,1.5592581116707105,0.4331295647702981,0.1560497585540781,0.35063549876213074,49,34,6,15,5.530985116958618,5528336,279,0.6046703296703296,203,182,40,36,150,35,30,7,,,,,,,,,,,,,,,,,,,,,,,,,353,63,104,70
ablation,early,2,0.8,ablation,0.5,1,0,3026,w/o contrastive loss,0.9230468749999999,0.9544467937548845,0.8125,0.9,0.9285714285714286,0.75,0.8666666666666667,0.8424242424242425,0.11148885637521744,0.16116392026188597,0.6449986959013129,0.0932201927420325,0.6151004433631897,52,36,4,12,5.3649303913116455,5528336,272,0.614423076923077,203,182,40,36,150,35,30,7,,,,,,,,,,,,,,,,,,,,,,,,,353,63,104,70
ablation,early,2,0.8,ablation,0.5,1,0,3026,w/o class-aware smoothness,0.919921875,0.9586318781058696,0.765625,1.0,1.0,0.7272727272727273,0.8672566371681416,0.8546809501630181,0.1398654282093048,-0.7154333270326998,0.5568373198571455,0.16985574285857957,0.8926377892494202,49,40,0,15,5.478491306304932,5528336,264,0.5559065934065934,203,182,40,36,150,35,30,7,,,,,,,,,,,,,,,,,,,,,,,,,353,63,104,70
ablation,early,2,0.8,ablation,0.5,1,0,3026,w/o dynamic edge attention,0.896484375,0.9434700128023261,0.71875,0.925,0.9387755102040817,0.6727272727272727,0.8141592920353983,0.7965533302282255,0.1919710636138916,5.494087709559143,0.2909952653776442,0.19995538510220984,0.12780168652534485,46,37,3,18,4.725834846496582,5180016,270,0.5781593406593406,203,182,40,36,150,35,30,7,,,,,,,,,,,,,,,,,,,,,,,,,353,63,104,70
ablation,early,2,0.8,ablation,0.5,1,0,3026,w/o FedProx term,0.8796875,0.9337884254319406,0.71875,0.925,0.9387755102040817,0.6727272727272727,0.8141592920353983,0.7965533302282255,0.17362080514431,-1.1729197691859685,0.4968538395138934,0.15447152491945493,0.9451104998588562,46,37,3,18,5.518927812576294,5528336,272,0.5921703296703297,203,182,40,36,150,35,30,7,,,,,,,,,,,,,,,,,,,,,,,,,353,63,104,70
ablation,early,2,0.8,ablation,0.5,1,0,3026,w/o calibrated LR head (GNN logits),0.8980468750000001,0.9451697787051487,0.71875,0.95,0.9583333333333334,0.6785714285714286,0.8214285714285714,0.8065476190476191,0.16660040616989136,-0.5207168676329178,3.884869568960685,0.19675667612598494,0.7290541529655457,46,38,2,18,4.849888324737549,5448640,272,,203,182,40,36,150,35,30,7,,,,,,,,,,,,,,,,,,,,,,,,,353,63,104,70
ablation,early,2,0.8,ablation,0.5,1,0,3026,"Supervised only (no PL, CAA, proto)",0.9117187499999999,0.9506384914183481,0.78125,0.875,0.9090909090909091,0.7142857142857143,0.8403361344537815,0.8134264941931829,0.1603861153125763,1.8889967612188396,0.2776400095295556,0.15893578072651646,0.3393850028514862,50,35,5,14,3.3571267127990723,5507856,0,0.6410714285714286,203,182,40,36,150,35,30,7,,,,,,,,,,,,,,,,,,,,,,,,,353,63,104,70
ablation,early,2,0.8,ablation,0.5,1,1,3027,Full,0.9390625,0.9686768622367234,0.78125,0.925,0.9433962264150944,0.7254901960784313,0.8547008547008547,0.8339438339438339,0.12360717356204987,3.841396608860657,0.3441184598141204,0.13221252855146304,0.8900530934333801,50,37,3,14,5.768560409545898,5528336,268,0.6190934065934065,21,11,4,2,332,206,66,41,,,,,,,,,,,,,,,,,,,,,,,,,353,63,104,70
ablation,early,2,0.8,ablation,0.5,1,1,3027,w/o PG-PL gates 2-3 (confidence only),0.938671875,0.968647126551331,0.78125,0.925,0.9433962264150944,0.7254901960784313,0.8547008547008547,0.8339438339438339,0.13233956694602966,5.5249961630674465,0.2697724124053635,0.14061117858643857,0.9360635876655579,50,37,3,14,5.342926979064941,5528336,272,0.6163461538461539,21,11,4,2,332,206,66,41,,,,,,,,,,,,,,,,,,,,,,,,,353,63,104,70
ablation,early,2,0.8,ablation,0.5,1,1,3027,w/o pseudo-labelling,0.9429687499999999,0.9717273787911817,0.828125,0.925,0.9464285714285714,0.7708333333333334,0.8833333333333333,0.8621212121212121,0.1244773343205452,7.843858755362486,0.2514794051943963,0.12356081214518504,0.5528011918067932,53,37,3,11,5.468526124954224,5528336,0,0.576098901098901,21,11,4,2,332,206,66,41,,,,,,,,,,,,,,,,,,,,,,,,,353,63,104,70
ablation,early,2,0.8,ablation,0.5,1,1,3027,w/o adaptive graph refinement,0.916015625,0.9565398960350141,0.828125,0.825,0.8833333333333333,0.75,0.8548387096774194,0.8202764976958525,0.1462801992893219,5.575840310241711,0.2015925009834307,0.15210500670274574,0.03690057620406151,53,33,7,11,5.680714845657349,5528336,217,0.5933379120879121,21,11,4,2,332,206,66,41,,,,,,,,,,,,,,,,,,,,,,,,,353,63,104,70
ablation,early,2,0.8,ablation,0.5,1,1,3027,w/o clinical-aware augmentation,0.93515625,0.9667188176003529,0.90625,0.9,0.9354838709677419,0.8571428571428571,0.9206349206349206,0.8993418505613627,0.11993516236543655,4.945861411194388,0.25365776061980544,0.12254325559255311,0.014360768720507622,58,36,4,6,3.5936343669891357,5528336,263,0.6063186813186814,21,11,4,2,332,206,66,41,,,,,,,,,,,,,,,,,,,,,,,,,353,63,104,70
ablation,early,2,0.8,ablation,0.5,1,1,3027,w/o prototype sharing,0.94296875,0.9705197954440763,0.78125,0.925,0.9433962264150944,0.7254901960784313,0.8547008547008547,0.8339438339438339,0.12206472456455231,4.279246344094913,0.32041803594090495,0.13233909169391084,0.8895717263221741,50,37,3,14,5.320703029632568,5507856,267,0.6135302197802198,21,11,4,2,332,206,66,41,,,,,,,,,,,,,,,,,,,,,,,,,353,63,104,70
ablation,early,2,0.8,ablation,0.5,1,1,3027,w/o focal loss (cross-entropy),0.9437500000000001,0.9721451114217723,0.859375,0.925,0.9482758620689655,0.8043478260869565,0.9016393442622951,0.8810522302706825,0.13531292974948883,9.999994617381253,0.27372355592172204,0.14365028829958576,0.04759521037340164,55,37,3,9,5.395235300064087,5528336,282,0.5361263736263735,21,11,4,2,332,206,66,41,,,,,,,,,,,,,,,,,,,,,,,,,353,63,104,70
ablation,early,2,0.8,ablation,0.5,1,1,3027,w/o contrastive loss,0.9164062500000001,0.9571347104888908,0.796875,0.9,0.9272727272727272,0.7346938775510204,0.8571428571428571,0.8330658105939004,0.14902006089687347,4.1625337667379165,0.20974721912381672,0.15614583629828233,0.26565325260162354,51,36,4,13,5.501798391342163,5528336,240,0.5915521978021978,21,11,4,2,332,206,66,41,,,,,,,,,,,,,,,,,,,,,,,,,353,63,104,70
ablation,early,2,0.8,ablation,0.5,1,1,3027,w/o class-aware smoothness,0.9460937500000001,0.9721561856936715,0.859375,0.925,0.9482758620689655,0.8043478260869565,0.9016393442622951,0.8810522302706825,0.12316452711820602,7.833106367131143,0.244398008977322,0.12894890347244936,0.22163525223731995,55,37,3,9,5.228366136550903,5528336,280,0.5543956043956043,21,11,4,2,332,206,66,41,,,,,,,,,,,,,,,,,,,,,,,,,353,63,104,70
ablation,early,2,0.8,ablation,0.5,1,1,3027,w/o dynamic edge attention,0.9367187499999999,0.9683376927404641,0.90625,0.775,0.8656716417910447,0.8378378378378378,0.8854961832061069,0.8453454942004561,0.11851005256175995,3.9694080792242072,0.3213453856953042,0.12893855770324503,0.00601203553378582,58,31,9,6,4.386200904846191,5180016,266,0.615521978021978,21,11,4,2,332,206,66,41,,,,,,,,,,,,,,,,,,,,,,,,,353,63,104,70
ablation,early,2,0.8,ablation,0.5,1,1,3027,w/o FedProx term,0.9390625,0.9689654909533516,0.78125,0.925,0.9433962264150944,0.7254901960784313,0.8547008547008547,0.8339438339438339,0.12614960968494415,4.829441231999579,0.28945659936314627,0.13654416798649785,0.9378215074539185,50,37,3,14,5.221648454666138,5528336,270,0.6100961538461539,21,11,4,2,332,206,66,41,,,,,,,,,,,,,,,,,,,,,,,,,353,63,104,70
ablation,early,2,0.8,ablation,0.5,1,1,3027,w/o calibrated LR head (GNN logits),0.946484375,0.9715308881773614,0.8125,0.925,0.9454545454545454,0.7551020408163265,0.8739495798319328,0.8527051269946181,0.0930728167295456,0.6945639533162739,0.9831309189272454,0.08409196188530096,0.6258520483970642,52,37,3,12,5.794450283050537,5448640,268,,21,11,4,2,332,206,66,41,,,,,,,,,,,,,,,,,,,,,,,,,353,63,104,70
ablation,early,2,0.8,ablation,0.5,1,1,3027,"Supervised only (no PL, CAA, proto)",0.93203125,0.9653570301452726,0.828125,0.925,0.9464285714285714,0.7708333333333334,0.8833333333333333,0.8621212121212121,0.11903686076402664,4.9614511401496975,0.22889439616226825,0.12935491926439752,0.636915922164917,53,37,3,11,3.922459602355957,5507856,0,0.5986263736263736,21,11,4,2,332,206,66,41,,,,,,,,,,,,,,,,,,,,,,,,,353,63,104,70
ablation,early,2,0.8,ablation,0.5,1,2,3028,Full,0.9523437499999999,0.9711421483860282,0.921875,0.875,0.921875,0.875,0.921875,0.8984375,0.13362190127372742,6.668408498476387,0.2645063104340034,0.13916388329100582,0.0012603423092514277,59,35,5,5,5.425426006317139,5528336,268,0.6227654387865657,60,54,12,11,293,163,59,33,,,,,,,,,,,,,,,,,,,,,,,,,353,63,104,71
ablation,early,2,0.8,ablation,0.5,1,2,3028,w/o PG-PL gates 2-3 (confidence only),0.954296875,0.9724000131068473,0.921875,0.875,0.921875,0.875,0.921875,0.8984375,0.12856219708919525,7.239822191884427,0.26144226056193903,0.13676708808186683,0.0008521114359609783,59,35,5,5,5.465817451477051,5528336,267,0.6043472372697726,60,54,12,11,293,163,59,33,,,,,,,,,,,,,,,,,,,,,,,,,353,63,104,71
ablation,early,2,0.8,ablation,0.5,1,2,3028,w/o pseudo-labelling,0.9613281250000001,0.9750434866905386,0.96875,0.8,0.8857142857142857,0.9411764705882353,0.9253731343283582,0.8951189995966116,0.1233375072479248,5.464639057810849,0.29980788610930625,0.12650027272936246,0.00014417404599953443,62,32,8,2,5.201128721237183,5528336,0,0.6396939328277356,60,54,12,11,293,163,59,33,,,,,,,,,,,,,,,,,,,,,,,,,353,63,104,71
ablation,early,2,0.8,ablation,0.5,1,2,3028,w/o adaptive graph refinement,0.9652343750000001,0.978010668763431,0.9375,0.9,0.9375,0.9,0.9375,0.91875,0.10467305779457092,2.9594307127927726,0.4032225847778092,0.11736629456460765,0.05819990485906601,60,36,4,4,5.408609390258789,5528336,221,0.5844393282773565,60,54,12,11,293,163,59,33,,,,,,,,,,,,,,,,,,,,,,,,,353,63,104,71
ablation,early,2,0.8,ablation,0.5,1,2,3028,w/o clinical-aware augmentation,0.96171875,0.9771597652279199,0.875,0.9,0.9333333333333333,0.8181818181818182,0.9032258064516129,0.880184331797235,0.10684355348348618,4.301470172490354,0.409589711130822,0.1129887862883222,0.07779791206121445,56,36,4,8,3.719914674758911,5528336,263,0.6268959913326111,60,54,12,11,293,163,59,33,,,,,,,,,,,,,,,,,,,,,,,,,353,63,104,71
ablation,early,2,0.8,ablation,0.5,1,2,3028,w/o prototype sharing,0.9503906249999999,0.9705142373164843,0.90625,0.9,0.9354838709677419,0.8571428571428571,0.9206349206349206,0.8993418505613627,0.13698509335517883,7.030451799736101,0.26853466770872897,0.14293009332434922,0.0016061264323070645,58,36,4,6,5.7330641746521,5507856,266,0.6211403033586133,60,54,12,11,293,163,59,33,,,,,,,,,,,,,,,,,,,,,,,,,353,63,104,71
ablation,early,2,0.8,ablation,0.5,1,2,3028,w/o focal loss (cross-entropy),0.95703125,0.9690455442828546,0.859375,0.95,0.9649122807017544,0.8085106382978723,0.9090909090909091,0.8913270637408568,0.12329037487506866,7.181667427381599,0.285268679309652,0.13125782861159402,0.019341299310326576,55,38,2,9,5.367915630340576,5528336,282,0.5758396533044421,60,54,12,11,293,163,59,33,,,,,,,,,,,,,,,,,,,,,,,,,353,63,104,71
ablation,early,2,0.8,ablation,0.5,1,2,3028,w/o contrastive loss,0.9617187500000001,0.9778038400521424,0.890625,0.925,0.95,0.8409090909090909,0.9193548387096774,0.9001536098310292,0.13573013246059418,4.238430115232427,0.3874347518247361,0.14045577302861673,0.024827998131513596,57,37,3,7,5.364054203033447,5528336,261,0.5846424702058505,60,54,12,11,293,163,59,33,,,,,,,,,,,,,,,,,,,,,,,,,353,63,104,71
ablation,early,2,0.8,ablation,0.5,1,2,3028,w/o class-aware smoothness,0.9691406250000001,0.9787899823301965,0.96875,0.825,0.8985507246376812,0.9428571428571428,0.9323308270676691,0.9061654135338346,0.13211552798748016,7.840672434008855,0.35630049643220335,0.13622178218233436,2.2061765776015818e-05,62,33,7,2,5.32820200920105,5528336,270,0.5849133261105092,60,54,12,11,293,163,59,33,,,,,,,,,,,,,,,,,,,,,,,,,353,63,104,71
ablation,early,2,0.8,ablation,0.5,1,2,3028,w/o dynamic edge attention,0.955859375,0.9715742700560661,0.96875,0.775,0.8732394366197183,0.9393939393939394,0.9185185185185185,0.8839167935058345,0.11509065330028534,2.652306475903751,0.31740952224612934,0.12148156930477577,0.0017143565928563476,62,31,9,2,5.764277696609497,5180016,280,0.5912784398699892,60,54,12,11,293,163,59,33,,,,,,,,,,,,,,,,,,,,,,,,,353,63,104,71
ablation,early,2,0.8,ablation,0.5,1,2,3028,w/o FedProx term,0.951953125,0.9703965867987663,0.921875,0.875,0.921875,0.875,0.921875,0.8984375,0.12954756617546082,5.1540004387189855,0.29978105996523347,0.13991528753943455,0.004434341564774513,59,35,5,5,5.580922365188599,5528336,267,0.6237134344528711,60,54,12,11,293,163,59,33,,,,,,,,,,,,,,,,,,,,,,,,,353,63,104,71
ablation,early,2,0.8,ablation,0.5,1,2,3028,w/o calibrated LR head (GNN logits),0.95703125,0.9731452791308115,0.9375,0.875,0.9230769230769231,0.8974358974358975,0.9302325581395349,0.9081542537533117,0.07858756184577942,0.24725655426478665,1.3174508103980924,0.10364533817538847,0.35974058508872986,60,35,5,4,5.134101867675781,5448640,268,,60,54,12,11,293,163,59,33,,,,,,,,,,,,,,,,,,,,,,,,,353,63,104,71
ablation,early,2,0.8,ablation,0.5,1,2,3028,"Supervised only (no PL, CAA, proto)",0.9609375,0.9756577222899131,0.84375,0.975,0.9818181818181818,0.7959183673469388,0.907563025210084,0.8919837597960533,0.09992992132902145,2.9780315357804614,0.48439319391735947,0.10475750657944727,0.5523585677146912,54,39,1,10,3.539734363555908,5507856,0,0.641522210184182,60,54,12,11,293,163,59,33,,,,,,,,,,,,,,,,,,,,,,,,,353,63,104,71
ablation,early,2,0.8,ablation,0.5,1,3,3029,Full,0.9707031250000001,0.9817801010970166,0.890625,0.95,0.9661016949152542,0.8444444444444444,0.926829268292683,0.9104734576757533,0.09286919236183167,4.390163955354759,0.31683955604826053,0.09404954274829765,0.13753364980220795,57,38,2,7,5.644322395324707,5528336,276,0.5824652777777778,251,173,51,35,102,44,21,9,,,,,,,,,,,,,,,,,,,,,,,,,353,63,104,72
ablation,early,2,0.8,ablation,0.5,1,3,3029,w/o PG-PL gates 2-3 (confidence only),0.9703125,0.9818104521884451,0.921875,0.85,0.9076923076923077,0.8717948717948718,0.9147286821705426,0.8877440879207144,0.09019910544157028,3.8788146702210966,0.3214596320282461,0.09229847729707566,0.02909339778125286,59,34,6,5,5.418002605438232,5528336,277,0.5748530982905983,251,173,51,35,102,44,21,9,,,,,,,,,,,,,,,,,,,,,,,,,353,63,104,72
ablation,early,2,0.8,ablation,0.5,1,3,3029,w/o pseudo-labelling,0.960546875,0.9747923431581796,0.921875,0.825,0.8939393939393939,0.868421052631579,0.9076923076923077,0.8769230769230769,0.12111210823059082,5.408749065183034,0.2514956539365335,0.12519412341778385,0.0008599733700975776,59,33,7,5,5.627381801605225,5528336,0,0.5459401709401709,251,173,51,35,102,44,21,9,,,,,,,,,,,,,,,,,,,,,,,,,353,63,104,72
ablation,early,2,0.8,ablation,0.5,1,3,3029,w/o adaptive graph refinement,0.9710937500000001,0.9819248864836718,0.875,0.95,0.9655172413793104,0.8260869565217391,0.9180327868852459,0.900876858558902,0.08264514058828354,1.4727478949740553,0.4302489219073765,0.07690537120931998,0.7941181659698486,56,38,2,8,5.493291139602661,5528336,269,0.49959935897435903,251,173,51,35,102,44,21,9,,,,,,,,,,,,,,,,,,,,,,,,,353,63,104,72
ablation,early,2,0.8,ablation,0.5,1,3,3029,w/o clinical-aware augmentation,0.97421875,0.9841716050765736,0.875,0.95,0.9655172413793104,0.8260869565217391,0.9180327868852459,0.900876858558902,0.09401579946279526,6.873782409757011,0.2456085656625251,0.09742538655140937,0.2274237424135208,56,38,2,8,3.3875434398651123,5528336,266,0.6128472222222222,251,173,51,35,102,44,21,9,,,,,,,,,,,,,,,,,,,,,,,,,353,63,104,72
ablation,early,2,0.8,ablation,0.5,1,3,3029,w/o prototype sharing,0.9640624999999999,0.9787899037140284,0.8125,0.95,0.9629629629629629,0.76,0.8813559322033898,0.8629001883239171,0.09591568261384964,6.8643644821696865,0.2299119401543746,0.09991806428073546,0.9828108549118042,52,38,2,12,5.707716941833496,5507856,269,0.5068108974358974,251,173,51,35,102,44,21,9,,,,,,,,,,,,,,,,,,,,,,,,,353,63,104,72
ablation,early,2,0.8,ablation,0.5,1,3,3029,w/o focal loss (cross-entropy),0.9675781250000001,0.9798918147702766,0.8125,0.95,0.9629629629629629,0.76,0.8813559322033898,0.8629001883239171,0.0881677195429802,4.385497833014444,0.26316763078155586,0.09147142378899914,0.9600954055786133,52,38,2,12,5.256975412368774,5528336,278,0.5424011752136753,251,173,51,35,102,44,21,9,,,,,,,,,,,,,,,,,,,,,,,,,353,63,104,72
ablation,early,2,0.8,ablation,0.5,1,3,3029,w/o contrastive loss,0.951953125,0.9662049697528545,0.90625,0.85,0.90625,0.85,0.90625,0.878125,0.09049226343631744,2.8711008755090033,0.3439482988416784,0.09642132149579437,0.03519600257277489,58,34,6,6,5.2596423625946045,5528336,275,0.5030715811965812,251,173,51,35,102,44,21,9,,,,,,,,,,,,,,,,,,,,,,,,,353,63,104,72
ablation,early,2,0.8,ablation,0.5,1,3,3029,w/o class-aware smoothness,0.971484375,0.9832286240345338,0.8125,0.95,0.9629629629629629,0.76,0.8813559322033898,0.8629001883239171,0.09111237525939941,4.020337947211062,0.2693906204001035,0.10271655687113078,0.9708588719367981,52,38,2,12,5.5323615074157715,5528336,261,0.5645032051282051,251,173,51,35,102,44,21,9,,,,,,,,,,,,,,,,,,,,,,,,,353,63,104,72
ablation,early,2,0.8,ablation,0.5,1,3,3029,w/o dynamic edge attention,0.9498046875,0.9486739284071302,0.859375,0.95,0.9649122807017544,0.8085106382978723,0.9090909090909091,0.8913270637408568,0.11042030155658722,7.337990900668816,0.22431906482214098,0.11050577495524731,0.08350260555744171,55,38,2,9,5.371562480926514,5180016,280,0.5372596153846153,251,173,51,35,102,44,21,9,,,,,,,,,,,,,,,,,,,,,,,,,353,63,104,72
ablation,early,2,0.8,ablation,0.5,1,3,3029,w/o FedProx term,0.968359375,0.9803033445013885,0.90625,0.875,0.9206349206349206,0.8536585365853658,0.9133858267716536,0.8887916788179255,0.09503410756587982,3.549366369387432,0.36916925476000284,0.105997214326635,0.04566231742501259,58,35,5,6,5.358586072921753,5528336,276,0.5608974358974359,251,173,51,35,102,44,21,9,,,,,,,,,,,,,,,,,,,,,,,,,353,63,104,72
ablation,early,2,0.8,ablation,0.5,1,3,3029,w/o calibrated LR head (GNN logits),0.969921875,0.9813238257824978,0.890625,0.95,0.9661016949152542,0.8444444444444444,0.926829268292683,0.9104734576757533,0.06687372177839279,-0.40145503206469785,1.256364427454552,0.058401801121922635,0.7151585221290588,57,38,2,7,5.197566032409668,5448640,276,,251,173,51,35,102,44,21,9,,,,,,,,,,,,,,,,,,,,,,,,,353,63,104,72
ablation,early,2,0.8,ablation,0.5,1,3,3029,"Supervised only (no PL, CAA, proto)",0.96328125,0.9784087713994707,0.890625,0.95,0.9661016949152542,0.8444444444444444,0.926829268292683,0.9104734576757533,0.09321634471416473,6.535102111482901,0.2212441725140769,0.09852572923185877,0.03626696765422821,57,38,2,7,3.859865665435791,5507856,0,0.5795940170940171,251,173,51,35,102,44,21,9,,,,,,,,,,,,,,,,,,,,,,,,,353,63,104,72
ablation,early,2,0.8,ablation,0.5,1,4,3030,Full,0.9703124999999999,0.9827533455498196,0.875,0.95,0.9655172413793104,0.8260869565217391,0.9180327868852459,0.900876858558902,0.09129375964403152,1.8812601871674315,0.37944381506502783,0.09144728860029808,0.8768873810768127,56,38,2,8,5.579526901245117,5528336,266,0.6098214285714285,173,157,34,31,180,60,36,12,,,,,,,,,,,,,,,,,,,,,,,,,353,63,104,70
ablation,early,2,0.8,ablation,0.5,1,4,3030,w/o PG-PL gates 2-3 (confidence only),0.9640624999999999,0.9796324718410128,0.828125,0.95,0.9636363636363636,0.7755102040816326,0.8907563025210085,0.8723444433953357,0.09356541931629181,2.5256970035209125,0.33144154003852766,0.09296580866570225,0.8963920474052429,53,38,2,11,5.431979179382324,5528336,268,0.6061126373626373,173,157,34,31,180,60,36,12,,,,,,,,,,,,,,,,,,,,,,,,,353,63,104,70
ablation,early,2,0.8,ablation,0.5,1,4,3030,w/o pseudo-labelling,0.94921875,0.9706876537258449,0.8125,0.95,0.9629629629629629,0.76,0.8813559322033898,0.8629001883239171,0.09734083712100983,0.7840445268585994,0.5349337417611292,0.09476934402034833,0.827002763748169,52,38,2,12,5.946960210800171,5528336,0,0.6289148351648352,173,157,34,31,180,60,36,12,,,,,,,,,,,,,,,,,,,,,,,,,353,63,104,70
ablation,early,2,0.8,ablation,0.5,1,4,3030,w/o adaptive graph refinement,0.9386718750000002,0.9672155883527539,0.78125,0.95,0.9615384615384616,0.7307692307692307,0.8620689655172413,0.8440779610194902,0.1084129810333252,0.5725854449806442,0.3296946148751616,0.107176418031136,0.9502617120742798,50,38,2,14,5.79725456237793,5528336,271,0.6228021978021977,173,157,34,31,180,60,36,12,,,,,,,,,,,,,,,,,,,,,,,,,353,63,104,70
ablation,early,2,0.8,ablation,0.5,1,4,3030,w/o clinical-aware augmentation,0.9546875,0.974770439839317,0.796875,0.95,0.9622641509433962,0.7450980392156863,0.8717948717948718,0.8534798534798536,0.09543701261281967,2.63383938963467,0.3599884872069034,0.10160892886611131,0.8808816075325012,51,38,2,13,4.405389070510864,5528336,254,0.6176510989010989,173,157,34,31,180,60,36,12,,,,,,,,,,,,,,,,,,,,,,,,,353,63,104,70
ablation,early,2,0.8,ablation,0.5,1,4,3030,w/o prototype sharing,0.94921875,0.9722161792211584,0.796875,0.975,0.9807692307692307,0.75,0.8793103448275862,0.8635682158920539,0.08793895691633224,0.5535265607116083,0.5589224448630216,0.0873825359516419,0.9085884094238281,51,39,1,13,5.4676737785339355,5507856,264,0.6315247252747253,173,157,34,31,180,60,36,12,,,,,,,,,,,,,,,,,,,,,,,,,353,63,104,70
ablation,early,2,0.8,ablation,0.5,1,4,3030,w/o focal loss (cross-entropy),0.956640625,0.9758705064866062,0.8125,0.95,0.9629629629629629,0.76,0.8813559322033898,0.8629001883239171,0.11841128766536713,3.8763374956176704,0.3460399654333539,0.12218100760275355,0.7665428519248962,52,38,2,12,5.945908308029175,5528336,277,0.6215659340659342,173,157,34,31,180,60,36,12,,,,,,,,,,,,,,,,,,,,,,,,,353,63,104,70
ablation,early,2,0.8,ablation,0.5,1,4,3030,w/o contrastive loss,0.935546875,0.9630182989637737,0.859375,0.9,0.9322033898305084,0.8,0.8943089430894309,0.8706838833094213,0.10183867067098618,0.25347175703127184,0.43469494763108274,0.11915803263680297,0.76378333568573,55,36,4,9,5.414827823638916,5528336,269,0.6355769230769232,173,157,34,31,180,60,36,12,,,,,,,,,,,,,,,,,,,,,,,,,353,63,104,70
ablation,early,2,0.8,ablation,0.5,1,4,3030,w/o class-aware smoothness,0.975390625,0.9861400238502941,0.921875,0.925,0.9516129032258065,0.8809523809523809,0.9365079365079365,0.9194734804490903,0.0644541084766388,2.063555762921948,0.5191831318871514,0.07446540225870336,0.27669277787208557,59,37,3,5,5.076315402984619,5528336,274,0.6063186813186813,173,157,34,31,180,60,36,12,,,,,,,,,,,,,,,,,,,,,,,,,353,63,104,70
ablation,early,2,0.8,ablation,0.5,1,4,3030,w/o dynamic edge attention,0.9535156250000001,0.9740181652399738,0.765625,0.95,0.9607843137254902,0.7169811320754716,0.8521739130434782,0.8346891070593736,0.1114853173494339,3.550303294687736,0.3128304395459613,0.11490244805239715,0.9569702744483948,49,38,2,15,4.56974458694458,5180016,278,0.6533653846153846,173,157,34,31,180,60,36,12,,,,,,,,,,,,,,,,,,,,,,,,,353,63,104,70
ablation,early,2,0.8,ablation,0.5,1,4,3030,w/o FedProx term,0.962890625,0.9787646650608015,0.90625,0.825,0.8923076923076924,0.8461538461538461,0.8992248062015504,0.867333922088117,0.0937921553850174,3.0741493299568434,0.3019173115484895,0.0878995322676089,0.01266778726130724,58,33,7,6,5.987782955169678,5528336,266,0.6294642857142857,173,157,34,31,180,60,36,12,,,,,,,,,,,,,,,,,,,,,,,,,353,63,104,70
ablation,early,2,0.8,ablation,0.5,1,4,3030,w/o calibrated LR head (GNN logits),0.9617187500000001,0.9787646998306323,0.90625,0.8,0.8787878787878788,0.8421052631578947,0.8923076923076924,0.8564102564102565,0.10492818057537079,-0.20365676051598136,2.5609700975714347,0.16203802824020383,0.5357018113136292,58,32,8,6,5.0830302238464355,5448640,266,,173,157,34,31,180,60,36,12,,,,,,,,,,,,,,,,,,,,,,,,,353,63,104,70
ablation,early,2,0.8,ablation,0.5,1,4,3030,"Supervised only (no PL, CAA, proto)",0.94765625,0.9723138058272521,0.78125,0.95,0.9615384615384616,0.7307692307692307,0.8620689655172413,0.8440779610194902,0.0893363431096077,2.6485845545603888,0.32922068740794797,0.09452113902303748,0.9348689317703247,50,38,2,14,4.031765460968018,5507856,0,0.648695054945055,173,157,34,31,180,60,36,12,,,,,,,,,,,,,,,,,,,,,,,,,353,63,104,70
ablation,early,2,0.8,ablation,0.5,2,0,4026,Full,0.953125,0.975708550603875,0.890625,0.875,0.9193548387096774,0.8333333333333334,0.9047619047619048,0.8792102206736353,0.09786948561668396,-0.7181791795968406,0.43079596382508334,0.10236067945907752,0.6123998165130615,57,35,5,7,6.161588907241821,5528336,262,0.6342032967032967,231,105,46,21,122,112,24,22,,,,,,,,,,,,,,,,,,,,,,,,,353,63,104,70
ablation,early,2,0.8,ablation,0.5,2,0,4026,w/o PG-PL gates 2-3 (confidence only),0.9515625000000001,0.9750801743047921,0.890625,0.925,0.95,0.8409090909090909,0.9193548387096774,0.9001536098310292,0.10244710743427277,-0.787892347801474,0.45355597751402393,0.10614064758500225,0.8135813474655151,57,37,3,7,5.631000995635986,5528336,262,0.6354395604395604,231,105,46,21,122,112,24,22,,,,,,,,,,,,,,,,,,,,,,,,,353,63,104,70
ablation,early,2,0.8,ablation,0.5,2,0,4026,w/o pseudo-labelling,0.940625,0.969299278936065,0.84375,0.975,0.9818181818181818,0.7959183673469388,0.907563025210084,0.8919837597960533,0.11350415647029877,-0.3287086468990698,0.42756766299571136,0.11576512181916487,0.888422966003418,54,39,1,10,6.158590078353882,5528336,0,0.6320741758241758,231,105,46,21,122,112,24,22,,,,,,,,,,,,,,,,,,,,,,,,,353,63,104,70
ablation,early,2,0.8,ablation,0.5,2,0,4026,w/o adaptive graph refinement,0.953125,0.974939919824138,0.890625,0.925,0.95,0.8409090909090909,0.9193548387096774,0.9001536098310292,0.08509350568056107,-0.18701800219929038,0.47144069000404537,0.09226817325151598,0.6170853972434998,57,37,3,7,5.407609939575195,5528336,253,0.5829670329670329,231,105,46,21,122,112,24,22,,,,,,,,,,,,,,,,,,,,,,,,,353,63,104,70
ablation,early,2,0.8,ablation,0.5,2,0,4026,w/o clinical-aware augmentation,0.9539062500000001,0.9760233613921092,0.890625,0.85,0.9047619047619048,0.8292682926829268,0.8976377952755905,0.8685719840575483,0.08891560137271881,1.396832446405566,0.42033180682807997,0.0835014946687107,0.1696079820394516,57,34,6,7,3.7800440788269043,5528336,251,0.6421703296703296,231,105,46,21,122,112,24,22,,,,,,,,,,,,,,,,,,,,,,,,,353,63,104,70
ablation,early,2,0.8,ablation,0.5,2,0,4026,w/o prototype sharing,0.95078125,0.9746233916129898,0.875,0.95,0.9655172413793104,0.8260869565217391,0.9180327868852459,0.900876858558902,0.11225509643554688,-1.1276411354492135,0.41949965553276464,0.12091658166788803,0.9188020825386047,56,38,2,8,5.764400005340576,5507856,256,0.6128434065934065,231,105,46,21,122,112,24,22,,,,,,,,,,,,,,,,,,,,,,,,,353,63,104,70
ablation,early,2,0.8,ablation,0.5,2,0,4026,w/o focal loss (cross-entropy),0.94765625,0.974002347419321,0.875,0.925,0.9491525423728814,0.8222222222222222,0.9105691056910569,0.8905786704925873,0.08685921877622604,-0.07936142489365507,0.411853320297786,0.07450904437931828,0.5881157517433167,56,37,3,8,5.33419132232666,5528336,276,0.5824175824175823,231,105,46,21,122,112,24,22,,,,,,,,,,,,,,,,,,,,,,,,,353,63,104,70
ablation,early,2,0.8,ablation,0.5,2,0,4026,w/o contrastive loss,0.94453125,0.9711451931338302,0.875,0.925,0.9491525423728814,0.8222222222222222,0.9105691056910569,0.8905786704925873,0.09272202849388123,1.097860952855745,0.42364071009644955,0.09823616020954573,0.35747361183166504,56,37,3,8,5.252094507217407,5528336,262,0.634065934065934,231,105,46,21,122,112,24,22,,,,,,,,,,,,,,,,,,,,,,,,,353,63,104,70
ablation,early,2,0.8,ablation,0.5,2,0,4026,w/o class-aware smoothness,0.9550781250000001,0.9747153285771337,0.953125,0.825,0.8970588235294118,0.9166666666666666,0.9242424242424242,0.8963317384370015,0.10161738842725754,3.419131350033138,0.33095869907659514,0.10988448652474642,0.0027772895991802216,61,33,7,3,5.856924533843994,5528336,271,0.5938873626373626,231,105,46,21,122,112,24,22,,,,,,,,,,,,,,,,,,,,,,,,,353,63,104,70
ablation,early,2,0.8,ablation,0.5,2,0,4026,w/o dynamic edge attention,0.9640625000000002,0.9819996487827003,0.90625,0.925,0.9508196721311475,0.8604651162790697,0.928,0.9097831325301204,0.07321136444807053,-0.5117116879500946,0.5902967297393037,0.06612440370596373,0.7334133982658386,58,37,3,6,5.063271760940552,5180016,273,0.5904532967032967,231,105,46,21,122,112,24,22,,,,,,,,,,,,,,,,,,,,,,,,,353,63,104,70
ablation,early,2,0.8,ablation,0.5,2,0,4026,w/o FedProx term,0.951171875,0.9744683405729915,0.890625,0.9,0.9344262295081968,0.8372093023255814,0.912,0.8897349397590362,0.10018596053123474,-0.7978806126890434,0.4397145236210497,0.10566539766911703,0.6521384119987488,57,36,4,7,5.967319488525391,5528336,262,0.6233516483516484,231,105,46,21,122,112,24,22,,,,,,,,,,,,,,,,,,,,,,,,,353,63,104,70
ablation,early,2,0.8,ablation,0.5,2,0,4026,w/o calibrated LR head (GNN logits),0.962890625,0.9812553581631531,0.890625,0.925,0.95,0.8409090909090909,0.9193548387096774,0.9001536098310292,0.0923537015914917,-0.11878558934487238,2.336111617432093,0.14100286292915162,0.576685905456543,57,37,3,7,4.669081211090088,5448640,262,,231,105,46,21,122,112,24,22,,,,,,,,,,,,,,,,,,,,,,,,,353,63,104,70
ablation,early,2,0.8,ablation,0.5,2,0,4026,"Supervised only (no PL, CAA, proto)",0.950390625,0.9731582481091747,0.921875,0.875,0.921875,0.875,0.921875,0.8984375,0.08421140164136887,1.2911711895517406,0.3583875393455002,0.07387362133998138,0.1244441568851471,59,35,5,5,3.7052218914031982,5507856,0,0.6389423076923076,231,105,46,21,122,112,24,22,,,,,,,,,,,,,,,,,,,,,,,,,353,63,104,70
ablation,early,2,0.8,ablation,0.5,2,1,4027,Full,0.947265625,0.9635885383257373,0.890625,0.85,0.9047619047619048,0.8292682926829268,0.8976377952755905,0.8685719840575483,0.1531277596950531,5.162023720944832,0.31484883019773297,0.15464707917103976,0.007894777692854404,57,34,6,7,5.612657308578491,5528336,276,0.604945054945055,203,121,40,24,150,96,30,19,,,,,,,,,,,,,,,,,,,,,,,,,353,63,104,70
ablation,early,2,0.8,ablation,0.5,2,1,4027,w/o PG-PL gates 2-3 (confidence only),0.9417968750000001,0.9598925674627332,0.8125,0.9,0.9285714285714286,0.75,0.8666666666666667,0.8424242424242425,0.15905238687992096,9.99999335625205,0.1860754974932849,0.1644955334010704,0.00036209626705385745,52,36,4,12,5.773887634277344,5528336,276,0.5914835164835165,203,121,40,24,150,96,30,19,,,,,,,,,,,,,,,,,,,,,,,,,353,63,104,70
ablation,early,2,0.8,ablation,0.5,2,1,4027,w/o pseudo-labelling,0.937890625,0.9561321400589651,0.90625,0.85,0.90625,0.85,0.90625,0.878125,0.16784439980983734,9.99999335625205,0.18267066161595907,0.18218450663838526,1.918233283504378e-05,58,34,6,6,6.2162392139434814,5528336,0,0.6046016483516484,203,121,40,24,150,96,30,19,,,,,,,,,,,,,,,,,,,,,,,,,353,63,104,70
ablation,early,2,0.8,ablation,0.5,2,1,4027,w/o adaptive graph refinement,0.9617187500000001,0.9744960038150474,0.96875,0.75,0.8611111111111112,0.9375,0.9117647058823529,0.8725490196078431,0.09703095257282257,2.698906760492016,0.3261489245351725,0.11373493339544019,0.00107666477560997,62,30,10,2,5.94955849647522,5528336,253,0.6037774725274725,203,121,40,24,150,96,30,19,,,,,,,,,,,,,,,,,,,,,,,,,353,63,104,70
ablation,early,2,0.8,ablation,0.5,2,1,4027,w/o clinical-aware augmentation,0.933984375,0.9538437774271206,0.875,0.875,0.9180327868852459,0.813953488372093,0.896,0.8696867469879519,0.16337081789970398,9.300255341705654,0.19213830894018044,0.17125467237789188,0.0002811990270856768,56,35,5,8,3.4735279083251953,5528336,274,0.6238324175824176,203,121,40,24,150,96,30,19,,,,,,,,,,,,,,,,,,,,,,,,,353,63,104,70
ablation,early,2,0.8,ablation,0.5,2,1,4027,w/o prototype sharing,0.9453125,0.9618411274455504,0.90625,0.85,0.90625,0.85,0.90625,0.878125,0.15815654397010803,9.99999335625205,0.18973862954801543,0.16705098854184214,2.8620708690141328e-05,58,34,6,6,5.591447591781616,5507856,277,0.5914835164835165,203,121,40,24,150,96,30,19,,,,,,,,,,,,,,,,,,,,,,,,,353,63,104,70
ablation,early,2,0.8,ablation,0.5,2,1,4027,w/o focal loss (cross-entropy),0.95,0.9657435984286815,0.84375,0.875,0.9152542372881356,0.7777777777777778,0.8780487804878049,0.8507890961262554,0.15649151802062988,9.99999335625205,0.1695208322025931,0.16102308225974693,9.201397915603593e-05,54,35,5,10,5.510926723480225,5528336,283,0.5989010989010989,203,121,40,24,150,96,30,19,,,,,,,,,,,,,,,,,,,,,,,,,353,63,104,70
ablation,early,2,0.8,ablation,0.5,2,1,4027,w/o contrastive loss,0.94609375,0.9622337708129397,0.953125,0.775,0.8714285714285714,0.9117647058823529,0.9104477611940298,0.8741427995159339,0.16893018782138824,9.99999335625205,0.18068736700946147,0.17921890174553623,1e-06,61,31,9,3,5.487600564956665,5528336,277,0.6050824175824175,203,121,40,24,150,96,30,19,,,,,,,,,,,,,,,,,,,,,,,,,353,63,104,70
ablation,early,2,0.8,ablation,0.5,2,1,4027,w/o class-aware smoothness,0.9429687499999999,0.9622123049516906,0.84375,0.925,0.9473684210526315,0.7872340425531915,0.8925619834710744,0.8715683480573763,0.14365294575691223,4.4535745734542855,0.2964656766010828,0.14677541142401215,0.07515747100114822,54,37,3,10,5.4015913009643555,5528336,283,0.5768543956043956,203,121,40,24,150,96,30,19,,,,,,,,,,,,,,,,,,,,,,,,,353,63,104,70
ablation,early,2,0.8,ablation,0.5,2,1,4027,w/o dynamic edge attention,0.9457031250000001,0.9630228311618061,0.84375,0.925,0.9473684210526315,0.7872340425531915,0.8925619834710744,0.8715683480573763,0.16820894181728363,8.5139153399723,0.24252471251488536,0.17786852522224836,0.01017151027917862,54,37,3,10,5.203057050704956,5180016,282,0.5916895604395604,203,121,40,24,150,96,30,19,,,,,,,,,,,,,,,,,,,,,,,,,353,63,104,70
ablation,early,2,0.8,ablation,0.5,2,1,4027,w/o FedProx term,0.94296875,0.9611545097360051,0.890625,0.825,0.890625,0.825,0.890625,0.8578125,0.1589994728565216,9.99999335625205,0.18543514107013934,0.16261991207703924,2.3753304049023427e-05,57,33,7,7,5.560816526412964,5528336,276,0.601717032967033,203,121,40,24,150,96,30,19,,,,,,,,,,,,,,,,,,,,,,,,,353,63,104,70
ablation,early,2,0.8,ablation,0.5,2,1,4027,w/o calibrated LR head (GNN logits),0.943359375,0.9616052713985854,0.828125,0.9,0.9298245614035088,0.7659574468085106,0.8760330578512396,0.8518096323738957,0.14123529195785522,2.0612134392979398,0.7049512139048026,0.16126834923544753,0.1468438357114792,53,36,4,11,4.9006524085998535,5448640,276,,203,121,40,24,150,96,30,19,,,,,,,,,,,,,,,,,,,,,,,,,353,63,104,70
ablation,early,2,0.8,ablation,0.5,2,1,4027,"Supervised only (no PL, CAA, proto)",0.943359375,0.9610606001764166,0.828125,0.875,0.9137931034482759,0.7608695652173914,0.8688524590163934,0.8414029736942432,0.15513794124126434,9.636112939906653,0.20043609082981606,0.15703704140693076,0.0007609639433212578,53,35,5,11,4.074370384216309,5507856,0,0.6438873626373626,203,121,40,24,150,96,30,19,,,,,,,,,,,,,,,,,,,,,,,,,353,63,104,70
ablation,early,2,0.8,ablation,0.5,2,2,4028,Full,0.923046875,0.9619784138586339,0.765625,0.975,0.98,0.7222222222222222,0.8596491228070176,0.8447181784247854,0.12575311958789825,4.58550953937621,0.35951820445502636,0.12610489337776715,0.7649028301239014,49,39,1,15,5.627171277999878,5528336,264,0.6642063921993498,143,30,29,6,210,187,42,37,,,,,,,,,,,,,,,,,,,,,,,,,353,63,104,71
ablation,early,2,0.8,ablation,0.5,2,2,4028,w/o PG-PL gates 2-3 (confidence only),0.914453125,0.9581265020083727,0.859375,0.775,0.859375,0.775,0.859375,0.8171875,0.12892329692840576,5.285296382286444,0.3100405042369102,0.1357846113924797,0.003006245940923691,55,31,9,9,5.435297012329102,5528336,264,0.6542524377031419,143,30,29,6,210,187,42,37,,,,,,,,,,,,,,,,,,,,,,,,,353,63,104,71
ablation,early,2,0.8,ablation,0.5,2,2,4028,w/o pseudo-labelling,0.907421875,0.9520261515249016,0.78125,0.925,0.9433962264150944,0.7254901960784313,0.8547008547008547,0.8339438339438339,0.1410302072763443,3.006262430895667,0.26471886043153764,0.13446310251198998,0.31075242161750793,50,37,3,14,5.6287853717803955,5528336,0,0.6916982665222102,143,30,29,6,210,187,42,37,,,,,,,,,,,,,,,,,,,,,,,,,353,63,104,71
ablation,early,2,0.8,ablation,0.5,2,2,4028,w/o adaptive graph refinement,0.9296875,0.9642948041287004,0.796875,0.975,0.9807692307692307,0.75,0.8793103448275862,0.8635682158920539,0.12496592104434967,4.48763911617614,0.3885388553349651,0.1276709850644693,0.5236896276473999,51,39,1,13,5.778960943222046,5528336,270,0.6317036836403034,143,30,29,6,210,187,42,37,,,,,,,,,,,,,,,,,,,,,,,,,353,63,104,71
ablation,early,2,0.8,ablation,0.5,2,2,4028,w/o clinical-aware augmentation,0.92265625,0.9625973018684926,0.859375,0.875,0.9166666666666666,0.7954545454545454,0.8870967741935484,0.8602150537634409,0.11521963030099869,4.223820021844091,0.3174642945625774,0.11974465662541872,0.016630349680781364,55,35,5,9,3.5873329639434814,5528336,260,0.6513407367280606,143,30,29,6,210,187,42,37,,,,,,,,,,,,,,,,,,,,,,,,,353,63,104,71
ablation,early,2,0.8,ablation,0.5,2,2,4028,w/o prototype sharing,0.9261718750000001,0.9628308649678581,0.78125,0.975,0.9803921568627451,0.7358490566037735,0.8695652173913043,0.8541374474053296,0.130930557847023,4.371370812313627,0.3063029966616854,0.1337458900256584,0.7629724144935608,50,39,1,14,5.544300079345703,5507856,245,0.6652221018418202,143,30,29,6,210,187,42,37,,,,,,,,,,,,,,,,,,,,,,,,,353,63,104,71
ablation,early,2,0.8,ablation,0.5,2,2,4028,w/o focal loss (cross-entropy),0.9425781249999999,0.9702677897098232,0.828125,0.95,0.9636363636363636,0.7755102040816326,0.8907563025210085,0.8723444433953357,0.12793996930122375,4.691242683815943,0.3193920371904048,0.1438154112950612,0.14718590676784515,53,38,2,11,5.2064902782440186,5528336,274,0.6593986998916577,143,30,29,6,210,187,42,37,,,,,,,,,,,,,,,,,,,,,,,,,353,63,104,71
ablation,early,2,0.8,ablation,0.5,2,2,4028,w/o contrastive loss,0.920703125,0.9608983633635155,0.875,0.825,0.8888888888888888,0.8048780487804879,0.8818897637795275,0.8483522892971711,0.1393854022026062,4.757111207247227,0.3521577221963,0.15181163543512904,0.006535121239721775,56,33,7,8,5.355681896209717,5528336,262,0.6589924160346695,143,30,29,6,210,187,42,37,,,,,,,,,,,,,,,,,,,,,,,,,353,63,104,71
ablation,early,2,0.8,ablation,0.5,2,2,4028,w/o class-aware smoothness,0.947265625,0.9731923963957771,0.765625,0.975,0.98,0.7222222222222222,0.8596491228070176,0.8447181784247854,0.10336175560951233,3.031093778518432,0.2820692572288694,0.10352735515110768,0.8503366112709045,49,39,1,15,5.095621347427368,5528336,249,0.6511375947995667,143,30,29,6,210,187,42,37,,,,,,,,,,,,,,,,,,,,,,,,,353,63,104,71
ablation,early,2,0.8,ablation,0.5,2,2,4028,w/o dynamic edge attention,0.908203125,0.9540742636027757,0.734375,0.95,0.9591836734693877,0.6909090909090909,0.831858407079646,0.815929203539823,0.13519981503486633,5.102470749971202,0.2572724956207025,0.14661441420992982,0.8350843787193298,47,38,2,17,4.756580829620361,5180016,276,0.6122020585048754,143,30,29,6,210,187,42,37,,,,,,,,,,,,,,,,,,,,,,,,,353,63,104,71
ablation,early,2,0.8,ablation,0.5,2,2,4028,w/o FedProx term,0.921875,0.9611801378209097,0.765625,0.975,0.98,0.7222222222222222,0.8596491228070176,0.8447181784247854,0.12818275392055511,5.755172318684733,0.3010834230949348,0.13073619952998483,0.7791361212730408,49,39,1,15,5.219462633132935,5528336,263,0.6585184182015168,143,30,29,6,210,187,42,37,,,,,,,,,,,,,,,,,,,,,,,,,353,63,104,71
ablation,early,2,0.8,ablation,0.5,2,2,4028,w/o calibrated LR head (GNN logits),0.931640625,0.9658424660170792,0.84375,0.925,0.9473684210526315,0.7872340425531915,0.8925619834710744,0.8715683480573763,0.14183102548122406,-0.3468278793725557,3.826406573847351,0.1969712431041094,0.6167905926704407,54,37,3,10,4.724463701248169,5448640,264,,143,30,29,6,210,187,42,37,,,,,,,,,,,,,,,,,,,,,,,,,353,63,104,71
ablation,early,2,0.8,ablation,0.5,2,2,4028,"Supervised only (no PL, CAA, proto)",0.92734375,0.9637607571253788,0.875,0.85,0.9032258064516129,0.8095238095238095,0.8888888888888888,0.8590785907859078,0.12332233786582947,3.50081962796339,0.32793690659938396,0.13151746569201353,0.018302420154213905,56,34,6,8,3.6042895317077637,5507856,0,0.6821505958829902,143,30,29,6,210,187,42,37,,,,,,,,,,,,,,,,,,,,,,,,,353,63,104,71
ablation,early,2,0.8,ablation,0.5,2,3,4029,Full,0.9558593749999998,0.9779657079405341,0.875,0.975,0.9824561403508771,0.8297872340425532,0.9256198347107438,0.9110857794243374,0.12399353086948395,4.522891459651166,0.5587833798023325,0.15346262859664142,0.0409105122089386,56,39,1,8,5.688177824020386,5528336,269,0.6149725274725275,126,27,25,5,227,190,45,38,,,,,,,,,,,,,,,,,,,,,,,,,353,63,104,70
ablation,early,2,0.8,ablation,0.5,2,3,4029,w/o PG-PL gates 2-3 (confidence only),0.9484375,0.9745354604557097,0.890625,0.975,0.9827586206896551,0.8478260869565217,0.9344262295081968,0.9207014868471216,0.12503983080387115,4.064489541763759,0.5670254992938201,0.1536966948411786,0.033501267433166504,57,39,1,7,5.756000518798828,5528336,272,0.6241758241758242,126,27,25,5,227,190,45,38,,,,,,,,,,,,,,,,,,,,,,,,,353,63,104,70
ablation,early,2,0.8,ablation,0.5,2,3,4029,w/o pseudo-labelling,0.9460937500000001,0.9717950451536183,0.875,0.975,0.9824561403508771,0.8297872340425532,0.9256198347107438,0.9110857794243374,0.1505359411239624,4.653252113319163,0.49460102045858323,0.17628617378739786,0.030791213735938072,56,39,1,8,5.534893035888672,5528336,0,0.6221153846153846,126,27,25,5,227,190,45,38,,,,,,,,,,,,,,,,,,,,,,,,,353,63,104,70
ablation,early,2,0.8,ablation,0.5,2,3,4029,w/o adaptive graph refinement,0.9347656249999999,0.9660616035188966,0.71875,1.0,1.0,0.6896551724137931,0.8363636363636363,0.8263450834879407,0.15263435244560242,4.939953450944337,0.46197557376419973,0.167201507370919,0.725649356842041,46,40,0,18,5.3929443359375,5528336,272,0.6480769230769231,126,27,25,5,227,190,45,38,,,,,,,,,,,,,,,,,,,,,,,,,353,63,104,70
ablation,early,2,0.8,ablation,0.5,2,3,4029,w/o clinical-aware augmentation,0.9605468749999999,0.977772478952903,0.859375,0.95,0.9649122807017544,0.8085106382978723,0.9090909090909091,0.8913270637408568,0.13607586920261383,5.549782073842954,0.433331773866614,0.15163922390470713,0.044481080025434494,55,38,2,9,3.394244909286499,5528336,243,0.6377060439560439,126,27,25,5,227,190,45,38,,,,,,,,,,,,,,,,,,,,,,,,,353,63,104,70
ablation,early,2,0.8,ablation,0.5,2,3,4029,w/o prototype sharing,0.9500000000000001,0.9753592135456585,0.84375,0.975,0.9818181818181818,0.7959183673469388,0.907563025210084,0.8919837597960533,0.12890373170375824,5.66680042761514,0.44587153066643426,0.1564500044041779,0.0288639348000288,54,39,1,10,5.695891380310059,5507856,241,0.6154532967032966,126,27,25,5,227,190,45,38,,,,,,,,,,,,,,,,,,,,,,,,,353,63,104,70
ablation,early,2,0.8,ablation,0.5,2,3,4029,w/o focal loss (cross-entropy),0.9828125,0.9895096469151625,0.84375,1.0,1.0,0.8,0.9152542372881356,0.9020715630885122,0.1027078628540039,5.61138876008369,0.5359140547955848,0.12405287045448159,0.4607241749763489,54,40,0,10,5.299828052520752,5528336,276,0.6262362637362637,126,27,25,5,227,190,45,38,,,,,,,,,,,,,,,,,,,,,,,,,353,63,104,70
ablation,early,2,0.8,ablation,0.5,2,3,4029,w/o contrastive loss,0.925390625,0.9616383033228328,0.859375,0.925,0.9482758620689655,0.8043478260869565,0.9016393442622951,0.8810522302706825,0.14747852087020874,7.3275837369791565,0.306046588249397,0.1570278206423749,0.0015814624493941665,55,37,3,9,5.132709503173828,5528336,268,0.6665521978021979,126,27,25,5,227,190,45,38,,,,,,,,,,,,,,,,,,,,,,,,,353,63,104,70
ablation,early,2,0.8,ablation,0.5,2,3,4029,w/o class-aware smoothness,0.99375,0.9961537917345695,0.890625,0.975,0.9827586206896551,0.8478260869565217,0.9344262295081968,0.9207014868471216,0.07672549039125443,5.524134947730047,0.722007067283182,0.0988754016221859,0.32243984937667847,57,39,1,7,5.630692005157471,5528336,249,0.6355082417582418,126,27,25,5,227,190,45,38,,,,,,,,,,,,,,,,,,,,,,,,,353,63,104,70
ablation,early,2,0.8,ablation,0.5,2,3,4029,w/o dynamic edge attention,0.9546875,0.975565187829996,0.859375,0.975,0.9821428571428571,0.8125,0.9166666666666666,0.9015151515151515,0.1476007103919983,5.40170374436022,0.48168504156353614,0.17868699233692428,0.10428278148174286,55,39,1,9,4.369590759277344,5180016,249,0.6098214285714286,126,27,25,5,227,190,45,38,,,,,,,,,,,,,,,,,,,,,,,,,353,63,104,70
ablation,early,2,0.8,ablation,0.5,2,3,4029,w/o FedProx term,0.959375,0.9796747372570055,0.875,0.975,0.9824561403508771,0.8297872340425532,0.9256198347107438,0.9110857794243374,0.13206541538238525,5.188915950055914,0.5182612018086457,0.16387570459091175,0.04339166358113289,56,39,1,8,4.988589286804199,5528336,269,0.6063186813186813,126,27,25,5,227,190,45,38,,,,,,,,,,,,,,,,,,,,,,,,,353,63,104,70
ablation,early,2,0.8,ablation,0.5,2,3,4029,w/o calibrated LR head (GNN logits),0.947265625,0.974577406991161,0.84375,0.975,0.9818181818181818,0.7959183673469388,0.907563025210084,0.8919837597960533,0.13100160658359528,-0.029606930260477702,4.631121581905137,0.22139121964573857,0.5656018853187561,54,39,1,10,4.6797401905059814,5448640,269,,126,27,25,5,227,190,45,38,,,,,,,,,,,,,,,,,,,,,,,,,353,63,104,70
ablation,early,2,0.8,ablation,0.5,2,3,4029,"Supervised only (no PL, CAA, proto)",0.9507812499999999,0.9731387678672231,0.765625,0.975,0.98,0.7222222222222222,0.8596491228070176,0.8447181784247854,0.14833052456378937,5.335592040441051,0.40720792949859025,0.16945211656499082,0.29013076424598694,49,39,1,15,3.766040325164795,5507856,0,0.6396291208791208,126,27,25,5,227,190,45,38,,,,,,,,,,,,,,,,,,,,,,,,,353,63,104,70
ablation,early,2,0.8,ablation,0.5,2,4,4030,Full,0.95625,0.9783502743947455,0.90625,0.85,0.90625,0.85,0.90625,0.878125,0.0865088626742363,3.0450363539522534,0.309537761973918,0.08654483504450092,0.042017266154289246,58,34,6,6,5.484056234359741,5528336,248,0.5573489010989011,274,170,55,34,79,47,15,9,,,,,,,,,,,,,,,,,,,,,,,,,353,63,104,70
ablation,early,2,0.8,ablation,0.5,2,4,4030,w/o PG-PL gates 2-3 (confidence only),0.955078125,0.9780081040587192,0.890625,0.925,0.95,0.8409090909090909,0.9193548387096774,0.9001536098310292,0.08493984490633011,3.589171676054634,0.2781679919617572,0.08560445281462027,0.10022406280040741,57,37,3,7,5.4759840965271,5528336,247,0.5565247252747253,274,170,55,34,79,47,15,9,,,,,,,,,,,,,,,,,,,,,,,,,353,63,104,70
ablation,early,2,0.8,ablation,0.5,2,4,4030,w/o pseudo-labelling,0.9546874999999999,0.9773300401572272,0.875,0.9,0.9333333333333333,0.8181818181818182,0.9032258064516129,0.880184331797235,0.10013952851295471,4.463923029577119,0.2791353060657527,0.10224574677144678,0.09843087196350098,56,36,4,8,5.85216498374939,5528336,0,0.5796703296703296,274,170,55,34,79,47,15,9,,,,,,,,,,,,,,,,,,,,,,,,,353,63,104,70
ablation,early,2,0.8,ablation,0.5,2,4,4030,w/o adaptive graph refinement,0.95625,0.9773314645826418,0.890625,0.95,0.9661016949152542,0.8444444444444444,0.926829268292683,0.9104734576757533,0.08614030480384827,5.707653230318437,0.3165590798343901,0.09301608377315392,0.07159832864999771,57,38,2,7,5.158869028091431,5528336,258,0.5126373626373626,274,170,55,34,79,47,15,9,,,,,,,,,,,,,,,,,,,,,,,,,353,63,104,70
ablation,early,2,0.8,ablation,0.5,2,4,4030,w/o clinical-aware augmentation,0.956640625,0.9784819356429242,0.875,0.95,0.9655172413793104,0.8260869565217391,0.9180327868852459,0.900876858558902,0.08540293574333191,3.1112688721887825,0.27835791238695046,0.09037765194303715,0.30061089992523193,56,38,2,8,3.5047037601470947,5528336,259,0.5584478021978022,274,170,55,34,79,47,15,9,,,,,,,,,,,,,,,,,,,,,,,,,353,63,104,70
ablation,early,2,0.8,ablation,0.5,2,4,4030,w/o prototype sharing,0.95625,0.9780777456207939,0.90625,0.85,0.90625,0.85,0.90625,0.878125,0.08646455407142639,3.0462654044823823,0.3072824342441313,0.08992995061159421,0.03902439773082733,58,34,6,6,5.628196477890015,5507856,247,0.5569368131868132,274,170,55,34,79,47,15,9,,,,,,,,,,,,,,,,,,,,,,,,,353,63,104,70
ablation,early,2,0.8,ablation,0.5,2,4,4030,w/o focal loss (cross-entropy),0.9609375,0.980418607855239,0.90625,0.95,0.9666666666666667,0.8636363636363636,0.9354838709677419,0.9201228878648233,0.08043226599693298,8.147232385906037,0.2817329925131603,0.08154328543773422,0.007469858042895794,58,38,2,6,5.125256776809692,5528336,283,0.5485576923076922,274,170,55,34,79,47,15,9,,,,,,,,,,,,,,,,,,,,,,,,,353,63,104,70
ablation,early,2,0.8,ablation,0.5,2,4,4030,w/o contrastive loss,0.9578125,0.9789146192295686,0.875,0.875,0.9180327868852459,0.813953488372093,0.896,0.8696867469879519,0.10035668313503265,3.8244014075734167,0.27169255767086103,0.10664089683156744,0.21286267042160034,56,35,5,8,5.205244779586792,5528336,256,0.5810439560439561,274,170,55,34,79,47,15,9,,,,,,,,,,,,,,,,,,,,,,,,,353,63,104,70
ablation,early,2,0.8,ablation,0.5,2,4,4030,w/o class-aware smoothness,0.95625,0.9788471354045405,0.953125,0.8,0.8840579710144928,0.9142857142857143,0.9172932330827067,0.88531328320802,0.09141074120998383,4.545945218859882,0.26104150965827844,0.09521951242976898,0.000665595754981041,61,32,8,3,5.146060228347778,5528336,281,0.5247252747252746,274,170,55,34,79,47,15,9,,,,,,,,,,,,,,,,,,,,,,,,,353,63,104,70
ablation,early,2,0.8,ablation,0.5,2,4,4030,w/o dynamic edge attention,0.95859375,0.9794151929627634,0.90625,0.9,0.9354838709677419,0.8571428571428571,0.9206349206349206,0.8993418505613627,0.08511669933795929,6.3571683105303,0.27474926834671165,0.08380311636630303,0.0058138128370046616,58,36,4,6,4.474984884262085,5180016,275,0.5894230769230769,274,170,55,34,79,47,15,9,,,,,,,,,,,,,,,,,,,,,,,,,353,63,104,70
ablation,early,2,0.8,ablation,0.5,2,4,4030,w/o FedProx term,0.9535156250000001,0.9772762346777802,0.890625,0.9,0.9344262295081968,0.8372093023255814,0.912,0.8897349397590362,0.09065774828195572,5.257088240735655,0.2549290465132633,0.09402020533049765,0.02916214056313038,57,36,4,7,4.914924383163452,5528336,250,0.5899725274725274,274,170,55,34,79,47,15,9,,,,,,,,,,,,,,,,,,,,,,,,,353,63,104,70
ablation,early,2,0.8,ablation,0.5,2,4,4030,w/o calibrated LR head (GNN logits),0.9527343749999999,0.9768965377981711,0.875,0.925,0.9491525423728814,0.8222222222222222,0.9105691056910569,0.8905786704925873,0.07667737454175949,0.39721824609208256,1.1346490680416754,0.07688602131719774,0.4336942732334137,56,37,3,8,4.557510137557983,5448640,248,,274,170,55,34,79,47,15,9,,,,,,,,,,,,,,,,,,,,,,,,,353,63,104,70
ablation,early,2,0.8,ablation,0.5,2,4,4030,"Supervised only (no PL, CAA, proto)",0.9546875,0.9781137526974217,0.890625,0.9,0.9344262295081968,0.8372093023255814,0.912,0.8897349397590362,0.08352921903133392,2.4928599745654805,0.3028887859304035,0.09444428281858563,0.18724779784679413,57,36,4,7,3.6605441570281982,5507856,0,0.6089285714285714,274,170,55,34,79,47,15,9,,,,,,,,,,,,,,,,,,,,,,,,,353,63,104,70
ablation,early,2,0.8,ablation,0.5,3,0,5026,Full,0.9496093750000001,0.9662540046620128,0.9375,0.875,0.9230769230769231,0.8974358974358975,0.9302325581395349,0.9081542537533117,0.08109617978334427,-0.740330027834629,0.3746881855962529,0.09623923886997197,0.6408342123031616,60,35,5,4,5.487245082855225,5528336,283,0.5725961538461539,150,136,30,27,203,81,40,16,,,,,,,,,,,,,,,,,,,,,,,,,353,63,104,70
ablation,early,2,0.8,ablation,0.5,3,0,5026,w/o PG-PL gates 2-3 (confidence only),0.9500000000000001,0.9668573528784,0.9375,0.875,0.9230769230769231,0.8974358974358975,0.9302325581395349,0.9081542537533117,0.08024272322654724,-0.6711979253501175,0.3901943221689418,0.08791640398200029,0.6253449320793152,60,35,5,4,5.137740612030029,5528336,283,0.5725274725274725,150,136,30,27,203,81,40,16,,,,,,,,,,,,,,,,,,,,,,,,,353,63,104,70
ablation,early,2,0.8,ablation,0.5,3,0,5026,w/o pseudo-labelling,0.950390625,0.9669999964678516,0.90625,0.9,0.9354838709677419,0.8571428571428571,0.9206349206349206,0.8993418505613627,0.08757854998111725,-1.1888956306432787,0.37498859675971913,0.09050729109619099,0.8113498687744141,58,36,4,6,5.581397771835327,5528336,0,0.5839972527472528,150,136,30,27,203,81,40,16,,,,,,,,,,,,,,,,,,,,,,,,,353,63,104,70
ablation,early,2,0.8,ablation,0.5,3,0,5026,w/o adaptive graph refinement,0.953125,0.9709507457473195,0.9375,0.875,0.9230769230769231,0.8974358974358975,0.9302325581395349,0.9081542537533117,0.07959061115980148,-0.3983064866396261,0.34507023827720823,0.07019977473940416,0.6579740643501282,60,35,5,4,5.823730945587158,5528336,275,0.5652472527472527,150,136,30,27,203,81,40,16,,,,,,,,,,,,,,,,,,,,,,,,,353,63,104,70
ablation,early,2,0.8,ablation,0.5,3,0,5026,w/o clinical-aware augmentation,0.9441406250000001,0.9631740879151005,0.765625,0.95,0.9607843137254902,0.7169811320754716,0.8521739130434782,0.8346891070593736,0.08880256861448288,-0.12403668447723365,0.3960452649314994,0.07879150157364517,0.985240638256073,49,38,2,15,3.803743600845337,5528336,273,0.6181318681318682,150,136,30,27,203,81,40,16,,,,,,,,,,,,,,,,,,,,,,,,,353,63,104,70
ablation,early,2,0.8,ablation,0.5,3,0,5026,w/o prototype sharing,0.9519531250000001,0.9690225340867753,0.921875,0.875,0.921875,0.875,0.921875,0.8984375,0.08467311412096024,-1.1636948426840723,0.4178723877138799,0.09076343247523674,0.7919324636459351,59,35,5,5,5.892273187637329,5507856,264,0.582554945054945,150,136,30,27,203,81,40,16,,,,,,,,,,,,,,,,,,,,,,,,,353,63,104,70
ablation,early,2,0.8,ablation,0.5,3,0,5026,w/o focal loss (cross-entropy),0.966796875,0.9787694463075258,0.921875,0.95,0.9672131147540983,0.8837209302325582,0.944,0.9298313253012047,0.06081412732601166,0.7816303297071479,0.33870769455672717,0.06958941332861564,0.8290015459060669,59,38,2,5,6.082531690597534,5528336,283,0.6207417582417583,150,136,30,27,203,81,40,16,,,,,,,,,,,,,,,,,,,,,,,,,353,63,104,70
ablation,early,2,0.8,ablation,0.5,3,0,5026,w/o contrastive loss,0.946484375,0.9665666784442342,0.9375,0.825,0.8955223880597015,0.8918918918918919,0.916030534351145,0.886586695747001,0.09155000746250153,-0.16471794153456878,0.3377665059595104,0.10661742119834974,0.35081756114959717,60,33,7,4,5.445676326751709,5528336,276,0.5556318681318682,150,136,30,27,203,81,40,16,,,,,,,,,,,,,,,,,,,,,,,,,353,63,104,70
ablation,early,2,0.8,ablation,0.5,3,0,5026,w/o class-aware smoothness,0.9695312500000001,0.9805272269889556,0.96875,0.85,0.9117647058823529,0.9444444444444444,0.9393939393939394,0.9170653907496014,0.07932240515947342,1.7371858263068227,0.39125787038397886,0.09559117149239264,0.05244172737002373,62,34,6,2,5.197475433349609,5528336,270,0.5723214285714285,150,136,30,27,203,81,40,16,,,,,,,,,,,,,,,,,,,,,,,,,353,63,104,70
ablation,early,2,0.8,ablation,0.5,3,0,5026,w/o dynamic edge attention,0.9525390625,0.9710441122020063,0.921875,0.9,0.9365079365079365,0.8780487804878049,0.9291338582677166,0.9090113735783028,0.08060407638549805,0.7632105159405234,0.2764295248962642,0.08017720551176286,0.43220970034599304,59,36,4,5,4.779542922973633,5180016,283,0.5625,150,136,30,27,203,81,40,16,,,,,,,,,,,,,,,,,,,,,,,,,353,63,104,70
ablation,early,2,0.8,ablation,0.5,3,0,5026,w/o FedProx term,0.950390625,0.9669591909310578,0.9375,0.875,0.9230769230769231,0.8974358974358975,0.9302325581395349,0.9081542537533117,0.08195669949054718,-0.6612765195259812,0.37456842884393593,0.08171666286384256,0.6371455788612366,60,35,5,4,5.117290496826172,5528336,283,0.5728021978021978,150,136,30,27,203,81,40,16,,,,,,,,,,,,,,,,,,,,,,,,,353,63,104,70
ablation,early,2,0.8,ablation,0.5,3,0,5026,w/o calibrated LR head (GNN logits),0.943359375,0.9619592219417109,0.90625,0.825,0.8923076923076924,0.8461538461538461,0.8992248062015504,0.867333922088117,0.09619465470314026,0.14118172194806536,1.8046430134631375,0.10760442597361712,0.49041661620140076,58,33,7,6,4.906551837921143,5448640,283,,150,136,30,27,203,81,40,16,,,,,,,,,,,,,,,,,,,,,,,,,353,63,104,70
ablation,early,2,0.8,ablation,0.5,3,0,5026,"Supervised only (no PL, CAA, proto)",0.955859375,0.970489157921254,0.921875,0.85,0.9076923076923077,0.8717948717948718,0.9147286821705426,0.8877440879207144,0.08489243686199188,0.2940665380383283,0.3483305375343217,0.09195517571284795,0.3995332419872284,59,34,6,5,3.9296140670776367,5507856,0,0.5782967032967032,150,136,30,27,203,81,40,16,,,,,,,,,,,,,,,,,,,,,,,,,353,63,104,70
ablation,early,2,0.8,ablation,0.5,3,1,5027,Full,0.938671875,0.9687633101780393,0.828125,0.975,0.9814814814814815,0.78,0.8983050847457628,0.8824858757062147,0.10971605777740479,8.680788217171479,0.2467203993699668,0.10779851421718306,0.2083326280117035,53,39,1,11,5.6373395919799805,5528336,283,0.5878434065934066,302,191,60,38,51,26,10,5,,,,,,,,,,,,,,,,,,,,,,,,,353,63,104,70
ablation,early,2,0.8,ablation,0.5,3,1,5027,w/o PG-PL gates 2-3 (confidence only),0.9390625,0.9695497127541244,0.875,0.9,0.9333333333333333,0.8181818181818182,0.9032258064516129,0.880184331797235,0.10285982489585876,8.434142452526373,0.25509567077744916,0.11530800594706447,0.0006793817155994475,56,36,4,8,5.462090730667114,5528336,283,0.5888049450549451,302,191,60,38,51,26,10,5,,,,,,,,,,,,,,,,,,,,,,,,,353,63,104,70
ablation,early,2,0.8,ablation,0.5,3,1,5027,w/o pseudo-labelling,0.942578125,0.9698644912593793,0.859375,0.9,0.9322033898305084,0.8,0.8943089430894309,0.8706838833094213,0.11316073685884476,4.198520149032424,0.35459102156765143,0.123381745603043,0.10872774571180344,55,36,4,9,5.748700857162476,5528336,0,0.565521978021978,302,191,60,38,51,26,10,5,,,,,,,,,,,,,,,,,,,,,,,,,353,63,104,70
ablation,early,2,0.8,ablation,0.5,3,1,5027,w/o adaptive graph refinement,0.955859375,0.9758743790500171,0.84375,0.975,0.9818181818181818,0.7959183673469388,0.907563025210084,0.8919837597960533,0.10350815206766129,7.270580871969385,0.23908280350601765,0.11275657273542425,0.19172990322113037,54,39,1,10,5.886276006698608,5528336,277,0.5539148351648351,302,191,60,38,51,26,10,5,,,,,,,,,,,,,,,,,,,,,,,,,353,63,104,70
ablation,early,2,0.8,ablation,0.5,3,1,5027,w/o clinical-aware augmentation,0.937890625,0.9684344476732005,0.84375,0.9,0.9310344827586207,0.782608695652174,0.8852459016393442,0.8612276019824628,0.10913188010454178,6.2460661918275004,0.24489182209262803,0.11774522083354755,0.04091862589120865,54,36,4,10,4.126447439193726,5528336,264,0.6032967032967034,302,191,60,38,51,26,10,5,,,,,,,,,,,,,,,,,,,,,,,,,353,63,104,70
ablation,early,2,0.8,ablation,0.5,3,1,5027,w/o prototype sharing,0.9328125,0.9664830858281375,0.859375,0.925,0.9482758620689655,0.8043478260869565,0.9016393442622951,0.8810522302706825,0.1115599200129509,9.658476577376122,0.2397940625709582,0.1181955725276986,0.020527731627225876,55,37,3,9,5.446512699127197,5507856,283,0.5989697802197802,302,191,60,38,51,26,10,5,,,,,,,,,,,,,,,,,,,,,,,,,353,63,104,70
ablation,early,2,0.8,ablation,0.5,3,1,5027,w/o focal loss (cross-entropy),0.9296875,0.9647927261669966,0.859375,0.675,0.8088235294117647,0.75,0.8333333333333334,0.7719298245614035,0.11377587914466858,9.99999335625205,0.24372321938881386,0.1189311451573583,1.7530387594888452e-06,55,27,13,9,5.280226469039917,5528336,281,0.5684752747252747,302,191,60,38,51,26,10,5,,,,,,,,,,,,,,,,,,,,,,,,,353,63,104,70
ablation,early,2,0.8,ablation,0.5,3,1,5027,w/o contrastive loss,0.946875,0.970745098619383,0.921875,0.75,0.855072463768116,0.8571428571428571,0.8872180451127819,0.843609022556391,0.11819885671138763,4.666857364696129,0.26510582693379875,0.12607540364395112,0.00044209687621332705,59,30,10,5,5.391516923904419,5528336,275,0.5554945054945055,302,191,60,38,51,26,10,5,,,,,,,,,,,,,,,,,,,,,,,,,353,63,104,70
ablation,early,2,0.8,ablation,0.5,3,1,5027,w/o class-aware smoothness,0.931640625,0.9661510614757876,0.859375,0.925,0.9482758620689655,0.8043478260869565,0.9016393442622951,0.8810522302706825,0.10556760430335999,3.0446782571625137,0.332489281035219,0.116097350542147,0.22980338335037231,55,37,3,9,5.300013780593872,5528336,278,0.5503434065934066,302,191,60,38,51,26,10,5,,,,,,,,,,,,,,,,,,,,,,,,,353,63,104,70
ablation,early,2,0.8,ablation,0.5,3,1,5027,w/o dynamic edge attention,0.9492187500000001,0.9727689538539466,0.890625,0.8,0.8769230769230769,0.8205128205128205,0.8837209302325582,0.8469237562555196,0.12482555955648422,9.66002832012619,0.22124704678570076,0.1266856627055229,6.04965680395253e-06,57,32,8,7,4.461577415466309,5180016,277,0.5587912087912088,302,191,60,38,51,26,10,5,,,,,,,,,,,,,,,,,,,,,,,,,353,63,104,70
ablation,early,2,0.8,ablation,0.5,3,1,5027,w/o FedProx term,0.93359375,0.9665679749619189,0.828125,0.975,0.9814814814814815,0.78,0.8983050847457628,0.8824858757062147,0.11167711764574051,9.499469489183465,0.23847845541576787,0.11790493327694444,0.1634536236524582,53,39,1,11,5.176455020904541,5528336,283,0.5985576923076924,302,191,60,38,51,26,10,5,,,,,,,,,,,,,,,,,,,,,,,,,353,63,104,70
ablation,early,2,0.8,ablation,0.5,3,1,5027,w/o calibrated LR head (GNN logits),0.944921875,0.9716090638600532,0.84375,0.975,0.9818181818181818,0.7959183673469388,0.907563025210084,0.8919837597960533,0.08939150720834732,0.024220552043127327,0.9501780915787997,0.06581008892792922,0.756765604019165,54,39,1,10,4.974543809890747,5448640,283,,302,191,60,38,51,26,10,5,,,,,,,,,,,,,,,,,,,,,,,,,353,63,104,70
ablation,early,2,0.8,ablation,0.5,3,1,5027,"Supervised only (no PL, CAA, proto)",0.943359375,0.9705810697508616,0.875,0.9,0.9333333333333333,0.8181818181818182,0.9032258064516129,0.880184331797235,0.11946035176515579,9.93395658487719,0.21552575553422346,0.13354369783729245,0.0011721596820279956,56,36,4,8,3.771987199783325,5507856,0,0.6125,302,191,60,38,51,26,10,5,,,,,,,,,,,,,,,,,,,,,,,,,353,63,104,70
ablation,early,2,0.8,ablation,0.5,3,2,5028,Full,0.9453125,0.9643223594392152,0.8125,0.9,0.9285714285714286,0.75,0.8666666666666667,0.8424242424242425,0.1623784601688385,9.99999335625205,0.19999797271685318,0.1673231630512209,0.005997063126415014,52,36,4,12,5.9318037033081055,5528336,258,0.5975961538461538,284,177,56,35,69,40,14,8,,,,,,,,,,,,,,,,,,,,,,,,,353,63,104,70
ablation,early,2,0.8,ablation,0.5,3,2,5028,w/o PG-PL gates 2-3 (confidence only),0.9546874999999999,0.9711927172180287,0.8125,0.9,0.9285714285714286,0.75,0.8666666666666667,0.8424242424242425,0.15658876299858093,9.99999335625205,0.2078515627236161,0.1583225952093087,0.007667971309274435,52,36,4,12,5.371454477310181,5528336,266,0.5928571428571429,284,177,56,35,69,40,14,8,,,,,,,,,,,,,,,,,,,,,,,,,353,63,104,70
ablation,early,2,0.8,ablation,0.5,3,2,5028,w/o pseudo-labelling,0.9351562499999999,0.964661701161452,0.828125,0.85,0.8983050847457628,0.7555555555555555,0.8617886178861789,0.8308943089430895,0.14770284295082092,6.965734530262899,0.28051416846811117,0.16087798140674403,0.005604513920843601,53,34,6,11,5.906190395355225,5528336,0,0.6105769230769231,284,177,56,35,69,40,14,8,,,,,,,,,,,,,,,,,,,,,,,,,353,63,104,70
ablation,early,2,0.8,ablation,0.5,3,2,5028,w/o adaptive graph refinement,0.959375,0.9744083833883037,0.84375,0.9,0.9310344827586207,0.782608695652174,0.8852459016393442,0.8612276019824628,0.12755087018013,5.83633198983264,0.2710742947111432,0.1397991097675493,0.15920326113700867,54,36,4,10,6.2143518924713135,5528336,229,0.6076236263736263,284,177,56,35,69,40,14,8,,,,,,,,,,,,,,,,,,,,,,,,,353,63,104,70
ablation,early,2,0.8,ablation,0.5,3,2,5028,w/o clinical-aware augmentation,0.96015625,0.9723342642230259,0.875,0.9,0.9333333333333333,0.8181818181818182,0.9032258064516129,0.880184331797235,0.14188021421432495,9.693379410112142,0.2525785233914418,0.14898242982207405,0.004955268930643797,56,36,4,8,4.117868900299072,5528336,253,0.6070054945054945,284,177,56,35,69,40,14,8,,,,,,,,,,,,,,,,,,,,,,,,,353,63,104,70
ablation,early,2,0.8,ablation,0.5,3,2,5028,w/o prototype sharing,0.93515625,0.9645057600195812,0.8125,0.9,0.9285714285714286,0.75,0.8666666666666667,0.8424242424242425,0.15897081792354584,9.99999335625205,0.20052908922850798,0.16525826351985765,0.0213263351470232,52,36,4,12,5.446064710617065,5507856,272,0.6185439560439561,284,177,56,35,69,40,14,8,,,,,,,,,,,,,,,,,,,,,,,,,353,63,104,70
ablation,early,2,0.8,ablation,0.5,3,2,5028,w/o focal loss (cross-entropy),0.939453125,0.9683595413792111,0.828125,0.925,0.9464285714285714,0.7708333333333334,0.8833333333333333,0.8621212121212121,0.1483418494462967,5.02804985090159,0.488695366675088,0.15263987484817898,0.015603359788656235,53,37,3,11,5.141457557678223,5528336,281,0.6140109890109889,284,177,56,35,69,40,14,8,,,,,,,,,,,,,,,,,,,,,,,,,353,63,104,70
ablation,early,2,0.8,ablation,0.5,3,2,5028,w/o contrastive loss,0.9585937500000001,0.9751066549148072,0.953125,0.8,0.8840579710144928,0.9142857142857143,0.9172932330827067,0.88531328320802,0.11636893451213837,3.8528664896948954,0.38100629948198983,0.12269007536815482,0.003470857162028551,61,32,8,3,5.341750860214233,5528336,249,0.6201923076923077,284,177,56,35,69,40,14,8,,,,,,,,,,,,,,,,,,,,,,,,,353,63,104,70
ablation,early,2,0.8,ablation,0.5,3,2,5028,w/o class-aware smoothness,0.960546875,0.9739728421702668,0.75,0.95,0.96,0.7037037037037037,0.8421052631578947,0.8253079507278835,0.15746048092842102,7.955801055379593,0.2784592575538187,0.15397666021957637,0.733192503452301,48,38,2,16,5.075929164886475,5528336,281,0.6080357142857143,284,177,56,35,69,40,14,8,,,,,,,,,,,,,,,,,,,,,,,,,353,63,104,70
ablation,early,2,0.8,ablation,0.5,3,2,5028,w/o dynamic edge attention,0.962109375,0.9779668021531052,0.875,0.9,0.9333333333333333,0.8181818181818182,0.9032258064516129,0.880184331797235,0.14769920706748962,6.424348563199301,0.47482561048111877,0.15766973867833325,0.0028031570836901665,56,36,4,8,4.756827116012573,5180016,281,0.6057005494505495,284,177,56,35,69,40,14,8,,,,,,,,,,,,,,,,,,,,,,,,,353,63,104,70
ablation,early,2,0.8,ablation,0.5,3,2,5028,w/o FedProx term,0.9398437500000001,0.960297952034533,0.8125,0.9,0.9285714285714286,0.75,0.8666666666666667,0.8424242424242425,0.15609143674373627,8.594292456141627,0.23074516527864003,0.16358783253235745,0.029263637959957123,52,36,4,12,5.025903701782227,5528336,258,0.6140796703296703,284,177,56,35,69,40,14,8,,,,,,,,,,,,,,,,,,,,,,,,,353,63,104,70
ablation,early,2,0.8,ablation,0.5,3,2,5028,w/o calibrated LR head (GNN logits),0.9382812500000001,0.9613343885947336,0.8125,0.9,0.9285714285714286,0.75,0.8666666666666667,0.8424242424242425,0.11929195374250412,0.9173357665904934,0.7677909033457931,0.0956365605099843,0.49993398785591125,52,36,4,12,4.815957307815552,5448640,258,,284,177,56,35,69,40,14,8,,,,,,,,,,,,,,,,,,,,,,,,,353,63,104,70
ablation,early,2,0.8,ablation,0.5,3,2,5028,"Supervised only (no PL, CAA, proto)",0.9437500000000002,0.9699291821517835,0.859375,0.9,0.9322033898305084,0.8,0.8943089430894309,0.8706838833094213,0.13614718616008759,5.978453812301647,0.3003674571902281,0.13268579800541586,0.008993237279355526,55,36,4,9,3.7018818855285645,5507856,0,0.6016483516483517,284,177,56,35,69,40,14,8,,,,,,,,,,,,,,,,,,,,,,,,,353,63,104,70
ablation,early,2,0.8,ablation,0.5,3,3,5029,Full,0.939453125,0.9590237251564862,0.703125,0.975,0.9782608695652174,0.6724137931034483,0.8181818181818182,0.8070500927643784,0.14122872054576874,3.623964830466307,0.2929251384514927,0.14650753427010316,0.897731602191925,45,39,1,19,5.616394996643066,5528336,280,0.6130823401950163,115,17,23,3,238,200,48,40,,,,,,,,,,,,,,,,,,,,,,,,,353,63,104,71
ablation,early,2,0.8,ablation,0.5,3,3,5029,w/o PG-PL gates 2-3 (confidence only),0.940234375,0.9569151358272794,0.6875,0.975,0.9777777777777777,0.6610169491525424,0.8073394495412844,0.7976091187100361,0.128299742937088,2.616108049593592,0.33191400405196436,0.1280656687091463,0.91249018907547,44,39,1,20,5.702768564224243,5528336,279,0.6122697724810401,115,17,23,3,238,200,48,40,,,,,,,,,,,,,,,,,,,,,,,,,353,63,104,71
ablation,early,2,0.8,ablation,0.5,3,3,5029,w/o pseudo-labelling,0.9453125,0.9658508741849714,0.71875,0.975,0.9787234042553191,0.6842105263157895,0.8288288288288288,0.8164762700845175,0.1331360936164856,2.591658094359323,0.47220986317262753,0.13968455506703603,0.8651784658432007,46,39,1,18,5.488933086395264,5528336,0,0.653169014084507,115,17,23,3,238,200,48,40,,,,,,,,,,,,,,,,,,,,,,,,,353,63,104,71
ablation,early,2,0.8,ablation,0.5,3,3,5029,w/o adaptive graph refinement,0.9320312500000001,0.9439986036453707,0.71875,0.95,0.9583333333333334,0.6785714285714286,0.8214285714285714,0.8065476190476191,0.11153054982423782,1.33181490242743,0.36598475179779444,0.10311018528703315,0.9347222447395325,46,38,2,18,5.186638832092285,5528336,282,0.6898022751895991,115,17,23,3,238,200,48,40,,,,,,,,,,,,,,,,,,,,,,,,,353,63,104,71
ablation,early,2,0.8,ablation,0.5,3,3,5029,w/o clinical-aware augmentation,0.9214843750000001,0.9476824932508274,0.671875,0.95,0.9555555555555556,0.6440677966101694,0.7889908256880734,0.7783337966824205,0.1444372832775116,1.9900179721670772,0.33216696015120445,0.15154785332449067,0.9208982586860657,43,38,2,21,4.1525232791900635,5528336,274,0.68431744312026,115,17,23,3,238,200,48,40,,,,,,,,,,,,,,,,,,,,,,,,,353,63,104,71
ablation,early,2,0.8,ablation,0.5,3,3,5029,w/o prototype sharing,0.951953125,0.9674233184279112,0.765625,0.975,0.98,0.7222222222222222,0.8596491228070176,0.8447181784247854,0.1232401430606842,3.745098567192741,0.33929267654256673,0.14556605231840739,0.6642040610313416,49,39,1,15,5.277456045150757,5507856,260,0.6073943661971831,115,17,23,3,238,200,48,40,,,,,,,,,,,,,,,,,,,,,,,,,353,63,104,71
ablation,early,2,0.8,ablation,0.5,3,3,5029,w/o focal loss (cross-entropy),0.93359375,0.9611101398445498,0.75,0.95,0.96,0.7037037037037037,0.8421052631578947,0.8253079507278835,0.14716623723506927,3.2341261914070207,0.28512620927553606,0.14411698395493797,0.765164852142334,48,38,2,16,5.296291351318359,5528336,274,0.6359696641386782,115,17,23,3,238,200,48,40,,,,,,,,,,,,,,,,,,,,,,,,,353,63,104,71
ablation,early,2,0.8,ablation,0.5,3,3,5029,w/o contrastive loss,0.8890625,0.9272135410835427,0.734375,0.75,0.8245614035087719,0.6382978723404256,0.7768595041322314,0.7332573382730123,0.20792701840400696,2.620957677791929,0.26266694218371656,0.2247537330795939,0.48227813839912415,47,30,10,17,5.45181131362915,5528336,279,0.6184994582881906,115,17,23,3,238,200,48,40,,,,,,,,,,,,,,,,,,,,,,,,,353,63,104,71
ablation,early,2,0.8,ablation,0.5,3,3,5029,w/o class-aware smoothness,0.955078125,0.9719417680488946,0.796875,0.95,0.9622641509433962,0.7450980392156863,0.8717948717948718,0.8534798534798536,0.14403897523880005,4.728290301201639,0.36633031070712596,0.15355395219432047,0.18597599864006042,51,38,2,13,5.480187892913818,5528336,272,0.6864165763813651,115,17,23,3,238,200,48,40,,,,,,,,,,,,,,,,,,,,,,,,,353,63,104,71
ablation,early,2,0.8,ablation,0.5,3,3,5029,w/o dynamic edge attention,0.91953125,0.9423347844646084,0.796875,0.825,0.8793103448275862,0.717391304347826,0.8360655737704918,0.8017537171178041,0.1575106531381607,3.3785934727720788,0.2605068677668924,0.16283983258136475,0.20256683230400085,51,33,7,13,4.434817314147949,5180016,274,0.6359019501625136,115,17,23,3,238,200,48,40,,,,,,,,,,,,,,,,,,,,,,,,,353,63,104,71
ablation,early,2,0.8,ablation,0.5,3,3,5029,w/o FedProx term,0.9406249999999999,0.9589705002418455,0.703125,0.975,0.9782608695652174,0.6724137931034483,0.8181818181818182,0.8070500927643784,0.12248198688030243,2.39617502825759,0.3434618895000716,0.1311405703891069,0.8839954137802124,45,39,1,19,5.024022340774536,5528336,281,0.610373781148429,115,17,23,3,238,200,48,40,,,,,,,,,,,,,,,,,,,,,,,,,353,63,104,71
ablation,early,2,0.8,ablation,0.5,3,3,5029,w/o calibrated LR head (GNN logits),0.937109375,0.956362121671058,0.640625,0.975,0.9761904761904762,0.6290322580645161,0.7735849056603774,0.7691453940066593,0.12724336981773376,0.49878156055239875,2.336476037353797,0.1505485043789332,0.580332338809967,41,39,1,23,5.200112581253052,5448640,280,,115,17,23,3,238,200,48,40,,,,,,,,,,,,,,,,,,,,,,,,,353,63,104,71
ablation,early,2,0.8,ablation,0.5,3,3,5029,"Supervised only (no PL, CAA, proto)",0.9246093750000001,0.9551218311753948,0.71875,0.975,0.9787234042553191,0.6842105263157895,0.8288288288288288,0.8164762700845175,0.15072664618492126,3.873738986469756,0.34202475547203187,0.15892425984538236,0.6588218212127686,46,39,1,18,3.610114574432373,5507856,0,0.7206121343445288,115,17,23,3,238,200,48,40,,,,,,,,,,,,,,,,,,,,,,,,,353,63,104,71
ablation,early,2,0.8,ablation,0.5,3,4,5030,Full,0.9500000000000001,0.9713868241461686,0.859375,0.975,0.9821428571428571,0.8125,0.9166666666666666,0.9015151515151515,0.08261951059103012,1.6029463645847069,0.3859798774902693,0.09462049882858993,0.9170963764190674,55,39,1,9,5.483280897140503,5528336,256,0.5526814734561215,181,74,36,15,172,143,35,29,,,,,,,,,,,,,,,,,,,,,,,,,353,63,104,71
ablation,early,2,0.8,ablation,0.5,3,4,5030,w/o PG-PL gates 2-3 (confidence only),0.9445312499999999,0.9683705859061414,0.875,0.975,0.9824561403508771,0.8297872340425532,0.9256198347107438,0.9110857794243374,0.08476407080888748,2.4459675396277833,0.26893433392343963,0.08782045360063565,0.6125017404556274,56,39,1,8,5.152397871017456,5528336,260,0.567578548212351,181,74,36,15,172,143,35,29,,,,,,,,,,,,,,,,,,,,,,,,,353,63,104,71
ablation,early,2,0.8,ablation,0.5,3,4,5030,w/o pseudo-labelling,0.954296875,0.9705708355329821,0.84375,0.975,0.9818181818181818,0.7959183673469388,0.907563025210084,0.8919837597960533,0.07823050022125244,1.9556189344582866,0.31661530048585507,0.08063118855128637,0.8724216222763062,54,39,1,10,5.7840735912323,5528336,0,0.5799024918743227,181,74,36,15,172,143,35,29,,,,,,,,,,,,,,,,,,,,,,,,,353,63,104,71
ablation,early,2,0.8,ablation,0.5,3,4,5030,w/o adaptive graph refinement,0.962890625,0.97745301485093,0.9375,0.75,0.8571428571428571,0.8823529411764706,0.8955223880597015,0.8531665994352562,0.08495955169200897,-0.46889460021308077,0.5005555389067692,0.077109242305876,0.23598821461200714,60,30,10,4,5.085582256317139,5528336,261,0.6044149512459372,181,74,36,15,172,143,35,29,,,,,,,,,,,,,,,,,,,,,,,,,353,63,104,71
ablation,early,2,0.8,ablation,0.5,3,4,5030,w/o clinical-aware augmentation,0.9500000000000001,0.9719525238419038,0.78125,0.975,0.9803921568627451,0.7358490566037735,0.8695652173913043,0.8541374474053296,0.07859253883361816,1.007897177618052,0.392355185452165,0.07776611778312004,0.95135897397995,50,39,1,14,3.334723949432373,5528336,265,0.5628385698808235,181,74,36,15,172,143,35,29,,,,,,,,,,,,,,,,,,,,,,,,,353,63,104,71
ablation,early,2,0.8,ablation,0.5,3,4,5030,w/o prototype sharing,0.9437500000000001,0.9688444380706205,0.875,0.975,0.9824561403508771,0.8297872340425532,0.9256198347107438,0.9110857794243374,0.09410050511360168,3.2612302915687255,0.23424303554405057,0.10356708155282275,0.7786867022514343,56,39,1,8,5.72986102104187,5507856,243,0.5455715059588299,181,74,36,15,172,143,35,29,,,,,,,,,,,,,,,,,,,,,,,,,353,63,104,71
ablation,early,2,0.8,ablation,0.5,3,4,5030,w/o focal loss (cross-entropy),0.959375,0.9770434472406577,0.921875,0.75,0.855072463768116,0.8571428571428571,0.8872180451127819,0.843609022556391,0.07982305437326431,2.4852936990551444,0.33061454166223225,0.08807651395461738,0.00921498890966177,59,30,10,5,5.59072732925415,5528336,261,0.5662242686890574,181,74,36,15,172,143,35,29,,,,,,,,,,,,,,,,,,,,,,,,,353,63,104,71
ablation,early,2,0.8,ablation,0.5,3,4,5030,w/o contrastive loss,0.933203125,0.962520538130054,0.875,0.85,0.9032258064516129,0.8095238095238095,0.8888888888888888,0.8590785907859078,0.1191435381770134,1.0543672292084554,0.24907039016204935,0.11435616424737068,0.7389323711395264,56,34,6,8,5.221088647842407,5528336,265,0.5297264355362947,181,74,36,15,172,143,35,29,,,,,,,,,,,,,,,,,,,,,,,,,353,63,104,71
ablation,early,2,0.8,ablation,0.5,3,4,5030,w/o class-aware smoothness,0.9636718750000001,0.9793060540243517,0.921875,0.825,0.8939393939393939,0.868421052631579,0.9076923076923077,0.8769230769230769,0.10096894949674606,3.021761899391879,0.30043675854020735,0.10625507462268269,0.008312664926052094,59,33,7,5,5.152106523513794,5528336,255,0.5451652221018418,181,74,36,15,172,143,35,29,,,,,,,,,,,,,,,,,,,,,,,,,353,63,104,71
ablation,early,2,0.8,ablation,0.5,3,4,5030,w/o dynamic edge attention,0.9578125,0.9733949998665872,0.90625,0.825,0.8923076923076924,0.8461538461538461,0.8992248062015504,0.867333922088117,0.10971663892269135,2.6456731533447977,0.2889367856641765,0.11926125380425501,0.051283061504364014,58,33,7,6,4.736456394195557,5180016,263,0.5641251354279523,181,74,36,15,172,143,35,29,,,,,,,,,,,,,,,,,,,,,,,,,353,63,104,71
ablation,early,2,0.8,ablation,0.5,3,4,5030,w/o FedProx term,0.945703125,0.9698427868624675,0.875,0.975,0.9824561403508771,0.8297872340425532,0.9256198347107438,0.9110857794243374,0.09165021032094955,1.0225126398390623,0.4050481173811797,0.09375368524342781,0.9062390327453613,56,39,1,8,5.227974891662598,5528336,256,0.5521397616468039,181,74,36,15,172,143,35,29,,,,,,,,,,,,,,,,,,,,,,,,,353,63,104,71
ablation,early,2,0.8,ablation,0.5,3,4,5030,w/o calibrated LR head (GNN logits),0.94453125,0.968666501349209,0.875,0.975,0.9824561403508771,0.8297872340425532,0.9256198347107438,0.9110857794243374,0.10020706057548523,-0.25117444416548423,1.7589556449908839,0.13727989047765735,0.671661913394928,56,39,1,8,5.01296591758728,5448640,256,,181,74,36,15,172,143,35,29,,,,,,,,,,,,,,,,,,,,,,,,,353,63,104,71
ablation,early,2,0.8,ablation,0.5,3,4,5030,"Supervised only (no PL, CAA, proto)",0.95859375,0.9739387123099571,0.953125,0.8,0.8840579710144928,0.9142857142857143,0.9172932330827067,0.88531328320802,0.07965682446956635,1.6862732897441943,0.3250580148323398,0.08509188489272046,0.04902428388595581,61,32,8,3,4.103533029556274,5507856,0,0.6101706392199351,181,74,36,15,172,143,35,29,,,,,,,,,,,,,,,,,,,,,,,,,353,63,104,71
ablation,early,2,0.8,ablation,0.5,4,0,6026,Full,0.961328125,0.9764832993456394,0.953125,0.85,0.9104477611940298,0.918918918918919,0.9312977099236641,0.9072072965202735,0.09967803955078125,1.3466021013011462,0.25879533352110606,0.11199762167794128,0.10407888144254684,61,34,6,3,5.738851070404053,5528336,279,0.5770604395604395,267,145,53,29,86,72,17,14,,,,,,,,,,,,,,,,,,,,,,,,,353,63,104,70
ablation,early,2,0.8,ablation,0.5,4,0,6026,w/o PG-PL gates 2-3 (confidence only),0.9617187500000001,0.9770890463695757,0.953125,0.85,0.9104477611940298,0.918918918918919,0.9312977099236641,0.9072072965202735,0.09801620990037918,1.2029815087691627,0.26159100482975184,0.10524672225046043,0.10718364268541336,61,34,6,3,5.226255893707275,5528336,279,0.5699175824175824,267,145,53,29,86,72,17,14,,,,,,,,,,,,,,,,,,,,,,,,,353,63,104,70
ablation,early,2,0.8,ablation,0.5,4,0,6026,w/o pseudo-labelling,0.9542968749999999,0.9736114809509644,0.859375,0.9,0.9322033898305084,0.8,0.8943089430894309,0.8706838833094213,0.10150860995054245,0.529471185278345,0.2581874003364133,0.11304919407344782,0.7539759278297424,55,36,4,9,5.670538663864136,5528336,0,0.5477335164835165,267,145,53,29,86,72,17,14,,,,,,,,,,,,,,,,,,,,,,,,,353,63,104,70
ablation,early,2,0.8,ablation,0.5,4,0,6026,w/o adaptive graph refinement,0.96796875,0.980763667888549,0.9375,0.825,0.8955223880597015,0.8918918918918919,0.916030534351145,0.886586695747001,0.08972819149494171,-0.4747695395038063,0.29679636183062597,0.09093313335548517,0.10497747361660004,60,33,7,4,5.292118072509766,5528336,223,0.5258928571428572,267,145,53,29,86,72,17,14,,,,,,,,,,,,,,,,,,,,,,,,,353,63,104,70
ablation,early,2,0.8,ablation,0.5,4,0,6026,w/o clinical-aware augmentation,0.951953125,0.974023091461051,0.859375,0.825,0.8870967741935484,0.7857142857142857,0.873015873015873,0.8389469608981804,0.11924242228269577,2.2203161353228897,0.22989191656956248,0.13118250804612988,0.20081739127635956,55,33,7,9,3.6789700984954834,5528336,277,0.593543956043956,267,145,53,29,86,72,17,14,,,,,,,,,,,,,,,,,,,,,,,,,353,63,104,70
ablation,early,2,0.8,ablation,0.5,4,0,6026,w/o prototype sharing,0.954296875,0.9745195607762253,0.953125,0.85,0.9104477611940298,0.918918918918919,0.9312977099236641,0.9072072965202735,0.09362296015024185,0.5932848131349325,0.297446340822548,0.0904259454064931,0.1423100382089615,61,34,6,3,5.377500057220459,5507856,275,0.5923076923076923,267,145,53,29,86,72,17,14,,,,,,,,,,,,,,,,,,,,,,,,,353,63,104,70
ablation,early,2,0.8,ablation,0.5,4,0,6026,w/o focal loss (cross-entropy),0.96015625,0.9774774547876907,0.84375,0.9,0.9310344827586207,0.782608695652174,0.8852459016393442,0.8612276019824628,0.11876522749662399,4.18377670495822,0.2607582571238919,0.12675682733802557,0.16060702502727509,54,36,4,10,5.554414749145508,5528336,283,0.5463598901098901,267,145,53,29,86,72,17,14,,,,,,,,,,,,,,,,,,,,,,,,,353,63,104,70
ablation,early,2,0.8,ablation,0.5,4,0,6026,w/o contrastive loss,0.958203125,0.9767944564218405,0.921875,0.9,0.9365079365079365,0.8780487804878049,0.9291338582677166,0.9090113735783028,0.08930806070566177,0.6806616811846665,0.28175965427176675,0.10105730639770628,0.4029298722743988,59,36,4,5,5.203403949737549,5528336,266,0.5455357142857143,267,145,53,29,86,72,17,14,,,,,,,,,,,,,,,,,,,,,,,,,353,63,104,70
ablation,early,2,0.8,ablation,0.5,4,0,6026,w/o class-aware smoothness,0.960546875,0.9778346922687003,0.875,0.9,0.9333333333333333,0.8181818181818182,0.9032258064516129,0.880184331797235,0.11545094847679138,5.075980018070702,0.2694901229803603,0.1205084703799982,0.08150295913219452,56,36,4,8,5.214905500411987,5528336,269,0.5418956043956045,267,145,53,29,86,72,17,14,,,,,,,,,,,,,,,,,,,,,,,,,353,63,104,70
ablation,early,2,0.8,ablation,0.5,4,0,6026,w/o dynamic edge attention,0.96875,0.9804589481547021,0.90625,0.825,0.8923076923076924,0.8461538461538461,0.8992248062015504,0.867333922088117,0.08873216062784195,-1.6652811856233702,0.5598101674258298,0.08754091240608924,0.7738852500915527,58,33,7,6,4.764276742935181,5180016,280,0.5521978021978022,267,145,53,29,86,72,17,14,,,,,,,,,,,,,,,,,,,,,,,,,353,63,104,70
ablation,early,2,0.8,ablation,0.5,4,0,6026,w/o FedProx term,0.9603515625,0.9754504057946882,0.953125,0.85,0.9104477611940298,0.918918918918919,0.9312977099236641,0.9072072965202735,0.1027957946062088,1.460012559952084,0.2563774442135328,0.11459971808989605,0.08725794404745102,61,34,6,3,5.341782331466675,5528336,279,0.5899725274725275,267,145,53,29,86,72,17,14,,,,,,,,,,,,,,,,,,,,,,,,,353,63,104,70
ablation,early,2,0.8,ablation,0.5,4,0,6026,w/o calibrated LR head (GNN logits),0.959375,0.9763078469973834,0.953125,0.85,0.9104477611940298,0.918918918918919,0.9312977099236641,0.9072072965202735,0.07782002538442612,-0.11480435715461397,1.0436202399686731,0.06657310156151651,0.48935142159461975,61,34,6,3,5.504038333892822,5448640,279,,267,145,53,29,86,72,17,14,,,,,,,,,,,,,,,,,,,,,,,,,353,63,104,70
ablation,early,2,0.8,ablation,0.5,4,0,6026,"Supervised only (no PL, CAA, proto)",0.956640625,0.9759212007293959,0.90625,0.8,0.8787878787878788,0.8421052631578947,0.8923076923076924,0.8564102564102565,0.12358066439628601,-0.44964867267336933,0.3146243142537156,0.13260923756304413,0.47749945521354675,58,32,8,6,3.67073130607605,5507856,0,0.6093406593406594,267,145,53,29,86,72,17,14,,,,,,,,,,,,,,,,,,,,,,,,,353,63,104,70
ablation,early,2,0.8,ablation,0.5,4,1,6027,Full,0.93046875,0.9472169026365931,0.78125,0.95,0.9615384615384616,0.7307692307692307,0.8620689655172413,0.8440779610194902,0.14042812585830688,9.99999335625205,0.2389435025321685,0.1475540829594068,0.4990212023258209,50,38,2,14,5.519396066665649,5528336,279,0.529861863488624,199,148,40,30,154,69,31,14,,,,,,,,,,,,,,,,,,,,,,,,,353,63,104,71
ablation,early,2,0.8,ablation,0.5,4,1,6027,w/o PG-PL gates 2-3 (confidence only),0.9332031250000001,0.9499346645711504,0.78125,0.95,0.9615384615384616,0.7307692307692307,0.8620689655172413,0.8440779610194902,0.1355157196521759,8.58510190227738,0.27332955527469954,0.14779780503326592,0.6482627987861633,50,38,2,14,5.966825723648071,5528336,280,0.5256635969664138,199,148,40,30,154,69,31,14,,,,,,,,,,,,,,,,,,,,,,,,,353,63,104,71
ablation,early,2,0.8,ablation,0.5,4,1,6027,w/o pseudo-labelling,0.9484375,0.9698897052010406,0.78125,0.95,0.9615384615384616,0.7307692307692307,0.8620689655172413,0.8440779610194902,0.15738439559936523,9.99999335625205,0.24831815080604674,0.16825790400616822,0.20210000872612,50,38,2,14,5.7606799602508545,5528336,0,0.5303358613217768,199,148,40,30,154,69,31,14,,,,,,,,,,,,,,,,,,,,,,,,,353,63,104,71
ablation,early,2,0.8,ablation,0.5,4,1,6027,w/o adaptive graph refinement,0.9515625,0.975840468551975,0.859375,0.95,0.9649122807017544,0.8085106382978723,0.9090909090909091,0.8913270637408568,0.1184111014008522,7.150848061443364,0.2993689369997408,0.1321713668249476,0.18504616618156433,55,38,2,9,5.818086624145508,5528336,222,0.5075839653304441,199,148,40,30,154,69,31,14,,,,,,,,,,,,,,,,,,,,,,,,,353,63,104,71
ablation,early,2,0.8,ablation,0.5,4,1,6027,w/o clinical-aware augmentation,0.946875,0.9739238991507254,0.9375,0.95,0.967741935483871,0.9047619047619048,0.9523809523809523,0.9396051103368177,0.10198475420475006,5.3063887780606525,0.4230563700024438,0.11530657983698453,0.013779607601463795,60,38,2,4,3.8849239349365234,5528336,282,0.4901137594799566,199,148,40,30,154,69,31,14,,,,,,,,,,,,,,,,,,,,,,,,,353,63,104,71
ablation,early,2,0.8,ablation,0.5,4,1,6027,w/o prototype sharing,0.9199218749999999,0.93081985697817,0.78125,0.95,0.9615384615384616,0.7307692307692307,0.8620689655172413,0.8440779610194902,0.13811436295509338,9.494706687832322,0.2562620770511882,0.14705412240269095,0.6484635472297668,50,38,2,14,5.478772401809692,5507856,274,0.5390032502708558,199,148,40,30,154,69,31,14,,,,,,,,,,,,,,,,,,,,,,,,,353,63,104,71
ablation,early,2,0.8,ablation,0.5,4,1,6027,w/o focal loss (cross-entropy),0.95859375,0.9775730528600839,0.9375,0.95,0.967741935483871,0.9047619047619048,0.9523809523809523,0.9396051103368177,0.10115018486976624,5.132009904151757,0.401354297890527,0.11963216666033707,0.030109943822026253,60,38,2,4,5.1369874477386475,5528336,278,0.4903169014084507,199,148,40,30,154,69,31,14,,,,,,,,,,,,,,,,,,,,,,,,,353,63,104,71
ablation,early,2,0.8,ablation,0.5,4,1,6027,w/o contrastive loss,0.96171875,0.9807586258908481,0.84375,0.95,0.9642857142857143,0.7916666666666666,0.9,0.8818181818181818,0.12170355021953583,9.151107747603291,0.3524805846107101,0.1270141887765091,0.08457223325967789,54,38,2,10,5.189892053604126,5528336,278,0.4792118093174431,199,148,40,30,154,69,31,14,,,,,,,,,,,,,,,,,,,,,,,,,353,63,104,71
ablation,early,2,0.8,ablation,0.5,4,1,6027,w/o class-aware smoothness,0.960546875,0.9791391059708998,0.890625,0.95,0.9661016949152542,0.8444444444444444,0.926829268292683,0.9104734576757533,0.14007967710494995,9.99999335625205,0.28222656292385107,0.1431661420882357,0.0026028549764305353,57,38,2,7,5.344081163406372,5528336,280,0.5104279523293608,199,148,40,30,154,69,31,14,,,,,,,,,,,,,,,,,,,,,,,,,353,63,104,71
ablation,early,2,0.8,ablation,0.5,4,1,6027,w/o dynamic edge attention,0.9640625,0.981220350630077,0.9375,0.925,0.9523809523809523,0.9024390243902439,0.9448818897637795,0.9292310683386799,0.11045940220355988,7.72011615971386,0.32052999378906355,0.12266695033982754,0.0004931683652102947,60,37,3,4,4.673454761505127,5180016,275,0.5571505958829902,199,148,40,30,154,69,31,14,,,,,,,,,,,,,,,,,,,,,,,,,353,63,104,71
ablation,early,2,0.8,ablation,0.5,4,1,6027,w/o FedProx term,0.92890625,0.9406213091777618,0.78125,0.95,0.9615384615384616,0.7307692307692307,0.8620689655172413,0.8440779610194902,0.1377280056476593,8.7850543547795,0.2632223357296576,0.14542923252492287,0.572298526763916,50,38,2,14,5.131303548812866,5528336,279,0.5234290357529794,199,148,40,30,154,69,31,14,,,,,,,,,,,,,,,,,,,,,,,,,353,63,104,71
ablation,early,2,0.8,ablation,0.5,4,1,6027,w/o calibrated LR head (GNN logits),0.9382812500000001,0.9566581088015205,0.78125,0.95,0.9615384615384616,0.7307692307692307,0.8620689655172413,0.8440779610194902,0.12302995473146439,2.0596825435256116,0.9302494746837332,0.1441812116222886,0.45164570212364197,50,38,2,14,5.176041841506958,5448640,279,,199,148,40,30,154,69,31,14,,,,,,,,,,,,,,,,,,,,,,,,,353,63,104,71
ablation,early,2,0.8,ablation,0.5,4,1,6027,"Supervised only (no PL, CAA, proto)",0.94921875,0.9752183006071583,0.84375,0.95,0.9642857142857143,0.7916666666666666,0.9,0.8818181818181818,0.126632422208786,9.482997854820232,0.32058450130525207,0.14076585798857896,0.2038981020450592,54,38,2,10,3.534189224243164,5507856,0,0.5069068255687974,199,148,40,30,154,69,31,14,,,,,,,,,,,,,,,,,,,,,,,,,353,63,104,71
ablation,early,2,0.8,ablation,0.5,4,2,6028,Full,0.850390625,0.9124921931881808,0.625,0.925,0.9302325581395349,0.6065573770491803,0.7476635514018691,0.7401684093643008,0.2551139295101166,4.946361137754923,0.21744583264238396,0.2506111781112849,0.836816132068634,40,37,3,24,5.609637260437012,5528336,272,0.7606310942578548,193,185,39,37,160,32,32,6,,,,,,,,,,,,,,,,,,,,,,,,,353,63,104,71
ablation,early,2,0.8,ablation,0.5,4,2,6028,w/o PG-PL gates 2-3 (confidence only),0.8453125,0.9109843055789558,0.609375,0.925,0.9285714285714286,0.5967741935483871,0.7358490566037735,0.7306696263411024,0.23860403895378113,3.1752007988752964,0.2700990782004689,0.24330390595759332,0.8484489321708679,39,37,3,25,5.946495294570923,5528336,272,0.7632042253521127,193,185,39,37,160,32,32,6,,,,,,,,,,,,,,,,,,,,,,,,,353,63,104,71
ablation,early,2,0.8,ablation,0.5,4,2,6028,w/o pseudo-labelling,0.855859375,0.9142484626590325,0.625,0.9,0.9090909090909091,0.6,0.7407407407407407,0.7303703703703703,0.2560015916824341,5.4515420409950694,0.21169654793639606,0.27486842848324716,0.7300460934638977,40,36,4,24,5.505691289901733,5528336,0,0.758464247020585,193,185,39,37,160,32,32,6,,,,,,,,,,,,,,,,,,,,,,,,,353,63,104,71
ablation,early,2,0.8,ablation,0.5,4,2,6028,w/o adaptive graph refinement,0.8671875,0.9190432265522925,0.65625,0.875,0.8936170212765957,0.6140350877192983,0.7567567567567568,0.7392031206464196,0.24621930718421936,5.380309788788676,0.19632237448781312,0.2407761173000416,0.6259516477584839,42,35,5,22,5.727737665176392,5528336,276,0.6753114842903576,193,185,39,37,160,32,32,6,,,,,,,,,,,,,,,,,,,,,,,,,353,63,104,71
ablation,early,2,0.8,ablation,0.5,4,2,6028,w/o clinical-aware augmentation,0.8554687500000001,0.9179652585480751,0.640625,0.9,0.9111111111111111,0.6101694915254238,0.7522935779816514,0.7397831526271894,0.24993076920509338,4.526508896002936,0.23938032721539965,0.2522620366205676,0.7449788451194763,41,36,4,23,3.464527130126953,5528336,261,0.7736321776814734,193,185,39,37,160,32,32,6,,,,,,,,,,,,,,,,,,,,,,,,,353,63,104,71
ablation,early,2,0.8,ablation,0.5,4,2,6028,w/o prototype sharing,0.849609375,0.9150376436845791,0.609375,0.925,0.9285714285714286,0.5967741935483871,0.7358490566037735,0.7306696263411024,0.24590975046157837,4.466129964887251,0.22933478850886233,0.25632066677252835,0.9027814269065857,39,37,3,25,5.322317600250244,5507856,263,0.7527085590465872,193,185,39,37,160,32,32,6,,,,,,,,,,,,,,,,,,,,,,,,,353,63,104,71
ablation,early,2,0.8,ablation,0.5,4,2,6028,w/o focal loss (cross-entropy),0.868359375,0.9219707533277781,0.59375,0.95,0.95,0.59375,0.7307692307692307,0.7307692307692307,0.23061062395572662,4.71683718150653,0.24267210546925158,0.23583565099845422,0.9448840618133545,38,38,2,26,5.568101406097412,5528336,276,0.7295503791982666,193,185,39,37,160,32,32,6,,,,,,,,,,,,,,,,,,,,,,,,,353,63,104,71
ablation,early,2,0.8,ablation,0.5,4,2,6028,w/o contrastive loss,0.8566406249999999,0.9177931032236046,0.609375,0.9,0.9069767441860465,0.5901639344262295,0.7289719626168224,0.7209216248727677,0.26161494851112366,3.7035925303157033,0.22883068702377718,0.2754588830284775,0.8993378281593323,39,36,4,25,5.547380208969116,5528336,262,0.7271803900325028,193,185,39,37,160,32,32,6,,,,,,,,,,,,,,,,,,,,,,,,,353,63,104,71
ablation,early,2,0.8,ablation,0.5,4,2,6028,w/o class-aware smoothness,0.917578125,0.9524759362256023,0.671875,0.95,0.9555555555555556,0.6440677966101694,0.7889908256880734,0.7783337966824205,0.1921440213918686,4.485246596049513,0.3307379186545203,0.20656240638345486,0.7966598868370056,43,38,2,21,5.027629852294922,5528336,273,0.7026679306608885,193,185,39,37,160,32,32,6,,,,,,,,,,,,,,,,,,,,,,,,,353,63,104,71
ablation,early,2,0.8,ablation,0.5,4,2,6028,w/o dynamic edge attention,0.8859375,0.93473983647069,0.6875,0.85,0.88,0.6296296296296297,0.7719298245614035,0.7476670399402763,0.2216181755065918,5.328828635616397,0.21530022528803242,0.2197159626162969,0.607501745223999,44,34,6,20,4.883220911026001,5180016,276,0.6981310942578548,193,185,39,37,160,32,32,6,,,,,,,,,,,,,,,,,,,,,,,,,353,63,104,71
ablation,early,2,0.8,ablation,0.5,4,2,6028,w/o FedProx term,0.848828125,0.9120071287976783,0.609375,0.925,0.9285714285714286,0.5967741935483871,0.7358490566037735,0.7306696263411024,0.2521970570087433,4.525567571050929,0.225619637558197,0.24757609236985445,0.8742298483848572,39,37,3,25,5.332822799682617,5528336,272,0.7618499458288192,193,185,39,37,160,32,32,6,,,,,,,,,,,,,,,,,,,,,,,,,353,63,104,71
ablation,early,2,0.8,ablation,0.5,4,2,6028,w/o calibrated LR head (GNN logits),0.87265625,0.9190314091761363,0.609375,0.9,0.9069767441860465,0.5901639344262295,0.7289719626168224,0.7209216248727677,0.1661122739315033,-0.33074034778110617,2.0054547801979887,0.11241718725516248,0.7243297696113586,39,36,4,25,5.2141642570495605,5448640,272,,193,185,39,37,160,32,32,6,,,,,,,,,,,,,,,,,,,,,,,,,353,63,104,71
ablation,early,2,0.8,ablation,0.5,4,2,6028,"Supervised only (no PL, CAA, proto)",0.8050781250000002,0.8899075480686307,0.59375,0.9,0.9047619047619048,0.5806451612903226,0.7169811320754716,0.7114317425083241,0.2809368968009949,6.263120884190505,0.15541559356893656,0.2832286676969558,0.9428938627243042,38,36,4,26,3.465308666229248,5507856,0,0.7479685807150596,193,185,39,37,160,32,32,6,,,,,,,,,,,,,,,,,,,,,,,,,353,63,104,71
ablation,early,2,0.8,ablation,0.5,4,3,6029,Full,0.986328125,0.9916637362708152,0.90625,0.975,0.9830508474576272,0.8666666666666667,0.943089430894309,0.9303682448589192,0.0689365342259407,3.0065993722664714,0.3816832905254633,0.07339704471926847,0.8021182417869568,58,39,1,6,6.004131555557251,5528336,251,0.5471153846153847,316,187,63,37,37,30,7,6,,,,,,,,,,,,,,,,,,,,,,,,,353,63,104,70
ablation,early,2,0.8,ablation,0.5,4,3,6029,w/o PG-PL gates 2-3 (confidence only),0.9832031250000001,0.9902087687089567,0.90625,0.975,0.9830508474576272,0.8666666666666667,0.943089430894309,0.9303682448589192,0.07009882479906082,3.606252034421681,0.3461395115473994,0.07441966392798346,0.8988011479377747,58,39,1,6,5.645148277282715,5528336,252,0.5470467032967032,316,187,63,37,37,30,7,6,,,,,,,,,,,,,,,,,,,,,,,,,353,63,104,70
ablation,early,2,0.8,ablation,0.5,4,3,6029,w/o pseudo-labelling,0.9734375,0.9854507876429469,0.921875,0.925,0.9516129032258065,0.8809523809523809,0.9365079365079365,0.9194734804490903,0.07319441437721252,1.5390167931941325,0.42258282568409866,0.08295386703684927,0.4014670252799988,59,37,3,5,5.896207809448242,5528336,0,0.5754807692307693,316,187,63,37,37,30,7,6,,,,,,,,,,,,,,,,,,,,,,,,,353,63,104,70
ablation,early,2,0.8,ablation,0.5,4,3,6029,w/o adaptive graph refinement,0.950390625,0.9771312758459207,0.90625,0.9,0.9354838709677419,0.8571428571428571,0.9206349206349206,0.8993418505613627,0.07577953487634659,1.68536195562424,0.2956388840782029,0.07717903058689375,0.3396187722682953,58,36,4,6,5.315203666687012,5528336,227,0.5752060439560439,316,187,63,37,37,30,7,6,,,,,,,,,,,,,,,,,,,,,,,,,353,63,104,70
ablation,early,2,0.8,ablation,0.5,4,3,6029,w/o clinical-aware augmentation,0.972265625,0.9834115744605084,0.90625,0.925,0.9508196721311475,0.8604651162790697,0.928,0.9097831325301204,0.08806329220533371,2.866069961873383,0.4094244150686252,0.09532342032672694,0.1929987519979477,58,37,3,6,3.618936777114868,5528336,256,0.593543956043956,316,187,63,37,37,30,7,6,,,,,,,,,,,,,,,,,,,,,,,,,353,63,104,70
ablation,early,2,0.8,ablation,0.5,4,3,6029,w/o prototype sharing,0.9832031250000001,0.9901613228312225,0.90625,0.975,0.9830508474576272,0.8666666666666667,0.943089430894309,0.9303682448589192,0.06568720936775208,3.671414303882473,0.3273141935130729,0.06876356111920007,0.6803610920906067,58,39,1,6,5.276996850967407,5507856,237,0.561195054945055,316,187,63,37,37,30,7,6,,,,,,,,,,,,,,,,,,,,,,,,,353,63,104,70
ablation,early,2,0.8,ablation,0.5,4,3,6029,w/o focal loss (cross-entropy),0.985546875,0.9911684346025127,0.890625,0.95,0.9661016949152542,0.8444444444444444,0.926829268292683,0.9104734576757533,0.08687002211809158,7.6760576854110125,0.3271601667583344,0.08939922230918178,0.010572623461484909,57,38,2,7,5.32248854637146,5528336,279,0.6005494505494506,316,187,63,37,37,30,7,6,,,,,,,,,,,,,,,,,,,,,,,,,353,63,104,70
ablation,early,2,0.8,ablation,0.5,4,3,6029,w/o contrastive loss,0.966796875,0.9830987052926777,0.890625,0.925,0.95,0.8409090909090909,0.9193548387096774,0.9001536098310292,0.07479061186313629,2.4498162525413005,0.42639321104354155,0.07570707105780736,0.1971256136894226,57,37,3,7,5.757227182388306,5528336,253,0.5942307692307692,316,187,63,37,37,30,7,6,,,,,,,,,,,,,,,,,,,,,,,,,353,63,104,70
ablation,early,2,0.8,ablation,0.5,4,3,6029,w/o class-aware smoothness,0.98671875,0.9922718369167169,0.875,0.975,0.9824561403508771,0.8297872340425532,0.9256198347107438,0.9110857794243374,0.06029477342963219,4.36738138414525,0.3634362848846381,0.06777101855438492,0.7147840857505798,56,39,1,8,5.22160530090332,5528336,274,0.5304945054945055,316,187,63,37,37,30,7,6,,,,,,,,,,,,,,,,,,,,,,,,,353,63,104,70
ablation,early,2,0.8,ablation,0.5,4,3,6029,w/o dynamic edge attention,0.978125,0.9875136632578752,0.875,0.975,0.9824561403508771,0.8297872340425532,0.9256198347107438,0.9110857794243374,0.07249648123979568,2.903839406078119,0.3949844450035644,0.08078981599716759,0.8221939206123352,56,39,1,8,4.743149995803833,5180016,257,0.5682692307692307,316,187,63,37,37,30,7,6,,,,,,,,,,,,,,,,,,,,,,,,,353,63,104,70
ablation,early,2,0.8,ablation,0.5,4,3,6029,w/o FedProx term,0.9820312499999999,0.9894770623284989,0.90625,0.975,0.9830508474576272,0.8666666666666667,0.943089430894309,0.9303682448589192,0.06777898222208023,4.932923682901457,0.30403352914265164,0.07025561479251614,0.900913655757904,58,39,1,6,5.741507291793823,5528336,251,0.5817994505494506,316,187,63,37,37,30,7,6,,,,,,,,,,,,,,,,,,,,,,,,,353,63,104,70
ablation,early,2,0.8,ablation,0.5,4,3,6029,w/o calibrated LR head (GNN logits),0.98203125,0.98969299449155,0.9375,0.925,0.9523809523809523,0.9024390243902439,0.9448818897637795,0.9292310683386799,0.06546080857515335,-0.3134208907984313,2.2131152928124393,0.13022029450019967,0.590467095375061,60,37,3,4,4.925369024276733,5448640,251,,316,187,63,37,37,30,7,6,,,,,,,,,,,,,,,,,,,,,,,,,353,63,104,70
ablation,early,2,0.8,ablation,0.5,4,3,6029,"Supervised only (no PL, CAA, proto)",0.9734375000000001,0.9847845755945527,0.875,0.925,0.9491525423728814,0.8222222222222222,0.9105691056910569,0.8905786704925873,0.08898153901100159,4.141093640431388,0.3355210401818657,0.093660185032954,0.587796151638031,56,37,3,8,3.4678635597229004,5507856,0,0.6047390109890111,316,187,63,37,37,30,7,6,,,,,,,,,,,,,,,,,,,,,,,,,353,63,104,70
ablation,early,2,0.8,ablation,0.5,4,4,6030,Full,0.967578125,0.9853398666798865,0.96875,0.75,0.8611111111111112,0.9375,0.9117647058823529,0.8725490196078431,0.07781153172254562,7.744004403569338,0.35205394246892896,0.08302239713576944,4.0827282646205276e-05,62,30,10,2,5.80720853805542,5528336,281,0.5298618634886241,304,173,61,35,49,44,10,9,,,,,,,,,,,,,,,,,,,,,,,,,353,63,104,71
ablation,early,2,0.8,ablation,0.5,4,4,6030,w/o PG-PL gates 2-3 (confidence only),0.9683593749999999,0.9860116391829331,0.96875,0.825,0.8985507246376812,0.9428571428571428,0.9323308270676691,0.9061654135338346,0.07252663373947144,2.9880297346922045,0.5060324581046137,0.07937185842400561,0.014682752080261707,62,33,7,2,5.2044899463653564,5528336,281,0.5478060671722643,304,173,61,35,49,44,10,9,,,,,,,,,,,,,,,,,,,,,,,,,353,63,104,71
ablation,early,2,0.8,ablation,0.5,4,4,6030,w/o pseudo-labelling,0.964453125,0.9833330578673335,0.921875,0.95,0.9672131147540983,0.8837209302325582,0.944,0.9298313253012047,0.07966737449169159,7.426994633741991,0.30906612221091395,0.08168124560324944,0.0016657781088724732,59,38,2,5,3.4870331287384033,5528336,0,0.5488217768147345,304,173,61,35,49,44,10,9,,,,,,,,,,,,,,,,,,,,,,,,,353,63,104,71
ablation,early,2,0.8,ablation,0.5,4,4,6030,w/o adaptive graph refinement,0.9796875000000002,0.9904545056100982,0.9375,0.975,0.9836065573770492,0.9069767441860465,0.96,0.9498795180722892,0.04467441141605377,2.5634453466560174,0.5718041262496276,0.053649921829883866,0.10508093982934952,60,39,1,4,3.3951683044433594,5528336,278,0.5738759479956663,304,173,61,35,49,44,10,9,,,,,,,,,,,,,,,,,,,,,,,,,353,63,104,71
ablation,early,2,0.8,ablation,0.5,4,4,6030,w/o clinical-aware augmentation,0.9703125,0.9861739309687885,0.921875,0.975,0.9833333333333333,0.8863636363636364,0.9516129032258065,0.9400921658986175,0.07066122442483902,6.119733715373318,0.374164357004165,0.07384194131904784,0.00753284664824605,59,39,1,5,2.0648117065429688,5528336,279,0.6063109425785482,304,173,61,35,49,44,10,9,,,,,,,,,,,,,,,,,,,,,,,,,353,63,104,71
ablation,early,2,0.8,ablation,0.5,4,4,6030,w/o prototype sharing,0.9664062499999999,0.984675029697807,0.96875,0.8,0.8857142857142857,0.9411764705882353,0.9253731343283582,0.8951189995966116,0.08170023560523987,8.009718267181041,0.3210935723726448,0.08433079106124261,2.9519231247832067e-05,62,32,8,2,3.018949031829834,5507856,272,0.5235644637053087,304,173,61,35,49,44,10,9,,,,,,,,,,,,,,,,,,,,,,,,,353,63,104,71
ablation,early,2,0.8,ablation,0.5,4,4,6030,w/o focal loss (cross-entropy),0.96015625,0.9820563329962373,0.921875,1.0,1.0,0.8888888888888888,0.959349593495935,0.9502630320420851,0.06611943989992142,6.930328518650094,0.31856575735845877,0.0711777026668782,0.004912808071821928,59,40,0,5,3.0291876792907715,5528336,282,0.5558640303358614,304,173,61,35,49,44,10,9,,,,,,,,,,,,,,,,,,,,,,,,,353,63,104,71
ablation,early,2,0.8,ablation,0.5,4,4,6030,w/o contrastive loss,0.966015625,0.984737953241114,0.921875,0.975,0.9833333333333333,0.8863636363636364,0.9516129032258065,0.9400921658986175,0.06285993754863739,4.783414729379676,0.3221490946204884,0.06981342627057949,0.1818985939025879,59,39,1,5,3.032248020172119,5528336,271,0.541305525460455,304,173,61,35,49,44,10,9,,,,,,,,,,,,,,,,,,,,,,,,,353,63,104,71
ablation,early,2,0.8,ablation,0.5,4,4,6030,w/o class-aware smoothness,0.971484375,0.9868211714540214,0.953125,0.95,0.9682539682539683,0.926829268292683,0.9606299212598425,0.949450763099057,0.06448370963335037,5.301265869981121,0.3800049588622299,0.06952978572539556,0.005314321722835302,61,38,2,3,2.944185256958008,5528336,281,0.5342632719393283,304,173,61,35,49,44,10,9,,,,,,,,,,,,,,,,,,,,,,,,,353,63,104,71
ablation,early,2,0.8,ablation,0.5,4,4,6030,w/o dynamic edge attention,0.97734375,0.9881403454392856,0.921875,0.95,0.9672131147540983,0.8837209302325582,0.944,0.9298313253012047,0.06071537733078003,5.748363226004197,0.3471839917558659,0.06413076681872973,0.008246921002864838,59,38,2,5,2.5830068588256836,5180016,268,0.5922264355362947,304,173,61,35,49,44,10,9,,,,,,,,,,,,,,,,,,,,,,,,,353,63,104,71
ablation,early,2,0.8,ablation,0.5,4,4,6030,w/o FedProx term,0.96796875,0.985591745095187,0.96875,0.775,0.8732394366197183,0.9393939393939394,0.9185185185185185,0.8839167935058345,0.07776869088411331,7.633185599274199,0.3437166931888796,0.08303344688745432,4.185366924502887e-05,62,31,9,2,3.2821731567382812,5528336,281,0.5255281690140845,304,173,61,35,49,44,10,9,,,,,,,,,,,,,,,,,,,,,,,,,353,63,104,71
ablation,early,2,0.8,ablation,0.5,4,4,6030,w/o calibrated LR head (GNN logits),0.9683593749999999,0.9861526446429262,0.96875,0.925,0.9538461538461539,0.9487179487179487,0.9612403100775194,0.9489745854185065,0.05829395726323128,0.6988818962110199,1.0749402235977141,0.066634325346408,0.17755430936813354,62,37,3,2,2.821728467941284,5448640,281,,304,173,61,35,49,44,10,9,,,,,,,,,,,,,,,,,,,,,,,,,353,63,104,71
ablation,early,2,0.8,ablation,0.5,4,4,6030,"Supervised only (no PL, CAA, proto)",0.9691406250000001,0.9852518090755423,0.9375,0.925,0.9523809523809523,0.9024390243902439,0.9448818897637795,0.9292310683386799,0.07410968095064163,7.808443331254201,0.3579824728928764,0.0787970749683714,0.00030144897755235434,60,37,3,4,2.0505752563476562,5507856,0,0.599810400866739,304,173,61,35,49,44,10,9,,,,,,,,,,,,,,,,,,,,,,,,,353,63,104,71
ablation,gdm_early,3,0.5,ablation,0.5,0,1,2027,Full,0.9946737344827002,0.989299375446457,0.9781021897810219,0.9814385150812065,0.9710144927536232,0.986013986013986,0.9745454545454545,0.9791331923890063,0.01949974335730076,-3.4719400132804994,0.45150204098965135,0.01886942073222288,0.9505863785743713,268,423,8,6,27.695149421691895,8043792,1165,0.46587404397281423,759,378,379,189,378,303,190,152,1260,252,630,126,,,,,,,,,,,,,,,,,,,,,2397,423,705,1199
ablation,gdm_early,3,0.5,ablation,0.5,0,1,2027,w/o PG-PL gates 2-3 (confidence only),0.9955628567073687,0.9909766202004655,0.9817518248175182,0.9791183294663574,0.9676258992805755,0.9882903981264637,0.9746376811594203,0.9791603324212019,0.020135557278990746,-3.0838121745165985,0.4898036988400586,0.020003184184914213,0.9022963047027588,269,422,9,5,29.55966305732727,8043792,1183,0.431761101154035,759,378,379,189,378,303,190,152,1260,252,630,126,,,,,,,,,,,,,,,,,,,,,2397,423,705,1199
ablation,gdm_early,3,0.5,ablation,0.5,0,1,2027,w/o pseudo-labelling,0.9959566108354363,0.9939711736400986,0.9379562043795621,0.9907192575406032,0.9846743295019157,0.9617117117117117,0.9607476635514018,0.9683738317757009,0.017721056938171387,-0.71493128112299,0.5554519305757732,0.016378338945078404,0.9902498126029968,257,427,4,17,27.401830911636353,8043792,0,0.46428465801879815,759,378,379,189,378,303,190,152,1260,252,630,126,,,,,,,,,,,,,,,,,,,,,2397,423,705,1199
ablation,gdm_early,3,0.5,ablation,0.5,0,1,2027,w/o adaptive graph refinement,0.9967568208376378,0.9946895628249741,0.9781021897810219,0.9837587006960556,0.9745454545454545,0.986046511627907,0.97632058287796,0.9806109302310821,0.020686423406004906,-3.4912073638384618,0.5252410079525589,0.021160044139977678,0.9701228737831116,268,424,7,6,28.38108468055725,8043792,1178,0.5165634482636239,759,378,379,189,378,303,190,152,1260,252,630,126,,,,,,,,,,,,,,,,,,,,,2397,423,705,1199
ablation,gdm_early,3,0.5,ablation,0.5,0,1,2027,w/o clinical-aware augmentation,0.9949531728961674,0.987675658821643,0.9708029197080292,0.9814385150812065,0.9708029197080292,0.9814385150812065,0.9708029197080292,0.9761207173946178,0.021071895956993103,-5.398368663246307,0.39893781880548435,0.02053992116893145,0.9965747594833374,266,423,8,8,16.48984169960022,8043792,1157,0.4758315144417038,759,378,379,189,378,303,190,152,1260,252,630,126,,,,,,,,,,,,,,,,,,,,,2397,423,705,1199
ablation,gdm_early,3,0.5,ablation,0.5,0,1,2027,w/o prototype sharing,0.9959862482429251,0.9928024854797451,0.9854014598540146,0.9791183294663574,0.967741935483871,0.9906103286384976,0.976491862567812,0.9806613338510005,0.0204353928565979,-6.003279064878225,0.3965784645283665,0.020110430261318347,0.990746259689331,270,422,9,4,28.381617307662964,8013072,1142,0.46925215457325553,759,378,379,189,378,303,190,152,1260,252,630,126,,,,,,,,,,,,,,,,,,,,,2397,423,705,1199
ablation,gdm_early,3,0.5,ablation,0.5,0,1,2027,w/o focal loss (cross-entropy),0.9958888681897471,0.9937762484325133,0.9598540145985401,0.9907192575406032,0.9850187265917603,0.9748858447488584,0.9722735674676525,0.9775061738373936,0.01732756197452545,-2.6890913307901423,0.45130506772683504,0.016987315245866056,0.9986106157302856,263,427,4,11,28.68183994293213,8043792,1144,0.4748537492827948,759,378,379,189,378,303,190,152,1260,252,630,126,,,,,,,,,,,,,,,,,,,,,2397,423,705,1199
ablation,gdm_early,3,0.5,ablation,0.5,0,1,2027,w/o contrastive loss,0.9917862042102055,0.9786523892780375,0.9854014598540146,0.974477958236659,0.9608540925266904,0.9905660377358491,0.972972972972973,0.9777145566619251,0.021528029814362526,-6.621896002997732,0.39366279464999226,0.02197362614980508,0.9759551882743835,270,420,11,4,26.27558135986328,8043792,1167,0.46576698075819684,759,378,379,189,378,303,190,152,1260,252,630,126,,,,,,,,,,,,,,,,,,,,,2397,423,705,1199
ablation,gdm_early,3,0.5,ablation,0.5,0,1,2027,w/o class-aware smoothness,0.9898682405541348,0.9894180537201578,0.9452554744525548,0.9907192575406032,0.9847908745247148,0.9660633484162896,0.9646182495344506,0.9714271087305701,0.018555566668510437,-0.38431040739459693,0.42875927135500763,0.018815855093214463,0.9971742630004883,259,427,4,15,26.4600830078125,8043792,1145,0.4867040500653618,759,378,379,189,378,303,190,152,1260,252,630,126,,,,,,,,,,,,,,,,,,,,,2397,423,705,1199
ablation,gdm_early,3,0.5,ablation,0.5,0,1,2027,w/o dynamic edge attention,0.9942122377089437,0.9848651438946562,0.9598540145985401,0.9791183294663574,0.9669117647058824,0.9745958429561201,0.9633699633699634,0.9701109076109076,0.021585386246442795,-6.882242075661631,0.39335559083085403,0.021394040567077128,0.9997711777687073,263,422,9,11,22.476847648620605,7582752,1152,0.47652239750619607,759,378,379,189,378,303,190,152,1260,252,630,126,,,,,,,,,,,,,,,,,,,,,2397,423,705,1199
ablation,gdm_early,3,0.5,ablation,0.5,0,1,2027,w/o FedProx term,0.9954019679238573,0.9909287979156901,0.9781021897810219,0.9791183294663574,0.9675090252707581,0.985981308411215,0.9727767695099818,0.9776573021007418,0.01792321540415287,-5.033977218420166,0.39763269273679147,0.01828814343126582,0.9897316098213196,268,422,9,6,27.017494201660156,8043792,1167,0.47273082178411086,759,378,379,189,378,303,190,152,1260,252,630,126,,,,,,,,,,,,,,,,,,,,,2397,423,705,1199
ablation,gdm_early,3,0.5,ablation,0.5,0,1,2027,w/o calibrated LR head (GNN logits),0.9949531728961675,0.9893886896101354,0.9817518248175182,0.9837587006960556,0.9746376811594203,0.9883449883449883,0.9781818181818182,0.9821141649048626,0.02490839920938015,0.3385418831086202,1.9654640775426717,0.07752644108436632,0.5900155901908875,269,424,7,5,27.902921199798584,7927200,1165,,759,378,379,189,378,303,190,152,1260,252,630,126,,,,,,,,,,,,,,,,,,,,,2397,423,705,1199
ablation,gdm_early,3,0.5,ablation,0.5,0,1,2027,"Supervised only (no PL, CAA, proto)",0.9951691025793012,0.9894400051653769,0.948905109489051,0.988399071925754,0.9811320754716981,0.9681818181818181,0.9647495361781077,0.9714677646447369,0.020549437031149864,-4.928415572837332,0.42119149023210006,0.02099850665173552,0.9995365142822266,260,426,5,14,17.41173815727234,8013072,0,0.46597341756428234,759,378,379,189,378,303,190,152,1260,252,630,126,,,,,,,,,,,,,,,,,,,,,2397,423,705,1199
ablation,gdm_early,3,0.5,ablation,0.5,0,0,2026,Full,0.988195843988687,0.9730842581005296,0.9854014598540146,0.9419953596287703,0.9152542372881356,0.9902439024390244,0.9490333919156415,0.9572753166474759,0.03570043295621872,-6.352215710151136,0.32890649253199544,0.03552610781142845,0.017796512693166733,270,406,25,4,28.450374841690063,8043792,1168,0.5275471876682105,316,16,158,8,1454,594,727,297,627,323,314,162,,,,,,,,,,,,,,,,,,,,,2397,423,705,1199
ablation,gdm_early,3,0.5,ablation,0.5,0,0,2026,w/o PG-PL gates 2-3 (confidence only),0.9891950480126,0.9717578869873976,0.9890510948905109,0.9443155452436195,0.9186440677966101,0.9926829268292683,0.9525483304042179,0.9602218465338569,0.03627493605017662,-6.823529445739626,0.3341812550540531,0.03741636222495914,0.013160953298211098,271,407,24,3,28.65105366706848,8043792,1170,0.5291135047527786,316,16,158,8,1454,594,727,297,627,323,314,162,,,,,,,,,,,,,,,,,,,,,2397,423,705,1199
ablation,gdm_early,3,0.5,ablation,0.5,0,0,2026,w/o pseudo-labelling,0.9858968279506156,0.9671442169407771,0.9817518248175182,0.9466357308584686,0.9212328767123288,0.9878934624697336,0.950530035335689,0.958677339942726,0.03543340787291527,-5.242195512440884,0.3252230918560497,0.03664360081905776,0.034875281155109406,269,408,23,5,28.27655577659607,8043792,0,0.535403024979445,316,16,158,8,1454,594,727,297,627,323,314,162,,,,,,,,,,,,,,,,,,,,,2397,423,705,1199
ablation,gdm_early,3,0.5,ablation,0.5,0,0,2026,w/o adaptive graph refinement,0.9776237573458431,0.938479880440173,0.9781021897810219,0.951276102088167,0.9273356401384083,0.9855769230769231,0.9520426287744227,0.9600827075395135,0.035183027386665344,-3.3085071123762693,0.32248258627911786,0.03383762793126681,0.06347683072090149,268,410,21,6,28.5497465133667,8043792,1181,0.5465772304343454,316,16,158,8,1454,594,727,297,627,323,314,162,,,,,,,,,,,,,,,,,,,,,2397,423,705,1199
ablation,gdm_early,3,0.5,ablation,0.5,0,0,2026,w/o clinical-aware augmentation,0.9844488288990126,0.9655335681501933,0.9854014598540146,0.9419953596287703,0.9152542372881356,0.9902439024390244,0.9490333919156415,0.9572753166474759,0.036607127636671066,-4.59369820556724,0.3127942336836449,0.03703889562100244,0.006705869920551777,270,406,25,4,16.890930891036987,8043792,1169,0.5290951679591149,316,16,158,8,1454,594,727,297,627,323,314,162,,,,,,,,,,,,,,,,,,,,,2397,423,705,1199
ablation,gdm_early,3,0.5,ablation,0.5,0,0,2026,w/o prototype sharing,0.988750486900266,0.9701891466607204,0.9890510948905109,0.9419953596287703,0.9155405405405406,0.9926650366748166,0.9508771929824561,0.9587719298245614,0.03606623038649559,-6.107856024347728,0.3354766394313344,0.03656589681058066,0.017598699778318405,271,406,25,3,28.573204517364502,8013072,1163,0.532030237964261,316,16,158,8,1454,594,727,297,627,323,314,162,,,,,,,,,,,,,,,,,,,,,2397,423,705,1199
ablation,gdm_early,3,0.5,ablation,0.5,0,0,2026,w/o focal loss (cross-entropy),0.9831955899537657,0.9544963041197684,0.9781021897810219,0.9559164733178654,0.9337979094076655,0.9856459330143541,0.9554367201426025,0.962995156302161,0.03451311215758324,-5.7233847983137025,0.2941376061726074,0.03448563944416265,0.08098974078893661,268,412,19,6,28.68645691871643,8043792,1189,0.5245683459620606,316,16,158,8,1454,594,727,297,627,323,314,162,,,,,,,,,,,,,,,,,,,,,2397,423,705,1199
ablation,gdm_early,3,0.5,ablation,0.5,0,0,2026,w/o contrastive loss,0.9868917980591733,0.9662111489801811,0.9963503649635036,0.9466357308584686,0.9222972972972973,0.9975550122249389,0.9578947368421052,0.9646616541353383,0.034381333738565445,-5.503398268282918,0.34052868056281116,0.03437926748318346,0.004777450114488602,273,408,23,1,26.811217308044434,8043792,1169,0.5226406165894747,316,16,158,8,1454,594,727,297,627,323,314,162,,,,,,,,,,,,,,,,,,,,,2397,423,705,1199
ablation,gdm_early,3,0.5,ablation,0.5,0,0,2026,w/o class-aware smoothness,0.9702736802885835,0.9412019867305603,0.9671532846715328,0.9535962877030162,0.9298245614035088,0.9785714285714285,0.9481216457960644,0.9570220449896891,0.036266569048166275,-0.9433648245103157,0.3179570839021442,0.03600599449788423,0.031852006912231445,265,411,20,9,26.983504056930542,8043792,1160,0.5360093221892949,316,16,158,8,1454,594,727,297,627,323,314,162,,,,,,,,,,,,,,,,,,,,,2397,423,705,1199
ablation,gdm_early,3,0.5,ablation,0.5,0,0,2026,w/o dynamic edge attention,0.988001083882331,0.971803853340252,0.9817518248175182,0.9466357308584686,0.9212328767123288,0.9878934624697336,0.950530035335689,0.958677339942726,0.03508821874856949,-4.274859711077397,0.3289934207806056,0.03454290104721152,0.19154523313045502,269,408,23,5,22.315850734710693,7582752,1176,0.5129327631182014,316,16,158,8,1454,594,727,297,627,323,314,162,,,,,,,,,,,,,,,,,,,,,2397,423,705,1199
ablation,gdm_early,3,0.5,ablation,0.5,0,0,2026,w/o FedProx term,0.9885684285399765,0.9762650120585461,0.9890510948905109,0.9419953596287703,0.9155405405405406,0.9926650366748166,0.9508771929824561,0.9587719298245614,0.03621961548924446,-6.27053116039649,0.3310457304709698,0.03627657195724917,0.022981051355600357,271,406,25,3,27.2373104095459,8043792,1169,0.523260518517204,316,16,158,8,1454,594,727,297,627,323,314,162,,,,,,,,,,,,,,,,,,,,,2397,423,705,1199
ablation,gdm_early,3,0.5,ablation,0.5,0,0,2026,w/o calibrated LR head (GNN logits),0.9913797483360713,0.9838053254120749,0.9671532846715328,0.9582366589327146,0.9363957597173145,0.9786729857819905,0.9515260323159784,0.9599365214334874,0.03936030715703964,0.07400561896714869,2.0560811333412445,0.09590209455143477,0.367080420255661,265,413,18,9,28.231818437576294,7927200,1168,,316,16,158,8,1454,594,727,297,627,323,314,162,,,,,,,,,,,,,,,,,,,,,2397,423,705,1199
ablation,gdm_early,3,0.5,ablation,0.5,0,0,2026,"Supervised only (no PL, CAA, proto)",0.9852236354090809,0.9626608369874996,0.9854014598540146,0.9443155452436195,0.9183673469387755,0.9902676399026764,0.9507042253521126,0.9587250342912582,0.03508206829428673,-5.086294837021207,0.32729110186004196,0.03611137828507284,0.02344338782131672,270,407,24,4,17.134161472320557,8013072,0,0.5383948798940015,316,16,158,8,1454,594,727,297,627,323,314,162,,,,,,,,,,,,,,,,,,,,,2397,423,705,1199
ablation,gdm_early,3,0.5,ablation,0.5,0,2,2028,Full,0.983851846833878,0.9791730229261228,0.9525547445255474,0.9489559164733179,0.9222614840989399,0.9691943127962085,0.9371633752244165,0.9480658611174837,0.037827279418706894,-0.6605878119653066,0.4221842162755778,0.0356543133991394,0.3782370090484619,261,409,22,13,29.154830932617188,8043792,1178,0.49238017496850217,1675,675,838,338,261,244,130,122,461,14,231,7,,,,,,,,,,,,,,,,,,,,,2397,423,705,1199
ablation,gdm_early,3,0.5,ablation,0.5,0,2,2028,w/o PG-PL gates 2-3 (confidence only),0.9877216454688638,0.982040068080401,0.9343065693430657,0.9721577726218097,0.9552238805970149,0.9588100686498856,0.9446494464944649,0.955043617256449,0.03493579477071762,-0.9310925941592407,0.4493406233086605,0.03389044782767693,0.8923549652099609,256,419,12,18,30.11936330795288,8043792,1170,0.5023559822310555,1675,675,838,338,261,244,130,122,461,14,231,7,,,,,,,,,,,,,,,,,,,,,2397,423,705,1199
ablation,gdm_early,3,0.5,ablation,0.5,0,2,2028,w/o pseudo-labelling,0.9893474689654005,0.9805120046913782,0.9343065693430657,0.9698375870069605,0.9516728624535316,0.9587155963302753,0.9429097605893186,0.9535771409636328,0.036765363067388535,-0.8003525896928101,0.49369062190885254,0.034991598163123735,0.7566867470741272,256,418,13,18,29.33079481124878,8043792,0,0.4918478164427803,1675,675,838,338,261,244,130,122,461,14,231,7,,,,,,,,,,,,,,,,,,,,,2397,423,705,1199
ablation,gdm_early,3,0.5,ablation,0.5,0,2,2028,w/o adaptive graph refinement,0.9855454129761038,0.9788874913776083,0.9708029197080292,0.9582366589327146,0.9366197183098591,0.9809976247030879,0.953405017921147,0.9614442929981322,0.03461926057934761,0.5641642922338405,0.573943565559829,0.030279875462148196,0.13079385459423065,266,413,18,8,29.828988313674927,8043792,1186,0.5382582412057328,1675,675,838,338,261,244,130,122,461,14,231,7,,,,,,,,,,,,,,,,,,,,,2397,423,705,1199
ablation,gdm_early,3,0.5,ablation,0.5,0,2,2028,w/o clinical-aware augmentation,0.9905287313496027,0.9846013588606786,0.9744525547445255,0.9605568445475638,0.9401408450704225,0.9833729216152018,0.956989247311828,0.9644101166136605,0.032115064561367035,-3.5200429251101175,0.32764424661178726,0.03203623454971569,0.6150897145271301,267,414,17,7,18.044235467910767,8043792,1166,0.5114912545324413,1675,675,838,338,261,244,130,122,461,14,231,7,,,,,,,,,,,,,,,,,,,,,2397,423,705,1199
ablation,gdm_early,3,0.5,ablation,0.5,0,2,2028,w/o prototype sharing,0.9908505089166257,0.9866018530875396,0.9306569343065694,0.974477958236659,0.9586466165413534,0.9567198177676538,0.9444444444444444,0.9549808429118773,0.03644245117902756,-2.463278807969998,0.3858194235852881,0.037990688563056985,0.9828255772590637,255,420,11,19,29.704065084457397,8013072,1156,0.4990370225779166,1675,675,838,338,261,244,130,122,461,14,231,7,,,,,,,,,,,,,,,,,,,,,2397,423,705,1199
ablation,gdm_early,3,0.5,ablation,0.5,0,2,2028,w/o focal loss (cross-entropy),0.9899105797076905,0.9803405399650277,0.9744525547445255,0.9582366589327146,0.9368421052631579,0.9833333333333333,0.9552772808586762,0.9629500387842147,0.03390324115753174,-0.8157839518675737,0.29768885278015983,0.03426019690430503,0.1621716171503067,267,413,18,7,29.48777151107788,8043792,1196,0.5137650169467464,1675,675,838,338,261,244,130,122,461,14,231,7,,,,,,,,,,,,,,,,,,,,,2397,423,705,1199
ablation,gdm_early,3,0.5,ablation,0.5,0,2,2028,w/o contrastive loss,0.9874125696479077,0.9771062019956608,0.9525547445255474,0.9582366589327146,0.9354838709677419,0.9694835680751174,0.9439421338155516,0.953884719183155,0.039221327751874924,-2.1574323447573436,0.32214411861150266,0.03692474481038724,0.6984013915061951,261,413,18,13,27.28669762611389,8043792,1169,0.4979456876001869,1675,675,838,338,261,244,130,122,461,14,231,7,,,,,,,,,,,,,,,,,,,,,2397,423,705,1199
ablation,gdm_early,3,0.5,ablation,0.5,0,2,2028,w/o class-aware smoothness,0.9804266093112266,0.9649041049789261,0.9343065693430657,0.974477958236659,0.9588014981273408,0.958904109589041,0.9463955637707948,0.9565119360856276,0.03343112766742706,-0.33750742473460493,0.3414438618013533,0.03199865196844734,0.9091777205467224,256,420,11,18,28.69039225578308,8043792,1183,0.5111186035644361,1675,675,838,338,261,244,130,122,461,14,231,7,,,,,,,,,,,,,,,,,,,,,2397,423,705,1199
ablation,gdm_early,3,0.5,ablation,0.5,0,2,2028,w/o dynamic edge attention,0.9883524988568427,0.9798180018230808,0.9525547445255474,0.9675174013921114,0.9490909090909091,0.9697674418604652,0.9508196721311475,0.959730393556863,0.03152363374829292,-1.9385690262132196,0.3610652652605553,0.03100095873546674,0.901677131652832,261,417,14,13,23.852845191955566,7582752,1177,0.5047693408809942,1675,675,838,338,261,244,130,122,461,14,231,7,,,,,,,,,,,,,,,,,,,,,2397,423,705,1199
ablation,gdm_early,3,0.5,ablation,0.5,0,2,2028,w/o FedProx term,0.986028079326638,0.9801828141482741,0.9562043795620438,0.9651972157772621,0.9458483754512635,0.9719626168224299,0.9509981851179673,0.9597831437813352,0.03493047505617142,-1.8874827620552623,0.33728092435262386,0.034048147306196305,0.6735907196998596,262,416,15,12,29.019454956054688,8043792,1179,0.5042636002815585,1675,675,838,338,261,244,130,122,461,14,231,7,,,,,,,,,,,,,,,,,,,,,2397,423,705,1199
ablation,gdm_early,3,0.5,ablation,0.5,0,2,2028,w/o calibrated LR head (GNN logits),0.9896692465324233,0.9810276484326318,0.9671532846715328,0.9698375870069605,0.9532374100719424,0.9789227166276346,0.9601449275362319,0.9672519509476032,0.03763289377093315,0.30741830820385635,1.8247652285482838,0.0815148245781026,0.44598767161369324,265,418,13,9,29.504737377166748,7927200,1178,,1675,675,838,338,261,244,130,122,461,14,231,7,,,,,,,,,,,,,,,,,,,,,2397,423,705,1199
ablation,gdm_early,3,0.5,ablation,0.5,0,2,2028,"Supervised only (no PL, CAA, proto)",0.988661574677799,0.9813364945682975,0.9562043795620438,0.9675174013921114,0.9492753623188406,0.972027972027972,0.9527272727272728,0.9612473572938689,0.0315544530749321,-1.878140676780749,0.34944772836651034,0.03232596285561933,0.669257640838623,262,417,14,12,18.314623594284058,8013072,0,0.5010599849756594,1675,675,838,338,261,244,130,122,461,14,231,7,,,,,,,,,,,,,,,,,,,,,2397,423,705,1199
ablation,gdm_early,3,0.5,ablation,0.5,0,3,2029,Full,0.988693446088795,0.975335808654539,0.9745454545454545,0.9674418604651163,0.950354609929078,0.983451536643026,0.9622980251346499,0.9688395166704902,0.02865162119269371,-4.753167867038609,0.34191248734115604,0.029754881057409383,0.8249039053916931,268,416,14,7,29.07486891746521,8043792,1178,0.47525900140896765,1456,635,728,318,272,164,136,82,669,133,334,66,,,,,,,,,,,,,,,,,,,,,2397,423,705,1198
ablation,gdm_early,3,0.5,ablation,0.5,0,3,2029,w/o PG-PL gates 2-3 (confidence only),0.98692177589852,0.9638821580861374,0.9818181818181818,0.9534883720930233,0.9310344827586207,0.9879518072289156,0.9557522123893806,0.9630832067864062,0.028953587636351585,-3.076307569562304,0.40942596611638227,0.029765577111327147,0.03762248903512955,270,410,20,5,28.211509943008423,8043792,1177,0.46744633490806187,1456,635,728,318,272,164,136,82,669,133,334,66,,,,,,,,,,,,,,,,,,,,,2397,423,705,1198
ablation,gdm_early,3,0.5,ablation,0.5,0,3,2029,w/o pseudo-labelling,0.987708245243129,0.9756752591490165,0.9818181818181818,0.9534883720930233,0.9310344827586207,0.9879518072289156,0.9557522123893806,0.9630832067864062,0.030742034316062927,-3.6955373647114187,0.33439512162343205,0.03189019651490914,0.010154851712286472,270,410,20,5,29.63367795944214,8043792,0,0.47849607501864805,1456,635,728,318,272,164,136,82,669,133,334,66,,,,,,,,,,,,,,,,,,,,,2397,423,705,1198
ablation,gdm_early,3,0.5,ablation,0.5,0,3,2029,w/o adaptive graph refinement,0.9832854122621564,0.9532225380774414,0.9818181818181818,0.9604651162790697,0.9407665505226481,0.9880382775119617,0.9608540925266904,0.9674553481501377,0.029146043583750725,0.2156166066064412,0.3961272799334022,0.027823235887162217,0.006888058967888355,270,413,17,5,27.822611570358276,8043792,1139,0.5147450242129318,1456,635,728,318,272,164,136,82,669,133,334,66,,,,,,,,,,,,,,,,,,,,,2397,423,705,1198
ablation,gdm_early,3,0.5,ablation,0.5,0,3,2029,w/o clinical-aware augmentation,0.9849682875264271,0.9686376777822662,0.9818181818181818,0.958139534883721,0.9375,0.988009592326139,0.9591474245115453,0.9659963804966227,0.030980655923485756,-4.666403964610461,0.3283352741948615,0.031798808595020316,0.21357935667037964,270,412,18,5,18.40556764602661,8043792,1137,0.48760700458210493,1456,635,728,318,272,164,136,82,669,133,334,66,,,,,,,,,,,,,,,,,,,,,2397,423,705,1198
ablation,gdm_early,3,0.5,ablation,0.5,0,3,2029,w/o prototype sharing,0.9884862579281184,0.9724852970959932,0.9818181818181818,0.9534883720930233,0.9310344827586207,0.9879518072289156,0.9557522123893806,0.9630832067864062,0.02929854765534401,-4.473228097079793,0.34211237979878306,0.02995193026157375,0.013664943166077137,270,410,20,5,28.436700105667114,8013072,1178,0.47379734545755925,1456,635,728,318,272,164,136,82,669,133,334,66,,,,,,,,,,,,,,,,,,,,,2397,423,705,1198
ablation,gdm_early,3,0.5,ablation,0.5,0,3,2029,w/o focal loss (cross-entropy),0.9902875264270613,0.9811006343485786,0.9854545454545455,0.9558139534883721,0.9344827586206896,0.9903614457831326,0.95929203539823,0.9660365502434938,0.03301136568188667,-6.422499211751072,0.3191522149580605,0.03392652019145008,0.003000500611960888,271,411,19,4,31.140864610671997,8043792,1197,0.47558401117702087,1456,635,728,318,272,164,136,82,669,133,334,66,,,,,,,,,,,,,,,,,,,,,2397,423,705,1198
ablation,gdm_early,3,0.5,ablation,0.5,0,3,2029,w/o contrastive loss,0.9900634249471458,0.9800880633993247,0.9818181818181818,0.958139534883721,0.9375,0.988009592326139,0.9591474245115453,0.9659963804966227,0.029901133850216866,-5.0236751953893775,0.3364946418282314,0.030416575129678918,0.16011257469654083,270,412,18,5,28.344164848327637,8043792,1181,0.4703441906723973,1456,635,728,318,272,164,136,82,669,133,334,66,,,,,,,,,,,,,,,,,,,,,2397,423,705,1198
ablation,gdm_early,3,0.5,ablation,0.5,0,3,2029,w/o class-aware smoothness,0.988600422832981,0.9727225719885803,0.9781818181818182,0.9627906976744186,0.9438596491228071,0.9857142857142858,0.9607142857142857,0.9674159663865547,0.02628028579056263,-0.663874324511866,0.3466682720124139,0.02696439016062159,0.005426490679383278,269,414,16,6,27.0332772731781,8043792,1158,0.489613303496371,1456,635,728,318,272,164,136,82,669,133,334,66,,,,,,,,,,,,,,,,,,,,,2397,423,705,1198
ablation,gdm_early,3,0.5,ablation,0.5,0,3,2029,w/o dynamic edge attention,0.9892515856236784,0.9811047800975717,0.9527272727272728,0.9767441860465116,0.9632352941176471,0.9699769053117783,0.9579524680073126,0.9656506256606667,0.03174089640378952,-6.085657934439883,0.3262178483507466,0.0326133630307827,0.9993446469306946,262,420,10,13,23.253146648406982,7582752,1184,0.48464462046673534,1456,635,728,318,272,164,136,82,669,133,334,66,,,,,,,,,,,,,,,,,,,,,2397,423,705,1198
ablation,gdm_early,3,0.5,ablation,0.5,0,3,2029,w/o FedProx term,0.9876955602536998,0.9716390167238012,0.9781818181818182,0.9674418604651163,0.950530035335689,0.985781990521327,0.96415770609319,0.970341763844717,0.027802059426903725,-3.024707798022317,0.4129921687681253,0.02818042441239873,0.3187864124774933,269,416,14,6,27.915623903274536,8043792,1178,0.467899809374963,1456,635,728,318,272,164,136,82,669,133,334,66,,,,,,,,,,,,,,,,,,,,,2397,423,705,1198
ablation,gdm_early,3,0.5,ablation,0.5,0,3,2029,w/o calibrated LR head (GNN logits),0.9886511627906975,0.9759789754441339,0.9818181818181818,0.9534883720930233,0.9310344827586207,0.9879518072289156,0.9557522123893806,0.9630832067864062,0.03378928080201149,-0.06126294218554057,1.8608032338006648,0.07615332842295898,0.2995028495788574,270,410,20,5,27.991776943206787,7927200,1178,,1456,635,728,318,272,164,136,82,669,133,334,66,,,,,,,,,,,,,,,,,,,,,2397,423,705,1198
ablation,gdm_early,3,0.5,ablation,0.5,0,3,2029,"Supervised only (no PL, CAA, proto)",0.982384778012685,0.9542503657861366,0.9781818181818182,0.9604651162790697,0.9405594405594405,0.9856801909307876,0.9590017825311943,0.9659555437979882,0.03246431425213814,-2.210876835053726,0.3603012911840259,0.030705253983325992,0.3339107632637024,269,413,17,6,17.33342432975769,8013072,0,0.49545104725369704,1456,635,728,318,272,164,136,82,669,133,334,66,,,,,,,,,,,,,,,,,,,,,2397,423,705,1198
ablation,gdm_early,3,0.5,ablation,0.5,0,4,2030,Full,0.9926046511627906,0.983393194785518,0.9927272727272727,0.9697674418604652,0.9545454545454546,0.9952267303102625,0.9732620320855615,0.9777970937812966,0.021051621064543724,-6.411421991794586,0.41060804990453975,0.022308231911998502,0.2146071195602417,273,417,13,2,29.531994819641113,8043792,1175,0.4850406706212482,905,568,452,284,100,7,50,4,1392,357,696,178,,,,,,,,,,,,,,,,,,,,,2397,423,705,1198
ablation,gdm_early,3,0.5,ablation,0.5,0,4,2030,w/o PG-PL gates 2-3 (confidence only),0.992431289640592,0.9872687493265636,0.9963636363636363,0.9720930232558139,0.958041958041958,0.9976133651551312,0.9768270944741533,0.9807574812771238,0.019443454220891,-0.9689333079631528,0.6545386438065689,0.018426350821205913,0.07188974320888519,274,418,12,1,30.168084144592285,8043792,1175,0.4664428894493186,905,568,452,284,100,7,50,4,1392,357,696,178,,,,,,,,,,,,,,,,,,,,,2397,423,705,1198
ablation,gdm_early,3,0.5,ablation,0.5,0,4,2030,w/o pseudo-labelling,0.9900126849894292,0.978309123907788,0.9927272727272727,0.9674418604651163,0.9512195121951219,0.9952153110047847,0.9715302491103203,0.9763311622910091,0.018629619851708412,-0.8745410339724267,0.6964006081783342,0.01856562218047573,0.048955392092466354,273,416,14,2,30.215991735458374,8043792,0,0.48119264968801434,905,568,452,284,100,7,50,4,1392,357,696,178,,,,,,,,,,,,,,,,,,,,,2397,423,705,1198
ablation,gdm_early,3,0.5,ablation,0.5,0,4,2030,w/o adaptive graph refinement,0.9893192389006342,0.9737984971174954,0.9890909090909091,0.9697674418604652,0.9543859649122807,0.9928571428571429,0.9714285714285714,0.9763025210084033,0.021315213292837143,-1.2380845257850346,0.6529114543319068,0.01972326731461213,0.05532928183674812,272,417,13,3,29.10019540786743,8043792,1171,0.48406919333641174,905,568,452,284,100,7,50,4,1392,357,696,178,,,,,,,,,,,,,,,,,,,,,2397,423,705,1198
ablation,gdm_early,3,0.5,ablation,0.5,0,4,2030,w/o clinical-aware augmentation,0.989522198731501,0.9789823228499948,0.9927272727272727,0.9627906976744186,0.9446366782006921,0.9951923076923077,0.9680851063829787,0.9734042553191489,0.019838890060782433,-5.634628916621747,0.4011466692401181,0.01954207849418016,0.16724874079227448,273,414,16,2,17.68815565109253,8043792,1159,0.4853491042991274,905,568,452,284,100,7,50,4,1392,357,696,178,,,,,,,,,,,,,,,,,,,,,2397,423,705,1198
ablation,gdm_early,3,0.5,ablation,0.5,0,4,2030,w/o prototype sharing,0.9928964059196617,0.9845870291272448,0.9854545454545455,0.9744186046511628,0.9609929078014184,0.9905437352245863,0.9730700179533214,0.9777425119074931,0.017838936299085617,-1.430819178100469,0.6918815309076359,0.01708412512918896,0.21879632771015167,271,419,11,4,30.006927728652954,8013072,1169,0.4746202299340509,905,568,452,284,100,7,50,4,1392,357,696,178,,,,,,,,,,,,,,,,,,,,,2397,423,705,1198
ablation,gdm_early,3,0.5,ablation,0.5,0,4,2030,w/o focal loss (cross-entropy),0.9847188160676532,0.9561953821376988,0.9890909090909091,0.9697674418604652,0.9543859649122807,0.9928571428571429,0.9714285714285714,0.9763025210084033,0.021298730745911598,-1.0267901190841282,0.6144919792979768,0.017816404234750054,0.10439138114452362,272,417,13,3,32.617984771728516,8043792,1172,0.48089368806166305,905,568,452,284,100,7,50,4,1392,357,696,178,,,,,,,,,,,,,,,,,,,,,2397,423,705,1198
ablation,gdm_early,3,0.5,ablation,0.5,0,4,2030,w/o contrastive loss,0.9894376321353066,0.9823811024399743,0.9854545454545455,0.9674418604651163,0.9508771929824561,0.9904761904761905,0.9678571428571429,0.9733403361344538,0.022576993331313133,-0.4305732234110247,0.6364446821291194,0.019446456798266426,0.15397246181964874,271,416,14,4,28.475351095199585,8043792,1174,0.4745397174960632,905,568,452,284,100,7,50,4,1392,357,696,178,,,,,,,,,,,,,,,,,,,,,2397,423,705,1198
ablation,gdm_early,3,0.5,ablation,0.5,0,4,2030,w/o class-aware smoothness,0.9898350951374209,0.959581159069455,0.9745454545454545,0.9744186046511628,0.9605734767025089,0.9835680751173709,0.9675090252707581,0.9732404939437902,0.022710714489221573,-0.4298625378400012,0.6564580063282912,0.020307660869699207,0.3994690775871277,268,419,11,7,28.1314754486084,8043792,1081,0.48126369007447406,905,568,452,284,100,7,50,4,1392,357,696,178,,,,,,,,,,,,,,,,,,,,,2397,423,705,1198
ablation,gdm_early,3,0.5,ablation,0.5,0,4,2030,w/o dynamic edge attention,0.9925116279069768,0.985506503634815,0.9672727272727273,0.9837209302325581,0.9743589743589743,0.9791666666666666,0.9708029197080292,0.9761207173946178,0.01979956589639187,-2.0456220834947225,0.4429431926140587,0.019041651754032357,0.976527988910675,266,423,7,9,22.847243309020996,7582752,1177,0.4768799062266899,905,568,452,284,100,7,50,4,1392,357,696,178,,,,,,,,,,,,,,,,,,,,,2397,423,705,1198
ablation,gdm_early,3,0.5,ablation,0.5,0,4,2030,w/o FedProx term,0.9925369978858349,0.9832172909347403,0.9927272727272727,0.9697674418604652,0.9545454545454546,0.9952267303102625,0.9732620320855615,0.9777970937812966,0.020912429317831993,-6.403450841433529,0.40956306302077944,0.02159768221041203,0.35812270641326904,273,417,13,2,28.705839157104492,8043792,1175,0.4876934370522976,905,568,452,284,100,7,50,4,1392,357,696,178,,,,,,,,,,,,,,,,,,,,,2397,423,705,1198
ablation,gdm_early,3,0.5,ablation,0.5,0,4,2030,w/o calibrated LR head (GNN logits),0.9921691331923891,0.9832486387125033,0.9890909090909091,0.9674418604651163,0.951048951048951,0.9928400954653938,0.9696969696969697,0.9748367062854695,0.02888278290629387,0.7301417700187335,1.6221960625408467,0.06329204582787575,0.15917471051216125,272,416,14,3,28.52124333381653,7927200,1175,,905,568,452,284,100,7,50,4,1392,357,696,178,,,,,,,,,,,,,,,,,,,,,2397,423,705,1198
ablation,gdm_early,3,0.5,ablation,0.5,0,4,2030,"Supervised only (no PL, CAA, proto)",0.9915560253699789,0.9840839978030047,0.9927272727272727,0.9720930232558139,0.9578947368421052,0.9952380952380953,0.975,0.9792647058823529,0.01967584528028965,-6.816340132168234,0.3944707112486524,0.018418229952560254,0.27381274104118347,273,418,12,2,17.900359869003296,8013072,0,0.48470855681454916,905,568,452,284,100,7,50,4,1392,357,696,178,,,,,,,,,,,,,,,,,,,,,2397,423,705,1198
ablation,gdm_early,3,0.5,ablation,0.5,1,0,3026,Full,0.9850246413873694,0.961785822799746,0.9781021897810219,0.9095127610208816,0.8729641693811075,0.9849246231155779,0.9225473321858864,0.9341325321966827,0.05387509986758232,-4.562383429672385,0.4063583269143427,0.056548789074869016,0.2749518156051636,268,392,39,6,29.362422943115234,8043792,1185,0.5079506032512817,1117,277,558,138,249,240,124,120,1031,416,516,208,,,,,,,,,,,,,,,,,,,,,2397,423,705,1198
ablation,gdm_early,3,0.5,ablation,0.5,1,0,3026,w/o PG-PL gates 2-3 (confidence only),0.9853802902772368,0.9648369694648273,0.9817518248175182,0.9025522041763341,0.864951768488746,0.9873096446700508,0.9196581196581196,0.9313442113442113,0.05420567840337753,-6.402425021929556,0.36221300299277365,0.05629179628205928,0.0984644740819931,269,389,42,5,30.174046993255615,8043792,1186,0.5073651120662096,1117,277,558,138,249,240,124,120,1031,416,516,208,,,,,,,,,,,,,,,,,,,,,2397,423,705,1198
ablation,gdm_early,3,0.5,ablation,0.5,1,0,3026,w/o pseudo-labelling,0.9849823022338138,0.9670832204426681,0.9781021897810219,0.9071925754060325,0.8701298701298701,0.9848866498740554,0.9209621993127147,0.9327033218785796,0.04841716215014458,-4.017904660985483,0.41784372066892744,0.05165665356891483,0.07905969768762589,268,391,40,6,28.822392225265503,8043792,0,0.4904728921725333,1117,277,558,138,249,240,124,120,1031,416,516,208,,,,,,,,,,,,,,,,,,,,,2397,423,705,1198
ablation,gdm_early,3,0.5,ablation,0.5,1,0,3026,w/o adaptive graph refinement,0.9850288753027249,0.9661178108860257,0.9708029197080292,0.9605568445475638,0.9399293286219081,0.981042654028436,0.9551166965888689,0.9629041865124883,0.05904531851410866,-8.4356730412574,0.3665233226788905,0.06245371121946218,0.9994725584983826,266,414,17,8,28.73161506652832,8043792,1184,0.5162510804058774,1117,277,558,138,249,240,124,120,1031,416,516,208,,,,,,,,,,,,,,,,,,,,,2397,423,705,1198
ablation,gdm_early,3,0.5,ablation,0.5,1,0,3026,w/o clinical-aware augmentation,0.9816967839178959,0.9662613516793713,0.9744525547445255,0.9187935034802784,0.8841059602649006,0.9826302729528535,0.9270833333333334,0.9383618105515588,0.05674305185675621,-5.511777062981109,0.36990432031437853,0.05848134309028649,0.7422980666160583,267,396,35,7,17.689565658569336,8043792,1171,0.5062326099053979,1117,277,558,138,249,240,124,120,1031,416,516,208,,,,,,,,,,,,,,,,,,,,,2397,423,705,1198
ablation,gdm_early,3,0.5,ablation,0.5,1,0,3026,w/o prototype sharing,0.9862397750944163,0.9659610495854938,0.9817518248175182,0.91415313225058,0.8790849673202614,0.9874686716791979,0.9275862068965517,0.9384918986289987,0.05460754781961441,-6.775434561566794,0.355250907607509,0.05571709483001605,0.34640970826148987,269,394,37,5,30.880812406539917,8013072,1181,0.4980345493079482,1117,277,558,138,249,240,124,120,1031,416,516,208,,,,,,,,,,,,,,,,,,,,,2397,423,705,1198
ablation,gdm_early,3,0.5,ablation,0.5,1,0,3026,w/o focal loss (cross-entropy),0.9842159635544566,0.9674244634872708,0.9781021897810219,0.9048723897911833,0.8673139158576052,0.9848484848484849,0.9193825042881647,0.9312752908381573,0.061720795929431915,-8.433385210040544,0.35040767549656615,0.06365487969146898,0.1377505660057068,268,390,41,6,31.407405138015747,8043792,1189,0.5002995536295717,1117,277,558,138,249,240,124,120,1031,416,516,208,,,,,,,,,,,,,,,,,,,,,2397,423,705,1198
ablation,gdm_early,3,0.5,ablation,0.5,1,0,3026,w/o contrastive loss,0.9792792182498687,0.9570387216196288,0.9781021897810219,0.9350348027842227,0.9054054054054054,0.9853300733496333,0.9403508771929825,0.949937343358396,0.04808543995022774,-6.010817965084911,0.35957461020989895,0.04921219254586291,0.7878879308700562,268,403,28,6,27.55235981941223,8043792,1184,0.5000378882061118,1117,277,558,138,249,240,124,120,1031,416,516,208,,,,,,,,,,,,,,,,,,,,,2397,423,705,1198
ablation,gdm_early,3,0.5,ablation,0.5,1,0,3026,w/o class-aware smoothness,0.9825816722272088,0.9716948317462796,0.9671532846715328,0.9651972157772621,0.9464285714285714,0.9788235294117648,0.9566787003610109,0.9643206585917203,0.04189154878258705,-4.319159621456471,0.33701251651206904,0.044180124034074716,0.942572832107544,265,416,15,9,28.30043339729309,8043792,1182,0.5243532364816064,1117,277,558,138,249,240,124,120,1031,416,516,208,,,,,,,,,,,,,,,,,,,,,2397,423,705,1198
ablation,gdm_early,3,0.5,ablation,0.5,1,0,3026,w/o dynamic edge attention,0.984016969532745,0.9682869969606237,0.9744525547445255,0.9466357308584686,0.9206896551724137,0.983132530120482,0.9468085106382979,0.9556737588652482,0.04583977907896042,-6.172762867904834,0.3352821445033722,0.047767207012115495,0.9240916967391968,267,408,23,7,22.630393028259277,7582752,1175,0.5110077078819308,1117,277,558,138,249,240,124,120,1031,416,516,208,,,,,,,,,,,,,,,,,,,,,2397,423,705,1198
ablation,gdm_early,3,0.5,ablation,0.5,1,0,3026,w/o FedProx term,0.9845123376293461,0.9623962556728873,0.9781021897810219,0.9095127610208816,0.8729641693811075,0.9849246231155779,0.9225473321858864,0.9341325321966827,0.05328541249036789,-4.476012260951379,0.4011721752929169,0.0560497499038036,0.22753284871578217,268,392,39,6,28.661707878112793,8043792,1184,0.5095312518500101,1117,277,558,138,249,240,124,120,1031,416,516,208,,,,,,,,,,,,,,,,,,,,,2397,423,705,1198
ablation,gdm_early,3,0.5,ablation,0.5,1,0,3026,w/o calibrated LR head (GNN logits),0.9855962199603705,0.9622022006309567,0.9854014598540146,0.8979118329466357,0.8598726114649682,0.989769820971867,0.9183673469387755,0.9299865931774169,0.0385291613638401,-0.7058594863239389,1.5489535505706788,0.05992987022754995,0.32801949977874756,270,387,44,4,28.462003231048584,7927200,1185,,1117,277,558,138,249,240,124,120,1031,416,516,208,,,,,,,,,,,,,,,,,,,,,2397,423,705,1198
ablation,gdm_early,3,0.5,ablation,0.5,1,0,3026,"Supervised only (no PL, CAA, proto)",0.9881789083272647,0.9725671920140423,0.9781021897810219,0.9211136890951276,0.8874172185430463,0.9851116625310173,0.9305555555555556,0.941296962430056,0.062087513506412506,-8.279242024473147,0.35709906336138564,0.06379862940533365,0.9524826407432556,268,397,34,6,17.233191967010498,8013072,0,0.5153559715364852,1117,277,558,138,249,240,124,120,1031,416,516,208,,,,,,,,,,,,,,,,,,,,,2397,423,705,1198
ablation,gdm_early,3,0.5,ablation,0.5,1,1,3027,Full,0.9942630446932105,0.9877054433237885,0.9817518248175182,0.962877030162413,0.9438596491228071,0.9880952380952381,0.962432915921288,0.9688780325787403,0.02719654142856598,-6.824773569411017,0.37583444079897477,0.028285194385973454,0.978420078754425,269,415,16,5,28.8303382396698,8043792,1159,0.48712274594773797,531,198,265,99,1053,383,527,192,813,352,406,176,,,,,,,,,,,,,,,,,,,,,2397,423,705,1198
ablation,gdm_early,3,0.5,ablation,0.5,1,1,3027,w/o PG-PL gates 2-3 (confidence only),0.9944112317306553,0.9878568677076203,0.9635036496350365,0.9721577726218097,0.9565217391304348,0.9766899766899767,0.96,0.9672093023255814,0.02730523981153965,-7.596206314609509,0.3724499468246919,0.027621888573089896,0.9994291663169861,264,419,12,10,27.74564528465271,8043792,1159,0.4917604991771155,531,198,265,99,1053,383,527,192,813,352,406,176,,,,,,,,,,,,,,,,,,,,,2397,423,705,1198
ablation,gdm_early,3,0.5,ablation,0.5,1,1,3027,w/o pseudo-labelling,0.99343319728352,0.9853192015285387,0.9890510948905109,0.9721577726218097,0.9575971731448764,0.9928909952606635,0.9730700179533214,0.9777425119074931,0.02361232601106167,-7.0004586268019064,0.4036372892034272,0.023828846488828326,0.966962456703186,271,419,12,3,28.923728466033936,8043792,0,0.4957304727737719,531,198,265,99,1053,383,527,192,813,352,406,176,,,,,,,,,,,,,,,,,,,,,2397,423,705,1198
ablation,gdm_early,3,0.5,ablation,0.5,1,1,3027,w/o adaptive graph refinement,0.9919174555862279,0.9849983030571662,0.9562043795620438,0.9721577726218097,0.9562043795620438,0.9721577726218097,0.9562043795620438,0.9641810760919267,0.02537889964878559,-8.28864751279677,0.3678877450762784,0.02551777228343148,0.9999160766601562,262,419,12,12,27.954857110977173,8043792,1184,0.4962153234113593,531,198,265,99,1053,383,527,192,813,352,406,176,,,,,,,,,,,,,,,,,,,,,2397,423,705,1198
ablation,gdm_early,3,0.5,ablation,0.5,1,1,3027,w/o clinical-aware augmentation,0.9943350212542551,0.9878076649870139,0.9890510948905109,0.9698375870069605,0.954225352112676,0.9928741092636579,0.9713261648745519,0.9762734110757736,0.024672525003552437,-7.1961482123103755,0.3880367315294005,0.025187574725817733,0.9368917942047119,271,418,13,3,18.200551986694336,8043792,1174,0.4906013568713814,531,198,265,99,1053,383,527,192,813,352,406,176,,,,,,,,,,,,,,,,,,,,,2397,423,705,1198
ablation,gdm_early,3,0.5,ablation,0.5,1,1,3027,w/o prototype sharing,0.9947457110437448,0.9883786984565982,0.9525547445255474,0.9767981438515081,0.9630996309963099,0.9700460829493087,0.9577981651376147,0.9656042848809461,0.02761884406208992,-7.939766839551087,0.39349509039745284,0.027988943252101516,0.9999337196350098,261,421,10,13,29.9734525680542,8013072,1161,0.4858049467789105,531,198,265,99,1053,383,527,192,813,352,406,176,,,,,,,,,,,,,,,,,,,,,2397,423,705,1198
ablation,gdm_early,3,0.5,ablation,0.5,1,1,3027,w/o focal loss (cross-entropy),0.995414669669924,0.9925263732807873,0.9562043795620438,0.9814385150812065,0.9703703703703703,0.9724137931034482,0.9632352941176471,0.970070302947969,0.027698593214154243,-5.393727871428185,0.3567766760356594,0.028012567601543963,0.999222993850708,262,423,8,12,28.231524229049683,8043792,1195,0.47524716134455774,531,198,265,99,1053,383,527,192,813,352,406,176,,,,,,,,,,,,,,,,,,,,,2397,423,705,1198
ablation,gdm_early,3,0.5,ablation,0.5,1,1,3027,w/o contrastive loss,0.9917396311412943,0.981403832022861,0.9781021897810219,0.9651972157772621,0.9469964664310954,0.985781990521327,0.9622980251346499,0.9688395166704902,0.027501681819558144,-8.088945845463503,0.39738473729570106,0.02669118916903167,0.9965576529502869,268,416,15,6,27.196850299835205,8043792,1179,0.48326880498229907,531,198,265,99,1053,383,527,192,813,352,406,176,,,,,,,,,,,,,,,,,,,,,2397,423,705,1198
ablation,gdm_early,3,0.5,ablation,0.5,1,1,3027,w/o class-aware smoothness,0.9961386691957255,0.9929433370938308,0.948905109489051,0.9837587006960556,0.9737827715355806,0.9680365296803652,0.9611829944547134,0.968508643372351,0.025532839819788933,-6.3959167437462785,0.37570760610299087,0.026175555454712396,0.9998453855514526,260,424,7,14,27.25633430480957,8043792,1175,0.4872754827786263,531,198,265,99,1053,383,527,192,813,352,406,176,,,,,,,,,,,,,,,,,,,,,2397,423,705,1198
ablation,gdm_early,3,0.5,ablation,0.5,1,1,3027,w/o dynamic edge attention,0.9977052178772843,0.996289650943462,0.9416058394160584,0.9860788863109049,0.9772727272727273,0.963718820861678,0.9591078066914498,0.9669392244466424,0.02682797610759735,-6.110029021393983,0.3825345493359731,0.027578098044634965,0.9996969699859619,258,425,6,16,23.560139656066895,7582752,1183,0.49581335322464154,531,198,265,99,1053,383,527,192,813,352,406,176,,,,,,,,,,,,,,,,,,,,,2397,423,705,1198
ablation,gdm_early,3,0.5,ablation,0.5,1,1,3027,w/o FedProx term,0.9944959100377665,0.9869505919004201,0.9817518248175182,0.962877030162413,0.9438596491228071,0.9880952380952381,0.962432915921288,0.9688780325787403,0.027928844094276428,-6.010814107494246,0.3936715711495301,0.027688097430670494,0.9177485108375549,269,415,16,5,27.803626775741577,8043792,1159,0.4728649403852757,531,198,265,99,1053,383,527,192,813,352,406,176,,,,,,,,,,,,,,,,,,,,,2397,423,705,1198
ablation,gdm_early,3,0.5,ablation,0.5,1,1,3027,w/o calibrated LR head (GNN logits),0.9947584127898116,0.9878949100072735,0.9562043795620438,0.9791183294663574,0.966789667896679,0.9723502304147466,0.9614678899082569,0.968595216630429,0.02634360082447529,-0.48617733372998534,1.8971625554354374,0.06075237190469782,0.8086550235748291,262,422,9,12,27.769986391067505,7927200,1159,,531,198,265,99,1053,383,527,192,813,352,406,176,,,,,,,,,,,,,,,,,,,,,2397,423,705,1198
ablation,gdm_early,3,0.5,ablation,0.5,1,1,3027,"Supervised only (no PL, CAA, proto)",0.9943350212542551,0.9881862474579148,0.9635036496350365,0.9837587006960556,0.974169741697417,0.9769585253456221,0.9688073394495413,0.9745770801293949,0.025270750746130943,-6.447258616381513,0.38618531563825625,0.025369997620615613,0.9995530247688293,264,424,7,10,17.179677963256836,8013072,0,0.49692868729205886,531,198,265,99,1053,383,527,192,813,352,406,176,,,,,,,,,,,,,,,,,,,,,2397,423,705,1198
ablation,gdm_early,3,0.5,ablation,0.5,1,2,3028,Full,0.986387962131861,0.9662586160511615,0.9927007299270073,0.9605568445475638,0.9411764705882353,0.9951923076923077,0.9662522202486679,0.9719100534537318,0.026030244305729866,-7.711752561527954,0.3653345117516118,0.026423585555740765,0.6240401268005371,272,414,17,2,28.44705080986023,8043792,1186,0.5121501960853903,465,270,233,135,415,135,208,68,1517,528,758,264,,,,,,,,,,,,,,,,,,,,,2397,423,705,1199
ablation,gdm_early,3,0.5,ablation,0.5,1,2,3028,w/o PG-PL gates 2-3 (confidence only),0.986777482344573,0.9681663576283435,0.9927007299270073,0.9535962877030162,0.9315068493150684,0.9951573849878934,0.9611307420494699,0.9675321956692847,0.02576153352856636,-7.681269338525249,0.368426441122708,0.026244309397764405,0.03309859335422516,272,411,20,2,28.557424068450928,8043792,1187,0.5094925440230925,465,270,233,135,415,135,208,68,1517,528,758,264,,,,,,,,,,,,,,,,,,,,,2397,423,705,1199
ablation,gdm_early,3,0.5,ablation,0.5,1,2,3028,w/o pseudo-labelling,0.9826621166189646,0.9563089745983563,0.9854014598540146,0.9605568445475638,0.9407665505226481,0.9904306220095693,0.9625668449197861,0.9689159312938154,0.02642587386071682,-3.449383910126165,0.3988269789170285,0.026084678403451945,0.12766295671463013,270,414,17,4,27.968950033187866,8043792,0,0.5079096646732797,465,270,233,135,415,135,208,68,1517,528,758,264,,,,,,,,,,,,,,,,,,,,,2397,423,705,1199
ablation,gdm_early,3,0.5,ablation,0.5,1,2,3028,w/o adaptive graph refinement,0.9827340931800093,0.9572282191530864,0.9927007299270073,0.9605568445475638,0.9411764705882353,0.9951923076923077,0.9662522202486679,0.9719100534537318,0.026589667424559593,-6.233164562642171,0.39252900856420586,0.02636897543904286,0.9039784073829651,272,414,17,2,29.017070055007935,8043792,1172,0.5047734814473054,465,270,233,135,415,135,208,68,1517,528,758,264,,,,,,,,,,,,,,,,,,,,,2397,423,705,1199
ablation,gdm_early,3,0.5,ablation,0.5,1,2,3028,w/o clinical-aware augmentation,0.9834707944518772,0.9611836574576055,0.9744525547445255,0.9675174013921114,0.9501779359430605,0.9834905660377359,0.9621621621621622,0.9688003793266952,0.025692051276564598,-5.466555732746763,0.3710132209526523,0.026829939538238094,0.9892756342887878,267,417,14,7,18.997398376464844,8043792,1175,0.5074536108695781,465,270,233,135,415,135,208,68,1517,528,758,264,,,,,,,,,,,,,,,,,,,,,2397,423,705,1199
ablation,gdm_early,3,0.5,ablation,0.5,1,2,3028,w/o prototype sharing,0.9854649685843481,0.9655872843673163,0.9890510948905109,0.9675174013921114,0.9508771929824561,0.9928571428571429,0.9695885509838998,0.9748060263732661,0.025868749246001244,-7.642566308396407,0.36120421114026957,0.026585673464211174,0.9919824004173279,271,417,14,3,28.120683193206787,8013072,1186,0.5115758403870838,465,270,233,135,415,135,208,68,1517,528,758,264,,,,,,,,,,,,,,,,,,,,,2397,423,705,1199
ablation,gdm_early,3,0.5,ablation,0.5,1,2,3028,w/o focal loss (cross-entropy),0.9833268413297881,0.966454686405323,0.9927007299270073,0.9559164733178654,0.9347079037800687,0.9951690821256038,0.9628318584070796,0.9689898937005812,0.02559635415673256,-6.553926587863156,0.35127497947548075,0.026075820311084914,0.009385650046169758,272,412,19,2,28.394468545913696,8043792,1197,0.48747064634240117,465,270,233,135,415,135,208,68,1517,528,758,264,,,,,,,,,,,,,,,,,,,,,2397,423,705,1199
ablation,gdm_early,3,0.5,ablation,0.5,1,2,3028,w/o contrastive loss,0.9861720324487272,0.9646766248770363,0.9927007299270073,0.9582366589327146,0.9379310344827586,0.9951807228915662,0.9645390070921985,0.970449172576832,0.02431156300008297,-2.599011008729569,0.6210991563250141,0.022623662894974788,0.4441130459308624,272,413,18,2,27.263696670532227,8043792,1188,0.48048077889967405,465,270,233,135,415,135,208,68,1517,528,758,264,,,,,,,,,,,,,,,,,,,,,2397,423,705,1199
ablation,gdm_early,3,0.5,ablation,0.5,1,2,3028,w/o class-aware smoothness,0.9893474689654005,0.9724442145720195,0.9890510948905109,0.9698375870069605,0.954225352112676,0.9928741092636579,0.9713261648745519,0.9762734110757736,0.021840019151568413,-4.9884081380013265,0.36669831468154246,0.02211028570833565,0.8886204361915588,271,418,13,3,28.040703296661377,8043792,1152,0.5075908410673198,465,270,233,135,415,135,208,68,1517,528,758,264,,,,,,,,,,,,,,,,,,,,,2397,423,705,1199
ablation,gdm_early,3,0.5,ablation,0.5,1,2,3028,w/o dynamic edge attention,0.9821074737073856,0.9562373177852446,0.9927007299270073,0.962877030162413,0.9444444444444444,0.9952038369304557,0.9679715302491103,0.9733725575773853,0.02554161660373211,-3.7291364886969447,0.4154814625201058,0.02500936206502851,0.7742778658866882,272,415,16,2,22.30096459388733,7582752,1169,0.47843474763248334,465,270,233,135,415,135,208,68,1517,528,758,264,,,,,,,,,,,,,,,,,,,,,2397,423,705,1199
ablation,gdm_early,3,0.5,ablation,0.5,1,2,3028,w/o FedProx term,0.9863752603857943,0.9662353376463116,0.9927007299270073,0.9605568445475638,0.9411764705882353,0.9951923076923077,0.9662522202486679,0.9719100534537318,0.026082521304488182,-7.719818956052322,0.36532381379233764,0.02645044566779431,0.618046224117279,272,414,17,2,28.360642671585083,8043792,1186,0.5129167923624296,465,270,233,135,415,135,208,68,1517,528,758,264,,,,,,,,,,,,,,,,,,,,,2397,423,705,1199
ablation,gdm_early,3,0.5,ablation,0.5,1,2,3028,w/o calibrated LR head (GNN logits),0.9894829542567785,0.9698950404389596,0.9927007299270073,0.962877030162413,0.9444444444444444,0.9952038369304557,0.9679715302491103,0.9733725575773853,0.024563174694776535,-0.14652905363553753,1.5574227081416725,0.043394884630932024,0.3951226472854614,272,415,16,2,28.12944459915161,7927200,1186,,465,270,233,135,415,135,208,68,1517,528,758,264,,,,,,,,,,,,,,,,,,,,,2397,423,705,1199
ablation,gdm_early,3,0.5,ablation,0.5,1,2,3028,"Supervised only (no PL, CAA, proto)",0.9795120835944248,0.957503023903233,0.9890510948905109,0.962877030162413,0.9442508710801394,0.992822966507177,0.966131907308378,0.9718763187896424,0.027991745620965958,-4.093942028735843,0.3941533995423777,0.028295034167591267,0.8666363954544067,271,415,16,3,17.02627205848694,8013072,0,0.49987637452013794,465,270,233,135,415,135,208,68,1517,528,758,264,,,,,,,,,,,,,,,,,,,,,2397,423,705,1199
ablation,gdm_early,3,0.5,ablation,0.5,1,3,3029,Full,0.9862114164904863,0.9818209522094417,0.9309090909090909,0.9790697674418605,0.9660377358490566,0.9568181818181818,0.9481481481481482,0.9579821200510856,0.028702834621071815,0.7275622229941262,0.37715287805135,0.031525156061918,0.8414759635925293,256,421,9,19,28.567088842391968,8043792,1163,0.4897659574468085,439,420,220,210,473,58,237,29,1485,454,743,227,,,,,,,,,,,,,,,,,,,,,2397,423,705,1200
ablation,gdm_early,3,0.5,ablation,0.5,1,3,3029,w/o PG-PL gates 2-3 (confidence only),0.985754756871036,0.9757809745009111,0.9454545454545454,0.9790697674418605,0.966542750929368,0.9655963302752294,0.9558823529411765,0.9640843635375629,0.02826007269322872,0.41817149510303653,0.3210144072444603,0.02823815415365661,0.920283317565918,260,421,9,15,28.737818956375122,8043792,1162,0.5073475177304965,439,420,220,210,473,58,237,29,1485,454,743,227,,,,,,,,,,,,,,,,,,,,,2397,423,705,1200
ablation,gdm_early,3,0.5,ablation,0.5,1,3,3029,w/o pseudo-labelling,0.9813361522198731,0.9728055906858568,0.9418181818181818,0.9837209302325581,0.9736842105263158,0.9635535307517085,0.9574861367837338,0.9655094665506702,0.030675318092107773,0.467052134934328,0.5160137694712309,0.026637764083525382,0.8371950387954712,259,423,7,16,28.11639666557312,8043792,0,0.4853640661938534,439,420,220,210,473,58,237,29,1485,454,743,227,,,,,,,,,,,,,,,,,,,,,2397,423,705,1200
ablation,gdm_early,3,0.5,ablation,0.5,1,3,3029,w/o adaptive graph refinement,0.9763467230443975,0.9611954158839799,0.8909090909090909,0.986046511627907,0.9760956175298805,0.933920704845815,0.9315589353612167,0.9454174767303821,0.0513138473033905,-0.8497145323841888,0.4061229768359873,0.0508449051998133,0.9792402982711792,245,424,6,30,30.719083070755005,8043792,1166,0.5183161938534279,439,420,220,210,473,58,237,29,1485,454,743,227,,,,,,,,,,,,,,,,,,,,,2397,423,705,1200
ablation,gdm_early,3,0.5,ablation,0.5,1,3,3029,w/o clinical-aware augmentation,0.9800042283298098,0.975032443235648,0.9345454545454546,0.9837209302325581,0.9734848484848485,0.9591836734693877,0.9536178107606679,0.9624575850588644,0.0313882976770401,-0.24516568023279958,0.389953518817228,0.028534113421890855,0.8729520440101624,257,423,7,18,17.4570415019989,8043792,1163,0.48788238770685577,439,420,220,210,473,58,237,29,1485,454,743,227,,,,,,,,,,,,,,,,,,,,,2397,423,705,1200
ablation,gdm_early,3,0.5,ablation,0.5,1,3,3029,w/o prototype sharing,0.9869260042283298,0.9822412842092312,0.92,0.9837209302325581,0.9730769230769231,0.950561797752809,0.9457943925233645,0.9563257676902537,0.028488699346780777,0.7768868924519768,0.3862253409247734,0.028145691805935274,0.9678622484207153,253,423,7,22,27.893788814544678,8013072,1145,0.4893723404255319,439,420,220,210,473,58,237,29,1485,454,743,227,,,,,,,,,,,,,,,,,,,,,2397,423,705,1200
ablation,gdm_early,3,0.5,ablation,0.5,1,3,3029,w/o focal loss (cross-entropy),0.9838520084566595,0.9710295960866425,0.9272727272727272,0.9837209302325581,0.9732824427480916,0.9548532731376975,0.9497206703910615,0.9593964176697576,0.03428392857313156,-1.1388281604013446,0.3855511370394426,0.03602717210215036,0.9884867668151855,255,423,7,20,28.4683895111084,8043792,1178,0.4923900709219858,439,420,220,210,473,58,237,29,1485,454,743,227,,,,,,,,,,,,,,,,,,,,,2397,423,705,1200
ablation,gdm_early,3,0.5,ablation,0.5,1,3,3029,w/o contrastive loss,0.9867906976744185,0.9797220547144567,0.9236363636363636,0.9790697674418605,0.9657794676806084,0.9524886877828054,0.9442379182156134,0.9549171242454214,0.0391957052052021,-3.5245752548386196,0.4030903252228715,0.03813051693471718,0.9962345957756042,254,421,9,21,27.416292905807495,8043792,1163,0.49406973995271863,439,420,220,210,473,58,237,29,1485,454,743,227,,,,,,,,,,,,,,,,,,,,,2397,423,705,1200
ablation,gdm_early,3,0.5,ablation,0.5,1,3,3029,w/o class-aware smoothness,0.9830528541226216,0.964702098695495,0.9381818181818182,0.9837209302325581,0.9735849056603774,0.9613636363636363,0.9555555555555556,0.963984674329502,0.02717328444123268,0.2323515376179717,0.3730833646836669,0.026502716720949664,0.9554597735404968,258,423,7,17,27.64795732498169,8043792,1160,0.4927482269503546,439,420,220,210,473,58,237,29,1485,454,743,227,,,,,,,,,,,,,,,,,,,,,2397,423,705,1200
ablation,gdm_early,3,0.5,ablation,0.5,1,3,3029,w/o dynamic edge attention,0.9794418604651163,0.9598792394171005,0.8981818181818182,0.9837209302325581,0.9724409448818898,0.9379157427937915,0.9338374291115312,0.947054923409341,0.04057253524661064,-1.5848257018163794,0.2981777055762854,0.041083102407270755,0.9964751601219177,247,423,7,28,23.09766459465027,7582752,1162,0.5027990543735223,439,420,220,210,473,58,237,29,1485,454,743,227,,,,,,,,,,,,,,,,,,,,,2397,423,705,1200
ablation,gdm_early,3,0.5,ablation,0.5,1,3,3029,w/o FedProx term,0.9823594080338266,0.9771908400254501,0.9454545454545454,0.9790697674418605,0.966542750929368,0.9655963302752294,0.9558823529411765,0.9640843635375629,0.031799960881471634,0.9699856837561958,0.5311277670303675,0.03230022744453969,0.4555340111255646,260,421,9,15,27.561012744903564,8043792,1163,0.48325000000000007,439,420,220,210,473,58,237,29,1485,454,743,227,,,,,,,,,,,,,,,,,,,,,2397,423,705,1200
ablation,gdm_early,3,0.5,ablation,0.5,1,3,3029,w/o calibrated LR head (GNN logits),0.9876279069767443,0.982258969110551,0.9272727272727272,0.9790697674418605,0.9659090909090909,0.9546485260770975,0.9461966604823747,0.9564507986682826,0.03489665687084198,-0.17620562453389674,1.8108368207987238,0.07873306293436819,0.6460576057434082,255,421,9,20,28.00271201133728,7927200,1163,,439,420,220,210,473,58,237,29,1485,454,743,227,,,,,,,,,,,,,,,,,,,,,2397,423,705,1200
ablation,gdm_early,3,0.5,ablation,0.5,1,3,3029,"Supervised only (no PL, CAA, proto)",0.9862283298097252,0.982993328877425,0.9418181818181818,0.9767441860465116,0.9628252788104089,0.963302752293578,0.9522058823529411,0.9610913938323598,0.031524188816547394,0.8594885683904466,0.428116836262673,0.0311592068219333,0.45814698934555054,259,420,10,16,17.673611402511597,8013072,0,0.5018475177304964,439,420,220,210,473,58,237,29,1485,454,743,227,,,,,,,,,,,,,,,,,,,,,2397,423,705,1200
ablation,gdm_early,3,0.5,ablation,0.5,1,4,3030,Full,0.9883298097251586,0.9735621159282845,0.9890909090909091,0.9697674418604652,0.9543859649122807,0.9928571428571429,0.9714285714285714,0.9763025210084033,0.024408111348748207,-3.5874508485487917,0.35599775811725587,0.0253168208858969,0.014654474332928658,272,417,13,3,28.011085748672485,8043792,1167,0.5050739682596017,668,58,334,29,1388,796,694,398,341,78,171,39,,,,,,,,,,,,,,,,,,,,,2397,423,705,1199
ablation,gdm_early,3,0.5,ablation,0.5,1,4,3030,w/o PG-PL gates 2-3 (confidence only),0.9883467230443975,0.9696162486163886,0.9854545454545455,0.9720930232558139,0.9575971731448764,0.990521327014218,0.9713261648745519,0.9762734110757736,0.024362726137042046,-3.7822022393030896,0.3472699282461715,0.025246830548305076,0.009345946833491325,271,418,12,4,29.37000298500061,8043792,1167,0.5038891747851342,668,58,334,29,1388,796,694,398,341,78,171,39,,,,,,,,,,,,,,,,,,,,,2397,423,705,1199
ablation,gdm_early,3,0.5,ablation,0.5,1,4,3030,w/o pseudo-labelling,0.9878393234672305,0.9688055618182789,0.9818181818181818,0.9720930232558139,0.9574468085106383,0.9881796690307328,0.9694793536804309,0.9747748468284921,0.02663543075323105,-0.5665641619274918,0.4402428343539746,0.027657544676293704,0.06278946250677109,270,418,12,5,28.52728271484375,8043792,0,0.4956583204680023,668,58,334,29,1388,796,694,398,341,78,171,39,,,,,,,,,,,,,,,,,,,,,2397,423,705,1199
ablation,gdm_early,3,0.5,ablation,0.5,1,4,3030,w/o adaptive graph refinement,0.988169133192389,0.9671388452230802,0.9818181818181818,0.9767441860465116,0.9642857142857143,0.9882352941176471,0.972972972972973,0.9777145566619251,0.024423569440841675,-0.7122446205311289,0.3564825179669706,0.02477612837105459,0.06974639743566513,270,420,10,5,28.509511470794678,8043792,1149,0.5254709894178955,668,58,334,29,1388,796,694,398,341,78,171,39,,,,,,,,,,,,,,,,,,,,,2397,423,705,1199
ablation,gdm_early,3,0.5,ablation,0.5,1,4,3030,w/o clinical-aware augmentation,0.9896490486257928,0.977420103935838,0.9818181818181818,0.9697674418604652,0.9540636042402827,0.9881516587677726,0.967741935483871,0.9733075874602454,0.024205336347222328,-1.963665901298908,0.4719699663658439,0.02461517075116328,0.2415742427110672,270,417,13,5,16.85728144645691,8043792,1154,0.5081947722392774,668,58,334,29,1388,796,694,398,341,78,171,39,,,,,,,,,,,,,,,,,,,,,2397,423,705,1199
ablation,gdm_early,3,0.5,ablation,0.5,1,4,3030,w/o prototype sharing,0.988262156448203,0.9733991615825789,0.9818181818181818,0.9720930232558139,0.9574468085106383,0.9881796690307328,0.9694793536804309,0.9747748468284921,0.02468840777873993,-3.5843369181827116,0.355022151609166,0.025384104582695733,0.30606013536453247,270,418,12,5,31.093472003936768,8013072,1163,0.5081155099698922,668,58,334,29,1388,796,694,398,341,78,171,39,,,,,,,,,,,,,,,,,,,,,2397,423,705,1199
ablation,gdm_early,3,0.5,ablation,0.5,1,4,3030,w/o focal loss (cross-entropy),0.9889640591966173,0.9797346439018269,0.9781818181818182,0.9720930232558139,0.9572953736654805,0.9858490566037735,0.9676258992805755,0.9732743079541051,0.023584498092532158,-5.602182262613026,0.3371161515224799,0.02429923394454249,0.43314582109451294,269,418,12,6,31.28180694580078,8043792,1166,0.5049893824049592,668,58,334,29,1388,796,694,398,341,78,171,39,,,,,,,,,,,,,,,,,,,,,2397,423,705,1199
ablation,gdm_early,3,0.5,ablation,0.5,1,4,3030,w/o contrastive loss,0.9869767441860465,0.9590531887416812,0.9818181818181818,0.9720930232558139,0.9574468085106383,0.9881796690307328,0.9694793536804309,0.9747748468284921,0.023665808141231537,-1.8138340930711194,0.4822959461764474,0.022776416818617945,0.5274147391319275,270,418,12,5,28.309956073760986,8043792,1151,0.49719387905997314,668,58,334,29,1388,796,694,398,341,78,171,39,,,,,,,,,,,,,,,,,,,,,2397,423,705,1199
ablation,gdm_early,3,0.5,ablation,0.5,1,4,3030,w/o class-aware smoothness,0.9892727272727273,0.9738700511693825,0.9890909090909091,0.9720930232558139,0.9577464788732394,0.9928741092636579,0.9731663685152058,0.9777700232705289,0.023401720449328423,-3.842830862817277,0.3513895477968926,0.02403328558776846,0.011971798725426197,272,418,12,3,26.677213191986084,8043792,1138,0.5168674841327583,668,58,334,29,1388,796,694,398,341,78,171,39,,,,,,,,,,,,,,,,,,,,,2397,423,705,1199
ablation,gdm_early,3,0.5,ablation,0.5,1,4,3030,w/o dynamic edge attention,0.9838942917547568,0.9550745662596429,0.9818181818181818,0.9720930232558139,0.9574468085106383,0.9881796690307328,0.9694793536804309,0.9747748468284921,0.02127258852124214,-2.8383588258230756,0.3572001534907067,0.022318071507558157,0.547368586063385,270,418,12,5,23.13614320755005,7582752,1146,0.5093192317474964,668,58,334,29,1388,796,694,398,341,78,171,39,,,,,,,,,,,,,,,,,,,,,2397,423,705,1199
ablation,gdm_early,3,0.5,ablation,0.5,1,4,3030,w/o FedProx term,0.9880887949260042,0.9726400333391478,0.9818181818181818,0.9720930232558139,0.9574468085106383,0.9881796690307328,0.9694793536804309,0.9747748468284921,0.024214640259742737,-3.2858095082208996,0.36240155614652714,0.025200333981857292,0.3719538450241089,270,418,12,5,27.488529205322266,8043792,1167,0.5025038595993114,668,58,334,29,1388,796,694,398,341,78,171,39,,,,,,,,,,,,,,,,,,,,,2397,423,705,1199
ablation,gdm_early,3,0.5,ablation,0.5,1,4,3030,w/o calibrated LR head (GNN logits),0.9915179704016913,0.9844236948018819,0.9927272727272727,0.9720930232558139,0.9578947368421052,0.9952380952380953,0.975,0.9792647058823529,0.03776874765753746,0.5534559381391366,2.0648950323430943,0.10362531325601516,0.23427477478981018,273,418,12,2,26.40373706817627,7927200,1167,,668,58,334,29,1388,796,694,398,341,78,171,39,,,,,,,,,,,,,,,,,,,,,2397,423,705,1199
ablation,gdm_early,3,0.5,ablation,0.5,1,4,3030,"Supervised only (no PL, CAA, proto)",0.9913319238900634,0.9795716840422176,0.9672727272727273,0.9744186046511628,0.9602888086642599,0.9789719626168224,0.9637681159420289,0.9702290463160028,0.025782553479075432,-0.6829081536233064,0.428990248853116,0.026452832521064902,0.5927742719650269,266,419,11,9,17.482203483581543,8013072,0,0.5254538356431778,668,58,334,29,1388,796,694,398,341,78,171,39,,,,,,,,,,,,,,,,,,,,,2397,423,705,1199
ablation,gdm_early,3,0.5,ablation,0.5,2,0,4026,Full,0.9855581147221705,0.9770624900678034,0.948905109489051,0.974477958236659,0.959409594095941,0.967741935483871,0.9541284403669725,0.9626133531314631,0.03358212858438492,-2.255517881141298,0.4409351085674205,0.032674190830703526,0.9270735383033752,260,420,11,14,28.92996311187744,8043792,1151,0.5475059003069934,1453,178,727,89,701,692,350,346,243,63,122,32,,,,,,,,,,,,,,,,,,,,,2397,423,705,1199
ablation,gdm_early,3,0.5,ablation,0.5,2,0,4026,w/o PG-PL gates 2-3 (confidence only),0.9853252493776143,0.975814614912607,0.9598540145985401,0.9721577726218097,0.9563636363636364,0.9744186046511628,0.9581056466302368,0.9656962611780684,0.03483309596776962,-2.3294340170362022,0.43786486373202116,0.037112827721573656,0.8738126158714294,263,419,12,11,29.233944416046143,8043792,1155,0.5492721475934437,1453,178,727,89,701,692,350,346,243,63,122,32,,,,,,,,,,,,,,,,,,,,,2397,423,705,1199
ablation,gdm_early,3,0.5,ablation,0.5,2,0,4026,w/o pseudo-labelling,0.9858375531356377,0.9749417243186135,0.9197080291970803,0.9791183294663574,0.9655172413793104,0.9504504504504504,0.9420560747663551,0.9533137516688919,0.032715536653995514,-2.7066576090711836,0.42613369381470695,0.03077816168467204,0.99790358543396,252,422,9,22,29.314877033233643,8043792,0,0.5584074198948296,1453,178,727,89,701,692,350,346,243,63,122,32,,,,,,,,,,,,,,,,,,,,,2397,423,705,1199
ablation,gdm_early,3,0.5,ablation,0.5,2,0,4026,w/o adaptive graph refinement,0.9815782342879401,0.9707409471782686,0.916058394160584,0.9698375870069605,0.9507575757575758,0.9478458049886621,0.9330855018587361,0.9459005490945056,0.05229483172297478,-3.69299648017283,0.40732983748484947,0.05193047765378199,0.9944807291030884,251,418,13,23,28.268430709838867,8043792,1144,0.5779006145783424,1453,178,727,89,701,692,350,346,243,63,122,32,,,,,,,,,,,,,,,,,,,,,2397,423,705,1199
ablation,gdm_early,3,0.5,ablation,0.5,2,0,4026,w/o clinical-aware augmentation,0.9860365471573492,0.9781960851222683,0.9233576642335767,0.9814385150812065,0.9693486590038314,0.9527027027027027,0.9457943925233645,0.9563257676902537,0.031116485595703125,-2.03754853488746,0.4257142104140251,0.03049809570252528,0.9925623536109924,253,423,8,21,17.897096872329712,8043792,1130,0.5508230854317132,1453,178,727,89,701,692,350,346,243,63,122,32,,,,,,,,,,,,,,,,,,,,,2397,423,705,1199
ablation,gdm_early,3,0.5,ablation,0.5,2,0,4026,w/o prototype sharing,0.9856258573678595,0.9765258099516945,0.9306569343065694,0.9791183294663574,0.9659090909090909,0.9569160997732427,0.9479553903345725,0.9579226492957267,0.03452202305197716,-2.7570261394401423,0.41220079993050496,0.03593941086255914,0.9932431578636169,255,422,9,19,33.94835448265076,8013072,1126,0.5470740983916857,1453,178,727,89,701,692,350,346,243,63,122,32,,,,,,,,,,,,,,,,,,,,,2397,423,705,1199
ablation,gdm_early,3,0.5,ablation,0.5,2,0,4026,w/o focal loss (cross-entropy),0.9844191914915237,0.9709454473355867,0.948905109489051,0.9698375870069605,0.9523809523809523,0.9675925925925926,0.9506398537477148,0.9596768214277391,0.03617542237043381,-2.1004080659479785,0.38789140006035006,0.03704990965994537,0.929372251033783,260,418,13,14,30.37963342666626,8043792,1189,0.5517168562454527,1453,178,727,89,701,692,350,346,243,63,122,32,,,,,,,,,,,,,,,,,,,,,2397,423,705,1199
ablation,gdm_early,3,0.5,ablation,0.5,2,0,4026,w/o contrastive loss,0.9854565007536369,0.9755081158158923,0.9744525547445255,0.9535962877030162,0.9303135888501742,0.9832535885167464,0.9518716577540107,0.960034768806334,0.035578396171331406,-2.7003118496565386,0.42869206019927714,0.037337255296924866,0.5291441679000854,267,411,20,7,27.687175989151,8043792,1158,0.5520019638114505,1453,178,727,89,701,692,350,346,243,63,122,32,,,,,,,,,,,,,,,,,,,,,2397,423,705,1199
ablation,gdm_early,3,0.5,ablation,0.5,2,0,4026,w/o class-aware smoothness,0.9772681084559757,0.9601547511189407,0.9087591240875912,0.9791183294663574,0.9651162790697675,0.9440715883668904,0.9360902255639098,0.9486829259938,0.037528060376644135,-0.38266255746232736,0.34092991932262934,0.03652468470803705,0.9267457723617554,249,422,9,25,27.339337825775146,8043792,1154,0.5463814407987744,1453,178,727,89,701,692,350,346,243,63,122,32,,,,,,,,,,,,,,,,,,,,,2397,423,705,1199
ablation,gdm_early,3,0.5,ablation,0.5,2,0,4026,w/o dynamic edge attention,0.9864514708621944,0.9800450848558502,0.9671532846715328,0.9559164733178654,0.9330985915492958,0.9786223277909739,0.9498207885304659,0.9584784693826038,0.03492945805191994,-2.723292915489073,0.43318821739791397,0.029694056468652495,0.5442674160003662,265,412,19,9,23.190902948379517,7582752,1154,0.5729946350090797,1453,178,727,89,701,692,350,346,243,63,122,32,,,,,,,,,,,,,,,,,,,,,2397,423,705,1199
ablation,gdm_early,3,0.5,ablation,0.5,2,0,4026,w/o FedProx term,0.9856046877910817,0.9770750317282751,0.948905109489051,0.974477958236659,0.959409594095941,0.967741935483871,0.9541284403669725,0.9626133531314631,0.03301744535565376,-2.2152570096213307,0.4424712256302201,0.03210189214491463,0.9266387820243835,260,420,11,14,27.782275915145874,8043792,1151,0.548620895663644,1453,178,727,89,701,692,350,346,243,63,122,32,,,,,,,,,,,,,,,,,,,,,2397,423,705,1199
ablation,gdm_early,3,0.5,ablation,0.5,2,0,4026,w/o calibrated LR head (GNN logits),0.9860534828187715,0.9783772024293952,0.9598540145985401,0.9791183294663574,0.9669117647058824,0.9745958429561201,0.9633699633699634,0.9701109076109076,0.06429476290941238,0.7014311782793041,2.3977438166630676,0.1375516776286118,0.35079723596572876,263,422,9,11,27.875081539154053,7927200,1151,,1453,178,727,89,701,692,350,346,243,63,122,32,,,,,,,,,,,,,,,,,,,,,2397,423,705,1199
ablation,gdm_early,3,0.5,ablation,0.5,2,0,4026,"Supervised only (no PL, CAA, proto)",0.9870272833505511,0.9803565587821528,0.9379562043795621,0.9814385150812065,0.969811320754717,0.9613636363636363,0.9536178107606679,0.9624575850588644,0.02832101657986641,-0.67098713417967,0.6464339792166687,0.021672941126087898,0.8264014720916748,257,423,8,17,17.51632809638977,8013072,0,0.5462116775800164,1453,178,727,89,701,692,350,346,243,63,122,32,,,,,,,,,,,,,,,,,,,,,2397,423,705,1199
ablation,gdm_early,3,0.5,ablation,0.5,2,1,4027,Full,0.9931114197164971,0.9738160083919485,1.0,0.9535962877030162,0.9319727891156463,1.0,0.9647887323943662,0.9705178816366131,0.02013368532061577,-1.8467704972929813,0.5307080425321352,0.020837504742667073,0.01020685862749815,274,411,20,0,29.906877517700195,8043792,1180,0.4457322487834333,414,148,207,74,316,88,158,44,1667,697,833,348,,,,,,,,,,,,,,,,,,,,,2397,423,705,1198
ablation,gdm_early,3,0.5,ablation,0.5,2,1,4027,w/o PG-PL gates 2-3 (confidence only),0.9923747184446289,0.9720387236448164,1.0,0.9535962877030162,0.9319727891156463,1.0,0.9647887323943662,0.9705178816366131,0.020392796024680138,-1.9333576765262435,0.5146298801552257,0.020686199070129495,0.010210634209215641,274,411,20,0,29.582219123840332,8043792,1180,0.4461342189701512,414,148,207,74,316,88,158,44,1667,697,833,348,,,,,,,,,,,,,,,,,,,,,2397,423,705,1198
ablation,gdm_early,3,0.5,ablation,0.5,2,1,4027,w/o pseudo-labelling,0.9931452910393416,0.9829392004317953,1.0,0.9535962877030162,0.9319727891156463,1.0,0.9647887323943662,0.9705178816366131,0.018337860703468323,-3.9728078635718593,0.40207593937982566,0.018958296406607934,0.003864806378260255,274,411,20,0,29.147135019302368,8043792,0,0.4739240341467458,414,148,207,74,316,88,158,44,1667,697,833,348,,,,,,,,,,,,,,,,,,,,,2397,423,705,1198
ablation,gdm_early,3,0.5,ablation,0.5,2,1,4027,w/o adaptive graph refinement,0.9931325892932749,0.976736288473917,0.9963503649635036,0.9535962877030162,0.931740614334471,0.9975728155339806,0.9629629629629629,0.9690259654672466,0.018101157620549202,-3.9653855204741824,0.4294429710907589,0.019960778662010185,0.019874921068549156,273,411,20,1,29.879061460494995,8043792,1170,0.4720124557477593,414,148,207,74,316,88,158,44,1667,697,833,348,,,,,,,,,,,,,,,,,,,,,2397,423,705,1198
ablation,gdm_early,3,0.5,ablation,0.5,2,1,4027,w/o clinical-aware augmentation,0.9937930800887429,0.9841617936516491,1.0,0.9559164733178654,0.9351535836177475,1.0,0.9664902998236331,0.971975873517985,0.020427579060196877,-6.855647659160912,0.4580843923347943,0.022030138215033607,0.036684874445199966,274,412,19,0,20.709163665771484,8043792,1157,0.46247232384944176,414,148,207,74,316,88,158,44,1667,697,833,348,,,,,,,,,,,,,,,,,,,,,2397,423,705,1198
ablation,gdm_early,3,0.5,ablation,0.5,2,1,4027,w/o prototype sharing,0.9928023438955408,0.9754574742268505,1.0,0.9559164733178654,0.9351535836177475,1.0,0.9664902998236331,0.971975873517985,0.019417915493249893,-3.431938095091218,0.46938829138566057,0.02018418158375631,0.017743553966283798,274,412,19,0,32.13538980484009,8013072,1180,0.45260363016374805,414,148,207,74,316,88,158,44,1667,697,833,348,,,,,,,,,,,,,,,,,,,,,2397,423,705,1198
ablation,gdm_early,3,0.5,ablation,0.5,2,1,4027,w/o focal loss (cross-entropy),0.9926583907734516,0.9799495512136787,1.0,0.9489559164733179,0.9256756756756757,1.0,0.9614035087719298,0.9676065162907268,0.02109050378203392,-4.881633482348552,0.3503578568231499,0.019906297153859335,0.0006217716727405787,274,409,22,0,31.07919931411743,8043792,1194,0.46543233995192934,414,148,207,74,316,88,158,44,1667,697,833,348,,,,,,,,,,,,,,,,,,,,,2397,423,705,1198
ablation,gdm_early,3,0.5,ablation,0.5,2,1,4027,w/o contrastive loss,0.9922138296611175,0.9794880556841012,1.0,0.9466357308584686,0.9225589225589226,1.0,0.9597197898423818,0.9661531011190455,0.024715477600693703,-6.598431372707275,0.40026713665369856,0.02614809812974608,0.006066569592803717,274,408,23,0,27.315006494522095,8043792,1181,0.4631235273919891,414,148,207,74,316,88,158,44,1667,697,833,348,,,,,,,,,,,,,,,,,,,,,2397,423,705,1198
ablation,gdm_early,3,0.5,ablation,0.5,2,1,4027,w/o class-aware smoothness,0.9920952800311617,0.976307508852596,1.0,0.9605568445475638,0.9415807560137457,1.0,0.9699115044247788,0.9748965806147563,0.01906432956457138,-4.055995186050708,0.35456209936539945,0.018325004637644294,0.0008116644457913935,274,414,17,0,27.898064851760864,8043792,1181,0.48234942398086655,414,148,207,74,316,88,158,44,1667,697,833,348,,,,,,,,,,,,,,,,,,,,,2397,423,705,1198
ablation,gdm_early,3,0.5,ablation,0.5,2,1,4027,w/o dynamic edge attention,0.9909267193930259,0.977098158298465,1.0,0.9582366589327146,0.9383561643835616,1.0,0.9681978798586572,0.9734354328203239,0.021261250600218773,-5.1076833860495015,0.41682359111261597,0.023310053691677504,0.0841020718216896,274,413,18,0,24.01285195350647,7582752,1170,0.4769503546099291,414,148,207,74,316,88,158,44,1667,697,833,348,,,,,,,,,,,,,,,,,,,,,2397,423,705,1198
ablation,gdm_early,3,0.5,ablation,0.5,2,1,4027,w/o FedProx term,0.9933273493996307,0.9805800947821101,1.0,0.9466357308584686,0.9225589225589226,1.0,0.9597197898423818,0.9661531011190455,0.01919410564005375,-5.198360923499939,0.41786956941242315,0.02000844712668025,0.001810353947803378,274,408,23,0,29.050283193588257,8043792,1180,0.45595022436922056,414,148,207,74,316,88,158,44,1667,697,833,348,,,,,,,,,,,,,,,,,,,,,2397,423,705,1198
ablation,gdm_early,3,0.5,ablation,0.5,2,1,4027,w/o calibrated LR head (GNN logits),0.9922688705607398,0.9831216931553448,1.0,0.9559164733178654,0.9351535836177475,1.0,0.9664902998236331,0.971975873517985,0.02589607983827591,0.13419655550171233,2.2152174105990183,0.07624629247695844,0.19217482209205627,274,412,19,0,28.44106888771057,7927200,1180,,414,148,207,74,316,88,158,44,1667,697,833,348,,,,,,,,,,,,,,,,,,,,,2397,423,705,1198
ablation,gdm_early,3,0.5,ablation,0.5,2,1,4027,"Supervised only (no PL, CAA, proto)",0.9930775483936527,0.9839038912740423,1.0,0.951276102088167,0.9288135593220339,1.0,0.9630931458699473,0.9690614361929999,0.021405674517154694,-4.699466996504399,0.40176897603396794,0.02305451251177532,0.001305445097386837,274,410,21,0,18.209118843078613,8013072,0,0.46704318071490303,414,148,207,74,316,88,158,44,1667,697,833,348,,,,,,,,,,,,,,,,,,,,,2397,423,705,1198
ablation,gdm_early,3,0.5,ablation,0.5,2,2,4028,Full,0.9928531508798076,0.9906303936316023,0.9817518248175182,0.9721577726218097,0.9572953736654805,0.9882075471698113,0.9693693693693693,0.9747431642168485,0.026213115081191063,-5.773645319370145,0.37672328858192233,0.026723216784166868,0.962085485458374,269,419,12,5,29.991575956344604,8043792,1162,0.4748988310018545,370,333,184,166,372,283,186,142,1655,317,827,158,,,,,,,,,,,,,,,,,,,,,2397,423,705,1197
ablation,gdm_early,3,0.5,ablation,0.5,2,2,4028,w/o PG-PL gates 2-3 (confidence only),0.9899783223533796,0.9843090206698525,0.9854014598540146,0.9651972157772621,0.9473684210526315,0.9904761904761905,0.9660107334525939,0.9718420294760032,0.02700123004615307,-4.864175300449093,0.3931219181370314,0.02752463923319714,0.8603029847145081,270,416,15,4,30.25326156616211,8043792,1177,0.45497253772729696,370,333,184,166,372,283,186,142,1655,317,827,158,,,,,,,,,,,,,,,,,,,,,2397,423,705,1197
ablation,gdm_early,3,0.5,ablation,0.5,2,2,4028,w/o pseudo-labelling,0.9896904161092012,0.982023994872001,0.9854014598540146,0.9605568445475638,0.9407665505226481,0.9904306220095693,0.9625668449197861,0.9689159312938154,0.026529574766755104,-4.734229608779836,0.4173290284273692,0.026131282117983972,0.2985919415950775,270,414,17,4,28.860567092895508,8043792,0,0.5064783708680685,370,333,184,166,372,283,186,142,1655,317,827,158,,,,,,,,,,,,,,,,,,,,,2397,423,705,1197
ablation,gdm_early,3,0.5,ablation,0.5,2,2,4028,w/o adaptive graph refinement,0.9893390011346893,0.9766782230260008,0.9854014598540146,0.9698375870069605,0.9540636042402827,0.990521327014218,0.9694793536804309,0.9747748468284921,0.02478238381445408,-4.647504320360257,0.423759180410171,0.027310586006608482,0.6353241801261902,270,418,13,4,29.665690183639526,8043792,1187,0.48727373990531886,370,333,184,166,372,283,186,142,1655,317,827,158,,,,,,,,,,,,,,,,,,,,,2397,423,705,1197
ablation,gdm_early,3,0.5,ablation,0.5,2,2,4028,w/o clinical-aware augmentation,0.9899063457923349,0.9829764016860588,0.9817518248175182,0.9651972157772621,0.9471830985915493,0.9881235154394299,0.96415770609319,0.970341763844717,0.026584511622786522,-6.404224327300707,0.35091443131965744,0.02666584681323236,0.6678019165992737,269,416,15,5,18.17836570739746,8043792,1143,0.4924367656730479,370,333,184,166,372,283,186,142,1655,317,827,158,,,,,,,,,,,,,,,,,,,,,2397,423,705,1197
ablation,gdm_early,3,0.5,ablation,0.5,2,2,4028,w/o prototype sharing,0.993111419716497,0.9897072411511737,0.9781021897810219,0.9698375870069605,0.9537366548042705,0.9858490566037735,0.9657657657657658,0.9717717717717718,0.0261823832988739,-4.182462734857786,0.43714713534440885,0.026992712046865174,0.8846650123596191,268,418,13,6,31.225146770477295,8013072,1138,0.47395616701327786,370,333,184,166,372,283,186,142,1655,317,827,158,,,,,,,,,,,,,,,,,,,,,2397,423,705,1197
ablation,gdm_early,3,0.5,ablation,0.5,2,2,4028,w/o focal loss (cross-entropy),0.9910410351076261,0.9832978425134414,0.9854014598540146,0.9651972157772621,0.9473684210526315,0.9904761904761905,0.9660107334525939,0.9718420294760032,0.02545819990336895,-4.38455598911997,0.3547648226696618,0.025236469778089427,0.45705199241638184,270,416,15,4,29.887823343276978,8043792,1160,0.4866996095439544,370,333,184,166,372,283,186,142,1655,317,827,158,,,,,,,,,,,,,,,,,,,,,2397,423,705,1197
ablation,gdm_early,3,0.5,ablation,0.5,2,2,4028,w/o contrastive loss,0.9923493149524956,0.9901888248987212,0.9854014598540146,0.962877030162413,0.9440559440559441,0.9904534606205251,0.9642857142857143,0.9703781512605042,0.026488831266760826,-4.716806952985846,0.41063924387798195,0.027301212709152676,0.4978106617927551,270,415,16,4,27.762075185775757,8043792,1168,0.4648903582834154,370,333,184,166,372,283,186,142,1655,317,827,158,,,,,,,,,,,,,,,,,,,,,2397,423,705,1197
ablation,gdm_early,3,0.5,ablation,0.5,2,2,4028,w/o class-aware smoothness,0.9860915880569715,0.9767881258382685,0.9781021897810219,0.9767981438515081,0.9640287769784173,0.9859484777517564,0.9710144927536232,0.9761832370528023,0.02211013063788414,-3.6824036986557647,0.3897022972988094,0.02223492522463072,0.8892606496810913,268,421,10,6,27.47121787071228,8043792,1121,0.48073374926678397,370,333,184,166,372,283,186,142,1655,317,827,158,,,,,,,,,,,,,,,,,,,,,2397,423,705,1197
ablation,gdm_early,3,0.5,ablation,0.5,2,2,4028,w/o dynamic edge attention,0.9853548867851033,0.9823640692581943,0.9708029197080292,0.9535962877030162,0.9300699300699301,0.9809069212410502,0.95,0.9585294117647059,0.034402500838041306,-5.266846711736525,0.35473601606219807,0.03387156357660112,0.6498903632164001,266,411,20,8,23.727781772613525,7582752,1166,0.5024055410393595,370,333,184,166,372,283,186,142,1655,317,827,158,,,,,,,,,,,,,,,,,,,,,2397,423,705,1197
ablation,gdm_early,3,0.5,ablation,0.5,2,2,4028,w/o FedProx term,0.9917099937338052,0.9898939413341014,0.9781021897810219,0.9675174013921114,0.950354609929078,0.9858156028368794,0.9640287769784173,0.9703047866156723,0.024570532143115997,-3.7436663716637018,0.44114389354689476,0.024739542712147018,0.819098711013794,268,417,14,6,29.27553677558899,8043792,1162,0.4552279042760566,370,333,184,166,372,283,186,142,1655,317,827,158,,,,,,,,,,,,,,,,,,,,,2397,423,705,1197
ablation,gdm_early,3,0.5,ablation,0.5,2,2,4028,w/o calibrated LR head (GNN logits),0.9911511169068707,0.9907097547798576,0.9817518248175182,0.9651972157772621,0.9471830985915493,0.9881235154394299,0.96415770609319,0.970341763844717,0.051390498876571655,-0.6178063535585355,2.6817127829542677,0.15916010679294032,0.5669457912445068,269,416,15,5,29.780287981033325,7927200,1162,,370,333,184,166,372,283,186,142,1655,317,827,158,,,,,,,,,,,,,,,,,,,,,2397,423,705,1197
ablation,gdm_early,3,0.5,ablation,0.5,2,2,4028,"Supervised only (no PL, CAA, proto)",0.9911426490761597,0.9886996229648098,0.9890510948905109,0.9651972157772621,0.9475524475524476,0.9928400954653938,0.9678571428571429,0.9733403361344538,0.022211575880646706,-3.4881426491582306,0.48524335587563155,0.022869610395414627,0.24456647038459778,271,416,15,3,18.199432611465454,8013072,0,0.4796488858079004,370,333,184,166,372,283,186,142,1655,317,827,158,,,,,,,,,,,,,,,,,,,,,2397,423,705,1197
ablation,gdm_early,3,0.5,ablation,0.5,2,3,4029,Full,0.9909513742071883,0.9752391586917855,0.9818181818181818,0.9674418604651163,0.9507042253521126,0.9881235154394299,0.9660107334525939,0.9718420294760032,0.026365401223301888,-4.032708657901062,0.3570304197015401,0.028256539852153664,0.35044926404953003,270,416,14,5,29.32830810546875,8043792,1155,0.4931363146615518,818,54,409,27,310,170,155,85,1269,708,634,354,,,,,,,,,,,,,,,,,,,,,2397,423,705,1198
ablation,gdm_early,3,0.5,ablation,0.5,2,3,4029,w/o PG-PL gates 2-3 (confidence only),0.9917293868921776,0.9789407873214959,0.9854545454545455,0.9674418604651163,0.9508771929824561,0.9904761904761905,0.9678571428571429,0.9733403361344538,0.025142420083284378,-4.54887454007095,0.36002883627562776,0.026752921384643677,0.37200528383255005,271,416,14,4,29.74916648864746,8043792,1155,0.4909121585621426,818,54,409,27,310,170,155,85,1269,708,634,354,,,,,,,,,,,,,,,,,,,,,2397,423,705,1198
ablation,gdm_early,3,0.5,ablation,0.5,2,3,4029,w/o pseudo-labelling,0.9917716701902748,0.9740287797794355,0.9963636363636363,0.9534883720930233,0.9319727891156463,0.9975669099756691,0.9630931458699473,0.9690614361929999,0.02298571541905403,-5.346048237975053,0.3965523104506953,0.02335113597776186,0.011437861248850822,274,410,20,1,28.684377670288086,8043792,0,0.47572253993061725,818,54,409,27,310,170,155,85,1269,708,634,354,,,,,,,,,,,,,,,,,,,,,2397,423,705,1198
ablation,gdm_early,3,0.5,ablation,0.5,2,3,4029,w/o adaptive graph refinement,0.9918858350951374,0.9787910660663404,0.9927272727272727,0.9651162790697675,0.9479166666666666,0.9952038369304557,0.9698046181172292,0.9748668899322863,0.02255181595683098,-3.8472239580489123,0.40552432952245454,0.020997588316322095,0.4076026380062103,273,415,15,2,28.788781881332397,8043792,1158,0.4985448560840171,818,54,409,27,310,170,155,85,1269,708,634,354,,,,,,,,,,,,,,,,,,,,,2397,423,705,1198
ablation,gdm_early,3,0.5,ablation,0.5,2,3,4029,w/o clinical-aware augmentation,0.9905877378435517,0.9747873482279644,0.9854545454545455,0.9674418604651163,0.9508771929824561,0.9904761904761905,0.9678571428571429,0.9733403361344538,0.025446584448218346,-4.232972128177093,0.3758590391884003,0.02577424684856485,0.3226219415664673,271,416,14,4,19.212844133377075,8043792,1145,0.5016380729111166,818,54,409,27,310,170,155,85,1269,708,634,354,,,,,,,,,,,,,,,,,,,,,2397,423,705,1198
ablation,gdm_early,3,0.5,ablation,0.5,2,3,4029,w/o prototype sharing,0.9903720930232558,0.9734789398089012,0.9781818181818182,0.9674418604651163,0.950530035335689,0.985781990521327,0.96415770609319,0.970341763844717,0.023564204573631287,-4.344986684296675,0.36889974289509403,0.02499703528369438,0.6918824911117554,269,416,14,6,29.267655611038208,8013072,1152,0.4944428657691898,818,54,409,27,310,170,155,85,1269,708,634,354,,,,,,,,,,,,,,,,,,,,,2397,423,705,1198
ablation,gdm_early,3,0.5,ablation,0.5,2,3,4029,w/o focal loss (cross-entropy),0.9923467230443975,0.9798048885025312,0.9781818181818182,0.9720930232558139,0.9572953736654805,0.9858490566037735,0.9676258992805755,0.9732743079541051,0.023113664239645004,-7.095249707908126,0.362555391572339,0.0250410771895702,0.9969233870506287,269,418,12,6,29.141197204589844,8043792,1171,0.4918617317278206,818,54,409,27,310,170,155,85,1269,708,634,354,,,,,,,,,,,,,,,,,,,,,2397,423,705,1198
ablation,gdm_early,3,0.5,ablation,0.5,2,3,4029,w/o contrastive loss,0.9919661733615223,0.9794433827417798,0.9963636363636363,0.9558139534883721,0.9351535836177475,0.9975728155339806,0.9647887323943662,0.9705178816366131,0.021659675985574722,-3.9796422957839557,0.39096401303796935,0.021662122753600684,0.04582890495657921,274,411,19,1,28.071332216262817,8043792,1124,0.48116245752376896,818,54,409,27,310,170,155,85,1269,708,634,354,,,,,,,,,,,,,,,,,,,,,2397,423,705,1198
ablation,gdm_early,3,0.5,ablation,0.5,2,3,4029,w/o class-aware smoothness,0.989137420718816,0.9679679990212682,0.9745454545454545,0.9767441860465116,0.9640287769784173,0.9836065573770492,0.969258589511754,0.9747109750359237,0.022186370566487312,-3.1966228277769173,0.4041847406006776,0.021333031048205622,0.8927198648452759,268,420,10,7,27.131820917129517,8043792,1157,0.49577783303141165,818,54,409,27,310,170,155,85,1269,708,634,354,,,,,,,,,,,,,,,,,,,,,2397,423,705,1198
ablation,gdm_early,3,0.5,ablation,0.5,2,3,4029,w/o dynamic edge attention,0.9940380549682876,0.9875319394602845,0.9963636363636363,0.9558139534883721,0.9351535836177475,0.9975728155339806,0.9647887323943662,0.9705178816366131,0.024723345413804054,-5.05494583453483,0.4101584031595017,0.024761204342589008,0.031009841710329056,274,411,19,1,21.87742590904236,7582752,1159,0.4782054014373838,818,54,409,27,310,170,155,85,1269,708,634,354,,,,,,,,,,,,,,,,,,,,,2397,423,705,1198
ablation,gdm_early,3,0.5,ablation,0.5,2,3,4029,w/o FedProx term,0.991061310782241,0.9756601566633772,0.9781818181818182,0.9674418604651163,0.950530035335689,0.985781990521327,0.96415770609319,0.970341763844717,0.02612791582942009,-4.1509700837153245,0.358039150954386,0.026840949089081436,0.44445934891700745,269,416,14,6,28.654070138931274,8043792,1155,0.4947086752151931,818,54,409,27,310,170,155,85,1269,708,634,354,,,,,,,,,,,,,,,,,,,,,2397,423,705,1198
ablation,gdm_early,3,0.5,ablation,0.5,2,3,4029,w/o calibrated LR head (GNN logits),0.9915095137420719,0.9802833358715113,0.9963636363636363,0.9651162790697675,0.9480968858131488,0.9975961538461539,0.9716312056737588,0.9763593380614657,0.03936341032385826,0.505698732251868,2.1220557197505725,0.10328805898943694,0.2611229121685028,274,415,15,1,28.94875144958496,7927200,1155,,818,54,409,27,310,170,155,85,1269,708,634,354,,,,,,,,,,,,,,,,,,,,,2397,423,705,1198
ablation,gdm_early,3,0.5,ablation,0.5,2,3,4029,"Supervised only (no PL, CAA, proto)",0.9928372093023256,0.981409006707775,0.9927272727272727,0.9627906976744186,0.9446366782006921,0.9951923076923077,0.9680851063829787,0.9734042553191489,0.022083137184381485,-4.342234084196189,0.3933960068063129,0.022793267529906947,0.07117336243391037,273,414,16,2,18.4450786113739,8013072,0,0.4929385855859056,818,54,409,27,310,170,155,85,1269,708,634,354,,,,,,,,,,,,,,,,,,,,,2397,423,705,1198
ablation,gdm_early,3,0.5,ablation,0.5,2,4,4030,Full,0.9857801268498942,0.9656820354721565,0.9563636363636364,0.9744186046511628,0.9598540145985401,0.9721577726218097,0.9581056466302368,0.9656962611780684,0.028305010870099068,0.1595389064325719,0.4320033786476051,0.03017928288681497,0.5715735554695129,263,419,11,12,30.615916967391968,8043792,1138,0.4990080386137384,1036,855,518,428,1298,71,650,36,63,6,31,3,,,,,,,,,,,,,,,,,,,,,2397,423,705,1199
ablation,gdm_early,3,0.5,ablation,0.5,2,4,4030,w/o PG-PL gates 2-3 (confidence only),0.979830866807611,0.950924149772365,0.9709090909090909,0.9720930232558139,0.956989247311828,0.9812206572769953,0.9638989169675091,0.9702672154931004,0.02942255139350891,0.17901658517741625,0.46307378458358295,0.02960154546609691,0.13266682624816895,267,418,12,8,29.822030544281006,8043792,1157,0.4909877616690031,1036,855,518,428,1298,71,650,36,63,6,31,3,,,,,,,,,,,,,,,,,,,,,2397,423,705,1199
ablation,gdm_early,3,0.5,ablation,0.5,2,4,4030,w/o pseudo-labelling,0.9807441860465116,0.9555438976682558,0.9563636363636364,0.9744186046511628,0.9598540145985401,0.9721577726218097,0.9581056466302368,0.9656962611780684,0.029559867456555367,0.13367925962959565,0.3596749781667542,0.03057757206360235,0.5286655426025391,263,419,11,12,29.4464693069458,8043792,0,0.5021903595786087,1036,855,518,428,1298,71,650,36,63,6,31,3,,,,,,,,,,,,,,,,,,,,,2397,423,705,1199
ablation,gdm_early,3,0.5,ablation,0.5,2,4,4030,w/o adaptive graph refinement,0.979183932346723,0.9430028624382275,0.9345454545454546,0.9697674418604652,0.9518518518518518,0.9586206896551724,0.9431192660550459,0.9536405578830143,0.04658633843064308,1.8342950554385054,0.48604904256268744,0.049288866662664715,0.19201666116714478,257,417,13,18,31.87877130508423,8043792,1158,0.5244600997284972,1036,855,518,428,1298,71,650,36,63,6,31,3,,,,,,,,,,,,,,,,,,,,,2397,423,705,1199
ablation,gdm_early,3,0.5,ablation,0.5,2,4,4030,w/o clinical-aware augmentation,0.984262156448203,0.9650268810167842,0.96,0.9674418604651163,0.9496402877697842,0.9742388758782201,0.9547920433996383,0.9628102574057702,0.0312021616846323,0.06664371579223448,0.38648952593561864,0.0319321254611755,0.49125057458877563,264,416,14,11,18.307392358779907,8043792,1141,0.5096682223365807,1036,855,518,428,1298,71,650,36,63,6,31,3,,,,,,,,,,,,,,,,,,,,,2397,423,705,1199
ablation,gdm_early,3,0.5,ablation,0.5,2,4,4030,w/o prototype sharing,0.9852811839323468,0.9579780585619027,0.9454545454545454,0.9720930232558139,0.9558823529411765,0.9653579676674365,0.9506398537477148,0.9596768214277391,0.03057967685163021,0.10977679077431012,0.4268339270510404,0.032454004558876606,0.628517210483551,260,418,12,15,30.164631843566895,8013072,1051,0.504472994635009,1036,855,518,428,1298,71,650,36,63,6,31,3,,,,,,,,,,,,,,,,,,,,,2397,423,705,1199
ablation,gdm_early,3,0.5,ablation,0.5,2,4,4030,w/o focal loss (cross-entropy),0.9855729386892178,0.9714376096256382,0.9454545454545454,0.9697674418604652,0.9523809523809523,0.9652777777777778,0.948905109489051,0.9582112554405813,0.034639474004507065,0.5296428993530546,0.4144930649656611,0.03238077298176628,0.46050557494163513,260,417,13,15,30.60925602912903,8043792,1148,0.5042227861279198,1036,855,518,428,1298,71,650,36,63,6,31,3,,,,,,,,,,,,,,,,,,,,,2397,423,705,1199
ablation,gdm_early,3,0.5,ablation,0.5,2,4,4030,w/o contrastive loss,0.9804947145877378,0.9541424776691787,0.9709090909090909,0.9697674418604652,0.9535714285714286,0.9811764705882353,0.9621621621621622,0.9688003793266952,0.030014043673872948,-0.7002483956925709,0.3738279339291366,0.02969171878161793,0.3420030474662781,267,417,13,8,28.49705147743225,8043792,1153,0.47446039548323365,1036,855,518,428,1298,71,650,36,63,6,31,3,,,,,,,,,,,,,,,,,,,,,2397,423,705,1199
ablation,gdm_early,3,0.5,ablation,0.5,2,4,4030,w/o class-aware smoothness,0.9842325581395349,0.9527611081285973,0.9490909090909091,0.9744186046511628,0.9595588235294118,0.9676674364896074,0.9542961608775137,0.9626637235442029,0.03199126198887825,0.5366348410023777,0.3945774391162232,0.03208166043627479,0.8241212964057922,261,419,11,14,28.927793264389038,8043792,1086,0.516856245452771,1036,855,518,428,1298,71,650,36,63,6,31,3,,,,,,,,,,,,,,,,,,,,,2397,423,705,1199
ablation,gdm_early,3,0.5,ablation,0.5,2,4,4030,w/o dynamic edge attention,0.9837040169133192,0.9625282503903135,0.9490909090909091,0.9720930232558139,0.9560439560439561,0.9675925925925926,0.9525547445255474,0.961196165766254,0.03450072929263115,0.42145853505578845,0.37927772626176315,0.035371709819751025,0.49455881118774414,261,418,12,14,22.525658130645752,7582752,1132,0.49100609846266685,1036,855,518,428,1298,71,650,36,63,6,31,3,,,,,,,,,,,,,,,,,,,,,2397,423,705,1199
ablation,gdm_early,3,0.5,ablation,0.5,2,4,4030,w/o FedProx term,0.9859704016913318,0.9643656207756278,0.9636363636363636,0.9720930232558139,0.9566787003610109,0.9766355140186916,0.9601449275362319,0.9672519509476032,0.027866365388035774,-0.036243744352842694,0.43651043119428334,0.027163481004932453,0.4666045904159546,265,418,12,10,30.64722514152527,8043792,1137,0.49644147901028635,1036,855,518,428,1298,71,650,36,63,6,31,3,,,,,,,,,,,,,,,,,,,,,2397,423,705,1199
ablation,gdm_early,3,0.5,ablation,0.5,2,4,4030,w/o calibrated LR head (GNN logits),0.9858520084566595,0.971255447494395,0.9381818181818182,0.9767441860465116,0.9626865671641791,0.9610983981693364,0.9502762430939227,0.959567187290906,0.07899849861860275,0.31829651452421537,3.383225091402115,0.19803890800433802,0.4562811553478241,258,420,10,17,30.569695472717285,7927200,1138,,1036,855,518,428,1298,71,650,36,63,6,31,3,,,,,,,,,,,,,,,,,,,,,2397,423,705,1199
ablation,gdm_early,3,0.5,ablation,0.5,2,4,4030,"Supervised only (no PL, CAA, proto)",0.9817251585623679,0.9652987437919303,0.9636363636363636,0.9697674418604652,0.9532374100719424,0.9765807962529274,0.9584086799276673,0.9657854368133085,0.03389982134103775,1.1143760511699417,0.3932149706129488,0.03485288053143319,0.18568925559520721,265,417,13,10,17.54272961616516,8013072,0,0.5074394146422255,1036,855,518,428,1298,71,650,36,63,6,31,3,,,,,,,,,,,,,,,,,,,,,2397,423,705,1199
ablation,gdm_early,3,0.8,ablation,0.5,0,0,2026,Full,0.9858883601199044,0.9597971057419306,0.9963503649635036,0.9419953596287703,0.9161073825503355,0.9975429975429976,0.9545454545454546,0.9617596007810805,0.034519318491220474,-4.324661479191338,0.3306839967036637,0.03611881508135258,0.0028752184007316828,273,406,25,1,29.70505428314209,8043792,1891,0.5199748817966904,316,16,63,3,1454,594,291,119,627,323,126,65,,,,,,,,,,,,,,,,,,,,,2397,423,705,480
ablation,gdm_early,3,0.8,ablation,0.5,0,0,2026,w/o PG-PL gates 2-3 (confidence only),0.9854734364150592,0.9546189297819063,0.9890510948905109,0.9443155452436195,0.9186440677966101,0.9926829268292683,0.9525483304042179,0.9602218465338569,0.03355202078819275,-3.4635991099335226,0.354384246805563,0.03524330668733456,0.0045461636036634445,271,407,24,3,26.727081537246704,8043792,1892,0.5178191489361703,316,16,63,3,1454,594,291,119,627,323,126,65,,,,,,,,,,,,,,,,,,,,,2397,423,705,480
ablation,gdm_early,3,0.8,ablation,0.5,0,0,2026,w/o pseudo-labelling,0.987535353193219,0.9706526127922305,0.9781021897810219,0.951276102088167,0.9273356401384083,0.9855769230769231,0.9520426287744227,0.9600827075395135,0.03623001649975777,-5.074812585195323,0.34365929942839496,0.037043081501875325,0.7960856556892395,268,410,21,6,27.606135368347168,8043792,0,0.5214228723404255,316,16,63,3,1454,594,291,119,627,323,126,65,,,,,,,,,,,,,,,,,,,,,2397,423,705,480
ablation,gdm_early,3,0.8,ablation,0.5,0,0,2026,w/o adaptive graph refinement,0.9790294172438904,0.937895356239571,0.9744525547445255,0.9535962877030162,0.9303135888501742,0.9832535885167464,0.9518716577540107,0.960034768806334,0.034953512251377106,-3.910680365673513,0.3419701235194265,0.03632490311135003,0.42644035816192627,267,411,20,7,26.37655997276306,8043792,1888,0.5414258274231678,316,16,63,3,1454,594,291,119,627,323,126,65,,,,,,,,,,,,,,,,,,,,,2397,423,705,480
ablation,gdm_early,3,0.8,ablation,0.5,0,0,2026,w/o clinical-aware augmentation,0.9823911460362085,0.945700525706884,0.9598540145985401,0.9559164733178654,0.9326241134751773,0.9739952718676123,0.9460431654676259,0.9554571799235085,0.03551900386810303,-3.934931889204708,0.34516083947478743,0.034651942055008586,0.9352095723152161,263,412,19,11,16.349894523620605,8043792,1887,0.5327570921985816,316,16,63,3,1454,594,291,119,627,323,126,65,,,,,,,,,,,,,,,,,,,,,2397,423,705,480
ablation,gdm_early,3,0.8,ablation,0.5,0,0,2026,w/o prototype sharing,0.9852405710705031,0.9548192124617803,0.9890510948905109,0.9466357308584686,0.9217687074829932,0.9927007299270073,0.954225352112676,0.961673246127597,0.03435968980193138,-3.9786274014974583,0.3520663820106969,0.034176082666079896,0.013794896192848682,271,408,23,3,26.78842782974243,8013072,1887,0.525551122931442,316,16,63,3,1454,594,291,119,627,323,126,65,,,,,,,,,,,,,,,,,,,,,2397,423,705,480
ablation,gdm_early,3,0.8,ablation,0.5,0,0,2026,w/o focal loss (cross-entropy),0.9847663725506799,0.9523329634613944,0.9890510948905109,0.9489559164733179,0.9249146757679181,0.9927184466019418,0.9559082892416225,0.9631261493657697,0.03385884314775467,-4.35804717190041,0.3097955023773238,0.03484390322847625,0.026996109634637833,271,409,22,3,26.733072996139526,8043792,1911,0.5354107565011821,316,16,63,3,1454,594,291,119,627,323,126,65,,,,,,,,,,,,,,,,,,,,,2397,423,705,480
ablation,gdm_early,3,0.8,ablation,0.5,0,0,2026,w/o contrastive loss,0.9854480329229257,0.9631008635793934,0.9817518248175182,0.9535962877030162,0.9307958477508651,0.9879807692307693,0.955595026642984,0.9630395440180681,0.03306690976023674,-7.016952661327188,0.3430010126819308,0.03426365728443818,0.7522967457771301,269,411,20,5,27.294437646865845,8043792,1877,0.5189450354609929,316,16,63,3,1454,594,291,119,627,323,126,65,,,,,,,,,,,,,,,,,,,,,2397,423,705,480
ablation,gdm_early,3,0.8,ablation,0.5,0,0,2026,w/o class-aware smoothness,0.9806721764018493,0.9388491019731079,0.9635036496350365,0.9559164733178654,0.9328621908127208,0.976303317535545,0.947935368043088,0.9569688563544865,0.036807831376791,-2.849525730180556,0.29316570738100217,0.03762001282942535,0.29985809326171875,264,412,19,10,25.402382135391235,8043792,1892,0.5429329196217494,316,16,63,3,1454,594,291,119,627,323,126,65,,,,,,,,,,,,,,,,,,,,,2397,423,705,480
ablation,gdm_early,3,0.8,ablation,0.5,0,0,2026,w/o dynamic edge attention,0.9854310972615035,0.9666948330522337,0.9671532846715328,0.9559164733178654,0.9330985915492958,0.9786223277909739,0.9498207885304659,0.9584784693826038,0.03385048732161522,-3.4484637782239154,0.31716931490317496,0.03505025929185157,0.6599779725074768,265,412,19,9,22.912091970443726,7582752,1894,0.516641548463357,316,16,63,3,1454,594,291,119,627,323,126,65,,,,,,,,,,,,,,,,,,,,,2397,423,705,480
ablation,gdm_early,3,0.8,ablation,0.5,0,0,2026,w/o FedProx term,0.985786746151371,0.9519140034575555,0.9927007299270073,0.9466357308584686,0.9220338983050848,0.9951219512195122,0.9560632688927944,0.9631683764202379,0.03366371989250183,-3.4184262579806504,0.3761015040387473,0.03618694960659021,0.010622430592775345,272,408,23,2,26.30280613899231,8043792,1891,0.5231323877068558,316,16,63,3,1454,594,291,119,627,323,126,65,,,,,,,,,,,,,,,,,,,,,2397,423,705,480
ablation,gdm_early,3,0.8,ablation,0.5,0,0,2026,w/o calibrated LR head (GNN logits),0.9877639846224194,0.9695319863765143,0.9890510948905109,0.9466357308584686,0.9217687074829932,0.9927007299270073,0.954225352112676,0.961673246127597,0.03294301778078079,-0.23092794811248277,1.6989141141808273,0.057010041103295384,0.3151635229587555,271,408,23,3,26.39705538749695,7927200,1891,,316,16,63,3,1454,594,291,119,627,323,126,65,,,,,,,,,,,,,,,,,,,,,2397,423,705,480
ablation,gdm_early,3,0.8,ablation,0.5,0,0,2026,"Supervised only (no PL, CAA, proto)",0.9840593086863008,0.9561941274689509,0.9781021897810219,0.9535962877030162,0.9305555555555556,0.9856115107913669,0.9537366548042705,0.96153813872289,0.034775640815496445,-3.440330044833157,0.3557072903379805,0.03699085382424323,0.619688868522644,268,411,20,6,16.440319061279297,8013072,0,0.5395463947990544,316,16,63,3,1454,594,291,119,627,323,126,65,,,,,,,,,,,,,,,,,,,,,2397,423,705,480
ablation,gdm_early,3,0.8,ablation,0.5,0,1,2027,Full,0.9893898081189562,0.9809467758433562,0.9854014598540146,0.9791183294663574,0.967741935483871,0.9906103286384976,0.976491862567812,0.9806613338510005,0.018206166103482246,-3.1368297761277995,0.35426336173898565,0.017970931919081893,0.3373453617095947,270,422,9,4,27.847659826278687,8043792,1853,0.4763416075650118,759,378,152,76,378,303,76,61,1260,252,252,50,,,,,,,,,,,,,,,,,,,,,2397,423,705,480
ablation,gdm_early,3,0.8,ablation,0.5,0,1,2027,w/o PG-PL gates 2-3 (confidence only),0.9890045218215998,0.9802686759887165,0.9817518248175182,0.9837587006960556,0.9746376811594203,0.9883449883449883,0.9781818181818182,0.9821141649048626,0.016867848113179207,-2.303201705677318,0.35993542963084335,0.017070998509863662,0.7561042308807373,269,424,7,5,26.889880180358887,8043792,1868,0.4774024822695035,759,378,152,76,378,303,76,61,1260,252,252,50,,,,,,,,,,,,,,,,,,,,,2397,423,705,480
ablation,gdm_early,3,0.8,ablation,0.5,0,1,2027,w/o pseudo-labelling,0.9907658306095144,0.9802250244720927,0.9817518248175182,0.9814385150812065,0.9711191335740073,0.9883177570093458,0.9764065335753176,0.9806363284873095,0.01802067644894123,-2.7363245027347727,0.36305463355120166,0.018734131406180243,0.8157745599746704,269,423,8,5,26.82684350013733,8043792,0,0.4575147754137116,759,378,152,76,378,303,76,61,1260,252,252,50,,,,,,,,,,,,,,,,,,,,,2397,423,705,480
ablation,gdm_early,3,0.8,ablation,0.5,0,1,2027,w/o adaptive graph refinement,0.9894406151032229,0.9716357051379836,0.9890510948905109,0.974477958236659,0.9609929078014184,0.9929078014184397,0.9748201438848921,0.9792133506309706,0.02001982182264328,-4.18322175084473,0.3834361103976036,0.021040005970053566,0.17119714617729187,271,420,11,3,27.30416965484619,8043792,1883,0.5137293144208037,759,378,152,76,378,303,76,61,1260,252,252,50,,,,,,,,,,,,,,,,,,,,,2397,423,705,480
ablation,gdm_early,3,0.8,ablation,0.5,0,1,2027,w/o clinical-aware augmentation,0.9892331532508002,0.9760010908451343,0.9854014598540146,0.9791183294663574,0.967741935483871,0.9906103286384976,0.976491862567812,0.9806613338510005,0.018666813150048256,-3.346450084447577,0.36584581264958055,0.018458809464482993,0.817692756652832,270,422,9,4,17.07366919517517,8043792,1856,0.4833776595744681,759,378,152,76,378,303,76,61,1260,252,252,50,,,,,,,,,,,,,,,,,,,,,2397,423,705,480
ablation,gdm_early,3,0.8,ablation,0.5,0,1,2027,w/o prototype sharing,0.9892204515047335,0.9802144684295149,0.9854014598540146,0.9791183294663574,0.967741935483871,0.9906103286384976,0.976491862567812,0.9806613338510005,0.01734481006860733,-2.400767369872331,0.3577770302494783,0.017259187650774343,0.5121728181838989,270,422,9,4,27.36772584915161,8013072,1795,0.475307328605201,759,378,152,76,378,303,76,61,1260,252,252,50,,,,,,,,,,,,,,,,,,,,,2397,423,705,480
ablation,gdm_early,3,0.8,ablation,0.5,0,1,2027,w/o focal loss (cross-entropy),0.9883228614493538,0.9804785242158399,0.9598540145985401,0.9837587006960556,0.9740740740740741,0.9747126436781609,0.9669117647058824,0.973063272653172,0.019320489838719368,-2.5568788197990897,0.3575454635498676,0.02084631452019861,0.9914548397064209,263,424,7,11,26.9427227973938,8043792,1847,0.4856176122931442,759,378,152,76,378,303,76,61,1260,252,252,50,,,,,,,,,,,,,,,,,,,,,2397,423,705,480
ablation,gdm_early,3,0.8,ablation,0.5,0,1,2027,w/o contrastive loss,0.9914051518282048,0.9783145828533142,0.9854014598540146,0.9767981438515081,0.9642857142857143,0.9905882352941177,0.9747292418772563,0.9791870508451702,0.01953856460750103,-2.926732239687583,0.4023080511461157,0.018757563742564615,0.6646168828010559,270,421,10,4,26.918208599090576,8043792,1859,0.47312204491725773,759,378,152,76,378,303,76,61,1260,252,252,50,,,,,,,,,,,,,,,,,,,,,2397,423,705,480
ablation,gdm_early,3,0.8,ablation,0.5,0,1,2027,w/o class-aware smoothness,0.9869172015513066,0.977826121393284,0.9671532846715328,0.9814385150812065,0.9706959706959707,0.9791666666666666,0.9689213893967094,0.974611332010058,0.021276284009218216,0.9752361743805507,0.4739667873892989,0.021208070334813294,0.2482118159532547,265,423,8,9,26.223676443099976,8043792,1816,0.5132387706855792,759,378,152,76,378,303,76,61,1260,252,252,50,,,,,,,,,,,,,,,,,,,,,2397,423,705,480
ablation,gdm_early,3,0.8,ablation,0.5,0,1,2027,w/o dynamic edge attention,0.991227327383271,0.9801518163073941,0.9890510948905109,0.9698375870069605,0.954225352112676,0.9928741092636579,0.9713261648745519,0.9762734110757736,0.02179388701915741,-4.138912307203042,0.3667166342134481,0.021191750684627544,0.2984687387943268,271,418,13,3,22.740780115127563,7582752,1876,0.4895877659574469,759,378,152,76,378,303,76,61,1260,252,252,50,,,,,,,,,,,,,,,,,,,,,2397,423,705,480
ablation,gdm_early,3,0.8,ablation,0.5,0,1,2027,w/o FedProx term,0.9894448490185784,0.9811274098150828,0.9854014598540146,0.9791183294663574,0.967741935483871,0.9906103286384976,0.976491862567812,0.9806613338510005,0.018182815983891487,-3.131639679327411,0.35415387931288145,0.017966343480589994,0.3147200644016266,270,422,9,4,26.409648656845093,8043792,1853,0.47499113475177307,759,378,152,76,378,303,76,61,1260,252,252,50,,,,,,,,,,,,,,,,,,,,,2397,423,705,480
ablation,gdm_early,3,0.8,ablation,0.5,0,1,2027,w/o calibrated LR head (GNN logits),0.9919470929937169,0.9825388941641509,0.9854014598540146,0.9767981438515081,0.9642857142857143,0.9905882352941177,0.9747292418772563,0.9791870508451702,0.022545915096998215,0.4121524475425049,1.435427895142109,0.040912218278287164,0.42309942841529846,270,421,10,4,27.190752744674683,7927200,1853,,759,378,152,76,378,303,76,61,1260,252,252,50,,,,,,,,,,,,,,,,,,,,,2397,423,705,480
ablation,gdm_early,3,0.8,ablation,0.5,0,1,2027,"Supervised only (no PL, CAA, proto)",0.9917735024641388,0.9792330394235761,0.9708029197080292,0.9814385150812065,0.9708029197080292,0.9814385150812065,0.9708029197080292,0.9761207173946178,0.018919039517641068,-3.563718183918892,0.37251382432153435,0.01857910046340725,0.9831556081771851,266,423,8,8,16.229140281677246,8013072,0,0.47695478723404255,759,378,152,76,378,303,76,61,1260,252,252,50,,,,,,,,,,,,,,,,,,,,,2397,423,705,480
ablation,gdm_early,3,0.8,ablation,0.5,0,2,2028,Full,0.9875903940928412,0.976733467937046,0.9416058394160584,0.9605568445475638,0.9381818181818182,0.9627906976744186,0.9398907103825137,0.9507815921250548,0.04283222556114197,-2.4667954712441977,0.34641935677832125,0.041992827189478554,0.9126380085945129,258,414,17,16,28.176357984542847,8043792,1893,0.5286338263817942,1675,675,335,135,261,244,52,49,461,14,92,3,,,,,,,,,,,,,,,,,,,,,2397,423,705,479
ablation,gdm_early,3,0.8,ablation,0.5,0,2,2028,w/o PG-PL gates 2-3 (confidence only),0.9875861601774857,0.9761514616591704,0.9014598540145985,0.9651972157772621,0.9427480916030534,0.9390519187358917,0.9216417910447762,0.9367934355681546,0.043198611587285995,-2.9225594199099634,0.33539244038808724,0.041326389844357575,0.9895422458648682,247,416,15,27,28.429088830947876,8043792,1894,0.5296599002058071,1675,675,335,135,261,244,52,49,461,14,92,3,,,,,,,,,,,,,,,,,,,,,2397,423,705,479
ablation,gdm_early,3,0.8,ablation,0.5,0,2,2028,w/o pseudo-labelling,0.9854437990075702,0.9720021536767456,0.9124087591240876,0.9651972157772621,0.9433962264150944,0.9454545454545454,0.9276437847866419,0.9414338326918283,0.042245808988809586,-1.7921674565976218,0.36345161597779513,0.041674342104365894,0.9491695761680603,250,416,15,24,28.304047346115112,8043792,0,0.536350849139016,1675,675,335,135,261,244,52,49,461,14,92,3,,,,,,,,,,,,,,,,,,,,,2397,423,705,479
ablation,gdm_early,3,0.8,ablation,0.5,0,2,2028,w/o adaptive graph refinement,0.9813114976205396,0.9587994853457252,0.9598540145985401,0.9327146171693735,0.9006849315068494,0.9733656174334141,0.9293286219081273,0.9409676284896087,0.0502881221473217,-2.2678858834002633,0.3104339814471655,0.047808186478866616,0.32742369174957275,263,402,29,11,28.42913556098938,8043792,1891,0.5552406757577104,1675,675,335,135,261,244,52,49,461,14,92,3,,,,,,,,,,,,,,,,,,,,,2397,423,705,479
ablation,gdm_early,3,0.8,ablation,0.5,0,2,2028,w/o clinical-aware augmentation,0.9868325232441952,0.9681669665225106,0.9635036496350365,0.9535962877030162,0.9295774647887324,0.9762470308788599,0.946236559139785,0.9555126457670756,0.0369056798517704,-2.2426055151652178,0.35371477294685105,0.037309556725065085,0.6364427208900452,264,411,20,10,16.480957746505737,8043792,1893,0.5387894401753062,1675,675,335,135,261,244,52,49,461,14,92,3,,,,,,,,,,,,,,,,,,,,,2397,423,705,479
ablation,gdm_early,3,0.8,ablation,0.5,0,2,2028,w/o prototype sharing,0.9871627686419293,0.9750408875698804,0.9452554744525548,0.9582366589327146,0.9350180505415162,0.9649532710280374,0.9401088929219601,0.9508460646216319,0.042245201766490936,-3.372438350092724,0.3302199169532366,0.04194479089177457,0.960742175579071,259,413,18,15,29.074023723602295,8013072,1876,0.5319000873569345,1675,675,335,135,261,244,52,49,461,14,92,3,,,,,,,,,,,,,,,,,,,,,2397,423,705,479
ablation,gdm_early,3,0.8,ablation,0.5,0,2,2028,w/o focal loss (cross-entropy),0.9864133656239944,0.966427682156023,0.9708029197080292,0.9559164733178654,0.9333333333333333,0.9809523809523809,0.9516994633273703,0.9599860418869519,0.03613424301147461,-2.439175170992672,0.32581463650735343,0.03678494969643783,0.33564189076423645,266,412,19,8,28.13613986968994,8043792,1907,0.5417388471845896,1675,675,335,135,261,244,52,49,461,14,92,3,,,,,,,,,,,,,,,,,,,,,2397,423,705,479
ablation,gdm_early,3,0.8,ablation,0.5,0,2,2028,w/o contrastive loss,0.9839915660406117,0.9614462367596389,0.9087591240875912,0.9651972157772621,0.9431818181818182,0.9433106575963719,0.9256505576208178,0.9398894989938952,0.041897956281900406,-1.9970271293267554,0.31941451991592656,0.043037644509516707,0.9847709536552429,249,416,15,25,27.885836601257324,8043792,1890,0.5276166363138335,1675,675,335,135,261,244,52,49,461,14,92,3,,,,,,,,,,,,,,,,,,,,,2397,423,705,479
ablation,gdm_early,3,0.8,ablation,0.5,0,2,2028,w/o class-aware smoothness,0.9809854861381612,0.9624050628620352,0.9562043795620438,0.9535962877030162,0.9290780141843972,0.9716312056737588,0.9424460431654677,0.9524876585850757,0.040573716163635254,-2.6506583586173176,0.32980707808709614,0.04135564518630081,0.6849607825279236,262,411,20,12,26.679599046707153,8043792,1895,0.5392099379617703,1675,675,335,135,261,244,52,49,461,14,92,3,,,,,,,,,,,,,,,,,,,,,2397,423,705,479
ablation,gdm_early,3,0.8,ablation,0.5,0,2,2028,w/o dynamic edge attention,0.984601249851813,0.966373476153902,0.9416058394160584,0.962877030162413,0.9416058394160584,0.962877030162413,0.9416058394160584,0.9522414347892356,0.038716018199920654,-3.226450022537118,0.35355532395164585,0.03906143253292651,0.9610084295272827,258,415,16,16,23.90107798576355,7582752,1891,0.5424288189046329,1675,675,335,135,261,244,52,49,461,14,92,3,,,,,,,,,,,,,,,,,,,,,2397,423,705,479
ablation,gdm_early,3,0.8,ablation,0.5,0,2,2028,w/o FedProx term,0.9875395871085745,0.9760358181280457,0.9416058394160584,0.9582366589327146,0.9347826086956522,0.9627039627039627,0.9381818181818182,0.949323467230444,0.04290309548377991,-2.5992690474195803,0.34692694830558213,0.04549031678772143,0.912272036075592,258,413,18,16,28.2446768283844,8043792,1893,0.5285035312930307,1675,675,335,135,261,244,52,49,461,14,92,3,,,,,,,,,,,,,,,,,,,,,2397,423,705,479
ablation,gdm_early,3,0.8,ablation,0.5,0,2,2028,w/o calibrated LR head (GNN logits),0.9867393771063729,0.9755891499993974,0.9452554744525548,0.9605568445475638,0.9384057971014492,0.965034965034965,0.9418181818181818,0.9523044397463002,0.03948197141289711,-0.22509292448666,1.6139795356656033,0.0589882214177162,0.5997084379196167,259,414,17,15,27.06341528892517,7927200,1893,,1675,675,335,135,261,244,52,49,461,14,92,3,,,,,,,,,,,,,,,,,,,,,2397,423,705,479
ablation,gdm_early,3,0.8,ablation,0.5,0,2,2028,"Supervised only (no PL, CAA, proto)",0.9864430030314835,0.9671840217400671,0.9452554744525548,0.962877030162413,0.9418181818181818,0.9651162790697675,0.9435336976320583,0.9537645259356575,0.04183697700500488,-2.0440137083007452,0.34780645596034987,0.041427513457676216,0.8837456107139587,259,415,16,15,16.5512375831604,8013072,0,0.5404358962969543,1675,675,335,135,261,244,52,49,461,14,92,3,,,,,,,,,,,,,,,,,,,,,2397,423,705,479
ablation,gdm_early,3,0.8,ablation,0.5,0,3,2029,Full,0.9865496828752642,0.9647452760972358,0.9781818181818182,0.9627906976744186,0.9438596491228071,0.9857142857142858,0.9607142857142857,0.9674159663865547,0.029515516012907028,-2.4375530089577477,0.312187480716262,0.030163374565977685,0.10516499727964401,269,414,16,6,27.311270475387573,8043792,1904,0.4928605200945627,1456,635,291,127,272,164,55,33,669,133,134,27,,,,,,,,,,,,,,,,,,,,,2397,423,705,480
ablation,gdm_early,3,0.8,ablation,0.5,0,3,2029,w/o PG-PL gates 2-3 (confidence only),0.9859577167019027,0.9622676474999226,0.9854545454545455,0.9604651162790697,0.9409722222222222,0.9904076738609112,0.9626998223801065,0.9689532169751772,0.030171766877174377,-1.8434600186409862,0.325440116466807,0.02997344253693726,0.03258274123072624,271,413,17,4,27.331438541412354,8043792,1908,0.4931885342789598,1456,635,291,127,272,164,55,33,669,133,134,27,,,,,,,,,,,,,,,,,,,,,2397,423,705,480
ablation,gdm_early,3,0.8,ablation,0.5,0,3,2029,w/o pseudo-labelling,0.9862832980972517,0.9714228884114706,0.9781818181818182,0.9651162790697675,0.9471830985915493,0.9857482185273159,0.962432915921288,0.9688780325787403,0.03028525970876217,-0.7007333629841881,0.33592957103433563,0.032207278666377105,0.050135537981987,269,415,15,6,28.013968467712402,8043792,0,0.49963061465721037,1456,635,291,127,272,164,55,33,669,133,134,27,,,,,,,,,,,,,,,,,,,,,2397,423,705,480
ablation,gdm_early,3,0.8,ablation,0.5,0,3,2029,w/o adaptive graph refinement,0.982139534883721,0.9441384816507945,0.9745454545454545,0.9651162790697675,0.9469964664310954,0.9834123222748815,0.9605734767025089,0.9673759402291887,0.026463821530342102,-2.1356824039900384,0.35709392405167334,0.02667969896041968,0.26057082414627075,268,415,15,7,27.646995544433594,8043792,1894,0.5193528368794326,1456,635,291,127,272,164,55,33,669,133,134,27,,,,,,,,,,,,,,,,,,,,,2397,423,705,480
ablation,gdm_early,3,0.8,ablation,0.5,0,3,2029,w/o clinical-aware augmentation,0.9846596194503171,0.9601859385504801,0.9927272727272727,0.9511627906976744,0.9285714285714286,0.9951338199513382,0.9595782073813708,0.9661149063066188,0.032247189432382584,-4.00868866836241,0.30458610899268956,0.033757558907547336,0.0013489620760083199,273,409,21,2,18.022767305374146,8043792,1899,0.49998522458628847,1456,635,291,127,272,164,55,33,669,133,134,27,,,,,,,,,,,,,,,,,,,,,2397,423,705,480
ablation,gdm_early,3,0.8,ablation,0.5,0,3,2029,w/o prototype sharing,0.9858350951374207,0.9628295152383444,0.9927272727272727,0.9534883720930233,0.931740614334471,0.9951456310679612,0.9612676056338029,0.9675696698002744,0.027736952528357506,-3.203405502093543,0.31688335190532607,0.02753194035204284,0.002407466061413288,273,410,20,2,29.698673009872437,8013072,1899,0.4906486406619386,1456,635,291,127,272,164,55,33,669,133,134,27,,,,,,,,,,,,,,,,,,,,,2397,423,705,480
ablation,gdm_early,3,0.8,ablation,0.5,0,3,2029,w/o focal loss (cross-entropy),0.9857928118393234,0.960653403600353,0.9890909090909091,0.9534883720930233,0.9315068493150684,0.9927360774818402,0.9594356261022927,0.9660760574165081,0.029416507109999657,-3.142429318098598,0.30862392545838707,0.02979624839499591,0.0005786256515420973,272,410,20,3,28.03696918487549,8043792,1909,0.4986214539007092,1456,635,291,127,272,164,55,33,669,133,134,27,,,,,,,,,,,,,,,,,,,,,2397,423,705,480
ablation,gdm_early,3,0.8,ablation,0.5,0,3,2029,w/o contrastive loss,0.9877209302325581,0.974913022031449,0.9745454545454545,0.958139534883721,0.9370629370629371,0.9832935560859188,0.9554367201426025,0.962995156302161,0.03356586769223213,-1.2069550429885492,0.3101995347389092,0.03380494515893729,0.004741048905998468,268,412,18,7,27.364593029022217,8043792,1903,0.491343085106383,1456,635,291,127,272,164,55,33,669,133,134,27,,,,,,,,,,,,,,,,,,,,,2397,423,705,480
ablation,gdm_early,3,0.8,ablation,0.5,0,3,2029,w/o class-aware smoothness,0.9865116279069768,0.9628766441581751,0.9745454545454545,0.9511627906976744,0.9273356401384083,0.9831730769230769,0.950354609929078,0.958628841607565,0.03233220428228378,-1.450588883697954,0.35092007170422435,0.033169460473235365,0.0024823227431625128,268,409,21,7,25.989868879318237,8043792,1878,0.5030836288416076,1456,635,291,127,272,164,55,33,669,133,134,27,,,,,,,,,,,,,,,,,,,,,2397,423,705,480
ablation,gdm_early,3,0.8,ablation,0.5,0,3,2029,w/o dynamic edge attention,0.9851205073995771,0.9564148769807495,0.9818181818181818,0.9558139534883721,0.9342560553633218,0.9879807692307693,0.9574468085106383,0.9645390070921986,0.033303242176771164,-3.9078594267598388,0.3123019222595688,0.03399851579885393,0.011433317326009274,270,411,19,5,22.688045024871826,7582752,1897,0.49359485815602827,1456,635,291,127,272,164,55,33,669,133,134,27,,,,,,,,,,,,,,,,,,,,,2397,423,705,480
ablation,gdm_early,3,0.8,ablation,0.5,0,3,2029,w/o FedProx term,0.986630021141649,0.9652309161281014,0.9781818181818182,0.9604651162790697,0.9405594405594405,0.9856801909307876,0.9590017825311943,0.9659555437979882,0.02988317795097828,-2.123648917931994,0.3117633151647464,0.030775571363509113,0.05956884101033211,269,413,17,6,27.271828413009644,8043792,1904,0.49477245862884167,1456,635,291,127,272,164,55,33,669,133,134,27,,,,,,,,,,,,,,,,,,,,,2397,423,705,480
ablation,gdm_early,3,0.8,ablation,0.5,0,3,2029,w/o calibrated LR head (GNN logits),0.9880338266384777,0.9747659608638584,0.9927272727272727,0.9534883720930233,0.931740614334471,0.9951456310679612,0.9612676056338029,0.9675696698002744,0.028097189962863922,0.1522552853536993,1.3585770862726418,0.03867779242020128,0.11996761709451675,273,410,20,2,27.01152515411377,7927200,1904,,1456,635,291,127,272,164,55,33,669,133,134,27,,,,,,,,,,,,,,,,,,,,,2397,423,705,480
ablation,gdm_early,3,0.8,ablation,0.5,0,3,2029,"Supervised only (no PL, CAA, proto)",0.9862156448202959,0.9699673011417789,0.9672727272727273,0.9604651162790697,0.9399293286219081,0.9786729857819905,0.953405017921147,0.9614442929981322,0.03350664675235748,-3.2741967229536555,0.32284423849085064,0.034229320453493105,0.23482494056224823,266,413,17,9,16.300432920455933,8013072,0,0.5070641252955084,1456,635,291,127,272,164,55,33,669,133,134,27,,,,,,,,,,,,,,,,,,,,,2397,423,705,480
ablation,gdm_early,3,0.8,ablation,0.5,0,4,2030,Full,0.9826807610993658,0.9479302570167129,0.9854545454545455,0.9720930232558139,0.9575971731448764,0.990521327014218,0.9713261648745519,0.9762734110757736,0.02296159602701664,-2.6696208299078914,0.35005183295761494,0.022954656609254782,0.07234732061624527,271,418,12,4,27.877930879592896,8043792,1880,0.47652319400642595,905,568,181,114,100,7,20,1,1392,357,278,71,,,,,,,,,,,,,,,,,,,,,2397,423,705,479
ablation,gdm_early,3,0.8,ablation,0.5,0,4,2030,w/o PG-PL gates 2-3 (confidence only),0.9820211416490486,0.9515828540607804,0.9890909090909091,0.9674418604651163,0.951048951048951,0.9928400954653938,0.9696969696969697,0.9748367062854695,0.02251766249537468,-3.358850408243317,0.33863448648213296,0.022472123433307387,0.009402289055287838,272,416,14,3,28.50572967529297,8043792,1886,0.4865114970609574,905,568,181,114,100,7,20,1,1392,357,278,71,,,,,,,,,,,,,,,,,,,,,2397,423,705,479
ablation,gdm_early,3,0.8,ablation,0.5,0,4,2030,w/o pseudo-labelling,0.9835983086680761,0.9604688212425004,0.9890909090909091,0.9627906976744186,0.9444444444444444,0.9928057553956835,0.9662522202486679,0.9719100534537318,0.021665191277861595,-6.154574092486853,0.3345134944140763,0.021829141213819504,0.03928842023015022,272,414,16,3,28.768672704696655,8043792,0,0.5017352936821688,905,568,181,114,100,7,20,1,1392,357,278,71,,,,,,,,,,,,,,,,,,,,,2397,423,705,479
ablation,gdm_early,3,0.8,ablation,0.5,0,4,2030,w/o adaptive graph refinement,0.9832642706131078,0.9555525613886142,0.9890909090909091,0.9697674418604652,0.9543859649122807,0.9928571428571429,0.9714285714285714,0.9763025210084033,0.0221117977052927,-3.077123746587258,0.3589818492658338,0.020747969438922945,0.09222406893968582,272,417,13,3,29.75978922843933,8043792,1862,0.49914271754097633,905,568,181,114,100,7,20,1,1392,357,278,71,,,,,,,,,,,,,,,,,,,,,2397,423,705,479
ablation,gdm_early,3,0.8,ablation,0.5,0,4,2030,w/o clinical-aware augmentation,0.9805835095137421,0.9524948378404743,0.96,0.9767441860465116,0.9635036496350365,0.974477958236659,0.9617486338797814,0.9686791949886712,0.02377542294561863,-2.11820454879442,0.31407818176055013,0.024305295837953905,0.9466820955276489,264,420,10,11,17.780694484710693,8043792,1783,0.4801462858496572,905,568,181,114,100,7,20,1,1392,357,278,71,,,,,,,,,,,,,,,,,,,,,2397,423,705,479
ablation,gdm_early,3,0.8,ablation,0.5,0,4,2030,w/o prototype sharing,0.9809006342494715,0.9445227193502558,0.9854545454545455,0.9720930232558139,0.9575971731448764,0.990521327014218,0.9713261648745519,0.9762734110757736,0.021339356899261475,-2.682863448877566,0.35601468110583984,0.021645214794457936,0.11578226834535599,271,418,12,4,29.756433486938477,8013072,1873,0.4733975925021099,905,568,181,114,100,7,20,1,1392,357,278,71,,,,,,,,,,,,,,,,,,,,,2397,423,705,479
ablation,gdm_early,3,0.8,ablation,0.5,0,4,2030,w/o focal loss (cross-entropy),0.9824947145877378,0.9570355059454645,0.9854545454545455,0.9697674418604652,0.954225352112676,0.9904988123515439,0.9695885509838998,0.9748060263732661,0.0232723206281662,-2.144527540056713,0.32658052353667744,0.023250498942880553,0.0018450525822117925,271,417,13,4,28.45352268218994,8043792,1849,0.4877789129243844,905,568,181,114,100,7,20,1,1392,357,278,71,,,,,,,,,,,,,,,,,,,,,2397,423,705,479
ablation,gdm_early,3,0.8,ablation,0.5,0,4,2030,w/o contrastive loss,0.9858477801268499,0.9665529116160727,0.9854545454545455,0.9697674418604652,0.954225352112676,0.9904988123515439,0.9695885509838998,0.9748060263732661,0.022845864295959473,-3.850043885427021,0.33866782945593993,0.023063313190747673,0.6913347840309143,271,417,13,4,27.50070810317993,8043792,1846,0.47983979626586115,905,568,181,114,100,7,20,1,1392,357,278,71,,,,,,,,,,,,,,,,,,,,,2397,423,705,479
ablation,gdm_early,3,0.8,ablation,0.5,0,4,2030,w/o class-aware smoothness,0.9812811839323466,0.9565539010973071,0.9818181818181818,0.9720930232558139,0.9574468085106383,0.9881796690307328,0.9694793536804309,0.9747748468284921,0.027991412207484245,-2.3274849256104333,0.30289831067634254,0.028833091187749883,0.010078482329845428,270,418,12,5,25.990259885787964,8043792,1760,0.49497179407453473,905,568,181,114,100,7,20,1,1392,357,278,71,,,,,,,,,,,,,,,,,,,,,2397,423,705,479
ablation,gdm_early,3,0.8,ablation,0.5,0,4,2030,w/o dynamic edge attention,0.9856744186046511,0.9620332619034437,0.9854545454545455,0.958139534883721,0.9377162629757786,0.9903846153846154,0.9609929078014184,0.9674940898345153,0.023974189534783363,-4.640791872510916,0.3252833880287735,0.023871220400266284,0.003363422118127346,271,412,18,4,23.656354904174805,7582752,1893,0.4915944861487437,905,568,181,114,100,7,20,1,1392,357,278,71,,,,,,,,,,,,,,,,,,,,,2397,423,705,479
ablation,gdm_early,3,0.8,ablation,0.5,0,4,2030,w/o FedProx term,0.9824693446088795,0.9467462455159132,0.9854545454545455,0.9720930232558139,0.9575971731448764,0.990521327014218,0.9713261648745519,0.9762734110757736,0.023044880479574203,-2.5571666946748146,0.3507931414728178,0.023238183207255098,0.07032220810651779,271,418,12,4,28.238919258117676,8043792,1880,0.4764121470557752,905,568,181,114,100,7,20,1,1392,357,278,71,,,,,,,,,,,,,,,,,,,,,2397,423,705,479
ablation,gdm_early,3,0.8,ablation,0.5,0,4,2030,w/o calibrated LR head (GNN logits),0.9857589852008456,0.9569087681180501,0.9890909090909091,0.9720930232558139,0.9577464788732394,0.9928741092636579,0.9731663685152058,0.9777700232705289,0.03075389377772808,0.7668853312249413,1.3967512353343685,0.05602983140670662,0.16254912316799164,272,418,12,3,27.486927032470703,7927200,1880,,905,568,181,114,100,7,20,1,1392,357,278,71,,,,,,,,,,,,,,,,,,,,,2397,423,705,479
ablation,gdm_early,3,0.8,ablation,0.5,0,4,2030,"Supervised only (no PL, CAA, proto)",0.9783002114164906,0.9374826985276472,0.9854545454545455,0.9627906976744186,0.9442508710801394,0.9904306220095693,0.9644128113879004,0.9704139528637614,0.025341762229800224,-1.7566818826158141,0.3365658795288304,0.0261547727074395,0.013271595351397991,271,414,16,4,16.915130615234375,8013072,0,0.480403914775167,905,568,181,114,100,7,20,1,1392,357,278,71,,,,,,,,,,,,,,,,,,,,,2397,423,705,479
ablation,gdm_early,3,0.8,ablation,0.5,1,0,3026,Full,0.9823699764594306,0.9622692549988399,0.9781021897810219,0.9327146171693735,0.9023569023569024,0.9852941176470589,0.9387040280210157,0.9484938495289823,0.05184048041701317,-5.937780023835151,0.3892814519200209,0.053919311215876495,0.9371815323829651,268,402,29,6,28.22808027267456,8043792,1885,0.5551163031729816,1117,277,223,55,249,240,50,48,1031,416,206,83,,,,,,,,,,,,,,,,,,,,,2397,423,705,479
ablation,gdm_early,3,0.8,ablation,0.5,1,0,3026,w/o PG-PL gates 2-3 (confidence only),0.9823022338137415,0.9552663483993858,0.9781021897810219,0.9419953596287703,0.9146757679180887,0.9854368932038835,0.9453262786596119,0.9542764252135545,0.050997838377952576,-5.912518737596217,0.39885484169623464,0.054552649817733306,0.9597235918045044,268,406,25,6,28.312612056732178,8043792,1884,0.5485867424747184,1117,277,223,55,249,240,50,48,1031,416,206,83,,,,,,,,,,,,,,,,,,,,,2397,423,705,479
ablation,gdm_early,3,0.8,ablation,0.5,1,0,3026,w/o pseudo-labelling,0.9832675665148102,0.9661757903738666,0.9781021897810219,0.9419953596287703,0.9146757679180887,0.9854368932038835,0.9453262786596119,0.9542764252135545,0.054271258413791656,-8.37066116355612,0.36400696004762567,0.055288941619574296,0.9936514496803284,268,406,25,6,29.6536762714386,8043792,0,0.5398717777876486,1117,277,223,55,249,240,50,48,1031,416,206,83,,,,,,,,,,,,,,,,,,,,,2397,423,705,479
ablation,gdm_early,3,0.8,ablation,0.5,1,0,3026,w/o adaptive graph refinement,0.9824715904279642,0.9565867664209284,0.9708029197080292,0.9396751740139211,0.910958904109589,0.9806295399515739,0.9399293286219081,0.9498224842161673,0.05749126523733139,-5.486823907337869,0.4322753496748989,0.05864840540572577,0.973741888999939,266,405,26,8,29.82153630256653,8043792,1899,0.5666918373088141,1117,277,223,55,249,240,50,48,1031,416,206,83,,,,,,,,,,,,,,,,,,,,,2397,423,705,479
ablation,gdm_early,3,0.8,ablation,0.5,1,0,3026,w/o clinical-aware augmentation,0.9826578827036089,0.9654714637515385,0.9817518248175182,0.9373549883990719,0.9087837837837838,0.9877750611246944,0.9438596491228071,0.9528822055137844,0.05563011020421982,-7.067030175316251,0.37943554353757614,0.05891267326561377,0.9309538006782532,269,404,27,5,17.27455449104309,8043792,1860,0.5374213417432891,1117,277,223,55,249,240,50,48,1031,416,206,83,,,,,,,,,,,,,,,,,,,,,2397,423,705,479
ablation,gdm_early,3,0.8,ablation,0.5,1,0,3026,w/o prototype sharing,0.9818153335478516,0.9553301528004928,0.9744525547445255,0.9373549883990719,0.9081632653061225,0.9829683698296837,0.9401408450704225,0.9498803987822422,0.051212869584560394,-5.915590349787972,0.398364060443598,0.05652932440152009,0.9585119485855103,267,404,27,7,27.537923336029053,8013072,1876,0.5484164704837206,1117,277,223,55,249,240,50,48,1031,416,206,83,,,,,,,,,,,,,,,,,,,,,2397,423,705,479
ablation,gdm_early,3,0.8,ablation,0.5,1,0,3026,w/o focal loss (cross-entropy),0.9872093417108404,0.9735983085938307,0.9817518248175182,0.9443155452436195,0.9180887372013652,0.9878640776699029,0.9488536155202821,0.957226333264293,0.053984545171260834,-8.893421518566043,0.3833249612687218,0.05544791046747976,0.9934072494506836,269,407,24,5,27.909900426864624,8043792,1909,0.5202830956928589,1117,277,223,55,249,240,50,48,1031,416,206,83,,,,,,,,,,,,,,,,,,,,,2397,423,705,479
ablation,gdm_early,3,0.8,ablation,0.5,1,0,3026,w/o contrastive loss,0.9836697884735888,0.9601743252319537,0.9781021897810219,0.9489559164733179,0.9241379310344827,0.9855421686746988,0.950354609929078,0.958628841607565,0.05260290950536728,-8.253114836795522,0.3734687294272573,0.05850807181031094,0.9887427091598511,268,409,22,6,27.59465765953064,8043792,1897,0.5298316528228135,1117,277,223,55,249,240,50,48,1031,416,206,83,,,,,,,,,,,,,,,,,,,,,2397,423,705,479
ablation,gdm_early,3,0.8,ablation,0.5,1,0,3026,w/o class-aware smoothness,0.9854268633461479,0.9681449698348756,0.9890510948905109,0.9350348027842227,0.9063545150501672,0.9926108374384236,0.9458987783595113,0.9544308706612371,0.03996080160140991,-5.676076888405382,0.42117541281800264,0.043957377177603715,0.4763866066932678,271,403,28,3,27.551116466522217,8043792,1851,0.5271191459749183,1117,277,223,55,249,240,50,48,1031,416,206,83,,,,,,,,,,,,,,,,,,,,,2397,423,705,479
ablation,gdm_early,3,0.8,ablation,0.5,1,0,3026,w/o dynamic edge attention,0.9851516588480363,0.9639072926985495,0.9708029197080292,0.9767981438515081,0.9637681159420289,0.9813519813519813,0.9672727272727273,0.9731712473572939,0.057930994778871536,-8.885965349391318,0.39521957276434716,0.062202703371538354,0.9998421669006348,266,421,10,8,22.896880865097046,7582752,1889,0.5333733102355676,1117,277,223,55,249,240,50,48,1031,416,206,83,,,,,,,,,,,,,,,,,,,,,2397,423,705,479
ablation,gdm_early,3,0.8,ablation,0.5,1,0,3026,w/o FedProx term,0.9823869121208528,0.9620178643340899,0.9781021897810219,0.9327146171693735,0.9023569023569024,0.9852941176470589,0.9387040280210157,0.9484938495289823,0.05198939889669418,-6.066416481967117,0.38642545195777483,0.055475777925606436,0.9417778849601746,268,402,29,6,27.276488304138184,8043792,1885,0.5556004678778188,1117,277,223,55,249,240,50,48,1031,416,206,83,,,,,,,,,,,,,,,,,,,,,2397,423,705,479
ablation,gdm_early,3,0.8,ablation,0.5,1,0,3026,w/o calibrated LR head (GNN logits),0.9847833082121021,0.9724810830614468,0.9817518248175182,0.9535962877030162,0.9307958477508651,0.9879807692307693,0.955595026642984,0.9630395440180681,0.04251903295516968,-0.49592325863233216,1.8611839036911353,0.07572013363770558,0.6202966570854187,269,411,20,5,26.94278359413147,7927200,1885,,1117,277,223,55,249,240,50,48,1031,416,206,83,,,,,,,,,,,,,,,,,,,,,2397,423,705,479
ablation,gdm_early,3,0.8,ablation,0.5,1,0,3026,"Supervised only (no PL, CAA, proto)",0.9841228174166342,0.9679322983126668,0.9781021897810219,0.9489559164733179,0.9241379310344827,0.9855421686746988,0.950354609929078,0.958628841607565,0.05637476593255997,-6.8572172920861885,0.3904584567748631,0.06009118779668096,0.9585948586463928,268,409,22,6,16.284539222717285,8013072,0,0.5406402226861518,1117,277,223,55,249,240,50,48,1031,416,206,83,,,,,,,,,,,,,,,,,,,,,2397,423,705,479
ablation,gdm_early,3,0.8,ablation,0.5,1,1,3027,Full,0.9896777143631345,0.9756103800772264,0.9854014598540146,0.9791183294663574,0.967741935483871,0.9906103286384976,0.976491862567812,0.9806613338510005,0.024332143366336823,-7.055271493866992,0.392312448271102,0.025309904912694758,0.9982182383537292,270,422,9,4,27.046018362045288,8043792,1876,0.4945375295508274,531,198,107,40,1053,383,211,77,813,352,162,70,,,,,,,,,,,,,,,,,,,,,2397,423,705,480
ablation,gdm_early,3,0.8,ablation,0.5,1,1,3027,w/o PG-PL gates 2-3 (confidence only),0.989186580181889,0.9780124985107574,0.9817518248175182,0.9791183294663574,0.9676258992805755,0.9882903981264637,0.9746376811594203,0.9791603324212019,0.021867822855710983,-4.7087001379604105,0.4220144102335129,0.02295517052906889,0.985077440738678,269,422,9,5,26.71238088607788,8043792,1879,0.4843513593380615,531,198,107,40,1053,383,211,77,813,352,162,70,,,,,,,,,,,,,,,,,,,,,2397,423,705,480
ablation,gdm_early,3,0.8,ablation,0.5,1,1,3027,w/o pseudo-labelling,0.99182007553305,0.9839416787376817,0.9671532846715328,0.9814385150812065,0.9706959706959707,0.9791666666666666,0.9689213893967094,0.974611332010058,0.022852910682559013,-6.227982468251728,0.39419451833180597,0.02409788715952002,0.9996744394302368,265,423,8,9,28.80037569999695,8043792,0,0.49891252955082743,531,198,107,40,1053,383,211,77,813,352,162,70,,,,,,,,,,,,,,,,,,,,,2397,423,705,480
ablation,gdm_early,3,0.8,ablation,0.5,1,1,3027,w/o adaptive graph refinement,0.9878910020830863,0.9691707326550488,0.9671532846715328,0.9791183294663574,0.9671532846715328,0.9791183294663574,0.9671532846715328,0.9731358070689451,0.02218477427959442,-3.714774924308391,0.42988779619844913,0.022296432922561227,0.98708575963974,265,422,9,9,26.603134870529175,8043792,1890,0.497024231678487,531,198,107,40,1053,383,211,77,813,352,162,70,,,,,,,,,,,,,,,,,,,,,2397,423,705,480
ablation,gdm_early,3,0.8,ablation,0.5,1,1,3027,w/o clinical-aware augmentation,0.9904906261114028,0.9788482920961882,0.9452554744525548,0.9860788863109049,0.9773584905660377,0.9659090909090909,0.961038961038961,0.9684643714494461,0.021517766639590263,-5.806638099078377,0.38680653501678686,0.021802443358923312,0.9997541308403015,259,425,6,15,16.11800241470337,8043792,1869,0.49061465721040187,531,198,107,40,1053,383,211,77,813,352,162,70,,,,,,,,,,,,,,,,,,,,,2397,423,705,480
ablation,gdm_early,3,0.8,ablation,0.5,1,1,3027,w/o prototype sharing,0.9904609887039139,0.9792854199028166,0.9854014598540146,0.9791183294663574,0.967741935483871,0.9906103286384976,0.976491862567812,0.9806613338510005,0.024030866101384163,-6.585700231192945,0.38960681726022345,0.02530563619047245,0.9973703622817993,270,422,9,4,27.104715585708618,8013072,1887,0.49384899527186765,531,198,107,40,1053,383,211,77,813,352,162,70,,,,,,,,,,,,,,,,,,,,,2397,423,705,480
ablation,gdm_early,3,0.8,ablation,0.5,1,1,3027,w/o focal loss (cross-entropy),0.9888097617152438,0.9743370076863207,0.9416058394160584,0.9860788863109049,0.9772727272727273,0.963718820861678,0.9591078066914498,0.9669392244466424,0.021889042109251022,-6.6782493103990435,0.36638154757427166,0.022663973062464322,0.999941349029541,258,425,6,16,26.659895181655884,8043792,1911,0.5005333924349882,531,198,107,40,1053,383,211,77,813,352,162,70,,,,,,,,,,,,,,,,,,,,,2397,423,705,480
ablation,gdm_early,3,0.8,ablation,0.5,1,1,3027,w/o contrastive loss,0.9926033498738294,0.9814710079444631,0.9562043795620438,0.9791183294663574,0.966789667896679,0.9723502304147466,0.9614678899082569,0.968595216630429,0.021656697615981102,-5.8175615428528085,0.3824328593908448,0.02227213329723078,0.9993076324462891,262,422,9,12,26.663081407546997,8043792,1894,0.4789036643026004,531,198,107,40,1053,383,211,77,813,352,162,70,,,,,,,,,,,,,,,,,,,,,2397,423,705,480
ablation,gdm_early,3,0.8,ablation,0.5,1,1,3027,w/o class-aware smoothness,0.9906557488102697,0.975318772715641,0.9416058394160584,0.9837587006960556,0.9735849056603774,0.9636363636363636,0.9573283858998145,0.9654609782541552,0.01831650733947754,-5.28013963265805,0.3899573883758769,0.018070762585650407,0.9998353719711304,258,424,7,16,25.680598735809326,8043792,1899,0.5050280732860519,531,198,107,40,1053,383,211,77,813,352,162,70,,,,,,,,,,,,,,,,,,,,,2397,423,705,480
ablation,gdm_early,3,0.8,ablation,0.5,1,1,3027,w/o dynamic edge attention,0.9931241214625637,0.9862628174862974,0.9635036496350365,0.9791183294663574,0.967032967032967,0.9768518518518519,0.9652650822669104,0.9716244298935943,0.020494509488344193,-3.8377481395164494,0.4790124098181138,0.021562783968641495,0.9920161962509155,264,422,9,10,22.330955743789673,7582752,1901,0.47426122931442083,531,198,107,40,1053,383,211,77,813,352,162,70,,,,,,,,,,,,,,,,,,,,,2397,423,705,480
ablation,gdm_early,3,0.8,ablation,0.5,1,1,3027,w/o FedProx term,0.9898301353159348,0.9761123981756451,0.9854014598540146,0.9791183294663574,0.967741935483871,0.9906103286384976,0.976491862567812,0.9806613338510005,0.024467576295137405,-7.228757300993505,0.3901185880353002,0.02545704910752914,0.9985277652740479,270,422,9,4,26.855759382247925,8043792,1876,0.49470449172576825,531,198,107,40,1053,383,211,77,813,352,162,70,,,,,,,,,,,,,,,,,,,,,2397,423,705,480
ablation,gdm_early,3,0.8,ablation,0.5,1,1,3027,w/o calibrated LR head (GNN logits),0.9935729164902535,0.987001141156974,0.9598540145985401,0.9814385150812065,0.9704797047970479,0.9746543778801844,0.9651376146788991,0.971586148379912,0.02464359439909458,-0.6209676781006032,1.7198662984557742,0.05888079869303299,0.8508444428443909,263,423,8,11,26.438364505767822,7927200,1876,,531,198,107,40,1053,383,211,77,813,352,162,70,,,,,,,,,,,,,,,,,,,,,2397,423,705,480
ablation,gdm_early,3,0.8,ablation,0.5,1,1,3027,"Supervised only (no PL, CAA, proto)",0.989381340288245,0.9773761348433647,0.9416058394160584,0.9837587006960556,0.9735849056603774,0.9636363636363636,0.9573283858998145,0.9654609782541552,0.021325312554836273,-4.2452643845279185,0.42810028660126476,0.02225331151808433,0.9987993240356445,258,424,7,16,15.935736894607544,8013072,0,0.4847325650118204,531,198,107,40,1053,383,211,77,813,352,162,70,,,,,,,,,,,,,,,,,,,,,2397,423,705,480
ablation,gdm_early,3,0.8,ablation,0.5,1,2,3028,Full,0.9877131776381526,0.9702869370352754,0.9890510948905109,0.962877030162413,0.9442508710801394,0.992822966507177,0.966131907308378,0.9718763187896424,0.02688612788915634,-5.227716984120068,0.3450653082561314,0.0275692823056069,0.14576900005340576,271,415,16,3,26.89732050895691,8043792,1910,0.4875280732860521,465,270,93,54,415,135,83,27,1517,528,304,106,,,,,,,,,,,,,,,,,,,,,2397,423,705,480
ablation,gdm_early,3,0.8,ablation,0.5,1,2,3028,w/o PG-PL gates 2-3 (confidence only),0.9878825342523753,0.9721474697194361,0.9854014598540146,0.962877030162413,0.9440559440559441,0.9904534606205251,0.9642857142857143,0.9703781512605042,0.027345675975084305,-4.804088965651513,0.34607764448212563,0.026989634704556505,0.5066350102424622,270,415,16,4,27.92951226234436,8043792,1913,0.485951536643026,465,270,93,54,415,135,83,27,1517,528,304,106,,,,,,,,,,,,,,,,,,,,,2397,423,705,480
ablation,gdm_early,3,0.8,ablation,0.5,1,2,3028,w/o pseudo-labelling,0.9870018798584179,0.9648914597487893,0.9927007299270073,0.962877030162413,0.9444444444444444,0.9952038369304557,0.9679715302491103,0.9733725575773853,0.025244973599910736,-5.916693755791882,0.3527760004807741,0.02545887819055388,0.3907819986343384,272,415,16,2,26.350510835647583,8043792,0,0.4981264775413711,465,270,93,54,415,135,83,27,1517,528,304,106,,,,,,,,,,,,,,,,,,,,,2397,423,705,480
ablation,gdm_early,3,0.8,ablation,0.5,1,2,3028,w/o adaptive graph refinement,0.9858587227124156,0.9610689674022522,0.9927007299270073,0.9605568445475638,0.9411764705882353,0.9951923076923077,0.9662522202486679,0.9719100534537318,0.026845311746001244,-7.485258847291964,0.36547343890584183,0.02652404430431334,0.8969674110412598,272,414,17,2,27.16381072998047,8043792,1900,0.5190632387706856,465,270,93,54,415,135,83,27,1517,528,304,106,,,,,,,,,,,,,,,,,,,,,2397,423,705,480
ablation,gdm_early,3,0.8,ablation,0.5,1,2,3028,w/o clinical-aware augmentation,0.9841820922316122,0.9532508877008821,0.9854014598540146,0.962877030162413,0.9440559440559441,0.9904534606205251,0.9642857142857143,0.9703781512605042,0.026182522997260094,-5.343650577946734,0.3376554075171983,0.026704754805273283,0.7966823577880859,270,415,16,4,16.58649182319641,8043792,1904,0.48029994089834516,465,270,93,54,415,135,83,27,1517,528,304,106,,,,,,,,,,,,,,,,,,,,,2397,423,705,480
ablation,gdm_early,3,0.8,ablation,0.5,1,2,3028,w/o prototype sharing,0.9880476569512422,0.9713640160748616,0.9890510948905109,0.962877030162413,0.9442508710801394,0.992822966507177,0.966131907308378,0.9718763187896424,0.02632623165845871,-5.431647907329833,0.34486826536628595,0.02648642727211846,0.5556615591049194,271,415,16,3,26.783015966415405,8013072,1911,0.4921439125295508,465,270,93,54,415,135,83,27,1517,528,304,106,,,,,,,,,,,,,,,,,,,,,2397,423,705,480
ablation,gdm_early,3,0.8,ablation,0.5,1,2,3028,w/o focal loss (cross-entropy),0.9852066997476587,0.95803288063797,0.9817518248175182,0.9651972157772621,0.9471830985915493,0.9881235154394299,0.96415770609319,0.970341763844717,0.026954801753163338,-7.002585544928076,0.32937281847593275,0.027287636273119475,0.995053768157959,269,416,15,5,26.996759176254272,8043792,1915,0.4769326241134752,465,270,93,54,415,135,83,27,1517,528,304,106,,,,,,,,,,,,,,,,,,,,,2397,423,705,480
ablation,gdm_early,3,0.8,ablation,0.5,1,2,3028,w/o contrastive loss,0.9864175995393499,0.9652415194435946,0.9927007299270073,0.9605568445475638,0.9411764705882353,0.9951923076923077,0.9662522202486679,0.9719100534537318,0.02617870643734932,-5.511083148202923,0.3564079882752655,0.02762215381078688,0.18606138229370117,272,414,17,2,26.671171188354492,8043792,1896,0.46838800236406625,465,270,93,54,415,135,83,27,1517,528,304,106,,,,,,,,,,,,,,,,,,,,,2397,423,705,480
ablation,gdm_early,3,0.8,ablation,0.5,1,2,3028,w/o class-aware smoothness,0.9862355411790606,0.9600107897330441,0.9890510948905109,0.9651972157772621,0.9475524475524476,0.9928400954653938,0.9678571428571429,0.9733403361344538,0.0249789971858263,-6.437940945427349,0.3343846115904195,0.025464283794177887,0.23000776767730713,271,416,15,3,27.799277544021606,8043792,1892,0.4788652482269503,465,270,93,54,415,135,83,27,1517,528,304,106,,,,,,,,,,,,,,,,,,,,,2397,423,705,480
ablation,gdm_early,3,0.8,ablation,0.5,1,2,3028,w/o dynamic edge attention,0.986095821972327,0.9631477012554148,0.9963503649635036,0.9582366589327146,0.9381443298969072,0.9975845410628019,0.9663716814159292,0.9719432371576687,0.025314299389719963,-6.12721220834891,0.36077041012174565,0.025905244212254163,0.02947893925011158,273,413,18,1,22.287292957305908,7582752,1895,0.4894222813238771,465,270,93,54,415,135,83,27,1517,528,304,106,,,,,,,,,,,,,,,,,,,,,2397,423,705,480
ablation,gdm_early,3,0.8,ablation,0.5,1,2,3028,w/o FedProx term,0.9878952359984419,0.9723223207339412,0.9890510948905109,0.962877030162413,0.9442508710801394,0.992822966507177,0.966131907308378,0.9718763187896424,0.02674929052591324,-4.298481621248025,0.358732917856027,0.027294925653544133,0.1323964148759842,271,415,16,3,27.314409255981445,8043792,1910,0.48568705673758866,465,270,93,54,415,135,83,27,1517,528,304,106,,,,,,,,,,,,,,,,,,,,,2397,423,705,480
ablation,gdm_early,3,0.8,ablation,0.5,1,2,3028,w/o calibrated LR head (GNN logits),0.9882466509729537,0.967425257410376,0.9890510948905109,0.962877030162413,0.9442508710801394,0.992822966507177,0.966131907308378,0.9718763187896424,0.02726595103740692,-0.7262462764741915,1.373843885298876,0.043775544141201266,0.42738133668899536,271,415,16,3,26.487579822540283,7927200,1910,,465,270,93,54,415,135,83,27,1517,528,304,106,,,,,,,,,,,,,,,,,,,,,2397,423,705,480
ablation,gdm_early,3,0.8,ablation,0.5,1,2,3028,"Supervised only (no PL, CAA, proto)",0.9848468169424356,0.9541052111244022,0.9927007299270073,0.962877030162413,0.9444444444444444,0.9952038369304557,0.9679715302491103,0.9733725575773853,0.026017744094133377,-4.289900575616914,0.3398737076855474,0.025487271722790913,0.00695122079923749,272,415,16,2,15.787279844284058,8013072,0,0.4785830378250591,465,270,93,54,415,135,83,27,1517,528,304,106,,,,,,,,,,,,,,,,,,,,,2397,423,705,480
ablation,gdm_early,3,0.8,ablation,0.5,1,3,3029,Full,0.9807061310782241,0.9591774015257248,0.92,0.9744186046511628,0.9583333333333334,0.9501133786848073,0.9387755102040817,0.9504440122777009,0.04291165992617607,1.5644744167830893,0.32443976850945705,0.042750637605456075,0.7619879245758057,253,419,11,22,27.816495895385742,8043792,1864,0.5246808510638298,439,420,88,84,473,58,95,12,1485,454,297,91,,,,,,,,,,,,,,,,,,,,,2397,423,705,480
ablation,gdm_early,3,0.8,ablation,0.5,1,3,3029,w/o PG-PL gates 2-3 (confidence only),0.9818646934460888,0.9681497085966284,0.9236363636363636,0.9767441860465116,0.9621212121212122,0.9523809523809523,0.9424860853432282,0.9534474054729918,0.041729703545570374,1.379483187828238,0.307706317896719,0.042307407052936494,0.8283266425132751,254,420,10,21,26.64162826538086,8043792,1866,0.5275472813238772,439,420,88,84,473,58,95,12,1485,454,297,91,,,,,,,,,,,,,,,,,,,,,2397,423,705,480
ablation,gdm_early,3,0.8,ablation,0.5,1,3,3029,w/o pseudo-labelling,0.9817420718816068,0.9618655527121378,0.9018181818181819,0.9720930232558139,0.9538461538461539,0.9393258426966292,0.9271028037383178,0.9412656875834446,0.0467863529920578,0.556620294415592,0.34177711234893593,0.0453160255698236,0.9298940896987915,248,418,12,27,26.982276439666748,8043792,0,0.5137440898345154,439,420,88,84,473,58,95,12,1485,454,297,91,,,,,,,,,,,,,,,,,,,,,2397,423,705,480
ablation,gdm_early,3,0.8,ablation,0.5,1,3,3029,w/o adaptive graph refinement,0.9796575052854123,0.9628127589291837,0.9163636363636364,0.9720930232558139,0.9545454545454546,0.9478458049886621,0.935064935064935,0.9474406190824101,0.04954009875655174,-0.8291170726544563,0.2896606791728243,0.047591455731497964,0.90342116355896,252,418,12,23,26.40495204925537,8043792,1852,0.53520390070922,439,420,88,84,473,58,95,12,1485,454,297,91,,,,,,,,,,,,,,,,,,,,,2397,423,705,480
ablation,gdm_early,3,0.8,ablation,0.5,1,3,3029,w/o clinical-aware augmentation,0.9832008456659618,0.9713131909290996,0.9236363636363636,0.9720930232558139,0.9548872180451128,0.9521640091116174,0.9390018484288355,0.9505135824422659,0.04195883497595787,-0.22779927944084963,0.3452698097121054,0.04134773415784146,0.8775113224983215,254,418,12,21,16.460458755493164,8043792,1859,0.49684101654846335,439,420,88,84,473,58,95,12,1485,454,297,91,,,,,,,,,,,,,,,,,,,,,2397,423,705,480
ablation,gdm_early,3,0.8,ablation,0.5,1,3,3029,w/o prototype sharing,0.9822621564482028,0.9666989761440197,0.9090909090909091,0.9767441860465116,0.9615384615384616,0.9438202247191011,0.9345794392523364,0.9472897196261683,0.041173603385686874,1.6373969410299607,0.33622483812416776,0.0425647757901209,0.9292184710502625,250,420,10,25,26.38305425643921,8013072,1846,0.5191179078014184,439,420,88,84,473,58,95,12,1485,454,297,91,,,,,,,,,,,,,,,,,,,,,2397,423,705,480
ablation,gdm_early,3,0.8,ablation,0.5,1,3,3029,w/o focal loss (cross-entropy),0.9830528541226216,0.9664990033053875,0.8981818181818182,0.9837209302325581,0.9724409448818898,0.9379157427937915,0.9338374291115312,0.947054923409341,0.029880309477448463,0.6564134998481596,0.3402484092988498,0.032583235570804225,0.9801938533782959,247,423,7,28,27.625733137130737,8043792,1886,0.5158333333333334,439,420,88,84,473,58,95,12,1485,454,297,91,,,,,,,,,,,,,,,,,,,,,2397,423,705,480
ablation,gdm_early,3,0.8,ablation,0.5,1,3,3029,w/o contrastive loss,0.9819196617336151,0.9750866762158146,0.9090909090909091,0.9813953488372092,0.9689922480620154,0.9440715883668904,0.9380863039399625,0.9502290128593769,0.04816576465964317,1.329487253558126,0.2981459978758329,0.04777172503114433,0.9487112164497375,250,422,8,25,28.240145444869995,8043792,1862,0.5098995271867612,439,420,88,84,473,58,95,12,1485,454,297,91,,,,,,,,,,,,,,,,,,,,,2397,423,705,480
ablation,gdm_early,3,0.8,ablation,0.5,1,3,3029,w/o class-aware smoothness,0.9851797040169132,0.9645728577806287,0.9018181818181819,0.986046511627907,0.9763779527559056,0.9401330376940134,0.9376181474480151,0.9500803563573788,0.0334719754755497,1.0348523743895053,0.36786201556576065,0.03386076956141927,0.9783499240875244,248,424,6,27,25.390732049942017,8043792,1860,0.5030747635933805,439,420,88,84,473,58,95,12,1485,454,297,91,,,,,,,,,,,,,,,,,,,,,2397,423,705,480
ablation,gdm_early,3,0.8,ablation,0.5,1,3,3029,w/o dynamic edge attention,0.9764693446088794,0.959865466331948,0.9090909090909091,0.9813953488372092,0.9689922480620154,0.9440715883668904,0.9380863039399625,0.9502290128593769,0.04145776852965355,1.7268288421374094,0.3014682409130903,0.041033204454030324,0.9706811308860779,250,422,8,25,22.400362253189087,7582752,1856,0.5293424940898346,439,420,88,84,473,58,95,12,1485,454,297,91,,,,,,,,,,,,,,,,,,,,,2397,423,705,480
ablation,gdm_early,3,0.8,ablation,0.5,1,3,3029,w/o FedProx term,0.9804059196617336,0.9590588065854299,0.92,0.9744186046511628,0.9583333333333334,0.9501133786848073,0.9387755102040817,0.9504440122777009,0.042663875967264175,1.4454668962656156,0.34061945356597734,0.04202950047659325,0.6911561489105225,253,419,11,22,26.593236923217773,8043792,1864,0.5204861111111112,439,420,88,84,473,58,95,12,1485,454,297,91,,,,,,,,,,,,,,,,,,,,,2397,423,705,480
ablation,gdm_early,3,0.8,ablation,0.5,1,3,3029,w/o calibrated LR head (GNN logits),0.9826046511627906,0.9584308230462089,0.9236363636363636,0.9790697674418605,0.9657794676806084,0.9524886877828054,0.9442379182156134,0.9549171242454214,0.03972845524549484,-0.31901385470297217,1.703979512504172,0.07790099191116102,0.5766860842704773,254,421,9,21,26.174171686172485,7927200,1864,,439,420,88,84,473,58,95,12,1485,454,297,91,,,,,,,,,,,,,,,,,,,,,2397,423,705,480
ablation,gdm_early,3,0.8,ablation,0.5,1,3,3029,"Supervised only (no PL, CAA, proto)",0.9837928118393234,0.9787380876549431,0.8909090909090909,0.986046511627907,0.9760956175298805,0.933920704845815,0.9315589353612167,0.9454174767303821,0.03910401836037636,3.038886993979248,0.3658728700629407,0.04274550485003621,0.9730901122093201,245,424,6,30,15.646916389465332,8013072,0,0.5060534869976359,439,420,88,84,473,58,95,12,1485,454,297,91,,,,,,,,,,,,,,,,,,,,,2397,423,705,480
ablation,gdm_early,3,0.8,ablation,0.5,1,4,3030,Full,0.9884651162790697,0.9825004396876541,0.9818181818181818,0.9697674418604652,0.9540636042402827,0.9881516587677726,0.967741935483871,0.9733075874602454,0.026986699551343918,-2.4699044058016355,0.3409923496456966,0.02763671565073101,0.00936497189104557,270,417,13,5,27.420302629470825,8043792,1851,0.48998670212765955,668,58,134,12,1388,796,277,159,341,78,69,16,,,,,,,,,,,,,,,,,,,,,2397,423,705,480
ablation,gdm_early,3,0.8,ablation,0.5,1,4,3030,w/o PG-PL gates 2-3 (confidence only),0.9882494714587737,0.9821202137462559,0.9709090909090909,0.9720930232558139,0.956989247311828,0.9812206572769953,0.9638989169675091,0.9702672154931004,0.02734886109828949,-2.0514074073656174,0.34789850421338914,0.0281549197088486,0.293910413980484,267,418,12,8,27.12408757209778,8043792,1864,0.4901728723404255,668,58,134,12,1388,796,277,159,341,78,69,16,,,,,,,,,,,,,,,,,,,,,2397,423,705,480
ablation,gdm_early,3,0.8,ablation,0.5,1,4,3030,w/o pseudo-labelling,0.9869936575052853,0.9790014983068297,0.9854545454545455,0.9651162790697675,0.9475524475524476,0.9904534606205251,0.966131907308378,0.9718763187896424,0.022546129301190376,-0.6090966548954562,0.3878521126663474,0.0224158036835485,0.006009961944073439,271,415,15,4,28.050471544265747,8043792,0,0.4935313238770686,668,58,134,12,1388,796,277,159,341,78,69,16,,,,,,,,,,,,,,,,,,,,,2397,423,705,480
ablation,gdm_early,3,0.8,ablation,0.5,1,4,3030,w/o adaptive graph refinement,0.9846427061310782,0.9674421144308216,0.9709090909090909,0.9813953488372092,0.9709090909090909,0.9813953488372092,0.9709090909090909,0.97615221987315,0.021821020171046257,-1.561555940381072,0.36167637720473883,0.0217135578869505,0.8828282952308655,267,422,8,8,27.325057983398438,8043792,1834,0.5199896572104019,668,58,134,12,1388,796,277,159,341,78,69,16,,,,,,,,,,,,,,,,,,,,,2397,423,705,480
ablation,gdm_early,3,0.8,ablation,0.5,1,4,3030,w/o clinical-aware augmentation,0.986553911205074,0.97375652827683,0.9818181818181818,0.9697674418604652,0.9540636042402827,0.9881516587677726,0.967741935483871,0.9733075874602454,0.02555425651371479,-1.525825776590295,0.3817771149178721,0.02560408655578826,0.010587997734546661,270,417,13,5,16.777377367019653,8043792,1845,0.4942893026004728,668,58,134,12,1388,796,277,159,341,78,69,16,,,,,,,,,,,,,,,,,,,,,2397,423,705,480
ablation,gdm_early,3,0.8,ablation,0.5,1,4,3030,w/o prototype sharing,0.9880972515856237,0.983220494309896,0.9672727272727273,0.9720930232558139,0.9568345323741008,0.9789227166276346,0.9620253164556962,0.968760616220847,0.027415482327342033,-1.7985569577725318,0.35980476839032194,0.02824349686268514,0.4311944544315338,266,418,12,9,27.14730453491211,8013072,1863,0.48460106382978724,668,58,134,12,1388,796,277,159,341,78,69,16,,,,,,,,,,,,,,,,,,,,,2397,423,705,480
ablation,gdm_early,3,0.8,ablation,0.5,1,4,3030,w/o focal loss (cross-entropy),0.9905750528541226,0.9802003437974088,0.9745454545454545,0.9720930232558139,0.9571428571428572,0.9835294117647059,0.9657657657657658,0.9717717717717718,0.02568257972598076,-5.679498078505716,0.31458891346156,0.026179383325259226,0.9766985774040222,268,418,12,7,27.06961679458618,8043792,1866,0.5099689716312057,668,58,134,12,1388,796,277,159,341,78,69,16,,,,,,,,,,,,,,,,,,,,,2397,423,705,480
ablation,gdm_early,3,0.8,ablation,0.5,1,4,3030,w/o contrastive loss,0.989369978858351,0.9806731024384937,0.9709090909090909,0.9744186046511628,0.960431654676259,0.9812646370023419,0.9656419529837251,0.9717357956283853,0.025785045698285103,-4.854551953086138,0.35230637624908373,0.02582608077589236,0.9510478377342224,267,419,11,8,28.610763549804688,8043792,1805,0.5155112293144208,668,58,134,12,1388,796,277,159,341,78,69,16,,,,,,,,,,,,,,,,,,,,,2397,423,705,480
ablation,gdm_early,3,0.8,ablation,0.5,1,4,3030,w/o class-aware smoothness,0.9778858350951373,0.9585085709219296,0.9745454545454545,0.9767441860465116,0.9640287769784173,0.9836065573770492,0.969258589511754,0.9747109750359237,0.02359723299741745,-0.8924603263104225,0.32435694581267577,0.024169801946660067,0.24458010494709015,268,420,10,7,26.221667766571045,8043792,1878,0.5032801418439716,668,58,134,12,1388,796,277,159,341,78,69,16,,,,,,,,,,,,,,,,,,,,,2397,423,705,480
ablation,gdm_early,3,0.8,ablation,0.5,1,4,3030,w/o dynamic edge attention,0.993137420718816,0.985362066514975,0.9709090909090909,0.9744186046511628,0.960431654676259,0.9812646370023419,0.9656419529837251,0.9717357956283853,0.026077749207615852,-4.590868335867077,0.3494712549314181,0.026555771663362246,0.8858561515808105,267,419,11,8,22.502127647399902,7582752,1866,0.5138947990543735,668,58,134,12,1388,796,277,159,341,78,69,16,,,,,,,,,,,,,,,,,,,,,2397,423,705,480
ablation,gdm_early,3,0.8,ablation,0.5,1,4,3030,w/o FedProx term,0.9881141649048626,0.9816515572927713,0.9818181818181818,0.9697674418604652,0.9540636042402827,0.9881516587677726,0.967741935483871,0.9733075874602454,0.027031634002923965,-2.217988054310351,0.34712490254900674,0.027647585337254997,0.009025443345308304,270,417,13,5,27.148496389389038,8043792,1851,0.48924054373522463,668,58,134,12,1388,796,277,159,341,78,69,16,,,,,,,,,,,,,,,,,,,,,2397,423,705,480
ablation,gdm_early,3,0.8,ablation,0.5,1,4,3030,w/o calibrated LR head (GNN logits),0.9871966173361523,0.9764629582685478,0.9745454545454545,0.9697674418604652,0.9537366548042705,0.9834905660377359,0.9640287769784173,0.9703047866156723,0.0316106416285038,0.5212147241874681,1.604718105856929,0.06608489039519154,0.352944940328598,268,417,13,7,26.09822130203247,7927200,1851,,668,58,134,12,1388,796,277,159,341,78,69,16,,,,,,,,,,,,,,,,,,,,,2397,423,705,480
ablation,gdm_early,3,0.8,ablation,0.5,1,4,3030,"Supervised only (no PL, CAA, proto)",0.9854714587737844,0.9771371617847054,0.9709090909090909,0.9744186046511628,0.960431654676259,0.9812646370023419,0.9656419529837251,0.9717357956283853,0.022923966869711876,-0.11957353431725218,0.3805926558263998,0.024332160355212795,0.15416496992111206,267,419,11,8,16.443581342697144,8013072,0,0.48814568557919624,668,58,134,12,1388,796,277,159,341,78,69,16,,,,,,,,,,,,,,,,,,,,,2397,423,705,480
ablation,gdm_early,3,0.8,ablation,0.5,2,0,4026,Full,0.9858417870509932,0.9772148820270034,0.927007299270073,0.9767981438515081,0.9621212121212122,0.9546485260770975,0.9442379182156134,0.9549171242454214,0.05033257603645325,-4.61896346046767,0.38852978651837256,0.05607211647442945,0.9979514479637146,254,421,10,20,28.596747875213623,8043792,1818,0.547145390070922,1453,178,291,36,701,692,140,138,243,63,49,13,,,,,,,,,,,,,,,,,,,,,2397,423,705,480
ablation,gdm_early,3,0.8,ablation,0.5,2,0,4026,w/o PG-PL gates 2-3 (confidence only),0.9854692024997036,0.9764638103808653,0.9343065693430657,0.974477958236659,0.9588014981273408,0.958904109589041,0.9463955637707948,0.9565119360856276,0.057074133306741714,-4.738945601506912,0.38694871479784115,0.060531983012994006,0.9971436858177185,256,420,11,18,29.147483110427856,8043792,1816,0.545028073286052,1453,178,291,36,701,692,140,138,243,63,49,13,,,,,,,,,,,,,,,,,,,,,2397,423,705,480
ablation,gdm_early,3,0.8,ablation,0.5,2,0,4026,w/o pseudo-labelling,0.9856724304367707,0.976705969965607,0.948905109489051,0.9651972157772621,0.9454545454545454,0.9674418604651163,0.9471766848816029,0.9567474597462602,0.044791605323553085,-4.614296871190837,0.3874679727994578,0.048236189635655465,0.9899280667304993,260,416,15,14,27.93844962120056,8043792,0,0.5582845744680851,1453,178,291,36,701,692,140,138,243,63,49,13,,,,,,,,,,,,,,,,,,,,,2397,423,705,480
ablation,gdm_early,3,0.8,ablation,0.5,2,0,4026,w/o adaptive graph refinement,0.9832590986840991,0.9698901673569691,0.9306569343065694,0.9721577726218097,0.9550561797752809,0.95662100456621,0.9426987060998152,0.9535127592639467,0.07225015014410019,-5.087409335679331,0.43017199880046403,0.07960003107416291,0.9981014132499695,255,419,12,19,27.530322790145874,8043792,1819,0.5647488179669031,1453,178,291,36,701,692,140,138,243,63,49,13,,,,,,,,,,,,,,,,,,,,,2397,423,705,480
ablation,gdm_early,3,0.8,ablation,0.5,2,0,4026,w/o clinical-aware augmentation,0.9859349331888156,0.9760481440472627,0.9598540145985401,0.9721577726218097,0.9563636363636364,0.9744186046511628,0.9581056466302368,0.9656962611780684,0.045292723923921585,-3.5651845494357097,0.40667280438852443,0.049392820649007546,0.9697442650794983,263,419,12,11,16.115586280822754,8043792,1800,0.5519695626477541,1453,178,291,36,701,692,140,138,243,63,49,13,,,,,,,,,,,,,,,,,,,,,2397,423,705,480
ablation,gdm_early,3,0.8,ablation,0.5,2,0,4026,w/o prototype sharing,0.9866165935610615,0.9789468459561481,0.9525547445255474,0.9698375870069605,0.9525547445255474,0.9698375870069605,0.9525547445255474,0.961196165766254,0.04545918479561806,-4.448711736486471,0.3946200690973571,0.04830299160370588,0.992141604423523,261,418,13,13,28.11442542076111,8013072,1794,0.5494621749408983,1453,178,291,36,701,692,140,138,243,63,49,13,,,,,,,,,,,,,,,,,,,,,2397,423,705,480
ablation,gdm_early,3,0.8,ablation,0.5,2,0,4026,w/o focal loss (cross-entropy),0.9812945619591174,0.9656996302157322,0.8978102189781022,0.9698375870069605,0.9498069498069498,0.9372197309417041,0.9230769230769231,0.9381633190071046,0.051100604236125946,-2.4018524540888833,0.3778522797718368,0.047754264955824986,0.9908134341239929,246,418,13,28,30.045185565948486,8043792,1874,0.542182328605201,1453,178,291,36,701,692,140,138,243,63,49,13,,,,,,,,,,,,,,,,,,,,,2397,423,705,480
ablation,gdm_early,3,0.8,ablation,0.5,2,0,4026,w/o contrastive loss,0.9871204294883736,0.9761461322188455,0.9379562043795621,0.974477958236659,0.9589552238805971,0.9610983981693364,0.948339483394834,0.9580407094393525,0.03078300878405571,-0.7821236261289864,0.6279825545890996,0.02414526598963964,0.9186110496520996,257,420,11,17,27.890819311141968,8043792,1788,0.5415632387706855,1453,178,291,36,701,692,140,138,243,63,49,13,,,,,,,,,,,,,,,,,,,,,2397,423,705,480
ablation,gdm_early,3,0.8,ablation,0.5,2,0,4026,w/o class-aware smoothness,0.983987332125256,0.9493759350322939,0.9416058394160584,0.9721577726218097,0.9555555555555556,0.9632183908045977,0.9485294117647058,0.9580984241271566,0.03766154870390892,-2.242333321088021,0.38985210150323335,0.0368701220139967,0.9354366064071655,258,419,12,16,26.230380535125732,8043792,1866,0.5426329787234042,1453,178,291,36,701,692,140,138,243,63,49,13,,,,,,,,,,,,,,,,,,,,,2397,423,705,480
ablation,gdm_early,3,0.8,ablation,0.5,2,0,4026,w/o dynamic edge attention,0.9785848561315563,0.9589890933021644,0.9671532846715328,0.9327146171693735,0.9013605442176871,0.9781021897810219,0.9330985915492958,0.9439839751095647,0.059495504945516586,-3.369779126456717,0.40980967723202577,0.06614822015853217,0.6640163660049438,265,402,29,9,22.68030858039856,7582752,1821,0.5808170803782505,1453,178,291,36,701,692,140,138,243,63,49,13,,,,,,,,,,,,,,,,,,,,,2397,423,705,480
ablation,gdm_early,3,0.8,ablation,0.5,2,0,4026,w/o FedProx term,0.9857655765745931,0.9770258803161552,0.9233576642335767,0.9767981438515081,0.9619771863117871,0.9524886877828054,0.9422718808193669,0.9533810721393512,0.05002446845173836,-4.4615443451104015,0.39273266140599566,0.049459388465059144,0.9975774884223938,253,421,10,21,27.592081546783447,8043792,1817,0.5473832742316784,1453,178,291,36,701,692,140,138,243,63,49,13,,,,,,,,,,,,,,,,,,,,,2397,423,705,480
ablation,gdm_early,3,0.8,ablation,0.5,2,0,4026,w/o calibrated LR head (GNN logits),0.9862736464172608,0.97691509371618,0.9598540145985401,0.974477958236659,0.9598540145985401,0.974477958236659,0.9598540145985401,0.9671659864175995,0.06424415856599808,0.7822861340720122,2.2842830770754046,0.1295666549011325,0.290639191865921,263,420,11,11,27.241599082946777,7927200,1818,,1453,178,291,36,701,692,140,138,243,63,49,13,,,,,,,,,,,,,,,,,,,,,2397,423,705,480
ablation,gdm_early,3,0.8,ablation,0.5,2,0,4026,"Supervised only (no PL, CAA, proto)",0.9858206174742155,0.9745768123257978,0.9562043795620438,0.9721577726218097,0.9562043795620438,0.9721577726218097,0.9562043795620438,0.9641810760919267,0.04120474308729172,-4.055612209517762,0.39645811389439195,0.039883136058371536,0.9843544960021973,262,419,12,12,16.49862504005432,8013072,0,0.555830378250591,1453,178,291,36,701,692,140,138,243,63,49,13,,,,,,,,,,,,,,,,,,,,,2397,423,705,480
ablation,gdm_early,3,0.8,ablation,0.5,2,1,4027,Full,0.9926753264348739,0.9802535086642811,1.0,0.9489559164733179,0.9256756756756757,1.0,0.9614035087719298,0.9676065162907268,0.02419695444405079,-6.309831062148396,0.393619083657242,0.025221215391652126,0.0006522682961076498,274,409,22,0,29.44679307937622,8043792,1903,0.4611746453900709,414,148,83,30,316,88,64,18,1667,697,333,139,,,,,,,,,,,,,,,,,,,,,2397,423,705,480
ablation,gdm_early,3,0.8,ablation,0.5,2,1,4027,w/o PG-PL gates 2-3 (confidence only),0.9926118177045405,0.980779953387254,1.0,0.9419953596287703,0.9163879598662207,1.0,0.956369982547993,0.9632507021461589,0.024222873151302338,-7.7286555900633624,0.381390970716724,0.024708179676519695,0.00016022680210880935,274,406,25,0,28.01510190963745,8043792,1905,0.47039893617021283,414,148,83,30,316,88,64,18,1667,697,333,139,,,,,,,,,,,,,,,,,,,,,2397,423,705,480
ablation,gdm_early,3,0.8,ablation,0.5,2,1,4027,w/o pseudo-labelling,0.9920402391315393,0.978884304101994,1.0,0.9582366589327146,0.9383561643835616,1.0,0.9681978798586572,0.9734354328203239,0.02272913232445717,-7.016228416598616,0.38835902312732606,0.023564891016555803,0.0070085423067212105,274,413,18,0,28.159388065338135,8043792,0,0.4715854018912529,414,148,83,30,316,88,64,18,1667,697,333,139,,,,,,,,,,,,,,,,,,,,,2397,423,705,480
ablation,gdm_early,3,0.8,ablation,0.5,2,1,4027,w/o adaptive graph refinement,0.9878444290141751,0.9677707428515994,1.0,0.9559164733178654,0.9351535836177475,1.0,0.9664902998236331,0.971975873517985,0.026354851201176643,-6.4962195822547315,0.3913600073958299,0.027828685672630075,0.03208434581756592,274,412,19,0,27.200920581817627,8043792,1886,0.4924704491725769,414,148,83,30,316,88,64,18,1667,697,333,139,,,,,,,,,,,,,,,,,,,,,2397,423,705,480
ablation,gdm_early,3,0.8,ablation,0.5,2,1,4027,w/o clinical-aware augmentation,0.9897412230934679,0.972844973674209,1.0,0.9582366589327146,0.9383561643835616,1.0,0.9681978798586572,0.9734354328203239,0.022284604609012604,-7.905852930917575,0.3514080227143472,0.02183772431907794,0.0017245772760361433,274,413,18,0,18.65183973312378,8043792,1900,0.47963209219858155,414,148,83,30,316,88,64,18,1667,697,333,139,,,,,,,,,,,,,,,,,,,,,2397,423,705,480
ablation,gdm_early,3,0.8,ablation,0.5,2,1,4027,w/o prototype sharing,0.9916126136806274,0.9728909310910571,1.0,0.9489559164733179,0.9256756756756757,1.0,0.9614035087719298,0.9676065162907268,0.024177489802241325,-6.186767433795799,0.41141885305498094,0.025522424447587982,0.0017737247981131077,274,409,22,0,28.370858430862427,8013072,1902,0.45710697399527184,414,148,83,30,316,88,64,18,1667,697,333,139,,,,,,,,,,,,,,,,,,,,,2397,423,705,480
ablation,gdm_early,3,0.8,ablation,0.5,2,1,4027,w/o focal loss (cross-entropy),0.9870061137737735,0.9618019573539522,1.0,0.9559164733178654,0.9351535836177475,1.0,0.9664902998236331,0.971975873517985,0.02612888440489769,-9.343645620769351,0.32103782787709967,0.027124323100404767,0.0004117209173273295,274,412,19,0,27.80082869529724,8043792,1916,0.4906368203309692,414,148,83,30,316,88,64,18,1667,697,333,139,,,,,,,,,,,,,,,,,,,,,2397,423,705,480
ablation,gdm_early,3,0.8,ablation,0.5,2,1,4027,w/o contrastive loss,0.989808965739157,0.974435036059973,1.0,0.9489559164733179,0.9256756756756757,1.0,0.9614035087719298,0.9676065162907268,0.025264615193009377,-8.295612800196002,0.34986707831564834,0.02648401806421629,0.0003480768937151879,274,409,22,0,27.22982406616211,8043792,1896,0.4608200354609929,414,148,83,30,316,88,64,18,1667,697,333,139,,,,,,,,,,,,,,,,,,,,,2397,423,705,480
ablation,gdm_early,3,0.8,ablation,0.5,2,1,4027,w/o class-aware smoothness,0.987175470387996,0.9539755033918702,1.0,0.9419953596287703,0.9163879598662207,1.0,0.956369982547993,0.9632507021461589,0.023774337023496628,-4.901358736836734,0.42411294038908354,0.025216508524204255,0.0012235577451065183,274,406,25,0,26.475484609603882,8043792,1906,0.4366445035460993,414,148,83,30,316,88,64,18,1667,697,333,139,,,,,,,,,,,,,,,,,,,,,2397,423,705,480
ablation,gdm_early,3,0.8,ablation,0.5,2,1,4027,w/o dynamic edge attention,0.9885303233017766,0.96778741970692,1.0,0.9535962877030162,0.9319727891156463,1.0,0.9647887323943662,0.9705178816366131,0.02476702444255352,-9.259503105945958,0.35148695875860825,0.025769021885976504,0.0005175801925361156,274,411,20,0,23.515387773513794,7582752,1907,0.46650709219858155,414,148,83,30,316,88,64,18,1667,697,333,139,,,,,,,,,,,,,,,,,,,,,2397,423,705,480
ablation,gdm_early,3,0.8,ablation,0.5,2,1,4027,w/o FedProx term,0.992548308974207,0.9791181033210944,1.0,0.9443155452436195,0.9194630872483222,1.0,0.958041958041958,0.9647011699517666,0.024257751181721687,-6.731231128809205,0.38361919766150726,0.025277108177773858,0.00020436676277313381,274,407,24,0,27.505414724349976,8043792,1903,0.46434544917257675,414,148,83,30,316,88,64,18,1667,697,333,139,,,,,,,,,,,,,,,,,,,,,2397,423,705,480
ablation,gdm_early,3,0.8,ablation,0.5,2,1,4027,w/o calibrated LR head (GNN logits),0.9926668586041628,0.9793268372604158,1.0,0.9559164733178654,0.9351535836177475,1.0,0.9664902998236331,0.971975873517985,0.021243423223495483,-0.31957934732377824,1.6170752001517836,0.032829879541346356,0.13696551322937012,274,412,19,0,27.265738248825073,7927200,1903,,414,148,83,30,316,88,64,18,1667,697,333,139,,,,,,,,,,,,,,,,,,,,,2397,423,705,480
ablation,gdm_early,3,0.8,ablation,0.5,2,1,4027,"Supervised only (no PL, CAA, proto)",0.9900884041526242,0.9732015287578064,1.0,0.9582366589327146,0.9383561643835616,1.0,0.9681978798586572,0.9734354328203239,0.023653928190469742,-5.471626306881332,0.3672396132943614,0.024461785335331505,0.0010979254730045795,274,413,18,0,16.928541898727417,8013072,0,0.4645759456264775,414,148,83,30,316,88,64,18,1667,697,333,139,,,,,,,,,,,,,,,,,,,,,2397,423,705,480
ablation,gdm_early,3,0.8,ablation,0.5,2,2,4028,Full,0.981811099632496,0.965623304099007,0.9781021897810219,0.9559164733178654,0.9337979094076655,0.9856459330143541,0.9554367201426025,0.962995156302161,0.02980809286236763,-3.089978330643874,0.3855236053543337,0.030875484138918753,0.10762625187635422,268,412,19,6,28.224578142166138,8043792,1884,0.5080466903073286,370,333,74,67,372,283,75,57,1655,317,331,63,,,,,,,,,,,,,,,,,,,,,2397,423,705,480
ablation,gdm_early,3,0.8,ablation,0.5,2,2,4028,w/o PG-PL gates 2-3 (confidence only),0.9805536267718936,0.9603183253285089,0.9781021897810219,0.9605568445475638,0.9403508771929825,0.9857142857142858,0.9588550983899821,0.9659140356814775,0.02946467325091362,-3.0320792942236325,0.36458374047800857,0.0301616218634584,0.22230064868927002,268,414,17,6,28.639262199401855,8043792,1892,0.5132121749408984,370,333,74,67,372,283,75,57,1655,317,331,63,,,,,,,,,,,,,,,,,,,,,2397,423,705,480
ablation,gdm_early,3,0.8,ablation,0.5,2,2,4028,w/o pseudo-labelling,0.9838476129185225,0.9598951640815148,0.9671532846715328,0.9721577726218097,0.9566787003610109,0.9789719626168224,0.9618874773139746,0.9687202229410385,0.027688579633831978,-2.7815794267288965,0.41692744233753504,0.02698366548618343,0.9444464445114136,265,419,12,9,27.839308500289917,8043792,0,0.4931028368794326,370,333,74,67,372,283,75,57,1655,317,331,63,,,,,,,,,,,,,,,,,,,,,2397,423,705,480
ablation,gdm_early,3,0.8,ablation,0.5,2,2,4028,w/o adaptive graph refinement,0.9846647585821463,0.9707691224600551,0.9744525547445255,0.9651972157772621,0.9468085106382979,0.983451536643026,0.960431654676259,0.9673352652772396,0.032126348465681076,-3.6573065815709733,0.4075142243925333,0.03223479675353633,0.8670849204063416,267,416,15,7,27.863513946533203,8043792,1899,0.48799054373522466,370,333,74,67,372,283,75,57,1655,317,331,63,,,,,,,,,,,,,,,,,,,,,2397,423,705,480
ablation,gdm_early,3,0.8,ablation,0.5,2,2,4028,w/o clinical-aware augmentation,0.9836867241350111,0.9539598307533593,0.9817518248175182,0.9605568445475638,0.9405594405594405,0.9880668257756563,0.9607142857142857,0.9674159663865547,0.027726318687200546,-4.428505196570585,0.3880255749431835,0.02819485054549543,0.4172206521034241,269,414,17,5,17.130439281463623,8043792,1835,0.5020065011820332,370,333,74,67,372,283,75,57,1655,317,331,63,,,,,,,,,,,,,,,,,,,,,2397,423,705,480
ablation,gdm_early,3,0.8,ablation,0.5,2,2,4028,w/o prototype sharing,0.9819381170931631,0.9668516786070057,0.9781021897810219,0.962877030162413,0.9436619718309859,0.9857482185273159,0.9605734767025089,0.9673759402291887,0.03037433512508869,-5.547228142495136,0.34835263127290267,0.0296191093866905,0.4727027118206024,268,415,16,6,28.480897188186646,8013072,1787,0.51201536643026,370,333,74,67,372,283,75,57,1655,317,331,63,,,,,,,,,,,,,,,,,,,,,2397,423,705,480
ablation,gdm_early,3,0.8,ablation,0.5,2,2,4028,w/o focal loss (cross-entropy),0.9850712144562807,0.9757087526971503,0.9671532846715328,0.9721577726218097,0.9566787003610109,0.9789719626168224,0.9618874773139746,0.9687202229410385,0.02609390951693058,-1.686365602224225,0.48325591463426104,0.026282177095347692,0.7529865503311157,265,419,12,9,30.419731378555298,8043792,1882,0.49242021276595743,370,333,74,67,372,283,75,57,1655,317,331,63,,,,,,,,,,,,,,,,,,,,,2397,423,705,480
ablation,gdm_early,3,0.8,ablation,0.5,2,2,4028,w/o contrastive loss,0.9825774383118533,0.960009250762186,0.9781021897810219,0.9698375870069605,0.9537366548042705,0.9858490566037735,0.9657657657657658,0.9717717717717718,0.027096914127469063,-4.03564859536662,0.3755383871748615,0.027507713508911097,0.9037165641784668,268,418,13,6,27.954176425933838,8043792,1863,0.46335992907801415,370,333,74,67,372,283,75,57,1655,317,331,63,,,,,,,,,,,,,,,,,,,,,2397,423,705,480
ablation,gdm_early,3,0.8,ablation,0.5,2,2,4028,w/o class-aware smoothness,0.9833691804833438,0.9668762544530694,0.9781021897810219,0.9721577726218097,0.9571428571428572,0.9858823529411764,0.9675090252707581,0.9732404939437902,0.023325115442276,-3.20515460113799,0.36524007266359854,0.023448421516957703,0.5549433827400208,268,419,12,6,26.395393133163452,8043792,1794,0.5114080969267139,370,333,74,67,372,283,75,57,1655,317,331,63,,,,,,,,,,,,,,,,,,,,,2397,423,705,480
ablation,gdm_early,3,0.8,ablation,0.5,2,2,4028,w/o dynamic edge attention,0.9814766203194065,0.9693709527589851,0.9781021897810219,0.951276102088167,0.9273356401384083,0.9855769230769231,0.9520426287744227,0.9600827075395135,0.037386205047369,-4.674413141264596,0.4012499193919248,0.03689675118760966,0.6685628890991211,268,410,21,6,23.950422048568726,7582752,1862,0.5259663120567375,370,333,74,67,372,283,75,57,1655,317,331,63,,,,,,,,,,,,,,,,,,,,,2397,423,705,480
ablation,gdm_early,3,0.8,ablation,0.5,2,2,4028,w/o FedProx term,0.9820481988924078,0.961391245938299,0.9781021897810219,0.9559164733178654,0.9337979094076655,0.9856459330143541,0.9554367201426025,0.962995156302161,0.029983652755618095,-3.1881696774920947,0.38270255859327007,0.03103248942891098,0.1441497951745987,268,412,19,6,27.88486409187317,8043792,1884,0.5072990543735225,370,333,74,67,372,283,75,57,1655,317,331,63,,,,,,,,,,,,,,,,,,,,,2397,423,705,480
ablation,gdm_early,3,0.8,ablation,0.5,2,2,4028,w/o calibrated LR head (GNN logits),0.9878740664216641,0.9843610317981384,0.9744525547445255,0.962877030162413,0.9434628975265018,0.9834123222748815,0.9587073608617595,0.9658718515914894,0.06015649437904358,-0.5826067947633568,2.7960714083573968,0.17723839650762843,0.5271464586257935,267,415,16,7,28.050785541534424,7927200,1884,,370,333,74,67,372,283,75,57,1655,317,331,63,,,,,,,,,,,,,,,,,,,,,2397,423,705,480
ablation,gdm_early,3,0.8,ablation,0.5,2,2,4028,"Supervised only (no PL, CAA, proto)",0.9866123596457059,0.9687460587816007,0.9781021897810219,0.9535962877030162,0.9305555555555556,0.9856115107913669,0.9537366548042705,0.96153813872289,0.034120891243219376,-5.239271273696035,0.3744463606532966,0.0342414192485471,0.34733331203460693,268,411,20,6,18.016699075698853,8013072,0,0.5061273640661939,370,333,74,67,372,283,75,57,1655,317,331,63,,,,,,,,,,,,,,,,,,,,,2397,423,705,480
ablation,gdm_early,3,0.8,ablation,0.5,2,3,4029,Full,0.9917589852008456,0.9814550816620804,0.9781818181818182,0.9674418604651163,0.950530035335689,0.985781990521327,0.96415770609319,0.970341763844717,0.026766695082187653,-5.26954917955608,0.3859895164783298,0.026850341809071372,0.9283849596977234,269,416,14,6,28.42857837677002,8043792,1868,0.5188031914893617,818,54,164,11,310,170,62,34,1269,708,254,142,,,,,,,,,,,,,,,,,,,,,2397,423,705,480
ablation,gdm_early,3,0.8,ablation,0.5,2,3,4029,w/o PG-PL gates 2-3 (confidence only),0.992431289640592,0.9766342341139661,0.96,0.9790697674418605,0.967032967032967,0.9745370370370371,0.9635036496350365,0.9701508967432724,0.027008043602108955,-5.017870135237578,0.373082166927728,0.027439710603372993,0.9978592991828918,264,421,9,11,27.901102542877197,8043792,1869,0.512826536643026,818,54,164,11,310,170,62,34,1269,708,254,142,,,,,,,,,,,,,,,,,,,,,2397,423,705,480
ablation,gdm_early,3,0.8,ablation,0.5,2,3,4029,w/o pseudo-labelling,0.9912346723044397,0.9832845531213377,0.9672727272727273,0.9674418604651163,0.95,0.9788235294117648,0.9585585585585585,0.9658289868816184,0.03290806710720062,0.16547391615186166,0.43418725612800063,0.0354973286076561,0.25613516569137573,266,416,14,9,27.619200468063354,8043792,0,0.5156663711583924,818,54,164,11,310,170,62,34,1269,708,254,142,,,,,,,,,,,,,,,,,,,,,2397,423,705,480
ablation,gdm_early,3,0.8,ablation,0.5,2,3,4029,w/o adaptive graph refinement,0.989615221987315,0.9753176742013638,0.9963636363636363,0.9627906976744186,0.9448275862068966,0.9975903614457832,0.9699115044247788,0.9748965806147563,0.03197448328137398,-1.318652393721212,0.3499332112405713,0.032953467090607536,0.03249219432473183,274,414,16,1,28.25626564025879,8043792,1878,0.5362027186761229,818,54,164,11,310,170,62,34,1269,708,254,142,,,,,,,,,,,,,,,,,,,,,2397,423,705,480
ablation,gdm_early,3,0.8,ablation,0.5,2,3,4029,w/o clinical-aware augmentation,0.9899661733615222,0.9679386321425625,0.9672727272727273,0.9720930232558139,0.9568345323741008,0.9789227166276346,0.9620253164556962,0.968760616220847,0.027018563821911812,-5.132864956213227,0.36094114904380187,0.027029712044085708,0.9854004979133606,266,418,12,9,16.809056282043457,8043792,1861,0.5186332742316786,818,54,164,11,310,170,62,34,1269,708,254,142,,,,,,,,,,,,,,,,,,,,,2397,423,705,480
ablation,gdm_early,3,0.8,ablation,0.5,2,3,4029,w/o prototype sharing,0.991522198731501,0.9776727017979469,0.9709090909090909,0.9674418604651163,0.9501779359430605,0.9811320754716981,0.960431654676259,0.9673352652772396,0.02530869096517563,-5.657333209204637,0.39835897836595313,0.02537914565797394,0.9907951951026917,267,416,14,8,30.520187616348267,8013072,1865,0.5145981087470449,818,54,164,11,310,170,62,34,1269,708,254,142,,,,,,,,,,,,,,,,,,,,,2397,423,705,480
ablation,gdm_early,3,0.8,ablation,0.5,2,3,4029,w/o focal loss (cross-entropy),0.9880295983086681,0.9676920960800821,0.9890909090909091,0.9604651162790697,0.9411764705882353,0.9927884615384616,0.9645390070921985,0.970449172576832,0.026292961090803146,-3.8525810006048054,0.41532171073980967,0.02721645989263733,0.058422334492206573,272,413,17,3,27.576364755630493,8043792,1893,0.5119060283687944,818,54,164,11,310,170,62,34,1269,708,254,142,,,,,,,,,,,,,,,,,,,,,2397,423,705,480
ablation,gdm_early,3,0.8,ablation,0.5,2,3,4029,w/o contrastive loss,0.9879408033826638,0.9668660595295389,0.9563636363636364,0.9651162790697675,0.9460431654676259,0.9718969555035128,0.9511754068716094,0.9598350779982318,0.033956367522478104,-0.5654512536315155,0.4729681675251151,0.0342796312499765,0.45060113072395325,263,415,15,12,27.32331156730652,8043792,1857,0.5202969858156028,818,54,164,11,310,170,62,34,1269,708,254,142,,,,,,,,,,,,,,,,,,,,,2397,423,705,480
ablation,gdm_early,3,0.8,ablation,0.5,2,3,4029,w/o class-aware smoothness,0.9908202959830867,0.9737720965700852,0.9927272727272727,0.9651162790697675,0.9479166666666666,0.9952038369304557,0.9698046181172292,0.9748668899322863,0.024211082607507706,-4.866284710702037,0.36013125561443604,0.025157204210256225,0.0280830767005682,273,415,15,2,26.798682689666748,8043792,1879,0.5350827423167848,818,54,164,11,310,170,62,34,1269,708,254,142,,,,,,,,,,,,,,,,,,,,,2397,423,705,480
ablation,gdm_early,3,0.8,ablation,0.5,2,3,4029,w/o dynamic edge attention,0.9917040169133192,0.9833926259338459,0.9818181818181818,0.9604651162790697,0.9407665505226481,0.9880382775119617,0.9608540925266904,0.9674553481501377,0.02812460996210575,-1.634948995612346,0.45896956371661735,0.02579916629474609,0.036563530564308167,270,413,17,5,23.04393434524536,7582752,1865,0.4996335697399527,818,54,164,11,310,170,62,34,1269,708,254,142,,,,,,,,,,,,,,,,,,,,,2397,423,705,480
ablation,gdm_early,3,0.8,ablation,0.5,2,3,4029,w/o FedProx term,0.9921606765327695,0.9801995216798719,0.9781818181818182,0.9674418604651163,0.950530035335689,0.985781990521327,0.96415770609319,0.970341763844717,0.026774564757943153,-5.267995664869557,0.3888460923052155,0.02773365243940767,0.9340317249298096,269,416,14,6,28.046041011810303,8043792,1868,0.5164346926713947,818,54,164,11,310,170,62,34,1269,708,254,142,,,,,,,,,,,,,,,,,,,,,2397,423,705,480
ablation,gdm_early,3,0.8,ablation,0.5,2,3,4029,w/o calibrated LR head (GNN logits),0.9892684989429176,0.9736244861445649,0.9636363636363636,0.9697674418604652,0.9532374100719424,0.9765807962529274,0.9584086799276673,0.9657854368133085,0.03210422024130821,0.3603202402915246,1.803140903217839,0.0775359258478415,0.5608732104301453,265,417,13,10,26.44778871536255,7927200,1868,,818,54,164,11,310,170,62,34,1269,708,254,142,,,,,,,,,,,,,,,,,,,,,2397,423,705,480
ablation,gdm_early,3,0.8,ablation,0.5,2,3,4029,"Supervised only (no PL, CAA, proto)",0.9897251585623679,0.970679020792625,0.9672727272727273,0.9674418604651163,0.95,0.9788235294117648,0.9585585585585585,0.9658289868816184,0.02566356770694256,-3.8701872738236816,0.3689945122458969,0.02575157940130127,0.937921941280365,266,416,14,9,12.955613613128662,8013072,0,0.5296453900709219,818,54,164,11,310,170,62,34,1269,708,254,142,,,,,,,,,,,,,,,,,,,,,2397,423,705,480
ablation,gdm_early,3,0.8,ablation,0.5,2,4,4030,Full,0.9807991543340381,0.968668073949247,0.96,0.9651162790697675,0.946236559139785,0.9741784037558685,0.9530685920577617,0.9613473801410304,0.0383322574198246,1.2001142356741186,0.4118365488096816,0.03816874124545683,0.0889071449637413,264,415,15,11,28.560283184051514,8043792,1847,0.5591234161251075,1036,855,207,171,1298,71,259,14,63,6,12,1,,,,,,,,,,,,,,,,,,,,,2397,423,705,478
ablation,gdm_early,3,0.8,ablation,0.5,2,4,4030,w/o PG-PL gates 2-3 (confidence only),0.981061310782241,0.9665644511152736,0.9636363636363636,0.9604651162790697,0.9397163120567376,0.9763593380614657,0.9515260323159784,0.9599365214334874,0.03794504702091217,1.4379186799134498,0.3958683380437727,0.035003782691209434,0.043121542781591415,265,413,17,10,29.23575782775879,8043792,1869,0.5553325024481438,1036,855,207,171,1298,71,259,14,63,6,12,1,,,,,,,,,,,,,,,,,,,,,2397,423,705,478
ablation,gdm_early,3,0.8,ablation,0.5,2,4,4030,w/o pseudo-labelling,0.9830951374207187,0.9703036091456144,0.9563636363636364,0.9697674418604652,0.9528985507246377,0.972027972027972,0.9546279491833031,0.962762170167903,0.03346864506602287,0.8280306603894524,0.4316286644036405,0.032415108693472985,0.4034852385520935,263,417,13,12,28.64818048477173,8043792,0,0.5587940294964242,1036,855,207,171,1298,71,259,14,63,6,12,1,,,,,,,,,,,,,,,,,,,,,2397,423,705,478
ablation,gdm_early,3,0.8,ablation,0.5,2,4,4030,w/o adaptive graph refinement,0.9808794926004228,0.964594642564849,0.9454545454545454,0.9697674418604652,0.9523809523809523,0.9652777777777778,0.948905109489051,0.9582112554405813,0.042170196771621704,1.8242039563329457,0.415274225863686,0.043444157019918064,0.26639148592948914,260,417,13,15,30.715818881988525,8043792,1859,0.5713181400041544,1036,855,207,171,1298,71,259,14,63,6,12,1,,,,,,,,,,,,,,,,,,,,,2397,423,705,478
ablation,gdm_early,3,0.8,ablation,0.5,2,4,4030,w/o clinical-aware augmentation,0.9828287526427062,0.9672292571556088,0.9418181818181818,0.9744186046511628,0.9592592592592593,0.9632183908045977,0.9504587155963303,0.9596224213819802,0.033919256180524826,0.779097275364502,0.42900687990696873,0.03323448474274564,0.6206142902374268,259,419,11,16,17.117875814437866,8043792,1840,0.5575996320365589,1036,855,207,171,1298,71,259,14,63,6,12,1,,,,,,,,,,,,,,,,,,,,,2397,423,705,478
ablation,gdm_early,3,0.8,ablation,0.5,2,4,4030,w/o prototype sharing,0.9825031712473572,0.9669796033148542,0.9636363636363636,0.9674418604651163,0.9498207885304659,0.9765258215962441,0.9566787003610109,0.9643206585917203,0.035962335765361786,0.8009841567931405,0.433469288197184,0.03233022230036608,0.09991106390953064,265,416,14,10,28.62067222595215,8013072,1653,0.559512151695896,1036,855,207,171,1298,71,259,14,63,6,12,1,,,,,,,,,,,,,,,,,,,,,2397,423,705,478
ablation,gdm_early,3,0.8,ablation,0.5,2,4,4030,w/o focal loss (cross-entropy),0.9863805496828753,0.9726570145363429,0.9672727272727273,0.9697674418604652,0.953405017921147,0.9788732394366197,0.9602888086642599,0.9672939370424103,0.029133809730410576,-0.16468571864310336,0.42411621135397,0.026466472812181875,0.3046947121620178,266,417,13,9,28.351773977279663,8043792,1848,0.5434523279622541,1036,855,207,171,1298,71,259,14,63,6,12,1,,,,,,,,,,,,,,,,,,,,,2397,423,705,478
ablation,gdm_early,3,0.8,ablation,0.5,2,4,4030,w/o contrastive loss,0.9864482029598309,0.9734530990598917,0.9527272727272728,0.9744186046511628,0.9597069597069597,0.9699074074074074,0.9562043795620438,0.9641810760919267,0.0346863716840744,1.176685621318424,0.47639495410504734,0.037031790040803286,0.33467957377433777,262,419,11,13,28.08280348777771,8043792,1853,0.5271209828184813,1036,855,207,171,1298,71,259,14,63,6,12,1,,,,,,,,,,,,,,,,,,,,,2397,423,705,478
ablation,gdm_early,3,0.8,ablation,0.5,2,4,4030,w/o class-aware smoothness,0.9842410147991543,0.970642535683804,0.9636363636363636,0.9674418604651163,0.9498207885304659,0.9765258215962441,0.9566787003610109,0.9643206585917203,0.03702858090400696,1.3308669523864385,0.4807818584907755,0.037571807008844306,0.21518279612064362,265,416,14,10,28.083778858184814,8043792,1754,0.5443766877355412,1036,855,207,171,1298,71,259,14,63,6,12,1,,,,,,,,,,,,,,,,,,,,,2397,423,705,478
ablation,gdm_early,3,0.8,ablation,0.5,2,4,4030,w/o dynamic edge attention,0.9806553911205074,0.974440194499418,0.9345454545454546,0.9720930232558139,0.9553903345724907,0.9587155963302753,0.9448529411764706,0.9551054544219535,0.05478949472308159,3.6748929766732856,0.4220366574120407,0.05805244327767207,0.036486539989709854,257,418,12,18,24.873212337493896,7582752,1822,0.5347191311314876,1036,855,207,171,1298,71,259,14,63,6,12,1,,,,,,,,,,,,,,,,,,,,,2397,423,705,478
ablation,gdm_early,3,0.8,ablation,0.5,2,4,4030,w/o FedProx term,0.9809386892177591,0.9687544340091623,0.9563636363636364,0.9674418604651163,0.9494584837545126,0.9719626168224299,0.9528985507246377,0.9612977602108037,0.03809307888150215,1.2829945249277832,0.41296824703849494,0.0392402235365717,0.09389084577560425,263,416,14,12,20.696474075317383,8043792,1847,0.5583800706252411,1036,855,207,171,1298,71,259,14,63,6,12,1,,,,,,,,,,,,,,,,,,,,,2397,423,705,478
ablation,gdm_early,3,0.8,ablation,0.5,2,4,4030,w/o calibrated LR head (GNN logits),0.9862410147991543,0.9744215469011295,0.9527272727272728,0.9767441860465116,0.9632352941176471,0.9699769053117783,0.9579524680073126,0.9656506256606667,0.08598382025957108,0.5254135193226327,3.3674298411511967,0.18660882290796182,0.3329327404499054,262,420,10,13,14.512469291687012,7927200,1847,,1036,855,207,171,1298,71,259,14,63,6,12,1,,,,,,,,,,,,,,,,,,,,,2397,423,705,478
ablation,gdm_early,3,0.8,ablation,0.5,2,4,4030,"Supervised only (no PL, CAA, proto)",0.9846257928118394,0.9711301323033458,0.9309090909090909,0.9744186046511628,0.9588014981273408,0.95662100456621,0.9446494464944649,0.955043617256449,0.03585376963019371,1.1450093718485956,0.45504413682560385,0.03652761584834746,0.5973496437072754,256,419,11,19,8.463890075683594,8013072,0,0.566927802011929,1036,855,207,171,1298,71,259,14,63,6,12,1,,,,,,,,,,,,,,,,,,,,,2397,423,705,478
