experiment,dataset,n_silos,rho,setting,alpha,repeat,fold,seed,method,auroc,auprc,sensitivity,specificity,ppv,npv,f1_pos,macro_f1,brier,cal_intercept,cal_slope,ece,threshold,tp,tn,fp,fn,train_time_s,comm_bytes,n_pseudo,mia_auc,silo0_n,silo0_pos,silo0_labeled,silo0_labeled_pos,silo1_n,silo1_pos,silo1_labeled,silo1_labeled_pos,silo2_n,silo2_pos,silo2_labeled,silo2_labeled_pos,silo3_n,silo3_pos,silo3_labeled,silo3_labeled_pos,silo4_n,silo4_pos,silo4_labeled,silo4_labeled_pos,silo5_n,silo5_pos,silo5_labeled,silo5_labeled_pos,silo6_n,silo6_pos,silo6_labeled,silo6_labeled_pos,silo7_n,silo7_pos,silo7_labeled,silo7_labeled_pos,n_train,n_val,n_test,n_labeled
clients,gdm_early,2,0.8,S=2,0.5,0,1,2027,FedTGNN-SS,0.990837807170559,0.9836151860562469,0.9817518248175182,0.9791183294663574,0.9676258992805755,0.9882903981264637,0.9746376811594203,0.9791603324212019,0.018370313569903374,-2.552856347487822,0.45464603073276616,0.019634540992333225,0.5224065184593201,269,422,9,5,28.79716205596924,5362528.0,1900.0,0.4893838652482269,1742,518,349,104,655,415,131,83,,,,,,,,,,,,,,,,,,,,,,,,,2397,423,705,480
clients,gdm_early,2,0.8,S=2,0.5,0,1,2027,FedAvg-LR,0.9766880620522636,0.9504621396790782,0.9708029197080292,0.962877030162413,0.9432624113475178,0.9810874704491725,0.9568345323741008,0.9643657439388068,0.033667612820863724,-0.026011657464328986,0.7804588248863178,0.03364414491869035,0.3005596399307251,266,415,16,8,0.43995237350463867,14752.0,,0.49705378250591015,1742,518,349,104,655,415,131,83,,,,,,,,,,,,,,,,,,,,,,,,,2397,423,705,480
clients,gdm_early,2,0.8,S=2,0.5,0,1,2027,FedProx-LR,0.976798143851508,0.9508243767818728,0.9708029197080292,0.962877030162413,0.9432624113475178,0.9810874704491725,0.9568345323741008,0.9643657439388068,0.03333524242043495,-0.048938781337376225,0.7854716328493809,0.03293531965068047,0.31071317195892334,266,415,16,8,0.5629305839538574,14752.0,,,1742,518,349,104,655,415,131,83,,,,,,,,,,,,,,,,,,,,,,,,,2397,423,705,480
clients,gdm_early,2,0.8,S=2,0.5,0,1,2027,FedAvg-MLP,0.9852659745626364,0.9727954462036354,0.9562043795620438,0.9791183294663574,0.966789667896679,0.9723502304147466,0.9614678899082569,0.968595216630429,0.021255802363157272,0.23709026986416024,0.8448152892608042,0.009274503218789481,0.6284863352775574,262,422,9,12,0.30133771896362305,174400.0,,,1742,518,349,104,655,415,131,83,,,,,,,,,,,,,,,,,,,,,,,,,2397,423,705,480
clients,gdm_early,2,0.8,S=2,0.5,0,1,2027,FedEns-RF,0.9983403051806188,0.9974062541974213,1.0,0.9535962877030162,0.9319727891156463,1.0,0.9647887323943662,0.9705178816366131,0.017140805498916473,-0.10631500024371557,1.9826682754991616,0.023250206855791978,0.2650208333333333,274,411,20,0,1.71109938621521,,,,1742,518,349,104,655,415,131,83,,,,,,,,,,,,,,,,,,,,,,,,,2397,423,705,480
clients,gdm_early,2,0.8,S=2,0.5,0,1,2027,FedEns-XGB,0.9981794163971074,0.9972535604680632,0.9671532846715328,0.9860788863109049,0.977859778597786,0.9792626728110599,0.9724770642201835,0.9775680118788779,0.016544179768742638,-0.18048809480603686,1.2012234910130453,0.014829238724362237,0.48320930742969115,265,425,6,9,0.4462447166442871,,,,1742,518,349,104,655,415,131,83,,,,,,,,,,,,,,,,,,,,,,,,,2397,423,705,480
clients,gdm_early,2,0.8,S=2,0.5,0,1,2027,FedEns-SVM,0.998416515657019,0.9974892728552848,0.9963503649635036,0.9605568445475638,0.9413793103448276,0.9975903614457832,0.9680851063829787,0.9734042553191489,0.01540712909784984,0.10048052239785793,1.6188662230687,0.030942100918008357,0.18127641679583514,273,414,17,1,0.0818016529083252,,,,1742,518,349,104,655,415,131,83,,,,,,,,,,,,,,,,,,,,,,,,,2397,423,705,480
clients,gdm_early,2,0.8,S=2,0.5,0,1,2027,FedST-XGB,0.9976036039087507,0.996217878638527,0.9854014598540146,0.9535962877030162,0.9310344827586207,0.9903614457831326,0.9574468085106383,0.9645390070921986,0.01845522200286526,-0.005435583939598926,0.773031939289184,0.013375025755850426,0.22928229995692767,270,411,20,4,2.7506654262542725,,,,1742,518,349,104,655,415,131,83,,,,,,,,,,,,,,,,,,,,,,,,,2397,423,705,480
clients,gdm_early,2,0.8,S=2,0.5,0,1,2027,FedMatch-tab,0.9851389571019696,0.9717572303713449,0.9562043795620438,0.9814385150812065,0.9703703703703703,0.9724137931034482,0.9632352941176471,0.970070302947969,0.020769936963915825,0.2458635672800145,0.8485864692102145,0.010683712446467666,0.6243998408317566,262,423,8,12,0.5409793853759766,174400.0,,,1742,518,349,104,655,415,131,83,,,,,,,,,,,,,,,,,,,,,,,,,2397,423,705,480
clients,gdm_early,2,0.8,S=2,0.5,0,1,2027,RSCFed-tab,0.9856046877910816,0.9734491070056329,0.9562043795620438,0.9767981438515081,0.9632352941176471,0.9722863741339491,0.9597069597069597,0.9671219983719984,0.02170058712363243,0.3167054051959516,0.7986971728681059,0.013544558240298883,0.6304874420166016,262,421,10,12,0.4152567386627197,174400.0,,,1742,518,349,104,655,415,131,83,,,,,,,,,,,,,,,,,,,,,,,,,2397,423,705,480
clients,gdm_early,2,0.8,S=2,0.5,0,1,2027,FedAvg-GCN,0.9845716124443239,0.9709409968406524,0.9744525547445255,0.9814385150812065,0.9709090909090909,0.9837209302325581,0.9726775956284153,0.9776279964204795,0.0201813206076622,0.2020642347851126,0.8533296622402521,0.007163713090385943,0.5509101152420044,267,423,8,7,2.125962495803833,174400.0,,,1742,518,349,104,655,415,131,83,,,,,,,,,,,,,,,,,,,,,,,,,2397,423,705,480
clients,gdm_early,2,0.8,S=2,0.5,0,1,2027,FedAvg-SAGE,0.9882889901265094,0.9765881281782477,0.9452554744525548,0.9837587006960556,0.9736842105263158,0.9658314350797267,0.9592592592592593,0.96698595146871,0.018850212916731834,-0.5162446250347452,0.6497144191781371,0.015421291320181812,0.9078249931335449,259,424,7,15,1.6539607048034668,338240.0,,,1742,518,349,104,655,415,131,83,,,,,,,,,,,,,,,,,,,,,,,,,2397,423,705,480
clients,gdm_early,2,0.8,S=2,0.5,0,1,2027,Local-LR,0.9775729503615762,0.9552299947399874,0.9781021897810219,0.951276102088167,0.9273356401384083,0.9855769230769231,0.9520426287744227,0.9600827075395135,0.03471149131655693,-0.3865952009783492,0.8753517142868544,0.041168141285789765,0.31101930141448975,268,410,21,6,0.9061837196350098,0.0,,,1742,518,349,104,655,415,131,83,,,,,,,,,,,,,,,,,,,,,,,,,2397,423,705,480
clients,gdm_early,2,0.8,S=2,0.5,0,1,2027,Local-GCN,0.9775983538537099,0.9483596761933047,0.9744525547445255,0.974477958236659,0.960431654676259,0.9836065573770492,0.967391304347826,0.9732061416844026,0.024630310013890266,0.2657569648159676,0.8107613936501504,0.020617288643005466,0.5233593583106995,267,420,11,7,1.7111170291900635,0.0,,,1742,518,349,104,655,415,131,83,,,,,,,,,,,,,,,,,,,,,,,,,2397,423,705,480
clients,gdm_early,2,0.8,S=2,0.5,0,1,2027,Local-TGNN,0.9892119836740225,0.9750127900259102,0.9416058394160584,0.9860788863109049,0.9772727272727273,0.963718820861678,0.9591078066914498,0.9669392244466424,0.021276963874697685,-1.0846785309406952,0.5147401813747888,0.019329903149937693,0.9793432950973511,258,425,6,16,28.595332622528076,0.0,1910.0,0.4962248817966903,1742,518,349,104,655,415,131,83,,,,,,,,,,,,,,,,,,,,,,,,,2397,423,705,480
clients,gdm_early,2,0.8,S=2,0.5,0,1,2027,Cent-LR,0.9792876860805799,0.9572862059151882,0.9708029197080292,0.9675174013921114,0.95,0.9811764705882353,0.9602888086642599,0.9672939370424103,0.03194990009069443,-0.33095159877419517,0.8509319164046688,0.03736925249298413,0.4189963936805725,266,417,14,8,0.4376556873321533,0.0,,,1742,518,349,104,655,415,131,83,,,,,,,,,,,,,,,,,,,,,,,,,2397,423,705,480
clients,gdm_early,2,0.8,S=2,0.5,0,1,2027,Cent-XGB,0.9980608667671516,0.9970739512795183,0.9781021897810219,0.9721577726218097,0.9571428571428572,0.9858823529411764,0.9675090252707581,0.9732404939437902,0.01933012530207634,-0.13450288601656044,0.8043677064632965,0.015339584996038715,0.22329378128051758,268,419,12,6,0.20119333267211914,0.0,,,1742,518,349,104,655,415,131,83,,,,,,,,,,,,,,,,,,,,,,,,,2397,423,705,480
clients,gdm_early,2,0.8,S=2,0.5,0,1,2027,Cent-GRAND,0.9921333852693617,0.9873965333934928,0.9598540145985401,0.9837587006960556,0.9740740740740741,0.9747126436781609,0.9669117647058824,0.973063272653172,0.02051996998488903,-0.1731374594084181,0.8495163153831355,0.015558171716142197,0.8008115291595459,263,424,7,11,15.726771831512451,0.0,,,1742,518,349,104,655,415,131,83,,,,,,,,,,,,,,,,,,,,,,,,,2397,423,705,480
clients,gdm_early,2,0.8,S=2,0.5,0,0,2026,FedTGNN-SS,0.9812691584669839,0.9583487013603028,0.9817518248175182,0.9559164733178654,0.9340277777777778,0.988009592326139,0.9572953736654805,0.9644967434365138,0.036903589963912964,-2.1109990582188756,0.336019809225353,0.03816962041859087,0.03919834643602371,269,412,19,5,29.246480703353882,5362528.0,1892.0,0.5350517139479906,403,25,81,5,1994,908,399,182,,,,,,,,,,,,,,,,,,,,,,,,,2397,423,705,480
clients,gdm_early,2,0.8,S=2,0.5,0,0,2026,FedAvg-LR,0.9801090656595594,0.9711464929785012,0.9671532846715328,0.9559164733178654,0.9330985915492958,0.9786223277909739,0.9498207885304659,0.9584784693826038,0.03688386455178261,-0.706908933373055,0.9040932328063787,0.04752208201069357,0.5726608633995056,265,412,19,9,0.46706724166870117,14752.0,,0.5017080378250591,403,25,81,5,1994,908,399,182,,,,,,,,,,,,,,,,,,,,,,,,,2397,423,705,480
clients,gdm_early,2,0.8,S=2,0.5,0,0,2026,FedProx-LR,0.9800159195217371,0.9714100523102456,0.9708029197080292,0.9559164733178654,0.9333333333333333,0.9809523809523809,0.9516994633273703,0.9599860418869519,0.036625850945711136,-0.7052316518382564,0.902606196025337,0.0471621533446278,0.5259650349617004,266,412,19,8,0.3916027545928955,14752.0,,,403,25,81,5,1994,908,399,182,,,,,,,,,,,,,,,,,,,,,,,,,2397,423,705,480
clients,gdm_early,2,0.8,S=2,0.5,0,0,2026,FedAvg-MLP,0.9883482649414872,0.9764119104672925,0.9781021897810219,0.9559164733178654,0.9337979094076655,0.9856459330143541,0.9554367201426025,0.962995156302161,0.031586866825819016,-0.6798031593343677,0.7348345472978202,0.021897339762736702,0.4110458791255951,268,412,19,6,0.35753512382507324,174400.0,,,403,25,81,5,1994,908,399,182,,,,,,,,,,,,,,,,,,,,,,,,,2397,423,705,480
clients,gdm_early,2,0.8,S=2,0.5,0,0,2026,FedEns-RF,0.9969431131132827,0.9953092997825346,0.9854014598540146,0.9489559164733179,0.9246575342465754,0.9903147699757869,0.9540636042402827,0.9616289585182456,0.02438877801002881,0.10319727675555006,2.28036615331403,0.04199889184397159,0.5496875,270,409,22,4,1.6165275573730469,,,,403,25,81,5,1994,908,399,182,,,,,,,,,,,,,,,,,,,,,,,,,2397,423,705,480
clients,gdm_early,2,0.8,S=2,0.5,0,0,2026,FedEns-XGB,0.9949531728961675,0.9913532539385786,0.9781021897810219,0.951276102088167,0.9273356401384083,0.9855769230769231,0.9520426287744227,0.9600827075395135,0.028945131977955976,0.610768864994173,1.2383324052960023,0.034437686644722035,0.21966348232817837,268,410,21,6,0.40389561653137207,,,,403,25,81,5,1994,908,399,182,,,,,,,,,,,,,,,,,,,,,,,,,2397,423,705,480
clients,gdm_early,2,0.8,S=2,0.5,0,0,2026,FedEns-SVM,0.9952834182939015,0.9914596562507154,0.9890510948905109,0.9535962877030162,0.9312714776632303,0.9927536231884058,0.95929203539823,0.9660365502434938,0.026104933213583544,0.4060744414310587,2.0160984960789676,0.04799670769597696,0.5021868744081693,271,411,20,3,0.13106107711791992,,,,403,25,81,5,1994,908,399,182,,,,,,,,,,,,,,,,,,,,,,,,,2397,423,705,480
clients,gdm_early,2,0.8,S=2,0.5,0,0,2026,FedST-XGB,0.9944535708842108,0.9902795991253477,0.9854014598540146,0.9419953596287703,0.9152542372881356,0.9902439024390244,0.9490333919156415,0.9572753166474759,0.03401916608331762,0.8463662585082481,0.8935572931579362,0.033649120663050605,0.040579027857165786,270,406,25,4,2.248495578765869,,,,403,25,81,5,1994,908,399,182,,,,,,,,,,,,,,,,,,,,,,,,,2397,423,705,480
clients,gdm_early,2,0.8,S=2,0.5,0,0,2026,FedMatch-tab,0.9886658085931547,0.9774568781816514,0.9744525547445255,0.9559164733178654,0.9335664335664335,0.9832935560859188,0.9535714285714286,0.9614915966386555,0.031155362725257874,-0.6608065918161861,0.7371538484369836,0.020980426414162957,0.5136779546737671,267,412,19,7,0.5923664569854736,174400.0,,,403,25,81,5,1994,908,399,182,,,,,,,,,,,,,,,,,,,,,,,,,2397,423,705,480
clients,gdm_early,2,0.8,S=2,0.5,0,0,2026,RSCFed-tab,0.9889410130912663,0.9783030419912861,0.9781021897810219,0.9559164733178654,0.9337979094076655,0.9856459330143541,0.9554367201426025,0.962995156302161,0.03184101730585098,-0.7235323747634923,0.7078542610301692,0.024492453909247897,0.37071868777275085,268,412,19,6,0.4390909671783447,174400.0,,,403,25,81,5,1994,908,399,182,,,,,,,,,,,,,,,,,,,,,,,,,2397,423,705,480
clients,gdm_early,2,0.8,S=2,0.5,0,0,2026,FedAvg-GCN,0.9898640066387793,0.9763056350114346,0.9671532846715328,0.9651972157772621,0.9464285714285714,0.9788235294117648,0.9566787003610109,0.9643206585917203,0.02993161417543888,-0.8742054195980579,0.6728766151750947,0.02397851404264993,0.585023045539856,265,416,15,9,2.6184892654418945,174400.0,,,403,25,81,5,1994,908,399,182,,,,,,,,,,,,,,,,,,,,,,,,,2397,423,705,480
clients,gdm_early,2,0.8,S=2,0.5,0,0,2026,FedAvg-SAGE,0.9858841262045489,0.9699916721435982,0.9708029197080292,0.9535962877030162,0.9300699300699301,0.9809069212410502,0.95,0.9585294117647059,0.040139541029930115,0.19515018839110332,0.5153199335776726,0.0399904993387494,0.046349044889211655,266,411,20,8,1.7665705680847168,338240.0,,,403,25,81,5,1994,908,399,182,,,,,,,,,,,,,,,,,,,,,,,,,2397,423,705,480
clients,gdm_early,2,0.8,S=2,0.5,0,0,2026,Local-LR,0.9790590546513795,0.9734441825518825,0.9343065693430657,0.962877030162413,0.9411764705882353,0.9584295612009238,0.9377289377289377,0.9491885429385429,0.03592425212264061,-0.6251054416998624,0.9315846868135341,0.035853006400115094,0.6832050085067749,256,415,16,18,0.7516748905181885,0.0,,,403,25,81,5,1994,908,399,182,,,,,,,,,,,,,,,,,,,,,,,,,2397,423,705,480
clients,gdm_early,2,0.8,S=2,0.5,0,0,2026,Local-GCN,0.9851728284248142,0.9687855392515808,0.9781021897810219,0.951276102088167,0.9273356401384083,0.9855769230769231,0.9520426287744227,0.9600827075395135,0.0342874750494957,-0.20503060335823692,0.7650780137080413,0.0255416863617745,0.23636215925216675,268,410,21,6,1.9436914920806885,0.0,,,403,25,81,5,1994,908,399,182,,,,,,,,,,,,,,,,,,,,,,,,,2397,423,705,480
clients,gdm_early,2,0.8,S=2,0.5,0,0,2026,Local-TGNN,0.9849187935034802,0.9661503447610581,0.9817518248175182,0.9535962877030162,0.9307958477508651,0.9879807692307693,0.955595026642984,0.9630395440180681,0.04184933751821518,-0.0005059307414741639,0.44849510326603137,0.03933474396632865,0.0631597489118576,269,411,20,5,29.70636749267578,0.0,1906.0,0.48826536643026003,403,25,81,5,1994,908,399,182,,,,,,,,,,,,,,,,,,,,,,,,,2397,423,705,480
clients,gdm_early,2,0.8,S=2,0.5,0,0,2026,Cent-LR,0.9788219553914678,0.9670517720517008,0.9781021897810219,0.951276102088167,0.9273356401384083,0.9855769230769231,0.9520426287744227,0.9600827075395135,0.03734685108065605,-0.6627207354248178,0.8930298536285729,0.04400439416157439,0.4996844232082367,268,410,21,6,0.43364977836608887,0.0,,,403,25,81,5,1994,908,399,182,,,,,,,,,,,,,,,,,,,,,,,,,2397,423,705,480
clients,gdm_early,2,0.8,S=2,0.5,0,0,2026,Cent-XGB,0.9963418971327925,0.9943584418074557,0.9854014598540146,0.9466357308584686,0.9215017064846417,0.9902912621359223,0.9523809523809523,0.9601762413150313,0.028759118169546127,-0.4666930744241984,0.7502894629959865,0.02373111162612094,0.08498109877109528,270,408,23,4,0.2195298671722412,0.0,,,403,25,81,5,1994,908,399,182,,,,,,,,,,,,,,,,,,,,,,,,,2397,423,705,480
clients,gdm_early,2,0.8,S=2,0.5,0,0,2026,Cent-GRAND,0.9900672345758463,0.9744779704178792,0.9708029197080292,0.9535962877030162,0.9300699300699301,0.9809069212410502,0.95,0.9585294117647059,0.03032548725605011,-0.9122590533661228,0.7487323897574383,0.025317374610256224,0.4110051393508911,266,411,20,8,15.463964462280273,0.0,,,403,25,81,5,1994,908,399,182,,,,,,,,,,,,,,,,,,,,,,,,,2397,423,705,480
clients,gdm_early,2,0.8,S=2,0.5,0,2,2028,FedTGNN-SS,0.9886277033549544,0.9782874518734124,0.9854014598540146,0.962877030162413,0.9440559440559441,0.9904534606205251,0.9642857142857143,0.9703781512605042,0.04178281128406525,-5.233519437656855,0.3988912999584276,0.04439814187791064,0.9463120698928833,270,415,16,4,29.115440845489502,5362528.0,1902.0,0.5077792553191489,2124,685,425,137,273,248,55,50,,,,,,,,,,,,,,,,,,,,,,,,,2397,423,705,480
clients,gdm_early,2,0.8,S=2,0.5,0,2,2028,FedAvg-LR,0.9764086236387962,0.9512834378095892,0.9817518248175182,0.962877030162413,0.9438596491228071,0.9880952380952381,0.962432915921288,0.9688780325787403,0.03353734314441681,-1.0250511571588712,0.733415290145029,0.054247018317064494,0.43518495559692383,269,415,16,5,0.45033693313598633,14752.0,,0.519422281323877,2124,685,425,137,273,248,55,50,,,,,,,,,,,,,,,,,,,,,,,,,2397,423,705,480
clients,gdm_early,2,0.8,S=2,0.5,0,2,2028,FedProx-LR,0.9766414889833522,0.9516444560892433,0.9817518248175182,0.962877030162413,0.9438596491228071,0.9880952380952381,0.962432915921288,0.9688780325787403,0.033433396369218826,-0.9886374158129143,0.7325593886164579,0.05344286618608955,0.39150187373161316,269,415,16,5,0.505709171295166,14752.0,,,2124,685,425,137,273,248,55,50,,,,,,,,,,,,,,,,,,,,,,,,,2397,423,705,480
clients,gdm_early,2,0.8,S=2,0.5,0,2,2028,FedAvg-MLP,0.9832675665148102,0.9549029648956578,0.9744525547445255,0.9651972157772621,0.9468085106382979,0.983451536643026,0.960431654676259,0.9673352652772396,0.02620488777756691,-1.8010313557549986,0.6061860473489377,0.023799408190216562,0.8435336351394653,267,416,15,7,0.36387014389038086,174400.0,,,2124,685,425,137,273,248,55,50,,,,,,,,,,,,,,,,,,,,,,,,,2397,423,705,480
clients,gdm_early,2,0.8,S=2,0.5,0,2,2028,FedEns-RF,0.9951352312564568,0.9916738515399843,0.9781021897810219,0.9582366589327146,0.9370629370629371,0.9856801909307876,0.9571428571428572,0.9644537815126051,0.027767125516369926,-0.9790156999287595,1.363572236959818,0.038535091607565033,0.7399479166666666,268,413,18,6,1.905122995376587,,,,2124,685,425,137,273,248,55,50,,,,,,,,,,,,,,,,,,,,,,,,,2397,423,705,480
clients,gdm_early,2,0.8,S=2,0.5,0,2,2028,FedEns-XGB,0.9926414551120294,0.9868739328254086,0.9598540145985401,0.9767981438515081,0.9633699633699634,0.9745370370370371,0.9616087751371115,0.9686375277771305,0.02764394246354977,-1.6990535748416509,1.1162169669133897,0.0527176531226992,0.9123141886666417,263,421,10,11,0.461104154586792,,,,2124,685,425,137,273,248,55,50,,,,,,,,,,,,,,,,,,,,,,,,,2397,423,705,480
clients,gdm_early,2,0.8,S=2,0.5,0,2,2028,FedEns-SVM,0.9904906261114028,0.9789077791378915,0.9890510948905109,0.9535962877030162,0.9312714776632303,0.9927536231884058,0.95929203539823,0.9660365502434938,0.031018160562150097,-1.3859756455618473,1.3497766438938468,0.05473805023345145,0.7332367968123467,271,411,20,3,0.08398556709289551,,,,2124,685,425,137,273,248,55,50,,,,,,,,,,,,,,,,,,,,,,,,,2397,423,705,480
clients,gdm_early,2,0.8,S=2,0.5,0,2,2028,FedST-XGB,0.9931579927854083,0.9867950569307273,0.9635036496350365,0.9698375870069605,0.9530685920577617,0.9766355140186916,0.9582577132486388,0.9657411965544708,0.03351028609480335,-3.4742994624951646,0.864817629882015,0.06598997022787188,0.9818235492954651,264,418,13,10,2.5681028366088867,,,,2124,685,425,137,273,248,55,50,,,,,,,,,,,,,,,,,,,,,,,,,2397,423,705,480
clients,gdm_early,2,0.8,S=2,0.5,0,2,2028,FedMatch-tab,0.9832336951919658,0.9561428063629788,0.9781021897810219,0.9651972157772621,0.9469964664310954,0.985781990521327,0.9622980251346499,0.9688395166704902,0.026713326573371887,-2.0107372819253118,0.5948889949046041,0.022623933604687264,0.8333409428596497,268,416,15,6,0.5217046737670898,174400.0,,,2124,685,425,137,273,248,55,50,,,,,,,,,,,,,,,,,,,,,,,,,2397,423,705,480
clients,gdm_early,2,0.8,S=2,0.5,0,2,2028,RSCFed-tab,0.9827721984182091,0.9563830158540644,0.9854014598540146,0.962877030162413,0.9440559440559441,0.9904534606205251,0.9642857142857143,0.9703781512605042,0.02703186497092247,-1.932988971699893,0.5618444041225771,0.021459881417083385,0.7593370079994202,270,415,16,4,0.6215043067932129,174400.0,,,2124,685,425,137,273,248,55,50,,,,,,,,,,,,,,,,,,,,,,,,,2397,423,705,480
clients,gdm_early,2,0.8,S=2,0.5,0,2,2028,FedAvg-GCN,0.9862228394329939,0.9648828958666582,0.9817518248175182,0.9605568445475638,0.9405594405594405,0.9880668257756563,0.9607142857142857,0.9674159663865547,0.028299013152718544,-2.4705792191058173,0.6219160529004867,0.029543901192592373,0.9114181399345398,269,414,17,5,2.5901291370391846,174400.0,,,2124,685,425,137,273,248,55,50,,,,,,,,,,,,,,,,,,,,,,,,,2397,423,705,480
clients,gdm_early,2,0.8,S=2,0.5,0,2,2028,FedAvg-SAGE,0.9829203854556539,0.9499491051535661,0.9781021897810219,0.9698375870069605,0.9537366548042705,0.9858490566037735,0.9657657657657658,0.9717717717717718,0.030892301350831985,-3.390028980722517,0.5496063552986139,0.030789953387666026,0.9670522809028625,268,418,13,6,1.515582799911499,338240.0,,,2124,685,425,137,273,248,55,50,,,,,,,,,,,,,,,,,,,,,,,,,2397,423,705,480
clients,gdm_early,2,0.8,S=2,0.5,0,2,2028,Local-LR,0.9703752942571172,0.9427255259014369,0.9781021897810219,0.9071925754060325,0.8701298701298701,0.9848866498740554,0.9209621993127147,0.9327033218785796,0.05817840248346329,-1.672152346757787,0.6598794120835018,0.06658572815622844,0.46519947052001953,268,391,40,6,0.6344687938690186,0.0,,,2124,685,425,137,273,248,55,50,,,,,,,,,,,,,,,,,,,,,,,,,2397,423,705,480
clients,gdm_early,2,0.8,S=2,0.5,0,2,2028,Local-GCN,0.977022541365353,0.9496592634495415,0.9890510948905109,0.925754060324826,0.8943894389438944,0.9925373134328358,0.9393414211438474,0.9486623072105792,0.04994846135377884,-2.57191895543356,0.5744702221810378,0.04997270227218349,0.791692852973938,271,399,32,3,1.925964117050171,0.0,,,2124,685,425,137,273,248,55,50,,,,,,,,,,,,,,,,,,,,,,,,,2397,423,705,480
clients,gdm_early,2,0.8,S=2,0.5,0,2,2028,Local-TGNN,0.9919216895015835,0.9851465483096907,0.9744525547445255,0.9651972157772621,0.9468085106382979,0.983451536643026,0.960431654676259,0.9673352652772396,0.0530390627682209,-3.917269913834651,0.5845157304256609,0.05548889345938591,0.9812034964561462,267,416,15,7,29.494220495224,0.0,1893.0,0.512164598108747,2124,685,425,137,273,248,55,50,,,,,,,,,,,,,,,,,,,,,,,,,2397,423,705,480
clients,gdm_early,2,0.8,S=2,0.5,0,2,2028,Cent-LR,0.9774035937473539,0.9521989398198171,0.9890510948905109,0.9605568445475638,0.9409722222222222,0.9928057553956835,0.9644128113879004,0.9704139528637614,0.0339609794318676,-1.0355650723568242,0.7101647774242097,0.055402511611897895,0.3911328613758087,271,414,17,3,0.4324347972869873,0.0,,,2124,685,425,137,273,248,55,50,,,,,,,,,,,,,,,,,,,,,,,,,2397,423,705,480
clients,gdm_early,2,0.8,S=2,0.5,0,2,2028,Cent-XGB,0.9928616187105188,0.9866361385881296,0.9854014598540146,0.962877030162413,0.9440559440559441,0.9904534606205251,0.9642857142857143,0.9703781512605042,0.02769315242767334,-2.003198922183126,0.7013699155570235,0.027241069604543616,0.7565211057662964,270,415,16,4,0.20785999298095703,0.0,,,2124,685,425,137,273,248,55,50,,,,,,,,,,,,,,,,,,,,,,,,,2397,423,705,480
clients,gdm_early,2,0.8,S=2,0.5,0,2,2028,Cent-GRAND,0.986709739698884,0.959090753597767,0.9927007299270073,0.9651972157772621,0.9477351916376306,0.9952153110047847,0.9696969696969697,0.9748367062854695,0.029232149943709373,-2.727807756823076,0.6485065065449276,0.03377450486077062,0.9345221519470215,272,416,15,2,15.525243043899536,0.0,,,2124,685,425,137,273,248,55,50,,,,,,,,,,,,,,,,,,,,,,,,,2397,423,705,480
clients,gdm_early,2,0.8,S=2,0.5,0,3,2029,FedTGNN-SS,0.9891585623678647,0.9811229083262831,0.9709090909090909,0.9790697674418605,0.967391304347826,0.9813519813519813,0.969147005444646,0.9746782757141741,0.026188567280769348,-3.624736087310361,0.34903662500652693,0.026894564863380214,0.9577506184577942,267,421,9,8,28.552918195724487,5362528.0,1880.0,0.5000814344304771,1736,827,347,165,661,105,132,21,,,,,,,,,,,,,,,,,,,,,,,,,2397,423,705,479
clients,gdm_early,2,0.8,S=2,0.5,0,3,2029,FedAvg-LR,0.9766892177589852,0.9484089043238647,0.9745454545454545,0.9604651162790697,0.9403508771929825,0.9833333333333333,0.9571428571428572,0.9644537815126051,0.03443245217204094,-0.37986474879809257,0.7496219166369201,0.03383043608132828,0.43084755539894104,268,413,17,7,0.5635879039764404,14752.0,,0.5097928604213862,1736,827,347,165,661,105,132,21,,,,,,,,,,,,,,,,,,,,,,,,,2397,423,705,479
clients,gdm_early,2,0.8,S=2,0.5,0,3,2029,FedProx-LR,0.9761437632135307,0.9468272309233473,0.9781818181818182,0.958139534883721,0.9372822299651568,0.9856459330143541,0.9572953736654805,0.9644967434365138,0.03482331335544586,-0.48572036170883015,0.7505720510592951,0.03146449196423198,0.4722993075847626,269,412,18,6,0.7560622692108154,14752.0,,,1736,827,347,165,661,105,132,21,,,,,,,,,,,,,,,,,,,,,,,,,2397,423,705,479
clients,gdm_early,2,0.8,S=2,0.5,0,3,2029,FedAvg-MLP,0.9853361522198731,0.9584795830449429,0.9854545454545455,0.958139534883721,0.9377162629757786,0.9903846153846154,0.9609929078014184,0.9674940898345153,0.0255949217826128,-0.43605539935550364,0.7345059047718678,0.018626476375135113,0.30709290504455566,271,412,18,4,0.4242689609527588,174400.0,,,1736,827,347,165,661,105,132,21,,,,,,,,,,,,,,,,,,,,,,,,,2397,423,705,479
clients,gdm_early,2,0.8,S=2,0.5,0,3,2029,FedEns-RF,0.9974207188160676,0.9960643431476803,0.9818181818181818,0.9534883720930233,0.9310344827586207,0.9879518072289156,0.9557522123893806,0.9630832067864062,0.02162184366700554,-0.02603266837669017,1.6040343249898132,0.028685929611039537,0.5359081419624216,270,410,20,5,1.704263687133789,,,,1736,827,347,165,661,105,132,21,,,,,,,,,,,,,,,,,,,,,,,,,2397,423,705,479
clients,gdm_early,2,0.8,S=2,0.5,0,3,2029,FedEns-XGB,0.9964482029598309,0.994076226246772,0.9527272727272728,0.9813953488372092,0.9703703703703703,0.9701149425287356,0.9614678899082569,0.968595216630429,0.021784449806969176,0.3725162365594738,1.0297672317859174,0.017872201819149204,0.7262463553464488,262,422,8,13,0.3829963207244873,,,,1736,827,347,165,661,105,132,21,,,,,,,,,,,,,,,,,,,,,,,,,2397,423,705,479
clients,gdm_early,2,0.8,S=2,0.5,0,3,2029,FedEns-SVM,0.9968541226215645,0.9949137771183105,0.9854545454545455,0.9558139534883721,0.9344827586206896,0.9903614457831326,0.95929203539823,0.9660365502434938,0.022099126309727216,-0.08959102392981401,1.2564710295189132,0.02030222323009419,0.39304650661572593,271,411,19,4,0.06399941444396973,,,,1736,827,347,165,661,105,132,21,,,,,,,,,,,,,,,,,,,,,,,,,2397,423,705,479
clients,gdm_early,2,0.8,S=2,0.5,0,3,2029,FedST-XGB,0.9946723044397463,0.9903486513877517,0.9818181818181818,0.9627906976744186,0.9440559440559441,0.9880668257756563,0.9625668449197861,0.9689159312938154,0.022343740156008807,-0.14142935571133242,0.7283598263917936,0.023042743990384928,0.27351957606248917,270,414,16,5,2.918785333633423,,,,1736,827,347,165,661,105,132,21,,,,,,,,,,,,,,,,,,,,,,,,,2397,423,705,479
clients,gdm_early,2,0.8,S=2,0.5,0,3,2029,FedMatch-tab,0.9852854122621565,0.9571937294785858,0.9854545454545455,0.9604651162790697,0.9409722222222222,0.9904076738609112,0.9626998223801065,0.9689532169751772,0.025450710207223892,-0.2986107530341172,0.7577450054129229,0.015083894290769796,0.3213128447532654,271,413,17,4,0.7431344985961914,174400.0,,,1736,827,347,165,661,105,132,21,,,,,,,,,,,,,,,,,,,,,,,,,2397,423,705,479
clients,gdm_early,2,0.8,S=2,0.5,0,3,2029,RSCFed-tab,0.9848710359408034,0.9567340092303162,0.9854545454545455,0.9604651162790697,0.9409722222222222,0.9904076738609112,0.9626998223801065,0.9689532169751772,0.025619475170969963,-0.45584624740352303,0.7148369867882214,0.017540066658869275,0.29437702894210815,271,413,17,4,0.5325148105621338,174400.0,,,1736,827,347,165,661,105,132,21,,,,,,,,,,,,,,,,,,,,,,,,,2397,423,705,479
clients,gdm_early,2,0.8,S=2,0.5,0,3,2029,FedAvg-GCN,0.9842114164904864,0.9595282688729848,0.9854545454545455,0.9558139534883721,0.9344827586206896,0.9903614457831326,0.95929203539823,0.9660365502434938,0.024462901055812836,-0.4532807861569019,0.6881065473922626,0.019992045788688843,0.09295059740543365,271,411,19,4,1.9353559017181396,174400.0,,,1736,827,347,165,661,105,132,21,,,,,,,,,,,,,,,,,,,,,,,,,2397,423,705,479
clients,gdm_early,2,0.8,S=2,0.5,0,3,2029,FedAvg-SAGE,0.9855983086680762,0.9695181603690957,0.9781818181818182,0.9604651162790697,0.9405594405594405,0.9856801909307876,0.9590017825311943,0.9659555437979882,0.02474341168999672,0.3323894328328968,0.6269781425100004,0.018899449303164957,0.09355217218399048,269,413,17,6,1.6424036026000977,338240.0,,,1736,827,347,165,661,105,132,21,,,,,,,,,,,,,,,,,,,,,,,,,2397,423,705,479
clients,gdm_early,2,0.8,S=2,0.5,0,3,2029,Local-LR,0.9789936575052854,0.9625749328218408,0.9672727272727273,0.9627906976744186,0.9432624113475178,0.9787234042553191,0.9551166965888689,0.9629041865124883,0.035266321152448654,-0.25171576733404627,0.8484283816110028,0.03895952075138584,0.4041145145893097,266,414,16,9,0.8735196590423584,0.0,,,1736,827,347,165,661,105,132,21,,,,,,,,,,,,,,,,,,,,,,,,,2397,423,705,479
clients,gdm_early,2,0.8,S=2,0.5,0,3,2029,Local-GCN,0.9807949260042284,0.9641588316758517,0.9781818181818182,0.9651162790697675,0.9471830985915493,0.9857482185273159,0.962432915921288,0.9688780325787403,0.02847612462937832,-0.022000882648180568,0.7799297225033401,0.016401320018191303,0.25479257106781006,269,415,15,6,2.0799942016601562,0.0,,,1736,827,347,165,661,105,132,21,,,,,,,,,,,,,,,,,,,,,,,,,2397,423,705,479
clients,gdm_early,2,0.8,S=2,0.5,0,3,2029,Local-TGNN,0.9891923890063425,0.9817359840542876,0.9709090909090909,0.9744186046511628,0.960431654676259,0.9812646370023419,0.9656419529837251,0.9717357956283853,0.023264199495315552,0.08473076133837998,0.4906524969299815,0.024684238782588484,0.23034518957138062,267,419,11,8,27.80347776412964,0.0,1906.0,0.46546291772161263,1736,827,347,165,661,105,132,21,,,,,,,,,,,,,,,,,,,,,,,,,2397,423,705,479
clients,gdm_early,2,0.8,S=2,0.5,0,3,2029,Cent-LR,0.9756786469344609,0.9439981075165902,0.9745454545454545,0.9604651162790697,0.9403508771929825,0.9833333333333333,0.9571428571428572,0.9644537815126051,0.03471318632364273,-0.25828413399737093,0.798597209157581,0.03620886065541431,0.34190377593040466,268,413,17,7,0.43993473052978516,0.0,,,1736,827,347,165,661,105,132,21,,,,,,,,,,,,,,,,,,,,,,,,,2397,423,705,479
clients,gdm_early,2,0.8,S=2,0.5,0,3,2029,Cent-XGB,0.9973699788583509,0.9958563775028828,0.9854545454545455,0.9511627906976744,0.928082191780822,0.9903147699757869,0.9559082892416225,0.9631261493657697,0.02186843380331993,-0.21943113775783096,0.7503189333689501,0.019080100248151627,0.04750542715191841,271,409,21,4,0.2477254867553711,0.0,,,1736,827,347,165,661,105,132,21,,,,,,,,,,,,,,,,,,,,,,,,,2397,423,705,479
clients,gdm_early,2,0.8,S=2,0.5,0,3,2029,Cent-GRAND,0.9849640591966173,0.9570736656447549,0.9890909090909091,0.9627906976744186,0.9444444444444444,0.9928057553956835,0.9662522202486679,0.9719100534537318,0.021152716130018234,-0.722752028678291,0.7313837306539254,0.014507524447238195,0.11716832965612411,272,414,16,3,15.434438467025757,0.0,,,1736,827,347,165,661,105,132,21,,,,,,,,,,,,,,,,,,,,,,,,,2397,423,705,479
clients,gdm_early,2,0.8,S=2,0.5,1,0,3026,FedTGNN-SS,0.9859095296966823,0.9689457351504127,0.9635036496350365,0.9489559164733179,0.9230769230769231,0.9761336515513126,0.9428571428571428,0.9526050420168067,0.04003772884607315,-2.1140819505174853,0.45217120926964727,0.0369547602568641,0.6739358901977539,264,409,22,10,28.609347820281982,5362528.0,1828.0,0.5621137416899865,1696,247,339,49,701,686,140,137,,,,,,,,,,,,,,,,,,,,,,,,,2397,423,705,479
clients,gdm_early,2,0.8,S=2,0.5,1,0,3026,FedAvg-LR,0.9659847240333971,0.9349659401669318,0.927007299270073,0.9419953596287703,0.910394265232975,0.9530516431924883,0.918625678119349,0.9330584633303862,0.057005688548088074,0.6709570088804782,0.776594253636389,0.03136958782660202,0.16266915202140808,254,406,25,20,0.4960460662841797,14752.0,,0.5111491138453338,1696,247,339,49,701,686,140,137,,,,,,,,,,,,,,,,,,,,,,,,,2397,423,705,479
clients,gdm_early,2,0.8,S=2,0.5,1,0,3026,FedProx-LR,0.9669246532423322,0.9361863725820401,0.9343065693430657,0.9373549883990719,0.9045936395759717,0.957345971563981,0.9192100538599641,0.9332275357224791,0.05634443089365959,0.6350727160826809,0.7826448131766968,0.03919197924382296,0.15041425824165344,256,404,27,18,0.5798180103302002,14752.0,,,1696,247,339,49,701,686,140,137,,,,,,,,,,,,,,,,,,,,,,,,,2397,423,705,479
clients,gdm_early,2,0.8,S=2,0.5,1,0,3026,FedAvg-MLP,0.9815316612190289,0.952052097716888,0.9671532846715328,0.9396751740139211,0.9106529209621993,0.9782608695652174,0.9380530973451328,0.9483164895009688,0.04602153226733208,0.7905535648830974,0.9463457514122775,0.03455581659226552,0.08436395227909088,265,405,26,9,0.35599732398986816,174400.0,,,1696,247,339,49,701,686,140,137,,,,,,,,,,,,,,,,,,,,,,,,,2397,423,705,479
clients,gdm_early,2,0.8,S=2,0.5,1,0,3026,FedEns-RF,0.99560942977628,0.9929320395897765,0.9817518248175182,0.9489559164733179,0.9243986254295533,0.9879227053140096,0.952212389380531,0.9601298633293187,0.0527830375384132,-1.065475143374898,2.5059339501626265,0.13508116791779565,0.5219832985386221,269,409,22,5,2.052598476409912,,,,1696,247,339,49,701,686,140,137,,,,,,,,,,,,,,,,,,,,,,,,,2397,423,705,479
clients,gdm_early,2,0.8,S=2,0.5,1,0,3026,FedEns-XGB,0.9959439090893696,0.9931126283337663,0.9963503649635036,0.9350348027842227,0.9069767441860465,0.9975247524752475,0.9495652173913044,0.9574173392345744,0.06317894731707178,-1.2605537454915956,2.143427289937779,0.16153604310185057,0.2984055655022659,273,403,28,1,0.4495115280151367,,,,1696,247,339,49,701,686,140,137,,,,,,,,,,,,,,,,,,,,,,,,,2397,423,705,479
clients,gdm_early,2,0.8,S=2,0.5,1,0,3026,FedEns-SVM,0.994656798821278,0.9896053212751451,0.9963503649635036,0.9466357308584686,0.9222972972972973,0.9975550122249389,0.9578947368421052,0.9646616541353383,0.05471902184472706,-0.8412369639399095,2.728674098271695,0.1439372472889741,0.3888047446697952,273,408,23,1,0.06252169609069824,,,,1696,247,339,49,701,686,140,137,,,,,,,,,,,,,,,,,,,,,,,,,2397,423,705,479
clients,gdm_early,2,0.8,S=2,0.5,1,0,3026,FedST-XGB,0.9971971480346165,0.9955249929609518,0.9927007299270073,0.9535962877030162,0.9315068493150684,0.9951573849878934,0.9611307420494699,0.9675321956692847,0.06317045764614489,-1.9682906001885143,1.408865221334521,0.16523773653906604,0.29663486995429017,272,411,20,2,3.0438361167907715,,,,1696,247,339,49,701,686,140,137,,,,,,,,,,,,,,,,,,,,,,,,,2397,423,705,479
clients,gdm_early,2,0.8,S=2,0.5,1,0,3026,FedMatch-tab,0.9823107016444528,0.9540433416326525,0.9671532846715328,0.9443155452436195,0.916955017301038,0.9783653846153846,0.9413854351687388,0.9512121981038499,0.04481242224574089,0.7139649895858654,0.9689501079279921,0.03354577441164788,0.08987198770046234,265,407,24,9,0.4983680248260498,174400.0,,,1696,247,339,49,701,686,140,137,,,,,,,,,,,,,,,,,,,,,,,,,2397,423,705,479
clients,gdm_early,2,0.8,S=2,0.5,1,0,3026,RSCFed-tab,0.979694141954714,0.9511408412973095,0.9635036496350365,0.9373549883990719,0.9072164948453608,0.9758454106280193,0.9345132743362832,0.9453631460438812,0.0473209023475647,0.8790373487850353,0.8928108665940375,0.03669638923296691,0.07269202917814255,264,404,27,10,0.5580852031707764,174400.0,,,1696,247,339,49,701,686,140,137,,,,,,,,,,,,,,,,,,,,,,,,,2397,423,705,479
clients,gdm_early,2,0.8,S=2,0.5,1,0,3026,FedAvg-GCN,0.9849611326570359,0.9628494369468916,0.9781021897810219,0.951276102088167,0.9273356401384083,0.9855769230769231,0.9520426287744227,0.9600827075395135,0.03129279986023903,0.4352901275675527,0.8537771040674175,0.020616053038190862,0.10894134640693665,268,410,21,6,2.1003434658050537,174400.0,,,1696,247,339,49,701,686,140,137,,,,,,,,,,,,,,,,,,,,,,,,,2397,423,705,479
clients,gdm_early,2,0.8,S=2,0.5,1,0,3026,FedAvg-SAGE,0.9857232374210374,0.9624411919188344,0.9708029197080292,0.9651972157772621,0.9466192170818505,0.9811320754716981,0.9585585585585585,0.9658289868816184,0.027541521936655045,-0.6354777205525796,0.8926208182236058,0.024973333679826556,0.5743702054023743,266,416,15,8,1.7649633884429932,338240.0,,,1696,247,339,49,701,686,140,137,,,,,,,,,,,,,,,,,,,,,,,,,2397,423,705,479
clients,gdm_early,2,0.8,S=2,0.5,1,0,3026,Local-LR,0.9331549443663523,0.8951546159448034,0.8503649635036497,0.8955916473317865,0.8381294964028777,0.9039812646370023,0.8442028985507246,0.8719848991588122,0.10683409869670868,-1.6932032238744628,0.5392059536278629,0.08351233903028017,0.853912353515625,233,386,45,41,0.881291389465332,0.0,,,1696,247,339,49,701,686,140,137,,,,,,,,,,,,,,,,,,,,,,,,,2397,423,705,479
clients,gdm_early,2,0.8,S=2,0.5,1,0,3026,Local-GCN,0.9251274408522024,0.871341063719151,0.9416058394160584,0.7795823665893271,0.7308781869688386,0.9545454545454546,0.8229665071770335,0.8406020275348769,0.11855483055114746,-1.2604094753252948,0.40043739897392444,0.10235144972193536,0.1319405436515808,258,336,95,16,2.020916700363159,0.0,,,1696,247,339,49,701,686,140,137,,,,,,,,,,,,,,,,,,,,,,,,,2397,423,705,479
clients,gdm_early,2,0.8,S=2,0.5,1,0,3026,Local-TGNN,0.9746854200890815,0.9478414103165573,0.9014598540145985,0.951276102088167,0.9216417910447762,0.9382151029748284,0.9114391143911439,0.9280697876103186,0.08938722312450409,-2.712364423394012,0.4469811685306572,0.09643352418966221,0.9767111539840698,247,410,21,27,28.118627071380615,0.0,1880.0,0.5180236604036186,1696,247,339,49,701,686,140,137,,,,,,,,,,,,,,,,,,,,,,,,,2397,423,705,479
clients,gdm_early,2,0.8,S=2,0.5,1,0,3026,Cent-LR,0.9749944959100377,0.9384999194545428,0.9744525547445255,0.9489559164733179,0.9238754325259516,0.9831730769230769,0.9484902309058615,0.9571258710609591,0.04179046303033829,-0.5553652861140321,0.8849908493845865,0.04915355895216584,0.39028608798980713,267,409,22,7,0.4236283302307129,0.0,,,1696,247,339,49,701,686,140,137,,,,,,,,,,,,,,,,,,,,,,,,,2397,423,705,479
clients,gdm_early,2,0.8,S=2,0.5,1,0,3026,Cent-XGB,0.9975358612630616,0.9960889897599058,1.0,0.9396751740139211,0.9133333333333333,1.0,0.9547038327526133,0.9618016771418569,0.023980366066098213,-1.1027788323748642,0.8365787035782164,0.020157416553916868,0.0988263189792633,274,405,26,0,0.20392823219299316,0.0,,,1696,247,339,49,701,686,140,137,,,,,,,,,,,,,,,,,,,,,,,,,2397,423,705,479
clients,gdm_early,2,0.8,S=2,0.5,1,0,3026,Cent-GRAND,0.9845123376293461,0.9539518656750816,0.9927007299270073,0.9443155452436195,0.918918918918919,0.9951100244498777,0.9543859649122807,0.9617167919799499,0.026700686663389206,-0.6222854605321253,0.7679312940482643,0.01963910706975358,0.04981893673539162,272,407,24,2,16.004192113876343,0.0,,,1696,247,339,49,701,686,140,137,,,,,,,,,,,,,,,,,,,,,,,,,2397,423,705,479
clients,gdm_early,2,0.8,S=2,0.5,0,4,2030,FedTGNN-SS,0.9882494714587737,0.9749145521463911,0.9854545454545455,0.9674418604651163,0.9508771929824561,0.9904761904761905,0.9678571428571429,0.9733403361344538,0.028102008625864983,-2.3308068362172936,0.32111731028777823,0.02913761733228616,0.004958985839039087,271,416,14,4,30.177743673324585,5362528.0,1890.0,0.47658982217681634,2298,927,459,185,99,5,20,1,,,,,,,,,,,,,,,,,,,,,,,,,2397,423,705,479
clients,gdm_early,2,0.8,S=2,0.5,0,4,2030,FedAvg-LR,0.9831120507399577,0.9663625614112878,0.96,0.9790697674418605,0.967032967032967,0.9745370370370371,0.9635036496350365,0.9701508967432724,0.027709441259503365,-0.19604101612575012,1.0707395494446068,0.03562852346093942,0.6196025609970093,264,421,9,11,0.4920008182525635,14752.0,,0.46556063903818534,2298,927,459,185,99,5,20,1,,,,,,,,,,,,,,,,,,,,,,,,,2397,423,705,479
clients,gdm_early,2,0.8,S=2,0.5,0,4,2030,FedProx-LR,0.982799154334038,0.964228010750218,0.9527272727272728,0.9813953488372092,0.9703703703703703,0.9701149425287356,0.9614678899082569,0.968595216630429,0.02855248935520649,-0.13926160395433262,1.1177593081105006,0.041735411514627174,0.609405517578125,262,422,8,13,0.7810025215148926,14752.0,,,2298,927,459,185,99,5,20,1,,,,,,,,,,,,,,,,,,,,,,,,,2397,423,705,479
clients,gdm_early,2,0.8,S=2,0.5,0,4,2030,FedAvg-MLP,0.9898435517970401,0.9579884298307914,0.96,0.9790697674418605,0.967032967032967,0.9745370370370371,0.9635036496350365,0.9701508967432724,0.020448222756385803,0.12996126941981534,0.8517621486141481,0.010446346051832452,0.8107385635375977,264,421,9,11,0.45617103576660156,174400.0,,,2298,927,459,185,99,5,20,1,,,,,,,,,,,,,,,,,,,,,,,,,2397,423,705,479
clients,gdm_early,2,0.8,S=2,0.5,0,4,2030,FedEns-RF,0.9986046511627907,0.9978167327630796,0.9454545454545454,0.986046511627907,0.9774436090225563,0.9658314350797267,0.9611829944547134,0.968508643372351,0.014760320906986365,0.32514429969395586,1.9914590801161227,0.028357541568575242,0.6443632567849688,260,424,6,15,2.1603591442108154,,,,2298,927,459,185,99,5,20,1,,,,,,,,,,,,,,,,,,,,,,,,,2397,423,705,479
clients,gdm_early,2,0.8,S=2,0.5,0,4,2030,FedEns-XGB,0.998739957716702,0.9980403545590513,0.96,0.9790697674418605,0.967032967032967,0.9745370370370371,0.9635036496350365,0.9701508967432724,0.015573071709539706,0.4023288641856664,1.293482392807486,0.026101684467567506,0.792480011604773,264,421,9,11,0.3082003593444824,,,,2298,927,459,185,99,5,20,1,,,,,,,,,,,,,,,,,,,,,,,,,2397,423,705,479
clients,gdm_early,2,0.8,S=2,0.5,0,4,2030,FedEns-SVM,0.996676532769556,0.9927896629391557,0.9709090909090909,0.9813953488372092,0.9709090909090909,0.9813953488372092,0.9709090909090909,0.97615221987315,0.01590651611254998,0.5010080403984931,1.540410370836136,0.03524297718715846,0.7905977276302234,267,422,8,8,0.04687380790710449,,,,2298,927,459,185,99,5,20,1,,,,,,,,,,,,,,,,,,,,,,,,,2397,423,705,479
clients,gdm_early,2,0.8,S=2,0.5,0,4,2030,FedST-XGB,0.9976405919661733,0.9962584864009586,0.9345454545454546,0.986046511627907,0.9771863117870723,0.9592760180995475,0.9553903345724907,0.9639336993963371,0.02301200577832296,0.3884653914418571,0.9612555964854899,0.01432732378697423,0.9419875919258918,257,424,6,18,1.8659214973449707,,,,2298,927,459,185,99,5,20,1,,,,,,,,,,,,,,,,,,,,,,,,,2397,423,705,479
clients,gdm_early,2,0.8,S=2,0.5,0,4,2030,FedMatch-tab,0.9898435517970402,0.9592384353404793,0.9636363636363636,0.9790697674418605,0.9671532846715328,0.9767981438515081,0.9653916211293261,0.9716621287992739,0.02008170448243618,0.13508547646792682,0.8316017957684382,0.010686601265102397,0.7773356437683105,265,421,9,10,0.6264612674713135,174400.0,,,2298,927,459,185,99,5,20,1,,,,,,,,,,,,,,,,,,,,,,,,,2397,423,705,479
clients,gdm_early,2,0.8,S=2,0.5,0,4,2030,RSCFed-tab,0.990122621564482,0.9606885086546743,0.9636363636363636,0.9790697674418605,0.9671532846715328,0.9767981438515081,0.9653916211293261,0.9716621287992739,0.020142946392297745,0.09712532075100513,0.8055502629098441,0.011409456791448698,0.7924093008041382,265,421,9,10,0.5920653343200684,174400.0,,,2298,927,459,185,99,5,20,1,,,,,,,,,,,,,,,,,,,,,,,,,2397,423,705,479
clients,gdm_early,2,0.8,S=2,0.5,0,4,2030,FedAvg-GCN,0.9907230443974631,0.9594599026898951,0.9745454545454545,0.9744186046511628,0.9605734767025089,0.9835680751173709,0.9675090252707581,0.9732404939437902,0.020253688097000122,0.15878550352151413,0.9227051314104174,0.016248610784821465,0.4618210196495056,268,419,11,7,2.830937623977661,174400.0,,,2298,927,459,185,99,5,20,1,,,,,,,,,,,,,,,,,,,,,,,,,2397,423,705,479
clients,gdm_early,2,0.8,S=2,0.5,0,4,2030,FedAvg-SAGE,0.9864439746300212,0.9783232982409381,0.9672727272727273,0.9720930232558139,0.9568345323741008,0.9789227166276346,0.9620253164556962,0.968760616220847,0.03041064739227295,0.8261880549237502,0.6291829536247817,0.023523410431320734,0.16505911946296692,266,418,12,9,1.6541783809661865,338240.0,,,2298,927,459,185,99,5,20,1,,,,,,,,,,,,,,,,,,,,,,,,,2397,423,705,479
clients,gdm_early,2,0.8,S=2,0.5,0,4,2030,Local-LR,0.9797040169133193,0.9740165543726399,0.9381818181818182,0.9837209302325581,0.9735849056603774,0.9613636363636363,0.9555555555555556,0.963984674329502,0.033896565437316895,-0.0701406286514358,1.1930691009389585,0.04192426911693937,0.5869907736778259,258,423,7,17,0.8794434070587158,0.0,,,2298,927,459,185,99,5,20,1,,,,,,,,,,,,,,,,,,,,,,,,,2397,423,705,479
clients,gdm_early,2,0.8,S=2,0.5,0,4,2030,Local-GCN,0.9868752642706131,0.9738816309828174,0.9745454545454545,0.9674418604651163,0.950354609929078,0.983451536643026,0.9622980251346499,0.9688395166704902,0.025241302326321602,0.5636134297926588,1.010448455098512,0.01861433691695227,0.09058190882205963,268,416,14,7,1.9490070343017578,0.0,,,2298,927,459,185,99,5,20,1,,,,,,,,,,,,,,,,,,,,,,,,,2397,423,705,479
clients,gdm_early,2,0.8,S=2,0.5,0,4,2030,Local-TGNN,0.9855306553911205,0.9691176788396887,0.9636363636363636,0.9674418604651163,0.9498207885304659,0.9765258215962441,0.9566787003610109,0.9643206585917203,0.035205867141485214,2.729884827764331,0.4332685295986615,0.0340336297632109,0.007505503017455339,265,416,14,10,30.174068450927734,0.0,1899.0,0.4746250314633027,2298,927,459,185,99,5,20,1,,,,,,,,,,,,,,,,,,,,,,,,,2397,423,705,479
clients,gdm_early,2,0.8,S=2,0.5,0,4,2030,Cent-LR,0.9825116279069767,0.9655928539176103,0.9636363636363636,0.9790697674418605,0.9671532846715328,0.9767981438515081,0.9653916211293261,0.9716621287992739,0.0285267885774374,-0.27346980565335,1.1270113550543472,0.04431715487165654,0.5963191390037537,265,421,9,10,0.408294677734375,0.0,,,2298,927,459,185,99,5,20,1,,,,,,,,,,,,,,,,,,,,,,,,,2397,423,705,479
clients,gdm_early,2,0.8,S=2,0.5,0,4,2030,Cent-XGB,0.9986046511627907,0.9978043343079483,0.9636363636363636,0.9813953488372092,0.9706959706959707,0.9768518518518519,0.9671532846715328,0.9731358070689451,0.014538002200424671,-0.22228848987545144,0.9105679289614973,0.015946569328084064,0.6727015972137451,265,422,8,10,0.21062445640563965,0.0,,,2298,927,459,185,99,5,20,1,,,,,,,,,,,,,,,,,,,,,,,,,2397,423,705,479
clients,gdm_early,2,0.8,S=2,0.5,0,4,2030,Cent-GRAND,0.9920845665961946,0.960109727507277,0.9527272727272728,0.9790697674418605,0.966789667896679,0.9700460829493087,0.9597069597069597,0.9671219983719984,0.022026943042874336,-0.004483505761185249,0.8599787650979606,0.01697562176549264,0.7918074727058411,262,421,9,13,15.19771695137024,0.0,,,2298,927,459,185,99,5,20,1,,,,,,,,,,,,,,,,,,,,,,,,,2397,423,705,479
clients,gdm_early,2,0.8,S=2,0.5,1,1,3027,FedTGNN-SS,0.9883397971107761,0.9719045305786371,0.9890510948905109,0.9582366589327146,0.9377162629757786,0.9927884615384616,0.9626998223801065,0.9689532169751772,0.027683036401867867,-4.648949679424067,0.3260147863241265,0.027731630347127487,0.011117822490632534,271,413,18,3,27.754082202911377,5362528.0,1896.0,0.47393764775413716,501,158,101,32,1896,775,379,155,,,,,,,,,,,,,,,,,,,,,,,,,2397,423,705,480
clients,gdm_early,2,0.8,S=2,0.5,1,1,3027,FedAvg-LR,0.9830728064084542,0.9683793098043019,0.9379562043795621,0.9651972157772621,0.9448529411764706,0.9607390300230947,0.9413919413919414,0.9521774521774522,0.034579887986183167,-0.23043883904528945,0.8092632237599456,0.024476004862193528,0.572369396686554,257,416,15,17,0.5619981288909912,14752.0,,0.4815913120567376,501,158,101,32,1896,775,379,155,,,,,,,,,,,,,,,,,,,,,,,,,2397,423,705,480
clients,gdm_early,2,0.8,S=2,0.5,1,1,3027,FedProx-LR,0.9831659525462767,0.9684276800857421,0.9379562043795621,0.9675174013921114,0.948339483394834,0.9608294930875576,0.9431192660550459,0.9536405578830143,0.03495141491293907,-0.19723011728770426,0.8176575468493543,0.025903324346910128,0.59466552734375,257,417,14,17,0.7323713302612305,14752.0,,,501,158,101,32,1896,775,379,155,,,,,,,,,,,,,,,,,,,,,,,,,2397,423,705,480
clients,gdm_early,2,0.8,S=2,0.5,1,1,3027,FedAvg-MLP,0.9909309533083814,0.9844920771393822,0.9927007299270073,0.9373549883990719,0.9096989966555183,0.9950738916256158,0.9493891797556719,0.9573708144895445,0.022593090310692787,-0.18755436255350807,0.7854312055378454,0.017298311312147926,0.02158467285335064,272,404,27,2,0.4774816036224365,174400.0,,,501,158,101,32,1896,775,379,155,,,,,,,,,,,,,,,,,,,,,,,,,2397,423,705,480
clients,gdm_early,2,0.8,S=2,0.5,1,1,3027,FedEns-RF,0.9970108557589716,0.9951616999592904,0.9708029197080292,0.9675174013921114,0.95,0.9811764705882353,0.9602888086642599,0.9672939370424103,0.02177537268426172,-0.30805275736069043,1.6732379800538542,0.022465307328605213,0.6873645833333334,266,417,14,8,1.6702117919921875,,,,501,158,101,32,1896,775,379,155,,,,,,,,,,,,,,,,,,,,,,,,,2397,423,705,480
clients,gdm_early,2,0.8,S=2,0.5,1,1,3027,FedEns-XGB,0.9966975460226599,0.994625552966732,0.9817518248175182,0.9582366589327146,0.9372822299651568,0.9880382775119617,0.9590017825311943,0.9659555437979882,0.02085333878554489,-0.04607833823606498,1.128108202798515,0.015558148324956793,0.3439636322436854,269,413,18,5,0.37880706787109375,,,,501,158,101,32,1896,775,379,155,,,,,,,,,,,,,,,,,,,,,,,,,2397,423,705,480
clients,gdm_early,2,0.8,S=2,0.5,1,1,3027,FedEns-SVM,0.9977306213694177,0.9964386623984915,0.9890510948905109,0.9651972157772621,0.9475524475524476,0.9928400954653938,0.9678571428571429,0.9733403361344538,0.01945872155761318,-0.1599142195389426,1.409053280053679,0.019990353314330453,0.5931981695830078,271,416,15,3,0.0625,,,,501,158,101,32,1896,775,379,155,,,,,,,,,,,,,,,,,,,,,,,,,2397,423,705,480
clients,gdm_early,2,0.8,S=2,0.5,1,1,3027,FedST-XGB,0.9931918641082528,0.9878560515758907,0.9854014598540146,0.951276102088167,0.9278350515463918,0.9903381642512077,0.9557522123893806,0.9630832067864062,0.028154328773838656,-0.7701683373460714,0.682926524863593,0.03053496617273602,0.370703736320138,270,410,21,4,4.271684885025024,,,,501,158,101,32,1896,775,379,155,,,,,,,,,,,,,,,,,,,,,,,,,2397,423,705,480
clients,gdm_early,2,0.8,S=2,0.5,1,1,3027,FedMatch-tab,0.991032567276915,0.9845904112192838,0.9927007299270073,0.9443155452436195,0.918918918918919,0.9951100244498777,0.9543859649122807,0.9617167919799499,0.022723769769072533,-0.19170100648209465,0.7820672207301407,0.019217157511846397,0.02444145642220974,272,407,24,2,0.5748248100280762,174400.0,,,501,158,101,32,1896,775,379,155,,,,,,,,,,,,,,,,,,,,,,,,,2397,423,705,480
clients,gdm_early,2,0.8,S=2,0.5,1,1,3027,RSCFed-tab,0.991168052568293,0.9850362595704366,0.9927007299270073,0.9582366589327146,0.9379310344827586,0.9951807228915662,0.9645390070921985,0.970449172576832,0.022246427834033966,-0.14956649159150737,0.7897429393555199,0.014387892292323689,0.034115392714738846,272,413,18,2,0.48447465896606445,174400.0,,,501,158,101,32,1896,775,379,155,,,,,,,,,,,,,,,,,,,,,,,,,2397,423,705,480
clients,gdm_early,2,0.8,S=2,0.5,1,1,3027,FedAvg-GCN,0.990109573729402,0.9805200237059113,0.9927007299270073,0.9675174013921114,0.951048951048951,0.9952267303102625,0.9714285714285714,0.9763025210084033,0.021563613787293434,-0.733627568254196,0.7166039137556944,0.017219110097445485,0.28956371545791626,272,417,14,2,2.0987625122070312,174400.0,,,501,158,101,32,1896,775,379,155,,,,,,,,,,,,,,,,,,,,,,,,,2397,423,705,480
clients,gdm_early,2,0.8,S=2,0.5,1,1,3027,FedAvg-SAGE,0.9863667925550832,0.9712894123608623,0.9854014598540146,0.9698375870069605,0.9540636042402827,0.990521327014218,0.9694793536804309,0.9747748468284921,0.022207381203770638,-0.48387236105099596,0.6259544368312316,0.017942639455489885,0.4802306592464447,270,418,13,4,1.6140658855438232,338240.0,,,501,158,101,32,1896,775,379,155,,,,,,,,,,,,,,,,,,,,,,,,,2397,423,705,480
clients,gdm_early,2,0.8,S=2,0.5,1,1,3027,Local-LR,0.9839534608024116,0.9681861673857504,0.9416058394160584,0.9651972157772621,0.945054945054945,0.9629629629629629,0.943327239488117,0.9537030171948118,0.03604656830430031,-0.2539058486826572,0.8959117733009355,0.03376995059562489,0.5024223327636719,258,416,15,16,0.7872557640075684,0.0,,,501,158,101,32,1896,775,379,155,,,,,,,,,,,,,,,,,,,,,,,,,2397,423,705,480
clients,gdm_early,2,0.8,S=2,0.5,1,1,3027,Local-GCN,0.9873321252561519,0.9791150263576313,0.9890510948905109,0.9651972157772621,0.9475524475524476,0.9928400954653938,0.9678571428571429,0.9733403361344538,0.022735266014933586,0.003574333875938929,0.9362951549258416,0.013595625467545606,0.41006922721862793,271,416,15,3,1.7421116828918457,0.0,,,501,158,101,32,1896,775,379,155,,,,,,,,,,,,,,,,,,,,,,,,,2397,423,705,480
clients,gdm_early,2,0.8,S=2,0.5,1,1,3027,Local-TGNN,0.9919724964858503,0.9826048503951699,0.9927007299270073,0.9373549883990719,0.9096989966555183,0.9950738916256158,0.9493891797556719,0.9573708144895445,0.02628602460026741,-0.26876764397968694,0.4808752996294641,0.025741430283821344,0.004930486436933279,272,404,27,2,28.068907499313354,0.0,1900.0,0.5088977541371158,501,158,101,32,1896,775,379,155,,,,,,,,,,,,,,,,,,,,,,,,,2397,423,705,480
clients,gdm_early,2,0.8,S=2,0.5,1,1,3027,Cent-LR,0.9828357071485426,0.967933009117145,0.9452554744525548,0.9675174013921114,0.9487179487179487,0.9652777777777778,0.946983546617916,0.9566899193112754,0.03499295562505722,-0.23835448609631443,0.8396643799688203,0.027256853862645772,0.5451765060424805,259,417,14,15,0.4377450942993164,0.0,,,501,158,101,32,1896,775,379,155,,,,,,,,,,,,,,,,,,,,,,,,,2397,423,705,480
clients,gdm_early,2,0.8,S=2,0.5,1,1,3027,Cent-XGB,0.9966552068691041,0.9942760567017203,0.9817518248175182,0.9535962877030162,0.9307958477508651,0.9879807692307693,0.955595026642984,0.9630395440180681,0.02245696820318699,-0.6204826717717413,0.8434424689686278,0.017543150985230377,0.374215304851532,269,411,20,5,0.2174539566040039,0.0,,,501,158,101,32,1896,775,379,155,,,,,,,,,,,,,,,,,,,,,,,,,2397,423,705,480
clients,gdm_early,2,0.8,S=2,0.5,1,1,3027,Cent-GRAND,0.9898386031466458,0.973569391990623,0.9671532846715328,0.9814385150812065,0.9706959706959707,0.9791666666666666,0.9689213893967094,0.974611332010058,0.01974569633603096,-0.8145656002725321,0.8377447355160933,0.016478288144612992,0.8751325011253357,265,423,8,9,15.445542812347412,0.0,,,501,158,101,32,1896,775,379,155,,,,,,,,,,,,,,,,,,,,,,,,,2397,423,705,480
clients,gdm_early,2,0.8,S=2,0.5,1,2,3028,FedTGNN-SS,0.9878825342523753,0.9503346609977096,0.9854014598540146,0.962877030162413,0.9440559440559441,0.9904534606205251,0.9642857142857143,0.9703781512605042,0.02333706058561802,-4.106034037004942,0.4294962365483991,0.024116573279726813,0.8068608641624451,270,415,16,4,27.637361526489258,5362528.0,1879.0,0.4967559484149898,1762,372,352,74,635,561,127,112,,,,,,,,,,,,,,,,,,,,,,,,,2397,423,705,479
clients,gdm_early,2,0.8,S=2,0.5,1,2,3028,FedAvg-LR,0.9801937439666706,0.9354031983071286,0.9671532846715328,0.9489559164733179,0.9233449477351916,0.9784688995215312,0.9447415329768271,0.9541139938146797,0.03570256382226944,-0.2922881425605728,0.7460253253113961,0.04171977866678797,0.28815674781799316,265,409,22,9,0.45079803466796875,14752.0,,0.5079746516827315,1762,372,352,74,635,561,127,112,,,,,,,,,,,,,,,,,,,,,,,,,2397,423,705,479
clients,gdm_early,2,0.8,S=2,0.5,1,2,3028,FedProx-LR,0.9801937439666706,0.9343456063124522,0.9671532846715328,0.9582366589327146,0.9363957597173145,0.9786729857819905,0.9515260323159784,0.9599365214334874,0.03653649985790253,-0.21433770502652996,0.730271308077006,0.0419257418483707,0.34570133686065674,265,413,18,9,0.5937216281890869,14752.0,,,1762,372,352,74,635,561,127,112,,,,,,,,,,,,,,,,,,,,,,,,,2397,423,705,479
clients,gdm_early,2,0.8,S=2,0.5,1,2,3028,FedAvg-MLP,0.9852448049858588,0.9415212802674222,0.9927007299270073,0.9559164733178654,0.9347079037800687,0.9951690821256038,0.9628318584070796,0.9689898937005812,0.023682117462158203,-0.3847091253447899,0.7747277255585803,0.017650596316613205,0.09804927557706833,272,412,19,2,0.34887146949768066,174400.0,,,1762,372,352,74,635,561,127,112,,,,,,,,,,,,,,,,,,,,,,,,,2397,423,705,479
clients,gdm_early,2,0.8,S=2,0.5,1,2,3028,FedEns-RF,0.9958676986129693,0.9932270851003351,0.9744525547445255,0.9535962877030162,0.9303135888501742,0.9832535885167464,0.9518716577540107,0.960034768806334,0.024597188805410227,-0.41305734567520813,1.566277346861099,0.03017105672278239,0.5484029227557412,267,411,20,7,2.0383055210113525,,,,1762,372,352,74,635,561,127,112,,,,,,,,,,,,,,,,,,,,,,,,,2397,423,705,479
clients,gdm_early,2,0.8,S=2,0.5,1,2,3028,FedEns-XGB,0.9941063898250546,0.9875843680670857,0.9890510948905109,0.9396751740139211,0.9124579124579124,0.9926470588235294,0.9492119089316988,0.9573234753240139,0.022287589253088522,-0.721679322994909,1.2332000989728733,0.028694469035164368,0.2568253922064269,271,405,26,3,0.43370723724365234,,,,1762,372,352,74,635,561,127,112,,,,,,,,,,,,,,,,,,,,,,,,,2397,423,705,479
clients,gdm_early,2,0.8,S=2,0.5,1,2,3028,FedEns-SVM,0.9958168916287025,0.9932450433069397,0.9927007299270073,0.9559164733178654,0.9347079037800687,0.9951690821256038,0.9628318584070796,0.9689898937005812,0.023305317730979616,-0.3595204141157676,1.4459331070885273,0.031512855311506036,0.5061809614651462,272,412,19,2,0.07366538047790527,,,,1762,372,352,74,635,561,127,112,,,,,,,,,,,,,,,,,,,,,,,,,2397,423,705,479
clients,gdm_early,2,0.8,S=2,0.5,1,2,3028,FedST-XGB,0.9946313953291446,0.9834671355863127,0.9927007299270073,0.9466357308584686,0.9220338983050848,0.9951219512195122,0.9560632688927944,0.9631683764202379,0.024769596054484897,-1.321176925165026,0.8211475638148665,0.02390242680522835,0.26786721496218674,272,408,23,2,3.275230884552002,,,,1762,372,352,74,635,561,127,112,,,,,,,,,,,,,,,,,,,,,,,,,2397,423,705,479
clients,gdm_early,2,0.8,S=2,0.5,1,2,3028,FedMatch-tab,0.9848764543499245,0.9425205912592008,0.9963503649635036,0.9419953596287703,0.9161073825503355,0.9975429975429976,0.9545454545454546,0.9617596007810805,0.024294083938002586,-0.4044530307018243,0.7808967095563787,0.024253998754929125,0.06608239561319351,273,406,25,1,0.535022497177124,174400.0,,,1762,372,352,74,635,561,127,112,,,,,,,,,,,,,,,,,,,,,,,,,2397,423,705,479
clients,gdm_early,2,0.8,S=2,0.5,1,2,3028,RSCFed-tab,0.9849441969956136,0.9434275083869864,0.9963503649635036,0.9489559164733179,0.9254237288135593,0.9975609756097561,0.9595782073813708,0.9661149063066188,0.024870213121175766,-0.2450276184065839,0.7744805609556242,0.02421551164213223,0.07368751615285873,273,409,22,1,0.6069097518920898,174400.0,,,1762,372,352,74,635,561,127,112,,,,,,,,,,,,,,,,,,,,,,,,,2397,423,705,479
clients,gdm_early,2,0.8,S=2,0.5,1,2,3028,FedAvg-GCN,0.9859476349348824,0.9407907301734377,0.9817518248175182,0.9651972157772621,0.9471830985915493,0.9881235154394299,0.96415770609319,0.970341763844717,0.02381891757249832,-1.045657829553628,0.677422247852916,0.01975345472072033,0.7454041838645935,269,416,15,5,2.2802631855010986,174400.0,,,1762,372,352,74,635,561,127,112,,,,,,,,,,,,,,,,,,,,,,,,,2397,423,705,479
clients,gdm_early,2,0.8,S=2,0.5,1,2,3028,FedAvg-SAGE,0.9832082916998324,0.9406784496218932,1.0,0.9698375870069605,0.9547038327526133,1.0,0.9768270944741533,0.9807574812771238,0.019848506897687912,-1.1850833463376904,0.6226167441399946,0.019528228640952622,0.23919859528541565,274,418,13,0,1.5181801319122314,338240.0,,,1762,372,352,74,635,561,127,112,,,,,,,,,,,,,,,,,,,,,,,,,2397,423,705,479
clients,gdm_early,2,0.8,S=2,0.5,1,2,3028,Local-LR,0.977886260097888,0.9349594223531941,0.9671532846715328,0.962877030162413,0.9430604982206405,0.9787735849056604,0.954954954954955,0.9628575944365418,0.03731296584010124,-0.49795085235238473,0.7241390706171761,0.04232297896651932,0.5063163638114929,265,415,16,9,0.707944393157959,0.0,,,1762,372,352,74,635,561,127,112,,,,,,,,,,,,,,,,,,,,,,,,,2397,423,705,479
clients,gdm_early,2,0.8,S=2,0.5,1,2,3028,Local-GCN,0.9808245973546496,0.9500367100868515,0.9635036496350365,0.9651972157772621,0.946236559139785,0.9765258215962441,0.9547920433996383,0.9628102574057702,0.03149191290140152,-0.5272224702353238,0.8023098461868389,0.021767010732639747,0.5605841875076294,264,416,15,10,2.115445852279663,0.0,,,1762,372,352,74,635,561,127,112,,,,,,,,,,,,,,,,,,,,,,,,,2397,423,705,479
clients,gdm_early,2,0.8,S=2,0.5,1,2,3028,Local-TGNN,0.987603095838908,0.9577324452761778,1.0,0.9419953596287703,0.9163879598662207,1.0,0.956369982547993,0.9632507021461589,0.03351731598377228,-1.617532156596946,0.491895995289395,0.03293326136570239,0.015433506108820438,274,406,25,0,27.044686317443848,0.0,1902.0,0.5252742859681073,1762,372,352,74,635,561,127,112,,,,,,,,,,,,,,,,,,,,,,,,,2397,423,705,479
clients,gdm_early,2,0.8,S=2,0.5,1,2,3028,Cent-LR,0.9804562467187156,0.928663332368683,0.9854014598540146,0.9605568445475638,0.9407665505226481,0.9904306220095693,0.9625668449197861,0.9689159312938154,0.03214799240231514,-0.7283233689330583,0.7303919090946538,0.05393035118567183,0.4998956024646759,270,414,17,4,0.3673098087310791,0.0,,,1762,372,352,74,635,561,127,112,,,,,,,,,,,,,,,,,,,,,,,,,2397,423,705,479
clients,gdm_early,2,0.8,S=2,0.5,1,2,3028,Cent-XGB,0.9942249394550103,0.9862913973788361,0.9927007299270073,0.9443155452436195,0.918918918918919,0.9951100244498777,0.9543859649122807,0.9617167919799499,0.025376107543706894,-1.0896117050753262,0.749836170967372,0.02062519159471843,0.07234574109315872,272,407,24,2,0.20168328285217285,0.0,,,1762,372,352,74,635,561,127,112,,,,,,,,,,,,,,,,,,,,,,,,,2397,423,705,479
clients,gdm_early,2,0.8,S=2,0.5,1,2,3028,Cent-GRAND,0.9851389571019696,0.9411087696459042,0.9963503649635036,0.9443155452436195,0.9191919191919192,0.9975490196078431,0.9562171628721541,0.9632098925207015,0.025620874017477036,-1.9163632043733774,0.6529051307013573,0.022957587762610303,0.052553173154592514,273,407,24,1,15.741354942321777,0.0,,,1762,372,352,74,635,561,127,112,,,,,,,,,,,,,,,,,,,,,,,,,2397,423,705,479
clients,gdm_early,2,0.8,S=2,0.5,1,3,3029,FedTGNN-SS,0.9815940803382663,0.9742624542819309,0.9454545454545454,0.9395348837209302,0.9090909090909091,0.964200477326969,0.9269162210338681,0.9393120563355442,0.05630629509687424,2.4698796057167773,0.3597734030345996,0.051969120147017114,0.021187016740441322,260,404,26,15,27.56097149848938,5362528.0,1847.0,0.5041430260047282,884,819,177,164,1513,113,303,23,,,,,,,,,,,,,,,,,,,,,,,,,2397,423,705,480
clients,gdm_early,2,0.8,S=2,0.5,1,3,3029,FedAvg-LR,0.970570824524313,0.9668155330869999,0.9418181818181818,0.9418604651162791,0.9119718309859155,0.9619952494061758,0.9266547406082289,0.9392380636061122,0.0781652107834816,2.4441679365230735,0.8191805039303351,0.09163238550040952,0.02681264653801918,259,405,25,16,0.5854992866516113,14752.0,,0.4965942671394799,884,819,177,164,1513,113,303,23,,,,,,,,,,,,,,,,,,,,,,,,,2397,423,705,480
clients,gdm_early,2,0.8,S=2,0.5,1,3,3029,FedProx-LR,0.9715348837209303,0.9679659929649371,0.9454545454545454,0.9418604651162791,0.9122807017543859,0.9642857142857143,0.9285714285714286,0.9407563025210084,0.07674825936555862,2.3675324299185156,0.8357434617484519,0.09105582304219619,0.028504861518740654,260,405,25,15,0.7980396747589111,14752.0,,,884,819,177,164,1513,113,303,23,,,,,,,,,,,,,,,,,,,,,,,,,2397,423,705,480
clients,gdm_early,2,0.8,S=2,0.5,1,3,3029,FedAvg-MLP,0.975551797040169,0.9689589299411636,0.9236363636363636,0.9558139534883721,0.9304029304029304,0.9513888888888888,0.927007299270073,0.9403017934865445,0.07076387107372284,1.5597907097116515,1.2891771273330583,0.09601626677821713,0.09042252600193024,254,411,19,21,0.4621155261993408,174400.0,,,884,819,177,164,1513,113,303,23,,,,,,,,,,,,,,,,,,,,,,,,,2397,423,705,480
clients,gdm_early,2,0.8,S=2,0.5,1,3,3029,FedEns-RF,0.9952219873150107,0.9922305342641528,0.9963636363636363,0.9558139534883721,0.9351535836177475,0.9975728155339806,0.9647887323943662,0.9705178816366131,0.03372291489500222,0.15218631496719634,2.3345629445172187,0.06935208333333333,0.243875,274,411,19,1,1.7895698547363281,,,,884,819,177,164,1513,113,303,23,,,,,,,,,,,,,,,,,,,,,,,,,2397,423,705,480
clients,gdm_early,2,0.8,S=2,0.5,1,3,3029,FedEns-XGB,0.9914334038054967,0.9881532758724443,0.9745454545454545,0.9767441860465116,0.9640287769784173,0.9836065573770492,0.969258589511754,0.9747109750359237,0.050157961814182646,0.015309495642443991,2.8009123750239646,0.08487571986103656,0.364122678944841,268,420,10,7,0.3264906406402588,,,,884,819,177,164,1513,113,303,23,,,,,,,,,,,,,,,,,,,,,,,,,2397,423,705,480
clients,gdm_early,2,0.8,S=2,0.5,1,3,3029,FedEns-SVM,0.9942071881606765,0.9912208314053951,0.9890909090909091,0.9720930232558139,0.9577464788732394,0.9928741092636579,0.9731663685152058,0.9777700232705289,0.050676598123740986,0.07679383916229544,4.313312945188487,0.05639866031438668,0.3585950160106484,272,418,12,3,0.07812261581420898,,,,884,819,177,164,1513,113,303,23,,,,,,,,,,,,,,,,,,,,,,,,,2397,423,705,480
clients,gdm_early,2,0.8,S=2,0.5,1,3,3029,FedST-XGB,0.9890909090909091,0.9853056155467744,0.9709090909090909,0.9674418604651163,0.9501779359430605,0.9811320754716981,0.960431654676259,0.9673352652772396,0.053541615419073346,-0.050496101413326715,1.6166423445399816,0.04434722777478027,0.36761174985331313,267,416,14,8,3.367473840713501,,,,884,819,177,164,1513,113,303,23,,,,,,,,,,,,,,,,,,,,,,,,,2397,423,705,480
clients,gdm_early,2,0.8,S=2,0.5,1,3,3029,FedMatch-tab,0.9783340380549683,0.9716254415098198,0.92,0.9720930232558139,0.9547169811320755,0.95,0.937037037037037,0.948978288633461,0.06891584396362305,1.445296331453672,1.3687954590099851,0.0898975199762177,0.11302284151315689,253,418,12,22,0.49018049240112305,174400.0,,,884,819,177,164,1513,113,303,23,,,,,,,,,,,,,,,,,,,,,,,,,2397,423,705,480
clients,gdm_early,2,0.8,S=2,0.5,1,3,3029,RSCFed-tab,0.9736321353065539,0.9661178275680385,0.9236363636363636,0.958139534883721,0.9338235294117647,0.9515011547344111,0.9287020109689214,0.9417554087289566,0.0721244290471077,1.6238829258666034,1.1967576460632539,0.0962523507310989,0.09980809688568115,254,412,18,21,0.43865418434143066,174400.0,,,884,819,177,164,1513,113,303,23,,,,,,,,,,,,,,,,,,,,,,,,,2397,423,705,480
clients,gdm_early,2,0.8,S=2,0.5,1,3,3029,FedAvg-GCN,0.9821902748414377,0.97886977909926,0.9781818181818182,0.9348837209302325,0.9057239057239057,0.9852941176470589,0.9405594405594405,0.949993324098336,0.055059436708688736,1.9906716870980696,1.1021348370775814,0.07702666723387355,0.020287683233618736,269,402,28,6,1.6327435970306396,174400.0,,,884,819,177,164,1513,113,303,23,,,,,,,,,,,,,,,,,,,,,,,,,2397,423,705,480
clients,gdm_early,2,0.8,S=2,0.5,1,3,3029,FedAvg-SAGE,0.9827315010570825,0.9751121752907762,0.96,0.9651162790697675,0.946236559139785,0.9741784037558685,0.9530685920577617,0.9613473801410304,0.06112160161137581,3.030963566888354,0.75523748929401,0.06782958349014852,0.020352104678750038,264,415,15,11,1.5442347526550293,338240.0,,,884,819,177,164,1513,113,303,23,,,,,,,,,,,,,,,,,,,,,,,,,2397,423,705,480
clients,gdm_early,2,0.8,S=2,0.5,1,3,3029,Local-LR,0.9266892177589852,0.9213640617625003,0.7890909090909091,0.958139534883721,0.9234042553191489,0.8765957446808511,0.8509803921568627,0.8832679738562091,0.09054350107908249,0.424957506389686,0.5180942930640444,0.07775681820691478,0.7783799767494202,217,412,18,58,0.9090030193328857,0.0,,,884,819,177,164,1513,113,303,23,,,,,,,,,,,,,,,,,,,,,,,,,2397,423,705,480
clients,gdm_early,2,0.8,S=2,0.5,1,3,3029,Local-GCN,0.887399577167019,0.8494349016978788,0.8072727272727273,0.8906976744186047,0.8252788104089219,0.8784403669724771,0.8161764705882353,0.850351514739845,0.12412620335817337,0.641836906146222,0.30530328507634785,0.09533602731130646,0.349922239780426,222,383,47,53,2.172477960586548,0.0,,,884,819,177,164,1513,113,303,23,,,,,,,,,,,,,,,,,,,,,,,,,2397,423,705,480
clients,gdm_early,2,0.8,S=2,0.5,1,3,3029,Local-TGNN,0.9389598308668076,0.9309067700477298,0.88,0.9418604651162791,0.9063670411985019,0.9246575342465754,0.8929889298892989,0.9130843266958015,0.0828159749507904,1.8334743891497993,0.39448761763781454,0.07956082548794224,0.1511722058057785,242,405,25,33,27.04583215713501,0.0,1881.0,0.49463652482269505,884,819,177,164,1513,113,303,23,,,,,,,,,,,,,,,,,,,,,,,,,2397,423,705,480
clients,gdm_early,2,0.8,S=2,0.5,1,3,3029,Cent-LR,0.9774291754756871,0.9715929063925387,0.9636363636363636,0.9767441860465116,0.9636363636363636,0.9767441860465116,0.9636363636363636,0.9701902748414376,0.03443652763962746,0.09327714000950135,1.0537968227201657,0.042476889882104615,0.3253048062324524,265,420,10,10,0.49083447456359863,0.0,,,884,819,177,164,1513,113,303,23,,,,,,,,,,,,,,,,,,,,,,,,,2397,423,705,480
clients,gdm_early,2,0.8,S=2,0.5,1,3,3029,Cent-XGB,0.9961945031712474,0.9935292125595053,0.9854545454545455,0.9604651162790697,0.9409722222222222,0.9904076738609112,0.9626998223801065,0.9689532169751772,0.022244436666369438,0.5696035185023923,0.7998696606913989,0.01844142533356574,0.09011107683181763,271,413,17,4,0.2437741756439209,0.0,,,884,819,177,164,1513,113,303,23,,,,,,,,,,,,,,,,,,,,,,,,,2397,423,705,480
clients,gdm_early,2,0.8,S=2,0.5,1,3,3029,Cent-GRAND,0.9897928118393235,0.9880217391902262,0.9781818181818182,0.9720930232558139,0.9572953736654805,0.9858490566037735,0.9676258992805755,0.9732743079541051,0.021675942465662956,0.5010346300584955,0.8047461327117347,0.014295400206184554,0.04719351604580879,269,418,12,6,15.605822801589966,0.0,,,884,819,177,164,1513,113,303,23,,,,,,,,,,,,,,,,,,,,,,,,,2397,423,705,480
clients,gdm_early,2,0.8,S=2,0.5,2,0,4026,FedTGNN-SS,0.9531771300828153,0.9396495189682343,0.864963503649635,0.925754060324826,0.8810408921933085,0.9151376146788991,0.8729281767955801,0.8966717008545375,0.0940043106675148,2.3108091145991305,0.2971438670948903,0.09287523046690735,0.09352956712245941,237,399,32,37,28.03964066505432,5362528.0,1875.0,0.5738284546706348,1491,37,298,7,906,896,181,179,,,,,,,,,,,,,,,,,,,,,,,,,2397,423,705,479
clients,gdm_early,2,0.8,S=2,0.5,2,0,4026,FedAvg-LR,0.9515894118244788,0.9392023515964371,0.8686131386861314,0.9466357308584686,0.9118773946360154,0.918918918918919,0.8897196261682243,0.9111455273698265,0.11380048096179962,2.8190333930039206,0.7581629337157445,0.12394670007869282,0.039633456617593765,238,408,23,36,0.42444729804992676,14752.0,,0.4769525755489421,1491,37,298,7,906,896,181,179,,,,,,,,,,,,,,,,,,,,,,,,,2397,423,705,479
clients,gdm_early,2,0.8,S=2,0.5,2,0,4026,FedProx-LR,0.9567463207275559,0.9449473527196913,0.9087591240875912,0.9048723897911833,0.8586206896551725,0.9397590361445783,0.8829787234042553,0.9024822695035462,0.1113782599568367,2.745285069153444,0.7821381212598378,0.12127366033745994,0.025543805211782455,249,390,41,25,0.6177182197570801,14752.0,,,1491,37,298,7,906,896,181,179,,,,,,,,,,,,,,,,,,,,,,,,,2397,423,705,479
clients,gdm_early,2,0.8,S=2,0.5,2,0,4026,FedAvg-MLP,0.9812268193134283,0.9718347891307969,0.9671532846715328,0.9466357308584686,0.9201388888888888,0.9784172661870504,0.9430604982206405,0.9526623245820184,0.08369167894124985,1.8480261157055087,1.338496747210703,0.12043127223902139,0.03714284673333168,265,408,23,9,0.3616204261779785,174400.0,,,1491,37,298,7,906,896,181,179,,,,,,,,,,,,,,,,,,,,,,,,,2397,423,705,479
clients,gdm_early,2,0.8,S=2,0.5,2,0,4026,FedEns-RF,0.9853252493776145,0.975534336136547,0.9854014598540146,0.951276102088167,0.9278350515463918,0.9903381642512077,0.9557522123893806,0.9630832067864062,0.08389206197340988,-0.275935949780077,3.908076955020568,0.2092419639023379,0.3715344467640918,270,410,21,4,1.851337194442749,,,,1491,37,298,7,906,896,181,179,,,,,,,,,,,,,,,,,,,,,,,,,2397,423,705,479
clients,gdm_early,2,0.8,S=2,0.5,2,0,4026,FedEns-XGB,0.9729579826240115,0.9606930949755401,0.9343065693430657,0.9350348027842227,0.9014084507042254,0.9572446555819477,0.9175627240143369,0.9317860568428492,0.15226762627411403,-0.5136606664688438,3.827449325031705,0.20185124821930311,0.3753816236825446,256,403,28,18,0.3996162414550781,,,,1491,37,298,7,906,896,181,179,,,,,,,,,,,,,,,,,,,,,,,,,2397,423,705,479
clients,gdm_early,2,0.8,S=2,0.5,2,0,4026,FedEns-SVM,0.9842244313851677,0.9748029502744632,0.9708029197080292,0.9605568445475638,0.9399293286219081,0.981042654028436,0.9551166965888689,0.9629041865124883,0.10661907556440138,-0.2765921548035858,6.719355490601109,0.19090614946366224,0.38003860297260406,266,414,17,8,0.06310200691223145,,,,1491,37,298,7,906,896,181,179,,,,,,,,,,,,,,,,,,,,,,,,,2397,423,705,479
clients,gdm_early,2,0.8,S=2,0.5,2,0,4026,FedST-XGB,0.9628050536013684,0.9528104051440588,0.8868613138686131,0.9559164733178654,0.9274809160305344,0.9300225733634312,0.9067164179104478,0.9247540899620889,0.16253054609421116,-0.4709378282832134,7.144116301586124,0.1842258829079545,0.3774091047181365,243,412,19,31,1.859994888305664,,,,1491,37,298,7,906,896,181,179,,,,,,,,,,,,,,,,,,,,,,,,,2397,423,705,479
clients,gdm_early,2,0.8,S=2,0.5,2,0,4026,FedMatch-tab,0.9808118956085831,0.9714144057299492,0.9671532846715328,0.9443155452436195,0.916955017301038,0.9783653846153846,0.9413854351687388,0.9512121981038499,0.08109110593795776,1.7345916282356495,1.3660211097849022,0.11525480144307122,0.04049539566040039,265,407,24,9,0.5064566135406494,174400.0,,,1491,37,298,7,906,896,181,179,,,,,,,,,,,,,,,,,,,,,,,,,2397,423,705,479
clients,gdm_early,2,0.8,S=2,0.5,2,0,4026,RSCFed-tab,0.9806425389943604,0.9712270831549384,0.9635036496350365,0.9489559164733179,0.9230769230769231,0.9761336515513126,0.9428571428571428,0.9526050420168067,0.08243757486343384,1.9199061257444328,1.2680198362182733,0.11923419014147833,0.039192214608192444,264,409,22,10,0.4449582099914551,174400.0,,,1491,37,298,7,906,896,181,179,,,,,,,,,,,,,,,,,,,,,,,,,2397,423,705,479
clients,gdm_early,2,0.8,S=2,0.5,2,0,4026,FedAvg-GCN,0.9830050637627652,0.9770773337430384,0.9671532846715328,0.9651972157772621,0.9464285714285714,0.9788235294117648,0.9566787003610109,0.9643206585917203,0.05917861685156822,2.020445263286277,1.0689618804368548,0.08994544082658089,0.05202718451619148,265,416,15,9,2.0945935249328613,174400.0,,,1491,37,298,7,906,896,181,179,,,,,,,,,,,,,,,,,,,,,,,,,2397,423,705,479
clients,gdm_early,2,0.8,S=2,0.5,2,0,4026,FedAvg-SAGE,0.9468304909648246,0.9288264889013809,0.8284671532846716,0.9303944315545244,0.8832684824902723,0.8950892857142857,0.8549905838041432,0.8836955194333571,0.1018199697136879,1.3345877146802174,0.8442937680872373,0.09146720477980927,0.17822323739528656,227,401,30,47,1.6397976875305176,338240.0,,,1491,37,298,7,906,896,181,179,,,,,,,,,,,,,,,,,,,,,,,,,2397,423,705,479
clients,gdm_early,2,0.8,S=2,0.5,2,0,4026,Local-LR,0.8625078327434077,0.8532365623555903,0.781021897810219,0.8352668213457076,0.7508771929824561,0.8571428571428571,0.7656529516994633,0.8058582032292851,0.18146958947181702,-1.255362903120429,0.2949587564045471,0.18540879183891396,0.7334325909614563,214,360,71,60,0.90315842628479,0.0,,,1491,37,298,7,906,896,181,179,,,,,,,,,,,,,,,,,,,,,,,,,2397,423,705,479
clients,gdm_early,2,0.8,S=2,0.5,2,0,4026,Local-GCN,0.7928218199061765,0.7349203855362433,0.927007299270073,0.5614849187935035,0.5733634311512416,0.9236641221374046,0.708507670850767,0.7034601846317328,0.2591739594936371,-1.256764561490021,0.18426418843941197,0.255333650954966,0.0070978631265461445,254,242,189,20,1.6772782802581787,0.0,,,1491,37,298,7,906,896,181,179,,,,,,,,,,,,,,,,,,,,,,,,,2397,423,705,479
clients,gdm_early,2,0.8,S=2,0.5,2,0,4026,Local-TGNN,0.8389672633664708,0.8372859928957248,0.6788321167883211,0.9721577726218097,0.9393939393939394,0.8264299802761341,0.788135593220339,0.8407628925589967,0.20690329372882843,-1.0450337040482245,0.27458696028020885,0.21775493581799116,0.9821944832801819,186,419,12,88,28.462901830673218,0.0,1873.0,0.628351026814137,1491,37,298,7,906,896,181,179,,,,,,,,,,,,,,,,,,,,,,,,,2397,423,705,479
clients,gdm_early,2,0.8,S=2,0.5,2,0,4026,Cent-LR,0.9797026097854251,0.971959747715417,0.9671532846715328,0.9675174013921114,0.9498207885304659,0.9788732394366197,0.9584086799276673,0.9657854368133085,0.03064734861254692,-0.2006206435313039,0.8797619640842064,0.03320936805284615,0.3883955776691437,265,417,14,9,0.44816112518310547,0.0,,,1491,37,298,7,906,896,181,179,,,,,,,,,,,,,,,,,,,,,,,,,2397,423,705,479
clients,gdm_early,2,0.8,S=2,0.5,2,0,4026,Cent-XGB,0.994665266651989,0.9930319946303678,0.9635036496350365,0.9605568445475638,0.9395017793594306,0.9764150943396226,0.9513513513513514,0.9598862019914651,0.027489688247442245,0.5567281204565263,0.6814901995220356,0.02342652985627982,0.1369481384754181,264,414,17,10,0.19034695625305176,0.0,,,1491,37,298,7,906,896,181,179,,,,,,,,,,,,,,,,,,,,,,,,,2397,423,705,479
clients,gdm_early,2,0.8,S=2,0.5,2,0,4026,Cent-GRAND,0.9851304892712585,0.9685455303439757,0.9744525547445255,0.9675174013921114,0.9501779359430605,0.9834905660377359,0.9621621621621622,0.9688003793266952,0.025792526081204414,-0.33922227008669714,0.7380021083144044,0.019804573532008957,0.5643890500068665,267,417,14,7,14.8620126247406,0.0,,,1491,37,298,7,906,896,181,179,,,,,,,,,,,,,,,,,,,,,,,,,2397,423,705,479
clients,gdm_early,2,0.8,S=2,0.5,1,4,3030,FedTGNN-SS,0.9796236786469343,0.9661157294697358,0.9527272727272728,0.9767441860465116,0.9632352941176471,0.9699769053117783,0.9579524680073126,0.9656506256606667,0.0420587994158268,-4.079959350806782,0.3587897602971652,0.04771540973513844,0.996462881565094,262,420,10,13,28.331957578659058,5362528.0,1904.0,0.5688861250536726,464,456,93,91,1933,476,386,95,,,,,,,,,,,,,,,,,,,,,,,,,2397,423,705,479
clients,gdm_early,2,0.8,S=2,0.5,1,4,3030,FedAvg-LR,0.9814968287526427,0.9686818189906147,0.9563636363636364,0.9744186046511628,0.9598540145985401,0.9721577726218097,0.9581056466302368,0.9656962611780684,0.0426621176302433,0.5895806803455503,1.1249744774411177,0.05444554554179628,0.27791059017181396,263,419,11,12,0.4141197204589844,14752.0,,0.5085061964198463,464,456,93,91,1933,476,386,95,,,,,,,,,,,,,,,,,,,,,,,,,2397,423,705,479
clients,gdm_early,2,0.8,S=2,0.5,1,4,3030,FedProx-LR,0.9814883720930232,0.9686163782623551,0.9527272727272728,0.9744186046511628,0.9597069597069597,0.9699074074074074,0.9562043795620438,0.9641810760919267,0.04217677190899849,0.5769243377613331,1.1209987148919105,0.05420860256075012,0.27968692779541016,262,419,11,13,0.5782063007354736,14752.0,,,464,456,93,91,1933,476,386,95,,,,,,,,,,,,,,,,,,,,,,,,,2397,423,705,479
clients,gdm_early,2,0.8,S=2,0.5,1,4,3030,FedAvg-MLP,0.9921775898520084,0.9884420119816317,0.9636363636363636,0.9720930232558139,0.9566787003610109,0.9766355140186916,0.9601449275362319,0.9672519509476032,0.03370184451341629,1.227616696858116,1.053869685328435,0.03676691065469743,0.1965678185224533,265,418,12,10,0.3600742816925049,174400.0,,,464,456,93,91,1933,476,386,95,,,,,,,,,,,,,,,,,,,,,,,,,2397,423,705,479
clients,gdm_early,2,0.8,S=2,0.5,1,4,3030,FedEns-RF,0.9978054968287527,0.9965828222749469,0.9563636363636364,0.9720930232558139,0.9563636363636364,0.9720930232558139,0.9563636363636364,0.9642283298097252,0.028324632699962327,-0.7367830166745163,2.2076552236798204,0.09034985711959016,0.6081941544885178,263,418,12,12,1.7597379684448242,,,,464,456,93,91,1933,476,386,95,,,,,,,,,,,,,,,,,,,,,,,,,2397,423,705,479
clients,gdm_early,2,0.8,S=2,0.5,1,4,3030,FedEns-XGB,0.9967441860465116,0.9953066227829332,0.9636363636363636,0.9674418604651163,0.9498207885304659,0.9765258215962441,0.9566787003610109,0.9643206585917203,0.041877212260246544,-1.2978286417502112,1.6888885986857485,0.11572113501098126,0.2595433484537368,265,416,14,10,0.41324400901794434,,,,464,456,93,91,1933,476,386,95,,,,,,,,,,,,,,,,,,,,,,,,,2397,423,705,479
clients,gdm_early,2,0.8,S=2,0.5,1,4,3030,FedEns-SVM,0.9973953488372093,0.9958800667985034,0.9709090909090909,0.9720930232558139,0.956989247311828,0.9812206572769953,0.9638989169675091,0.9702672154931004,0.028110530660324175,-0.27528049218640704,2.0471865727168264,0.07856741384091506,0.41984572657425745,267,418,12,8,0.0836324691772461,,,,464,456,93,91,1933,476,386,95,,,,,,,,,,,,,,,,,,,,,,,,,2397,423,705,479
clients,gdm_early,2,0.8,S=2,0.5,1,4,3030,FedST-XGB,0.9962283298097252,0.9946546924821033,0.9636363636363636,0.9697674418604652,0.9532374100719424,0.9765807962529274,0.9584086799276673,0.9657854368133085,0.04514616688357465,-1.6939292667150132,1.217411092196528,0.12401258255402657,0.25894074705050235,265,417,13,10,2.224280834197998,,,,464,456,93,91,1933,476,386,95,,,,,,,,,,,,,,,,,,,,,,,,,2397,423,705,479
clients,gdm_early,2,0.8,S=2,0.5,1,4,3030,FedMatch-tab,0.9919915433403805,0.9878873323349402,0.9672727272727273,0.9720930232558139,0.9568345323741008,0.9789227166276346,0.9620253164556962,0.968760616220847,0.03360893204808235,1.1939007516776623,1.065321282243957,0.03651537381852349,0.20574696362018585,266,418,12,9,0.5098743438720703,174400.0,,,464,456,93,91,1933,476,386,95,,,,,,,,,,,,,,,,,,,,,,,,,2397,423,705,479
clients,gdm_early,2,0.8,S=2,0.5,1,4,3030,RSCFed-tab,0.9918731501057083,0.9872227775493873,0.9636363636363636,0.9720930232558139,0.9566787003610109,0.9766355140186916,0.9601449275362319,0.9672519509476032,0.035446897149086,1.342058161580708,0.9886092360714268,0.036742827851087505,0.1598723828792572,265,418,12,10,0.4616274833679199,174400.0,,,464,456,93,91,1933,476,386,95,,,,,,,,,,,,,,,,,,,,,,,,,2397,423,705,479
clients,gdm_early,2,0.8,S=2,0.5,1,4,3030,FedAvg-GCN,0.992938689217759,0.9802884247694398,0.9781818181818182,0.9720930232558139,0.9572953736654805,0.9858490566037735,0.9676258992805755,0.9732743079541051,0.025773296132683754,1.049075014376861,1.016633956385687,0.026229130828105816,0.15730121731758118,269,418,12,6,2.14434814453125,174400.0,,,464,456,93,91,1933,476,386,95,,,,,,,,,,,,,,,,,,,,,,,,,2397,423,705,479
clients,gdm_early,2,0.8,S=2,0.5,1,4,3030,FedAvg-SAGE,0.9810147991543341,0.9737685938612926,0.9672727272727273,0.9744186046511628,0.9602888086642599,0.9789719626168224,0.9637681159420289,0.9702290463160028,0.03450246900320053,-0.4492720274577213,0.7073857354262334,0.02992101721399537,0.7251471281051636,266,419,11,9,1.6415138244628906,338240.0,,,464,456,93,91,1933,476,386,95,,,,,,,,,,,,,,,,,,,,,,,,,2397,423,705,479
clients,gdm_early,2,0.8,S=2,0.5,1,4,3030,Local-LR,0.9534038054968288,0.9172942231496266,0.96,0.8697674418604651,0.825,0.9714285714285714,0.8873949579831932,0.902593184513069,0.08152828365564346,-0.9499744131825855,0.7062706815798482,0.0668881299595038,0.3958655893802643,264,374,56,11,0.8749914169311523,0.0,,,464,456,93,91,1933,476,386,95,,,,,,,,,,,,,,,,,,,,,,,,,2397,423,705,479
clients,gdm_early,2,0.8,S=2,0.5,1,4,3030,Local-GCN,0.9212431289640592,0.8414885897633662,0.9745454545454545,0.8302325581395349,0.7859237536656891,0.9807692307692307,0.8701298701298701,0.8846871013117864,0.10119416564702988,-0.6977227602573459,0.5509160949627947,0.08668288866467508,0.24931606650352478,268,357,73,7,1.833528757095337,0.0,,,464,456,93,91,1933,476,386,95,,,,,,,,,,,,,,,,,,,,,,,,,2397,423,705,479
clients,gdm_early,2,0.8,S=2,0.5,1,4,3030,Local-TGNN,0.9726723044397463,0.9609260532715013,0.9636363636363636,0.9372093023255814,0.9075342465753424,0.9757869249394673,0.9347442680776014,0.9454267010613393,0.06516402214765549,-2.5914845492072183,0.4307538689232735,0.07148555146781266,0.8112967610359192,265,403,27,10,29.111854791641235,0.0,1898.0,0.5471579383763455,464,456,93,91,1933,476,386,95,,,,,,,,,,,,,,,,,,,,,,,,,2397,423,705,479
clients,gdm_early,2,0.8,S=2,0.5,1,4,3030,Cent-LR,0.9802959830866808,0.9630497721121802,0.9709090909090909,0.9744186046511628,0.960431654676259,0.9812646370023419,0.9656419529837251,0.9717357956283853,0.03319159895181656,-0.03177318966917266,1.163581823964215,0.04991501199860946,0.37922248244285583,267,419,11,8,0.3922572135925293,0.0,,,464,456,93,91,1933,476,386,95,,,,,,,,,,,,,,,,,,,,,,,,,2397,423,705,479
clients,gdm_early,2,0.8,S=2,0.5,1,4,3030,Cent-XGB,0.9975560253699789,0.9963845527109303,0.9781818181818182,0.9627906976744186,0.9438596491228071,0.9857142857142858,0.9607142857142857,0.9674159663865547,0.02095060981810093,0.47193203689721563,0.8172847599868706,0.01904316236469763,0.08669503778219223,269,414,16,6,0.17845916748046875,0.0,,,464,456,93,91,1933,476,386,95,,,,,,,,,,,,,,,,,,,,,,,,,2397,423,705,479
clients,gdm_early,2,0.8,S=2,0.5,1,4,3030,Cent-GRAND,0.9960084566596195,0.9938820651148409,0.9672727272727273,0.9720930232558139,0.9568345323741008,0.9789227166276346,0.9620253164556962,0.968760616220847,0.024285374209284782,0.20063636552642183,0.9154569481114183,0.01858784356451734,0.3988543450832367,266,418,12,9,15.340383052825928,0.0,,,464,456,93,91,1933,476,386,95,,,,,,,,,,,,,,,,,,,,,,,,,2397,423,705,479
clients,gdm_early,2,0.8,S=2,0.5,2,1,4027,FedTGNN-SS,0.9896057378020898,0.9691672246964891,1.0,0.962877030162413,0.9448275862068966,1.0,0.9716312056737588,0.9763593380614657,0.02225840464234352,-8.50924110915209,0.3567136119512628,0.02228624284631122,0.0024046676699072123,274,415,16,0,27.32885432243347,5362528.0,1914.0,0.5055094093782853,1374,586,275,117,1023,347,204,69,,,,,,,,,,,,,,,,,,,,,,,,,2397,423,705,479
clients,gdm_early,2,0.8,S=2,0.5,2,1,4027,FedAvg-LR,0.9848002438735244,0.9655189405210717,1.0,0.9466357308584686,0.9225589225589226,1.0,0.9597197898423818,0.9661531011190455,0.031763989478349686,-0.6233752037156545,0.9537619850807589,0.054857213023706525,0.2336926907300949,274,408,23,0,0.5334551334381104,14752.0,,0.5011652526688284,1374,586,275,117,1023,347,204,69,,,,,,,,,,,,,,,,,,,,,,,,,2397,423,705,479
clients,gdm_early,2,0.8,S=2,0.5,2,1,4027,FedProx-LR,0.9849187935034802,0.9658726369012848,1.0,0.9443155452436195,0.9194630872483222,1.0,0.958041958041958,0.9647011699517666,0.03164533153176308,-0.6260858120901757,0.9605994628669126,0.05463987669200764,0.23726505041122437,274,407,24,0,0.6644763946533203,14752.0,,,1374,586,275,117,1023,347,204,69,,,,,,,,,,,,,,,,,,,,,,,,,2397,423,705,479
clients,gdm_early,2,0.8,S=2,0.5,2,1,4027,FedAvg-MLP,0.9927176655884296,0.9837655823045484,1.0,0.9535962877030162,0.9319727891156463,1.0,0.9647887323943662,0.9705178816366131,0.0212294552475214,-0.5295409689258829,1.0602230726121116,0.01566214566218091,0.07933023571968079,274,411,20,0,0.4867115020751953,174400.0,,,1374,586,275,117,1023,347,204,69,,,,,,,,,,,,,,,,,,,,,,,,,2397,423,705,479
clients,gdm_early,2,0.8,S=2,0.5,2,1,4027,FedEns-RF,0.99782376750724,0.9966386379417749,0.9963503649635036,0.951276102088167,0.9285714285714286,0.9975669099756691,0.9612676056338029,0.9675696698002744,0.021166325707707555,-0.3942905829841979,1.6739271218928304,0.03139162557929496,0.3496242171189979,273,410,21,1,2.0439863204956055,,,,1374,586,275,117,1023,347,204,69,,,,,,,,,,,,,,,,,,,,,,,,,2397,423,705,479
clients,gdm_early,2,0.8,S=2,0.5,2,1,4027,FedEns-XGB,0.9966636746998154,0.9940291650046231,0.9963503649635036,0.951276102088167,0.9285714285714286,0.9975669099756691,0.9612676056338029,0.9675696698002744,0.021318023530204133,-0.7614546187969761,1.0661590208127227,0.019686816190667172,0.15581791956825394,273,410,21,1,0.36483216285705566,,,,1374,586,275,117,1023,347,204,69,,,,,,,,,,,,,,,,,,,,,,,,,2397,423,705,479
clients,gdm_early,2,0.8,S=2,0.5,2,1,4027,FedEns-SVM,0.9977052178772843,0.9964153782445783,1.0,0.9559164733178654,0.9351535836177475,1.0,0.9664902998236331,0.971975873517985,0.020583737837332312,-0.3457244646327449,1.6408735221433024,0.016803761248842877,0.2563370588620457,274,412,19,0,0.08800268173217773,,,,1374,586,275,117,1023,347,204,69,,,,,,,,,,,,,,,,,,,,,,,,,2397,423,705,479
clients,gdm_early,2,0.8,S=2,0.5,2,1,4027,FedST-XGB,0.997358036818128,0.9957217357407397,1.0,0.9489559164733179,0.9256756756756757,1.0,0.9614035087719298,0.9676065162907268,0.023870903211703,-1.6547004185745295,0.745943570878069,0.024400501248702387,0.02207512915217549,274,409,22,0,3.5685722827911377,,,,1374,586,275,117,1023,347,204,69,,,,,,,,,,,,,,,,,,,,,,,,,2397,423,705,479
clients,gdm_early,2,0.8,S=2,0.5,2,1,4027,FedMatch-tab,0.9929547648483412,0.9839387217237943,1.0,0.9559164733178654,0.9351535836177475,1.0,0.9664902998236331,0.971975873517985,0.020929669961333275,-0.48968545900866783,1.0896250322211045,0.013834464433768116,0.09892202168703079,274,412,19,0,0.6046807765960693,174400.0,,,1374,586,275,117,1023,347,204,69,,,,,,,,,,,,,,,,,,,,,,,,,2397,423,705,479
clients,gdm_early,2,0.8,S=2,0.5,2,1,4027,RSCFed-tab,0.9929039578640744,0.9843586240236805,1.0,0.9559164733178654,0.9351535836177475,1.0,0.9664902998236331,0.971975873517985,0.021144112572073936,-0.5937609658144534,1.0260875107099248,0.014937202076275701,0.09221024066209793,274,412,19,0,0.6056954860687256,174400.0,,,1374,586,275,117,1023,347,204,69,,,,,,,,,,,,,,,,,,,,,,,,,2397,423,705,479
clients,gdm_early,2,0.8,S=2,0.5,2,1,4027,FedAvg-GCN,0.9874845462089522,0.9550352719564603,1.0,0.9559164733178654,0.9351535836177475,1.0,0.9664902998236331,0.971975873517985,0.0225625429302454,-0.5999209234069016,0.9873701501477634,0.012083406348098468,0.037938665598630905,274,412,19,0,1.8564488887786865,174400.0,,,1374,586,275,117,1023,347,204,69,,,,,,,,,,,,,,,,,,,,,,,,,2397,423,705,479
clients,gdm_early,2,0.8,S=2,0.5,2,1,4027,FedAvg-SAGE,0.989779328331668,0.9666505424747361,1.0,0.9582366589327146,0.9383561643835616,1.0,0.9681978798586572,0.9734354328203239,0.01959221437573433,-1.0789946270544644,0.8027968829733889,0.015804977750022563,0.02749096043407917,274,413,18,0,1.5210888385772705,338240.0,,,1374,586,275,117,1023,347,204,69,,,,,,,,,,,,,,,,,,,,,,,,,2397,423,705,479
clients,gdm_early,2,0.8,S=2,0.5,2,1,4027,Local-LR,0.9885176215557098,0.9762386549988122,1.0,0.9466357308584686,0.9225589225589226,1.0,0.9597197898423818,0.9661531011190455,0.0310161504894495,-0.5783177460662817,1.0805109567778473,0.05188833258993236,0.23945213854312897,274,408,23,0,0.962416410446167,0.0,,,1374,586,275,117,1023,347,204,69,,,,,,,,,,,,,,,,,,,,,,,,,2397,423,705,479
clients,gdm_early,2,0.8,S=2,0.5,2,1,4027,Local-GCN,0.9899571527766017,0.973714343602029,1.0,0.9582366589327146,0.9383561643835616,1.0,0.9681978798586572,0.9734354328203239,0.02076432667672634,-0.6860417047409091,1.0047463917813775,0.028420542835766525,0.26332902908325195,274,413,18,0,2.1757760047912598,0.0,,,1374,586,275,117,1023,347,204,69,,,,,,,,,,,,,,,,,,,,,,,,,2397,423,705,479
clients,gdm_early,2,0.8,S=2,0.5,2,1,4027,Local-TGNN,0.9916676545802496,0.976438104948948,1.0,0.9582366589327146,0.9383561643835616,1.0,0.9681978798586572,0.9734354328203239,0.019708774983882904,-2.1512379376598214,0.568965266314882,0.018421273331152913,0.005131605546921492,274,413,18,0,28.028568983078003,0.0,1911.0,0.47813263447785725,1374,586,275,117,1023,347,204,69,,,,,,,,,,,,,,,,,,,,,,,,,2397,423,705,479
clients,gdm_early,2,0.8,S=2,0.5,2,1,4027,Cent-LR,0.9855115416532593,0.968296036101619,0.9963503649635036,0.9373549883990719,0.91,0.9975308641975309,0.9512195121951219,0.9588633446143073,0.03091791830956936,-0.6659733269204986,0.9474991684862548,0.05289810454169062,0.22979943454265594,273,404,27,1,0.4173867702484131,0.0,,,1374,586,275,117,1023,347,204,69,,,,,,,,,,,,,,,,,,,,,,,,,2397,423,705,479
clients,gdm_early,2,0.8,S=2,0.5,2,1,4027,Cent-XGB,0.9969939200975495,0.9949270238331596,1.0,0.9559164733178654,0.9351535836177475,1.0,0.9664902998236331,0.971975873517985,0.01973853074014187,-1.1935461286611846,0.8794753117927242,0.016890393525150642,0.1282639354467392,274,412,19,0,0.19483327865600586,0.0,,,1374,586,275,117,1023,347,204,69,,,,,,,,,,,,,,,,,,,,,,,,,2397,423,705,479
clients,gdm_early,2,0.8,S=2,0.5,2,1,4027,Cent-GRAND,0.9895337612410452,0.9718769545737729,1.0,0.951276102088167,0.9288135593220339,1.0,0.9630931458699473,0.9690614361929999,0.023233868181705475,-0.8336220085678783,0.966074171562424,0.02033309424362071,0.03207938000559807,274,410,21,0,14.205312013626099,0.0,,,1374,586,275,117,1023,347,204,69,,,,,,,,,,,,,,,,,,,,,,,,,2397,423,705,479
clients,gdm_early,2,0.8,S=2,0.5,2,2,4028,FedTGNN-SS,0.988098463935509,0.9794455097199891,0.9781021897810219,0.9675174013921114,0.950354609929078,0.9858156028368794,0.9640287769784173,0.9703047866156723,0.025346964597702026,-1.8026527792408458,0.47471211630010224,0.023383101293856796,0.374605268239975,268,417,14,6,27.790523529052734,5362528.0,1835.0,0.4850767704585499,1474,96,295,19,923,837,184,167,,,,,,,,,,,,,,,,,,,,,,,,,2397,423,705,479
clients,gdm_early,2,0.8,S=2,0.5,2,2,4028,FedAvg-LR,0.9778989618439548,0.9654275458463214,0.927007299270073,0.9582366589327146,0.9338235294117647,0.953810623556582,0.9304029304029304,0.9432107244607244,0.06140352040529251,1.0868859258019676,0.9899745147507962,0.06329881064857998,0.16272084414958954,254,413,18,20,0.5334045886993408,14752.0,,0.4966374983342957,1474,96,295,19,923,837,184,167,,,,,,,,,,,,,,,,,,,,,,,,,2397,423,705,479
clients,gdm_early,2,0.8,S=2,0.5,2,2,4028,FedProx-LR,0.9774162954934205,0.9642572790960884,0.9014598540145985,0.962877030162413,0.9391634980988594,0.9389140271493213,0.9199255121042831,0.9353350355481324,0.06179139018058777,1.012857640610022,0.9941141402139176,0.060734431778496877,0.2599594295024872,247,415,16,27,0.5912845134735107,14752.0,,,1474,96,295,19,923,837,184,167,,,,,,,,,,,,,,,,,,,,,,,,,2397,423,705,479
clients,gdm_early,2,0.8,S=2,0.5,2,2,4028,FedAvg-MLP,0.9834961979440107,0.9682411058082012,0.9854014598540146,0.9535962877030162,0.9310344827586207,0.9903614457831326,0.9574468085106383,0.9645390070921986,0.048199236392974854,0.7414323964715149,1.3266310130176104,0.05971951197225152,0.16071298718452454,270,411,20,4,0.32462382316589355,174400.0,,,1474,96,295,19,923,837,184,167,,,,,,,,,,,,,,,,,,,,,,,,,2397,423,705,479
clients,gdm_early,2,0.8,S=2,0.5,2,2,4028,FedEns-RF,0.9953088217860347,0.9921809134905295,0.9817518248175182,0.9605568445475638,0.9405594405594405,0.9880668257756563,0.9607142857142857,0.9674159663865547,0.026924580768318784,-0.084493492908832,2.0741292267432385,0.05045563304165007,0.5598747390396659,269,414,17,5,1.632061243057251,,,,1474,96,295,19,923,837,184,167,,,,,,,,,,,,,,,,,,,,,,,,,2397,423,705,479
clients,gdm_early,2,0.8,S=2,0.5,2,2,4028,FedEns-XGB,0.9945721205141667,0.9901790744701379,0.9854014598540146,0.9559164733178654,0.9342560553633218,0.9903846153846154,0.9591474245115453,0.9659963804966227,0.04034217994663033,-0.0684040862343576,2.865456609389091,0.08762970529280532,0.3871876764527302,270,412,19,4,0.471968412399292,,,,1474,96,295,19,923,837,184,167,,,,,,,,,,,,,,,,,,,,,,,,,2397,423,705,479
clients,gdm_early,2,0.8,S=2,0.5,2,2,4028,FedEns-SVM,0.9946567988212779,0.9910931007918591,0.9854014598540146,0.962877030162413,0.9440559440559441,0.9904534606205251,0.9642857142857143,0.9703781512605042,0.027016881335258036,-0.3369149112690848,1.9604845698747975,0.04887252487651475,0.6163855562911158,270,415,16,4,0.07740521430969238,,,,1474,96,295,19,923,837,184,167,,,,,,,,,,,,,,,,,,,,,,,,,2397,423,705,479
clients,gdm_early,2,0.8,S=2,0.5,2,2,4028,FedST-XGB,0.9901942520365132,0.98551224045567,0.9890510948905109,0.9605568445475638,0.9409722222222222,0.9928057553956835,0.9644128113879004,0.9704139528637614,0.04264113182764845,-0.11581572858821727,1.2943260217276193,0.04447805930700157,0.38403560700320827,271,414,17,3,3.1843998432159424,,,,1474,96,295,19,923,837,184,167,,,,,,,,,,,,,,,,,,,,,,,,,2397,423,705,479
clients,gdm_early,2,0.8,S=2,0.5,2,2,4028,FedMatch-tab,0.9839111216488561,0.9692553989843211,0.9854014598540146,0.9559164733178654,0.9342560553633218,0.9903846153846154,0.9591474245115453,0.9659963804966227,0.04492628574371338,0.6829931190540416,1.3579205799297343,0.0591800771283765,0.1877061426639557,270,412,19,4,0.4268789291381836,174400.0,,,1474,96,295,19,923,837,184,167,,,,,,,,,,,,,,,,,,,,,,,,,2397,423,705,479
clients,gdm_early,2,0.8,S=2,0.5,2,2,4028,RSCFed-tab,0.9833776483140549,0.9683734390488495,0.9781021897810219,0.9559164733178654,0.9337979094076655,0.9856459330143541,0.9554367201426025,0.962995156302161,0.048305001109838486,0.7989105397229156,1.2365912894918125,0.060007231080151616,0.1576695740222931,268,412,19,6,0.39824414253234863,174400.0,,,1474,96,295,19,923,837,184,167,,,,,,,,,,,,,,,,,,,,,,,,,2397,423,705,479
clients,gdm_early,2,0.8,S=2,0.5,2,2,4028,FedAvg-GCN,0.9881111656815756,0.9772791753723162,0.9817518248175182,0.9698375870069605,0.9539007092198581,0.9881796690307328,0.9676258992805755,0.9732743079541051,0.026113685220479965,0.47969871412351306,1.1473340644231806,0.026042248778943476,0.41999152302742004,269,418,13,5,2.1335110664367676,174400.0,,,1474,96,295,19,923,837,184,167,,,,,,,,,,,,,,,,,,,,,,,,,2397,423,705,479
clients,gdm_early,2,0.8,S=2,0.5,2,2,4028,FedAvg-SAGE,0.9903805443121582,0.9826501235008248,0.9890510948905109,0.9698375870069605,0.954225352112676,0.9928741092636579,0.9713261648745519,0.9762734110757736,0.023447521030902863,0.15408141821012333,0.9032220844854773,0.016385219181418827,0.4196259081363678,271,418,13,3,1.5850696563720703,338240.0,,,1474,96,295,19,923,837,184,167,,,,,,,,,,,,,,,,,,,,,,,,,2397,423,705,479
clients,gdm_early,2,0.8,S=2,0.5,2,2,4028,Local-LR,0.9764382610462852,0.9507192135527074,0.9306569343065694,0.9651972157772621,0.9444444444444444,0.9563218390804598,0.9375,0.9491195150115473,0.04575572907924652,-0.5058253812849212,0.7238663136662716,0.04824143353294817,0.6132335662841797,255,416,15,19,0.859870433807373,0.0,,,1474,96,295,19,923,837,184,167,,,,,,,,,,,,,,,,,,,,,,,,,2397,423,705,479
clients,gdm_early,2,0.8,S=2,0.5,2,2,4028,Local-GCN,0.9487526885362508,0.8975166661841943,0.8613138686131386,0.9187935034802784,0.8708487084870848,0.9124423963133641,0.8660550458715597,0.8908309911438723,0.08421919494867325,0.14718786913536294,0.5125551437348737,0.0670735637426165,0.47908028960227966,236,396,35,38,1.7260518074035645,0.0,,,1474,96,295,19,923,837,184,167,,,,,,,,,,,,,,,,,,,,,,,,,2397,423,705,479
clients,gdm_early,2,0.8,S=2,0.5,2,2,4028,Local-TGNN,0.9885091537249987,0.9752619436669959,0.9854014598540146,0.962877030162413,0.9440559440559441,0.9904534606205251,0.9642857142857143,0.9703781512605042,0.04014720767736435,1.093692899854473,0.678267507679997,0.05059489429076302,0.09510771930217743,270,415,16,4,28.846606492996216,0.0,1877.0,0.4898799212306964,1474,96,295,19,923,837,184,167,,,,,,,,,,,,,,,,,,,,,,,,,2397,423,705,479
clients,gdm_early,2,0.8,S=2,0.5,2,2,4028,Cent-LR,0.9780937219503107,0.9606425713717326,0.9927007299270073,0.9559164733178654,0.9347079037800687,0.9951690821256038,0.9628318584070796,0.9689898937005812,0.034033674746751785,-0.760899866753752,0.8446318110703775,0.04936536360558465,0.31533220410346985,272,412,19,2,0.38871026039123535,0.0,,,1474,96,295,19,923,837,184,167,,,,,,,,,,,,,,,,,,,,,,,,,2397,423,705,479
clients,gdm_early,2,0.8,S=2,0.5,2,2,4028,Cent-XGB,0.9971209375582164,0.9950047866932906,0.9963503649635036,0.9582366589327146,0.9381443298969072,0.9975845410628019,0.9663716814159292,0.9719432371576687,0.019065024331212044,-0.9328559987636215,0.9163824554207946,0.015583530028436515,0.1732281744480133,273,413,18,1,0.14995265007019043,0.0,,,1474,96,295,19,923,837,184,167,,,,,,,,,,,,,,,,,,,,,,,,,2397,423,705,479
clients,gdm_early,2,0.8,S=2,0.5,2,2,4028,Cent-GRAND,0.9887801243077547,0.9626968285685495,0.9927007299270073,0.9559164733178654,0.9347079037800687,0.9951690821256038,0.9628318584070796,0.9689898937005812,0.02438349276781082,-1.2391056999372958,0.7987464757130908,0.021395505664222825,0.574218213558197,272,412,19,2,14.70406723022461,0.0,,,1474,96,295,19,923,837,184,167,,,,,,,,,,,,,,,,,,,,,,,,,2397,423,705,479
clients,gdm_early,2,0.8,S=2,0.5,2,3,4029,FedTGNN-SS,0.9938816067653277,0.9825415840322056,0.9818181818181818,0.9837209302325581,0.9747292418772563,0.9883177570093458,0.9782608695652174,0.9821374277896018,0.020437462255358696,-5.021131833903145,0.46239708328043677,0.02127160331505148,0.9903253316879272,270,423,7,5,27.987136602401733,5362528.0,1807.0,0.5007121811101735,1463,226,292,45,934,706,187,141,,,,,,,,,,,,,,,,,,,,,,,,,2397,423,705,479
clients,gdm_early,2,0.8,S=2,0.5,2,3,4029,FedAvg-LR,0.9855306553911205,0.9581192083693848,0.9745454545454545,0.9604651162790697,0.9403508771929825,0.9833333333333333,0.9571428571428572,0.9644537815126051,0.05054326727986336,0.7337979852868469,0.9439323923132867,0.06594070590345573,0.23135249316692352,268,413,17,7,0.45190930366516113,14752.0,,0.5068671434282415,1463,226,292,45,934,706,187,141,,,,,,,,,,,,,,,,,,,,,,,,,2397,423,705,479
clients,gdm_early,2,0.8,S=2,0.5,2,3,4029,FedProx-LR,0.9856490486257928,0.9585456007973345,0.9745454545454545,0.9651162790697675,0.9469964664310954,0.9834123222748815,0.9605734767025089,0.9673759402291887,0.04829167574644089,0.6338361289663751,0.922022253277844,0.059741202017939685,0.24495750665664673,268,415,15,7,0.5478353500366211,14752.0,,,1463,226,292,45,934,706,187,141,,,,,,,,,,,,,,,,,,,,,,,,,2397,423,705,479
clients,gdm_early,2,0.8,S=2,0.5,2,3,4029,FedAvg-MLP,0.9881310782241015,0.9660499318173231,1.0,0.9511627906976744,0.9290540540540541,1.0,0.9632224168126094,0.9690963097173894,0.028269963338971138,0.008410629292468481,0.8182690936448372,0.036744978770296616,0.10441013425588608,275,409,21,0,0.3172798156738281,174400.0,,,1463,226,292,45,934,706,187,141,,,,,,,,,,,,,,,,,,,,,,,,,2397,423,705,479
clients,gdm_early,2,0.8,S=2,0.5,2,3,4029,FedEns-RF,0.9947272727272727,0.9907639052983718,0.9963636363636363,0.9465116279069767,0.9225589225589226,0.9975490196078431,0.958041958041958,0.9647011699517666,0.02441276400604973,-0.01704594670960695,1.3846614768333907,0.027921467596499848,0.2457515657620042,274,407,23,1,1.9179010391235352,,,,1463,226,292,45,934,706,187,141,,,,,,,,,,,,,,,,,,,,,,,,,2397,423,705,479
clients,gdm_early,2,0.8,S=2,0.5,2,3,4029,FedEns-XGB,0.9899281183932346,0.9792844748223819,0.9927272727272727,0.9441860465116279,0.9191919191919192,0.9950980392156863,0.9545454545454546,0.9617596007810805,0.029527893401037036,-0.17514864185503115,0.9734489280213395,0.01839676051065853,0.1300640308408996,273,406,24,2,0.47017550468444824,,,,1463,226,292,45,934,706,187,141,,,,,,,,,,,,,,,,,,,,,,,,,2397,423,705,479
clients,gdm_early,2,0.8,S=2,0.5,2,3,4029,FedEns-SVM,0.993522198731501,0.9889942153591351,1.0,0.958139534883721,0.9385665529010239,1.0,0.9683098591549296,0.9734660934729518,0.0270777188897626,0.4433252304059196,1.5414924199863205,0.042386377139454506,0.3861585787473109,275,412,18,0,0.07454609870910645,,,,1463,226,292,45,934,706,187,141,,,,,,,,,,,,,,,,,,,,,,,,,2397,423,705,479
clients,gdm_early,2,0.8,S=2,0.5,2,3,4029,FedST-XGB,0.9871966173361522,0.9749210382956532,0.9781818181818182,0.9511627906976744,0.9275862068965517,0.9855421686746988,0.952212389380531,0.9601298633293187,0.0320713057746516,-0.3035589009525964,0.6348268951533451,0.027270752858832657,0.39259080527377527,269,409,21,6,2.4485421180725098,,,,1463,226,292,45,934,706,187,141,,,,,,,,,,,,,,,,,,,,,,,,,2397,423,705,479
clients,gdm_early,2,0.8,S=2,0.5,2,3,4029,FedMatch-tab,0.9881945031712474,0.9672861711829255,1.0,0.9511627906976744,0.9290540540540541,1.0,0.9632224168126094,0.9690963097173894,0.02826322801411152,-0.030030172362997633,0.8247829465207339,0.039217971345898536,0.10603125393390656,275,409,21,0,0.46019673347473145,174400.0,,,1463,226,292,45,934,706,187,141,,,,,,,,,,,,,,,,,,,,,,,,,2397,423,705,479
clients,gdm_early,2,0.8,S=2,0.5,2,3,4029,RSCFed-tab,0.9881268498942918,0.9668917335097323,1.0,0.9418604651162791,0.9166666666666666,1.0,0.9565217391304348,0.9632908096849779,0.02944650873541832,0.09895912173045543,0.7836675945685665,0.03758089723501433,0.07695606350898743,275,405,25,0,0.551638126373291,174400.0,,,1463,226,292,45,934,706,187,141,,,,,,,,,,,,,,,,,,,,,,,,,2397,423,705,479
clients,gdm_early,2,0.8,S=2,0.5,2,3,4029,FedAvg-GCN,0.9899704016913319,0.9716130575314395,1.0,0.9558139534883721,0.935374149659864,1.0,0.9666080843585237,0.9720079660793808,0.021445538848638535,-0.21465562890955991,0.8187490314172134,0.017994695465932492,0.06528449803590775,275,411,19,0,2.101360559463501,174400.0,,,1463,226,292,45,934,706,187,141,,,,,,,,,,,,,,,,,,,,,,,,,2397,423,705,479
clients,gdm_early,2,0.8,S=2,0.5,2,3,4029,FedAvg-SAGE,0.9895940803382663,0.9680341117319327,0.9890909090909091,0.9744186046511628,0.9611307420494699,0.9928909952606635,0.974910394265233,0.9792392346913019,0.018166877329349518,-1.5054449646808106,0.6476480235008526,0.017453380742156535,0.5855450630187988,272,419,11,3,1.662977933883667,338240.0,,,1463,226,292,45,934,706,187,141,,,,,,,,,,,,,,,,,,,,,,,,,2397,423,705,479
clients,gdm_early,2,0.8,S=2,0.5,2,3,4029,Local-LR,0.9790866807610993,0.9484714172719365,0.9054545454545454,0.9651162790697675,0.9431818181818182,0.9410430839002267,0.9239332096474954,0.9384304394965376,0.04460100829601288,-0.07973876701049777,0.7681829753839222,0.042491838972724905,0.5401180386543274,249,415,15,26,0.7940158843994141,0.0,,,1463,226,292,45,934,706,187,141,,,,,,,,,,,,,,,,,,,,,,,,,2397,423,705,479
clients,gdm_early,2,0.8,S=2,0.5,2,3,4029,Local-GCN,0.9843636363636364,0.9645028224503263,0.9745454545454545,0.9651162790697675,0.9469964664310954,0.9834123222748815,0.9605734767025089,0.9673759402291887,0.03349603712558746,0.04894706938578689,0.6909287462654121,0.027971321328523296,0.17174632847309113,268,415,15,7,1.7837648391723633,0.0,,,1463,226,292,45,934,706,187,141,,,,,,,,,,,,,,,,,,,,,,,,,2397,423,705,479
clients,gdm_early,2,0.8,S=2,0.5,2,3,4029,Local-TGNN,0.9917124735729387,0.9752360996962048,0.9854545454545455,0.9697674418604652,0.954225352112676,0.9904988123515439,0.9695885509838998,0.9748060263732661,0.02326889894902706,-3.85047880915306,0.5205551450582193,0.02240938567523417,0.22727343440055847,271,417,13,4,28.357979774475098,0.0,1906.0,0.4758006485141918,1463,226,292,45,934,706,187,141,,,,,,,,,,,,,,,,,,,,,,,,,2397,423,705,479
clients,gdm_early,2,0.8,S=2,0.5,2,3,4029,Cent-LR,0.9839069767441861,0.9545814690615806,0.9890909090909091,0.9604651162790697,0.9411764705882353,0.9927884615384616,0.9645390070921985,0.970449172576832,0.03448297083377838,-0.2980820374690605,0.7855289153240793,0.05253158169171067,0.32164958119392395,272,413,17,3,0.3954167366027832,0.0,,,1463,226,292,45,934,706,187,141,,,,,,,,,,,,,,,,,,,,,,,,,2397,423,705,479
clients,gdm_early,2,0.8,S=2,0.5,2,3,4029,Cent-XGB,0.9921437632135306,0.9824156326916667,0.9818181818181818,0.9488372093023256,0.9246575342465754,0.9878934624697336,0.9523809523809523,0.9601762413150313,0.03211560100317001,-1.324239658362288,0.6401108491304165,0.029693243183948594,0.15147888660430908,270,408,22,5,0.17662334442138672,0.0,,,1463,226,292,45,934,706,187,141,,,,,,,,,,,,,,,,,,,,,,,,,2397,423,705,479
clients,gdm_early,2,0.8,S=2,0.5,2,3,4029,Cent-GRAND,0.9897632135306553,0.9703910550311355,1.0,0.9558139534883721,0.935374149659864,1.0,0.9666080843585237,0.9720079660793808,0.021321041509509087,-1.5139188888305564,0.6664360828686698,0.024828516563783726,0.08062400668859482,275,411,19,0,14.841936349868774,0.0,,,1463,226,292,45,934,706,187,141,,,,,,,,,,,,,,,,,,,,,,,,,2397,423,705,479
clients,gdm_early,2,0.8,S=2,0.5,2,4,4030,FedTGNN-SS,0.9811797040169132,0.9544845714899953,0.9381818181818182,0.9767441860465116,0.9626865671641791,0.9610983981693364,0.9502762430939227,0.959567187290906,0.03325704485177994,-1.5598756501558415,0.342675212677607,0.033832322363246306,0.9904162883758545,258,420,10,17,27.441842555999756,5362528.0,1755.0,0.5021513002364066,1141,183,229,37,1256,749,251,150,,,,,,,,,,,,,,,,,,,,,,,,,2397,423,705,480
clients,gdm_early,2,0.8,S=2,0.5,2,4,4030,FedAvg-LR,0.9729894291754757,0.9400137757508756,0.96,0.9697674418604652,0.9530685920577617,0.9742990654205608,0.9565217391304348,0.9642748555792033,0.03584896773099899,-0.11490998006572417,0.9102544683405902,0.03515173904861966,0.3816136419773102,264,417,13,11,0.5279726982116699,14752.0,,0.49923463356973996,1141,183,229,37,1256,749,251,150,,,,,,,,,,,,,,,,,,,,,,,,,2397,423,705,480
clients,gdm_early,2,0.8,S=2,0.5,2,4,4030,FedProx-LR,0.9730782241014798,0.9397820667322653,0.9381818181818182,0.9744186046511628,0.9591078066914498,0.9610091743119266,0.9485294117647058,0.9580984241271566,0.0362744964659214,-0.09550943001089612,0.9128676557647354,0.032506309655752595,0.4565443992614746,258,419,11,17,0.7335250377655029,14752.0,,,1141,183,229,37,1256,749,251,150,,,,,,,,,,,,,,,,,,,,,,,,,2397,423,705,480
clients,gdm_early,2,0.8,S=2,0.5,2,4,4030,FedAvg-MLP,0.9829175475687104,0.9622971358474167,0.9709090909090909,0.9744186046511628,0.960431654676259,0.9812646370023419,0.9656419529837251,0.9717357956283853,0.028571713715791702,0.49985978616264065,1.0201025183771426,0.019602397530742572,0.33452168107032776,267,419,11,8,0.46659135818481445,174400.0,,,1141,183,229,37,1256,749,251,150,,,,,,,,,,,,,,,,,,,,,,,,,2397,423,705,480
clients,gdm_early,2,0.8,S=2,0.5,2,4,4030,FedEns-RF,0.995953488372093,0.9933755237660633,0.9927272727272727,0.9488372093023256,0.9254237288135593,0.9951219512195122,0.9578947368421052,0.9646616541353383,0.023868095220923216,0.18638379438605085,1.6335323913258109,0.03309354314420802,0.34977083333333336,273,408,22,2,2.172532558441162,,,,1141,183,229,37,1256,749,251,150,,,,,,,,,,,,,,,,,,,,,,,,,2397,423,705,480
clients,gdm_early,2,0.8,S=2,0.5,2,4,4030,FedEns-XGB,0.9949006342494714,0.9931144987475174,0.96,0.9790697674418605,0.967032967032967,0.9745370370370371,0.9635036496350365,0.9701508967432724,0.021723912569181852,0.45616117642673354,1.0143298767926041,0.01531321962190928,0.45357565975767405,264,421,9,11,0.3802919387817383,,,,1141,183,229,37,1256,749,251,150,,,,,,,,,,,,,,,,,,,,,,,,,2397,423,705,480
clients,gdm_early,2,0.8,S=2,0.5,2,4,4030,FedEns-SVM,0.9926088794926005,0.9783299240439165,0.9781818181818182,0.9558139534883721,0.9340277777777778,0.9856115107913669,0.955595026642984,0.9630395440180681,0.02358832830777209,0.22793872362590598,1.4291116489232967,0.03888335091222942,0.4960339577167151,269,411,19,6,0.04601740837097168,,,,1141,183,229,37,1256,749,251,150,,,,,,,,,,,,,,,,,,,,,,,,,2397,423,705,480
clients,gdm_early,2,0.8,S=2,0.5,2,4,4030,FedST-XGB,0.9939873150105708,0.9922122826050204,0.9781818181818182,0.9488372093023256,0.9243986254295533,0.9855072463768116,0.950530035335689,0.958677339942726,0.026608757850936682,0.5398843471002359,0.6979358694621068,0.02451149990890401,0.10115290180256124,269,408,22,6,2.5505034923553467,,,,1141,183,229,37,1256,749,251,150,,,,,,,,,,,,,,,,,,,,,,,,,2397,423,705,480
clients,gdm_early,2,0.8,S=2,0.5,2,4,4030,FedMatch-tab,0.9842029598308668,0.9632055917186461,0.9672727272727273,0.9744186046511628,0.9602888086642599,0.9789719626168224,0.9637681159420289,0.9702290463160028,0.028582585975527763,0.5459479015269683,1.012422122954031,0.01978556286173722,0.33124619722366333,266,419,11,9,0.5576295852661133,174400.0,,,1141,183,229,37,1256,749,251,150,,,,,,,,,,,,,,,,,,,,,,,,,2397,423,705,480
clients,gdm_early,2,0.8,S=2,0.5,2,4,4030,RSCFed-tab,0.9837716701902749,0.9615258746863233,0.9709090909090909,0.9744186046511628,0.960431654676259,0.9812646370023419,0.9656419529837251,0.9717357956283853,0.028820060193538666,0.6029752348803031,0.9700873993348998,0.022533009602879805,0.3129115402698517,267,419,11,8,0.5379106998443604,174400.0,,,1141,183,229,37,1256,749,251,150,,,,,,,,,,,,,,,,,,,,,,,,,2397,423,705,480
clients,gdm_early,2,0.8,S=2,0.5,2,4,4030,FedAvg-GCN,0.9798731501057081,0.95222745209568,0.9527272727272728,0.9767441860465116,0.9632352941176471,0.9699769053117783,0.9579524680073126,0.9656506256606667,0.0277507733553648,0.21020782428580695,0.8592749408860314,0.009064077057525623,0.6467264294624329,262,420,10,13,1.908560037612915,174400.0,,,1141,183,229,37,1256,749,251,150,,,,,,,,,,,,,,,,,,,,,,,,,2397,423,705,480
clients,gdm_early,2,0.8,S=2,0.5,2,4,4030,FedAvg-SAGE,0.9799746300211415,0.9535825753237998,0.9563636363636364,0.9767441860465116,0.9633699633699634,0.9722222222222222,0.9598540145985401,0.9671659864175995,0.02796745114028454,0.6114172830975049,0.7234525102039355,0.01549509256245923,0.5332026481628418,263,420,10,12,1.2832932472229004,338240.0,,,1141,183,229,37,1256,749,251,150,,,,,,,,,,,,,,,,,,,,,,,,,2397,423,705,480
clients,gdm_early,2,0.8,S=2,0.5,2,4,4030,Local-LR,0.9597336152219873,0.932858585360414,0.9418181818181818,0.9558139534883721,0.9316546762589928,0.9625292740046838,0.9367088607594937,0.9479343603680782,0.049045320600271225,0.026592598934133117,0.7669910763977897,0.04598182892651424,0.3190963566303253,259,411,19,16,0.8396017551422119,0.0,,,1141,183,229,37,1256,749,251,150,,,,,,,,,,,,,,,,,,,,,,,,,2397,423,705,480
clients,gdm_early,2,0.8,S=2,0.5,2,4,4030,Local-GCN,0.9724397463002113,0.9338626687202942,0.9454545454545454,0.9651162790697675,0.9454545454545454,0.9651162790697675,0.9454545454545454,0.9552854122621565,0.056614600121974945,1.2386392020431467,0.7710234195794774,0.04248992585649728,0.11513626575469971,260,415,15,15,2.215399742126465,0.0,,,1141,183,229,37,1256,749,251,150,,,,,,,,,,,,,,,,,,,,,,,,,2397,423,705,480
clients,gdm_early,2,0.8,S=2,0.5,2,4,4030,Local-TGNN,0.9737758985200846,0.9429349110447743,0.96,0.9604651162790697,0.9395017793594306,0.9740566037735849,0.9496402877697842,0.9584267012619412,0.054347142577171326,2.2190122242903,0.4277535886551869,0.055161449694939954,0.05504714325070381,264,413,17,11,28.583441734313965,0.0,1879.0,0.48944444444444446,1141,183,229,37,1256,749,251,150,,,,,,,,,,,,,,,,,,,,,,,,,2397,423,705,480
clients,gdm_early,2,0.8,S=2,0.5,2,4,4030,Cent-LR,0.9709767441860465,0.9346974068036739,0.9563636363636364,0.9744186046511628,0.9598540145985401,0.9721577726218097,0.9581056466302368,0.9656962611780684,0.03514900058507919,-0.12341973300764304,0.9385330147508502,0.03705703969120135,0.44323524832725525,263,419,11,12,0.48009562492370605,0.0,,,1141,183,229,37,1256,749,251,150,,,,,,,,,,,,,,,,,,,,,,,,,2397,423,705,480
clients,gdm_early,2,0.8,S=2,0.5,2,4,4030,Cent-XGB,0.9956279069767442,0.9928770732131036,0.9709090909090909,0.958139534883721,0.9368421052631579,0.9809523809523809,0.9535714285714286,0.9614915966386555,0.029042230919003487,0.9335061155779537,0.765579649543137,0.022404313639982062,0.06964625418186188,267,412,18,8,0.2243940830230713,0.0,,,1141,183,229,37,1256,749,251,150,,,,,,,,,,,,,,,,,,,,,,,,,2397,423,705,480
clients,gdm_early,2,0.8,S=2,0.5,2,4,4030,Cent-GRAND,0.9829429175475688,0.9548551652925228,0.9454545454545454,0.9790697674418605,0.966542750929368,0.9655963302752294,0.9558823529411765,0.9640843635375629,0.02872610092163086,0.43084831760747405,0.7871281745115649,0.020120920358450263,0.5952515006065369,260,421,9,15,14.418770790100098,0.0,,,1141,183,229,37,1256,749,251,150,,,,,,,,,,,,,,,,,,,,,,,,,2397,423,705,480
clients,gdm_early,3,0.8,S=3,0.5,0,0,2026,FedTGNN-SS,0.9858883601199044,0.9597971057419306,0.9963503649635036,0.9419953596287703,0.9161073825503355,0.9975429975429976,0.9545454545454546,0.9617596007810805,0.034519318491220474,-4.324661479191338,0.3306839967036637,0.03611881508135258,0.0028752184007316828,273,406,25,1,28.06470561027527,8043792.0,1891.0,0.5199748817966904,316,16,63,3,1454,594,291,119,627,323,126,65,,,,,,,,,,,,,,,,,,,,,2397,423,705,480
clients,gdm_early,3,0.8,S=3,0.5,0,0,2026,FedAvg-LR,0.9737412569647907,0.9620488575756087,0.9452554744525548,0.9582366589327146,0.9350180505415162,0.9649532710280374,0.9401088929219601,0.9508460646216319,0.043244894593954086,-0.3122131438489983,0.9186173377326293,0.050415815645498595,0.4458644986152649,259,413,18,15,0.5979175567626953,22128.0,,0.504450354609929,316,16,63,3,1454,594,291,119,627,323,126,65,,,,,,,,,,,,,,,,,,,,,2397,423,705,480
clients,gdm_early,3,0.8,S=3,0.5,0,0,2026,FedProx-LR,0.9740037597168357,0.9620809383070845,0.9452554744525548,0.9582366589327146,0.9350180505415162,0.9649532710280374,0.9401088929219601,0.9508460646216319,0.04332072287797928,-0.3311739716670862,0.9201773131979274,0.053561916757137215,0.44525817036628723,259,413,18,15,0.952979564666748,22128.0,,,316,16,63,3,1454,594,291,119,627,323,126,65,,,,,,,,,,,,,,,,,,,,,2397,423,705,480
clients,gdm_early,3,0.8,S=3,0.5,0,0,2026,FedAvg-MLP,0.9873151895947296,0.9746168270639721,0.9343065693430657,0.962877030162413,0.9411764705882353,0.9584295612009238,0.9377289377289377,0.9491885429385429,0.034719329327344894,0.0367257597420265,0.9453469754493204,0.021849913549021608,0.5744031667709351,256,415,16,18,0.5327630043029785,261600.0,,,316,16,63,3,1454,594,291,119,627,323,126,65,,,,,,,,,,,,,,,,,,,,,2397,423,705,480
clients,gdm_early,3,0.8,S=3,0.5,0,0,2026,FedEns-RF,0.9956009619455688,0.9929712418486948,0.9817518248175182,0.951276102088167,0.9275862068965517,0.9879518072289156,0.9539007092198581,0.9615839243498818,0.027147254220689275,0.169489952161587,2.221826916799154,0.040791888297872315,0.5927499999999999,269,410,21,5,3.1395888328552246,,,,316,16,63,3,1454,594,291,119,627,323,126,65,,,,,,,,,,,,,,,,,,,,,2397,423,705,480
clients,gdm_early,3,0.8,S=3,0.5,0,0,2026,FedEns-XGB,0.9935813843209647,0.9878475700154712,0.9817518248175182,0.951276102088167,0.9275862068965517,0.9879518072289156,0.9539007092198581,0.9615839243498818,0.02876525200406843,0.4819261822421978,1.6957737456156792,0.0427468439422161,0.45898137772455816,269,410,21,5,0.5404620170593262,,,,316,16,63,3,1454,594,291,119,627,323,126,65,,,,,,,,,,,,,,,,,,,,,2397,423,705,480
clients,gdm_early,3,0.8,S=3,0.5,0,0,2026,FedEns-SVM,0.9947838162819449,0.9912138392237962,0.9671532846715328,0.9605568445475638,0.9397163120567376,0.9787234042553191,0.9532374100719424,0.961396222600374,0.025553299799281084,-0.12455298459357114,1.797516666804324,0.031259917190216785,0.7530360530311662,265,414,17,9,0.05883955955505371,,,,316,16,63,3,1454,594,291,119,627,323,126,65,,,,,,,,,,,,,,,,,,,,,2397,423,705,480
clients,gdm_early,3,0.8,S=3,0.5,0,0,2026,FedST-XGB,0.9898216674852236,0.9783435182288239,0.9963503649635036,0.9303944315545244,0.900990099009901,0.9975124378109452,0.9462738301559792,0.9545294721007987,0.03340717394680151,0.5583054805681414,1.223669799448677,0.03172503420803455,0.22948153407774044,273,401,30,1,3.8559296131134033,,,,316,16,63,3,1454,594,291,119,627,323,126,65,,,,,,,,,,,,,,,,,,,,,2397,423,705,480
clients,gdm_early,3,0.8,S=3,0.5,0,0,2026,FedMatch-tab,0.9876369671617524,0.9753490907581942,0.9854014598540146,0.9443155452436195,0.9183673469387755,0.9902676399026764,0.9507042253521126,0.9587250342912582,0.03419247642159462,0.016872227029374066,0.9365827834640316,0.02322933719830309,0.15395398437976837,270,407,24,4,0.841266393661499,261600.0,,,316,16,63,3,1454,594,291,119,627,323,126,65,,,,,,,,,,,,,,,,,,,,,2397,423,705,480
clients,gdm_early,3,0.8,S=3,0.5,0,0,2026,RSCFed-tab,0.9873151895947295,0.9748756169533476,0.9854014598540146,0.9466357308584686,0.9215017064846417,0.9902912621359223,0.9523809523809523,0.9601762413150313,0.035724349319934845,0.3016927586576417,0.9476616541120317,0.024709926907580792,0.14201588928699493,270,408,23,4,0.4681355953216553,174400.0,,,316,16,63,3,1454,594,291,119,627,323,126,65,,,,,,,,,,,,,,,,,,,,,2397,423,705,480
clients,gdm_early,3,0.8,S=3,0.5,0,0,2026,FedAvg-GCN,0.9866462309685504,0.965360161571809,0.9817518248175182,0.9559164733178654,0.9340277777777778,0.988009592326139,0.9572953736654805,0.9644967434365138,0.029723241925239563,-0.491464043952088,0.8371741187897115,0.01689055216439228,0.2929232120513916,269,412,19,5,1.9432146549224854,261600.0,,,316,16,63,3,1454,594,291,119,627,323,126,65,,,,,,,,,,,,,,,,,,,,,2397,423,705,480
clients,gdm_early,3,0.8,S=3,0.5,0,0,2026,FedAvg-SAGE,0.985486138161126,0.9567080256435248,0.9890510948905109,0.9489559164733179,0.9249146757679181,0.9927184466019418,0.9559082892416225,0.9631261493657697,0.03388061001896858,0.018965143909381046,0.6833007538634703,0.027553416436524876,0.030204739421606064,271,409,22,3,1.737640619277954,507360.0,,,316,16,63,3,1454,594,291,119,627,323,126,65,,,,,,,,,,,,,,,,,,,,,2397,423,705,480
clients,gdm_early,3,0.8,S=3,0.5,0,0,2026,Local-LR,0.9651464087929954,0.9532486356208907,0.9306569343065694,0.9559164733178654,0.9306569343065694,0.9559164733178654,0.9306569343065694,0.9432867038122175,0.050307728350162506,-0.3162022953683218,0.9079698965192453,0.054694787048278994,0.45595741271972656,255,412,19,19,1.168468952178955,0.0,,,316,16,63,3,1454,594,291,119,627,323,126,65,,,,,,,,,,,,,,,,,,,,,2397,423,705,480
clients,gdm_early,3,0.8,S=3,0.5,0,0,2026,Local-GCN,0.9765525767608855,0.9623857933887,0.9671532846715328,0.9350348027842227,0.9044368600682594,0.9781553398058253,0.9347442680776014,0.9454267010613393,0.04376852512359619,0.24189038606521548,0.851640655754606,0.02714686865079488,0.1364130973815918,265,403,28,9,1.7892403602600098,0.0,,,316,16,63,3,1454,594,291,119,627,323,126,65,,,,,,,,,,,,,,,,,,,,,2397,423,705,480
clients,gdm_early,3,0.8,S=3,0.5,0,0,2026,Local-TGNN,0.9776025877690653,0.9544227298337437,0.9306569343065694,0.9535962877030162,0.9272727272727272,0.9558139534883721,0.9289617486338798,0.9418327906932465,0.05456237867474556,1.581635402683666,0.4012133463870604,0.05468816366509027,0.15799471735954285,255,411,20,19,28.268206119537354,0.0,1907.0,0.4950310283687943,316,16,63,3,1454,594,291,119,627,323,126,65,,,,,,,,,,,,,,,,,,,,,2397,423,705,480
clients,gdm_early,3,0.8,S=3,0.5,0,0,2026,Cent-LR,0.9758158754890173,0.9639941408163897,0.9744525547445255,0.9559164733178654,0.9335664335664335,0.9832935560859188,0.9535714285714286,0.9614915966386555,0.04188006743788719,-0.46347577430515313,1.0002447460483965,0.06351582348769441,0.31361982226371765,267,412,19,7,0.3975183963775635,0.0,,,316,16,63,3,1454,594,291,119,627,323,126,65,,,,,,,,,,,,,,,,,,,,,2397,423,705,480
clients,gdm_early,3,0.8,S=3,0.5,0,0,2026,Cent-XGB,0.9969515809439938,0.9952450881545116,0.9744525547445255,0.9605568445475638,0.9401408450704225,0.9833729216152018,0.956989247311828,0.9644101166136605,0.02488257735967636,-0.6081445124491435,0.8907458571331656,0.024083051962962905,0.45272642374038696,267,414,17,7,0.28160786628723145,0.0,,,316,16,63,3,1454,594,291,119,627,323,126,65,,,,,,,,,,,,,,,,,,,,,2397,423,705,480
clients,gdm_early,3,0.8,S=3,0.5,0,0,2026,Cent-GRAND,0.9806425389943603,0.9382334686408856,0.9927007299270073,0.951276102088167,0.9283276450511946,0.9951456310679612,0.9594356261022927,0.9660760574165081,0.031128259375691414,-0.4636806857204984,0.7573529212995417,0.02606187080237883,0.164098858833313,272,410,21,2,14.359313011169434,0.0,,,316,16,63,3,1454,594,291,119,627,323,126,65,,,,,,,,,,,,,,,,,,,,,2397,423,705,480
clients,gdm_early,3,0.8,S=3,0.5,0,1,2027,FedTGNN-SS,0.9893898081189562,0.9809467758433562,0.9854014598540146,0.9791183294663574,0.967741935483871,0.9906103286384976,0.976491862567812,0.9806613338510005,0.018206166103482246,-3.1368297761277995,0.35426336173898565,0.017970931919081893,0.3373453617095947,270,422,9,4,27.295636415481567,8043792.0,1853.0,0.4763416075650118,759,378,152,76,378,303,76,61,1260,252,252,50,,,,,,,,,,,,,,,,,,,,,2397,423,705,480
clients,gdm_early,3,0.8,S=3,0.5,0,1,2027,FedAvg-LR,0.9797534167696919,0.958064816264661,0.9635036496350365,0.9373549883990719,0.9072164948453608,0.9758454106280193,0.9345132743362832,0.9453631460438812,0.03807289898395538,0.3076837133431956,0.7913414388789878,0.026638171187740704,0.14888985455036163,264,404,27,10,0.6220681667327881,22128.0,,0.5174482860520095,759,378,152,76,378,303,76,61,1260,252,252,50,,,,,,,,,,,,,,,,,,,,,2397,423,705,480
clients,gdm_early,3,0.8,S=3,0.5,0,1,2027,FedProx-LR,0.9795163175097804,0.9571682253763045,0.9744525547445255,0.9187935034802784,0.8841059602649006,0.9826302729528535,0.9270833333333334,0.9383618105515588,0.03824523463845253,0.25523755631826067,0.7880466676517266,0.03193560248729608,0.12067855149507523,267,396,35,7,0.789837121963501,22128.0,,,759,378,152,76,378,303,76,61,1260,252,252,50,,,,,,,,,,,,,,,,,,,,,2397,423,705,480
clients,gdm_early,3,0.8,S=3,0.5,0,1,2027,FedAvg-MLP,0.9852066997476586,0.9643892917396707,0.9927007299270073,0.962877030162413,0.9444444444444444,0.9952038369304557,0.9679715302491103,0.9733725575773853,0.027321945875883102,0.49712138052406907,0.7403791116093887,0.021765150382110826,0.08507870882749557,272,415,16,2,0.4264805316925049,261600.0,,,759,378,152,76,378,303,76,61,1260,252,252,50,,,,,,,,,,,,,,,,,,,,,2397,423,705,480
clients,gdm_early,3,0.8,S=3,0.5,0,1,2027,FedEns-RF,0.9967229495147932,0.9946803283774589,1.0,0.9535962877030162,0.9319727891156463,1.0,0.9647887323943662,0.9705178816366131,0.020890429395685577,-0.24037351045666147,1.724873390653729,0.036592021276595735,0.3535833333333333,274,411,20,0,3.1774895191192627,,,,759,378,152,76,378,303,76,61,1260,252,252,50,,,,,,,,,,,,,,,,,,,,,2397,423,705,480
clients,gdm_early,3,0.8,S=3,0.5,0,1,2027,FedEns-XGB,0.9947160736362558,0.9905648834361249,0.9817518248175182,0.9651972157772621,0.9471830985915493,0.9881235154394299,0.96415770609319,0.970341763844717,0.025196124355709292,-0.30198325585038677,1.4197625222192132,0.03577616483565019,0.4429938629735261,269,416,15,5,0.5808489322662354,,,,759,378,152,76,378,303,76,61,1260,252,252,50,,,,,,,,,,,,,,,,,,,,,2397,423,705,480
clients,gdm_early,3,0.8,S=3,0.5,0,1,2027,FedEns-SVM,0.9962995579792369,0.9939750604250941,0.9890510948905109,0.962877030162413,0.9442508710801394,0.992822966507177,0.966131907308378,0.9718763187896424,0.02358278493936137,0.08020618441078795,1.4385930449976665,0.04419685836671194,0.27901846909614214,271,415,16,3,0.08766293525695801,,,,759,378,152,76,378,303,76,61,1260,252,252,50,,,,,,,,,,,,,,,,,,,,,2397,423,705,480
clients,gdm_early,3,0.8,S=3,0.5,0,1,2027,FedST-XGB,0.9941910681321658,0.9906894685904316,0.9890510948905109,0.9559164733178654,0.9344827586206896,0.9927710843373494,0.9609929078014184,0.9674940898345153,0.026521180735696228,-0.4036947136476055,1.0065579398013895,0.033089026614427544,0.34232278919468323,271,412,19,3,5.144794702529907,,,,759,378,152,76,378,303,76,61,1260,252,252,50,,,,,,,,,,,,,,,,,,,,,2397,423,705,480
clients,gdm_early,3,0.8,S=3,0.5,0,1,2027,FedMatch-tab,0.9852151675783698,0.9647893657880823,0.9927007299270073,0.9605568445475638,0.9411764705882353,0.9951923076923077,0.9662522202486679,0.9719100534537318,0.027457352727651596,0.45841531464198354,0.7436093162762982,0.023921409042565317,0.08645249158143997,272,414,17,2,0.7475402355194092,261600.0,,,759,378,152,76,378,303,76,61,1260,252,252,50,,,,,,,,,,,,,,,,,,,,,2397,423,705,480
clients,gdm_early,3,0.8,S=3,0.5,0,1,2027,RSCFed-tab,0.9851643605941031,0.9637324794244946,0.9927007299270073,0.9605568445475638,0.9411764705882353,0.9951923076923077,0.9662522202486679,0.9719100534537318,0.028979208320379257,0.6802812718033244,0.7558347453398451,0.023851937094558004,0.08252695202827454,272,414,17,2,0.399611234664917,174400.0,,,759,378,152,76,378,303,76,61,1260,252,252,50,,,,,,,,,,,,,,,,,,,,,2397,423,705,480
clients,gdm_early,3,0.8,S=3,0.5,0,1,2027,FedAvg-GCN,0.9856681965214152,0.9692484954053947,0.9744525547445255,0.9767981438515081,0.9638989169675091,0.9836448598130841,0.969147005444646,0.9746782757141741,0.022271906957030296,-0.11470302531640074,0.6934418041939415,0.018950317255782743,0.5530052185058594,267,421,10,7,2.1952788829803467,261600.0,,,759,378,152,76,378,303,76,61,1260,252,252,50,,,,,,,,,,,,,,,,,,,,,2397,423,705,480
clients,gdm_early,3,0.8,S=3,0.5,0,1,2027,FedAvg-SAGE,0.9880053177976865,0.9703831396681313,0.9708029197080292,0.9767981438515081,0.9637681159420289,0.9813519813519813,0.9672727272727273,0.9731712473572939,0.019799217581748962,-0.8370249080964852,0.6610132545214126,0.016889369121838527,0.8461723327636719,266,421,10,8,1.8261995315551758,507360.0,,,759,378,152,76,378,303,76,61,1260,252,252,50,,,,,,,,,,,,,,,,,,,,,2397,423,705,480
clients,gdm_early,3,0.8,S=3,0.5,0,1,2027,Local-LR,0.9763832201466629,0.9584142429866432,0.9416058394160584,0.951276102088167,0.9247311827956989,0.9624413145539906,0.9330922242314648,0.9449591809605398,0.041139792650938034,-0.4017426274590065,0.8141691264146008,0.016824345203473215,0.42712974548339844,258,410,21,16,1.066392183303833,0.0,,,759,378,152,76,378,303,76,61,1260,252,252,50,,,,,,,,,,,,,,,,,,,,,2397,423,705,480
clients,gdm_early,3,0.8,S=3,0.5,0,1,2027,Local-GCN,0.9817772283096514,0.9600019010291857,0.9562043795620438,0.9721577726218097,0.9562043795620438,0.9721577726218097,0.9562043795620438,0.9641810760919267,0.03044874221086502,0.17251340981097385,0.6198945699549143,0.02439666679987672,0.4502880573272705,262,419,12,12,2.154595375061035,0.0,,,759,378,152,76,378,303,76,61,1260,252,252,50,,,,,,,,,,,,,,,,,,,,,2397,423,705,480
clients,gdm_early,3,0.8,S=3,0.5,0,1,2027,Local-TGNN,0.9896777143631345,0.9725375088909776,0.9890510948905109,0.9698375870069605,0.954225352112676,0.9928741092636579,0.9713261648745519,0.9762734110757736,0.026080278679728508,-0.8309063356160777,0.5449896193852132,0.02507292076298003,0.05003843829035759,271,418,13,3,27.70854425430298,0.0,1896.0,0.4812086288416076,759,378,152,76,378,303,76,61,1260,252,252,50,,,,,,,,,,,,,,,,,,,,,2397,423,705,480
clients,gdm_early,3,0.8,S=3,0.5,0,1,2027,Cent-LR,0.981675614341118,0.9594336147552252,0.9744525547445255,0.9466357308584686,0.9206896551724137,0.983132530120482,0.9468085106382979,0.9556737588652482,0.03197769448161125,-0.5255117537589715,0.823305333746997,0.03031278110459342,0.3282640874385834,267,408,23,7,0.4619638919830322,0.0,,,759,378,152,76,378,303,76,61,1260,252,252,50,,,,,,,,,,,,,,,,,,,,,2397,423,705,480
clients,gdm_early,3,0.8,S=3,0.5,0,1,2027,Cent-XGB,0.9955459210459464,0.9907175440336453,0.9890510948905109,0.9605568445475638,0.9409722222222222,0.9928057553956835,0.9644128113879004,0.9704139528637614,0.019352812319993973,-0.5808478065305813,0.7299483417331141,0.013097213659805387,0.19704589247703552,271,414,17,3,0.18781185150146484,0.0,,,759,378,152,76,378,303,76,61,1260,252,252,50,,,,,,,,,,,,,,,,,,,,,2397,423,705,480
clients,gdm_early,3,0.8,S=3,0.5,0,1,2027,Cent-GRAND,0.9905329652649585,0.9754073438118547,0.9781021897810219,0.9721577726218097,0.9571428571428572,0.9858823529411764,0.9675090252707581,0.9732404939437902,0.02080131508409977,-0.5366477643148293,0.7683103107081388,0.015216331329883617,0.38035812973976135,268,419,12,6,14.20507264137268,0.0,,,759,378,152,76,378,303,76,61,1260,252,252,50,,,,,,,,,,,,,,,,,,,,,2397,423,705,480
clients,gdm_early,3,0.8,S=3,0.5,0,2,2028,FedTGNN-SS,0.9875903940928412,0.976733467937046,0.9416058394160584,0.9605568445475638,0.9381818181818182,0.9627906976744186,0.9398907103825137,0.9507815921250548,0.04283222556114197,-2.4667954712441977,0.34641935677832125,0.041992827189478554,0.9126380085945129,258,414,17,16,27.930732250213623,8043792.0,1893.0,0.5286338263817942,1675,675,335,135,261,244,52,49,461,14,92,3,,,,,,,,,,,,,,,,,,,,,2397,423,705,479
clients,gdm_early,3,0.8,S=3,0.5,0,2,2028,FedAvg-LR,0.9788769962910902,0.9456361130654395,0.9817518248175182,0.9651972157772621,0.9471830985915493,0.9881235154394299,0.96415770609319,0.970341763844717,0.032110922038555145,-0.27363041945903893,0.75247040833172,0.04383156646492211,0.4134501516819,269,416,15,5,0.9348256587982178,22128.0,,0.5102311257199543,1675,675,335,135,261,244,52,49,461,14,92,3,,,,,,,,,,,,,,,,,,,,,2397,423,705,479
clients,gdm_early,3,0.8,S=3,0.5,0,2,2028,FedProx-LR,0.9790971598895795,0.9463034399343415,0.9817518248175182,0.9651972157772621,0.9471830985915493,0.9881235154394299,0.96415770609319,0.970341763844717,0.03220093250274658,-0.2723942740924097,0.750746783524105,0.043612203234476406,0.39058437943458557,269,416,15,5,0.9572150707244873,22128.0,,,1675,675,335,135,261,244,52,49,461,14,92,3,,,,,,,,,,,,,,,,,,,,,2397,423,705,479
clients,gdm_early,3,0.8,S=3,0.5,0,2,2028,FedAvg-MLP,0.9813453689433841,0.9571766332443706,0.9890510948905109,0.9605568445475638,0.9409722222222222,0.9928057553956835,0.9644128113879004,0.9704139528637614,0.02668517641723156,-0.8523932812163885,0.7386336216974968,0.024442279168424466,0.5497242212295532,271,414,17,3,0.4634368419647217,261600.0,,,1675,675,335,135,261,244,52,49,461,14,92,3,,,,,,,,,,,,,,,,,,,,,2397,423,705,479
clients,gdm_early,3,0.8,S=3,0.5,0,2,2028,FedEns-RF,0.9938354192422986,0.9890709252203623,0.9854014598540146,0.9559164733178654,0.9342560553633218,0.9903846153846154,0.9591474245115453,0.9659963804966227,0.029340745762728115,-0.21471461606637582,1.9167566286427542,0.06038885680865869,0.5431524008350731,270,412,19,4,3.6203975677490234,,,,1675,675,335,135,261,244,52,49,461,14,92,3,,,,,,,,,,,,,,,,,,,,,2397,423,705,479
clients,gdm_early,3,0.8,S=3,0.5,0,2,2028,FedEns-XGB,0.9838010398496113,0.9654097961802778,0.9671532846715328,0.9582366589327146,0.9363957597173145,0.9786729857819905,0.9515260323159784,0.9599365214334874,0.03861156589727043,-0.06831723171035498,1.803338561135522,0.07960940481251996,0.736209470805924,265,413,18,9,0.6596415042877197,,,,1675,675,335,135,261,244,52,49,461,14,92,3,,,,,,,,,,,,,,,,,,,,,2397,423,705,479
clients,gdm_early,3,0.8,S=3,0.5,0,2,2028,FedEns-SVM,0.9906515148949142,0.9819361862059991,0.9817518248175182,0.962877030162413,0.9438596491228071,0.9880952380952381,0.962432915921288,0.9688780325787403,0.029878882986646857,-0.48405928772839807,1.6900421204213576,0.057782663692186334,0.6438588398406911,269,415,16,5,0.09375429153442383,,,,1675,675,335,135,261,244,52,49,461,14,92,3,,,,,,,,,,,,,,,,,,,,,2397,423,705,479
clients,gdm_early,3,0.8,S=3,0.5,0,2,2028,FedST-XGB,0.976527173268752,0.9515829786118677,0.9671532846715328,0.9582366589327146,0.9363957597173145,0.9786729857819905,0.9515260323159784,0.9599365214334874,0.04014977820927527,-0.10710249435295477,1.7949437985305086,0.08686428202858018,0.7862596633865465,265,413,18,9,3.7905216217041016,,,,1675,675,335,135,261,244,52,49,461,14,92,3,,,,,,,,,,,,,,,,,,,,,2397,423,705,479
clients,gdm_early,3,0.8,S=3,0.5,0,2,2028,FedMatch-tab,0.9817772283096516,0.9581547826227186,0.9890510948905109,0.9605568445475638,0.9409722222222222,0.9928057553956835,0.9644128113879004,0.9704139528637614,0.026546526700258255,-0.8264412827568607,0.7603941294066829,0.02234175615144747,0.4973927438259125,271,414,17,3,0.6934349536895752,261600.0,,,1675,675,335,135,261,244,52,49,461,14,92,3,,,,,,,,,,,,,,,,,,,,,2397,423,705,479
clients,gdm_early,3,0.8,S=3,0.5,0,2,2028,RSCFed-tab,0.9817518248175182,0.958808633742074,0.9854014598540146,0.9605568445475638,0.9407665505226481,0.9904306220095693,0.9625668449197861,0.9689159312938154,0.027861831709742546,-0.23979131474611784,0.7078789906978122,0.026668607513585414,0.4374650716781616,270,414,17,4,0.5401699542999268,174400.0,,,1675,675,335,135,261,244,52,49,461,14,92,3,,,,,,,,,,,,,,,,,,,,,2397,423,705,479
clients,gdm_early,3,0.8,S=3,0.5,0,2,2028,FedAvg-GCN,0.9831278473080765,0.9578413883191003,0.9708029197080292,0.9651972157772621,0.9466192170818505,0.9811320754716981,0.9585585585585585,0.9658289868816184,0.02932659164071083,-1.2287203818652237,0.7602110566691384,0.025223995227340285,0.8563889265060425,266,416,15,8,1.957756519317627,261600.0,,,1675,675,335,135,261,244,52,49,461,14,92,3,,,,,,,,,,,,,,,,,,,,,2397,423,705,479
clients,gdm_early,3,0.8,S=3,0.5,0,2,2028,FedAvg-SAGE,0.9797703524311142,0.96033155766196,0.8978102189781022,0.9675174013921114,0.9461538461538461,0.9370786516853933,0.9213483146067416,0.9367015545636448,0.04631493240594864,-0.0036975206480886363,0.5111511295897323,0.047292071606646835,0.7364528775215149,246,417,14,28,1.6043312549591064,507360.0,,,1675,675,335,135,261,244,52,49,461,14,92,3,,,,,,,,,,,,,,,,,,,,,2397,423,705,479
clients,gdm_early,3,0.8,S=3,0.5,0,2,2028,Local-LR,0.9570172913103122,0.9333360083394475,0.9416058394160584,0.9187935034802784,0.8805460750853242,0.9611650485436893,0.91005291005291,0.9247773447061702,0.06516651809215546,-0.5640126227059034,0.6499063473339015,0.03589485799167171,0.47271886467933655,258,396,35,16,1.395616054534912,0.0,,,1675,675,335,135,261,244,52,49,461,14,92,3,,,,,,,,,,,,,,,,,,,,,2397,423,705,479
clients,gdm_early,3,0.8,S=3,0.5,0,2,2028,Local-GCN,0.9518180432536792,0.9337030115631783,0.9197080291970803,0.9303944315545244,0.8936170212765957,0.9479905437352246,0.9064748201438849,0.9227924452007481,0.06395554542541504,-0.9771638573028313,0.4961759150885576,0.05199485376794289,0.8052169680595398,252,401,30,22,2.3679633140563965,0.0,,,1675,675,335,135,261,244,52,49,461,14,92,3,,,,,,,,,,,,,,,,,,,,,2397,423,705,479
clients,gdm_early,3,0.8,S=3,0.5,0,2,2028,Local-TGNN,0.977314681524887,0.9614317486967703,0.9744525547445255,0.9071925754060325,0.8697068403908795,0.9824120603015075,0.919104991394148,0.9312050891832019,0.0723973885178566,-1.512613038667729,0.37103397831520324,0.07559775651320289,0.020926471799612045,267,391,40,7,28.650774717330933,0.0,1905.0,0.5081567686817987,1675,675,335,135,261,244,52,49,461,14,92,3,,,,,,,,,,,,,,,,,,,,,2397,423,705,479
clients,gdm_early,3,0.8,S=3,0.5,0,2,2028,Cent-LR,0.9801725743898928,0.9489582993161819,0.9854014598540146,0.9675174013921114,0.9507042253521126,0.9904988123515439,0.967741935483871,0.9733075874602454,0.02860543504357338,-0.6109279220248414,0.7875204550615802,0.04374808261686184,0.5650059580802917,270,417,14,4,0.42411375045776367,0.0,,,1675,675,335,135,261,244,52,49,461,14,92,3,,,,,,,,,,,,,,,,,,,,,2397,423,705,479
clients,gdm_early,3,0.8,S=3,0.5,0,2,2028,Cent-XGB,0.9938354192422985,0.9868490069318215,0.9854014598540146,0.9535962877030162,0.9310344827586207,0.9903614457831326,0.9574468085106383,0.9645390070921986,0.02780812606215477,-1.9018032995985126,0.7183488276307086,0.027070092744728984,0.4462328255176544,270,411,20,4,0.4219982624053955,0.0,,,1675,675,335,135,261,244,52,49,461,14,92,3,,,,,,,,,,,,,,,,,,,,,2397,423,705,479
clients,gdm_early,3,0.8,S=3,0.5,0,2,2028,Cent-GRAND,0.9841905600623232,0.9589448114344841,0.9781021897810219,0.9651972157772621,0.9469964664310954,0.985781990521327,0.9622980251346499,0.9688395166704902,0.029297148808836937,-1.7543901142392413,0.7370254425267413,0.02731414967949722,0.8246183395385742,268,416,15,6,15.460812091827393,0.0,,,1675,675,335,135,261,244,52,49,461,14,92,3,,,,,,,,,,,,,,,,,,,,,2397,423,705,479
clients,gdm_early,3,0.8,S=3,0.5,0,3,2029,FedTGNN-SS,0.9865496828752642,0.9647452760972358,0.9781818181818182,0.9627906976744186,0.9438596491228071,0.9857142857142858,0.9607142857142857,0.9674159663865547,0.029515516012907028,-2.4375530089577477,0.312187480716262,0.030163374565977685,0.10516499727964401,269,414,16,6,27.56426978111267,8043792.0,1904.0,0.4928605200945627,1456,635,291,127,272,164,55,33,669,133,134,27,,,,,,,,,,,,,,,,,,,,,2397,423,705,480
clients,gdm_early,3,0.8,S=3,0.5,0,3,2029,FedAvg-LR,0.9802875264270613,0.954544678503644,0.9818181818181818,0.9534883720930233,0.9310344827586207,0.9879518072289156,0.9557522123893806,0.9630832067864062,0.034797217696905136,-0.4606812757789803,0.6105080222821834,0.03911369760514152,0.18618164956569672,270,410,20,5,0.6684362888336182,22128.0,,0.49674940898345155,1456,635,291,127,272,164,55,33,669,133,134,27,,,,,,,,,,,,,,,,,,,,,2397,423,705,480
clients,gdm_early,3,0.8,S=3,0.5,0,3,2029,FedProx-LR,0.9804862579281185,0.955255706167019,0.9818181818181818,0.9534883720930233,0.9310344827586207,0.9879518072289156,0.9557522123893806,0.9630832067864062,0.03560588136315346,-0.4281290194297668,0.6135796140159245,0.03611186484125913,0.18008166551589966,270,410,20,5,0.8007373809814453,22128.0,,,1456,635,291,127,272,164,55,33,669,133,134,27,,,,,,,,,,,,,,,,,,,,,2397,423,705,480
clients,gdm_early,3,0.8,S=3,0.5,0,3,2029,FedAvg-MLP,0.9850021141649049,0.9600331487496777,0.9709090909090909,0.9651162790697675,0.9468085106382979,0.9810874704491725,0.9587073608617595,0.9658718515914894,0.029077017679810524,-1.0824526967994785,0.5193822620570425,0.026769689656794077,0.6428978443145752,267,415,15,8,0.48005175590515137,261600.0,,,1456,635,291,127,272,164,55,33,669,133,134,27,,,,,,,,,,,,,,,,,,,,,2397,423,705,480
clients,gdm_early,3,0.8,S=3,0.5,0,3,2029,FedEns-RF,0.99446088794926,0.990922121976902,0.9781818181818182,0.958139534883721,0.9372822299651568,0.9856459330143541,0.9572953736654805,0.9644967434365138,0.025676745913982467,-0.038518710800952725,1.3980501783906252,0.02161808510638297,0.5643333333333334,269,412,18,6,3.0081217288970947,,,,1456,635,291,127,272,164,55,33,669,133,134,27,,,,,,,,,,,,,,,,,,,,,2397,423,705,480
clients,gdm_early,3,0.8,S=3,0.5,0,3,2029,FedEns-XGB,0.988355179704017,0.9785036849010444,0.9745454545454545,0.958139534883721,0.9370629370629371,0.9832935560859188,0.9554367201426025,0.962995156302161,0.02998124838586837,0.09639145610907347,1.0071248754081825,0.022109999505318632,0.5638958341752489,268,412,18,7,0.6358070373535156,,,,1456,635,291,127,272,164,55,33,669,133,134,27,,,,,,,,,,,,,,,,,,,,,2397,423,705,480
clients,gdm_early,3,0.8,S=3,0.5,0,3,2029,FedEns-SVM,0.9933784355179703,0.9879720808193524,0.9818181818181818,0.958139534883721,0.9375,0.988009592326139,0.9591474245115453,0.9659963804966227,0.024707771094494627,-0.45152549765714634,1.264973885180329,0.020403728406429487,0.6459067179454678,270,412,18,5,0.07418107986450195,,,,1456,635,291,127,272,164,55,33,669,133,134,27,,,,,,,,,,,,,,,,,,,,,2397,423,705,480
clients,gdm_early,3,0.8,S=3,0.5,0,3,2029,FedST-XGB,0.9891331923890063,0.9774588730911226,0.9818181818181818,0.9511627906976744,0.9278350515463918,0.9879227053140096,0.9540636042402827,0.9616289585182456,0.03001128000689507,-0.3197787183205219,0.7052618396773481,0.01977310118144854,0.5132074949331582,270,409,21,5,4.736620187759399,,,,1456,635,291,127,272,164,55,33,669,133,134,27,,,,,,,,,,,,,,,,,,,,,2397,423,705,480
clients,gdm_early,3,0.8,S=3,0.5,0,3,2029,FedMatch-tab,0.9853023255813953,0.9619327689712541,0.9636363636363636,0.9651162790697675,0.9464285714285714,0.9764705882352941,0.954954954954955,0.9628575944365418,0.028731906786561012,-1.114616706053179,0.5263737927172714,0.024458356377345034,0.6905050873756409,265,415,15,10,0.7438499927520752,261600.0,,,1456,635,291,127,272,164,55,33,669,133,134,27,,,,,,,,,,,,,,,,,,,,,2397,423,705,480
clients,gdm_early,3,0.8,S=3,0.5,0,3,2029,RSCFed-tab,0.9851078224101479,0.9673062659976216,0.9672727272727273,0.9651162790697675,0.9466192170818505,0.9787735849056604,0.9568345323741008,0.9643657439388068,0.028193851932883263,-0.8986603115847218,0.5486769160481163,0.023846766731127147,0.6643739342689514,266,415,15,9,0.449981689453125,174400.0,,,1456,635,291,127,272,164,55,33,669,133,134,27,,,,,,,,,,,,,,,,,,,,,2397,423,705,480
clients,gdm_early,3,0.8,S=3,0.5,0,3,2029,FedAvg-GCN,0.986,0.9701743888135385,0.9890909090909091,0.9534883720930233,0.9315068493150684,0.9927360774818402,0.9594356261022927,0.9660760574165081,0.029886256903409958,-1.7042380854985895,0.4853883297896248,0.03029116656703889,0.023417042568325996,272,410,20,3,1.8805687427520752,261600.0,,,1456,635,291,127,272,164,55,33,669,133,134,27,,,,,,,,,,,,,,,,,,,,,2397,423,705,480
clients,gdm_early,3,0.8,S=3,0.5,0,3,2029,FedAvg-SAGE,0.9824143763213531,0.9609095771702079,0.9745454545454545,0.9627906976744186,0.9436619718309859,0.9833729216152018,0.9588550983899821,0.9659140356814775,0.028934592381119728,-0.1932528780326142,0.38939815237459763,0.02627902463976795,0.057821664959192276,268,414,16,7,1.8430922031402588,507360.0,,,1456,635,291,127,272,164,55,33,669,133,134,27,,,,,,,,,,,,,,,,,,,,,2397,423,705,480
clients,gdm_early,3,0.8,S=3,0.5,0,3,2029,Local-LR,0.9726342494714588,0.9520355154542086,0.9672727272727273,0.9558139534883721,0.9333333333333333,0.9785714285714285,0.95,0.9585294117647059,0.041863054037094116,-0.23427087523398585,0.6856653740321601,0.03644457955626732,0.23012304306030273,266,411,19,9,1.3091721534729004,0.0,,,1456,635,291,127,272,164,55,33,669,133,134,27,,,,,,,,,,,,,,,,,,,,,2397,423,705,480
clients,gdm_early,3,0.8,S=3,0.5,0,3,2029,Local-GCN,0.9824651162790697,0.9649253078096193,0.9636363636363636,0.9674418604651163,0.9498207885304659,0.9765258215962441,0.9566787003610109,0.9643206585917203,0.03209831193089485,-0.8000819869731834,0.60227653031309,0.022768193022314955,0.7718393206596375,265,416,14,10,1.883120059967041,0.0,,,1456,635,291,127,272,164,55,33,669,133,134,27,,,,,,,,,,,,,,,,,,,,,2397,423,705,480
clients,gdm_early,3,0.8,S=3,0.5,0,3,2029,Local-TGNN,0.9825623678646934,0.9679169132173803,0.9709090909090909,0.9604651162790697,0.9401408450704225,0.9809976247030879,0.9552772808586762,0.9629500387842147,0.037222590297460556,-0.17400105710691982,0.4305342817444938,0.03798939968452705,0.03183847665786743,267,413,17,8,27.412769079208374,0.0,1905.0,0.47810579196217495,1456,635,291,127,272,164,55,33,669,133,134,27,,,,,,,,,,,,,,,,,,,,,2397,423,705,480
clients,gdm_early,3,0.8,S=3,0.5,0,3,2029,Cent-LR,0.9801691331923889,0.9531851047811819,0.9818181818181818,0.9511627906976744,0.9278350515463918,0.9879227053140096,0.9540636042402827,0.9616289585182456,0.03354732319712639,-0.5737998530549835,0.6281150623038616,0.032304705357086586,0.1709795594215393,270,409,21,5,0.4839820861816406,0.0,,,1456,635,291,127,272,164,55,33,669,133,134,27,,,,,,,,,,,,,,,,,,,,,2397,423,705,480
clients,gdm_early,3,0.8,S=3,0.5,0,3,2029,Cent-XGB,0.9940295983086681,0.9871932910144636,0.9781818181818182,0.9651162790697675,0.9471830985915493,0.9857482185273159,0.962432915921288,0.9688780325787403,0.025710880756378174,-0.8670544744675307,0.7108639136610662,0.020662540934669495,0.4724912643432617,269,415,15,6,0.23630213737487793,0.0,,,1456,635,291,127,272,164,55,33,669,133,134,27,,,,,,,,,,,,,,,,,,,,,2397,423,705,480
clients,gdm_early,3,0.8,S=3,0.5,0,3,2029,Cent-GRAND,0.9869133192389007,0.9635947330355107,0.9963636363636363,0.9511627906976744,0.9288135593220339,0.9975609756097561,0.9614035087719298,0.9676065162907268,0.02737267315387726,-2.2362470371347904,0.54505444534028,0.024956577607093675,0.0346594974398613,274,409,21,1,15.678607702255249,0.0,,,1456,635,291,127,272,164,55,33,669,133,134,27,,,,,,,,,,,,,,,,,,,,,2397,423,705,480
clients,gdm_early,3,0.8,S=3,0.5,0,4,2030,FedTGNN-SS,0.9826807610993658,0.9479302570167129,0.9854545454545455,0.9720930232558139,0.9575971731448764,0.990521327014218,0.9713261648745519,0.9762734110757736,0.02296159602701664,-2.6696208299078914,0.35005183295761494,0.022954656609254782,0.07234732061624527,271,418,12,4,28.927568912506104,8043792.0,1880.0,0.47652319400642595,905,568,181,114,100,7,20,1,1392,357,278,71,,,,,,,,,,,,,,,,,,,,,2397,423,705,479
clients,gdm_early,3,0.8,S=3,0.5,0,4,2030,FedAvg-LR,0.9821310782241015,0.9620594567161712,0.96,0.9744186046511628,0.96,0.9744186046511628,0.96,0.9672093023255814,0.03294776380062103,0.022718792207712987,0.8945320367621581,0.03109084421121483,0.3818175494670868,264,419,11,11,0.7494401931762695,22128.0,,0.49398125527473025,905,568,181,114,100,7,20,1,1392,357,278,71,,,,,,,,,,,,,,,,,,,,,2397,423,705,479
clients,gdm_early,3,0.8,S=3,0.5,0,4,2030,FedProx-LR,0.9822663847780128,0.9622213911712166,0.96,0.9744186046511628,0.96,0.9744186046511628,0.96,0.9672093023255814,0.032494932413101196,-0.036404666474952885,0.9047437871324608,0.029796700951055435,0.39851975440979004,264,419,11,11,0.9808883666992188,22128.0,,,905,568,181,114,100,7,20,1,1392,357,278,71,,,,,,,,,,,,,,,,,,,,,2397,423,705,479
clients,gdm_early,3,0.8,S=3,0.5,0,4,2030,FedAvg-MLP,0.9876194503171246,0.9582255987075523,0.9890909090909091,0.9674418604651163,0.951048951048951,0.9928400954653938,0.9696969696969697,0.9748367062854695,0.02500184439122677,0.3632071000996906,0.8290441412181953,0.018779600391838153,0.16351276636123657,272,416,14,3,0.5296952724456787,261600.0,,,905,568,181,114,100,7,20,1,1392,357,278,71,,,,,,,,,,,,,,,,,,,,,2397,423,705,479
clients,gdm_early,3,0.8,S=3,0.5,0,4,2030,FedEns-RF,0.9970655391120506,0.9952847562496526,0.9672727272727273,0.9651162790697675,0.9466192170818505,0.9787735849056604,0.9568345323741008,0.9643657439388068,0.0205280692502385,0.26359418081382574,1.6940909720646349,0.03226744547594723,0.488643006263048,266,415,15,9,2.864694118499756,,,,905,568,181,114,100,7,20,1,1392,357,278,71,,,,,,,,,,,,,,,,,,,,,2397,423,705,479
clients,gdm_early,3,0.8,S=3,0.5,0,4,2030,FedEns-XGB,0.9962367864693447,0.9941681023992082,0.9454545454545454,0.9837209302325581,0.9737827715355806,0.9657534246575342,0.959409594095941,0.9670319859880627,0.02395716256735628,0.597436934903074,1.2523231439398554,0.026756759661858504,0.5636330804707859,260,423,7,15,0.5695865154266357,,,,905,568,181,114,100,7,20,1,1392,357,278,71,,,,,,,,,,,,,,,,,,,,,2397,423,705,479
clients,gdm_early,3,0.8,S=3,0.5,0,4,2030,FedEns-SVM,0.9960253699788584,0.9784908868060593,0.9854545454545455,0.9720930232558139,0.9575971731448764,0.990521327014218,0.9713261648745519,0.9762734110757736,0.01785052385092767,0.3040314647675022,1.5898935107864367,0.03670903913622974,0.4864917033659786,271,418,12,4,0.10749602317810059,,,,905,568,181,114,100,7,20,1,1392,357,278,71,,,,,,,,,,,,,,,,,,,,,2397,423,705,479
clients,gdm_early,3,0.8,S=3,0.5,0,4,2030,FedST-XGB,0.9957040169133191,0.9938182837783809,0.9745454545454545,0.9651162790697675,0.9469964664310954,0.9834123222748815,0.9605734767025089,0.9673759402291887,0.025702541292087502,0.9967887289604338,0.998655569996457,0.026750217952768184,0.21049999423900576,268,415,15,7,3.6829333305358887,,,,905,568,181,114,100,7,20,1,1392,357,278,71,,,,,,,,,,,,,,,,,,,,,2397,423,705,479
clients,gdm_early,3,0.8,S=3,0.5,0,4,2030,FedMatch-tab,0.9876363636363636,0.9591459593271818,0.9854545454545455,0.9674418604651163,0.9508771929824561,0.9904761904761905,0.9678571428571429,0.9733403361344538,0.024404166266322136,0.2976391685253293,0.8419789007493006,0.018232087882116763,0.18000614643096924,271,416,14,4,0.6758880615234375,261600.0,,,905,568,181,114,100,7,20,1,1392,357,278,71,,,,,,,,,,,,,,,,,,,,,2397,423,705,479
clients,gdm_early,3,0.8,S=3,0.5,0,4,2030,RSCFed-tab,0.9881099365750527,0.9659156264850598,0.96,0.9767441860465116,0.9635036496350365,0.974477958236659,0.9617486338797814,0.9686791949886712,0.02111603505909443,-0.7354221045344597,0.8428255755114696,0.018807007199325036,0.8399473428726196,264,420,10,11,0.371532678604126,174400.0,,,905,568,181,114,100,7,20,1,1392,357,278,71,,,,,,,,,,,,,,,,,,,,,2397,423,705,479
clients,gdm_early,3,0.8,S=3,0.5,0,4,2030,FedAvg-GCN,0.988566596194503,0.9745348472909141,0.9781818181818182,0.9720930232558139,0.9572953736654805,0.9858490566037735,0.9676258992805755,0.9732743079541051,0.021505534648895264,0.14471386460067162,0.7941450860605089,0.012079076075279135,0.16455228626728058,269,418,12,6,2.1659743785858154,261600.0,,,905,568,181,114,100,7,20,1,1392,357,278,71,,,,,,,,,,,,,,,,,,,,,2397,423,705,479
clients,gdm_early,3,0.8,S=3,0.5,0,4,2030,FedAvg-SAGE,0.9844482029598308,0.9616708722251428,0.9854545454545455,0.9697674418604652,0.954225352112676,0.9904988123515439,0.9695885509838998,0.9748060263732661,0.02339622564613819,-0.3463524215654149,0.6614778281803271,0.018515114050279273,0.07139765471220016,271,417,13,4,1.774977445602417,507360.0,,,905,568,181,114,100,7,20,1,1392,357,278,71,,,,,,,,,,,,,,,,,,,,,2397,423,705,479
clients,gdm_early,3,0.8,S=3,0.5,0,4,2030,Local-LR,0.9813023255813953,0.9684475996530746,0.9490909090909091,0.9790697674418605,0.9666666666666667,0.967816091954023,0.9577981651376147,0.9656042848809461,0.035435937345027924,-0.016180496593984635,1.0348998404107366,0.04790812359581181,0.41883209347724915,261,421,9,14,1.1034445762634277,0.0,,,905,568,181,114,100,7,20,1,1392,357,278,71,,,,,,,,,,,,,,,,,,,,,2397,423,705,479
clients,gdm_early,3,0.8,S=3,0.5,0,4,2030,Local-GCN,0.9848625792811839,0.967892786649726,0.9672727272727273,0.9744186046511628,0.9602888086642599,0.9789719626168224,0.9637681159420289,0.9702290463160028,0.027774596586823463,0.4872049690607185,0.9012836392890841,0.019541173423012932,0.20709103345870972,266,419,11,9,1.9726788997650146,0.0,,,905,568,181,114,100,7,20,1,1392,357,278,71,,,,,,,,,,,,,,,,,,,,,2397,423,705,479
clients,gdm_early,3,0.8,S=3,0.5,0,4,2030,Local-TGNN,0.9794249471458774,0.9528336749198754,0.9636363636363636,0.9674418604651163,0.9498207885304659,0.9765258215962441,0.9566787003610109,0.9643206585917203,0.03314992040395737,0.8279709933576421,0.4412228643924334,0.03340180188042594,0.009396685287356377,265,416,14,10,28.022520780563354,0.0,1908.0,0.4748871022668384,905,568,181,114,100,7,20,1,1392,357,278,71,,,,,,,,,,,,,,,,,,,,,2397,423,705,479
clients,gdm_early,3,0.8,S=3,0.5,0,4,2030,Cent-LR,0.9828033826638478,0.9640115242578061,0.9636363636363636,0.9720930232558139,0.9566787003610109,0.9766355140186916,0.9601449275362319,0.9672519509476032,0.028628135100007057,-0.3103117137236977,0.9255132646964763,0.027760541166925244,0.4524265229701996,265,418,12,10,0.38489818572998047,0.0,,,905,568,181,114,100,7,20,1,1392,357,278,71,,,,,,,,,,,,,,,,,,,,,2397,423,705,479
clients,gdm_early,3,0.8,S=3,0.5,0,4,2030,Cent-XGB,0.9964904862579281,0.9938558311831882,0.9672727272727273,0.9790697674418605,0.9672727272727273,0.9790697674418605,0.9672727272727273,0.9731712473572939,0.021795546635985374,-0.0722863371834072,0.7362026558285346,0.017364668122869235,0.5695883631706238,266,421,9,9,0.17586731910705566,0.0,,,905,568,181,114,100,7,20,1,1392,357,278,71,,,,,,,,,,,,,,,,,,,,,2397,423,705,479
clients,gdm_early,3,0.8,S=3,0.5,0,4,2030,Cent-GRAND,0.986350951374207,0.9618693733956154,0.9818181818181818,0.9697674418604652,0.9540636042402827,0.9881516587677726,0.967741935483871,0.9733075874602454,0.02119199000298977,-0.3031284774957215,0.720854034276833,0.017070649212873566,0.16703490912914276,270,417,13,5,15.660082578659058,0.0,,,905,568,181,114,100,7,20,1,1392,357,278,71,,,,,,,,,,,,,,,,,,,,,2397,423,705,479
clients,gdm_early,3,0.8,S=3,0.5,1,0,3026,FedTGNN-SS,0.9823699764594306,0.9622692549988399,0.9781021897810219,0.9327146171693735,0.9023569023569024,0.9852941176470589,0.9387040280210157,0.9484938495289823,0.05184048041701317,-5.937780023835151,0.3892814519200209,0.053919311215876495,0.9371815323829651,268,402,29,6,28.133704662322998,8043792.0,1885.0,0.5551163031729816,1117,277,223,55,249,240,50,48,1031,416,206,83,,,,,,,,,,,,,,,,,,,,,2397,423,705,479
clients,gdm_early,3,0.8,S=3,0.5,1,0,3026,FedAvg-LR,0.9677799041441563,0.9415703583076351,0.9562043795620438,0.9582366589327146,0.9357142857142857,0.971764705882353,0.9458483754512635,0.9554008232396505,0.042340248823165894,-0.8065492319736043,0.7748490351292981,0.05049271051448288,0.604070782661438,262,413,18,12,0.8350048065185547,22128.0,,0.5391299841573017,1117,277,223,55,249,240,50,48,1031,416,206,83,,,,,,,,,,,,,,,,,,,,,2397,423,705,479
clients,gdm_early,3,0.8,S=3,0.5,1,0,3026,FedProx-LR,0.9677714363134452,0.9411873270178074,0.9562043795620438,0.9582366589327146,0.9357142857142857,0.971764705882353,0.9458483754512635,0.9554008232396505,0.04199111834168434,-0.7592085718662259,0.7830865276407348,0.049588901227247614,0.5850378274917603,262,413,18,12,1.3509654998779297,22128.0,,,1117,277,223,55,249,240,50,48,1031,416,206,83,,,,,,,,,,,,,,,,,,,,,2397,423,705,479
clients,gdm_early,3,0.8,S=3,0.5,1,0,3026,FedAvg-MLP,0.9814977898961843,0.9539110305330386,0.9817518248175182,0.9582366589327146,0.9372822299651568,0.9880382775119617,0.9590017825311943,0.9659555437979882,0.02972659468650818,-0.65480828267905,0.8589788571949798,0.027212811652438863,0.3800644278526306,269,413,18,5,0.6440591812133789,261600.0,,,1117,277,223,55,249,240,50,48,1031,416,206,83,,,,,,,,,,,,,,,,,,,,,2397,423,705,479
clients,gdm_early,3,0.8,S=3,0.5,1,0,3026,FedEns-RF,0.9969515809439937,0.9952314958533051,1.0,0.9396751740139211,0.9133333333333333,1.0,0.9547038327526133,0.9618016771418569,0.02656119126671141,-0.6796610396517949,2.0061848461799947,0.052535823746279894,0.32604384133611686,274,405,26,0,2.6080164909362793,,,,1117,277,223,55,249,240,50,48,1031,416,206,83,,,,,,,,,,,,,,,,,,,,,2397,423,705,479
clients,gdm_early,3,0.8,S=3,0.5,1,0,3026,FedEns-XGB,0.9956560028451912,0.9928868761951405,0.9963503649635036,0.9396751740139211,0.9130434782608695,0.9975369458128078,0.9528795811518325,0.9603107583178517,0.03279849199415309,-1.1164847381417875,1.4345180532338417,0.07349730030786732,0.20662769567929132,273,405,26,1,0.5125517845153809,,,,1117,277,223,55,249,240,50,48,1031,416,206,83,,,,,,,,,,,,,,,,,,,,,2397,423,705,479
clients,gdm_early,3,0.8,S=3,0.5,1,0,3026,FedEns-SVM,0.9946144596677223,0.9879312757056611,0.9927007299270073,0.9443155452436195,0.918918918918919,0.9951100244498777,0.9543859649122807,0.9617167919799499,0.03164903758010998,-0.8542039464897081,1.964202488275508,0.08332457129198562,0.42991790974775557,272,407,24,2,0.062494516372680664,,,,1117,277,223,55,249,240,50,48,1031,416,206,83,,,,,,,,,,,,,,,,,,,,,2397,423,705,479
clients,gdm_early,3,0.8,S=3,0.5,1,0,3026,FedST-XGB,0.99399630802581,0.9898185731377751,1.0,0.9303944315545244,0.9013157894736842,1.0,0.9480968858131488,0.9560195967527283,0.03510566517903922,-2.0649491440875147,1.0169048336613877,0.0875845318447254,0.11817438879593747,274,401,30,0,3.8231310844421387,,,,1117,277,223,55,249,240,50,48,1031,416,206,83,,,,,,,,,,,,,,,,,,,,,2397,423,705,479
clients,gdm_early,3,0.8,S=3,0.5,1,0,3026,FedMatch-tab,0.9813538367740953,0.9538194647787395,0.9817518248175182,0.9582366589327146,0.9372822299651568,0.9880382775119617,0.9590017825311943,0.9659555437979882,0.03007773868739605,-0.6292209385055051,0.8465909121158613,0.028625036628111056,0.3143409788608551,269,413,18,5,0.6071450710296631,261600.0,,,1117,277,223,55,249,240,50,48,1031,416,206,83,,,,,,,,,,,,,,,,,,,,,2397,423,705,479
clients,gdm_early,3,0.8,S=3,0.5,1,0,3026,RSCFed-tab,0.9814639185733398,0.9576680137479482,0.9854014598540146,0.9582366589327146,0.9375,0.9904076738609112,0.9608540925266904,0.9674553481501377,0.030195707455277443,-1.2776655648333926,0.7538934341317096,0.04023586460884583,0.48173120617866516,270,413,18,4,0.3704366683959961,174400.0,,,1117,277,223,55,249,240,50,48,1031,416,206,83,,,,,,,,,,,,,,,,,,,,,2397,423,705,479
clients,gdm_early,3,0.8,S=3,0.5,1,0,3026,FedAvg-GCN,0.9833691804833438,0.9600774960125287,0.9854014598540146,0.9605568445475638,0.9407665505226481,0.9904306220095693,0.9625668449197861,0.9689159312938154,0.028449594974517822,-1.122180853447605,0.7852971012920023,0.021639837879449744,0.4099574685096741,270,414,17,4,2.1815712451934814,261600.0,,,1117,277,223,55,249,240,50,48,1031,416,206,83,,,,,,,,,,,,,,,,,,,,,2397,423,705,479
clients,gdm_early,3,0.8,S=3,0.5,1,0,3026,FedAvg-SAGE,0.9824461869358307,0.9554068198310854,0.9598540145985401,0.9303944315545244,0.8976109215017065,0.9733009708737864,0.927689594356261,0.9395268849598624,0.045365046709775925,-1.3116742114273032,0.6666907532808014,0.03831697080469299,0.5674880146980286,263,401,30,11,1.9429335594177246,507360.0,,,1117,277,223,55,249,240,50,48,1031,416,206,83,,,,,,,,,,,,,,,,,,,,,2397,423,705,479
clients,gdm_early,3,0.8,S=3,0.5,1,0,3026,Local-LR,0.9637830880485038,0.9339150011962981,0.9452554744525548,0.9071925754060325,0.8662207357859532,0.9630541871921182,0.9040139616055847,0.9191515447215498,0.0639428123831749,-0.8024763841063058,0.7978622021278186,0.053724691694509885,0.5124954581260681,259,391,40,15,1.2860467433929443,0.0,,,1117,277,223,55,249,240,50,48,1031,416,206,83,,,,,,,,,,,,,,,,,,,,,2397,423,705,479
clients,gdm_early,3,0.8,S=3,0.5,1,0,3026,Local-GCN,0.970328721188206,0.9405390296374093,0.9744525547445255,0.91415313225058,0.8782894736842105,0.9825436408977556,0.9238754325259516,0.9354954085706682,0.05484585464000702,-0.9501077464650862,0.7028250456223291,0.04342482104263409,0.4026041626930237,267,394,37,7,1.8733861446380615,0.0,,,1117,277,223,55,249,240,50,48,1031,416,206,83,,,,,,,,,,,,,,,,,,,,,2397,423,705,479
clients,gdm_early,3,0.8,S=3,0.5,1,0,3026,Local-TGNN,0.9812903280437617,0.965142708432204,0.9197080291970803,0.962877030162413,0.9402985074626866,0.9496567505720824,0.9298892988929889,0.9430552485248355,0.04848942160606384,-2.587542759293061,0.5105461700157108,0.04643792490217278,0.9809242486953735,252,415,16,22,27.559032678604126,0.0,1895.0,0.5534639245472986,1117,277,223,55,249,240,50,48,1031,416,206,83,,,,,,,,,,,,,,,,,,,,,2397,423,705,479
clients,gdm_early,3,0.8,S=3,0.5,1,0,3026,Cent-LR,0.9696258912391824,0.9466271880793814,0.9525547445255474,0.9559164733178654,0.9321428571428572,0.9694117647058823,0.9422382671480144,0.9524275447889605,0.043485127389431,-0.8345639973024954,0.8794158187662501,0.053228190715642706,0.6500083208084106,261,412,19,13,0.3770418167114258,0.0,,,1117,277,223,55,249,240,50,48,1031,416,206,83,,,,,,,,,,,,,,,,,,,,,2397,423,705,479
clients,gdm_early,3,0.8,S=3,0.5,1,0,3026,Cent-XGB,0.9958931021051028,0.9933461712941497,0.9854014598540146,0.9443155452436195,0.9183673469387755,0.9902676399026764,0.9507042253521126,0.9587250342912582,0.026969466358423233,-1.6140792980400922,0.7635151568849567,0.024217457921369687,0.14085420966148376,270,407,24,4,0.21285414695739746,0.0,,,1117,277,223,55,249,240,50,48,1031,416,206,83,,,,,,,,,,,,,,,,,,,,,2397,423,705,479
clients,gdm_early,3,0.8,S=3,0.5,1,0,3026,Cent-GRAND,0.9852829102240588,0.9404062283641794,0.9781021897810219,0.9559164733178654,0.9337979094076655,0.9856459330143541,0.9554367201426025,0.962995156302161,0.029750511050224304,-1.3301937448838694,0.8130764004579422,0.025189774376439295,0.5371559858322144,268,412,19,6,15.691818237304688,0.0,,,1117,277,223,55,249,240,50,48,1031,416,206,83,,,,,,,,,,,,,,,,,,,,,2397,423,705,479
clients,gdm_early,3,0.8,S=3,0.5,1,2,3028,FedTGNN-SS,0.9877131776381526,0.9702869370352754,0.9890510948905109,0.962877030162413,0.9442508710801394,0.992822966507177,0.966131907308378,0.9718763187896424,0.02688612788915634,-5.227716984120068,0.3450653082561314,0.0275692823056069,0.14576900005340576,271,415,16,3,26.52092480659485,8043792.0,1910.0,0.4875280732860521,465,270,93,54,415,135,83,27,1517,528,304,106,,,,,,,,,,,,,,,,,,,,,2397,423,705,480
clients,gdm_early,3,0.8,S=3,0.5,1,2,3028,FedAvg-LR,0.9813623046048063,0.9458040768304816,0.9598540145985401,0.9559164733178654,0.9326241134751773,0.9739952718676123,0.9460431654676259,0.9554571799235085,0.036411479115486145,-0.6786646512457601,0.7097730680860325,0.037852711827619685,0.3344658613204956,263,412,19,11,0.7325761318206787,22128.0,,0.49569001182033096,465,270,93,54,415,135,83,27,1517,528,304,106,,,,,,,,,,,,,,,,,,,,,2397,423,705,480
clients,gdm_early,3,0.8,S=3,0.5,1,2,3028,FedProx-LR,0.981929649262452,0.9461594885368154,0.9671532846715328,0.9489559164733179,0.9233449477351916,0.9784688995215312,0.9447415329768271,0.9541139938146797,0.036195676773786545,-0.7004833057569365,0.7127952569278208,0.03951722536738036,0.2697235643863678,265,409,22,9,0.8764803409576416,22128.0,,,465,270,93,54,415,135,83,27,1517,528,304,106,,,,,,,,,,,,,,,,,,,,,2397,423,705,480
clients,gdm_early,3,0.8,S=3,0.5,1,2,3028,FedAvg-MLP,0.9857825122360154,0.9551217133967927,0.9781021897810219,0.9651972157772621,0.9469964664310954,0.985781990521327,0.9622980251346499,0.9688395166704902,0.02517867088317871,-1.0136495125373142,0.7267188110511298,0.023884182452415734,0.6706827878952026,268,416,15,6,0.4202914237976074,261600.0,,,465,270,93,54,415,135,83,27,1517,528,304,106,,,,,,,,,,,,,,,,,,,,,2397,423,705,480
clients,gdm_early,3,0.8,S=3,0.5,1,2,3028,FedEns-RF,0.9934289633681643,0.9884827204172362,0.9890510948905109,0.951276102088167,0.928082191780822,0.9927360774818402,0.9575971731448764,0.9645805770937652,0.02816534837439667,-0.3019798402990133,1.4126516407118157,0.027322842789598116,0.6263854166666667,271,410,21,3,2.7863032817840576,,,,465,270,93,54,415,135,83,27,1517,528,304,106,,,,,,,,,,,,,,,,,,,,,2397,423,705,480
clients,gdm_early,3,0.8,S=3,0.5,1,2,3028,FedEns-XGB,0.9908886141548259,0.982382264799694,0.9598540145985401,0.9582366589327146,0.9359430604982206,0.9740566037735849,0.9477477477477477,0.9569148095463884,0.03026807353672046,-0.030192142271950672,1.0460322730224156,0.028679153181296102,0.5418636846045652,263,413,18,11,0.6731960773468018,,,,465,270,93,54,415,135,83,27,1517,528,304,106,,,,,,,,,,,,,,,,,,,,,2397,423,705,480
clients,gdm_early,3,0.8,S=3,0.5,1,2,3028,FedEns-SVM,0.9938269514115874,0.989360670014565,0.9781021897810219,0.9675174013921114,0.950354609929078,0.9858156028368794,0.9640287769784173,0.9703047866156723,0.024948331752874645,-0.6313796535631211,1.504328736701046,0.02058719671998995,0.8181668557246031,268,417,14,6,0.09586238861083984,,,,465,270,93,54,415,135,83,27,1517,528,304,106,,,,,,,,,,,,,,,,,,,,,2397,423,705,480
clients,gdm_early,3,0.8,S=3,0.5,1,2,3028,FedST-XGB,0.9868494589056176,0.9747932227471754,0.9963503649635036,0.9373549883990719,0.91,0.9975308641975309,0.9512195121951219,0.9588633446143073,0.03471472798013372,-0.4084494314111819,0.759647812083063,0.028942788937080653,0.44106337005893387,273,404,27,1,3.4213759899139404,,,,465,270,93,54,415,135,83,27,1517,528,304,106,,,,,,,,,,,,,,,,,,,,,2397,423,705,480
clients,gdm_early,3,0.8,S=3,0.5,1,2,3028,FedMatch-tab,0.9859561027655934,0.9561123336631279,0.9817518248175182,0.9675174013921114,0.950530035335689,0.9881516587677726,0.9658886894075404,0.9718071817494911,0.02452462911605835,-1.0733876447391348,0.7328447919016214,0.026467655741787964,0.6977226734161377,269,417,14,5,0.8286280632019043,261600.0,,,465,270,93,54,415,135,83,27,1517,528,304,106,,,,,,,,,,,,,,,,,,,,,2397,423,705,480
clients,gdm_early,3,0.8,S=3,0.5,1,2,3028,RSCFed-tab,0.9856639626060596,0.9551167109124328,0.9744525547445255,0.9675174013921114,0.9501779359430605,0.9834905660377359,0.9621621621621622,0.9688003793266952,0.02472475729882717,-1.229499022666075,0.6778578087018469,0.025312924181632966,0.7923886179924011,267,417,14,7,0.5393710136413574,174400.0,,,465,270,93,54,415,135,83,27,1517,528,304,106,,,,,,,,,,,,,,,,,,,,,2397,423,705,480
clients,gdm_early,3,0.8,S=3,0.5,1,2,3028,FedAvg-GCN,0.987078090334818,0.9560591045718287,0.9890510948905109,0.9651972157772621,0.9475524475524476,0.9928400954653938,0.9678571428571429,0.9733403361344538,0.025401273742318153,-1.2563620895629861,0.6782805559267969,0.021541359650750512,0.5723447203636169,271,416,15,3,2.2172439098358154,261600.0,,,465,270,93,54,415,135,83,27,1517,528,304,106,,,,,,,,,,,,,,,,,,,,,2397,423,705,480
clients,gdm_early,3,0.8,S=3,0.5,1,2,3028,FedAvg-SAGE,0.9828738123867427,0.9513090399402164,0.9927007299270073,0.9605568445475638,0.9411764705882353,0.9951923076923077,0.9662522202486679,0.9719100534537318,0.025652650743722916,-2.1303235990873794,0.5196949219163367,0.023717719370974832,0.20339086651802063,272,414,17,2,1.5640778541564941,507360.0,,,465,270,93,54,415,135,83,27,1517,528,304,106,,,,,,,,,,,,,,,,,,,,,2397,423,705,480
clients,gdm_early,3,0.8,S=3,0.5,1,2,3028,Local-LR,0.9763239453316849,0.9440450208302071,0.9635036496350365,0.9559164733178654,0.9328621908127208,0.976303317535545,0.947935368043088,0.9569688563544865,0.041509900242090225,-0.4954824338477039,0.8277668823797881,0.04924410251860924,0.3752717077732086,264,412,19,10,1.3335113525390625,0.0,,,465,270,93,54,415,135,83,27,1517,528,304,106,,,,,,,,,,,,,,,,,,,,,2397,423,705,480
clients,gdm_early,3,0.8,S=3,0.5,1,2,3028,Local-GCN,0.9793511948109134,0.9574160387080026,0.9671532846715328,0.9559164733178654,0.9330985915492958,0.9786223277909739,0.9498207885304659,0.9584784693826038,0.03425261005759239,-0.6211663354622661,0.6293043386672483,0.02313837867679324,0.37479954957962036,265,412,19,9,2.177260160446167,0.0,,,465,270,93,54,415,135,83,27,1517,528,304,106,,,,,,,,,,,,,,,,,,,,,2397,423,705,480
clients,gdm_early,3,0.8,S=3,0.5,1,2,3028,Local-TGNN,0.9853506528697479,0.9558546143110074,0.9854014598540146,0.9582366589327146,0.9375,0.9904076738609112,0.9608540925266904,0.9674553481501377,0.03001621924340725,-2.5824687930661323,0.4539861624247738,0.028987826315474727,0.1073787733912468,270,413,18,4,26.415889024734497,0.0,1907.0,0.4868631796690307,465,270,93,54,415,135,83,27,1517,528,304,106,,,,,,,,,,,,,,,,,,,,,2397,423,705,480
clients,gdm_early,3,0.8,S=3,0.5,1,2,3028,Cent-LR,0.9839873321252561,0.9491637156017269,0.9927007299270073,0.9559164733178654,0.9347079037800687,0.9951690821256038,0.9628318584070796,0.9689898937005812,0.03057435154914856,-0.8851230291317568,0.7811090123081209,0.05434347454537737,0.3915049731731415,272,412,19,2,0.36551737785339355,0.0,,,465,270,93,54,415,135,83,27,1517,528,304,106,,,,,,,,,,,,,,,,,,,,,2397,423,705,480
clients,gdm_early,3,0.8,S=3,0.5,1,2,3028,Cent-XGB,0.9908970819855369,0.9810964873533845,0.9744525547445255,0.9489559164733179,0.9238754325259516,0.9831730769230769,0.9484902309058615,0.9571258710609591,0.03317204490303993,-1.510851296098578,0.666214973553472,0.03028967873530183,0.43410974740982056,267,409,22,7,0.20101499557495117,0.0,,,465,270,93,54,415,135,83,27,1517,528,304,106,,,,,,,,,,,,,,,,,,,,,2397,423,705,480
clients,gdm_early,3,0.8,S=3,0.5,1,2,3028,Cent-GRAND,0.987476078378241,0.9582573046952166,0.9927007299270073,0.9559164733178654,0.9347079037800687,0.9951690821256038,0.9628318584070796,0.9689898937005812,0.025602102279663086,-2.1961655629927943,0.6441990565156598,0.024574364670255065,0.3701319396495819,272,412,19,2,13.60448431968689,0.0,,,465,270,93,54,415,135,83,27,1517,528,304,106,,,,,,,,,,,,,,,,,,,,,2397,423,705,480
clients,gdm_early,3,0.8,S=3,0.5,1,1,3027,FedTGNN-SS,0.9896777143631345,0.9756103800772264,0.9854014598540146,0.9791183294663574,0.967741935483871,0.9906103286384976,0.976491862567812,0.9806613338510005,0.024332143366336823,-7.055271493866992,0.392312448271102,0.025309904912694758,0.9982182383537292,270,422,9,4,26.860376358032227,8043792.0,1876.0,0.4945375295508274,531,198,107,40,1053,383,211,77,813,352,162,70,,,,,,,,,,,,,,,,,,,,,2397,423,705,480
clients,gdm_early,3,0.8,S=3,0.5,1,1,3027,FedAvg-LR,0.9817772283096516,0.9614555972445344,0.948905109489051,0.9698375870069605,0.9523809523809523,0.9675925925925926,0.9506398537477148,0.9596768214277391,0.031162353232502937,-0.19629778472312465,0.8321246565508621,0.02274880781241341,0.5604433417320251,260,418,13,14,0.7120540142059326,22128.0,,0.48573581560283685,531,198,107,40,1053,383,211,77,813,352,162,70,,,,,,,,,,,,,,,,,,,,,2397,423,705,480
clients,gdm_early,3,0.8,S=3,0.5,1,1,3027,FedProx-LR,0.9821244093688078,0.9622308410183666,0.9452554744525548,0.9698375870069605,0.9522058823529411,0.9653579676674365,0.9487179487179487,0.9581552706552706,0.03109760396182537,-0.20915191777043707,0.8431887098460545,0.024085253815278953,0.5808626413345337,259,418,13,15,1.0617809295654297,22128.0,,,531,198,107,40,1053,383,211,77,813,352,162,70,,,,,,,,,,,,,,,,,,,,,2397,423,705,480
clients,gdm_early,3,0.8,S=3,0.5,1,1,3027,FedAvg-MLP,0.9895252934103341,0.9738813463821294,0.9854014598540146,0.9698375870069605,0.9540636042402827,0.990521327014218,0.9694793536804309,0.9747748468284921,0.019362973049283028,-0.14803074853774975,0.9945989334738649,0.012137582310283852,0.46328577399253845,270,418,13,4,0.3609156608581543,261600.0,,,531,198,107,40,1053,383,211,77,813,352,162,70,,,,,,,,,,,,,,,,,,,,,2397,423,705,480
clients,gdm_early,3,0.8,S=3,0.5,1,1,3027,FedEns-RF,0.9964773824241706,0.9943684391138641,0.9562043795620438,0.9721577726218097,0.9562043795620438,0.9721577726218097,0.9562043795620438,0.9641810760919267,0.02395264184766549,-0.18719059626998086,1.6954820953226595,0.027413977541371138,0.6901458333333333,262,419,12,12,2.6825850009918213,,,,531,198,107,40,1053,383,211,77,813,352,162,70,,,,,,,,,,,,,,,,,,,,,2397,423,705,480
clients,gdm_early,3,0.8,S=3,0.5,1,1,3027,FedEns-XGB,0.9949955120497231,0.9909765459604624,0.9635036496350365,0.9675174013921114,0.9496402877697842,0.9765807962529274,0.9565217391304348,0.9642748555792033,0.02466036780611925,0.034749740126213687,1.1277915294042657,0.012374696626104666,0.5344153379400571,264,417,14,10,0.7433552742004395,,,,531,198,107,40,1053,383,211,77,813,352,162,70,,,,,,,,,,,,,,,,,,,,,2397,423,705,480
clients,gdm_early,3,0.8,S=3,0.5,1,1,3027,FedEns-SVM,0.9965874642234152,0.9945247069439137,0.9781021897810219,0.962877030162413,0.9436619718309859,0.9857482185273159,0.9605734767025089,0.9673759402291887,0.020749290207721156,-0.052813017953269155,1.5825244421964464,0.02781248799735874,0.6178246324127654,268,415,16,6,0.09377169609069824,,,,531,198,107,40,1053,383,211,77,813,352,162,70,,,,,,,,,,,,,,,,,,,,,2397,423,705,480
clients,gdm_early,3,0.8,S=3,0.5,1,1,3027,FedST-XGB,0.9939709045336765,0.9887818354404777,0.9781021897810219,0.9582366589327146,0.9370629370629371,0.9856801909307876,0.9571428571428572,0.9644537815126051,0.02628473263177038,-0.32664413680739673,0.7846204890167736,0.017209765546671432,0.4662007236542801,268,413,18,6,4.217899799346924,,,,531,198,107,40,1053,383,211,77,813,352,162,70,,,,,,,,,,,,,,,,,,,,,2397,423,705,480
clients,gdm_early,3,0.8,S=3,0.5,1,1,3027,FedMatch-tab,0.9897200535166901,0.9735485826460255,0.9854014598540146,0.9721577726218097,0.9574468085106383,0.9905437352245863,0.9712230215827338,0.9762438292925378,0.01930253766477108,-0.13759734788111583,0.9902216020882351,0.014489818195290606,0.4815758764743805,270,419,12,4,0.7627890110015869,261600.0,,,531,198,107,40,1053,383,211,77,813,352,162,70,,,,,,,,,,,,,,,,,,,,,2397,423,705,480
clients,gdm_early,3,0.8,S=3,0.5,1,1,3027,RSCFed-tab,0.9897115856859791,0.9759071051343173,0.9854014598540146,0.9651972157772621,0.9473684210526315,0.9904761904761905,0.9660107334525939,0.9718420294760032,0.02081030048429966,-0.4722786608051427,0.8816206371665871,0.016518715285557373,0.43094637989997864,270,416,15,4,0.4843127727508545,174400.0,,,531,198,107,40,1053,383,211,77,813,352,162,70,,,,,,,,,,,,,,,,,,,,,2397,423,705,480
clients,gdm_early,3,0.8,S=3,0.5,1,1,3027,FedAvg-GCN,0.9898301353159348,0.9730039225913132,0.9708029197080292,0.9837587006960556,0.9743589743589743,0.9814814814814815,0.9725776965265083,0.9775982341265218,0.018915647640824318,-0.5141498226158768,0.8528012762874458,0.010981364060748138,0.8867788910865784,266,424,7,8,2.140071392059326,261600.0,,,531,198,107,40,1053,383,211,77,813,352,162,70,,,,,,,,,,,,,,,,,,,,,2397,423,705,480
clients,gdm_early,3,0.8,S=3,0.5,1,1,3027,FedAvg-SAGE,0.9897623926702457,0.9778445375870645,0.9562043795620438,0.9767981438515081,0.9632352941176471,0.9722863741339491,0.9597069597069597,0.9671219983719984,0.021029584109783173,-1.2026630011521735,0.6977334955289822,0.016172221176167744,0.9050715565681458,262,421,10,12,1.4434175491333008,507360.0,,,531,198,107,40,1053,383,211,77,813,352,162,70,,,,,,,,,,,,,,,,,,,,,2397,423,705,480
clients,gdm_early,3,0.8,S=3,0.5,1,1,3027,Local-LR,0.9809812522228056,0.9656740255304849,0.9379562043795621,0.962877030162413,0.9413919413919414,0.9606481481481481,0.9396709323583181,0.9507161150783479,0.041255418211221695,-0.2793096810378133,1.0110703522434585,0.036429732974539414,0.5064444541931152,257,415,16,17,1.2377650737762451,0.0,,,531,198,107,40,1053,383,211,77,813,352,162,70,,,,,,,,,,,,,,,,,,,,,2397,423,705,480
clients,gdm_early,3,0.8,S=3,0.5,1,1,3027,Local-GCN,0.9831320812234322,0.967405719729942,0.9671532846715328,0.9675174013921114,0.9498207885304659,0.9788732394366197,0.9584086799276673,0.9657854368133085,0.02777845226228237,-0.11758802950786278,0.8353723588985815,0.021270030421198276,0.578755795955658,265,417,14,9,2.2274010181427,0.0,,,531,198,107,40,1053,383,211,77,813,352,162,70,,,,,,,,,,,,,,,,,,,,,2397,423,705,480
clients,gdm_early,3,0.8,S=3,0.5,1,1,3027,Local-TGNN,0.9913374091825156,0.9815431345913164,0.9671532846715328,0.974477958236659,0.9601449275362319,0.9790209790209791,0.9636363636363636,0.9701902748414376,0.023928998038172722,-1.5327066470005402,0.5603499852439854,0.021688627257467598,0.870479941368103,265,420,11,9,26.542341947555542,0.0,1912.0,0.5129181442080377,531,198,107,40,1053,383,211,77,813,352,162,70,,,,,,,,,,,,,,,,,,,,,2397,423,705,480
clients,gdm_early,3,0.8,S=3,0.5,1,1,3027,Cent-LR,0.9826748183650312,0.9657870495572957,0.9781021897810219,0.9559164733178654,0.9337979094076655,0.9856459330143541,0.9554367201426025,0.962995156302161,0.03243036940693855,-0.3083352266636774,0.9576929363203475,0.03166154249974177,0.36480966210365295,268,412,19,6,0.31833529472351074,0.0,,,531,198,107,40,1053,383,211,77,813,352,162,70,,,,,,,,,,,,,,,,,,,,,2397,423,705,480
clients,gdm_early,3,0.8,S=3,0.5,1,1,3027,Cent-XGB,0.9966298033769709,0.9935293465995345,0.9562043795620438,0.9837587006960556,0.9739776951672863,0.9724770642201835,0.9650092081031307,0.9715472799454523,0.02190922386944294,-0.24577660259988382,0.7847354283557331,0.018582598592240544,0.7756714820861816,262,424,7,12,0.16817259788513184,0.0,,,531,198,107,40,1053,383,211,77,813,352,162,70,,,,,,,,,,,,,,,,,,,,,2397,423,705,480
clients,gdm_early,3,0.8,S=3,0.5,1,1,3027,Cent-GRAND,0.9922773383914508,0.9740861303967928,0.9671532846715328,0.9814385150812065,0.9706959706959707,0.9791666666666666,0.9689213893967094,0.974611332010058,0.01787884719669819,-0.4941135996390046,0.9292603657423195,0.011898029083055801,0.8456910848617554,265,423,8,9,14.534545660018921,0.0,,,531,198,107,40,1053,383,211,77,813,352,162,70,,,,,,,,,,,,,,,,,,,,,2397,423,705,480
clients,gdm_early,3,0.8,S=3,0.5,1,3,3029,FedTGNN-SS,0.9807061310782241,0.9591774015257248,0.92,0.9744186046511628,0.9583333333333334,0.9501133786848073,0.9387755102040817,0.9504440122777009,0.04291165992617607,1.5644744167830893,0.32443976850945705,0.042750637605456075,0.7619879245758057,253,419,11,22,26.19123077392578,8043792.0,1864.0,0.5246808510638298,439,420,88,84,473,58,95,12,1485,454,297,91,,,,,,,,,,,,,,,,,,,,,2397,423,705,480
clients,gdm_early,3,0.8,S=3,0.5,1,3,3029,FedAvg-LR,0.9758816067653276,0.9709335575534155,0.96,0.9744186046511628,0.96,0.9744186046511628,0.96,0.9672093023255814,0.03966596722602844,0.24375754520127457,1.1111298787389132,0.0470656510997326,0.23297591507434845,264,419,11,11,0.910935640335083,22128.0,,0.5107919621749409,439,420,88,84,473,58,95,12,1485,454,297,91,,,,,,,,,,,,,,,,,,,,,2397,423,705,480
clients,gdm_early,3,0.8,S=3,0.5,1,3,3029,FedProx-LR,0.9759661733615221,0.97108437092898,0.96,0.9744186046511628,0.96,0.9744186046511628,0.96,0.9672093023255814,0.039052464067935944,0.1989587851620348,1.1311366802215057,0.04908995783181054,0.24957843124866486,264,419,11,11,1.1770577430725098,22128.0,,,439,420,88,84,473,58,95,12,1485,454,297,91,,,,,,,,,,,,,,,,,,,,,2397,423,705,480
clients,gdm_early,3,0.8,S=3,0.5,1,3,3029,FedAvg-MLP,0.9866384778012686,0.9787230385316664,0.9854545454545455,0.9720930232558139,0.9575971731448764,0.990521327014218,0.9713261648745519,0.9762734110757736,0.03005770407617092,0.7508782510077371,1.0395766194280733,0.02440345481513661,0.08226087689399719,271,418,12,4,0.5271077156066895,261600.0,,,439,420,88,84,473,58,95,12,1485,454,297,91,,,,,,,,,,,,,,,,,,,,,2397,423,705,480
clients,gdm_early,3,0.8,S=3,0.5,1,3,3029,FedEns-RF,0.9961437632135307,0.9944005952731271,0.9927272727272727,0.9558139534883721,0.934931506849315,0.9951573849878934,0.9629629629629629,0.9690259654672466,0.026546415152648495,-0.2226454112327492,2.0783190918090804,0.0720266105200946,0.3104375,273,411,19,2,3.0997812747955322,,,,439,420,88,84,473,58,95,12,1485,454,297,91,,,,,,,,,,,,,,,,,,,,,2397,423,705,480
clients,gdm_early,3,0.8,S=3,0.5,1,3,3029,FedEns-XGB,0.9909598308668076,0.9904683675256659,0.9745454545454545,0.9744186046511628,0.9605734767025089,0.9835680751173709,0.9675090252707581,0.9732404939437902,0.031012180779765613,-0.35348898425334724,2.035390068989788,0.08954680588879611,0.3196465339977294,268,419,11,7,0.6591236591339111,,,,439,420,88,84,473,58,95,12,1485,454,297,91,,,,,,,,,,,,,,,,,,,,,2397,423,705,480
clients,gdm_early,3,0.8,S=3,0.5,1,3,3029,FedEns-SVM,0.9961775898520084,0.9930053820312509,0.9454545454545454,0.9790697674418605,0.966542750929368,0.9655963302752294,0.9558823529411765,0.9640843635375629,0.027880856216597617,-0.2988573553828402,2.2458438477541054,0.08971785233386831,0.6431489354703523,260,421,9,15,0.0834050178527832,,,,439,420,88,84,473,58,95,12,1485,454,297,91,,,,,,,,,,,,,,,,,,,,,2397,423,705,480
clients,gdm_early,3,0.8,S=3,0.5,1,3,3029,FedST-XGB,0.9905792811839322,0.9859247173593197,0.96,0.9767441860465116,0.9635036496350365,0.974477958236659,0.9617486338797814,0.9686791949886712,0.03442297002182759,-0.5377778787952613,1.902410714502386,0.0850971698420965,0.6044437071929375,264,420,10,11,2.779428243637085,,,,439,420,88,84,473,58,95,12,1485,454,297,91,,,,,,,,,,,,,,,,,,,,,2397,423,705,480
clients,gdm_early,3,0.8,S=3,0.5,1,3,3029,FedMatch-tab,0.9872811839323468,0.9796669467095424,0.9854545454545455,0.9697674418604652,0.954225352112676,0.9904988123515439,0.9695885509838998,0.9748060263732661,0.031422652304172516,0.8409337060216329,1.049718343798918,0.026354245524457177,0.07223498076200485,271,417,13,4,0.7103893756866455,261600.0,,,439,420,88,84,473,58,95,12,1485,454,297,91,,,,,,,,,,,,,,,,,,,,,2397,423,705,480
clients,gdm_early,3,0.8,S=3,0.5,1,3,3029,RSCFed-tab,0.9864862579281184,0.9793767516413602,0.9672727272727273,0.9720930232558139,0.9568345323741008,0.9789227166276346,0.9620253164556962,0.968760616220847,0.0389041006565094,1.1981331907846198,1.0242562978636152,0.03866498523147395,0.12542372941970825,266,418,12,9,0.5313374996185303,174400.0,,,439,420,88,84,473,58,95,12,1485,454,297,91,,,,,,,,,,,,,,,,,,,,,2397,423,705,480
clients,gdm_early,3,0.8,S=3,0.5,1,3,3029,FedAvg-GCN,0.981522198731501,0.9632192726684355,0.96,0.9790697674418605,0.967032967032967,0.9745370370370371,0.9635036496350365,0.9701508967432724,0.02642049640417099,0.5610138124331273,0.8811028497033557,0.01845471123431591,0.437284380197525,264,421,9,11,2.2103638648986816,261600.0,,,439,420,88,84,473,58,95,12,1485,454,297,91,,,,,,,,,,,,,,,,,,,,,2397,423,705,480
clients,gdm_early,3,0.8,S=3,0.5,1,3,3029,FedAvg-SAGE,0.9778181818181818,0.9488286480340593,0.8981818181818182,0.9744186046511628,0.9573643410852714,0.9373601789709173,0.926829268292683,0.9411797424701727,0.04635176062583923,-0.04257543135047475,0.5997328012065677,0.03941270421681832,0.8508656024932861,247,419,11,28,1.5584862232208252,507360.0,,,439,420,88,84,473,58,95,12,1485,454,297,91,,,,,,,,,,,,,,,,,,,,,2397,423,705,480
clients,gdm_early,3,0.8,S=3,0.5,1,3,3029,Local-LR,0.9541649048625792,0.9483948708785831,0.8472727272727273,0.9488372093023256,0.9137254901960784,0.9066666666666666,0.879245283018868,0.9032590051457976,0.06561668962240219,-0.2119905830817083,0.7706417722175264,0.04112132313720722,0.7353123426437378,233,408,22,42,1.2354793548583984,0.0,,,439,420,88,84,473,58,95,12,1485,454,297,91,,,,,,,,,,,,,,,,,,,,,2397,423,705,480
clients,gdm_early,3,0.8,S=3,0.5,1,3,3029,Local-GCN,0.9507484143763214,0.9313114845315494,0.8981818181818182,0.9069767441860465,0.8606271777003485,0.9330143540669856,0.8790035587188612,0.899407439736789,0.0788271352648735,0.07043941992981206,0.5609022740143537,0.06422622112411978,0.3517594635486603,247,390,40,28,2.385967254638672,0.0,,,439,420,88,84,473,58,95,12,1485,454,297,91,,,,,,,,,,,,,,,,,,,,,2397,423,705,480
clients,gdm_early,3,0.8,S=3,0.5,1,3,3029,Local-TGNN,0.9796025369978858,0.9445739777089918,0.8872727272727273,0.9744186046511628,0.9568627450980393,0.9311111111111111,0.9207547169811321,0.9365137221269297,0.06751547753810883,-0.6539491406949084,0.42162740209615496,0.07102514401421689,0.9600728750228882,244,419,11,31,27.400700092315674,0.0,1912.0,0.5261790780141844,439,420,88,84,473,58,95,12,1485,454,297,91,,,,,,,,,,,,,,,,,,,,,2397,423,705,480
clients,gdm_early,3,0.8,S=3,0.5,1,3,3029,Cent-LR,0.9732854122621565,0.9696846983852522,0.96,0.9744186046511628,0.96,0.9744186046511628,0.96,0.9672093023255814,0.03461187332868576,0.039141696179225235,1.0260808252842917,0.039620713971502394,0.3367588222026825,264,419,11,11,0.34103870391845703,0.0,,,439,420,88,84,473,58,95,12,1485,454,297,91,,,,,,,,,,,,,,,,,,,,,2397,423,705,480
clients,gdm_early,3,0.8,S=3,0.5,1,3,3029,Cent-XGB,0.9968794926004229,0.9955194364174249,0.9236363636363636,0.9837209302325581,0.9731800766283525,0.9527027027027027,0.9477611940298507,0.9578622903787697,0.02344035729765892,0.8438906856733477,0.8087590104258416,0.019923167208751258,0.7432870268821716,254,423,7,21,0.21577024459838867,0.0,,,439,420,88,84,473,58,95,12,1485,454,297,91,,,,,,,,,,,,,,,,,,,,,2397,423,705,480
clients,gdm_early,3,0.8,S=3,0.5,1,3,3029,Cent-GRAND,0.9846173361522199,0.9672550058036931,0.9163636363636364,0.986046511627907,0.9767441860465116,0.9485458612975392,0.9455909943714822,0.956261859785513,0.026307320222258568,0.6508451750305396,0.7564040011301367,0.01887978067793323,0.9158260822296143,252,424,6,23,15.200234413146973,0.0,,,439,420,88,84,473,58,95,12,1485,454,297,91,,,,,,,,,,,,,,,,,,,,,2397,423,705,480
clients,gdm_early,3,0.8,S=3,0.5,1,4,3030,FedTGNN-SS,0.9884651162790697,0.9825004396876541,0.9818181818181818,0.9697674418604652,0.9540636042402827,0.9881516587677726,0.967741935483871,0.9733075874602454,0.026986699551343918,-2.4699044058016355,0.3409923496456966,0.02763671565073101,0.00936497189104557,270,417,13,5,28.275208950042725,8043792.0,1851.0,0.48998670212765955,668,58,134,12,1388,796,277,159,341,78,69,16,,,,,,,,,,,,,,,,,,,,,2397,423,705,480
clients,gdm_early,3,0.8,S=3,0.5,1,4,3030,FedAvg-LR,0.9821945031712472,0.9672518391037217,0.9636363636363636,0.9720930232558139,0.9566787003610109,0.9766355140186916,0.9601449275362319,0.9672519509476032,0.0275551900267601,-0.2779567563603851,0.8078156272554421,0.030979375266436973,0.5643050670623779,265,418,12,10,0.6677231788635254,22128.0,,0.49944444444444447,668,58,134,12,1388,796,277,159,341,78,69,16,,,,,,,,,,,,,,,,,,,,,2397,423,705,480
clients,gdm_early,3,0.8,S=3,0.5,1,4,3030,FedProx-LR,0.9824439746300211,0.9679467322502013,0.9636363636363636,0.9720930232558139,0.9566787003610109,0.9766355140186916,0.9601449275362319,0.9672519509476032,0.027490835636854172,-0.24354742845291683,0.8147701506334275,0.031379359965840146,0.5292806625366211,265,418,12,10,0.7454774379730225,22128.0,,,668,58,134,12,1388,796,277,159,341,78,69,16,,,,,,,,,,,,,,,,,,,,,2397,423,705,480
clients,gdm_early,3,0.8,S=3,0.5,1,4,3030,FedAvg-MLP,0.9888202959830867,0.9785722311737952,0.9745454545454545,0.9697674418604652,0.9537366548042705,0.9834905660377359,0.9640287769784173,0.9703047866156723,0.023893672972917557,0.1632375163152201,0.9119863486132166,0.013945818425598732,0.36837443709373474,268,417,13,7,0.47868967056274414,261600.0,,,668,58,134,12,1388,796,277,159,341,78,69,16,,,,,,,,,,,,,,,,,,,,,2397,423,705,480
clients,gdm_early,3,0.8,S=3,0.5,1,4,3030,FedEns-RF,0.9945200845665962,0.9892574502118171,0.9636363636363636,0.9674418604651163,0.9498207885304659,0.9765258215962441,0.9566787003610109,0.9643206585917203,0.023048443776164797,0.23414509314206836,1.5791754613789095,0.03500044326241134,0.6433333333333332,265,416,14,10,3.15684175491333,,,,668,58,134,12,1388,796,277,159,341,78,69,16,,,,,,,,,,,,,,,,,,,,,2397,423,705,480
clients,gdm_early,3,0.8,S=3,0.5,1,4,3030,FedEns-XGB,0.9913657505285411,0.9855013802613252,0.9818181818181818,0.9604651162790697,0.9407665505226481,0.9880382775119617,0.9608540925266904,0.9674553481501377,0.029704584898745792,0.7171582065312899,1.1812095155981777,0.03215510970816872,0.4810239736611644,270,413,17,5,0.5881137847900391,,,,668,58,134,12,1388,796,277,159,341,78,69,16,,,,,,,,,,,,,,,,,,,,,2397,423,705,480
clients,gdm_early,3,0.8,S=3,0.5,1,4,3030,FedEns-SVM,0.9957040169133192,0.9922249914295769,0.9745454545454545,0.9744186046511628,0.9605734767025089,0.9835680751173709,0.9675090252707581,0.9732404939437902,0.01988306934973772,0.14427956994136756,1.728187720032589,0.04273505957951803,0.6907199853082384,268,419,11,7,0.11934590339660645,,,,668,58,134,12,1388,796,277,159,341,78,69,16,,,,,,,,,,,,,,,,,,,,,2397,423,705,480
clients,gdm_early,3,0.8,S=3,0.5,1,4,3030,FedST-XGB,0.9916786469344608,0.984623699217539,0.9745454545454545,0.9604651162790697,0.9403508771929825,0.9833333333333333,0.9571428571428572,0.9644537815126051,0.03029203012104011,0.8382590825101194,0.9361775361221383,0.03094345896338241,0.5201419916054874,268,413,17,7,3.765859603881836,,,,668,58,134,12,1388,796,277,159,341,78,69,16,,,,,,,,,,,,,,,,,,,,,2397,423,705,480
clients,gdm_early,3,0.8,S=3,0.5,1,4,3030,FedMatch-tab,0.9886849894291754,0.9780279899148272,0.9818181818181818,0.9674418604651163,0.9507042253521126,0.9881235154394299,0.9660107334525939,0.9718420294760032,0.024345019832253456,0.21368177548296208,0.9206444939633709,0.014880286421336198,0.25199419260025024,270,416,14,5,0.7672133445739746,261600.0,,,668,58,134,12,1388,796,277,159,341,78,69,16,,,,,,,,,,,,,,,,,,,,,2397,423,705,480
clients,gdm_early,3,0.8,S=3,0.5,1,4,3030,RSCFed-tab,0.9877293868921775,0.9758422967028288,0.9818181818181818,0.9720930232558139,0.9574468085106383,0.9881796690307328,0.9694793536804309,0.9747748468284921,0.023470895364880562,-0.2544604481612706,0.8317948983117585,0.011966319075712913,0.4621550738811493,270,418,12,5,0.45999717712402344,174400.0,,,668,58,134,12,1388,796,277,159,341,78,69,16,,,,,,,,,,,,,,,,,,,,,2397,423,705,480
clients,gdm_early,3,0.8,S=3,0.5,1,4,3030,FedAvg-GCN,0.9865623678646935,0.9652657243498463,0.9854545454545455,0.9627906976744186,0.9442508710801394,0.9904306220095693,0.9644128113879004,0.9704139528637614,0.022046105936169624,0.06704601436555113,0.7728625994238819,0.01194844589112923,0.05001493915915489,271,414,16,4,1.8128032684326172,261600.0,,,668,58,134,12,1388,796,277,159,341,78,69,16,,,,,,,,,,,,,,,,,,,,,2397,423,705,480
clients,gdm_early,3,0.8,S=3,0.5,1,4,3030,FedAvg-SAGE,0.9852854122621565,0.9723126924965684,0.9745454545454545,0.9767441860465116,0.9640287769784173,0.9836065573770492,0.969258589511754,0.9747109750359237,0.028468063101172447,1.2211759634858999,0.6828006206094561,0.0262492737283679,0.21794399619102478,268,420,10,7,1.8883638381958008,507360.0,,,668,58,134,12,1388,796,277,159,341,78,69,16,,,,,,,,,,,,,,,,,,,,,2397,423,705,480
clients,gdm_early,3,0.8,S=3,0.5,1,4,3030,Local-LR,0.9823171247357294,0.9694115868834959,0.9309090909090909,0.9744186046511628,0.9588014981273408,0.95662100456621,0.9446494464944649,0.955043617256449,0.036477554589509964,-0.11099278798218902,0.9701679954755771,0.04298993488575548,0.5498844981193542,256,419,11,19,1.3453762531280518,0.0,,,668,58,134,12,1388,796,277,159,341,78,69,16,,,,,,,,,,,,,,,,,,,,,2397,423,705,480
clients,gdm_early,3,0.8,S=3,0.5,1,4,3030,Local-GCN,0.9881183932346724,0.9696103080836366,0.9890909090909091,0.9674418604651163,0.951048951048951,0.9928400954653938,0.9696969696969697,0.9748367062854695,0.028204144909977913,0.35453376915058243,0.8410367867753908,0.02364676817591099,0.09889809042215347,272,416,14,3,1.9166672229766846,0.0,,,668,58,134,12,1388,796,277,159,341,78,69,16,,,,,,,,,,,,,,,,,,,,,2397,423,705,480
clients,gdm_early,3,0.8,S=3,0.5,1,4,3030,Local-TGNN,0.9900380549682876,0.9802985723778872,0.9709090909090909,0.9744186046511628,0.960431654676259,0.9812646370023419,0.9656419529837251,0.9717357956283853,0.0371641181409359,2.1368859236348507,0.537384505138995,0.03802676690768793,0.05703242868185043,267,419,11,8,27.754070520401,0.0,1898.0,0.504383865248227,668,58,134,12,1388,796,277,159,341,78,69,16,,,,,,,,,,,,,,,,,,,,,2397,423,705,480
clients,gdm_early,3,0.8,S=3,0.5,1,4,3030,Cent-LR,0.9811162790697675,0.969171590012107,0.9490909090909091,0.9744186046511628,0.9595588235294118,0.9676674364896074,0.9542961608775137,0.9626637235442029,0.03061477094888687,-0.2220409938062611,0.9284276495262351,0.04304436954623418,0.5778753757476807,261,419,11,14,0.49561452865600586,0.0,,,668,58,134,12,1388,796,277,159,341,78,69,16,,,,,,,,,,,,,,,,,,,,,2397,423,705,480
clients,gdm_early,3,0.8,S=3,0.5,1,4,3030,Cent-XGB,0.9949767441860464,0.9916693984489633,0.9709090909090909,0.9697674418604652,0.9535714285714286,0.9811764705882353,0.9621621621621622,0.9688003793266952,0.021829484030604362,0.1701333878971525,0.7435828577968949,0.018195273206694736,0.22472460567951202,267,417,13,8,0.26934361457824707,0.0,,,668,58,134,12,1388,796,277,159,341,78,69,16,,,,,,,,,,,,,,,,,,,,,2397,423,705,480
clients,gdm_early,3,0.8,S=3,0.5,1,4,3030,Cent-GRAND,0.9944439746300212,0.9821698322291196,0.9781818181818182,0.9697674418604652,0.9539007092198581,0.9858156028368794,0.9658886894075404,0.9718071817494911,0.02171940915286541,-0.39039188425595256,0.8349469611047886,0.01371155777510176,0.354663610458374,269,417,13,6,15.235298156738281,0.0,,,668,58,134,12,1388,796,277,159,341,78,69,16,,,,,,,,,,,,,,,,,,,,,2397,423,705,480
clients,gdm_early,3,0.8,S=3,0.5,2,0,4026,FedTGNN-SS,0.9858417870509932,0.9772148820270034,0.927007299270073,0.9767981438515081,0.9621212121212122,0.9546485260770975,0.9442379182156134,0.9549171242454214,0.05033257603645325,-4.61896346046767,0.38852978651837256,0.05607211647442945,0.9979514479637146,254,421,10,20,28.328956604003906,8043792.0,1818.0,0.547145390070922,1453,178,291,36,701,692,140,138,243,63,49,13,,,,,,,,,,,,,,,,,,,,,2397,423,705,480
clients,gdm_early,3,0.8,S=3,0.5,2,0,4026,FedAvg-LR,0.9635290531271699,0.9573593671012002,0.9343065693430657,0.9605568445475638,0.9377289377289377,0.9583333333333334,0.9360146252285192,0.9477292129618842,0.062354810535907745,1.3778595119671868,0.9032580687905767,0.07071448689366275,0.1065104678273201,256,414,17,18,0.6675324440002441,22128.0,,0.47497488179669034,1453,178,291,36,701,692,140,138,243,63,49,13,,,,,,,,,,,,,,,,,,,,,2397,423,705,480
clients,gdm_early,3,0.8,S=3,0.5,2,0,4026,FedProx-LR,0.9644181753518384,0.9577208897814192,0.9379562043795621,0.9605568445475638,0.9379562043795621,0.9605568445475638,0.9379562043795621,0.9492565244635629,0.062341708689928055,1.3821976908184697,0.8978623165899486,0.07052441500391521,0.10225711017847061,257,414,17,17,0.9719336032867432,22128.0,,,1453,178,291,36,701,692,140,138,243,63,49,13,,,,,,,,,,,,,,,,,,,,,2397,423,705,480
clients,gdm_early,3,0.8,S=3,0.5,2,0,4026,FedAvg-MLP,0.9852744423933476,0.9764557581846458,0.9854014598540146,0.962877030162413,0.9440559440559441,0.9904534606205251,0.9642857142857143,0.9703781512605042,0.04103351756930351,1.2633383400964606,1.1333033233496683,0.05034358980173761,0.0437069796025753,270,415,16,4,0.5034146308898926,261600.0,,,1453,178,291,36,701,692,140,138,243,63,49,13,,,,,,,,,,,,,,,,,,,,,2397,423,705,480
clients,gdm_early,3,0.8,S=3,0.5,2,0,4026,FedEns-RF,0.9944789743763442,0.9910971697474408,0.9890510948905109,0.9443155452436195,0.9186440677966101,0.9926829268292683,0.9525483304042179,0.9602218465338569,0.03991342635487466,-0.5537042447698007,2.488355774245251,0.10580840721040195,0.4209375,271,407,24,3,3.0714614391326904,,,,1453,178,291,36,701,692,140,138,243,63,49,13,,,,,,,,,,,,,,,,,,,,,2397,423,705,480
clients,gdm_early,3,0.8,S=3,0.5,2,0,4026,FedEns-XGB,0.9893474689654004,0.9810555951030161,0.9562043795620438,0.9605568445475638,0.9390681003584229,0.971830985915493,0.9475587703435805,0.9568598985906933,0.08343008438552528,-0.9110740480086177,2.4864243536332133,0.19515532768584234,0.3597412057298546,262,414,17,12,0.5274107456207275,,,,1453,178,291,36,701,692,140,138,243,63,49,13,,,,,,,,,,,,,,,,,,,,,2397,423,705,480
clients,gdm_early,3,0.8,S=3,0.5,2,0,4026,FedEns-SVM,0.9954443070774128,0.9924339314614765,0.9817518248175182,0.9651972157772621,0.9471830985915493,0.9881235154394299,0.96415770609319,0.970341763844717,0.02971130649522068,0.25150097433084023,1.98016976560343,0.06344911634969369,0.42445943824768595,269,416,15,5,0.07812047004699707,,,,1453,178,291,36,701,692,140,138,243,63,49,13,,,,,,,,,,,,,,,,,,,,,2397,423,705,480
clients,gdm_early,3,0.8,S=3,0.5,2,0,4026,FedST-XGB,0.9877555167917083,0.9825267362004239,0.9379562043795621,0.9559164733178654,0.9311594202898551,0.9603729603729604,0.9345454545454546,0.9463424947145878,0.08307443088304965,-1.0674460173012612,2.0733024514251097,0.1633995508484356,0.34219160812596483,257,412,19,17,3.97467303276062,,,,1453,178,291,36,701,692,140,138,243,63,49,13,,,,,,,,,,,,,,,,,,,,,2397,423,705,480
clients,gdm_early,3,0.8,S=3,0.5,2,0,4026,FedMatch-tab,0.9850627466255695,0.976388757729555,0.9854014598540146,0.962877030162413,0.9440559440559441,0.9904534606205251,0.9642857142857143,0.9703781512605042,0.04142853990197182,1.1886881717449944,1.1776533165495158,0.05075341354236536,0.05046047270298004,270,415,16,4,0.5865941047668457,261600.0,,,1453,178,291,36,701,692,140,138,243,63,49,13,,,,,,,,,,,,,,,,,,,,,2397,423,705,480
clients,gdm_early,3,0.8,S=3,0.5,2,0,4026,RSCFed-tab,0.984834115196369,0.9731780083608543,0.9781021897810219,0.9582366589327146,0.9370629370629371,0.9856801909307876,0.9571428571428572,0.9644537815126051,0.03147876635193825,-0.6123348421235765,1.1265703788794725,0.044064811101936274,0.3003760278224945,268,413,18,6,0.4285135269165039,174400.0,,,1453,178,291,36,701,692,140,138,243,63,49,13,,,,,,,,,,,,,,,,,,,,,2397,423,705,480
clients,gdm_early,3,0.8,S=3,0.5,2,0,4026,FedAvg-GCN,0.9863667925550832,0.977877037391946,0.9854014598540146,0.9651972157772621,0.9473684210526315,0.9904761904761905,0.9660107334525939,0.9718420294760032,0.02986913174390793,1.08783584155891,1.017878113189006,0.03292808829681246,0.07029443979263306,270,416,15,4,2.0074639320373535,261600.0,,,1453,178,291,36,701,692,140,138,243,63,49,13,,,,,,,,,,,,,,,,,,,,,2397,423,705,480
clients,gdm_early,3,0.8,S=3,0.5,2,0,4026,FedAvg-SAGE,0.9774332311548427,0.9615307754247284,0.9452554744525548,0.9675174013921114,0.9487179487179487,0.9652777777777778,0.946983546617916,0.9566899193112754,0.04429220035672188,-0.6545139562431296,0.8610443546200099,0.04010123565515624,0.6518121957778931,259,417,14,15,1.8466944694519043,507360.0,,,1453,178,291,36,701,692,140,138,243,63,49,13,,,,,,,,,,,,,,,,,,,,,2397,423,705,480
clients,gdm_early,3,0.8,S=3,0.5,2,0,4026,Local-LR,0.9334089792876862,0.92585480428283,0.864963503649635,0.91415313225058,0.864963503649635,0.91415313225058,0.864963503649635,0.8895583179501075,0.08446291834115982,-0.6981320029580461,0.5800546942440502,0.05457405280982347,0.677670419216156,237,394,37,37,1.253077745437622,0.0,,,1453,178,291,36,701,692,140,138,243,63,49,13,,,,,,,,,,,,,,,,,,,,,2397,423,705,480
clients,gdm_early,3,0.8,S=3,0.5,2,0,4026,Local-GCN,0.9071333005910546,0.8712810243253639,0.8576642335766423,0.7888631090487239,0.7208588957055214,0.8970976253298153,0.7833333333333333,0.8114197530864198,0.14597022533416748,-1.2575284447789123,0.38428584855551534,0.13282450047447114,0.6495456099510193,235,340,91,39,2.0779004096984863,0.0,,,1453,178,291,36,701,692,140,138,243,63,49,13,,,,,,,,,,,,,,,,,,,,,2397,423,705,480
clients,gdm_early,3,0.8,S=3,0.5,2,0,4026,Local-TGNN,0.9731993157992785,0.9620353757889237,0.8759124087591241,0.962877030162413,0.9375,0.9242761692650334,0.9056603773584906,0.9244210977701544,0.07339197397232056,-1.2562620524975114,0.5860653086884697,0.07238590160503666,0.8657354712486267,240,415,16,34,28.228806734085083,0.0,1890.0,0.6047680260047282,1453,178,291,36,701,692,140,138,243,63,49,13,,,,,,,,,,,,,,,,,,,,,2397,423,705,480
clients,gdm_early,3,0.8,S=3,0.5,2,0,4026,Cent-LR,0.9815062577268955,0.9709331370167428,0.9635036496350365,0.9675174013921114,0.9496402877697842,0.9765807962529274,0.9565217391304348,0.9642748555792033,0.03883671760559082,-0.08255284393649995,1.1198770711101573,0.05101225692118312,0.2985280156135559,264,417,14,10,0.4148716926574707,0.0,,,1453,178,291,36,701,692,140,138,243,63,49,13,,,,,,,,,,,,,,,,,,,,,2397,423,705,480
clients,gdm_early,3,0.8,S=3,0.5,2,0,4026,Cent-XGB,0.994860026758345,0.9912706880720101,0.9562043795620438,0.9837587006960556,0.9739776951672863,0.9724770642201835,0.9650092081031307,0.9715472799454523,0.025627542287111282,-0.5962409441481183,0.7318080399860065,0.025344454850142823,0.8182746171951294,262,424,7,12,0.25406455993652344,0.0,,,1453,178,291,36,701,692,140,138,243,63,49,13,,,,,,,,,,,,,,,,,,,,,2397,423,705,480
clients,gdm_early,3,0.8,S=3,0.5,2,0,4026,Cent-GRAND,0.9894152116110895,0.9428681712797748,0.9562043795620438,0.9767981438515081,0.9632352941176471,0.9722863741339491,0.9597069597069597,0.9671219983719984,0.022847620770335197,-0.2256373887749855,0.8810449110862447,0.011324063830526792,0.8161135315895081,262,421,10,12,15.057784080505371,0.0,,,1453,178,291,36,701,692,140,138,243,63,49,13,,,,,,,,,,,,,,,,,,,,,2397,423,705,480
clients,gdm_early,3,0.8,S=3,0.5,2,1,4027,FedTGNN-SS,0.9926753264348739,0.9802535086642811,1.0,0.9489559164733179,0.9256756756756757,1.0,0.9614035087719298,0.9676065162907268,0.02419695444405079,-6.309831062148396,0.393619083657242,0.025221215391652126,0.0006522682961076498,274,409,22,0,27.874818086624146,8043792.0,1903.0,0.4611746453900709,414,148,83,30,316,88,64,18,1667,697,333,139,,,,,,,,,,,,,,,,,,,,,2397,423,705,480
clients,gdm_early,3,0.8,S=3,0.5,2,1,4027,FedAvg-LR,0.9848849221806357,0.9633175643723874,0.9963503649635036,0.925754060324826,0.8950819672131147,0.9975,0.9430051813471503,0.9516469950057052,0.032224591821432114,-0.600096994393616,0.8389858962837504,0.04781685711432854,0.19234904646873474,273,399,32,1,0.9478039741516113,22128.0,,0.4937810283687944,414,148,83,30,316,88,64,18,1667,697,333,139,,,,,,,,,,,,,,,,,,,,,2397,423,705,480
clients,gdm_early,3,0.8,S=3,0.5,2,1,4027,FedProx-LR,0.9851516588480363,0.9644110395186906,0.9963503649635036,0.9419953596287703,0.9161073825503355,0.9975429975429976,0.9545454545454546,0.9617596007810805,0.032129283994436264,-0.6064138137470194,0.8358144691584356,0.04710515756556326,0.20582175254821777,273,406,25,1,1.138899564743042,22128.0,,,414,148,83,30,316,88,64,18,1667,697,333,139,,,,,,,,,,,,,,,,,,,,,2397,423,705,480
clients,gdm_early,3,0.8,S=3,0.5,2,1,4027,FedAvg-MLP,0.990041831083713,0.9744432917742161,1.0,0.9582366589327146,0.9383561643835616,1.0,0.9681978798586572,0.9734354328203239,0.021332642063498497,-0.7200569665611347,0.9003377804413266,0.016006797544843125,0.09949485957622528,274,413,18,0,0.5756337642669678,261600.0,,,414,148,83,30,316,88,64,18,1667,697,333,139,,,,,,,,,,,,,,,,,,,,,2397,423,705,480
clients,gdm_early,3,0.8,S=3,0.5,2,1,4027,FedEns-RF,0.9970447270818161,0.9952551516213171,1.0,0.9489559164733179,0.9256756756756757,1.0,0.9614035087719298,0.9676065162907268,0.021849687649601067,0.008123003720871836,1.5560549729325344,0.02606758274231679,0.21471874999999999,274,409,22,0,2.3640363216400146,,,,414,148,83,30,316,88,64,18,1667,697,333,139,,,,,,,,,,,,,,,,,,,,,2397,423,705,480
clients,gdm_early,3,0.8,S=3,0.5,2,1,4027,FedEns-XGB,0.9938184835808762,0.9887764506009806,0.9708029197080292,0.974477958236659,0.9602888086642599,0.9813084112149533,0.9655172413793104,0.9716992493276063,0.02433415336189203,0.10122494644386514,1.1096977672831612,0.013473569412124738,0.701607741912206,266,420,11,8,0.630178689956665,,,,414,148,83,30,316,88,64,18,1667,697,333,139,,,,,,,,,,,,,,,,,,,,,2397,423,705,480
clients,gdm_early,3,0.8,S=3,0.5,2,1,4027,FedEns-SVM,0.9960201195657696,0.9931509590040355,1.0,0.9535962877030162,0.9319727891156463,1.0,0.9647887323943662,0.9705178816366131,0.01889751758764623,-0.22747290742686824,1.5848900677549604,0.01577645528856084,0.18011575204307168,274,411,20,0,0.0938718318939209,,,,414,148,83,30,316,88,64,18,1667,697,333,139,,,,,,,,,,,,,,,,,,,,,2397,423,705,480
clients,gdm_early,3,0.8,S=3,0.5,2,1,4027,FedST-XGB,0.9904736904499805,0.9818971907948965,0.9890510948905109,0.9443155452436195,0.9186440677966101,0.9926829268292683,0.9525483304042179,0.9602218465338569,0.02741630486600095,-0.40674435205012416,0.6959274726326511,0.02022815670657729,0.01769419661577558,271,407,24,3,4.087634563446045,,,,414,148,83,30,316,88,64,18,1667,697,333,139,,,,,,,,,,,,,,,,,,,,,2397,423,705,480
clients,gdm_early,3,0.8,S=3,0.5,2,1,4027,FedMatch-tab,0.9902789303436246,0.9755366844985374,1.0,0.9582366589327146,0.9383561643835616,1.0,0.9681978798586572,0.9734354328203239,0.02109036222100258,-0.8609672958936352,0.8708319497528586,0.015884143884247488,0.07023481279611588,274,413,18,0,0.6433029174804688,261600.0,,,414,148,83,30,316,88,64,18,1667,697,333,139,,,,,,,,,,,,,,,,,,,,,2397,423,705,480
clients,gdm_early,3,0.8,S=3,0.5,2,1,4027,RSCFed-tab,0.9902619946822023,0.975902847408116,1.0,0.9582366589327146,0.9383561643835616,1.0,0.9681978798586572,0.9734354328203239,0.020541170611977577,-0.7156410636893293,0.8873635772566119,0.018739609172607342,0.054091230034828186,274,413,18,0,0.6109681129455566,174400.0,,,414,148,83,30,316,88,64,18,1667,697,333,139,,,,,,,,,,,,,,,,,,,,,2397,423,705,480
clients,gdm_early,3,0.8,S=3,0.5,2,1,4027,FedAvg-GCN,0.9879079377445087,0.9610847800942699,1.0,0.9559164733178654,0.9351535836177475,1.0,0.9664902998236331,0.971975873517985,0.022248325869441032,-1.241306417243313,0.8144200997522072,0.023273275948479652,0.054936476051807404,274,412,19,0,2.605438232421875,261600.0,,,414,148,83,30,316,88,64,18,1667,697,333,139,,,,,,,,,,,,,,,,,,,,,2397,423,705,480
clients,gdm_early,3,0.8,S=3,0.5,2,1,4027,FedAvg-SAGE,0.9852151675783698,0.9613989813091143,1.0,0.9605568445475638,0.9415807560137457,1.0,0.9699115044247788,0.9748965806147563,0.025060221552848816,-1.8886377599930706,0.5558921910755333,0.025075311663127944,0.020612703636288643,274,414,17,0,2.0805561542510986,507360.0,,,414,148,83,30,316,88,64,18,1667,697,333,139,,,,,,,,,,,,,,,,,,,,,2397,423,705,480
clients,gdm_early,3,0.8,S=3,0.5,2,1,4027,Local-LR,0.9825478009043643,0.9672912805544998,0.9854014598540146,0.9048723897911833,0.8681672025723473,0.9898477157360406,0.9230769230769231,0.9342657342657343,0.038409095257520676,-0.4833769010323585,0.9543021177576035,0.04671576857461154,0.17874561250209808,270,390,41,4,1.3834834098815918,0.0,,,414,148,83,30,316,88,64,18,1667,697,333,139,,,,,,,,,,,,,,,,,,,,,2397,423,705,480
clients,gdm_early,3,0.8,S=3,0.5,2,1,4027,Local-GCN,0.9793554287262689,0.946669112814453,0.9890510948905109,0.9280742459396751,0.8973509933774835,0.9925558312655087,0.9409722222222222,0.9501024180655475,0.02904081903398037,-0.7913598015141541,0.7363802394618513,0.02261397327487986,0.06525200605392456,271,400,31,3,2.1956369876861572,0.0,,,414,148,83,30,316,88,64,18,1667,697,333,139,,,,,,,,,,,,,,,,,,,,,2397,423,705,480
clients,gdm_early,3,0.8,S=3,0.5,2,1,4027,Local-TGNN,0.9867055057835283,0.9692782285862969,0.9927007299270073,0.9559164733178654,0.9347079037800687,0.9951690821256038,0.9628318584070796,0.9689898937005812,0.02645157091319561,-2.480319660634619,0.4795262071681257,0.025461736897251022,0.006930438801646233,272,412,19,2,28.082423448562622,0.0,1912.0,0.4580540780141844,414,148,83,30,316,88,64,18,1667,697,333,139,,,,,,,,,,,,,,,,,,,,,2397,423,705,480
clients,gdm_early,3,0.8,S=3,0.5,2,1,4027,Cent-LR,0.9856554947753484,0.967883059728631,1.0,0.951276102088167,0.9288135593220339,1.0,0.9630931458699473,0.9690614361929999,0.030581600964069366,-0.7267939178600402,0.8923495482593823,0.056535768323967645,0.29099923372268677,274,410,21,0,0.3626835346221924,0.0,,,414,148,83,30,316,88,64,18,1667,697,333,139,,,,,,,,,,,,,,,,,,,,,2397,423,705,480
clients,gdm_early,3,0.8,S=3,0.5,2,1,4027,Cent-XGB,0.9955967280302133,0.9923882537556546,1.0,0.951276102088167,0.9288135593220339,1.0,0.9630931458699473,0.9690614361929999,0.025570614263415337,-0.8552307790495008,0.7056030223002792,0.021711770276017214,0.01110772043466568,274,410,21,0,0.1970043182373047,0.0,,,414,148,83,30,316,88,64,18,1667,697,333,139,,,,,,,,,,,,,,,,,,,,,2397,423,705,480
clients,gdm_early,3,0.8,S=3,0.5,2,1,4027,Cent-GRAND,0.9898131996545124,0.9627323579297159,0.9963503649635036,0.9559164733178654,0.934931506849315,0.9975786924939467,0.9646643109540636,0.9704838142448042,0.024736864492297173,-1.5686638291400088,0.7775462756054295,0.02090373800552274,0.15648570656776428,273,412,19,1,15.22970724105835,0.0,,,414,148,83,30,316,88,64,18,1667,697,333,139,,,,,,,,,,,,,,,,,,,,,2397,423,705,480
clients,gdm_early,3,0.8,S=3,0.5,2,2,4028,FedTGNN-SS,0.981811099632496,0.965623304099007,0.9781021897810219,0.9559164733178654,0.9337979094076655,0.9856459330143541,0.9554367201426025,0.962995156302161,0.02980809286236763,-3.089978330643874,0.3855236053543337,0.030875484138918753,0.10762625187635422,268,412,19,6,27.831538677215576,8043792.0,1884.0,0.5080466903073286,370,333,74,67,372,283,75,57,1655,317,331,63,,,,,,,,,,,,,,,,,,,,,2397,423,705,480
clients,gdm_early,3,0.8,S=3,0.5,2,2,4028,FedAvg-LR,0.9761291852253289,0.9607664625826925,0.9452554744525548,0.9698375870069605,0.9522058823529411,0.9653579676674365,0.9487179487179487,0.9581552706552706,0.04846597835421562,0.406372705455963,1.0745982576351776,0.061294903400096475,0.283401221036911,259,418,13,15,0.7324883937835693,22128.0,,0.4832904846335698,370,333,74,67,372,283,75,57,1655,317,331,63,,,,,,,,,,,,,,,,,,,,,2397,423,705,480
clients,gdm_early,3,0.8,S=3,0.5,2,2,4028,FedProx-LR,0.9762477348552847,0.9609796620223738,0.948905109489051,0.9675174013921114,0.948905109489051,0.9675174013921114,0.948905109489051,0.9582112554405813,0.04824323579668999,0.39054360205565014,1.0742771859532563,0.05867343948136831,0.2813372313976288,260,417,14,14,0.8287081718444824,22128.0,,,370,333,74,67,372,283,75,57,1655,317,331,63,,,,,,,,,,,,,,,,,,,,,2397,423,705,480
clients,gdm_early,3,0.8,S=3,0.5,2,2,4028,FedAvg-MLP,0.9859349331888156,0.9786992114326574,0.9817518248175182,0.9651972157772621,0.9471830985915493,0.9881235154394299,0.96415770609319,0.970341763844717,0.033592838793992996,0.6129668449978933,1.1815291666465102,0.039636537987501046,0.30607154965400696,269,416,15,5,0.5117998123168945,261600.0,,,370,333,74,67,372,283,75,57,1655,317,331,63,,,,,,,,,,,,,,,,,,,,,2397,423,705,480
clients,gdm_early,3,0.8,S=3,0.5,2,2,4028,FedEns-RF,0.9977898961843954,0.9965888454659411,0.9598540145985401,0.974477958236659,0.9598540145985401,0.974477958236659,0.9598540145985401,0.9671659864175995,0.02321511438925212,-0.3693426502776748,2.3949218856517267,0.06344596631205675,0.6531354166666667,263,420,11,11,2.7696242332458496,,,,370,333,74,67,372,283,75,57,1655,317,331,63,,,,,,,,,,,,,,,,,,,,,2397,423,705,480
clients,gdm_early,3,0.8,S=3,0.5,2,2,4028,FedEns-XGB,0.992810811726252,0.9905608348204025,0.9708029197080292,0.9721577726218097,0.9568345323741008,0.9812646370023419,0.9637681159420289,0.9702290463160028,0.0351546878266732,-0.6990262515915691,1.912564731751598,0.07755095307486984,0.34169925428771725,266,419,12,8,0.5567846298217773,,,,370,333,74,67,372,283,75,57,1655,317,331,63,,,,,,,,,,,,,,,,,,,,,2397,423,705,480
clients,gdm_early,3,0.8,S=3,0.5,2,2,4028,FedEns-SVM,0.9979846562907515,0.9968882104215004,0.9890510948905109,0.9582366589327146,0.9377162629757786,0.9927884615384616,0.9626998223801065,0.9689532169751772,0.02495501980748417,-0.3167207428586836,2.2888467624201403,0.07738946727051722,0.47607008347433566,271,413,18,3,0.09066271781921387,,,,370,333,74,67,372,283,75,57,1655,317,331,63,,,,,,,,,,,,,,,,,,,,,2397,423,705,480
clients,gdm_early,3,0.8,S=3,0.5,2,2,4028,FedST-XGB,0.9889325452605551,0.9867306459951004,0.9525547445255474,0.9767981438515081,0.9630996309963099,0.9700460829493087,0.9577981651376147,0.9656042848809461,0.03896593392082745,-1.11822543603064,1.4117559330408644,0.0782572667189515,0.4186197797146936,261,421,10,13,4.367211103439331,,,,370,333,74,67,372,283,75,57,1655,317,331,63,,,,,,,,,,,,,,,,,,,,,2397,423,705,480
clients,gdm_early,3,0.8,S=3,0.5,2,2,4028,FedMatch-tab,0.9859942080037936,0.9795414389916396,0.9817518248175182,0.9651972157772621,0.9471830985915493,0.9881235154394299,0.96415770609319,0.970341763844717,0.03258085250854492,0.5642977676061068,1.187285747256769,0.03792585761464655,0.293302446603775,269,416,15,5,0.6296305656433105,261600.0,,,370,333,74,67,372,283,75,57,1655,317,331,63,,,,,,,,,,,,,,,,,,,,,2397,423,705,480
clients,gdm_early,3,0.8,S=3,0.5,2,2,4028,RSCFed-tab,0.9845970159364574,0.9751167310061651,0.9854014598540146,0.962877030162413,0.9440559440559441,0.9904534606205251,0.9642857142857143,0.9703781512605042,0.04025513678789139,0.8652040344198171,1.1774662349918554,0.05079385285259137,0.19602620601654053,270,415,16,4,0.3654501438140869,174400.0,,,370,333,74,67,372,283,75,57,1655,317,331,63,,,,,,,,,,,,,,,,,,,,,2397,423,705,480
clients,gdm_early,3,0.8,S=3,0.5,2,2,4028,FedAvg-GCN,0.9872559147797517,0.9801008796249887,0.9817518248175182,0.9651972157772621,0.9471830985915493,0.9881235154394299,0.96415770609319,0.970341763844717,0.026914028450846672,0.3979098129059823,1.1065075160109006,0.022819127718396212,0.37698134779930115,269,416,15,5,1.9755282402038574,261600.0,,,370,333,74,67,372,283,75,57,1655,317,331,63,,,,,,,,,,,,,,,,,,,,,2397,423,705,480
clients,gdm_early,3,0.8,S=3,0.5,2,2,4028,FedAvg-SAGE,0.9889071417684218,0.9787761824028023,0.9708029197080292,0.9721577726218097,0.9568345323741008,0.9812646370023419,0.9637681159420289,0.9702290463160028,0.02354959025979042,-0.2866653707940922,0.825818281272599,0.013467032740764499,0.6717314720153809,266,419,12,8,1.7384281158447266,507360.0,,,370,333,74,67,372,283,75,57,1655,317,331,63,,,,,,,,,,,,,,,,,,,,,2397,423,705,480
clients,gdm_early,3,0.8,S=3,0.5,2,2,4028,Local-LR,0.9668484427659323,0.9436414824298823,0.948905109489051,0.925754060324826,0.8904109589041096,0.9661016949152542,0.9187279151943463,0.9321127727630499,0.05879443138837814,-0.6241047883937367,0.8633629191365793,0.04524527430164476,0.4319339096546173,260,399,32,14,1.3720636367797852,0.0,,,370,333,74,67,372,283,75,57,1655,317,331,63,,,,,,,,,,,,,,,,,,,,,2397,423,705,480
clients,gdm_early,3,0.8,S=3,0.5,2,2,4028,Local-GCN,0.9794401070333801,0.9616841335030429,0.9744525547445255,0.8955916473317865,0.8557692307692307,0.9821882951653944,0.9112627986348123,0.9240780012591537,0.055937204509973526,-0.08589426303007776,0.9055265094123303,0.037320158765354064,0.2284771203994751,267,386,45,7,1.8656330108642578,0.0,,,370,333,74,67,372,283,75,57,1655,317,331,63,,,,,,,,,,,,,,,,,,,,,2397,423,705,480
clients,gdm_early,3,0.8,S=3,0.5,2,2,4028,Local-TGNN,0.987078090334818,0.9768876993299556,0.9416058394160584,0.951276102088167,0.9247311827956989,0.9624413145539906,0.9330922242314648,0.9449591809605398,0.047272685915231705,-2.0542979077780625,0.5638089205656003,0.04798671272814485,0.927747368812561,258,410,21,16,28.195330381393433,0.0,1906.0,0.51985963356974,370,333,74,67,372,283,75,57,1655,317,331,63,,,,,,,,,,,,,,,,,,,,,2397,423,705,480
clients,gdm_early,3,0.8,S=3,0.5,2,2,4028,Cent-LR,0.9774755703083984,0.9612354426540757,0.9781021897810219,0.9605568445475638,0.9403508771929825,0.9857142857142858,0.9588550983899821,0.9659140356814775,0.03727929666638374,-0.4035194085255612,1.0462321973721098,0.06024676696364338,0.3893325626850128,268,414,17,6,0.3900017738342285,0.0,,,370,333,74,67,372,283,75,57,1655,317,331,63,,,,,,,,,,,,,,,,,,,,,2397,423,705,480
clients,gdm_early,3,0.8,S=3,0.5,2,2,4028,Cent-XGB,0.9983233695191965,0.9973724432565465,0.9963503649635036,0.962877030162413,0.9446366782006921,0.9975961538461539,0.9698046181172292,0.9748668899322863,0.018171176314353943,0.0557029482229184,0.8946596226557454,0.01803582809231382,0.16731400787830353,273,415,16,1,0.1964263916015625,0.0,,,370,333,74,67,372,283,75,57,1655,317,331,63,,,,,,,,,,,,,,,,,,,,,2397,423,705,480
clients,gdm_early,3,0.8,S=3,0.5,2,2,4028,Cent-GRAND,0.9890934340440666,0.9735445483150434,0.9890510948905109,0.9582366589327146,0.9377162629757786,0.9927884615384616,0.9626998223801065,0.9689532169751772,0.024627486243844032,-0.23215833656053278,0.8893224025745299,0.011219629109011465,0.24323758482933044,271,413,18,3,15.234618663787842,0.0,,,370,333,74,67,372,283,75,57,1655,317,331,63,,,,,,,,,,,,,,,,,,,,,2397,423,705,480
clients,gdm_early,3,0.8,S=3,0.5,2,3,4029,FedTGNN-SS,0.9917589852008456,0.9814550816620804,0.9781818181818182,0.9674418604651163,0.950530035335689,0.985781990521327,0.96415770609319,0.970341763844717,0.026766695082187653,-5.26954917955608,0.3859895164783298,0.026850341809071372,0.9283849596977234,269,416,14,6,27.33141255378723,8043792.0,1868.0,0.5188031914893617,818,54,164,11,310,170,62,34,1269,708,254,142,,,,,,,,,,,,,,,,,,,,,2397,423,705,480
clients,gdm_early,3,0.8,S=3,0.5,2,3,4029,FedAvg-LR,0.9802536997885836,0.9499463147614002,0.9818181818181818,0.9627906976744186,0.9440559440559441,0.9880668257756563,0.9625668449197861,0.9689159312938154,0.03473755717277527,-0.6292730193179306,0.9085128804951307,0.05200292941526317,0.37990596890449524,270,414,16,5,0.7042911052703857,22128.0,,0.5119015957446809,818,54,164,11,310,170,62,34,1269,708,254,142,,,,,,,,,,,,,,,,,,,,,2397,423,705,480
clients,gdm_early,3,0.8,S=3,0.5,2,3,4029,FedProx-LR,0.9805581395348837,0.9503558671273022,0.9745454545454545,0.9651162790697675,0.9469964664310954,0.9834123222748815,0.9605734767025089,0.9673759402291887,0.034593723714351654,-0.6044888795117246,0.927970055793326,0.051975611835084055,0.42195969820022583,268,415,15,7,0.9973461627960205,22128.0,,,818,54,164,11,310,170,62,34,1269,708,254,142,,,,,,,,,,,,,,,,,,,,,2397,423,705,480
clients,gdm_early,3,0.8,S=3,0.5,2,3,4029,FedAvg-MLP,0.9858773784355179,0.9561984813760049,0.9854545454545455,0.9604651162790697,0.9409722222222222,0.9904076738609112,0.9626998223801065,0.9689532169751772,0.026861507445573807,-0.004757386677380157,1.000016573052968,0.023582915253673044,0.1842658966779709,271,413,17,4,0.536121129989624,261600.0,,,818,54,164,11,310,170,62,34,1269,708,254,142,,,,,,,,,,,,,,,,,,,,,2397,423,705,480
clients,gdm_early,3,0.8,S=3,0.5,2,3,4029,FedEns-RF,0.9953742071881608,0.9923248673745102,0.9963636363636363,0.9465116279069767,0.9225589225589226,0.9975490196078431,0.958041958041958,0.9647011699517666,0.02655377153578113,0.5527775866775536,1.7570619724235879,0.04320174349881794,0.20779166666666668,274,407,23,1,2.6418683528900146,,,,818,54,164,11,310,170,62,34,1269,708,254,142,,,,,,,,,,,,,,,,,,,,,2397,423,705,480
clients,gdm_early,3,0.8,S=3,0.5,2,3,4029,FedEns-XGB,0.9924059196617336,0.9851562315416245,0.9927272727272727,0.9395348837209302,0.9130434782608695,0.9950738916256158,0.9512195121951219,0.9588633446143073,0.031067054650862236,0.7482051326892047,1.2829535190451447,0.03510030402222195,0.0675611624494195,273,404,26,2,0.5208203792572021,,,,818,54,164,11,310,170,62,34,1269,708,254,142,,,,,,,,,,,,,,,,,,,,,2397,423,705,480
clients,gdm_early,3,0.8,S=3,0.5,2,3,4029,FedEns-SVM,0.9938181818181817,0.9887696225603182,0.9963636363636363,0.9604651162790697,0.9415807560137457,0.9975845410628019,0.9681978798586572,0.9734354328203239,0.032152045962196174,0.8144758380997219,2.659823151862946,0.07065990286862994,0.4374673044600043,274,413,17,1,0.07812023162841797,,,,818,54,164,11,310,170,62,34,1269,708,254,142,,,,,,,,,,,,,,,,,,,,,2397,423,705,480
clients,gdm_early,3,0.8,S=3,0.5,2,3,4029,FedST-XGB,0.9900465116279069,0.9802159111132247,0.9854545454545455,0.9488372093023256,0.9249146757679181,0.9902912621359223,0.954225352112676,0.961673246127597,0.034796431088271136,0.9766077190060187,0.8803300305742437,0.036863144104202945,0.34030185391505563,271,408,22,4,3.73921275138855,,,,818,54,164,11,310,170,62,34,1269,708,254,142,,,,,,,,,,,,,,,,,,,,,2397,423,705,480
clients,gdm_early,3,0.8,S=3,0.5,2,3,4029,FedMatch-tab,0.9856321353065539,0.9557111715369568,0.9890909090909091,0.9441860465116279,0.918918918918919,0.9926650366748166,0.9527145359019265,0.9602666839223577,0.02710016630589962,0.06098938373351306,1.0067717885635954,0.02263154106359956,0.10272332280874252,272,406,24,3,0.6234076023101807,261600.0,,,818,54,164,11,310,170,62,34,1269,708,254,142,,,,,,,,,,,,,,,,,,,,,2397,423,705,480
clients,gdm_early,3,0.8,S=3,0.5,2,3,4029,RSCFed-tab,0.9865454545454545,0.9613653630097347,0.9890909090909091,0.9558139534883721,0.9347079037800687,0.9927536231884058,0.9611307420494699,0.9675321956692847,0.026447271928191185,-0.3863797612957195,0.9124417966558488,0.020688378176790596,0.17881177365779877,272,411,19,3,0.3913571834564209,174400.0,,,818,54,164,11,310,170,62,34,1269,708,254,142,,,,,,,,,,,,,,,,,,,,,2397,423,705,480
clients,gdm_early,3,0.8,S=3,0.5,2,3,4029,FedAvg-GCN,0.989293868921776,0.9737630913246512,0.9818181818181818,0.9720930232558139,0.9574468085106383,0.9881796690307328,0.9694793536804309,0.9747748468284921,0.02069728635251522,-0.0643300544987311,0.9925858469894615,0.008134854764591708,0.43192410469055176,270,418,12,5,2.0140929222106934,261600.0,,,818,54,164,11,310,170,62,34,1269,708,254,142,,,,,,,,,,,,,,,,,,,,,2397,423,705,480
clients,gdm_early,3,0.8,S=3,0.5,2,3,4029,FedAvg-SAGE,0.982909090909091,0.9531751349464407,0.9672727272727273,0.9674418604651163,0.95,0.9788235294117648,0.9585585585585585,0.9658289868816184,0.028244180604815483,0.3738970156082623,0.7940382004781888,0.015658000465614566,0.4238269329071045,266,416,14,9,1.795098066329956,507360.0,,,818,54,164,11,310,170,62,34,1269,708,254,142,,,,,,,,,,,,,,,,,,,,,2397,423,705,480
clients,gdm_early,3,0.8,S=3,0.5,2,3,4029,Local-LR,0.9734883720930233,0.9408444692963424,0.9127272727272727,0.9697674418604652,0.9507575757575758,0.9455782312925171,0.9313543599257885,0.9444372258871193,0.048675354570150375,0.07664328526047481,0.8923692500237561,0.03799443553789709,0.40771183371543884,251,417,13,24,1.2130088806152344,0.0,,,818,54,164,11,310,170,62,34,1269,708,254,142,,,,,,,,,,,,,,,,,,,,,2397,423,705,480
clients,gdm_early,3,0.8,S=3,0.5,2,3,4029,Local-GCN,0.9792854122621564,0.9441611852063141,0.9818181818181818,0.9162790697674419,0.8823529411764706,0.9874686716791979,0.9294320137693631,0.9399874182236442,0.046723585575819016,0.7137689871088183,0.7619439515301265,0.03417603395720746,0.09379174560308456,270,394,36,5,1.985771894454956,0.0,,,818,54,164,11,310,170,62,34,1269,708,254,142,,,,,,,,,,,,,,,,,,,,,2397,423,705,480
clients,gdm_early,3,0.8,S=3,0.5,2,3,4029,Local-TGNN,0.9783551797040171,0.9514610078685433,0.9127272727272727,0.9697674418604652,0.9507575757575758,0.9455782312925171,0.9313543599257885,0.9444372258871193,0.04903378710150719,2.204549216416915,0.43243645028947897,0.04837047389530122,0.4685177803039551,251,417,13,24,28.164217948913574,0.0,1912.0,0.4783510638297872,818,54,164,11,310,170,62,34,1269,708,254,142,,,,,,,,,,,,,,,,,,,,,2397,423,705,480
clients,gdm_early,3,0.8,S=3,0.5,2,3,4029,Cent-LR,0.9807780126849894,0.9500329078116336,0.9781818181818182,0.9627906976744186,0.9438596491228071,0.9857142857142858,0.9607142857142857,0.9674159663865547,0.034742746502161026,-0.21550926754358304,1.0343487827816937,0.05391393791329352,0.3282296061515808,269,414,16,6,0.3737332820892334,0.0,,,818,54,164,11,310,170,62,34,1269,708,254,142,,,,,,,,,,,,,,,,,,,,,2397,423,705,480
clients,gdm_early,3,0.8,S=3,0.5,2,3,4029,Cent-XGB,0.996938689217759,0.9952509093529285,0.9890909090909091,0.9511627906976744,0.9283276450511946,0.9927184466019418,0.9577464788732394,0.9646214579639356,0.02306210622191429,-0.5986205063223884,0.7488404461180004,0.02218036910532212,0.07619929313659668,272,409,21,3,0.20058774948120117,0.0,,,818,54,164,11,310,170,62,34,1269,708,254,142,,,,,,,,,,,,,,,,,,,,,2397,423,705,480
clients,gdm_early,3,0.8,S=3,0.5,2,3,4029,Cent-GRAND,0.9935475687103594,0.9885557324543073,0.9818181818181818,0.958139534883721,0.9375,0.988009592326139,0.9591474245115453,0.9659963804966227,0.022455068305134773,-0.2861933766097513,0.8649873443206985,0.017504508668517167,0.11182362586259842,270,412,18,5,15.235920429229736,0.0,,,818,54,164,11,310,170,62,34,1269,708,254,142,,,,,,,,,,,,,,,,,,,,,2397,423,705,480
clients,gdm_early,3,0.8,S=3,0.5,2,4,4030,FedTGNN-SS,0.9807991543340381,0.968668073949247,0.96,0.9651162790697675,0.946236559139785,0.9741784037558685,0.9530685920577617,0.9613473801410304,0.0383322574198246,1.2001142356741186,0.4118365488096816,0.03816874124545683,0.0889071449637413,264,415,15,11,28.678841590881348,8043792.0,1847.0,0.5591234161251075,1036,855,207,171,1298,71,259,14,63,6,12,1,,,,,,,,,,,,,,,,,,,,,2397,423,705,478
clients,gdm_early,3,0.8,S=3,0.5,2,4,4030,FedAvg-LR,0.9731966173361521,0.941739131049897,0.9636363636363636,0.958139534883721,0.9363957597173145,0.976303317535545,0.9498207885304659,0.9584784693826038,0.05531040579080582,1.3114132770428528,0.7768139820709278,0.06002526082468369,0.07979220151901245,265,412,18,10,0.6195480823516846,22128.0,,0.5112406896347073,1036,855,207,171,1298,71,259,14,63,6,12,1,,,,,,,,,,,,,,,,,,,,,2397,423,705,478
clients,gdm_early,3,0.8,S=3,0.5,2,4,4030,FedProx-LR,0.973767441860465,0.9420076867371243,0.9490909090909091,0.9651162790697675,0.9456521739130435,0.9673659673659674,0.9473684210526315,0.9568041173947675,0.05389704555273056,1.2550044459070029,0.7905825769097486,0.05842368130089965,0.16677026450634003,261,415,15,14,0.8254432678222656,22128.0,,,1036,855,207,171,1298,71,259,14,63,6,12,1,,,,,,,,,,,,,,,,,,,,,2397,423,705,478
clients,gdm_early,3,0.8,S=3,0.5,2,4,4030,FedAvg-MLP,0.9809640591966172,0.9603588351904175,0.9709090909090909,0.9674418604651163,0.9501779359430605,0.9811320754716981,0.960431654676259,0.9673352652772396,0.051663219928741455,0.7423118858281688,1.3678675200996198,0.06855591996077526,0.1997687667608261,267,416,14,8,0.4033060073852539,261600.0,,,1036,855,207,171,1298,71,259,14,63,6,12,1,,,,,,,,,,,,,,,,,,,,,2397,423,705,478
clients,gdm_early,3,0.8,S=3,0.5,2,4,4030,FedEns-RF,0.9920084566596195,0.9853971661918928,0.9927272727272727,0.9488372093023256,0.9254237288135593,0.9951219512195122,0.9578947368421052,0.9646616541353383,0.03950047995694347,0.6086901506552662,1.9713736007538465,0.06960019585150895,0.27737447698744766,273,408,22,2,2.6301651000976562,,,,1036,855,207,171,1298,71,259,14,63,6,12,1,,,,,,,,,,,,,,,,,,,,,2397,423,705,478
clients,gdm_early,3,0.8,S=3,0.5,2,4,4030,FedEns-XGB,0.9855560253699788,0.9677241719594997,0.9781818181818182,0.9651162790697675,0.9471830985915493,0.9857482185273159,0.962432915921288,0.9688780325787403,0.0650655635007755,0.5406618883367831,2.3226487370944704,0.11805210556904489,0.41879973382100655,269,415,15,6,0.6796109676361084,,,,1036,855,207,171,1298,71,259,14,63,6,12,1,,,,,,,,,,,,,,,,,,,,,2397,423,705,478
clients,gdm_early,3,0.8,S=3,0.5,2,4,4030,FedEns-SVM,0.9894122621564483,0.9786206966193381,0.9854545454545455,0.9558139534883721,0.9344827586206896,0.9903614457831326,0.95929203539823,0.9660365502434938,0.04438808168223557,0.9398653714516251,1.590002828470329,0.0737418331193615,0.4042801388971816,271,411,19,4,0.0468747615814209,,,,1036,855,207,171,1298,71,259,14,63,6,12,1,,,,,,,,,,,,,,,,,,,,,2397,423,705,478
clients,gdm_early,3,0.8,S=3,0.5,2,4,4030,FedST-XGB,0.9857082452431288,0.971203426075411,0.9854545454545455,0.9441860465116279,0.9186440677966101,0.9902439024390244,0.9508771929824561,0.9587719298245614,0.05649303704602097,1.2281875336979302,1.325696715994232,0.0761992901756343,0.33037155772005034,271,406,24,4,3.59535813331604,,,,1036,855,207,171,1298,71,259,14,63,6,12,1,,,,,,,,,,,,,,,,,,,,,2397,423,705,478
clients,gdm_early,3,0.8,S=3,0.5,2,4,4030,FedMatch-tab,0.9809725158562368,0.9611403442754047,0.9818181818181818,0.9651162790697675,0.9473684210526315,0.9880952380952381,0.9642857142857143,0.9703781512605042,0.051491010934114456,0.7865049218195309,1.3674442261074296,0.06654846107600428,0.16206948459148407,270,415,15,5,0.6971726417541504,261600.0,,,1036,855,207,171,1298,71,259,14,63,6,12,1,,,,,,,,,,,,,,,,,,,,,2397,423,705,478
clients,gdm_early,3,0.8,S=3,0.5,2,4,4030,RSCFed-tab,0.9831120507399578,0.9647854541207945,0.9745454545454545,0.9720930232558139,0.9571428571428572,0.9835294117647059,0.9657657657657658,0.9717717717717718,0.05004415288567543,-1.7174099535731364,0.9373733584295239,0.08807964550053819,0.7747048735618591,268,418,12,7,0.521467924118042,174400.0,,,1036,855,207,171,1298,71,259,14,63,6,12,1,,,,,,,,,,,,,,,,,,,,,2397,423,705,478
clients,gdm_early,3,0.8,S=3,0.5,2,4,4030,FedAvg-GCN,0.9803636363636363,0.9633431816926309,0.9490909090909091,0.9720930232558139,0.9560439560439561,0.9675925925925926,0.9525547445255474,0.961196165766254,0.039633627980947495,1.1802620912613395,0.9325007624598676,0.03949494486450092,0.2817452549934387,261,418,12,14,2.327733278274536,261600.0,,,1036,855,207,171,1298,71,259,14,63,6,12,1,,,,,,,,,,,,,,,,,,,,,2397,423,705,478
clients,gdm_early,3,0.8,S=3,0.5,2,4,4030,FedAvg-SAGE,0.9811670190274842,0.9668421715135966,0.9309090909090909,0.9604651162790697,0.9377289377289377,0.9560185185185185,0.9343065693430657,0.9462716141378902,0.08166340738534927,2.9120309918256955,0.694814036845334,0.08856945265190187,0.024599114432930946,256,413,17,19,1.5968127250671387,507360.0,,,1036,855,207,171,1298,71,259,14,63,6,12,1,,,,,,,,,,,,,,,,,,,,,2397,423,705,478
clients,gdm_early,3,0.8,S=3,0.5,2,4,4030,Local-LR,0.9369471458773785,0.9231511770633153,0.8109090909090909,0.9,0.8383458646616542,0.8815489749430524,0.8243992606284658,0.8575391009701592,0.08758170157670975,1.019316797906064,0.5650077469235684,0.07001862270453721,0.2194075584411621,223,387,43,52,1.3675100803375244,0.0,,,1036,855,207,171,1298,71,259,14,63,6,12,1,,,,,,,,,,,,,,,,,,,,,2397,423,705,478
clients,gdm_early,3,0.8,S=3,0.5,2,4,4030,Local-GCN,0.9402536997885835,0.9268557196950842,0.8290909090909091,0.9697674418604652,0.946058091286307,0.8987068965517241,0.8837209302325582,0.9083034181364134,0.0872524231672287,1.9897013154126688,0.43888143220589615,0.08382431623123007,0.17955425381660461,228,417,13,47,2.429839611053467,0.0,,,1036,855,207,171,1298,71,259,14,63,6,12,1,,,,,,,,,,,,,,,,,,,,,2397,423,705,478
clients,gdm_early,3,0.8,S=3,0.5,2,4,4030,Local-TGNN,0.9527610993657505,0.9393760084920848,0.8763636363636363,0.9418604651162791,0.9060150375939849,0.9225512528473804,0.8909426987060998,0.9115242837604147,0.09200408309698105,3.2906607287852987,0.42581996194471605,0.09204615378514566,0.014006628654897213,241,405,25,34,29.062504768371582,0.0,1884.0,0.503148461378676,1036,855,207,171,1298,71,259,14,63,6,12,1,,,,,,,,,,,,,,,,,,,,,2397,423,705,478
clients,gdm_early,3,0.8,S=3,0.5,2,4,4030,Cent-LR,0.9745792811839323,0.9403321334114224,0.9636363636363636,0.9720930232558139,0.9566787003610109,0.9766355140186916,0.9601449275362319,0.9672519509476032,0.03391529619693756,-0.11403715419150674,0.8312450452406777,0.033089894537173245,0.3884255588054657,265,418,12,10,0.43456149101257324,0.0,,,1036,855,207,171,1298,71,259,14,63,6,12,1,,,,,,,,,,,,,,,,,,,,,2397,423,705,478
clients,gdm_early,3,0.8,S=3,0.5,2,4,4030,Cent-XGB,0.9948583509513742,0.9933992655407882,0.9418181818181818,0.9883720930232558,0.9810606060606061,0.963718820861678,0.961038961038961,0.9684643714494461,0.021963847801089287,0.6383092520048392,0.7458760758930796,0.01783120072255216,0.8505772352218628,259,425,5,16,0.24177908897399902,0.0,,,1036,855,207,171,1298,71,259,14,63,6,12,1,,,,,,,,,,,,,,,,,,,,,2397,423,705,478
clients,gdm_early,3,0.8,S=3,0.5,2,4,4030,Cent-GRAND,0.9850486257928118,0.9548863167825724,0.9490909090909091,0.9720930232558139,0.9560439560439561,0.9675925925925926,0.9525547445255474,0.961196165766254,0.029627611860632896,0.5795121565109116,0.6833092873031903,0.022863416201335935,0.4535900354385376,261,418,12,14,15.96537971496582,0.0,,,1036,855,207,171,1298,71,259,14,63,6,12,1,,,,,,,,,,,,,,,,,,,,,2397,423,705,478
clients,gdm_early,4,0.8,S=4,0.5,0,0,2026,FedTGNN-SS,0.9757057936897725,0.9652962288333238,0.9598540145985401,0.9559164733178654,0.9326241134751773,0.9739952718676123,0.9460431654676259,0.9554571799235085,0.038222189992666245,-3.0412913286572727,0.3230688899689982,0.03897696921592808,0.17825902998447418,263,412,19,11,27.087538242340088,10725056.0,1833.0,0.5231638921036232,539,317,107,63,475,302,95,60,1113,257,222,51,270,57,54,11,,,,,,,,,,,,,,,,,2397,423,705,478
clients,gdm_early,4,0.8,S=4,0.5,0,0,2026,FedAvg-LR,0.9722847900824767,0.9635386120946787,0.927007299270073,0.962877030162413,0.9407407407407408,0.9540229885057471,0.9338235294117647,0.9461265453063443,0.049520883709192276,0.24488206149534875,1.0312795948113331,0.03843077564387455,0.3718736469745636,254,415,16,20,0.8916258811950684,29504.0,,0.5140835039615419,539,317,107,63,475,302,95,60,1113,257,222,51,270,57,54,11,,,,,,,,,,,,,,,,,2397,423,705,478
clients,gdm_early,4,0.8,S=4,0.5,0,0,2026,FedProx-LR,0.9721831761139431,0.9631986378366857,0.927007299270073,0.962877030162413,0.9407407407407408,0.9540229885057471,0.9338235294117647,0.9461265453063443,0.0496358759701252,0.2410599550096446,1.0333150701013794,0.03821391741223368,0.3763713836669922,254,415,16,20,1.3504064083099365,29504.0,,,539,317,107,63,475,302,95,60,1113,257,222,51,270,57,54,11,,,,,,,,,,,,,,,,,2397,423,705,478
clients,gdm_early,4,0.8,S=4,0.5,0,0,2026,FedAvg-MLP,0.9878655985909529,0.9771715790893605,0.9671532846715328,0.962877030162413,0.9430604982206405,0.9787735849056604,0.954954954954955,0.9628575944365418,0.031153688207268715,0.2938668889470999,1.0934856942176414,0.0223298006235285,0.40708521008491516,265,415,16,9,0.6253747940063477,348800.0,,,539,317,107,63,475,302,95,60,1113,257,222,51,270,57,54,11,,,,,,,,,,,,,,,,,2397,423,705,478
clients,gdm_early,4,0.8,S=4,0.5,0,0,2026,FedEns-RF,0.9948938980811897,0.9917368909441074,0.9525547445255474,0.9605568445475638,0.9388489208633094,0.9695550351288056,0.9456521739130435,0.9553435694740042,0.028918605973433778,0.01810782355677263,1.9013154232789018,0.04219653402178107,0.6313702928870293,261,414,17,13,3.972078323364258,,,,539,317,107,63,475,302,95,60,1113,257,222,51,270,57,54,11,,,,,,,,,,,,,,,,,2397,423,705,478
clients,gdm_early,4,0.8,S=4,0.5,0,0,2026,FedEns-XGB,0.9960539908886141,0.9936957840186439,0.9671532846715328,0.9582366589327146,0.9363957597173145,0.9786729857819905,0.9515260323159784,0.9599365214334874,0.025723458675917885,0.2879876986627895,1.5812501505056429,0.037329556652662035,0.3867718126297496,265,413,18,9,0.8137073516845703,,,,539,317,107,63,475,302,95,60,1113,257,222,51,270,57,54,11,,,,,,,,,,,,,,,,,2397,423,705,478
clients,gdm_early,4,0.8,S=4,0.5,0,0,2026,FedEns-SVM,0.9950886581875455,0.991884696715029,0.9525547445255474,0.9605568445475638,0.9388489208633094,0.9695550351288056,0.9456521739130435,0.9553435694740042,0.02582363750836807,0.07463415364244169,1.9589464832375174,0.046459110570387055,0.6803013055827531,261,414,17,13,0.08080124855041504,,,,539,317,107,63,475,302,95,60,1113,257,222,51,270,57,54,11,,,,,,,,,,,,,,,,,2397,423,705,478
clients,gdm_early,4,0.8,S=4,0.5,0,0,2026,FedST-XGB,0.9963927041170593,0.9941010119804956,0.948905109489051,0.9767981438515081,0.9629629629629629,0.967816091954023,0.9558823529411765,0.9640843635375629,0.024065714911121475,0.058585275660359745,1.3359286861450346,0.024028352229305903,0.6730449703447989,260,421,10,14,5.593243598937988,,,,539,317,107,63,475,302,95,60,1113,257,222,51,270,57,54,11,,,,,,,,,,,,,,,,,2397,423,705,478
clients,gdm_early,4,0.8,S=4,0.5,0,0,2026,FedMatch-tab,0.9884498789100207,0.9776250464161419,0.9671532846715328,0.962877030162413,0.9430604982206405,0.9787735849056604,0.954954954954955,0.9628575944365418,0.030962392687797546,0.2649958790679557,1.065858371478542,0.020781563502465572,0.42496803402900696,265,415,16,9,0.9486315250396729,348800.0,,,539,317,107,63,475,302,95,60,1113,257,222,51,270,57,54,11,,,,,,,,,,,,,,,,,2397,423,705,478
clients,gdm_early,4,0.8,S=4,0.5,0,0,2026,RSCFed-tab,0.9891103697054888,0.9796164089386745,0.9671532846715328,0.9605568445475638,0.9397163120567376,0.9787234042553191,0.9532374100719424,0.961396222600374,0.03317008912563324,0.5929853518107343,1.0161483431448997,0.022035295610045275,0.25291651487350464,265,414,17,9,0.47192883491516113,174400.0,,,539,317,107,63,475,302,95,60,1113,257,222,51,270,57,54,11,,,,,,,,,,,,,,,,,2397,423,705,478
clients,gdm_early,4,0.8,S=4,0.5,0,0,2026,FedAvg-GCN,0.9880264873744644,0.975389991780047,0.9635036496350365,0.9698375870069605,0.9530685920577617,0.9766355140186916,0.9582577132486388,0.9657411965544708,0.02666851319372654,0.21566365182522027,0.9177597014596435,0.012089774883121025,0.31731995940208435,264,418,13,10,1.955277442932129,348800.0,,,539,317,107,63,475,302,95,60,1113,257,222,51,270,57,54,11,,,,,,,,,,,,,,,,,2397,423,705,478
clients,gdm_early,4,0.8,S=4,0.5,0,0,2026,FedAvg-SAGE,0.9886022998628212,0.983248535638041,0.9635036496350365,0.9605568445475638,0.9395017793594306,0.9764150943396226,0.9513513513513514,0.9598862019914651,0.03289831802248955,0.5139946043751165,0.7815545520865859,0.02522941855218339,0.2701553702354431,264,414,17,10,1.8209631443023682,676480.0,,,539,317,107,63,475,302,95,60,1113,257,222,51,270,57,54,11,,,,,,,,,,,,,,,,,2397,423,705,478
clients,gdm_early,4,0.8,S=4,0.5,0,0,2026,Local-LR,0.9706420309245178,0.9601534130462114,0.9452554744525548,0.9280742459396751,0.8931034482758621,0.963855421686747,0.9184397163120568,0.932033096926714,0.05534485727548599,-0.029967856143460418,1.1727087404654346,0.05000449249930416,0.2969107925891876,259,400,31,15,1.8305187225341797,0.0,,,539,317,107,63,475,302,95,60,1113,257,222,51,270,57,54,11,,,,,,,,,,,,,,,,,2397,423,705,478
clients,gdm_early,4,0.8,S=4,0.5,0,0,2026,Local-GCN,0.9784832421630227,0.9672039994539332,0.9452554744525548,0.9767981438515081,0.9628252788104089,0.9655963302752294,0.9539594843462247,0.9625622104545426,0.03781396150588989,0.6042228106295614,0.9419763807161972,0.022424031099212087,0.2832298278808594,259,421,10,15,1.8542613983154297,0.0,,,539,317,107,63,475,302,95,60,1113,257,222,51,270,57,54,11,,,,,,,,,,,,,,,,,2397,423,705,478
clients,gdm_early,4,0.8,S=4,0.5,0,0,2026,Local-TGNN,0.9865911900689281,0.9774451182013855,0.9708029197080292,0.9419953596287703,0.9140893470790378,0.9806763285024155,0.9415929203539823,0.9512698329580562,0.0370754711329937,1.566530129426238,0.5092129196924091,0.035453027932977325,0.007882827892899513,266,406,25,8,26.70076322555542,0.0,1911.0,0.5074245526573489,539,317,107,63,475,302,95,60,1113,257,222,51,270,57,54,11,,,,,,,,,,,,,,,,,2397,423,705,478
clients,gdm_early,4,0.8,S=4,0.5,0,0,2026,Cent-LR,0.9715057496570528,0.9569378519488987,0.9525547445255474,0.9559164733178654,0.9321428571428572,0.9694117647058823,0.9422382671480144,0.9524275447889605,0.04945702105760574,-0.30357643899462344,1.0936349562570782,0.05680756434692557,0.40393611788749695,261,412,19,13,0.41503453254699707,0.0,,,539,317,107,63,475,302,95,60,1113,257,222,51,270,57,54,11,,,,,,,,,,,,,,,,,2397,423,705,478
clients,gdm_early,4,0.8,S=4,0.5,0,0,2026,Cent-XGB,0.9966975460226599,0.9951610701456803,0.9708029197080292,0.9698375870069605,0.953405017921147,0.9812206572769953,0.9620253164556962,0.968760616220847,0.022688396275043488,-0.04467343397006594,0.8364352120058169,0.012658079515429264,0.4412860572338104,266,418,13,8,0.2526133060455322,0.0,,,539,317,107,63,475,302,95,60,1113,257,222,51,270,57,54,11,,,,,,,,,,,,,,,,,2397,423,705,478
clients,gdm_early,4,0.8,S=4,0.5,0,0,2026,Cent-GRAND,0.9848087117042355,0.9567944697230969,0.9854014598540146,0.9559164733178654,0.9342560553633218,0.9903846153846154,0.9591474245115453,0.9659963804966227,0.029728904366493225,-0.33070571210725225,0.8154665139765497,0.021845017003674867,0.19716903567314148,270,412,19,4,15.687404870986938,0.0,,,539,317,107,63,475,302,95,60,1113,257,222,51,270,57,54,11,,,,,,,,,,,,,,,,,2397,423,705,478
clients,gdm_early,4,0.8,S=4,0.5,0,1,2027,FedTGNN-SS,0.9907446610327366,0.9826379662786322,0.9744525547445255,0.9791183294663574,0.967391304347826,0.9836829836829837,0.9709090909090909,0.97615221987315,0.023397566750645638,-2.9852191663092884,0.3936790730502795,0.02528082939072887,0.922396719455719,267,422,9,7,26.82891011238098,10725056.0,1819.0,0.5156383719036408,586,218,118,44,246,174,49,35,1117,145,223,29,448,396,89,79,,,,,,,,,,,,,,,,,2397,423,705,479
clients,gdm_early,4,0.8,S=4,0.5,0,1,2027,FedAvg-LR,0.9760360390875065,0.9539779870870209,0.927007299270073,0.962877030162413,0.9407407407407408,0.9540229885057471,0.9338235294117647,0.9461265453063443,0.04622781276702881,-0.025957369309660475,0.9215553249395488,0.03613538609698732,0.3942629396915436,254,415,16,20,0.9002618789672852,29504.0,,0.5126327011060277,586,218,118,44,246,174,49,35,1117,145,223,29,448,396,89,79,,,,,,,,,,,,,,,,,2397,423,705,479
clients,gdm_early,4,0.8,S=4,0.5,0,1,2027,FedProx-LR,0.9764848341151964,0.9542941746434714,0.9233576642335767,0.9651972157772621,0.9440298507462687,0.9519450800915332,0.933579335793358,0.9460523407077388,0.045923132449388504,-0.03819991754327186,0.9315622003124141,0.04038373941278203,0.4256822466850281,253,416,15,21,1.31892728805542,29504.0,,,586,218,118,44,246,174,49,35,1117,145,223,29,448,396,89,79,,,,,,,,,,,,,,,,,2397,423,705,479
clients,gdm_early,4,0.8,S=4,0.5,0,1,2027,FedAvg-MLP,0.9864768743543278,0.9654308664548572,0.9890510948905109,0.9605568445475638,0.9409722222222222,0.9928057553956835,0.9644128113879004,0.9704139528637614,0.027377478778362274,0.3898139623077853,1.1728592523084227,0.03117088962953986,0.21441927552223206,271,414,17,3,0.64670729637146,348800.0,,,586,218,118,44,246,174,49,35,1117,145,223,29,448,396,89,79,,,,,,,,,,,,,,,,,2397,423,705,479
clients,gdm_early,4,0.8,S=4,0.5,0,1,2027,FedEns-RF,0.9961810083492811,0.9937644475904268,0.9817518248175182,0.9651972157772621,0.9471830985915493,0.9881235154394299,0.96415770609319,0.970341763844717,0.027636055265957672,-0.2520831199243423,2.377116975641724,0.07410996609366441,0.5344050104384134,269,416,15,5,3.7279467582702637,,,,586,218,118,44,246,174,49,35,1117,145,223,29,448,396,89,79,,,,,,,,,,,,,,,,,2397,423,705,479
clients,gdm_early,4,0.8,S=4,0.5,0,1,2027,FedEns-XGB,0.9916422510881161,0.9876112407605936,0.9817518248175182,0.9559164733178654,0.9340277777777778,0.988009592326139,0.9572953736654805,0.9644967434365138,0.03961147954654913,-0.2926954128887483,2.2854618966728744,0.08646151294810357,0.3601201602446386,269,412,19,5,0.8574743270874023,,,,586,218,118,44,246,174,49,35,1117,145,223,29,448,396,89,79,,,,,,,,,,,,,,,,,2397,423,705,479
clients,gdm_early,4,0.8,S=4,0.5,0,1,2027,FedEns-SVM,0.9971548088810609,0.9954192786287702,0.9963503649635036,0.962877030162413,0.9446366782006921,0.9975961538461539,0.9698046181172292,0.9748668899322863,0.02383285140579386,-0.028860815667204696,2.423337825015422,0.06512040785753585,0.3203156377653631,273,415,16,1,0.14065217971801758,,,,586,218,118,44,246,174,49,35,1117,145,223,29,448,396,89,79,,,,,,,,,,,,,,,,,2397,423,705,479
clients,gdm_early,4,0.8,S=4,0.5,0,1,2027,FedST-XGB,0.9918624146866056,0.9882899924643068,0.9817518248175182,0.9698375870069605,0.9539007092198581,0.9881796690307328,0.9676258992805755,0.9732743079541051,0.03761175059398885,-0.40870768425417037,1.8434971219719383,0.07239293926227075,0.4877691484874966,269,418,13,5,6.249987602233887,,,,586,218,118,44,246,174,49,35,1117,145,223,29,448,396,89,79,,,,,,,,,,,,,,,,,2397,423,705,479
clients,gdm_early,4,0.8,S=4,0.5,0,1,2027,FedMatch-tab,0.9864938100157501,0.9672027561138483,0.9890510948905109,0.9582366589327146,0.9377162629757786,0.9927884615384616,0.9626998223801065,0.9689532169751772,0.027596810832619667,0.4052042792903376,1.163160720412682,0.030837308715843975,0.20392616093158722,271,413,18,3,0.9372003078460693,348800.0,,,586,218,118,44,246,174,49,35,1117,145,223,29,448,396,89,79,,,,,,,,,,,,,,,,,2397,423,705,479
clients,gdm_early,4,0.8,S=4,0.5,0,1,2027,RSCFed-tab,0.9862567107558385,0.9621985368547034,0.9854014598540146,0.9651972157772621,0.9473684210526315,0.9904761904761905,0.9660107334525939,0.9718420294760032,0.026389362290501595,-0.4125941001954802,1.1171239216670588,0.02991628009059751,0.3836663067340851,270,416,15,4,0.42728090286254883,174400.0,,,586,218,118,44,246,174,49,35,1117,145,223,29,448,396,89,79,,,,,,,,,,,,,,,,,2397,423,705,479
clients,gdm_early,4,0.8,S=4,0.5,0,1,2027,FedAvg-GCN,0.9869341372127287,0.9661222778754083,0.9781021897810219,0.9698375870069605,0.9537366548042705,0.9858490566037735,0.9657657657657658,0.9717717717717718,0.02184826135635376,0.07400380993544531,0.9944797322514921,0.018281546886349833,0.33956408500671387,268,418,13,6,2.137005567550659,348800.0,,,586,218,118,44,246,174,49,35,1117,145,223,29,448,396,89,79,,,,,,,,,,,,,,,,,2397,423,705,479
clients,gdm_early,4,0.8,S=4,0.5,0,1,2027,FedAvg-SAGE,0.9864260673700611,0.9641856933267281,0.9598540145985401,0.9814385150812065,0.9704797047970479,0.9746543778801844,0.9651376146788991,0.971586148379912,0.021685900166630745,0.03702260877606537,0.7744513768902667,0.016576720688307105,0.8032251596450806,263,423,8,11,1.9438550472259521,676480.0,,,586,218,118,44,246,174,49,35,1117,145,223,29,448,396,89,79,,,,,,,,,,,,,,,,,2397,423,705,479
clients,gdm_early,4,0.8,S=4,0.5,0,1,2027,Local-LR,0.9624705742882788,0.9397068378761336,0.8868613138686131,0.9327146171693735,0.8933823529411765,0.9284064665127021,0.8901098901098901,0.9103327228327228,0.06355860829353333,-0.5163665127376007,0.8040001129821579,0.04131747138627032,0.5823085904121399,243,402,29,31,1.7401506900787354,0.0,,,586,218,118,44,246,174,49,35,1117,145,223,29,448,396,89,79,,,,,,,,,,,,,,,,,2397,423,705,479
clients,gdm_early,4,0.8,S=4,0.5,0,1,2027,Local-GCN,0.969473470286382,0.9440735809204883,0.9197080291970803,0.9419953596287703,0.9097472924187726,0.9485981308411215,0.9147005444646098,0.9299928799156576,0.056486647576093674,-0.13427682032136157,0.6227563417324317,0.04064620995352454,0.5094167590141296,252,406,25,22,2.1128556728363037,0.0,,,586,218,118,44,246,174,49,35,1117,145,223,29,448,396,89,79,,,,,,,,,,,,,,,,,2397,423,705,479
clients,gdm_early,4,0.8,S=4,0.5,0,1,2027,Local-TGNN,0.9872643826104629,0.9724748709174962,0.9635036496350365,0.9535962877030162,0.9295774647887324,0.9762470308788599,0.946236559139785,0.9555126457670756,0.035020120441913605,-1.5189346104980903,0.5719892194991392,0.031133601090256542,0.7985851168632507,264,411,20,10,26.996201515197754,0.0,1894.0,0.5193162469091932,586,218,118,44,246,174,49,35,1117,145,223,29,448,396,89,79,,,,,,,,,,,,,,,,,2397,423,705,479
clients,gdm_early,4,0.8,S=4,0.5,0,1,2027,Cent-LR,0.9747912679729707,0.9500247421152426,0.9087591240875912,0.9675174013921114,0.9467680608365019,0.9434389140271493,0.9273743016759777,0.9413503810785386,0.045083045959472656,-0.09184824143392196,0.8998523907123996,0.030909356358626218,0.4867221713066101,249,417,14,25,0.4503023624420166,0.0,,,586,218,118,44,246,174,49,35,1117,145,223,29,448,396,89,79,,,,,,,,,,,,,,,,,2397,423,705,479
clients,gdm_early,4,0.8,S=4,0.5,0,1,2027,Cent-XGB,0.9979846562907514,0.9968265412309585,0.9963503649635036,0.9605568445475638,0.9413793103448276,0.9975903614457832,0.9680851063829787,0.9734042553191489,0.019634880125522614,-0.23462148927735102,0.8242586893530676,0.013490182750012897,0.0507323294878006,273,414,17,1,0.2257859706878662,0.0,,,586,218,118,44,246,174,49,35,1117,145,223,29,448,396,89,79,,,,,,,,,,,,,,,,,2397,423,705,479
clients,gdm_early,4,0.8,S=4,0.5,0,1,2027,Cent-GRAND,0.9919386251630057,0.9794808592679406,0.9598540145985401,0.974477958236659,0.9598540145985401,0.974477958236659,0.9598540145985401,0.9671659864175995,0.022576645016670227,-0.23288621450653654,0.7961098400170611,0.015944920119611527,0.6440738439559937,263,420,11,11,15.327918291091919,0.0,,,586,218,118,44,246,174,49,35,1117,145,223,29,448,396,89,79,,,,,,,,,,,,,,,,,2397,423,705,479
clients,gdm_early,4,0.8,S=4,0.5,0,2,2028,FedTGNN-SS,0.9791352651277796,0.9471327357854923,0.9379562043795621,0.9396751740139211,0.9081272084805654,0.9597156398104265,0.9228007181328546,0.93619520080148,0.05078330636024475,-0.3012603215048531,0.4358952735953866,0.04859146098903519,0.35593414306640625,257,405,26,17,26.414145469665527,10725056.0,1843.0,0.5203221040189125,1164,635,233,127,239,230,48,46,250,13,50,3,744,55,149,11,,,,,,,,,,,,,,,,,2397,423,705,480
clients,gdm_early,4,0.8,S=4,0.5,0,2,2028,FedAvg-LR,0.9692998797568039,0.9305316338215393,0.927007299270073,0.962877030162413,0.9407407407407408,0.9540229885057471,0.9338235294117647,0.9461265453063443,0.04596200957894325,-0.6204002642873573,0.6538219446425553,0.053612493993119986,0.47899553179740906,254,415,16,20,1.2223856449127197,29504.0,,0.5068129432624113,1164,635,233,127,239,230,48,46,250,13,50,3,744,55,149,11,,,,,,,,,,,,,,,,,2397,423,705,480
clients,gdm_early,4,0.8,S=4,0.5,0,2,2028,FedProx-LR,0.9709045336765627,0.932171348184079,0.9416058394160584,0.9605568445475638,0.9381818181818182,0.9627906976744186,0.9398907103825137,0.9507815921250548,0.04484483599662781,-0.6430928014198489,0.6476816738406603,0.054279038288914574,0.443234384059906,258,414,17,16,1.5184152126312256,29504.0,,,1164,635,233,127,239,230,48,46,250,13,50,3,744,55,149,11,,,,,,,,,,,,,,,,,2397,423,705,480
clients,gdm_early,4,0.8,S=4,0.5,0,2,2028,FedAvg-MLP,0.9814215794197843,0.9567676098880649,0.9708029197080292,0.9675174013921114,0.95,0.9811764705882353,0.9602888086642599,0.9672939370424103,0.029615744948387146,-0.05224590541350051,1.0816708896396205,0.03858825310747674,0.565780758857727,266,417,14,8,0.6535909175872803,348800.0,,,1164,635,233,127,239,230,48,46,250,13,50,3,744,55,149,11,,,,,,,,,,,,,,,,,2397,423,705,480
clients,gdm_early,4,0.8,S=4,0.5,0,2,2028,FedEns-RF,0.9929886361711856,0.9891650138765269,0.9854014598540146,0.9559164733178654,0.9342560553633218,0.9903846153846154,0.9591474245115453,0.9659963804966227,0.032597755573717004,0.09724141723445491,2.225606841619948,0.08514645390070921,0.4739583333333333,270,412,19,4,3.687138319015503,,,,1164,635,233,127,239,230,48,46,250,13,50,3,744,55,149,11,,,,,,,,,,,,,,,,,2397,423,705,480
clients,gdm_early,4,0.8,S=4,0.5,0,2,2028,FedEns-XGB,0.9890341592290888,0.9815062151589831,0.9817518248175182,0.962877030162413,0.9438596491228071,0.9880952380952381,0.962432915921288,0.9688780325787403,0.04453330119360064,0.0776585998735492,2.4492752047506183,0.12437650328827017,0.5490399820647629,269,415,16,5,0.8532536029815674,,,,1164,635,233,127,239,230,48,46,250,13,50,3,744,55,149,11,,,,,,,,,,,,,,,,,2397,423,705,480
clients,gdm_early,4,0.8,S=4,0.5,0,2,2028,FedEns-SVM,0.9930648466475859,0.986430641917936,0.9635036496350365,0.9698375870069605,0.9530685920577617,0.9766355140186916,0.9582577132486388,0.9657411965544708,0.034608498518358496,-0.20334044283087893,2.447001524742529,0.11050606632034575,0.6707831312697228,264,418,13,10,0.07037711143493652,,,,1164,635,233,127,239,230,48,46,250,13,50,3,744,55,149,11,,,,,,,,,,,,,,,,,2397,423,705,480
clients,gdm_early,4,0.8,S=4,0.5,0,2,2028,FedST-XGB,0.9846816942435687,0.9721896005957648,0.9854014598540146,0.9466357308584686,0.9215017064846417,0.9902912621359223,0.9523809523809523,0.9601762413150313,0.04803195270773161,0.05260016714280987,2.2106745691346985,0.11671474485582108,0.5068325678507486,270,408,23,4,3.590806007385254,,,,1164,635,233,127,239,230,48,46,250,13,50,3,744,55,149,11,,,,,,,,,,,,,,,,,2397,423,705,480
clients,gdm_early,4,0.8,S=4,0.5,0,2,2028,FedMatch-tab,0.9816248073568513,0.9574270387009137,0.9744525547445255,0.9675174013921114,0.9501779359430605,0.9834905660377359,0.9621621621621622,0.9688003793266952,0.02924741432070732,-0.00028386962803844294,1.0751854013745934,0.03724769618335768,0.5481643080711365,267,417,14,7,0.9431319236755371,348800.0,,,1164,635,233,127,239,230,48,46,250,13,50,3,744,55,149,11,,,,,,,,,,,,,,,,,2397,423,705,480
clients,gdm_early,4,0.8,S=4,0.5,0,2,2028,RSCFed-tab,0.980354632750182,0.9590854254225597,0.9817518248175182,0.9651972157772621,0.9471830985915493,0.9881235154394299,0.96415770609319,0.970341763844717,0.034030187875032425,-0.10565846497051515,1.2168657599948387,0.05363478576037899,0.5065868496894836,269,416,15,5,0.43304967880249023,174400.0,,,1164,635,233,127,239,230,48,46,250,13,50,3,744,55,149,11,,,,,,,,,,,,,,,,,2397,423,705,480
clients,gdm_early,4,0.8,S=4,0.5,0,2,2028,FedAvg-GCN,0.982132877199519,0.9570277553728216,0.9781021897810219,0.9675174013921114,0.950354609929078,0.9858156028368794,0.9640287769784173,0.9703047866156723,0.02702491171658039,-0.582653059075931,0.9255387677576825,0.021833266592617563,0.712389349937439,268,417,14,6,2.5921359062194824,348800.0,,,1164,635,233,127,239,230,48,46,250,13,50,3,744,55,149,11,,,,,,,,,,,,,,,,,2397,423,705,480
clients,gdm_early,4,0.8,S=4,0.5,0,2,2028,FedAvg-SAGE,0.9751130455399936,0.9407822278719269,0.8357664233576643,0.9698375870069605,0.9462809917355371,0.9028077753779697,0.8875968992248062,0.9113599708651996,0.0569952018558979,0.32023357108592504,0.7079074613395256,0.042396397200406444,0.7390522956848145,229,418,13,45,2.092834711074829,676480.0,,,1164,635,233,127,239,230,48,46,250,13,50,3,744,55,149,11,,,,,,,,,,,,,,,,,2397,423,705,480
clients,gdm_early,4,0.8,S=4,0.5,0,2,2028,Local-LR,0.9158805697156501,0.8785789981312135,0.8832116788321168,0.888631090487239,0.8344827586206897,0.9228915662650602,0.8581560283687943,0.8817966903073287,0.09983737021684647,-0.18763155750799645,0.5045573136548912,0.07741770227802984,0.2896393835544586,242,383,48,32,1.5633251667022705,0.0,,,1164,635,233,127,239,230,48,46,250,13,50,3,744,55,149,11,,,,,,,,,,,,,,,,,2397,423,705,480
clients,gdm_early,4,0.8,S=4,0.5,0,2,2028,Local-GCN,0.9187257608345893,0.8946519876009552,0.8613138686131386,0.9048723897911833,0.851985559566787,0.9112149532710281,0.8566243194192378,0.8823284577305734,0.10314474999904633,0.19692389626136447,0.42148304794398916,0.09112871436943823,0.39644116163253784,236,390,41,38,2.4217278957366943,0.0,,,1164,635,233,127,239,230,48,46,250,13,50,3,744,55,149,11,,,,,,,,,,,,,,,,,2397,423,705,480
clients,gdm_early,4,0.8,S=4,0.5,0,2,2028,Local-TGNN,0.935809609294291,0.914634808725758,0.8065693430656934,0.9489559164733179,0.9094650205761317,0.8852813852813853,0.8549323017408124,0.8854728697953782,0.11269490420818329,1.6207392250812211,0.3185965328511944,0.11150387313401869,0.9510210752487183,221,409,22,53,27.77268886566162,0.0,1902.0,0.5575620567375886,1164,635,233,127,239,230,48,46,250,13,50,3,744,55,149,11,,,,,,,,,,,,,,,,,2397,423,705,480
clients,gdm_early,4,0.8,S=4,0.5,0,2,2028,Cent-LR,0.9731485088150117,0.9401419233425463,0.9708029197080292,0.962877030162413,0.9432624113475178,0.9810874704491725,0.9568345323741008,0.9643657439388068,0.038070302456617355,-0.3688641288749164,0.8564626168038025,0.059323647480907155,0.46707868576049805,266,415,16,8,0.4961671829223633,0.0,,,1164,635,233,127,239,230,48,46,250,13,50,3,744,55,149,11,,,,,,,,,,,,,,,,,2397,423,705,480
clients,gdm_early,4,0.8,S=4,0.5,0,2,2028,Cent-XGB,0.9948261554355006,0.992271769430253,0.9781021897810219,0.9605568445475638,0.9403508771929825,0.9857142857142858,0.9588550983899821,0.9659140356814775,0.02479221299290657,-1.1303807856482262,0.6978230563370917,0.023172123385395142,0.2730149030685425,268,414,17,6,0.2777223587036133,0.0,,,1164,635,233,127,239,230,48,46,250,13,50,3,744,55,149,11,,,,,,,,,,,,,,,,,2397,423,705,480
clients,gdm_early,4,0.8,S=4,0.5,0,2,2028,Cent-GRAND,0.9896607787017122,0.9642438619275581,0.9598540145985401,0.9698375870069605,0.9528985507246377,0.9743589743589743,0.9563636363636364,0.9642283298097252,0.02498622052371502,-1.259860877821652,0.8326679209733302,0.026281418976314523,0.9035846590995789,263,418,13,11,14.530001878738403,0.0,,,1164,635,233,127,239,230,48,46,250,13,50,3,744,55,149,11,,,,,,,,,,,,,,,,,2397,423,705,480
clients,gdm_early,4,0.8,S=4,0.5,0,3,2029,FedTGNN-SS,0.9780634249471458,0.9694430508870682,0.9636363636363636,0.9674418604651163,0.9498207885304659,0.9765258215962441,0.9566787003610109,0.9643206585917203,0.0414322130382061,2.1570366630584,0.33986623026238405,0.042709464685007234,0.014915763400495052,265,416,14,10,27.590182542800903,10725056.0,1848.0,0.47949629103184827,797,326,159,65,962,85,192,17,153,68,31,14,485,453,97,91,,,,,,,,,,,,,,,,,2397,423,705,479
clients,gdm_early,4,0.8,S=4,0.5,0,3,2029,FedAvg-LR,0.9794376321353067,0.9552245061813601,0.9527272727272728,0.9627906976744186,0.9424460431654677,0.9695550351288056,0.9475587703435805,0.9568598985906933,0.036669906228780746,-0.32899832901152365,0.8211443476009765,0.04427166734128558,0.5848717093467712,262,414,16,13,1.0604746341705322,29504.0,,0.4786538148329114,797,326,159,65,962,85,192,17,153,68,31,14,485,453,97,91,,,,,,,,,,,,,,,,,2397,423,705,479
clients,gdm_early,4,0.8,S=4,0.5,0,3,2029,FedProx-LR,0.9794249471458774,0.9552884836391522,0.9527272727272728,0.9627906976744186,0.9424460431654677,0.9695550351288056,0.9475587703435805,0.9568598985906933,0.0368768647313118,-0.2998742055703819,0.8207719963370513,0.04499079112676863,0.5830659866333008,262,414,16,13,1.1688241958618164,29504.0,,,797,326,159,65,962,85,192,17,153,68,31,14,485,453,97,91,,,,,,,,,,,,,,,,,2397,423,705,479
clients,gdm_early,4,0.8,S=4,0.5,0,3,2029,FedAvg-MLP,0.9852854122621564,0.9683592136908684,0.9818181818181818,0.9558139534883721,0.9342560553633218,0.9879807692307693,0.9574468085106383,0.9645390070921986,0.03140459954738617,0.3513261551122197,1.027301889427988,0.028548249047487324,0.14300979673862457,270,411,19,5,0.5374588966369629,348800.0,,,797,326,159,65,962,85,192,17,153,68,31,14,485,453,97,91,,,,,,,,,,,,,,,,,2397,423,705,479
clients,gdm_early,4,0.8,S=4,0.5,0,3,2029,FedEns-RF,0.9938181818181819,0.9899566705583456,0.9672727272727273,0.9558139534883721,0.9333333333333333,0.9785714285714285,0.95,0.9585294117647059,0.031389705363770184,0.10513187906790923,1.7627752718006826,0.06200547831623209,0.5012526096033403,266,411,19,9,3.9366772174835205,,,,797,326,159,65,962,85,192,17,153,68,31,14,485,453,97,91,,,,,,,,,,,,,,,,,2397,423,705,479
clients,gdm_early,4,0.8,S=4,0.5,0,3,2029,FedEns-XGB,0.9894883720930233,0.9822027658366357,0.9709090909090909,0.9604651162790697,0.9401408450704225,0.9809976247030879,0.9552772808586762,0.9629500387842147,0.039145358566383646,-0.16297549445401233,1.7658955929408273,0.07270469523665365,0.3829286347351393,267,413,17,8,0.8270676136016846,,,,797,326,159,65,962,85,192,17,153,68,31,14,485,453,97,91,,,,,,,,,,,,,,,,,2397,423,705,479
clients,gdm_early,4,0.8,S=4,0.5,0,3,2029,FedEns-SVM,0.9939957716701903,0.9890200651945461,0.9781818181818182,0.9604651162790697,0.9405594405594405,0.9856801909307876,0.9590017825311943,0.9659555437979882,0.028657582854569378,0.22684329551779675,1.8963835270477056,0.0567460368555191,0.47744514924116566,269,413,17,6,0.07134723663330078,,,,797,326,159,65,962,85,192,17,153,68,31,14,485,453,97,91,,,,,,,,,,,,,,,,,2397,423,705,479
clients,gdm_early,4,0.8,S=4,0.5,0,3,2029,FedST-XGB,0.988355179704017,0.9808004072996821,0.9818181818181818,0.958139534883721,0.9375,0.988009592326139,0.9591474245115453,0.9659963804966227,0.038949934481624454,-0.27650749471883074,1.633464711225052,0.06723220938864115,0.26354584379106105,270,412,18,5,4.980509996414185,,,,797,326,159,65,962,85,192,17,153,68,31,14,485,453,97,91,,,,,,,,,,,,,,,,,2397,423,705,479
clients,gdm_early,4,0.8,S=4,0.5,0,3,2029,FedMatch-tab,0.9855729386892178,0.9701760409705524,0.9818181818181818,0.9558139534883721,0.9342560553633218,0.9879807692307693,0.9574468085106383,0.9645390070921986,0.03144391253590584,0.40914932015357547,1.0347443871971442,0.028916774307053993,0.12803798913955688,270,411,19,5,0.8207695484161377,348800.0,,,797,326,159,65,962,85,192,17,153,68,31,14,485,453,97,91,,,,,,,,,,,,,,,,,2397,423,705,479
clients,gdm_early,4,0.8,S=4,0.5,0,3,2029,RSCFed-tab,0.9851416490486258,0.971011026413651,0.9854545454545455,0.9558139534883721,0.9344827586206896,0.9903614457831326,0.95929203539823,0.9660365502434938,0.02982698753476143,-0.05654134591787249,0.9636904089193487,0.02850653906980304,0.17812195420265198,271,411,19,4,0.32482433319091797,174400.0,,,797,326,159,65,962,85,192,17,153,68,31,14,485,453,97,91,,,,,,,,,,,,,,,,,2397,423,705,479
clients,gdm_early,4,0.8,S=4,0.5,0,3,2029,FedAvg-GCN,0.9853107822410148,0.9748747297224435,0.9309090909090909,0.9744186046511628,0.9588014981273408,0.95662100456621,0.9446494464944649,0.955043617256449,0.032457135617733,0.4811401721672514,0.8402667224409719,0.020675958957232485,0.7525561451911926,256,419,11,19,2.125885486602783,348800.0,,,797,326,159,65,962,85,192,17,153,68,31,14,485,453,97,91,,,,,,,,,,,,,,,,,2397,423,705,479
clients,gdm_early,4,0.8,S=4,0.5,0,3,2029,FedAvg-SAGE,0.9825961945031713,0.9602571165047756,0.9127272727272727,0.9720930232558139,0.9543726235741445,0.9457013574660633,0.9330855018587361,0.9459005490945056,0.0411456897854805,1.2970098196468312,0.6270195732884372,0.04041458254495096,0.4063665270805359,251,418,12,24,1.911910057067871,676480.0,,,797,326,159,65,962,85,192,17,153,68,31,14,485,453,97,91,,,,,,,,,,,,,,,,,2397,423,705,479
clients,gdm_early,4,0.8,S=4,0.5,0,3,2029,Local-LR,0.961492600422833,0.9406733789625263,0.9563636363636364,0.9651162790697675,0.9460431654676259,0.9718969555035128,0.9511754068716094,0.9598350779982318,0.04261486604809761,-0.11867709735817235,0.7460310494632192,0.045069492536973454,0.3930746614933014,263,415,15,12,1.6733498573303223,0.0,,,797,326,159,65,962,85,192,17,153,68,31,14,485,453,97,91,,,,,,,,,,,,,,,,,2397,423,705,479
clients,gdm_early,4,0.8,S=4,0.5,0,3,2029,Local-GCN,0.9654038054968287,0.944472346806964,0.9127272727272727,0.9534883720930233,0.9261992619926199,0.9447004608294931,0.9194139194139194,0.9342439967439967,0.05599062144756317,0.4914729617622575,0.6804293439985328,0.040779736511250775,0.31020069122314453,251,410,20,24,2.2412109375,0.0,,,797,326,159,65,962,85,192,17,153,68,31,14,485,453,97,91,,,,,,,,,,,,,,,,,2397,423,705,479
clients,gdm_early,4,0.8,S=4,0.5,0,3,2029,Local-TGNN,0.9772515856236788,0.9683656929089098,0.88,0.9790697674418605,0.9641434262948207,0.9273127753303965,0.9201520912547528,0.936320389518779,0.053380124270915985,1.4521234281442992,0.46295744006675943,0.05198571381971559,0.9601823091506958,242,421,9,33,27.246773958206177,0.0,1908.0,0.48270184634063285,797,326,159,65,962,85,192,17,153,68,31,14,485,453,97,91,,,,,,,,,,,,,,,,,2397,423,705,479
clients,gdm_early,4,0.8,S=4,0.5,0,3,2029,Cent-LR,0.9772558139534884,0.9476946351463421,0.9636363636363636,0.9651162790697675,0.9464285714285714,0.9764705882352941,0.954954954954955,0.9628575944365418,0.03682691603899002,-0.17288856113081716,0.7845285586392955,0.04575675495550142,0.5686107277870178,265,415,15,10,0.4878499507904053,0.0,,,797,326,159,65,962,85,192,17,153,68,31,14,485,453,97,91,,,,,,,,,,,,,,,,,2397,423,705,479
clients,gdm_early,4,0.8,S=4,0.5,0,3,2029,Cent-XGB,0.9975137420718816,0.9961640855817483,0.9781818181818182,0.9627906976744186,0.9438596491228071,0.9857142857142858,0.9607142857142857,0.9674159663865547,0.0241179708391428,-0.29580916845576716,0.7612810119967948,0.01919720115054214,0.26611441373825073,269,414,16,6,0.24994134902954102,0.0,,,797,326,159,65,962,85,192,17,153,68,31,14,485,453,97,91,,,,,,,,,,,,,,,,,2397,423,705,479
clients,gdm_early,4,0.8,S=4,0.5,0,3,2029,Cent-GRAND,0.9912980972515857,0.9825768422048048,0.9490909090909091,0.9627906976744186,0.9422382671480144,0.9672897196261683,0.9456521739130435,0.9553435694740042,0.03404409438371658,-0.12339291654498201,0.7172740117566722,0.030643654080992885,0.5602805018424988,261,414,16,14,14.63943362236023,0.0,,,797,326,159,65,962,85,192,17,153,68,31,14,485,453,97,91,,,,,,,,,,,,,,,,,2397,423,705,479
clients,gdm_early,4,0.8,S=4,0.5,0,4,2030,FedTGNN-SS,0.9876744186046511,0.9703457432414174,0.9818181818181818,0.9697674418604652,0.9540636042402827,0.9881516587677726,0.967741935483871,0.9733075874602454,0.024612439796328545,-2.1833457085457963,0.42201039629752746,0.025725569214229284,0.5177825689315796,270,417,13,5,28.05722141265869,10725056.0,1869.0,0.5002206132752929,595,59,119,12,113,71,22,14,1259,676,252,135,430,126,86,25,,,,,,,,,,,,,,,,,2397,423,705,479
clients,gdm_early,4,0.8,S=4,0.5,0,4,2030,FedAvg-LR,0.98553911205074,0.9718368927886477,0.9672727272727273,0.9697674418604652,0.953405017921147,0.9788732394366197,0.9602888086642599,0.9672939370424103,0.024922655895352364,-0.5369078206455847,0.8689078646825507,0.02528760381148638,0.6741281747817993,266,417,13,9,0.8155426979064941,29504.0,,0.5001110469506508,595,59,119,12,113,71,22,14,1259,676,252,135,430,126,86,25,,,,,,,,,,,,,,,,,2397,423,705,479
clients,gdm_early,4,0.8,S=4,0.5,0,4,2030,FedProx-LR,0.9854249471458774,0.971855259667685,0.9672727272727273,0.9697674418604652,0.953405017921147,0.9788732394366197,0.9602888086642599,0.9672939370424103,0.025143800303339958,-0.5283243331434768,0.8693041736382019,0.025714361408712156,0.657128095626831,266,417,13,9,1.140462875366211,29504.0,,,595,59,119,12,113,71,22,14,1259,676,252,135,430,126,86,25,,,,,,,,,,,,,,,,,2397,423,705,479
clients,gdm_early,4,0.8,S=4,0.5,0,4,2030,FedAvg-MLP,0.9886765327695561,0.9760208173101972,0.96,0.9767441860465116,0.9635036496350365,0.974477958236659,0.9617486338797814,0.9686791949886712,0.020595697686076164,-0.7084451361869613,0.707036831877304,0.014843062666766606,0.8433315753936768,264,420,10,11,0.6170833110809326,348800.0,,,595,59,119,12,113,71,22,14,1259,676,252,135,430,126,86,25,,,,,,,,,,,,,,,,,2397,423,705,479
clients,gdm_early,4,0.8,S=4,0.5,0,4,2030,FedEns-RF,0.9960253699788584,0.9931058095912523,0.9418181818181818,0.9813953488372092,0.9700374531835206,0.9634703196347032,0.955719557195572,0.9640348938051593,0.021111891800642452,0.12599165944664817,1.7913989806305581,0.03926284072906022,0.6883298538622129,259,422,8,16,3.909670352935791,,,,595,59,119,12,113,71,22,14,1259,676,252,135,430,126,86,25,,,,,,,,,,,,,,,,,2397,423,705,479
clients,gdm_early,4,0.8,S=4,0.5,0,4,2030,FedEns-XGB,0.994909090909091,0.9908562499168507,0.9745454545454545,0.9697674418604652,0.9537366548042705,0.9834905660377359,0.9640287769784173,0.9703047866156723,0.025417849747543016,0.28444473877891774,1.5729065163724794,0.04068358254720679,0.5005831450908319,268,417,13,7,0.8194301128387451,,,,595,59,119,12,113,71,22,14,1259,676,252,135,430,126,86,25,,,,,,,,,,,,,,,,,2397,423,705,479
clients,gdm_early,4,0.8,S=4,0.5,0,4,2030,FedEns-SVM,0.9935898520084567,0.9821341167186112,0.9890909090909091,0.9767441860465116,0.9645390070921985,0.9929078014184397,0.9766606822262118,0.9807101769864939,0.018879818064022606,-0.16633084435376153,1.5034336866535025,0.03218346900227572,0.7377783556455746,272,420,10,3,0.10990691184997559,,,,595,59,119,12,113,71,22,14,1259,676,252,135,430,126,86,25,,,,,,,,,,,,,,,,,2397,423,705,479
clients,gdm_early,4,0.8,S=4,0.5,0,4,2030,FedST-XGB,0.9939450317124735,0.9893697064361997,0.9672727272727273,0.9651162790697675,0.9466192170818505,0.9787735849056604,0.9568345323741008,0.9643657439388068,0.02530421856318835,0.22107702041352675,1.3679575885252189,0.02745228815998529,0.5964492860100462,266,415,15,9,4.299042224884033,,,,595,59,119,12,113,71,22,14,1259,676,252,135,430,126,86,25,,,,,,,,,,,,,,,,,2397,423,705,479
clients,gdm_early,4,0.8,S=4,0.5,0,4,2030,FedMatch-tab,0.9884143763213531,0.9758153154768363,0.9672727272727273,0.9744186046511628,0.9602888086642599,0.9789719626168224,0.9637681159420289,0.9702290463160028,0.02073984406888485,-0.6953788379004361,0.7127962759310872,0.015280902793908369,0.822248101234436,266,419,11,9,0.7229664325714111,348800.0,,,595,59,119,12,113,71,22,14,1259,676,252,135,430,126,86,25,,,,,,,,,,,,,,,,,2397,423,705,479
clients,gdm_early,4,0.8,S=4,0.5,0,4,2030,RSCFed-tab,0.9881353065539111,0.9761842470571613,0.9709090909090909,0.9720930232558139,0.956989247311828,0.9812206572769953,0.9638989169675091,0.9702672154931004,0.021951228380203247,-0.7980810519733932,0.7564609586274532,0.02120446602661983,0.7453542351722717,267,418,12,8,0.41599535942077637,174400.0,,,595,59,119,12,113,71,22,14,1259,676,252,135,430,126,86,25,,,,,,,,,,,,,,,,,2397,423,705,479
clients,gdm_early,4,0.8,S=4,0.5,0,4,2030,FedAvg-GCN,0.9900549682875265,0.9773287806876078,0.9781818181818182,0.9813953488372092,0.9711191335740073,0.985981308411215,0.9746376811594203,0.9791603324212019,0.019770704209804535,-1.1624902231654113,0.7189112043009274,0.014856906450545097,0.9045981168746948,269,422,8,6,2.3470005989074707,348800.0,,,595,59,119,12,113,71,22,14,1259,676,252,135,430,126,86,25,,,,,,,,,,,,,,,,,2397,423,705,479
clients,gdm_early,4,0.8,S=4,0.5,0,4,2030,FedAvg-SAGE,0.9906215644820296,0.9763227697153357,0.9745454545454545,0.9767441860465116,0.9640287769784173,0.9836065573770492,0.969258589511754,0.9747109750359237,0.02372058853507042,-0.10162540597800307,0.6335168553788261,0.0240362784699768,0.3796764016151428,268,420,10,7,1.7576608657836914,676480.0,,,595,59,119,12,113,71,22,14,1259,676,252,135,430,126,86,25,,,,,,,,,,,,,,,,,2397,423,705,479
clients,gdm_early,4,0.8,S=4,0.5,0,4,2030,Local-LR,0.9706046511627906,0.9518614325160804,0.9527272727272728,0.9767441860465116,0.9632352941176471,0.9699769053117783,0.9579524680073126,0.9656506256606667,0.038933370262384415,-0.16731295432734042,0.8595655441803486,0.03770299678047498,0.49061641097068787,262,420,10,13,1.611384630203247,0.0,,,595,59,119,12,113,71,22,14,1259,676,252,135,430,126,86,25,,,,,,,,,,,,,,,,,2397,423,705,479
clients,gdm_early,4,0.8,S=4,0.5,0,4,2030,Local-GCN,0.9843467230443974,0.9682740670357242,0.9709090909090909,0.9651162790697675,0.9468085106382979,0.9810874704491725,0.9587073608617595,0.9658718515914894,0.031527645885944366,-0.022577442647495904,0.7129575765623761,0.020250891540067414,0.22185494005680084,267,415,15,8,2.4692726135253906,0.0,,,595,59,119,12,113,71,22,14,1259,676,252,135,430,126,86,25,,,,,,,,,,,,,,,,,2397,423,705,479
clients,gdm_early,4,0.8,S=4,0.5,0,4,2030,Local-TGNN,0.9843890063424946,0.9751687413585948,0.9709090909090909,0.9651162790697675,0.9468085106382979,0.9810874704491725,0.9587073608617595,0.9658718515914894,0.035092633217573166,0.5746495334883612,0.5037349970925121,0.03446471697538565,0.06838535517454147,267,415,15,8,27.314565181732178,0.0,1905.0,0.4811383052754704,595,59,119,12,113,71,22,14,1259,676,252,135,430,126,86,25,,,,,,,,,,,,,,,,,2397,423,705,479
clients,gdm_early,4,0.8,S=4,0.5,0,4,2030,Cent-LR,0.9848202959830866,0.9727309202817638,0.9672727272727273,0.9697674418604652,0.953405017921147,0.9788732394366197,0.9602888086642599,0.9672939370424103,0.025854643434286118,-0.6044727001967574,0.9026698398539096,0.029993848962352618,0.6722554564476013,266,417,13,9,0.48578572273254395,0.0,,,595,59,119,12,113,71,22,14,1259,676,252,135,430,126,86,25,,,,,,,,,,,,,,,,,2397,423,705,479
clients,gdm_early,4,0.8,S=4,0.5,0,4,2030,Cent-XGB,0.9982410147991544,0.9971752144198107,0.9527272727272728,0.986046511627907,0.9776119402985075,0.9702517162471396,0.9650092081031307,0.9715472799454523,0.016748109832406044,-0.6857119201477161,0.8279208907684463,0.013791403181665982,0.8633396029472351,262,424,6,13,0.22483396530151367,0.0,,,595,59,119,12,113,71,22,14,1259,676,252,135,430,126,86,25,,,,,,,,,,,,,,,,,2397,423,705,479
clients,gdm_early,4,0.8,S=4,0.5,0,4,2030,Cent-GRAND,0.9891331923890063,0.9698710180126526,0.9854545454545455,0.9720930232558139,0.9575971731448764,0.990521327014218,0.9713261648745519,0.9762734110757736,0.022254209965467453,-2.211954118274054,0.6823554456395379,0.019491745476736454,0.6597566604614258,271,418,12,4,15.259069919586182,0.0,,,595,59,119,12,113,71,22,14,1259,676,252,135,430,126,86,25,,,,,,,,,,,,,,,,,2397,423,705,479
clients,gdm_early,4,0.8,S=4,0.5,1,0,3026,FedTGNN-SS,0.9842498348773011,0.9642605043265184,0.9854014598540146,0.91415313225058,0.8794788273615635,0.9899497487437185,0.9294320137693631,0.9399874182236442,0.04904496297240257,-0.452390829814187,0.3572161328932338,0.04535496020227249,0.00257305265404284,270,394,37,4,26.210227727890015,10725056.0,1866.0,0.5209323718804711,373,256,74,51,1230,345,246,69,397,21,79,4,397,311,79,62,,,,,,,,,,,,,,,,,2397,423,705,478
clients,gdm_early,4,0.8,S=4,0.5,1,0,3026,FedAvg-LR,0.9692236692804038,0.9363410477133541,0.9781021897810219,0.9419953596287703,0.9146757679180887,0.9854368932038835,0.9453262786596119,0.9542764252135545,0.04217381775379181,-0.5690027220159024,0.5691779090975331,0.04662149466098624,0.24927449226379395,268,406,25,6,1.2781248092651367,29504.0,,0.5023576367251253,373,256,74,51,1230,345,246,69,397,21,79,4,397,311,79,62,,,,,,,,,,,,,,,,,2397,423,705,478
clients,gdm_early,4,0.8,S=4,0.5,1,0,3026,FedProx-LR,0.9692236692804037,0.938461934468192,0.9708029197080292,0.9559164733178654,0.9333333333333333,0.9809523809523809,0.9516994633273703,0.9599860418869519,0.04223988205194473,-0.5869028496969872,0.5829267815329642,0.043481189673039905,0.4027635157108307,266,412,19,8,1.5637836456298828,29504.0,,,373,256,74,51,1230,345,246,69,397,21,79,4,397,311,79,62,,,,,,,,,,,,,,,,,2397,423,705,478
clients,gdm_early,4,0.8,S=4,0.5,1,0,3026,FedAvg-MLP,0.9808627025928498,0.9511859633221912,0.9890510948905109,0.9489559164733179,0.9249146757679181,0.9927184466019418,0.9559082892416225,0.9631261493657697,0.03487761318683624,-0.4160388629626072,0.7218631860136544,0.02657931569620228,0.17727874219417572,271,409,22,3,0.5935111045837402,348800.0,,,373,256,74,51,1230,345,246,69,397,21,79,4,397,311,79,62,,,,,,,,,,,,,,,,,2397,423,705,478
clients,gdm_early,4,0.8,S=4,0.5,1,0,3026,FedEns-RF,0.9937888461733874,0.9893579011060889,1.0,0.9443155452436195,0.9194630872483222,1.0,0.958041958041958,0.9647011699517666,0.029074884730665686,-0.011854350528040508,2.1861049497678082,0.05124295973174282,0.4111610878661088,274,407,24,0,3.7861483097076416,,,,373,256,74,51,1230,345,246,69,397,21,79,4,397,311,79,62,,,,,,,,,,,,,,,,,2397,423,705,478
clients,gdm_early,4,0.8,S=4,0.5,1,0,3026,FedEns-XGB,0.9875692245160634,0.9762215489488412,0.9927007299270073,0.9396751740139211,0.912751677852349,0.995085995085995,0.951048951048951,0.9588180316103944,0.03315088768396682,0.1810705108794267,1.8364903355739846,0.06259367664840705,0.20719005412200003,272,405,26,2,0.8349347114562988,,,,373,256,74,51,1230,345,246,69,397,21,79,4,397,311,79,62,,,,,,,,,,,,,,,,,2397,423,705,478
clients,gdm_early,4,0.8,S=4,0.5,1,0,3026,FedEns-SVM,0.9897623926702457,0.979126765147324,0.9963503649635036,0.9443155452436195,0.9191919191919192,0.9975490196078431,0.9562171628721541,0.9632098925207015,0.030878490080695396,0.2611462107062934,1.7427725322261256,0.04463632358348625,0.4072323102549085,273,407,24,1,0.11643552780151367,,,,373,256,74,51,1230,345,246,69,397,21,79,4,397,311,79,62,,,,,,,,,,,,,,,,,2397,423,705,478
clients,gdm_early,4,0.8,S=4,0.5,1,0,3026,FedST-XGB,0.9844022558301014,0.9669956660990204,0.9927007299270073,0.9443155452436195,0.918918918918919,0.9951100244498777,0.9543859649122807,0.9617167919799499,0.03634661752137246,0.1899869484832352,1.577902108485039,0.053943069078583636,0.22498866425492023,272,407,24,2,5.126213550567627,,,,373,256,74,51,1230,345,246,69,397,21,79,4,397,311,79,62,,,,,,,,,,,,,,,,,2397,423,705,478
clients,gdm_early,4,0.8,S=4,0.5,1,0,3026,FedMatch-tab,0.9808711704235609,0.9512876899881257,0.9854014598540146,0.9489559164733179,0.9246575342465754,0.9903147699757869,0.9540636042402827,0.9616289585182456,0.03475751727819443,-0.4844316117254506,0.7261317312808142,0.028172102536187113,0.21680587530136108,270,409,22,4,0.8157994747161865,348800.0,,,373,256,74,51,1230,345,246,69,397,21,79,4,397,311,79,62,,,,,,,,,,,,,,,,,2397,423,705,478
clients,gdm_early,4,0.8,S=4,0.5,1,0,3026,RSCFed-tab,0.9802106796280928,0.9500183443759782,0.9890510948905109,0.951276102088167,0.928082191780822,0.9927360774818402,0.9575971731448764,0.9645805770937652,0.03635433688759804,-0.436978761365214,0.7791898276493571,0.03586141484003541,0.2670935094356537,271,410,21,3,0.4227757453918457,174400.0,,,373,256,74,51,1230,345,246,69,397,21,79,4,397,311,79,62,,,,,,,,,,,,,,,,,2397,423,705,478
clients,gdm_early,4,0.8,S=4,0.5,1,0,3026,FedAvg-GCN,0.982996595932054,0.961759681309847,0.9890510948905109,0.951276102088167,0.928082191780822,0.9927360774818402,0.9575971731448764,0.9645805770937652,0.031181789934635162,-0.9932398533434741,0.5803308559973248,0.02681876726891081,0.0558253638446331,271,410,21,3,2.204716682434082,348800.0,,,373,256,74,51,1230,345,246,69,397,21,79,4,397,311,79,62,,,,,,,,,,,,,,,,,2397,423,705,478
clients,gdm_early,4,0.8,S=4,0.5,1,0,3026,FedAvg-SAGE,0.9787542127457788,0.9488638281251044,0.9744525547445255,0.9187935034802784,0.8841059602649006,0.9826302729528535,0.9270833333333334,0.9383618105515588,0.052549298852682114,0.9775213505109841,0.4151366502526554,0.050360481455222,0.007762592751532793,267,396,35,7,2.0495917797088623,676480.0,,,373,256,74,51,1230,345,246,69,397,21,79,4,397,311,79,62,,,,,,,,,,,,,,,,,2397,423,705,478
clients,gdm_early,4,0.8,S=4,0.5,1,0,3026,Local-LR,0.9502176232492759,0.9208589362754251,0.8905109489051095,0.9559164733178654,0.9277566539923955,0.9321266968325792,0.9087523277467412,0.926312017252523,0.0658213198184967,-0.06956587093946828,0.6122734362121455,0.047039256524955136,0.45959553122520447,244,412,19,30,1.715878963470459,0.0,,,373,256,74,51,1230,345,246,69,397,21,79,4,397,311,79,62,,,,,,,,,,,,,,,,,2397,423,705,478
clients,gdm_early,4,0.8,S=4,0.5,1,0,3026,Local-GCN,0.952948498653615,0.9348027720988312,0.9525547445255474,0.9466357308584686,0.9190140845070423,0.9691211401425178,0.9354838709677419,0.9466151749204906,0.05495506897568703,0.5918316568202956,0.4977400330034864,0.04540157455501828,0.10340731590986252,261,408,23,13,2.2856671810150146,0.0,,,373,256,74,51,1230,345,246,69,397,21,79,4,397,311,79,62,,,,,,,,,,,,,,,,,2397,423,705,478
clients,gdm_early,4,0.8,S=4,0.5,1,0,3026,Local-TGNN,0.97005775060545,0.8942616211004099,0.9635036496350365,0.925754060324826,0.8918918918918919,0.9755501222493888,0.9263157894736842,0.9381578947368421,0.07117626816034317,1.1796909390969839,0.38448520879229986,0.06818209997384896,0.013352579437196255,264,399,32,10,26.428006887435913,0.0,1895.0,0.5432401554942283,373,256,74,51,1230,345,246,69,397,21,79,4,397,311,79,62,,,,,,,,,,,,,,,,,2397,423,705,478
clients,gdm_early,4,0.8,S=4,0.5,1,0,3026,Cent-LR,0.9705827561095399,0.9372876718570473,0.9744525547445255,0.9489559164733179,0.9238754325259516,0.9831730769230769,0.9484902309058615,0.9571258710609591,0.04126293212175369,-1.047283911301823,0.5993227360202866,0.042729094460712255,0.48759976029396057,267,409,22,7,0.36038947105407715,0.0,,,373,256,74,51,1230,345,246,69,397,21,79,4,397,311,79,62,,,,,,,,,,,,,,,,,2397,423,705,478
clients,gdm_early,4,0.8,S=4,0.5,1,0,3026,Cent-XGB,0.9943604247463885,0.9894888072489116,0.9927007299270073,0.9419953596287703,0.9158249158249159,0.9950980392156863,0.9527145359019265,0.9602666839223577,0.03386043757200241,-1.8881295034896814,0.7145125949885761,0.030867924358933513,0.1417086273431778,272,406,25,2,0.18218588829040527,0.0,,,373,256,74,51,1230,345,246,69,397,21,79,4,397,311,79,62,,,,,,,,,,,,,,,,,2397,423,705,478
clients,gdm_early,4,0.8,S=4,0.5,1,0,3026,Cent-GRAND,0.9840635426016563,0.953420370873769,0.9744525547445255,0.9535962877030162,0.9303135888501742,0.9832535885167464,0.9518716577540107,0.960034768806334,0.03418431431055069,-2.054353597646933,0.5401358159416817,0.030700048384197213,0.44362685084342957,267,411,20,7,15.535985946655273,0.0,,,373,256,74,51,1230,345,246,69,397,21,79,4,397,311,79,62,,,,,,,,,,,,,,,,,2397,423,705,478
clients,gdm_early,4,0.8,S=4,0.5,1,2,3028,FedTGNN-SS,0.9638423628634816,0.9319439201374555,0.9124087591240876,0.8955916473317865,0.847457627118644,0.9414634146341463,0.8787346221441125,0.8983447189198565,0.1076100692152977,4.598161950646043,0.35719411565888903,0.11195971983425476,0.00208000629208982,250,386,45,24,26.146255254745483,10725056.0,1891.0,0.5423355394660863,472,428,95,86,892,26,178,5,501,469,100,94,532,10,106,2,,,,,,,,,,,,,,,,,2397,423,705,479
clients,gdm_early,4,0.8,S=4,0.5,1,2,3028,FedAvg-LR,0.9719037377004758,0.9339295131431079,0.9452554744525548,0.962877030162413,0.9418181818181818,0.9651162790697675,0.9435336976320583,0.9537645259356575,0.06729934364557266,1.7954532975197952,0.8343016638734388,0.08808454778177517,0.07276297360658646,259,415,16,15,0.8543176651000977,29504.0,,0.4821081153111535,472,428,95,86,892,26,178,5,501,469,100,94,532,10,106,2,,,,,,,,,,,,,,,,,2397,423,705,479
clients,gdm_early,4,0.8,S=4,0.5,1,2,3028,FedProx-LR,0.9720646264839873,0.9351728724419398,0.9416058394160584,0.9582366589327146,0.9347826086956522,0.9627039627039627,0.9381818181818182,0.949323467230444,0.0652584508061409,1.6959122708552685,0.8428296818196215,0.0844768797146513,0.07045523077249527,258,413,18,16,1.232271671295166,29504.0,,,472,428,95,86,892,26,178,5,501,469,100,94,532,10,106,2,,,,,,,,,,,,,,,,,2397,423,705,479
clients,gdm_early,4,0.8,S=4,0.5,1,2,3028,FedAvg-MLP,0.9843429810151235,0.9529962634881619,0.9817518248175182,0.9535962877030162,0.9307958477508651,0.9879807692307693,0.955595026642984,0.9630395440180681,0.06795387715101242,0.9916286398599071,1.7063096993894045,0.11503052790748312,0.13473759591579437,269,411,20,5,0.6847822666168213,348800.0,,,472,428,95,86,892,26,178,5,501,469,100,94,532,10,106,2,,,,,,,,,,,,,,,,,2397,423,705,479
clients,gdm_early,4,0.8,S=4,0.5,1,2,3028,FedEns-RF,0.9932342032618086,0.9884564685952688,0.9817518248175182,0.9535962877030162,0.9307958477508651,0.9879807692307693,0.955595026642984,0.9630395440180681,0.0524118727110766,0.060154807829164415,3.3761204171511756,0.14553725995350836,0.42954070981210857,269,411,20,5,3.914142370223999,,,,472,428,95,86,892,26,178,5,501,469,100,94,532,10,106,2,,,,,,,,,,,,,,,,,2397,423,705,479
clients,gdm_early,4,0.8,S=4,0.5,1,2,3028,FedEns-XGB,0.9889494809219773,0.9846933213508114,0.9708029197080292,0.9582366589327146,0.9366197183098591,0.9809976247030879,0.953405017921147,0.9614442929981322,0.11037575598181916,0.14152153124617162,8.611442206653752,0.2522669115310513,0.40188214112372606,266,413,18,8,0.655407190322876,,,,472,428,95,86,892,26,178,5,501,469,100,94,532,10,106,2,,,,,,,,,,,,,,,,,2397,423,705,479
clients,gdm_early,4,0.8,S=4,0.5,1,2,3028,FedEns-SVM,0.9926499229427406,0.9871745040925746,1.0,0.9443155452436195,0.9194630872483222,1.0,0.958041958041958,0.9647011699517666,0.05415954740379399,0.4695389567175403,3.6980419921905514,0.13457406977552588,0.3532569313768697,274,407,24,0,0.12141919136047363,,,,472,428,95,86,892,26,178,5,501,469,100,94,532,10,106,2,,,,,,,,,,,,,,,,,2397,423,705,479
clients,gdm_early,4,0.8,S=4,0.5,1,2,3028,FedST-XGB,0.986874862397751,0.9842381891131563,0.9708029197080292,0.9698375870069605,0.953405017921147,0.9812206572769953,0.9620253164556962,0.968760616220847,0.1168113007459022,0.1770466746241567,8.89955729847726,0.20554813830040675,0.40714331745208454,266,418,13,8,4.094854354858398,,,,472,428,95,86,892,26,178,5,501,469,100,94,532,10,106,2,,,,,,,,,,,,,,,,,2397,423,705,479
clients,gdm_early,4,0.8,S=4,0.5,1,2,3028,FedMatch-tab,0.9844361271529459,0.9528150229487675,0.9854014598540146,0.9535962877030162,0.9310344827586207,0.9903614457831326,0.9574468085106383,0.9645390070921986,0.06625205278396606,0.9874705213105759,1.6947671984684478,0.11448133594706549,0.14132949709892273,270,411,20,4,0.7585310935974121,348800.0,,,472,428,95,86,892,26,178,5,501,469,100,94,532,10,106,2,,,,,,,,,,,,,,,,,2397,423,705,479
clients,gdm_early,4,0.8,S=4,0.5,1,2,3028,RSCFed-tab,0.9816163395261402,0.9456225219078224,0.9598540145985401,0.9535962877030162,0.9293286219081273,0.9739336492890995,0.9443447037701975,0.9540011912754855,0.0968506932258606,1.3830094168753393,1.9556216983237353,0.15692850206549286,0.14887423813343048,263,411,20,11,0.26126575469970703,174400.0,,,472,428,95,86,892,26,178,5,501,469,100,94,532,10,106,2,,,,,,,,,,,,,,,,,2397,423,705,479
clients,gdm_early,4,0.8,S=4,0.5,1,2,3028,FedAvg-GCN,0.983123613392721,0.9542354236611162,0.9817518248175182,0.9698375870069605,0.9539007092198581,0.9881796690307328,0.9676258992805755,0.9732743079541051,0.03985762223601341,0.8465915680331836,1.1170900669801451,0.04661869343290937,0.19116948544979095,269,418,13,5,2.178844451904297,348800.0,,,472,428,95,86,892,26,178,5,501,469,100,94,532,10,106,2,,,,,,,,,,,,,,,,,2397,423,705,479
clients,gdm_early,4,0.8,S=4,0.5,1,2,3028,FedAvg-SAGE,0.9632834860365471,0.9318923068013145,0.9671532846715328,0.8584686774941995,0.8128834355828221,0.9762532981530343,0.8833333333333333,0.8984567901234568,0.10947083681821823,1.9261380782899074,0.6978488979266917,0.10402475001013026,0.03671972081065178,265,370,61,9,2.0961201190948486,676480.0,,,472,428,95,86,892,26,178,5,501,469,100,94,532,10,106,2,,,,,,,,,,,,,,,,,2397,423,705,479
clients,gdm_early,4,0.8,S=4,0.5,1,2,3028,Local-LR,0.920673361898149,0.90153707235275,0.8722627737226277,0.9164733178654292,0.8690909090909091,0.9186046511627907,0.8706739526411658,0.8941058497236026,0.08122418820858002,-0.35080258926794883,0.49567227931701663,0.05594319634086696,0.4941772222518921,239,395,36,35,1.7370100021362305,0.0,,,472,428,95,86,892,26,178,5,501,469,100,94,532,10,106,2,,,,,,,,,,,,,,,,,2397,423,705,479
clients,gdm_early,4,0.8,S=4,0.5,1,2,3028,Local-GCN,0.8775212965942385,0.8336567298733093,0.864963503649635,0.7633410672853829,0.6991150442477876,0.8989071038251366,0.7732463295269169,0.7994211572352276,0.14118169248104095,0.23045199629051735,0.3225849003258781,0.10301843261782162,0.1487075537443161,237,329,102,37,1.9940025806427002,0.0,,,472,428,95,86,892,26,178,5,501,469,100,94,532,10,106,2,,,,,,,,,,,,,,,,,2397,423,705,479
clients,gdm_early,4,0.8,S=4,0.5,1,2,3028,Local-TGNN,0.9068538621775872,0.8546689199841053,0.8722627737226277,0.8561484918793504,0.7940199335548173,0.9133663366336634,0.831304347826087,0.8575683415777142,0.1747564971446991,2.0560600245433416,0.33162256630895315,0.17844360975403312,0.025242915377020836,239,369,62,35,26.104228734970093,0.0,1891.0,0.5746324345933461,472,428,95,86,892,26,178,5,501,469,100,94,532,10,106,2,,,,,,,,,,,,,,,,,2397,423,705,479
clients,gdm_early,4,0.8,S=4,0.5,1,2,3028,Cent-LR,0.9808627025928497,0.9413556512073238,0.9963503649635036,0.951276102088167,0.9285714285714286,0.9975669099756691,0.9612676056338029,0.9675696698002744,0.03183417394757271,-0.5040125735121103,0.9012616504973932,0.06860193232906626,0.2130042314529419,273,410,21,1,0.43567419052124023,0.0,,,472,428,95,86,892,26,178,5,501,469,100,94,532,10,106,2,,,,,,,,,,,,,,,,,2397,423,705,479
clients,gdm_early,4,0.8,S=4,0.5,1,2,3028,Cent-XGB,0.9957406811523023,0.9942761122609213,0.9744525547445255,0.9605568445475638,0.9401408450704225,0.9833729216152018,0.956989247311828,0.9644101166136605,0.024348130449652672,-0.45667578914747425,0.7428545773546456,0.019186713357277705,0.21823330223560333,267,414,17,7,0.20101237297058105,0.0,,,472,428,95,86,892,26,178,5,501,469,100,94,532,10,106,2,,,,,,,,,,,,,,,,,2397,423,705,479
clients,gdm_early,4,0.8,S=4,0.5,1,2,3028,Cent-GRAND,0.9906938540484698,0.9627402661326375,1.0,0.9373549883990719,0.9102990033222591,1.0,0.9530434782608695,0.960354074459776,0.025356590747833252,-1.0960440763030848,0.7758099322757895,0.027708212593372195,0.032947879284620285,274,404,27,0,15.450318574905396,0.0,,,472,428,95,86,892,26,178,5,501,469,100,94,532,10,106,2,,,,,,,,,,,,,,,,,2397,423,705,479
clients,gdm_early,4,0.8,S=4,0.5,1,1,3027,FedTGNN-SS,0.9843683845072569,0.9598221960957019,0.9817518248175182,0.9582366589327146,0.9372822299651568,0.9880382775119617,0.9590017825311943,0.9659555437979882,0.02810804732143879,-4.313693492453951,0.3775322561837425,0.026075299711012866,0.8606835007667542,269,413,18,5,27.1757709980011,10725056.0,1776.0,0.5159935713127204,453,175,91,35,654,95,131,19,993,609,199,122,297,54,60,11,,,,,,,,,,,,,,,,,2397,423,705,481
clients,gdm_early,4,0.8,S=4,0.5,1,1,3027,FedAvg-LR,0.9830897420698764,0.9701440343497624,0.9781021897810219,0.9373549883990719,0.9084745762711864,0.9853658536585366,0.9420035149384886,0.9513822568747139,0.04175379127264023,-0.8143020480345703,0.9401423147880805,0.059309611443086725,0.4045898914337158,268,404,27,6,0.8428869247436523,29504.0,,0.4902876690110733,453,175,91,35,654,95,131,19,993,609,199,122,297,54,60,11,,,,,,,,,,,,,,,,,2397,423,705,481
clients,gdm_early,4,0.8,S=4,0.5,1,1,3027,FedProx-LR,0.9829288532863651,0.969971180465718,0.9817518248175182,0.925754060324826,0.893687707641196,0.9876237623762376,0.9356521739130435,0.9456703983337673,0.042049456387758255,-0.7871534020547457,0.9372369196381687,0.06256982422044091,0.380161851644516,269,399,32,5,1.1837587356567383,29504.0,,,453,175,91,35,654,95,131,19,993,609,199,122,297,54,60,11,,,,,,,,,,,,,,,,,2397,423,705,481
clients,gdm_early,4,0.8,S=4,0.5,1,1,3027,FedAvg-MLP,0.9901942520365132,0.9820371096746063,0.9890510948905109,0.951276102088167,0.928082191780822,0.9927360774818402,0.9575971731448764,0.9645805770937652,0.028414998203516006,-0.15067301026746024,1.3091830198911618,0.029092913290076225,0.27540287375450134,271,410,21,3,0.6741840839385986,348800.0,,,453,175,91,35,654,95,131,19,993,609,199,122,297,54,60,11,,,,,,,,,,,,,,,,,2397,423,705,481
clients,gdm_early,4,0.8,S=4,0.5,1,1,3027,FedEns-RF,0.9947330092976782,0.9913361096079688,0.9817518248175182,0.9535962877030162,0.9307958477508651,0.9879807692307693,0.955595026642984,0.9630395440180681,0.02682510030178805,-0.054725470330567676,1.8577894029970554,0.03697786821191072,0.5534511434511434,269,411,20,5,4.042195081710815,,,,453,175,91,35,654,95,131,19,993,609,199,122,297,54,60,11,,,,,,,,,,,,,,,,,2397,423,705,481
clients,gdm_early,4,0.8,S=4,0.5,1,1,3027,FedEns-XGB,0.9972564228495945,0.9955979549654599,0.9744525547445255,0.9767981438515081,0.9638989169675091,0.9836448598130841,0.969147005444646,0.9746782757141741,0.02295737244260563,0.2633686596602282,2.1957232853039925,0.03896951313462423,0.5891401342042719,267,421,10,7,0.7066419124603271,,,,453,175,91,35,654,95,131,19,993,609,199,122,297,54,60,11,,,,,,,,,,,,,,,,,2397,423,705,481
clients,gdm_early,4,0.8,S=4,0.5,1,1,3027,FedEns-SVM,0.9940301793486546,0.9900998644554158,0.9963503649635036,0.9535962877030162,0.931740614334471,0.9975728155339806,0.9629629629629629,0.9690259654672466,0.025282241068837752,-6.945221737673196e-05,1.8089702008990736,0.037113824375463365,0.4817367639071577,273,411,20,1,0.07499504089355469,,,,453,175,91,35,654,95,131,19,993,609,199,122,297,54,60,11,,,,,,,,,,,,,,,,,2397,423,705,481
clients,gdm_early,4,0.8,S=4,0.5,1,1,3027,FedST-XGB,0.9947245414669671,0.9905169382501315,0.9562043795620438,0.974477958236659,0.9597069597069597,0.9722222222222222,0.9579524680073126,0.9656506256606667,0.025446137724929166,0.34285819127939576,1.445832903306677,0.02972449826887127,0.6354942410572465,262,420,11,12,5.1409711837768555,,,,453,175,91,35,654,95,131,19,993,609,199,122,297,54,60,11,,,,,,,,,,,,,,,,,2397,423,705,481
clients,gdm_early,4,0.8,S=4,0.5,1,1,3027,FedMatch-tab,0.99024505902078,0.9820488944332112,0.9890510948905109,0.9489559164733179,0.9249146757679181,0.9927184466019418,0.9559082892416225,0.9631261493657697,0.02818469889461994,-0.17205655170934064,1.3092969400816843,0.027688703765260423,0.2655184268951416,271,409,22,3,0.6602809429168701,348800.0,,,453,175,91,35,654,95,131,19,993,609,199,122,297,54,60,11,,,,,,,,,,,,,,,,,2397,423,705,481
clients,gdm_early,4,0.8,S=4,0.5,1,1,3027,RSCFed-tab,0.988991820075533,0.9790120743354067,0.9963503649635036,0.9396751740139211,0.9130434782608695,0.9975369458128078,0.9528795811518325,0.9603107583178517,0.026713350787758827,-0.36751160092399165,0.9047199544166654,0.016923547837328412,0.09634862095117569,273,405,26,1,0.38915228843688965,174400.0,,,453,175,91,35,654,95,131,19,993,609,199,122,297,54,60,11,,,,,,,,,,,,,,,,,2397,423,705,481
clients,gdm_early,4,0.8,S=4,0.5,1,1,3027,FedAvg-GCN,0.9927938760648297,0.9850162048623184,0.9963503649635036,0.951276102088167,0.9285714285714286,0.9975669099756691,0.9612676056338029,0.9675696698002744,0.021677497774362564,-0.5599039248843628,1.149582794589371,0.0209367919990674,0.20227840542793274,273,410,21,1,2.400852680206299,348800.0,,,453,175,91,35,654,95,131,19,993,609,199,122,297,54,60,11,,,,,,,,,,,,,,,,,2397,423,705,481
clients,gdm_early,4,0.8,S=4,0.5,1,1,3027,FedAvg-SAGE,0.98964384304029,0.9761371513198432,0.9963503649635036,0.9373549883990719,0.91,0.9975308641975309,0.9512195121951219,0.9588633446143073,0.030567167326807976,-0.09005195801892468,0.8445740367599255,0.028253449276353856,0.050914112478494644,273,404,27,1,1.936518669128418,676480.0,,,453,175,91,35,654,95,131,19,993,609,199,122,297,54,60,11,,,,,,,,,,,,,,,,,2397,423,705,481
clients,gdm_early,4,0.8,S=4,0.5,1,1,3027,Local-LR,0.9509246871136553,0.9244677073879622,0.9087591240875912,0.9535962877030162,0.9256505576208178,0.9426605504587156,0.9171270718232044,0.9326119788181766,0.06449132412672043,0.05876382215576803,0.6383171400273211,0.04961803192206731,0.42939066886901855,249,411,20,25,1.7093183994293213,0.0,,,453,175,91,35,654,95,131,19,993,609,199,122,297,54,60,11,,,,,,,,,,,,,,,,,2397,423,705,481
clients,gdm_early,4,0.8,S=4,0.5,1,1,3027,Local-GCN,0.9640582925466153,0.9402516200857498,0.916058394160584,0.9582366589327146,0.9330855018587361,0.9472477064220184,0.9244935543278084,0.9386020251454498,0.054384347051382065,0.5827916661672538,0.5889569461022495,0.04354702322116348,0.4061148166656494,251,413,18,23,2.113100051879883,0.0,,,453,175,91,35,654,95,131,19,993,609,199,122,297,54,60,11,,,,,,,,,,,,,,,,,2397,423,705,481
clients,gdm_early,4,0.8,S=4,0.5,1,1,3027,Local-TGNN,0.978538283062645,0.9590260951293264,0.9671532846715328,0.9582366589327146,0.9363957597173145,0.9786729857819905,0.9515260323159784,0.9599365214334874,0.04492882639169693,0.9279987146347988,0.4676306465175873,0.04640107419315383,0.053493648767471313,265,413,18,9,27.015369176864624,0.0,1896.0,0.5016248654546527,453,175,91,35,654,95,131,19,993,609,199,122,297,54,60,11,,,,,,,,,,,,,,,,,2397,423,705,481
clients,gdm_early,4,0.8,S=4,0.5,1,1,3027,Cent-LR,0.9833437769912103,0.9697705924829554,0.9963503649635036,0.925754060324826,0.8950819672131147,0.9975,0.9430051813471503,0.9516469950057052,0.03978100046515465,-0.688066289138087,1.073769436441057,0.0632077642815544,0.34775447845458984,273,399,32,1,0.48642826080322266,0.0,,,453,175,91,35,654,95,131,19,993,609,199,122,297,54,60,11,,,,,,,,,,,,,,,,,2397,423,705,481
clients,gdm_early,4,0.8,S=4,0.5,1,1,3027,Cent-XGB,0.9976628787237286,0.9963620983502561,0.9781021897810219,0.9651972157772621,0.9469964664310954,0.985781990521327,0.9622980251346499,0.9688395166704902,0.02459421381354332,-1.4307974510826134,0.8532915475505268,0.022977005674153672,0.7520858645439148,268,416,15,6,0.2700824737548828,0.0,,,453,175,91,35,654,95,131,19,993,609,199,122,297,54,60,11,,,,,,,,,,,,,,,,,2397,423,705,481
clients,gdm_early,4,0.8,S=4,0.5,1,1,3027,Cent-GRAND,0.9984757904719969,0.9976073854639376,0.9744525547445255,0.9837587006960556,0.9744525547445255,0.9837587006960556,0.9744525547445255,0.9791056277202905,0.019415557384490967,-0.8830044853801149,1.2386249706292631,0.01904474430922288,0.8931722044944763,267,424,7,7,14.852545738220215,0.0,,,453,175,91,35,654,95,131,19,993,609,199,122,297,54,60,11,,,,,,,,,,,,,,,,,2397,423,705,481
clients,gdm_early,4,0.8,S=4,0.5,1,3,3029,FedTGNN-SS,0.9834503171247359,0.9722624359891378,0.9563636363636364,0.9720930232558139,0.9563636363636364,0.9720930232558139,0.9563636363636364,0.9642283298097252,0.05137697607278824,3.289786751351493,0.41108239564388416,0.05283795922023661,0.019658444449305534,263,418,12,12,28.047693490982056,10725056.0,1794.0,0.5480566783636122,101,20,20,4,916,723,184,145,192,162,38,32,1188,27,237,5,,,,,,,,,,,,,,,,,2397,423,705,479
clients,gdm_early,4,0.8,S=4,0.5,1,3,3029,FedAvg-LR,0.9661733615221987,0.9491965490588072,0.9345454545454546,0.9627906976744186,0.9413919413919414,0.9583333333333334,0.9379562043795621,0.9492565244635629,0.0547773577272892,0.4933328060758278,0.8237170973109653,0.04077034065803738,0.1406717747449875,257,414,16,18,0.9175257682800293,29504.0,,0.4930543833932987,101,20,20,4,916,723,184,145,192,162,38,32,1188,27,237,5,,,,,,,,,,,,,,,,,2397,423,705,479
clients,gdm_early,4,0.8,S=4,0.5,1,3,3029,FedProx-LR,0.9665369978858351,0.9493339396050315,0.9345454545454546,0.9627906976744186,0.9413919413919414,0.9583333333333334,0.9379562043795621,0.9492565244635629,0.05384809896349907,0.5016661407090172,0.8216975861206209,0.0459444876998029,0.14876681566238403,257,414,16,18,1.0856175422668457,29504.0,,,101,20,20,4,916,723,184,145,192,162,38,32,1188,27,237,5,,,,,,,,,,,,,,,,,2397,423,705,479
clients,gdm_early,4,0.8,S=4,0.5,1,3,3029,FedAvg-MLP,0.9790528541226216,0.9660396546237231,0.92,0.9720930232558139,0.9547169811320755,0.95,0.937037037037037,0.948978288633461,0.050029076635837555,0.4711693281215927,1.3188971143339552,0.04848566222803813,0.32456111907958984,253,418,12,22,0.5245912075042725,348800.0,,,101,20,20,4,916,723,184,145,192,162,38,32,1188,27,237,5,,,,,,,,,,,,,,,,,2397,423,705,479
clients,gdm_early,4,0.8,S=4,0.5,1,3,3029,FedEns-RF,0.9924143763213531,0.986212840708123,0.9963636363636363,0.9558139534883721,0.9351535836177475,0.9975728155339806,0.9647887323943662,0.9705178816366131,0.04016785770602935,0.6889500211032002,2.051610685515153,0.09675665911547404,0.16803757828810023,274,411,19,1,4.137540578842163,,,,101,20,20,4,916,723,184,145,192,162,38,32,1188,27,237,5,,,,,,,,,,,,,,,,,2397,423,705,479
clients,gdm_early,4,0.8,S=4,0.5,1,3,3029,FedEns-XGB,0.9856913319238899,0.9723130124978403,0.9818181818181818,0.9558139534883721,0.9342560553633218,0.9879807692307693,0.9574468085106383,0.9645390070921986,0.062253361256936465,0.7328495293068857,2.2028145918990667,0.12301308514110391,0.28332294843068234,270,411,19,5,0.8686435222625732,,,,101,20,20,4,916,723,184,145,192,162,38,32,1188,27,237,5,,,,,,,,,,,,,,,,,2397,423,705,479
clients,gdm_early,4,0.8,S=4,0.5,1,3,3029,FedEns-SVM,0.9899365750528542,0.9797417859017403,0.9818181818181818,0.9744186046511628,0.9608540925266904,0.9882075471698113,0.9712230215827338,0.9762438292925378,0.04671957298034781,0.5746126586724102,2.120878125785011,0.10633831629447646,0.3853522359311526,270,419,11,5,0.07984519004821777,,,,101,20,20,4,916,723,184,145,192,162,38,32,1188,27,237,5,,,,,,,,,,,,,,,,,2397,423,705,479
clients,gdm_early,4,0.8,S=4,0.5,1,3,3029,FedST-XGB,0.9786215644820295,0.9569323937929317,0.9854545454545455,0.9465116279069767,0.9217687074829932,0.9902676399026764,0.9525483304042179,0.9602218465338569,0.08322439215361038,0.946362663062358,2.204162319888169,0.15183878855598573,0.1869151027134884,271,407,23,4,4.589917421340942,,,,101,20,20,4,916,723,184,145,192,162,38,32,1188,27,237,5,,,,,,,,,,,,,,,,,2397,423,705,479
clients,gdm_early,4,0.8,S=4,0.5,1,3,3029,FedMatch-tab,0.9789175475687103,0.9656246445511917,0.92,0.9651162790697675,0.9440298507462687,0.9496567505720824,0.9318600368324125,0.944592071472723,0.05051644891500473,0.5125984736246891,1.3286277943439526,0.051934778365365995,0.2989753484725952,253,415,15,22,0.9253125190734863,348800.0,,,101,20,20,4,916,723,184,145,192,162,38,32,1188,27,237,5,,,,,,,,,,,,,,,,,2397,423,705,479
clients,gdm_early,4,0.8,S=4,0.5,1,3,3029,RSCFed-tab,0.9791881606765328,0.9645178195118302,0.9418181818181818,0.9627906976744186,0.9418181818181818,0.9627906976744186,0.9418181818181818,0.9523044397463002,0.0437537282705307,0.12179792479103362,1.0198483271457106,0.030943644630676462,0.3393055498600006,259,414,16,16,0.4867978096008301,174400.0,,,101,20,20,4,916,723,184,145,192,162,38,32,1188,27,237,5,,,,,,,,,,,,,,,,,2397,423,705,479
clients,gdm_early,4,0.8,S=4,0.5,1,3,3029,FedAvg-GCN,0.9781649048625792,0.9687529181518514,0.9636363636363636,0.9744186046511628,0.9601449275362319,0.9766899766899767,0.9618874773139746,0.9687202229410385,0.038643281906843185,0.7737502722471048,0.9306704957571007,0.03096313059647031,0.18039542436599731,265,419,11,10,2.6175286769866943,348800.0,,,101,20,20,4,916,723,184,145,192,162,38,32,1188,27,237,5,,,,,,,,,,,,,,,,,2397,423,705,479
clients,gdm_early,4,0.8,S=4,0.5,1,3,3029,FedAvg-SAGE,0.9795264270613108,0.9636299036733074,0.9127272727272727,0.9744186046511628,0.9580152671755725,0.945823927765237,0.9348230912476723,0.947365726608945,0.06976749002933502,2.2097532311212684,0.8403759697514833,0.07225371506329335,0.12556903064250946,251,419,11,24,2.061638832092285,676480.0,,,101,20,20,4,916,723,184,145,192,162,38,32,1188,27,237,5,,,,,,,,,,,,,,,,,2397,423,705,479
clients,gdm_early,4,0.8,S=4,0.5,1,3,3029,Local-LR,0.9101057082452431,0.9072932230171229,0.8290909090909091,0.9674418604651163,0.9421487603305785,0.8984881209503239,0.8820116054158608,0.9068512674335742,0.07865875214338303,0.8567300652345063,0.5035020556244303,0.06582818612033595,0.6467986106872559,228,416,14,47,1.455143928527832,0.0,,,101,20,20,4,916,723,184,145,192,162,38,32,1188,27,237,5,,,,,,,,,,,,,,,,,2397,423,705,479
clients,gdm_early,4,0.8,S=4,0.5,1,3,3029,Local-GCN,0.8940972515856236,0.8821093261327932,0.7927272727272727,0.8860465116279069,0.8164794007490637,0.8698630136986302,0.8044280442804428,0.8411541143061201,0.13754494488239288,2.0309691268345147,0.3313503706154865,0.12457519680235189,0.1201067864894867,218,381,49,57,2.3933229446411133,0.0,,,101,20,20,4,916,723,184,145,192,162,38,32,1188,27,237,5,,,,,,,,,,,,,,,,,2397,423,705,479
clients,gdm_early,4,0.8,S=4,0.5,1,3,3029,Local-TGNN,0.9258689217758986,0.9050616221473731,0.8327272727272728,0.9418604651162791,0.9015748031496063,0.8980044345898004,0.8657844990548205,0.8925971303446634,0.16326601803302765,3.8439762897680443,0.46194469341854244,0.16942416535730057,0.01599590852856636,229,405,25,46,29.107702493667603,0.0,1891.0,0.5445920135033092,101,20,20,4,916,723,184,145,192,162,38,32,1188,27,237,5,,,,,,,,,,,,,,,,,2397,423,705,479
clients,gdm_early,4,0.8,S=4,0.5,1,3,3029,Cent-LR,0.9714926004228329,0.9607389470371304,0.9709090909090909,0.9651162790697675,0.9468085106382979,0.9810874704491725,0.9587073608617595,0.9658718515914894,0.034445520490407944,-0.11070809118062618,0.7620471165520882,0.03508738979485863,0.2943316400051117,267,415,15,8,0.37348294258117676,0.0,,,101,20,20,4,916,723,184,145,192,162,38,32,1188,27,237,5,,,,,,,,,,,,,,,,,2397,423,705,479
clients,gdm_early,4,0.8,S=4,0.5,1,3,3029,Cent-XGB,0.9961353065539111,0.9955046424821392,0.9854545454545455,0.958139534883721,0.9377162629757786,0.9903846153846154,0.9609929078014184,0.9674940898345153,0.020974937826395035,-0.05435262105168457,0.742646655317632,0.016815150499918538,0.06043384224176407,271,412,18,4,0.16745257377624512,0.0,,,101,20,20,4,916,723,184,145,192,162,38,32,1188,27,237,5,,,,,,,,,,,,,,,,,2397,423,705,479
clients,gdm_early,4,0.8,S=4,0.5,1,3,3029,Cent-GRAND,0.9779450317124736,0.9454417065870118,0.9636363636363636,0.9744186046511628,0.9601449275362319,0.9766899766899767,0.9618874773139746,0.9687202229410385,0.028539491817355156,-0.06040532134797975,0.6280816005328829,0.021713403226636,0.47643834352493286,265,419,11,10,15.500678300857544,0.0,,,101,20,20,4,916,723,184,145,192,162,38,32,1188,27,237,5,,,,,,,,,,,,,,,,,2397,423,705,479
clients,gdm_early,4,0.8,S=4,0.5,1,4,3030,FedTGNN-SS,0.9142410147991543,0.894710589215179,0.7709090909090909,0.9093023255813953,0.8446215139442231,0.8612334801762115,0.8060836501901141,0.8453495174027493,0.16981805860996246,-1.8587628211445157,0.3185279543548304,0.18598186817575008,0.9165641069412231,212,391,39,63,26.74707293510437,10725056.0,1883.0,0.6357437924754585,829,822,165,164,930,80,186,16,586,11,117,2,52,19,11,4,,,,,,,,,,,,,,,,,2397,423,705,479
clients,gdm_early,4,0.8,S=4,0.5,1,4,3030,FedAvg-LR,0.9828668076109937,0.9728663379422311,0.9563636363636364,0.9674418604651163,0.9494584837545126,0.9719626168224299,0.9528985507246377,0.9612977602108037,0.063357412815094,1.5603260219860549,0.9339831648399429,0.0789787286615118,0.13609027862548828,263,416,14,12,0.8844788074493408,29504.0,,0.47899139756288955,829,822,165,164,930,80,186,16,586,11,117,2,52,19,11,4,,,,,,,,,,,,,,,,,2397,423,705,479
clients,gdm_early,4,0.8,S=4,0.5,1,4,3030,FedProx-LR,0.9828921775898519,0.9718120405502606,0.9636363636363636,0.9604651162790697,0.9397163120567376,0.9763593380614657,0.9515260323159784,0.9599365214334874,0.06192902848124504,1.4644397480476006,0.9290973258486682,0.07550510328315885,0.136387899518013,265,413,17,10,1.2138798236846924,29504.0,,,829,822,165,164,930,80,186,16,586,11,117,2,52,19,11,4,,,,,,,,,,,,,,,,,2397,423,705,479
clients,gdm_early,4,0.8,S=4,0.5,1,4,3030,FedAvg-MLP,0.9873911205073996,0.9757879069465927,0.9563636363636364,0.9674418604651163,0.9494584837545126,0.9719626168224299,0.9528985507246377,0.9612977602108037,0.05952496826648712,1.2150373774353544,1.1487693838444304,0.06157305766927436,0.09542282670736313,263,416,14,12,0.584766149520874,348800.0,,,829,822,165,164,930,80,186,16,586,11,117,2,52,19,11,4,,,,,,,,,,,,,,,,,2397,423,705,479
clients,gdm_early,4,0.8,S=4,0.5,1,4,3030,FedEns-RF,0.9870105708245243,0.9760598138545404,0.9527272727272728,0.9627906976744186,0.9424460431654677,0.9695550351288056,0.9475587703435805,0.9568598985906933,0.0902540728292114,-0.6012339143956085,3.640290515939857,0.23032966138083188,0.44777661795407103,262,414,16,13,3.9766745567321777,,,,829,822,165,164,930,80,186,16,586,11,117,2,52,19,11,4,,,,,,,,,,,,,,,,,2397,423,705,479
clients,gdm_early,4,0.8,S=4,0.5,1,4,3030,FedEns-XGB,0.9721860465116279,0.9514155283411702,0.9381818181818182,0.9348837209302325,0.9020979020979021,0.9594272076372315,0.9197860962566845,0.9333912813438899,0.1430387918214858,-0.35007412859370945,4.592938492262081,0.2718015224338702,0.36739391734773036,258,402,28,17,0.6935806274414062,,,,829,822,165,164,930,80,186,16,586,11,117,2,52,19,11,4,,,,,,,,,,,,,,,,,2397,423,705,479
clients,gdm_early,4,0.8,S=4,0.5,1,4,3030,FedEns-SVM,0.9923467230443974,0.986686090766838,0.9890909090909091,0.9558139534883721,0.9347079037800687,0.9927536231884058,0.9611307420494699,0.9675321956692847,0.12275770838453053,-0.4362091057744874,5.041088662813061,0.28662003342833675,0.36107380693227636,272,411,19,3,0.12139463424682617,,,,829,822,165,164,930,80,186,16,586,11,117,2,52,19,11,4,,,,,,,,,,,,,,,,,2397,423,705,479
clients,gdm_early,4,0.8,S=4,0.5,1,4,3030,FedST-XGB,0.97307822410148,0.9496912359100586,0.9490909090909091,0.9302325581395349,0.8969072164948454,0.966183574879227,0.9222614840989399,0.9350643913385694,0.14389730366391293,-0.34187289861743664,3.8191813820314837,0.2522099894213513,0.3571258902011171,261,400,30,14,2.328711986541748,,,,829,822,165,164,930,80,186,16,586,11,117,2,52,19,11,4,,,,,,,,,,,,,,,,,2397,423,705,479
clients,gdm_early,4,0.8,S=4,0.5,1,4,3030,FedMatch-tab,0.987830866807611,0.9761135881837834,0.9636363636363636,0.9651162790697675,0.9464285714285714,0.9764705882352941,0.954954954954955,0.9628575944365418,0.057771459221839905,1.1125504430871322,1.1721224612167809,0.058265987165430744,0.09571799635887146,265,415,15,10,1.004276990890503,348800.0,,,829,822,165,164,930,80,186,16,586,11,117,2,52,19,11,4,,,,,,,,,,,,,,,,,2397,423,705,479
clients,gdm_early,4,0.8,S=4,0.5,1,4,3030,RSCFed-tab,0.9790697674418605,0.9681880469089786,0.9018181818181819,0.9674418604651163,0.9465648854961832,0.9390519187358917,0.9236499068901304,0.9383427083133355,0.10042347759008408,3.1500649570200236,0.9284639248560341,0.12771139697878497,0.026567544788122177,248,416,14,27,0.3797893524169922,174400.0,,,829,822,165,164,930,80,186,16,586,11,117,2,52,19,11,4,,,,,,,,,,,,,,,,,2397,423,705,479
clients,gdm_early,4,0.8,S=4,0.5,1,4,3030,FedAvg-GCN,0.9877801268498942,0.9697583780986715,0.9781818181818182,0.9697674418604652,0.9539007092198581,0.9858156028368794,0.9658886894075404,0.9718071817494911,0.04016895219683647,1.2047880844864902,0.8971309782920371,0.03757412209578438,0.10217858850955963,269,417,13,6,2.2914021015167236,348800.0,,,829,822,165,164,930,80,186,16,586,11,117,2,52,19,11,4,,,,,,,,,,,,,,,,,2397,423,705,479
clients,gdm_early,4,0.8,S=4,0.5,1,4,3030,FedAvg-SAGE,0.9563044397463002,0.9422332655557888,0.8145454545454546,0.9651162790697675,0.9372384937238494,0.8905579399141631,0.8715953307392996,0.8989673082267926,0.08315678685903549,1.246279347357732,0.6487783267391805,0.0708727889661248,0.3157729506492615,224,415,15,51,2.115764617919922,676480.0,,,829,822,165,164,930,80,186,16,586,11,117,2,52,19,11,4,,,,,,,,,,,,,,,,,2397,423,705,479
clients,gdm_early,4,0.8,S=4,0.5,1,4,3030,Local-LR,0.8342325581395349,0.8100324130905134,0.7927272727272727,0.7558139534883721,0.6749226006191951,0.8507853403141361,0.7290969899665551,0.7647948004019968,0.2258361428976059,-2.3458506556977623,0.30163831336876623,0.2287053928334028,0.8225633502006531,218,325,105,57,1.4594945907592773,0.0,,,829,822,165,164,930,80,186,16,586,11,117,2,52,19,11,4,,,,,,,,,,,,,,,,,2397,423,705,479
clients,gdm_early,4,0.8,S=4,0.5,1,4,3030,Local-GCN,0.8071966173361522,0.7788889113347621,0.8727272727272727,0.5744186046511628,0.5673758865248227,0.875886524822695,0.6876790830945558,0.6907496539068285,0.2711547911167145,-1.8582387233922024,0.19608776743278558,0.2742978165811258,0.028463276103138924,240,247,183,35,2.04468035697937,0.0,,,829,822,165,164,930,80,186,16,586,11,117,2,52,19,11,4,,,,,,,,,,,,,,,,,2397,423,705,479
clients,gdm_early,4,0.8,S=4,0.5,1,4,3030,Local-TGNN,0.7984270613107822,0.7713054949151702,0.92,0.5720930232558139,0.5789473684210527,0.917910447761194,0.7106741573033708,0.7077726087376452,0.31334590911865234,-3.648471633611087,0.18979060671109368,0.3174191925793569,0.021397866308689117,253,246,184,22,28.149734258651733,0.0,1906.0,0.644959208753461,829,822,165,164,930,80,186,16,586,11,117,2,52,19,11,4,,,,,,,,,,,,,,,,,2397,423,705,479
clients,gdm_early,4,0.8,S=4,0.5,1,4,3030,Cent-LR,0.9842959830866808,0.9661752623768866,0.9672727272727273,0.9651162790697675,0.9466192170818505,0.9787735849056604,0.9568345323741008,0.9643657439388068,0.029641861096024513,-0.5937079369569717,0.9229175926782678,0.04717335824900908,0.592204213142395,266,415,15,9,0.4592742919921875,0.0,,,829,822,165,164,930,80,186,16,586,11,117,2,52,19,11,4,,,,,,,,,,,,,,,,,2397,423,705,479
clients,gdm_early,4,0.8,S=4,0.5,1,4,3030,Cent-XGB,0.9941733615221987,0.9927909236640144,0.9381818181818182,0.9744186046511628,0.9591078066914498,0.9610091743119266,0.9485294117647058,0.9580984241271566,0.024719830602407455,-0.469391017106636,0.7774745651227589,0.020004167047771804,0.8291335105895996,258,419,11,17,0.22861313819885254,0.0,,,829,822,165,164,930,80,186,16,586,11,117,2,52,19,11,4,,,,,,,,,,,,,,,,,2397,423,705,479
clients,gdm_early,4,0.8,S=4,0.5,1,4,3030,Cent-GRAND,0.9917040169133193,0.9721094712104468,0.9818181818181818,0.9744186046511628,0.9608540925266904,0.9882075471698113,0.9712230215827338,0.9762438292925378,0.017344262450933456,-0.7064262153190204,0.8249418080987097,0.018167091020984016,0.5990070700645447,270,419,11,5,15.066155195236206,0.0,,,829,822,165,164,930,80,186,16,586,11,117,2,52,19,11,4,,,,,,,,,,,,,,,,,2397,423,705,479
clients,gdm_early,4,0.8,S=4,0.5,2,0,4026,FedTGNN-SS,0.9886107676935323,0.9792250513688342,0.9379562043795621,0.974477958236659,0.9589552238805971,0.9610983981693364,0.948339483394834,0.9580407094393525,0.03400566428899765,0.01725808748224918,0.583665064474761,0.02672815121287574,0.6476103067398071,257,420,11,17,27.863811492919922,10725056.0,1832.0,0.5020477057699996,1409,167,281,33,655,648,131,130,235,59,47,12,98,59,20,12,,,,,,,,,,,,,,,,,2397,423,705,479
clients,gdm_early,4,0.8,S=4,0.5,2,0,4026,FedAvg-LR,0.9638169593713481,0.9523910640782328,0.9087591240875912,0.9489559164733179,0.9188191881918819,0.9423963133640553,0.9137614678899083,0.9297131038871507,0.06765614449977875,1.1116586952842307,0.9152426291363285,0.0702881102496428,0.1730949431657791,249,409,22,25,1.0200128555297852,29504.0,,0.48955714476080486,1409,167,281,33,655,648,131,130,235,59,47,12,98,59,20,12,,,,,,,,,,,,,,,,,2397,423,705,479
clients,gdm_early,4,0.8,S=4,0.5,2,0,4026,FedProx-LR,0.9639863159855707,0.952162489151715,0.9087591240875912,0.9535962877030162,0.9256505576208178,0.9426605504587156,0.9171270718232044,0.9326119788181766,0.06783048808574677,1.0977932343993622,0.9201063711539876,0.06756817803103872,0.175440713763237,249,411,20,25,1.2972996234893799,29504.0,,,1409,167,281,33,655,648,131,130,235,59,47,12,98,59,20,12,,,,,,,,,,,,,,,,,2397,423,705,479
clients,gdm_early,4,0.8,S=4,0.5,2,0,4026,FedAvg-MLP,0.9868409910749064,0.9776654176683076,0.9744525547445255,0.962877030162413,0.9434628975265018,0.9834123222748815,0.9587073608617595,0.9658718515914894,0.052589233964681625,1.3464765672559322,1.1192884703641248,0.05789054929153292,0.05769559368491173,267,415,16,7,0.5871472358703613,348800.0,,,1409,167,281,33,655,648,131,130,235,59,47,12,98,59,20,12,,,,,,,,,,,,,,,,,2397,423,705,479
clients,gdm_early,4,0.8,S=4,0.5,2,0,4026,FedEns-RF,0.9940979219943435,0.9903565261680943,0.9854014598540146,0.9535962877030162,0.9310344827586207,0.9903614457831326,0.9574468085106383,0.9645390070921986,0.060146397148221564,-0.8929074362461932,2.7959387197265126,0.16046331749063503,0.4653235908141962,270,411,20,4,4.191816091537476,,,,1409,167,281,33,655,648,131,130,235,59,47,12,98,59,20,12,,,,,,,,,,,,,,,,,2397,423,705,479
clients,gdm_early,4,0.8,S=4,0.5,2,0,4026,FedEns-XGB,0.9826240113807645,0.9798009873390742,0.948905109489051,0.9651972157772621,0.9454545454545454,0.9674418604651163,0.9471766848816029,0.9567474597462602,0.08653609141989191,-0.858574251938383,3.133848955044865,0.18520396984801815,0.3786658779883248,260,416,15,14,0.9230136871337891,,,,1409,167,281,33,655,648,131,130,235,59,47,12,98,59,20,12,,,,,,,,,,,,,,,,,2397,423,705,479
clients,gdm_early,4,0.8,S=4,0.5,2,0,4026,FedEns-SVM,0.995325757447457,0.9923835138452808,0.9854014598540146,0.9582366589327146,0.9375,0.9904076738609112,0.9608540925266904,0.9674553481501377,0.07026338600055988,-0.8437239174906989,3.1310706732404796,0.18040703873302422,0.39024194155476705,270,413,18,4,0.0607447624206543,,,,1409,167,281,33,655,648,131,130,235,59,47,12,98,59,20,12,,,,,,,,,,,,,,,,,2397,423,705,479
clients,gdm_early,4,0.8,S=4,0.5,2,0,4026,FedST-XGB,0.9810871001066946,0.9769742149211532,0.9744525547445255,0.9489559164733179,0.9238754325259516,0.9831730769230769,0.9484902309058615,0.9571258710609591,0.09197037131061996,-0.9703919900367705,1.9974588170414096,0.15485778160883618,0.3149563697765101,267,409,22,7,4.278834104537964,,,,1409,167,281,33,655,648,131,130,235,59,47,12,98,59,20,12,,,,,,,,,,,,,,,,,2397,423,705,479
clients,gdm_early,4,0.8,S=4,0.5,2,0,4026,FedMatch-tab,0.9872389791183295,0.9778328278869406,0.9744525547445255,0.962877030162413,0.9434628975265018,0.9834123222748815,0.9587073608617595,0.9658718515914894,0.05217822641134262,1.2655865079125161,1.1421958778352457,0.05570875834673642,0.05828996002674103,267,415,16,7,0.935269832611084,348800.0,,,1409,167,281,33,655,648,131,130,235,59,47,12,98,59,20,12,,,,,,,,,,,,,,,,,2397,423,705,479
clients,gdm_early,4,0.8,S=4,0.5,2,0,4026,RSCFed-tab,0.9844699984757904,0.9712371636874438,0.9744525547445255,0.9559164733178654,0.9335664335664335,0.9832935560859188,0.9535714285714286,0.9614915966386555,0.04124530777335167,-0.07483194230472583,1.1885355437885077,0.05417113054728676,0.2406025230884552,267,412,19,7,0.4141397476196289,174400.0,,,1409,167,281,33,655,648,131,130,235,59,47,12,98,59,20,12,,,,,,,,,,,,,,,,,2397,423,705,479
clients,gdm_early,4,0.8,S=4,0.5,2,0,4026,FedAvg-GCN,0.9880518908665978,0.9776762553731565,0.9781021897810219,0.9675174013921114,0.950354609929078,0.9858156028368794,0.9640287769784173,0.9703047866156723,0.038050469011068344,0.9113604431282148,0.9715671702857229,0.029646319129788278,0.08646378666162491,268,417,14,6,1.887470006942749,348800.0,,,1409,167,281,33,655,648,131,130,235,59,47,12,98,59,20,12,,,,,,,,,,,,,,,,,2397,423,705,479
clients,gdm_early,4,0.8,S=4,0.5,2,0,4026,FedAvg-SAGE,0.9739783562247024,0.9634231281653436,0.9087591240875912,0.9651972157772621,0.9431818181818182,0.9433106575963719,0.9256505576208178,0.9398894989938952,0.04965335503220558,-0.34108621477824663,0.9835486701179373,0.030143489228918185,0.6365773677825928,249,416,15,25,1.9544398784637451,676480.0,,,1409,167,281,33,655,648,131,130,235,59,47,12,98,59,20,12,,,,,,,,,,,,,,,,,2397,423,705,479
clients,gdm_early,4,0.8,S=4,0.5,2,0,4026,Local-LR,0.8974799735803681,0.8430335695007133,0.8540145985401459,0.8306264501160093,0.762214983713355,0.8994974874371859,0.8055077452667814,0.8345994697383364,0.14235329627990723,-1.9422835891581482,0.47741044764663443,0.12004788711350015,0.7417925000190735,234,358,73,40,1.7685487270355225,0.0,,,1409,167,281,33,655,648,131,130,235,59,47,12,98,59,20,12,,,,,,,,,,,,,,,,,2397,423,705,479
clients,gdm_early,4,0.8,S=4,0.5,2,0,4026,Local-GCN,0.9128109810828662,0.8792206273020083,0.8832116788321168,0.7981438515081206,0.7355623100303952,0.9148936170212766,0.802653399668325,0.8275968361414736,0.14247183501720428,-1.5409852593307696,0.3550184159075667,0.13146029189757422,0.48923811316490173,242,344,87,32,2.073486328125,0.0,,,1409,167,281,33,655,648,131,130,235,59,47,12,98,59,20,12,,,,,,,,,,,,,,,,,2397,423,705,479
clients,gdm_early,4,0.8,S=4,0.5,2,0,4026,Local-TGNN,0.9537360069097499,0.9281327963941168,0.8211678832116789,0.9280742459396751,0.87890625,0.89086859688196,0.8490566037735849,0.879073756432247,0.12814420461654663,-2.6531576588258923,0.4100533079315198,0.12645166125742996,0.9778202176094055,225,400,31,49,28.742099285125732,0.0,1900.0,0.5626956277113964,1409,167,281,33,655,648,131,130,235,59,47,12,98,59,20,12,,,,,,,,,,,,,,,,,2397,423,705,479
clients,gdm_early,4,0.8,S=4,0.5,2,0,4026,Cent-LR,0.981006655714939,0.9704319951441739,0.9525547445255474,0.9582366589327146,0.9354838709677419,0.9694835680751174,0.9439421338155516,0.953884719183155,0.04263671115040779,-0.09141866195656094,1.1946206812669091,0.0637295774904126,0.28950121998786926,261,413,18,13,0.3931615352630615,0.0,,,1409,167,281,33,655,648,131,130,235,59,47,12,98,59,20,12,,,,,,,,,,,,,,,,,2397,423,705,479
clients,gdm_early,4,0.8,S=4,0.5,2,0,4026,Cent-XGB,0.9927261334191407,0.990585408194177,0.948905109489051,0.974477958236659,0.959409594095941,0.967741935483871,0.9541284403669725,0.9626133531314631,0.029976798221468925,0.7074815304142805,0.6757641581673247,0.026949439142625892,0.3713628947734833,260,420,11,14,0.2524533271789551,0.0,,,1409,167,281,33,655,648,131,130,235,59,47,12,98,59,20,12,,,,,,,,,,,,,,,,,2397,423,705,479
clients,gdm_early,4,0.8,S=4,0.5,2,0,4026,Cent-GRAND,0.9927854082341185,0.9728202818268618,0.9744525547445255,0.962877030162413,0.9434628975265018,0.9834123222748815,0.9587073608617595,0.9658718515914894,0.026056138798594475,-0.0578452204857644,0.8787791811887823,0.015512625028953904,0.18620647490024567,267,415,16,7,14.413905143737793,0.0,,,1409,167,281,33,655,648,131,130,235,59,47,12,98,59,20,12,,,,,,,,,,,,,,,,,2397,423,705,479
clients,gdm_early,4,0.8,S=4,0.5,2,1,4027,FedTGNN-SS,0.9894660185953563,0.975554184704273,1.0,0.9327146171693735,0.9042904290429042,1.0,0.949740034662045,0.9574630545459084,0.034634124487638474,-4.96763897252569,0.3893430767403342,0.03553638655167231,0.005404395051300526,274,402,29,0,26.75735306739807,10725056.0,1867.0,0.4991634463050978,325,66,65,13,261,39,52,8,1255,312,251,62,556,516,111,103,,,,,,,,,,,,,,,,,2397,423,705,479
clients,gdm_early,4,0.8,S=4,0.5,2,1,4027,FedAvg-LR,0.9861508628719495,0.9612792643814456,0.9890510948905109,0.9582366589327146,0.9377162629757786,0.9927884615384616,0.9626998223801065,0.9689532169751772,0.027681056410074234,0.0975933569727928,0.7477578403308376,0.030007413008534323,0.177580788731575,271,413,18,3,0.8584508895874023,29504.0,,0.5043500792134915,325,66,65,13,261,39,52,8,1255,312,251,62,556,516,111,103,,,,,,,,,,,,,,,,,2397,423,705,479
clients,gdm_early,4,0.8,S=4,0.5,2,1,4027,FedProx-LR,0.9862016698562163,0.9614066526973448,0.9890510948905109,0.9582366589327146,0.9377162629757786,0.9927884615384616,0.9626998223801065,0.9689532169751772,0.027481043711304665,0.08160641019343703,0.7498064904579924,0.028485885959990482,0.1846846491098404,271,413,18,3,1.0179800987243652,29504.0,,,325,66,65,13,261,39,52,8,1255,312,251,62,556,516,111,103,,,,,,,,,,,,,,,,,2397,423,705,479
clients,gdm_early,4,0.8,S=4,0.5,2,1,4027,FedAvg-MLP,0.9903636086507359,0.9794634527463293,1.0,0.9535962877030162,0.9319727891156463,1.0,0.9647887323943662,0.9705178816366131,0.027958281338214874,0.17796321933881748,0.8964995265635591,0.02720988030736963,0.08751089870929718,274,411,20,0,0.4497497081756592,348800.0,,,325,66,65,13,261,39,52,8,1255,312,251,62,556,516,111,103,,,,,,,,,,,,,,,,,2397,423,705,479
clients,gdm_early,4,0.8,S=4,0.5,2,1,4027,FedEns-RF,0.9967017799380155,0.9945397783990764,1.0,0.951276102088167,0.9288135593220339,1.0,0.9630931458699473,0.9690614361929999,0.025243510956524273,-0.2867855965757221,2.255306075850591,0.060490709071795566,0.2916492693110647,274,410,21,0,4.048904180526733,,,,325,66,65,13,261,39,52,8,1255,312,251,62,556,516,111,103,,,,,,,,,,,,,,,,,2397,423,705,479
clients,gdm_early,4,0.8,S=4,0.5,2,1,4027,FedEns-XGB,0.9960370552271919,0.9924729705709449,0.9963503649635036,0.9582366589327146,0.9381443298969072,0.9975845410628019,0.9663716814159292,0.9719432371576687,0.03402525465044403,-0.44175015844357646,2.618206212818837,0.11089193018097311,0.31946472143890464,273,413,18,1,0.7342805862426758,,,,325,66,65,13,261,39,52,8,1255,312,251,62,556,516,111,103,,,,,,,,,,,,,,,,,2397,423,705,479
clients,gdm_early,4,0.8,S=4,0.5,2,1,4027,FedEns-SVM,0.9942926821006994,0.9900697653806652,1.0,0.9559164733178654,0.9351535836177475,1.0,0.9664902998236331,0.971975873517985,0.025519869761137372,0.10778182951936882,1.7148100831277162,0.042395519899065225,0.3321430871051003,274,412,19,0,0.07445859909057617,,,,325,66,65,13,261,39,52,8,1255,312,251,62,556,516,111,103,,,,,,,,,,,,,,,,,2397,423,705,479
clients,gdm_early,4,0.8,S=4,0.5,2,1,4027,FedST-XGB,0.9896353752095788,0.9768821244646256,0.9963503649635036,0.951276102088167,0.9285714285714286,0.9975669099756691,0.9612676056338029,0.9675696698002744,0.04243577369908182,-0.6044517441485429,1.9381040773736955,0.1026996646682328,0.23896308630969307,273,410,21,1,4.636137008666992,,,,325,66,65,13,261,39,52,8,1255,312,251,62,556,516,111,103,,,,,,,,,,,,,,,,,2397,423,705,479
clients,gdm_early,4,0.8,S=4,0.5,2,1,4027,FedMatch-tab,0.9903466729893136,0.9793828482287316,1.0,0.9535962877030162,0.9319727891156463,1.0,0.9647887323943662,0.9705178816366131,0.026952654123306274,0.043661817749974484,0.8942877789720105,0.027065516633133502,0.09187077730894089,274,411,20,0,0.8720502853393555,348800.0,,,325,66,65,13,261,39,52,8,1255,312,251,62,556,516,111,103,,,,,,,,,,,,,,,,,2397,423,705,479
clients,gdm_early,4,0.8,S=4,0.5,2,1,4027,RSCFed-tab,0.9894067437803783,0.978274172737555,0.9963503649635036,0.9582366589327146,0.9381443298969072,0.9975845410628019,0.9663716814159292,0.9719432371576687,0.029166189953684807,-0.36896668720504083,1.023890915243105,0.043770627872952314,0.3064590394496918,273,413,18,1,0.41405749320983887,174400.0,,,325,66,65,13,261,39,52,8,1255,312,251,62,556,516,111,103,,,,,,,,,,,,,,,,,2397,423,705,479
clients,gdm_early,4,0.8,S=4,0.5,2,1,4027,FedAvg-GCN,0.9903805443121582,0.9774419908613492,1.0,0.9559164733178654,0.9351535836177475,1.0,0.9664902998236331,0.971975873517985,0.019966578111052513,-0.7114364769620939,0.830514299977935,0.017981142026259965,0.22489604353904724,274,412,19,0,2.640895128250122,348800.0,,,325,66,65,13,261,39,52,8,1255,312,251,62,556,516,111,103,,,,,,,,,,,,,,,,,2397,423,705,479
clients,gdm_early,4,0.8,S=4,0.5,2,1,4027,FedAvg-SAGE,0.9875522888546412,0.9678260573253684,1.0,0.9211136890951276,0.8896103896103896,1.0,0.9415807560137457,0.9502589770406893,0.026991721242666245,-1.2416208149577146,0.655424578651039,0.022060375069829472,0.032797638326883316,274,397,34,0,2.2121427059173584,676480.0,,,325,66,65,13,261,39,52,8,1255,312,251,62,556,516,111,103,,,,,,,,,,,,,,,,,2397,423,705,479
clients,gdm_early,4,0.8,S=4,0.5,2,1,4027,Local-LR,0.9840889460937896,0.9671702053731684,0.9744525547445255,0.9071925754060325,0.8697068403908795,0.9824120603015075,0.919104991394148,0.9312050891832019,0.038161683827638626,-0.5913613874393442,0.9145199491666159,0.03224880330740139,0.3081848621368408,267,391,40,7,1.6920151710510254,0.0,,,325,66,65,13,261,39,52,8,1255,312,251,62,556,516,111,103,,,,,,,,,,,,,,,,,2397,423,705,479
clients,gdm_early,4,0.8,S=4,0.5,2,1,4027,Local-GCN,0.9789574406828458,0.9625501576250793,0.9562043795620438,0.8863109048723898,0.842443729903537,0.9695431472081218,0.8957264957264958,0.910893550893551,0.0636419802904129,-1.1334690838486658,0.6066633500873424,0.053345846495729814,0.3661205470561981,262,382,49,12,2.2236804962158203,0.0,,,325,66,65,13,261,39,52,8,1255,312,251,62,556,516,111,103,,,,,,,,,,,,,,,,,2397,423,705,479
clients,gdm_early,4,0.8,S=4,0.5,2,1,4027,Local-TGNN,0.9854099276847258,0.9685706883852843,0.9854014598540146,0.8909512761020881,0.8517350157728707,0.9896907216494846,0.9137055837563451,0.9257172607426414,0.06132395938038826,-2.9526357688503557,0.5459727498935867,0.06319371011002475,0.04133248329162598,270,384,47,4,27.168988466262817,0.0,1912.0,0.49633989250655175,325,66,65,13,261,39,52,8,1255,312,251,62,556,516,111,103,,,,,,,,,,,,,,,,,2397,423,705,479
clients,gdm_early,4,0.8,S=4,0.5,2,1,4027,Cent-LR,0.9864260673700612,0.961086148191928,0.9963503649635036,0.9651972157772621,0.9479166666666666,0.9976019184652278,0.9715302491103203,0.9763311622910091,0.023409374058246613,-0.5370032964383064,0.7935224158427733,0.03714663539583803,0.365170419216156,273,416,15,1,0.33681225776672363,0.0,,,325,66,65,13,261,39,52,8,1255,312,251,62,556,516,111,103,,,,,,,,,,,,,,,,,2397,423,705,479
clients,gdm_early,4,0.8,S=4,0.5,2,1,4027,Cent-XGB,0.9980185276135959,0.9965410599497171,1.0,0.9582366589327146,0.9383561643835616,1.0,0.9681978798586572,0.9734354328203239,0.017616327852010727,-1.059617321769026,0.8841109463017526,0.017208482252750935,0.07529819756746292,274,413,18,0,0.3211069107055664,0.0,,,325,66,65,13,261,39,52,8,1255,312,251,62,556,516,111,103,,,,,,,,,,,,,,,,,2397,423,705,479
clients,gdm_early,4,0.8,S=4,0.5,2,1,4027,Cent-GRAND,0.9894660185953563,0.9702635354076916,1.0,0.9559164733178654,0.9351535836177475,1.0,0.9664902998236331,0.971975873517985,0.016891660168766975,-1.1764654066106983,0.7865235787192102,0.017353282995680553,0.0810694471001625,274,412,19,0,16.137436866760254,0.0,,,325,66,65,13,261,39,52,8,1255,312,251,62,556,516,111,103,,,,,,,,,,,,,,,,,2397,423,705,479
clients,gdm_early,4,0.8,S=4,0.5,2,2,4028,FedTGNN-SS,0.9890045218215997,0.9830603736031748,0.9781021897810219,0.9559164733178654,0.9337979094076655,0.9856459330143541,0.9554367201426025,0.962995156302161,0.02691350318491459,-0.35255220699511974,0.374033020771749,0.026907080277166467,0.030642839148640633,268,412,19,6,27.403890132904053,10725056.0,1872.0,0.5066465301529486,1431,314,286,63,151,142,30,28,545,440,109,88,270,37,54,7,,,,,,,,,,,,,,,,,2397,423,705,479
clients,gdm_early,4,0.8,S=4,0.5,2,2,4028,FedAvg-LR,0.9776279912611987,0.9635142487373978,0.9708029197080292,0.9675174013921114,0.95,0.9811764705882353,0.9602888086642599,0.9672939370424103,0.03626972436904907,0.1672819662806952,0.8051126138025293,0.04626152184626736,0.34268954396247864,266,417,14,8,1.0131518840789795,29504.0,,0.47189031522527725,1431,314,286,63,151,142,30,28,545,440,109,88,270,37,54,7,,,,,,,,,,,,,,,,,2397,423,705,479
clients,gdm_early,4,0.8,S=4,0.5,2,2,4028,FedProx-LR,0.9776533947533321,0.9635954040541663,0.9708029197080292,0.9675174013921114,0.95,0.9811764705882353,0.9602888086642599,0.9672939370424103,0.035984016954898834,0.14906329914412017,0.8069883067778706,0.04542387726564779,0.34246113896369934,266,417,14,8,1.3945231437683105,29504.0,,,1431,314,286,63,151,142,30,28,545,440,109,88,270,37,54,7,,,,,,,,,,,,,,,,,2397,423,705,479
clients,gdm_early,4,0.8,S=4,0.5,2,2,4028,FedAvg-MLP,0.983436923129033,0.9718819721525549,0.9854014598540146,0.9582366589327146,0.9375,0.9904076738609112,0.9608540925266904,0.9674553481501377,0.026385143399238586,0.19437949429824156,0.9022158339484222,0.011268083986344064,0.19710195064544678,270,413,18,4,0.6196877956390381,348800.0,,,1431,314,286,63,151,142,30,28,545,440,109,88,270,37,54,7,,,,,,,,,,,,,,,,,2397,423,705,479
clients,gdm_early,4,0.8,S=4,0.5,2,2,4028,FedEns-RF,0.997493522109506,0.9961392274537171,0.9817518248175182,0.962877030162413,0.9438596491228071,0.9880952380952381,0.962432915921288,0.9688780325787403,0.024592530703438614,-0.307858825237721,2.153482073781626,0.06656753875538578,0.592901878914405,269,415,16,5,4.069409608840942,,,,1431,314,286,63,151,142,30,28,545,440,109,88,270,37,54,7,,,,,,,,,,,,,,,,,2397,423,705,479
clients,gdm_early,4,0.8,S=4,0.5,2,2,4028,FedEns-XGB,0.9962995579792369,0.994139163591056,0.9781021897810219,0.9559164733178654,0.9337979094076655,0.9856459330143541,0.9554367201426025,0.962995156302161,0.03127003132751869,-0.5938052960128184,1.8994854888078598,0.08871258988179478,0.37783964981552454,268,412,19,6,0.8904740810394287,,,,1431,314,286,63,151,142,30,28,545,440,109,88,270,37,54,7,,,,,,,,,,,,,,,,,2397,423,705,479
clients,gdm_early,4,0.8,S=4,0.5,2,2,4028,FedEns-SVM,0.9979846562907514,0.9968507570958005,0.9635036496350365,0.9814385150812065,0.9705882352941176,0.976905311778291,0.967032967032967,0.9730998168498168,0.02067161237027692,-0.11195898776931978,2.023146906438721,0.05446762461087727,0.5749029775573928,264,423,8,10,0.11744236946105957,,,,1431,314,286,63,151,142,30,28,545,440,109,88,270,37,54,7,,,,,,,,,,,,,,,,,2397,423,705,479
clients,gdm_early,4,0.8,S=4,0.5,2,2,4028,FedST-XGB,0.9928362152183853,0.9888279208197805,0.9708029197080292,0.9582366589327146,0.9366197183098591,0.9809976247030879,0.953405017921147,0.9614442929981322,0.03465564841113582,-0.7816892791200141,1.5758042363065605,0.08047629139423429,0.36313672261682023,266,413,18,8,4.027471303939819,,,,1431,314,286,63,151,142,30,28,545,440,109,88,270,37,54,7,,,,,,,,,,,,,,,,,2397,423,705,479
clients,gdm_early,4,0.8,S=4,0.5,2,2,4028,FedMatch-tab,0.9834453909597439,0.9724337874165312,0.9854014598540146,0.962877030162413,0.9440559440559441,0.9904534606205251,0.9642857142857143,0.9703781512605042,0.026599595323204994,0.18514490186524193,0.9342324113100191,0.011632844759481578,0.25202858448028564,270,415,16,4,1.0382428169250488,348800.0,,,1431,314,286,63,151,142,30,28,545,440,109,88,270,37,54,7,,,,,,,,,,,,,,,,,2397,423,705,479
clients,gdm_early,4,0.8,S=4,0.5,2,2,4028,RSCFed-tab,0.9813284332819618,0.9584923048373037,0.9781021897810219,0.9582366589327146,0.9370629370629371,0.9856801909307876,0.9571428571428572,0.9644537815126051,0.034607335925102234,0.1603825999559936,1.063671059849218,0.02670325395380353,0.32299473881721497,268,413,18,6,0.46148157119750977,174400.0,,,1431,314,286,63,151,142,30,28,545,440,109,88,270,37,54,7,,,,,,,,,,,,,,,,,2397,423,705,479
clients,gdm_early,4,0.8,S=4,0.5,2,2,4028,FedAvg-GCN,0.9854353311768591,0.9764459723094999,0.9890510948905109,0.9396751740139211,0.9124579124579124,0.9926470588235294,0.9492119089316988,0.9573234753240139,0.02452857978641987,-0.2233625843881303,0.8401311565096451,0.010084153505715914,0.12319663166999817,271,405,26,3,2.040299415588379,348800.0,,,1431,314,286,63,151,142,30,28,545,440,109,88,270,37,54,7,,,,,,,,,,,,,,,,,2397,423,705,479
clients,gdm_early,4,0.8,S=4,0.5,2,2,4028,FedAvg-SAGE,0.9903974799735804,0.9878018254139554,0.9744525547445255,0.9651972157772621,0.9468085106382979,0.983451536643026,0.960431654676259,0.9673352652772396,0.027072912082076073,0.2539053685324903,0.737514965875203,0.016640074659429557,0.311838299036026,267,416,15,7,2.096196174621582,676480.0,,,1431,314,286,63,151,142,30,28,545,440,109,88,270,37,54,7,,,,,,,,,,,,,,,,,2397,423,705,479
clients,gdm_early,4,0.8,S=4,0.5,2,2,4028,Local-LR,0.971048486798652,0.9416180320101173,0.9416058394160584,0.9303944315545244,0.8958333333333334,0.9616306954436451,0.9181494661921709,0.9319520915866515,0.05475590378046036,-0.6728994279816888,0.8349096903900748,0.04061106240495723,0.5802114605903625,258,401,30,16,1.7234160900115967,0.0,,,1431,314,286,63,151,142,30,28,545,440,109,88,270,37,54,7,,,,,,,,,,,,,,,,,2397,423,705,479
clients,gdm_early,4,0.8,S=4,0.5,2,2,4028,Local-GCN,0.9704938438870729,0.943670684458006,0.9635036496350365,0.9535962877030162,0.9295774647887324,0.9762470308788599,0.946236559139785,0.9555126457670756,0.037809938192367554,-0.32746171211079517,0.6493201567188849,0.034280443106982715,0.2878733277320862,264,411,20,10,1.9057905673980713,0.0,,,1431,314,286,63,151,142,30,28,545,440,109,88,270,37,54,7,,,,,,,,,,,,,,,,,2397,423,705,479
clients,gdm_early,4,0.8,S=4,0.5,2,2,4028,Local-TGNN,0.9889875861601775,0.9771374108641703,0.9416058394160584,0.9582366589327146,0.9347826086956522,0.9627039627039627,0.9381818181818182,0.949323467230444,0.043530844151973724,0.41990574140085435,0.48270098285241586,0.04357667962677035,0.2454698234796524,258,413,18,16,28.03656840324402,0.0,1902.0,0.46459675150653695,1431,314,286,63,151,142,30,28,545,440,109,88,270,37,54,7,,,,,,,,,,,,,,,,,2397,423,705,479
clients,gdm_early,4,0.8,S=4,0.5,2,2,4028,Cent-LR,0.9774247633241315,0.9622510481501545,0.9708029197080292,0.9675174013921114,0.95,0.9811764705882353,0.9602888086642599,0.9672939370424103,0.03165319189429283,-0.42373451143453184,0.8655815311054916,0.04206527497962857,0.5717297792434692,266,417,14,8,0.48970937728881836,0.0,,,1431,314,286,63,151,142,30,28,545,440,109,88,270,37,54,7,,,,,,,,,,,,,,,,,2397,423,705,479
clients,gdm_early,4,0.8,S=4,0.5,2,2,4028,Cent-XGB,0.9969854522668382,0.9953435077118205,0.9817518248175182,0.951276102088167,0.9275862068965517,0.9879518072289156,0.9539007092198581,0.9615839243498818,0.0281437486410141,-0.9213776414981013,0.7250844476556418,0.027744898661733318,0.1906820386648178,269,410,21,5,0.24338674545288086,0.0,,,1431,314,286,63,151,142,30,28,545,440,109,88,270,37,54,7,,,,,,,,,,,,,,,,,2397,423,705,479
clients,gdm_early,4,0.8,S=4,0.5,2,2,4028,Cent-GRAND,0.9875861601774858,0.9785792139586719,0.9854014598540146,0.9443155452436195,0.9183673469387755,0.9902676399026764,0.9507042253521126,0.9587250342912582,0.024762002751231194,-0.8332378150859421,0.7928062919585076,0.018592191823091065,0.25700104236602783,270,407,24,4,17.65555477142334,0.0,,,1431,314,286,63,151,142,30,28,545,440,109,88,270,37,54,7,,,,,,,,,,,,,,,,,2397,423,705,479
clients,gdm_early,4,0.8,S=4,0.5,2,3,4029,FedTGNN-SS,0.9937970401691333,0.9848172901764948,0.9927272727272727,0.958139534883721,0.9381443298969072,0.9951690821256038,0.9646643109540636,0.9704838142448042,0.022693628445267677,-0.9070169360996273,0.407112784583865,0.021506906173139145,0.013222461566329002,273,412,18,2,26.77504539489746,10725056.0,1876.0,0.5006722042079392,683,44,137,9,258,141,51,28,1051,582,210,116,405,165,81,33,,,,,,,,,,,,,,,,,2397,423,705,479
clients,gdm_early,4,0.8,S=4,0.5,2,3,4029,FedAvg-LR,0.9765200845665962,0.9496909549810579,0.9672727272727273,0.958139534883721,0.9366197183098591,0.9786223277909739,0.9516994633273703,0.9599860418869519,0.0413292795419693,-0.2594420163500265,0.8257301705940893,0.05812675935738053,0.32184067368507385,266,412,18,9,0.9746065139770508,29504.0,,0.5127067324064615,683,44,137,9,258,141,51,28,1051,582,210,116,405,165,81,33,,,,,,,,,,,,,,,,,2397,423,705,479
clients,gdm_early,4,0.8,S=4,0.5,2,3,4029,FedProx-LR,0.9768033826638479,0.9500896484857544,0.9672727272727273,0.9604651162790697,0.9399293286219081,0.9786729857819905,0.953405017921147,0.9614442929981322,0.04123508185148239,-0.2520080510171551,0.839995151353809,0.05886008579891626,0.31801748275756836,266,413,17,9,1.2620620727539062,29504.0,,,683,44,137,9,258,141,51,28,1051,582,210,116,405,165,81,33,,,,,,,,,,,,,,,,,2397,423,705,479
clients,gdm_early,4,0.8,S=4,0.5,2,3,4029,FedAvg-MLP,0.9872389006342495,0.9597367973070966,0.9490909090909091,0.9767441860465116,0.9630996309963099,0.967741935483871,0.9560439560439561,0.9641330891330891,0.02597629651427269,0.18859357155182033,0.9747998544733943,0.02913563655200578,0.600763738155365,261,420,10,14,0.6748650074005127,348800.0,,,683,44,137,9,258,141,51,28,1051,582,210,116,405,165,81,33,,,,,,,,,,,,,,,,,2397,423,705,479
clients,gdm_early,4,0.8,S=4,0.5,2,3,4029,FedEns-RF,0.9951035940803383,0.9917322326152211,0.9963636363636363,0.9465116279069767,0.9225589225589226,0.9975490196078431,0.958041958041958,0.9647011699517666,0.027272220238884013,0.45421074667942873,1.8934897997120643,0.04512222567701622,0.28246346555323587,274,407,23,1,3.924771308898926,,,,683,44,137,9,258,141,51,28,1051,582,210,116,405,165,81,33,,,,,,,,,,,,,,,,,2397,423,705,479
clients,gdm_early,4,0.8,S=4,0.5,2,3,4029,FedEns-XGB,0.9884397463002114,0.9775043287906157,0.9963636363636363,0.9418604651162791,0.9163879598662207,0.9975369458128078,0.9547038327526133,0.9618016771418569,0.035336820882099856,0.5985972086403925,1.2950433851675511,0.04261476881124142,0.07407740393210209,274,405,25,1,0.890805721282959,,,,683,44,137,9,258,141,51,28,1051,582,210,116,405,165,81,33,,,,,,,,,,,,,,,,,2397,423,705,479
clients,gdm_early,4,0.8,S=4,0.5,2,3,4029,FedEns-SVM,0.9936659619450318,0.9884337648188308,0.9781818181818182,0.9674418604651163,0.950530035335689,0.985781990521327,0.96415770609319,0.970341763844717,0.023186198079730793,0.2718701380784153,1.6595399885196387,0.039724642360502355,0.5315487001429998,269,416,14,6,0.11939835548400879,,,,683,44,137,9,258,141,51,28,1051,582,210,116,405,165,81,33,,,,,,,,,,,,,,,,,2397,423,705,479
clients,gdm_early,4,0.8,S=4,0.5,2,3,4029,FedST-XGB,0.9873995771670191,0.9737556933776385,0.9927272727272727,0.9465116279069767,0.9222972972972973,0.9951100244498777,0.9562171628721541,0.9632098925207015,0.03610355317826835,0.7649054993104135,0.9007500775982658,0.03874398943365063,0.04111450885152512,273,407,23,2,6.92507529258728,,,,683,44,137,9,258,141,51,28,1051,582,210,116,405,165,81,33,,,,,,,,,,,,,,,,,2397,423,705,479
clients,gdm_early,4,0.8,S=4,0.5,2,3,4029,FedMatch-tab,0.986968287526427,0.9595535286566707,0.9490909090909091,0.9767441860465116,0.9630996309963099,0.967741935483871,0.9560439560439561,0.9641330891330891,0.025644931942224503,0.10146448701160275,0.9827652629710356,0.027325326695721203,0.6533741354942322,261,420,10,14,0.8718807697296143,348800.0,,,683,44,137,9,258,141,51,28,1051,582,210,116,405,165,81,33,,,,,,,,,,,,,,,,,2397,423,705,479
clients,gdm_early,4,0.8,S=4,0.5,2,3,4029,RSCFed-tab,0.9868668076109937,0.9570469059700781,0.9490909090909091,0.9697674418604652,0.9525547445255474,0.9675174013921114,0.9508196721311475,0.959730393556863,0.02908872254192829,0.13297471911865938,0.8806675820735398,0.025782459910879754,0.494335412979126,261,417,13,14,0.33603453636169434,174400.0,,,683,44,137,9,258,141,51,28,1051,582,210,116,405,165,81,33,,,,,,,,,,,,,,,,,2397,423,705,479
clients,gdm_early,4,0.8,S=4,0.5,2,3,4029,FedAvg-GCN,0.9903255813953489,0.9630817759816255,0.9490909090909091,0.9813953488372092,0.9702602230483272,0.9678899082568807,0.9595588235294118,0.967077333242766,0.02152419649064541,0.07389907553674128,0.8401594980123845,0.01579443224778412,0.7102401852607727,261,422,8,14,2.256639003753662,348800.0,,,683,44,137,9,258,141,51,28,1051,582,210,116,405,165,81,33,,,,,,,,,,,,,,,,,2397,423,705,479
clients,gdm_early,4,0.8,S=4,0.5,2,3,4029,FedAvg-SAGE,0.9895983086680761,0.9636884951369509,0.9745454545454545,0.9674418604651163,0.950354609929078,0.983451536643026,0.9622980251346499,0.9688395166704902,0.024637311697006226,0.05819988018651689,0.6790042966496854,0.018449962130542993,0.2841818034648895,268,416,14,7,2.008415937423706,676480.0,,,683,44,137,9,258,141,51,28,1051,582,210,116,405,165,81,33,,,,,,,,,,,,,,,,,2397,423,705,479
clients,gdm_early,4,0.8,S=4,0.5,2,3,4029,Local-LR,0.9625031712473572,0.925570408655647,0.9309090909090909,0.9651162790697675,0.9446494464944649,0.956221198156682,0.9377289377289377,0.9491885429385429,0.05177832022309303,0.02991186489714655,0.8281717672532881,0.04284434385122138,0.39119356870651245,256,415,15,19,1.7711496353149414,0.0,,,683,44,137,9,258,141,51,28,1051,582,210,116,405,165,81,33,,,,,,,,,,,,,,,,,2397,423,705,479
clients,gdm_early,4,0.8,S=4,0.5,2,3,4029,Local-GCN,0.9709344608879493,0.9538183426609549,0.9527272727272728,0.9604651162790697,0.9390681003584229,0.9694835680751174,0.9458483754512635,0.9554008232396505,0.040520668029785156,0.5257971725252862,0.6616251090696015,0.0284749857711454,0.20517383515834808,262,413,17,13,2.5111589431762695,0.0,,,683,44,137,9,258,141,51,28,1051,582,210,116,405,165,81,33,,,,,,,,,,,,,,,,,2397,423,705,479
clients,gdm_early,4,0.8,S=4,0.5,2,3,4029,Local-TGNN,0.9808625792811839,0.9595605720803199,0.9527272727272728,0.9627906976744186,0.9424460431654677,0.9695550351288056,0.9475587703435805,0.9568598985906933,0.040186937898397446,1.6072785846678042,0.5057465060343159,0.04193909728357978,0.1876997947692871,262,414,16,13,27.851430416107178,0.0,1907.0,0.4758687573105909,683,44,137,9,258,141,51,28,1051,582,210,116,405,165,81,33,,,,,,,,,,,,,,,,,2397,423,705,479
clients,gdm_early,4,0.8,S=4,0.5,2,3,4029,Cent-LR,0.9790951374207189,0.9474428294125607,0.9781818181818182,0.9697674418604652,0.9539007092198581,0.9858156028368794,0.9658886894075404,0.9718071817494911,0.033166930079460144,-0.3395281106874599,0.8834008827157366,0.05242913058622086,0.3645402491092682,269,417,13,6,0.554598331451416,0.0,,,683,44,137,9,258,141,51,28,1051,582,210,116,405,165,81,33,,,,,,,,,,,,,,,,,2397,423,705,479
clients,gdm_early,4,0.8,S=4,0.5,2,3,4029,Cent-XGB,0.9975983086680762,0.9964550116621853,0.9781818181818182,0.9604651162790697,0.9405594405594405,0.9856801909307876,0.9590017825311943,0.9659555437979882,0.024308552965521812,-0.4052697768681185,0.7342749635174882,0.024844463866745638,0.281862735748291,269,413,17,6,0.3099086284637451,0.0,,,683,44,137,9,258,141,51,28,1051,582,210,116,405,165,81,33,,,,,,,,,,,,,,,,,2397,423,705,479
clients,gdm_early,4,0.8,S=4,0.5,2,3,4029,Cent-GRAND,0.9910782241014799,0.9682524140778632,0.9781818181818182,0.9651162790697675,0.9471830985915493,0.9857482185273159,0.962432915921288,0.9688780325787403,0.021472414955496788,-0.3847951921127629,0.7292919139921632,0.015584467577331864,0.20911070704460144,269,415,15,6,16.93413472175598,0.0,,,683,44,137,9,258,141,51,28,1051,582,210,116,405,165,81,33,,,,,,,,,,,,,,,,,2397,423,705,479
clients,gdm_early,4,0.8,S=4,0.5,2,4,4030,FedTGNN-SS,0.9807906976744186,0.9653417864106755,0.92,0.9790697674418605,0.9656488549618321,0.9503386004514672,0.9422718808193669,0.9533810721393512,0.041239116340875626,2.6087950868631693,0.3083575600538302,0.042405087768153035,0.9945924878120422,253,421,9,22,26.897220611572266,10725056.0,1860.0,0.5180754823139224,501,184,100,37,141,14,28,3,339,254,68,51,1416,480,283,96,,,,,,,,,,,,,,,,,2397,423,705,479
clients,gdm_early,4,0.8,S=4,0.5,2,4,4030,FedAvg-LR,0.9735391120507398,0.9443104052517428,0.9672727272727273,0.9744186046511628,0.9602888086642599,0.9789719626168224,0.9637681159420289,0.9702290463160028,0.0325348824262619,0.13854416370226577,0.7870964314099136,0.024125938466254694,0.33307841420173645,266,419,11,9,1.0678486824035645,29504.0,,0.4982410163016924,501,184,100,37,141,14,28,3,339,254,68,51,1416,480,283,96,,,,,,,,,,,,,,,,,2397,423,705,479
clients,gdm_early,4,0.8,S=4,0.5,2,4,4030,FedProx-LR,0.9737885835095138,0.9444847248949313,0.9672727272727273,0.9744186046511628,0.9602888086642599,0.9789719626168224,0.9637681159420289,0.9702290463160028,0.032505374401807785,0.12921344636513138,0.7897179779820902,0.02435652376383754,0.33475884795188904,266,419,11,9,1.1011812686920166,29504.0,,,501,184,100,37,141,14,28,3,339,254,68,51,1416,480,283,96,,,,,,,,,,,,,,,,,2397,423,705,479
clients,gdm_early,4,0.8,S=4,0.5,2,4,4030,FedAvg-MLP,0.983061310782241,0.9515982320890041,0.9527272727272728,0.9813953488372092,0.9703703703703703,0.9701149425287356,0.9614678899082569,0.968595216630429,0.025883307680487633,0.5856012059432326,0.7832201411070117,0.016592769495191735,0.5905786156654358,262,422,8,13,0.5197527408599854,348800.0,,,501,184,100,37,141,14,28,3,339,254,68,51,1416,480,283,96,,,,,,,,,,,,,,,,,2397,423,705,479
clients,gdm_early,4,0.8,S=4,0.5,2,4,4030,FedEns-RF,0.9963213530655392,0.9936992949215027,0.9563636363636364,0.9744186046511628,0.9598540145985401,0.9721577726218097,0.9581056466302368,0.9656962611780684,0.02242693127029891,-0.005284252725988642,1.7546074969843721,0.037598868801729336,0.5874217118997912,263,419,11,12,4.000298261642456,,,,501,184,100,37,141,14,28,3,339,254,68,51,1416,480,283,96,,,,,,,,,,,,,,,,,2397,423,705,479
clients,gdm_early,4,0.8,S=4,0.5,2,4,4030,FedEns-XGB,0.9933023255813953,0.9909630550269577,0.9563636363636364,0.9813953488372092,0.9704797047970479,0.9723502304147466,0.9633699633699634,0.9701109076109076,0.024481113559523426,0.028575973686729192,1.6372808671135917,0.04539126272047342,0.4092496896399835,263,422,8,12,0.8321208953857422,,,,501,184,100,37,141,14,28,3,339,254,68,51,1416,480,283,96,,,,,,,,,,,,,,,,,2397,423,705,479
clients,gdm_early,4,0.8,S=4,0.5,2,4,4030,FedEns-SVM,0.9934883720930233,0.9671360070303654,0.9636363636363636,0.9790697674418605,0.9671532846715328,0.9767981438515081,0.9653916211293261,0.9716621287992739,0.02194458672542577,0.29483841780762476,1.3653656715957538,0.029591166029346458,0.4890841143663809,265,421,9,10,0.09147119522094727,,,,501,184,100,37,141,14,28,3,339,254,68,51,1416,480,283,96,,,,,,,,,,,,,,,,,2397,423,705,479
clients,gdm_early,4,0.8,S=4,0.5,2,4,4030,FedST-XGB,0.9916955602536999,0.986214939608326,0.9527272727272728,0.9790697674418605,0.966789667896679,0.9700460829493087,0.9597069597069597,0.9671219983719984,0.025838868340005046,0.07477575107033527,1.2839828704332532,0.028763633687565314,0.4018850011249425,262,421,9,13,5.97137451171875,,,,501,184,100,37,141,14,28,3,339,254,68,51,1416,480,283,96,,,,,,,,,,,,,,,,,2397,423,705,479
clients,gdm_early,4,0.8,S=4,0.5,2,4,4030,FedMatch-tab,0.9830951374207187,0.9504627438897921,0.9636363636363636,0.9813953488372092,0.9706959706959707,0.9768518518518519,0.9671532846715328,0.9731358070689451,0.025738677009940147,0.5327437223880427,0.7727025631981208,0.015051689448086068,0.5218891501426697,265,422,8,10,0.9445390701293945,348800.0,,,501,184,100,37,141,14,28,3,339,254,68,51,1416,480,283,96,,,,,,,,,,,,,,,,,2397,423,705,479
clients,gdm_early,4,0.8,S=4,0.5,2,4,4030,RSCFed-tab,0.9845919661733615,0.9613374802197788,0.9672727272727273,0.9720930232558139,0.9568345323741008,0.9789227166276346,0.9620253164556962,0.968760616220847,0.028475865721702576,0.5658347692662691,0.901629381117979,0.02194379490952119,0.32277020812034607,266,418,12,9,0.42313694953918457,174400.0,,,501,184,100,37,141,14,28,3,339,254,68,51,1416,480,283,96,,,,,,,,,,,,,,,,,2397,423,705,479
clients,gdm_early,4,0.8,S=4,0.5,2,4,4030,FedAvg-GCN,0.9813192389006342,0.9608254666445446,0.9709090909090909,0.9651162790697675,0.9468085106382979,0.9810874704491725,0.9587073608617595,0.9658718515914894,0.02628909796476364,0.7529910204864826,0.670714561473285,0.01968538224010179,0.07351803034543991,267,415,15,8,2.2797746658325195,348800.0,,,501,184,100,37,141,14,28,3,339,254,68,51,1416,480,283,96,,,,,,,,,,,,,,,,,2397,423,705,479
clients,gdm_early,4,0.8,S=4,0.5,2,4,4030,FedAvg-SAGE,0.9800295983086681,0.950353038570718,0.9672727272727273,0.9627906976744186,0.9432624113475178,0.9787234042553191,0.9551166965888689,0.9629041865124883,0.03461746126413345,0.9181530112882921,0.5362044678427879,0.03097738004058389,0.1400405466556549,266,414,16,9,1.9273219108581543,676480.0,,,501,184,100,37,141,14,28,3,339,254,68,51,1416,480,283,96,,,,,,,,,,,,,,,,,2397,423,705,479
clients,gdm_early,4,0.8,S=4,0.5,2,4,4030,Local-LR,0.9741183932346724,0.9454123200590591,0.9490909090909091,0.9465116279069767,0.9190140845070423,0.9667458432304038,0.9338103756708408,0.9451660574006377,0.04242167994379997,-0.04136075450654974,0.8297306139606524,0.03288589518068106,0.3922523856163025,261,407,23,14,1.6967370510101318,0.0,,,501,184,100,37,141,14,28,3,339,254,68,51,1416,480,283,96,,,,,,,,,,,,,,,,,2397,423,705,479
clients,gdm_early,4,0.8,S=4,0.5,2,4,4030,Local-GCN,0.9776321353065539,0.9566100671658141,0.9781818181818182,0.9441860465116279,0.9180887372013652,0.9854368932038835,0.9471830985915493,0.9557768224549195,0.0335649810731411,0.07653994354108504,0.7153034425664568,0.019829619069524275,0.17686529457569122,269,406,24,6,2.3131308555603027,0.0,,,501,184,100,37,141,14,28,3,339,254,68,51,1416,480,283,96,,,,,,,,,,,,,,,,,2397,423,705,479
clients,gdm_early,4,0.8,S=4,0.5,2,4,4030,Local-TGNN,0.9753488372093023,0.9562599982568399,0.9309090909090909,0.9627906976744186,0.9411764705882353,0.9561200923787528,0.9360146252285192,0.9477292129618842,0.044658318161964417,0.18928089339518905,0.41858992316450133,0.043056425081354585,0.5555334687232971,256,414,16,19,30.84772276878357,0.0,1905.0,0.4968625534876146,501,184,100,37,141,14,28,3,339,254,68,51,1416,480,283,96,,,,,,,,,,,,,,,,,2397,423,705,479
clients,gdm_early,4,0.8,S=4,0.5,2,4,4030,Cent-LR,0.976951374207188,0.9415079172863714,0.9672727272727273,0.9720930232558139,0.9568345323741008,0.9789227166276346,0.9620253164556962,0.968760616220847,0.03196895495057106,-0.16226043983574495,0.8688639602348454,0.03635745002815485,0.45632559061050415,266,418,12,9,0.4339866638183594,0.0,,,501,184,100,37,141,14,28,3,339,254,68,51,1416,480,283,96,,,,,,,,,,,,,,,,,2397,423,705,479
clients,gdm_early,4,0.8,S=4,0.5,2,4,4030,Cent-XGB,0.9979450317124736,0.9969181285363565,0.9636363636363636,0.9813953488372092,0.9706959706959707,0.9768518518518519,0.9671532846715328,0.9731358070689451,0.02017623744904995,1.0834010506584373,0.8335495652985521,0.014109055818131206,0.2766566872596741,265,422,8,10,0.2455298900604248,0.0,,,501,184,100,37,141,14,28,3,339,254,68,51,1416,480,283,96,,,,,,,,,,,,,,,,,2397,423,705,479
clients,gdm_early,4,0.8,S=4,0.5,2,4,4030,Cent-GRAND,0.9870443974630021,0.9653287436409502,0.9527272727272728,0.9813953488372092,0.9703703703703703,0.9701149425287356,0.9614678899082569,0.968595216630429,0.02195276878774166,0.15042899693921544,0.7697747645405261,0.013543148589789458,0.5993415713310242,262,422,8,13,15.756808996200562,0.0,,,501,184,100,37,141,14,28,3,339,254,68,51,1416,480,283,96,,,,,,,,,,,,,,,,,2397,423,705,479
clients,gdm_early,5,0.8,S=5,0.5,0,0,2026,FedTGNN-SS,0.9717428489169644,0.9347341346297814,0.9598540145985401,0.9234338747099768,0.8885135135135135,0.9731051344743277,0.9228070175438596,0.9352130325814536,0.05228755250573158,0.03228197537348572,0.3282916033431548,0.05012386912572468,0.018851594999432564,263,398,33,11,27.0286226272583,13406320.0,1817.0,0.5521876249278195,669,19,134,4,404,341,81,68,758,136,151,27,188,175,38,35,378,262,75,52,,,,,,,,,,,,,2397,423,705,479
clients,gdm_early,5,0.8,S=5,0.5,0,0,2026,FedAvg-LR,0.9704049316646062,0.9531695864568599,0.9598540145985401,0.9651972157772621,0.9460431654676259,0.9742388758782201,0.9528985507246377,0.9612977602108037,0.04845442622900009,0.4615586305213091,0.8867166333491828,0.04963374204458074,0.23718352615833282,263,416,15,11,1.2098734378814697,36880.0,,0.5153763011001051,669,19,134,4,404,341,81,68,758,136,151,27,188,175,38,35,378,262,75,52,,,,,,,,,,,,,2397,423,705,479
clients,gdm_early,5,0.8,S=5,0.5,0,0,2026,FedProx-LR,0.9716751062712755,0.9552451287286191,0.9562043795620438,0.9651972157772621,0.9458483754512635,0.9719626168224299,0.9509981851179673,0.9597831437813352,0.04745843634009361,0.44508533494124175,0.9375169055909848,0.05565322577055042,0.28118330240249634,262,416,15,12,1.6674091815948486,36880.0,,,669,19,134,4,404,341,81,68,758,136,151,27,188,175,38,35,378,262,75,52,,,,,,,,,,,,,2397,423,705,479
clients,gdm_early,5,0.8,S=5,0.5,0,0,2026,FedAvg-MLP,0.983970396463834,0.9711459676830893,0.948905109489051,0.9582366589327146,0.935251798561151,0.9672131147540983,0.9420289855072463,0.9523664741056046,0.04366861283779144,0.643690198865623,1.1163628641688685,0.038837761672358986,0.2893848717212677,260,413,18,14,0.7416434288024902,436000.0,,,669,19,134,4,404,341,81,68,758,136,151,27,188,175,38,35,378,262,75,52,,,,,,,,,,,,,2397,423,705,479
clients,gdm_early,5,0.8,S=5,0.5,0,0,2026,FedEns-RF,0.9924170575981844,0.98716665351558,0.9744525547445255,0.951276102088167,0.9270833333333334,0.9832134292565947,0.9501779359430605,0.9585795340092661,0.04029415039964074,0.0025148226391046155,2.418065875900378,0.09906012822221238,0.50321503131524,267,410,21,7,5.753842115402222,,,,669,19,134,4,404,341,81,68,758,136,151,27,188,175,38,35,378,262,75,52,,,,,,,,,,,,,2397,423,705,479
clients,gdm_early,5,0.8,S=5,0.5,0,0,2026,FedEns-XGB,0.9913797483360713,0.9825350960444639,0.9854014598540146,0.9466357308584686,0.9215017064846417,0.9902912621359223,0.9523809523809523,0.9601762413150313,0.05092376607808909,0.1441536743370963,2.780519040176098,0.13963631505347676,0.3477119197427356,270,408,23,4,0.9134769439697266,,,,669,19,134,4,404,341,81,68,758,136,151,27,188,175,38,35,378,262,75,52,,,,,,,,,,,,,2397,423,705,479
clients,gdm_early,5,0.8,S=5,0.5,0,0,2026,FedEns-SVM,0.993606787813098,0.9874164592768038,0.9744525547445255,0.9535962877030162,0.9303135888501742,0.9832535885167464,0.9518716577540107,0.960034768806334,0.04303477787505289,0.08583237420402896,2.9934073423072505,0.1187559808192939,0.52720840642035,267,411,20,7,0.10051584243774414,,,,669,19,134,4,404,341,81,68,758,136,151,27,188,175,38,35,378,262,75,52,,,,,,,,,,,,,2397,423,705,479
clients,gdm_early,5,0.8,S=5,0.5,0,0,2026,FedST-XGB,0.9889071417684218,0.9796368354116199,0.9890510948905109,0.9350348027842227,0.9063545150501672,0.9926108374384236,0.9458987783595113,0.9544308706612371,0.05444312884205633,0.25662344829947986,2.4097406598080857,0.13027304292379685,0.27944362795588973,271,403,28,3,6.901297330856323,,,,669,19,134,4,404,341,81,68,758,136,151,27,188,175,38,35,378,262,75,52,,,,,,,,,,,,,2397,423,705,479
clients,gdm_early,5,0.8,S=5,0.5,0,0,2026,FedMatch-tab,0.9843345131844123,0.9716511583214174,0.9525547445255474,0.9605568445475638,0.9388489208633094,0.9695550351288056,0.9456521739130435,0.9553435694740042,0.043448686599731445,0.6489762698464904,1.143692571761332,0.04155487390169016,0.2854125201702118,261,414,17,13,1.1984527111053467,436000.0,,,669,19,134,4,404,341,81,68,758,136,151,27,188,175,38,35,378,262,75,52,,,,,,,,,,,,,2397,423,705,479
clients,gdm_early,5,0.8,S=5,0.5,0,0,2026,RSCFed-tab,0.9837671685267668,0.9704564872590464,0.9525547445255474,0.951276102088167,0.925531914893617,0.9692671394799054,0.9388489208633094,0.949518137246643,0.04371890425682068,-0.4364372932602459,1.109462892872161,0.04560114726529899,0.4423426687717438,261,410,21,13,0.49481868743896484,174400.0,,,669,19,134,4,404,341,81,68,758,136,151,27,188,175,38,35,378,262,75,52,,,,,,,,,,,,,2397,423,705,479
clients,gdm_early,5,0.8,S=5,0.5,0,0,2026,FedAvg-GCN,0.98484258302708,0.9756679882462924,0.9671532846715328,0.9651972157772621,0.9464285714285714,0.9788235294117648,0.9566787003610109,0.9643206585917203,0.0289615448564291,0.1638644783766618,0.9415465308730379,0.009419926226878848,0.4677478075027466,265,416,15,9,2.4232535362243652,436000.0,,,669,19,134,4,404,341,81,68,758,136,151,27,188,175,38,35,378,262,75,52,,,,,,,,,,,,,2397,423,705,479
clients,gdm_early,5,0.8,S=5,0.5,0,0,2026,FedAvg-SAGE,0.977780412213999,0.9537558407379298,0.9525547445255474,0.925754060324826,0.8907849829351536,0.9684466019417476,0.9206349206349206,0.9336270688583855,0.06432598829269409,1.5892883314928128,0.6821079047400903,0.06255109200240874,0.0607965812087059,261,399,32,13,1.927619218826294,845600.0,,,669,19,134,4,404,341,81,68,758,136,151,27,188,175,38,35,378,262,75,52,,,,,,,,,,,,,2397,423,705,479
clients,gdm_early,5,0.8,S=5,0.5,0,0,2026,Local-LR,0.949167612241096,0.9262787378802482,0.8722627737226277,0.9095127610208816,0.8597122302158273,0.9180327868852459,0.8659420289855072,0.8898474713692105,0.08056458085775375,-0.05238446634751084,0.7234720305942278,0.04758631844892569,0.419772207736969,239,392,39,35,2.4352939128875732,0.0,,,669,19,134,4,404,341,81,68,758,136,151,27,188,175,38,35,378,262,75,52,,,,,,,,,,,,,2397,423,705,479
clients,gdm_early,5,0.8,S=5,0.5,0,0,2026,Local-GCN,0.9344335868037326,0.8969283463517943,0.8868613138686131,0.8654292343387471,0.8073089700996677,0.9232673267326733,0.8452173913043478,0.8693152824785212,0.10816719383001328,0.8938480673438726,0.4368509158510083,0.10183135428274354,0.1434059590101242,243,373,58,31,2.39939546585083,0.0,,,669,19,134,4,404,341,81,68,758,136,151,27,188,175,38,35,378,262,75,52,,,,,,,,,,,,,2397,423,705,479
clients,gdm_early,5,0.8,S=5,0.5,0,0,2026,Local-TGNN,0.9438498145545073,0.8980769784760081,0.9343065693430657,0.8747099767981439,0.8258064516129032,0.9544303797468354,0.8767123287671232,0.8947726292746028,0.13486525416374207,1.5130747108805402,0.33918976084423774,0.14381083176860993,0.021541764959692955,256,377,54,18,26.396287202835083,0.0,1901.0,0.5437199247841987,669,19,134,4,404,341,81,68,758,136,151,27,188,175,38,35,378,262,75,52,,,,,,,,,,,,,2397,423,705,479
clients,gdm_early,5,0.8,S=5,0.5,0,0,2026,Cent-LR,0.9762053957017292,0.9611934878080459,0.9635036496350365,0.9559164733178654,0.9328621908127208,0.976303317535545,0.947935368043088,0.9569688563544865,0.03895072638988495,-0.5788996429665447,0.9080299765329825,0.05399360917772805,0.5226872563362122,264,412,19,10,0.3911130428314209,0.0,,,669,19,134,4,404,341,81,68,758,136,151,27,188,175,38,35,378,262,75,52,,,,,,,,,,,,,2397,423,705,479
clients,gdm_early,5,0.8,S=5,0.5,0,0,2026,Cent-XGB,0.9969642826900604,0.995317584052252,0.9635036496350365,0.9721577726218097,0.9565217391304348,0.9766899766899767,0.96,0.9672093023255814,0.025669844821095467,-0.7730860967523604,0.7842790187758459,0.0211654263277743,0.7287178635597229,264,419,12,10,0.21478009223937988,0.0,,,669,19,134,4,404,341,81,68,758,136,151,27,188,175,38,35,378,262,75,52,,,,,,,,,,,,,2397,423,705,479
clients,gdm_early,5,0.8,S=5,0.5,0,0,2026,Cent-GRAND,0.9835216014361441,0.9669469198611096,0.9854014598540146,0.9373549883990719,0.9090909090909091,0.9901960784313726,0.9457092819614711,0.95438026672567,0.03236187994480133,-0.8653811537594549,0.8168436894249979,0.022538792516322854,0.3050213158130646,270,404,27,4,15.490508079528809,0.0,,,669,19,134,4,404,341,81,68,758,136,151,27,188,175,38,35,378,262,75,52,,,,,,,,,,,,,2397,423,705,479
clients,gdm_early,5,0.8,S=5,0.5,0,1,2027,FedTGNN-SS,0.9878232594373973,0.9824612649158861,0.9854014598540146,0.9698375870069605,0.9540636042402827,0.990521327014218,0.9694793536804309,0.9747748468284921,0.02412647008895874,-0.8433732687294639,0.42345774811798836,0.024513260249365513,0.14532339572906494,270,418,13,4,27.512312173843384,13406320.0,1809.0,0.5036303191489362,520,161,104,32,200,129,40,26,1058,107,211,21,343,293,69,59,276,243,56,49,,,,,,,,,,,,,2397,423,705,480
clients,gdm_early,5,0.8,S=5,0.5,0,1,2027,FedAvg-LR,0.9774162954934204,0.9506934610575134,0.9562043795620438,0.962877030162413,0.9424460431654677,0.9718969555035128,0.9492753623188406,0.958320664842404,0.05065891891717911,0.7450258378795949,0.898598878663029,0.051260167827948615,0.1825006604194641,262,415,16,12,1.4575128555297852,36880.0,,0.4954624704491726,520,161,104,32,200,129,40,26,1058,107,211,21,343,293,69,59,276,243,56,49,,,,,,,,,,,,,2397,423,705,480
clients,gdm_early,5,0.8,S=5,0.5,0,1,2027,FedProx-LR,0.9771453249106644,0.9504130937903514,0.9525547445255474,0.962877030162413,0.9422382671480144,0.969626168224299,0.9473684210526315,0.9568041173947675,0.05024833232164383,0.7370340016064442,0.9048335961766887,0.050919946639778765,0.177734836935997,261,415,16,13,1.5728740692138672,36880.0,,,520,161,104,32,200,129,40,26,1058,107,211,21,343,293,69,59,276,243,56,49,,,,,,,,,,,,,2397,423,705,480
clients,gdm_early,5,0.8,S=5,0.5,0,1,2027,FedAvg-MLP,0.9880434230358867,0.9643486585878633,0.9708029197080292,0.9605568445475638,0.9399293286219081,0.981042654028436,0.9551166965888689,0.9629041865124883,0.041614383459091187,1.1259234776897882,1.051608623290393,0.04205702923449642,0.08040926605463028,266,414,17,8,0.6847212314605713,436000.0,,,520,161,104,32,200,129,40,26,1058,107,211,21,343,293,69,59,276,243,56,49,,,,,,,,,,,,,2397,423,705,480
clients,gdm_early,5,0.8,S=5,0.5,0,1,2027,FedEns-RF,0.9932003319389638,0.9884871549474205,0.9963503649635036,0.9559164733178654,0.934931506849315,0.9975786924939467,0.9646643109540636,0.9704838142448042,0.03490287960223355,0.05266995660404682,2.0501551036580254,0.08543055555555562,0.2578229166666667,273,412,19,1,5.7001378536224365,,,,520,161,104,32,200,129,40,26,1058,107,211,21,343,293,69,59,276,243,56,49,,,,,,,,,,,,,2397,423,705,480
clients,gdm_early,5,0.8,S=5,0.5,0,1,2027,FedEns-XGB,0.9873998679018408,0.977596922608586,0.9890510948905109,0.9535962877030162,0.9312714776632303,0.9927536231884058,0.95929203539823,0.9660365502434938,0.04951824407818305,-0.07492905145438691,2.1843849700921565,0.10655057139653429,0.3087048014160246,271,411,20,3,1.0486512184143066,,,,520,161,104,32,200,129,40,26,1058,107,211,21,343,293,69,59,276,243,56,49,,,,,,,,,,,,,2397,423,705,480
clients,gdm_early,5,0.8,S=5,0.5,0,1,2027,FedEns-SVM,0.9934374311988754,0.9886620323451725,0.9890510948905109,0.9582366589327146,0.9377162629757786,0.9927884615384616,0.9626998223801065,0.9689532169751772,0.04037741485267926,0.10985037228094587,2.473355193762729,0.10478067472295288,0.2769530279979633,271,413,18,3,0.14062738418579102,,,,520,161,104,32,200,129,40,26,1058,107,211,21,343,293,69,59,276,243,56,49,,,,,,,,,,,,,2397,423,705,480
clients,gdm_early,5,0.8,S=5,0.5,0,1,2027,FedST-XGB,0.98686639456704,0.9781999542603005,0.9817518248175182,0.9489559164733179,0.9243986254295533,0.9879227053140096,0.952212389380531,0.9601298633293187,0.05011628619546888,-0.09664270010066055,2.168668227041253,0.10060573744411397,0.29439040352766216,269,409,22,5,7.495993375778198,,,,520,161,104,32,200,129,40,26,1058,107,211,21,343,293,69,59,276,243,56,49,,,,,,,,,,,,,2397,423,705,480
clients,gdm_early,5,0.8,S=5,0.5,0,1,2027,FedMatch-tab,0.9883482649414873,0.9661719285988793,0.9781021897810219,0.9582366589327146,0.9370629370629371,0.9856801909307876,0.9571428571428572,0.9644537815126051,0.04084046185016632,1.0723511781711412,1.061012537403746,0.04299627398107702,0.07271634042263031,268,413,18,6,1.07020902633667,436000.0,,,520,161,104,32,200,129,40,26,1058,107,211,21,343,293,69,59,276,243,56,49,,,,,,,,,,,,,2397,423,705,480
clients,gdm_early,5,0.8,S=5,0.5,0,1,2027,RSCFed-tab,0.9874168035632631,0.965261946926196,0.9635036496350365,0.962877030162413,0.9428571428571428,0.9764705882352941,0.9530685920577617,0.9613473801410304,0.04267894849181175,1.172712547390333,0.9141993399257756,0.03939850494688284,0.07379215955734253,264,415,16,10,0.38053393363952637,174400.0,,,520,161,104,32,200,129,40,26,1058,107,211,21,343,293,69,59,276,243,56,49,,,,,,,,,,,,,2397,423,705,480
clients,gdm_early,5,0.8,S=5,0.5,0,1,2027,FedAvg-GCN,0.9869256693820178,0.9703505822786251,0.9817518248175182,0.9582366589327146,0.9372822299651568,0.9880382775119617,0.9590017825311943,0.9659555437979882,0.035304781049489975,0.7382783506627989,0.9449405160674456,0.02555132784504207,0.11288686096668243,269,413,18,5,2.5269062519073486,436000.0,,,520,161,104,32,200,129,40,26,1058,107,211,21,343,293,69,59,276,243,56,49,,,,,,,,,,,,,2397,423,705,480
clients,gdm_early,5,0.8,S=5,0.5,0,1,2027,FedAvg-SAGE,0.9886954460006435,0.9701910419351798,0.9708029197080292,0.9651972157772621,0.9466192170818505,0.9811320754716981,0.9585585585585585,0.9658289868816184,0.030956413596868515,1.1463438555906384,0.7517051302031724,0.029630731056768007,0.09387142956256866,266,416,15,8,2.2292795181274414,845600.0,,,520,161,104,32,200,129,40,26,1058,107,211,21,343,293,69,59,276,243,56,49,,,,,,,,,,,,,2397,423,705,480
clients,gdm_early,5,0.8,S=5,0.5,0,1,2027,Local-LR,0.915143868443782,0.904427120249656,0.8795620437956204,0.9095127610208816,0.8607142857142858,0.9223529411764706,0.8700361010830325,0.8929619757751611,0.08246951550245285,0.050239308803626696,0.5298772212461214,0.056009121646061026,0.33771243691444397,241,392,39,33,2.205287456512451,0.0,,,520,161,104,32,200,129,40,26,1058,107,211,21,343,293,69,59,276,243,56,49,,,,,,,,,,,,,2397,423,705,480
clients,gdm_early,5,0.8,S=5,0.5,0,1,2027,Local-GCN,0.932020255051061,0.9238077609614447,0.8905109489051095,0.9118329466357309,0.8652482269503546,0.9290780141843972,0.8776978417266187,0.8990362744932859,0.08315104246139526,0.9197441099397945,0.4156558825179516,0.0684346903908126,0.21725311875343323,244,393,38,30,2.574073314666748,0.0,,,520,161,104,32,200,129,40,26,1058,107,211,21,343,293,69,59,276,243,56,49,,,,,,,,,,,,,2397,423,705,480
clients,gdm_early,5,0.8,S=5,0.5,0,1,2027,Local-TGNN,0.9525716801869697,0.9446290293217073,0.9124087591240876,0.8816705336426914,0.8305647840531561,0.9405940594059405,0.8695652173913043,0.8898724290549336,0.09133772552013397,1.550351201734715,0.37724243682030945,0.09341026976942379,0.014585921540856361,250,380,51,24,27.28379797935486,0.0,1895.0,0.4953206264775413,520,161,104,32,200,129,40,26,1058,107,211,21,343,293,69,59,276,243,56,49,,,,,,,,,,,,,2397,423,705,480
clients,gdm_early,5,0.8,S=5,0.5,0,1,2027,Cent-LR,0.9813114976205396,0.9539891324398705,0.9781021897810219,0.9651972157772621,0.9469964664310954,0.985781990521327,0.9622980251346499,0.9688395166704902,0.031163040548563004,-0.34880808565358545,0.8780603149104622,0.04268006659145895,0.32535892724990845,268,416,15,6,0.42363691329956055,0.0,,,520,161,104,32,200,129,40,26,1058,107,211,21,343,293,69,59,276,243,56,49,,,,,,,,,,,,,2397,423,705,480
clients,gdm_early,5,0.8,S=5,0.5,0,1,2027,Cent-XGB,0.9963503649635037,0.9934339856750579,0.9854014598540146,0.962877030162413,0.9440559440559441,0.9904534606205251,0.9642857142857143,0.9703781512605042,0.023097101598978043,-0.20899213380371348,0.7905790097992309,0.01925629755310345,0.21683748066425323,270,415,16,4,0.21620774269104004,0.0,,,520,161,104,32,200,129,40,26,1058,107,211,21,343,293,69,59,276,243,56,49,,,,,,,,,,,,,2397,423,705,480
clients,gdm_early,5,0.8,S=5,0.5,0,1,2027,Cent-GRAND,0.9910918420918928,0.9856900950101313,0.9817518248175182,0.9698375870069605,0.9539007092198581,0.9881796690307328,0.9676258992805755,0.9732743079541051,0.01764068379998207,-0.07398997265000094,0.8535182112449774,0.010346753998322675,0.39635786414146423,269,418,13,5,14.957138299942017,0.0,,,520,161,104,32,200,129,40,26,1058,107,211,21,343,293,69,59,276,243,56,49,,,,,,,,,,,,,2397,423,705,480
clients,gdm_early,5,0.8,S=5,0.5,0,2,2028,FedTGNN-SS,0.9842032618083899,0.9651127307319135,0.9890510948905109,0.9350348027842227,0.9063545150501672,0.9926108374384236,0.9458987783595113,0.9544308706612371,0.03557286784052849,-2.0789453504949944,0.33159070055576,0.03713210320450261,0.032965876162052155,271,403,28,3,26.90284252166748,13406320.0,1867.0,0.5141401630763333,936,438,188,88,168,159,34,32,232,9,47,2,685,37,137,7,376,290,75,58,,,,,,,,,,,,,2397,423,705,481
clients,gdm_early,5,0.8,S=5,0.5,0,2,2028,FedAvg-LR,0.9786060257083341,0.9505780279063692,0.9854014598540146,0.9605568445475638,0.9407665505226481,0.9904306220095693,0.9625668449197861,0.9689159312938154,0.031197600066661835,-0.7950206024833161,0.6938115017394096,0.04343283241152342,0.5648815035820007,270,414,17,4,1.0799546241760254,36880.0,,0.49358900635496383,936,438,188,88,168,159,34,32,232,9,47,2,685,37,137,7,376,290,75,58,,,,,,,,,,,,,2397,423,705,481
clients,gdm_early,5,0.8,S=5,0.5,0,2,2028,FedProx-LR,0.9787457449150676,0.9503383766626029,0.9854014598540146,0.9605568445475638,0.9407665505226481,0.9904306220095693,0.9625668449197861,0.9689159312938154,0.031270597130060196,-0.7843214812239979,0.6987556642247856,0.044158107972314176,0.5593653917312622,270,414,17,4,1.4461970329284668,36880.0,,,936,438,188,88,168,159,34,32,232,9,47,2,685,37,137,7,376,290,75,58,,,,,,,,,,,,,2397,423,705,481
clients,gdm_early,5,0.8,S=5,0.5,0,2,2028,FedAvg-MLP,0.9816925500025403,0.9605714516262941,0.9854014598540146,0.9605568445475638,0.9407665505226481,0.9904306220095693,0.9625668449197861,0.9689159312938154,0.02945620007812977,-0.40694651988000496,0.8480542401237797,0.029274223681460043,0.5410273671150208,270,414,17,4,0.7399497032165527,436000.0,,,936,438,188,88,168,159,34,32,232,9,47,2,685,37,137,7,376,290,75,58,,,,,,,,,,,,,2397,423,705,481
clients,gdm_early,5,0.8,S=5,0.5,0,2,2028,FedEns-RF,0.9901265093908242,0.9813575699435908,0.9927007299270073,0.9466357308584686,0.9220338983050848,0.9951219512195122,0.9560632688927944,0.9631683764202379,0.03545760473615562,0.2577704728068185,1.7808073163681217,0.06616841391309473,0.26928274428274424,272,408,23,2,5.784322023391724,,,,936,438,188,88,168,159,34,32,232,9,47,2,685,37,137,7,376,290,75,58,,,,,,,,,,,,,2397,423,705,481
clients,gdm_early,5,0.8,S=5,0.5,0,2,2028,FedEns-XGB,0.9813623046048063,0.9592796984578397,0.9890510948905109,0.9443155452436195,0.9186440677966101,0.9926829268292683,0.9525483304042179,0.9602218465338569,0.05279622195918066,0.21948394486522613,2.3046032888889396,0.13087689585790496,0.2748704504167464,271,407,24,3,1.1053218841552734,,,,936,438,188,88,168,159,34,32,232,9,47,2,685,37,137,7,376,290,75,58,,,,,,,,,,,,,2397,423,705,481
clients,gdm_early,5,0.8,S=5,0.5,0,2,2028,FedEns-SVM,0.987137365149796,0.9735626650242397,0.9890510948905109,0.9559164733178654,0.9344827586206896,0.9927710843373494,0.9609929078014184,0.9674940898345153,0.04112048945647602,0.18835354456441206,2.352909513588446,0.10488002551613336,0.534214480387441,271,412,19,3,0.11332440376281738,,,,936,438,188,88,168,159,34,32,232,9,47,2,685,37,137,7,376,290,75,58,,,,,,,,,,,,,2397,423,705,481
clients,gdm_early,5,0.8,S=5,0.5,0,2,2028,FedST-XGB,0.9780090436431994,0.9490888374718708,0.9890510948905109,0.9535962877030162,0.9312714776632303,0.9927536231884058,0.95929203539823,0.9660365502434938,0.058409649340540604,0.3135608240920135,2.2066594202585486,0.13234216273706068,0.4483234135554077,271,411,20,3,6.04830265045166,,,,936,438,188,88,168,159,34,32,232,9,47,2,685,37,137,7,376,290,75,58,,,,,,,,,,,,,2397,423,705,481
clients,gdm_early,5,0.8,S=5,0.5,0,2,2028,FedMatch-tab,0.9820481988924077,0.961554317529881,0.9890510948905109,0.9582366589327146,0.9377162629757786,0.9927884615384616,0.9626998223801065,0.9689532169751772,0.02976854518055916,-0.34285256561004823,0.8506418778241662,0.030361031186073393,0.5007880926132202,271,413,18,3,1.1259746551513672,436000.0,,,936,438,188,88,168,159,34,32,232,9,47,2,685,37,137,7,376,290,75,58,,,,,,,,,,,,,2397,423,705,481
clients,gdm_early,5,0.8,S=5,0.5,0,2,2028,RSCFed-tab,0.9807949599471608,0.9579871772489154,0.9963503649635036,0.9489559164733179,0.9254237288135593,0.9975609756097561,0.9595782073813708,0.9661149063066188,0.03694944456219673,-0.04545712205846959,0.8081976540853216,0.039936420775897104,0.1133335530757904,273,409,22,1,0.3809502124786377,174400.0,,,936,438,188,88,168,159,34,32,232,9,47,2,685,37,137,7,376,290,75,58,,,,,,,,,,,,,2397,423,705,481
clients,gdm_early,5,0.8,S=5,0.5,0,2,2028,FedAvg-GCN,0.9856936000135486,0.9663577249759253,0.9854014598540146,0.962877030162413,0.9440559440559441,0.9904534606205251,0.9642857142857143,0.9703781512605042,0.02847066894173622,-1.3387366748742477,0.7792719422023704,0.02780100863083458,0.7451289892196655,270,415,16,4,2.413797378540039,436000.0,,,936,438,188,88,168,159,34,32,232,9,47,2,685,37,137,7,376,290,75,58,,,,,,,,,,,,,2397,423,705,481
clients,gdm_early,5,0.8,S=5,0.5,0,2,2028,FedAvg-SAGE,0.9786271952851118,0.949305576763185,0.9781021897810219,0.9303944315545244,0.8993288590604027,0.9852579852579852,0.9370629370629371,0.9470517549276499,0.04349081963300705,0.253496045695312,0.5954346520390322,0.04058531009664771,0.09149844944477081,268,401,30,6,2.1316492557525635,845600.0,,,936,438,188,88,168,159,34,32,232,9,47,2,685,37,137,7,376,290,75,58,,,,,,,,,,,,,2397,423,705,481
clients,gdm_early,5,0.8,S=5,0.5,0,2,2028,Local-LR,0.9308008874286585,0.8959972056797082,0.8832116788321168,0.9489559164733179,0.9166666666666666,0.927437641723356,0.8996282527881041,0.9188508236417585,0.0736035630106926,0.26503503939648554,0.5646103066525339,0.05188730481668567,0.37557053565979004,242,409,22,32,2.1309783458709717,0.0,,,936,438,188,88,168,159,34,32,232,9,47,2,685,37,137,7,376,290,75,58,,,,,,,,,,,,,2397,423,705,481
clients,gdm_early,5,0.8,S=5,0.5,0,2,2028,Local-GCN,0.9406108693075008,0.9110615975148724,0.927007299270073,0.8955916473317865,0.8494983277591973,0.9507389162561576,0.8865619546247818,0.9044518255800134,0.07426176220178604,0.65759638766234,0.40131955509097444,0.06740269711677063,0.06680377572774887,254,386,45,20,2.257223129272461,0.0,,,936,438,188,88,168,159,34,32,232,9,47,2,685,37,137,7,376,290,75,58,,,,,,,,,,,,,2397,423,705,481
clients,gdm_early,5,0.8,S=5,0.5,0,2,2028,Local-TGNN,0.944446796619642,0.9093221172412697,0.8613138686131386,0.9211136890951276,0.8740740740740741,0.9126436781609195,0.8676470588235294,0.8922530906126884,0.0924614742398262,2.375226374471722,0.3700769355146742,0.09212173871986623,0.02794024720788002,236,397,34,38,27.343582153320312,0.0,1902.0,0.549245808820277,936,438,188,88,168,159,34,32,232,9,47,2,685,37,137,7,376,290,75,58,,,,,,,,,,,,,2397,423,705,481
clients,gdm_early,5,0.8,S=5,0.5,0,2,2028,Cent-LR,0.977915897505377,0.9472053162403525,0.9854014598540146,0.962877030162413,0.9440559440559441,0.9904534606205251,0.9642857142857143,0.9703781512605042,0.03136041387915611,-0.5642186107110734,0.7671290681459084,0.0414391089706345,0.4778982996940613,270,415,16,4,0.5358016490936279,0.0,,,936,438,188,88,168,159,34,32,232,9,47,2,685,37,137,7,376,290,75,58,,,,,,,,,,,,,2397,423,705,481
clients,gdm_early,5,0.8,S=5,0.5,0,2,2028,Cent-XGB,0.994851558927634,0.9943893515837465,0.9854014598540146,0.9535962877030162,0.9310344827586207,0.9903614457831326,0.9574468085106383,0.9645390070921986,0.025989489629864693,-1.4002651796306642,0.7337886194264476,0.0232641726421813,0.1871674656867981,270,411,20,4,0.23311161994934082,0.0,,,936,438,188,88,168,159,34,32,232,9,47,2,685,37,137,7,376,290,75,58,,,,,,,,,,,,,2397,423,705,481
clients,gdm_early,5,0.8,S=5,0.5,0,2,2028,Cent-GRAND,0.9907192575406032,0.9798557354734776,0.9744525547445255,0.9651972157772621,0.9468085106382979,0.983451536643026,0.960431654676259,0.9673352652772396,0.03269446641206741,-2.329073880748282,0.7400601784237235,0.03273152546521199,0.9200924634933472,267,416,15,7,15.66827917098999,0.0,,,936,438,188,88,168,159,34,32,232,9,47,2,685,37,137,7,376,290,75,58,,,,,,,,,,,,,2397,423,705,481
clients,gdm_early,5,0.8,S=5,0.5,0,3,2029,FedTGNN-SS,0.9780295983086681,0.9589023556177044,0.9563636363636364,0.9255813953488372,0.8915254237288136,0.9707317073170731,0.9228070175438596,0.9352130325814536,0.05676098167896271,1.6809393800981292,0.3547256323395861,0.05271555285187479,0.010635101236402988,263,398,32,12,27.394814252853394,13406320.0,1796.0,0.546182379299089,580,319,116,64,570,82,114,16,114,67,22,13,460,442,92,88,673,22,134,4,,,,,,,,,,,,,2397,423,705,478
clients,gdm_early,5,0.8,S=5,0.5,0,3,2029,FedAvg-LR,0.9785877378435518,0.9598980254688688,0.9272727272727272,0.958139534883721,0.9340659340659341,0.9537037037037037,0.9306569343065694,0.9432867038122175,0.05104999244213104,0.7796165197338198,0.6835310490922774,0.043473861609578994,0.14438536763191223,255,412,18,20,1.4010519981384277,36880.0,,0.4979554289444791,580,319,116,64,570,82,114,16,114,67,22,13,460,442,92,88,673,22,134,4,,,,,,,,,,,,,2397,423,705,478
clients,gdm_early,5,0.8,S=5,0.5,0,3,2029,FedProx-LR,0.9795898520084566,0.9618586428268974,0.9527272727272728,0.958139534883721,0.9357142857142857,0.9694117647058823,0.9441441441441442,0.9539434171013119,0.04999828338623047,0.7116968305933675,0.685902481798966,0.03969684545320612,0.11918925493955612,262,412,18,13,1.6634705066680908,36880.0,,,580,319,116,64,570,82,114,16,114,67,22,13,460,442,92,88,673,22,134,4,,,,,,,,,,,,,2397,423,705,478
clients,gdm_early,5,0.8,S=5,0.5,0,3,2029,FedAvg-MLP,0.9833657505285412,0.9674999476728251,0.96,0.9441860465116279,0.9166666666666666,0.973621103117506,0.9378330373001776,0.9482553616252954,0.04512553662061691,0.7088027926777367,0.9153279314309856,0.03617919438009991,0.13544824719429016,264,406,24,11,0.890995979309082,436000.0,,,580,319,116,64,570,82,114,16,114,67,22,13,460,442,92,88,673,22,134,4,,,,,,,,,,,,,2397,423,705,478
clients,gdm_early,5,0.8,S=5,0.5,0,3,2029,FedEns-RF,0.9906680761099365,0.9839687514720413,0.9636363636363636,0.958139534883721,0.9363957597173145,0.976303317535545,0.9498207885304659,0.9584784693826038,0.04256356560187464,0.1374545496754799,2.1703744340294273,0.09820033235407585,0.4486610878661088,265,412,18,10,6.491955995559692,,,,580,319,116,64,570,82,114,16,114,67,22,13,460,442,92,88,673,22,134,4,,,,,,,,,,,,,2397,423,705,478
clients,gdm_early,5,0.8,S=5,0.5,0,3,2029,FedEns-XGB,0.9850486257928118,0.9711280009203881,0.9490909090909091,0.9511627906976744,0.925531914893617,0.966903073286052,0.9371633752244165,0.9480658611174837,0.06580802605608578,0.16952505675673088,2.73668214022908,0.14757107576666378,0.3921246984428005,261,409,21,14,1.1764905452728271,,,,580,319,116,64,570,82,114,16,114,67,22,13,460,442,92,88,673,22,134,4,,,,,,,,,,,,,2397,423,705,478
clients,gdm_early,5,0.8,S=5,0.5,0,3,2029,FedEns-SVM,0.9908414376321353,0.9843215965795516,0.9854545454545455,0.9534883720930233,0.9312714776632303,0.9903381642512077,0.9575971731448764,0.9645805770937652,0.04478600487640549,-0.1526774342327138,2.306237102258447,0.10690190477197481,0.4236923888943243,271,410,20,4,0.11110758781433105,,,,580,319,116,64,570,82,114,16,114,67,22,13,460,442,92,88,673,22,134,4,,,,,,,,,,,,,2397,423,705,478
clients,gdm_early,5,0.8,S=5,0.5,0,3,2029,FedST-XGB,0.9857082452431289,0.9785726546122424,0.9818181818181818,0.9465116279069767,0.9215017064846417,0.9878640776699029,0.9507042253521126,0.9587250342912582,0.06784483753375352,0.17734605231826814,2.8739725508660823,0.15573034457490229,0.2616111424758399,270,407,23,5,5.8307812213897705,,,,580,319,116,64,570,82,114,16,114,67,22,13,460,442,92,88,673,22,134,4,,,,,,,,,,,,,2397,423,705,478
clients,gdm_early,5,0.8,S=5,0.5,0,3,2029,FedMatch-tab,0.9836617336152219,0.9682552616878723,0.96,0.9465116279069767,0.9198606271777003,0.9736842105263158,0.9395017793594306,0.9497037198683945,0.04486484080553055,0.7368498252597598,0.9254464631296812,0.036711565488354955,0.1343986541032791,264,407,23,11,1.0737011432647705,436000.0,,,580,319,116,64,570,82,114,16,114,67,22,13,460,442,92,88,673,22,134,4,,,,,,,,,,,,,2397,423,705,478
clients,gdm_early,5,0.8,S=5,0.5,0,3,2029,RSCFed-tab,0.9824524312896407,0.9664464788945227,0.96,0.9534883720930233,0.9295774647887324,0.9738717339667459,0.9445438282647585,0.9540580480924262,0.04216897487640381,0.29278068031807525,0.9100954460096273,0.033405044019644975,0.2131432443857193,264,410,20,11,0.35100412368774414,174400.0,,,580,319,116,64,570,82,114,16,114,67,22,13,460,442,92,88,673,22,134,4,,,,,,,,,,,,,2397,423,705,478
clients,gdm_early,5,0.8,S=5,0.5,0,3,2029,FedAvg-GCN,0.9834207188160676,0.9699325879349288,0.9781818181818182,0.958139534883721,0.9372822299651568,0.9856459330143541,0.9572953736654805,0.9644967434365138,0.03499157726764679,0.5119135617597186,0.7618309787959511,0.022892231722725635,0.20629757642745972,269,412,18,6,2.6079888343811035,436000.0,,,580,319,116,64,570,82,114,16,114,67,22,13,460,442,92,88,673,22,134,4,,,,,,,,,,,,,2397,423,705,478
clients,gdm_early,5,0.8,S=5,0.5,0,3,2029,FedAvg-SAGE,0.9772515856236786,0.9610430897870373,0.9818181818181818,0.8906976744186047,0.8517350157728707,0.9871134020618557,0.9121621621621622,0.9242962400052865,0.05873773619532585,1.3632404146285648,0.5655322408521101,0.05680435575373102,0.021686820313334465,270,383,47,5,2.0363378524780273,845600.0,,,580,319,116,64,570,82,114,16,114,67,22,13,460,442,92,88,673,22,134,4,,,,,,,,,,,,,2397,423,705,478
clients,gdm_early,5,0.8,S=5,0.5,0,3,2029,Local-LR,0.9518942917547569,0.9271494275108343,0.8872727272727273,0.9279069767441861,0.8872727272727273,0.9279069767441861,0.8872727272727273,0.9075898520084567,0.07137063890695572,-0.25510731538986486,0.6082020265158885,0.041567074227417615,0.5105000138282776,244,399,31,31,2.644967555999756,0.0,,,580,319,116,64,570,82,114,16,114,67,22,13,460,442,92,88,673,22,134,4,,,,,,,,,,,,,2397,423,705,478
clients,gdm_early,5,0.8,S=5,0.5,0,3,2029,Local-GCN,0.9396701902748414,0.9143627460381685,0.8763636363636363,0.9116279069767442,0.8637992831541219,0.92018779342723,0.8700361010830325,0.8929619757751611,0.08711379021406174,0.206603822351513,0.3848816005953714,0.07835493026803253,0.5201665163040161,241,392,38,34,2.528320074081421,0.0,,,580,319,116,64,570,82,114,16,114,67,22,13,460,442,92,88,673,22,134,4,,,,,,,,,,,,,2397,423,705,478
clients,gdm_early,5,0.8,S=5,0.5,0,3,2029,Local-TGNN,0.9585961945031712,0.9460927879082447,0.9272727272727272,0.8976744186046511,0.8528428093645485,0.9507389162561576,0.8885017421602788,0.9059733591184169,0.09262759983539581,1.0030775910503238,0.4213674229325139,0.09335239791833129,0.01848643645644188,255,386,44,20,25.82045292854309,0.0,1910.0,0.5163936615329832,580,319,116,64,570,82,114,16,114,67,22,13,460,442,92,88,673,22,134,4,,,,,,,,,,,,,2397,423,705,478
clients,gdm_early,5,0.8,S=5,0.5,0,3,2029,Cent-LR,0.9803002114164905,0.9617712492372035,0.9636363636363636,0.9604651162790697,0.9397163120567376,0.9763593380614657,0.9515260323159784,0.9599365214334874,0.03541918098926544,-0.2520086814104661,0.7194036002644476,0.04382317806759202,0.47741806507110596,265,413,17,10,0.3909909725189209,0.0,,,580,319,116,64,570,82,114,16,114,67,22,13,460,442,92,88,673,22,134,4,,,,,,,,,,,,,2397,423,705,478
clients,gdm_early,5,0.8,S=5,0.5,0,3,2029,Cent-XGB,0.99353911205074,0.9861606103565835,0.9636363636363636,0.9697674418604652,0.9532374100719424,0.9765807962529274,0.9584086799276673,0.9657854368133085,0.026456035673618317,-0.4018983473499249,0.6811961448613678,0.022890374931037873,0.4324486553668976,265,417,13,10,0.2096092700958252,0.0,,,580,319,116,64,570,82,114,16,114,67,22,13,460,442,92,88,673,22,134,4,,,,,,,,,,,,,2397,423,705,478
clients,gdm_early,5,0.8,S=5,0.5,0,3,2029,Cent-GRAND,0.985767441860465,0.9562669537264227,0.9927272727272727,0.958139534883721,0.9381443298969072,0.9951690821256038,0.9646643109540636,0.9704838142448042,0.025765039026737213,-0.8580311228367271,0.6588574323016494,0.01957562834037642,0.20730876922607422,273,412,18,2,16.199915170669556,0.0,,,580,319,116,64,570,82,114,16,114,67,22,13,460,442,92,88,673,22,134,4,,,,,,,,,,,,,2397,423,705,478
clients,gdm_early,5,0.8,S=5,0.5,0,4,2030,FedTGNN-SS,0.9906680761099366,0.9693999607068144,0.9890909090909091,0.9674418604651163,0.951048951048951,0.9928400954653938,0.9696969696969697,0.9748367062854695,0.02326279692351818,-5.8847780465166695,0.37096013469662625,0.02414545247505471,0.2166128307580948,272,416,14,3,30.33789300918579,13406320.0,1840.0,0.44946327307185485,859,181,172,36,227,181,45,36,1050,406,210,81,241,152,48,30,20,12,4,2,,,,,,,,,,,,,2397,423,705,479
clients,gdm_early,5,0.8,S=5,0.5,0,4,2030,FedAvg-LR,0.9844482029598307,0.9704363750129229,0.9454545454545454,0.9790697674418605,0.966542750929368,0.9655963302752294,0.9558823529411765,0.9640843635375629,0.03166317194700241,0.09676492578172706,1.2622475904935184,0.055199139343297225,0.5055288076400757,260,421,9,15,1.2103192806243896,36880.0,,0.47611602185403984,859,181,172,36,227,181,45,36,1050,406,210,81,241,152,48,30,20,12,4,2,,,,,,,,,,,,,2397,423,705,479
clients,gdm_early,5,0.8,S=5,0.5,0,4,2030,FedProx-LR,0.9846596194503171,0.9705534443641051,0.9454545454545454,0.9790697674418605,0.966542750929368,0.9655963302752294,0.9558823529411765,0.9640843635375629,0.03197048231959343,0.08884091460135732,1.280077331777563,0.058961487223281914,0.5168129801750183,260,421,9,15,1.7978534698486328,36880.0,,,859,181,172,36,227,181,45,36,1050,406,210,81,241,152,48,30,20,12,4,2,,,,,,,,,,,,,2397,423,705,479
clients,gdm_early,5,0.8,S=5,0.5,0,4,2030,FedAvg-MLP,0.9869598308668076,0.9674651593740632,0.9527272727272728,0.9813953488372092,0.9703703703703703,0.9701149425287356,0.9614678899082569,0.968595216630429,0.024586167186498642,0.5828216532143244,0.97921360635242,0.017102014266799952,0.6183671951293945,262,422,8,13,0.9359285831451416,436000.0,,,859,181,172,36,227,181,45,36,1050,406,210,81,241,152,48,30,20,12,4,2,,,,,,,,,,,,,2397,423,705,479
clients,gdm_early,5,0.8,S=5,0.5,0,4,2030,FedEns-RF,0.9970232558139535,0.994991312092411,0.9636363636363636,0.9744186046511628,0.9601449275362319,0.9766899766899767,0.9618874773139746,0.9687202229410385,0.020277598735576302,0.020465347353925818,1.890550655570024,0.04954002872414458,0.49893528183716074,265,419,11,10,5.866238594055176,,,,859,181,172,36,227,181,45,36,1050,406,210,81,241,152,48,30,20,12,4,2,,,,,,,,,,,,,2397,423,705,479
clients,gdm_early,5,0.8,S=5,0.5,0,4,2030,FedEns-XGB,0.9962536997885836,0.9939226373116025,0.9527272727272728,0.9720930232558139,0.9562043795620438,0.9698375870069605,0.9544626593806922,0.9627133273674657,0.02591634365457562,-0.17333919889156787,1.602615669396744,0.05142806749803112,0.32863224454861845,262,418,12,13,1.219970941543579,,,,859,181,172,36,227,181,45,36,1050,406,210,81,241,152,48,30,20,12,4,2,,,,,,,,,,,,,2397,423,705,479
clients,gdm_early,5,0.8,S=5,0.5,0,4,2030,FedEns-SVM,0.9958562367864694,0.9872011492672434,0.9527272727272728,0.9813953488372092,0.9703703703703703,0.9701149425287356,0.9614678899082569,0.968595216630429,0.018880601634004093,0.16250845601614067,1.7366255951983278,0.045383198153369525,0.6800764825921101,262,422,8,13,0.10699963569641113,,,,859,181,172,36,227,181,45,36,1050,406,210,81,241,152,48,30,20,12,4,2,,,,,,,,,,,,,2397,423,705,479
clients,gdm_early,5,0.8,S=5,0.5,0,4,2030,FedST-XGB,0.9919577167019028,0.9886597915356021,0.9709090909090909,0.958139534883721,0.9368421052631579,0.9809523809523809,0.9535714285714286,0.9614915966386555,0.028185478576552604,-0.3777236145527133,1.1879758695213054,0.03840389281438257,0.21607195571189383,267,412,18,8,6.885000944137573,,,,859,181,172,36,227,181,45,36,1050,406,210,81,241,152,48,30,20,12,4,2,,,,,,,,,,,,,2397,423,705,479
clients,gdm_early,5,0.8,S=5,0.5,0,4,2030,FedMatch-tab,0.9870359408033826,0.9663409089902025,0.9527272727272728,0.9813953488372092,0.9703703703703703,0.9701149425287356,0.9614678899082569,0.968595216630429,0.024564730003476143,0.5705018109162431,0.978478407215942,0.016528713959434352,0.6222686767578125,262,422,8,13,0.9706597328186035,436000.0,,,859,181,172,36,227,181,45,36,1050,406,210,81,241,152,48,30,20,12,4,2,,,,,,,,,,,,,2397,423,705,479
clients,gdm_early,5,0.8,S=5,0.5,0,4,2030,RSCFed-tab,0.9885412262156449,0.973797754030052,0.96,0.9720930232558139,0.9565217391304348,0.9743589743589743,0.9582577132486388,0.9657411965544708,0.02587815374135971,-0.10998227602881341,0.8407822953463086,0.023832550718851965,0.5194111466407776,264,418,12,11,0.4692826271057129,174400.0,,,859,181,172,36,227,181,45,36,1050,406,210,81,241,152,48,30,20,12,4,2,,,,,,,,,,,,,2397,423,705,479
clients,gdm_early,5,0.8,S=5,0.5,0,4,2030,FedAvg-GCN,0.988338266384778,0.9702358291728159,0.9636363636363636,0.9813953488372092,0.9706959706959707,0.9768518518518519,0.9671532846715328,0.9731358070689451,0.021414704620838165,0.18573229019165885,0.950910893696744,0.010521599771256785,0.6753045320510864,265,422,8,10,2.698460817337036,436000.0,,,859,181,172,36,227,181,45,36,1050,406,210,81,241,152,48,30,20,12,4,2,,,,,,,,,,,,,2397,423,705,479
clients,gdm_early,5,0.8,S=5,0.5,0,4,2030,FedAvg-SAGE,0.987830866807611,0.9639681290384512,0.9854545454545455,0.9720930232558139,0.9575971731448764,0.990521327014218,0.9713261648745519,0.9762734110757736,0.02095705457031727,-0.5474429568493643,0.6472077696181893,0.014106559446609927,0.6749335527420044,271,418,12,4,1.9561107158660889,845600.0,,,859,181,172,36,227,181,45,36,1050,406,210,81,241,152,48,30,20,12,4,2,,,,,,,,,,,,,2397,423,705,479
clients,gdm_early,5,0.8,S=5,0.5,0,4,2030,Local-LR,0.9805835095137421,0.9676415587047938,0.9418181818181818,0.9720930232558139,0.955719557195572,0.9631336405529954,0.9487179487179487,0.9581552706552706,0.040710024535655975,-0.24275398337361723,1.2528328306556604,0.059471150873400644,0.5503485798835754,259,418,12,16,2.576523780822754,0.0,,,859,181,172,36,227,181,45,36,1050,406,210,81,241,152,48,30,20,12,4,2,,,,,,,,,,,,,2397,423,705,479
clients,gdm_early,5,0.8,S=5,0.5,0,4,2030,Local-GCN,0.9838393234672305,0.9635184047511739,0.9818181818181818,0.9534883720930233,0.9310344827586207,0.9879518072289156,0.9557522123893806,0.9630832067864062,0.029637008905410767,0.10121432275766151,0.8990758751131072,0.020303365687265054,0.16052299737930298,270,410,20,5,2.357422351837158,0.0,,,859,181,172,36,227,181,45,36,1050,406,210,81,241,152,48,30,20,12,4,2,,,,,,,,,,,,,2397,423,705,479
clients,gdm_early,5,0.8,S=5,0.5,0,4,2030,Local-TGNN,0.9847019027484144,0.957506943045307,0.9745454545454545,0.9651162790697675,0.9469964664310954,0.9834123222748815,0.9605734767025089,0.9673759402291887,0.027405226603150368,-1.7399294960369691,0.5299182213188206,0.027217747027992338,0.33594098687171936,268,415,15,7,28.85790181159973,0.0,1899.0,0.48897525873939507,859,181,172,36,227,181,45,36,1050,406,210,81,241,152,48,30,20,12,4,2,,,,,,,,,,,,,2397,423,705,479
clients,gdm_early,5,0.8,S=5,0.5,0,4,2030,Cent-LR,0.9835602536997886,0.9672183787295138,0.96,0.9720930232558139,0.9565217391304348,0.9743589743589743,0.9582577132486388,0.9657411965544708,0.03347770869731903,-0.13600583361941154,1.2744263826022084,0.060691666470985894,0.4394626021385193,264,418,12,11,0.47855281829833984,0.0,,,859,181,172,36,227,181,45,36,1050,406,210,81,241,152,48,30,20,12,4,2,,,,,,,,,,,,,2397,423,705,479
clients,gdm_early,5,0.8,S=5,0.5,0,4,2030,Cent-XGB,0.9975983086680761,0.9960870927601191,0.9890909090909091,0.9651162790697675,0.9477351916376306,0.992822966507177,0.9679715302491103,0.9733725575773853,0.022023754194378853,0.76324721626608,0.7382913365997421,0.01961728936252813,0.03742161765694618,272,415,15,3,0.2807629108428955,0.0,,,859,181,172,36,227,181,45,36,1050,406,210,81,241,152,48,30,20,12,4,2,,,,,,,,,,,,,2397,423,705,479
clients,gdm_early,5,0.8,S=5,0.5,0,4,2030,Cent-GRAND,0.9910866807610993,0.9678715556184423,0.9709090909090909,0.9674418604651163,0.9501779359430605,0.9811320754716981,0.960431654676259,0.9673352652772396,0.023753849789500237,0.10465971059341042,0.778460370650712,0.01818120524234381,0.27095934748649597,267,416,14,8,14.528378248214722,0.0,,,859,181,172,36,227,181,45,36,1050,406,210,81,241,152,48,30,20,12,4,2,,,,,,,,,,,,,2397,423,705,479
clients,gdm_early,5,0.8,S=5,0.5,1,0,3026,FedTGNN-SS,0.9772723423713313,0.9446213848914075,0.9452554744525548,0.9489559164733179,0.9217081850533808,0.964622641509434,0.9333333333333333,0.9450292397660819,0.048559971153736115,-3.2976341347171756,0.36809895665908343,0.048022185761897665,0.8180884718894958,259,409,22,15,28.652785301208496,13406320.0,1877.0,0.5657975391995735,335,219,67,44,1175,294,235,59,394,19,79,4,349,264,70,53,144,137,28,27,,,,,,,,,,,,,2397,423,705,479
clients,gdm_early,5,0.8,S=5,0.5,1,0,3026,FedAvg-LR,0.9748928819415043,0.9451451044253449,0.9562043795620438,0.9535962877030162,0.9290780141843972,0.9716312056737588,0.9424460431654677,0.9524876585850757,0.04187799245119095,-0.2332278693904881,0.7961697596940894,0.047941084842838294,0.39741063117980957,262,411,20,12,1.3123328685760498,36880.0,,0.5322628407290603,335,219,67,44,1175,294,235,59,394,19,79,4,349,264,70,53,144,137,28,27,,,,,,,,,,,,,2397,423,705,479
clients,gdm_early,5,0.8,S=5,0.5,1,0,3026,FedProx-LR,0.9746303791894592,0.9452942581593534,0.9671532846715328,0.9582366589327146,0.9363957597173145,0.9786729857819905,0.9515260323159784,0.9599365214334874,0.04155976325273514,-0.2664500314394069,0.7931572092794332,0.049566021886594744,0.3912550210952759,265,413,18,9,1.4390065670013428,36880.0,,,335,219,67,44,1175,294,235,59,394,19,79,4,349,264,70,53,144,137,28,27,,,,,,,,,,,,,2397,423,705,479
clients,gdm_early,5,0.8,S=5,0.5,1,0,3026,FedAvg-MLP,0.978644130946534,0.9524199361764821,0.9744525547445255,0.9489559164733179,0.9238754325259516,0.9831730769230769,0.9484902309058615,0.9571258710609591,0.039848484098911285,-0.07865540453827653,0.8111053940840937,0.03976672603253356,0.288197785615921,267,409,22,7,1.088287115097046,436000.0,,,335,219,67,44,1175,294,235,59,394,19,79,4,349,264,70,53,144,137,28,27,,,,,,,,,,,,,2397,423,705,479
clients,gdm_early,5,0.8,S=5,0.5,1,0,3026,FedEns-RF,0.9930563788168747,0.9880461461496811,1.0,0.9373549883990719,0.9102990033222591,1.0,0.9530434782608695,0.960354074459776,0.03336303719994024,-0.2656109506456302,2.0655801576255115,0.07525822117591317,0.27922755741127353,274,404,27,0,5.490556716918945,,,,335,219,67,44,1175,294,235,59,394,19,79,4,349,264,70,53,144,137,28,27,,,,,,,,,,,,,2397,423,705,479
clients,gdm_early,5,0.8,S=5,0.5,1,0,3026,FedEns-XGB,0.9933188815689196,0.9895067512169832,0.9890510948905109,0.9396751740139211,0.9124579124579124,0.9926470588235294,0.9492119089316988,0.9573234753240139,0.03913927295073089,-0.16519589436667295,1.9722022481844297,0.0996942164082656,0.28844391890181253,271,405,26,3,1.1888809204101562,,,,335,219,67,44,1175,294,235,59,394,19,79,4,349,264,70,53,144,137,28,27,,,,,,,,,,,,,2397,423,705,479
clients,gdm_early,5,0.8,S=5,0.5,1,0,3026,FedEns-SVM,0.9885006858942876,0.9708675967095026,1.0,0.9443155452436195,0.9194630872483222,1.0,0.958041958041958,0.9647011699517666,0.035549573780732896,-0.47135686652256537,1.99428341022316,0.08033759726391794,0.46810328050162003,274,407,24,0,0.1327962875366211,,,,335,219,67,44,1175,294,235,59,394,19,79,4,349,264,70,53,144,137,28,27,,,,,,,,,,,,,2397,423,705,479
clients,gdm_early,5,0.8,S=5,0.5,1,0,3026,FedST-XGB,0.9909732924619371,0.9845105156839983,0.9927007299270073,0.9350348027842227,0.9066666666666666,0.9950617283950617,0.9477351916376306,0.955925012086758,0.039687360138422244,-0.07704194459729076,1.6138737432968226,0.06843575623255548,0.1429242900514874,272,403,28,2,6.630192279815674,,,,335,219,67,44,1175,294,235,59,394,19,79,4,349,264,70,53,144,137,28,27,,,,,,,,,,,,,2397,423,705,479
clients,gdm_early,5,0.8,S=5,0.5,1,0,3026,FedMatch-tab,0.978644130946534,0.9522911748584318,0.9744525547445255,0.951276102088167,0.9270833333333334,0.9832134292565947,0.9501779359430605,0.9585795340092661,0.03942251205444336,-0.08246965206581779,0.8184369189148575,0.040303520545204925,0.30103370547294617,267,410,21,7,1.0493814945220947,436000.0,,,335,219,67,44,1175,294,235,59,394,19,79,4,349,264,70,53,144,137,28,27,,,,,,,,,,,,,2397,423,705,479
clients,gdm_early,5,0.8,S=5,0.5,1,0,3026,RSCFed-tab,0.9792284112656019,0.9548470830133682,0.9963503649635036,0.9419953596287703,0.9161073825503355,0.9975429975429976,0.9545454545454546,0.9617596007810805,0.04034312441945076,-0.3026473470820052,0.8192717164618903,0.05397801080599744,0.2087750881910324,273,406,25,1,0.40085935592651367,174400.0,,,335,219,67,44,1175,294,235,59,394,19,79,4,349,264,70,53,144,137,28,27,,,,,,,,,,,,,2397,423,705,479
clients,gdm_early,5,0.8,S=5,0.5,1,0,3026,FedAvg-GCN,0.9841820922316121,0.9703749404072276,0.9562043795620438,0.9651972157772621,0.9458483754512635,0.9719626168224299,0.9509981851179673,0.9597831437813352,0.033332984894514084,-0.9333968569476709,0.7936264638227929,0.025318084366566743,0.7646651864051819,262,416,15,12,2.4751172065734863,436000.0,,,335,219,67,44,1175,294,235,59,394,19,79,4,349,264,70,53,144,137,28,27,,,,,,,,,,,,,2397,423,705,479
clients,gdm_early,5,0.8,S=5,0.5,1,0,3026,FedAvg-SAGE,0.980617135502227,0.9537186623946283,0.9452554744525548,0.9559164733178654,0.9316546762589928,0.9648711943793911,0.9384057971014492,0.9493893787372047,0.04009491205215454,0.11637925322892503,0.6709038425057631,0.03221523660393629,0.5212121605873108,259,412,19,15,2.196840763092041,845600.0,,,335,219,67,44,1175,294,235,59,394,19,79,4,349,264,70,53,144,137,28,27,,,,,,,,,,,,,2397,423,705,479
clients,gdm_early,5,0.8,S=5,0.5,1,0,3026,Local-LR,0.9636560705878368,0.9373293842855374,0.9379562043795621,0.9095127610208816,0.8682432432432432,0.9584352078239609,0.9017543859649123,0.9175438596491228,0.060782305896282196,-0.3431461256336501,0.7841553869982706,0.032257257808818884,0.2970394790172577,257,392,39,17,1.9826583862304688,0.0,,,335,219,67,44,1175,294,235,59,394,19,79,4,349,264,70,53,144,137,28,27,,,,,,,,,,,,,2397,423,705,479
clients,gdm_early,5,0.8,S=5,0.5,1,0,3026,Local-GCN,0.9668145714430877,0.9392637200014998,0.9087591240875912,0.9466357308584686,0.9154411764705882,0.9422632794457275,0.9120879120879121,0.9282661782661783,0.057552628219127655,0.21762332913720997,0.6022475570971592,0.040696957077276205,0.47119173407554626,249,408,23,25,2.3691391944885254,0.0,,,335,219,67,44,1175,294,235,59,394,19,79,4,349,264,70,53,144,137,28,27,,,,,,,,,,,,,2397,423,705,479
clients,gdm_early,5,0.8,S=5,0.5,1,0,3026,Local-TGNN,0.9812606906362727,0.9633731855154556,0.9452554744525548,0.9419953596287703,0.9119718309859155,0.9643705463182898,0.9283154121863799,0.9406835276894341,0.05221543461084366,0.6711451376970204,0.46986671674228503,0.052168760197699504,0.03255302459001541,259,406,25,15,28.54614543914795,0.0,1906.0,0.5408104946771496,335,219,67,44,1175,294,235,59,394,19,79,4,349,264,70,53,144,137,28,27,,,,,,,,,,,,,2397,423,705,479
clients,gdm_early,5,0.8,S=5,0.5,1,0,3026,Cent-LR,0.9719122055311871,0.9428005912801731,0.9817518248175182,0.925754060324826,0.893687707641196,0.9876237623762376,0.9356521739130435,0.9456703983337673,0.0400644913315773,-0.46112073173861867,0.7548168591184127,0.05086448309903448,0.17146506905555725,269,399,32,5,0.48484230041503906,0.0,,,335,219,67,44,1175,294,235,59,394,19,79,4,349,264,70,53,144,137,28,27,,,,,,,,,,,,,2397,423,705,479
clients,gdm_early,5,0.8,S=5,0.5,1,0,3026,Cent-XGB,0.9889156095991328,0.977168887121364,0.9817518248175182,0.951276102088167,0.9275862068965517,0.9879518072289156,0.9539007092198581,0.9615839243498818,0.030972925946116447,-1.4582803558291362,0.6729213092890501,0.028096421065258132,0.41252726316452026,269,410,21,5,0.22964763641357422,0.0,,,335,219,67,44,1175,294,235,59,394,19,79,4,349,264,70,53,144,137,28,27,,,,,,,,,,,,,2397,423,705,479
clients,gdm_early,5,0.8,S=5,0.5,1,0,3026,Cent-GRAND,0.9818365031246296,0.9510847605853967,0.9744525547445255,0.9489559164733179,0.9238754325259516,0.9831730769230769,0.9484902309058615,0.9571258710609591,0.03808756172657013,-1.688890420780564,0.7030224664706681,0.03502024600929615,0.8271270394325256,267,409,22,7,14.58205270767212,0.0,,,335,219,67,44,1175,294,235,59,394,19,79,4,349,264,70,53,144,137,28,27,,,,,,,,,,,,,2397,423,705,479
clients,gdm_early,5,0.8,S=5,0.5,1,1,3027,FedTGNN-SS,0.9637576845563703,0.9495980533131704,0.9051094890510949,0.8932714617169374,0.8435374149659864,0.9367396593673966,0.8732394366197183,0.8938643738918068,0.0849909782409668,-1.2382196134941748,0.30073057941648634,0.07923731516571123,0.2425508201122284,248,385,46,26,28.18682885169983,13406320.0,1863.0,0.6109936481144228,1080,22,216,4,259,131,52,26,335,94,67,19,55,24,11,5,668,662,133,132,,,,,,,,,,,,,2397,423,705,479
clients,gdm_early,5,0.8,S=5,0.5,1,1,3027,FedAvg-LR,0.981802631801785,0.9671456097860889,0.9781021897810219,0.9535962877030162,0.9305555555555556,0.9856115107913669,0.9537366548042705,0.96153813872289,0.04632926732301712,1.0500291153438417,0.9199087029480154,0.043183196579099546,0.09300307184457779,268,411,20,6,1.03076171875,36880.0,,0.47883000932794384,1080,22,216,4,259,131,52,26,335,94,67,19,55,24,11,5,668,662,133,132,,,,,,,,,,,,,2397,423,705,479
clients,gdm_early,5,0.8,S=5,0.5,1,1,3027,FedProx-LR,0.9822260233373415,0.9677288511829338,0.9708029197080292,0.9675174013921114,0.95,0.9811764705882353,0.9602888086642599,0.9672939370424103,0.045800238847732544,1.0898295177577784,0.9168745741977771,0.04396596703123538,0.13812333345413208,266,417,14,8,1.6259801387786865,36880.0,,,1080,22,216,4,259,131,52,26,335,94,67,19,55,24,11,5,668,662,133,132,,,,,,,,,,,,,2397,423,705,479
clients,gdm_early,5,0.8,S=5,0.5,1,1,3027,FedAvg-MLP,0.9896946500245567,0.9805632073117878,0.9890510948905109,0.9605568445475638,0.9409722222222222,0.9928057553956835,0.9644128113879004,0.9704139528637614,0.04125385731458664,0.8338780494917155,1.4231767347305166,0.062072040906823285,0.12992818653583527,271,414,17,3,0.7075192928314209,436000.0,,,1080,22,216,4,259,131,52,26,335,94,67,19,55,24,11,5,668,662,133,132,,,,,,,,,,,,,2397,423,705,479
clients,gdm_early,5,0.8,S=5,0.5,1,1,3027,FedEns-RF,0.9919047538401612,0.9824038191714637,0.9927007299270073,0.9489559164733179,0.9251700680272109,0.9951338199513382,0.9577464788732394,0.9646214579639356,0.07632311778973386,-0.3158329282228337,4.21108632040901,0.21722687632330948,0.4250939457202505,272,409,22,2,6.047518014907837,,,,1080,22,216,4,259,131,52,26,335,94,67,19,55,24,11,5,668,662,133,132,,,,,,,,,,,,,2397,423,705,479
clients,gdm_early,5,0.8,S=5,0.5,1,1,3027,FedEns-XGB,0.9954781784002574,0.9926115502266321,0.9416058394160584,0.974477958236659,0.9591078066914498,0.963302752293578,0.9502762430939227,0.959567187290906,0.11566519767836403,-0.1680438128711065,7.512926781779425,0.289566652577009,0.4414014929520561,258,420,11,16,0.9351704120635986,,,,1080,22,216,4,259,131,52,26,335,94,67,19,55,24,11,5,668,662,133,132,,,,,,,,,,,,,2397,423,705,479
clients,gdm_early,5,0.8,S=5,0.5,1,1,3027,FedEns-SVM,0.9920825782850948,0.9841244420942818,0.9927007299270073,0.9651972157772621,0.9477351916376306,0.9952153110047847,0.9696969696969697,0.9748367062854695,0.08146336817097954,0.004433192383781934,5.757313186890983,0.21486944296250174,0.47854227242572955,272,416,15,2,0.10117673873901367,,,,1080,22,216,4,259,131,52,26,335,94,67,19,55,24,11,5,668,662,133,132,,,,,,,,,,,,,2397,423,705,479
clients,gdm_early,5,0.8,S=5,0.5,1,1,3027,FedST-XGB,0.9932257354310972,0.9885486891954571,0.9890510948905109,0.951276102088167,0.928082191780822,0.9927360774818402,0.9575971731448764,0.9645805770937652,0.12220270230122661,-0.10577490547836024,7.110130780355435,0.30201685184092414,0.34072887592429846,271,410,21,3,4.030566692352295,,,,1080,22,216,4,259,131,52,26,335,94,67,19,55,24,11,5,668,662,133,132,,,,,,,,,,,,,2397,423,705,479
clients,gdm_early,5,0.8,S=5,0.5,1,1,3027,FedMatch-tab,0.9898894101309126,0.9812090467648963,0.9890510948905109,0.9605568445475638,0.9409722222222222,0.9928057553956835,0.9644128113879004,0.9704139528637614,0.04062119498848915,0.8059443433100337,1.4579081343082045,0.06270435654313851,0.13643774390220642,271,414,17,3,0.8568716049194336,436000.0,,,1080,22,216,4,259,131,52,26,335,94,67,19,55,24,11,5,668,662,133,132,,,,,,,,,,,,,2397,423,705,479
clients,gdm_early,5,0.8,S=5,0.5,1,1,3027,RSCFed-tab,0.9857486409131708,0.9711383229416486,0.9890510948905109,0.9327146171693735,0.9033333333333333,0.9925925925925926,0.9442508710801394,0.9529866795592085,0.05731247738003731,-1.0705391801735844,1.509410487878376,0.10311015396781845,0.513978123664856,271,402,29,3,0.3290081024169922,174400.0,,,1080,22,216,4,259,131,52,26,335,94,67,19,55,24,11,5,668,662,133,132,,,,,,,,,,,,,2397,423,705,479
clients,gdm_early,5,0.8,S=5,0.5,1,1,3027,FedAvg-GCN,0.99024505902078,0.9809259330885918,0.9890510948905109,0.962877030162413,0.9442508710801394,0.992822966507177,0.966131907308378,0.9718763187896424,0.025281595066189766,0.5487284719250821,1.0035161490645388,0.01771726575514949,0.07082776725292206,271,415,16,3,2.4619345664978027,436000.0,,,1080,22,216,4,259,131,52,26,335,94,67,19,55,24,11,5,668,662,133,132,,,,,,,,,,,,,2397,423,705,479
clients,gdm_early,5,0.8,S=5,0.5,1,1,3027,FedAvg-SAGE,0.9726827781258998,0.9533590474700703,0.9635036496350365,0.8584686774941995,0.8123076923076923,0.9736842105263158,0.8814691151919867,0.8969614379905679,0.06573904305696487,0.5743751536106672,0.7890479433390545,0.03585823493223664,0.14035716652870178,264,370,61,10,2.206587076187134,845600.0,,,1080,22,216,4,259,131,52,26,335,94,67,19,55,24,11,5,668,662,133,132,,,,,,,,,,,,,2397,423,705,479
clients,gdm_early,5,0.8,S=5,0.5,1,1,3027,Local-LR,0.9332480905041746,0.8977001621544637,0.9416058394160584,0.7981438515081206,0.7478260869565218,0.9555555555555556,0.8336025848142165,0.8516938334943396,0.11878851801156998,-1.841953527785594,0.5338200360694049,0.10708974829696595,0.5224413275718689,258,344,87,16,1.8250148296356201,0.0,,,1080,22,216,4,259,131,52,26,335,94,67,19,55,24,11,5,668,662,133,132,,,,,,,,,,,,,2397,423,705,479
clients,gdm_early,5,0.8,S=5,0.5,1,1,3027,Local-GCN,0.8486459938692905,0.7861577887629623,0.9197080291970803,0.6705336426914154,0.6395939086294417,0.9292604501607717,0.7544910179640718,0.766733379601982,0.23680487275123596,-0.12272124318516205,0.22600876751600565,0.23385461647037076,0.028427280485630035,252,289,142,22,2.3711891174316406,0.0,,,1080,22,216,4,259,131,52,26,335,94,67,19,55,24,11,5,668,662,133,132,,,,,,,,,,,,,2397,423,705,479
clients,gdm_early,5,0.8,S=5,0.5,1,1,3027,Local-TGNN,0.8887919792707504,0.8383323155758347,0.9635036496350365,0.728538283062645,0.6929133858267716,0.9691358024691358,0.8061068702290076,0.8189474748496032,0.19501730799674988,0.6032517506494918,0.3539366054589689,0.19850745348669321,0.023743757978081703,264,314,117,10,28.314528942108154,0.0,1879.0,0.6512992493226136,1080,22,216,4,259,131,52,26,335,94,67,19,55,24,11,5,668,662,133,132,,,,,,,,,,,,,2397,423,705,479
clients,gdm_early,5,0.8,S=5,0.5,1,1,3027,Cent-LR,0.9846224194285907,0.9704713988002607,0.9854014598540146,0.9489559164733179,0.9246575342465754,0.9903147699757869,0.9540636042402827,0.9616289585182456,0.031054416671395302,-0.26702785736823564,0.8470928996111681,0.036968578469563015,0.1595332771539688,270,409,22,4,0.5097043514251709,0.0,,,1080,22,216,4,259,131,52,26,335,94,67,19,55,24,11,5,668,662,133,132,,,,,,,,,,,,,2397,423,705,479
clients,gdm_early,5,0.8,S=5,0.5,1,1,3027,Cent-XGB,0.9971971480346165,0.9955861782607168,0.948905109489051,0.988399071925754,0.9811320754716981,0.9681818181818181,0.9647495361781077,0.9714677646447369,0.024352313950657845,-0.5325154952941832,0.7730137185911394,0.023600875669165598,0.9045858383178711,260,426,5,14,0.2134265899658203,0.0,,,1080,22,216,4,259,131,52,26,335,94,67,19,55,24,11,5,668,662,133,132,,,,,,,,,,,,,2397,423,705,479
clients,gdm_early,5,0.8,S=5,0.5,1,1,3027,Cent-GRAND,0.993132589293275,0.9881236215319599,0.9525547445255474,0.9837587006960556,0.9738805970149254,0.9702517162471396,0.9630996309963099,0.970029078170966,0.0211926456540823,-0.5736129111264964,0.8271211563189201,0.01354681627415387,0.8372941613197327,261,424,7,13,14.758726596832275,0.0,,,1080,22,216,4,259,131,52,26,335,94,67,19,55,24,11,5,668,662,133,132,,,,,,,,,,,,,2397,423,705,479
clients,gdm_early,5,0.8,S=5,0.5,1,2,3028,FedTGNN-SS,0.9841820922316121,0.9565773438565943,0.9817518248175182,0.9373549883990719,0.9087837837837838,0.9877750611246944,0.9438596491228071,0.9528822055137844,0.038099147379398346,-1.4911330845008604,0.5045011530332363,0.03159535767655845,0.2756460905075073,269,404,27,5,27.852087020874023,13406320.0,1863.0,0.5160854595214973,961,28,193,6,612,539,123,108,417,193,84,39,287,58,58,12,120,115,24,23,,,,,,,,,,,,,2397,423,705,482
clients,gdm_early,5,0.8,S=5,0.5,1,2,3028,FedAvg-LR,0.9798804342303588,0.9398301959735734,0.9854014598540146,0.9605568445475638,0.9407665505226481,0.9904306220095693,0.9625668449197861,0.9689159312938154,0.033209335058927536,-0.6401999906443537,0.7979373591171326,0.05189369334343902,0.3370099663734436,270,414,17,4,1.308180332183838,36880.0,,0.4753273888349372,961,28,193,6,612,539,123,108,417,193,84,39,287,58,58,12,120,115,24,23,,,,,,,,,,,,,2397,423,705,482
clients,gdm_early,5,0.8,S=5,0.5,1,2,3028,FedProx-LR,0.9800497908445814,0.9394440946446194,0.9781021897810219,0.962877030162413,0.9436619718309859,0.9857482185273159,0.9605734767025089,0.9673759402291887,0.033000290393829346,-0.6302741137893418,0.8076529164241356,0.05118458761391067,0.38225799798965454,268,415,16,6,1.44500732421875,36880.0,,,961,28,193,6,612,539,123,108,417,193,84,39,287,58,58,12,120,115,24,23,,,,,,,,,,,,,2397,423,705,482
clients,gdm_early,5,0.8,S=5,0.5,1,2,3028,FedAvg-MLP,0.9854522668382815,0.9581894161156586,0.9890510948905109,0.9605568445475638,0.9409722222222222,0.9928057553956835,0.9644128113879004,0.9704139528637614,0.03232777491211891,-0.20693742375199592,1.2507064091868132,0.05219442830652209,0.33042722940444946,271,414,17,3,0.642993688583374,436000.0,,,961,28,193,6,612,539,123,108,417,193,84,39,287,58,58,12,120,115,24,23,,,,,,,,,,,,,2397,423,705,482
clients,gdm_early,5,0.8,S=5,0.5,1,2,3028,FedEns-RF,0.991430555320338,0.9844612624171812,0.9927007299270073,0.9396751740139211,0.912751677852349,0.995085995085995,0.951048951048951,0.9588180316103944,0.040977567107766226,0.21144117403736648,2.3835836056877455,0.09712114122597922,0.372396265560166,272,405,26,2,5.457629203796387,,,,961,28,193,6,612,539,123,108,417,193,84,39,287,58,58,12,120,115,24,23,,,,,,,,,,,,,2397,423,705,482
clients,gdm_early,5,0.8,S=5,0.5,1,2,3028,FedEns-XGB,0.9900079597608684,0.9814277691681687,0.9817518248175182,0.9535962877030162,0.9307958477508651,0.9879807692307693,0.955595026642984,0.9630395440180681,0.058466945045955836,0.2922193974555083,3.4187544842522457,0.13842680686861478,0.461192362823937,269,411,20,5,1.0252444744110107,,,,961,28,193,6,612,539,123,108,417,193,84,39,287,58,58,12,120,115,24,23,,,,,,,,,,,,,2397,423,705,482
clients,gdm_early,5,0.8,S=5,0.5,1,2,3028,FedEns-SVM,0.9904652226192694,0.9821007005265642,1.0,0.9466357308584686,0.9225589225589226,1.0,0.9597197898423818,0.9661531011190455,0.04020009741391593,0.06245951663599045,2.428719959476009,0.09141806347384648,0.43214323586108194,274,408,23,0,0.10202622413635254,,,,961,28,193,6,612,539,123,108,417,193,84,39,287,58,58,12,120,115,24,23,,,,,,,,,,,,,2397,423,705,482
clients,gdm_early,5,0.8,S=5,0.5,1,2,3028,FedST-XGB,0.9884075397564652,0.9780333063344477,0.9744525547445255,0.9373549883990719,0.9081632653061225,0.9829683698296837,0.9401408450704225,0.9498803987822422,0.06119606317582684,0.4947404978689193,2.6708027798736445,0.13181272716417072,0.41061093399293436,267,404,27,7,5.006730079650879,,,,961,28,193,6,612,539,123,108,417,193,84,39,287,58,58,12,120,115,24,23,,,,,,,,,,,,,2397,423,705,482
clients,gdm_early,5,0.8,S=5,0.5,1,2,3028,FedMatch-tab,0.9855200094839704,0.9583061998861927,0.9890510948905109,0.9605568445475638,0.9409722222222222,0.9928057553956835,0.9644128113879004,0.9704139528637614,0.03261328488588333,-0.16197157985550295,1.2526130031850284,0.04864072261761268,0.32168468832969666,271,414,17,3,0.8732383251190186,436000.0,,,961,28,193,6,612,539,123,108,417,193,84,39,287,58,58,12,120,115,24,23,,,,,,,,,,,,,2397,423,705,482
clients,gdm_early,5,0.8,S=5,0.5,1,2,3028,RSCFed-tab,0.9851558927633919,0.9627563800355785,0.9854014598540146,0.9466357308584686,0.9215017064846417,0.9902912621359223,0.9523809523809523,0.9601762413150313,0.03900125250220299,-1.3415172143878267,0.9338095437157622,0.07101425674367459,0.4188585579395294,270,408,23,4,0.4076063632965088,174400.0,,,961,28,193,6,612,539,123,108,417,193,84,39,287,58,58,12,120,115,24,23,,,,,,,,,,,,,2397,423,705,482
clients,gdm_early,5,0.8,S=5,0.5,1,2,3028,FedAvg-GCN,0.9859010618659712,0.9601818829870874,0.9854014598540146,0.9559164733178654,0.9342560553633218,0.9903846153846154,0.9591474245115453,0.9659963804966227,0.030495211482048035,-0.7252686397061396,1.0808003641632462,0.032766750483965205,0.5309266448020935,270,412,19,4,2.646841049194336,436000.0,,,961,28,193,6,612,539,123,108,417,193,84,39,287,58,58,12,120,115,24,23,,,,,,,,,,,,,2397,423,705,482
clients,gdm_early,5,0.8,S=5,0.5,1,2,3028,FedAvg-SAGE,0.9806001998408048,0.9550026412342628,0.9525547445255474,0.9234338747099768,0.8877551020408163,0.9683698296836983,0.9190140845070423,0.93219112776421,0.04884076118469238,0.406846157907673,0.7319227336877832,0.030914895067400954,0.19284355640411377,261,398,33,13,2.1329917907714844,845600.0,,,961,28,193,6,612,539,123,108,417,193,84,39,287,58,58,12,120,115,24,23,,,,,,,,,,,,,2397,423,705,482
clients,gdm_early,5,0.8,S=5,0.5,1,2,3028,Local-LR,0.9052873134960286,0.8728238855207712,0.8722627737226277,0.8909512761020881,0.8356643356643356,0.9164677804295943,0.8535714285714285,0.8785504201680672,0.09677977114915848,-0.19785748085748994,0.46650398957188327,0.07558124329339949,0.3355710208415985,239,384,47,35,2.068899631500244,0.0,,,961,28,193,6,612,539,123,108,417,193,84,39,287,58,58,12,120,115,24,23,,,,,,,,,,,,,2397,423,705,482
clients,gdm_early,5,0.8,S=5,0.5,1,2,3028,Local-GCN,0.9348019374396667,0.906304442811082,0.8795620437956204,0.8979118329466357,0.8456140350877193,0.9214285714285714,0.8622540250447227,0.8858861194553813,0.09222850203514099,-0.06343087438364949,0.39130192061155333,0.07565598233424603,0.2794223129749298,241,387,44,33,2.550929307937622,0.0,,,961,28,193,6,612,539,123,108,417,193,84,39,287,58,58,12,120,115,24,23,,,,,,,,,,,,,2397,423,705,482
clients,gdm_early,5,0.8,S=5,0.5,1,2,3028,Local-TGNN,0.9453486205903772,0.864910060057956,0.948905109489051,0.8677494199535963,0.8201892744479495,0.9639175257731959,0.8798646362098139,0.8965867747593637,0.10557503998279572,1.037501282032673,0.3646680939302993,0.11045154412111913,0.012406151741743088,260,374,57,14,28.44352698326111,0.0,1908.0,0.535971572349254,961,28,193,6,612,539,123,108,417,193,84,39,287,58,58,12,120,115,24,23,,,,,,,,,,,,,2397,423,705,482
clients,gdm_early,5,0.8,S=5,0.5,1,2,3028,Cent-LR,0.9808584686774943,0.9341667952162644,0.9890510948905109,0.9651972157772621,0.9475524475524476,0.9928400954653938,0.9678571428571429,0.9733403361344538,0.02931942418217659,-0.7720205138970433,0.8622880839636362,0.05167908496256415,0.5290154218673706,271,416,15,3,0.3502311706542969,0.0,,,961,28,193,6,612,539,123,108,417,193,84,39,287,58,58,12,120,115,24,23,,,,,,,,,,,,,2397,423,705,482
clients,gdm_early,5,0.8,S=5,0.5,1,2,3028,Cent-XGB,0.9976374752315952,0.9963713738130671,0.9379562043795621,0.988399071925754,0.9809160305343512,0.9616252821670429,0.9589552238805971,0.9668917995833191,0.023730384185910225,-0.6471879567020864,0.7876676227420697,0.018939969360048985,0.909217894077301,257,426,5,17,0.20155930519104004,0.0,,,961,28,193,6,612,539,123,108,417,193,84,39,287,58,58,12,120,115,24,23,,,,,,,,,,,,,2397,423,705,482
clients,gdm_early,5,0.8,S=5,0.5,1,2,3028,Cent-GRAND,0.993014039663319,0.9836532727615568,0.9890510948905109,0.951276102088167,0.928082191780822,0.9927360774818402,0.9575971731448764,0.9645805770937652,0.03413020074367523,-1.707284305740177,1.0719173410634928,0.037835353111570824,0.6925548315048218,271,410,21,3,15.303926706314087,0.0,,,961,28,193,6,612,539,123,108,417,193,84,39,287,58,58,12,120,115,24,23,,,,,,,,,,,,,2397,423,705,482
clients,gdm_early,5,0.8,S=5,0.5,1,3,3029,FedTGNN-SS,0.9839788583509513,0.9729811757895882,0.9781818181818182,0.958139534883721,0.9372822299651568,0.9856459330143541,0.9572953736654805,0.9644967434365138,0.046516790986061096,3.8566814725211436,0.39885927603477567,0.05301826545763892,0.0016006258083507419,269,412,18,6,27.78138017654419,13406320.0,1755.0,0.5420227541371159,93,14,19,3,689,501,138,100,141,112,28,22,1148,18,230,4,326,287,65,57,,,,,,,,,,,,,2397,423,705,480
clients,gdm_early,5,0.8,S=5,0.5,1,3,3029,FedAvg-LR,0.9701479915433404,0.9638074149512736,0.9054545454545454,0.9767441860465116,0.9613899613899614,0.9417040358744395,0.9325842696629213,0.9457441896259812,0.05453595146536827,0.48499959889659894,1.2100000510530289,0.048677233342371944,0.3114137351512909,249,420,10,26,1.1935679912567139,36880.0,,0.4966119976359338,93,14,19,3,689,501,138,100,141,112,28,22,1148,18,230,4,326,287,65,57,,,,,,,,,,,,,2397,423,705,480
clients,gdm_early,5,0.8,S=5,0.5,1,3,3029,FedProx-LR,0.9702241014799154,0.9640846607444619,0.9054545454545454,0.9744186046511628,0.9576923076923077,0.9415730337078652,0.930841121495327,0.9442777036048065,0.054257407784461975,0.4830653239112284,1.2110387546755932,0.04886566496698569,0.30011916160583496,249,419,11,26,1.5667073726654053,36880.0,,,93,14,19,3,689,501,138,100,141,112,28,22,1148,18,230,4,326,287,65,57,,,,,,,,,,,,,2397,423,705,480
clients,gdm_early,5,0.8,S=5,0.5,1,3,3029,FedAvg-MLP,0.9851162790697675,0.9798052705297715,0.9345454545454546,0.9720930232558139,0.9553903345724907,0.9587155963302753,0.9448529411764706,0.9551054544219535,0.05156129226088524,0.6238166135229156,1.8299948740174743,0.08556041119369209,0.3449065685272217,257,418,12,18,0.8274295330047607,436000.0,,,93,14,19,3,689,501,138,100,141,112,28,22,1148,18,230,4,326,287,65,57,,,,,,,,,,,,,2397,423,705,480
clients,gdm_early,5,0.8,S=5,0.5,1,3,3029,FedEns-RF,0.9924566596194503,0.9878175368610144,0.9963636363636363,0.9534883720930233,0.9319727891156463,0.9975669099756691,0.9630931458699473,0.9690614361929999,0.05094970045726828,0.6140751964633455,2.4921626427046877,0.12745950059101652,0.20402083333333332,274,410,20,1,5.349639892578125,,,,93,14,19,3,689,501,138,100,141,112,28,22,1148,18,230,4,326,287,65,57,,,,,,,,,,,,,2397,423,705,480
clients,gdm_early,5,0.8,S=5,0.5,1,3,3029,FedEns-XGB,0.9844312896405919,0.9763423658857672,0.9781818181818182,0.9558139534883721,0.9340277777777778,0.9856115107913669,0.955595026642984,0.9630395440180681,0.08634665023747351,0.6351168813318551,3.2542892085522013,0.18634542090448986,0.384790018084459,269,411,19,6,1.1045122146606445,,,,93,14,19,3,689,501,138,100,141,112,28,22,1148,18,230,4,326,287,65,57,,,,,,,,,,,,,2397,423,705,480
clients,gdm_early,5,0.8,S=5,0.5,1,3,3029,FedEns-SVM,0.993446088794926,0.9873743864738935,0.9745454545454545,0.9744186046511628,0.9605734767025089,0.9835680751173709,0.9675090252707581,0.9732404939437902,0.08689457497269962,0.8058561099987346,4.09150648616502,0.198126088743902,0.44940848774155173,268,419,11,7,0.13114714622497559,,,,93,14,19,3,689,501,138,100,141,112,28,22,1148,18,230,4,326,287,65,57,,,,,,,,,,,,,2397,423,705,480
clients,gdm_early,5,0.8,S=5,0.5,1,3,3029,FedST-XGB,0.9863509513742071,0.9813995695200272,0.9818181818181818,0.9534883720930233,0.9310344827586207,0.9879518072289156,0.9557522123893806,0.9630832067864062,0.07440466184876603,0.6555986040443859,2.9428631779535768,0.1605976918659703,0.2453260203192864,270,410,20,5,5.504876375198364,,,,93,14,19,3,689,501,138,100,141,112,28,22,1148,18,230,4,326,287,65,57,,,,,,,,,,,,,2397,423,705,480
clients,gdm_early,5,0.8,S=5,0.5,1,3,3029,FedMatch-tab,0.9848710359408034,0.979600085816484,0.9309090909090909,0.9744186046511628,0.9588014981273408,0.95662100456621,0.9446494464944649,0.955043617256449,0.05240475386381149,0.6408721241271049,1.8181035405761323,0.08557837905613243,0.353375107049942,256,419,11,19,1.0741386413574219,436000.0,,,93,14,19,3,689,501,138,100,141,112,28,22,1148,18,230,4,326,287,65,57,,,,,,,,,,,,,2397,423,705,480
clients,gdm_early,5,0.8,S=5,0.5,1,3,3029,RSCFed-tab,0.9842959830866808,0.9764413742027047,0.9745454545454545,0.9720930232558139,0.9571428571428572,0.9835294117647059,0.9657657657657658,0.9717717717717718,0.045269548892974854,-1.5569850018604678,1.1860563016840004,0.08518980506094212,0.6613897085189819,268,418,12,7,0.44499993324279785,174400.0,,,93,14,19,3,689,501,138,100,141,112,28,22,1148,18,230,4,326,287,65,57,,,,,,,,,,,,,2397,423,705,480
clients,gdm_early,5,0.8,S=5,0.5,1,3,3029,FedAvg-GCN,0.9824270613107823,0.9791257674326623,0.9745454545454545,0.9720930232558139,0.9571428571428572,0.9835294117647059,0.9657657657657658,0.9717717717717718,0.036776263266801834,0.7370443227260748,1.2630277135592471,0.045545576280313166,0.1659170538187027,268,418,12,7,2.9158554077148438,436000.0,,,93,14,19,3,689,501,138,100,141,112,28,22,1148,18,230,4,326,287,65,57,,,,,,,,,,,,,2397,423,705,480
clients,gdm_early,5,0.8,S=5,0.5,1,3,3029,FedAvg-SAGE,0.9830190274841437,0.978553006098311,0.8872727272727273,0.9837209302325581,0.9721115537848606,0.9317180616740088,0.9277566539923955,0.9423851143265145,0.07036451250314713,2.264982110121633,1.0036717480134778,0.08282921845291523,0.179673969745636,244,423,7,31,2.470653533935547,845600.0,,,93,14,19,3,689,501,138,100,141,112,28,22,1148,18,230,4,326,287,65,57,,,,,,,,,,,,,2397,423,705,480
clients,gdm_early,5,0.8,S=5,0.5,1,3,3029,Local-LR,0.8922790697674419,0.8979852508428969,0.8545454545454545,0.9162790697674419,0.8671586715867159,0.9078341013824884,0.8608058608058609,0.886421448921449,0.09294206649065018,0.8004619428673327,0.47340841564772324,0.05426698949003052,0.25098031759262085,235,394,36,40,2.0164074897766113,0.0,,,93,14,19,3,689,501,138,100,141,112,28,22,1148,18,230,4,326,287,65,57,,,,,,,,,,,,,2397,423,705,480
clients,gdm_early,5,0.8,S=5,0.5,1,3,3029,Local-GCN,0.8798224101479916,0.8519278292739977,0.8909090909090909,0.7069767441860465,0.660377358490566,0.9101796407185628,0.7585139318885449,0.777162725106576,0.18344604969024658,2.6156226843537236,0.33798995503366325,0.18236546170838333,0.008902753703296185,245,304,126,30,2.5316810607910156,0.0,,,93,14,19,3,689,501,138,100,141,112,28,22,1148,18,230,4,326,287,65,57,,,,,,,,,,,,,2397,423,705,480
clients,gdm_early,5,0.8,S=5,0.5,1,3,3029,Local-TGNN,0.9045158562367863,0.8956511361238172,0.8,0.9325581395348838,0.8835341365461847,0.8793859649122807,0.8396946564885496,0.8724432650388572,0.17176775634288788,3.4994524428739697,0.3658781167545411,0.17889205738373679,0.023334698751568794,220,401,29,55,28.670599937438965,0.0,1888.0,0.577630023640662,93,14,19,3,689,501,138,100,141,112,28,22,1148,18,230,4,326,287,65,57,,,,,,,,,,,,,2397,423,705,480
clients,gdm_early,5,0.8,S=5,0.5,1,3,3029,Cent-LR,0.9750697674418605,0.9711304121097568,0.9454545454545454,0.9790697674418605,0.966542750929368,0.9655963302752294,0.9558823529411765,0.9640843635375629,0.034853942692279816,-0.05074217310259101,1.03764352650901,0.04220676332817855,0.5155332088470459,260,421,9,15,0.4748249053955078,0.0,,,93,14,19,3,689,501,138,100,141,112,28,22,1148,18,230,4,326,287,65,57,,,,,,,,,,,,,2397,423,705,480
clients,gdm_early,5,0.8,S=5,0.5,1,3,3029,Cent-XGB,0.994663847780127,0.9932658629015669,0.9890909090909091,0.9534883720930233,0.9315068493150684,0.9927360774818402,0.9594356261022927,0.9660760574165081,0.027803443372249603,-0.13275401267203837,0.7019135204805936,0.024294936536408365,0.013935317285358906,272,410,20,3,0.21004271507263184,0.0,,,93,14,19,3,689,501,138,100,141,112,28,22,1148,18,230,4,326,287,65,57,,,,,,,,,,,,,2397,423,705,480
clients,gdm_early,5,0.8,S=5,0.5,1,3,3029,Cent-GRAND,0.98630866807611,0.9803221529829866,0.9309090909090909,0.9883720930232558,0.9808429118773946,0.9572072072072072,0.9552238805970149,0.9638819631818026,0.02600991539657116,0.8948365058264169,0.7677549222814354,0.02007003286523175,0.8333279490470886,256,425,5,19,14.911305904388428,0.0,,,93,14,19,3,689,501,138,100,141,112,28,22,1148,18,230,4,326,287,65,57,,,,,,,,,,,,,2397,423,705,480
clients,gdm_early,5,0.8,S=5,0.5,1,4,3030,FedTGNN-SS,0.9605877378435518,0.9399196548110279,0.8363636363636363,0.9604651162790697,0.9311740890688259,0.9017467248908297,0.8812260536398467,0.9057031169100135,0.07680989801883698,0.8857064445756204,0.3749736432751535,0.0665144456827894,0.5241919159889221,230,413,17,45,27.461962461471558,13406320.0,1838.0,0.6232695183523593,683,676,136,135,862,66,172,13,547,9,110,2,46,15,9,3,259,166,52,33,,,,,,,,,,,,,2397,423,705,479
clients,gdm_early,5,0.8,S=5,0.5,1,4,3030,FedAvg-LR,0.9747653276955602,0.936323400581677,0.9563636363636364,0.9255813953488372,0.8915254237288136,0.9707317073170731,0.9228070175438596,0.9352130325814536,0.065667062997818,1.818539028257442,0.6387146546168163,0.0577510820952713,0.026853768154978752,263,398,32,12,1.0142219066619873,36880.0,,0.4760641999437363,683,676,136,135,862,66,172,13,547,9,110,2,46,15,9,3,259,166,52,33,,,,,,,,,,,,,2397,423,705,479
clients,gdm_early,5,0.8,S=5,0.5,1,4,3030,FedProx-LR,0.9750486257928118,0.9364270133188444,0.9418181818181818,0.9418604651162791,0.9119718309859155,0.9619952494061758,0.9266547406082289,0.9392380636061122,0.06396251916885376,1.7175890175856294,0.6369119296580901,0.05839509574022698,0.045304782688617706,259,405,25,16,1.5563876628875732,36880.0,,,683,676,136,135,862,66,172,13,547,9,110,2,46,15,9,3,259,166,52,33,,,,,,,,,,,,,2397,423,705,479
clients,gdm_early,5,0.8,S=5,0.5,1,4,3030,FedAvg-MLP,0.978139534883721,0.9659347519413641,0.9454545454545454,0.9674418604651163,0.948905109489051,0.9651972157772621,0.9471766848816029,0.9567474597462602,0.052009906619787216,0.829190168343706,0.940280876661721,0.038925239335454956,0.162465900182724,260,416,14,15,0.8018040657043457,436000.0,,,683,676,136,135,862,66,172,13,547,9,110,2,46,15,9,3,259,166,52,33,,,,,,,,,,,,,2397,423,705,479
clients,gdm_early,5,0.8,S=5,0.5,1,4,3030,FedEns-RF,0.9882959830866808,0.9773352589722424,0.9781818181818182,0.9627906976744186,0.9438596491228071,0.9857142857142858,0.9607142857142857,0.9674159663865547,0.07418157603118106,-0.35292514479818415,3.298652426553755,0.2047979685811161,0.40320459290187893,269,414,16,6,5.201476097106934,,,,683,676,136,135,862,66,172,13,547,9,110,2,46,15,9,3,259,166,52,33,,,,,,,,,,,,,2397,423,705,479
clients,gdm_early,5,0.8,S=5,0.5,1,4,3030,FedEns-XGB,0.9856786469344608,0.969157688220556,0.9636363636363636,0.9627906976744186,0.9430604982206405,0.9764150943396226,0.9532374100719424,0.961396222600374,0.11824634131373533,-0.23721356842863708,4.720459461609113,0.26524381518038376,0.3822713375387087,265,414,16,10,1.2177748680114746,,,,683,676,136,135,862,66,172,13,547,9,110,2,46,15,9,3,259,166,52,33,,,,,,,,,,,,,2397,423,705,479
clients,gdm_early,5,0.8,S=5,0.5,1,4,3030,FedEns-SVM,0.9899027484143763,0.9819867809727607,0.9927272727272727,0.9558139534883721,0.934931506849315,0.9951573849878934,0.9629629629629629,0.9690259654672466,0.10326134415007851,-0.19726754135899693,4.448460215608918,0.24824749854798273,0.32947782446801793,273,411,19,2,0.12155795097351074,,,,683,676,136,135,862,66,172,13,547,9,110,2,46,15,9,3,259,166,52,33,,,,,,,,,,,,,2397,423,705,479
clients,gdm_early,5,0.8,S=5,0.5,1,4,3030,FedST-XGB,0.9832896405919661,0.9601737503010324,0.9636363636363636,0.9651162790697675,0.9464285714285714,0.9764705882352941,0.954954954954955,0.9628575944365418,0.11412586160233192,-0.2361434886162519,4.851073238630853,0.28302171174129276,0.39724289698794574,265,415,15,10,4.13424277305603,,,,683,676,136,135,862,66,172,13,547,9,110,2,46,15,9,3,259,166,52,33,,,,,,,,,,,,,2397,423,705,479
clients,gdm_early,5,0.8,S=5,0.5,1,4,3030,FedMatch-tab,0.9798224101479915,0.9673106781634553,0.9454545454545454,0.9674418604651163,0.948905109489051,0.9651972157772621,0.9471766848816029,0.9567474597462602,0.05109298229217529,0.7534762899239645,0.9786250953051614,0.0383951540798583,0.1898050308227539,260,416,14,15,1.0623741149902344,436000.0,,,683,676,136,135,862,66,172,13,547,9,110,2,46,15,9,3,259,166,52,33,,,,,,,,,,,,,2397,423,705,479
clients,gdm_early,5,0.8,S=5,0.5,1,4,3030,RSCFed-tab,0.972093023255814,0.9632309228063871,0.9381818181818182,0.9674418604651163,0.9485294117647058,0.9607390300230947,0.943327239488117,0.9537030171948118,0.06561511009931564,1.6585675280544798,1.0168850308686774,0.08413592600230631,0.14126692712306976,258,416,14,17,0.44718027114868164,174400.0,,,683,676,136,135,862,66,172,13,547,9,110,2,46,15,9,3,259,166,52,33,,,,,,,,,,,,,2397,423,705,479
clients,gdm_early,5,0.8,S=5,0.5,1,4,3030,FedAvg-GCN,0.9876025369978858,0.9704013707354155,0.9527272727272728,0.9697674418604652,0.9527272727272728,0.9697674418604652,0.9527272727272728,0.9612473572938689,0.03923121467232704,0.9076080489436047,0.7733843948691717,0.031654274805799035,0.20334474742412567,262,417,13,13,2.159121513366699,436000.0,,,683,676,136,135,862,66,172,13,547,9,110,2,46,15,9,3,259,166,52,33,,,,,,,,,,,,,2397,423,705,479
clients,gdm_early,5,0.8,S=5,0.5,1,4,3030,FedAvg-SAGE,0.9656913319238901,0.9398846640154155,0.8945454545454545,0.9023255813953488,0.8541666666666666,0.9304556354916067,0.8738898756660746,0.8950323050113136,0.07377103716135025,0.99021333609746,0.6171994988264878,0.05992477245047582,0.16680864989757538,246,388,42,29,2.129767894744873,845600.0,,,683,676,136,135,862,66,172,13,547,9,110,2,46,15,9,3,259,166,52,33,,,,,,,,,,,,,2397,423,705,479
clients,gdm_early,5,0.8,S=5,0.5,1,4,3030,Local-LR,0.8799746300211416,0.8419561226157563,0.6763636363636364,0.9279069767441861,0.8571428571428571,0.8176229508196722,0.7560975609756098,0.8126893033636219,0.1706675887107849,-1.018900086812131,0.38206806717485975,0.15905830858288503,0.9275076389312744,186,399,31,89,2.290553092956543,0.0,,,683,676,136,135,862,66,172,13,547,9,110,2,46,15,9,3,259,166,52,33,,,,,,,,,,,,,2397,423,705,479
clients,gdm_early,5,0.8,S=5,0.5,1,4,3030,Local-GCN,0.8488287526427061,0.8175043382403856,0.5381818181818182,0.9627906976744186,0.9024390243902439,0.7652495378927912,0.6742596810933941,0.7634944131522583,0.21006029844284058,-1.2890796651929253,0.23099477058541631,0.21170746051435563,0.9742147922515869,148,414,16,127,2.193225860595703,0.0,,,683,676,136,135,862,66,172,13,547,9,110,2,46,15,9,3,259,166,52,33,,,,,,,,,,,,,2397,423,705,479
clients,gdm_early,5,0.8,S=5,0.5,1,4,3030,Local-TGNN,0.8413276955602537,0.7700184435329989,0.9272727272727272,0.6581395348837209,0.6343283582089553,0.933993399339934,0.7533234859675036,0.7627463268855253,0.25618094205856323,-2.6865570948574007,0.2378291441547868,0.26031128600147285,0.017951879650354385,255,283,147,20,27.557204723358154,0.0,1899.0,0.6391862479456314,683,676,136,135,862,66,172,13,547,9,110,2,46,15,9,3,259,166,52,33,,,,,,,,,,,,,2397,423,705,479
clients,gdm_early,5,0.8,S=5,0.5,1,4,3030,Cent-LR,0.9824016913319239,0.9594155277412835,0.9818181818181818,0.9558139534883721,0.9342560553633218,0.9879807692307693,0.9574468085106383,0.9645390070921986,0.03367310017347336,-0.10682541062412042,0.8396556554746505,0.03239171529809635,0.2371944785118103,270,411,19,5,0.39583373069763184,0.0,,,683,676,136,135,862,66,172,13,547,9,110,2,46,15,9,3,259,166,52,33,,,,,,,,,,,,,2397,423,705,479
clients,gdm_early,5,0.8,S=5,0.5,1,4,3030,Cent-XGB,0.9940126849894293,0.9934152166799662,0.9781818181818182,0.9813953488372092,0.9711191335740073,0.985981308411215,0.9746376811594203,0.9791603324212019,0.018234850838780403,-0.20461583093270685,0.7698635109079127,0.015731393011016025,0.5019422173500061,269,422,8,6,0.19972729682922363,0.0,,,683,676,136,135,862,66,172,13,547,9,110,2,46,15,9,3,259,166,52,33,,,,,,,,,,,,,2397,423,705,479
clients,gdm_early,5,0.8,S=5,0.5,1,4,3030,Cent-GRAND,0.9896744186046511,0.9641463995879316,0.9818181818181818,0.9720930232558139,0.9574468085106383,0.9881796690307328,0.9694793536804309,0.9747748468284921,0.0219441968947649,-0.5118165035441589,0.7671106923552623,0.015976051743148915,0.5073090195655823,270,418,12,5,15.58509874343872,0.0,,,683,676,136,135,862,66,172,13,547,9,110,2,46,15,9,3,259,166,52,33,,,,,,,,,,,,,2397,423,705,479
clients,gdm_early,5,0.8,S=5,0.5,2,0,4026,FedTGNN-SS,0.9878571307602418,0.9797191153603865,0.9562043795620438,0.9721577726218097,0.9562043795620438,0.9721577726218097,0.9562043795620438,0.9641810760919267,0.030309729278087616,-2.091052748502301,0.3500893163600857,0.030701808323621307,0.8503864407539368,262,419,12,12,26.591521739959717,13406320.0,1821.0,0.48946049158815114,79,48,16,10,638,383,128,77,772,84,155,17,734,260,147,52,174,158,35,32,,,,,,,,,,,,,2397,423,705,481
clients,gdm_early,5,0.8,S=5,0.5,2,0,4026,FedAvg-LR,0.9758582146425728,0.9634334241225052,0.9598540145985401,0.9698375870069605,0.9528985507246377,0.9743589743589743,0.9563636363636364,0.9642283298097252,0.035646237432956696,-0.08992907753929046,0.9481034044332755,0.03300755201502051,0.4177955090999603,263,418,13,11,1.2477633953094482,36880.0,,0.4913065274767403,79,48,16,10,638,383,128,77,772,84,155,17,734,260,147,52,174,158,35,32,,,,,,,,,,,,,2397,423,705,481
clients,gdm_early,5,0.8,S=5,0.5,2,0,4026,FedProx-LR,0.9759513607803953,0.9635329506448628,0.9598540145985401,0.9698375870069605,0.9528985507246377,0.9743589743589743,0.9563636363636364,0.9642283298097252,0.03580052778124809,-0.11349630832589892,0.9585009257866792,0.03375778885967765,0.4296870231628418,263,418,13,11,1.5439293384552002,36880.0,,,79,48,16,10,638,383,128,77,772,84,155,17,734,260,147,52,174,158,35,32,,,,,,,,,,,,,2397,423,705,481
clients,gdm_early,5,0.8,S=5,0.5,2,0,4026,FedAvg-MLP,0.9826155435500534,0.9672351792777111,0.9744525547445255,0.9675174013921114,0.9501779359430605,0.9834905660377359,0.9621621621621622,0.9688003793266952,0.028467219322919846,0.4618392645713114,0.9880698859118252,0.019897971628564052,0.24869512021541595,267,417,14,7,0.6154942512512207,436000.0,,,79,48,16,10,638,383,128,77,772,84,155,17,734,260,147,52,174,158,35,32,,,,,,,,,,,,,2397,423,705,481
clients,gdm_early,5,0.8,S=5,0.5,2,0,4026,FedEns-RF,0.9935051738445645,0.9892338247411702,0.9927007299270073,0.9419953596287703,0.9158249158249159,0.9950980392156863,0.9527145359019265,0.9602666839223577,0.02991217801347628,-0.21268960711598905,1.9085279566779365,0.060260774686306556,0.34774428274428276,272,406,25,2,5.562573671340942,,,,79,48,16,10,638,383,128,77,772,84,155,17,734,260,147,52,174,158,35,32,,,,,,,,,,,,,2397,423,705,481
clients,gdm_early,5,0.8,S=5,0.5,2,0,4026,FedEns-XGB,0.9921249174386506,0.9887917305119001,0.9927007299270073,0.9419953596287703,0.9158249158249159,0.9950980392156863,0.9527145359019265,0.9602666839223577,0.029687862177231825,-0.31403126457051117,1.790049094444483,0.06068960546188744,0.26514725888577795,272,406,25,2,0.9055483341217041,,,,79,48,16,10,638,383,128,77,772,84,155,17,734,260,147,52,174,158,35,32,,,,,,,,,,,,,2397,423,705,481
clients,gdm_early,5,0.8,S=5,0.5,2,0,4026,FedEns-SVM,0.9938100157501651,0.9869077595363411,0.9963503649635036,0.9535962877030162,0.931740614334471,0.9975728155339806,0.9629629629629629,0.9690259654672466,0.02834671825757078,-0.03830805504626338,2.1393453895673913,0.07261914708368505,0.22172648713925522,273,411,20,1,0.11411452293395996,,,,79,48,16,10,638,383,128,77,772,84,155,17,734,260,147,52,174,158,35,32,,,,,,,,,,,,,2397,423,705,481
clients,gdm_early,5,0.8,S=5,0.5,2,0,4026,FedST-XGB,0.9904821582806916,0.9854811596710287,0.9744525547445255,0.9466357308584686,0.9206896551724137,0.983132530120482,0.9468085106382979,0.9556737588652482,0.03321788272817298,-0.5669271206960829,1.3974801956222491,0.062266416497374306,0.470893229783625,267,408,23,7,6.579636335372925,,,,79,48,16,10,638,383,128,77,772,84,155,17,734,260,147,52,174,158,35,32,,,,,,,,,,,,,2397,423,705,481
clients,gdm_early,5,0.8,S=5,0.5,2,0,4026,FedMatch-tab,0.9826917540264535,0.9678950834359116,0.9744525547445255,0.9675174013921114,0.9501779359430605,0.9834905660377359,0.9621621621621622,0.9688003793266952,0.028438841924071312,0.4824329294643176,0.9922708480663327,0.018224818822234222,0.20177309215068817,267,417,14,7,1.2415812015533447,436000.0,,,79,48,16,10,638,383,128,77,772,84,155,17,734,260,147,52,174,158,35,32,,,,,,,,,,,,,2397,423,705,481
clients,gdm_early,5,0.8,S=5,0.5,2,0,4026,RSCFed-tab,0.9831405490541433,0.9661235964189056,0.9744525547445255,0.9651972157772621,0.9468085106382979,0.983451536643026,0.960431654676259,0.9673352652772396,0.04235902428627014,1.238891896011766,1.0503100396015832,0.04922418559353192,0.11960500478744507,267,416,15,7,0.36779260635375977,174400.0,,,79,48,16,10,638,383,128,77,772,84,155,17,734,260,147,52,174,158,35,32,,,,,,,,,,,,,2397,423,705,481
clients,gdm_early,5,0.8,S=5,0.5,2,0,4026,FedAvg-GCN,0.9805578606872491,0.9639804402348906,0.9562043795620438,0.974477958236659,0.9597069597069597,0.9722222222222222,0.9579524680073126,0.9656506256606667,0.026897035539150238,0.2765018033995594,0.8034287079249592,0.017337886022126416,0.589042067527771,262,420,11,12,2.5426130294799805,436000.0,,,79,48,16,10,638,383,128,77,772,84,155,17,734,260,147,52,174,158,35,32,,,,,,,,,,,,,2397,423,705,481
clients,gdm_early,5,0.8,S=5,0.5,2,0,4026,FedAvg-SAGE,0.9760191034260843,0.9631614107960474,0.9562043795620438,0.9721577726218097,0.9562043795620438,0.9721577726218097,0.9562043795620438,0.9641810760919267,0.034711066633462906,0.6968660325960578,0.6201045760080957,0.029537321314057143,0.32528313994407654,262,419,12,12,1.9250214099884033,845600.0,,,79,48,16,10,638,383,128,77,772,84,155,17,734,260,147,52,174,158,35,32,,,,,,,,,,,,,2397,423,705,481
clients,gdm_early,5,0.8,S=5,0.5,2,0,4026,Local-LR,0.9650193913323285,0.9545723572621634,0.9197080291970803,0.9443155452436195,0.9130434782608695,0.9487179487179487,0.9163636363636364,0.9314376321353066,0.05494082719087601,-0.08691068583421255,0.8897890020226752,0.01888317324696702,0.3596343696117401,252,407,24,22,2.259330987930298,0.0,,,79,48,16,10,638,383,128,77,772,84,155,17,734,260,147,52,174,158,35,32,,,,,,,,,,,,,2397,423,705,481
clients,gdm_early,5,0.8,S=5,0.5,2,0,4026,Local-GCN,0.9631988077294359,0.945036947974554,0.8795620437956204,0.9698375870069605,0.9488188976377953,0.926829268292683,0.9128787878787878,0.930362296433725,0.053410835564136505,0.37262227541555176,0.5790893770384496,0.030821908973421592,0.6605148911476135,241,418,13,33,2.5469486713409424,0.0,,,79,48,16,10,638,383,128,77,772,84,155,17,734,260,147,52,174,158,35,32,,,,,,,,,,,,,2397,423,705,481
clients,gdm_early,5,0.8,S=5,0.5,2,0,4026,Local-TGNN,0.9787965518993345,0.9728197961986488,0.927007299270073,0.9582366589327146,0.9338235294117647,0.953810623556582,0.9304029304029304,0.9432107244607244,0.04509850963950157,-0.013284347509725581,0.5146614456959318,0.039405645799975034,0.5510704517364502,254,413,18,20,27.381577253341675,0.0,1901.0,0.505862490968874,79,48,16,10,638,383,128,77,772,84,155,17,734,260,147,52,174,158,35,32,,,,,,,,,,,,,2397,423,705,481
clients,gdm_early,5,0.8,S=5,0.5,2,0,4026,Cent-LR,0.9767896760207969,0.9695779125309552,0.9635036496350365,0.974477958236659,0.96,0.9767441860465116,0.9617486338797814,0.9686791949886712,0.03393741324543953,-0.04261706809799785,0.9559422038621916,0.030035439189127152,0.34989693760871887,264,420,11,10,0.4025568962097168,0.0,,,79,48,16,10,638,383,128,77,772,84,155,17,734,260,147,52,174,158,35,32,,,,,,,,,,,,,2397,423,705,481
clients,gdm_early,5,0.8,S=5,0.5,2,0,4026,Cent-XGB,0.9929886361711856,0.989514290956295,0.9854014598540146,0.9559164733178654,0.9342560553633218,0.9903846153846154,0.9591474245115453,0.9659963804966227,0.02618100866675377,-0.49765376892362706,0.7002435444498385,0.023287868828360814,0.12659196555614471,270,412,19,4,0.242689847946167,0.0,,,79,48,16,10,638,383,128,77,772,84,155,17,734,260,147,52,174,158,35,32,,,,,,,,,,,,,2397,423,705,481
clients,gdm_early,5,0.8,S=5,0.5,2,0,4026,Cent-GRAND,0.9864684065236168,0.970124524370604,0.9781021897810219,0.9605568445475638,0.9403508771929825,0.9857142857142858,0.9588550983899821,0.9659140356814775,0.024778341874480247,-0.01624096851274931,0.7834078607376631,0.01646269669901606,0.18194785714149475,268,414,17,6,14.268042087554932,0.0,,,79,48,16,10,638,383,128,77,772,84,155,17,734,260,147,52,174,158,35,32,,,,,,,,,,,,,2397,423,705,481
clients,gdm_early,5,0.8,S=5,0.5,2,1,4027,FedTGNN-SS,0.9880857621894423,0.9732025142903524,0.9963503649635036,0.9559164733178654,0.934931506849315,0.9975786924939467,0.9646643109540636,0.9704838142448042,0.02586834691464901,-2.827857042193938,0.37777811688184565,0.026194748649677503,0.01718628965318203,273,412,19,1,26.577616453170776,13406320.0,1761.0,0.5002437943262411,264,29,53,6,221,18,45,4,996,139,199,28,267,231,53,46,649,516,130,103,,,,,,,,,,,,,2397,423,705,480
clients,gdm_early,5,0.8,S=5,0.5,2,1,4027,FedAvg-LR,0.9823022338137416,0.9592549976861563,0.9708029197080292,0.9327146171693735,0.9016949152542373,0.9804878048780488,0.9349736379613357,0.9454891971019521,0.04632420092821121,0.6729229524056268,0.9052306682573542,0.04794072154513065,0.16113035380840302,266,402,29,8,1.109682559967041,36880.0,,0.5075916075650118,264,29,53,6,221,18,45,4,996,139,199,28,267,231,53,46,649,516,130,103,,,,,,,,,,,,,2397,423,705,480
clients,gdm_early,5,0.8,S=5,0.5,2,1,4027,FedProx-LR,0.9823699764594305,0.959393001085267,0.9744525547445255,0.9350348027842227,0.9050847457627119,0.9829268292682927,0.9384885764499121,0.948435726988333,0.04545862600207329,0.6427178324959727,0.9095161121286204,0.046978510261004705,0.16289657354354858,267,403,28,7,1.7265193462371826,36880.0,,,264,29,53,6,221,18,45,4,996,139,199,28,267,231,53,46,649,516,130,103,,,,,,,,,,,,,2397,423,705,480
clients,gdm_early,5,0.8,S=5,0.5,2,1,4027,FedAvg-MLP,0.9894575507646451,0.9784745497781651,1.0,0.9559164733178654,0.9351535836177475,1.0,0.9664902998236331,0.971975873517985,0.03856495022773743,0.4867477234722427,1.6171460104212914,0.07214469110712093,0.1539592742919922,274,412,19,0,0.801516056060791,436000.0,,,264,29,53,6,221,18,45,4,996,139,199,28,267,231,53,46,649,516,130,103,,,,,,,,,,,,,2397,423,705,480
clients,gdm_early,5,0.8,S=5,0.5,2,1,4027,FedEns-RF,0.9951479330025234,0.9915986061618249,0.9963503649635036,0.9489559164733179,0.9254237288135593,0.9975609756097561,0.9595782073813708,0.9661149063066188,0.026850007568551763,0.1513712491290385,2.019927992093803,0.05730657505910164,0.22126041666666665,273,409,22,1,5.6505959033966064,,,,264,29,53,6,221,18,45,4,996,139,199,28,267,231,53,46,649,516,130,103,,,,,,,,,,,,,2397,423,705,480
clients,gdm_early,5,0.8,S=5,0.5,2,1,4027,FedEns-XGB,0.9939793723643877,0.9884525183453464,0.9854014598540146,0.9582366589327146,0.9375,0.9904076738609112,0.9608540925266904,0.9674553481501377,0.03229987479605717,0.22716696513209478,2.2622777884875633,0.08273211633959401,0.40456879600945583,270,413,18,4,1.1243467330932617,,,,264,29,53,6,221,18,45,4,996,139,199,28,267,231,53,46,649,516,130,103,,,,,,,,,,,,,2397,423,705,480
clients,gdm_early,5,0.8,S=5,0.5,2,1,4027,FedEns-SVM,0.9955628567073687,0.9923869977893093,1.0,0.9535962877030162,0.9319727891156463,1.0,0.9647887323943662,0.9705178816366131,0.02551888229105209,0.24244305317447756,2.608208683461969,0.06301078306784934,0.3564062857135668,274,411,20,0,0.09779715538024902,,,,264,29,53,6,221,18,45,4,996,139,199,28,267,231,53,46,649,516,130,103,,,,,,,,,,,,,2397,423,705,480
clients,gdm_early,5,0.8,S=5,0.5,2,1,4027,FedST-XGB,0.9913035378596711,0.9816535212163234,0.9927007299270073,0.951276102088167,0.9283276450511946,0.9951456310679612,0.9594356261022927,0.9660760574165081,0.03267680388173241,0.28068542369822524,1.8581156765893663,0.07132712672369039,0.3552465016201798,272,410,21,2,7.359319686889648,,,,264,29,53,6,221,18,45,4,996,139,199,28,267,231,53,46,649,516,130,103,,,,,,,,,,,,,2397,423,705,480
clients,gdm_early,5,0.8,S=5,0.5,2,1,4027,FedMatch-tab,0.9894236794418007,0.9783658537617266,1.0,0.9559164733178654,0.9351535836177475,1.0,0.9664902998236331,0.971975873517985,0.037315916270017624,0.43779432109159494,1.5711742169783944,0.07148699597158333,0.1533461958169937,274,412,19,0,1.05790114402771,436000.0,,,264,29,53,6,221,18,45,4,996,139,199,28,267,231,53,46,649,516,130,103,,,,,,,,,,,,,2397,423,705,480
clients,gdm_early,5,0.8,S=5,0.5,2,1,4027,RSCFed-tab,0.9889664165833997,0.9775188517636224,1.0,0.9582366589327146,0.9383561643835616,1.0,0.9681978798586572,0.9734354328203239,0.03224749490618706,-1.4248056569640295,1.0575420289234074,0.07530003968916885,0.43873852491378784,274,413,18,0,0.4642927646636963,174400.0,,,264,29,53,6,221,18,45,4,996,139,199,28,267,231,53,46,649,516,130,103,,,,,,,,,,,,,2397,423,705,480
clients,gdm_early,5,0.8,S=5,0.5,2,1,4027,FedAvg-GCN,0.9883397971107761,0.9741240058572416,1.0,0.9489559164733179,0.9256756756756757,1.0,0.9614035087719298,0.9676065162907268,0.023776942864060402,-0.15432823337671725,1.1488064602253418,0.026609413963841644,0.12819235026836395,274,409,22,0,2.834388017654419,436000.0,,,264,29,53,6,221,18,45,4,996,139,199,28,267,231,53,46,649,516,130,103,,,,,,,,,,,,,2397,423,705,480
clients,gdm_early,5,0.8,S=5,0.5,2,1,4027,FedAvg-SAGE,0.9869764763662845,0.9673075927433639,0.9963503649635036,0.9466357308584686,0.9222972972972973,0.9975550122249389,0.9578947368421052,0.9646616541353383,0.03763037919998169,0.8587606298264349,0.8983116698657372,0.02881059210205862,0.03989333286881447,273,408,23,1,2.3831064701080322,845600.0,,,264,29,53,6,221,18,45,4,996,139,199,28,267,231,53,46,649,516,130,103,,,,,,,,,,,,,2397,423,705,480
clients,gdm_early,5,0.8,S=5,0.5,2,1,4027,Local-LR,0.9623943638118787,0.9561620935425023,0.948905109489051,0.9187935034802784,0.8813559322033898,0.9658536585365853,0.9138840070298769,0.9278100177836661,0.04790067672729492,-0.03847927978063048,0.8588911875991048,0.03980418444736629,0.23597662150859833,260,396,35,14,2.190387725830078,0.0,,,264,29,53,6,221,18,45,4,996,139,199,28,267,231,53,46,649,516,130,103,,,,,,,,,,,,,2397,423,705,480
clients,gdm_early,5,0.8,S=5,0.5,2,1,4027,Local-GCN,0.9617296391010551,0.9346480586696742,0.9379562043795621,0.9419953596287703,0.9113475177304965,0.9598108747044918,0.9244604316546763,0.9376400518929119,0.057948119938373566,0.9124136000421862,0.5825831981047412,0.04995917357662893,0.10519587993621826,257,406,25,17,2.253308057785034,0.0,,,264,29,53,6,221,18,45,4,996,139,199,28,267,231,53,46,649,516,130,103,,,,,,,,,,,,,2397,423,705,480
clients,gdm_early,5,0.8,S=5,0.5,2,1,4027,Local-TGNN,0.9750791742171491,0.9651131504121981,0.9525547445255474,0.9582366589327146,0.9354838709677419,0.9694835680751174,0.9439421338155516,0.953884719183155,0.05161573737859726,1.9786714615183478,0.4921612212192851,0.05166383702539117,0.03340772166848183,261,413,18,13,28.470027685165405,0.0,1904.0,0.5078398345153664,264,29,53,6,221,18,45,4,996,139,199,28,267,231,53,46,649,516,130,103,,,,,,,,,,,,,2397,423,705,480
clients,gdm_early,5,0.8,S=5,0.5,2,1,4027,Cent-LR,0.9862143716022829,0.9690899729270652,0.9854014598540146,0.9280742459396751,0.8970099667774086,0.9900990099009901,0.9391304347826087,0.948607133558969,0.03235630691051483,-0.4895046100034565,1.0880545651595743,0.0465991545653512,0.2539759874343872,270,400,31,4,0.3391540050506592,0.0,,,264,29,53,6,221,18,45,4,996,139,199,28,267,231,53,46,649,516,130,103,,,,,,,,,,,,,2397,423,705,480
clients,gdm_early,5,0.8,S=5,0.5,2,1,4027,Cent-XGB,0.9976374752315952,0.9961905133446554,1.0,0.9559164733178654,0.9351535836177475,1.0,0.9664902998236331,0.971975873517985,0.01809661090373993,-0.33439387467533355,0.9213004227562237,0.01622221311884571,0.062244437634944916,274,412,19,0,0.22613930702209473,0.0,,,264,29,53,6,221,18,45,4,996,139,199,28,267,231,53,46,649,516,130,103,,,,,,,,,,,,,2397,423,705,480
clients,gdm_early,5,0.8,S=5,0.5,2,1,4027,Cent-GRAND,0.9901942520365133,0.9691642221960196,0.9963503649635036,0.9605568445475638,0.9413793103448276,0.9975903614457832,0.9680851063829787,0.9734042553191489,0.01995418407022953,-0.6867471072469638,0.8814622847279261,0.015606059213267978,0.25117620825767517,273,414,17,1,15.544595718383789,0.0,,,264,29,53,6,221,18,45,4,996,139,199,28,267,231,53,46,649,516,130,103,,,,,,,,,,,,,2397,423,705,480
clients,gdm_early,5,0.8,S=5,0.5,2,2,4028,FedTGNN-SS,0.9829330872017206,0.9667631116933384,0.9525547445255474,0.9489559164733179,0.9222614840989399,0.9691943127962085,0.9371633752244165,0.9480658611174837,0.052146680653095245,3.5127770846219444,0.3407894827124118,0.055180544525728376,0.005806686822324991,261,409,22,13,28.779974460601807,13406320.0,1869.0,0.5240070921985815,28,12,5,2,49,11,10,2,591,12,118,2,453,355,91,71,1276,543,256,109,,,,,,,,,,,,,2397,423,705,480
clients,gdm_early,5,0.8,S=5,0.5,2,2,4028,FedAvg-LR,0.9770437109421308,0.950518083697942,0.9598540145985401,0.9605568445475638,0.9392857142857143,0.9741176470588235,0.9494584837545126,0.9583741016903404,0.03909292072057724,-0.5632692555566681,0.9581305195601842,0.06675083813462274,0.612334668636322,263,414,17,11,1.3187603950500488,36880.0,,0.485830378250591,28,12,5,2,49,11,10,2,591,12,118,2,453,355,91,71,1276,543,256,109,,,,,,,,,,,,,2397,423,705,480
clients,gdm_early,5,0.8,S=5,0.5,2,2,4028,FedProx-LR,0.9769590326350195,0.9502174240786115,0.9598540145985401,0.9605568445475638,0.9392857142857143,0.9741176470588235,0.9494584837545126,0.9583741016903404,0.03949238732457161,-0.5684286230102097,0.9527967631410769,0.06556705151889342,0.6001697182655334,263,414,17,11,1.7469556331634521,36880.0,,,28,12,5,2,49,11,10,2,591,12,118,2,453,355,91,71,1276,543,256,109,,,,,,,,,,,,,2397,423,705,480
clients,gdm_early,5,0.8,S=5,0.5,2,2,4028,FedAvg-MLP,0.9830728064084542,0.9660970725225859,0.9927007299270073,0.9535962877030162,0.9315068493150684,0.9951573849878934,0.9611307420494699,0.9675321956692847,0.026685943827033043,-0.28612101000402845,1.053382693488253,0.019586212111386003,0.28027307987213135,272,411,20,2,0.7027792930603027,436000.0,,,28,12,5,2,49,11,10,2,591,12,118,2,453,355,91,71,1276,543,256,109,,,,,,,,,,,,,2397,423,705,480
clients,gdm_early,5,0.8,S=5,0.5,2,2,4028,FedEns-RF,0.9956305993530578,0.9925412094289512,0.9744525547445255,0.9651972157772621,0.9468085106382979,0.983451536643026,0.960431654676259,0.9673352652772396,0.035185022936213305,0.5409269328802823,3.086812520921363,0.09070920508274233,0.5229479166666666,267,416,15,7,5.418348550796509,,,,28,12,5,2,49,11,10,2,591,12,118,2,453,355,91,71,1276,543,256,109,,,,,,,,,,,,,2397,423,705,480
clients,gdm_early,5,0.8,S=5,0.5,2,2,4028,FedEns-XGB,0.9962064118414145,0.9939475195759093,0.9854014598540146,0.9698375870069605,0.9540636042402827,0.990521327014218,0.9694793536804309,0.9747748468284921,0.046855617219509066,0.6799399624485291,2.9822021143647337,0.1250678540195006,0.44419675975417094,270,418,13,4,1.165224552154541,,,,28,12,5,2,49,11,10,2,591,12,118,2,453,355,91,71,1276,543,256,109,,,,,,,,,,,,,2397,423,705,480
clients,gdm_early,5,0.8,S=5,0.5,2,2,4028,FedEns-SVM,0.9962995579792369,0.9936833929196418,0.9963503649635036,0.9582366589327146,0.9381443298969072,0.9975845410628019,0.9663716814159292,0.9719432371576687,0.04483975040809919,0.505957340291571,3.217319141539862,0.12860506557027881,0.3444262855608189,273,413,18,1,0.11244392395019531,,,,28,12,5,2,49,11,10,2,591,12,118,2,453,355,91,71,1276,543,256,109,,,,,,,,,,,,,2397,423,705,480
clients,gdm_early,5,0.8,S=5,0.5,2,2,4028,FedST-XGB,0.9962064118414145,0.9942460489307835,0.9927007299270073,0.9651972157772621,0.9477351916376306,0.9952153110047847,0.9696969696969697,0.9748367062854695,0.04598206038326428,0.7277123471574238,2.7642326053751516,0.1196527409080381,0.434302559873322,272,416,15,2,3.9040050506591797,,,,28,12,5,2,49,11,10,2,591,12,118,2,453,355,91,71,1276,543,256,109,,,,,,,,,,,,,2397,423,705,480
clients,gdm_early,5,0.8,S=5,0.5,2,2,4028,FedMatch-tab,0.9836147475739665,0.9667559202095056,0.9927007299270073,0.9535962877030162,0.9315068493150684,0.9951573849878934,0.9611307420494699,0.9675321956692847,0.026678916066884995,-0.27942185267867414,1.0499217588772747,0.02096867825016908,0.21624332666397095,272,411,20,2,1.0859174728393555,436000.0,,,28,12,5,2,49,11,10,2,591,12,118,2,453,355,91,71,1276,543,256,109,,,,,,,,,,,,,2397,423,705,480
clients,gdm_early,5,0.8,S=5,0.5,2,2,4028,RSCFed-tab,0.9805917320100938,0.9558587803228616,0.9708029197080292,0.9582366589327146,0.9366197183098591,0.9809976247030879,0.953405017921147,0.9614442929981322,0.03956655040383339,0.6127199520494327,0.8962623646469303,0.038487071806815924,0.2704770863056183,266,413,18,8,0.4722323417663574,174400.0,,,28,12,5,2,49,11,10,2,591,12,118,2,453,355,91,71,1276,543,256,109,,,,,,,,,,,,,2397,423,705,480
clients,gdm_early,5,0.8,S=5,0.5,2,2,4028,FedAvg-GCN,0.9829542567784985,0.9661661652301606,0.9781021897810219,0.9582366589327146,0.9370629370629371,0.9856801909307876,0.9571428571428572,0.9644537815126051,0.027365172281861305,-0.25169411938017494,0.8852942107002343,0.014866139026398356,0.2143115997314453,268,413,18,6,2.2278101444244385,436000.0,,,28,12,5,2,49,11,10,2,591,12,118,2,453,355,91,71,1276,543,256,109,,,,,,,,,,,,,2397,423,705,480
clients,gdm_early,5,0.8,S=5,0.5,2,2,4028,FedAvg-SAGE,0.9810320592070723,0.9630510025361655,0.9379562043795621,0.9535962877030162,0.927797833935018,0.9602803738317757,0.9328493647912885,0.9448880118484964,0.060785118490457535,1.69044760108009,0.717286103961097,0.05137816488029476,0.07701122015714645,257,411,20,17,1.7955169677734375,845600.0,,,28,12,5,2,49,11,10,2,591,12,118,2,453,355,91,71,1276,543,256,109,,,,,,,,,,,,,2397,423,705,480
clients,gdm_early,5,0.8,S=5,0.5,2,2,4028,Local-LR,0.8811793994614459,0.8726336938836153,0.7883211678832117,0.9651972157772621,0.935064935064935,0.8776371308016878,0.8554455445544554,0.8873912805645205,0.09909555315971375,0.6752790273796,0.43837606710646326,0.09103742561019058,0.5519115328788757,216,416,15,58,2.277860164642334,0.0,,,28,12,5,2,49,11,10,2,591,12,118,2,453,355,91,71,1276,543,256,109,,,,,,,,,,,,,2397,423,705,480
clients,gdm_early,5,0.8,S=5,0.5,2,2,4028,Local-GCN,0.8952105949497857,0.8853083449392101,0.7737226277372263,0.9350348027842227,0.8833333333333333,0.8666666666666667,0.8249027237354085,0.86222814758199,0.11506868153810501,2.205806157113968,0.35980141548219935,0.10797931015332964,0.16246619820594788,212,403,28,62,2.270159959793091,0.0,,,28,12,5,2,49,11,10,2,591,12,118,2,453,355,91,71,1276,543,256,109,,,,,,,,,,,,,2397,423,705,480
clients,gdm_early,5,0.8,S=5,0.5,2,2,4028,Local-TGNN,0.9645705963046386,0.9464048596614852,0.8503649635036497,0.9582366589327146,0.9282868525896414,0.9096916299559471,0.8876190476190476,0.9104761904761904,0.10025421530008316,3.744223277959298,0.4266145155658541,0.10263398954684431,0.018348179757595062,233,413,18,41,27.99994921684265,0.0,1906.0,0.5159544917257682,28,12,5,2,49,11,10,2,591,12,118,2,453,355,91,71,1276,543,256,109,,,,,,,,,,,,,2397,423,705,480
clients,gdm_early,5,0.8,S=5,0.5,2,2,4028,Cent-LR,0.9776787982454656,0.9542974125825587,0.9671532846715328,0.962877030162413,0.9430604982206405,0.9787735849056604,0.954954954954955,0.9628575944365418,0.036918140947818756,-0.548306206619363,1.0223838258756508,0.06611435861452253,0.5771743655204773,265,415,16,9,0.45238375663757324,0.0,,,28,12,5,2,49,11,10,2,591,12,118,2,453,355,91,71,1276,543,256,109,,,,,,,,,,,,,2397,423,705,480
clients,gdm_early,5,0.8,S=5,0.5,2,2,4028,Cent-XGB,0.9973241654952834,0.9958412505952063,0.9671532846715328,0.9651972157772621,0.9464285714285714,0.9788235294117648,0.9566787003610109,0.9643206585917203,0.024401726201176643,-0.1498156081040043,0.7700877804328061,0.019820451567359,0.3611292839050293,265,416,15,9,0.23059630393981934,0.0,,,28,12,5,2,49,11,10,2,591,12,118,2,453,355,91,71,1276,543,256,109,,,,,,,,,,,,,2397,423,705,480
clients,gdm_early,5,0.8,S=5,0.5,2,2,4028,Cent-GRAND,0.9901011058986908,0.9874992402513564,0.9854014598540146,0.951276102088167,0.9278350515463918,0.9903381642512077,0.9557522123893806,0.9630832067864062,0.027199354022741318,-0.21795897488478083,0.8730973291472168,0.014979470465728565,0.1099981740117073,270,410,21,4,14.872071743011475,0.0,,,28,12,5,2,49,11,10,2,591,12,118,2,453,355,91,71,1276,543,256,109,,,,,,,,,,,,,2397,423,705,480
clients,gdm_early,5,0.8,S=5,0.5,2,3,4029,FedTGNN-SS,0.98876955602537,0.9813107757201,0.8945454545454545,0.9651162790697675,0.9425287356321839,0.9346846846846847,0.917910447761194,0.9337835991666382,0.0627465471625328,3.7520394344076804,0.3772045517145813,0.06437823648716437,0.06624535471200943,246,415,15,29,28.630491733551025,13406320.0,1813.0,0.5049349881796691,333,250,67,50,81,65,16,13,481,420,96,84,189,158,38,32,1313,39,263,8,,,,,,,,,,,,,2397,423,705,480
clients,gdm_early,5,0.8,S=5,0.5,2,3,4029,FedAvg-LR,0.9536659619450317,0.9382870886032788,0.8727272727272727,0.9651162790697675,0.9411764705882353,0.9222222222222223,0.9056603773584906,0.9244210977701544,0.07753542810678482,1.3957530212763476,0.7907278567850355,0.07079067182667713,0.1292029470205307,240,415,15,35,1.1778903007507324,36880.0,,0.506576536643026,333,250,67,50,81,65,16,13,481,420,96,84,189,158,38,32,1313,39,263,8,,,,,,,,,,,,,2397,423,705,480
clients,gdm_early,5,0.8,S=5,0.5,2,3,4029,FedProx-LR,0.956355179704017,0.94008418161312,0.8690909090909091,0.9651162790697675,0.9409448818897638,0.9201773835920177,0.9035916824196597,0.9228514598250399,0.07645970582962036,1.3835343907987296,0.7978758534759581,0.07008252533033807,0.1382025182247162,239,415,15,36,1.4442884922027588,36880.0,,,333,250,67,50,81,65,16,13,481,420,96,84,189,158,38,32,1313,39,263,8,,,,,,,,,,,,,2397,423,705,480
clients,gdm_early,5,0.8,S=5,0.5,2,3,4029,FedAvg-MLP,0.9730063424947145,0.9510473392870173,0.9309090909090909,0.9348837209302325,0.9014084507042254,0.9548693586698337,0.9159212880143113,0.9303460729143237,0.07068049907684326,1.2282335399949205,1.3012929665494164,0.09195303205427126,0.12316299229860306,256,402,28,19,0.6198902130126953,436000.0,,,333,250,67,50,81,65,16,13,481,420,96,84,189,158,38,32,1313,39,263,8,,,,,,,,,,,,,2397,423,705,480
clients,gdm_early,5,0.8,S=5,0.5,2,3,4029,FedEns-RF,0.9912473572938689,0.9844641217664133,0.9709090909090909,0.9534883720930233,0.9303135888501742,0.9808612440191388,0.9501779359430605,0.9585795340092661,0.050885825622260385,0.5779861530845565,2.201610335348056,0.11205220153664301,0.31126041666666665,267,410,20,8,5.038417339324951,,,,333,250,67,50,81,65,16,13,481,420,96,84,189,158,38,32,1313,39,263,8,,,,,,,,,,,,,2397,423,705,480
clients,gdm_early,5,0.8,S=5,0.5,2,3,4029,FedEns-XGB,0.9886934460887948,0.9823435960594077,0.9890909090909091,0.9511627906976744,0.9283276450511946,0.9927184466019418,0.9577464788732394,0.9646214579639356,0.07022442858767215,0.3697701223966046,3.5384597493014476,0.164885551748532,0.33463619463533784,272,409,21,3,1.0261340141296387,,,,333,250,67,50,81,65,16,13,481,420,96,84,189,158,38,32,1313,39,263,8,,,,,,,,,,,,,2397,423,705,480
clients,gdm_early,5,0.8,S=5,0.5,2,3,4029,FedEns-SVM,0.989801268498943,0.9821585789175613,0.9709090909090909,0.9511627906976744,0.9270833333333334,0.9808153477218226,0.9484902309058615,0.9571258710609591,0.08504326098767606,0.7033211208685698,3.0540486306507173,0.16326641279260243,0.25106899205433664,267,409,21,8,0.07492756843566895,,,,333,250,67,50,81,65,16,13,481,420,96,84,189,158,38,32,1313,39,263,8,,,,,,,,,,,,,2397,423,705,480
clients,gdm_early,5,0.8,S=5,0.5,2,3,4029,FedST-XGB,0.9871627906976743,0.9792925282538476,0.9854545454545455,0.9395348837209302,0.9124579124579124,0.9901960784313726,0.9475524475524476,0.9558764624397083,0.07617834079896049,0.39066841119366086,3.8950683305549014,0.1613737139011867,0.31152834636935345,271,404,26,4,5.2014875411987305,,,,333,250,67,50,81,65,16,13,481,420,96,84,189,158,38,32,1313,39,263,8,,,,,,,,,,,,,2397,423,705,480
clients,gdm_early,5,0.8,S=5,0.5,2,3,4029,FedMatch-tab,0.9737589852008457,0.9524242008683088,0.9309090909090909,0.9488372093023256,0.920863309352518,0.955503512880562,0.9258589511754068,0.9390088221454631,0.07050450891256332,1.2715859866179964,1.2802615007134275,0.09226824547170746,0.12210997939109802,256,408,22,19,0.9131884574890137,436000.0,,,333,250,67,50,81,65,16,13,481,420,96,84,189,158,38,32,1313,39,263,8,,,,,,,,,,,,,2397,423,705,480
clients,gdm_early,5,0.8,S=5,0.5,2,3,4029,RSCFed-tab,0.9749429175475688,0.9466577774253228,0.9345454545454546,0.9395348837209302,0.9081272084805654,0.957345971563981,0.921146953405018,0.9347518804583775,0.08450508862733841,1.8991261150755172,1.1365409435510283,0.12311876041827896,0.060723014175891876,257,404,26,18,0.39478015899658203,174400.0,,,333,250,67,50,81,65,16,13,481,420,96,84,189,158,38,32,1313,39,263,8,,,,,,,,,,,,,2397,423,705,480
clients,gdm_early,5,0.8,S=5,0.5,2,3,4029,FedAvg-GCN,0.986892177589852,0.9689306919069982,0.9672727272727273,0.9418604651162791,0.9140893470790378,0.9782608695652174,0.9399293286219081,0.9498224842161673,0.055606696754693985,1.4107407176204634,1.0284549229191262,0.05697395383704003,0.0631362795829773,266,405,25,9,2.7589330673217773,436000.0,,,333,250,67,50,81,65,16,13,481,420,96,84,189,158,38,32,1313,39,263,8,,,,,,,,,,,,,2397,423,705,480
clients,gdm_early,5,0.8,S=5,0.5,2,3,4029,FedAvg-SAGE,0.9853361522198731,0.9603993229571559,0.9454545454545454,0.9534883720930233,0.9285714285714286,0.9647058823529412,0.9369369369369369,0.9480006322111585,0.07309888303279877,2.7034224130540947,0.8267164217832941,0.07621785858249727,0.023236015811562538,260,410,20,15,2.1985626220703125,845600.0,,,333,250,67,50,81,65,16,13,481,420,96,84,189,158,38,32,1313,39,263,8,,,,,,,,,,,,,2397,423,705,480
clients,gdm_early,5,0.8,S=5,0.5,2,3,4029,Local-LR,0.864862579281184,0.8733056717225234,0.8109090909090909,0.9604651162790697,0.9291666666666667,0.8881720430107527,0.8660194174757282,0.8944622227043446,0.09186309576034546,0.9641026379610236,0.41824677899614693,0.07287975165015419,0.43945297598838806,223,413,17,52,2.193997621536255,0.0,,,333,250,67,50,81,65,16,13,481,420,96,84,189,158,38,32,1313,39,263,8,,,,,,,,,,,,,2397,423,705,480
clients,gdm_early,5,0.8,S=5,0.5,2,3,4029,Local-GCN,0.9070105708245244,0.8894549413157198,0.9054545454545454,0.827906976744186,0.7708978328173375,0.9319371727748691,0.8327759197324415,0.8548116051864179,0.12366897612810135,2.1318243254170444,0.3984087958569796,0.12123008812414417,0.0312928706407547,249,356,74,26,2.3516640663146973,0.0,,,333,250,67,50,81,65,16,13,481,420,96,84,189,158,38,32,1313,39,263,8,,,,,,,,,,,,,2397,423,705,480
clients,gdm_early,5,0.8,S=5,0.5,2,3,4029,Local-TGNN,0.8991627906976744,0.8812743391724626,0.8290909090909091,0.9325581395348838,0.8871595330739299,0.8950892857142857,0.8571428571428571,0.8852912463390823,0.11723107099533081,3.1940320957954946,0.4303206099230532,0.11773764156927985,0.023290079087018967,228,401,29,47,28.044981002807617,0.0,1884.0,0.5783436761229315,333,250,67,50,81,65,16,13,481,420,96,84,189,158,38,32,1313,39,263,8,,,,,,,,,,,,,2397,423,705,480
clients,gdm_early,5,0.8,S=5,0.5,2,3,4029,Cent-LR,0.9805496828752642,0.9474492870306916,0.9745454545454545,0.9697674418604652,0.9537366548042705,0.9834905660377359,0.9640287769784173,0.9703047866156723,0.036693476140499115,-0.04565620013933647,0.8599056520717888,0.04814015937612412,0.25954824686050415,268,417,13,7,0.42733240127563477,0.0,,,333,250,67,50,81,65,16,13,481,420,96,84,189,158,38,32,1313,39,263,8,,,,,,,,,,,,,2397,423,705,480
clients,gdm_early,5,0.8,S=5,0.5,2,3,4029,Cent-XGB,0.9966680761099366,0.9942765823584815,0.9854545454545455,0.958139534883721,0.9377162629757786,0.9903846153846154,0.9609929078014184,0.9674940898345153,0.024200014770030975,-0.43715772109608875,0.731307708036687,0.02218467470866147,0.05016709119081497,271,412,18,4,0.22246861457824707,0.0,,,333,250,67,50,81,65,16,13,481,420,96,84,189,158,38,32,1313,39,263,8,,,,,,,,,,,,,2397,423,705,480
clients,gdm_early,5,0.8,S=5,0.5,2,3,4029,Cent-GRAND,0.9896321353065538,0.9664000407250816,0.9854545454545455,0.958139534883721,0.9377162629757786,0.9903846153846154,0.9609929078014184,0.9674940898345153,0.02258535847067833,-0.24301996669694886,0.8051281838755474,0.012716160774072434,0.21242742240428925,271,412,18,4,11.523597240447998,0.0,,,333,250,67,50,81,65,16,13,481,420,96,84,189,158,38,32,1313,39,263,8,,,,,,,,,,,,,2397,423,705,480
clients,gdm_early,5,0.8,S=5,0.5,2,4,4030,FedTGNN-SS,0.9760507399577166,0.9584393325600779,0.9345454545454546,0.9674418604651163,0.948339483394834,0.9585253456221198,0.9413919413919414,0.9521774521774522,0.04315187782049179,3.719744380430624,0.3057659358613368,0.04489612979616256,0.06544501334428787,257,416,14,18,27.087532997131348,13406320.0,1849.0,0.5275103427895982,420,125,84,25,126,9,25,2,251,172,50,34,1193,323,239,65,407,303,82,61,,,,,,,,,,,,,2397,423,705,480
clients,gdm_early,5,0.8,S=5,0.5,2,4,4030,FedAvg-LR,0.9724059196617336,0.9435394789844019,0.9636363636363636,0.9651162790697675,0.9464285714285714,0.9764705882352941,0.954954954954955,0.9628575944365418,0.03718383610248566,0.709192643791167,0.784171283378837,0.035184590703418055,0.17071084678173065,265,415,15,10,1.1225965023040771,36880.0,,0.5115721040189125,420,125,84,25,126,9,25,2,251,172,50,34,1193,323,239,65,407,303,82,61,,,,,,,,,,,,,2397,423,705,480
clients,gdm_early,5,0.8,S=5,0.5,2,4,4030,FedProx-LR,0.9719408033826638,0.9428995471113936,0.9636363636363636,0.9697674418604652,0.9532374100719424,0.9765807962529274,0.9584086799276673,0.9657854368133085,0.03729976713657379,0.6777702095636985,0.7925279807335801,0.033939733686493626,0.1826418787240982,265,417,13,10,1.3873300552368164,36880.0,,,420,125,84,25,126,9,25,2,251,172,50,34,1193,323,239,65,407,303,82,61,,,,,,,,,,,,,2397,423,705,480
clients,gdm_early,5,0.8,S=5,0.5,2,4,4030,FedAvg-MLP,0.9814376321353065,0.955959899963704,0.9636363636363636,0.9697674418604652,0.9532374100719424,0.9765807962529274,0.9584086799276673,0.9657854368133085,0.028913941234350204,0.6044801291339161,0.9071574748834572,0.021726525593416916,0.28857284784317017,265,417,13,10,0.7340860366821289,436000.0,,,420,125,84,25,126,9,25,2,251,172,50,34,1193,323,239,65,407,303,82,61,,,,,,,,,,,,,2397,423,705,480
clients,gdm_early,5,0.8,S=5,0.5,2,4,4030,FedEns-RF,0.9953488372093022,0.9923561415246644,1.0,0.9418604651162791,0.9166666666666666,1.0,0.9565217391304348,0.9632908096849779,0.02743392507356925,0.13861471813145101,1.7025912882956584,0.04979872931442082,0.17457291666666666,275,405,25,0,5.696684122085571,,,,420,125,84,25,126,9,25,2,251,172,50,34,1193,323,239,65,407,303,82,61,,,,,,,,,,,,,2397,423,705,480
clients,gdm_early,5,0.8,S=5,0.5,2,4,4030,FedEns-XGB,0.9907653276955602,0.9865462535217764,0.9818181818181818,0.9395348837209302,0.9121621621621622,0.9877750611246944,0.9457092819614711,0.95438026672567,0.031512503742413454,0.18384363787714,1.6836951675212957,0.05975347185904888,0.2545097197095553,270,404,26,5,0.963674783706665,,,,420,125,84,25,126,9,25,2,251,172,50,34,1193,323,239,65,407,303,82,61,,,,,,,,,,,,,2397,423,705,480
clients,gdm_early,5,0.8,S=5,0.5,2,4,4030,FedEns-SVM,0.9934038054968287,0.9805741603825624,0.9636363636363636,0.9767441860465116,0.9636363636363636,0.9767441860465116,0.9636363636363636,0.9701902748414376,0.024608214876913427,0.3022416038408758,1.673373574780804,0.05706669819064861,0.6611116180561563,265,420,10,10,0.12032794952392578,,,,420,125,84,25,126,9,25,2,251,172,50,34,1193,323,239,65,407,303,82,61,,,,,,,,,,,,,2397,423,705,480
clients,gdm_early,5,0.8,S=5,0.5,2,4,4030,FedST-XGB,0.9892431289640592,0.9849600094395492,0.9854545454545455,0.9418604651162791,0.9155405405405406,0.9902200488997555,0.9492119089316988,0.9573234753240139,0.03019275398719926,0.015160606568324833,1.399268864614766,0.045169771569827565,0.201817270682659,271,405,25,4,8.119441270828247,,,,420,125,84,25,126,9,25,2,251,172,50,34,1193,323,239,65,407,303,82,61,,,,,,,,,,,,,2397,423,705,480
clients,gdm_early,5,0.8,S=5,0.5,2,4,4030,FedMatch-tab,0.9815306553911205,0.9581334956508532,0.9709090909090909,0.9697674418604652,0.9535714285714286,0.9811764705882353,0.9621621621621622,0.9688003793266952,0.028956539928913116,0.5761175510577977,0.9168527860043144,0.01950748342994256,0.28216680884361267,267,417,13,8,1.1546895503997803,436000.0,,,420,125,84,25,126,9,25,2,251,172,50,34,1193,323,239,65,407,303,82,61,,,,,,,,,,,,,2397,423,705,480
clients,gdm_early,5,0.8,S=5,0.5,2,4,4030,RSCFed-tab,0.9841099365750529,0.9674227262328234,0.9818181818181818,0.958139534883721,0.9375,0.988009592326139,0.9591474245115453,0.9659963804966227,0.033088844269514084,0.089461024721423,0.9635470257391869,0.02814666280615413,0.18884463608264923,270,412,18,5,0.42673254013061523,174400.0,,,420,125,84,25,126,9,25,2,251,172,50,34,1193,323,239,65,407,303,82,61,,,,,,,,,,,,,2397,423,705,480
clients,gdm_early,5,0.8,S=5,0.5,2,4,4030,FedAvg-GCN,0.9816744186046512,0.9507605305487467,0.9672727272727273,0.9720930232558139,0.9568345323741008,0.9789227166276346,0.9620253164556962,0.968760616220847,0.028811506927013397,0.8558546867353993,0.7606435216721331,0.016809995343631264,0.1747499257326126,266,418,12,9,2.466181755065918,436000.0,,,420,125,84,25,126,9,25,2,251,172,50,34,1193,323,239,65,407,303,82,61,,,,,,,,,,,,,2397,423,705,480
clients,gdm_early,5,0.8,S=5,0.5,2,4,4030,FedAvg-SAGE,0.9811247357293869,0.9595526372741522,0.9236363636363636,0.9720930232558139,0.9548872180451128,0.9521640091116174,0.9390018484288355,0.9505135824422659,0.0423603393137455,2.157189161568956,0.5668641880437025,0.03805770224227787,0.2508689761161804,254,418,12,21,2.048325538635254,845600.0,,,420,125,84,25,126,9,25,2,251,172,50,34,1193,323,239,65,407,303,82,61,,,,,,,,,,,,,2397,423,705,480
clients,gdm_early,5,0.8,S=5,0.5,2,4,4030,Local-LR,0.9528879492600423,0.9223747612384698,0.92,0.9720930232558139,0.9547169811320755,0.95,0.937037037037037,0.948978288633461,0.04949183389544487,-0.08719587799299264,0.7249195693934887,0.04673319077185282,0.5199146270751953,253,418,12,22,2.0008485317230225,0.0,,,420,125,84,25,126,9,25,2,251,172,50,34,1193,323,239,65,407,303,82,61,,,,,,,,,,,,,2397,423,705,480
clients,gdm_early,5,0.8,S=5,0.5,2,4,4030,Local-GCN,0.9562114164904862,0.9436578325890843,0.9345454545454546,0.9488372093023256,0.921146953405018,0.9577464788732394,0.927797833935018,0.9405344309862006,0.05038922280073166,0.8461963863056355,0.5727040627562124,0.03985266300803382,0.10130473971366882,257,408,22,18,2.315068483352661,0.0,,,420,125,84,25,126,9,25,2,251,172,50,34,1193,323,239,65,407,303,82,61,,,,,,,,,,,,,2397,423,705,480
clients,gdm_early,5,0.8,S=5,0.5,2,4,4030,Local-TGNN,0.9581775898520085,0.9430549547409779,0.8727272727272727,0.9651162790697675,0.9411764705882353,0.9222222222222223,0.9056603773584906,0.9244210977701544,0.06662876158952713,2.790425072747345,0.37531260565705726,0.06648487214936961,0.9143843054771423,240,415,15,35,24.61388349533081,0.0,1912.0,0.5395877659574468,420,125,84,25,126,9,25,2,251,172,50,34,1193,323,239,65,407,303,82,61,,,,,,,,,,,,,2397,423,705,480
clients,gdm_early,5,0.8,S=5,0.5,2,4,4030,Cent-LR,0.9744693446088795,0.9427328746497587,0.9745454545454545,0.9651162790697675,0.9469964664310954,0.9834123222748815,0.9605734767025089,0.9673759402291887,0.03325388953089714,-0.10892641464382517,0.9590590587659276,0.03858516948654296,0.2574830949306488,268,415,15,7,0.22450566291809082,0.0,,,420,125,84,25,126,9,25,2,251,172,50,34,1193,323,239,65,407,303,82,61,,,,,,,,,,,,,2397,423,705,480
clients,gdm_early,5,0.8,S=5,0.5,2,4,4030,Cent-XGB,0.9961268498942919,0.9948268719493065,0.9236363636363636,0.9953488372093023,0.9921875,0.9532293986636972,0.9566854990583804,0.9652597006099638,0.02694571204483509,0.1533691356233889,0.6989097146630494,0.024796768758736595,0.9653251767158508,254,428,2,21,0.14655447006225586,0.0,,,420,125,84,25,126,9,25,2,251,172,50,34,1193,323,239,65,407,303,82,61,,,,,,,,,,,,,2397,423,705,480
clients,gdm_early,5,0.8,S=5,0.5,2,4,4030,Cent-GRAND,0.9866046511627907,0.953142828886572,0.9272727272727272,0.9883720930232558,0.9807692307692307,0.9550561797752809,0.9532710280373832,0.9623497997329773,0.028282679617404938,0.42529126263840167,0.7648974840804714,0.018745496979392817,0.8333784937858582,255,425,5,20,8.49657940864563,0.0,,,420,125,84,25,126,9,25,2,251,172,50,34,1193,323,239,65,407,303,82,61,,,,,,,,,,,,,2397,423,705,480
