experiment,dataset,n_silos,rho,setting,alpha,repeat,fold,seed,method,auroc,auprc,sensitivity,specificity,ppv,npv,f1_pos,macro_f1,brier,cal_intercept,cal_slope,ece,threshold,tp,tn,fp,fn,train_time_s,comm_bytes,n_pseudo,mia_auc,silo0_n,silo0_pos,silo0_labeled,silo0_labeled_pos,silo1_n,silo1_pos,silo1_labeled,silo1_labeled_pos,silo2_n,silo2_pos,silo2_labeled,silo2_labeled_pos,silo3_n,silo3_pos,silo3_labeled,silo3_labeled_pos,silo4_n,silo4_pos,silo4_labeled,silo4_labeled_pos,silo5_n,silo5_pos,silo5_labeled,silo5_labeled_pos,silo6_n,silo6_pos,silo6_labeled,silo6_labeled_pos,silo7_n,silo7_pos,silo7_labeled,silo7_labeled_pos,n_train,n_val,n_test,n_labeled
leakage,pima,2,0.1,leakage,0.5,0,1,2027,Correct protocol (this study),0.7444444444444445,0.6348272026282231,0.9259259259259259,0.24,0.3968253968253968,0.8571428571428571,0.5555555555555556,0.4652777777777778,0.2387678474187851,-0.8721602207714217,0.18314292386970976,0.2249464355590572,0.0012722554383799434,50,24,76,4,19.949564456939697,4865104,39.0,0.6487345277323955,234,7,210,6,287,175,259,158,,,,,,,,,,,,,,,,,,,,,,,,,521,93,154,469
leakage,pima,2,0.1,leakage,0.5,0,1,2027,L1: test patients in training graph,0.7462962962962963,0.6328843718726442,0.7592592592592593,0.63,0.5256410256410257,0.8289473684210527,0.6212121212121212,0.6685606060606061,0.26566824316978455,-1.8159573638376632,0.15386261374776627,0.24729884761180004,0.39106830954551697,41,63,37,13,17.020257711410522,4865104,215.0,0.6107011325561432,234,7,210,6,287,175,259,158,,,,,,,,,,,,,,,,,,,,,,,,,521,93,154,469
leakage,pima,2,0.1,leakage,0.5,0,1,2027,L2: pooled final classifier,0.7462962962962963,0.689776272912233,0.9259259259259259,0.3,0.4166666666666667,0.8823529411764706,0.5747126436781609,0.5112369188540058,0.22862526774406433,-0.6698025221831194,0.28512967157983976,0.1916373165372711,0.022005802020430565,50,30,70,4,27.50368332862854,4793280,39.0,0.6479522609586575,234,7,210,6,287,175,259,158,,,,,,,,,,,,,,,,,,,,,,,,,521,93,154,469
leakage,pima,2,0.1,leakage,0.5,0,1,2027,L3: preprocessing fitted on all data,0.7435185185185186,0.614941660458191,0.7962962962962963,0.57,0.5,0.8382352941176471,0.6142857142857143,0.6464285714285715,0.25442758202552795,-1.2662422015325694,0.17999108204113065,0.23470593037011173,0.15764151513576508,43,57,43,11,19.238746643066406,4865104,39.0,0.6615000138454297,234,7,210,6,287,175,259,158,,,,,,,,,,,,,,,,,,,,,,,,,521,93,154,469
leakage,pima,2,0.1,leakage,0.5,0,1,2027,L4: one cross-silo graph at inference,0.7985185185185185,0.7088469427445299,0.8703703703703703,0.49,0.47959183673469385,0.875,0.618421052631579,0.6233130904183536,0.19057433307170868,-0.41704423978083366,0.4318392883701529,0.16113784230713332,0.1190054640173912,47,49,51,7,18.994384288787842,4865104,39.0,0.5497050923490155,234,7,210,6,287,175,259,158,,,,,,,,,,,,,,,,,,,,,,,,,521,93,154,469
leakage,pima,2,0.1,leakage,0.5,0,1,2027,All four shortcuts,0.7953703703703704,0.6765782952327757,0.8333333333333334,0.58,0.5172413793103449,0.8656716417910447,0.6382978723404256,0.6664543253917696,0.1920279711484909,-0.7034750388789905,0.514561728668085,0.1526948292316361,0.32276198267936707,45,58,42,9,20.37951946258545,4793280,222.0,0.5663611441863041,234,7,210,6,287,175,259,158,,,,,,,,,,,,,,,,,,,,,,,,,521,93,154,469
leakage,pima,2,0.1,leakage,0.5,0,1,2027,"FedAvg-LR, correct protocol",0.8085185185185185,0.7310387167811252,0.46296296296296297,0.93,0.78125,0.7622950819672131,0.5813953488372093,0.7096165933375236,0.21956689655780792,-1.3273827657711708,0.8383181407020613,0.21327749685710898,0.8655849695205688,25,93,7,29,1.3349609375,8848,,0.5427546866779276,234,7,210,6,287,175,259,158,,,,,,,,,,,,,,,,,,,,,,,,,521,93,154,469
leakage,pima,2,0.1,leakage,0.5,0,1,2027,"FedAvg-LR, L3",0.8077777777777777,0.7311096385392419,0.46296296296296297,0.93,0.78125,0.7622950819672131,0.5813953488372093,0.7096165933375236,0.21958878636360168,-1.3279614894740568,0.8358273025483957,0.21300055425275455,0.8638729453086853,25,93,7,29,3.2446348667144775,8848,,0.5428931409741644,234,7,210,6,287,175,259,158,,,,,,,,,,,,,,,,,,,,,,,,,521,93,154,469
leakage,pima,2,0.1,leakage,0.5,0,0,2026,Correct protocol (this study),0.8325925925925926,0.726845826251201,0.7037037037037037,0.77,0.6229508196721312,0.8279569892473119,0.6608695652173913,0.7293985131786438,0.16629867255687714,0.11670870111827791,0.5116836620554963,0.10186523639343002,0.32685989141464233,38,77,23,16,19.711798667907715,4865104,18.0,0.49761858610472687,358,119,322,107,163,63,147,57,,,,,,,,,,,,,,,,,,,,,,,,,521,93,154,469
leakage,pima,2,0.1,leakage,0.5,0,0,2026,L1: test patients in training graph,0.8381481481481482,0.7134694637447387,0.8703703703703703,0.64,0.5662650602409639,0.9014084507042254,0.6861313868613139,0.7173346992786102,0.20492509007453918,-1.8423886734178523,0.3329468645596014,0.18285014565018093,0.46532711386680603,47,64,36,7,17.66737961769104,4865104,125.0,0.5358181264364634,358,119,322,107,163,63,147,57,,,,,,,,,,,,,,,,,,,,,,,,,521,93,154,469
leakage,pima,2,0.1,leakage,0.5,0,0,2026,L2: pooled final classifier,0.855,0.7311846751027827,0.8148148148148148,0.76,0.6470588235294118,0.8837209302325582,0.7213114754098361,0.7692578882425525,0.14935357868671417,-0.344824966155283,0.7514270342411646,0.05711407856652876,0.40090087056159973,44,76,24,10,26.992804288864136,4793280,18.0,0.5115470883061501,358,119,322,107,163,63,147,57,,,,,,,,,,,,,,,,,,,,,,,,,521,93,154,469
leakage,pima,2,0.1,leakage,0.5,0,0,2026,L3: preprocessing fitted on all data,0.8285185185185185,0.735538678194132,0.7407407407407407,0.77,0.6349206349206349,0.8461538461538461,0.6837606837606838,0.7450217031368864,0.17144259810447693,0.1118188062606865,0.41588923670672057,0.12447580075883245,0.2521142065525055,40,77,23,14,19.85355520248413,4865104,13.0,0.5183451942513776,358,119,322,107,163,63,147,57,,,,,,,,,,,,,,,,,,,,,,,,,521,93,154,469
leakage,pima,2,0.1,leakage,0.5,0,0,2026,L4: one cross-silo graph at inference,0.8120370370370371,0.7008794290386786,0.7592592592592593,0.68,0.5616438356164384,0.8395061728395061,0.6456692913385826,0.698525253404098,0.21772271394729614,-1.4983558928035343,0.36143208415315997,0.18599698698607742,0.614947497844696,41,68,32,13,19.161935329437256,4865104,18.0,0.5344335834740952,358,119,322,107,163,63,147,57,,,,,,,,,,,,,,,,,,,,,,,,,521,93,154,469
leakage,pima,2,0.1,leakage,0.5,0,0,2026,All four shortcuts,0.7866666666666667,0.634834309094808,0.7962962962962963,0.57,0.5,0.8382352941176471,0.6142857142857143,0.6464285714285715,0.2002943754196167,-0.6868195863825393,0.4677921625485108,0.1462608970604934,0.3297233581542969,43,57,43,11,20.597285747528076,4793280,112.0,0.5528341594439676,358,119,322,107,163,63,147,57,,,,,,,,,,,,,,,,,,,,,,,,,521,93,154,469
leakage,pima,2,0.1,leakage,0.5,0,0,2026,"FedAvg-LR, correct protocol",0.8596296296296296,0.7456822950182982,0.8703703703703703,0.72,0.6266666666666667,0.9113924050632911,0.7286821705426356,0.7665757221428262,0.15079785883426666,-0.4286810812029417,1.175226775688146,0.13776423811138452,0.37810876965522766,47,72,28,7,2.905109405517578,8848,,0.4935618752249882,358,119,322,107,163,63,147,57,,,,,,,,,,,,,,,,,,,,,,,,,521,93,154,469
leakage,pima,2,0.1,leakage,0.5,0,0,2026,"FedAvg-LR, L3",0.8596296296296295,0.7460413415369527,0.8703703703703703,0.72,0.6266666666666667,0.9113924050632911,0.7286821705426356,0.7665757221428262,0.15088273584842682,-0.42787660435969543,1.1682070705310883,0.1377397972074422,0.37892580032348633,47,72,28,7,1.9508154392242432,8848,,0.49390801096558024,358,119,322,107,163,63,147,57,,,,,,,,,,,,,,,,,,,,,,,,,521,93,154,469
leakage,pima,2,0.1,leakage,0.5,0,2,2028,Correct protocol (this study),0.8150000000000001,0.6730795714579692,0.8518518518518519,0.61,0.5411764705882353,0.8840579710144928,0.6618705035971223,0.6918819973606913,0.20962569117546082,-1.3926196765906753,0.3716006640329356,0.18893287901754505,0.4173741936683655,46,61,39,8,19.305678844451904,4865104,24.0,0.56341206767646,430,120,387,108,91,62,82,56,,,,,,,,,,,,,,,,,,,,,,,,,521,93,154,469
leakage,pima,2,0.1,leakage,0.5,0,2,2028,L1: test patients in training graph,0.8264814814814814,0.6908303868568523,0.7592592592592593,0.77,0.640625,0.8555555555555555,0.6949152542372882,0.7527207850133809,0.2349100261926651,-2.335085321935629,0.3519865112119557,0.25336409212610167,0.8290655612945557,41,77,23,13,18.98968815803528,4865104,115.0,0.5478913410683134,430,120,387,108,91,62,82,56,,,,,,,,,,,,,,,,,,,,,,,,,521,93,154,469
leakage,pima,2,0.1,leakage,0.5,0,2,2028,L2: pooled final classifier,0.7898148148148149,0.6566943834942113,0.7222222222222222,0.69,0.5571428571428572,0.8214285714285714,0.6290322580645161,0.689516129032258,0.1879098266363144,-0.6698919357852842,0.6155936818214822,0.12937835395916716,0.4960860311985016,39,69,31,15,27.49217915534973,4793280,24.0,0.5832664137568189,430,120,387,108,91,62,82,56,,,,,,,,,,,,,,,,,,,,,,,,,521,93,154,469
leakage,pima,2,0.1,leakage,0.5,0,2,2028,L3: preprocessing fitted on all data,0.817962962962963,0.7089090175132606,0.8703703703703703,0.59,0.5340909090909091,0.8939393939393939,0.6619718309859155,0.6864076022399457,0.2632105350494385,-3.0823471769853277,0.266277531554441,0.25667331628985224,0.4926147758960724,47,59,41,7,20.800480365753174,4865104,26.0,0.5659665494420293,430,120,387,108,91,62,82,56,,,,,,,,,,,,,,,,,,,,,,,,,521,93,154,469
leakage,pima,2,0.1,leakage,0.5,0,2,2028,L4: one cross-silo graph at inference,0.8238888888888889,0.7168922442322767,0.7592592592592593,0.69,0.5694444444444444,0.8414634146341463,0.6507936507936508,0.7045177045177045,0.2100851684808731,-1.418221063687227,0.4089820062176022,0.21048654390910232,0.5734226703643799,41,69,31,13,19.308367013931274,4865104,24.0,0.5429277545482236,430,120,387,108,91,62,82,56,,,,,,,,,,,,,,,,,,,,,,,,,521,93,154,469
leakage,pima,2,0.1,leakage,0.5,0,2,2028,All four shortcuts,0.807962962962963,0.6735408196848436,0.7037037037037037,0.76,0.6129032258064516,0.8260869565217391,0.6551724137931034,0.7234195402298851,0.18488506972789764,-0.7264997006393087,0.581159356205135,0.12282171855112177,0.5377104878425598,38,76,24,16,24.83965516090393,4793280,116.0,0.5615983163957577,430,120,387,108,91,62,82,56,,,,,,,,,,,,,,,,,,,,,,,,,521,93,154,469
leakage,pima,2,0.1,leakage,0.5,0,2,2028,"FedAvg-LR, correct protocol",0.8346296296296296,0.727337768873827,0.7962962962962963,0.72,0.6056338028169014,0.8674698795180723,0.688,0.7374426229508196,0.16221997141838074,-0.5382575449731853,0.7924085271107926,0.08918092496596375,0.3965242803096771,43,72,28,11,1.1989426612854004,8848,,0.5255725085149392,430,120,387,108,91,62,82,56,,,,,,,,,,,,,,,,,,,,,,,,,521,93,154,469
leakage,pima,2,0.1,leakage,0.5,0,2,2028,"FedAvg-LR, L3",0.8346296296296296,0.72850005018878,0.7962962962962963,0.72,0.6056338028169014,0.8674698795180723,0.688,0.7374426229508196,0.1622404307126999,-0.5390067294819958,0.7915955700793829,0.08930637808395672,0.396702378988266,43,72,28,11,1.5185866355895996,8848,,0.5255309722260681,430,120,387,108,91,62,82,56,,,,,,,,,,,,,,,,,,,,,,,,,521,93,154,469
leakage,pima,2,0.1,leakage,0.5,0,3,2029,Correct protocol (this study),0.7918867924528302,0.6653169811903573,0.4528301886792453,0.85,0.6153846153846154,0.7456140350877193,0.5217391304347826,0.6580658268996342,0.2306799292564392,0.06829601679182518,0.25283784615009613,0.21770031915770635,0.7928441166877747,24,85,15,29,16.86269736289978,4865104,36.0,0.5731956612432207,314,171,283,154,208,11,187,10,,,,,,,,,,,,,,,,,,,,,,,,,522,93,153,470
leakage,pima,2,0.1,leakage,0.5,0,3,2029,L1: test patients in training graph,0.8135849056603774,0.6591867227528025,0.6415094339622641,0.8,0.6296296296296297,0.8080808080808081,0.6355140186915887,0.7197670595970507,0.19661183655261993,-0.05246026134259766,0.32228020036937094,0.14466912788795488,0.45969459414482117,34,80,20,19,18.968775510787964,4865104,184.0,0.5642330691141705,314,171,283,154,208,11,187,10,,,,,,,,,,,,,,,,,,,,,,,,,522,93,153,470
leakage,pima,2,0.1,leakage,0.5,0,3,2029,L2: pooled final classifier,0.7458490566037737,0.6019668234513879,0.5660377358490566,0.82,0.625,0.780952380952381,0.594059405940594,0.697029702970297,0.21602275967597961,0.2925491904515632,0.31644689186306574,0.15447403940986965,0.42323973774909973,30,82,18,23,17.131028175354004,4793280,36.0,0.5894590460297594,314,171,283,154,208,11,187,10,,,,,,,,,,,,,,,,,,,,,,,,,522,93,153,470
leakage,pima,2,0.1,leakage,0.5,0,3,2029,L3: preprocessing fitted on all data,0.8238679245283019,0.6823156342518284,0.5283018867924528,0.83,0.6222222222222222,0.7685185185185185,0.5714285714285714,0.6847527472527473,0.20334695279598236,-0.47270240206874725,0.2649451025961173,0.17139336771143027,0.7813681960105896,28,83,17,25,19.245704889297485,4865104,36.0,0.5697747183979975,314,171,283,154,208,11,187,10,,,,,,,,,,,,,,,,,,,,,,,,,522,93,153,470
leakage,pima,2,0.1,leakage,0.5,0,3,2029,L4: one cross-silo graph at inference,0.8371698113207547,0.6848765628568414,0.5471698113207547,0.86,0.6744186046511628,0.7818181818181819,0.6041666666666666,0.7116071428571429,0.19444023072719574,-1.465650626222317,0.26967393284590363,0.15263611302266714,0.9347391724586487,29,86,14,24,26.767706394195557,4865104,36.0,0.5161451814768461,314,171,283,154,208,11,187,10,,,,,,,,,,,,,,,,,,,,,,,,,522,93,153,470
leakage,pima,2,0.1,leakage,0.5,0,3,2029,All four shortcuts,0.8477358490566037,0.6788775996128148,0.660377358490566,0.86,0.7142857142857143,0.8269230769230769,0.6862745098039216,0.7647058823529411,0.15441825985908508,-0.18022186420837982,0.5313377779910101,0.07689101879600607,0.548526406288147,35,86,14,18,37.38132095336914,4793280,196.0,0.5045890696704214,314,171,283,154,208,11,187,10,,,,,,,,,,,,,,,,,,,,,,,,,522,93,153,470
leakage,pima,2,0.1,leakage,0.5,0,3,2029,"FedAvg-LR, correct protocol",0.8462264150943396,0.7294321164030647,0.7547169811320755,0.76,0.625,0.8539325842696629,0.6837606837606838,0.743996743996744,0.18821187317371368,-1.2346955620371483,0.8954030430844435,0.18519579789607352,0.6339026689529419,40,76,24,13,1.0567784309387207,8848,,0.4945070226672229,314,171,283,154,208,11,187,10,,,,,,,,,,,,,,,,,,,,,,,,,522,93,153,470
leakage,pima,2,0.1,leakage,0.5,0,3,2029,"FedAvg-LR, L3",0.8449056603773585,0.7276910443963531,0.7547169811320755,0.76,0.625,0.8539325842696629,0.6837606837606838,0.743996743996744,0.18822649121284485,-1.233880791966234,0.892992873184883,0.18496260309920587,0.6350287795066833,40,76,24,13,1.0540940761566162,8848,,0.4947712418300654,314,171,283,154,208,11,187,10,,,,,,,,,,,,,,,,,,,,,,,,,522,93,153,470
leakage,pima,2,0.1,leakage,0.5,0,4,2030,Correct protocol (this study),0.870754716981132,0.7632807111253774,0.7924528301886793,0.8,0.6774193548387096,0.8791208791208791,0.7304347826086957,0.7840655588436148,0.2095600664615631,-3.442994275942042,0.30680369959415754,0.2008099710093994,0.8906074166297913,42,80,20,11,16.962963819503784,4865104,35.0,0.5039424280350437,149,115,135,104,373,67,335,60,,,,,,,,,,,,,,,,,,,,,,,,,522,93,153,470
leakage,pima,2,0.1,leakage,0.5,0,4,2030,L1: test patients in training graph,0.8720754716981132,0.7675410247806831,0.8490566037735849,0.71,0.6081081081081081,0.8987341772151899,0.7086614173228346,0.7509787533541548,0.1924770623445511,-2.4683839132187817,0.34092915245814687,0.18262501048788526,0.6378089189529419,45,71,29,8,20.19208288192749,4865104,191.0,0.5007648449450702,149,115,135,104,373,67,335,60,,,,,,,,,,,,,,,,,,,,,,,,,522,93,153,470
leakage,pima,2,0.1,leakage,0.5,0,4,2030,L2: pooled final classifier,0.8232075471698115,0.700415172955704,0.6792452830188679,0.83,0.6792452830188679,0.83,0.6792452830188679,0.7546226415094339,0.17797359824180603,-0.80106924949924,0.6551630541832529,0.1405765515770398,0.71040278673172,36,83,17,17,17.245515823364258,4793280,35.0,0.5702683910443611,149,115,135,104,373,67,335,60,,,,,,,,,,,,,,,,,,,,,,,,,522,93,153,470
leakage,pima,2,0.1,leakage,0.5,0,4,2030,L3: preprocessing fitted on all data,0.8688679245283019,0.7357202750669897,0.8679245283018868,0.68,0.5897435897435898,0.9066666666666666,0.7022900763358778,0.7397164667393674,0.20729060471057892,-3.05426610529748,0.30058798953321286,0.19688201457067253,0.4416784942150116,46,68,32,7,19.436238765716553,4865104,35.0,0.5130510360172438,149,115,135,104,373,67,335,60,,,,,,,,,,,,,,,,,,,,,,,,,522,93,153,470
leakage,pima,2,0.1,leakage,0.5,0,4,2030,L4: one cross-silo graph at inference,0.8754716981132076,0.7461953171843616,0.9245283018867925,0.66,0.5903614457831325,0.9428571428571428,0.7205882352941176,0.7485294117647059,0.1696837991476059,-1.6857281332563245,0.418269609754172,0.15988409817462262,0.3034820556640625,49,66,34,4,29.145151376724243,4865104,35.0,0.483375052148519,149,115,135,104,373,67,335,60,,,,,,,,,,,,,,,,,,,,,,,,,522,93,153,470
leakage,pima,2,0.1,leakage,0.5,0,4,2030,All four shortcuts,0.8662264150943396,0.748794567936278,0.9433962264150944,0.59,0.5494505494505495,0.9516129032258065,0.6944444444444444,0.7114197530864197,0.15300479531288147,-0.6876828564927474,0.856452369735888,0.10012823635456608,0.27838438749313354,50,59,41,3,34.51654601097107,4793280,189.0,0.49757335558336807,149,115,135,104,373,67,335,60,,,,,,,,,,,,,,,,,,,,,,,,,522,93,153,470
leakage,pima,2,0.1,leakage,0.5,0,4,2030,"FedAvg-LR, correct protocol",0.8573584905660377,0.7301486220827655,0.7735849056603774,0.78,0.6507936507936508,0.8666666666666667,0.7068965517241379,0.7639745916515426,0.1501026302576065,-0.17335431635734566,0.8075483652877272,0.09122662070919485,0.35391759872436523,41,78,22,12,1.028351068496704,8848,,0.47976637463496036,149,115,135,104,373,67,335,60,,,,,,,,,,,,,,,,,,,,,,,,,522,93,153,470
leakage,pima,2,0.1,leakage,0.5,0,4,2030,"FedAvg-LR, L3",0.8573584905660377,0.7279576264955435,0.7735849056603774,0.78,0.6507936507936508,0.8666666666666667,0.7068965517241379,0.7639745916515426,0.15004342794418335,-0.17361211387025147,0.8089666029409827,0.09132822851339976,0.35362696647644043,41,78,22,12,0.8655893802642822,8848,,0.479529968015575,149,115,135,104,373,67,335,60,,,,,,,,,,,,,,,,,,,,,,,,,522,93,153,470
leakage,pima,2,0.1,leakage,0.5,1,0,3026,Correct protocol (this study),0.835,0.7527426787154335,0.6111111111111112,0.83,0.66,0.7980769230769231,0.6346153846153846,0.7241704374057315,0.18180255591869354,-0.6615537187897792,0.42556480626508986,0.1357463662597266,0.6987780332565308,33,83,17,21,16.512950897216797,4865104,31.0,0.5462298895134716,100,5,90,4,421,177,379,159,,,,,,,,,,,,,,,,,,,,,,,,,521,93,154,469
leakage,pima,2,0.1,leakage,0.5,1,0,3026,L1: test patients in training graph,0.8874074074074073,0.836369755593663,0.9629629629629629,0.54,0.5306122448979592,0.9642857142857143,0.6842105263157895,0.688259109311741,0.18525412678718567,-2.256432111128471,0.4034219923326395,0.170965831853788,0.11940457671880722,52,54,46,2,21.063212633132935,4865104,184.0,0.5075042228560352,100,5,90,4,421,177,379,159,,,,,,,,,,,,,,,,,,,,,,,,,521,93,154,469
leakage,pima,2,0.1,leakage,0.5,1,0,3026,L2: pooled final classifier,0.802037037037037,0.7203708104902471,0.5,0.86,0.6585365853658537,0.7610619469026548,0.5684210526315789,0.6879663948603905,0.17924664914608002,-0.17768333684047088,0.5403203598679029,0.09601623973772898,0.6565150022506714,27,86,14,27,21.60003137588501,4793280,31.0,0.55585246310193,100,5,90,4,421,177,379,159,,,,,,,,,,,,,,,,,,,,,,,,,521,93,154,469
leakage,pima,2,0.1,leakage,0.5,1,0,3026,L3: preprocessing fitted on all data,0.8248148148148148,0.7568119358998355,0.9074074074074074,0.53,0.5104166666666666,0.9137931034482759,0.6533333333333333,0.6621097046413502,0.19372864067554474,-0.2685391642653268,0.3206724983406222,0.17680776324848851,0.03123803623020649,49,53,47,5,18.67734146118164,4865104,31.0,0.5371403649655249,100,5,90,4,421,177,379,159,,,,,,,,,,,,,,,,,,,,,,,,,521,93,154,469
leakage,pima,2,0.1,leakage,0.5,1,0,3026,L4: one cross-silo graph at inference,0.8855555555555555,0.8196127314139908,0.9444444444444444,0.71,0.6375,0.9594594594594594,0.7611940298507462,0.7886429919368674,0.19542230665683746,-3.3925632795114287,0.32961792928663397,0.20804458517919883,0.6111837029457092,51,71,29,3,38.106717348098755,4865104,31.0,0.48654916512059365,100,5,90,4,421,177,379,159,,,,,,,,,,,,,,,,,,,,,,,,,521,93,154,469
leakage,pima,2,0.1,leakage,0.5,1,0,3026,All four shortcuts,0.8642592592592592,0.7938204735106522,0.7592592592592593,0.79,0.6612903225806451,0.8586956521739131,0.7068965517241379,0.7649066091954022,0.15179893374443054,-0.6351268391832704,0.8652901907869195,0.12079667522535696,0.6027184128761292,41,79,21,13,27.90834665298462,4793280,175.0,0.5038628748650071,100,5,90,4,421,177,379,159,,,,,,,,,,,,,,,,,,,,,,,,,521,93,154,469
leakage,pima,2,0.1,leakage,0.5,1,0,3026,"FedAvg-LR, correct protocol",0.8938888888888888,0.8265338495787123,0.8518518518518519,0.76,0.6571428571428571,0.9047619047619048,0.7419354838709677,0.7840112201963534,0.14715053141117096,-0.847161447395263,1.3810661028618099,0.13559927917146067,0.5216118097305298,46,76,24,8,2.019916534423828,8848,,0.4654556530889153,100,5,90,4,421,177,379,159,,,,,,,,,,,,,,,,,,,,,,,,,521,93,154,469
leakage,pima,2,0.1,leakage,0.5,1,0,3026,"FedAvg-LR, L3",0.8940740740740741,0.8268212444615181,0.8518518518518519,0.76,0.6571428571428571,0.9047619047619048,0.7419354838709677,0.7840112201963534,0.1471957415342331,-0.8484808227108622,1.3811677907613404,0.1358052912083539,0.521466851234436,46,76,24,8,1.0208263397216797,8848,,0.4655110348074101,100,5,90,4,421,177,379,159,,,,,,,,,,,,,,,,,,,,,,,,,521,93,154,469
leakage,pima,2,0.1,leakage,0.5,1,1,3027,Correct protocol (this study),0.7998148148148148,0.6638200852226447,0.7222222222222222,0.69,0.5571428571428572,0.8214285714285714,0.6290322580645161,0.689516129032258,0.20279133319854736,-0.20088423901494018,0.3857746633401778,0.15291954830966212,0.3525695502758026,39,69,31,15,19.582369565963745,4865104,44.0,0.5640922906880355,267,163,241,147,254,19,229,17,,,,,,,,,,,,,,,,,,,,,,,,,521,93,154,470
leakage,pima,2,0.1,leakage,0.5,1,1,3027,L1: test patients in training graph,0.8307407407407408,0.689598810707543,0.6851851851851852,0.84,0.6981132075471698,0.8316831683168316,0.6915887850467289,0.7637048402845585,0.191134974360466,-0.6882875886755351,0.2811089227596089,0.17494276398188108,0.6627775430679321,37,84,16,17,21.760193586349487,4865104,221.0,0.525407571152252,267,163,241,147,254,19,229,17,,,,,,,,,,,,,,,,,,,,,,,,,521,93,154,470
leakage,pima,2,0.1,leakage,0.5,1,1,3027,L2: pooled final classifier,0.7785185185185185,0.6386942001806143,0.48148148148148145,0.84,0.6190476190476191,0.75,0.5416666666666666,0.667059748427673,0.19893312454223633,0.04112601169853023,0.4640032981807805,0.13159780968706328,0.5396867394447327,26,84,16,28,13.174568891525269,4793280,44.0,0.6107488256424427,267,163,241,147,254,19,229,17,,,,,,,,,,,,,,,,,,,,,,,,,521,93,154,470
leakage,pima,2,0.1,leakage,0.5,1,1,3027,L3: preprocessing fitted on all data,0.8353703703703703,0.7068340832782377,0.7407407407407407,0.74,0.6060606060606061,0.8409090909090909,0.6666666666666666,0.7269503546099291,0.20048914849758148,-1.1069710920991682,0.26655517975939347,0.19219312685021717,0.5984921455383301,40,74,26,14,11.390767097473145,4865104,41.0,0.5240259740259741,267,163,241,147,254,19,229,17,,,,,,,,,,,,,,,,,,,,,,,,,521,93,154,470
leakage,pima,2,0.1,leakage,0.5,1,1,3027,L4: one cross-silo graph at inference,0.842037037037037,0.6908932509466011,0.6481481481481481,0.84,0.6862745098039216,0.8155339805825242,0.6666666666666666,0.7471264367816092,0.1846161186695099,-1.1395258985334193,0.36245534838638477,0.165992309278869,0.7893320322036743,35,84,16,19,10.846645832061768,4865104,44.0,0.48896103896103893,267,163,241,147,254,19,229,17,,,,,,,,,,,,,,,,,,,,,,,,,521,93,154,470
leakage,pima,2,0.1,leakage,0.5,1,1,3027,All four shortcuts,0.8337037037037037,0.69311678826565,0.7777777777777778,0.72,0.6,0.8571428571428571,0.6774193548387096,0.7300140252454418,0.16774576902389526,-0.4910418914842633,0.6608598585001579,0.10107170778338787,0.4392998516559601,42,72,28,12,11.642363548278809,4793280,222.0,0.5177673390439348,267,163,241,147,254,19,229,17,,,,,,,,,,,,,,,,,,,,,,,,,521,93,154,470
leakage,pima,2,0.1,leakage,0.5,1,1,3027,"FedAvg-LR, correct protocol",0.8262962962962963,0.6734478577060307,0.7222222222222222,0.83,0.6964285714285714,0.8469387755102041,0.7090909090909091,0.7737373737373737,0.17963100969791412,-0.8186396296648059,1.0100157076091836,0.14743411347463534,0.5636884570121765,39,83,17,15,0.5548923015594482,8848,,0.4948051948051948,267,163,241,147,254,19,229,17,,,,,,,,,,,,,,,,,,,,,,,,,521,93,154,470
leakage,pima,2,0.1,leakage,0.5,1,1,3027,"FedAvg-LR, L3",0.8248148148148149,0.6713461277732692,0.7037037037037037,0.82,0.6785714285714286,0.8367346938775511,0.6909090909090909,0.7595959595959596,0.17983540892601013,-0.8123862111856239,1.0073920802229122,0.1417099007151343,0.5612909197807312,38,82,18,16,0.5665912628173828,8848,,0.49465321912130417,267,163,241,147,254,19,229,17,,,,,,,,,,,,,,,,,,,,,,,,,521,93,154,470
leakage,pima,2,0.1,leakage,0.5,1,2,3028,Correct protocol (this study),0.8301851851851851,0.6725943555642081,0.8888888888888888,0.59,0.5393258426966292,0.9076923076923077,0.6713286713286714,0.6932400932400933,0.20116932690143585,-1.469018354342826,0.43897234101151456,0.1729513400705991,0.2687867283821106,48,59,41,6,19.808991193771362,4865104,17.0,0.535312768255199,469,167,422,150,52,15,47,14,,,,,,,,,,,,,,,,,,,,,,,,,521,93,154,469
leakage,pima,2,0.1,leakage,0.5,1,2,3028,L1: test patients in training graph,0.8385185185185186,0.7076384990642692,0.7222222222222222,0.76,0.6190476190476191,0.8351648351648352,0.6666666666666666,0.7312390924956369,0.18318094313144684,-1.0862893559369133,0.43895350503960057,0.16083825501770554,0.598797082901001,39,76,24,15,23.48112964630127,4865104,124.0,0.5233018580566555,469,167,422,150,52,15,47,14,,,,,,,,,,,,,,,,,,,,,,,,,521,93,154,469
leakage,pima,2,0.1,leakage,0.5,1,2,3028,L2: pooled final classifier,0.8218518518518518,0.6583359820943233,0.7777777777777778,0.7,0.5833333333333334,0.8536585365853658,0.6666666666666666,0.717948717948718,0.18078742921352386,-0.7071512925806904,0.6118614692876336,0.12302988090298392,0.44182661175727844,42,70,30,12,12.753080129623413,4793280,17.0,0.5388364300944257,469,167,422,150,52,15,47,14,,,,,,,,,,,,,,,,,,,,,,,,,521,93,154,469
leakage,pima,2,0.1,leakage,0.5,1,2,3028,L3: preprocessing fitted on all data,0.8324074074074075,0.7305830372655385,0.8703703703703703,0.68,0.5949367088607594,0.9066666666666666,0.706766917293233,0.741954887218045,0.1764899045228958,-0.6535885009513878,0.5429648435820335,0.1289105623863734,0.30197227001190186,47,68,32,7,12.952464818954468,4865104,27.0,0.5252679090632182,469,167,422,150,52,15,47,14,,,,,,,,,,,,,,,,,,,,,,,,,521,93,154,469
leakage,pima,2,0.1,leakage,0.5,1,2,3028,L4: one cross-silo graph at inference,0.8214814814814815,0.671379071032948,0.6481481481481481,0.85,0.7,0.8173076923076923,0.6730769230769231,0.7532051282051282,0.20048788189888,-1.2229990790929277,0.44215398816868,0.16846671527517693,0.803536593914032,35,85,15,19,10.049317121505737,4865104,17.0,0.5375557278542353,469,167,422,150,52,15,47,14,,,,,,,,,,,,,,,,,,,,,,,,,521,93,154,469
leakage,pima,2,0.1,leakage,0.5,1,2,3028,All four shortcuts,0.8281481481481481,0.6726967157195014,0.6666666666666666,0.79,0.631578947368421,0.8144329896907216,0.6486486486486487,0.7253395527507203,0.1760074496269226,-0.6519511407351756,0.6400587389133842,0.0927176633970691,0.5905643701553345,36,79,21,18,13.915996313095093,4793280,129.0,0.5364688616287763,469,167,422,150,52,15,47,14,,,,,,,,,,,,,,,,,,,,,,,,,521,93,154,469
leakage,pima,2,0.1,leakage,0.5,1,2,3028,"FedAvg-LR, correct protocol",0.8133333333333332,0.6568812023160242,0.7222222222222222,0.73,0.5909090909090909,0.8295454545454546,0.65,0.7132978723404255,0.17804086208343506,-0.6504509210556133,0.7754871398447816,0.12468411512189095,0.490456223487854,39,73,27,15,0.6259689331054688,8848,,0.5204773904134246,469,167,422,150,52,15,47,14,,,,,,,,,,,,,,,,,,,,,,,,,521,93,154,469
leakage,pima,2,0.1,leakage,0.5,1,2,3028,"FedAvg-LR, L3",0.8125925925925925,0.6590914656415274,0.7222222222222222,0.69,0.5571428571428572,0.8214285714285714,0.6290322580645161,0.689516129032258,0.17933617532253265,-0.6745372767712664,0.7972829760739379,0.11847185237067087,0.455908864736557,39,69,31,15,0.5089907646179199,8848,,0.5211973527538559,469,167,422,150,52,15,47,14,,,,,,,,,,,,,,,,,,,,,,,,,521,93,154,469
leakage,pima,2,0.1,leakage,0.5,1,3,3029,Correct protocol (this study),0.7905660377358491,0.6853763816293008,0.8490566037735849,0.58,0.5172413793103449,0.8787878787878788,0.6428571428571429,0.6708261617900173,0.23044511675834656,-0.575849142616007,0.2698444269269708,0.21204272795809448,0.09554213285446167,45,58,42,8,13.406365394592285,4865104,35.0,0.5681257577657929,179,5,161,4,343,177,308,159,,,,,,,,,,,,,,,,,,,,,,,,,522,93,153,469
leakage,pima,2,0.1,leakage,0.5,1,3,3029,L1: test patients in training graph,0.7930188679245282,0.6646781979010026,0.8301886792452831,0.62,0.5365853658536586,0.8732394366197183,0.6518518518518519,0.6884990253411306,0.21849681437015533,-1.2839784329049857,0.34984285428758766,0.18492497041139727,0.39194390177726746,44,62,38,9,22.872598886489868,4865104,217.0,0.554496425435846,179,5,161,4,343,177,308,159,,,,,,,,,,,,,,,,,,,,,,,,,522,93,153,469
leakage,pima,2,0.1,leakage,0.5,1,3,3029,L2: pooled final classifier,0.760188679245283,0.6616161836223861,0.8301886792452831,0.55,0.4943820224719101,0.859375,0.6197183098591549,0.645225008588114,0.19500958919525146,-0.010922013492631283,0.5229735763106814,0.11042108868851382,0.18731838464736938,44,55,45,9,11.577905416488647,4793280,35.0,0.5936284961745892,179,5,161,4,343,177,308,159,,,,,,,,,,,,,,,,,,,,,,,,,522,93,153,469
leakage,pima,2,0.1,leakage,0.5,1,3,3029,L3: preprocessing fitted on all data,0.7728301886792452,0.6586274697405778,0.7924528301886793,0.57,0.49411764705882355,0.8382352941176471,0.6086956521739131,0.6436335403726708,0.23401223123073578,-0.5282694354954571,0.22145400448737526,0.20322460851638147,0.12745343148708344,42,57,43,11,11.068750143051147,4865104,35.0,0.5868207979709297,179,5,161,4,343,177,308,159,,,,,,,,,,,,,,,,,,,,,,,,,522,93,153,469
leakage,pima,2,0.1,leakage,0.5,1,3,3029,L4: one cross-silo graph at inference,0.800377358490566,0.616022115831115,0.7924528301886793,0.66,0.5526315789473685,0.8571428571428571,0.6511627906976745,0.6984627512810406,0.24617433547973633,-2.1688559023590788,0.3251641188662678,0.23575620944885647,0.6409229636192322,42,66,34,11,9.793694019317627,4865104,35.0,0.5298995219978538,179,5,161,4,343,177,308,159,,,,,,,,,,,,,,,,,,,,,,,,,522,93,153,469
leakage,pima,2,0.1,leakage,0.5,1,3,3029,All four shortcuts,0.8311320754716982,0.6692448158239757,0.8867924528301887,0.62,0.5529411764705883,0.9117647058823529,0.6811594202898551,0.7096273291925466,0.1650649607181549,-0.5095469126154679,0.8006634434153462,0.09078736379255656,0.33973148465156555,47,62,38,6,12.940382480621338,4793280,210.0,0.5468595398358348,179,5,161,4,343,177,308,159,,,,,,,,,,,,,,,,,,,,,,,,,522,93,153,469
leakage,pima,2,0.1,leakage,0.5,1,3,3029,"FedAvg-LR, correct protocol",0.8420754716981131,0.7744011289103265,0.9056603773584906,0.48,0.48,0.9056603773584906,0.6274509803921569,0.6274509803921569,0.2055221050977707,-1.2792074793640273,1.1808240606056457,0.22265872047617546,0.43215513229370117,48,48,52,5,0.602393627166748,8848,,0.5038393466839473,179,5,161,4,343,177,308,159,,,,,,,,,,,,,,,,,,,,,,,,,522,93,153,469
leakage,pima,2,0.1,leakage,0.5,1,3,3029,"FedAvg-LR, L3",0.8481132075471699,0.7866539139809854,0.7924528301886793,0.73,0.6086956521739131,0.8690476190476191,0.6885245901639344,0.7410014255167499,0.2030191421508789,-1.3282717304282483,1.137892314641565,0.2226984165852366,0.615702211856842,42,73,27,11,0.5085270404815674,8848,,0.5030868068620483,179,5,161,4,343,177,308,159,,,,,,,,,,,,,,,,,,,,,,,,,522,93,153,469
leakage,pima,2,0.1,leakage,0.5,1,4,3030,Correct protocol (this study),0.7964150943396225,0.7092189668840839,0.7924528301886793,0.7,0.5833333333333334,0.8641975308641975,0.672,0.7227403314917127,0.19159939885139465,-0.731103927882847,0.2920889924111176,0.16090736426169577,0.31934529542922974,42,70,30,11,10.031422853469849,4865104,42.0,0.6075992586089163,301,16,270,14,221,166,199,149,,,,,,,,,,,,,,,,,,,,,,,,,522,93,153,469
leakage,pima,2,0.1,leakage,0.5,1,4,3030,L1: test patients in training graph,0.8001886792452829,0.7222323205548566,0.8113207547169812,0.69,0.581081081081081,0.8734177215189873,0.6771653543307087,0.7240575375005498,0.1865973323583603,0.02648195249184876,0.25889295499185755,0.14818582454927604,0.15745019912719727,43,69,31,10,9.978370189666748,4865104,259.0,0.5689061694329474,301,16,270,14,221,166,199,149,,,,,,,,,,,,,,,,,,,,,,,,,522,93,153,469
leakage,pima,2,0.1,leakage,0.5,1,4,3030,L2: pooled final classifier,0.7799999999999999,0.7319666683459612,0.660377358490566,0.81,0.6481481481481481,0.8181818181818182,0.6542056074766355,0.7341379796177148,0.1761498600244522,-0.27822601405556996,0.4866843549504105,0.12292471941974428,0.4478740394115448,35,81,19,18,8.118549346923828,4793280,42.0,0.6384324874228298,301,16,270,14,221,166,199,149,,,,,,,,,,,,,,,,,,,,,,,,,522,93,153,469
leakage,pima,2,0.1,leakage,0.5,1,4,3030,L3: preprocessing fitted on all data,0.8015094339622642,0.7096264433033361,0.8301886792452831,0.58,0.5116279069767442,0.8656716417910447,0.6330935251798561,0.6638521518114849,0.19320623576641083,0.5198401659119956,0.26963655568272116,0.1800399623762548,0.05796006694436073,44,58,42,9,11.868129968643188,4865104,43.0,0.5964087127388269,301,16,270,14,221,166,199,149,,,,,,,,,,,,,,,,,,,,,,,,,522,93,153,469
leakage,pima,2,0.1,leakage,0.5,1,4,3030,L4: one cross-silo graph at inference,0.8330188679245284,0.7029603369157804,0.9433962264150944,0.55,0.5263157894736842,0.9482758620689655,0.6756756756756757,0.6859391036606226,0.1771930605173111,-0.3013599710529315,0.3069409224713254,0.1423109808291485,0.052360888570547104,50,55,45,3,18.672584295272827,4865104,42.0,0.5285547054642753,301,16,270,14,221,166,199,149,,,,,,,,,,,,,,,,,,,,,,,,,522,93,153,469
leakage,pima,2,0.1,leakage,0.5,1,4,3030,All four shortcuts,0.8279245283018868,0.7094485930820176,0.6981132075471698,0.78,0.6271186440677966,0.8297872340425532,0.6607142857142857,0.732418998527246,0.16825184226036072,-0.466861406155491,0.5835663218265246,0.08672398143734028,0.4735782742500305,37,78,22,16,15.069109201431274,4793280,265.0,0.5206739412182784,301,16,270,14,221,166,199,149,,,,,,,,,,,,,,,,,,,,,,,,,522,93,153,469
leakage,pima,2,0.1,leakage,0.5,1,4,3030,"FedAvg-LR, correct protocol",0.8258490566037736,0.6815314000853033,0.7924528301886793,0.67,0.56,0.8589743589743589,0.65625,0.7045294943820224,0.18376441299915314,0.8051956633984083,0.8024967119539248,0.147764445933836,0.13910862803459167,42,67,33,11,2.156536102294922,8848,,0.5052747467146063,301,16,270,14,221,166,199,149,,,,,,,,,,,,,,,,,,,,,,,,,522,93,153,469
leakage,pima,2,0.1,leakage,0.5,1,4,3030,"FedAvg-LR, L3",0.8254716981132075,0.6811135620229126,0.7924528301886793,0.67,0.56,0.8589743589743589,0.65625,0.7045294943820224,0.18374411761760712,0.8044050647368137,0.8006913886051801,0.14778503826728054,0.1380157470703125,42,67,33,11,0.798149824142456,8848,,0.5051632593335842,301,16,270,14,221,166,199,149,,,,,,,,,,,,,,,,,,,,,,,,,522,93,153,469
leakage,pima,2,0.1,leakage,0.5,2,0,4026,Correct protocol (this study),0.7985185185185185,0.6394021867939481,0.7962962962962963,0.67,0.5657894736842105,0.8589743589743589,0.6615384615384615,0.7071737251512532,0.21633173525333405,-0.20296375204721936,0.29108333867500874,0.20001061182082083,0.16601797938346863,43,67,33,11,8.109426259994507,4865104,36.0,0.5463078588078588,165,16,148,14,356,166,320,149,,,,,,,,,,,,,,,,,,,,,,,,,521,93,154,468
leakage,pima,2,0.1,leakage,0.5,2,0,4026,L1: test patients in training graph,0.8262962962962963,0.703346668470308,0.8888888888888888,0.64,0.5714285714285714,0.9142857142857143,0.6956521739130435,0.7242966751918158,0.192050963640213,-0.9961153340352523,0.3898868553893579,0.16784854668688465,0.3019903898239136,48,64,36,6,10.363230466842651,4865104,165.0,0.5250582750582751,165,16,148,14,356,166,320,149,,,,,,,,,,,,,,,,,,,,,,,,,521,93,154,468
leakage,pima,2,0.1,leakage,0.5,2,0,4026,L2: pooled final classifier,0.8285185185185184,0.6940212175983822,0.8148148148148148,0.68,0.5789473684210527,0.8717948717948718,0.676923076923077,0.7204840103716508,0.1707022786140442,-0.39343508179163716,0.5954280696150892,0.08894407745547495,0.3301536440849304,44,68,32,10,8.162190914154053,4793280,36.0,0.5474247974247974,165,16,148,14,356,166,320,149,,,,,,,,,,,,,,,,,,,,,,,,,521,93,154,468
leakage,pima,2,0.1,leakage,0.5,2,0,4026,L3: preprocessing fitted on all data,0.8053703703703704,0.6522339978247175,0.8333333333333334,0.69,0.5921052631578947,0.8846153846153846,0.6923076923076923,0.7337942955920485,0.21824702620506287,-1.066828410275387,0.2783340557079496,0.19126575576842988,0.2815622091293335,45,69,31,9,20.713890552520752,4865104,37.0,0.5512265512265512,165,16,148,14,356,166,320,149,,,,,,,,,,,,,,,,,,,,,,,,,521,93,154,468
leakage,pima,2,0.1,leakage,0.5,2,0,4026,L4: one cross-silo graph at inference,0.815,0.6597908117862206,0.8518518518518519,0.6,0.5348837209302325,0.8823529411764706,0.6571428571428571,0.6857142857142857,0.22365084290504456,-2.129572099806034,0.3389685044716845,0.201741863513825,0.30339500308036804,46,60,40,8,11.18979525566101,4865104,36.0,0.5224220224220224,165,16,148,14,356,166,320,149,,,,,,,,,,,,,,,,,,,,,,,,,521,93,154,468
leakage,pima,2,0.1,leakage,0.5,2,0,4026,All four shortcuts,0.832037037037037,0.6696851327008613,0.8888888888888888,0.73,0.64,0.9240506329113924,0.7441860465116279,0.7799142523060933,0.1745399683713913,-0.8487089040713806,0.7251974884811124,0.1534917778395987,0.49516281485557556,48,73,27,6,18.70629048347473,4793280,162.0,0.5255994005994007,165,16,148,14,356,166,320,149,,,,,,,,,,,,,,,,,,,,,,,,,521,93,154,468
leakage,pima,2,0.1,leakage,0.5,2,0,4026,"FedAvg-LR, correct protocol",0.8407407407407408,0.6742828962252572,0.8888888888888888,0.62,0.5581395348837209,0.9117647058823529,0.6857142857142857,0.7119047619047619,0.18642503023147583,-1.058578892985717,0.975914912865082,0.17702847743382702,0.484537273645401,48,62,38,6,0.904653787612915,8848,,0.523962148962149,165,16,148,14,356,166,320,149,,,,,,,,,,,,,,,,,,,,,,,,,521,93,154,468
leakage,pima,2,0.1,leakage,0.5,2,0,4026,"FedAvg-LR, L3",0.8405555555555555,0.6788842422903818,0.8888888888888888,0.62,0.5581395348837209,0.9117647058823529,0.6857142857142857,0.7119047619047619,0.1865139603614807,-1.0493883896401848,1.002093517757112,0.17756568901724631,0.48160821199417114,48,62,38,6,0.5762348175048828,8848,,0.5232128982128982,165,16,148,14,356,166,320,149,,,,,,,,,,,,,,,,,,,,,,,,,521,93,154,468
leakage,pima,2,0.1,leakage,0.5,2,1,4027,Correct protocol (this study),0.8527777777777779,0.7563292188879672,0.7037037037037037,0.83,0.6909090909090909,0.8383838383838383,0.6972477064220184,0.7657092803466876,0.173058420419693,-0.9521545471435967,0.2907513722790711,0.14905533089314577,0.6230494379997253,38,83,17,16,8.199201583862305,4865104,11.0,0.5578946639714231,193,92,174,83,328,90,295,81,,,,,,,,,,,,,,,,,,,,,,,,,521,93,154,469
leakage,pima,2,0.1,leakage,0.5,2,1,4027,L1: test patients in training graph,0.8309259259259258,0.7480173367320961,0.7592592592592593,0.76,0.6307692307692307,0.8539325842696629,0.6890756302521008,0.7466542172424525,0.22187823057174683,-2.3549840600860357,0.26251899014402214,0.20272132344302035,0.7373068332672119,41,76,24,13,10.370068788528442,4865104,130.0,0.5521072743887243,193,92,174,83,328,90,295,81,,,,,,,,,,,,,,,,,,,,,,,,,521,93,154,469
leakage,pima,2,0.1,leakage,0.5,2,1,4027,L2: pooled final classifier,0.78,0.6533067457555968,0.7407407407407407,0.65,0.5333333333333333,0.8227848101265823,0.6201550387596899,0.6732060109999567,0.19067475199699402,-0.2071028979794726,0.522195194778764,0.1105991777080994,0.2899976074695587,40,65,35,14,8.129170894622803,4793280,11.0,0.5895383933763465,193,92,174,83,328,90,295,81,,,,,,,,,,,,,,,,,,,,,,,,,521,93,154,469
leakage,pima,2,0.1,leakage,0.5,2,1,4027,L3: preprocessing fitted on all data,0.8309259259259258,0.7061569223100299,0.6851851851851852,0.76,0.6065573770491803,0.8172043010752689,0.6434782608695652,0.7155215138544717,0.16700108349323273,-0.4237588564724626,0.5928717853465588,0.10629074778649714,0.46522295475006104,37,76,24,17,21.33907413482666,4865104,11.0,0.5760252540636337,193,92,174,83,328,90,295,81,,,,,,,,,,,,,,,,,,,,,,,,,521,93,154,469
leakage,pima,2,0.1,leakage,0.5,2,1,4027,L4: one cross-silo graph at inference,0.8462962962962963,0.7626144062124587,0.5,0.9,0.7297297297297297,0.7692307692307693,0.5934065934065934,0.7114498404820986,0.17957182228565216,-1.2504611129539085,0.2773861673196014,0.15769828196808505,0.9706442952156067,27,90,10,27,10.716188430786133,4865104,11.0,0.5354096862625647,193,92,174,83,328,90,295,81,,,,,,,,,,,,,,,,,,,,,,,,,521,93,154,469
leakage,pima,2,0.1,leakage,0.5,2,1,4027,All four shortcuts,0.8027777777777777,0.6737797699470938,0.5370370370370371,0.83,0.6304347826086957,0.7685185185185185,0.58,0.6890384615384615,0.18259860575199127,-0.536099841735944,0.5881512396586558,0.09318215380628389,0.6376943588256836,29,83,17,25,18.77939224243164,4793280,133.0,0.5713870351397003,193,92,174,83,328,90,295,81,,,,,,,,,,,,,,,,,,,,,,,,,521,93,154,469
leakage,pima,2,0.1,leakage,0.5,2,1,4027,"FedAvg-LR, correct protocol",0.8337037037037037,0.7449640379664716,0.7407407407407407,0.72,0.5882352941176471,0.8372093023255814,0.6557377049180327,0.7149656266525648,0.15998771786689758,-0.4050859439753719,0.9698406053087821,0.08962756966228608,0.39758169651031494,40,72,28,14,0.8665404319763184,8848,,0.5220142331016531,193,92,174,83,328,90,295,81,,,,,,,,,,,,,,,,,,,,,,,,,521,93,154,469
leakage,pima,2,0.1,leakage,0.5,2,1,4027,"FedAvg-LR, L3",0.8377777777777778,0.7522081503809204,0.7592592592592593,0.67,0.5540540540540541,0.8375,0.640625,0.6925347222222222,0.15708287060260773,-0.40373820476315325,0.9866605758453707,0.09257317547287261,0.3684200346469879,41,67,33,13,1.4577577114105225,8848,,0.5191066928806801,193,92,174,83,328,90,295,81,,,,,,,,,,,,,,,,,,,,,,,,,521,93,154,469
leakage,pima,2,0.1,leakage,0.5,2,2,4028,Correct protocol (this study),0.8124074074074074,0.6397860264418767,0.7962962962962963,0.73,0.6142857142857143,0.8690476190476191,0.6935483870967742,0.7435133239831697,0.19183164834976196,0.3764042011696292,0.24299444086561217,0.16270909778918927,0.12221095710992813,43,73,27,11,14.99476170539856,4865104,44.0,0.5574723783679008,175,147,157,132,346,35,312,32,,,,,,,,,,,,,,,,,,,,,,,,,521,93,154,469
leakage,pima,2,0.1,leakage,0.5,2,2,4028,L1: test patients in training graph,0.8205555555555556,0.7263891709082796,0.5555555555555556,0.85,0.6666666666666666,0.7798165137614679,0.6060606060606061,0.7097288676236044,0.20062890648841858,0.6088802600200838,0.2689194663921687,0.19570589445337844,0.6006271243095398,30,85,15,24,17.05007576942444,4865104,245.0,0.5193143743250354,175,147,157,132,346,35,312,32,,,,,,,,,,,,,,,,,,,,,,,,,521,93,154,469
leakage,pima,2,0.1,leakage,0.5,2,2,4028,L2: pooled final classifier,0.7618518518518518,0.5604518870433177,0.8333333333333334,0.66,0.569620253164557,0.88,0.6766917293233082,0.7154887218045113,0.2045510858297348,0.042170250954839214,0.37745186619042614,0.1528762268845911,0.20722176134586334,45,66,34,9,13.829990148544312,4793280,44.0,0.6317531082989505,175,147,157,132,346,35,312,32,,,,,,,,,,,,,,,,,,,,,,,,,521,93,154,469
leakage,pima,2,0.1,leakage,0.5,2,2,4028,L3: preprocessing fitted on all data,0.7996296296296297,0.6326236389527166,0.6666666666666666,0.81,0.6545454545454545,0.8181818181818182,0.6605504587155964,0.7373104052371952,0.20054210722446442,0.6525590737108178,0.23279353438077416,0.17314668415211043,0.33947309851646423,36,81,19,18,10.660157203674316,4865104,43.0,0.5787251128402515,175,147,157,132,346,35,312,32,,,,,,,,,,,,,,,,,,,,,,,,,521,93,154,469
leakage,pima,2,0.1,leakage,0.5,2,2,4028,L4: one cross-silo graph at inference,0.8664814814814814,0.7488567473754821,0.6666666666666666,0.84,0.6923076923076923,0.8235294117647058,0.6792452830188679,0.7554642256678498,0.17974543571472168,0.5993144303846916,0.3064024490938295,0.17042643747401315,0.3686170279979706,36,84,16,18,16.349809646606445,4865104,44.0,0.46141278763880045,175,147,157,132,346,35,312,32,,,,,,,,,,,,,,,,,,,,,,,,,521,93,154,469
leakage,pima,2,0.1,leakage,0.5,2,2,4028,All four shortcuts,0.8412962962962963,0.7274242053793144,0.7037037037037037,0.79,0.6440677966101694,0.8315789473684211,0.672566371681416,0.7414113909689131,0.16011416912078857,-0.27261985288790946,0.6975533775236198,0.07586604937330468,0.3940536677837372,38,79,21,16,14.586293697357178,4793280,236.0,0.48769141306454744,175,147,157,132,346,35,312,32,,,,,,,,,,,,,,,,,,,,,,,,,521,93,154,469
leakage,pima,2,0.1,leakage,0.5,2,2,4028,"FedAvg-LR, correct protocol",0.8483333333333334,0.7053614661721357,0.7777777777777778,0.67,0.56,0.8481012658227848,0.6511627906976745,0.6998830713264909,0.17481514811515808,0.9117797616348714,0.6689580338990704,0.13184112859527009,0.10613244026899338,42,67,33,12,0.6346030235290527,8848,,0.4615235510757899,175,147,157,132,346,35,312,32,,,,,,,,,,,,,,,,,,,,,,,,,521,93,154,469
leakage,pima,2,0.1,leakage,0.5,2,2,4028,"FedAvg-LR, L3",0.848888888888889,0.706862155950104,0.7777777777777778,0.67,0.56,0.8481012658227848,0.6511627906976745,0.6998830713264909,0.1747911125421524,0.9131320582932355,0.6683742918089361,0.13197456382505304,0.10596361756324768,42,67,33,12,0.8654725551605225,8848,,0.461302024201811,175,147,157,132,346,35,312,32,,,,,,,,,,,,,,,,,,,,,,,,,521,93,154,469
leakage,pima,2,0.1,leakage,0.5,2,3,4029,Correct protocol (this study),0.7450943396226415,0.6143084728118848,0.6792452830188679,0.73,0.5714285714285714,0.8111111111111111,0.6206896551724138,0.6945553539019964,0.20488597452640533,-0.07259236059284133,0.21053007985976735,0.15585948546337924,0.3287232220172882,36,73,27,17,16.22139000892639,4865104,32.0,0.5906967042136003,249,140,224,126,273,42,246,38,,,,,,,,,,,,,,,,,,,,,,,,,522,93,153,470
leakage,pima,2,0.1,leakage,0.5,2,3,4029,L1: test patients in training graph,0.7471698113207548,0.6364510693606158,0.6981132075471698,0.72,0.5692307692307692,0.8181818181818182,0.6271186440677966,0.6965380454381536,0.2385958433151245,-0.7413900928666664,0.21428348987262877,0.20890727059708697,0.39517393708229065,37,72,28,16,15.085626363754272,4865104,196.0,0.5847170073703241,249,140,224,126,273,42,246,38,,,,,,,,,,,,,,,,,,,,,,,,,522,93,153,470
leakage,pima,2,0.1,leakage,0.5,2,3,4029,L2: pooled final classifier,0.7433962264150943,0.6234744842446251,0.7735849056603774,0.51,0.45555555555555555,0.8095238095238095,0.5734265734265734,0.5995967222961088,0.1999157816171646,-0.30316140714766127,0.2312381628519979,0.13783903645193266,0.18447835743427277,41,51,49,12,12.068341732025146,4793280,32.0,0.5803226255041023,249,140,224,126,273,42,246,38,,,,,,,,,,,,,,,,,,,,,,,,,522,93,153,470
leakage,pima,2,0.1,leakage,0.5,2,3,4029,L3: preprocessing fitted on all data,0.7786792452830189,0.6530307693469719,0.7735849056603774,0.64,0.5324675324675324,0.8421052631578947,0.6307692307692307,0.679020979020979,0.2128957062959671,-0.8689418566369393,0.22732426370174785,0.18475425130158077,0.3603575527667999,41,64,36,12,11.096258401870728,4865104,33.0,0.5919830343484911,249,140,224,126,273,42,246,38,,,,,,,,,,,,,,,,,,,,,,,,,522,93,153,470
leakage,pima,2,0.1,leakage,0.5,2,3,4029,L4: one cross-silo graph at inference,0.7620754716981131,0.572165206243156,0.7547169811320755,0.69,0.5633802816901409,0.8414634146341463,0.6451612903225806,0.7017015242821694,0.21205562353134155,-0.639242453492413,0.22018559848190875,0.1516377737538682,0.3585861027240753,40,69,31,13,16.081339359283447,4865104,32.0,0.5754554303991101,249,140,224,126,273,42,246,38,,,,,,,,,,,,,,,,,,,,,,,,,522,93,153,470
leakage,pima,2,0.1,leakage,0.5,2,3,4029,All four shortcuts,0.7592452830188678,0.6394409655413763,0.6792452830188679,0.73,0.5714285714285714,0.8111111111111111,0.6206896551724138,0.6945553539019964,0.2017868608236313,-0.4939614369311311,0.502620587887778,0.14595664654146223,0.49656054377555847,36,73,27,17,13.753921031951904,4793280,203.0,0.5867612293144209,249,140,224,126,273,42,246,38,,,,,,,,,,,,,,,,,,,,,,,,,522,93,153,470
leakage,pima,2,0.1,leakage,0.5,2,3,4029,"FedAvg-LR, correct protocol",0.7684905660377359,0.6150681385973812,0.6981132075471698,0.71,0.5606060606060606,0.8160919540229885,0.6218487394957983,0.6906035141329259,0.18853023648262024,-0.11732686461104695,0.5642835812039105,0.08796970405025419,0.3342016637325287,37,71,29,16,0.6036820411682129,8848,,0.5434710054234461,249,140,224,126,273,42,246,38,,,,,,,,,,,,,,,,,,,,,,,,,522,93,153,470
leakage,pima,2,0.1,leakage,0.5,2,3,4029,"FedAvg-LR, L3",0.7688679245283019,0.6148544889754936,0.6981132075471698,0.7,0.5522388059701493,0.813953488372093,0.6166666666666667,0.6846774193548387,0.18889069557189941,-0.11759184734837311,0.552301411664419,0.07846773474239836,0.3291846811771393,37,70,30,16,0.5695490837097168,8848,,0.5425114726741761,249,140,224,126,273,42,246,38,,,,,,,,,,,,,,,,,,,,,,,,,522,93,153,470
leakage,pima,2,0.1,leakage,0.5,2,4,4030,Correct protocol (this study),0.7967924528301887,0.7110008561020358,0.6226415094339622,0.79,0.6111111111111112,0.797979797979798,0.616822429906542,0.7053961395763866,0.23115873336791992,-1.0863036747487496,0.2300788038356428,0.21724841416831697,0.7361494898796082,33,79,21,20,15.882375478744507,4865104,40.0,0.5807537199276874,202,153,182,138,320,29,288,26,,,,,,,,,,,,,,,,,,,,,,,,,522,93,153,470
leakage,pima,2,0.1,leakage,0.5,2,4,4030,L1: test patients in training graph,0.7828301886792453,0.7010182768840636,0.7169811320754716,0.7,0.5588235294117647,0.8235294117647058,0.628099173553719,0.6924279651552379,0.23673126101493835,-1.3731077652358448,0.19955284562976058,0.23192453773972255,0.5353304743766785,38,70,30,15,15.572976112365723,4865104,214.0,0.574217772215269,202,153,182,138,320,29,288,26,,,,,,,,,,,,,,,,,,,,,,,,,522,93,153,470
leakage,pima,2,0.1,leakage,0.5,2,4,4030,L2: pooled final classifier,0.6583018867924528,0.5521051877968088,0.8679245283018868,0.35,0.4144144144144144,0.8333333333333334,0.5609756097560976,0.5269666781174854,0.28103160858154297,-0.49477443438209445,0.22013244318993327,0.2461991255579431,0.055428460240364075,46,35,65,7,11.442776203155518,4793280,40.0,0.6691558893060771,202,153,182,138,320,29,288,26,,,,,,,,,,,,,,,,,,,,,,,,,522,93,153,470
leakage,pima,2,0.1,leakage,0.5,2,4,4030,L3: preprocessing fitted on all data,0.7926415094339623,0.6880131383608264,0.6792452830188679,0.7,0.5454545454545454,0.8045977011494253,0.6050420168067226,0.6768525592055004,0.24135933816432953,-1.3936207138808319,0.20522793532120628,0.23218455620937878,0.5057177543640137,36,70,30,17,14.736244916915894,4865104,41.0,0.5776734807398137,202,153,182,138,320,29,288,26,,,,,,,,,,,,,,,,,,,,,,,,,522,93,153,470
leakage,pima,2,0.1,leakage,0.5,2,4,4030,L4: one cross-silo graph at inference,0.8322641509433962,0.7151597129229303,0.6792452830188679,0.78,0.6206896551724138,0.8210526315789474,0.6486486486486487,0.7243243243243244,0.20239517092704773,-1.0126968776108796,0.31206489324791775,0.19135251490314023,0.6805980801582336,36,78,22,17,13.017164707183838,4865104,40.0,0.5130788485607009,202,153,182,138,320,29,288,26,,,,,,,,,,,,,,,,,,,,,,,,,522,93,153,470
leakage,pima,2,0.1,leakage,0.5,2,4,4030,All four shortcuts,0.8318867924528303,0.7044324183163195,0.7735849056603774,0.76,0.6307692307692307,0.8636363636363636,0.6949152542372882,0.7517129462675802,0.18124067783355713,-1.0368621594928504,0.6579259105663042,0.1410545208095725,0.5860768556594849,41,76,24,12,13.157767057418823,4793280,212.0,0.5095257961340565,202,153,182,138,320,29,288,26,,,,,,,,,,,,,,,,,,,,,,,,,522,93,153,470
leakage,pima,2,0.1,leakage,0.5,2,4,4030,"FedAvg-LR, correct protocol",0.8637735849056604,0.7996721541844218,0.7547169811320755,0.76,0.625,0.8539325842696629,0.6837606837606838,0.743996743996744,0.15076030790805817,0.7648612258400884,0.8908664446245618,0.0979848016126483,0.18892225623130798,40,76,24,13,0.6412899494171143,8848,,0.4805451258517591,202,153,182,138,320,29,288,26,,,,,,,,,,,,,,,,,,,,,,,,,522,93,153,470
leakage,pima,2,0.1,leakage,0.5,2,4,4030,"FedAvg-LR, L3",0.8643396226415094,0.8002299076116177,0.7547169811320755,0.76,0.625,0.8539325842696629,0.6837606837606838,0.743996743996744,0.15065479278564453,0.7618611898713082,0.8893047222002466,0.09865648309194963,0.18905796110630035,40,76,24,13,0.669858455657959,8848,,0.480489500764845,202,153,182,138,320,29,288,26,,,,,,,,,,,,,,,,,,,,,,,,,522,93,153,470
leakage,pima,2,0.1,leakage,0.5,3,0,5026,Correct protocol (this study),0.8285185185185185,0.7015535100707941,0.5370370370370371,0.88,0.7073170731707317,0.7787610619469026,0.6105263157894737,0.7184086978008402,0.2139543741941452,-2.373702540529242,0.34093153766714684,0.195111098614606,0.9637522101402283,29,88,12,25,9.268841743469238,4865104,23.0,0.5691717663999114,94,80,85,72,427,102,384,92,,,,,,,,,,,,,,,,,,,,,,,,,521,93,154,469
leakage,pima,2,0.1,leakage,0.5,3,0,5026,L1: test patients in training graph,0.8662962962962963,0.7526440599756985,0.7407407407407407,0.81,0.6779661016949152,0.8526315789473684,0.7079646017699115,0.7693669162695711,0.1900549829006195,-2.0775214684654775,0.43536932277832985,0.17120422362410403,0.8676734566688538,40,81,19,14,13.288279294967651,4865104,149.0,0.5230111040345582,94,80,85,72,427,102,384,92,,,,,,,,,,,,,,,,,,,,,,,,,521,93,154,469
leakage,pima,2,0.1,leakage,0.5,3,0,5026,L2: pooled final classifier,0.8131481481481482,0.6684813353307992,0.6111111111111112,0.83,0.66,0.7980769230769231,0.6346153846153846,0.7241704374057315,0.18000483512878418,-0.7348700688007206,0.6178209110879617,0.11939401738345624,0.710210919380188,33,83,17,21,9.340580701828003,4793280,23.0,0.6080912690720792,94,80,85,72,427,102,384,92,,,,,,,,,,,,,,,,,,,,,,,,,521,93,154,469
leakage,pima,2,0.1,leakage,0.5,3,0,5026,L3: preprocessing fitted on all data,0.842037037037037,0.7440110843211395,0.7777777777777778,0.77,0.6461538461538462,0.8651685393258427,0.7058823529411765,0.7603485838779956,0.19812819361686707,-1.681494118376034,0.41066189903338646,0.17891670611094346,0.7434055805206299,42,77,23,12,15.387162208557129,4865104,22.0,0.5675587738487525,94,80,85,72,427,102,384,92,,,,,,,,,,,,,,,,,,,,,,,,,521,93,154,469
leakage,pima,2,0.1,leakage,0.5,3,0,5026,L4: one cross-silo graph at inference,0.8225925925925927,0.682335718280523,0.8888888888888888,0.59,0.5393258426966292,0.9076923076923077,0.6713286713286714,0.6932400932400933,0.20087546110153198,-1.4241506937939339,0.3763931637264986,0.17566494863818993,0.2570587992668152,48,59,41,6,15.925272703170776,4865104,23.0,0.5368219200841802,94,80,85,72,427,102,384,92,,,,,,,,,,,,,,,,,,,,,,,,,521,93,154,469
leakage,pima,2,0.1,leakage,0.5,3,0,5026,All four shortcuts,0.8468518518518519,0.7023077704038463,0.7777777777777778,0.75,0.6268656716417911,0.8620689655172413,0.6942148760330579,0.7481769567331065,0.1618485152721405,-0.6814742564765306,0.6479161902404202,0.10124900107356635,0.45763638615608215,42,75,25,12,28.6759090423584,4793280,150.0,0.5450668734250824,94,80,85,72,427,102,384,92,,,,,,,,,,,,,,,,,,,,,,,,,521,93,154,469
leakage,pima,2,0.1,leakage,0.5,3,0,5026,"FedAvg-LR, correct protocol",0.8357407407407408,0.7134130631293972,0.5740740740740741,0.92,0.7948717948717948,0.8,0.6666666666666666,0.7612403100775194,0.16165238618850708,-0.5685119630004847,0.8301283155958717,0.09654700562551424,0.7295903563499451,31,92,8,23,2.066093921661377,8848,,0.5212250436131033,94,80,85,72,427,102,384,92,,,,,,,,,,,,,,,,,,,,,,,,,521,93,154,469
leakage,pima,2,0.1,leakage,0.5,3,0,5026,"FedAvg-LR, L3",0.8362962962962963,0.7140744278294554,0.5740740740740741,0.92,0.7948717948717948,0.8,0.6666666666666666,0.7612403100775194,0.16173182427883148,-0.5684773140371461,0.8293755737402534,0.09663724974281603,0.7306146621704102,31,92,8,23,0.8537881374359131,8848,,0.521017362168748,94,80,85,72,427,102,384,92,,,,,,,,,,,,,,,,,,,,,,,,,521,93,154,469
leakage,pima,2,0.1,leakage,0.5,3,1,5027,Correct protocol (this study),0.7751851851851852,0.6479194486715469,0.6666666666666666,0.66,0.5142857142857142,0.7857142857142857,0.5806451612903226,0.6490182328190743,0.2410973459482193,-1.4734010299602143,0.38065169216653144,0.21739752672298196,0.6464941501617432,36,66,34,18,8.867888927459717,4865104,25.0,0.6187107135934428,449,125,404,112,72,57,65,51,,,,,,,,,,,,,,,,,,,,,,,,,521,93,154,469
leakage,pima,2,0.1,leakage,0.5,3,1,5027,L1: test patients in training graph,0.7822222222222222,0.6573592644641969,0.8148148148148148,0.6,0.5238095238095238,0.8571428571428571,0.6376811594202898,0.6717817561807331,0.2477353811264038,-2.1318328164207787,0.25203991000363263,0.23267198276597184,0.3774261474609375,44,60,40,10,13.286137342453003,4865104,168.0,0.6018677484562346,449,125,404,112,72,57,65,51,,,,,,,,,,,,,,,,,,,,,,,,,521,93,154,469
leakage,pima,2,0.1,leakage,0.5,3,1,5027,L2: pooled final classifier,0.7874074074074073,0.6716566181135347,0.6666666666666666,0.73,0.5714285714285714,0.8021978021978022,0.6153846153846154,0.6898912605718889,0.19791413843631744,-0.6678723899570753,0.6266152174597116,0.14195668687681098,0.5696390867233276,36,73,27,18,9.723448753356934,4793280,25.0,0.6327638246614793,449,125,404,112,72,57,65,51,,,,,,,,,,,,,,,,,,,,,,,,,521,93,154,469
leakage,pima,2,0.1,leakage,0.5,3,1,5027,L3: preprocessing fitted on all data,0.8116666666666668,0.673247252246489,0.8333333333333334,0.66,0.569620253164557,0.88,0.6766917293233082,0.7154887218045113,0.24880214035511017,-2.300045360363461,0.34988367279473387,0.25675304503748553,0.6866989135742188,45,66,34,9,17.003014087677002,4865104,24.0,0.6152424334727107,449,125,404,112,72,57,65,51,,,,,,,,,,,,,,,,,,,,,,,,,521,93,154,469
leakage,pima,2,0.1,leakage,0.5,3,1,5027,L4: one cross-silo graph at inference,0.8042592592592592,0.6964612332692056,0.8518518518518519,0.57,0.5168539325842697,0.8769230769230769,0.6433566433566433,0.6671328671328671,0.2892208695411682,-3.4664717157960623,0.2405876049129358,0.2941009143923784,0.5528755784034729,46,57,43,8,16.739684104919434,4865104,25.0,0.5835294769196688,449,125,404,112,72,57,65,51,,,,,,,,,,,,,,,,,,,,,,,,,521,93,154,469
leakage,pima,2,0.1,leakage,0.5,3,1,5027,All four shortcuts,0.7909259259259259,0.6731558941765627,0.5740740740740741,0.85,0.6739130434782609,0.7870370370370371,0.62,0.7186538461538461,0.2053256779909134,-0.9766828412662093,0.5512271777126247,0.1590723974944709,0.748161256313324,31,85,15,23,27.372511386871338,4793280,155.0,0.5988840583723313,449,125,404,112,72,57,65,51,,,,,,,,,,,,,,,,,,,,,,,,,521,93,154,469
leakage,pima,2,0.1,leakage,0.5,3,1,5027,"FedAvg-LR, correct protocol",0.8003703703703704,0.6977955866574395,0.7407407407407407,0.73,0.5970149253731343,0.8390804597701149,0.6611570247933884,0.7209528439474964,0.18319296836853027,-0.6577121584101807,0.7450870906408549,0.11872949286714776,0.474584698677063,40,73,27,14,0.802093505859375,8848,,0.5563924348572535,449,125,404,112,72,57,65,51,,,,,,,,,,,,,,,,,,,,,,,,,521,93,154,469
leakage,pima,2,0.1,leakage,0.5,3,1,5027,"FedAvg-LR, L3",0.7990740740740742,0.6954260044522562,0.7407407407407407,0.74,0.6060606060606061,0.8409090909090909,0.6666666666666666,0.7269503546099291,0.18328934907913208,-0.6566382877169726,0.7491819329704966,0.11835222161532222,0.47733360528945923,40,74,26,14,1.6674959659576416,8848,,0.5558247722426827,449,125,404,112,72,57,65,51,,,,,,,,,,,,,,,,,,,,,,,,,521,93,154,469
leakage,pima,2,0.1,leakage,0.5,3,2,5028,Correct protocol (this study),0.8514814814814814,0.7696200168001949,0.6851851851851852,0.87,0.74,0.8365384615384616,0.7115384615384616,0.7822398190045249,0.2239195555448532,-2.8710827095579714,0.26803259224330667,0.2329447579255642,0.9684606790542603,37,87,13,17,8.865128755569458,4865104,16.0,0.5185597984105447,85,29,76,26,436,153,393,138,,,,,,,,,,,,,,,,,,,,,,,,,521,93,154,469
leakage,pima,2,0.1,leakage,0.5,3,2,5028,L1: test patients in training graph,0.8559259259259259,0.7650912403994412,0.9074074074074074,0.6,0.550561797752809,0.9230769230769231,0.6853146853146853,0.7062937062937062,0.2083330750465393,-2.5173681908379684,0.2988518627694219,0.20754903342042652,0.21582970023155212,49,60,40,5,12.913135051727295,4865104,133.0,0.4972724503641348,85,29,76,26,436,153,393,138,,,,,,,,,,,,,,,,,,,,,,,,,521,93,154,469
leakage,pima,2,0.1,leakage,0.5,3,2,5028,L2: pooled final classifier,0.8235185185185185,0.7537329660600725,0.7037037037037037,0.81,0.6666666666666666,0.8350515463917526,0.6846846846846847,0.7535098550326977,0.15824048221111298,-0.09364331193100414,0.6839858700695481,0.08713844612047271,0.46742039918899536,38,81,19,16,9.781581401824951,4793280,16.0,0.5369949879544762,85,29,76,26,436,153,393,138,,,,,,,,,,,,,,,,,,,,,,,,,521,93,154,469
leakage,pima,2,0.1,leakage,0.5,3,2,5028,L3: preprocessing fitted on all data,0.8250000000000001,0.7571629502613291,0.6111111111111112,0.88,0.7333333333333333,0.8073394495412844,0.6666666666666666,0.7543859649122806,0.18698261678218842,-0.9096108909376688,0.4086947514987872,0.16055136795651603,0.782376229763031,33,88,12,21,19.002657651901245,4865104,24.0,0.5331251903746573,85,29,76,26,436,153,393,138,,,,,,,,,,,,,,,,,,,,,,,,,521,93,154,469
leakage,pima,2,0.1,leakage,0.5,3,2,5028,L4: one cross-silo graph at inference,0.8712962962962963,0.8124399166966906,0.6851851851851852,0.85,0.7115384615384616,0.8333333333333334,0.6981132075471698,0.7698486829815057,0.1931077092885971,-2.691643882685928,0.2956417007284982,0.1929610808464614,0.9403943419456482,37,85,15,17,18.474563360214233,4865104,16.0,0.48609226594301225,85,29,76,26,436,153,393,138,,,,,,,,,,,,,,,,,,,,,,,,,521,93,154,469
leakage,pima,2,0.1,leakage,0.5,3,2,5028,All four shortcuts,0.8627777777777778,0.7531773887171778,0.6481481481481481,0.91,0.7954545454545454,0.8272727272727273,0.7142857142857143,0.7904761904761906,0.1469167023897171,-0.5559469610598248,0.7041427122361721,0.09923945135110385,0.7047181725502014,35,91,9,19,25.142767667770386,4793280,111.0,0.4956525350981641,85,29,76,26,436,153,393,138,,,,,,,,,,,,,,,,,,,,,,,,,521,93,154,469
leakage,pima,2,0.1,leakage,0.5,3,2,5028,"FedAvg-LR, correct protocol",0.8518518518518519,0.7505309757592453,0.7592592592592593,0.77,0.640625,0.8555555555555555,0.6949152542372882,0.7527207850133809,0.16296863555908203,-0.8064720169020142,0.7990823970222702,0.111902759543487,0.5266268253326416,41,77,23,13,0.5507352352142334,8848,,0.4654833439481627,85,29,76,26,436,153,393,138,,,,,,,,,,,,,,,,,,,,,,,,,521,93,154,469
leakage,pima,2,0.1,leakage,0.5,3,2,5028,"FedAvg-LR, L3",0.8518518518518519,0.7505309757592453,0.7592592592592593,0.77,0.640625,0.8555555555555555,0.6949152542372882,0.7527207850133809,0.16297504305839539,-0.8062989730052481,0.79921094439822,0.11189700590519162,0.5266046524047852,41,77,23,13,0.6776268482208252,8848,,0.4654694985185389,85,29,76,26,436,153,393,138,,,,,,,,,,,,,,,,,,,,,,,,,521,93,154,469
leakage,pima,2,0.1,leakage,0.5,3,3,5029,Correct protocol (this study),0.7937735849056604,0.6448570203377224,0.8113207547169812,0.63,0.5375,0.863013698630137,0.6466165413533834,0.6874701203876743,0.23410645127296448,-1.8861949512331961,0.24738752200698808,0.21092940183977285,0.2840338349342346,43,63,37,10,10.395761251449585,4865104,14.0,0.5408913920178,369,90,332,81,153,92,138,83,,,,,,,,,,,,,,,,,,,,,,,,,522,93,153,470
leakage,pima,2,0.1,leakage,0.5,3,3,5029,L1: test patients in training graph,0.7347169811320755,0.48601954440520745,0.7547169811320755,0.62,0.5128205128205128,0.8266666666666667,0.6106870229007634,0.659629225736096,0.22134937345981598,-0.6856156875191068,0.427430172788369,0.17374497613096548,0.44730448722839355,40,62,38,13,11.924649238586426,4865104,91.0,0.5373383395911556,369,90,332,81,153,92,138,83,,,,,,,,,,,,,,,,,,,,,,,,,522,93,153,470
leakage,pima,2,0.1,leakage,0.5,3,3,5029,L2: pooled final classifier,0.75,0.606774775905637,0.7358490566037735,0.62,0.5064935064935064,0.8157894736842105,0.6,0.6522727272727273,0.21344302594661713,-0.3355490778718681,0.47160102909379054,0.14851799716844277,0.30265742540359497,39,62,38,14,8.604700803756714,4793280,14.0,0.5743012098456404,369,90,332,81,153,92,138,83,,,,,,,,,,,,,,,,,,,,,,,,,522,93,153,470
leakage,pima,2,0.1,leakage,0.5,3,3,5029,L3: preprocessing fitted on all data,0.7971698113207547,0.6450510704508157,0.9056603773584906,0.63,0.5647058823529412,0.9264705882352942,0.6956521739130435,0.7228260869565217,0.2172195315361023,-1.4326667441050756,0.29800059865990397,0.16922440222202761,0.302712619304657,48,63,37,5,12.490325689315796,4865104,20.0,0.5305103601724378,369,90,332,81,153,92,138,83,,,,,,,,,,,,,,,,,,,,,,,,,522,93,153,470
leakage,pima,2,0.1,leakage,0.5,3,3,5029,L4: one cross-silo graph at inference,0.8037735849056604,0.6612116326840156,0.7924528301886793,0.64,0.5384615384615384,0.8533333333333334,0.6412213740458015,0.6863249727371865,0.21294228732585907,-1.3310759615245735,0.33455124203630726,0.1852871716217278,0.3575616776943207,42,64,36,11,10.122246265411377,4865104,14.0,0.5199068279794187,369,90,332,81,153,92,138,83,,,,,,,,,,,,,,,,,,,,,,,,,522,93,153,470
leakage,pima,2,0.1,leakage,0.5,3,3,5029,All four shortcuts,0.8086792452830189,0.666539079212045,0.7169811320754716,0.72,0.5757575757575758,0.8275862068965517,0.6386554621848739,0.7043544690603514,0.18845945596694946,-0.8002863083731747,0.5675519692500491,0.14300377379640256,0.5120589733123779,38,72,28,15,17.693623065948486,4793280,100.0,0.5341120845501321,369,90,332,81,153,92,138,83,,,,,,,,,,,,,,,,,,,,,,,,,522,93,153,470
leakage,pima,2,0.1,leakage,0.5,3,3,5029,"FedAvg-LR, correct protocol",0.838301886792453,0.7113677917041827,0.8679245283018868,0.57,0.5168539325842697,0.890625,0.647887323943662,0.6715046375815871,0.15809474885463715,-0.40601172023149656,0.8955102272228972,0.08333382614297805,0.2548588216304779,46,57,43,7,1.1134588718414307,8848,,0.4772493394520929,369,90,332,81,153,92,138,83,,,,,,,,,,,,,,,,,,,,,,,,,522,93,153,470
leakage,pima,2,0.1,leakage,0.5,3,3,5029,"FedAvg-LR, L3",0.8384905660377359,0.709560379933519,0.8679245283018868,0.57,0.5168539325842697,0.890625,0.647887323943662,0.6715046375815871,0.15828417241573334,-0.41402213068053134,0.8871391212970253,0.0787841290527699,0.25108644366264343,46,57,43,7,0.8628189563751221,8848,,0.4777221526908636,369,90,332,81,153,92,138,83,,,,,,,,,,,,,,,,,,,,,,,,,522,93,153,470
leakage,pima,2,0.1,leakage,0.5,3,4,5030,Correct protocol (this study),0.7662264150943396,0.6219169319307332,0.6792452830188679,0.74,0.5806451612903226,0.8131868131868132,0.6260869565217392,0.7004780332346916,0.2188328057527542,-0.02153885946086745,0.18527996059100532,0.1810586212896833,0.2655809819698334,36,74,26,17,9.091716766357422,4865104,49.0,0.5954874148240856,280,15,252,14,242,167,218,150,,,,,,,,,,,,,,,,,,,,,,,,,522,93,153,470
leakage,pima,2,0.1,leakage,0.5,3,4,5030,L1: test patients in training graph,0.7783018867924528,0.6371626931077989,0.20754716981132076,0.96,0.7333333333333333,0.6956521739130435,0.3235294117647059,0.5651260504201681,0.22460222244262695,-0.6748737940157478,0.17733727349110728,0.2153123014916976,0.9984602928161621,11,96,4,42,11.129183530807495,4865104,273.0,0.5513002364066193,280,15,252,14,242,167,218,150,,,,,,,,,,,,,,,,,,,,,,,,,522,93,153,470
leakage,pima,2,0.1,leakage,0.5,3,4,5030,L2: pooled final classifier,0.728867924528302,0.6075453700087112,0.16981132075471697,0.97,0.75,0.6879432624113475,0.27692307692307694,0.5409511650175551,0.2291584461927414,0.36916629409580765,0.24999980655646448,0.18372082632351544,0.9550279974937439,9,97,3,44,11.211048364639282,4793280,49.0,0.6202336253650396,280,15,252,14,242,167,218,150,,,,,,,,,,,,,,,,,,,,,,,,,522,93,153,470
leakage,pima,2,0.1,leakage,0.5,3,4,5030,L3: preprocessing fitted on all data,0.7376415094339621,0.5721770507699279,0.20754716981132076,0.94,0.6470588235294118,0.6911764705882353,0.3142857142857143,0.5554479418886198,0.24412599205970764,1.8290414789511942,0.14403800118753174,0.2333244618904941,0.9341474771499634,11,94,6,42,10.925190448760986,4865104,48.0,0.5887776387150605,280,15,252,14,242,167,218,150,,,,,,,,,,,,,,,,,,,,,,,,,522,93,153,470
leakage,pima,2,0.1,leakage,0.5,3,4,5030,L4: one cross-silo graph at inference,0.8156603773584905,0.6580310882391947,0.5283018867924528,0.86,0.6666666666666666,0.7747747747747747,0.5894736842105263,0.7023197804938888,0.18425528705120087,-0.11447759459192242,0.30262606898013034,0.13096102721550884,0.6992924809455872,28,86,14,25,10.204891920089722,4865104,49.0,0.5054929773327771,280,15,252,14,242,167,218,150,,,,,,,,,,,,,,,,,,,,,,,,,522,93,153,470
leakage,pima,2,0.1,leakage,0.5,3,4,5030,All four shortcuts,0.7928301886792454,0.6143956833361433,0.3584905660377358,0.89,0.6333333333333333,0.7235772357723578,0.4578313253012048,0.6280188016640553,0.18830883502960205,-0.1230555081151087,0.43722947473397106,0.11296466304585824,0.7016050219535828,19,89,11,34,17.320343017578125,4793280,273.0,0.5288694201084689,280,15,252,14,242,167,218,150,,,,,,,,,,,,,,,,,,,,,,,,,522,93,153,470
leakage,pima,2,0.1,leakage,0.5,3,4,5030,"FedAvg-LR, correct protocol",0.8169811320754717,0.6259864187014749,0.3018867924528302,0.9,0.6153846153846154,0.7086614173228346,0.4050632911392405,0.5990074164947303,0.1955697238445282,0.7092722229626043,0.6632561326994751,0.14121702401077046,0.5489227771759033,16,90,10,37,0.8730711936950684,8848,,0.49994437491308574,280,15,252,14,242,167,218,150,,,,,,,,,,,,,,,,,,,,,,,,,522,93,153,470
leakage,pima,2,0.1,leakage,0.5,3,4,5030,"FedAvg-LR, L3",0.8167924528301886,0.6265517446679345,0.3018867924528302,0.9,0.6153846153846154,0.7086614173228346,0.4050632911392405,0.5990074164947303,0.1949954330921173,0.7032046814442909,0.6723527147651289,0.14029894637710905,0.5486447811126709,16,90,10,37,0.7337305545806885,8848,,0.4992073425114727,280,15,252,14,242,167,218,150,,,,,,,,,,,,,,,,,,,,,,,,,522,93,153,470
leakage,pima,2,0.1,leakage,0.5,4,0,6026,Correct protocol (this study),0.7835185185185185,0.6770984900893942,0.6666666666666666,0.79,0.631578947368421,0.8144329896907216,0.6486486486486487,0.7253395527507203,0.24162520468235016,-2.0927593753146674,0.21518957459724258,0.23581011350835107,0.8579686880111694,36,79,21,18,9.287943601608276,4865104,35.0,0.5492146742146742,346,165,311,148,175,17,157,15,,,,,,,,,,,,,,,,,,,,,,,,,521,93,154,468
leakage,pima,2,0.1,leakage,0.5,4,0,6026,L1: test patients in training graph,0.7838888888888889,0.6194430804969733,0.8888888888888888,0.56,0.5217391304347826,0.9032258064516129,0.6575342465753424,0.6744461356333502,0.23618414998054504,-1.6297919952660378,0.23574212097862232,0.21093524240150854,0.14684006571769714,48,56,44,6,11.651346445083618,4865104,189.0,0.5549589299589299,346,165,311,148,175,17,157,15,,,,,,,,,,,,,,,,,,,,,,,,,521,93,154,468
leakage,pima,2,0.1,leakage,0.5,4,0,6026,L2: pooled final classifier,0.7761111111111112,0.6585705870797416,0.7962962962962963,0.65,0.5512820512820513,0.8552631578947368,0.6515151515151515,0.6950757575757576,0.20099902153015137,-0.7045798672501539,0.3103217555059868,0.16046613916851485,0.3927612602710724,43,65,35,11,11.485320091247559,4793280,35.0,0.5686396936396936,346,165,311,148,175,17,157,15,,,,,,,,,,,,,,,,,,,,,,,,,521,93,154,468
leakage,pima,2,0.1,leakage,0.5,4,0,6026,L3: preprocessing fitted on all data,0.8055555555555556,0.6817033931932446,0.8518518518518519,0.65,0.5679012345679012,0.8904109589041096,0.6814814814814815,0.7164632840933418,0.23291008174419403,-2.3470280575365963,0.2227628790538846,0.23933016086698738,0.38348162174224854,46,65,35,8,10.197178363800049,4865104,33.0,0.5432345432345433,346,165,311,148,175,17,157,15,,,,,,,,,,,,,,,,,,,,,,,,,521,93,154,468
leakage,pima,2,0.1,leakage,0.5,4,0,6026,L4: one cross-silo graph at inference,0.8159259259259258,0.6965836852780418,0.7222222222222222,0.74,0.6,0.8314606741573034,0.6554621848739496,0.7192654839713664,0.2266322523355484,-1.7753209121254692,0.24552194604860775,0.22408303983703062,0.6797897815704346,39,74,26,15,12.099918603897095,4865104,35.0,0.5268204018204019,346,165,311,148,175,17,157,15,,,,,,,,,,,,,,,,,,,,,,,,,521,93,154,468
leakage,pima,2,0.1,leakage,0.5,4,0,6026,All four shortcuts,0.787962962962963,0.6771691351800051,0.6296296296296297,0.77,0.5964912280701754,0.7938144329896907,0.6126126126126126,0.6971692504687428,0.1953410804271698,-0.5708444219789672,0.42745138961020146,0.14990182693854168,0.5725017189979553,34,77,23,20,17.163238048553467,4793280,190.0,0.5458846708846709,346,165,311,148,175,17,157,15,,,,,,,,,,,,,,,,,,,,,,,,,521,93,154,468
leakage,pima,2,0.1,leakage,0.5,4,0,6026,"FedAvg-LR, correct protocol",0.8242592592592592,0.6871688613364957,0.7592592592592593,0.76,0.6307692307692307,0.8539325842696629,0.6890756302521008,0.7466542172424525,0.18174861371517181,-0.9675129206532174,0.6871916145453106,0.13700415784275377,0.5507357120513916,41,76,24,13,0.8169629573822021,8848,,0.49984737484737485,346,165,311,148,175,17,157,15,,,,,,,,,,,,,,,,,,,,,,,,,521,93,154,468
leakage,pima,2,0.1,leakage,0.5,4,0,6026,"FedAvg-LR, L3",0.8207407407407407,0.6855043894673855,0.8148148148148148,0.67,0.5714285714285714,0.8701298701298701,0.6717557251908397,0.7144089360417476,0.18378807604312897,-0.9676788263812933,0.6504346341703735,0.13371898529010934,0.45361676812171936,44,67,33,10,0.6169884204864502,8848,,0.500957375957376,346,165,311,148,175,17,157,15,,,,,,,,,,,,,,,,,,,,,,,,,521,93,154,468
leakage,pima,2,0.1,leakage,0.5,4,1,6027,Correct protocol (this study),0.8842592592592593,0.8268422245106293,0.8518518518518519,0.7,0.6052631578947368,0.8974358974358975,0.7076923076923077,0.747104580812446,0.16462381184101105,-1.1709399781114191,0.5594046250052046,0.1497554708901164,0.4181177616119385,46,70,30,8,12.924201488494873,4865104,18.0,0.5074557638523522,250,53,225,48,271,129,244,116,,,,,,,,,,,,,,,,,,,,,,,,,521,93,154,469
leakage,pima,2,0.1,leakage,0.5,4,1,6027,L1: test patients in training graph,0.8666666666666667,0.7797162108868809,0.8518518518518519,0.67,0.5822784810126582,0.8933333333333333,0.6917293233082706,0.7287218045112782,0.1596819907426834,-0.9773436932259352,0.6177113029954568,0.13498794944207002,0.36535191535949707,46,67,33,8,12.52531123161316,4865104,125.0,0.5107163625287292,250,53,225,48,271,129,244,116,,,,,,,,,,,,,,,,,,,,,,,,,521,93,154,469
leakage,pima,2,0.1,leakage,0.5,4,1,6027,L2: pooled final classifier,0.8385185185185186,0.764517450868407,0.5555555555555556,0.84,0.6521739130434783,0.7777777777777778,0.6,0.7038461538461538,0.15599758923053741,-0.2636463855764312,0.9731083403644618,0.07223055429466359,0.5836538672447205,30,84,16,24,10.969143390655518,4793280,18.0,0.5423808600780882,250,53,225,48,271,129,244,116,,,,,,,,,,,,,,,,,,,,,,,,,521,93,154,469
leakage,pima,2,0.1,leakage,0.5,4,1,6027,L3: preprocessing fitted on all data,0.8866666666666666,0.8283947573427921,0.7777777777777778,0.81,0.6885245901639344,0.8709677419354839,0.7304347826086957,0.7849065104753323,0.13105939328670502,-0.15686731897368678,0.8415178649424616,0.06512307642971153,0.4351464807987213,42,81,19,12,12.460440874099731,4865104,18.0,0.5125439592390552,250,53,225,48,271,129,244,116,,,,,,,,,,,,,,,,,,,,,,,,,521,93,154,469
leakage,pima,2,0.1,leakage,0.5,4,1,6027,L4: one cross-silo graph at inference,0.9118518518518519,0.8608138146215489,0.8148148148148148,0.78,0.6666666666666666,0.8863636363636364,0.7333333333333333,0.7815602836879432,0.15913495421409607,-1.7341120679717485,0.6068951402197758,0.1369925286838567,0.7210158705711365,44,78,22,10,9.42856740951538,4865104,18.0,0.47506438124775013,250,53,225,48,271,129,244,116,,,,,,,,,,,,,,,,,,,,,,,,,521,93,154,469
leakage,pima,2,0.1,leakage,0.5,4,1,6027,All four shortcuts,0.8807407407407408,0.7908533343321185,0.7222222222222222,0.82,0.6842105263157895,0.845360824742268,0.7027027027027027,0.7675950061736865,0.1493414044380188,-0.7034835053335204,1.1815769160938148,0.10563333337376644,0.6099924445152283,39,82,18,15,12.097317934036255,4793280,109.0,0.505995071027054,250,53,225,48,271,129,244,116,,,,,,,,,,,,,,,,,,,,,,,,,521,93,154,469
leakage,pima,2,0.1,leakage,0.5,4,1,6027,"FedAvg-LR, correct protocol",0.8774074074074074,0.8425945564665562,0.7962962962962963,0.7,0.589041095890411,0.8641975308641975,0.6771653543307087,0.725323008657067,0.15421774983406067,-0.7691405597126809,1.586224490551266,0.16427992337516373,0.48462924361228943,43,70,30,11,0.7421348094940186,8848,,0.47779193088361527,250,53,225,48,271,129,244,116,,,,,,,,,,,,,,,,,,,,,,,,,521,93,154,469
leakage,pima,2,0.1,leakage,0.5,4,1,6027,"FedAvg-LR, L3",0.8788888888888888,0.8444288689755597,0.7407407407407407,0.76,0.625,0.8444444444444444,0.6779661016949152,0.7389830508474576,0.1531902551651001,-0.7796976573088839,1.5643242003196711,0.17043807072105346,0.5142481923103333,40,76,24,14,0.6746184825897217,8848,,0.4770027413950654,250,53,225,48,271,129,244,116,,,,,,,,,,,,,,,,,,,,,,,,,521,93,154,469
leakage,pima,2,0.1,leakage,0.5,4,3,6029,Correct protocol (this study),0.7420754716981132,0.5967544520942503,0.7924528301886793,0.48,0.44680851063829785,0.8135593220338984,0.5714285714285714,0.5876010781671159,0.245688796043396,-0.11628832000501957,0.23115220323036365,0.2197989100967747,0.026809418573975563,42,48,52,11,11.66019344329834,4865104,14.0,0.5851759143373662,323,104,291,94,199,78,179,70,,,,,,,,,,,,,,,,,,,,,,,,,522,93,153,470
leakage,pima,2,0.1,leakage,0.5,4,3,6029,L1: test patients in training graph,0.7635849056603774,0.6337737455503822,0.7735849056603774,0.55,0.47674418604651164,0.8208955223880597,0.5899280575539568,0.6243053461422479,0.28558579087257385,-1.7361657579839194,0.17127662520822423,0.2831711723085712,0.05950836092233658,41,55,45,12,14.89279556274414,4865104,134.0,0.5466764010568766,323,104,291,94,199,78,179,70,,,,,,,,,,,,,,,,,,,,,,,,,522,93,153,470
leakage,pima,2,0.1,leakage,0.5,4,3,6029,L2: pooled final classifier,0.7392452830188679,0.5734604898521725,0.8490566037735849,0.53,0.4891304347826087,0.8688524590163934,0.6206896551724138,0.6395373741700578,0.20736779272556305,-0.22898105963457532,0.39112452174542844,0.15992205799405093,0.18563230335712433,45,53,47,8,11.222676038742065,4793280,14.0,0.5981087470449172,323,104,291,94,199,78,179,70,,,,,,,,,,,,,,,,,,,,,,,,,522,93,153,470
leakage,pima,2,0.1,leakage,0.5,4,3,6029,L3: preprocessing fitted on all data,0.7509433962264151,0.6255481208055722,0.660377358490566,0.62,0.4794520547945205,0.775,0.5555555555555556,0.6222222222222222,0.21887637674808502,0.1236481372406237,0.34193582298242026,0.1863164262833938,0.22422799468040466,35,62,38,18,10.455454111099243,4865104,15.0,0.5739813655958838,323,104,291,94,199,78,179,70,,,,,,,,,,,,,,,,,,,,,,,,,522,93,153,470
leakage,pima,2,0.1,leakage,0.5,4,3,6029,L4: one cross-silo graph at inference,0.7607547169811322,0.6241298165342356,0.8113207547169812,0.51,0.4673913043478261,0.8360655737704918,0.593103448275862,0.6133219104733347,0.25548529624938965,-0.945746410969732,0.24601697708857048,0.23624089866681813,0.08790619671344757,43,51,49,10,9.509996891021729,4865104,14.0,0.5514532053956334,323,104,291,94,199,78,179,70,,,,,,,,,,,,,,,,,,,,,,,,,522,93,153,470
leakage,pima,2,0.1,leakage,0.5,4,3,6029,All four shortcuts,0.7898113207547169,0.6621936633780564,0.7358490566037735,0.7,0.5652173913043478,0.8333333333333334,0.639344262295082,0.7001069137562367,0.19371257722377777,-0.5394214845833036,0.5040362925950522,0.12319322105716257,0.48006945848464966,39,70,30,14,13.739572763442993,4793280,137.0,0.5434918648310387,323,104,291,94,199,78,179,70,,,,,,,,,,,,,,,,,,,,,,,,,522,93,153,470
leakage,pima,2,0.1,leakage,0.5,4,3,6029,"FedAvg-LR, correct protocol",0.7766037735849058,0.6439000257206032,0.7358490566037735,0.6,0.4936708860759494,0.8108108108108109,0.5909090909090909,0.640282131661442,0.19739830493927002,-0.6186321721824425,0.6054067165771103,0.15065299787747316,0.35856539011001587,39,60,40,14,0.997084379196167,8848,,0.5416353775552774,323,104,291,94,199,78,179,70,,,,,,,,,,,,,,,,,,,,,,,,,522,93,153,470
leakage,pima,2,0.1,leakage,0.5,4,3,6029,"FedAvg-LR, L3",0.7766037735849056,0.6459749634839212,0.7358490566037735,0.6,0.4936708860759494,0.8108108108108109,0.5909090909090909,0.640282131661442,0.19789128005504608,-0.6260275025937893,0.6033062937967659,0.1586764874362868,0.35798174142837524,39,60,40,14,0.543522834777832,8848,,0.5417883465442914,323,104,291,94,199,78,179,70,,,,,,,,,,,,,,,,,,,,,,,,,522,93,153,470
leakage,pima,2,0.1,leakage,0.5,4,2,6028,Correct protocol (this study),0.8031481481481482,0.6225676586644415,0.2037037037037037,0.93,0.6111111111111112,0.6838235294117647,0.3055555555555556,0.5468455743879472,0.21900643408298492,-1.5329053749037247,0.43778253029093406,0.1972937655526322,0.9648014307022095,11,93,7,43,12.921491622924805,4865104,21.0,0.530927405927406,33,25,29,22,488,157,439,141,,,,,,,,,,,,,,,,,,,,,,,,,521,93,154,468
leakage,pima,2,0.1,leakage,0.5,4,2,6028,L1: test patients in training graph,0.8487037037037037,0.7291220344004602,0.7407407407407407,0.81,0.6779661016949152,0.8526315789473684,0.7079646017699115,0.7693669162695711,0.16353192925453186,-0.6686468868828873,0.4178817069519999,0.11104345591375966,0.5132803320884705,40,81,19,14,15.083273649215698,4865104,117.0,0.5087551337551338,33,25,29,22,488,157,439,141,,,,,,,,,,,,,,,,,,,,,,,,,521,93,154,468
leakage,pima,2,0.1,leakage,0.5,4,2,6028,L2: pooled final classifier,0.8355555555555556,0.6992270140722799,0.8888888888888888,0.67,0.5925925925925926,0.9178082191780822,0.7111111111111111,0.7428387925497753,0.16228289902210236,-0.43302092466813863,0.8230149453625741,0.09049212347183908,0.35406145453453064,48,67,33,6,10.649875402450562,4793280,21.0,0.5386002886002886,33,25,29,22,488,157,439,141,,,,,,,,,,,,,,,,,,,,,,,,,521,93,154,468
leakage,pima,2,0.1,leakage,0.5,4,2,6028,L3: preprocessing fitted on all data,0.8442592592592593,0.7103143467883251,0.7962962962962963,0.77,0.6515151515151515,0.875,0.7166666666666667,0.7679078014184397,0.19145464897155762,-1.513701623734465,0.3929601884031966,0.17551898815995687,0.6691737771034241,43,77,23,11,12.517592906951904,4865104,16.0,0.5173715173715174,33,25,29,22,488,157,439,141,,,,,,,,,,,,,,,,,,,,,,,,,521,93,154,468
leakage,pima,2,0.1,leakage,0.5,4,2,6028,L4: one cross-silo graph at inference,0.8427777777777777,0.7091733088297925,0.8888888888888888,0.67,0.5925925925925926,0.9178082191780822,0.7111111111111111,0.7428387925497753,0.20602530241012573,-2.409808846153013,0.3006279526678982,0.21754820717426088,0.5183299779891968,48,67,33,6,9.638536214828491,4865104,21.0,0.5088383838383839,33,25,29,22,488,157,439,141,,,,,,,,,,,,,,,,,,,,,,,,,521,93,154,468
leakage,pima,2,0.1,leakage,0.5,4,2,6028,All four shortcuts,0.8483333333333334,0.7206984441852474,0.9074074074074074,0.69,0.6125,0.9324324324324325,0.7313432835820896,0.7622233659289759,0.1591704934835434,-0.6320788312065145,0.696386017582926,0.12434749955964552,0.3672997057437897,49,69,31,5,15.145901203155518,4793280,91.0,0.5135420135420136,33,25,29,22,488,157,439,141,,,,,,,,,,,,,,,,,,,,,,,,,521,93,154,468
leakage,pima,2,0.1,leakage,0.5,4,2,6028,"FedAvg-LR, correct protocol",0.8457407407407407,0.731061415520429,0.7222222222222222,0.8,0.6610169491525424,0.8421052631578947,0.6902654867256637,0.7553891536192421,0.16474276781082153,-0.6506882326137923,0.8017535663597963,0.13630124341164318,0.5020105242729187,39,80,20,15,0.8214969635009766,8848,,0.4857503607503608,33,25,29,22,488,157,439,141,,,,,,,,,,,,,,,,,,,,,,,,,521,93,154,468
leakage,pima,2,0.1,leakage,0.5,4,2,6028,"FedAvg-LR, L3",0.8457407407407407,0.7314260070751863,0.7222222222222222,0.8,0.6610169491525424,0.8421052631578947,0.6902654867256637,0.7553891536192421,0.1647941768169403,-0.6511039203907623,0.8017037041559745,0.13826622155966695,0.5023075938224792,39,80,20,15,0.5590777397155762,8848,,0.4857781107781109,33,25,29,22,488,157,439,141,,,,,,,,,,,,,,,,,,,,,,,,,521,93,154,468
leakage,pima,2,0.1,leakage,0.5,4,4,6030,Correct protocol (this study),0.8343396226415094,0.6367313675505594,0.41509433962264153,0.89,0.6666666666666666,0.7416666666666667,0.5116279069767442,0.6603594080338266,0.1676907241344452,-0.5964629904625829,0.4248943101067344,0.12139138680414047,0.8412389159202576,22,89,11,31,12.29608416557312,4865104,24.0,0.5468085106382978,387,121,348,109,135,61,122,55,,,,,,,,,,,,,,,,,,,,,,,,,522,93,153,470
leakage,pima,2,0.1,leakage,0.5,4,4,6030,L1: test patients in training graph,0.8392452830188679,0.6577050839810589,0.7924528301886793,0.77,0.6461538461538462,0.875,0.711864406779661,0.7655066714749369,0.16940999031066895,-0.8591523767644483,0.4161500888378127,0.123733411037844,0.5369077920913696,42,77,23,11,13.008615255355835,4865104,119.0,0.5224725351133361,387,121,348,109,135,61,122,55,,,,,,,,,,,,,,,,,,,,,,,,,522,93,153,470
leakage,pima,2,0.1,leakage,0.5,4,4,6030,L2: pooled final classifier,0.8343396226415095,0.6476949011921096,0.5660377358490566,0.87,0.6976744186046512,0.7909090909090909,0.625,0.7267857142857144,0.1593237817287445,-0.25204400241265756,0.6406445113385254,0.07937717794446775,0.6194767951965332,30,87,13,23,11.05654788017273,4793280,24.0,0.5420247531636768,387,121,348,109,135,61,122,55,,,,,,,,,,,,,,,,,,,,,,,,,522,93,153,470
leakage,pima,2,0.1,leakage,0.5,4,4,6030,L3: preprocessing fitted on all data,0.8143396226415094,0.6333427157309677,0.41509433962264153,0.86,0.6111111111111112,0.7350427350427351,0.4943820224719101,0.6435043752912546,0.20440980792045593,-1.39276110593882,0.3132690346519986,0.1811939534225982,0.9311991333961487,22,86,14,31,10.141199588775635,4865104,19.0,0.5498053121958003,387,121,348,109,135,61,122,55,,,,,,,,,,,,,,,,,,,,,,,,,522,93,153,470
leakage,pima,2,0.1,leakage,0.5,4,4,6030,L4: one cross-silo graph at inference,0.8135849056603774,0.6300878668680879,0.4339622641509434,0.87,0.6388888888888888,0.7435897435897436,0.5168539325842697,0.65934862527831,0.19157609343528748,-0.7729207730235557,0.40727620340880816,0.15090792105088827,0.8643651008605957,23,87,13,30,8.364296436309814,4865104,24.0,0.5294117647058824,387,121,348,109,135,61,122,55,,,,,,,,,,,,,,,,,,,,,,,,,522,93,153,470
leakage,pima,2,0.1,leakage,0.5,4,4,6030,All four shortcuts,0.8116981132075471,0.660074753913602,0.6415094339622641,0.81,0.6415094339622641,0.81,0.6415094339622641,0.725754716981132,0.18046925961971283,-0.5420500189783594,0.531611419502716,0.11245550782559745,0.6376168131828308,34,81,19,19,12.704657554626465,4793280,126.0,0.5241691002642191,387,121,348,109,135,61,122,55,,,,,,,,,,,,,,,,,,,,,,,,,522,93,153,470
leakage,pima,2,0.1,leakage,0.5,4,4,6030,"FedAvg-LR, correct protocol",0.8301886792452831,0.6777958635778959,0.4528301886792453,0.89,0.6857142857142857,0.7542372881355932,0.5454545454545454,0.6809841534612177,0.1652655303478241,-0.4592032532237627,0.9799209818654616,0.09909064824285072,0.6880926489830017,24,89,11,29,0.8089604377746582,8848,,0.5192879988874983,387,121,348,109,135,61,122,55,,,,,,,,,,,,,,,,,,,,,,,,,522,93,153,470
leakage,pima,2,0.1,leakage,0.5,4,4,6030,"FedAvg-LR, L3",0.8315094339622642,0.6790158243054973,0.9056603773584906,0.61,0.5517241379310345,0.9242424242424242,0.6857142857142857,0.7103270223752152,0.16533008217811584,-0.46579046789725115,0.9786470125059552,0.09891911191877974,0.305181086063385,48,61,39,5,0.6264538764953613,8848,,0.5190654985398415,387,121,348,109,135,61,122,55,,,,,,,,,,,,,,,,,,,,,,,,,522,93,153,470
leakage,pima,2,0.8,leakage,0.5,0,1,2027,Correct protocol (this study),0.7664814814814815,0.6337056635545101,0.6111111111111112,0.76,0.5789473684210527,0.7835051546391752,0.5945945945945946,0.6830840993277542,0.2120542675256729,-0.1411766497330202,0.2307051782397657,0.18687014862314447,0.3884018361568451,33,76,24,21,10.579742670059204,4865104,353.0,0.6607930904047409,234,7,46,1,287,175,57,35,,,,,,,,,,,,,,,,,,,,,,,,,521,93,154,103
leakage,pima,2,0.8,leakage,0.5,0,1,2027,L1: test patients in training graph,0.7401851851851852,0.6177947364199603,0.6111111111111112,0.72,0.5409836065573771,0.7741935483870968,0.5739130434782609,0.6600135165577833,0.27534887194633484,-1.4333310841019047,0.17859072022956549,0.2718168862236591,0.660556435585022,33,72,28,21,11.548221588134766,4865104,524.0,0.6461984617324423,234,7,46,1,287,175,57,35,,,,,,,,,,,,,,,,,,,,,,,,,521,93,154,103
leakage,pima,2,0.8,leakage,0.5,0,1,2027,L2: pooled final classifier,0.7244444444444444,0.5887310371330137,0.9259259259259259,0.28,0.4098360655737705,0.875,0.5681818181818182,0.4962121212121212,0.23984453082084656,-0.6114224614153849,0.22758114716290373,0.1902285001857521,0.013292086310684681,50,28,72,4,10.661338567733765,4793280,353.0,0.6901399571302483,234,7,46,1,287,175,57,35,,,,,,,,,,,,,,,,,,,,,,,,,521,93,154,103
leakage,pima,2,0.8,leakage,0.5,0,1,2027,L3: preprocessing fitted on all data,0.7175925925925927,0.6143179867953992,0.6111111111111112,0.74,0.559322033898305,0.7789473684210526,0.584070796460177,0.671522577717268,0.271671861410141,-1.18759750813093,0.17007121676923095,0.2657295605107271,0.674649715423584,33,74,26,21,8.76461148262024,4865104,347.0,0.6704072626402724,234,7,46,1,287,175,57,35,,,,,,,,,,,,,,,,,,,,,,,,,521,93,154,103
leakage,pima,2,0.8,leakage,0.5,0,1,2027,L4: one cross-silo graph at inference,0.7883333333333333,0.715360566728672,0.8518518518518519,0.48,0.46938775510204084,0.8571428571428571,0.6052631578947368,0.6103238866396761,0.27498090267181396,-2.6775318980344798,0.23594431976429786,0.2842032414582836,0.2571643888950348,46,48,52,8,8.683246374130249,4865104,353.0,0.5843210187870381,234,7,46,1,287,175,57,35,,,,,,,,,,,,,,,,,,,,,,,,,521,93,154,103
leakage,pima,2,0.8,leakage,0.5,0,1,2027,All four shortcuts,0.8051851851851851,0.7333921683917166,0.7777777777777778,0.62,0.525,0.8378378378378378,0.6268656716417911,0.6697546749013553,0.1908748745918274,-0.6477541660360578,0.48430321957448935,0.14346064281250748,0.35780608654022217,42,62,38,12,11.799860000610352,4793280,531.0,0.5931156222418358,234,7,46,1,287,175,57,35,,,,,,,,,,,,,,,,,,,,,,,,,521,93,154,103
leakage,pima,2,0.8,leakage,0.5,0,1,2027,"FedAvg-LR, correct protocol",0.7731481481481481,0.6886014944398661,0.5740740740740741,0.87,0.7045454545454546,0.7909090909090909,0.6326530612244898,0.7306122448979593,0.2609580159187317,-1.6945503161046656,0.5962781024938416,0.2708280524843699,0.8400514721870422,31,87,13,23,0.5687987804412842,8848,,0.5542806707855251,234,7,46,1,287,175,57,35,,,,,,,,,,,,,,,,,,,,,,,,,521,93,154,103
leakage,pima,2,0.8,leakage,0.5,0,1,2027,"FedAvg-LR, L3",0.7742592592592592,0.6926952508404162,0.5740740740740741,0.87,0.7045454545454546,0.7909090909090909,0.6326530612244898,0.7306122448979593,0.26042377948760986,-1.6935302162452768,0.5985276489206945,0.2705293246000618,0.839532196521759,31,87,13,23,0.708590030670166,8848,,0.5548480645568025,234,7,46,1,287,175,57,35,,,,,,,,,,,,,,,,,,,,,,,,,521,93,154,103
leakage,pima,2,0.8,leakage,0.5,0,0,2026,Correct protocol (this study),0.8035185185185185,0.7060189524559758,0.7407407407407407,0.66,0.5405405405405406,0.825,0.625,0.6791666666666667,0.2186693400144577,-0.7967077111763067,0.24383137489786152,0.22049820049387683,0.1887732446193695,40,66,34,14,10.22824501991272,4865104,220.0,0.6188930117501545,358,119,72,24,163,63,33,13,,,,,,,,,,,,,,,,,,,,,,,,,521,93,154,105
leakage,pima,2,0.8,leakage,0.5,0,0,2026,L1: test patients in training graph,0.7970370370370371,0.6927768074883776,0.7037037037037037,0.71,0.5671641791044776,0.8160919540229885,0.628099173553719,0.6937287311618863,0.25178471207618713,-1.6192245735865511,0.15466213337301277,0.25812836005896717,0.5698666572570801,38,71,29,16,11.950269937515259,4865104,406.0,0.6135745207173778,358,119,72,24,163,63,33,13,,,,,,,,,,,,,,,,,,,,,,,,,521,93,154,105
leakage,pima,2,0.8,leakage,0.5,0,0,2026,L2: pooled final classifier,0.8022222222222223,0.7181940064821063,0.7592592592592593,0.65,0.5394736842105263,0.8333333333333334,0.6307692307692307,0.6805531547104581,0.19209611415863037,-0.12960680491740437,0.39478872222740213,0.14892752572603812,0.13950008153915405,41,65,35,13,10.822920560836792,4793280,220.0,0.6304267161410019,358,119,72,24,163,63,33,13,,,,,,,,,,,,,,,,,,,,,,,,,521,93,154,105
leakage,pima,2,0.8,leakage,0.5,0,0,2026,L3: preprocessing fitted on all data,0.8174074074074074,0.7099468094988381,0.7592592592592593,0.72,0.5942028985507246,0.8470588235294118,0.6666666666666666,0.7225225225225225,0.2139929234981537,-1.2559138976268018,0.19786702646191642,0.19686030409625405,0.34943637251853943,41,72,28,13,8.67010498046875,4865104,246.0,0.612987012987013,358,119,72,24,163,63,33,13,,,,,,,,,,,,,,,,,,,,,,,,,521,93,154,105
leakage,pima,2,0.8,leakage,0.5,0,0,2026,L4: one cross-silo graph at inference,0.7692592592592593,0.6513984242401999,0.6111111111111112,0.8,0.6226415094339622,0.7920792079207921,0.616822429906542,0.7064211652020272,0.25655293464660645,-1.8591328137823608,0.16199660388941717,0.2498996413143521,0.8696215152740479,33,80,20,21,8.610718488693237,4865104,220.0,0.587847866419295,358,119,72,24,163,63,33,13,,,,,,,,,,,,,,,,,,,,,,,,,521,93,154,105
leakage,pima,2,0.8,leakage,0.5,0,0,2026,All four shortcuts,0.7496296296296296,0.6544197150800002,0.42592592592592593,0.81,0.5476190476190477,0.7232142857142857,0.4791666666666667,0.6216588050314465,0.22781263291835785,-0.15480715622991534,0.3190288375906963,0.19423743867158116,0.6643327474594116,23,81,19,31,12.318623542785645,4793280,413.0,0.6048855905998762,358,119,72,24,163,63,33,13,,,,,,,,,,,,,,,,,,,,,,,,,521,93,154,105
leakage,pima,2,0.8,leakage,0.5,0,0,2026,"FedAvg-LR, correct protocol",0.8516666666666667,0.714094552581791,0.7222222222222222,0.85,0.7222222222222222,0.85,0.7222222222222222,0.7861111111111111,0.1526319831609726,-0.40645530100204946,0.9981304924258951,0.06650193683899842,0.5077196359634399,39,85,15,15,0.6547374725341797,8848,,0.4922696351267779,358,119,72,24,163,63,33,13,,,,,,,,,,,,,,,,,,,,,,,,,521,93,154,105
leakage,pima,2,0.8,leakage,0.5,0,0,2026,"FedAvg-LR, L3",0.8511111111111112,0.7127598763030786,0.7222222222222222,0.85,0.7222222222222222,0.85,0.7222222222222222,0.7861111111111111,0.15288673341274261,-0.4213384894556836,1.0231306627000942,0.08898041048994312,0.5175319314002991,39,85,15,15,0.6501204967498779,8848,,0.49301175015460735,358,119,72,24,163,63,33,13,,,,,,,,,,,,,,,,,,,,,,,,,521,93,154,105
leakage,pima,2,0.8,leakage,0.5,0,3,2029,Correct protocol (this study),0.7547169811320755,0.6565625737788159,0.5849056603773585,0.76,0.5636363636363636,0.7755102040816326,0.5740740740740741,0.6708754208754208,0.22846725583076477,1.9900604988776114,0.15178066773629145,0.20957720196909374,0.08650760352611542,31,76,24,22,8.92051386833191,4865104,338.0,0.5411324786324786,314,171,63,34,208,11,41,2,,,,,,,,,,,,,,,,,,,,,,,,,522,93,153,104
leakage,pima,2,0.8,leakage,0.5,0,3,2029,L1: test patients in training graph,0.8084905660377358,0.6141140799384337,0.5283018867924528,0.82,0.6086956521739131,0.7663551401869159,0.5656565656565656,0.678963548528766,0.21561239659786224,-1.058022232802944,0.1878267273400636,0.19208417466713812,0.8932940363883972,28,82,18,25,10.636535882949829,4865104,493.0,0.5576923076923077,314,171,63,34,208,11,41,2,,,,,,,,,,,,,,,,,,,,,,,,,522,93,153,104
leakage,pima,2,0.8,leakage,0.5,0,3,2029,L2: pooled final classifier,0.7658490566037737,0.6712344529412921,0.5471698113207547,0.8,0.5918367346938775,0.7692307692307693,0.5686274509803921,0.6764705882352942,0.23451247811317444,0.6341425358374252,0.1521419923612325,0.23652196417447008,0.4923388361930847,29,80,20,24,7.8475353717803955,4793280,338.0,0.5564668174962293,314,171,63,34,208,11,41,2,,,,,,,,,,,,,,,,,,,,,,,,,522,93,153,104
leakage,pima,2,0.8,leakage,0.5,0,3,2029,L3: preprocessing fitted on all data,0.77811320754717,0.6620091700522654,0.6226415094339622,0.73,0.55,0.7849462365591398,0.584070796460177,0.6702737401990004,0.23201899230480194,0.7517885951419215,0.14143544491626417,0.22508515401140733,0.15301965177059174,33,73,27,20,7.688434362411499,4865104,342.0,0.5409439416792358,314,171,63,34,208,11,41,2,,,,,,,,,,,,,,,,,,,,,,,,,522,93,153,104
leakage,pima,2,0.8,leakage,0.5,0,3,2029,L4: one cross-silo graph at inference,0.810188679245283,0.7025274246298363,0.3584905660377358,0.94,0.76,0.734375,0.48717948717948717,0.6558704453441295,0.2314314991235733,-1.2813267763692495,0.1901569024934781,0.22409019563834068,0.9900771379470825,19,94,6,34,7.582746505737305,4865104,338.0,0.536701860231272,314,171,63,34,208,11,41,2,,,,,,,,,,,,,,,,,,,,,,,,,522,93,153,104
leakage,pima,2,0.8,leakage,0.5,0,3,2029,All four shortcuts,0.8062264150943397,0.6300471808902315,0.6226415094339622,0.8,0.6226415094339622,0.8,0.6226415094339622,0.7113207547169811,0.2044450044631958,-0.7578921987565143,0.3210807314267527,0.17326537626825905,0.6719831824302673,33,80,20,20,10.480142831802368,4793280,464.0,0.5427978883861236,314,171,63,34,208,11,41,2,,,,,,,,,,,,,,,,,,,,,,,,,522,93,153,104
leakage,pima,2,0.8,leakage,0.5,0,3,2029,"FedAvg-LR, correct protocol",0.7830188679245282,0.6428413478312358,0.660377358490566,0.73,0.5645161290322581,0.8021978021978022,0.6086956521739131,0.6865467789665377,0.21288591623306274,-1.057873374691692,0.7470843166715374,0.1798805368978993,0.5995568633079529,35,73,27,18,0.6028029918670654,8848,,0.5370789341377576,314,171,63,34,208,11,41,2,,,,,,,,,,,,,,,,,,,,,,,,,522,93,153,104
leakage,pima,2,0.8,leakage,0.5,0,3,2029,"FedAvg-LR, L3",0.7964150943396225,0.670976410417573,0.5471698113207547,0.78,0.5686274509803921,0.7647058823529411,0.5576923076923077,0.66498476770754,0.20700006186962128,-1.0849329547495237,0.8105951787304956,0.1879177303875194,0.7127397656440735,29,78,22,24,0.6689786911010742,8848,,0.5299773755656109,314,171,63,34,208,11,41,2,,,,,,,,,,,,,,,,,,,,,,,,,522,93,153,104
leakage,pima,2,0.8,leakage,0.5,0,2,2028,Correct protocol (this study),0.752962962962963,0.6153894833205937,0.7222222222222222,0.64,0.52,0.810126582278481,0.6046511627906976,0.6598674808366896,0.25316891074180603,1.1374750195459236,0.12481282993563246,0.25164342732713013,0.01416847575455904,39,64,36,15,9.38262391090393,4865104,279.0,0.6621191308691308,430,120,86,24,91,62,18,12,,,,,,,,,,,,,,,,,,,,,,,,,521,93,154,104
leakage,pima,2,0.8,leakage,0.5,0,2,2028,L1: test patients in training graph,0.7719444444444445,0.6122762160708889,0.7777777777777778,0.63,0.5316455696202531,0.84,0.631578947368421,0.6757894736842105,0.25377604365348816,-1.1196203610151398,0.1173072321799629,0.25742173096310206,0.07581477612257004,42,63,37,12,11.663748979568481,4865104,417.0,0.6471028971028971,430,120,86,24,91,62,18,12,,,,,,,,,,,,,,,,,,,,,,,,,521,93,154,104
leakage,pima,2,0.8,leakage,0.5,0,2,2028,L2: pooled final classifier,0.7624074074074073,0.6009441595739065,0.7777777777777778,0.63,0.5316455696202531,0.84,0.631578947368421,0.6757894736842105,0.22984613478183746,0.3935404915706358,0.19578702735623252,0.20788606952924232,0.08556541800498962,42,63,37,12,8.074892520904541,4793280,279.0,0.6817557442557443,430,120,86,24,91,62,18,12,,,,,,,,,,,,,,,,,,,,,,,,,521,93,154,104
leakage,pima,2,0.8,leakage,0.5,0,2,2028,L3: preprocessing fitted on all data,0.7518518518518519,0.6022238849396869,0.7777777777777778,0.55,0.4827586206896552,0.8208955223880597,0.5957446808510638,0.6272136577908014,0.25134357810020447,0.8637595019738222,0.14560821476799646,0.24797796548719145,0.00725781824439764,42,55,45,12,8.01728630065918,4865104,277.0,0.6681131368631368,430,120,86,24,91,62,18,12,,,,,,,,,,,,,,,,,,,,,,,,,521,93,154,104
leakage,pima,2,0.8,leakage,0.5,0,2,2028,L4: one cross-silo graph at inference,0.7860185185185186,0.6935801859194668,0.7962962962962963,0.58,0.5058823529411764,0.8405797101449275,0.6187050359712231,0.6525477842578009,0.24700336158275604,-0.7692015184338766,0.1267587590411916,0.2559862285791957,0.0029822729993611574,43,58,42,11,7.878433704376221,4865104,279.0,0.5713349150849151,430,120,86,24,91,62,18,12,,,,,,,,,,,,,,,,,,,,,,,,,521,93,154,104
leakage,pima,2,0.8,leakage,0.5,0,2,2028,All four shortcuts,0.7942592592592592,0.6979892653105575,0.8888888888888888,0.62,0.5581395348837209,0.9117647058823529,0.6857142857142857,0.7119047619047619,0.23136822879314423,-0.8529735233981802,0.27400722827812923,0.2262401830211475,0.1139666959643364,48,62,38,6,10.983915328979492,4793280,430.0,0.5706168831168831,430,120,86,24,91,62,18,12,,,,,,,,,,,,,,,,,,,,,,,,,521,93,154,104
leakage,pima,2,0.8,leakage,0.5,0,2,2028,"FedAvg-LR, correct protocol",0.822037037037037,0.7067345389814234,0.7962962962962963,0.67,0.5657894736842105,0.8589743589743589,0.6615384615384615,0.7071737251512532,0.16677038371562958,-0.30599885648153535,0.6234195118276428,0.10354151586433509,0.3195456266403198,43,67,33,11,0.4975855350494385,8848,,0.5346528471528472,430,120,86,24,91,62,18,12,,,,,,,,,,,,,,,,,,,,,,,,,521,93,154,104
leakage,pima,2,0.8,leakage,0.5,0,2,2028,"FedAvg-LR, L3",0.822037037037037,0.7052533477523129,0.7962962962962963,0.67,0.5657894736842105,0.8589743589743589,0.6615384615384615,0.7071737251512532,0.16715183854103088,-0.3112885968513558,0.6190557754675038,0.09605000424501184,0.3173566162586212,43,67,33,11,0.4589498043060303,8848,,0.5345279720279721,430,120,86,24,91,62,18,12,,,,,,,,,,,,,,,,,,,,,,,,,521,93,154,104
leakage,pima,2,0.8,leakage,0.5,0,4,2030,Correct protocol (this study),0.8643396226415094,0.7686585701735196,0.6415094339622641,0.92,0.8095238095238095,0.8288288288288288,0.7157894736842105,0.7939136941880769,0.1660265177488327,0.7744617134801347,0.22787691000545782,0.17045808986462407,0.8601471185684204,34,92,8,19,9.06308102607727,4865104,394.0,0.583239064856712,149,115,30,23,373,67,74,13,,,,,,,,,,,,,,,,,,,,,,,,,522,93,153,104
leakage,pima,2,0.8,leakage,0.5,0,4,2030,L1: test patients in training graph,0.8576415094339623,0.7453248944234244,0.7735849056603774,0.8,0.6721311475409836,0.8695652173913043,0.7192982456140351,0.7763157894736843,0.18052592873573303,-1.6277480552060473,0.19328529752771292,0.17785921507192398,0.577738344669342,41,80,20,12,11.063323974609375,4865104,595.0,0.5559954751131222,149,115,30,23,373,67,74,13,,,,,,,,,,,,,,,,,,,,,,,,,522,93,153,104
leakage,pima,2,0.8,leakage,0.5,0,4,2030,L2: pooled final classifier,0.8371698113207549,0.7671271497770168,0.6981132075471698,0.87,0.74,0.8446601941747572,0.7184466019417476,0.7877947295423023,0.15739107131958008,-0.4574584865519039,0.38145939039608906,0.11848695084355235,0.5301778316497803,37,87,13,16,8.097139596939087,4793280,394.0,0.6236173956762192,149,115,30,23,373,67,74,13,,,,,,,,,,,,,,,,,,,,,,,,,522,93,153,104
leakage,pima,2,0.8,leakage,0.5,0,4,2030,L3: preprocessing fitted on all data,0.8694339622641509,0.7497245233710756,0.8679245283018868,0.73,0.6301369863013698,0.9125,0.7301587301587301,0.7706349206349206,0.1686302125453949,-0.3953765919760924,0.23362594501601672,0.1606663877473158,0.05115848779678345,46,73,27,7,7.830718517303467,4865104,395.0,0.5886123680241326,149,115,30,23,373,67,74,13,,,,,,,,,,,,,,,,,,,,,,,,,522,93,153,104
leakage,pima,2,0.8,leakage,0.5,0,4,2030,L4: one cross-silo graph at inference,0.8618867924528302,0.7265539101606071,0.8301886792452831,0.75,0.6376811594202898,0.8928571428571429,0.7213114754098361,0.7682644333570919,0.1998034417629242,0.6291349271616871,0.23887495402105707,0.2094680055598515,0.035355277359485626,44,75,25,9,7.868652582168579,4865104,394.0,0.5157742584213172,149,115,30,23,373,67,74,13,,,,,,,,,,,,,,,,,,,,,,,,,522,93,153,104
leakage,pima,2,0.8,leakage,0.5,0,4,2030,All four shortcuts,0.8415094339622642,0.740056580791689,0.8679245283018868,0.74,0.6388888888888888,0.9135802469135802,0.736,0.7768397790055248,0.17384213209152222,-0.8769588267593837,0.3772762044332757,0.1440837442923605,0.28917396068573,46,74,26,7,10.572228193283081,4793280,607.0,0.5801282051282052,149,115,30,23,373,67,74,13,,,,,,,,,,,,,,,,,,,,,,,,,522,93,153,104
leakage,pima,2,0.8,leakage,0.5,0,4,2030,"FedAvg-LR, correct protocol",0.8528301886792453,0.7241768148523515,0.7547169811320755,0.79,0.6557377049180327,0.8586956521739131,0.7017543859649122,0.7623355263157894,0.1672459989786148,0.3631333690218419,0.5406985398741151,0.13155736603768045,0.25939664244651794,40,79,21,13,0.511136531829834,8848,,0.5167797888386123,149,115,30,23,373,67,74,13,,,,,,,,,,,,,,,,,,,,,,,,,522,93,153,104
leakage,pima,2,0.8,leakage,0.5,0,4,2030,"FedAvg-LR, L3",0.8520754716981132,0.723522538305729,0.6226415094339622,0.86,0.7021276595744681,0.8113207547169812,0.66,0.7474757281553398,0.1673613041639328,0.36156392747433486,0.540217877035231,0.13145206754211508,0.38992246985435486,33,86,14,20,0.5478167533874512,8848,,0.5165284062342885,149,115,30,23,373,67,74,13,,,,,,,,,,,,,,,,,,,,,,,,,522,93,153,104
leakage,pima,2,0.8,leakage,0.5,1,1,3027,Correct protocol (this study),0.820925925925926,0.6893702063159732,0.8518518518518519,0.67,0.5822784810126582,0.8933333333333333,0.6917293233082706,0.7287218045112782,0.23068057000637054,0.9674050014820328,0.18989122278591472,0.23038587833500723,0.012343335896730423,46,67,33,8,8.147669315338135,4865104,358.0,0.5230364873222016,267,163,54,33,254,19,51,4,,,,,,,,,,,,,,,,,,,,,,,,,521,93,154,105
leakage,pima,2,0.8,leakage,0.5,1,1,3027,L1: test patients in training graph,0.7537037037037038,0.5970779673895804,0.42592592592592593,0.77,0.5,0.7129629629629629,0.46,0.6001923076923077,0.2646096348762512,1.6298336980615258,0.19012156537486322,0.24992939609695566,0.26910629868507385,23,77,23,31,10.179865837097168,4865104,567.0,0.5408163265306123,267,163,54,33,254,19,51,4,,,,,,,,,,,,,,,,,,,,,,,,,521,93,154,105
leakage,pima,2,0.8,leakage,0.5,1,1,3027,L2: pooled final classifier,0.8166666666666667,0.6808966851389927,0.8518518518518519,0.63,0.5542168674698795,0.8873239436619719,0.6715328467153284,0.7041874759892431,0.2204391211271286,1.772073395754547,0.2626491073564962,0.2017134458322514,0.006493374705314636,46,63,37,8,7.279261589050293,4793280,358.0,0.5463821892393321,267,163,54,33,254,19,51,4,,,,,,,,,,,,,,,,,,,,,,,,,521,93,154,105
leakage,pima,2,0.8,leakage,0.5,1,1,3027,L3: preprocessing fitted on all data,0.7970370370370371,0.6411313454429979,0.7407407407407407,0.71,0.5797101449275363,0.8352941176470589,0.6504065040650406,0.7089870358163042,0.24843944609165192,0.3228795226446692,0.18832981216536887,0.23496183246833746,0.14829854667186737,40,71,29,14,7.429259777069092,4865104,358.0,0.5377241805813234,267,163,54,33,254,19,51,4,,,,,,,,,,,,,,,,,,,,,,,,,521,93,154,105
leakage,pima,2,0.8,leakage,0.5,1,1,3027,L4: one cross-silo graph at inference,0.8031481481481482,0.6801102481417352,0.6481481481481481,0.73,0.5645161290322581,0.7934782608695652,0.603448275862069,0.6819324712643677,0.2174377739429474,0.16431603455682553,0.23614431733440558,0.19864154973539053,0.33863726258277893,35,73,27,19,7.100164175033569,4865104,358.0,0.5327149041434756,267,163,54,33,254,19,51,4,,,,,,,,,,,,,,,,,,,,,,,,,521,93,154,105
leakage,pima,2,0.8,leakage,0.5,1,1,3027,All four shortcuts,0.7766666666666667,0.6727156931818322,0.6111111111111112,0.73,0.55,0.776595744680851,0.5789473684210527,0.6657623440043408,0.22994229197502136,-0.15388356558334798,0.29817640116569266,0.2010783523611434,0.396441251039505,33,73,27,21,9.210811853408813,4793280,554.0,0.5556895485466914,267,163,54,33,254,19,51,4,,,,,,,,,,,,,,,,,,,,,,,,,521,93,154,105
leakage,pima,2,0.8,leakage,0.5,1,1,3027,"FedAvg-LR, correct protocol",0.8157407407407407,0.6539009287582602,0.42592592592592593,0.91,0.71875,0.7459016393442623,0.5348837209302325,0.6773517703750261,0.18336893618106842,-0.8307775659299522,0.7061932889435363,0.1443064394709352,0.8315626978874207,23,91,9,31,0.45896267890930176,8848,,0.482312925170068,267,163,54,33,254,19,51,4,,,,,,,,,,,,,,,,,,,,,,,,,521,93,154,105
leakage,pima,2,0.8,leakage,0.5,1,1,3027,"FedAvg-LR, L3",0.8153703703703704,0.6536459455859107,0.42592592592592593,0.91,0.71875,0.7459016393442623,0.5348837209302325,0.6773517703750261,0.183449387550354,-0.8298918695289998,0.7056996448449024,0.14414799474663548,0.830710232257843,23,91,9,31,0.7243800163269043,8848,,0.482312925170068,267,163,54,33,254,19,51,4,,,,,,,,,,,,,,,,,,,,,,,,,521,93,154,105
leakage,pima,2,0.8,leakage,0.5,1,0,3026,Correct protocol (this study),0.7425925925925926,0.6364506189285075,0.6851851851851852,0.63,0.5,0.7875,0.578125,0.6390625,0.25533801317214966,-0.0018908739394860375,0.15136874472738046,0.23647151869878946,0.11644705384969711,37,63,37,17,8.016117334365845,4865104,308.0,0.6037087912087912,100,5,20,1,421,177,84,35,,,,,,,,,,,,,,,,,,,,,,,,,521,93,154,104
leakage,pima,2,0.8,leakage,0.5,1,0,3026,L1: test patients in training graph,0.8324074074074074,0.7217610233162911,0.7962962962962963,0.7,0.589041095890411,0.8641975308641975,0.6771653543307087,0.725323008657067,0.21576713025569916,-2.2972179846220535,0.20507112503068867,0.20811078890964582,0.5784068703651428,43,70,30,11,10.812933921813965,4865104,482.0,0.5500749250749251,100,5,20,1,421,177,84,35,,,,,,,,,,,,,,,,,,,,,,,,,521,93,154,104
leakage,pima,2,0.8,leakage,0.5,1,0,3026,L2: pooled final classifier,0.736111111111111,0.6273817857285863,0.6666666666666666,0.66,0.5142857142857142,0.7857142857142857,0.5806451612903226,0.6490182328190743,0.2485189288854599,0.1964297184590903,0.1701061404027653,0.23210494297665435,0.09394871443510056,36,66,34,18,7.605319976806641,4793280,308.0,0.6151348651348651,100,5,20,1,421,177,84,35,,,,,,,,,,,,,,,,,,,,,,,,,521,93,154,104
leakage,pima,2,0.8,leakage,0.5,1,0,3026,L3: preprocessing fitted on all data,0.7909259259259259,0.6833667266433929,0.9259259259259259,0.51,0.5050505050505051,0.9272727272727272,0.6535947712418301,0.6558296436854312,0.2311784327030182,-0.3321937623063537,0.191813312249606,0.20282871255578547,0.013586539775133133,50,51,49,4,7.6056108474731445,4865104,309.0,0.5963099400599401,100,5,20,1,421,177,84,35,,,,,,,,,,,,,,,,,,,,,,,,,521,93,154,104
leakage,pima,2,0.8,leakage,0.5,1,0,3026,L4: one cross-silo graph at inference,0.7883333333333333,0.6780415461585783,0.8518518518518519,0.54,0.5,0.8709677419354839,0.6301369863013698,0.6484018264840182,0.24184516072273254,-1.825002387752222,0.18797455482394504,0.21615429289106813,0.14982996881008148,46,54,46,8,7.105112075805664,4865104,308.0,0.5530719280719281,100,5,20,1,421,177,84,35,,,,,,,,,,,,,,,,,,,,,,,,,521,93,154,104
leakage,pima,2,0.8,leakage,0.5,1,0,3026,All four shortcuts,0.7703703703703704,0.6434187089159653,0.7592592592592593,0.63,0.5256410256410257,0.8289473684210527,0.6212121212121212,0.6685606060606061,0.23649990558624268,-1.3936008247650393,0.18858910202293286,0.22166782782062305,0.3112453520298004,41,63,37,13,9.703163862228394,4793280,479.0,0.5585664335664335,100,5,20,1,421,177,84,35,,,,,,,,,,,,,,,,,,,,,,,,,521,93,154,104
leakage,pima,2,0.8,leakage,0.5,1,0,3026,"FedAvg-LR, correct protocol",0.857962962962963,0.7700222249658359,0.8703703703703703,0.67,0.5875,0.9054054054054054,0.7014925373134329,0.7358037399210842,0.15996041893959045,-0.7859723123645611,1.0035761781901784,0.13645819603622733,0.40375974774360657,47,67,33,7,0.6456623077392578,8848,,0.4753996003996004,100,5,20,1,421,177,84,35,,,,,,,,,,,,,,,,,,,,,,,,,521,93,154,104
leakage,pima,2,0.8,leakage,0.5,1,0,3026,"FedAvg-LR, L3",0.8590740740740741,0.7711447336530963,0.6111111111111112,0.86,0.7021276595744681,0.8037383177570093,0.6534653465346535,0.7421916104653944,0.15998417139053345,-0.7903381961689673,1.0055452992624518,0.13684323623582914,0.6725122332572937,33,86,14,21,0.5084121227264404,8848,,0.4756493506493506,100,5,20,1,421,177,84,35,,,,,,,,,,,,,,,,,,,,,,,,,521,93,154,104
leakage,pima,2,0.8,leakage,0.5,1,2,3028,Correct protocol (this study),0.7807407407407407,0.6438204903920629,0.9074074074074074,0.5,0.494949494949495,0.9090909090909091,0.6405228758169934,0.642842083069787,0.26430651545524597,-2.156894757524144,0.19035020157729776,0.25499543806465413,0.04741659015417099,49,50,50,5,8.692595720291138,4865104,215.0,0.6745681502963057,469,167,93,33,52,15,10,3,,,,,,,,,,,,,,,,,,,,,,,,,521,93,154,103
leakage,pima,2,0.8,leakage,0.5,1,2,3028,L1: test patients in training graph,0.7751851851851852,0.6339105866904521,0.7777777777777778,0.63,0.5316455696202531,0.84,0.631578947368421,0.6757894736842105,0.2592805325984955,-1.4679984217684565,0.1716623238796096,0.2440178039931245,0.13389942049980164,42,63,37,12,11.07666540145874,4865104,424.0,0.6427310553524146,469,167,93,33,52,15,10,3,,,,,,,,,,,,,,,,,,,,,,,,,521,93,154,103
leakage,pima,2,0.8,leakage,0.5,1,2,3028,L2: pooled final classifier,0.7538888888888889,0.6032061176907154,0.9074074074074074,0.45,0.47115384615384615,0.9,0.620253164556962,0.6101265822784809,0.23267266154289246,-0.302812705861582,0.29673683193722505,0.20902000298699389,0.05243001878261566,49,45,55,5,7.738532781600952,4793280,215.0,0.6903290883873409,469,167,93,33,52,15,10,3,,,,,,,,,,,,,,,,,,,,,,,,,521,93,154,103
leakage,pima,2,0.8,leakage,0.5,1,2,3028,L3: preprocessing fitted on all data,0.79,0.6165380245411443,0.6296296296296297,0.82,0.6538461538461539,0.803921568627451,0.6415094339622641,0.7266953110405381,0.22133423388004303,-0.23755346630854585,0.20861271128833905,0.21711040380132662,0.635837972164154,34,82,18,20,7.346245765686035,4865104,228.0,0.651462615054848,469,167,93,33,52,15,10,3,,,,,,,,,,,,,,,,,,,,,,,,,521,93,154,103
leakage,pima,2,0.8,leakage,0.5,1,2,3028,L4: one cross-silo graph at inference,0.7746296296296297,0.6598680406655604,0.6851851851851852,0.69,0.5441176470588235,0.8023255813953488,0.6065573770491803,0.674246430460074,0.2627745270729065,-2.1473621158576663,0.1760557028324148,0.24877697801483528,0.5374125242233276,37,69,31,17,8.334261894226074,4865104,215.0,0.6327701424788804,469,167,93,33,52,15,10,3,,,,,,,,,,,,,,,,,,,,,,,,,521,93,154,103
leakage,pima,2,0.8,leakage,0.5,1,2,3028,All four shortcuts,0.7512962962962964,0.6355351296150955,0.7037037037037037,0.62,0.5,0.7948717948717948,0.5846153846153846,0.6406222990492654,0.2569752335548401,-0.020467211051377807,0.22763241487509475,0.25310879575644996,0.18377307057380676,38,62,38,16,10.178324937820435,4793280,378.0,0.6285462110704829,469,167,93,33,52,15,10,3,,,,,,,,,,,,,,,,,,,,,,,,,521,93,154,103
leakage,pima,2,0.8,leakage,0.5,1,2,3028,"FedAvg-LR, correct protocol",0.8209259259259258,0.6667571081531295,0.8333333333333334,0.64,0.5555555555555556,0.8767123287671232,0.6666666666666666,0.7032755298651252,0.172970250248909,-0.5554435426313651,0.6803518529471533,0.10609118592042428,0.32492783665657043,45,64,36,9,0.503126859664917,8848,,0.5445088891690834,469,167,93,33,52,15,10,3,,,,,,,,,,,,,,,,,,,,,,,,,521,93,154,103
leakage,pima,2,0.8,leakage,0.5,1,2,3028,"FedAvg-LR, L3",0.8203703703703704,0.6663372797141015,0.8333333333333334,0.64,0.5555555555555556,0.8767123287671232,0.6666666666666666,0.7032755298651252,0.1728966236114502,-0.5551763583224665,0.6805719334853972,0.10592525679763262,0.3247748911380768,45,64,36,9,0.4535825252532959,8848,,0.5438154078930778,469,167,93,33,52,15,10,3,,,,,,,,,,,,,,,,,,,,,,,,,521,93,154,103
leakage,pima,2,0.8,leakage,0.5,1,3,3029,Correct protocol (this study),0.749056603773585,0.5874953998651622,0.8113207547169812,0.61,0.524390243902439,0.8591549295774648,0.6370370370370371,0.675243664717349,0.29613596200942993,-3.2336466537944513,0.21376461558540477,0.29929038637555117,0.6511238813400269,43,61,39,10,6.975655555725098,4865104,346.0,0.6612619406737054,179,5,36,1,343,177,68,35,,,,,,,,,,,,,,,,,,,,,,,,,522,93,153,104
leakage,pima,2,0.8,leakage,0.5,1,3,3029,L1: test patients in training graph,0.769622641509434,0.6202420380315048,0.7924528301886793,0.61,0.5185185185185185,0.8472222222222222,0.6268656716417911,0.6680839986115932,0.28950604796409607,-3.1217986681445553,0.2505573629093663,0.27458853055449095,0.7627457976341248,42,61,39,11,9.496433973312378,4865104,497.0,0.6607277526395173,179,5,36,1,343,177,68,35,,,,,,,,,,,,,,,,,,,,,,,,,522,93,153,104
leakage,pima,2,0.8,leakage,0.5,1,3,3029,L2: pooled final classifier,0.699433962264151,0.5339332887249486,0.49056603773584906,0.71,0.4727272727272727,0.7244897959183674,0.48148148148148145,0.5993265993265993,0.27340030670166016,-1.2493572775795114,0.2408699531146237,0.2539997076968741,0.743221640586853,26,71,29,27,8.43114447593689,4793280,346.0,0.7118841126194068,179,5,36,1,343,177,68,35,,,,,,,,,,,,,,,,,,,,,,,,,522,93,153,104
leakage,pima,2,0.8,leakage,0.5,1,3,3029,L3: preprocessing fitted on all data,0.7462264150943396,0.6031841127677575,0.7358490566037735,0.63,0.5131578947368421,0.8181818181818182,0.6046511627906976,0.6582577847851794,0.33064618706703186,-4.28686444898052,0.16435820494114475,0.331085692117222,0.7957367300987244,39,63,37,14,8.490765810012817,4865104,346.0,0.654851684263449,179,5,36,1,343,177,68,35,,,,,,,,,,,,,,,,,,,,,,,,,522,93,153,104
leakage,pima,2,0.8,leakage,0.5,1,3,3029,L4: one cross-silo graph at inference,0.7628301886792452,0.6627785187379478,0.4716981132075472,0.78,0.5319148936170213,0.7358490566037735,0.5,0.6286407766990292,0.3023720383644104,-3.8873626543268824,0.18597545665595328,0.29693438066473976,0.9877639412879944,25,78,22,28,7.393449783325195,4865104,346.0,0.6133107088989442,179,5,36,1,343,177,68,35,,,,,,,,,,,,,,,,,,,,,,,,,522,93,153,104
leakage,pima,2,0.8,leakage,0.5,1,3,3029,All four shortcuts,0.7058490566037735,0.5575073027877697,0.7547169811320755,0.54,0.46511627906976744,0.8059701492537313,0.5755395683453237,0.6111230775858355,0.262807697057724,-1.2312022304256156,0.24617319744397523,0.2236723460476188,0.3241398334503174,40,54,46,13,10.61044979095459,4793280,493.0,0.6478129713423831,179,5,36,1,343,177,68,35,,,,,,,,,,,,,,,,,,,,,,,,,522,93,153,104
leakage,pima,2,0.8,leakage,0.5,1,3,3029,"FedAvg-LR, correct protocol",0.7537735849056604,0.6610700043947239,0.6415094339622641,0.67,0.5074626865671642,0.7790697674418605,0.5666666666666667,0.6435483870967742,0.26581642031669617,-1.6141961923353636,0.664731293130343,0.26558704912857295,0.6785780787467957,34,67,33,19,0.47029852867126465,8848,,0.5523504273504274,179,5,36,1,343,177,68,35,,,,,,,,,,,,,,,,,,,,,,,,,522,93,153,104
leakage,pima,2,0.8,leakage,0.5,1,3,3029,"FedAvg-LR, L3",0.7530188679245283,0.6602966173338491,0.660377358490566,0.67,0.5147058823529411,0.788235294117647,0.5785123966942148,0.6514183605092696,0.2668406367301941,-1.6238276787680608,0.6568095248427648,0.26622918652358396,0.6716532707214355,35,67,33,18,0.6323411464691162,8848,,0.5519105077928608,179,5,36,1,343,177,68,35,,,,,,,,,,,,,,,,,,,,,,,,,522,93,153,104
leakage,pima,2,0.8,leakage,0.5,1,4,3030,Correct protocol (this study),0.7873584905660377,0.6909960653974287,0.8679245283018868,0.55,0.5054945054945055,0.8870967741935484,0.6388888888888888,0.6589506172839505,0.24704445898532867,-1.1141164271162936,0.15662472561718757,0.23420682718088615,0.005213716067373753,46,55,45,7,7.301499605178833,4865104,368.0,0.6089429361488186,301,16,60,3,221,166,44,33,,,,,,,,,,,,,,,,,,,,,,,,,522,93,153,104
leakage,pima,2,0.8,leakage,0.5,1,4,3030,L1: test patients in training graph,0.7594339622641509,0.6392671901700602,0.7169811320754716,0.68,0.5428571428571428,0.8192771084337349,0.6178861788617886,0.6805277888844463,0.2724286615848541,-2.1831607186928745,0.12510112345485513,0.26621325708487453,0.4059767723083496,38,68,32,15,9.059859037399292,4865104,557.0,0.5593262946204123,301,16,60,3,221,166,44,33,,,,,,,,,,,,,,,,,,,,,,,,,522,93,153,104
leakage,pima,2,0.8,leakage,0.5,1,4,3030,L2: pooled final classifier,0.7767924528301887,0.6986457924230338,0.8301886792452831,0.54,0.4888888888888889,0.8571428571428571,0.6153846153846154,0.6389806512505899,0.2398029863834381,-0.5139151388621023,0.21067653690501853,0.23554767872772964,0.016673386096954346,44,54,46,9,9.976063251495361,4793280,368.0,0.6153846153846154,301,16,60,3,221,166,44,33,,,,,,,,,,,,,,,,,,,,,,,,,522,93,153,104
leakage,pima,2,0.8,leakage,0.5,1,4,3030,L3: preprocessing fitted on all data,0.7832075471698113,0.6851856379156298,0.7924528301886793,0.64,0.5384615384615384,0.8533333333333334,0.6412213740458015,0.6863249727371865,0.24423325061798096,-0.4918902475598942,0.15343935828493965,0.23649050598489305,0.020839447155594826,42,64,36,11,8.183509349822998,4865104,362.0,0.6295563097033685,301,16,60,3,221,166,44,33,,,,,,,,,,,,,,,,,,,,,,,,,522,93,153,104
leakage,pima,2,0.8,leakage,0.5,1,4,3030,L4: one cross-silo graph at inference,0.7781132075471698,0.6437994639157903,0.8113207547169812,0.61,0.524390243902439,0.8591549295774648,0.6370370370370371,0.675243664717349,0.23811714351177216,-0.596064980911613,0.17288644851374302,0.22462710269477243,0.06236651912331581,43,61,39,10,7.215564489364624,4865104,368.0,0.5574409250879839,301,16,60,3,221,166,44,33,,,,,,,,,,,,,,,,,,,,,,,,,522,93,153,104
leakage,pima,2,0.8,leakage,0.5,1,4,3030,All four shortcuts,0.7969811320754717,0.6877467377809937,0.6226415094339622,0.75,0.5689655172413793,0.7894736842105263,0.5945945945945946,0.681912681912682,0.22804340720176697,-0.6549755874884475,0.2300073474729014,0.212179137296439,0.505098283290863,33,75,25,20,9.609905242919922,4793280,553.0,0.5506535947712419,301,16,60,3,221,166,44,33,,,,,,,,,,,,,,,,,,,,,,,,,522,93,153,104
leakage,pima,2,0.8,leakage,0.5,1,4,3030,"FedAvg-LR, correct protocol",0.8092452830188679,0.6755578286267672,0.7735849056603774,0.72,0.5942028985507246,0.8571428571428571,0.6721311475409836,0.7273699215965788,0.19437216222286224,0.9570829434994126,0.6594292760588186,0.16576520114942314,0.14403313398361206,41,72,28,12,0.6006510257720947,8848,,0.5049648064353947,301,16,60,3,221,166,44,33,,,,,,,,,,,,,,,,,,,,,,,,,522,93,153,104
leakage,pima,2,0.8,leakage,0.5,1,4,3030,"FedAvg-LR, L3",0.8084905660377358,0.673730735338639,0.7735849056603774,0.72,0.5942028985507246,0.8571428571428571,0.6721311475409836,0.7273699215965788,0.1943179816007614,0.9552596203604495,0.6579692988643626,0.15787045121972076,0.1450856626033783,41,72,28,12,0.5037870407104492,8848,,0.5042735042735043,301,16,60,3,221,166,44,33,,,,,,,,,,,,,,,,,,,,,,,,,522,93,153,104
leakage,pima,2,0.8,leakage,0.5,2,0,4026,Correct protocol (this study),0.8550925925925926,0.6980149917397909,0.46296296296296297,0.94,0.8064516129032258,0.7642276422764228,0.5882352941176471,0.7156423107359535,0.1867300271987915,-1.7385990726276142,0.24185607433037629,0.17969780722512052,0.9908657670021057,25,94,6,29,7.042193174362183,4865104,241.0,0.5761738261738262,165,16,33,3,356,166,71,33,,,,,,,,,,,,,,,,,,,,,,,,,521,93,154,104
leakage,pima,2,0.8,leakage,0.5,2,0,4026,L1: test patients in training graph,0.7414814814814814,0.5911732546414615,0.35185185185185186,0.91,0.6785714285714286,0.7222222222222222,0.4634146341463415,0.634362184329808,0.2392777055501938,-1.3665629828566224,0.17941865030424822,0.23630717821274097,0.9916582703590393,19,91,9,35,9.818378448486328,4865104,391.0,0.6211288711288712,165,16,33,3,356,166,71,33,,,,,,,,,,,,,,,,,,,,,,,,,521,93,154,104
leakage,pima,2,0.8,leakage,0.5,2,0,4026,L2: pooled final classifier,0.8368518518518518,0.690942586984604,0.5925925925925926,0.87,0.7111111111111111,0.7981651376146789,0.6464646464646465,0.7395002658160553,0.16055867075920105,-0.07960424871396317,0.5587248391953274,0.08110764100180043,0.593963623046875,32,87,13,22,9.414344787597656,4793280,241.0,0.6167582417582418,165,16,33,3,356,166,71,33,,,,,,,,,,,,,,,,,,,,,,,,,521,93,154,104
leakage,pima,2,0.8,leakage,0.5,2,0,4026,L3: preprocessing fitted on all data,0.8655555555555555,0.7597667777356628,0.2777777777777778,0.97,0.8333333333333334,0.7132352941176471,0.4166666666666667,0.6193502824858758,0.18358679115772247,-1.7249814444052762,0.2930824029225686,0.157301367296801,0.9997054934501648,15,97,3,39,7.371730089187622,4865104,250.0,0.5725836663336663,165,16,33,3,356,166,71,33,,,,,,,,,,,,,,,,,,,,,,,,,521,93,154,104
leakage,pima,2,0.8,leakage,0.5,2,0,4026,L4: one cross-silo graph at inference,0.7981481481481482,0.6617774035491839,0.7222222222222222,0.83,0.6964285714285714,0.8469387755102041,0.7090909090909091,0.7737373737373737,0.20672374963760376,-1.6798818331329057,0.29108749335919515,0.2141298996163653,0.7572547793388367,39,83,17,15,7.3736655712127686,4865104,241.0,0.5589410589410589,165,16,33,3,356,166,71,33,,,,,,,,,,,,,,,,,,,,,,,,,521,93,154,104
leakage,pima,2,0.8,leakage,0.5,2,0,4026,All four shortcuts,0.772037037037037,0.6482139398462746,0.5740740740740741,0.81,0.62,0.7788461538461539,0.5961538461538461,0.6951357466063348,0.21895933151245117,-0.7953952714444043,0.3296611935988915,0.18742699843722502,0.7534695267677307,31,81,19,23,9.669224262237549,4793280,423.0,0.5682442557442557,165,16,33,3,356,166,71,33,,,,,,,,,,,,,,,,,,,,,,,,,521,93,154,104
leakage,pima,2,0.8,leakage,0.5,2,0,4026,"FedAvg-LR, correct protocol",0.8190740740740741,0.6595007456554325,0.5555555555555556,0.89,0.7317073170731707,0.7876106194690266,0.631578947368421,0.7336298492710649,0.1908392459154129,-1.0397530079311252,0.7728262886078467,0.16415369542097893,0.7659765481948853,30,89,11,24,0.4318883419036865,8848,,0.5227897102897103,165,16,33,3,356,166,71,33,,,,,,,,,,,,,,,,,,,,,,,,,521,93,154,104
leakage,pima,2,0.8,leakage,0.5,2,0,4026,"FedAvg-LR, L3",0.8201851851851851,0.6565867861120095,0.7777777777777778,0.72,0.6,0.8571428571428571,0.6774193548387096,0.7300140252454418,0.1902667135000229,-1.0324494374111821,0.7720195771358574,0.16324080396201704,0.5593852400779724,42,72,28,12,0.5557870864868164,8848,,0.5225399600399601,165,16,33,3,356,166,71,33,,,,,,,,,,,,,,,,,,,,,,,,,521,93,154,104
leakage,pima,2,0.8,leakage,0.5,2,1,4027,Correct protocol (this study),0.8021296296296296,0.6798256886793917,0.7592592592592593,0.69,0.5694444444444444,0.8414634146341463,0.6507936507936508,0.7045177045177045,0.23791469633579254,-0.7570498742799745,0.15917803163369032,0.2567181806684798,0.08812882751226425,41,69,31,13,7.085174798965454,4865104,276.0,0.6397040459540461,193,92,38,18,328,90,66,18,,,,,,,,,,,,,,,,,,,,,,,,,521,93,154,104
leakage,pima,2,0.8,leakage,0.5,2,1,4027,L1: test patients in training graph,0.7886111111111112,0.6337975422720428,0.7222222222222222,0.7,0.5652173913043478,0.8235294117647058,0.6341463414634146,0.6954515491100857,0.25667503476142883,-2.981739043166051,0.15362267995180143,0.2509456188055118,0.7483494877815247,39,70,30,15,9.48503589630127,4865104,458.0,0.635989010989011,193,92,38,18,328,90,66,18,,,,,,,,,,,,,,,,,,,,,,,,,521,93,154,104
leakage,pima,2,0.8,leakage,0.5,2,1,4027,L2: pooled final classifier,0.7675925925925926,0.616147341052327,0.6851851851851852,0.7,0.5522388059701493,0.8045977011494253,0.6115702479338843,0.6801166747690812,0.21904774010181427,0.36885075681767054,0.21900874506331452,0.18691259860847287,0.14564701914787292,37,70,30,17,9.545405626296997,4793280,276.0,0.6546578421578422,193,92,38,18,328,90,66,18,,,,,,,,,,,,,,,,,,,,,,,,,521,93,154,104
leakage,pima,2,0.8,leakage,0.5,2,1,4027,L3: preprocessing fitted on all data,0.7811111111111111,0.6581694038296398,0.8888888888888888,0.45,0.46601941747572817,0.8823529411764706,0.6114649681528662,0.6037457291095457,0.23492491245269775,-0.4421515703554842,0.1665211429317661,0.23158487086728602,0.0023642403539270163,48,45,55,6,14.814250469207764,4865104,283.0,0.653971028971029,193,92,38,18,328,90,66,18,,,,,,,,,,,,,,,,,,,,,,,,,521,93,154,104
leakage,pima,2,0.8,leakage,0.5,2,1,4027,L4: one cross-silo graph at inference,0.8358333333333333,0.7349326711669723,0.7962962962962963,0.68,0.5733333333333334,0.8607594936708861,0.6666666666666666,0.7132216014897579,0.2266208529472351,-2.813628766625402,0.2023172038388734,0.2246361393965297,0.4613185226917267,43,68,32,11,15.416918754577637,4865104,276.0,0.547795954045954,193,92,38,18,328,90,66,18,,,,,,,,,,,,,,,,,,,,,,,,,521,93,154,104
leakage,pima,2,0.8,leakage,0.5,2,1,4027,All four shortcuts,0.7646296296296295,0.6519583859328067,0.8148148148148148,0.53,0.4835164835164835,0.8412698412698413,0.6068965517241379,0.6286016500951979,0.23768927156925201,-1.2352043099108048,0.3410885656279653,0.21804294264693924,0.2300013154745102,44,53,47,10,15.928508520126343,4793280,453.0,0.6148851148851149,193,92,38,18,328,90,66,18,,,,,,,,,,,,,,,,,,,,,,,,,521,93,154,104
leakage,pima,2,0.8,leakage,0.5,2,1,4027,"FedAvg-LR, correct protocol",0.7944444444444445,0.6808542194680548,0.6851851851851852,0.72,0.5692307692307692,0.8089887640449438,0.6218487394957983,0.6918767507002801,0.1920531690120697,-0.7626514829527407,0.6922731559546833,0.13212348782009892,0.5147110223770142,37,72,28,17,1.089402198791504,8848,,0.5462037962037962,193,92,38,18,328,90,66,18,,,,,,,,,,,,,,,,,,,,,,,,,521,93,154,104
leakage,pima,2,0.8,leakage,0.5,2,1,4027,"FedAvg-LR, L3",0.7937037037037037,0.6801737664035461,0.7037037037037037,0.71,0.5671641791044776,0.8160919540229885,0.628099173553719,0.6937287311618863,0.19204877316951752,-0.7637001405507396,0.6923961244600203,0.13220140158936575,0.49882346391677856,38,71,29,16,0.712547779083252,8848,,0.5461413586413586,193,92,38,18,328,90,66,18,,,,,,,,,,,,,,,,,,,,,,,,,521,93,154,104
leakage,pima,2,0.8,leakage,0.5,2,2,4028,Correct protocol (this study),0.7727777777777778,0.6357943284395643,0.5185185185185185,0.88,0.7,0.7719298245614035,0.5957446808510638,0.70908729369656,0.22183485329151154,1.2131267905660128,0.14393454395803662,0.21978205563379571,0.6176571249961853,28,88,12,26,7.2725396156311035,4865104,376.0,0.6421391108891109,175,147,35,29,346,35,69,7,,,,,,,,,,,,,,,,,,,,,,,,,521,93,154,104
leakage,pima,2,0.8,leakage,0.5,2,2,4028,L1: test patients in training graph,0.7751851851851852,0.6368195115557114,0.7962962962962963,0.63,0.5375,0.8513513513513513,0.6417910447761194,0.6829644879053011,0.24556410312652588,0.8397016291533089,0.12391075289082225,0.23829035711317478,0.00645283330231905,43,63,37,11,9.37456727027893,4865104,598.0,0.5890671828171828,175,147,35,29,346,35,69,7,,,,,,,,,,,,,,,,,,,,,,,,,521,93,154,104
leakage,pima,2,0.8,leakage,0.5,2,2,4028,L2: pooled final classifier,0.7325925925925926,0.6014845217374041,0.35185185185185186,0.92,0.7037037037037037,0.7244094488188977,0.4691358024691358,0.6398542448469027,0.2473306953907013,-0.6103991967984225,0.18720827840847512,0.21760877379059018,0.9553599953651428,19,92,8,35,10.049846410751343,4793280,376.0,0.6820054945054945,175,147,35,29,346,35,69,7,,,,,,,,,,,,,,,,,,,,,,,,,521,93,154,104
leakage,pima,2,0.8,leakage,0.5,2,2,4028,L3: preprocessing fitted on all data,0.7555555555555555,0.6312977608247055,0.48148148148148145,0.87,0.6666666666666666,0.7565217391304347,0.5591397849462365,0.6842210552638159,0.2328895926475525,1.0529171248569782,0.13697786897036635,0.22234366405392425,0.7256163358688354,26,87,13,28,14.880341291427612,4865104,376.0,0.6520979020979021,175,147,35,29,346,35,69,7,,,,,,,,,,,,,,,,,,,,,,,,,521,93,154,104
leakage,pima,2,0.8,leakage,0.5,2,2,4028,L4: one cross-silo graph at inference,0.8046296296296296,0.7058691179603243,0.6851851851851852,0.82,0.6727272727272727,0.8282828282828283,0.6788990825688074,0.7515098427919413,0.21700376272201538,1.0774036231675084,0.17897646577334242,0.2173669200100295,0.20106914639472961,37,82,18,17,16.366151094436646,4865104,376.0,0.5140484515484516,175,147,35,29,346,35,69,7,,,,,,,,,,,,,,,,,,,,,,,,,521,93,154,104
leakage,pima,2,0.8,leakage,0.5,2,2,4028,All four shortcuts,0.7496296296296296,0.642794309069559,0.5555555555555556,0.88,0.7142857142857143,0.7857142857142857,0.625,0.7275943396226415,0.21177063882350922,-0.6368717075773306,0.22815865115715572,0.15809769926036332,0.7614349722862244,30,88,12,24,15.480133771896362,4793280,593.0,0.5738636363636364,175,147,35,29,346,35,69,7,,,,,,,,,,,,,,,,,,,,,,,,,521,93,154,104
leakage,pima,2,0.8,leakage,0.5,2,2,4028,"FedAvg-LR, correct protocol",0.8425925925925926,0.7175972535020481,0.6851851851851852,0.82,0.6727272727272727,0.8282828282828283,0.6788990825688074,0.7515098427919413,0.19698885083198547,1.3409669173891923,0.5407980356707349,0.18992270074494472,0.14486224949359894,37,82,18,17,0.9402883052825928,8848,,0.46684565434565434,175,147,35,29,346,35,69,7,,,,,,,,,,,,,,,,,,,,,,,,,521,93,154,104
leakage,pima,2,0.8,leakage,0.5,2,2,4028,"FedAvg-LR, L3",0.8438888888888889,0.7183221465935887,0.6481481481481481,0.83,0.6730769230769231,0.8137254901960784,0.660377358490566,0.7410797683541939,0.1962539553642273,1.3404414571440875,0.5498184307002376,0.18931148079066693,0.1631169468164444,35,83,17,19,0.6965827941894531,8848,,0.466033966033966,175,147,35,29,346,35,69,7,,,,,,,,,,,,,,,,,,,,,,,,,521,93,154,104
leakage,pima,2,0.8,leakage,0.5,2,3,4029,Correct protocol (this study),0.7218867924528303,0.6096697413320271,0.6415094339622641,0.7,0.53125,0.7865168539325843,0.5811965811965812,0.6609686609686609,0.27101197838783264,-0.42245442532815053,0.15196851072491213,0.24272065028986511,0.33746060729026794,34,70,30,19,7.444169521331787,4865104,339.0,0.6485042735042735,249,140,50,28,273,42,54,8,,,,,,,,,,,,,,,,,,,,,,,,,522,93,153,104
leakage,pima,2,0.8,leakage,0.5,2,3,4029,L1: test patients in training graph,0.6560377358490566,0.5459992746245723,0.6037735849056604,0.68,0.5,0.7640449438202247,0.5470085470085471,0.6332926332926333,0.2952299416065216,1.1001185849378277,0.10825468640748749,0.2844659008231818,0.09183887392282486,32,68,32,21,9.744800567626953,4865104,533.0,0.6465246354952238,249,140,50,28,273,42,54,8,,,,,,,,,,,,,,,,,,,,,,,,,522,93,153,104
leakage,pima,2,0.8,leakage,0.5,2,3,4029,L2: pooled final classifier,0.6726415094339623,0.5366879795050891,0.8490566037735849,0.4,0.42857142857142855,0.8333333333333334,0.569620253164557,0.5550803968525488,0.246054008603096,-0.026793830800946643,0.20817926031220454,0.1836181616081911,0.09165259450674057,45,40,60,8,14.32822871208191,4793280,339.0,0.6833207642031172,249,140,50,28,273,42,54,8,,,,,,,,,,,,,,,,,,,,,,,,,522,93,153,104
leakage,pima,2,0.8,leakage,0.5,2,3,4029,L3: preprocessing fitted on all data,0.7111320754716981,0.586014550552489,0.7547169811320755,0.6,0.5,0.821917808219178,0.6015037593984962,0.6475726889478031,0.2755684554576874,1.2027521888444033,0.1503402312957163,0.27242790362219405,0.03067667968571186,40,60,40,13,12.182287216186523,4865104,352.0,0.626131221719457,249,140,50,28,273,42,54,8,,,,,,,,,,,,,,,,,,,,,,,,,522,93,153,104
leakage,pima,2,0.8,leakage,0.5,2,3,4029,L4: one cross-silo graph at inference,0.7151886792452831,0.554973041536027,0.6037735849056604,0.72,0.5333333333333333,0.7741935483870968,0.5663716814159292,0.6562428355266174,0.26122188568115234,-0.8421876763412155,0.15420050565452698,0.24710756328468234,0.5875295996665955,32,72,28,21,17.745724201202393,4865104,339.0,0.6186525892408246,249,140,50,28,273,42,54,8,,,,,,,,,,,,,,,,,,,,,,,,,522,93,153,104
leakage,pima,2,0.8,leakage,0.5,2,3,4029,All four shortcuts,0.7373584905660377,0.5999663569145337,0.6981132075471698,0.66,0.5211267605633803,0.8048780487804879,0.5967741935483871,0.6610244594115562,0.22682887315750122,-0.39670236452570606,0.2966610402551452,0.18218844232995526,0.36871957778930664,37,66,34,16,12.505128383636475,4793280,524.0,0.6052036199095023,249,140,50,28,273,42,54,8,,,,,,,,,,,,,,,,,,,,,,,,,522,93,153,104
leakage,pima,2,0.8,leakage,0.5,2,3,4029,"FedAvg-LR, correct protocol",0.7526415094339622,0.5975043146927927,0.5471698113207547,0.74,0.5272727272727272,0.7551020408163265,0.5370370370370371,0.6422558922558923,0.2050468772649765,0.19899950426266155,0.47888530522410905,0.13005714612751226,0.3671625554561615,29,74,26,24,0.4437260627746582,8848,,0.5437405731523378,249,140,50,28,273,42,54,8,,,,,,,,,,,,,,,,,,,,,,,,,522,93,153,104
leakage,pima,2,0.8,leakage,0.5,2,3,4029,"FedAvg-LR, L3",0.7535849056603774,0.594394342187108,0.5471698113207547,0.77,0.5576923076923077,0.7623762376237624,0.5523809523809524,0.6592750533049041,0.20497849583625793,0.19723811713057518,0.47800162014746617,0.1288924824227305,0.40851080417633057,29,77,23,24,0.616687536239624,8848,,0.5434891905480141,249,140,50,28,273,42,54,8,,,,,,,,,,,,,,,,,,,,,,,,,522,93,153,104
leakage,pima,2,0.8,leakage,0.5,2,4,4030,Correct protocol (this study),0.7326415094339622,0.5570537978455006,0.8490566037735849,0.46,0.45454545454545453,0.8518518518518519,0.5921052631578947,0.594753930280246,0.24591568112373352,0.6666338306933163,0.1996437505158955,0.2109544900751192,0.014623405411839485,45,46,54,8,8.62665581703186,4865104,351.0,0.6432306255835668,202,153,41,31,320,29,64,6,,,,,,,,,,,,,,,,,,,,,,,,,522,93,153,105
leakage,pima,2,0.8,leakage,0.5,2,4,4030,L1: test patients in training graph,0.7215094339622641,0.5696070617371408,0.7169811320754716,0.52,0.4418604651162791,0.7761194029850746,0.5467625899280576,0.5847585404730109,0.28850510716438293,-0.9597290636502356,0.11995283990975568,0.2902805694482392,0.03340045362710953,38,52,48,15,16.92744779586792,4865104,577.0,0.6229380641145348,202,153,41,31,320,29,64,6,,,,,,,,,,,,,,,,,,,,,,,,,522,93,153,105
leakage,pima,2,0.8,leakage,0.5,2,4,4030,L2: pooled final classifier,0.6715094339622641,0.5016725555827396,0.7924528301886793,0.5,0.45652173913043476,0.819672131147541,0.5793103448275863,0.6002141786249733,0.26524218916893005,0.47500882414122686,0.2211004393597535,0.21376826959887363,0.07244893163442612,42,50,50,11,10.859501123428345,4793280,351.0,0.6942421413009648,202,153,41,31,320,29,64,6,,,,,,,,,,,,,,,,,,,,,,,,,522,93,153,105
leakage,pima,2,0.8,leakage,0.5,2,4,4030,L3: preprocessing fitted on all data,0.7315094339622641,0.5716440865041006,0.8113207547169812,0.51,0.4673913043478261,0.8360655737704918,0.593103448275862,0.6133219104733347,0.24659337103366852,0.7196376663006384,0.18009711848305665,0.19910145188176553,0.013331286609172821,43,51,49,10,10.79129409790039,4865104,360.0,0.6305010893246188,202,153,41,31,320,29,64,6,,,,,,,,,,,,,,,,,,,,,,,,,522,93,153,105
leakage,pima,2,0.8,leakage,0.5,2,4,4030,L4: one cross-silo graph at inference,0.7752830188679245,0.5968499580520539,0.8301886792452831,0.52,0.4782608695652174,0.8524590163934426,0.6068965517241379,0.6264296423216963,0.24359455704689026,-1.3653727621436977,0.18532218142973597,0.217436088626486,0.08142302185297012,44,52,48,9,13.086666822433472,4865104,351.0,0.5849361967009026,202,153,41,31,320,29,64,6,,,,,,,,,,,,,,,,,,,,,,,,,522,93,153,105
leakage,pima,2,0.8,leakage,0.5,2,4,4030,All four shortcuts,0.7637735849056604,0.6057110393916892,0.6792452830188679,0.71,0.5538461538461539,0.8068181818181818,0.6101694915254238,0.682744320230797,0.22581203281879425,-0.5122213760757993,0.29823278724263674,0.16890872187084624,0.42103028297424316,36,71,29,17,15.103211402893066,4793280,576.0,0.6122004357298475,202,153,41,31,320,29,64,6,,,,,,,,,,,,,,,,,,,,,,,,,522,93,153,105
leakage,pima,2,0.8,leakage,0.5,2,4,4030,"FedAvg-LR, correct protocol",0.8105660377358491,0.7246043754455825,0.9433962264150944,0.43,0.4672897196261682,0.9347826086956522,0.625,0.6070205479452055,0.17806075513362885,0.8270241595573172,0.8184165641816926,0.11527641438970378,0.050966113805770874,50,43,57,3,0.8065316677093506,8848,,0.492436974789916,202,153,41,31,320,29,64,6,,,,,,,,,,,,,,,,,,,,,,,,,522,93,153,105
leakage,pima,2,0.8,leakage,0.5,2,4,4030,"FedAvg-LR, L3",0.8109433962264151,0.7250110117500719,0.9433962264150944,0.43,0.4672897196261682,0.9347826086956522,0.625,0.6070205479452055,0.17795628309249878,0.8257138948355787,0.8194266539964445,0.11517377180698651,0.05114494636654854,50,43,57,3,0.8370678424835205,8848,,0.4925614690320572,202,153,41,31,320,29,64,6,,,,,,,,,,,,,,,,,,,,,,,,,522,93,153,105
leakage,pima,2,0.8,leakage,0.5,3,0,5026,Correct protocol (this study),0.7996296296296297,0.6617069686518657,0.8333333333333334,0.6,0.5294117647058824,0.8695652173913043,0.6474820143884892,0.6787705929930612,0.23507529497146606,-1.5453426624995836,0.2251494814284714,0.2200423405783904,0.1318737119436264,45,60,40,9,8.956907033920288,4865104,279.0,0.6361138861138862,94,80,19,16,427,102,85,20,,,,,,,,,,,,,,,,,,,,,,,,,521,93,154,104
leakage,pima,2,0.8,leakage,0.5,3,0,5026,L1: test patients in training graph,0.7544444444444445,0.5982006573797466,0.6296296296296297,0.76,0.5862068965517241,0.7916666666666666,0.6071428571428571,0.6913265306122449,0.24842987954616547,-1.5359786269706113,0.14080277596103027,0.25300164024841476,0.744672954082489,34,76,24,20,17.28035569190979,4865104,452.0,0.6059565434565435,94,80,19,16,427,102,85,20,,,,,,,,,,,,,,,,,,,,,,,,,521,93,154,104
leakage,pima,2,0.8,leakage,0.5,3,0,5026,L2: pooled final classifier,0.7862962962962963,0.6540005979764165,0.9074074074074074,0.51,0.5,0.9107142857142857,0.6447368421052632,0.6492914979757085,0.21594327688217163,-0.5975521363650067,0.3641614171644211,0.17883609151830535,0.1231774091720581,49,51,49,5,11.774706602096558,4793280,279.0,0.6623376623376623,94,80,19,16,427,102,85,20,,,,,,,,,,,,,,,,,,,,,,,,,521,93,154,104
leakage,pima,2,0.8,leakage,0.5,3,0,5026,L3: preprocessing fitted on all data,0.7998148148148149,0.6343487317505799,0.8333333333333334,0.67,0.5769230769230769,0.881578947368421,0.6818181818181818,0.7215909090909091,0.2152254730463028,-1.3851624654493937,0.22961781847179405,0.19132454538500154,0.2498340606689453,45,67,33,9,10.413883686065674,4865104,289.0,0.6229707792207791,94,80,19,16,427,102,85,20,,,,,,,,,,,,,,,,,,,,,,,,,521,93,154,104
leakage,pima,2,0.8,leakage,0.5,3,0,5026,L4: one cross-silo graph at inference,0.8127777777777778,0.6408716616969781,0.9444444444444444,0.52,0.5151515151515151,0.9454545454545454,0.6666666666666666,0.6688172043010753,0.20757994055747986,-1.8673647085337741,0.20085277194326032,0.19619471047605785,0.03191857412457466,51,52,48,3,15.037718296051025,4865104,279.0,0.5274725274725275,94,80,19,16,427,102,85,20,,,,,,,,,,,,,,,,,,,,,,,,,521,93,154,104
leakage,pima,2,0.8,leakage,0.5,3,0,5026,All four shortcuts,0.7896296296296297,0.6672453568931291,0.6481481481481481,0.77,0.603448275862069,0.8020833333333334,0.625,0.7053571428571428,0.2189573496580124,-0.7594054671590573,0.2702252415365512,0.18676163136426893,0.5736040472984314,35,77,23,19,15.557663440704346,4793280,464.0,0.5380244755244755,94,80,19,16,427,102,85,20,,,,,,,,,,,,,,,,,,,,,,,,,521,93,154,104
leakage,pima,2,0.8,leakage,0.5,3,0,5026,"FedAvg-LR, correct protocol",0.8446296296296296,0.7226497171533619,0.5,0.88,0.6923076923076923,0.7652173913043478,0.5806451612903226,0.6996249062265567,0.16108883917331696,-0.5764286276303736,0.9417678861735745,0.09668573398481717,0.7149369716644287,27,88,12,27,0.846653938293457,8848,,0.4921953046953047,94,80,19,16,427,102,85,20,,,,,,,,,,,,,,,,,,,,,,,,,521,93,154,104
leakage,pima,2,0.8,leakage,0.5,3,0,5026,"FedAvg-LR, L3",0.8440740740740741,0.7217106521129111,0.5,0.88,0.6923076923076923,0.7652173913043478,0.5806451612903226,0.6996249062265567,0.1610327810049057,-0.5768859383222805,0.942433912025691,0.09251610083239417,0.716621994972229,27,88,12,27,0.8440814018249512,8848,,0.4921953046953047,94,80,19,16,427,102,85,20,,,,,,,,,,,,,,,,,,,,,,,,,521,93,154,104
leakage,pima,2,0.8,leakage,0.5,3,1,5027,Correct protocol (this study),0.7440740740740741,0.6389702284477774,0.5740740740740741,0.77,0.5740740740740741,0.77,0.5740740740740741,0.672037037037037,0.2561423182487488,0.6563819689853893,0.15453869962529734,0.246593816341929,0.3179798722267151,31,77,23,23,11.562150716781616,4865104,280.0,0.6530656843156843,449,125,90,25,72,57,14,11,,,,,,,,,,,,,,,,,,,,,,,,,521,93,154,104
leakage,pima,2,0.8,leakage,0.5,3,1,5027,L1: test patients in training graph,0.7770370370370371,0.6642025091464591,0.5,0.9,0.7297297297297297,0.7692307692307693,0.5934065934065934,0.7114498404820986,0.2653813362121582,-2.1422602402475777,0.1742235304565136,0.2631060319601909,0.9856536984443665,27,90,10,27,17.86771821975708,4865104,436.0,0.6463536463536464,449,125,90,25,72,57,14,11,,,,,,,,,,,,,,,,,,,,,,,,,521,93,154,104
leakage,pima,2,0.8,leakage,0.5,3,1,5027,L2: pooled final classifier,0.7307407407407408,0.6141547006523307,0.7777777777777778,0.51,0.46153846153846156,0.8095238095238095,0.5793103448275863,0.6025386079966153,0.22610235214233398,0.19949571097986205,0.27417177003051024,0.1805050716820088,0.0682157576084137,42,51,49,12,11.018726825714111,4793280,280.0,0.6772602397602397,449,125,90,25,72,57,14,11,,,,,,,,,,,,,,,,,,,,,,,,,521,93,154,104
leakage,pima,2,0.8,leakage,0.5,3,1,5027,L3: preprocessing fitted on all data,0.7470370370370372,0.6601002573459029,0.6666666666666666,0.71,0.5538461538461539,0.797752808988764,0.6050420168067226,0.678182384064737,0.25753048062324524,-1.0377810404291148,0.14768369246091792,0.2420535816073224,0.40750667452812195,36,71,29,18,10.335601568222046,4865104,265.0,0.6654595404595405,449,125,90,25,72,57,14,11,,,,,,,,,,,,,,,,,,,,,,,,,521,93,154,104
leakage,pima,2,0.8,leakage,0.5,3,1,5027,L4: one cross-silo graph at inference,0.7568518518518518,0.6392099625594398,0.5555555555555556,0.86,0.6818181818181818,0.7818181818181819,0.6122448979591837,0.7156462585034014,0.22822237014770508,-0.23095400412412773,0.2146227131226871,0.21150930032327575,0.8400446772575378,30,86,14,24,15.120703220367432,4865104,280.0,0.6306818181818182,449,125,90,25,72,57,14,11,,,,,,,,,,,,,,,,,,,,,,,,,521,93,154,104
leakage,pima,2,0.8,leakage,0.5,3,1,5027,All four shortcuts,0.7668518518518518,0.6366702088583499,0.5740740740740741,0.83,0.6458333333333334,0.7830188679245284,0.6078431372549019,0.7068341899866742,0.21464821696281433,-0.48395777740376433,0.30128193119804675,0.1694547471941098,0.6736980080604553,31,83,17,23,14.91100549697876,4793280,443.0,0.638986013986014,449,125,90,25,72,57,14,11,,,,,,,,,,,,,,,,,,,,,,,,,521,93,154,104
leakage,pima,2,0.8,leakage,0.5,3,1,5027,"FedAvg-LR, correct protocol",0.7783333333333334,0.6856947576171997,0.7592592592592593,0.72,0.5942028985507246,0.8470588235294118,0.6666666666666666,0.7225225225225225,0.1824539452791214,-0.2694655965153805,0.6823389203937965,0.11535424030349627,0.3610525131225586,41,72,28,13,0.8134996891021729,8848,,0.5584415584415585,449,125,90,25,72,57,14,11,,,,,,,,,,,,,,,,,,,,,,,,,521,93,154,104
leakage,pima,2,0.8,leakage,0.5,3,1,5027,"FedAvg-LR, L3",0.779074074074074,0.6867015635837432,0.7592592592592593,0.73,0.6029411764705882,0.8488372093023255,0.6721311475409836,0.7285386920500616,0.1823190450668335,-0.27313021891314926,0.6829337230745292,0.11570514731302665,0.3617897927761078,41,73,27,13,0.6474227905273438,8848,,0.5572552447552448,449,125,90,25,72,57,14,11,,,,,,,,,,,,,,,,,,,,,,,,,521,93,154,104
leakage,pima,2,0.8,leakage,0.5,3,2,5028,Correct protocol (this study),0.8227777777777777,0.742219215770723,0.7962962962962963,0.63,0.5375,0.8513513513513513,0.6417910447761194,0.6829644879053011,0.2206355184316635,-1.6593937019532048,0.1908504618038627,0.21362061546994493,0.1252928227186203,43,63,37,11,10.464117527008057,4865104,235.0,0.6035868893011751,85,29,17,6,436,153,88,31,,,,,,,,,,,,,,,,,,,,,,,,,521,93,154,105
leakage,pima,2,0.8,leakage,0.5,3,2,5028,L1: test patients in training graph,0.8326851851851852,0.7258134072803203,0.8333333333333334,0.67,0.5769230769230769,0.881578947368421,0.6818181818181818,0.7215909090909091,0.21150849759578705,-3.1999762547732407,0.15340917318609362,0.21777488649278492,0.14547672867774963,45,67,33,9,18.862632751464844,4865104,413.0,0.5334260977118119,85,29,17,6,436,153,88,31,,,,,,,,,,,,,,,,,,,,,,,,,521,93,154,105
leakage,pima,2,0.8,leakage,0.5,3,2,5028,L2: pooled final classifier,0.8087037037037036,0.7216098553145969,0.8518518518518519,0.52,0.48936170212765956,0.8666666666666667,0.6216216216216216,0.6358108108108108,0.21314023435115814,-0.8129701323400244,0.24064670654206607,0.2086532769555395,0.03984479606151581,46,52,48,8,21.3361554145813,4793280,235.0,0.6092145949288806,85,29,17,6,436,153,88,31,,,,,,,,,,,,,,,,,,,,,,,,,521,93,154,105
leakage,pima,2,0.8,leakage,0.5,3,2,5028,L3: preprocessing fitted on all data,0.8168518518518518,0.7173784631202746,0.7592592592592593,0.72,0.5942028985507246,0.8470588235294118,0.6666666666666666,0.7225225225225225,0.22405549883842468,-1.528706166383582,0.20634959286844487,0.2212015763771805,0.35622256994247437,41,72,28,13,18.900469303131104,4865104,293.0,0.5992578849721706,85,29,17,6,436,153,88,31,,,,,,,,,,,,,,,,,,,,,,,,,521,93,154,105
leakage,pima,2,0.8,leakage,0.5,3,2,5028,L4: one cross-silo graph at inference,0.8433333333333333,0.7172818429288528,0.8333333333333334,0.6,0.5294117647058824,0.8695652173913043,0.6474820143884892,0.6787705929930612,0.18998190760612488,-1.1923346197691653,0.21833456425685138,0.18157740150179183,0.06458380073308945,45,60,40,9,10.440300226211548,4865104,235.0,0.5172541743970316,85,29,17,6,436,153,88,31,,,,,,,,,,,,,,,,,,,,,,,,,521,93,154,105
leakage,pima,2,0.8,leakage,0.5,3,2,5028,All four shortcuts,0.8238888888888889,0.698080055424847,0.8703703703703703,0.57,0.5222222222222223,0.890625,0.6527777777777778,0.673949864498645,0.19897876679897308,-1.2065847733543602,0.26710194669693094,0.19639709775711034,0.09713653475046158,47,57,43,7,10.636054039001465,4793280,446.0,0.5164502164502165,85,29,17,6,436,153,88,31,,,,,,,,,,,,,,,,,,,,,,,,,521,93,154,105
leakage,pima,2,0.8,leakage,0.5,3,2,5028,"FedAvg-LR, correct protocol",0.865,0.7637888236754634,0.7407407407407407,0.77,0.6349206349206349,0.8461538461538461,0.6837606837606838,0.7450217031368864,0.16328053176403046,-1.134018146152013,0.6504493855438234,0.1263920667690116,0.5775176286697388,40,77,23,14,0.6128852367401123,8848,,0.45182436611008037,85,29,17,6,436,153,88,31,,,,,,,,,,,,,,,,,,,,,,,,,521,93,154,105
leakage,pima,2,0.8,leakage,0.5,3,2,5028,"FedAvg-LR, L3",0.865,0.7635173735987796,0.7407407407407407,0.77,0.6349206349206349,0.8461538461538461,0.6837606837606838,0.7450217031368864,0.16329126060009003,-1.1332074132839796,0.6495202701808418,0.1261705687971084,0.5759615302085876,40,77,23,14,0.5633494853973389,8848,,0.45163883735312305,85,29,17,6,436,153,88,31,,,,,,,,,,,,,,,,,,,,,,,,,521,93,154,105
leakage,pima,2,0.8,leakage,0.5,3,3,5029,Correct protocol (this study),0.7684905660377359,0.613788744745275,0.5283018867924528,0.75,0.5283018867924528,0.75,0.5283018867924528,0.6391509433962264,0.2390962541103363,-0.6536806492472497,0.255001360666617,0.21022839544742716,0.6881288290023804,28,75,25,25,7.880962610244751,4865104,222.0,0.601401458019105,369,90,74,18,153,92,30,18,,,,,,,,,,,,,,,,,,,,,,,,,522,93,153,104
leakage,pima,2,0.8,leakage,0.5,3,3,5029,L1: test patients in training graph,0.7147169811320755,0.5150221952421769,0.9811320754716981,0.36,0.4482758620689655,0.972972972972973,0.6153846153846154,0.570466030320045,0.27996087074279785,-1.0029918625675698,0.18414018763995874,0.2514876265054435,0.003553736489266157,52,36,64,1,24.3401837348938,4865104,296.0,0.5863185017596783,369,90,74,18,153,92,30,18,,,,,,,,,,,,,,,,,,,,,,,,,522,93,153,104
leakage,pima,2,0.8,leakage,0.5,3,3,5029,L2: pooled final classifier,0.770377358490566,0.6179300528452266,0.6415094339622641,0.69,0.5230769230769231,0.7840909090909091,0.576271186440678,0.6551568698160837,0.21934442222118378,-0.6060145062437435,0.38226565110853855,0.17832339897118754,0.5119115710258484,34,69,31,19,20.403692722320557,4793280,222.0,0.6121794871794872,369,90,74,18,153,92,30,18,,,,,,,,,,,,,,,,,,,,,,,,,522,93,153,104
leakage,pima,2,0.8,leakage,0.5,3,3,5029,L3: preprocessing fitted on all data,0.7711320754716982,0.6065553724532967,0.9056603773584906,0.53,0.5052631578947369,0.9137931034482759,0.6486486486486487,0.6597673622990079,0.2451583296060562,-1.272025903501266,0.26429510401553497,0.2333663741942325,0.14254263043403625,48,53,47,5,15.01218843460083,4865104,216.0,0.579594017094017,369,90,74,18,153,92,30,18,,,,,,,,,,,,,,,,,,,,,,,,,522,93,153,104
leakage,pima,2,0.8,leakage,0.5,3,3,5029,L4: one cross-silo graph at inference,0.728867924528302,0.5758864909541431,0.4716981132075472,0.78,0.5319148936170213,0.7358490566037735,0.5,0.6286407766990292,0.2360432893037796,0.22301441775438627,0.2567098399801304,0.20830923898352519,0.4576738774776459,25,78,22,28,8.656473875045776,4865104,222.0,0.5840246354952237,369,90,74,18,153,92,30,18,,,,,,,,,,,,,,,,,,,,,,,,,522,93,153,104
leakage,pima,2,0.8,leakage,0.5,3,3,5029,All four shortcuts,0.6790566037735849,0.513843736979258,0.6226415094339622,0.6,0.4520547945205479,0.75,0.5238095238095238,0.5952380952380952,0.27356481552124023,-0.6746117370787638,0.24597409040332582,0.24469594469939182,0.38618379831314087,33,60,40,20,10.687783479690552,4793280,317.0,0.6138134741075918,369,90,74,18,153,92,30,18,,,,,,,,,,,,,,,,,,,,,,,,,522,93,153,104
leakage,pima,2,0.8,leakage,0.5,3,3,5029,"FedAvg-LR, correct protocol",0.8018867924528302,0.6171709094281557,0.7358490566037735,0.73,0.5909090909090909,0.8390804597701149,0.6554621848739496,0.7181054239877769,0.17727291584014893,-0.2629340801796643,0.963943559332293,0.07873670659423652,0.3871766924858093,39,73,27,14,0.5405693054199219,8848,,0.5140774258421318,369,90,74,18,153,92,30,18,,,,,,,,,,,,,,,,,,,,,,,,,522,93,153,104
leakage,pima,2,0.8,leakage,0.5,3,3,5029,"FedAvg-LR, L3",0.8045283018867926,0.6141912346919239,0.7547169811320755,0.73,0.5970149253731343,0.8488372093023255,0.6666666666666666,0.7258064516129032,0.17711208760738373,-0.2831265492110229,0.9437910047592467,0.0916654874686322,0.3880327641963959,40,73,27,13,0.5977730751037598,8848,,0.5127576671694319,369,90,74,18,153,92,30,18,,,,,,,,,,,,,,,,,,,,,,,,,522,93,153,104
leakage,pima,2,0.8,leakage,0.5,3,4,5030,Correct protocol (this study),0.7371698113207548,0.537500296616301,0.5283018867924528,0.84,0.6363636363636364,0.7706422018348624,0.5773195876288659,0.6905736694125191,0.22477447986602783,0.24672432785339526,0.16373013911388737,0.18592345992139742,0.5935981273651123,28,84,16,25,8.988316535949707,4865104,349.0,0.7096845148315736,280,15,56,3,242,167,48,33,,,,,,,,,,,,,,,,,,,,,,,,,522,93,153,104
leakage,pima,2,0.8,leakage,0.5,3,4,5030,L1: test patients in training graph,0.7586792452830189,0.5758112517568156,0.4528301886792453,0.83,0.5853658536585366,0.7410714285714286,0.5106382978723404,0.6468285828984344,0.2461601197719574,-0.1293166776039162,0.16141368112303311,0.23522822816363156,0.779512882232666,24,83,17,29,27.344403505325317,4865104,545.0,0.6415598290598291,280,15,56,3,242,167,48,33,,,,,,,,,,,,,,,,,,,,,,,,,522,93,153,104
leakage,pima,2,0.8,leakage,0.5,3,4,5030,L2: pooled final classifier,0.7356603773584905,0.5801770448923501,0.5283018867924528,0.84,0.6363636363636364,0.7706422018348624,0.5773195876288659,0.6905736694125191,0.2119911015033722,0.4177653284877446,0.21139101770677338,0.15877467641010393,0.3972354829311371,28,84,16,25,21.203351259231567,4793280,349.0,0.7205882352941176,280,15,56,3,242,167,48,33,,,,,,,,,,,,,,,,,,,,,,,,,522,93,153,104
leakage,pima,2,0.8,leakage,0.5,3,4,5030,L3: preprocessing fitted on all data,0.750566037735849,0.5453017851289721,0.6415094339622641,0.76,0.5862068965517241,0.8,0.6126126126126126,0.696049896049896,0.22906413674354553,-0.11884151177220062,0.19860777535277838,0.17668674494218983,0.34026598930358887,34,76,24,19,9.544140100479126,4865104,352.0,0.7026143790849674,280,15,56,3,242,167,48,33,,,,,,,,,,,,,,,,,,,,,,,,,522,93,153,104
leakage,pima,2,0.8,leakage,0.5,3,4,5030,L4: one cross-silo graph at inference,0.7814150943396225,0.610445943846334,0.4528301886792453,0.86,0.631578947368421,0.7478260869565218,0.5274725274725275,0.6637362637362638,0.23440641164779663,-0.8559068960494916,0.15485911550048023,0.22928034925066373,0.9165117144584656,24,86,14,29,8.77468991279602,4865104,349.0,0.6119595274007038,280,15,56,3,242,167,48,33,,,,,,,,,,,,,,,,,,,,,,,,,522,93,153,104
leakage,pima,2,0.8,leakage,0.5,3,4,5030,All four shortcuts,0.7743396226415095,0.638733563481725,0.5660377358490566,0.8,0.6,0.7766990291262136,0.5825242718446602,0.6853508058730691,0.22905582189559937,0.4029872821678556,0.2537276530116421,0.21308421801313074,0.426955908536911,30,80,20,23,10.302220344543457,4793280,546.0,0.588298139768728,280,15,56,3,242,167,48,33,,,,,,,,,,,,,,,,,,,,,,,,,522,93,153,104
leakage,pima,2,0.8,leakage,0.5,3,4,5030,"FedAvg-LR, correct protocol",0.8060377358490566,0.6120362367446452,0.660377358490566,0.79,0.625,0.8144329896907216,0.6422018348623854,0.7221161458575887,0.19855870306491852,0.6425782943025262,0.48843608710195024,0.1488051654077044,0.24432776868343353,35,79,21,18,0.5641632080078125,8848,,0.5638511814982403,280,15,56,3,242,167,48,33,,,,,,,,,,,,,,,,,,,,,,,,,522,93,153,104
leakage,pima,2,0.8,leakage,0.5,3,4,5030,"FedAvg-LR, L3",0.8037735849056603,0.6062475122772711,0.660377358490566,0.8,0.6363636363636364,0.8163265306122449,0.6481481481481481,0.7281144781144782,0.20132717490196228,0.6610439749906503,0.474452679307806,0.15008083019965615,0.23178468644618988,35,80,20,18,0.7140176296234131,8848,,0.5651080945198592,280,15,56,3,242,167,48,33,,,,,,,,,,,,,,,,,,,,,,,,,522,93,153,104
leakage,pima,2,0.8,leakage,0.5,4,0,6026,Correct protocol (this study),0.7472222222222222,0.6450796126011255,0.7037037037037037,0.66,0.5277777777777778,0.8048780487804879,0.6031746031746031,0.6642246642246642,0.2483091503381729,1.3455997724925493,0.14289259646306696,0.23834656230960186,0.01953067071735859,38,66,34,16,8.00104022026062,4865104,326.0,0.6280282217782218,346,165,69,33,175,17,35,3,,,,,,,,,,,,,,,,,,,,,,,,,521,93,154,104
leakage,pima,2,0.8,leakage,0.5,4,0,6026,L1: test patients in training graph,0.7833333333333334,0.6465902128745538,0.8333333333333334,0.55,0.5,0.859375,0.625,0.6478658536585367,0.2264416664838791,0.21474647206865852,0.1178402424272631,0.21620018383814626,0.00018433317018207163,45,55,45,9,10.387685298919678,4865104,548.0,0.5995879120879122,346,165,69,33,175,17,35,3,,,,,,,,,,,,,,,,,,,,,,,,,521,93,154,104
leakage,pima,2,0.8,leakage,0.5,4,0,6026,L2: pooled final classifier,0.7353703703703703,0.6253280802717975,0.7037037037037037,0.67,0.5352112676056338,0.8072289156626506,0.608,0.670120218579235,0.25883933901786804,1.0364588491733764,0.14359531186519897,0.24949147612727313,0.06116032227873802,38,67,33,16,7.569602012634277,4793280,326.0,0.6220966533466533,346,165,69,33,175,17,35,3,,,,,,,,,,,,,,,,,,,,,,,,,521,93,154,104
leakage,pima,2,0.8,leakage,0.5,4,0,6026,L3: preprocessing fitted on all data,0.7670370370370371,0.6806674863282642,0.7222222222222222,0.72,0.582089552238806,0.8275862068965517,0.6446280991735537,0.7073407875546913,0.22340407967567444,0.7615270474620901,0.14584241527133476,0.22140835132449865,0.046108707785606384,39,72,28,15,7.5442118644714355,4865104,310.0,0.6130744255744256,346,165,69,33,175,17,35,3,,,,,,,,,,,,,,,,,,,,,,,,,521,93,154,104
leakage,pima,2,0.8,leakage,0.5,4,0,6026,L4: one cross-silo graph at inference,0.787962962962963,0.6914175237669014,0.7037037037037037,0.7,0.5588235294117647,0.813953488372093,0.6229508196721312,0.687819495857571,0.2266721874475479,0.31802821654321867,0.14819404731344107,0.22870568222934745,0.042736344039440155,38,70,30,16,7.419260025024414,4865104,326.0,0.5284403096903096,346,165,69,33,175,17,35,3,,,,,,,,,,,,,,,,,,,,,,,,,521,93,154,104
leakage,pima,2,0.8,leakage,0.5,4,0,6026,All four shortcuts,0.7851851851851852,0.6600432645378308,0.7777777777777778,0.69,0.5753424657534246,0.8518518518518519,0.6614173228346457,0.7119241310305826,0.21231243014335632,-0.08623777849001571,0.22538733435709304,0.19703314411030576,0.16321192681789398,42,69,31,12,10.071682691574097,4793280,546.0,0.5521353646353646,346,165,69,33,175,17,35,3,,,,,,,,,,,,,,,,,,,,,,,,,521,93,154,104
leakage,pima,2,0.8,leakage,0.5,4,0,6026,"FedAvg-LR, correct protocol",0.8066666666666666,0.701410056995942,0.8888888888888888,0.49,0.48484848484848486,0.8909090909090909,0.6274509803921569,0.629854522454143,0.18406261503696442,-0.7252546207941376,0.5957342405980304,0.11503074134325053,0.21599654853343964,48,49,51,6,0.6314268112182617,8848,,0.5229145854145854,346,165,69,33,175,17,35,3,,,,,,,,,,,,,,,,,,,,,,,,,521,93,154,104
leakage,pima,2,0.8,leakage,0.5,4,0,6026,"FedAvg-LR, L3",0.8068518518518518,0.7044964767490285,0.8333333333333334,0.63,0.5487804878048781,0.875,0.6617647058823529,0.6971614227086183,0.18421414494514465,-0.7255524047579178,0.5948473756368086,0.11501360742689729,0.316692978143692,45,63,37,9,0.5074899196624756,8848,,0.5226023976023976,346,165,69,33,175,17,35,3,,,,,,,,,,,,,,,,,,,,,,,,,521,93,154,104
leakage,pima,2,0.8,leakage,0.5,4,1,6027,Correct protocol (this study),0.8105555555555556,0.7274415826091738,0.6111111111111112,0.74,0.559322033898305,0.7789473684210526,0.584070796460177,0.671522577717268,0.24467109143733978,-2.0331800224948195,0.2971956301301862,0.22577959744187143,0.8124697804450989,33,74,26,21,7.899354934692383,4865104,267.0,0.6652097902097903,250,53,50,11,271,129,54,26,,,,,,,,,,,,,,,,,,,,,,,,,521,93,154,104
leakage,pima,2,0.8,leakage,0.5,4,1,6027,L1: test patients in training graph,0.8152777777777778,0.6763258511879355,0.7407407407407407,0.71,0.5797101449275363,0.8352941176470589,0.6504065040650406,0.7089870358163042,0.24074921011924744,-2.6414509660621626,0.215277908134331,0.24191535891989224,0.7785132527351379,40,71,29,14,9.821280479431152,4865104,466.0,0.5823239260739261,250,53,50,11,271,129,54,26,,,,,,,,,,,,,,,,,,,,,,,,,521,93,154,104
leakage,pima,2,0.8,leakage,0.5,4,1,6027,L2: pooled final classifier,0.7933333333333333,0.7079313999578358,0.5925925925925926,0.75,0.5614035087719298,0.7731958762886598,0.5765765765765766,0.6689989481867654,0.21099203824996948,-0.7872747686430426,0.4598441629155988,0.1485344504864959,0.5969245433807373,32,75,25,22,7.751124858856201,4793280,267.0,0.6887487512487513,250,53,50,11,271,129,54,26,,,,,,,,,,,,,,,,,,,,,,,,,521,93,154,104
leakage,pima,2,0.8,leakage,0.5,4,1,6027,L3: preprocessing fitted on all data,0.857037037037037,0.7666403011733395,0.5925925925925926,0.83,0.6530612244897959,0.7904761904761904,0.6213592233009708,0.7155576604309732,0.20706535875797272,-2.446017711734073,0.3377183323155138,0.20169550050412874,0.9381433725357056,32,83,17,22,7.604619264602661,4865104,283.0,0.6540334665334665,250,53,50,11,271,129,54,26,,,,,,,,,,,,,,,,,,,,,,,,,521,93,154,104
leakage,pima,2,0.8,leakage,0.5,4,1,6027,L4: one cross-silo graph at inference,0.8768518518518519,0.7953850533385,0.8518518518518519,0.67,0.5822784810126582,0.8933333333333333,0.6917293233082706,0.7287218045112782,0.21518191695213318,-3.3272034404299444,0.3048743337275225,0.20939693852726904,0.5590695142745972,46,67,33,8,7.431551694869995,4865104,267.0,0.5276598401598401,250,53,50,11,271,129,54,26,,,,,,,,,,,,,,,,,,,,,,,,,521,93,154,104
leakage,pima,2,0.8,leakage,0.5,4,1,6027,All four shortcuts,0.8551851851851853,0.7345241084118156,0.7962962962962963,0.78,0.6615384615384615,0.8764044943820225,0.7226890756302521,0.7740429505135387,0.17227031290531158,-1.11135666631415,0.5990521818742736,0.1264512255642708,0.5736925601959229,43,78,22,11,9.698697566986084,4793280,453.0,0.5596278721278721,250,53,50,11,271,129,54,26,,,,,,,,,,,,,,,,,,,,,,,,,521,93,154,104
leakage,pima,2,0.8,leakage,0.5,4,1,6027,"FedAvg-LR, correct protocol",0.8731481481481482,0.818705906419984,0.8333333333333334,0.68,0.5844155844155844,0.8831168831168831,0.6870229007633588,0.7276922413421314,0.16354066133499146,-0.9047889521682196,1.3432101061855393,0.16340517591346396,0.49454373121261597,45,68,32,9,0.637040376663208,8848,,0.49644105894105883,250,53,50,11,271,129,54,26,,,,,,,,,,,,,,,,,,,,,,,,,521,93,154,104
leakage,pima,2,0.8,leakage,0.5,4,1,6027,"FedAvg-LR, L3",0.8738888888888889,0.8190750617416354,0.8333333333333334,0.66,0.569620253164557,0.88,0.6766917293233082,0.7154887218045113,0.16406984627246857,-0.926281175120739,1.3058155256919506,0.16656697705968634,0.47953784465789795,45,66,34,9,0.49686598777770996,8848,,0.49681568431568424,250,53,50,11,271,129,54,26,,,,,,,,,,,,,,,,,,,,,,,,,521,93,154,104
leakage,pima,2,0.8,leakage,0.5,4,2,6028,Correct protocol (this study),0.7757407407407407,0.5757887516779194,0.6296296296296297,0.75,0.576271186440678,0.7894736842105263,0.6017699115044248,0.685500340367597,0.21638604998588562,-0.8683534551056818,0.26220318495924727,0.1885495511935903,0.6137723922729492,34,75,25,20,7.959639549255371,4865104,246.0,0.6433566433566433,33,25,7,5,488,157,97,31,,,,,,,,,,,,,,,,,,,,,,,,,521,93,154,104
leakage,pima,2,0.8,leakage,0.5,4,2,6028,L1: test patients in training graph,0.8242592592592592,0.6945188535939678,0.7407407407407407,0.74,0.6060606060606061,0.8409090909090909,0.6666666666666666,0.7269503546099291,0.23556865751743317,-3.421801970330825,0.14425060358646016,0.2357563132529038,0.6048926115036011,40,74,26,14,11.162224769592285,4865104,404.0,0.5669018481518482,33,25,7,5,488,157,97,31,,,,,,,,,,,,,,,,,,,,,,,,,521,93,154,104
leakage,pima,2,0.8,leakage,0.5,4,2,6028,L2: pooled final classifier,0.7687037037037038,0.5923357755041639,0.7222222222222222,0.65,0.527027027027027,0.8125,0.609375,0.6657986111111112,0.22652395069599152,-0.010380168552262847,0.28552409107530885,0.21115862512840075,0.20130378007888794,39,65,35,15,7.778892517089844,4793280,246.0,0.6362387612387612,33,25,7,5,488,157,97,31,,,,,,,,,,,,,,,,,,,,,,,,,521,93,154,104
leakage,pima,2,0.8,leakage,0.5,4,2,6028,L3: preprocessing fitted on all data,0.7951851851851852,0.6378026261336506,0.6481481481481481,0.79,0.625,0.8061224489795918,0.6363636363636364,0.7171717171717171,0.22052839398384094,-1.0714900211639924,0.22477271715730987,0.220652598833254,0.6983004808425903,35,79,21,19,8.153107404708862,4865104,238.0,0.6292457542457542,33,25,7,5,488,157,97,31,,,,,,,,,,,,,,,,,,,,,,,,,521,93,154,104
leakage,pima,2,0.8,leakage,0.5,4,2,6028,L4: one cross-silo graph at inference,0.865,0.7726045306896441,0.7037037037037037,0.83,0.6909090909090909,0.8383838383838383,0.6972477064220184,0.7657092803466876,0.19758537411689758,-3.026380714819347,0.24440191504827366,0.19184442527301898,0.962169349193573,38,83,17,16,7.8255321979522705,4865104,246.0,0.5254433066933067,33,25,7,5,488,157,97,31,,,,,,,,,,,,,,,,,,,,,,,,,521,93,154,104
leakage,pima,2,0.8,leakage,0.5,4,2,6028,All four shortcuts,0.8350000000000001,0.7572301288597113,0.7222222222222222,0.81,0.6724137931034483,0.84375,0.6964285714285714,0.7614795918367347,0.18422159552574158,-0.680351942187059,0.38987287058743736,0.15843403486946186,0.5270789265632629,39,81,19,15,10.625614881515503,4793280,337.0,0.560501998001998,33,25,7,5,488,157,97,31,,,,,,,,,,,,,,,,,,,,,,,,,521,93,154,104
leakage,pima,2,0.8,leakage,0.5,4,2,6028,"FedAvg-LR, correct protocol",0.8579629629629629,0.7512132391622101,0.6851851851851852,0.83,0.6851851851851852,0.83,0.6851851851851852,0.7575925925925926,0.15649181604385376,-0.5445932123513616,0.9202690747435669,0.09494244650780381,0.5244854688644409,37,83,17,17,0.43140292167663574,8848,,0.5003121878121878,33,25,7,5,488,157,97,31,,,,,,,,,,,,,,,,,,,,,,,,,521,93,154,104
leakage,pima,2,0.8,leakage,0.5,4,2,6028,"FedAvg-LR, L3",0.8529629629629629,0.7487603877206026,0.5925925925925926,0.85,0.6808510638297872,0.794392523364486,0.6336633663366337,0.7274597024919883,0.1570630967617035,-0.5312549911547395,0.9258748290085954,0.12233085286888211,0.5901064276695251,32,85,15,22,0.49793434143066406,8848,,0.5016233766233766,33,25,7,5,488,157,97,31,,,,,,,,,,,,,,,,,,,,,,,,,521,93,154,104
leakage,early,2,0.1,leakage,0.5,0,0,2026,Correct protocol (this study),0.9953125,0.9972609985195262,0.78125,1.0,1.0,0.7407407407407407,0.8771929824561403,0.8641284061216872,0.031044188886880875,1.2966274798225947,0.8660325282202183,0.048263603122904904,0.9874113202095032,50,40,0,14,5.818177700042725,5528336,31.0,0.5542301644895985,41,34,37,31,312,183,281,165,,,,,,,,,,,,,,,,,,,,,,,,,353,63,104,318
leakage,early,2,0.1,leakage,0.5,0,0,2026,L1: test patients in training graph,0.997265625,0.9984165736607142,0.96875,1.0,1.0,0.9523809523809523,0.9841269841269841,0.9798683701122726,0.01819009706377983,0.7956516441551467,0.9118156023129289,0.029466658669452257,0.76891028881073,62,40,0,2,7.344641447067261,5528336,162.0,0.5795990566037735,41,34,37,31,312,183,281,165,,,,,,,,,,,,,,,,,,,,,,,,,353,63,104,318
leakage,early,2,0.1,leakage,0.5,0,0,2026,L2: pooled final classifier,0.994140625,0.9963733919631816,0.875,1.0,1.0,0.8333333333333334,0.9333333333333333,0.9212121212121211,0.03660121187567711,1.0207833369678614,1.190933514276007,0.046699342962640986,0.8348846435546875,56,40,0,8,5.737850189208984,5448640,31.0,0.5518716739235607,41,34,37,31,312,183,281,165,,,,,,,,,,,,,,,,,,,,,,,,,353,63,104,318
leakage,early,2,0.1,leakage,0.5,0,0,2026,L3: preprocessing fitted on all data,0.99140625,0.9952783640035856,0.984375,0.8,0.8873239436619719,0.9696969696969697,0.9333333333333333,0.9050228310502283,0.037751298397779465,-0.06537206235346853,0.8150844718986621,0.049037187736338146,0.04920445382595062,63,32,8,1,5.885066509246826,5528336,28.0,0.5503295839380745,41,34,37,31,312,183,281,165,,,,,,,,,,,,,,,,,,,,,,,,,353,63,104,318
leakage,early,2,0.1,leakage,0.5,0,0,2026,L4: one cross-silo graph at inference,0.995703125,0.9977083333333333,0.9375,1.0,1.0,0.9090909090909091,0.967741935483871,0.9600614439324117,0.028027692809700966,1.6584734979889262,1.4352031099590716,0.03482497540804056,0.406541645526886,60,40,0,4,6.034668445587158,5528336,31.0,0.5905751088534108,41,34,37,31,312,183,281,165,,,,,,,,,,,,,,,,,,,,,,,,,353,63,104,318
leakage,early,2,0.1,leakage,0.5,0,0,2026,All four shortcuts,0.99375,0.9965594362745098,0.921875,1.0,1.0,0.8888888888888888,0.959349593495935,0.9502630320420851,0.023733122274279594,0.8065845879982521,1.0860573667429871,0.03784288582392037,0.6705535054206848,59,40,0,5,7.8106160163879395,5448640,162.0,0.5694998790517658,41,34,37,31,312,183,281,165,,,,,,,,,,,,,,,,,,,,,,,,,353,63,104,318
leakage,early,2,0.1,leakage,0.5,0,0,2026,"FedAvg-LR, correct protocol",0.981640625,0.9906897981503244,0.84375,1.0,1.0,0.8,0.9152542372881356,0.9020715630885122,0.04883376508951187,0.5038570728753548,1.3737353128550651,0.046582905486082814,0.7205787301063538,54,40,0,10,0.4071376323699951,16720,,0.5094188437348814,41,34,37,31,312,183,281,165,,,,,,,,,,,,,,,,,,,,,,,,,353,63,104,318
leakage,early,2,0.1,leakage,0.5,0,0,2026,"FedAvg-LR, L3",0.981640625,0.9906897981503244,0.84375,1.0,1.0,0.8,0.9152542372881356,0.9020715630885122,0.048833753913640976,0.5038338684861128,1.3737366275644807,0.04658258317683179,0.7205810546875,54,40,0,10,0.4436159133911133,16720,,0.5093734881470731,41,34,37,31,312,183,281,165,,,,,,,,,,,,,,,,,,,,,,,,,353,63,104,318
leakage,pima,2,0.8,leakage,0.5,4,3,6029,Correct protocol (this study),0.6713207547169812,0.5516120375399391,0.6415094339622641,0.58,0.4473684210526316,0.7532467532467533,0.5271317829457365,0.5912495072920773,0.2560858428478241,1.3390174545319549,0.13088707431244703,0.24065995892035022,0.026416447013616562,34,58,42,19,7.5184056758880615,4865104,264.0,0.6477124183006536,323,104,65,21,199,78,40,16,,,,,,,,,,,,,,,,,,,,,,,,,522,93,153,105
leakage,pima,2,0.8,leakage,0.5,4,3,6029,L1: test patients in training graph,0.7216981132075472,0.5725483217131753,0.7735849056603774,0.53,0.4659090909090909,0.8153846153846154,0.5815602836879432,0.6119922630560928,0.28071296215057373,-1.2408315451033207,0.11600556887283019,0.2721662326210659,0.019716957584023476,41,53,47,12,9.330408334732056,4865104,406.0,0.6043572984749455,323,104,65,21,199,78,40,16,,,,,,,,,,,,,,,,,,,,,,,,,522,93,153,105
leakage,pima,2,0.8,leakage,0.5,4,3,6029,L2: pooled final classifier,0.689811320754717,0.5657890130887037,0.7547169811320755,0.5,0.4444444444444444,0.7936507936507936,0.5594405594405595,0.5864687459779485,0.23517827689647675,1.0377013216039284,0.18888754057236473,0.20482743076152268,0.024258941411972046,40,50,50,13,6.873449802398682,4793280,264.0,0.6384064737005914,323,104,65,21,199,78,40,16,,,,,,,,,,,,,,,,,,,,,,,,,522,93,153,105
leakage,pima,2,0.8,leakage,0.5,4,3,6029,L3: preprocessing fitted on all data,0.7067924528301887,0.5973593352102013,0.660377358490566,0.57,0.44871794871794873,0.76,0.5343511450381679,0.5928898582333697,0.23163041472434998,1.462512179987731,0.16307110353400386,0.19651725072584114,0.023675942793488503,35,57,43,18,6.930551528930664,4865104,264.0,0.6382197323373794,323,104,65,21,199,78,40,16,,,,,,,,,,,,,,,,,,,,,,,,,522,93,153,105
leakage,pima,2,0.8,leakage,0.5,4,3,6029,L4: one cross-silo graph at inference,0.7430188679245283,0.6202896103918467,0.7924528301886793,0.49,0.45161290322580644,0.8166666666666667,0.5753424657534246,0.5939212328767123,0.26162296533584595,-0.952672789892426,0.18086727665567948,0.25091500368480585,0.036076415330171585,42,49,51,11,7.2549378871917725,4865104,264.0,0.5953314659197012,323,104,65,21,199,78,40,16,,,,,,,,,,,,,,,,,,,,,,,,,522,93,153,105
leakage,pima,2,0.8,leakage,0.5,4,3,6029,All four shortcuts,0.7483018867924529,0.6114554065504942,0.7169811320754716,0.61,0.4935064935064935,0.8026315789473685,0.5846153846153846,0.6388986013986014,0.2661886215209961,-1.1581693091802339,0.20984801817884804,0.26239901074372673,0.29134243726730347,38,61,39,15,9.721182107925415,4793280,409.0,0.5757236227824464,323,104,65,21,199,78,40,16,,,,,,,,,,,,,,,,,,,,,,,,,522,93,153,105
leakage,pima,2,0.8,leakage,0.5,4,3,6029,"FedAvg-LR, correct protocol",0.7571698113207547,0.6470630323001842,0.5471698113207547,0.85,0.6590909090909091,0.7798165137614679,0.5979381443298969,0.70566763675825,0.2040775567293167,-0.4816051025316018,0.5272163444416189,0.15308820602356218,0.640436053276062,29,85,15,24,0.4659421443939209,8848,,0.5338313103018985,323,104,65,21,199,78,40,16,,,,,,,,,,,,,,,,,,,,,,,,,522,93,153,105
leakage,pima,2,0.8,leakage,0.5,4,3,6029,"FedAvg-LR, L3",0.7577358490566037,0.6501712682353796,0.5471698113207547,0.85,0.6590909090909091,0.7798165137614679,0.5979381443298969,0.70566763675825,0.20547084510326385,-0.5010313483110522,0.5182387254617808,0.156490581365777,0.6524500846862793,29,85,15,24,0.6510751247406006,8848,,0.5347650171179583,323,104,65,21,199,78,40,16,,,,,,,,,,,,,,,,,,,,,,,,,522,93,153,105
leakage,pima,2,0.8,leakage,0.5,4,4,6030,Correct protocol (this study),0.7338679245283019,0.5584271277736723,0.5660377358490566,0.75,0.5454545454545454,0.7653061224489796,0.5555555555555556,0.6565656565656566,0.27299296855926514,-0.7290534045731705,0.11062671963251619,0.2607121629080449,0.6331540942192078,30,75,25,23,7.247875452041626,4865104,264.0,0.6279851684263449,387,121,77,24,135,61,27,12,,,,,,,,,,,,,,,,,,,,,,,,,522,93,153,104
leakage,pima,2,0.8,leakage,0.5,4,4,6030,L1: test patients in training graph,0.7666037735849057,0.5722872179938618,0.5849056603773585,0.75,0.5535714285714286,0.7731958762886598,0.5688073394495413,0.6651143296232478,0.2579903304576874,-2.225791440384674,0.12556599344164363,0.24922492992120726,0.8769209980964661,31,75,25,22,9.605334043502808,4865104,390.0,0.5706070889894419,387,121,77,24,135,61,27,12,,,,,,,,,,,,,,,,,,,,,,,,,522,93,153,104
leakage,pima,2,0.8,leakage,0.5,4,4,6030,L2: pooled final classifier,0.7109433962264151,0.5341927574648861,0.6037735849056604,0.72,0.5333333333333333,0.7741935483870968,0.5663716814159292,0.6562428355266174,0.2597179114818573,0.6416415342848584,0.13489932253378864,0.24595606447580984,0.24403168261051178,32,72,28,21,6.925541877746582,4793280,264.0,0.6240887380593263,387,121,77,24,135,61,27,12,,,,,,,,,,,,,,,,,,,,,,,,,522,93,153,104
leakage,pima,2,0.8,leakage,0.5,4,4,6030,L3: preprocessing fitted on all data,0.7652830188679246,0.5796560093252632,0.6981132075471698,0.75,0.5967741935483871,0.8241758241758241,0.6434782608695652,0.7144092875028454,0.23131097853183746,0.013574032724883094,0.1257302518253167,0.2249646771187876,0.14918136596679688,37,75,25,16,7.222532033920288,4865104,284.0,0.6319758672699849,387,121,77,24,135,61,27,12,,,,,,,,,,,,,,,,,,,,,,,,,522,93,153,104
leakage,pima,2,0.8,leakage,0.5,4,4,6030,L4: one cross-silo graph at inference,0.7616981132075472,0.5848960301549373,0.7735849056603774,0.66,0.5466666666666666,0.8461538461538461,0.640625,0.6910990168539326,0.22479933500289917,-0.7355109548758021,0.19419921608624582,0.20668711828591385,0.22184671461582184,41,66,34,12,7.476934909820557,4865104,264.0,0.5679361488185017,387,121,77,24,135,61,27,12,,,,,,,,,,,,,,,,,,,,,,,,,522,93,153,104
leakage,pima,2,0.8,leakage,0.5,4,4,6030,All four shortcuts,0.7033962264150944,0.5469583297670393,0.6792452830188679,0.66,0.5142857142857142,0.7951807228915663,0.5853658536585366,0.6533386645341863,0.2663337290287018,-0.7766060974940482,0.16850104922666015,0.2494090058250365,0.34644344449043274,36,66,34,17,9.64002513885498,4793280,399.0,0.5745977878330819,387,121,77,24,135,61,27,12,,,,,,,,,,,,,,,,,,,,,,,,,522,93,153,104
leakage,pima,2,0.8,leakage,0.5,4,4,6030,"FedAvg-LR, correct protocol",0.7767924528301886,0.6218112945791096,0.5660377358490566,0.78,0.5769230769230769,0.7722772277227723,0.5714285714285714,0.673773987206823,0.19417011737823486,-0.6395827530106121,0.7637965035418861,0.12156740308197495,0.5942196249961853,30,78,22,23,0.6581704616546631,8848,,0.49893162393162394,387,121,77,24,135,61,27,12,,,,,,,,,,,,,,,,,,,,,,,,,522,93,153,104
leakage,pima,2,0.8,leakage,0.5,4,4,6030,"FedAvg-LR, L3",0.7756603773584905,0.62029067594615,0.5660377358490566,0.79,0.5882352941176471,0.7745098039215687,0.5769230769230769,0.6795506473724295,0.19400081038475037,-0.6389270635153346,0.7685465053867361,0.1150983380141601,0.5914598107337952,30,79,21,23,0.5412352085113525,8848,,0.49824032176973354,387,121,77,24,135,61,27,12,,,,,,,,,,,,,,,,,,,,,,,,,522,93,153,104
leakage,early,2,0.1,leakage,0.5,0,1,2027,Correct protocol (this study),1.0,1.0,1.0,0.9,0.9411764705882353,1.0,0.9696969696969697,0.9585326953748006,0.04649888724088669,4.883602722600159,1.7903569080744457,0.062098382555772186,0.0007517632329836488,64,36,4,0,6.09211277961731,5528336,34.0,0.5434052975326561,173,118,156,106,180,99,162,89,,,,,,,,,,,,,,,,,,,,,,,,,353,63,104,318
leakage,early,2,0.1,leakage,0.5,0,1,2027,L1: test patients in training graph,0.985546875,0.9924177456995924,0.921875,0.975,0.9833333333333333,0.8863636363636364,0.9516129032258065,0.9400921658986175,0.040077682584524155,-0.27652061064146355,0.32976689503012274,0.04581392461953399,0.9642988443374634,59,39,1,5,7.681677341461182,5528336,198.0,0.49213836477987427,173,118,156,106,180,99,162,89,,,,,,,,,,,,,,,,,,,,,,,,,353,63,104,318
leakage,early,2,0.1,leakage,0.5,0,1,2027,L2: pooled final classifier,1.0,1.0,0.96875,1.0,1.0,0.9523809523809523,0.9841269841269841,0.9798683701122726,0.026979973539710045,1.7849397313816004,4.953750440564235,0.04992088367446111,0.29913249611854553,62,40,0,2,6.837795257568359,5448640,34.0,0.5432238751814223,173,118,156,106,180,99,162,89,,,,,,,,,,,,,,,,,,,,,,,,,353,63,104,318
leakage,early,2,0.1,leakage,0.5,0,1,2027,L3: preprocessing fitted on all data,0.9953125,0.997532894736842,0.984375,0.875,0.9264705882352942,0.9722222222222222,0.9545454545454546,0.937799043062201,0.04280700907111168,3.4129453382845854,0.9792817983148231,0.05537028562349196,0.010322715155780315,63,35,5,1,6.559294939041138,5528336,34.0,0.5301765844218674,173,118,156,106,180,99,162,89,,,,,,,,,,,,,,,,,,,,,,,,,353,63,104,318
leakage,early,2,0.1,leakage,0.5,0,1,2027,L4: one cross-silo graph at inference,0.9984375,0.9990457459207459,1.0,0.95,0.9696969696969697,1.0,0.9846153846153847,0.9794871794871796,0.01579781249165535,0.5174569933191902,1.6213241528363298,0.01786595776390571,0.17229101061820984,64,38,2,0,5.768478155136108,5528336,34.0,0.5062439525882922,173,118,156,106,180,99,162,89,,,,,,,,,,,,,,,,,,,,,,,,,353,63,104,318
leakage,early,2,0.1,leakage,0.5,0,1,2027,All four shortcuts,0.99921875,0.9995192307692308,1.0,0.85,0.9142857142857143,1.0,0.9552238805970149,0.9370713997579669,0.016656547784805298,0.53469165171805,2.3694061813430096,0.04167197331284675,0.08939686417579651,64,34,6,0,7.572571516036987,5448640,193.0,0.4933932027092405,173,118,156,106,180,99,162,89,,,,,,,,,,,,,,,,,,,,,,,,,353,63,104,318
leakage,early,2,0.1,leakage,0.5,0,1,2027,"FedAvg-LR, correct protocol",0.975,0.987716697498777,0.9375,0.925,0.9523809523809523,0.9024390243902439,0.9448818897637795,0.9292310683386799,0.05277975648641586,0.4372170031346617,0.9800633266049134,0.051274101106593244,0.5118638277053833,60,37,3,4,0.6676478385925293,16720,,0.45839380745041125,173,118,156,106,180,99,162,89,,,,,,,,,,,,,,,,,,,,,,,,,353,63,104,318
leakage,early,2,0.1,leakage,0.5,0,1,2027,"FedAvg-LR, L3",0.975,0.987716697498777,0.9375,0.925,0.9523809523809523,0.9024390243902439,0.9448818897637795,0.9292310683386799,0.052779749035835266,0.4372165833724695,0.9800640465660526,0.05127406195522501,0.5118637084960938,60,37,3,4,0.5091819763183594,16720,,0.45839380745041125,173,118,156,106,180,99,162,89,,,,,,,,,,,,,,,,,,,,,,,,,353,63,104,318
leakage,early,2,0.1,leakage,0.5,0,2,2028,Correct protocol (this study),0.9757812499999999,0.9861625990045533,0.84375,0.975,0.9818181818181818,0.7959183673469388,0.907563025210084,0.8919837597960533,0.06901313364505768,1.7054634314472543,0.3178612970698961,0.08160199058385421,0.8609963059425354,54,39,1,10,6.304079532623291,5528336,33.0,0.5914674836204805,103,87,92,78,250,130,225,117,,,,,,,,,,,,,,,,,,,,,,,,,353,63,104,317
leakage,early,2,0.1,leakage,0.5,0,2,2028,L1: test patients in training graph,0.97421875,0.9831261967737386,0.90625,0.9,0.9354838709677419,0.8571428571428571,0.9206349206349206,0.8993418505613627,0.08375969529151917,2.1329424934326924,0.2863662565984361,0.08300316005569094,0.9433073997497559,58,36,4,6,7.968143463134766,5528336,189.0,0.5500485319097307,103,87,92,78,250,130,225,117,,,,,,,,,,,,,,,,,,,,,,,,,353,63,104,317
leakage,early,2,0.1,leakage,0.5,0,2,2028,L2: pooled final classifier,0.976171875,0.9864870656853115,0.859375,0.95,0.9649122807017544,0.8085106382978723,0.9090909090909091,0.8913270637408568,0.06754179298877716,-0.19845545933037675,0.4736023161341894,0.06411323501155354,0.9137492179870605,55,38,2,9,6.457368850708008,5448640,33.0,0.5691428051443824,103,87,92,78,250,130,225,117,,,,,,,,,,,,,,,,,,,,,,,,,353,63,104,317
leakage,early,2,0.1,leakage,0.5,0,2,2028,L3: preprocessing fitted on all data,0.97578125,0.9864010866531396,0.9375,0.9,0.9375,0.9,0.9375,0.91875,0.0658515989780426,3.5113188957430634,0.29845630893298686,0.06945274475303732,0.03638947755098343,60,36,4,4,6.228111028671265,5528336,33.0,0.560134069400631,103,87,92,78,250,130,225,117,,,,,,,,,,,,,,,,,,,,,,,,,353,63,104,317
leakage,early,2,0.1,leakage,0.5,0,2,2028,L4: one cross-silo graph at inference,0.983203125,0.9894237082886808,0.890625,0.975,0.9827586206896551,0.8478260869565217,0.9344262295081968,0.9207014868471216,0.06017770618200302,3.430352032980318,0.3656348889834757,0.06542463048110503,0.957244336605072,57,39,1,7,6.412274360656738,5528336,33.0,0.5157880368842515,103,87,92,78,250,130,225,117,,,,,,,,,,,,,,,,,,,,,,,,,353,63,104,317
leakage,early,2,0.1,leakage,0.5,0,2,2028,All four shortcuts,0.9847656250000001,0.9904278511073181,0.921875,0.925,0.9516129032258065,0.8809523809523809,0.9365079365079365,0.9194734804490903,0.0609959214925766,0.3466726577819166,0.5307810763015367,0.05857785880708927,0.4987179636955261,59,37,3,5,7.54146933555603,5448640,196.0,0.5139529240475613,103,87,92,78,250,130,225,117,,,,,,,,,,,,,,,,,,,,,,,,,353,63,104,317
leakage,early,2,0.1,leakage,0.5,0,2,2028,"FedAvg-LR, correct protocol",0.972265625,0.9832266643440394,0.90625,0.95,0.9666666666666667,0.8636363636363636,0.9354838709677419,0.9201228878648233,0.06685144454240799,0.37157982190251776,0.9376601025876911,0.0751893148184396,0.5908074378967285,58,38,2,6,0.5236403942108154,16720,,0.5260859014802233,103,87,92,78,250,130,225,117,,,,,,,,,,,,,,,,,,,,,,,,,353,63,104,317
leakage,early,2,0.1,leakage,0.5,0,2,2028,"FedAvg-LR, L3",0.972265625,0.9832266643440394,0.90625,0.95,0.9666666666666667,0.8636363636363636,0.9354838709677419,0.9201228878648233,0.0668514296412468,0.3715779263580703,0.9376598931831581,0.07518932534954871,0.5908063054084778,58,38,2,6,0.6266787052154541,16720,,0.5260859014802233,103,87,92,78,250,130,225,117,,,,,,,,,,,,,,,,,,,,,,,,,353,63,104,317
leakage,early,2,0.1,leakage,0.5,0,3,2029,Correct protocol (this study),0.9544921875000001,0.9713813882093728,0.890625,0.95,0.9661016949152542,0.8444444444444444,0.926829268292683,0.9104734576757533,0.08346951752901077,6.341640659293107,0.26733720264543803,0.0906890826378143,0.16304805874824524,57,38,2,7,6.201804161071777,5528336,35.0,0.5222791798107256,218,188,196,169,135,29,121,26,,,,,,,,,,,,,,,,,,,,,,,,,353,63,104,317
leakage,early,2,0.1,leakage,0.5,0,3,2029,L1: test patients in training graph,0.978125,0.9865401050842602,0.921875,0.9,0.9365079365079365,0.8780487804878049,0.9291338582677166,0.9090113735783028,0.08712553977966309,2.949030533482205,0.3374706718930308,0.09562616484114328,0.11672237515449524,59,36,4,5,7.997427940368652,5528336,159.0,0.4839693035670954,218,188,196,169,135,29,121,26,,,,,,,,,,,,,,,,,,,,,,,,,353,63,104,317
leakage,early,2,0.1,leakage,0.5,0,3,2029,L2: pooled final classifier,0.9457031250000001,0.9720379798158303,0.890625,0.95,0.9661016949152542,0.8444444444444444,0.926829268292683,0.9104734576757533,0.07891629636287689,2.073159472667657,0.4350561613815325,0.07938744373118077,0.6103543043136597,57,38,2,7,6.696115255355835,5448640,35.0,0.5496390439213783,218,188,196,169,135,29,121,26,,,,,,,,,,,,,,,,,,,,,,,,,353,63,104,317
leakage,early,2,0.1,leakage,0.5,0,3,2029,L3: preprocessing fitted on all data,0.953515625,0.9709602417063787,0.90625,0.975,0.9830508474576272,0.8666666666666667,0.943089430894309,0.9303682448589192,0.07709487527608871,5.923112231861006,0.27033946125959835,0.08666125980044646,0.0538119375705719,58,39,1,6,6.503696441650391,5528336,35.0,0.5449375151662218,218,188,196,169,135,29,121,26,,,,,,,,,,,,,,,,,,,,,,,,,353,63,104,317
leakage,early,2,0.1,leakage,0.5,0,3,2029,L4: one cross-silo graph at inference,0.9886718750000001,0.9926607359091988,0.890625,0.975,0.9827586206896551,0.8478260869565217,0.9344262295081968,0.9207014868471216,0.054759468883275986,1.659152446390875,0.5688512794607372,0.05236972712625103,0.8122320175170898,57,39,1,7,6.521721839904785,5528336,35.0,0.5058996602766319,218,188,196,169,135,29,121,26,,,,,,,,,,,,,,,,,,,,,,,,,353,63,104,317
leakage,early,2,0.1,leakage,0.5,0,3,2029,All four shortcuts,0.9953124999999999,0.9971534694880284,0.9375,1.0,1.0,0.9090909090909091,0.967741935483871,0.9600614439324117,0.0296162161976099,0.44705438469223213,1.5344049493183156,0.03985127960689939,0.5622313022613525,60,40,0,4,7.147171258926392,5448640,160.0,0.5255702499393351,218,188,196,169,135,29,121,26,,,,,,,,,,,,,,,,,,,,,,,,,353,63,104,317
leakage,early,2,0.1,leakage,0.5,0,3,2029,"FedAvg-LR, correct protocol",0.978125,0.9865012472790988,0.875,0.925,0.9491525423728814,0.8222222222222222,0.9105691056910569,0.8905786704925873,0.057674381881952286,-0.20262148144401398,0.951962654861124,0.04801636504439207,0.671563446521759,56,37,3,8,0.8501510620117188,16720,,0.5033820674593545,218,188,196,169,135,29,121,26,,,,,,,,,,,,,,,,,,,,,,,,,353,63,104,317
leakage,early,2,0.1,leakage,0.5,0,3,2029,"FedAvg-LR, L3",0.978125,0.9865012472790988,0.875,0.925,0.9491525423728814,0.8222222222222222,0.9105691056910569,0.8905786704925873,0.057674381881952286,-0.20262145183288793,0.9519626714380838,0.04801636461455088,0.6715635657310486,56,37,3,8,0.45018553733825684,16720,,0.5033820674593545,218,188,196,169,135,29,121,26,,,,,,,,,,,,,,,,,,,,,,,,,353,63,104,317
leakage,early,2,0.1,leakage,0.5,0,4,2030,Correct protocol (this study),0.946484375,0.9640029437408383,0.921875,0.85,0.9076923076923077,0.8717948717948718,0.9147286821705426,0.8877440879207144,0.09960378706455231,3.7668535750044385,0.20223833582766448,0.10330545078389919,0.00038417521864175797,59,34,6,5,6.518972635269165,5528336,35.0,0.5609985440427081,304,196,273,176,49,21,44,19,,,,,,,,,,,,,,,,,,,,,,,,,353,63,104,317
leakage,early,2,0.1,leakage,0.5,0,4,2030,L1: test patients in training graph,0.9441406250000001,0.965170276451827,0.90625,0.875,0.9206349206349206,0.8536585365853658,0.9133858267716536,0.8887916788179255,0.0929279625415802,0.8973233104429407,0.26299494064061407,0.0941654817344478,0.787494421005249,58,35,5,6,9.293623447418213,5528336,165.0,0.5239322979859257,304,196,273,176,49,21,44,19,,,,,,,,,,,,,,,,,,,,,,,,,353,63,104,317
leakage,early,2,0.1,leakage,0.5,0,4,2030,L2: pooled final classifier,0.9496093749999999,0.9629259773422856,0.921875,0.85,0.9076923076923077,0.8717948717948718,0.9147286821705426,0.8877440879207144,0.09485215693712234,1.0975793300265293,0.3240722897878788,0.10075263944320163,0.047961827367544174,59,34,6,5,10.911470651626587,5448640,35.0,0.5858559815578743,304,196,273,176,49,21,44,19,,,,,,,,,,,,,,,,,,,,,,,,,353,63,104,317
leakage,early,2,0.1,leakage,0.5,0,4,2030,L3: preprocessing fitted on all data,0.9433593750000001,0.9564170888080745,0.875,0.9,0.9333333333333333,0.8181818181818182,0.9032258064516129,0.880184331797235,0.10527590662240982,2.7815493786944567,0.21239158588392626,0.11224006265939139,0.8798841834068298,56,36,4,8,7.579395294189453,5528336,33.0,0.5767562484833778,304,196,273,176,49,21,44,19,,,,,,,,,,,,,,,,,,,,,,,,,353,63,104,317
leakage,early,2,0.1,leakage,0.5,0,4,2030,L4: one cross-silo graph at inference,0.953515625,0.9739943910169258,0.921875,0.875,0.921875,0.875,0.921875,0.8984375,0.09773262590169907,2.420629574906552,0.22636000712992155,0.10096373336944871,0.17873229086399078,59,35,5,5,6.806278467178345,5528336,35.0,0.543511890317884,304,196,273,176,49,21,44,19,,,,,,,,,,,,,,,,,,,,,,,,,353,63,104,317
leakage,early,2,0.1,leakage,0.5,0,4,2030,All four shortcuts,0.964453125,0.9779041675297431,0.875,0.925,0.9491525423728814,0.8222222222222222,0.9105691056910569,0.8905786704925873,0.07916802912950516,0.48016780970188033,0.3877360629918048,0.08935957846160117,0.8861377835273743,56,37,3,8,8.309834480285645,5448640,168.0,0.5220365202620723,304,196,273,176,49,21,44,19,,,,,,,,,,,,,,,,,,,,,,,,,353,63,104,317
leakage,early,2,0.1,leakage,0.5,0,4,2030,"FedAvg-LR, correct protocol",0.9410156249999999,0.9700435139758471,0.84375,0.925,0.9473684210526315,0.7872340425531915,0.8925619834710744,0.8715683480573763,0.08959323912858963,0.09568372173951235,0.547955133970558,0.08611009560095577,0.8143556118011475,54,37,3,10,0.5773904323577881,16720,,0.5300139529240476,304,196,273,176,49,21,44,19,,,,,,,,,,,,,,,,,,,,,,,,,353,63,104,317
leakage,early,2,0.1,leakage,0.5,0,4,2030,"FedAvg-LR, L3",0.9410156249999999,0.9700435139758471,0.84375,0.925,0.9473684210526315,0.7872340425531915,0.8925619834710744,0.8715683480573763,0.08959322422742844,0.09568338862314046,0.5479551714304222,0.08611009183984537,0.8143556118011475,54,37,3,10,0.5162220001220703,16720,,0.5300139529240476,304,196,273,176,49,21,44,19,,,,,,,,,,,,,,,,,,,,,,,,,353,63,104,317
leakage,early,2,0.1,leakage,0.5,1,0,3026,Correct protocol (this study),0.9679687499999999,0.9798013572336975,0.75,0.925,0.9411764705882353,0.6981132075471698,0.8347826086956521,0.8152407667134174,0.13849875330924988,3.2169702933311313,0.4330953051478814,0.15104566715980092,0.5237221717834473,48,37,3,16,7.115000247955322,5528336,33.0,0.558747287195563,203,182,183,164,150,35,136,32,,,,,,,,,,,,,,,,,,,,,,,,,353,63,104,319
leakage,early,2,0.1,leakage,0.5,1,0,3026,L1: test patients in training graph,0.986328125,0.9906637003400652,0.984375,0.95,0.9692307692307692,0.9743589743589743,0.9767441860465116,0.9693847512511039,0.06806518137454987,2.3790237008567936,0.5049231453816095,0.07938502394021131,0.04091520980000496,63,38,2,1,11.095014810562134,5528336,184.0,0.5444598504943332,203,182,183,164,150,35,136,32,,,,,,,,,,,,,,,,,,,,,,,,,353,63,104,319
leakage,early,2,0.1,leakage,0.5,1,0,3026,L2: pooled final classifier,0.957421875,0.976152883724217,0.734375,0.975,0.9791666666666666,0.6964285714285714,0.8392857142857143,0.8258928571428572,0.08317160606384277,0.5235150476408632,0.62585259546185,0.07472646725364031,0.904645562171936,47,39,1,17,8.679972887039185,5448640,33.0,0.5897486134555101,203,182,183,164,150,35,136,32,,,,,,,,,,,,,,,,,,,,,,,,,353,63,104,319
leakage,early,2,0.1,leakage,0.5,1,0,3026,L3: preprocessing fitted on all data,0.965625,0.9789162924532502,0.734375,1.0,1.0,0.7017543859649122,0.8468468468468469,0.835794557444042,0.11236294358968735,2.3613813259985235,0.3875593264513702,0.11748442676169084,0.96907639503479,47,40,0,17,7.271488904953003,5528336,33.0,0.6054075235109717,203,182,183,164,150,35,136,32,,,,,,,,,,,,,,,,,,,,,,,,,353,63,104,319
leakage,early,2,0.1,leakage,0.5,1,0,3026,L4: one cross-silo graph at inference,0.99921875,0.9995265151515151,1.0,0.95,0.9696969696969697,1.0,0.9846153846153847,0.9794871794871796,0.03612611070275307,2.5863276427462503,1.3288993685174604,0.06307911063329533,0.022584330290555954,64,38,2,0,6.3179545402526855,5528336,33.0,0.5225464190981433,203,182,183,164,150,35,136,32,,,,,,,,,,,,,,,,,,,,,,,,,353,63,104,319
leakage,early,2,0.1,leakage,0.5,1,0,3026,All four shortcuts,1.0,1.0,1.0,1.0,1.0,1.0,1.0,1.0,0.011827288195490837,0.7329778191204848,9.16390703810997,0.037859600341807194,0.32219237089157104,64,40,0,0,8.040735006332397,5448640,185.0,0.5166234627441524,203,182,183,164,150,35,136,32,,,,,,,,,,,,,,,,,,,,,,,,,353,63,104,319
leakage,early,2,0.1,leakage,0.5,1,0,3026,"FedAvg-LR, correct protocol",0.9812500000000001,0.989792432466845,0.953125,0.85,0.9104477611940298,0.918918918918919,0.9312977099236641,0.9072072965202735,0.051276739686727524,0.08154444294673502,1.2807483398853832,0.03932129226338405,0.27122166752815247,61,34,6,3,0.6619772911071777,16720,,0.5037225705329154,203,182,183,164,150,35,136,32,,,,,,,,,,,,,,,,,,,,,,,,,353,63,104,319
leakage,early,2,0.1,leakage,0.5,1,0,3026,"FedAvg-LR, L3",0.9812500000000001,0.989792432466845,0.953125,0.85,0.9104477611940298,0.918918918918919,0.9312977099236641,0.9072072965202735,0.051276400685310364,0.08154186622615234,1.2807541621496978,0.03932117445107836,0.2712281346321106,61,34,6,3,0.4789109230041504,16720,,0.5037225705329154,203,182,183,164,150,35,136,32,,,,,,,,,,,,,,,,,,,,,,,,,353,63,104,319
leakage,early,2,0.1,leakage,0.5,1,1,3027,Correct protocol (this study),0.9789062500000001,0.9876836300435727,0.90625,0.925,0.9508196721311475,0.8604651162790697,0.928,0.9097831325301204,0.07527276128530502,4.211084420476897,0.40306104231807843,0.09402229064681497,0.156358540058136,58,37,3,6,7.7282655239105225,5528336,28.0,0.5158032031060422,21,11,19,10,332,206,298,185,,,,,,,,,,,,,,,,,,,,,,,,,353,63,104,317
leakage,early,2,0.1,leakage,0.5,1,1,3027,L1: test patients in training graph,0.96640625,0.9804586193844622,0.84375,0.95,0.9642857142857143,0.7916666666666666,0.9,0.8818181818181818,0.08604919165372849,2.6980835089616964,0.37622526280753776,0.08754576675934146,0.8834177255630493,54,38,2,10,12.953311681747437,5528336,180.0,0.5328348701771415,21,11,19,10,332,206,298,185,,,,,,,,,,,,,,,,,,,,,,,,,353,63,104,317
leakage,early,2,0.1,leakage,0.5,1,1,3027,L2: pooled final classifier,0.96875,0.9832084335525596,0.90625,0.925,0.9508196721311475,0.8604651162790697,0.928,0.9097831325301204,0.07610965520143509,2.6552642233488233,0.46253965582213213,0.07077109524442887,0.21004876494407654,58,37,3,6,6.481435298919678,5448640,28.0,0.5200800776510556,21,11,19,10,332,206,298,185,,,,,,,,,,,,,,,,,,,,,,,,,353,63,104,317
leakage,early,2,0.1,leakage,0.5,1,1,3027,L3: preprocessing fitted on all data,0.966796875,0.9817596780631073,0.8125,1.0,1.0,0.7692307692307693,0.896551724137931,0.8830584707646176,0.0857807844877243,4.376356785884014,0.3719044586631822,0.08952533407136798,0.893660306930542,52,40,0,12,7.399024724960327,5528336,29.0,0.5352159669983014,21,11,19,10,332,206,298,185,,,,,,,,,,,,,,,,,,,,,,,,,353,63,104,317
leakage,early,2,0.1,leakage,0.5,1,1,3027,L4: one cross-silo graph at inference,0.98203125,0.9899650733002303,0.9375,0.95,0.967741935483871,0.9047619047619048,0.9523809523809523,0.9396051103368177,0.048923309892416,-0.25126206110709665,0.5771451970381152,0.04730890381436509,0.7927260994911194,60,38,2,4,7.153223752975464,5528336,28.0,0.5591937636495996,21,11,19,10,332,206,298,185,,,,,,,,,,,,,,,,,,,,,,,,,353,63,104,317
leakage,early,2,0.1,leakage,0.5,1,1,3027,All four shortcuts,0.98671875,0.9922722632237251,0.890625,0.975,0.9827586206896551,0.8478260869565217,0.9344262295081968,0.9207014868471216,0.049710653722286224,1.2197396137480692,0.6911562494019936,0.050619521249945384,0.8303754329681396,57,39,1,7,7.754615306854248,5448640,179.0,0.5348671438971123,21,11,19,10,332,206,298,185,,,,,,,,,,,,,,,,,,,,,,,,,353,63,104,317
leakage,early,2,0.1,leakage,0.5,1,1,3027,"FedAvg-LR, correct protocol",0.955078125,0.9756544848689045,0.90625,0.9,0.9354838709677419,0.8571428571428571,0.9206349206349206,0.8993418505613627,0.07550887763500214,0.2876968152134069,0.8386045925768559,0.06692052020046575,0.4158657193183899,58,36,4,6,0.39092278480529785,16720,,0.5011071341907304,21,11,19,10,332,206,298,185,,,,,,,,,,,,,,,,,,,,,,,,,353,63,104,317
leakage,early,2,0.1,leakage,0.5,1,1,3027,"FedAvg-LR, L3",0.95546875,0.9758941067620827,0.90625,0.9,0.9354838709677419,0.8571428571428571,0.9206349206349206,0.8993418505613627,0.0754128247499466,0.28634628540130375,0.8392717774930156,0.06676932689375605,0.4173300266265869,58,36,4,6,0.6694450378417969,16720,,0.5007734773113323,21,11,19,10,332,206,298,185,,,,,,,,,,,,,,,,,,,,,,,,,353,63,104,317
leakage,early,2,0.1,leakage,0.5,1,2,3028,Correct protocol (this study),0.974609375,0.9867613650582107,0.9375,0.95,0.967741935483871,0.9047619047619048,0.9523809523809523,0.9396051103368177,0.06461816281080246,4.134306109189784,0.3728721052617096,0.07115628368158539,0.02833990380167961,60,38,2,4,6.2921302318573,5528336,35.0,0.5699080793420416,60,54,54,49,293,163,264,147,,,,,,,,,,,,,,,,,,,,,,,,,353,63,104,318
leakage,early,2,0.1,leakage,0.5,1,2,3028,L1: test patients in training graph,0.99140625,0.9949356811767323,0.953125,0.95,0.9682539682539683,0.926829268292683,0.9606299212598425,0.949450763099057,0.04897753521800041,3.2458578250493932,0.5315222620777383,0.05128065958762398,0.12830865383148193,61,38,2,3,7.560033321380615,5528336,195.0,0.5348028543783261,60,54,54,49,293,163,264,147,,,,,,,,,,,,,,,,,,,,,,,,,353,63,104,318
leakage,early,2,0.1,leakage,0.5,1,2,3028,L2: pooled final classifier,0.973828125,0.985790473956014,0.9375,0.95,0.967741935483871,0.9047619047619048,0.9523809523809523,0.9396051103368177,0.0664265900850296,1.7303239176232246,0.6719226002642034,0.08117162515946591,0.21293872594833374,60,38,2,4,6.365212917327881,5448640,35.0,0.5411979922593131,60,54,54,49,293,163,264,147,,,,,,,,,,,,,,,,,,,,,,,,,353,63,104,318
leakage,early,2,0.1,leakage,0.5,1,2,3028,L3: preprocessing fitted on all data,0.9710937500000001,0.9835006087162967,0.921875,0.925,0.9516129032258065,0.8809523809523809,0.9365079365079365,0.9194734804490903,0.07436607778072357,1.8022391089328142,0.47516492209049677,0.08156995947222011,0.26669183373451233,59,37,3,5,6.043172359466553,5528336,35.0,0.5586901306240929,60,54,54,49,293,163,264,147,,,,,,,,,,,,,,,,,,,,,,,,,353,63,104,318
leakage,early,2,0.1,leakage,0.5,1,2,3028,L4: one cross-silo graph at inference,0.9882812500000001,0.9946537837162837,0.921875,1.0,1.0,0.8888888888888888,0.959349593495935,0.9502630320420851,0.03699008375406265,1.6201804710276067,0.7783037036635123,0.04619650168416019,0.3602214753627777,59,40,0,5,5.766874551773071,5528336,35.0,0.5424074746008708,60,54,54,49,293,163,264,147,,,,,,,,,,,,,,,,,,,,,,,,,353,63,104,318
leakage,early,2,0.1,leakage,0.5,1,2,3028,All four shortcuts,0.9992187499999999,0.9995154747596153,0.96875,0.975,0.9841269841269841,0.9512195121951219,0.9763779527559056,0.9696704578594342,0.02354038693010807,1.65852889354787,1.674216026192014,0.03949663924196591,0.25739169120788574,62,39,1,2,7.220571041107178,5448640,197.0,0.4993196661828738,60,54,54,49,293,163,264,147,,,,,,,,,,,,,,,,,,,,,,,,,353,63,104,318
leakage,early,2,0.1,leakage,0.5,1,2,3028,"FedAvg-LR, correct protocol",0.96640625,0.9836383643419093,0.921875,0.875,0.921875,0.875,0.921875,0.8984375,0.0661470890045166,0.6229850623398399,1.0657395195433506,0.10217088627485703,0.4524156451225281,59,35,5,5,0.5696909427642822,16720,,0.5336387276245768,60,54,54,49,293,163,264,147,,,,,,,,,,,,,,,,,,,,,,,,,353,63,104,318
leakage,early,2,0.1,leakage,0.5,1,2,3028,"FedAvg-LR, L3",0.96640625,0.9836383643419093,0.921875,0.875,0.921875,0.875,0.921875,0.8984375,0.066147081553936,0.6229847505593258,1.065739580331124,0.10217087370200226,0.4524158537387848,59,35,5,5,0.47147369384765625,16720,,0.5336084905660378,60,54,54,49,293,163,264,147,,,,,,,,,,,,,,,,,,,,,,,,,353,63,104,318
leakage,early,2,0.1,leakage,0.5,1,3,3029,Correct protocol (this study),0.9703124999999999,0.9809274722053966,0.875,0.95,0.9655172413793104,0.8260869565217391,0.9180327868852459,0.900876858558902,0.07612430304288864,3.826110278950804,0.2981030255017308,0.08118202749084538,0.9510434865951538,56,38,2,8,6.327245235443115,5528336,33.0,0.5070754716981133,251,173,226,156,102,44,92,40,,,,,,,,,,,,,,,,,,,,,,,,,353,63,104,318
leakage,early,2,0.1,leakage,0.5,1,3,3029,L1: test patients in training graph,0.9640625,0.9731581187978064,0.953125,0.925,0.953125,0.925,0.953125,0.9390625,0.062444910407066345,1.874811546215443,0.28967501872475354,0.06155718710774987,0.11011301726102829,61,37,3,3,7.56683874130249,5528336,182.0,0.47210631349782295,251,173,226,156,102,44,92,40,,,,,,,,,,,,,,,,,,,,,,,,,353,63,104,318
leakage,early,2,0.1,leakage,0.5,1,3,3029,L2: pooled final classifier,0.972265625,0.9819303508024723,0.9375,0.925,0.9523809523809523,0.9024390243902439,0.9448818897637795,0.9292310683386799,0.056205086410045624,0.4820229793848059,0.4891324399940247,0.052863470180175065,0.535581111907959,60,37,3,4,5.981800079345703,5448640,33.0,0.5192156507014998,251,173,226,156,102,44,92,40,,,,,,,,,,,,,,,,,,,,,,,,,353,63,104,318
leakage,early,2,0.1,leakage,0.5,1,3,3029,L3: preprocessing fitted on all data,0.9703125,0.9780003690479032,0.90625,0.95,0.9666666666666667,0.8636363636363636,0.9354838709677419,0.9201228878648233,0.07898212969303131,3.20698409284606,0.2653284264118158,0.08035170160627995,0.8893510103225708,58,38,2,6,5.773616790771484,5528336,33.0,0.5028120464441219,251,173,226,156,102,44,92,40,,,,,,,,,,,,,,,,,,,,,,,,,353,63,104,318
leakage,early,2,0.1,leakage,0.5,1,3,3029,L4: one cross-silo graph at inference,0.9769531249999999,0.9848731170136381,0.9375,0.95,0.967741935483871,0.9047619047619048,0.9523809523809523,0.9396051103368177,0.04898873716592789,1.194627918585985,0.3431702513999165,0.0501943452534481,0.6373723745346069,60,38,2,4,5.946958065032959,5528336,33.0,0.49702164973391394,251,173,226,156,102,44,92,40,,,,,,,,,,,,,,,,,,,,,,,,,353,63,104,318
leakage,early,2,0.1,leakage,0.5,1,3,3029,All four shortcuts,0.946875,0.9496559848418396,0.96875,0.95,0.96875,0.95,0.96875,0.959375,0.04937676340341568,0.8832449605892839,0.4411623684741236,0.04912883731035085,0.18083980679512024,62,38,2,2,7.385087490081787,5448640,195.0,0.5093130140299952,251,173,226,156,102,44,92,40,,,,,,,,,,,,,,,,,,,,,,,,,353,63,104,318
leakage,early,2,0.1,leakage,0.5,1,3,3029,"FedAvg-LR, correct protocol",0.9613281250000001,0.9782202915941304,0.875,0.95,0.9655172413793104,0.8260869565217391,0.9180327868852459,0.900876858558902,0.06485617905855179,0.5411192643978562,0.6599251565470766,0.05036679384871745,0.8140339255332947,56,38,2,8,0.644920825958252,16720,,0.48042150459603283,251,173,226,156,102,44,92,40,,,,,,,,,,,,,,,,,,,,,,,,,353,63,104,318
leakage,early,2,0.1,leakage,0.5,1,3,3029,"FedAvg-LR, L3",0.9613281250000001,0.9782202915941304,0.875,0.95,0.9655172413793104,0.8260869565217391,0.9180327868852459,0.900876858558902,0.06485617160797119,0.5411188129346332,0.6599251514175383,0.050366787383189573,0.8140338063240051,56,38,2,8,0.5492913722991943,16720,,0.48042150459603283,251,173,226,156,102,44,92,40,,,,,,,,,,,,,,,,,,,,,,,,,353,63,104,318
leakage,early,2,0.1,leakage,0.5,1,4,3030,Correct protocol (this study),0.94296875,0.9723430848278133,0.75,1.0,1.0,0.7142857142857143,0.8571428571428571,0.8452380952380952,0.1048826053738594,3.0596856191745725,0.28234016740753853,0.10912070569331542,0.99688321352005,48,40,0,16,5.830771446228027,5528336,33.0,0.6069673622907062,173,157,155,141,180,60,162,54,,,,,,,,,,,,,,,,,,,,,,,,,353,63,104,317
leakage,early,2,0.1,leakage,0.5,1,4,3030,L1: test patients in training graph,0.9640625,0.9804694451276321,0.984375,0.8,0.8873239436619719,0.9696969696969697,0.9333333333333333,0.9050228310502283,0.0775071382522583,-0.9734082442898727,0.2813327045975955,0.08029838077401598,0.006659458391368389,63,32,8,1,7.480626821517944,5528336,187.0,0.5357164523173986,173,157,155,141,180,60,162,54,,,,,,,,,,,,,,,,,,,,,,,,,353,63,104,317
leakage,early,2,0.1,leakage,0.5,1,4,3030,L2: pooled final classifier,0.93515625,0.9678495918261236,0.8125,0.975,0.9811320754716981,0.7647058823529411,0.8888888888888888,0.873015873015873,0.09968673437833786,0.5829385483032538,0.3950822145542275,0.09991734045056198,0.9906518459320068,52,39,1,12,6.358009338378906,5448640,33.0,0.5984439456442611,173,157,155,141,180,60,162,54,,,,,,,,,,,,,,,,,,,,,,,,,353,63,104,317
leakage,early,2,0.1,leakage,0.5,1,4,3030,L3: preprocessing fitted on all data,0.948828125,0.9736237536175943,0.921875,0.875,0.921875,0.875,0.921875,0.8984375,0.09403619170188904,2.6978325804929137,0.32570401704436763,0.10843281594749825,0.02695763297379017,59,35,5,5,5.837642669677734,5528336,33.0,0.5989292647415676,173,157,155,141,180,60,162,54,,,,,,,,,,,,,,,,,,,,,,,,,353,63,104,317
leakage,early,2,0.1,leakage,0.5,1,4,3030,L4: one cross-silo graph at inference,0.979296875,0.9868223523466189,1.0,0.825,0.9014084507042254,1.0,0.9481481481481482,0.9261288685946221,0.07599720358848572,0.9337416080780371,0.47242233471942835,0.09072845520523307,0.01741166040301323,64,33,7,0,5.861571550369263,5528336,33.0,0.5262982285852948,173,157,155,141,180,60,162,54,,,,,,,,,,,,,,,,,,,,,,,,,353,63,104,317
leakage,early,2,0.1,leakage,0.5,1,4,3030,All four shortcuts,0.9796874999999999,0.9882165933240263,0.96875,0.9,0.9393939393939394,0.9473684210526315,0.9538461538461539,0.9384615384615385,0.061973653733730316,-0.2899687050910697,0.5562848489830777,0.06529964549610245,0.2649182379245758,62,36,4,2,6.881609916687012,5448640,187.0,0.518897112351371,173,157,155,141,180,60,162,54,,,,,,,,,,,,,,,,,,,,,,,,,353,63,104,317
leakage,early,2,0.1,leakage,0.5,1,4,3030,"FedAvg-LR, correct protocol",0.974609375,0.9843121589122346,0.921875,0.9,0.9365079365079365,0.8780487804878049,0.9291338582677166,0.9090113735783028,0.06287050992250443,0.007827927578703167,1.0485686927815299,0.050540331643647886,0.5073025226593018,59,36,4,5,0.6069202423095703,16720,,0.5049441883038097,173,157,155,141,180,60,162,54,,,,,,,,,,,,,,,,,,,,,,,,,353,63,104,317
leakage,early,2,0.1,leakage,0.5,1,4,3030,"FedAvg-LR, L3",0.974609375,0.9843121589122346,0.921875,0.9,0.9365079365079365,0.8780487804878049,0.9291338582677166,0.9090113735783028,0.06287050247192383,0.007827745471558354,1.0485686586878795,0.050540328921320356,0.5073025226593018,59,36,4,5,0.5056848526000977,16720,,0.5049441883038097,173,157,155,141,180,60,162,54,,,,,,,,,,,,,,,,,,,,,,,,,353,63,104,317
leakage,early,2,0.1,leakage,0.5,2,0,4026,Correct protocol (this study),0.9660156249999999,0.9837089851240737,0.921875,0.925,0.9516129032258065,0.8809523809523809,0.9365079365079365,0.9194734804490903,0.058383241295814514,0.75855732099702,0.368908610144713,0.048678583483426616,0.30818483233451843,59,37,3,5,6.015918254852295,5528336,36.0,0.5773022324678476,231,105,207,94,122,112,110,101,,,,,,,,,,,,,,,,,,,,,,,,,353,63,104,317
leakage,early,2,0.1,leakage,0.5,2,0,4026,L1: test patients in training graph,0.9898437499999999,0.9944891057555532,0.921875,1.0,1.0,0.8888888888888888,0.959349593495935,0.9502630320420851,0.041297368705272675,1.8743938381918432,0.7779862473248854,0.053140619912972815,0.30126774311065674,59,40,0,5,7.497160196304321,5528336,189.0,0.5173349915069158,231,105,207,94,122,112,110,101,,,,,,,,,,,,,,,,,,,,,,,,,353,63,104,317
leakage,early,2,0.1,leakage,0.5,2,0,4026,L2: pooled final classifier,0.9546874999999999,0.9779437504927039,0.78125,1.0,1.0,0.7407407407407407,0.8771929824561403,0.8641284061216872,0.09380543977022171,-0.8938086574696623,0.5133239184163417,0.10679415027754238,0.9741212129592896,50,40,0,14,5.837472677230835,5448640,36.0,0.5822009221062849,231,105,207,94,122,112,110,101,,,,,,,,,,,,,,,,,,,,,,,,,353,63,104,317
leakage,early,2,0.1,leakage,0.5,2,0,4026,L3: preprocessing fitted on all data,0.935546875,0.9675910711616671,0.796875,1.0,1.0,0.7547169811320755,0.8869565217391304,0.8735857877512856,0.15137003362178802,-1.4861769334418884,0.3246638024347656,0.14714050496247813,0.9780563116073608,51,40,0,13,6.224417448043823,5528336,36.0,0.6134888376607619,231,105,207,94,122,112,110,101,,,,,,,,,,,,,,,,,,,,,,,,,353,63,104,317
leakage,early,2,0.1,leakage,0.5,2,0,4026,L4: one cross-silo graph at inference,0.987109375,0.9939326298701299,0.953125,0.925,0.953125,0.925,0.953125,0.9390625,0.03703620657324791,0.9432404702142114,0.5811506853538181,0.047244240243274435,0.18509504199028015,61,37,3,3,5.8994081020355225,5528336,36.0,0.48838267410822617,231,105,207,94,122,112,110,101,,,,,,,,,,,,,,,,,,,,,,,,,353,63,104,317
leakage,early,2,0.1,leakage,0.5,2,0,4026,All four shortcuts,0.99140625,0.9960029069767442,0.984375,0.975,0.984375,0.975,0.984375,0.9796875,0.015821680426597595,0.26238600724451155,1.120150648938919,0.021830409693603333,0.37260565161705017,63,39,1,1,7.4938063621521,5448640,189.0,0.5041555447706867,231,105,207,94,122,112,110,101,,,,,,,,,,,,,,,,,,,,,,,,,353,63,104,317
leakage,early,2,0.1,leakage,0.5,2,0,4026,"FedAvg-LR, correct protocol",0.965234375,0.9829985359153708,0.890625,0.975,0.9827586206896551,0.8478260869565217,0.9344262295081968,0.9207014868471216,0.06508782505989075,0.5502240024763921,1.1211557536848236,0.05397511542273256,0.4894360303878784,57,39,1,7,0.5458106994628906,16720,,0.4716694976947342,231,105,207,94,122,112,110,101,,,,,,,,,,,,,,,,,,,,,,,,,353,63,104,317
leakage,early,2,0.1,leakage,0.5,2,0,4026,"FedAvg-LR, L3",0.965234375,0.9829985359153708,0.890625,0.975,0.9827586206896551,0.8478260869565217,0.9344262295081968,0.9207014868471216,0.06508785486221313,0.5502237621687434,1.1211556236313585,0.05397511019299811,0.48943576216697693,57,39,1,7,0.6507515907287598,16720,,0.4716694976947342,231,105,207,94,122,112,110,101,,,,,,,,,,,,,,,,,,,,,,,,,353,63,104,317
leakage,early,2,0.1,leakage,0.5,2,1,4027,Correct protocol (this study),0.95546875,0.9697961442884081,0.953125,0.825,0.8970588235294118,0.9166666666666666,0.9242424242424242,0.8963317384370015,0.12388373911380768,3.7714103007943116,0.254549349376127,0.1391925713105593,0.003979632165282965,61,33,7,3,5.966159820556641,5528336,32.0,0.5588413159167875,203,121,183,109,150,96,135,86,,,,,,,,,,,,,,,,,,,,,,,,,353,63,104,318
leakage,early,2,0.1,leakage,0.5,2,1,4027,L1: test patients in training graph,0.97734375,0.9850659911145383,0.90625,0.925,0.9508196721311475,0.8604651162790697,0.928,0.9097831325301204,0.0832037627696991,3.407936075734421,0.3212806567424968,0.08202630887479667,0.7637022137641907,58,37,3,6,7.258582830429077,5528336,195.0,0.5606404208998548,203,121,183,109,150,96,135,86,,,,,,,,,,,,,,,,,,,,,,,,,353,63,104,318
leakage,early,2,0.1,leakage,0.5,2,1,4027,L2: pooled final classifier,0.95703125,0.9717906856307282,0.953125,0.8,0.8840579710144928,0.9142857142857143,0.9172932330827067,0.88531328320802,0.11618586629629135,1.8229176644977094,0.37572949805258865,0.12162403296679258,0.015399113297462463,61,32,8,3,6.061380624771118,5448640,32.0,0.5748367198838897,203,121,183,109,150,96,135,86,,,,,,,,,,,,,,,,,,,,,,,,,353,63,104,318
leakage,early,2,0.1,leakage,0.5,2,1,4027,L3: preprocessing fitted on all data,0.95859375,0.9734402479011459,0.921875,0.8,0.8805970149253731,0.8648648648648649,0.9007633587786259,0.8659660949737286,0.13286840915679932,3.644461886902853,0.27248196812491654,0.13569381489203525,0.013644804246723652,59,32,8,5,6.117933034896851,5528336,32.0,0.5753356313497823,203,121,183,109,150,96,135,86,,,,,,,,,,,,,,,,,,,,,,,,,353,63,104,318
leakage,early,2,0.1,leakage,0.5,2,1,4027,L4: one cross-silo graph at inference,0.9695312500000001,0.9791149348344821,0.890625,0.925,0.95,0.8409090909090909,0.9193548387096774,0.9001536098310292,0.09150069206953049,5.149483795245024,0.2649969838946022,0.09632233752087743,0.173369899392128,57,37,3,7,5.8910229206085205,5528336,32.0,0.5449625060474117,203,121,183,109,150,96,135,86,,,,,,,,,,,,,,,,,,,,,,,,,353,63,104,318
leakage,early,2,0.1,leakage,0.5,2,1,4027,All four shortcuts,0.985546875,0.9911554911221112,0.984375,0.85,0.9130434782608695,0.9714285714285714,0.9473684210526315,0.9270175438596491,0.061976078897714615,0.42626496146065185,0.632096159937023,0.06397274727574907,0.08008922636508942,63,34,6,1,7.757713556289673,5448640,196.0,0.5294962506047413,203,121,183,109,150,96,135,86,,,,,,,,,,,,,,,,,,,,,,,,,353,63,104,318
leakage,early,2,0.1,leakage,0.5,2,1,4027,"FedAvg-LR, correct protocol",0.962109375,0.973535081622551,0.796875,0.925,0.9444444444444444,0.74,0.864406779661017,0.8433145009416196,0.06946713477373123,0.3546927141463764,0.6730550521131726,0.06994670792482795,0.8297391533851624,51,37,3,13,0.5038793087005615,16720,,0.5271831156265119,203,121,183,109,150,96,135,86,,,,,,,,,,,,,,,,,,,,,,,,,353,63,104,318
leakage,early,2,0.1,leakage,0.5,2,1,4027,"FedAvg-LR, L3",0.962109375,0.973535081622551,0.796875,0.925,0.9444444444444444,0.74,0.864406779661017,0.8433145009416196,0.06946714967489243,0.35469374457758035,0.6730548745818768,0.06994677766656074,0.8297394514083862,51,37,3,13,0.6422379016876221,16720,,0.5271831156265119,203,121,183,109,150,96,135,86,,,,,,,,,,,,,,,,,,,,,,,,,353,63,104,318
leakage,early,2,0.1,leakage,0.5,2,2,4028,Correct protocol (this study),0.9097656249999999,0.9523231096230811,0.84375,0.95,0.9642857142857143,0.7916666666666666,0.9,0.8818181818181818,0.11702056974172592,3.8156881123763866,0.2441200527618106,0.11792944784526929,0.8208698034286499,54,38,2,10,6.03017783164978,5528336,33.0,0.5819121915820029,143,30,129,27,210,187,189,168,,,,,,,,,,,,,,,,,,,,,,,,,353,63,104,318
leakage,early,2,0.1,leakage,0.5,2,2,4028,L1: test patients in training graph,0.970703125,0.9806065146623588,0.8125,0.95,0.9629629629629629,0.76,0.8813559322033898,0.8629001883239171,0.08591637015342712,3.348538799792343,0.36048895617308696,0.08562978904004784,0.9170404076576233,52,38,2,12,7.189378023147583,5528336,188.0,0.5645107643928399,143,30,129,27,210,187,189,168,,,,,,,,,,,,,,,,,,,,,,,,,353,63,104,318
leakage,early,2,0.1,leakage,0.5,2,2,4028,L2: pooled final classifier,0.9171875,0.9566675862703977,0.84375,0.9,0.9310344827586207,0.782608695652174,0.8852459016393442,0.8612276019824628,0.11802076548337936,0.6250595478713035,0.3553587014055624,0.10997555429975578,0.8429035544395447,54,36,4,10,6.129076719284058,5448640,33.0,0.6019593613933236,143,30,129,27,210,187,189,168,,,,,,,,,,,,,,,,,,,,,,,,,353,63,104,318
leakage,early,2,0.1,leakage,0.5,2,2,4028,L3: preprocessing fitted on all data,0.9339843750000001,0.963492769237363,0.875,0.875,0.9180327868852459,0.813953488372093,0.896,0.8696867469879519,0.10614290833473206,4.290164830999022,0.2669674065268256,0.11000151672543818,0.07826930284500122,56,35,5,8,6.361056327819824,5528336,34.0,0.5900761973875182,143,30,129,27,210,187,189,168,,,,,,,,,,,,,,,,,,,,,,,,,353,63,104,318
leakage,early,2,0.1,leakage,0.5,2,2,4028,L4: one cross-silo graph at inference,0.9789062500000001,0.9868423266858223,0.953125,0.925,0.953125,0.925,0.953125,0.9390625,0.07241194695234299,2.8263027526523303,0.41729699154693156,0.08300030681018072,0.055682454258203506,61,37,3,3,5.723557233810425,5528336,33.0,0.5142870101596517,143,30,129,27,210,187,189,168,,,,,,,,,,,,,,,,,,,,,,,,,353,63,104,318
leakage,early,2,0.1,leakage,0.5,2,2,4028,All four shortcuts,0.986328125,0.9899817371619941,1.0,0.925,0.9552238805970149,1.0,0.9770992366412213,0.9690690988400912,0.0345769003033638,-0.21643976732656597,0.8094178272944719,0.046655315261047596,0.3958001136779785,64,37,3,0,7.41209602355957,5448640,184.0,0.5302521770682148,143,30,129,27,210,187,189,168,,,,,,,,,,,,,,,,,,,,,,,,,353,63,104,318
leakage,early,2,0.1,leakage,0.5,2,2,4028,"FedAvg-LR, correct protocol",0.9484375,0.9678930470488167,0.796875,0.95,0.9622641509433962,0.7450980392156863,0.8717948717948718,0.8534798534798536,0.08341822028160095,0.011511619104489784,0.6961580711517601,0.07218983805236912,0.7932507991790771,51,38,2,13,0.5622909069061279,16720,,0.5388999758103532,143,30,129,27,210,187,189,168,,,,,,,,,,,,,,,,,,,,,,,,,353,63,104,318
leakage,early,2,0.1,leakage,0.5,2,2,4028,"FedAvg-LR, L3",0.9484375,0.9678930470488167,0.796875,0.95,0.9622641509433962,0.7450980392156863,0.8717948717948718,0.8534798534798536,0.08341822028160095,0.011511583910624557,0.6961580762880298,0.07218983894787158,0.7932507991790771,51,38,2,13,0.43047380447387695,16720,,0.5388999758103532,143,30,129,27,210,187,189,168,,,,,,,,,,,,,,,,,,,,,,,,,353,63,104,318
leakage,early,2,0.1,leakage,0.5,2,3,4029,Correct protocol (this study),0.9644531249999999,0.9800843881264352,0.71875,1.0,1.0,0.6896551724137931,0.8363636363636363,0.8263450834879407,0.11732817441225052,5.728605744524671,0.3857109282532362,0.12978366342409015,0.861259937286377,46,40,0,18,5.755732536315918,5528336,34.0,0.5965330016986168,126,27,113,24,227,190,204,171,,,,,,,,,,,,,,,,,,,,,,,,,353,63,104,317
leakage,early,2,0.1,leakage,0.5,2,3,4029,L1: test patients in training graph,0.990625,0.994610779655686,0.84375,1.0,1.0,0.8,0.9152542372881356,0.9020715630885122,0.0789431631565094,5.733920819904194,0.48159942289403906,0.08573583753492973,0.9799882173538208,54,40,0,10,7.77295708656311,5528336,148.0,0.5026389225916039,126,27,113,24,227,190,204,171,,,,,,,,,,,,,,,,,,,,,,,,,353,63,104,317
leakage,early,2,0.1,leakage,0.5,2,3,4029,L2: pooled final classifier,0.937109375,0.9672438209542221,0.765625,0.975,0.98,0.7222222222222222,0.8596491228070176,0.8447181784247854,0.10277661681175232,2.1251303588770725,0.5274271479762874,0.119176231790334,0.7822107672691345,49,39,1,15,6.088165044784546,5448640,34.0,0.6269716088328076,126,27,113,24,227,190,204,171,,,,,,,,,,,,,,,,,,,,,,,,,353,63,104,317
leakage,early,2,0.1,leakage,0.5,2,3,4029,L3: preprocessing fitted on all data,0.952734375,0.973088033023062,0.75,0.975,0.9795918367346939,0.7090909090909091,0.8495575221238938,0.8353050768514205,0.12351711094379425,7.342625402226548,0.34707418806902224,0.12881078797867163,0.8695945143699646,48,39,1,16,6.1362128257751465,5528336,34.0,0.6020686726522688,126,27,113,24,227,190,204,171,,,,,,,,,,,,,,,,,,,,,,,,,353,63,104,317
leakage,early,2,0.1,leakage,0.5,2,3,4029,L4: one cross-silo graph at inference,0.993359375,0.9953908031925098,0.90625,0.975,0.9830508474576272,0.8666666666666667,0.943089430894309,0.9303682448589192,0.04159749299287796,2.230015787599811,0.7738957973667774,0.05032196709026513,0.49890458583831787,58,39,1,6,6.310604810714722,5528336,34.0,0.5350643047803931,126,27,113,24,227,190,204,171,,,,,,,,,,,,,,,,,,,,,,,,,353,63,104,317
leakage,early,2,0.1,leakage,0.5,2,3,4029,All four shortcuts,0.991796875,0.9948762549211614,0.796875,1.0,1.0,0.7547169811320755,0.8869565217391304,0.8735857877512856,0.04064871743321419,1.5061378872585407,1.0446521367439394,0.05875421394235814,0.8576393127441406,51,40,0,13,7.463393926620483,5448640,147.0,0.5583596214511041,126,27,113,24,227,190,204,171,,,,,,,,,,,,,,,,,,,,,,,,,353,63,104,317
leakage,early,2,0.1,leakage,0.5,2,3,4029,"FedAvg-LR, correct protocol",0.977734375,0.9878114530532873,0.859375,0.975,0.9821428571428571,0.8125,0.9166666666666666,0.9015151515151515,0.05273739993572235,0.30352002415478907,1.072229603210173,0.06846529746857972,0.8051695823669434,55,39,1,9,0.8112127780914307,16720,,0.5078106042222761,126,27,113,24,227,190,204,171,,,,,,,,,,,,,,,,,,,,,,,,,353,63,104,317
leakage,early,2,0.1,leakage,0.5,2,3,4029,"FedAvg-LR, L3",0.977734375,0.9878114530532873,0.859375,0.975,0.9821428571428571,0.8125,0.9166666666666666,0.9015151515151515,0.052737414836883545,0.3035201077643972,1.0722294206533987,0.0684653302260603,0.8051697611808777,55,39,1,9,0.9261777400970459,16720,,0.5078106042222761,126,27,113,24,227,190,204,171,,,,,,,,,,,,,,,,,,,,,,,,,353,63,104,317
leakage,early,2,0.1,leakage,0.5,2,4,4030,Correct protocol (this study),0.962890625,0.9823312740598394,0.921875,0.975,0.9833333333333333,0.8863636363636364,0.9516129032258065,0.9400921658986175,0.08065256476402283,7.858789839698002,0.3270489117993413,0.08757339244318875,0.010636091232299805,59,39,1,5,5.746776819229126,5528336,33.0,0.5276517900338655,274,170,247,153,79,47,71,42,,,,,,,,,,,,,,,,,,,,,,,,,353,63,104,318
leakage,early,2,0.1,leakage,0.5,2,4,4030,L1: test patients in training graph,0.9890625,0.9935889074651969,0.953125,0.925,0.953125,0.925,0.953125,0.9390625,0.05156777799129486,0.36463462173930083,0.36846042522680844,0.050652599562174404,0.7096109986305237,61,37,3,3,7.8343517780303955,5528336,172.0,0.5406688437348816,274,170,247,153,79,47,71,42,,,,,,,,,,,,,,,,,,,,,,,,,353,63,104,318
leakage,early,2,0.1,leakage,0.5,2,4,4030,L2: pooled final classifier,0.95625,0.9797589696802024,0.875,1.0,1.0,0.8333333333333334,0.9333333333333333,0.9212121212121211,0.06573674082756042,3.2044941396246363,0.46050787040713664,0.07571252586785704,0.5330897569656372,56,40,0,8,5.980597257614136,5448640,33.0,0.5296927914852444,274,170,247,153,79,47,71,42,,,,,,,,,,,,,,,,,,,,,,,,,353,63,104,318
leakage,early,2,0.1,leakage,0.5,2,4,4030,L3: preprocessing fitted on all data,0.9699218749999999,0.985095936106466,0.890625,1.0,1.0,0.851063829787234,0.9421487603305785,0.930844495107818,0.08271736651659012,7.043891996044657,0.3540098883684275,0.09916118358020096,0.11659541726112366,57,40,0,7,6.298149585723877,5528336,33.0,0.5386278422835027,274,170,247,153,79,47,71,42,,,,,,,,,,,,,,,,,,,,,,,,,353,63,104,318
leakage,early,2,0.1,leakage,0.5,2,4,4030,L4: one cross-silo graph at inference,0.9769531250000001,0.989358097489668,0.96875,0.95,0.96875,0.95,0.96875,0.959375,0.05481366068124771,4.963602673439925,0.3861658633948698,0.06859820088049254,0.016155729070305824,62,38,2,2,6.318967580795288,5528336,33.0,0.5348482099661345,274,170,247,153,79,47,71,42,,,,,,,,,,,,,,,,,,,,,,,,,353,63,104,318
leakage,early,2,0.1,leakage,0.5,2,4,4030,All four shortcuts,0.9890625,0.9945256928259592,0.921875,0.975,0.9833333333333333,0.8863636363636364,0.9516129032258065,0.9400921658986175,0.03434983268380165,1.395281639071593,0.7461238148749584,0.04223569162870543,0.403018593788147,59,39,1,5,8.43038296699524,5448640,182.0,0.5124123125302371,274,170,247,153,79,47,71,42,,,,,,,,,,,,,,,,,,,,,,,,,353,63,104,318
leakage,early,2,0.1,leakage,0.5,2,4,4030,"FedAvg-LR, correct protocol",0.96953125,0.9850770571836011,0.9375,0.95,0.967741935483871,0.9047619047619048,0.9523809523809523,0.9396051103368177,0.05776187404990196,0.6926696181927329,0.8853326505610156,0.07475973855560789,0.47716453671455383,60,38,2,4,0.4307723045349121,16720,,0.49058115626511856,274,170,247,153,79,47,71,42,,,,,,,,,,,,,,,,,,,,,,,,,353,63,104,318
leakage,early,2,0.1,leakage,0.5,2,4,4030,"FedAvg-LR, L3",0.96953125,0.9850770571836011,0.9375,0.95,0.967741935483871,0.9047619047619048,0.9523809523809523,0.9396051103368177,0.05775996297597885,0.6925590046115668,0.8853795686520297,0.07476139933658907,0.477058082818985,60,38,2,4,0.4902048110961914,16720,,0.49061139332365744,274,170,247,153,79,47,71,42,,,,,,,,,,,,,,,,,,,,,,,,,353,63,104,318
leakage,early,2,0.1,leakage,0.5,3,0,5026,Correct protocol (this study),0.9675781250000001,0.9816198106784422,0.9375,0.875,0.9230769230769231,0.8974358974358975,0.9302325581395349,0.9081542537533117,0.07984733581542969,1.3039036750023878,0.5093183941551414,0.07116206649404307,0.21933282911777496,60,35,5,4,6.244126081466675,5528336,35.0,0.5504354136429608,150,136,135,122,203,81,183,73,,,,,,,,,,,,,,,,,,,,,,,,,353,63,104,318
leakage,early,2,0.1,leakage,0.5,3,0,5026,L1: test patients in training graph,0.985546875,0.9924808413260925,0.90625,0.975,0.9830508474576272,0.8666666666666667,0.943089430894309,0.9303682448589192,0.051162779331207275,5.646769979032319,0.334566080601435,0.055313541244966166,0.7564647197723389,58,39,1,6,7.764657974243164,5528336,198.0,0.4974600870827286,150,136,135,122,203,81,183,73,,,,,,,,,,,,,,,,,,,,,,,,,353,63,104,318
leakage,early,2,0.1,leakage,0.5,3,0,5026,L2: pooled final classifier,0.9675781250000001,0.981811201969331,0.828125,0.95,0.9636363636363636,0.7755102040816326,0.8907563025210085,0.8723444433953357,0.06513343751430511,0.0040702980089795445,0.6582513403861511,0.075522238531938,0.857418417930603,53,38,2,11,5.813377857208252,5448640,35.0,0.5592948717948718,150,136,135,122,203,81,183,73,,,,,,,,,,,,,,,,,,,,,,,,,353,63,104,318
leakage,early,2,0.1,leakage,0.5,3,0,5026,L3: preprocessing fitted on all data,0.971484375,0.9840598775468541,0.9375,0.85,0.9090909090909091,0.8947368421052632,0.9230769230769231,0.8974358974358975,0.08745677769184113,2.2773149323927084,0.442803985280872,0.09723855581922598,0.04963292181491852,60,34,6,4,6.123216152191162,5528336,35.0,0.5256561441702952,150,136,135,122,203,81,183,73,,,,,,,,,,,,,,,,,,,,,,,,,353,63,104,318
leakage,early,2,0.1,leakage,0.5,3,0,5026,L4: one cross-silo graph at inference,0.9910156250000001,0.9949215193109844,0.9375,0.975,0.9836065573770492,0.9069767441860465,0.96,0.9498795180722892,0.039207782596349716,3.393635103191539,0.5142804424409143,0.042836269726439447,0.41803786158561707,60,39,1,4,6.306770324707031,5528336,35.0,0.4927128688921142,150,136,135,122,203,81,183,73,,,,,,,,,,,,,,,,,,,,,,,,,353,63,104,318
leakage,early,2,0.1,leakage,0.5,3,0,5026,All four shortcuts,0.9949218750000001,0.997288754111842,0.9375,1.0,1.0,0.9090909090909091,0.967741935483871,0.9600614439324117,0.021984923630952835,1.114018682134012,1.514854915745223,0.02281300970711387,0.6796400547027588,60,40,0,4,7.766627550125122,5448640,197.0,0.48603047895500723,150,136,135,122,203,81,183,73,,,,,,,,,,,,,,,,,,,,,,,,,353,63,104,318
leakage,early,2,0.1,leakage,0.5,3,0,5026,"FedAvg-LR, correct protocol",0.97265625,0.9862823079943199,0.9375,0.975,0.9836065573770492,0.9069767441860465,0.96,0.9498795180722892,0.058324042707681656,0.7768782147773143,1.0559958884507357,0.058107181702955424,0.44516539573669434,60,39,1,4,0.676461935043335,16720,,0.4806029269472666,150,136,135,122,203,81,183,73,,,,,,,,,,,,,,,,,,,,,,,,,353,63,104,318
leakage,early,2,0.1,leakage,0.5,3,0,5026,"FedAvg-LR, L3",0.97265625,0.9862823079943199,0.9375,0.975,0.9836065573770492,0.9069767441860465,0.96,0.9498795180722892,0.05832401290535927,0.7768787715599454,1.055996291151705,0.05810719284300621,0.4451652765274048,60,39,1,4,0.5002880096435547,16720,,0.48058780841799714,150,136,135,122,203,81,183,73,,,,,,,,,,,,,,,,,,,,,,,,,353,63,104,318
leakage,early,2,0.1,leakage,0.5,3,1,5027,Correct protocol (this study),0.9421875,0.9715320233931691,0.90625,0.75,0.8529411764705882,0.8333333333333334,0.8787878787878788,0.8341307814992025,0.10166962444782257,3.924028800136906,0.2747824926304577,0.10245796635102195,0.0025909929536283016,58,30,10,6,5.954209327697754,5528336,33.0,0.5781970395535065,302,191,272,172,51,26,45,23,,,,,,,,,,,,,,,,,,,,,,,,,353,63,104,317
leakage,early,2,0.1,leakage,0.5,3,1,5027,L1: test patients in training graph,0.9703125,0.984212048953047,0.953125,0.825,0.8970588235294118,0.9166666666666666,0.9242424242424242,0.8963317384370015,0.08926424384117126,0.326940037825469,0.3335931015838794,0.10167058962039074,0.07618682831525803,61,33,7,3,7.386807680130005,5528336,164.0,0.5049593545256006,302,191,272,172,51,26,45,23,,,,,,,,,,,,,,,,,,,,,,,,,353,63,104,317
leakage,early,2,0.1,leakage,0.5,3,1,5027,L2: pooled final classifier,0.933984375,0.9681228859679977,0.890625,0.775,0.8636363636363636,0.8157894736842105,0.8769230769230769,0.8358974358974358,0.10585713386535645,3.8776597696454957,0.29663969786061495,0.11083165545894122,0.007442135829478502,57,31,9,7,5.863585710525513,5448640,33.0,0.5702954380004853,302,191,272,172,51,26,45,23,,,,,,,,,,,,,,,,,,,,,,,,,353,63,104,317
leakage,early,2,0.1,leakage,0.5,3,1,5027,L3: preprocessing fitted on all data,0.958203125,0.9783046369936157,0.90625,0.825,0.8923076923076924,0.8461538461538461,0.8992248062015504,0.867333922088117,0.0902320072054863,3.7315714144339944,0.25327120798543123,0.10343400400597604,0.002887365873903036,58,33,7,6,5.82306981086731,5528336,33.0,0.5936362533365688,302,191,272,172,51,26,45,23,,,,,,,,,,,,,,,,,,,,,,,,,353,63,104,317
leakage,early,2,0.1,leakage,0.5,3,1,5027,L4: one cross-silo graph at inference,0.9890625,0.9938922189892508,0.984375,0.775,0.875,0.96875,0.9264705882352942,0.8937908496732027,0.035611387342214584,0.5004316410084438,0.6445937170022659,0.04102689243602351,0.03173232078552246,63,31,9,1,5.856955289840698,5528336,33.0,0.5583899538946857,302,191,272,172,51,26,45,23,,,,,,,,,,,,,,,,,,,,,,,,,353,63,104,317
leakage,early,2,0.1,leakage,0.5,3,1,5027,All four shortcuts,0.9625000000000001,0.9762278274367916,0.984375,0.825,0.9,0.9705882352941176,0.9402985074626866,0.9160951996772893,0.07963892072439194,-1.1290245355410053,0.45263667809040914,0.08566705078388065,0.09665586054325104,63,33,7,1,7.59713339805603,5448640,176.0,0.5271323707837903,302,191,272,172,51,26,45,23,,,,,,,,,,,,,,,,,,,,,,,,,353,63,104,317
leakage,early,2,0.1,leakage,0.5,3,1,5027,"FedAvg-LR, correct protocol",0.974609375,0.987052300137061,0.953125,0.875,0.9242424242424242,0.9210526315789473,0.9384615384615385,0.917948717948718,0.05805395171046257,0.5054778251429246,1.2767977758050177,0.05756925891798277,0.25193315744400024,61,35,5,3,0.4584665298461914,16720,,0.5302869449162825,302,191,272,172,51,26,45,23,,,,,,,,,,,,,,,,,,,,,,,,,353,63,104,317
leakage,early,2,0.1,leakage,0.5,3,1,5027,"FedAvg-LR, L3",0.97265625,0.9858904880761711,0.953125,0.875,0.9242424242424242,0.9210526315789473,0.9384615384615385,0.917948717948718,0.06012379378080368,0.5315423809402903,1.2336831046166499,0.05988893858515299,0.23282770812511444,61,35,5,3,0.5399627685546875,16720,,0.5301352826983743,302,191,272,172,51,26,45,23,,,,,,,,,,,,,,,,,,,,,,,,,353,63,104,317
leakage,early,2,0.1,leakage,0.5,3,2,5028,Correct protocol (this study),0.9730468750000001,0.9864019590828565,0.875,0.975,0.9824561403508771,0.8297872340425532,0.9256198347107438,0.9110857794243374,0.07149960100650787,4.444297819067926,0.4546110000074738,0.08815864058963668,0.33064383268356323,56,39,1,8,6.06782603263855,5528336,31.0,0.5579198010191702,284,177,255,159,69,40,62,36,,,,,,,,,,,,,,,,,,,,,,,,,353,63,104,317
leakage,early,2,0.1,leakage,0.5,3,2,5028,L1: test patients in training graph,0.98359375,0.9899582966584403,0.96875,0.925,0.9538461538461539,0.9487179487179487,0.9612403100775194,0.9489745854185065,0.0482659675180912,0.021812424038370772,0.33058091253304456,0.056408287997398436,0.5230851173400879,62,37,3,2,7.8089563846588135,5528336,196.0,0.491294588692065,284,177,255,159,69,40,62,36,,,,,,,,,,,,,,,,,,,,,,,,,353,63,104,317
leakage,early,2,0.1,leakage,0.5,3,2,5028,L2: pooled final classifier,0.9757812499999999,0.9876215182069772,0.859375,1.0,1.0,0.8163265306122449,0.9243697478991597,0.9116230761967709,0.07956468313932419,4.7569634416362385,0.4815733551146113,0.09411499176460962,0.455605685710907,55,40,0,9,5.807885408401489,5448640,31.0,0.5484105799563213,284,177,255,159,69,40,62,36,,,,,,,,,,,,,,,,,,,,,,,,,353,63,104,317
leakage,early,2,0.1,leakage,0.5,3,2,5028,L3: preprocessing fitted on all data,0.979296875,0.9891491073186612,0.8125,1.0,1.0,0.7692307692307693,0.896551724137931,0.8830584707646176,0.08569659292697906,4.9088509799817475,0.45655901338245575,0.10234354628818647,0.634879469871521,52,40,0,12,6.2170093059539795,5528336,31.0,0.5294073040524144,284,177,255,159,69,40,62,36,,,,,,,,,,,,,,,,,,,,,,,,,353,63,104,317
leakage,early,2,0.1,leakage,0.5,3,2,5028,L4: one cross-silo graph at inference,0.980078125,0.9884918618794929,0.953125,0.95,0.9682539682539683,0.926829268292683,0.9606299212598425,0.949450763099057,0.05101682245731354,1.7107255699444746,0.4309736000998372,0.055174853066161544,0.4325231909751892,61,38,2,3,5.726914405822754,5528336,31.0,0.540342149963601,284,177,255,159,69,40,62,36,,,,,,,,,,,,,,,,,,,,,,,,,353,63,104,317
leakage,early,2,0.1,leakage,0.5,3,2,5028,All four shortcuts,0.9820312499999999,0.989759914223699,0.9375,0.95,0.967741935483871,0.9047619047619048,0.9523809523809523,0.9396051103368177,0.04406252130866051,1.272753156986675,0.5643476258466893,0.04566041620161672,0.8167211413383484,60,38,2,4,7.204783916473389,5448640,192.0,0.5084020868721184,284,177,255,159,69,40,62,36,,,,,,,,,,,,,,,,,,,,,,,,,353,63,104,317
leakage,early,2,0.1,leakage,0.5,3,2,5028,"FedAvg-LR, correct protocol",0.966796875,0.9821388200978654,0.8125,1.0,1.0,0.7692307692307693,0.896551724137931,0.8830584707646176,0.07214905321598053,0.9178496381724583,0.9118428941103186,0.06304229837125885,0.6299875378608704,52,40,0,12,0.5190708637237549,16720,,0.5038825527784518,284,177,255,159,69,40,62,36,,,,,,,,,,,,,,,,,,,,,,,,,353,63,104,317
leakage,early,2,0.1,leakage,0.5,3,2,5028,"FedAvg-LR, L3",0.966796875,0.9821388200978654,0.8125,1.0,1.0,0.7692307692307693,0.896551724137931,0.8830584707646176,0.07214906811714172,0.9178481868713777,0.9118433853481216,0.06304225051560655,0.6299881339073181,52,40,0,12,0.5628488063812256,16720,,0.5038825527784518,284,177,255,159,69,40,62,36,,,,,,,,,,,,,,,,,,,,,,,,,353,63,104,317
leakage,early,2,0.1,leakage,0.5,3,3,5029,Correct protocol (this study),0.95703125,0.9747250349051892,0.796875,0.925,0.9444444444444444,0.74,0.864406779661017,0.8433145009416196,0.11676366627216339,3.5303992496136063,0.30195897948913875,0.11572481937652743,0.7110676169395447,51,37,3,13,6.077108383178711,5528336,35.0,0.5422530939092454,115,17,103,15,238,200,214,180,,,,,,,,,,,,,,,,,,,,,,,,,353,63,104,317
leakage,early,2,0.1,leakage,0.5,3,3,5029,L1: test patients in training graph,0.97890625,0.9885122860616024,0.84375,1.0,1.0,0.8,0.9152542372881356,0.9020715630885122,0.05934770405292511,1.3887580466411211,0.48051692767881643,0.07042819766614303,0.9399339556694031,54,40,0,10,7.617472410202026,5528336,182.0,0.5544315700072798,115,17,103,15,238,200,214,180,,,,,,,,,,,,,,,,,,,,,,,,,353,63,104,317
leakage,early,2,0.1,leakage,0.5,3,3,5029,L2: pooled final classifier,0.96875,0.9822900142836872,0.78125,0.975,0.9803921568627451,0.7358490566037735,0.8695652173913043,0.8541374474053296,0.08118680864572525,2.00396766028149,0.609721933900544,0.10144826884453113,0.7704554796218872,50,39,1,14,5.78178071975708,5448640,35.0,0.5867811210871148,115,17,103,15,238,200,214,180,,,,,,,,,,,,,,,,,,,,,,,,,353,63,104,317
leakage,early,2,0.1,leakage,0.5,3,3,5029,L3: preprocessing fitted on all data,0.957421875,0.9760573627404965,0.765625,0.975,0.98,0.7222222222222222,0.8596491228070176,0.8447181784247854,0.11232414841651917,2.779487298257363,0.33118304348818295,0.11907192946483312,0.8738818764686584,49,39,1,15,5.990511178970337,5528336,35.0,0.5248726037369571,115,17,103,15,238,200,214,180,,,,,,,,,,,,,,,,,,,,,,,,,353,63,104,317
leakage,early,2,0.1,leakage,0.5,3,3,5029,L4: one cross-silo graph at inference,0.973046875,0.9846206786820356,0.90625,0.925,0.9508196721311475,0.8604651162790697,0.928,0.9097831325301204,0.07316139340400696,1.1611642613491893,0.44200608455484414,0.08809585790508068,0.46424397826194763,58,37,3,6,5.663469552993774,5528336,35.0,0.5459991506915798,115,17,103,15,238,200,214,180,,,,,,,,,,,,,,,,,,,,,,,,,353,63,104,317
leakage,early,2,0.1,leakage,0.5,3,3,5029,All four shortcuts,0.9921875,0.9955637802519766,0.90625,1.0,1.0,0.8695652173913043,0.9508196721311475,0.9405261151353412,0.03206438198685646,0.48506682842545645,1.3268606914464511,0.05993537719433124,0.7192973494529724,58,40,0,6,7.296889543533325,5448640,186.0,0.5270868721184179,115,17,103,15,238,200,214,180,,,,,,,,,,,,,,,,,,,,,,,,,353,63,104,317
leakage,early,2,0.1,leakage,0.5,3,3,5029,"FedAvg-LR, correct protocol",0.980859375,0.9881048535073106,0.734375,1.0,1.0,0.7017543859649122,0.8468468468468469,0.835794557444042,0.05579111725091934,0.30767266228992984,1.3048148279866978,0.03755894659731824,0.8550265431404114,47,40,0,17,0.6981120109558105,16720,,0.5213237078379034,115,17,103,15,238,200,214,180,,,,,,,,,,,,,,,,,,,,,,,,,353,63,104,317
leakage,early,2,0.1,leakage,0.5,3,3,5029,"FedAvg-LR, L3",0.980859375,0.9881048535073106,0.734375,1.0,1.0,0.7017543859649122,0.8468468468468469,0.835794557444042,0.05579125136137009,0.3076814635426891,1.3048156607718087,0.03755965755464367,0.8550239205360413,47,40,0,17,0.5719859600067139,16720,,0.5213237078379034,115,17,103,15,238,200,214,180,,,,,,,,,,,,,,,,,,,,,,,,,353,63,104,317
leakage,early,2,0.1,leakage,0.5,3,4,5030,Correct protocol (this study),0.967578125,0.980739327053833,0.828125,0.975,0.9814814814814815,0.78,0.8983050847457628,0.8824858757062147,0.092460498213768,1.8013169037268417,0.29603485795240086,0.10082728175732954,0.9950581789016724,53,39,1,11,5.902497291564941,5528336,33.0,0.5689253749395259,181,74,163,67,172,143,155,129,,,,,,,,,,,,,,,,,,,,,,,,,353,63,104,318
leakage,early,2,0.1,leakage,0.5,3,4,5030,L1: test patients in training graph,0.985546875,0.9911937548079,0.90625,0.925,0.9508196721311475,0.8604651162790697,0.928,0.9097831325301204,0.06142877787351608,-0.40410421925582574,0.49141329650518034,0.06335990536563961,0.8320971727371216,58,37,3,6,7.144704103469849,5528336,176.0,0.5032656023222061,181,74,163,67,172,143,155,129,,,,,,,,,,,,,,,,,,,,,,,,,353,63,104,318
leakage,early,2,0.1,leakage,0.5,3,4,5030,L2: pooled final classifier,0.9742187499999999,0.9847048349158019,0.796875,0.975,0.9807692307692307,0.75,0.8793103448275862,0.8635682158920539,0.07160927355289459,-1.0664716038114488,0.5289875844804319,0.07234617550140965,0.9958891272544861,51,39,1,13,6.077461242675781,5448640,33.0,0.5461266328011611,181,74,163,67,172,143,155,129,,,,,,,,,,,,,,,,,,,,,,,,,353,63,104,318
leakage,early,2,0.1,leakage,0.5,3,4,5030,L3: preprocessing fitted on all data,0.965234375,0.9804713960137432,0.875,0.95,0.9655172413793104,0.8260869565217391,0.9180327868852459,0.900876858558902,0.09066544473171234,1.6405719617906163,0.3023616008920379,0.09805122864558005,0.9250277876853943,56,38,2,8,5.6875410079956055,5528336,34.0,0.558916908563135,181,74,163,67,172,143,155,129,,,,,,,,,,,,,,,,,,,,,,,,,353,63,104,318
leakage,early,2,0.1,leakage,0.5,3,4,5030,L4: one cross-silo graph at inference,0.9867187500000001,0.9919710248385957,0.84375,0.975,0.9818181818181818,0.7959183673469388,0.907563025210084,0.8919837597960533,0.06120239943265915,0.7315526637257722,0.45376786973090155,0.06379189698446473,0.9304672479629517,54,39,1,10,5.638439178466797,5528336,33.0,0.48962868892114175,181,74,163,67,172,143,155,129,,,,,,,,,,,,,,,,,,,,,,,,,353,63,104,318
leakage,early,2,0.1,leakage,0.5,3,4,5030,All four shortcuts,0.983203125,0.9895072534494431,0.9375,0.9,0.9375,0.9,0.9375,0.91875,0.0564194992184639,-0.2970857300754669,0.6030279678853548,0.07125162490858482,0.5540019273757935,60,36,4,4,7.4959633350372314,5448640,184.0,0.5266388485728108,181,74,163,67,172,143,155,129,,,,,,,,,,,,,,,,,,,,,,,,,353,63,104,318
leakage,early,2,0.1,leakage,0.5,3,4,5030,"FedAvg-LR, correct protocol",0.9671875,0.982724336673363,0.96875,0.85,0.9117647058823529,0.9444444444444444,0.9393939393939394,0.9170653907496014,0.057288095355033875,-0.30455130608119513,0.914565580168463,0.04257532237814023,0.3841758370399475,62,34,6,2,0.49293065071105957,16720,,0.47812348814707306,181,74,163,67,172,143,155,129,,,,,,,,,,,,,,,,,,,,,,,,,353,63,104,318
leakage,early,2,0.1,leakage,0.5,3,4,5030,"FedAvg-LR, L3",0.9671875,0.982724336673363,0.96875,0.85,0.9117647058823529,0.9444444444444444,0.9393939393939394,0.9170653907496014,0.05728810653090477,-0.30455151438263023,0.9145653754097532,0.04257533649125925,0.38417595624923706,62,34,6,2,0.5713388919830322,16720,,0.47812348814707306,181,74,163,67,172,143,155,129,,,,,,,,,,,,,,,,,,,,,,,,,353,63,104,318
leakage,early,2,0.1,leakage,0.5,4,0,6026,Correct protocol (this study),0.98828125,0.9932578670784187,0.921875,0.975,0.9833333333333333,0.8863636363636364,0.9516129032258065,0.9400921658986175,0.05858549848198891,1.7577483996543821,0.35289930249276585,0.058329492157029664,0.9098759889602661,59,39,1,5,6.062877416610718,5528336,32.0,0.5064404934687954,267,145,240,130,86,72,78,65,,,,,,,,,,,,,,,,,,,,,,,,,353,63,104,318
leakage,early,2,0.1,leakage,0.5,4,0,6026,L1: test patients in training graph,0.98515625,0.9914723027509752,0.9375,0.875,0.9230769230769231,0.8974358974358975,0.9302325581395349,0.9081542537533117,0.07016873359680176,-3.4973686707146245,0.3557395879203828,0.07512314664088013,0.9690900444984436,60,35,5,4,7.443312406539917,5528336,186.0,0.5093583696178036,267,145,240,130,86,72,78,65,,,,,,,,,,,,,,,,,,,,,,,,,353,63,104,318
leakage,early,2,0.1,leakage,0.5,4,0,6026,L2: pooled final classifier,0.988671875,0.9936083567237775,0.953125,0.9,0.9384615384615385,0.9230769230769231,0.9457364341085271,0.9285644195859091,0.046749766916036606,0.0051748464060496985,0.5925291838651449,0.04442980541632724,0.36679089069366455,61,36,4,3,6.1597723960876465,5448640,32.0,0.5075895016932753,267,145,240,130,86,72,78,65,,,,,,,,,,,,,,,,,,,,,,,,,353,63,104,318
leakage,early,2,0.1,leakage,0.5,4,0,6026,L3: preprocessing fitted on all data,0.9835937499999999,0.9902659196622544,0.953125,0.825,0.8970588235294118,0.9166666666666666,0.9242424242424242,0.8963317384370015,0.05767875164747238,1.2287502638192127,0.42671056485004066,0.061476114577649565,0.07789097726345062,61,33,7,3,5.971545696258545,5528336,32.0,0.5397768505079826,267,145,240,130,86,72,78,65,,,,,,,,,,,,,,,,,,,,,,,,,353,63,104,318
leakage,early,2,0.1,leakage,0.5,4,0,6026,L4: one cross-silo graph at inference,0.9808593750000001,0.9888342033900193,0.96875,0.825,0.8985507246376812,0.9428571428571428,0.9323308270676691,0.9061654135338346,0.07272588461637497,-1.1110587561627192,0.3685550297997211,0.08386490836990283,0.03773896023631096,62,33,7,2,5.8131163120269775,5528336,32.0,0.511066763425254,267,145,240,130,86,72,78,65,,,,,,,,,,,,,,,,,,,,,,,,,353,63,104,318
leakage,early,2,0.1,leakage,0.5,4,0,6026,All four shortcuts,0.9839843750000001,0.9916052357612817,0.9375,0.925,0.9523809523809523,0.9024390243902439,0.9448818897637795,0.9292310683386799,0.046077754348516464,-0.8376822488289276,0.7075621209771202,0.047465289172788104,0.8593374490737915,60,37,3,4,7.583946466445923,5448640,183.0,0.5052763667150459,267,145,240,130,86,72,78,65,,,,,,,,,,,,,,,,,,,,,,,,,353,63,104,318
leakage,early,2,0.1,leakage,0.5,4,0,6026,"FedAvg-LR, correct protocol",0.961328125,0.9781455637625206,0.953125,0.775,0.8714285714285714,0.9117647058823529,0.9104477611940298,0.8741427995159339,0.07766140252351761,-0.31501848634410407,0.8008722788784356,0.08239138595616588,0.39936399459838867,61,31,9,3,0.669480562210083,16720,,0.49112542331881953,267,145,240,130,86,72,78,65,,,,,,,,,,,,,,,,,,,,,,,,,353,63,104,318
leakage,early,2,0.1,leakage,0.5,4,0,6026,"FedAvg-LR, L3",0.961328125,0.9781455637625206,0.953125,0.775,0.8714285714285714,0.9117647058823529,0.9104477611940298,0.8741427995159339,0.07768093049526215,-0.3158287349332805,0.8009623773675848,0.08240169566124678,0.39978164434432983,61,31,9,3,0.5635032653808594,16720,,0.49106494920174165,267,145,240,130,86,72,78,65,,,,,,,,,,,,,,,,,,,,,,,,,353,63,104,318
leakage,early,2,0.1,leakage,0.5,4,1,6027,Correct protocol (this study),0.98828125,0.9926572149676621,0.84375,1.0,1.0,0.8,0.9152542372881356,0.9020715630885122,0.10780266672372818,6.939278800518107,0.5508413799423313,0.11867839448118152,0.1436617374420166,54,40,0,10,5.901965379714966,5528336,34.0,0.4573525843241931,199,148,179,133,154,69,138,62,,,,,,,,,,,,,,,,,,,,,,,,,353,63,104,317
leakage,early,2,0.1,leakage,0.5,4,1,6027,L1: test patients in training graph,0.9914062499999999,0.9948428153636739,0.9375,0.925,0.9523809523809523,0.9024390243902439,0.9448818897637795,0.9292310683386799,0.05304824560880661,3.7404844819756793,0.5284137716630196,0.06194107058959511,0.051043782383203506,60,37,3,4,7.159830808639526,5528336,176.0,0.4646778694491628,199,148,179,133,154,69,138,62,,,,,,,,,,,,,,,,,,,,,,,,,353,63,104,317
leakage,early,2,0.1,leakage,0.5,4,1,6027,L2: pooled final classifier,0.98359375,0.9908159676708865,0.890625,0.95,0.9661016949152542,0.8444444444444444,0.926829268292683,0.9104734576757533,0.09204737842082977,3.2415042952276103,0.8586058399020694,0.10445449785150303,0.12406270205974579,57,38,2,7,6.158070087432861,5448640,34.0,0.48346881824799803,199,148,179,133,154,69,138,62,,,,,,,,,,,,,,,,,,,,,,,,,353,63,104,317
leakage,early,2,0.1,leakage,0.5,4,1,6027,L3: preprocessing fitted on all data,0.9828125,0.9892578211320868,0.84375,0.95,0.9642857142857143,0.7916666666666666,0.9,0.8818181818181818,0.1255539059638977,8.70765598456163,0.4035180142411416,0.1438399011844572,0.03964747115969658,54,38,2,10,5.8753955364227295,5528336,34.0,0.4733226158699345,199,148,179,133,154,69,138,62,,,,,,,,,,,,,,,,,,,,,,,,,353,63,104,317
leakage,early,2,0.1,leakage,0.5,4,1,6027,L4: one cross-silo graph at inference,0.98515625,0.9916987229694736,0.875,1.0,1.0,0.8333333333333334,0.9333333333333333,0.9212121212121211,0.06928925216197968,6.715546574772069,0.38217851477512493,0.07753137509168412,0.41401559114456177,56,40,0,8,5.933560132980347,5528336,34.0,0.48964147051686485,199,148,179,133,154,69,138,62,,,,,,,,,,,,,,,,,,,,,,,,,353,63,104,317
leakage,early,2,0.1,leakage,0.5,4,1,6027,All four shortcuts,0.99609375,0.9975553150097682,0.890625,0.975,0.9827586206896551,0.8478260869565217,0.9344262295081968,0.9207014868471216,0.05093301832675934,2.1540925118821317,0.9829038930886809,0.059264001481306665,0.659571647644043,57,39,1,7,7.700688600540161,5448640,182.0,0.47408092695947585,199,148,179,133,154,69,138,62,,,,,,,,,,,,,,,,,,,,,,,,,353,63,104,317
leakage,early,2,0.1,leakage,0.5,4,1,6027,"FedAvg-LR, correct protocol",0.9675781250000001,0.9832205684018138,0.9375,0.9,0.9375,0.9,0.9375,0.91875,0.06923120468854904,0.7968677555706047,0.8290254196490401,0.05345155189458567,0.36627110838890076,60,36,4,4,0.5576527118682861,16720,,0.4643745450133463,199,148,179,133,154,69,138,62,,,,,,,,,,,,,,,,,,,,,,,,,353,63,104,317
leakage,early,2,0.1,leakage,0.5,4,1,6027,"FedAvg-LR, L3",0.9675781250000001,0.9832205684018138,0.9375,0.9,0.9375,0.9,0.9375,0.91875,0.06923120468854904,0.7968676734204734,0.8290255040961121,0.05345154569770854,0.3662709891796112,60,36,4,4,0.7007594108581543,16720,,0.46445037612230045,199,148,179,133,154,69,138,62,,,,,,,,,,,,,,,,,,,,,,,,,353,63,104,317
leakage,early,2,0.1,leakage,0.5,4,2,6028,Correct protocol (this study),0.892578125,0.9425128076035636,0.59375,0.975,0.9743589743589743,0.6,0.7378640776699029,0.740360610263523,0.16748730838298798,3.7736168547135933,0.29652528627087443,0.1685240399092436,0.9436637163162231,38,39,1,26,7.402415037155151,5528336,35.0,0.7259463722397477,193,185,173,166,160,32,144,29,,,,,,,,,,,,,,,,,,,,,,,,,353,63,104,317
leakage,early,2,0.1,leakage,0.5,4,2,6028,L1: test patients in training graph,0.962890625,0.9805591323285174,0.671875,1.0,1.0,0.6557377049180327,0.8037383177570093,0.7979087628389008,0.13710828125476837,4.34964961783029,0.6018288049562098,0.1624863668649386,0.6954852938652039,43,40,0,21,10.866825819015503,5528336,178.0,0.6517987139043921,193,185,173,166,160,32,144,29,,,,,,,,,,,,,,,,,,,,,,,,,353,63,104,317
leakage,early,2,0.1,leakage,0.5,4,2,6028,L2: pooled final classifier,0.8609375,0.9231275041202752,0.671875,0.9,0.9148936170212766,0.631578947368421,0.7747747747747747,0.7585214080059441,0.1743154227733612,1.820757810232729,0.3073548018803625,0.17258705513981676,0.8848925828933716,43,36,4,21,9.1463143825531,5448640,35.0,0.7322100218393595,193,185,173,166,160,32,144,29,,,,,,,,,,,,,,,,,,,,,,,,,353,63,104,317
leakage,early,2,0.1,leakage,0.5,4,2,6028,L3: preprocessing fitted on all data,0.8960937499999999,0.945013388798881,0.640625,0.975,0.9761904761904762,0.6290322580645161,0.7735849056603774,0.7691453940066593,0.16406528651714325,3.5359022742572703,0.283670141248744,0.16032398493888858,0.8214411735534668,41,39,1,23,8.498115301132202,5528336,35.0,0.7208201892744479,193,185,173,166,160,32,144,29,,,,,,,,,,,,,,,,,,,,,,,,,353,63,104,317
leakage,early,2,0.1,leakage,0.5,4,2,6028,L4: one cross-silo graph at inference,0.9953125,0.9971946204232607,0.9375,1.0,1.0,0.9090909090909091,0.967741935483871,0.9600614439324117,0.08473224192857742,3.9319834637640567,1.0494176433955604,0.1168661047704518,0.07776352018117905,60,40,0,4,7.785741090774536,5528336,35.0,0.6101977675321524,193,185,173,166,160,32,144,29,,,,,,,,,,,,,,,,,,,,,,,,,353,63,104,317
leakage,early,2,0.1,leakage,0.5,4,2,6028,All four shortcuts,0.9984375,0.9990457459207459,0.96875,1.0,1.0,0.9523809523809523,0.9841269841269841,0.9798683701122726,0.03614754229784012,1.0653320077646837,4.10836393832864,0.07738923073674624,0.25178390741348267,62,40,0,2,8.502921104431152,5448640,179.0,0.6159760980344576,193,185,173,166,160,32,144,29,,,,,,,,,,,,,,,,,,,,,,,,,353,63,104,317
leakage,early,2,0.1,leakage,0.5,4,2,6028,"FedAvg-LR, correct protocol",0.976171875,0.985868069731113,0.8125,1.0,1.0,0.7692307692307693,0.896551724137931,0.8830584707646176,0.07140326499938965,0.17430659995609404,2.027036771618305,0.08910274075774047,0.665322482585907,52,40,0,12,0.6979753971099854,16720,,0.6020383402086872,193,185,173,166,160,32,144,29,,,,,,,,,,,,,,,,,,,,,,,,,353,63,104,317
leakage,early,2,0.1,leakage,0.5,4,2,6028,"FedAvg-LR, L3",0.976171875,0.985868069731113,0.8125,1.0,1.0,0.7692307692307693,0.896551724137931,0.8830584707646176,0.07140299677848816,0.1743060115531359,2.0270544558244303,0.08910271296134362,0.665324330329895,52,40,0,12,1.2928967475891113,16720,,0.6020383402086872,193,185,173,166,160,32,144,29,,,,,,,,,,,,,,,,,,,,,,,,,353,63,104,317
leakage,early,2,0.1,leakage,0.5,4,3,6029,Correct protocol (this study),0.9789062500000001,0.9857683812405048,0.90625,0.95,0.9666666666666667,0.8636363636363636,0.9354838709677419,0.9201228878648233,0.06898143887519836,5.618033203205735,0.2624616398450051,0.06988625914359892,0.41862407326698303,58,38,2,6,9.983959197998047,5528336,33.0,0.5024265954865323,316,187,284,168,37,30,33,27,,,,,,,,,,,,,,,,,,,,,,,,,353,63,104,317
leakage,early,2,0.1,leakage,0.5,4,3,6029,L1: test patients in training graph,0.985546875,0.98984063413149,0.921875,0.975,0.9833333333333333,0.8863636363636364,0.9516129032258065,0.9400921658986175,0.05091644078493118,0.8505823492056799,0.42435518616550955,0.06241173525072208,0.7897681593894958,59,39,1,5,10.69985556602478,5528336,196.0,0.4898234651783548,316,187,284,168,37,30,33,27,,,,,,,,,,,,,,,,,,,,,,,,,353,63,104,317
leakage,early,2,0.1,leakage,0.5,4,3,6029,L2: pooled final classifier,0.9742187499999999,0.9824497016049346,0.90625,0.975,0.9830508474576272,0.8666666666666667,0.943089430894309,0.9303682448589192,0.0589202456176281,0.7503149302343503,0.43140571861976185,0.07041781193290195,0.7134110331535339,58,39,1,6,8.369020700454712,5448640,33.0,0.48477311332200923,316,187,284,168,37,30,33,27,,,,,,,,,,,,,,,,,,,,,,,,,353,63,104,317
leakage,early,2,0.1,leakage,0.5,4,3,6029,L3: preprocessing fitted on all data,0.9812500000000001,0.9872457996621964,0.9375,0.9,0.9375,0.9,0.9375,0.91875,0.07453729957342148,6.034791162472212,0.2619636057050234,0.07424884170401265,0.0030276160687208176,60,36,4,4,8.259486436843872,5528336,34.0,0.514059087600097,316,187,284,168,37,30,33,27,,,,,,,,,,,,,,,,,,,,,,,,,353,63,104,317
leakage,early,2,0.1,leakage,0.5,4,3,6029,L4: one cross-silo graph at inference,0.98828125,0.9923347712786448,0.9375,0.925,0.9523809523809523,0.9024390243902439,0.9448818897637795,0.9292310683386799,0.05609727278351784,1.2482797500147793,0.4290744192636893,0.06430637059831774,0.36514386534690857,60,37,3,4,7.192814588546753,5528336,33.0,0.46912157243387526,316,187,284,168,37,30,33,27,,,,,,,,,,,,,,,,,,,,,,,,,353,63,104,317
leakage,early,2,0.1,leakage,0.5,4,3,6029,All four shortcuts,0.9890625,0.9931925885787807,0.90625,0.975,0.9830508474576272,0.8666666666666667,0.943089430894309,0.9303682448589192,0.05606267973780632,0.7373930322939234,0.5353625246865384,0.06653892030366337,0.9515970945358276,58,39,1,6,9.262901544570923,5448640,190.0,0.5073252851249697,316,187,284,168,37,30,33,27,,,,,,,,,,,,,,,,,,,,,,,,,353,63,104,317
leakage,early,2,0.1,leakage,0.5,4,3,6029,"FedAvg-LR, correct protocol",0.985546875,0.991196426245929,0.90625,0.975,0.9830508474576272,0.8666666666666667,0.943089430894309,0.9303682448589192,0.04575451463460922,0.2704641609559969,1.074177022288727,0.03680607601283835,0.5740302801132202,58,39,1,6,0.6007695198059082,16720,,0.473368114535307,316,187,284,168,37,30,33,27,,,,,,,,,,,,,,,,,,,,,,,,,353,63,104,317
leakage,early,2,0.1,leakage,0.5,4,3,6029,"FedAvg-LR, L3",0.985546875,0.991196426245929,0.90625,0.975,0.9830508474576272,0.8666666666666667,0.943089430894309,0.9303682448589192,0.045754507184028625,0.27046423533483177,1.074177536768843,0.03680607726654181,0.5740306973457336,58,39,1,6,0.6125650405883789,16720,,0.47344394564426107,316,187,284,168,37,30,33,27,,,,,,,,,,,,,,,,,,,,,,,,,353,63,104,317
leakage,early,2,0.1,leakage,0.5,4,4,6030,Correct protocol (this study),0.98671875,0.9926764422757619,0.953125,0.975,0.9838709677419355,0.9285714285714286,0.9682539682539683,0.9597367402245451,0.0338936485350132,0.3113074606718445,0.5535026126311005,0.041900629934389165,0.5615049600601196,61,39,1,3,10.017460346221924,5528336,30.0,0.542316763425254,304,173,274,156,49,44,44,40,,,,,,,,,,,,,,,,,,,,,,,,,353,63,104,318
leakage,early,2,0.1,leakage,0.5,4,4,6030,L1: test patients in training graph,0.992578125,0.9954805839518015,0.9375,0.95,0.967741935483871,0.9047619047619048,0.9523809523809523,0.9396051103368177,0.0576610341668129,2.660640434575994,0.5265943220096955,0.05654709146787912,0.11040636152029037,60,38,2,4,11.238717794418335,5528336,196.0,0.5025096758587325,304,173,274,156,49,44,44,40,,,,,,,,,,,,,,,,,,,,,,,,,353,63,104,318
leakage,early,2,0.1,leakage,0.5,4,4,6030,L2: pooled final classifier,0.9925781249999999,0.9957706987878999,0.90625,0.975,0.9830508474576272,0.8666666666666667,0.943089430894309,0.9303682448589192,0.0346815250813961,0.7999192540652156,0.7490446359282451,0.031987426041338855,0.9270655512809753,58,39,1,6,7.92087721824646,5448640,30.0,0.5342888243831639,304,173,274,156,49,44,44,40,,,,,,,,,,,,,,,,,,,,,,,,,353,63,104,318
leakage,early,2,0.1,leakage,0.5,4,4,6030,L3: preprocessing fitted on all data,0.9890625000000001,0.9937168240742305,0.984375,0.925,0.9545454545454546,0.9736842105263158,0.9692307692307692,0.9589743589743589,0.03534119948744774,2.120440818103949,0.4426958363507235,0.03789690574810192,0.02325126901268959,63,37,3,1,8.285926580429077,5528336,31.0,0.5262760038703435,304,173,274,156,49,44,44,40,,,,,,,,,,,,,,,,,,,,,,,,,353,63,104,318
leakage,early,2,0.1,leakage,0.5,4,4,6030,L4: one cross-silo graph at inference,0.9921875,0.9956530892189768,0.9375,1.0,1.0,0.9090909090909091,0.967741935483871,0.9600614439324117,0.031036464497447014,3.738968693136691,0.5709509094528165,0.03818539089003865,0.7622862458229065,60,40,0,4,7.260806560516357,5528336,30.0,0.5251572327044025,304,173,274,156,49,44,44,40,,,,,,,,,,,,,,,,,,,,,,,,,353,63,104,318
leakage,early,2,0.1,leakage,0.5,4,4,6030,All four shortcuts,1.0,1.0,0.921875,1.0,1.0,0.8888888888888888,0.959349593495935,0.9502630320420851,0.016633648425340652,0.7606587059823675,6.281892954099919,0.032583341163654744,0.9178826212882996,59,40,0,5,9.330721378326416,5448640,194.0,0.5044750846637639,304,173,274,156,49,44,44,40,,,,,,,,,,,,,,,,,,,,,,,,,353,63,104,318
leakage,early,2,0.1,leakage,0.5,4,4,6030,"FedAvg-LR, correct protocol",0.966796875,0.985495270208878,0.9375,0.975,0.9836065573770492,0.9069767441860465,0.96,0.9498795180722892,0.04967372119426727,0.4019075562320251,1.1164786545189676,0.034306320934914626,0.4690166413784027,60,39,1,4,0.5324771404266357,16720,,0.4838231736816643,304,173,274,156,49,44,44,40,,,,,,,,,,,,,,,,,,,,,,,,,353,63,104,318
leakage,early,2,0.1,leakage,0.5,4,4,6030,"FedAvg-LR, L3",0.966796875,0.985495270208878,0.9375,0.975,0.9836065573770492,0.9069767441860465,0.96,0.9498795180722892,0.04967372119426727,0.40190764617042274,1.116478625714159,0.03430632258263918,0.4690166115760803,60,39,1,4,0.679147481918335,16720,,0.4838231736816643,304,173,274,156,49,44,44,40,,,,,,,,,,,,,,,,,,,,,,,,,353,63,104,318
leakage,early,2,0.8,leakage,0.5,0,0,2026,Correct protocol (this study),0.964453125,0.9790869652348926,0.6875,1.0,1.0,0.6666666666666666,0.8148148148148148,0.8074074074074074,0.11369435489177704,6.389932984176694,0.33625417969798665,0.11949387106757899,0.9894019961357117,44,40,0,20,6.432908058166504,5528336,260.0,0.5778710725893824,41,34,8,7,312,183,63,37,,,,,,,,,,,,,,,,,,,,,,,,,353,63,104,71
leakage,early,2,0.8,leakage,0.5,0,0,2026,L1: test patients in training graph,0.9804687499999999,0.9877054521532214,0.796875,0.95,0.9622641509433962,0.7450980392156863,0.8717948717948718,0.8534798534798536,0.08065775036811829,3.2248661027572854,0.45753540834044826,0.07428854962479538,0.9257737398147583,51,38,2,13,7.62567138671875,5528336,427.0,0.5916847237269772,41,34,8,7,312,183,63,37,,,,,,,,,,,,,,,,,,,,,,,,,353,63,104,71
leakage,early,2,0.8,leakage,0.5,0,0,2026,L2: pooled final classifier,0.966796875,0.9806198059067233,0.765625,1.0,1.0,0.7272727272727273,0.8672566371681416,0.8546809501630181,0.09336234629154205,2.459974320288712,0.47903192477287604,0.09994555505601548,0.9211946129798889,49,40,0,15,5.826457738876343,5448640,260.0,0.573740520043337,41,34,8,7,312,183,63,37,,,,,,,,,,,,,,,,,,,,,,,,,353,63,104,71
leakage,early,2,0.8,leakage,0.5,0,0,2026,L3: preprocessing fitted on all data,0.9675781250000001,0.9813864269242414,0.703125,1.0,1.0,0.6779661016949152,0.8256880733944955,0.8168844407376518,0.10248308628797531,3.9721475709124223,0.45560653480665647,0.10614045598777011,0.9793987274169922,45,40,0,19,5.662617206573486,5528336,268.0,0.5901950162513543,41,34,8,7,312,183,63,37,,,,,,,,,,,,,,,,,,,,,,,,,353,63,104,71
leakage,early,2,0.8,leakage,0.5,0,0,2026,L4: one cross-silo graph at inference,0.9757812499999999,0.9862835300154977,0.875,0.95,0.9655172413793104,0.8260869565217391,0.9180327868852459,0.900876858558902,0.07507812231779099,2.4345280552528354,0.5642344804847389,0.07088715684277794,0.4750860929489136,56,38,2,8,5.780428886413574,5528336,260.0,0.5954089924160346,41,34,8,7,312,183,63,37,,,,,,,,,,,,,,,,,,,,,,,,,353,63,104,71
leakage,early,2,0.8,leakage,0.5,0,0,2026,All four shortcuts,0.9894531249999999,0.9935117302618313,0.859375,1.0,1.0,0.8163265306122449,0.9243697478991597,0.9116230761967709,0.06889040023088455,2.3367654430592246,0.7634407107905123,0.08368287307138626,0.8390985131263733,55,40,0,9,7.725351810455322,5448640,421.0,0.5612134344528711,41,34,8,7,312,183,63,37,,,,,,,,,,,,,,,,,,,,,,,,,353,63,104,71
leakage,early,2,0.8,leakage,0.5,0,0,2026,"FedAvg-LR, correct protocol",0.9703125,0.9804097127970182,0.78125,0.925,0.9433962264150944,0.7254901960784313,0.8547008547008547,0.8339438339438339,0.08151166141033173,0.853149313660928,1.252763659500172,0.07973744842008901,0.6721636652946472,50,37,3,14,0.559593677520752,16720,,0.5688651137594799,41,34,8,7,312,183,63,37,,,,,,,,,,,,,,,,,,,,,,,,,353,63,104,71
leakage,early,2,0.8,leakage,0.5,0,0,2026,"FedAvg-LR, L3",0.9753906250000001,0.9839391023079767,0.765625,0.975,0.98,0.7222222222222222,0.8596491228070176,0.8447181784247854,0.0780143216252327,0.9032122121941808,1.3658078654446897,0.11483072690092602,0.6670858263969421,49,39,1,15,0.4226047992706299,16720,,0.5634479956663055,41,34,8,7,312,183,63,37,,,,,,,,,,,,,,,,,,,,,,,,,353,63,104,71
leakage,early,2,0.8,leakage,0.5,0,1,2027,Correct protocol (this study),0.98125,0.9888570896760691,0.9375,0.95,0.967741935483871,0.9047619047619048,0.9523809523809523,0.9396051103368177,0.11884032934904099,9.935187611314685,0.3209562834963482,0.1287126674388464,9.476883133174852e-05,60,38,2,4,6.432544708251953,5528336,281.0,0.55613488624052,173,118,35,24,180,99,36,20,,,,,,,,,,,,,,,,,,,,,,,,,353,63,104,71
leakage,early,2,0.8,leakage,0.5,0,1,2027,L1: test patients in training graph,0.982421875,0.9899928744566155,0.921875,0.95,0.9672131147540983,0.8837209302325582,0.944,0.9298313253012047,0.07543253898620605,5.7866714225562745,0.2911114430951062,0.07520452548319903,0.03677269071340561,59,38,2,5,6.9753429889678955,5528336,441.0,0.5177410617551462,173,118,35,24,180,99,36,20,,,,,,,,,,,,,,,,,,,,,,,,,353,63,104,71
leakage,early,2,0.8,leakage,0.5,0,1,2027,L2: pooled final classifier,0.980859375,0.9888139978778674,0.9375,0.95,0.967741935483871,0.9047619047619048,0.9523809523809523,0.9396051103368177,0.07070024311542511,2.3349181935923693,0.6892758685473354,0.09058311124905374,0.07088814675807953,60,38,2,4,5.730717420578003,5448640,281.0,0.5998781148429035,173,118,35,24,180,99,36,20,,,,,,,,,,,,,,,,,,,,,,,,,353,63,104,71
leakage,early,2,0.8,leakage,0.5,0,1,2027,L3: preprocessing fitted on all data,0.9875,0.9933292138288743,0.96875,0.95,0.96875,0.95,0.96875,0.959375,0.060594893991947174,3.9773830562618504,0.55682981255749,0.07179730720459841,0.01483998354524374,62,38,2,2,5.779544115066528,5528336,275.0,0.5616874322860239,173,118,35,24,180,99,36,20,,,,,,,,,,,,,,,,,,,,,,,,,353,63,104,71
leakage,early,2,0.8,leakage,0.5,0,1,2027,L4: one cross-silo graph at inference,0.99375,0.9961039954114576,0.859375,1.0,1.0,0.8163265306122449,0.9243697478991597,0.9116230761967709,0.04363514482975006,1.4906518707451326,0.5230111893215631,0.04439101022077151,0.9304724931716919,55,40,0,9,5.702318429946899,5528336,281.0,0.4624187432286023,173,118,35,24,180,99,36,20,,,,,,,,,,,,,,,,,,,,,,,,,353,63,104,71
leakage,early,2,0.8,leakage,0.5,0,1,2027,All four shortcuts,0.9933593749999999,0.9959780974754209,0.96875,0.95,0.96875,0.95,0.96875,0.959375,0.02802785485982895,-1.4920486492358511,0.6689188912616277,0.023733731215963,0.906818687915802,62,38,2,2,7.204946756362915,5448640,439.0,0.5185536294691224,173,118,35,24,180,99,36,20,,,,,,,,,,,,,,,,,,,,,,,,,353,63,104,71
leakage,early,2,0.8,leakage,0.5,0,1,2027,"FedAvg-LR, correct protocol",0.971875,0.9859708202043176,0.890625,1.0,1.0,0.851063829787234,0.9421487603305785,0.930844495107818,0.056789178401231766,0.5461395358633013,1.0233857247035303,0.05351611456045737,0.6462767124176025,57,40,0,7,0.6193380355834961,16720,,0.4560536294691224,173,118,35,24,180,99,36,20,,,,,,,,,,,,,,,,,,,,,,,,,353,63,104,71
leakage,early,2,0.8,leakage,0.5,0,1,2027,"FedAvg-LR, L3",0.971875,0.9859708202043176,0.890625,1.0,1.0,0.851063829787234,0.9421487603305785,0.930844495107818,0.056789156049489975,0.5461385295250606,1.0233864399593227,0.053516077379194595,0.6462767124176025,57,40,0,7,0.5155951976776123,16720,,0.4560536294691224,173,118,35,24,180,99,36,20,,,,,,,,,,,,,,,,,,,,,,,,,353,63,104,71
leakage,early,2,0.8,leakage,0.5,0,2,2028,Correct protocol (this study),0.9410156249999999,0.9704650160157242,0.921875,0.775,0.8676470588235294,0.8611111111111112,0.8939393939393939,0.8548644338118022,0.1199202910065651,5.617794974631509,0.31990101071905064,0.1354996216944598,0.0005368755664676428,59,31,9,5,6.4325525760650635,5528336,282.0,0.5993818681318681,103,87,20,17,250,130,50,26,,,,,,,,,,,,,,,,,,,,,,,,,353,63,104,70
leakage,early,2,0.8,leakage,0.5,0,2,2028,L1: test patients in training graph,0.9421874999999998,0.9729944332588489,0.90625,0.875,0.9206349206349206,0.8536585365853658,0.9133858267716536,0.8887916788179255,0.10908103734254837,3.798742237763208,0.5397850734221306,0.11958788722180404,0.029293250292539597,58,35,5,6,7.025615692138672,5528336,443.0,0.6026098901098901,103,87,20,17,250,130,50,26,,,,,,,,,,,,,,,,,,,,,,,,,353,63,104,70
leakage,early,2,0.8,leakage,0.5,0,2,2028,L2: pooled final classifier,0.9359375,0.969165642884531,0.921875,0.8,0.8805970149253731,0.8648648648648649,0.9007633587786259,0.8659660949737286,0.10275498032569885,0.8357111197272377,0.3993365799508476,0.10538225462481093,0.12357325106859207,59,32,8,5,5.446747303009033,5448640,282.0,0.584684065934066,103,87,20,17,250,130,50,26,,,,,,,,,,,,,,,,,,,,,,,,,353,63,104,70
leakage,early,2,0.8,leakage,0.5,0,2,2028,L3: preprocessing fitted on all data,0.944140625,0.9718333211939879,0.890625,0.85,0.9047619047619048,0.8292682926829268,0.8976377952755905,0.8685719840575483,0.10264995694160461,3.3936696642761013,0.4088859355044262,0.10003895020613877,0.041561149060726166,57,34,6,7,5.7830235958099365,5528336,281.0,0.5857142857142857,103,87,20,17,250,130,50,26,,,,,,,,,,,,,,,,,,,,,,,,,353,63,104,70
leakage,early,2,0.8,leakage,0.5,0,2,2028,L4: one cross-silo graph at inference,0.9687500000000001,0.983895944469976,0.875,0.925,0.9491525423728814,0.8222222222222222,0.9105691056910569,0.8905786704925873,0.08579190075397491,4.299522076246768,0.43685069041429897,0.09345804842171046,0.1843324899673462,56,37,3,8,5.561471462249756,5528336,282.0,0.50625,103,87,20,17,250,130,50,26,,,,,,,,,,,,,,,,,,,,,,,,,353,63,104,70
leakage,early,2,0.8,leakage,0.5,0,2,2028,All four shortcuts,0.965625,0.9832603165997666,0.890625,0.975,0.9827586206896551,0.8478260869565217,0.9344262295081968,0.9207014868471216,0.06959004700183868,2.0883009310749197,0.5581012949043341,0.07433444499754564,0.3565768003463745,57,39,1,7,7.3013739585876465,5448640,446.0,0.5197115384615385,103,87,20,17,250,130,50,26,,,,,,,,,,,,,,,,,,,,,,,,,353,63,104,70
leakage,early,2,0.8,leakage,0.5,0,2,2028,"FedAvg-LR, correct protocol",0.926171875,0.9656447575405833,0.859375,0.925,0.9482758620689655,0.8043478260869565,0.9016393442622951,0.8810522302706825,0.10938369482755661,1.5000145733620962,0.8391264513393444,0.11730332446929355,0.2985047399997711,55,37,3,9,0.5075771808624268,16720,,0.560989010989011,103,87,20,17,250,130,50,26,,,,,,,,,,,,,,,,,,,,,,,,,353,63,104,70
leakage,early,2,0.8,leakage,0.5,0,2,2028,"FedAvg-LR, L3",0.926171875,0.9656447575405833,0.859375,0.925,0.9482758620689655,0.8043478260869565,0.9016393442622951,0.8810522302706825,0.10938277840614319,1.5001684183999922,0.8391397114804956,0.11731035609801228,0.29850277304649353,55,37,3,9,0.6397159099578857,16720,,0.560989010989011,103,87,20,17,250,130,50,26,,,,,,,,,,,,,,,,,,,,,,,,,353,63,104,70
leakage,early,2,0.8,leakage,0.5,0,3,2029,Correct protocol (this study),0.9472656249999999,0.9716739620700269,0.890625,0.925,0.95,0.8409090909090909,0.9193548387096774,0.9001536098310292,0.136380136013031,7.522565671153714,0.34436650604331664,0.14240971883051454,0.002732859691604972,57,37,3,7,5.805372476577759,5528336,276.0,0.6189057421451788,218,188,44,38,135,29,27,6,,,,,,,,,,,,,,,,,,,,,,,,,353,63,104,71
leakage,early,2,0.8,leakage,0.5,0,3,2029,L1: test patients in training graph,0.97734375,0.9869531163862206,0.75,0.975,0.9795918367346939,0.7090909090909091,0.8495575221238938,0.8353050768514205,0.07610006630420685,3.396890536795989,0.463535269952607,0.07493014024713865,0.9638385772705078,48,39,1,16,7.014207601547241,5528336,384.0,0.5683911159263272,218,188,44,38,135,29,27,6,,,,,,,,,,,,,,,,,,,,,,,,,353,63,104,71
leakage,early,2,0.8,leakage,0.5,0,3,2029,L2: pooled final classifier,0.9425781249999999,0.9709659297263699,0.828125,0.975,0.9814814814814815,0.78,0.8983050847457628,0.8824858757062147,0.09631207585334778,2.3174225015647885,0.5357031634087839,0.09601543250028044,0.5094493627548218,53,39,1,11,5.813641309738159,5448640,276.0,0.6598049837486457,218,188,44,38,135,29,27,6,,,,,,,,,,,,,,,,,,,,,,,,,353,63,104,71
leakage,early,2,0.8,leakage,0.5,0,3,2029,L3: preprocessing fitted on all data,0.9464843749999999,0.97319834891044,0.875,0.95,0.9655172413793104,0.8260869565217391,0.9180327868852459,0.900876858558902,0.1214977577328682,6.240273206141051,0.3580692047599382,0.1291825919895648,0.05703959986567497,56,38,2,8,5.868297576904297,5528336,276.0,0.6106446370530877,218,188,44,38,135,29,27,6,,,,,,,,,,,,,,,,,,,,,,,,,353,63,104,71
leakage,early,2,0.8,leakage,0.5,0,3,2029,L4: one cross-silo graph at inference,0.97890625,0.9885980326900435,0.921875,0.975,0.9833333333333333,0.8863636363636364,0.9516129032258065,0.9400921658986175,0.07024980336427689,3.4816914239838193,0.4939726716807803,0.07853809035329433,0.10320866107940674,59,39,1,5,5.465665340423584,5528336,276.0,0.5898564463705309,218,188,44,38,135,29,27,6,,,,,,,,,,,,,,,,,,,,,,,,,353,63,104,71
leakage,early,2,0.8,leakage,0.5,0,3,2029,All four shortcuts,0.98828125,0.9933764678586489,0.90625,1.0,1.0,0.8695652173913043,0.9508196721311475,0.9405261151353412,0.048688311129808426,1.6158599401920313,1.0553998553076802,0.05480235973552156,0.32269373536109924,58,40,0,6,7.556881904602051,5448640,387.0,0.5661565547128927,218,188,44,38,135,29,27,6,,,,,,,,,,,,,,,,,,,,,,,,,353,63,104,71
leakage,early,2,0.8,leakage,0.5,0,3,2029,"FedAvg-LR, correct protocol",0.979296875,0.9878442467413016,0.890625,0.925,0.95,0.8409090909090909,0.9193548387096774,0.9001536098310292,0.0553208626806736,0.3475921208989368,1.217747408172083,0.07529035361053851,0.5687462687492371,57,37,3,7,1.6243922710418701,16720,,0.5420503791982665,218,188,44,38,135,29,27,6,,,,,,,,,,,,,,,,,,,,,,,,,353,63,104,71
leakage,early,2,0.8,leakage,0.5,0,3,2029,"FedAvg-LR, L3",0.979296875,0.9878442467413016,0.890625,0.925,0.95,0.8409090909090909,0.9193548387096774,0.9001536098310292,0.05532083287835121,0.3475981762018465,1.2177494136072575,0.07529026610203661,0.5687429904937744,57,37,3,7,1.9185876846313477,16720,,0.5420503791982665,218,188,44,38,135,29,27,6,,,,,,,,,,,,,,,,,,,,,,,,,353,63,104,71
leakage,early,2,0.8,leakage,0.5,1,0,3026,Correct protocol (this study),0.8421875,0.9106232169483408,0.75,0.7,0.8,0.6363636363636364,0.7741935483870968,0.7204301075268817,0.2140062153339386,-1.3780676615780665,0.3620751403216799,0.23435370924954227,0.9013029932975769,48,28,12,16,5.992942571640015,5528336,272.0,0.585989010989011,203,182,40,36,150,35,30,7,,,,,,,,,,,,,,,,,,,,,,,,,353,63,104,70
leakage,early,2,0.8,leakage,0.5,1,0,3026,L1: test patients in training graph,0.9359375,0.9668845467952091,0.875,0.85,0.9032258064516129,0.8095238095238095,0.8888888888888888,0.8590785907859078,0.10368955880403519,2.126900023880922,0.3403856156786258,0.11624871774648245,0.22814804315567017,56,34,6,8,6.951753377914429,5528336,425.0,0.5625,203,182,40,36,150,35,30,7,,,,,,,,,,,,,,,,,,,,,,,,,353,63,104,70
leakage,early,2,0.8,leakage,0.5,1,0,3026,L2: pooled final classifier,0.894140625,0.9410085841609243,0.71875,0.975,0.9787234042553191,0.6842105263157895,0.8288288288288288,0.8164762700845175,0.16803096234798431,0.7442025570924595,0.3754751319005809,0.17695440224801695,0.9277729988098145,46,39,1,18,5.619491338729858,5448640,272.0,0.6015796703296703,203,182,40,36,150,35,30,7,,,,,,,,,,,,,,,,,,,,,,,,,353,63,104,70
leakage,early,2,0.8,leakage,0.5,1,0,3026,L3: preprocessing fitted on all data,0.8812500000000001,0.9342335327168771,0.71875,0.95,0.9583333333333334,0.6785714285714286,0.8214285714285714,0.8065476190476191,0.200395405292511,0.7295843943488574,0.3530991495452274,0.2412761219132405,0.8032945990562439,46,38,2,18,5.710131406784058,5528336,272.0,0.6001373626373626,203,182,40,36,150,35,30,7,,,,,,,,,,,,,,,,,,,,,,,,,353,63,104,70
leakage,early,2,0.8,leakage,0.5,1,0,3026,L4: one cross-silo graph at inference,0.9703124999999999,0.9845483304480773,0.90625,0.975,0.9830508474576272,0.8666666666666667,0.943089430894309,0.9303682448589192,0.06593524664640427,1.3926697020081122,1.025697343735908,0.08407144198337428,0.2701767683029175,58,39,1,6,5.477043628692627,5528336,272.0,0.5133241758241758,203,182,40,36,150,35,30,7,,,,,,,,,,,,,,,,,,,,,,,,,353,63,104,70
leakage,early,2,0.8,leakage,0.5,1,0,3026,All four shortcuts,0.964453125,0.9797368196294364,0.90625,0.875,0.9206349206349206,0.8536585365853658,0.9133858267716536,0.8887916788179255,0.09628526866436005,2.1781959605771375,0.5886581488590126,0.09617008468530211,0.12407655268907547,58,35,5,6,10.550240278244019,5448640,424.0,0.5411401098901099,203,182,40,36,150,35,30,7,,,,,,,,,,,,,,,,,,,,,,,,,353,63,104,70
leakage,early,2,0.8,leakage,0.5,1,0,3026,"FedAvg-LR, correct protocol",0.9109375,0.9562791351715327,0.859375,0.775,0.859375,0.775,0.859375,0.8171875,0.1346636563539505,-0.9523287589816056,0.741977399179336,0.12463727625660025,0.7101846933364868,55,31,9,9,0.8536581993103027,16720,,0.4739697802197802,203,182,40,36,150,35,30,7,,,,,,,,,,,,,,,,,,,,,,,,,353,63,104,70
leakage,early,2,0.8,leakage,0.5,1,0,3026,"FedAvg-LR, L3",0.9109375,0.9562791351715327,0.859375,0.775,0.859375,0.775,0.859375,0.8171875,0.1346636563539505,-0.952329028578313,0.7419776844061312,0.12463729155178252,0.7101849317550659,55,31,9,9,1.0867257118225098,16720,,0.4739697802197802,203,182,40,36,150,35,30,7,,,,,,,,,,,,,,,,,,,,,,,,,353,63,104,70
leakage,early,2,0.8,leakage,0.5,0,4,2030,Correct protocol (this study),0.951171875,0.9718646231619765,0.859375,0.875,0.9166666666666666,0.7954545454545454,0.8870967741935484,0.8602150537634409,0.16486875712871552,9.174298380319204,0.18721606542153438,0.1695059508369573,0.004316005390137434,55,35,5,9,6.096768617630005,5528336,282.0,0.5800379198266523,304,196,61,39,49,21,10,4,,,,,,,,,,,,,,,,,,,,,,,,,353,63,104,71
leakage,early,2,0.8,leakage,0.5,0,4,2030,L1: test patients in training graph,0.9601562499999999,0.9774488205496499,0.875,0.925,0.9491525423728814,0.8222222222222222,0.9105691056910569,0.8905786704925873,0.1079711988568306,8.983676147734508,0.19849365589804166,0.1103935120873547,0.8137466311454773,56,37,3,8,7.500729322433472,5528336,448.0,0.5267470205850487,304,196,61,39,49,21,10,4,,,,,,,,,,,,,,,,,,,,,,,,,353,63,104,71
leakage,early,2,0.8,leakage,0.5,0,4,2030,L2: pooled final classifier,0.957421875,0.9748510514873413,0.84375,0.875,0.9152542372881356,0.7777777777777778,0.8780487804878049,0.8507890961262554,0.12247161567211151,2.000084378868666,0.41312167850653747,0.1338859069465588,0.6606641411781311,54,35,5,10,5.81888484954834,5448640,282.0,0.5999458288190682,304,196,61,39,49,21,10,4,,,,,,,,,,,,,,,,,,,,,,,,,353,63,104,71
leakage,early,2,0.8,leakage,0.5,0,4,2030,L3: preprocessing fitted on all data,0.9578125,0.9766369852132875,0.84375,0.925,0.9473684210526315,0.7872340425531915,0.8925619834710744,0.8715683480573763,0.11171876639127731,6.147671643682098,0.21321794543742875,0.12324095843863547,0.6604098677635193,54,37,3,10,5.7129716873168945,5528336,278.0,0.6140303358613218,304,196,61,39,49,21,10,4,,,,,,,,,,,,,,,,,,,,,,,,,353,63,104,71
leakage,early,2,0.8,leakage,0.5,0,4,2030,L4: one cross-silo graph at inference,0.96015625,0.9766523423697386,0.921875,0.825,0.8939393939393939,0.868421052631579,0.9076923076923077,0.8769230769230769,0.1280391365289688,3.0787445267141282,0.22309044265567834,0.13510990381921423,0.020191606134176254,59,33,7,5,5.5447797775268555,5528336,282.0,0.5222101841820151,304,196,61,39,49,21,10,4,,,,,,,,,,,,,,,,,,,,,,,,,353,63,104,71
leakage,early,2,0.8,leakage,0.5,0,4,2030,All four shortcuts,0.965234375,0.97765443227645,0.890625,0.9,0.9344262295081968,0.8372093023255814,0.912,0.8897349397590362,0.07607506960630417,0.37276200320661623,0.4553767834919143,0.07150347084881595,0.7630162239074707,57,36,4,7,11.186105489730835,5448640,448.0,0.5100893824485374,304,196,61,39,49,21,10,4,,,,,,,,,,,,,,,,,,,,,,,,,353,63,104,71
leakage,early,2,0.8,leakage,0.5,0,4,2030,"FedAvg-LR, correct protocol",0.955859375,0.9708015241127734,0.875,0.9,0.9333333333333333,0.8181818181818182,0.9032258064516129,0.880184331797235,0.08759575337171555,0.3339716365714404,0.9117888679470554,0.0842177962096265,0.5595206022262573,56,36,4,8,0.9192664623260498,16720,,0.53284127843987,304,196,61,39,49,21,10,4,,,,,,,,,,,,,,,,,,,,,,,,,353,63,104,71
leakage,early,2,0.8,leakage,0.5,0,4,2030,"FedAvg-LR, L3",0.955859375,0.9708015241127734,0.875,0.9,0.9333333333333333,0.8181818181818182,0.9032258064516129,0.880184331797235,0.0875958651304245,0.33397928432428853,0.9117870752361187,0.0842180007423919,0.5595216155052185,56,36,4,8,0.822213888168335,16720,,0.5329089924160346,304,196,61,39,49,21,10,4,,,,,,,,,,,,,,,,,,,,,,,,,353,63,104,71
leakage,early,2,0.8,leakage,0.5,1,1,3027,Correct protocol (this study),0.9390625,0.9686768622367234,0.78125,0.925,0.9433962264150944,0.7254901960784313,0.8547008547008547,0.8339438339438339,0.12360717356204987,3.841396608860657,0.3441184598141204,0.13221252855146304,0.8900530934333801,50,37,3,14,9.745398998260498,5528336,268.0,0.6190934065934065,21,11,4,2,332,206,66,41,,,,,,,,,,,,,,,,,,,,,,,,,353,63,104,70
leakage,early,2,0.8,leakage,0.5,1,1,3027,L1: test patients in training graph,0.905859375,0.9454796044333832,0.859375,0.775,0.859375,0.775,0.859375,0.8171875,0.16934439539909363,1.8092769040688523,0.16601452855672783,0.1782864099368453,0.14505606889724731,55,31,9,9,16.23549175262451,5528336,401.0,0.6206730769230769,21,11,4,2,332,206,66,41,,,,,,,,,,,,,,,,,,,,,,,,,353,63,104,70
leakage,early,2,0.8,leakage,0.5,1,1,3027,L2: pooled final classifier,0.9375,0.9677652504524812,0.796875,0.925,0.9444444444444444,0.74,0.864406779661017,0.8433145009416196,0.10507108271121979,2.1420314694561275,0.3881876825787257,0.10681012570141601,0.8969793915748596,51,37,3,13,10.311697959899902,5448640,268.0,0.6389423076923078,21,11,4,2,332,206,66,41,,,,,,,,,,,,,,,,,,,,,,,,,353,63,104,70
leakage,early,2,0.8,leakage,0.5,1,1,3027,L3: preprocessing fitted on all data,0.939453125,0.969148970013131,0.9375,0.775,0.8695652173913043,0.8857142857142857,0.9022556390977443,0.8644611528822055,0.12656037509441376,5.870492486880519,0.2834395869308904,0.1346178743719625,0.00046098476741462946,60,31,9,4,7.782584190368652,5528336,266.0,0.6059752747252747,21,11,4,2,332,206,66,41,,,,,,,,,,,,,,,,,,,,,,,,,353,63,104,70
leakage,early,2,0.8,leakage,0.5,1,1,3027,L4: one cross-silo graph at inference,0.9417968750000001,0.9710443962341913,0.859375,0.9,0.9322033898305084,0.8,0.8943089430894309,0.8706838833094213,0.10537846386432648,6.170178586385219,0.2478472835039183,0.11262843865412067,0.19005487859249115,55,36,4,9,8.382928371429443,5528336,268.0,0.5584478021978021,21,11,4,2,332,206,66,41,,,,,,,,,,,,,,,,,,,,,,,,,353,63,104,70
leakage,early,2,0.8,leakage,0.5,1,1,3027,All four shortcuts,0.9367187499999999,0.9671237682370686,0.875,0.85,0.9032258064516129,0.8095238095238095,0.8888888888888888,0.8590785907859078,0.1134120523929596,0.9821284021891342,0.33285405464941986,0.12362825108441308,0.5658310055732727,56,34,6,8,11.22367787361145,5448640,397.0,0.549587912087912,21,11,4,2,332,206,66,41,,,,,,,,,,,,,,,,,,,,,,,,,353,63,104,70
leakage,early,2,0.8,leakage,0.5,1,1,3027,"FedAvg-LR, correct protocol",0.950390625,0.9744136501675911,0.921875,0.875,0.921875,0.875,0.921875,0.8984375,0.08069372177124023,0.049492820099385236,0.822982064937481,0.07177252580340095,0.4313015639781952,59,35,5,5,0.6300032138824463,16720,,0.49052197802197806,21,11,4,2,332,206,66,41,,,,,,,,,,,,,,,,,,,,,,,,,353,63,104,70
leakage,early,2,0.8,leakage,0.5,1,1,3027,"FedAvg-LR, L3",0.95078125,0.9745979633334968,0.9375,0.875,0.9230769230769231,0.8974358974358975,0.9302325581395349,0.9081542537533117,0.08043890446424484,0.059718619063670486,0.8244319539092734,0.08552715046188009,0.4162484109401703,60,35,5,4,0.6391544342041016,16720,,0.4903159340659341,21,11,4,2,332,206,66,41,,,,,,,,,,,,,,,,,,,,,,,,,353,63,104,70
leakage,early,2,0.8,leakage,0.5,1,2,3028,Correct protocol (this study),0.9523437499999999,0.9711421483860282,0.921875,0.875,0.921875,0.875,0.921875,0.8984375,0.13362190127372742,6.668408498476387,0.2645063104340034,0.13916388329100582,0.0012603423092514277,59,35,5,5,11.423988103866577,5528336,268.0,0.6227654387865657,60,54,12,11,293,163,59,33,,,,,,,,,,,,,,,,,,,,,,,,,353,63,104,71
leakage,early,2,0.8,leakage,0.5,1,2,3028,L1: test patients in training graph,0.969921875,0.9818184009379858,0.875,0.9,0.9333333333333333,0.8181818181818182,0.9032258064516129,0.880184331797235,0.09970880299806595,2.9871382723870177,0.35687034664456546,0.0993416116734107,0.5770550966262817,56,36,4,8,15.265484094619751,5528336,440.0,0.5951381365113759,60,54,12,11,293,163,59,33,,,,,,,,,,,,,,,,,,,,,,,,,353,63,104,71
leakage,early,2,0.8,leakage,0.5,1,2,3028,L2: pooled final classifier,0.954296875,0.9713087956929367,0.921875,0.875,0.921875,0.875,0.921875,0.8984375,0.11794983595609665,2.6923067200073785,0.46282723315757257,0.12419300887268038,0.03764152526855469,59,35,5,5,9.452970027923584,5448640,268.0,0.6198537378114843,60,54,12,11,293,163,59,33,,,,,,,,,,,,,,,,,,,,,,,,,353,63,104,71
leakage,early,2,0.8,leakage,0.5,1,2,3028,L3: preprocessing fitted on all data,0.945703125,0.9683861146992095,0.890625,0.9,0.9344262295081968,0.8372093023255814,0.912,0.8897349397590362,0.13637536764144897,7.188616286263006,0.24731395562245495,0.148444259158658,0.0022750229109078646,57,36,4,7,6.784060001373291,5528336,272.0,0.590262730227519,60,54,12,11,293,163,59,33,,,,,,,,,,,,,,,,,,,,,,,,,353,63,104,71
leakage,early,2,0.8,leakage,0.5,1,2,3028,L4: one cross-silo graph at inference,0.974609375,0.9855524522539021,0.859375,0.975,0.9821428571428571,0.8125,0.9166666666666666,0.9015151515151515,0.07902327179908752,4.909280709551965,0.3781112957168982,0.08284391450265852,0.8350245952606201,55,39,1,9,8.642501592636108,5528336,268.0,0.5706933911159263,60,54,12,11,293,163,59,33,,,,,,,,,,,,,,,,,,,,,,,,,353,63,104,71
leakage,early,2,0.8,leakage,0.5,1,2,3028,All four shortcuts,0.9792968750000001,0.9856466210522565,0.859375,0.975,0.9821428571428571,0.8125,0.9166666666666666,0.9015151515151515,0.04916256293654442,1.088542325057741,0.7823434040736518,0.050999974652838245,0.8101720213890076,55,39,1,9,10.496081590652466,5448640,441.0,0.5551868905742146,60,54,12,11,293,163,59,33,,,,,,,,,,,,,,,,,,,,,,,,,353,63,104,71
leakage,early,2,0.8,leakage,0.5,1,2,3028,"FedAvg-LR, correct protocol",0.9664062499999999,0.9812327255593836,0.9375,0.925,0.9523809523809523,0.9024390243902439,0.9448818897637795,0.9292310683386799,0.07265032827854156,0.31341919585017125,1.2757944828025682,0.09699539102327365,0.40883177518844604,60,37,3,4,0.4993889331817627,16720,,0.6003521126760563,60,54,12,11,293,163,59,33,,,,,,,,,,,,,,,,,,,,,,,,,353,63,104,71
leakage,early,2,0.8,leakage,0.5,1,2,3028,"FedAvg-LR, L3",0.9664062499999999,0.9812327255593836,0.9375,0.925,0.9523809523809523,0.9024390243902439,0.9448818897637795,0.9292310683386799,0.07265034317970276,0.31341935556623124,1.2757944503361225,0.09699538074290524,0.4088318943977356,60,37,3,4,0.8035266399383545,16720,,0.6004198266522209,60,54,12,11,293,163,59,33,,,,,,,,,,,,,,,,,,,,,,,,,353,63,104,71
leakage,early,2,0.8,leakage,0.5,1,3,3029,Correct protocol (this study),0.9707031250000001,0.9817801010970166,0.890625,0.95,0.9661016949152542,0.8444444444444444,0.926829268292683,0.9104734576757533,0.09286919236183167,4.390163955354759,0.31683955604826053,0.09404954274829765,0.13753364980220795,57,38,2,7,11.582296371459961,5528336,276.0,0.5824652777777778,251,173,51,35,102,44,21,9,,,,,,,,,,,,,,,,,,,,,,,,,353,63,104,72
leakage,early,2,0.8,leakage,0.5,1,3,3029,L1: test patients in training graph,0.9621093749999999,0.9757526662078674,0.84375,0.95,0.9642857142857143,0.7916666666666666,0.9,0.8818181818181818,0.08721821755170822,1.56510910790521,0.2237697866161145,0.08679552852901484,0.997672975063324,54,38,2,10,15.47181510925293,5528336,441.0,0.5330528846153846,251,173,51,35,102,44,21,9,,,,,,,,,,,,,,,,,,,,,,,,,353,63,104,72
leakage,early,2,0.8,leakage,0.5,1,3,3029,L2: pooled final classifier,0.972265625,0.9832278062085724,0.90625,0.875,0.9206349206349206,0.8536585365853658,0.9133858267716536,0.8887916788179255,0.08595534414052963,2.310014425825932,0.4440508089527203,0.08913339036875045,0.16222259402275085,58,35,5,6,8.860105276107788,5448640,276.0,0.5761217948717948,251,173,51,35,102,44,21,9,,,,,,,,,,,,,,,,,,,,,,,,,353,63,104,72
leakage,early,2,0.8,leakage,0.5,1,3,3029,L3: preprocessing fitted on all data,0.969921875,0.9814725817876483,0.90625,0.9,0.9354838709677419,0.8571428571428571,0.9206349206349206,0.8993418505613627,0.08794333040714264,2.718884573537308,0.3900795166166344,0.09584906737570864,0.13884368538856506,58,36,4,6,6.772435188293457,5528336,276.0,0.5873397435897436,251,173,51,35,102,44,21,9,,,,,,,,,,,,,,,,,,,,,,,,,353,63,104,72
leakage,early,2,0.8,leakage,0.5,1,3,3029,L4: one cross-silo graph at inference,0.9640625,0.9804569539069229,0.890625,0.95,0.9661016949152542,0.8444444444444444,0.926829268292683,0.9104734576757533,0.06723816692829132,0.9472118448533369,0.35460243713512224,0.07498883925682795,0.7011938691139221,57,38,2,7,8.90996503829956,5528336,276.0,0.524105235042735,251,173,51,35,102,44,21,9,,,,,,,,,,,,,,,,,,,,,,,,,353,63,104,72
leakage,early,2,0.8,leakage,0.5,1,3,3029,All four shortcuts,0.9429687499999999,0.947426351438472,0.875,0.95,0.9655172413793104,0.8260869565217391,0.9180327868852459,0.900876858558902,0.06157179921865463,0.9187453302149876,0.46535232721743536,0.06996120209805666,0.8994582891464233,56,38,2,8,10.17877197265625,5448640,442.0,0.554954594017094,251,173,51,35,102,44,21,9,,,,,,,,,,,,,,,,,,,,,,,,,353,63,104,72
leakage,early,2,0.8,leakage,0.5,1,3,3029,"FedAvg-LR, correct protocol",0.955078125,0.9758684298132454,0.921875,0.85,0.9076923076923077,0.8717948717948718,0.9147286821705426,0.8877440879207144,0.08229000866413116,0.3897112562751215,0.7244080542404665,0.08137865701260473,0.3184100091457367,59,34,6,5,0.709627628326416,16720,,0.5110176282051282,251,173,51,35,102,44,21,9,,,,,,,,,,,,,,,,,,,,,,,,,353,63,104,72
leakage,early,2,0.8,leakage,0.5,1,3,3029,"FedAvg-LR, L3",0.955078125,0.9758684298132454,0.921875,0.85,0.9076923076923077,0.8717948717948718,0.9147286821705426,0.8877440879207144,0.08229000866413116,0.3897114110148706,0.7244080268159085,0.08137865586636157,0.31840991973876953,59,34,6,5,0.728839635848999,16720,,0.5110176282051282,251,173,51,35,102,44,21,9,,,,,,,,,,,,,,,,,,,,,,,,,353,63,104,72
leakage,early,2,0.8,leakage,0.5,1,4,3030,Correct protocol (this study),0.9703124999999999,0.9827533455498196,0.875,0.95,0.9655172413793104,0.8260869565217391,0.9180327868852459,0.900876858558902,0.09129375964403152,1.8812601871674315,0.37944381506502783,0.09144728860029808,0.8768873810768127,56,38,2,8,6.827954053878784,5528336,266.0,0.6098214285714285,173,157,34,31,180,60,36,12,,,,,,,,,,,,,,,,,,,,,,,,,353,63,104,70
leakage,early,2,0.8,leakage,0.5,1,4,3030,L1: test patients in training graph,0.9617187500000001,0.9774630858567703,0.9375,0.85,0.9090909090909091,0.8947368421052632,0.9230769230769231,0.8974358974358975,0.08884803205728531,-0.35873023160598694,0.357799218560501,0.08672930812463164,0.4265698492527008,60,34,6,4,7.752768039703369,5528336,428.0,0.6063873626373627,173,157,34,31,180,60,36,12,,,,,,,,,,,,,,,,,,,,,,,,,353,63,104,70
leakage,early,2,0.8,leakage,0.5,1,4,3030,L2: pooled final classifier,0.9640625,0.9778299730055069,0.765625,0.975,0.98,0.7222222222222222,0.8596491228070176,0.8447181784247854,0.0948294848203659,0.19074748263909697,0.5626778430107156,0.1018752030347689,0.9428155422210693,49,39,1,15,6.1416566371917725,5448640,266.0,0.638598901098901,173,157,34,31,180,60,36,12,,,,,,,,,,,,,,,,,,,,,,,,,353,63,104,70
leakage,early,2,0.8,leakage,0.5,1,4,3030,L3: preprocessing fitted on all data,0.9640625,0.979359960122566,0.78125,0.975,0.9803921568627451,0.7358490566037735,0.8695652173913043,0.8541374474053296,0.09417638182640076,3.473159532018639,0.30764477252365974,0.0958705728631825,0.9701287150382996,50,39,1,14,6.3253867626190186,5528336,269.0,0.607554945054945,173,157,34,31,180,60,36,12,,,,,,,,,,,,,,,,,,,,,,,,,353,63,104,70
leakage,early,2,0.8,leakage,0.5,1,4,3030,L4: one cross-silo graph at inference,0.975390625,0.9849512602948713,0.96875,0.875,0.9253731343283582,0.9459459459459459,0.9465648854961832,0.9278278972935461,0.0705493688583374,-0.6460729149108225,0.4538786494287216,0.08166363981749432,0.24337364733219147,62,35,5,2,7.662366628646851,5528336,266.0,0.5166895604395604,173,157,34,31,180,60,36,12,,,,,,,,,,,,,,,,,,,,,,,,,353,63,104,70
leakage,early,2,0.8,leakage,0.5,1,4,3030,All four shortcuts,0.9453125,0.9665481783688789,0.921875,0.85,0.9076923076923077,0.8717948717948718,0.9147286821705426,0.8877440879207144,0.08305986225605011,-1.007689101664108,0.5501006773652433,0.08775895404127926,0.6028091907501221,59,34,6,5,8.153679847717285,5448640,423.0,0.5472527472527473,173,157,34,31,180,60,36,12,,,,,,,,,,,,,,,,,,,,,,,,,353,63,104,70
leakage,early,2,0.8,leakage,0.5,1,4,3030,"FedAvg-LR, correct protocol",0.9125,0.9516192864894865,0.890625,0.825,0.890625,0.825,0.890625,0.8578125,0.1117197573184967,0.021184430187268476,0.7777334007855369,0.09598401224670502,0.3343087136745453,57,33,7,7,0.5111618041992188,16720,,0.5401098901098901,173,157,34,31,180,60,36,12,,,,,,,,,,,,,,,,,,,,,,,,,353,63,104,70
leakage,early,2,0.8,leakage,0.5,1,4,3030,"FedAvg-LR, L3",0.9125,0.9516192864894865,0.890625,0.825,0.890625,0.825,0.890625,0.8578125,0.11171948164701462,0.021184543223614075,0.7777358187571957,0.09598371425930127,0.3343099057674408,57,33,7,7,0.4420645236968994,16720,,0.5401098901098901,173,157,34,31,180,60,36,12,,,,,,,,,,,,,,,,,,,,,,,,,353,63,104,70
leakage,early,2,0.8,leakage,0.5,2,1,4027,Correct protocol (this study),0.947265625,0.9635885383257373,0.890625,0.85,0.9047619047619048,0.8292682926829268,0.8976377952755905,0.8685719840575483,0.1531277596950531,5.162023720944832,0.31484883019773297,0.15464707917103976,0.007894777692854404,57,34,6,7,6.58534836769104,5528336,276.0,0.604945054945055,203,121,40,24,150,96,30,19,,,,,,,,,,,,,,,,,,,,,,,,,353,63,104,70
leakage,early,2,0.8,leakage,0.5,2,1,4027,L1: test patients in training graph,0.94375,0.9641109719474448,0.9375,0.85,0.9090909090909091,0.8947368421052632,0.9230769230769231,0.8974358974358975,0.14075955748558044,4.809452276967098,0.21204351632103463,0.14286051938632646,0.0019222375703975558,60,34,6,4,7.146129369735718,5528336,447.0,0.6035027472527472,203,121,40,24,150,96,30,19,,,,,,,,,,,,,,,,,,,,,,,,,353,63,104,70
leakage,early,2,0.8,leakage,0.5,2,1,4027,L2: pooled final classifier,0.947265625,0.9630406281233682,0.90625,0.85,0.90625,0.85,0.90625,0.878125,0.14558236300945282,3.6219645239885914,0.38129729913855875,0.14755496094361523,0.02665000967681408,58,34,6,6,6.174930572509766,5448640,276.0,0.6143543956043956,203,121,40,24,150,96,30,19,,,,,,,,,,,,,,,,,,,,,,,,,353,63,104,70
leakage,early,2,0.8,leakage,0.5,2,1,4027,L3: preprocessing fitted on all data,0.944921875,0.9618473837278443,0.8125,0.925,0.9454545454545454,0.7551020408163265,0.8739495798319328,0.8527051269946181,0.17267447710037231,8.525639315558786,0.23330675634100478,0.1866981977895753,0.003599315183237195,52,37,3,12,6.664541244506836,5528336,278.0,0.6283653846153846,203,121,40,24,150,96,30,19,,,,,,,,,,,,,,,,,,,,,,,,,353,63,104,70
leakage,early,2,0.8,leakage,0.5,2,1,4027,L4: one cross-silo graph at inference,0.959765625,0.9731888719459225,0.859375,0.925,0.9482758620689655,0.8043478260869565,0.9016393442622951,0.8810522302706825,0.12353289872407913,4.365441978115015,0.2424727966922131,0.1326641695967947,0.24981804192066193,55,37,3,9,8.435046911239624,5528336,276.0,0.5412087912087912,203,121,40,24,150,96,30,19,,,,,,,,,,,,,,,,,,,,,,,,,353,63,104,70
leakage,early,2,0.8,leakage,0.5,2,1,4027,All four shortcuts,0.9531250000000001,0.9671493937732139,0.90625,0.925,0.9508196721311475,0.8604651162790697,0.928,0.9097831325301204,0.09026910364627838,0.28928021055341746,0.3772169250124626,0.0980831054576601,0.7216747999191284,58,37,3,6,7.311043977737427,5448640,447.0,0.5655906593406593,203,121,40,24,150,96,30,19,,,,,,,,,,,,,,,,,,,,,,,,,353,63,104,70
leakage,early,2,0.8,leakage,0.5,2,1,4027,"FedAvg-LR, correct protocol",0.928125,0.9564564908773583,0.9375,0.725,0.8450704225352113,0.8787878787878788,0.8888888888888888,0.8417047184170472,0.1080518439412117,0.2865165831391968,0.7583965036996005,0.08621596333642419,0.3195177912712097,60,29,11,4,0.41255855560302734,16720,,0.5985576923076923,203,121,40,24,150,96,30,19,,,,,,,,,,,,,,,,,,,,,,,,,353,63,104,70
leakage,early,2,0.8,leakage,0.5,2,1,4027,"FedAvg-LR, L3",0.928125,0.9564564908773583,0.9375,0.725,0.8450704225352113,0.8787878787878788,0.8888888888888888,0.8417047184170472,0.1080518290400505,0.2865165560986058,0.7583965468978052,0.08621597196906805,0.319518119096756,60,29,11,4,0.42203593254089355,16720,,0.5985576923076923,203,121,40,24,150,96,30,19,,,,,,,,,,,,,,,,,,,,,,,,,353,63,104,70
leakage,early,2,0.8,leakage,0.5,2,0,4026,Correct protocol (this study),0.953125,0.975708550603875,0.890625,0.875,0.9193548387096774,0.8333333333333334,0.9047619047619048,0.8792102206736353,0.09786948561668396,-0.7181791795968406,0.43079596382508334,0.10236067945907752,0.6123998165130615,57,35,5,7,6.700912237167358,5528336,262.0,0.6342032967032967,231,105,46,21,122,112,24,22,,,,,,,,,,,,,,,,,,,,,,,,,353,63,104,70
leakage,early,2,0.8,leakage,0.5,2,0,4026,L1: test patients in training graph,0.9734375000000002,0.9865732039285948,0.84375,0.975,0.9818181818181818,0.7959183673469388,0.907563025210084,0.8919837597960533,0.06011585891246796,2.6010548712032966,0.3800536016948866,0.06601062410761818,0.9871619343757629,54,39,1,10,7.3698201179504395,5528336,436.0,0.637087912087912,231,105,46,21,122,112,24,22,,,,,,,,,,,,,,,,,,,,,,,,,353,63,104,70
leakage,early,2,0.8,leakage,0.5,2,0,4026,L2: pooled final classifier,0.9402343750000001,0.968838816413836,0.90625,0.85,0.90625,0.85,0.90625,0.878125,0.1188979297876358,-1.1220496650751224,0.4594827067846155,0.1375449963916953,0.6889569759368896,58,34,6,6,6.223305940628052,5448640,262.0,0.6314560439560439,231,105,46,21,122,112,24,22,,,,,,,,,,,,,,,,,,,,,,,,,353,63,104,70
leakage,early,2,0.8,leakage,0.5,2,0,4026,L3: preprocessing fitted on all data,0.9480468750000001,0.9732179186306584,0.890625,0.925,0.95,0.8409090909090909,0.9193548387096774,0.9001536098310292,0.08978696167469025,-0.15269760374853314,0.4527396252017423,0.11537086304563741,0.772422730922699,57,37,3,7,6.7630226612091064,5528336,265.0,0.6361263736263736,231,105,46,21,122,112,24,22,,,,,,,,,,,,,,,,,,,,,,,,,353,63,104,70
leakage,early,2,0.8,leakage,0.5,2,0,4026,L4: one cross-silo graph at inference,0.980078125,0.9877134729156856,0.9375,0.95,0.967741935483871,0.9047619047619048,0.9523809523809523,0.9396051103368177,0.0417240671813488,0.3106041988034532,0.4764262634768139,0.042630641130157416,0.6621983647346497,60,38,2,4,8.3573899269104,5528336,262.0,0.5489697802197803,231,105,46,21,122,112,24,22,,,,,,,,,,,,,,,,,,,,,,,,,353,63,104,70
leakage,early,2,0.8,leakage,0.5,2,0,4026,All four shortcuts,0.976171875,0.9838467977398309,0.96875,0.875,0.9253731343283582,0.9459459459459459,0.9465648854961832,0.9278278972935461,0.05224768817424774,-0.6994116939403847,0.8190045770745565,0.04771259620499156,0.37525931000709534,62,35,5,2,7.303732633590698,5448640,442.0,0.562293956043956,231,105,46,21,122,112,24,22,,,,,,,,,,,,,,,,,,,,,,,,,353,63,104,70
leakage,early,2,0.8,leakage,0.5,2,0,4026,"FedAvg-LR, correct protocol",0.95546875,0.9772070164409604,0.8125,0.975,0.9811320754716981,0.7647058823529411,0.8888888888888888,0.873015873015873,0.07983608543872833,0.447303600920438,1.0389073499009567,0.05982759021795713,0.6551594734191895,52,39,1,12,0.38338279724121094,16720,,0.49464285714285716,231,105,46,21,122,112,24,22,,,,,,,,,,,,,,,,,,,,,,,,,353,63,104,70
leakage,early,2,0.8,leakage,0.5,2,0,4026,"FedAvg-LR, L3",0.95546875,0.9772070164409604,0.8125,0.975,0.9811320754716981,0.7647058823529411,0.8888888888888888,0.873015873015873,0.07983608543872833,0.44730347097515094,1.038907305750556,0.05982758950155515,0.6551594734191895,52,39,1,12,0.6169164180755615,16720,,0.49464285714285716,231,105,46,21,122,112,24,22,,,,,,,,,,,,,,,,,,,,,,,,,353,63,104,70
leakage,early,2,0.8,leakage,0.5,2,2,4028,Correct protocol (this study),0.923046875,0.9619784138586339,0.765625,0.975,0.98,0.7222222222222222,0.8596491228070176,0.8447181784247854,0.12575311958789825,4.58550953937621,0.35951820445502636,0.12610489337776715,0.7649028301239014,49,39,1,15,5.983305215835571,5528336,264.0,0.6642063921993498,143,30,29,6,210,187,42,37,,,,,,,,,,,,,,,,,,,,,,,,,353,63,104,71
leakage,early,2,0.8,leakage,0.5,2,2,4028,L1: test patients in training graph,0.9273437499999999,0.9602981932251708,0.734375,0.95,0.9591836734693877,0.6909090909090909,0.831858407079646,0.815929203539823,0.13059571385383606,6.517838526621543,0.26784226273860284,0.14032190947238216,0.8795191049575806,47,38,2,17,7.350449323654175,5528336,422.0,0.6406419284940411,143,30,29,6,210,187,42,37,,,,,,,,,,,,,,,,,,,,,,,,,353,63,104,71
leakage,early,2,0.8,leakage,0.5,2,2,4028,L2: pooled final classifier,0.9140625,0.9569640031026292,0.703125,0.975,0.9782608695652174,0.6724137931034483,0.8181818181818182,0.8070500927643784,0.11313654482364655,1.3464483356466492,0.42249098077791275,0.11514853750570461,0.9846828579902649,45,39,1,19,5.769056797027588,5448640,264.0,0.6602789815817984,143,30,29,6,210,187,42,37,,,,,,,,,,,,,,,,,,,,,,,,,353,63,104,71
leakage,early,2,0.8,leakage,0.5,2,2,4028,L3: preprocessing fitted on all data,0.923828125,0.9607570048068417,0.78125,0.95,0.9615384615384616,0.7307692307692307,0.8620689655172413,0.8440779610194902,0.13492177426815033,4.6549597530092655,0.3261278261376693,0.13507923892645451,0.6087716817855835,50,38,2,14,5.68293571472168,5528336,263.0,0.6638678223185266,143,30,29,6,210,187,42,37,,,,,,,,,,,,,,,,,,,,,,,,,353,63,104,71
leakage,early,2,0.8,leakage,0.5,2,2,4028,L4: one cross-silo graph at inference,0.9593750000000001,0.9783452508558779,0.953125,0.9,0.9384615384615385,0.9230769230769231,0.9457364341085271,0.9285644195859091,0.11669281870126724,3.8578212432608385,0.3756281684816607,0.11757094483786765,0.015145928598940372,61,36,4,3,5.764103889465332,5528336,264.0,0.577329360780065,143,30,29,6,210,187,42,37,,,,,,,,,,,,,,,,,,,,,,,,,353,63,104,71
leakage,early,2,0.8,leakage,0.5,2,2,4028,All four shortcuts,0.9457031250000001,0.9692167672077983,0.765625,0.975,0.98,0.7222222222222222,0.8596491228070176,0.8447181784247854,0.10898446291685104,1.5064017559808205,0.45908696819061817,0.115269977814303,0.9324936866760254,49,39,1,15,8.326984405517578,5448640,421.0,0.582204767063922,143,30,29,6,210,187,42,37,,,,,,,,,,,,,,,,,,,,,,,,,353,63,104,71
leakage,early,2,0.8,leakage,0.5,2,2,4028,"FedAvg-LR, correct protocol",0.94921875,0.9736467682597263,0.921875,0.9,0.9365079365079365,0.8780487804878049,0.9291338582677166,0.9090113735783028,0.07820617407560349,0.030232356300230908,0.8392395677921262,0.07574631560307284,0.5102213025093079,59,36,4,5,0.5639193058013916,16720,,0.5577600216684724,143,30,29,6,210,187,42,37,,,,,,,,,,,,,,,,,,,,,,,,,353,63,104,71
leakage,early,2,0.8,leakage,0.5,2,2,4028,"FedAvg-LR, L3",0.94921875,0.9736467682597263,0.921875,0.9,0.9365079365079365,0.8780487804878049,0.9291338582677166,0.9090113735783028,0.07820617407560349,0.03023237739318932,0.8392395501243228,0.0757463061465667,0.5102211833000183,59,36,4,5,0.3926539421081543,16720,,0.5577600216684724,143,30,29,6,210,187,42,37,,,,,,,,,,,,,,,,,,,,,,,,,353,63,104,71
leakage,early,2,0.8,leakage,0.5,2,3,4029,Correct protocol (this study),0.9558593749999998,0.9779657079405341,0.875,0.975,0.9824561403508771,0.8297872340425532,0.9256198347107438,0.9110857794243374,0.12399353086948395,4.522891459651166,0.5587833798023325,0.15346262859664142,0.0409105122089386,56,39,1,8,5.970543146133423,5528336,269.0,0.6149725274725275,126,27,25,5,227,190,45,38,,,,,,,,,,,,,,,,,,,,,,,,,353,63,104,70
leakage,early,2,0.8,leakage,0.5,2,3,4029,L1: test patients in training graph,0.957421875,0.9762707980157772,0.828125,0.975,0.9814814814814815,0.78,0.8983050847457628,0.8824858757062147,0.12059319764375687,5.732010550301896,0.3584850216547686,0.1353025845332573,0.21675190329551697,53,39,1,11,7.423232793807983,5528336,404.0,0.5911401098901099,126,27,25,5,227,190,45,38,,,,,,,,,,,,,,,,,,,,,,,,,353,63,104,70
leakage,early,2,0.8,leakage,0.5,2,3,4029,L2: pooled final classifier,0.955859375,0.9778446240122848,0.84375,0.975,0.9818181818181818,0.7959183673469388,0.907563025210084,0.8919837597960533,0.09048902243375778,2.0147313761921577,0.6363892444462886,0.0863171311883399,0.29361918568611145,54,39,1,10,5.951844692230225,5448640,269.0,0.6556318681318681,126,27,25,5,227,190,45,38,,,,,,,,,,,,,,,,,,,,,,,,,353,63,104,70
leakage,early,2,0.8,leakage,0.5,2,3,4029,L3: preprocessing fitted on all data,0.955859375,0.9774986675031777,0.859375,0.95,0.9649122807017544,0.8085106382978723,0.9090909090909091,0.8913270637408568,0.13842102885246277,7.630430356907352,0.44033893422352244,0.16544863464122705,0.0030846951995044947,55,38,2,9,5.940353155136108,5528336,262.0,0.6192994505494506,126,27,25,5,227,190,45,38,,,,,,,,,,,,,,,,,,,,,,,,,353,63,104,70
leakage,early,2,0.8,leakage,0.5,2,3,4029,L4: one cross-silo graph at inference,0.9859375,0.9912121328362502,0.828125,0.975,0.9814814814814815,0.78,0.8983050847457628,0.8824858757062147,0.08597418665885925,3.355974456233577,0.7408956440627915,0.09700352965424269,0.7101626992225647,53,39,1,11,6.174532175064087,5528336,269.0,0.5712912087912088,126,27,25,5,227,190,45,38,,,,,,,,,,,,,,,,,,,,,,,,,353,63,104,70
leakage,early,2,0.8,leakage,0.5,2,3,4029,All four shortcuts,0.962890625,0.9799446851589964,0.734375,1.0,1.0,0.7017543859649122,0.8468468468468469,0.835794557444042,0.08701401203870773,2.158079878197467,0.7249354238687064,0.09463523005923402,0.9302992820739746,47,40,0,17,7.739410400390625,5448640,405.0,0.5971153846153846,126,27,25,5,227,190,45,38,,,,,,,,,,,,,,,,,,,,,,,,,353,63,104,70
leakage,early,2,0.8,leakage,0.5,2,3,4029,"FedAvg-LR, correct protocol",0.9640625,0.9807250530274321,0.890625,0.975,0.9827586206896551,0.8478260869565217,0.9344262295081968,0.9207014868471216,0.07622577250003815,0.7171274564569943,1.0768596725135329,0.10277243288090598,0.41775617003440857,57,39,1,7,0.5099978446960449,16720,,0.5506181318681319,126,27,25,5,227,190,45,38,,,,,,,,,,,,,,,,,,,,,,,,,353,63,104,70
leakage,early,2,0.8,leakage,0.5,2,3,4029,"FedAvg-LR, L3",0.9640625,0.9807250530274321,0.890625,0.975,0.9827586206896551,0.8478260869565217,0.9344262295081968,0.9207014868471216,0.07622567564249039,0.7171234802583331,1.07686294907446,0.10277250452110402,0.4177592694759369,57,39,1,7,0.6337137222290039,16720,,0.5506181318681319,126,27,25,5,227,190,45,38,,,,,,,,,,,,,,,,,,,,,,,,,353,63,104,70
leakage,early,2,0.8,leakage,0.5,2,4,4030,Correct protocol (this study),0.95625,0.9783502743947455,0.90625,0.85,0.90625,0.85,0.90625,0.878125,0.0865088626742363,3.0450363539522534,0.309537761973918,0.08654483504450092,0.042017266154289246,58,34,6,6,6.002525329589844,5528336,248.0,0.5573489010989011,274,170,55,34,79,47,15,9,,,,,,,,,,,,,,,,,,,,,,,,,353,63,104,70
leakage,early,2,0.8,leakage,0.5,2,4,4030,L1: test patients in training graph,0.975390625,0.9872314795234938,0.90625,0.9,0.9354838709677419,0.8571428571428571,0.9206349206349206,0.8993418505613627,0.07402434200048447,0.9869073623754824,0.27571795961610834,0.07909516578281633,0.8414950370788574,58,36,4,6,7.629534721374512,5528336,442.0,0.5285714285714286,274,170,55,34,79,47,15,9,,,,,,,,,,,,,,,,,,,,,,,,,353,63,104,70
leakage,early,2,0.8,leakage,0.5,2,4,4030,L2: pooled final classifier,0.953125,0.9768896730643757,0.875,0.925,0.9491525423728814,0.8222222222222222,0.9105691056910569,0.8905786704925873,0.0818280503153801,0.7317143239546606,0.44495941234764463,0.09503244882664427,0.5409272313117981,56,37,3,8,6.083126068115234,5448640,248.0,0.5453296703296703,274,170,55,34,79,47,15,9,,,,,,,,,,,,,,,,,,,,,,,,,353,63,104,70
leakage,early,2,0.8,leakage,0.5,2,4,4030,L3: preprocessing fitted on all data,0.9589843749999999,0.9798360974074266,0.90625,0.925,0.9508196721311475,0.8604651162790697,0.928,0.9097831325301204,0.08338554203510284,3.1094015683762377,0.31813915486286576,0.08962693127642314,0.059689853340387344,58,37,3,6,5.8278489112854,5528336,261.0,0.5642857142857143,274,170,55,34,79,47,15,9,,,,,,,,,,,,,,,,,,,,,,,,,353,63,104,70
leakage,early,2,0.8,leakage,0.5,2,4,4030,L4: one cross-silo graph at inference,0.9710937500000001,0.9859857285839416,0.953125,0.9,0.9384615384615385,0.9230769230769231,0.9457364341085271,0.9285644195859091,0.05399668961763382,1.6689846944212365,0.4080597395656943,0.061624851068840046,0.08810744434595108,61,36,4,3,6.083532333374023,5528336,248.0,0.5246565934065934,274,170,55,34,79,47,15,9,,,,,,,,,,,,,,,,,,,,,,,,,353,63,104,70
leakage,early,2,0.8,leakage,0.5,2,4,4030,All four shortcuts,0.976953125,0.9886172159690203,0.890625,0.975,0.9827586206896551,0.8478260869565217,0.9344262295081968,0.9207014868471216,0.058512184768915176,-0.5091184540062501,0.5103774951992223,0.06426298059523104,0.9728938341140747,57,39,1,7,7.568577766418457,5448640,445.0,0.5114697802197803,274,170,55,34,79,47,15,9,,,,,,,,,,,,,,,,,,,,,,,,,353,63,104,70
leakage,early,2,0.8,leakage,0.5,2,4,4030,"FedAvg-LR, correct protocol",0.9519531250000001,0.9760691346137076,0.828125,0.975,0.9814814814814815,0.78,0.8983050847457628,0.8824858757062147,0.07731267809867859,0.06644614319026464,0.8105602586982721,0.09826797741250351,0.7711141109466553,53,39,1,11,0.5038852691650391,16720,,0.5078983516483517,274,170,55,34,79,47,15,9,,,,,,,,,,,,,,,,,,,,,,,,,353,63,104,70
leakage,early,2,0.8,leakage,0.5,2,4,4030,"FedAvg-LR, L3",0.9519531250000001,0.9760691346137076,0.828125,0.975,0.9814814814814815,0.78,0.8983050847457628,0.8824858757062147,0.07731267809867859,0.06644604518987474,0.8105602690752391,0.0982679782005457,0.7711141109466553,53,39,1,11,0.6023068428039551,16720,,0.5079670329670329,274,170,55,34,79,47,15,9,,,,,,,,,,,,,,,,,,,,,,,,,353,63,104,70
leakage,early,2,0.8,leakage,0.5,3,0,5026,Correct protocol (this study),0.9496093750000001,0.9662540046620128,0.9375,0.875,0.9230769230769231,0.8974358974358975,0.9302325581395349,0.9081542537533117,0.08109617978334427,-0.740330027834629,0.3746881855962529,0.09623923886997197,0.6408342123031616,60,35,5,4,5.802908182144165,5528336,283.0,0.5725961538461539,150,136,30,27,203,81,40,16,,,,,,,,,,,,,,,,,,,,,,,,,353,63,104,70
leakage,early,2,0.8,leakage,0.5,3,0,5026,L1: test patients in training graph,0.952734375,0.9693013509904436,0.828125,0.85,0.8983050847457628,0.7555555555555555,0.8617886178861789,0.8308943089430895,0.11592454463243484,0.13335149953184977,0.2337364157764291,0.13286212087573052,0.8822920918464661,53,34,6,11,7.099782705307007,5528336,450.0,0.5466346153846153,150,136,30,27,203,81,40,16,,,,,,,,,,,,,,,,,,,,,,,,,353,63,104,70
leakage,early,2,0.8,leakage,0.5,3,0,5026,L2: pooled final classifier,0.95234375,0.9697608849848063,0.90625,0.875,0.9206349206349206,0.8536585365853658,0.9133858267716536,0.8887916788179255,0.08426991105079651,-1.8390360290832264,0.41942528372055204,0.09609191624734267,0.8837442994117737,58,35,5,6,5.961395263671875,5448640,283.0,0.5600274725274725,150,136,30,27,203,81,40,16,,,,,,,,,,,,,,,,,,,,,,,,,353,63,104,70
leakage,early,2,0.8,leakage,0.5,3,0,5026,L3: preprocessing fitted on all data,0.9484375,0.964722578490487,0.9375,0.875,0.9230769230769231,0.8974358974358975,0.9302325581395349,0.9081542537533117,0.08618426322937012,-0.8030386475811407,0.37720312141240175,0.09391215269883663,0.6449441313743591,60,35,5,4,6.034053802490234,5528336,283.0,0.5649038461538461,150,136,30,27,203,81,40,16,,,,,,,,,,,,,,,,,,,,,,,,,353,63,104,70
leakage,early,2,0.8,leakage,0.5,3,0,5026,L4: one cross-silo graph at inference,0.9601562499999999,0.975523078886843,0.921875,0.875,0.921875,0.875,0.921875,0.8984375,0.0986844003200531,-1.4436629592938675,0.2918280458869156,0.10262547568597187,0.8871153593063354,59,35,5,5,5.820396184921265,5528336,283.0,0.49258241758241755,150,136,30,27,203,81,40,16,,,,,,,,,,,,,,,,,,,,,,,,,353,63,104,70
leakage,early,2,0.8,leakage,0.5,3,0,5026,All four shortcuts,0.9609375,0.9749362351198636,0.84375,0.925,0.9473684210526315,0.7872340425531915,0.8925619834710744,0.8715683480573763,0.09188076108694077,-0.4203273041147054,0.3731880789887642,0.09941697206634742,0.967945396900177,54,37,3,10,8.7195565700531,5448640,446.0,0.4634615384615384,150,136,30,27,203,81,40,16,,,,,,,,,,,,,,,,,,,,,,,,,353,63,104,70
leakage,early,2,0.8,leakage,0.5,3,0,5026,"FedAvg-LR, correct protocol",0.95,0.9692634843446917,0.765625,0.975,0.98,0.7222222222222222,0.8596491228070176,0.8447181784247854,0.09705204516649246,0.82876059376575,1.1277987103566411,0.0827906166848082,0.5724436640739441,49,39,1,15,0.5805773735046387,16720,,0.4816620879120879,150,136,30,27,203,81,40,16,,,,,,,,,,,,,,,,,,,,,,,,,353,63,104,70
leakage,early,2,0.8,leakage,0.5,3,0,5026,"FedAvg-LR, L3",0.95,0.9692634843446917,0.765625,0.975,0.98,0.7222222222222222,0.8596491228070176,0.8447181784247854,0.09705206006765366,0.828760391856234,1.1277979866645411,0.08279062105486028,0.5724433660507202,49,39,1,15,0.5740244388580322,16720,,0.4816620879120879,150,136,30,27,203,81,40,16,,,,,,,,,,,,,,,,,,,,,,,,,353,63,104,70
leakage,early,2,0.8,leakage,0.5,3,1,5027,Correct protocol (this study),0.938671875,0.9687633101780393,0.828125,0.975,0.9814814814814815,0.78,0.8983050847457628,0.8824858757062147,0.10971605777740479,8.680788217171479,0.2467203993699668,0.10779851421718306,0.2083326280117035,53,39,1,11,5.952866792678833,5528336,283.0,0.5878434065934066,302,191,60,38,51,26,10,5,,,,,,,,,,,,,,,,,,,,,,,,,353,63,104,70
leakage,early,2,0.8,leakage,0.5,3,1,5027,L1: test patients in training graph,0.9320312500000001,0.965438932419679,0.84375,0.925,0.9473684210526315,0.7872340425531915,0.8925619834710744,0.8715683480573763,0.14777834713459015,3.9000989491434837,0.17796026278141058,0.16043756447526486,0.8772708773612976,54,37,3,10,7.395126104354858,5528336,438.0,0.5982142857142857,302,191,60,38,51,26,10,5,,,,,,,,,,,,,,,,,,,,,,,,,353,63,104,70
leakage,early,2,0.8,leakage,0.5,3,1,5027,L2: pooled final classifier,0.941015625,0.9700028969509402,0.828125,0.975,0.9814814814814815,0.78,0.8983050847457628,0.8824858757062147,0.1006196066737175,3.2512649169343844,0.43745260804663033,0.10980125914256159,0.6229263544082642,53,39,1,11,5.783452987670898,5448640,283.0,0.5943681318681319,302,191,60,38,51,26,10,5,,,,,,,,,,,,,,,,,,,,,,,,,353,63,104,70
leakage,early,2,0.8,leakage,0.5,3,1,5027,L3: preprocessing fitted on all data,0.9621093749999999,0.978482933319176,0.859375,0.95,0.9649122807017544,0.8085106382978723,0.9090909090909091,0.8913270637408568,0.10693502426147461,8.339653115892716,0.2773599038302133,0.10840819399275531,0.01986202970147133,55,38,2,9,5.9844536781311035,5528336,283.0,0.6196428571428572,302,191,60,38,51,26,10,5,,,,,,,,,,,,,,,,,,,,,,,,,353,63,104,70
leakage,early,2,0.8,leakage,0.5,3,1,5027,L4: one cross-silo graph at inference,0.9390624999999999,0.9700120460107995,0.875,0.775,0.8615384615384616,0.7948717948717948,0.8682170542635659,0.8265135904229222,0.10872061550617218,3.6950226950959477,0.20722838637157442,0.11265729962346642,0.010504107922315598,56,31,9,8,6.496692180633545,5528336,283.0,0.5343406593406593,302,191,60,38,51,26,10,5,,,,,,,,,,,,,,,,,,,,,,,,,353,63,104,70
leakage,early,2,0.8,leakage,0.5,3,1,5027,All four shortcuts,0.9164062500000001,0.9576690715091081,0.84375,0.825,0.8852459016393442,0.7674418604651163,0.864,0.8295903614457831,0.15065500140190125,0.836789347914867,0.27462527186436364,0.1518904085969553,0.5937511920928955,54,33,7,10,8.039237260818481,5448640,434.0,0.5525412087912087,302,191,60,38,51,26,10,5,,,,,,,,,,,,,,,,,,,,,,,,,353,63,104,70
leakage,early,2,0.8,leakage,0.5,3,1,5027,"FedAvg-LR, correct protocol",0.928515625,0.9650558752741132,0.828125,0.9,0.9298245614035088,0.7659574468085106,0.8760330578512396,0.8518096323738957,0.10045242309570312,0.6564017343796472,0.7882510328062657,0.07580542499915913,0.49042731523513794,53,36,4,11,0.5496175289154053,16720,,0.5925824175824176,302,191,60,38,51,26,10,5,,,,,,,,,,,,,,,,,,,,,,,,,353,63,104,70
leakage,early,2,0.8,leakage,0.5,3,1,5027,"FedAvg-LR, L3",0.930859375,0.9664366182052272,0.84375,0.875,0.9152542372881356,0.7777777777777778,0.8780487804878049,0.8507890961262554,0.09949590265750885,0.6355539186239348,0.798481565835972,0.06271173851564527,0.49635592103004456,54,35,5,10,0.47557878494262695,16720,,0.6012362637362637,302,191,60,38,51,26,10,5,,,,,,,,,,,,,,,,,,,,,,,,,353,63,104,70
leakage,early,2,0.8,leakage,0.5,3,2,5028,Correct protocol (this study),0.9453125,0.9643223594392152,0.8125,0.9,0.9285714285714286,0.75,0.8666666666666667,0.8424242424242425,0.1623784601688385,9.99999335625205,0.19999797271685318,0.1673231630512209,0.005997063126415014,52,36,4,12,6.003980398178101,5528336,258.0,0.5975961538461538,284,177,56,35,69,40,14,8,,,,,,,,,,,,,,,,,,,,,,,,,353,63,104,70
leakage,early,2,0.8,leakage,0.5,3,2,5028,L1: test patients in training graph,0.9449218750000001,0.9658233165135593,0.796875,0.925,0.9444444444444444,0.74,0.864406779661017,0.8433145009416196,0.1254275143146515,3.362486710460499,0.3044382186164995,0.11942913318769291,0.8770579695701599,51,37,3,13,7.358202934265137,5528336,445.0,0.592032967032967,284,177,56,35,69,40,14,8,,,,,,,,,,,,,,,,,,,,,,,,,353,63,104,70
leakage,early,2,0.8,leakage,0.5,3,2,5028,L2: pooled final classifier,0.9472656250000001,0.9630044095516754,0.8125,0.9,0.9285714285714286,0.75,0.8666666666666667,0.8424242424242425,0.14647507667541504,4.0116485317716295,0.37256037150356985,0.14892613592271048,0.24364884197711945,52,36,4,12,5.967488765716553,5448640,258.0,0.6239697802197802,284,177,56,35,69,40,14,8,,,,,,,,,,,,,,,,,,,,,,,,,353,63,104,70
leakage,early,2,0.8,leakage,0.5,3,2,5028,L3: preprocessing fitted on all data,0.954296875,0.9710780683008051,0.796875,0.95,0.9622641509433962,0.7450980392156863,0.8717948717948718,0.8534798534798536,0.13519161939620972,9.59768293283039,0.24046020958616762,0.13372959004930007,0.4247695207595825,51,38,2,13,5.974209785461426,5528336,269.0,0.5895604395604396,284,177,56,35,69,40,14,8,,,,,,,,,,,,,,,,,,,,,,,,,353,63,104,70
leakage,early,2,0.8,leakage,0.5,3,2,5028,L4: one cross-silo graph at inference,0.927734375,0.9413682082696091,0.84375,0.9,0.9310344827586207,0.782608695652174,0.8852459016393442,0.8612276019824628,0.11733578145503998,1.6553062326653174,0.37365507382915547,0.1337429548237616,0.5142683982849121,54,36,4,10,6.752439022064209,5528336,258.0,0.5909340659340659,284,177,56,35,69,40,14,8,,,,,,,,,,,,,,,,,,,,,,,,,353,63,104,70
leakage,early,2,0.8,leakage,0.5,3,2,5028,All four shortcuts,0.9609375,0.9726069609624763,0.96875,0.85,0.9117647058823529,0.9444444444444444,0.9393939393939394,0.9170653907496014,0.0863674208521843,0.8515282700295232,0.5401772684947471,0.08094681407181692,0.15143027901649475,62,34,6,2,7.749053716659546,5448640,443.0,0.5758241758241758,284,177,56,35,69,40,14,8,,,,,,,,,,,,,,,,,,,,,,,,,353,63,104,70
leakage,early,2,0.8,leakage,0.5,3,2,5028,"FedAvg-LR, correct protocol",0.960546875,0.9753180178598742,0.796875,0.925,0.9444444444444444,0.74,0.864406779661017,0.8433145009416196,0.08605309575796127,0.45469548898738005,0.9339767484163795,0.06609535356983542,0.6393022537231445,51,37,3,13,0.45865440368652344,16720,,0.5603021978021978,284,177,56,35,69,40,14,8,,,,,,,,,,,,,,,,,,,,,,,,,353,63,104,70
leakage,early,2,0.8,leakage,0.5,3,2,5028,"FedAvg-LR, L3",0.960546875,0.9753180178598742,0.796875,0.925,0.9444444444444444,0.74,0.864406779661017,0.8433145009416196,0.0860530287027359,0.45474181717088225,0.933994671931367,0.06609718369033472,0.6393067836761475,51,37,3,13,0.5416250228881836,16720,,0.5603021978021978,284,177,56,35,69,40,14,8,,,,,,,,,,,,,,,,,,,,,,,,,353,63,104,70
leakage,early,2,0.8,leakage,0.5,3,3,5029,Correct protocol (this study),0.939453125,0.9590237251564862,0.703125,0.975,0.9782608695652174,0.6724137931034483,0.8181818181818182,0.8070500927643784,0.14122872054576874,3.623964830466307,0.2929251384514927,0.14650753427010316,0.897731602191925,45,39,1,19,5.834410667419434,5528336,280.0,0.6130823401950163,115,17,23,3,238,200,48,40,,,,,,,,,,,,,,,,,,,,,,,,,353,63,104,71
leakage,early,2,0.8,leakage,0.5,3,3,5029,L1: test patients in training graph,0.972265625,0.9797983778554858,0.84375,0.95,0.9642857142857143,0.7916666666666666,0.9,0.8818181818181818,0.11146177351474762,4.377197928021179,0.3713605407996511,0.12257185328053309,0.44896426796913147,54,38,2,10,7.651698589324951,5528336,435.0,0.5955444203683641,115,17,23,3,238,200,48,40,,,,,,,,,,,,,,,,,,,,,,,,,353,63,104,71
leakage,early,2,0.8,leakage,0.5,3,3,5029,L2: pooled final classifier,0.9453125,0.9619100058310902,0.9375,0.75,0.8571428571428571,0.8823529411764706,0.8955223880597015,0.8531665994352562,0.09392288327217102,0.7411045017984477,0.5062878173982833,0.07415531241657358,0.23620396852493286,60,30,10,4,5.9936628341674805,5448640,280.0,0.6496478873239436,115,17,23,3,238,200,48,40,,,,,,,,,,,,,,,,,,,,,,,,,353,63,104,71
leakage,early,2,0.8,leakage,0.5,3,3,5029,L3: preprocessing fitted on all data,0.949609375,0.9654349780973566,0.65625,0.975,0.9767441860465116,0.639344262295082,0.7850467289719626,0.7786619783473674,0.11475595831871033,2.1465808276461034,0.34686838698277095,0.12881829577963796,0.9697399139404297,42,39,1,22,6.502981424331665,5528336,279.0,0.5945964247020585,115,17,23,3,238,200,48,40,,,,,,,,,,,,,,,,,,,,,,,,,353,63,104,71
leakage,early,2,0.8,leakage,0.5,3,3,5029,L4: one cross-silo graph at inference,0.941015625,0.9642948334352588,0.859375,0.925,0.9482758620689655,0.8043478260869565,0.9016393442622951,0.8810522302706825,0.10488215833902359,2.2151464160090626,0.4020388267027455,0.10966867034753357,0.39000141620635986,55,37,3,9,6.428000450134277,5528336,280.0,0.5954089924160347,115,17,23,3,238,200,48,40,,,,,,,,,,,,,,,,,,,,,,,,,353,63,104,71
leakage,early,2,0.8,leakage,0.5,3,3,5029,All four shortcuts,0.966796875,0.9734806343117797,0.75,0.975,0.9795918367346939,0.7090909090909091,0.8495575221238938,0.8353050768514205,0.08933186531066895,1.9995981478264369,0.6391818185567354,0.09218519648465402,0.8433122038841248,48,39,1,16,7.557870149612427,5448640,427.0,0.5664951245937162,115,17,23,3,238,200,48,40,,,,,,,,,,,,,,,,,,,,,,,,,353,63,104,71
leakage,early,2,0.8,leakage,0.5,3,3,5029,"FedAvg-LR, correct protocol",0.965625,0.9779550636167664,0.8125,0.95,0.9629629629629629,0.76,0.8813559322033898,0.8629001883239171,0.07435841113328934,0.07049634622466767,1.0839661660837359,0.08871097930778678,0.7899404168128967,52,38,2,12,0.6046798229217529,16720,,0.560807150595883,115,17,23,3,238,200,48,40,,,,,,,,,,,,,,,,,,,,,,,,,353,63,104,71
leakage,early,2,0.8,leakage,0.5,3,3,5029,"FedAvg-LR, L3",0.965625,0.9779550636167664,0.8125,0.95,0.9629629629629629,0.76,0.8813559322033898,0.8629001883239171,0.07435841858386993,0.07049609748275514,1.0839658362408753,0.08871098131371231,0.7899404764175415,52,38,2,12,0.47152042388916016,16720,,0.560807150595883,115,17,23,3,238,200,48,40,,,,,,,,,,,,,,,,,,,,,,,,,353,63,104,71
leakage,early,2,0.8,leakage,0.5,3,4,5030,Correct protocol (this study),0.9500000000000001,0.9713868241461686,0.859375,0.975,0.9821428571428571,0.8125,0.9166666666666666,0.9015151515151515,0.08261951059103012,1.6029463645847069,0.3859798774902693,0.09462049882858993,0.9170963764190674,55,39,1,9,6.426050424575806,5528336,256.0,0.5526814734561215,181,74,36,15,172,143,35,29,,,,,,,,,,,,,,,,,,,,,,,,,353,63,104,71
leakage,early,2,0.8,leakage,0.5,3,4,5030,L1: test patients in training graph,0.960546875,0.9765957003969765,0.90625,0.825,0.8923076923076924,0.8461538461538461,0.8992248062015504,0.867333922088117,0.11229021847248077,-0.9494953992638716,0.3972739225693742,0.116041200217576,0.6955727934837341,58,33,7,6,7.57785701751709,5528336,423.0,0.559723726977248,181,74,36,15,172,143,35,29,,,,,,,,,,,,,,,,,,,,,,,,,353,63,104,71
leakage,early,2,0.8,leakage,0.5,3,4,5030,L2: pooled final classifier,0.9515625,0.9721089766569118,0.953125,0.75,0.8591549295774648,0.9090909090909091,0.9037037037037037,0.8628107559614409,0.08487892150878906,0.29749180126841457,0.4874356177109367,0.08716775233355856,0.08719328790903091,61,30,10,3,5.859760046005249,5448640,256.0,0.5828141928494042,181,74,36,15,172,143,35,29,,,,,,,,,,,,,,,,,,,,,,,,,353,63,104,71
leakage,early,2,0.8,leakage,0.5,3,4,5030,L3: preprocessing fitted on all data,0.964453125,0.9791956655484154,0.90625,0.925,0.9508196721311475,0.8604651162790697,0.928,0.9097831325301204,0.07910827547311783,2.223615190233848,0.3216234690559889,0.0837858388101897,0.5333831310272217,58,37,3,6,6.627490997314453,5528336,256.0,0.5813921993499458,181,74,36,15,172,143,35,29,,,,,,,,,,,,,,,,,,,,,,,,,353,63,104,71
leakage,early,2,0.8,leakage,0.5,3,4,5030,L4: one cross-silo graph at inference,0.955078125,0.9752303551916071,0.921875,0.85,0.9076923076923077,0.8717948717948718,0.9147286821705426,0.8877440879207144,0.10576391220092773,-1.0840403391943827,0.31658927208756676,0.10998183687647375,0.6968082785606384,59,34,6,5,5.7904417514801025,5528336,256.0,0.4831392199349946,181,74,36,15,172,143,35,29,,,,,,,,,,,,,,,,,,,,,,,,,353,63,104,71
leakage,early,2,0.8,leakage,0.5,3,4,5030,All four shortcuts,0.9660156249999999,0.9791309391711965,0.859375,0.9,0.9322033898305084,0.8,0.8943089430894309,0.8706838833094213,0.08826065063476562,-1.7651345383909618,0.522837220266603,0.08694700037057582,0.9430955648422241,55,36,4,9,7.199152708053589,5448640,421.0,0.5313515709642471,181,74,36,15,172,143,35,29,,,,,,,,,,,,,,,,,,,,,,,,,353,63,104,71
leakage,early,2,0.8,leakage,0.5,3,4,5030,"FedAvg-LR, correct protocol",0.9578125,0.9764967134043208,0.84375,0.95,0.9642857142857143,0.7916666666666666,0.9,0.8818181818181818,0.08767831325531006,-0.27806036338269396,0.8717497819549505,0.10841104875390346,0.7989960312843323,54,38,2,10,0.5337779521942139,16720,,0.44975622968580725,181,74,36,15,172,143,35,29,,,,,,,,,,,,,,,,,,,,,,,,,353,63,104,71
leakage,early,2,0.8,leakage,0.5,3,4,5030,"FedAvg-LR, L3",0.9578125,0.9764967134043208,0.84375,0.95,0.9642857142857143,0.7916666666666666,0.9,0.8818181818181818,0.0876784473657608,-0.2780601218005941,0.8717485516154421,0.1084111653841459,0.7989961504936218,54,38,2,10,0.6173675060272217,16720,,0.44975622968580725,181,74,36,15,172,143,35,29,,,,,,,,,,,,,,,,,,,,,,,,,353,63,104,71
leakage,early,2,0.8,leakage,0.5,4,0,6026,Correct protocol (this study),0.961328125,0.9764832993456394,0.953125,0.85,0.9104477611940298,0.918918918918919,0.9312977099236641,0.9072072965202735,0.09967803955078125,1.3466021013011462,0.25879533352110606,0.11199762167794128,0.10407888144254684,61,34,6,3,6.452764987945557,5528336,279.0,0.5770604395604395,267,145,53,29,86,72,17,14,,,,,,,,,,,,,,,,,,,,,,,,,353,63,104,70
leakage,early,2,0.8,leakage,0.5,4,0,6026,L1: test patients in training graph,0.9578125000000001,0.9744712422075191,0.890625,0.825,0.890625,0.825,0.890625,0.8578125,0.11836539208889008,-0.31525565624888213,0.3303721657863114,0.12205922694948433,0.538148820400238,57,33,7,7,7.361781358718872,5528336,429.0,0.528228021978022,267,145,53,29,86,72,17,14,,,,,,,,,,,,,,,,,,,,,,,,,353,63,104,70
leakage,early,2,0.8,leakage,0.5,4,0,6026,L2: pooled final classifier,0.95703125,0.9732632211984114,0.953125,0.85,0.9104477611940298,0.918918918918919,0.9312977099236641,0.9072072965202735,0.08264703303575516,-0.7420884077775506,0.44372124377775796,0.0892667805713315,0.48079994320869446,61,34,6,3,6.082120895385742,5448640,279.0,0.5484890109890109,267,145,53,29,86,72,17,14,,,,,,,,,,,,,,,,,,,,,,,,,353,63,104,70
leakage,early,2,0.8,leakage,0.5,4,0,6026,L3: preprocessing fitted on all data,0.96328125,0.9785948309307378,0.90625,0.85,0.90625,0.85,0.90625,0.878125,0.11438214033842087,2.843358858236633,0.2617921547410906,0.12359492958953175,0.043921250849962234,58,34,6,6,6.687052488327026,5528336,281.0,0.589217032967033,267,145,53,29,86,72,17,14,,,,,,,,,,,,,,,,,,,,,,,,,353,63,104,70
leakage,early,2,0.8,leakage,0.5,4,0,6026,L4: one cross-silo graph at inference,0.9511718749999999,0.9695424502815606,0.984375,0.825,0.9,0.9705882352941176,0.9402985074626866,0.9160951996772893,0.0920092910528183,-1.1834416013206646,0.2523394590738141,0.10392925970910045,0.08194545656442642,63,33,7,1,6.015332937240601,5528336,279.0,0.5074175824175824,267,145,53,29,86,72,17,14,,,,,,,,,,,,,,,,,,,,,,,,,353,63,104,70
leakage,early,2,0.8,leakage,0.5,4,0,6026,All four shortcuts,0.912109375,0.9280277500455785,0.984375,0.675,0.8289473684210527,0.9642857142857143,0.9,0.8470588235294118,0.10778020322322845,-3.757953709614062,0.2799885625108932,0.10288316032920893,0.3271665573120117,63,27,13,1,7.716352701187134,5448640,446.0,0.5148351648351648,267,145,53,29,86,72,17,14,,,,,,,,,,,,,,,,,,,,,,,,,353,63,104,70
leakage,early,2,0.8,leakage,0.5,4,0,6026,"FedAvg-LR, correct protocol",0.953125,0.9747866856347305,0.890625,0.9,0.9344262295081968,0.8372093023255814,0.912,0.8897349397590362,0.08349064737558365,0.31111820105833704,0.837137413841603,0.08200928103178742,0.48672401905059814,57,36,4,7,0.627579927444458,16720,,0.4653159340659341,267,145,53,29,86,72,17,14,,,,,,,,,,,,,,,,,,,,,,,,,353,63,104,70
leakage,early,2,0.8,leakage,0.5,4,0,6026,"FedAvg-LR, L3",0.953125,0.9747866856347305,0.890625,0.9,0.9344262295081968,0.8372093023255814,0.912,0.8897349397590362,0.08349059522151947,0.31111833355131363,0.8371372737389053,0.08200926462618205,0.4867244064807892,57,36,4,7,0.6896159648895264,16720,,0.4653159340659341,267,145,53,29,86,72,17,14,,,,,,,,,,,,,,,,,,,,,,,,,353,63,104,70
leakage,early,2,0.8,leakage,0.5,4,1,6027,Correct protocol (this study),0.93046875,0.9472169026365931,0.78125,0.95,0.9615384615384616,0.7307692307692307,0.8620689655172413,0.8440779610194902,0.14042812585830688,9.99999335625205,0.2389435025321685,0.1475540829594068,0.4990212023258209,50,38,2,14,6.172569751739502,5528336,279.0,0.529861863488624,199,148,40,30,154,69,31,14,,,,,,,,,,,,,,,,,,,,,,,,,353,63,104,71
leakage,early,2,0.8,leakage,0.5,4,1,6027,L1: test patients in training graph,0.964453125,0.9806634782359671,0.875,0.95,0.9655172413793104,0.8260869565217391,0.9180327868852459,0.900876858558902,0.0867534950375557,5.348484928818855,0.3789020135729434,0.08753189219770809,0.8488327264785767,56,38,2,8,7.707710266113281,5528336,446.0,0.47758667388949083,199,148,40,30,154,69,31,14,,,,,,,,,,,,,,,,,,,,,,,,,353,63,104,71
leakage,early,2,0.8,leakage,0.5,4,1,6027,L2: pooled final classifier,0.9320312500000001,0.9421839624859403,0.78125,0.95,0.9615384615384616,0.7307692307692307,0.8620689655172413,0.8440779610194902,0.11753412336111069,5.107133219677912,0.37953416925526196,0.1303352911401397,0.6745929718017578,50,38,2,14,6.330319881439209,5448640,279.0,0.5308775731310943,199,148,40,30,154,69,31,14,,,,,,,,,,,,,,,,,,,,,,,,,353,63,104,71
leakage,early,2,0.8,leakage,0.5,4,1,6027,L3: preprocessing fitted on all data,0.9371093749999999,0.9650246402831171,0.921875,0.925,0.9516129032258065,0.8809523809523809,0.9365079365079365,0.9194734804490903,0.14917707443237305,9.99999335625205,0.23791576586710028,0.16050347736633666,0.00015665189130231738,59,37,3,5,6.087454080581665,5528336,279.0,0.525189599133261,199,148,40,30,154,69,31,14,,,,,,,,,,,,,,,,,,,,,,,,,353,63,104,71
leakage,early,2,0.8,leakage,0.5,4,1,6027,L4: one cross-silo graph at inference,0.951171875,0.9773873075872928,0.90625,0.9,0.9354838709677419,0.8571428571428571,0.9206349206349206,0.8993418505613627,0.08980849385261536,5.445181032235909,0.28903104188696177,0.09797886446064626,0.00946715660393238,58,36,4,6,5.634437084197998,5528336,279.0,0.4716955579631636,199,148,40,30,154,69,31,14,,,,,,,,,,,,,,,,,,,,,,,,,353,63,104,71
leakage,early,2,0.8,leakage,0.5,4,1,6027,All four shortcuts,0.957421875,0.9799833897184523,0.90625,0.925,0.9508196721311475,0.8604651162790697,0.928,0.9097831325301204,0.07094892114400864,2.5687301635609194,0.4543869914341309,0.07100935298233078,0.20024064183235168,58,37,3,6,7.544921875,5448640,442.0,0.49275460455037917,199,148,40,30,154,69,31,14,,,,,,,,,,,,,,,,,,,,,,,,,353,63,104,71
leakage,early,2,0.8,leakage,0.5,4,1,6027,"FedAvg-LR, correct protocol",0.954296875,0.9789124101232398,0.859375,0.975,0.9821428571428571,0.8125,0.9166666666666666,0.9015151515151515,0.07226231694221497,1.0132037718111115,0.8716751768776053,0.08514464890154509,0.48121845722198486,55,39,1,9,0.5706493854522705,16720,,0.44982394366197187,199,148,40,30,154,69,31,14,,,,,,,,,,,,,,,,,,,,,,,,,353,63,104,71
leakage,early,2,0.8,leakage,0.5,4,1,6027,"FedAvg-LR, L3",0.954296875,0.9789124101232398,0.859375,0.975,0.9821428571428571,0.8125,0.9166666666666666,0.9015151515151515,0.07226232439279556,1.0132037272870869,0.871675139069821,0.08514465234027459,0.4812186062335968,55,39,1,9,0.7438652515411377,16720,,0.4499593716143012,199,148,40,30,154,69,31,14,,,,,,,,,,,,,,,,,,,,,,,,,353,63,104,71
leakage,early,2,0.8,leakage,0.5,4,2,6028,Correct protocol (this study),0.850390625,0.9124921931881808,0.625,0.925,0.9302325581395349,0.6065573770491803,0.7476635514018691,0.7401684093643008,0.2551139295101166,4.946361137754923,0.21744583264238396,0.2506111781112849,0.836816132068634,40,37,3,24,6.294333457946777,5528336,272.0,0.7606310942578548,193,185,39,37,160,32,32,6,,,,,,,,,,,,,,,,,,,,,,,,,353,63,104,71
leakage,early,2,0.8,leakage,0.5,4,2,6028,L1: test patients in training graph,0.8687500000000001,0.9309727370255303,0.609375,0.975,0.975,0.609375,0.75,0.75,0.2038169801235199,4.7895308984053955,0.257109735360624,0.2054652027123106,0.9528200626373291,39,39,1,25,7.50424861907959,5528336,420.0,0.6812703141928494,193,185,39,37,160,32,32,6,,,,,,,,,,,,,,,,,,,,,,,,,353,63,104,71
leakage,early,2,0.8,leakage,0.5,4,2,6028,L2: pooled final classifier,0.8210937500000001,0.9006812880099725,0.59375,0.925,0.926829268292683,0.5873015873015873,0.7238095238095238,0.7211280628756357,0.20803187787532806,0.7589526570740105,0.2899417540613494,0.19287773030093658,0.9720770716667175,38,37,3,26,6.167090177536011,5448640,272.0,0.7540628385698809,193,185,39,37,160,32,32,6,,,,,,,,,,,,,,,,,,,,,,,,,353,63,104,71
leakage,early,2,0.8,leakage,0.5,4,2,6028,L3: preprocessing fitted on all data,0.837109375,0.9081925207037453,0.625,0.9,0.9090909090909091,0.6,0.7407407407407407,0.7303703703703703,0.24965058267116547,4.5737149803087975,0.21230140367990513,0.25657416379544884,0.8655385375022888,40,36,4,24,5.998072385787964,5528336,274.0,0.7636105092091009,193,185,39,37,160,32,32,6,,,,,,,,,,,,,,,,,,,,,,,,,353,63,104,71
leakage,early,2,0.8,leakage,0.5,4,2,6028,L4: one cross-silo graph at inference,0.95078125,0.9714339028595718,0.71875,1.0,1.0,0.6896551724137931,0.8363636363636363,0.8263450834879407,0.1388619989156723,3.2476395412456487,0.5317052854230928,0.14110938660227337,0.844985842704773,46,40,0,18,5.802360773086548,5528336,272.0,0.6566901408450705,193,185,39,37,160,32,32,6,,,,,,,,,,,,,,,,,,,,,,,,,353,63,104,71
leakage,early,2,0.8,leakage,0.5,4,2,6028,All four shortcuts,0.92265625,0.9546799398095904,0.84375,0.825,0.8852459016393442,0.7674418604651163,0.864,0.8295903614457831,0.12402910739183426,1.046883704606509,0.4614410256492171,0.12361338374634775,0.32644838094711304,54,33,7,10,7.23782753944397,5448640,415.0,0.6591278439869989,193,185,39,37,160,32,32,6,,,,,,,,,,,,,,,,,,,,,,,,,353,63,104,71
leakage,early,2,0.8,leakage,0.5,4,2,6028,"FedAvg-LR, correct protocol",0.91015625,0.9379713716979398,0.703125,0.9,0.9183673469387755,0.6545454545454545,0.7964601769911505,0.7771774569166279,0.11969399452209473,0.22118818597350448,0.7008420550116359,0.0970319097216886,0.8437331914901733,45,36,4,19,0.4357912540435791,16720,,0.6134209100758397,193,185,39,37,160,32,32,6,,,,,,,,,,,,,,,,,,,,,,,,,353,63,104,71
leakage,early,2,0.8,leakage,0.5,4,2,6028,"FedAvg-LR, L3",0.91015625,0.9379713716979398,0.703125,0.9,0.9183673469387755,0.6545454545454545,0.7964601769911505,0.7771774569166279,0.11969400942325592,0.22118794722783985,0.7008420791845327,0.09703190778740325,0.8437334299087524,45,36,4,19,0.3898162841796875,16720,,0.6134209100758397,193,185,39,37,160,32,32,6,,,,,,,,,,,,,,,,,,,,,,,,,353,63,104,71
leakage,early,2,0.8,leakage,0.5,4,3,6029,Correct protocol (this study),0.986328125,0.9916637362708152,0.90625,0.975,0.9830508474576272,0.8666666666666667,0.943089430894309,0.9303682448589192,0.0689365342259407,3.0065993722664714,0.3816832905254633,0.07339704471926847,0.8021182417869568,58,39,1,6,6.347143173217773,5528336,251.0,0.5471153846153847,316,187,63,37,37,30,7,6,,,,,,,,,,,,,,,,,,,,,,,,,353,63,104,70
leakage,early,2,0.8,leakage,0.5,4,3,6029,L1: test patients in training graph,0.97734375,0.9867770304686346,0.90625,0.975,0.9830508474576272,0.8666666666666667,0.943089430894309,0.9303682448589192,0.0627024695277214,0.37083027609498026,0.3960067773662863,0.08096460932126948,0.9536864757537842,58,39,1,6,7.636023283004761,5528336,418.0,0.6006181318681318,316,187,63,37,37,30,7,6,,,,,,,,,,,,,,,,,,,,,,,,,353,63,104,70
leakage,early,2,0.8,leakage,0.5,4,3,6029,L2: pooled final classifier,0.98046875,0.9885327075903638,0.90625,0.975,0.9830508474576272,0.8666666666666667,0.943089430894309,0.9303682448589192,0.06898526102304459,0.6665901400205404,0.41261536893953055,0.0771045879496691,0.9750482439994812,58,39,1,6,5.993891954421997,5448640,251.0,0.5500686813186813,316,187,63,37,37,30,7,6,,,,,,,,,,,,,,,,,,,,,,,,,353,63,104,70
leakage,early,2,0.8,leakage,0.5,4,3,6029,L3: preprocessing fitted on all data,0.973828125,0.9853718753697924,0.921875,0.875,0.921875,0.875,0.921875,0.8984375,0.08290188759565353,2.490663068131468,0.3345517709742577,0.08690242152302886,0.028415396809577942,59,35,5,5,6.023051500320435,5528336,268.0,0.5994505494505494,316,187,63,37,37,30,7,6,,,,,,,,,,,,,,,,,,,,,,,,,353,63,104,70
leakage,early,2,0.8,leakage,0.5,4,3,6029,L4: one cross-silo graph at inference,0.9890625,0.9933847065623117,0.90625,0.925,0.9508196721311475,0.8604651162790697,0.928,0.9097831325301204,0.07341895997524261,2.8637126321285984,0.43962674744919866,0.07866316034386939,0.6437742710113525,58,37,3,6,5.947583436965942,5528336,251.0,0.49601648351648353,316,187,63,37,37,30,7,6,,,,,,,,,,,,,,,,,,,,,,,,,353,63,104,70
leakage,early,2,0.8,leakage,0.5,4,3,6029,All four shortcuts,0.96953125,0.9832458294104085,0.90625,0.9,0.9354838709677419,0.8571428571428571,0.9206349206349206,0.8993418505613627,0.09654505550861359,-1.056828522083725,0.48365547304070694,0.11630837409757083,0.7980281114578247,58,36,4,6,7.407449245452881,5448640,405.0,0.553021978021978,316,187,63,37,37,30,7,6,,,,,,,,,,,,,,,,,,,,,,,,,353,63,104,70
leakage,early,2,0.8,leakage,0.5,4,3,6029,"FedAvg-LR, correct protocol",0.955859375,0.9750936392460818,0.84375,0.925,0.9473684210526315,0.7872340425531915,0.8925619834710744,0.8715683480573763,0.07777287065982819,0.2314044328110966,1.0166338301570137,0.11316985619039488,0.5493206977844238,54,37,3,10,0.5219385623931885,16720,,0.5161401098901099,316,187,63,37,37,30,7,6,,,,,,,,,,,,,,,,,,,,,,,,,353,63,104,70
leakage,early,2,0.8,leakage,0.5,4,3,6029,"FedAvg-LR, L3",0.955859375,0.9750997666970622,0.84375,0.925,0.9473684210526315,0.7872340425531915,0.8925619834710744,0.8715683480573763,0.07777287065982819,0.23140482669872176,1.0166337215167827,0.11316984268621756,0.5493208169937134,54,37,3,10,0.6199483871459961,16720,,0.5161401098901099,316,187,63,37,37,30,7,6,,,,,,,,,,,,,,,,,,,,,,,,,353,63,104,70
leakage,early,2,0.8,leakage,0.5,4,4,6030,Correct protocol (this study),0.967578125,0.9853398666798865,0.96875,0.75,0.8611111111111112,0.9375,0.9117647058823529,0.8725490196078431,0.07781153172254562,7.744004403569338,0.35205394246892896,0.08302239713576944,4.0827282646205276e-05,62,30,10,2,5.8620994091033936,5528336,281.0,0.5298618634886241,304,173,61,35,49,44,10,9,,,,,,,,,,,,,,,,,,,,,,,,,353,63,104,71
leakage,early,2,0.8,leakage,0.5,4,4,6030,L1: test patients in training graph,0.950390625,0.9764145158941677,0.90625,0.95,0.9666666666666667,0.8636363636363636,0.9354838709677419,0.9201228878648233,0.07381291687488556,5.380957407823253,0.30127235905088556,0.07893634783865239,0.11824356019496918,58,38,2,6,8.122420072555542,5528336,436.0,0.5708288190682557,304,173,61,35,49,44,10,9,,,,,,,,,,,,,,,,,,,,,,,,,353,63,104,71
leakage,early,2,0.8,leakage,0.5,4,4,6030,L2: pooled final classifier,0.9671875000000001,0.985078692491357,0.9375,0.975,0.9836065573770492,0.9069767441860465,0.96,0.9498795180722892,0.06509504467248917,2.309311368147553,0.5881649063017058,0.07083696885428463,0.07734699547290802,60,39,1,4,6.923056602478027,5448640,281.0,0.5361592632719393,304,173,61,35,49,44,10,9,,,,,,,,,,,,,,,,,,,,,,,,,353,63,104,71
leakage,early,2,0.8,leakage,0.5,4,4,6030,L3: preprocessing fitted on all data,0.96484375,0.9838330781362943,0.890625,0.975,0.9827586206896551,0.8478260869565217,0.9344262295081968,0.9207014868471216,0.07724595069885254,7.1704931584635165,0.3072154667451229,0.08167200978361788,0.2944284975528717,57,39,1,7,6.894680500030518,5528336,280.0,0.5216007583965331,304,173,61,35,49,44,10,9,,,,,,,,,,,,,,,,,,,,,,,,,353,63,104,71
leakage,early,2,0.8,leakage,0.5,4,4,6030,L4: one cross-silo graph at inference,0.984765625,0.992084478021978,0.953125,0.95,0.9682539682539683,0.926829268292683,0.9606299212598425,0.949450763099057,0.038819510489702225,1.0790076938958433,0.7117680001783525,0.054478176367970615,0.20532070100307465,61,38,2,3,7.327949285507202,5528336,281.0,0.5207881906825569,304,173,61,35,49,44,10,9,,,,,,,,,,,,,,,,,,,,,,,,,353,63,104,71
leakage,early,2,0.8,leakage,0.5,4,4,6030,All four shortcuts,0.991015625,0.9952210103329506,0.921875,1.0,1.0,0.8888888888888888,0.959349593495935,0.9502630320420851,0.03197629749774933,0.8293935613595579,0.880975166357986,0.030553861198803555,0.8427477478981018,59,40,0,5,8.411864519119263,5448640,443.0,0.5419826652221019,304,173,61,35,49,44,10,9,,,,,,,,,,,,,,,,,,,,,,,,,353,63,104,71
leakage,early,2,0.8,leakage,0.5,4,4,6030,"FedAvg-LR, correct protocol",0.960546875,0.9823407882357691,0.921875,0.9,0.9365079365079365,0.8780487804878049,0.9291338582677166,0.9090113735783028,0.05721749737858772,0.23088322107445094,1.2296184081183075,0.08007853134320334,0.30918455123901367,59,36,4,5,0.7197096347808838,16720,,0.5472643553629469,304,173,61,35,49,44,10,9,,,,,,,,,,,,,,,,,,,,,,,,,353,63,104,71
leakage,early,2,0.8,leakage,0.5,4,4,6030,"FedAvg-LR, L3",0.960546875,0.9823407882357691,0.921875,0.9,0.9365079365079365,0.8780487804878049,0.9291338582677166,0.9090113735783028,0.05721752345561981,0.23088303612320926,1.2296177258885352,0.08007852983875918,0.3091844916343689,59,36,4,5,0.5838503837585449,16720,,0.5473320693391116,304,173,61,35,49,44,10,9,,,,,,,,,,,,,,,,,,,,,,,,,353,63,104,71
leakage,gdm_early,3,0.1,leakage,0.5,0,1,2027,Correct protocol (this study),0.9938819923112097,0.9867622125046247,0.9562043795620438,0.9860788863109049,0.9776119402985075,0.9725400457665904,0.966789667896679,0.9730261703538694,0.0208396315574646,-4.209061475022493,0.47769073207234336,0.021049242359272313,0.9972072243690491,262,425,6,12,36.51702952384949,8043792,229.0,0.4446085487613301,759,378,683,340,378,303,341,273,1260,252,1134,227,,,,,,,,,,,,,,,,,,,,,2397,423,705,2158
leakage,gdm_early,3,0.1,leakage,0.5,0,1,2027,L1: test patients in training graph,0.9953807983470795,0.9873774774770799,0.9817518248175182,0.9791183294663574,0.9676258992805755,0.9882903981264637,0.9746376811594203,0.9791603324212019,0.020761365070939064,-3.038667400526748,0.5173931561388098,0.020318078969816633,0.9103081822395325,269,422,9,5,46.96345615386963,8043792,1298.0,0.4963214560369136,759,378,683,340,378,303,341,273,1260,252,1134,227,,,,,,,,,,,,,,,,,,,,,2397,423,705,2158
leakage,gdm_early,3,0.1,leakage,0.5,0,1,2027,L2: pooled final classifier,0.9952834182939014,0.987584068803655,0.9416058394160584,0.9953596287703016,0.9923076923076923,0.9640449438202248,0.9662921348314607,0.9728720948129906,0.017462966963648796,-0.15258275937313098,0.8964311840518431,0.01013927666886533,0.9377143383026123,258,429,2,16,32.66906499862671,7927200,229.0,0.44166715963691106,759,378,683,340,378,303,341,273,1260,252,1134,227,,,,,,,,,,,,,,,,,,,,,2397,423,705,2158
leakage,gdm_early,3,0.1,leakage,0.5,0,1,2027,L3: preprocessing fitted on all data,0.994724541466967,0.9875859573544393,0.9817518248175182,0.9721577726218097,0.9572953736654805,0.9882075471698113,0.9693693693693693,0.9747431642168485,0.021190840750932693,-5.6663849623832805,0.4183233093082764,0.021745588371516945,0.9782399535179138,269,419,12,5,32.713733196258545,8043792,229.0,0.471102084278193,759,378,683,340,378,303,341,273,1260,252,1134,227,,,,,,,,,,,,,,,,,,,,,2397,423,705,2158
leakage,gdm_early,3,0.1,leakage,0.5,0,1,2027,L4: one cross-silo graph at inference,0.993966670618321,0.9838261137234905,0.9854014598540146,0.9698375870069605,0.9540636042402827,0.990521327014218,0.9694793536804309,0.9747748468284921,0.022433830425143242,-5.250641668599455,0.45226730476370886,0.022410175261163692,0.9839347004890442,270,418,13,4,32.85273790359497,8043792,229.0,0.49039036670413244,759,378,683,340,378,303,341,273,1260,252,1134,227,,,,,,,,,,,,,,,,,,,,,2397,423,705,2158
leakage,gdm_early,3,0.1,leakage,0.5,0,1,2027,All four shortcuts,0.9925483089742071,0.9770948075987502,0.9963503649635036,0.9651972157772621,0.9479166666666666,0.9976019184652278,0.9715302491103203,0.9763311622910091,0.015966173261404037,-0.38748517189698045,0.9961028506702109,0.012720432384137767,0.09210193902254105,273,416,15,1,45.65704703330994,7927200,1314.0,0.5066475394211872,759,378,683,340,378,303,341,273,1260,252,1134,227,,,,,,,,,,,,,,,,,,,,,2397,423,705,2158
leakage,gdm_early,3,0.1,leakage,0.5,0,1,2027,"FedAvg-LR, correct protocol",0.9799989838603146,0.9561731715434002,0.9708029197080292,0.9721577726218097,0.9568345323741008,0.9812646370023419,0.9637681159420289,0.9702290463160028,0.02959398366510868,0.029455213532906838,0.8767676215388641,0.0330042555056354,0.4090757966041565,266,419,12,8,0.8229169845581055,22128,,0.49041041416073455,759,378,683,340,378,303,341,273,1260,252,1134,227,,,,,,,,,,,,,,,,,,,,,2397,423,705,2158
leakage,gdm_early,3,0.1,leakage,0.5,0,1,2027,"FedAvg-LR, L3",0.9803631005808932,0.9568020910809624,0.9598540145985401,0.9791183294663574,0.9669117647058824,0.9745958429561201,0.9633699633699634,0.9701109076109076,0.029823536053299904,0.041448890881321955,0.879690567414023,0.03372159982298283,0.4693058133125305,263,422,9,11,1.203172206878662,22128,,0.48953917141561337,759,378,683,340,378,303,341,273,1260,252,1134,227,,,,,,,,,,,,,,,,,,,,,2397,423,705,2158
leakage,gdm_early,3,0.1,leakage,0.5,0,0,2026,Correct protocol (this study),0.9850204074720138,0.9609331276546499,0.9671532846715328,0.9605568445475638,0.9397163120567376,0.9787234042553191,0.9532374100719424,0.961396222600374,0.03589687496423721,-5.21175220801067,0.3295483950261725,0.03689653421487949,0.911036491394043,265,414,17,9,36.60637044906616,8043792,229.0,0.5259141311563766,316,16,284,14,1454,594,1309,535,627,323,565,291,,,,,,,,,,,,,,,,,,,,,2397,423,705,2158
leakage,gdm_early,3,0.1,leakage,0.5,0,0,2026,L1: test patients in training graph,0.98322946127661,0.9517027739096003,0.9562043795620438,0.9698375870069605,0.9527272727272728,0.9720930232558139,0.9544626593806922,0.9627133273674657,0.03339105471968651,-6.391043997635055,0.3725647435649352,0.03555000624355218,0.9979544878005981,262,418,13,12,48.477407932281494,8043792,1289.0,0.520214080544765,316,16,284,14,1454,594,1309,535,627,323,565,291,,,,,,,,,,,,,,,,,,,,,2397,423,705,2158
leakage,gdm_early,3,0.1,leakage,0.5,0,0,2026,L2: pooled final classifier,0.9812352871441394,0.9517941050947278,0.9708029197080292,0.9535962877030162,0.9300699300699301,0.9809069212410502,0.95,0.9585294117647059,0.03625541925430298,0.19345195802651835,0.6158217860358616,0.029424840121378096,0.1333056092262268,266,411,20,8,33.20741295814514,7927200,229.0,0.519054285883304,316,16,284,14,1454,594,1309,535,627,323,565,291,,,,,,,,,,,,,,,,,,,,,2397,423,705,2158
leakage,gdm_early,3,0.1,leakage,0.5,0,0,2026,L3: preprocessing fitted on all data,0.9871288973190848,0.9679806962535172,0.9708029197080292,0.951276102088167,0.926829268292683,0.9808612440191388,0.948306595365419,0.9570743813105069,0.03741326928138733,-3.6631719651955192,0.3391984894855307,0.039065367319284304,0.40846729278564453,266,410,21,8,32.91893935203552,8043792,229.0,0.5304317104752891,316,16,284,14,1454,594,1309,535,627,323,565,291,,,,,,,,,,,,,,,,,,,,,2397,423,705,2158
leakage,gdm_early,3,0.1,leakage,0.5,0,0,2026,L4: one cross-silo graph at inference,0.987738581130286,0.9672793736098438,0.9744525547445255,0.9605568445475638,0.9401408450704225,0.9833729216152018,0.956989247311828,0.9644101166136605,0.03136368840932846,-6.083126685434099,0.39185899180373673,0.03162894479588586,0.9580692648887634,267,414,17,7,32.87784433364868,8043792,229.0,0.5370674186106126,316,16,284,14,1454,594,1309,535,627,323,565,291,,,,,,,,,,,,,,,,,,,,,2397,423,705,2158
leakage,gdm_early,3,0.1,leakage,0.5,0,0,2026,All four shortcuts,0.9852744423933477,0.9442678673839852,0.9744525547445255,0.9582366589327146,0.9368421052631579,0.9833333333333333,0.9552772808586762,0.9629500387842147,0.02768290974199772,-0.6601371096271634,0.7887732049503046,0.02081894105736244,0.45179322361946106,267,413,18,7,47.6158664226532,7927200,1296.0,0.5271524724100987,316,16,284,14,1454,594,1309,535,627,323,565,291,,,,,,,,,,,,,,,,,,,,,2397,423,705,2158
leakage,gdm_early,3,0.1,leakage,0.5,0,0,2026,"FedAvg-LR, correct protocol",0.9785171134858671,0.9665759163865643,0.9416058394160584,0.9651972157772621,0.945054945054945,0.9629629629629629,0.943327239488117,0.9537030171948118,0.03547484055161476,-0.5077241129665236,0.9378732844658975,0.041045765996190677,0.6828511357307434,258,416,15,16,1.1504404544830322,22128,,0.5104802187473297,316,16,284,14,1454,594,1309,535,627,323,565,291,,,,,,,,,,,,,,,,,,,,,2397,423,705,2158
leakage,gdm_early,3,0.1,leakage,0.5,0,0,2026,"FedAvg-LR, L3",0.979101393804935,0.9670637641128997,0.9744525547445255,0.9535962877030162,0.9303135888501742,0.9832535885167464,0.9518716577540107,0.960034768806334,0.03576015681028366,-0.5745539382380715,0.9479533171241663,0.0406536953087817,0.4322448670864105,267,411,20,7,0.9272515773773193,22128,,0.5107598971992717,316,16,284,14,1454,594,1309,535,627,323,565,291,,,,,,,,,,,,,,,,,,,,,2397,423,705,2158
leakage,gdm_early,3,0.1,leakage,0.5,0,2,2028,Correct protocol (this study),0.9873363591715074,0.9826708612053867,0.9708029197080292,0.9559164733178654,0.9333333333333333,0.9809523809523809,0.9516994633273703,0.9599860418869519,0.04244108125567436,-3.1683326153402915,0.39531620695844505,0.04488010434830127,0.8398289680480957,266,412,19,8,35.89687132835388,8043792,236.0,0.4950900163666121,1675,675,1508,608,261,244,235,220,461,14,415,13,,,,,,,,,,,,,,,,,,,,,2397,423,705,2158
leakage,gdm_early,3,0.1,leakage,0.5,0,2,2028,L1: test patients in training graph,0.9868917980591732,0.9760081081614748,0.9671532846715328,0.9651972157772621,0.9464285714285714,0.9788235294117648,0.9566787003610109,0.9643206585917203,0.029411524534225464,-7.2563450524206905,0.34824724090007214,0.02829169042834499,0.9996751546859741,265,416,15,9,47.826032876968384,8043792,1286.0,0.5264475249607267,1675,675,1508,608,261,244,235,220,461,14,415,13,,,,,,,,,,,,,,,,,,,,,2397,423,705,2158
leakage,gdm_early,3,0.1,leakage,0.5,0,2,2028,L2: pooled final classifier,0.9855200094839704,0.981423181572728,0.9708029197080292,0.9280742459396751,0.8956228956228957,0.9803921568627451,0.9316987740805605,0.9426074323322946,0.04415911063551903,-1.239329331447618,0.5892817800921161,0.04106751894644388,0.3140736520290375,266,400,31,8,35.49081897735596,7927200,236.0,0.49340800189300577,1675,675,1508,608,261,244,235,220,461,14,415,13,,,,,,,,,,,,,,,,,,,,,2397,423,705,2158
leakage,gdm_early,3,0.1,leakage,0.5,0,2,2028,L3: preprocessing fitted on all data,0.987573458431419,0.9818022455332821,0.9671532846715328,0.962877030162413,0.9430604982206405,0.9787735849056604,0.954954954954955,0.9628575944365418,0.04533261060714722,-3.4904192218831986,0.3770674796461397,0.047757285275886255,0.9088959693908691,265,415,16,9,34.57882571220398,8043792,236.0,0.5093795805151868,1675,675,1508,608,261,244,235,220,461,14,415,13,,,,,,,,,,,,,,,,,,,,,2397,423,705,2158
leakage,gdm_early,3,0.1,leakage,0.5,0,2,2028,L4: one cross-silo graph at inference,0.9862863481633275,0.978356184415471,0.9635036496350365,0.974477958236659,0.96,0.9767441860465116,0.9617486338797814,0.9686791949886712,0.02888079360127449,-6.298954013131526,0.3542651986091426,0.029379837608529597,0.9991932511329651,264,420,11,10,36.53299117088318,8043792,236.0,0.5060089786313832,1675,675,1508,608,261,244,235,220,461,14,415,13,,,,,,,,,,,,,,,,,,,,,2397,423,705,2158
leakage,gdm_early,3,0.1,leakage,0.5,0,2,2028,All four shortcuts,0.9887801243077549,0.9760651685197583,0.9781021897810219,0.9605568445475638,0.9403508771929825,0.9857142857142858,0.9588550983899821,0.9659140356814775,0.0273081436753273,-1.056801630726228,0.7095232727044511,0.023213472793288285,0.451415091753006,268,414,17,6,53.081523180007935,7927200,1288.0,0.5024572923445008,1675,675,1508,608,261,244,235,220,461,14,415,13,,,,,,,,,,,,,,,,,,,,,2397,423,705,2158
leakage,gdm_early,3,0.1,leakage,0.5,0,2,2028,"FedAvg-LR, correct protocol",0.9768150795129303,0.9535788622321612,0.9854014598540146,0.962877030162413,0.9440559440559441,0.9904534606205251,0.9642857142857143,0.9703781512605042,0.032497506588697433,-0.2800188889327823,0.8895710810233787,0.047921030899734374,0.40785354375839233,270,415,16,4,0.938467264175415,22128,,0.525218385818232,1675,675,1508,608,261,244,235,220,461,14,415,13,,,,,,,,,,,,,,,,,,,,,2397,423,705,2158
leakage,gdm_early,3,0.1,leakage,0.5,0,2,2028,"FedAvg-LR, L3",0.9768912899893305,0.953755463189481,0.9854014598540146,0.962877030162413,0.9440559440559441,0.9904534606205251,0.9642857142857143,0.9703781512605042,0.03243465721607208,-0.2796103746140816,0.8914723769768774,0.04801924744924756,0.4074143171310425,270,415,16,4,0.9222297668457031,22128,,0.5251635017976981,1675,675,1508,608,261,244,235,220,461,14,415,13,,,,,,,,,,,,,,,,,,,,,2397,423,705,2158
leakage,gdm_early,3,0.1,leakage,0.5,0,3,2029,Correct protocol (this study),0.9922536997885836,0.9839013889502188,0.9781818181818182,0.9674418604651163,0.950530035335689,0.985781990521327,0.96415770609319,0.970341763844717,0.02695172093808651,-4.279154996481129,0.3657068527434528,0.028343230680106787,0.5977080464363098,269,416,14,6,36.98484563827515,8043792,232.0,0.47954206350771333,1456,635,1311,572,272,164,245,148,669,133,602,120,,,,,,,,,,,,,,,,,,,,,2397,423,705,2158
leakage,gdm_early,3,0.1,leakage,0.5,0,3,2029,L1: test patients in training graph,0.9893530655391121,0.9800172439999439,0.9709090909090909,0.9674418604651163,0.9501779359430605,0.9811320754716981,0.960431654676259,0.9673352652772396,0.03017009235918522,-2.928248833985927,0.3940588560326759,0.029309399441835745,0.8340400457382202,267,416,14,8,89.24107599258423,8043792,1337.0,0.501812815911765,1456,635,1311,572,272,164,245,148,669,133,602,120,,,,,,,,,,,,,,,,,,,,,2397,423,705,2158
leakage,gdm_early,3,0.1,leakage,0.5,0,3,2029,L2: pooled final classifier,0.9920169133192389,0.9837833038434278,0.9818181818181818,0.9604651162790697,0.9407665505226481,0.9880382775119617,0.9608540925266904,0.9674553481501377,0.024063661694526672,-0.6303305117599568,0.6946006679706498,0.019775148008864204,0.129729226231575,270,413,17,5,33.60339379310608,7927200,232.0,0.4496013513957631,1456,635,1311,572,272,164,245,148,669,133,602,120,,,,,,,,,,,,,,,,,,,,,2397,423,705,2158
leakage,gdm_early,3,0.1,leakage,0.5,0,3,2029,L3: preprocessing fitted on all data,0.9907484143763212,0.9813516152299038,0.9781818181818182,0.9627906976744186,0.9438596491228071,0.9857142857142858,0.9607142857142857,0.9674159663865547,0.02828117460012436,-4.55975090663204,0.36622176703981074,0.03012411085845809,0.4578154683113098,269,414,16,6,39.879008054733276,8043792,232.0,0.47886932344763666,1456,635,1311,572,272,164,245,148,669,133,602,120,,,,,,,,,,,,,,,,,,,,,2397,423,705,2158
leakage,gdm_early,3,0.1,leakage,0.5,0,3,2029,L4: one cross-silo graph at inference,0.9899154334038054,0.9825638448858398,0.96,0.9767441860465116,0.9635036496350365,0.974477958236659,0.9617486338797814,0.9686791949886712,0.026047782972455025,-2.5954926343901406,0.4712195586437956,0.025737050939219203,0.9570463299751282,264,420,10,11,38.3772394657135,8043792,232.0,0.5016968035809358,1456,635,1311,572,272,164,245,148,669,133,602,120,,,,,,,,,,,,,,,,,,,,,2397,423,705,2158
leakage,gdm_early,3,0.1,leakage,0.5,0,3,2029,All four shortcuts,0.9872219873150105,0.9663653010811046,0.9672727272727273,0.9744186046511628,0.9602888086642599,0.9789719626168224,0.9637681159420289,0.9702290463160028,0.023650992661714554,-0.3600311089825275,0.7385210404403647,0.01728791080626614,0.6952929496765137,266,419,11,9,54.279239892959595,7927200,1337.0,0.5138800701989628,1456,635,1311,572,272,164,245,148,669,133,602,120,,,,,,,,,,,,,,,,,,,,,2397,423,705,2158
leakage,gdm_early,3,0.1,leakage,0.5,0,3,2029,"FedAvg-LR, correct protocol",0.9791966173361522,0.9570800110611897,0.9745454545454545,0.958139534883721,0.9370629370629371,0.9832935560859188,0.9554367201426025,0.962995156302161,0.03517727181315422,-0.38521202142237443,0.7774260613680536,0.040552478938872094,0.39874133467674255,268,412,18,7,1.3585529327392578,22128,,0.5002504288841125,1456,635,1311,572,272,164,245,148,669,133,602,120,,,,,,,,,,,,,,,,,,,,,2397,423,705,2158
leakage,gdm_early,3,0.1,leakage,0.5,0,3,2029,"FedAvg-LR, L3",0.9791331923890063,0.9565757968455076,0.9745454545454545,0.958139534883721,0.9370629370629371,0.9832935560859188,0.9554367201426025,0.962995156302161,0.0351656973361969,-0.3836371589583192,0.7770396197905746,0.04001642516847199,0.38821685314178467,268,412,18,7,1.3960037231445312,22128,,0.5002310387211694,1456,635,1311,572,272,164,245,148,669,133,602,120,,,,,,,,,,,,,,,,,,,,,2397,423,705,2158
leakage,gdm_early,3,0.1,leakage,0.5,0,4,2030,Correct protocol (this study),0.9907780126849894,0.9787180344865186,0.9890909090909091,0.9720930232558139,0.9577464788732394,0.9928741092636579,0.9731663685152058,0.9777700232705289,0.022795410826802254,-6.46586606136851,0.3939597185571596,0.023992817453273876,0.9346738457679749,272,418,12,3,38.91436171531677,8043792,237.0,0.48140311767394306,905,568,814,511,100,7,90,6,1392,357,1253,321,,,,,,,,,,,,,,,,,,,,,2397,423,705,2157
leakage,gdm_early,3,0.1,leakage,0.5,0,4,2030,L1: test patients in training graph,0.9876025369978857,0.9659560547321151,0.9854545454545455,0.9720930232558139,0.9575971731448764,0.990521327014218,0.9713261648745519,0.9762734110757736,0.02352718636393547,-7.940968288204799,0.38166726939196355,0.02396160523317993,0.9977706670761108,271,418,12,4,89.8313934803009,8043792,1335.0,0.48824148327891703,905,568,814,511,100,7,90,6,1392,357,1253,321,,,,,,,,,,,,,,,,,,,,,2397,423,705,2157
leakage,gdm_early,3,0.1,leakage,0.5,0,4,2030,L2: pooled final classifier,0.9890655391120509,0.9691903009214395,0.9927272727272727,0.9674418604651163,0.9512195121951219,0.9952153110047847,0.9715302491103203,0.9763311622910091,0.017573168501257896,-0.6039954081533425,0.8564526304603508,0.012549828545104526,0.09057535231113434,273,416,14,2,34.87061667442322,7927200,237.0,0.4666331291490349,905,568,814,511,100,7,90,6,1392,357,1253,321,,,,,,,,,,,,,,,,,,,,,2397,423,705,2157
leakage,gdm_early,3,0.1,leakage,0.5,0,4,2030,L3: preprocessing fitted on all data,0.9908160676532769,0.9767170103121388,0.9890909090909091,0.9651162790697675,0.9477351916376306,0.992822966507177,0.9679715302491103,0.9733725575773853,0.0239787045866251,-6.35333686508265,0.40247158678037015,0.02465768396649644,0.4825041592121124,272,415,15,3,41.26984643936157,8043792,236.0,0.48085205022736466,905,568,814,511,100,7,90,6,1392,357,1253,321,,,,,,,,,,,,,,,,,,,,,2397,423,705,2157
leakage,gdm_early,3,0.1,leakage,0.5,0,4,2030,L4: one cross-silo graph at inference,0.9897885835095137,0.9723708753224003,0.9890909090909091,0.9720930232558139,0.9577464788732394,0.9928741092636579,0.9731663685152058,0.9777700232705289,0.02431735396385193,-6.158216809109076,0.401653334042988,0.02592577321045366,0.9762097001075745,272,418,12,3,38.47423839569092,8043792,237.0,0.48690392816395245,905,568,814,511,100,7,90,6,1392,357,1253,321,,,,,,,,,,,,,,,,,,,,,2397,423,705,2157
leakage,gdm_early,3,0.1,leakage,0.5,0,4,2030,All four shortcuts,0.9896744186046511,0.9714324332100598,0.9709090909090909,0.9767441860465116,0.9638989169675091,0.9813084112149533,0.967391304347826,0.9732061416844026,0.021410638466477394,-0.5119441544774326,0.8647716697434668,0.01228080921945103,0.7999789714813232,267,420,10,8,56.99798917770386,7927200,1335.0,0.4948500182483552,905,568,814,511,100,7,90,6,1392,357,1253,321,,,,,,,,,,,,,,,,,,,,,2397,423,705,2157
leakage,gdm_early,3,0.1,leakage,0.5,0,4,2030,"FedAvg-LR, correct protocol",0.9859408033826638,0.9690716924430016,0.9636363636363636,0.9767441860465116,0.9636363636363636,0.9767441860465116,0.9636363636363636,0.9701902748414376,0.02553536184132099,-0.20563821437880447,1.0183261853756158,0.030468830550816044,0.5779085159301758,265,420,10,10,0.8883554935455322,22128,,0.48664121760916956,905,568,814,511,100,7,90,6,1392,357,1253,321,,,,,,,,,,,,,,,,,,,,,2397,423,705,2157
leakage,gdm_early,3,0.1,leakage,0.5,0,4,2030,"FedAvg-LR, L3",0.9860676532769557,0.9692255563513047,0.9636363636363636,0.9767441860465116,0.9636363636363636,0.9767441860465116,0.9636363636363636,0.9701902748414376,0.025325439870357513,-0.2025688540784621,1.0209779416876612,0.030394878772133628,0.5664922595024109,265,420,10,10,0.842252254486084,22128,,0.4865399474578891,905,568,814,511,100,7,90,6,1392,357,1253,321,,,,,,,,,,,,,,,,,,,,,2397,423,705,2157
leakage,gdm_early,3,0.1,leakage,0.5,1,0,3026,Correct protocol (this study),0.98315325080021,0.9582709936301078,0.9635036496350365,0.951276102088167,0.9263157894736842,0.9761904761904762,0.9445438282647585,0.9540580480924262,0.05286632478237152,-7.388025242209807,0.3870414181328474,0.055209573668738215,0.9958698153495789,264,410,21,10,72.27280068397522,8043792,236.0,0.5123273393240546,1117,277,1005,249,249,240,224,216,1031,416,928,374,,,,,,,,,,,,,,,,,,,,,2397,423,705,2157
leakage,gdm_early,3,0.1,leakage,0.5,1,0,3026,L1: test patients in training graph,0.9882212474808203,0.9706590266223687,0.9890510948905109,0.9466357308584686,0.9217687074829932,0.9927007299270073,0.954225352112676,0.961673246127597,0.032911766320466995,-6.8814259495736065,0.37872415485441896,0.0332311680778227,0.17554816603660583,271,408,23,3,45.71839880943298,8043792,1336.0,0.5042004096837938,1117,277,1005,249,249,240,224,216,1031,416,928,374,,,,,,,,,,,,,,,,,,,,,2397,423,705,2157
leakage,gdm_early,3,0.1,leakage,0.5,1,0,3026,L2: pooled final classifier,0.97231019357461,0.9437110011233852,0.9781021897810219,0.925754060324826,0.8933333333333333,0.9851851851851852,0.9337979094076655,0.94417168197656,0.0446835495531559,-1.705422643931907,0.6452173157896347,0.039186525885147844,0.35060736536979675,268,399,32,6,43.19265961647034,7927200,236.0,0.5177827755255033,1117,277,1005,249,249,240,224,216,1031,416,928,374,,,,,,,,,,,,,,,,,,,,,2397,423,705,2157
leakage,gdm_early,3,0.1,leakage,0.5,1,0,3026,L3: preprocessing fitted on all data,0.9834877301132996,0.9620667612280004,0.9562043795620438,0.9535962877030162,0.9290780141843972,0.9716312056737588,0.9424460431654677,0.9524876585850757,0.05191436782479286,-7.27339277792659,0.37767603079962714,0.05536664406676506,0.9962958693504333,262,411,20,12,32.50439453125,8043792,238.0,0.5128820235617501,1117,277,1005,249,249,240,224,216,1031,416,928,374,,,,,,,,,,,,,,,,,,,,,2397,423,705,2157
leakage,gdm_early,3,0.1,leakage,0.5,1,0,3026,L4: one cross-silo graph at inference,0.9828949819635205,0.9519804894207597,0.9927007299270073,0.9466357308584686,0.9220338983050848,0.9951219512195122,0.9560632688927944,0.9631683764202379,0.031872060149908066,-7.482686505027593,0.3698214654196218,0.03261940003486665,0.023520883172750473,272,408,23,2,38.825963735580444,8043792,236.0,0.4975162509000878,1117,277,1005,249,249,240,224,216,1031,416,928,374,,,,,,,,,,,,,,,,,,,,,2397,423,705,2157
leakage,gdm_early,3,0.1,leakage,0.5,1,0,3026,All four shortcuts,0.9843260453537012,0.9496006932625644,0.9854014598540146,0.951276102088167,0.9278350515463918,0.9903381642512077,0.9557522123893806,0.9630832067864062,0.028750747442245483,-0.969678840214288,0.7855391546984224,0.02463404474159081,0.2866383194923401,270,410,21,4,59.365968227386475,7927200,1337.0,0.5161308883825382,1117,277,1005,249,249,240,224,216,1031,416,928,374,,,,,,,,,,,,,,,,,,,,,2397,423,705,2157
leakage,gdm_early,3,0.1,leakage,0.5,1,0,3026,"FedAvg-LR, correct protocol",0.9751130455399936,0.9453340054256717,0.9817518248175182,0.9443155452436195,0.9180887372013652,0.9878640776699029,0.9488536155202821,0.957226333264293,0.03745609521865845,-0.5286534636526857,0.8734655657215795,0.04438834592488641,0.2601707875728607,269,407,24,5,0.9859030246734619,22128,,0.5082114310327255,1117,277,1005,249,249,240,224,216,1031,416,928,374,,,,,,,,,,,,,,,,,,,,,2397,423,705,2157
leakage,gdm_early,3,0.1,leakage,0.5,1,0,3026,"FedAvg-LR, L3",0.9751638525242603,0.9454080067363692,0.9817518248175182,0.9419953596287703,0.9149659863945578,0.9878345498783455,0.9471830985915493,0.9557768224549195,0.03744325786828995,-0.5275916318150273,0.8785534978968957,0.045911294277361084,0.25649571418762207,269,406,25,5,0.9952542781829834,22128,,0.508476114382663,1117,277,1005,249,249,240,224,216,1031,416,928,374,,,,,,,,,,,,,,,,,,,,,2397,423,705,2157
leakage,gdm_early,3,0.1,leakage,0.5,1,1,3027,Correct protocol (this study),0.9944535708842108,0.9907688805059456,0.9817518248175182,0.9698375870069605,0.9539007092198581,0.9881796690307328,0.9676258992805755,0.9732743079541051,0.02226071059703827,-2.4328147534851725,0.5537037089296275,0.0237734374847818,0.7191157341003418,269,418,13,5,37.703516244888306,8043792,237.0,0.4599497827644457,531,198,478,178,1053,383,948,345,813,352,732,317,,,,,,,,,,,,,,,,,,,,,2397,423,705,2158
leakage,gdm_early,3,0.1,leakage,0.5,1,1,3027,L1: test patients in training graph,0.9936914661202092,0.9852564496669182,0.9744525547445255,0.9721577726218097,0.956989247311828,0.9835680751173709,0.9656419529837251,0.9717357956283853,0.029113512486219406,-8.531529238160518,0.4449197892445085,0.02854989017392939,0.9996263980865479,267,419,12,7,54.23766469955444,8043792,1353.0,0.49513569827591875,531,198,478,178,1053,383,948,345,813,352,732,317,,,,,,,,,,,,,,,,,,,,,2397,423,705,2158
leakage,gdm_early,3,0.1,leakage,0.5,1,1,3027,L2: pooled final classifier,0.9940894541636324,0.9896402746615686,0.9781021897810219,0.974477958236659,0.9605734767025089,0.9859154929577465,0.969258589511754,0.9747109750359237,0.01980719342827797,-0.7422605475273666,0.7684604511264854,0.017344980390993435,0.6101318597793579,268,420,11,6,33.74169182777405,7927200,237.0,0.456466783664938,531,198,478,178,1053,383,948,345,813,352,732,317,,,,,,,,,,,,,,,,,,,,,2397,423,705,2158
leakage,gdm_early,3,0.1,leakage,0.5,1,1,3027,L3: preprocessing fitted on all data,0.9947414771283892,0.9875498268093923,0.9452554744525548,0.9837587006960556,0.9736842105263158,0.9658314350797267,0.9592592592592593,0.96698595146871,0.027813604101538658,-8.13274479156766,0.4227841202024306,0.02855916741413085,0.9999181032180786,259,424,7,15,33.26320743560791,8043792,236.0,0.48770400751943954,531,198,478,178,1053,383,948,345,813,352,732,317,,,,,,,,,,,,,,,,,,,,,2397,423,705,2158
leakage,gdm_early,3,0.1,leakage,0.5,1,1,3027,L4: one cross-silo graph at inference,0.9934882381831422,0.9840123231481924,0.9781021897810219,0.9698375870069605,0.9537366548042705,0.9858490566037735,0.9657657657657658,0.9717717717717718,0.02898760885000229,-7.6295906433811105,0.45488417577121654,0.02840776651311693,0.9982175230979919,268,418,13,6,33.05854415893555,8043792,237.0,0.49631028204470906,531,198,478,178,1053,383,948,345,813,352,732,317,,,,,,,,,,,,,,,,,,,,,2397,423,705,2158
leakage,gdm_early,3,0.1,leakage,0.5,1,1,3027,All four shortcuts,0.9928616187105188,0.9814954810951868,0.9744525547445255,0.9767981438515081,0.9638989169675091,0.9836448598130841,0.969147005444646,0.9746782757141741,0.019262127578258514,-0.5051813435933152,0.9497431950673112,0.00983231304715394,0.7068187594413757,267,421,10,7,52.308414697647095,7927200,1353.0,0.5051531822872505,531,198,478,178,1053,383,948,345,813,352,732,317,,,,,,,,,,,,,,,,,,,,,2397,423,705,2158
leakage,gdm_early,3,0.1,leakage,0.5,1,1,3027,"FedAvg-LR, correct protocol",0.9871034938269514,0.9763741216836764,0.9927007299270073,0.951276102088167,0.9283276450511946,0.9951456310679612,0.9594356261022927,0.9660760574165081,0.030023423954844475,-0.38862344473913396,0.996051836558665,0.03374201154455225,0.2398379147052765,272,410,21,2,1.1230418682098389,22128,,0.4907104687161083,531,198,478,178,1053,383,948,345,813,352,732,317,,,,,,,,,,,,,,,,,,,,,2397,423,705,2158
leakage,gdm_early,3,0.1,leakage,0.5,1,1,3027,"FedAvg-LR, L3",0.9870823242501736,0.976339286150306,0.9927007299270073,0.951276102088167,0.9283276450511946,0.9951456310679612,0.9594356261022927,0.9660760574165081,0.029961124062538147,-0.3890097500784599,0.9960678108852897,0.031050385442291592,0.23452377319335938,272,410,21,2,1.1248586177825928,22128,,0.4906943650214606,531,198,478,178,1053,383,948,345,813,352,732,317,,,,,,,,,,,,,,,,,,,,,2397,423,705,2158
leakage,gdm_early,3,0.1,leakage,0.5,1,2,3028,Correct protocol (this study),0.9899867901840906,0.9743704113689157,0.9963503649635036,0.9466357308584686,0.9222972972972973,0.9975550122249389,0.9578947368421052,0.9646616541353383,0.026546472683548927,-4.56489025727589,0.40961898794320056,0.027492267864340156,0.013301312923431396,273,408,23,1,46.36228370666504,8043792,236.0,0.4944869494343988,465,270,419,243,415,135,374,122,1517,528,1365,475,,,,,,,,,,,,,,,,,,,,,2397,423,705,2158
leakage,gdm_early,3,0.1,leakage,0.5,1,2,3028,L1: test patients in training graph,0.9880180195437531,0.970594181577574,0.9890510948905109,0.9675174013921114,0.9508771929824561,0.9928571428571429,0.9695885509838998,0.9748060263732661,0.026110023260116577,-7.4281109062594215,0.4000067918142036,0.026199626566591198,0.9803314805030823,271,417,14,3,48.46647357940674,8043792,1312.0,0.5059577097259742,465,270,419,243,415,135,374,122,1517,528,1365,475,,,,,,,,,,,,,,,,,,,,,2397,423,705,2158
leakage,gdm_early,3,0.1,leakage,0.5,1,2,3028,L2: pooled final classifier,0.9898809423002015,0.9685652600845731,0.9963503649635036,0.951276102088167,0.9285714285714286,0.9975669099756691,0.9612676056338029,0.9675696698002744,0.02186821773648262,-0.9597612094928373,0.7553487623891973,0.018228110618202398,0.10915014147758484,273,410,21,1,35.91259503364563,7927200,236.0,0.49115709975745864,465,270,419,243,415,135,374,122,1517,528,1365,475,,,,,,,,,,,,,,,,,,,,,2397,423,705,2158
leakage,gdm_early,3,0.1,leakage,0.5,1,2,3028,L3: preprocessing fitted on all data,0.9897877961623791,0.976454704648621,0.9927007299270073,0.9489559164733179,0.9251700680272109,0.9951338199513382,0.9577464788732394,0.9646214579639356,0.02771722711622715,-4.64680626698067,0.426879589792141,0.028503586684769766,0.0344356894493103,272,409,22,2,35.76541996002197,8043792,235.0,0.4735544469202505,465,270,419,243,415,135,374,122,1517,528,1365,475,,,,,,,,,,,,,,,,,,,,,2397,423,705,2158
leakage,gdm_early,3,0.1,leakage,0.5,1,2,3028,L4: one cross-silo graph at inference,0.9878698325063084,0.9713279494812782,0.9927007299270073,0.9535962877030162,0.9315068493150684,0.9951573849878934,0.9611307420494699,0.9675321956692847,0.028486130759119987,-6.2658996031183145,0.4067737796014232,0.029556528480140603,0.21614423394203186,272,411,20,2,35.25192618370056,8043792,236.0,0.4978848290050546,465,270,419,243,415,135,374,122,1517,528,1365,475,,,,,,,,,,,,,,,,,,,,,2397,423,705,2158
leakage,gdm_early,3,0.1,leakage,0.5,1,2,3028,All four shortcuts,0.985105085779125,0.9582740646492272,0.9963503649635036,0.951276102088167,0.9285714285714286,0.9975669099756691,0.9612676056338029,0.9675696698002744,0.023068949580192566,-1.2426071665693024,0.8312675207898895,0.020875088978849397,0.06350836157798767,273,410,21,1,56.63500642776489,7927200,1305.0,0.5100769690874791,465,270,419,243,415,135,374,122,1517,528,1365,475,,,,,,,,,,,,,,,,,,,,,2397,423,705,2158
leakage,gdm_early,3,0.1,leakage,0.5,1,2,3028,"FedAvg-LR, correct protocol",0.9821794502684301,0.9407536269494118,0.9963503649635036,0.9396751740139211,0.9130434782608695,0.9975369458128078,0.9528795811518325,0.9603107583178517,0.028530867770314217,-0.6686891731671641,0.8298433692525474,0.046808594222187146,0.21789991855621338,273,405,26,1,1.1667158603668213,22128,,0.49890790658542516,465,270,419,243,415,135,374,122,1517,528,1365,475,,,,,,,,,,,,,,,,,,,,,2397,423,705,2158
leakage,gdm_early,3,0.1,leakage,0.5,1,2,3028,"FedAvg-LR, L3",0.9824377191051196,0.9416185617997845,0.9963503649635036,0.9373549883990719,0.91,0.9975308641975309,0.9512195121951219,0.9588633446143073,0.028236055746674538,-0.6316459555178421,0.8405170911016308,0.04632453816738113,0.21059180796146393,273,404,27,1,1.2830159664154053,22128,,0.49831962876054137,465,270,419,243,415,135,374,122,1517,528,1365,475,,,,,,,,,,,,,,,,,,,,,2397,423,705,2158
leakage,gdm_early,3,0.1,leakage,0.5,1,3,3029,Correct protocol (this study),0.9876997885835096,0.982180037740574,0.9236363636363636,0.9813953488372092,0.9694656488549618,0.9525959367945824,0.9459962756052142,0.9563887449045544,0.027985239401459694,0.28894803405350983,0.3884026704952286,0.02728191371495233,0.9518757462501526,254,422,8,21,34.32966947555542,8043792,230.0,0.49155081865925243,439,420,395,378,473,58,426,52,1485,454,1337,409,,,,,,,,,,,,,,,,,,,,,2397,423,705,2158
leakage,gdm_early,3,0.1,leakage,0.5,1,3,3029,L1: test patients in training graph,0.9879365750528541,0.9709904720639329,0.9490909090909091,0.9767441860465116,0.9630996309963099,0.967741935483871,0.9560439560439561,0.9641330891330891,0.02942260354757309,1.3845041069685342,0.3244239644263576,0.030984733120624185,0.9940106272697449,261,420,10,14,49.360851526260376,8043792,1271.0,0.5080357436291811,439,420,395,378,473,58,426,52,1485,454,1337,409,,,,,,,,,,,,,,,,,,,,,2397,423,705,2158
leakage,gdm_early,3,0.1,leakage,0.5,1,3,3029,L2: pooled final classifier,0.9871458773784356,0.9795183726451653,0.92,0.9813953488372092,0.9693486590038314,0.9504504504504504,0.9440298507462687,0.9548524539772534,0.030065122991800308,0.28600238662255306,0.6808199219185644,0.023693962475773704,0.7092278003692627,253,422,8,22,34.992170572280884,7927200,230.0,0.4840908642754323,439,420,395,378,473,58,426,52,1485,454,1337,409,,,,,,,,,,,,,,,,,,,,,2397,423,705,2158
leakage,gdm_early,3,0.1,leakage,0.5,1,3,3029,L3: preprocessing fitted on all data,0.9863847780126849,0.9826905257200459,0.9418181818181818,0.9790697674418605,0.9664179104477612,0.9633867276887872,0.9539594843462247,0.9625622104545426,0.03150854632258415,0.47604546961398575,0.3985516324876371,0.028579467343800555,0.7343190312385559,259,421,9,16,34.789040327072144,8043792,230.0,0.5028536404209308,439,420,395,378,473,58,426,52,1485,454,1337,409,,,,,,,,,,,,,,,,,,,,,2397,423,705,2158
leakage,gdm_early,3,0.1,leakage,0.5,1,3,3029,L4: one cross-silo graph at inference,0.9903974630021142,0.9796226942155183,0.9418181818181818,0.9813953488372092,0.9700374531835206,0.9634703196347032,0.955719557195572,0.9640348938051593,0.02490135282278061,0.34992474964689035,0.3523092184808135,0.02566703095460799,0.9955785870552063,259,422,8,16,40.49903225898743,8043792,230.0,0.5040936249088005,439,420,395,378,473,58,426,52,1485,454,1337,409,,,,,,,,,,,,,,,,,,,,,2397,423,705,2158
leakage,gdm_early,3,0.1,leakage,0.5,1,3,3029,All four shortcuts,0.983120507399577,0.9601385017890761,0.9345454545454546,0.9767441860465116,0.9625468164794008,0.958904109589041,0.948339483394834,0.9580407094393525,0.026519866660237312,0.5228229171446619,0.7494262934993046,0.021005584351744867,0.7931129336357117,257,420,10,18,59.720556020736694,7927200,1270.0,0.5057345585287139,439,420,395,378,473,58,426,52,1485,454,1337,409,,,,,,,,,,,,,,,,,,,,,2397,423,705,2158
leakage,gdm_early,3,0.1,leakage,0.5,1,3,3029,"FedAvg-LR, correct protocol",0.9769640591966173,0.9719433366954794,0.9563636363636364,0.9744186046511628,0.9598540145985401,0.9721577726218097,0.9581056466302368,0.9656962611780684,0.033341553062200546,0.14480620023783108,1.039271807981373,0.041309735168379255,0.44175055623054504,263,419,11,12,1.0724682807922363,22128,,0.5059807150040423,439,420,395,378,473,58,426,52,1485,454,1337,409,,,,,,,,,,,,,,,,,,,,,2397,423,705,2158
leakage,gdm_early,3,0.1,leakage,0.5,1,3,3029,"FedAvg-LR, L3",0.9770063424947145,0.9720719631356433,0.9563636363636364,0.9767441860465116,0.9633699633699634,0.9722222222222222,0.9598540145985401,0.9671659864175995,0.03338754549622536,0.1387236352522965,1.0420381434940529,0.04207022791424541,0.44780048727989197,263,420,10,12,1.14365553855896,22128,,0.5059534373171902,439,420,395,378,473,58,426,52,1485,454,1337,409,,,,,,,,,,,,,,,,,,,,,2397,423,705,2158
leakage,gdm_early,3,0.1,leakage,0.5,1,4,3030,Correct protocol (this study),0.9921014799154334,0.9863556315392437,0.9745454545454545,0.9720930232558139,0.9571428571428572,0.9835294117647059,0.9657657657657658,0.9717717717717718,0.024385033175349236,-2.714337351713163,0.4433978682722793,0.025124556619462585,0.6403957605361938,268,418,12,7,42.23249888420105,8043792,228.0,0.4955855420419087,668,58,601,52,1388,796,1249,716,341,78,307,70,,,,,,,,,,,,,,,,,,,,,2397,423,705,2157
leakage,gdm_early,3,0.1,leakage,0.5,1,4,3030,L1: test patients in training graph,0.9926680761099366,0.9879760972223192,0.9672727272727273,0.9813953488372092,0.9708029197080292,0.9791183294663574,0.9690346083788707,0.9746450626098767,0.021691542118787766,-0.8221171708649605,0.5865247459817506,0.02049550584101295,0.9081180691719055,266,422,8,9,60.71779537200928,8043792,1332.0,0.5239454587899532,668,58,601,52,1388,796,1249,716,341,78,307,70,,,,,,,,,,,,,,,,,,,,,2397,423,705,2157
leakage,gdm_early,3,0.1,leakage,0.5,1,4,3030,L2: pooled final classifier,0.9934291754756871,0.9897055045133912,0.9672727272727273,0.9744186046511628,0.9602888086642599,0.9789719626168224,0.9637681159420289,0.9702290463160028,0.025921357795596123,0.6019453429571747,0.8066752927338378,0.0203437254407463,0.40069931745529175,266,419,11,9,53.737279415130615,7927200,228.0,0.47326073447163614,668,58,601,52,1388,796,1249,716,341,78,307,70,,,,,,,,,,,,,,,,,,,,,2397,423,705,2157
leakage,gdm_early,3,0.1,leakage,0.5,1,4,3030,L3: preprocessing fitted on all data,0.9911712473572938,0.9854279806343275,0.9709090909090909,0.9720930232558139,0.956989247311828,0.9812206572769953,0.9638989169675091,0.9702672154931004,0.023886406794190407,-2.1912143855985584,0.49228433931592486,0.0236900618965308,0.8869489431381226,267,418,12,8,66.26045274734497,8043792,229.0,0.4995367219378109,668,58,601,52,1388,796,1249,716,341,78,307,70,,,,,,,,,,,,,,,,,,,,,2397,423,705,2157
leakage,gdm_early,3,0.1,leakage,0.5,1,4,3030,L4: one cross-silo graph at inference,0.9897505285412262,0.9764527977986677,0.9818181818181818,0.9744186046511628,0.9608540925266904,0.9882075471698113,0.9712230215827338,0.9762438292925378,0.022723333910107613,-2.4236293763243113,0.5044610268991645,0.023020201491634543,0.6677188277244568,270,419,11,5,48.07828760147095,8043792,228.0,0.4998017340869411,668,58,601,52,1388,796,1249,716,341,78,307,70,,,,,,,,,,,,,,,,,,,,,2397,423,705,2157
leakage,gdm_early,3,0.1,leakage,0.5,1,4,3030,All four shortcuts,0.9939619450317125,0.9828972647991261,0.9781818181818182,0.9744186046511628,0.9607142857142857,0.9858823529411764,0.9693693693693693,0.9747431642168485,0.020218268036842346,-0.10675199250586215,0.8727598166046118,0.012260574844157218,0.4681036174297333,269,419,11,6,74.2456362247467,7927200,1335.0,0.5024459371927783,668,58,601,52,1388,796,1249,716,341,78,307,70,,,,,,,,,,,,,,,,,,,,,2397,423,705,2157
leakage,gdm_early,3,0.1,leakage,0.5,1,4,3030,"FedAvg-LR, correct protocol",0.9835010570824524,0.9694794524826448,0.9709090909090909,0.9674418604651163,0.9501779359430605,0.9811320754716981,0.960431654676259,0.9673352652772396,0.02914588153362274,-0.6048096828768544,0.8895922469568087,0.038825392308281664,0.48868680000305176,267,416,14,8,1.0024092197418213,22128,,0.4950699849081171,668,58,601,52,1388,796,1249,716,341,78,307,70,,,,,,,,,,,,,,,,,,,,,2397,423,705,2157
leakage,gdm_early,3,0.1,leakage,0.5,1,4,3030,"FedAvg-LR, L3",0.9835264270613109,0.9697306823317836,0.9709090909090909,0.9697674418604652,0.9535714285714286,0.9811764705882353,0.9621621621621622,0.9688003793266952,0.028909767046570778,-0.5887485138588564,0.8909302238251425,0.04119890272511659,0.4879823923110962,267,417,13,8,1.2551989555358887,22128,,0.49508741126531797,668,58,601,52,1388,796,1249,716,341,78,307,70,,,,,,,,,,,,,,,,,,,,,2397,423,705,2157
leakage,gdm_early,3,0.1,leakage,0.5,2,0,4026,Correct protocol (this study),0.9893093637272004,0.9823611354968227,0.9708029197080292,0.9698375870069605,0.953405017921147,0.9812206572769953,0.9620253164556962,0.968760616220847,0.027446089312434196,-2.4379284179010345,0.4471477536161117,0.026271650570292824,0.8310818076133728,266,418,13,8,45.00423240661621,8043792,228.0,0.5333859168260604,1453,178,1308,160,701,692,631,623,243,63,219,57,,,,,,,,,,,,,,,,,,,,,2397,423,705,2158
leakage,gdm_early,3,0.1,leakage,0.5,2,0,4026,L1: test patients in training graph,0.9836909580503667,0.962281408644373,0.9635036496350365,0.9698375870069605,0.9530685920577617,0.9766355140186916,0.9582577132486388,0.9657411965544708,0.026993023231625557,-4.049268168581652,0.38781120093059174,0.026009554879621,0.9692758917808533,264,418,13,10,65.01128506660461,8043792,1252.0,0.5147871354485043,1453,178,1308,160,701,692,631,623,243,63,219,57,,,,,,,,,,,,,,,,,,,,,2397,423,705,2158
leakage,gdm_early,3,0.1,leakage,0.5,2,0,4026,L2: pooled final classifier,0.9855200094839704,0.9795582684302662,0.9598540145985401,0.9675174013921114,0.9494584837545126,0.9742990654205608,0.9546279491833031,0.962762170167903,0.030163176357746124,-0.13350641917251724,0.6664279502847602,0.02147280163534569,0.5419597625732422,263,417,14,11,74.27564716339111,7927200,228.0,0.5500680298937157,1453,178,1308,160,701,692,631,623,243,63,219,57,,,,,,,,,,,,,,,,,,,,,2397,423,705,2158
leakage,gdm_early,3,0.1,leakage,0.5,2,0,4026,L3: preprocessing fitted on all data,0.9878867681677308,0.9805191499691075,0.9671532846715328,0.9698375870069605,0.9532374100719424,0.9789227166276346,0.9601449275362319,0.9672519509476032,0.03106711618602276,-3.9486700977256333,0.37871366794003697,0.030808071940080513,0.9508665204048157,265,418,13,9,47.33403944969177,8043792,227.0,0.5364702673213312,1453,178,1308,160,701,692,631,623,243,63,219,57,,,,,,,,,,,,,,,,,,,,,2397,423,705,2158
leakage,gdm_early,3,0.1,leakage,0.5,2,0,4026,L4: one cross-silo graph at inference,0.9873194235100852,0.975356132267772,0.9854014598540146,0.9582366589327146,0.9375,0.9904076738609112,0.9608540925266904,0.9674553481501377,0.029072048142552376,-3.910926520932384,0.4026718030725413,0.028314608279681713,0.1766396313905716,270,413,18,4,47.31544899940491,8043792,228.0,0.5143362319983699,1453,178,1308,160,701,692,631,623,243,63,219,57,,,,,,,,,,,,,,,,,,,,,2397,423,705,2158
leakage,gdm_early,3,0.1,leakage,0.5,2,0,4026,All four shortcuts,0.9891273053669111,0.9766845692301203,0.9635036496350365,0.974477958236659,0.96,0.9767441860465116,0.9617486338797814,0.9686791949886712,0.023221878334879875,-0.1790503553648517,0.8367582490409714,0.013824132891992729,0.6310133934020996,264,420,11,10,72.63403272628784,7927200,1254.0,0.5144289104043014,1453,178,1308,160,701,692,631,623,243,63,219,57,,,,,,,,,,,,,,,,,,,,,2397,423,705,2158
leakage,gdm_early,3,0.1,leakage,0.5,2,0,4026,"FedAvg-LR, correct protocol",0.976129185225329,0.9667131148639161,0.9635036496350365,0.9582366589327146,0.9361702127659575,0.9763593380614657,0.9496402877697842,0.9584267012619412,0.046785347163677216,0.8497797594283937,0.8432229946970341,0.04755025921878239,0.1763174831867218,264,413,18,10,0.9172427654266357,22128,,0.4894517513589546,1453,178,1308,160,701,692,631,623,243,63,219,57,,,,,,,,,,,,,,,,,,,,,2397,423,705,2158
leakage,gdm_early,3,0.1,leakage,0.5,2,0,4026,"FedAvg-LR, L3",0.9760953139024844,0.9668360681788866,0.9635036496350365,0.962877030162413,0.9428571428571428,0.9764705882352941,0.9530685920577617,0.9613473801410304,0.0463671050965786,0.8519098399291176,0.8298743427304622,0.046091166059387484,0.1846584975719452,264,415,16,10,1.7954113483428955,22128,,0.48960555807518125,1453,178,1308,160,701,692,631,623,243,63,219,57,,,,,,,,,,,,,,,,,,,,,2397,423,705,2158
leakage,gdm_early,3,0.1,leakage,0.5,2,1,4027,Correct protocol (this study),0.9911130116686707,0.974236788903503,1.0,0.9559164733178654,0.9351535836177475,1.0,0.9664902998236331,0.971975873517985,0.027224671095609665,-7.618258992115951,0.4552067683013793,0.028228462992420978,0.42727944254875183,274,412,19,0,47.130491495132446,8043792,235.0,0.46728147738786036,414,148,372,133,316,88,284,79,1667,697,1500,627,,,,,,,,,,,,,,,,,,,,,2397,423,705,2156
leakage,gdm_early,3,0.1,leakage,0.5,2,1,4027,L1: test patients in training graph,0.9912993039443155,0.9758400525871646,1.0,0.9396751740139211,0.9133333333333333,1.0,0.9547038327526133,0.9618016771418569,0.025006595999002457,-7.137060041196602,0.4902164369612689,0.026307044129369534,0.020674744620919228,274,405,26,0,93.5516848564148,8043792,1349.0,0.4846803905314544,414,148,372,133,316,88,284,79,1667,697,1500,627,,,,,,,,,,,,,,,,,,,,,2397,423,705,2156
leakage,gdm_early,3,0.1,leakage,0.5,2,1,4027,L2: pooled final classifier,0.9930648466475859,0.9868513069841061,0.9963503649635036,0.9466357308584686,0.9222972972972973,0.9975550122249389,0.9578947368421052,0.9646616541353383,0.021223466843366623,-0.8492964153981434,0.792308976372139,0.01446143217279134,0.03183312714099884,273,408,23,1,49.40569019317627,7927200,235.0,0.4436285345859814,414,148,372,133,316,88,284,79,1667,697,1500,627,,,,,,,,,,,,,,,,,,,,,2397,423,705,2156
leakage,gdm_early,3,0.1,leakage,0.5,2,1,4027,L3: preprocessing fitted on all data,0.9909817602926483,0.9758140231949847,1.0,0.9559164733178654,0.9351535836177475,1.0,0.9664902998236331,0.971975873517985,0.02675073966383934,-7.314677249236825,0.43362015108214164,0.027808164425379204,0.211591437458992,274,412,19,0,50.15127468109131,8043792,238.0,0.4665535072829906,414,148,372,133,316,88,284,79,1667,697,1500,627,,,,,,,,,,,,,,,,,,,,,2397,423,705,2156
leakage,gdm_early,3,0.1,leakage,0.5,2,1,4027,L4: one cross-silo graph at inference,0.9920487069622503,0.9773939688535485,1.0,0.9489559164733179,0.9256756756756757,1.0,0.9614035087719298,0.9676065162907268,0.026782279834151268,-8.036506948200739,0.5165304560518406,0.027619845588057426,0.03140934929251671,274,409,22,0,56.243051290512085,8043792,235.0,0.4817214700193424,414,148,372,133,316,88,284,79,1667,697,1500,627,,,,,,,,,,,,,,,,,,,,,2397,423,705,2156
leakage,gdm_early,3,0.1,leakage,0.5,2,1,4027,All four shortcuts,0.990634579233492,0.9696807360591068,1.0,0.9443155452436195,0.9194630872483222,1.0,0.958041958041958,0.9647011699517666,0.020432252436876297,-1.1063768806475067,0.9345996658017447,0.01972197919013971,0.05501868948340416,274,407,24,0,62.7060010433197,7927200,1351.0,0.48096948644061105,414,148,372,133,316,88,284,79,1667,697,1500,627,,,,,,,,,,,,,,,,,,,,,2397,423,705,2156
leakage,gdm_early,3,0.1,leakage,0.5,2,1,4027,"FedAvg-LR, correct protocol",0.9874422070553965,0.9733256711197857,1.0,0.9466357308584686,0.9225589225589226,1.0,0.9597197898423818,0.9661531011190455,0.027120154350996017,-0.6702570248719115,0.9092251822162443,0.04273951295102742,0.1950160264968872,274,408,23,0,1.1457219123840332,22128,,0.4945384149791444,414,148,372,133,316,88,284,79,1667,697,1500,627,,,,,,,,,,,,,,,,,,,,,2397,423,705,2156
leakage,gdm_early,3,0.1,leakage,0.5,2,1,4027,"FedAvg-LR, L3",0.9874252713939743,0.9732819209304755,1.0,0.9419953596287703,0.9163879598662207,1.0,0.956369982547993,0.9632507021461589,0.027105271816253662,-0.6723487254014948,0.9094397097034919,0.042626252360906156,0.19015367329120636,274,406,25,0,1.1888751983642578,22128,,0.49456275740470274,414,148,372,133,316,88,284,79,1667,697,1500,627,,,,,,,,,,,,,,,,,,,,,2397,423,705,2156
leakage,gdm_early,3,0.1,leakage,0.5,2,2,4028,Correct protocol (this study),0.9894744864260674,0.973565896418853,0.9817518248175182,0.9559164733178654,0.9340277777777778,0.988009592326139,0.9572953736654805,0.9644967434365138,0.030474582687020302,-5.070522685309149,0.39306529786297223,0.031741607890972974,0.3797694742679596,269,412,19,5,45.30535936355591,8043792,236.0,0.46374101145207586,370,333,333,300,372,283,335,255,1655,317,1489,285,,,,,,,,,,,,,,,,,,,,,2397,423,705,2157
leakage,gdm_early,3,0.1,leakage,0.5,2,2,4028,L1: test patients in training graph,0.9861254593798161,0.9681953121705067,0.9817518248175182,0.962877030162413,0.9438596491228071,0.9880952380952381,0.962432915921288,0.9688780325787403,0.02817382849752903,-5.640893172829897,0.39433346390820073,0.027500008835939456,0.4945775866508484,269,415,16,5,67.05188703536987,8043792,1322.0,0.48869325336936975,370,333,333,300,372,283,335,255,1655,317,1489,285,,,,,,,,,,,,,,,,,,,,,2397,423,705,2157
leakage,gdm_early,3,0.1,leakage,0.5,2,2,4028,L2: pooled final classifier,0.9886192355242434,0.983207744172802,0.9744525547445255,0.9767981438515081,0.9638989169675091,0.9836448598130841,0.969147005444646,0.9746782757141741,0.022306615486741066,-0.8622144439522692,0.777919327714709,0.01773940217251896,0.7137275338172913,267,421,10,7,54.10170364379883,7927200,236.0,0.4858603195270552,370,333,333,300,372,283,335,255,1655,317,1489,285,,,,,,,,,,,,,,,,,,,,,2397,423,705,2157
leakage,gdm_early,3,0.1,leakage,0.5,2,2,4028,L3: preprocessing fitted on all data,0.9903212694971801,0.9754922765856497,0.9854014598540146,0.951276102088167,0.9278350515463918,0.9903381642512077,0.9557522123893806,0.9630832067864062,0.029700694605708122,-4.623529892318114,0.41833045470050967,0.030507451178611717,0.17137806117534637,270,410,21,4,45.55935764312744,8043792,236.0,0.4640379171228755,370,333,333,300,372,283,335,255,1655,317,1489,285,,,,,,,,,,,,,,,,,,,,,2397,423,705,2157
leakage,gdm_early,3,0.1,leakage,0.5,2,2,4028,L4: one cross-silo graph at inference,0.9886700425085102,0.9696128053436255,0.9817518248175182,0.9559164733178654,0.9340277777777778,0.988009592326139,0.9572953736654805,0.9644967434365138,0.030287057161331177,-5.159882210751309,0.3851935515929988,0.03006507388154271,0.04816547781229019,269,412,19,5,46.541377544403076,8043792,236.0,0.4848778675399573,370,333,333,300,372,283,335,255,1655,317,1489,285,,,,,,,,,,,,,,,,,,,,,2397,423,705,2157
leakage,gdm_early,3,0.1,leakage,0.5,2,2,4028,All four shortcuts,0.9875438210239301,0.9509486811939196,0.9817518248175182,0.9675174013921114,0.950530035335689,0.9881516587677726,0.9658886894075404,0.9718071817494911,0.024800781160593033,-0.8291018921723537,0.7916852629867221,0.016137075001466338,0.3541436791419983,269,417,14,5,57.91097950935364,7927200,1318.0,0.48487326435126277,370,333,333,300,372,283,335,255,1655,317,1489,285,,,,,,,,,,,,,,,,,,,,,2397,423,705,2157
leakage,gdm_early,3,0.1,leakage,0.5,2,2,4028,"FedAvg-LR, correct protocol",0.9784324351787559,0.9638847964174002,0.9562043795620438,0.9675174013921114,0.9492753623188406,0.972027972027972,0.9527272727272728,0.9612473572938689,0.037307608872652054,0.10920428190293699,0.926707809977147,0.04524862379469772,0.3747594654560089,262,417,14,12,0.9192149639129639,22128,,0.5006227456705367,370,333,333,300,372,283,335,255,1655,317,1489,285,,,,,,,,,,,,,,,,,,,,,2397,423,705,2157
leakage,gdm_early,3,0.1,leakage,0.5,2,2,4028,"FedAvg-LR, L3",0.9783900960252002,0.9642447711793657,0.9671532846715328,0.962877030162413,0.9430604982206405,0.9787735849056604,0.954954954954955,0.9628575944365418,0.03773855045437813,0.11426767963308772,0.9260483172695221,0.04531136687501527,0.3094640374183655,265,415,16,9,1.1178927421569824,22128,,0.5008499459125328,370,333,333,300,372,283,335,255,1655,317,1489,285,,,,,,,,,,,,,,,,,,,,,2397,423,705,2157
leakage,gdm_early,3,0.1,leakage,0.5,2,3,4029,Correct protocol (this study),0.9917885835095138,0.9819429280594704,0.9818181818181818,0.9674418604651163,0.9507042253521126,0.9881235154394299,0.9660107334525939,0.9718420294760032,0.02380373887717724,-1.2801586422948588,0.5823765492261368,0.0229572151787579,0.2974647581577301,270,416,14,5,45.96736788749695,8043792,230.0,0.47247319885105066,818,54,737,49,310,170,279,153,1269,708,1142,637,,,,,,,,,,,,,,,,,,,,,2397,423,705,2158
leakage,gdm_early,3,0.1,leakage,0.5,2,3,4029,L1: test patients in training graph,0.9931289640591966,0.9789444063600908,0.9927272727272727,0.9651162790697675,0.9479166666666666,0.9952038369304557,0.9698046181172292,0.9748668899322863,0.024435557425022125,-5.505506949821489,0.5097224324366479,0.02499280598358061,0.8877264857292175,273,415,15,2,71.90897464752197,8043792,1225.0,0.4999723936663183,818,54,737,49,310,170,279,153,1269,708,1142,637,,,,,,,,,,,,,,,,,,,,,2397,423,705,2158
leakage,gdm_early,3,0.1,leakage,0.5,2,3,4029,L2: pooled final classifier,0.992938689217759,0.9862459936917918,0.9963636363636363,0.9604651162790697,0.9415807560137457,0.9975845410628019,0.9681978798586572,0.9734354328203239,0.020495757460594177,-0.13473664573646024,0.8905068488372856,0.014500154648636675,0.08601925522089005,274,413,17,1,43.627336740493774,7927200,230.0,0.4856598242396756,818,54,737,49,310,170,279,153,1269,708,1142,637,,,,,,,,,,,,,,,,,,,,,2397,423,705,2158
leakage,gdm_early,3,0.1,leakage,0.5,2,3,4029,L3: preprocessing fitted on all data,0.9946553911205074,0.9902648568527159,0.9745454545454545,0.9697674418604652,0.9537366548042705,0.9834905660377359,0.9640287769784173,0.9703047866156723,0.023339789360761642,-0.9076023895956771,0.5997619671498046,0.024285887177630666,0.45486220717430115,268,417,13,7,41.56647348403931,8043792,230.0,0.4718773621490873,818,54,737,49,310,170,279,153,1269,708,1142,637,,,,,,,,,,,,,,,,,,,,,2397,423,705,2158
leakage,gdm_early,3,0.1,leakage,0.5,2,3,4029,L4: one cross-silo graph at inference,0.9937167019027484,0.9856140124088074,0.9818181818181818,0.9744186046511628,0.9608540925266904,0.9882075471698113,0.9712230215827338,0.9762438292925378,0.019360965117812157,-1.5082365992340556,0.7066496433311401,0.018438607022324777,0.6649962067604065,270,419,11,5,44.762250900268555,8043792,230.0,0.5068496572213568,818,54,737,49,310,170,279,153,1269,708,1142,637,,,,,,,,,,,,,,,,,,,,,2397,423,705,2158
leakage,gdm_early,3,0.1,leakage,0.5,2,3,4029,All four shortcuts,0.992845665961945,0.9725926622344242,0.9963636363636363,0.9627906976744186,0.9448275862068966,0.9975903614457832,0.9699115044247788,0.9748965806147563,0.020004823803901672,-0.4705223395160901,0.9595958493456258,0.01183241878418213,0.06860354542732239,274,414,16,1,56.73064374923706,7927200,1223.0,0.5150037137091739,818,54,737,49,310,170,279,153,1269,708,1142,637,,,,,,,,,,,,,,,,,,,,,2397,423,705,2158
leakage,gdm_early,3,0.1,leakage,0.5,2,3,4029,"FedAvg-LR, correct protocol",0.9817251585623679,0.951975432009456,0.9818181818181818,0.9651162790697675,0.9473684210526315,0.9880952380952381,0.9642857142857143,0.9703781512605042,0.031659699976444244,-0.5884203268386582,0.9717790356786428,0.06168514729497283,0.519775927066803,270,415,15,5,1.1200079917907715,22128,,0.4988990331210275,818,54,737,49,310,170,279,153,1269,708,1142,637,,,,,,,,,,,,,,,,,,,,,2397,423,705,2158
leakage,gdm_early,3,0.1,leakage,0.5,2,3,4029,"FedAvg-LR, L3",0.9818435517970401,0.9526735340396334,0.9854545454545455,0.9651162790697675,0.9475524475524476,0.9904534606205251,0.966131907308378,0.9718763187896424,0.031764715909957886,-0.5812058442204899,0.9724285097746332,0.06191317072362766,0.5226240158081055,271,415,15,4,1.093717098236084,22128,,0.49938082937313905,818,54,737,49,310,170,279,153,1269,708,1142,637,,,,,,,,,,,,,,,,,,,,,2397,423,705,2158
leakage,gdm_early,3,0.1,leakage,0.5,2,4,4030,Correct protocol (this study),0.9883847780126849,0.9692461162308897,0.96,0.9697674418604652,0.9530685920577617,0.9742990654205608,0.9565217391304348,0.9642748555792033,0.028757955878973007,-1.09093223972307,0.4982352702727727,0.027073907333010044,0.6729835271835327,264,417,13,11,56.17229175567627,8043792,226.0,0.49996514728559827,1036,855,933,770,1298,71,1168,64,63,6,56,5,,,,,,,,,,,,,,,,,,,,,2397,423,705,2157
leakage,gdm_early,3,0.1,leakage,0.5,2,4,4030,L1: test patients in training graph,0.9803298097251586,0.9554096991910439,0.96,0.9744186046511628,0.96,0.9744186046511628,0.96,0.9672093023255814,0.03176366537809372,0.8162912211377968,0.4492765253607434,0.03054080724068884,0.21647991240024567,264,419,11,11,65.32934617996216,8043792,1104.0,0.5052617734770843,1036,855,933,770,1298,71,1168,64,63,6,56,5,,,,,,,,,,,,,,,,,,,,,2397,423,705,2157
leakage,gdm_early,3,0.1,leakage,0.5,2,4,4030,L2: pooled final classifier,0.9868329809725158,0.96835887941032,0.9709090909090909,0.9720930232558139,0.956989247311828,0.9812206572769953,0.9638989169675091,0.9702672154931004,0.029345443472266197,0.7001763939258967,0.7564094709575735,0.02315798880043604,0.22773951292037964,267,418,12,8,43.0339629650116,7927200,226.0,0.4945623189549446,1036,855,933,770,1298,71,1168,64,63,6,56,5,,,,,,,,,,,,,,,,,,,,,2397,423,705,2157
leakage,gdm_early,3,0.1,leakage,0.5,2,4,4030,L3: preprocessing fitted on all data,0.9885792811839322,0.9721811785404533,0.9418181818181818,0.9720930232558139,0.955719557195572,0.9631336405529954,0.9487179487179487,0.9581552706552706,0.030199270695447922,-1.4164985396381233,0.46647775790163004,0.028920450725374688,0.909893274307251,259,418,12,16,44.991827964782715,8043792,227.0,0.4875441001916899,1036,855,933,770,1298,71,1168,64,63,6,56,5,,,,,,,,,,,,,,,,,,,,,2397,423,705,2157
leakage,gdm_early,3,0.1,leakage,0.5,2,4,4030,L4: one cross-silo graph at inference,0.9887399577167019,0.975709017346385,0.9563636363636364,0.9767441860465116,0.9633699633699634,0.9722222222222222,0.9598540145985401,0.9671659864175995,0.027797961607575417,-2.1104686016756142,0.44928023741406253,0.029898066245389338,0.9492791295051575,263,420,10,12,41.79116940498352,8043792,226.0,0.499653116851945,1036,855,933,770,1298,71,1168,64,63,6,56,5,,,,,,,,,,,,,,,,,,,,,2397,423,705,2157
leakage,gdm_early,3,0.1,leakage,0.5,2,4,4030,All four shortcuts,0.9870866807610993,0.9690140981534318,0.9636363636363636,0.9674418604651163,0.9498207885304659,0.9765258215962441,0.9566787003610109,0.9643206585917203,0.02704733982682228,-0.02285284804990951,0.8053012861307923,0.018273571691086107,0.3290494680404663,265,416,14,10,60.89444541931152,7927200,1111.0,0.508151589579696,1036,855,933,770,1298,71,1168,64,63,6,56,5,,,,,,,,,,,,,,,,,,,,,2397,423,705,2157
leakage,gdm_early,3,0.1,leakage,0.5,2,4,4030,"FedAvg-LR, correct protocol",0.9711543340380551,0.9426008459524431,0.9563636363636364,0.9697674418604652,0.9528985507246377,0.972027972027972,0.9546279491833031,0.962762170167903,0.05778888612985611,1.3204679476528225,0.8530236914340227,0.07495350137035899,0.14901362359523773,263,417,13,12,1.1301312446594238,22128,,0.504764629098071,1036,855,933,770,1298,71,1168,64,63,6,56,5,,,,,,,,,,,,,,,,,,,,,2397,423,705,2157
leakage,gdm_early,3,0.1,leakage,0.5,2,4,4030,"FedAvg-LR, L3",0.9708414376321354,0.9427033016761266,0.96,0.9697674418604652,0.9530685920577617,0.9742990654205608,0.9565217391304348,0.9642748555792033,0.058624267578125,1.350486899067292,0.8487108527140564,0.07482805700166852,0.12389447540044785,264,417,13,11,1.247220754623413,22128,,0.5046844020951085,1036,855,933,770,1298,71,1168,64,63,6,56,5,,,,,,,,,,,,,,,,,,,,,2397,423,705,2157
leakage,gdm_early,3,0.1,leakage,0.5,3,0,5026,Correct protocol (this study),0.9789235693600014,0.9530993652061754,0.9671532846715328,0.962877030162413,0.9430604982206405,0.9787735849056604,0.954954954954955,0.9628575944365418,0.03590395674109459,0.8236639246197779,0.3067652739446191,0.03754955485317832,0.012321247719228268,265,415,16,9,47.74080681800842,8043792,235.0,0.4658595100533065,526,366,473,329,105,44,95,40,1766,523,1590,471,,,,,,,,,,,,,,,,,,,,,2397,423,705,2158
leakage,gdm_early,3,0.1,leakage,0.5,3,0,5026,L1: test patients in training graph,0.9836316832353887,0.9586275323089222,0.948905109489051,0.9698375870069605,0.9523809523809523,0.9675925925925926,0.9506398537477148,0.9596768214277391,0.02869383990764618,-2.05113954654329,0.38061246541767396,0.03073255775086848,0.8647343516349792,260,418,13,14,68.06900334358215,8043792,1340.0,0.5041771012035047,526,366,473,329,105,44,95,40,1766,523,1590,471,,,,,,,,,,,,,,,,,,,,,2397,423,705,2158
leakage,gdm_early,3,0.1,leakage,0.5,3,0,5026,L2: pooled final classifier,0.9772215353870645,0.9576875199287845,0.9744525547445255,0.951276102088167,0.9270833333333334,0.9832134292565947,0.9501779359430605,0.9585795340092661,0.03584086149930954,1.2843297080828837,0.5330245566359845,0.03205750628163153,0.013083118014037609,267,410,21,7,50.30373573303223,7927200,235.0,0.44005284641019066,526,366,473,329,105,44,95,40,1766,523,1590,471,,,,,,,,,,,,,,,,,,,,,2397,423,705,2158
leakage,gdm_early,3,0.1,leakage,0.5,3,0,5026,L3: preprocessing fitted on all data,0.9829161515402984,0.9615488403215943,0.9671532846715328,0.951276102088167,0.9265734265734266,0.9785202863961814,0.9464285714285714,0.9555672268907562,0.03590242192149162,1.0686137366789876,0.4164642407398492,0.036485523369216115,0.013219250366091728,265,410,21,9,44.95388650894165,8043792,235.0,0.4636680929939069,526,366,473,329,105,44,95,40,1766,523,1590,471,,,,,,,,,,,,,,,,,,,,,2397,423,705,2158
leakage,gdm_early,3,0.1,leakage,0.5,3,0,5026,L4: one cross-silo graph at inference,0.9823276373058749,0.9569927872067846,0.9817518248175182,0.974477958236659,0.9607142857142857,0.9882352941176471,0.9711191335740073,0.9762137723944803,0.02237682417035103,-4.008302106254646,0.363692363234168,0.021732038732515717,0.672246515750885,269,420,11,5,44.515864610672,8043792,235.0,0.5021828722418316,526,366,473,329,105,44,95,40,1766,523,1590,471,,,,,,,,,,,,,,,,,,,,,2397,423,705,2158
leakage,gdm_early,3,0.1,leakage,0.5,3,0,5026,All four shortcuts,0.983580876251122,0.9535188079552935,0.9635036496350365,0.974477958236659,0.96,0.9767441860465116,0.9617486338797814,0.9686791949886712,0.023918790742754936,-0.5575258344460431,0.7084220710368874,0.018032811658047404,0.7944320440292358,264,420,11,10,62.418272256851196,7927200,1337.0,0.5099747599234911,526,366,473,329,105,44,95,40,1766,523,1590,471,,,,,,,,,,,,,,,,,,,,,2397,423,705,2158
leakage,gdm_early,3,0.1,leakage,0.5,3,0,5026,"FedAvg-LR, correct protocol",0.9735803681812794,0.9415902732836045,0.9781021897810219,0.9605568445475638,0.9403508771929825,0.9857142857142858,0.9588550983899821,0.9659140356814775,0.0328676737844944,-0.15465580232935627,0.7107032707940542,0.032658846887713616,0.25571513175964355,268,414,17,6,1.1551330089569092,22128,,0.5027336843281472,526,366,473,329,105,44,95,40,1766,523,1590,471,,,,,,,,,,,,,,,,,,,,,2397,423,705,2158
leakage,gdm_early,3,0.1,leakage,0.5,3,0,5026,"FedAvg-LR, L3",0.9734999237895237,0.9416362889896805,0.9781021897810219,0.962877030162413,0.9436619718309859,0.9857482185273159,0.9605734767025089,0.9673759402291887,0.03284815698862076,-0.1524167956693642,0.7103697638129156,0.03265993241617021,0.25518015027046204,268,415,16,6,0.9069247245788574,22128,,0.5028516685399536,526,366,473,329,105,44,95,40,1766,523,1590,471,,,,,,,,,,,,,,,,,,,,,2397,423,705,2158
leakage,gdm_early,3,0.1,leakage,0.5,3,1,5027,Correct protocol (this study),0.9967144816840822,0.9943761031136327,0.9963503649635036,0.9651972157772621,0.9479166666666666,0.9976019184652278,0.9715302491103203,0.9763311622910091,0.015499694272875786,-2.4777962486203964,0.5108420366636847,0.01511158762526112,0.02657144144177437,273,416,15,1,43.4960515499115,8043792,231.0,0.4688929659988755,197,96,177,86,1426,206,1283,185,774,631,697,568,,,,,,,,,,,,,,,,,,,,,2397,423,705,2157
leakage,gdm_early,3,0.1,leakage,0.5,3,1,5027,L1: test patients in training graph,0.9872940200179519,0.9604302279938218,0.9854014598540146,0.9767981438515081,0.9642857142857143,0.9905882352941177,0.9747292418772563,0.9791870508451702,0.01699739880859852,-3.687190465228629,0.4327351847477468,0.016814694021570875,0.5416557788848877,270,421,10,4,70.6687331199646,8043792,1243.0,0.4931540720135992,197,96,177,86,1426,206,1283,185,774,631,697,568,,,,,,,,,,,,,,,,,,,,,2397,423,705,2157
leakage,gdm_early,3,0.1,leakage,0.5,3,1,5027,L2: pooled final classifier,0.9964350432706149,0.9945683612533395,0.9963503649635036,0.9651972157772621,0.9479166666666666,0.9976019184652278,0.9715302491103203,0.9763311622910091,0.016472408547997475,-0.013394396986166745,1.0008666974954026,0.00996028674330482,0.03777420520782471,273,416,15,1,43.85324454307556,7927200,231.0,0.45431795539510156,197,96,177,86,1426,206,1283,185,774,631,697,568,,,,,,,,,,,,,,,,,,,,,2397,423,705,2157
leakage,gdm_early,3,0.1,leakage,0.5,3,1,5027,L3: preprocessing fitted on all data,0.9928065778108964,0.9849988138485428,0.9817518248175182,0.974477958236659,0.9607142857142857,0.9882352941176471,0.9711191335740073,0.9762137723944803,0.020407600328326225,-3.373911389785793,0.4617579774550363,0.020384135113778054,0.4505033791065216,269,420,11,5,42.69180083274841,8043792,232.0,0.4777389794730664,197,96,177,86,1426,206,1283,185,774,631,697,568,,,,,,,,,,,,,,,,,,,,,2397,423,705,2157
leakage,gdm_early,3,0.1,leakage,0.5,3,1,5027,L4: one cross-silo graph at inference,0.9949912781343675,0.9905015302392349,0.9963503649635036,0.9698375870069605,0.9545454545454546,0.9976133651551312,0.975,0.9792647058823529,0.015669221058487892,-3.5962130478044534,0.5831365040207503,0.01793256797332396,0.15569806098937988,273,418,13,1,43.068655014038086,8043792,231.0,0.48628578568211034,197,96,177,86,1426,206,1283,185,774,631,697,568,,,,,,,,,,,,,,,,,,,,,2397,423,705,2157
leakage,gdm_early,3,0.1,leakage,0.5,3,1,5027,All four shortcuts,0.9934967060138533,0.986684872155984,0.9963503649635036,0.9721577726218097,0.9578947368421052,0.9976190476190476,0.9767441860465116,0.9807340201677917,0.016553634777665138,-0.2480447402419962,1.0092030946936974,0.012302946774883465,0.09340431541204453,273,419,12,1,59.958869218826294,7927200,1243.0,0.4866537119784834,197,96,177,86,1426,206,1283,185,774,631,697,568,,,,,,,,,,,,,,,,,,,,,2397,423,705,2157
leakage,gdm_early,3,0.1,leakage,0.5,3,1,5027,"FedAvg-LR, correct protocol",0.9954697105695463,0.9903359133413276,1.0,0.9698375870069605,0.9547038327526133,1.0,0.9768270944741533,0.9807574812771238,0.022850370034575462,0.4646581135107535,1.500958054674482,0.04588822453738529,0.14187616109848022,274,418,13,0,0.9284515380859375,22128,,0.4890772908261737,197,96,177,86,1426,206,1283,185,774,631,697,568,,,,,,,,,,,,,,,,,,,,,2397,423,705,2157
leakage,gdm_early,3,0.1,leakage,0.5,3,1,5027,"FedAvg-LR, L3",0.995385032262435,0.9901498640813969,1.0,0.9698375870069605,0.9547038327526133,1.0,0.9768270944741533,0.9807574812771238,0.022998545318841934,0.4656915677088802,1.498857406237719,0.04600960621015823,0.1413876861333847,274,418,13,0,1.759404182434082,22128,,0.48912003472119475,197,96,177,86,1426,206,1283,185,774,631,697,568,,,,,,,,,,,,,,,,,,,,,2397,423,705,2157
leakage,gdm_early,3,0.1,leakage,0.5,3,2,5028,Correct protocol (this study),0.9763789862313073,0.9464363070815636,0.9671532846715328,0.9466357308584686,0.9201388888888888,0.9784172661870504,0.9430604982206405,0.9526623245820184,0.040904197841882706,-1.787721013049619,0.4153131361999761,0.037107762598914754,0.6644561886787415,265,408,23,9,52.057937145233154,8043792,235.0,0.5255532967539046,356,330,320,297,646,27,581,24,1395,576,1255,518,,,,,,,,,,,,,,,,,,,,,2397,423,705,2156
leakage,gdm_early,3,0.1,leakage,0.5,3,2,5028,L1: test patients in training graph,0.9833776483140549,0.9530992634710514,0.9854014598540146,0.9466357308584686,0.9215017064846417,0.9902912621359223,0.9523809523809523,0.9601762413150313,0.030979884788393974,-2.92841320975797,0.5877078259842435,0.02924154681411193,0.24247045814990997,270,408,23,4,62.58100485801697,8043792,1221.0,0.5281158304714536,356,330,320,297,646,27,581,24,1395,576,1255,518,,,,,,,,,,,,,,,,,,,,,2397,423,705,2156
leakage,gdm_early,3,0.1,leakage,0.5,3,2,5028,L2: pooled final classifier,0.9740037597168357,0.949845024384268,0.9927007299270073,0.9164733178654292,0.8831168831168831,0.9949622166246851,0.9347079037800687,0.9444070919866527,0.051467765122652054,0.26163807882420603,0.5947349504206985,0.05173820964529689,0.03251071646809578,272,395,36,2,38.71381139755249,7927200,235.0,0.5130057632337268,356,330,320,297,646,27,581,24,1395,576,1255,518,,,,,,,,,,,,,,,,,,,,,2397,423,705,2156
leakage,gdm_early,3,0.1,leakage,0.5,3,2,5028,L3: preprocessing fitted on all data,0.9772892780327536,0.9480286170355696,0.9671532846715328,0.9466357308584686,0.9201388888888888,0.9784172661870504,0.9430604982206405,0.9526623245820184,0.040193770080804825,-1.4032628930291537,0.4637598132594781,0.039859804880957236,0.6278125643730164,265,408,23,9,42.48417019844055,8043792,234.0,0.5196722983197147,356,330,320,297,646,27,581,24,1395,576,1255,518,,,,,,,,,,,,,,,,,,,,,2397,423,705,2156
leakage,gdm_early,3,0.1,leakage,0.5,3,2,5028,L4: one cross-silo graph at inference,0.9824461869358307,0.9391416876510714,0.9598540145985401,0.9651972157772621,0.9460431654676259,0.9742388758782201,0.9528985507246377,0.9612977602108037,0.0325804241001606,-6.750586716395231,0.39316088523876763,0.032951378389525846,0.9984636306762695,263,416,15,11,40.83356690406799,8043792,235.0,0.5187729443808471,356,330,320,297,646,27,581,24,1395,576,1255,518,,,,,,,,,,,,,,,,,,,,,2397,423,705,2156
leakage,gdm_early,3,0.1,leakage,0.5,3,2,5028,All four shortcuts,0.9863329212322388,0.9505315742781285,0.9562043795620438,0.9721577726218097,0.9562043795620438,0.9721577726218097,0.9562043795620438,0.9641810760919267,0.027762863785028458,-1.0443917050758313,0.8070419873160267,0.021722726709480174,0.901498556137085,262,419,12,12,53.240023374557495,7927200,1222.0,0.5183127409571179,356,330,320,297,646,27,581,24,1395,576,1255,518,,,,,,,,,,,,,,,,,,,,,2397,423,705,2156
leakage,gdm_early,3,0.1,leakage,0.5,3,2,5028,"FedAvg-LR, correct protocol",0.9792876860805798,0.9516010758933269,0.9890510948905109,0.951276102088167,0.928082191780822,0.9927360774818402,0.9575971731448764,0.9645805770937652,0.03793875500559807,-0.41473528220266115,0.8642585522886734,0.05338687618784869,0.25206688046455383,271,410,21,3,0.9033677577972412,22128,,0.5201371070671983,356,330,320,297,646,27,581,24,1395,576,1255,518,,,,,,,,,,,,,,,,,,,,,2397,423,705,2156
leakage,gdm_early,3,0.1,leakage,0.5,3,2,5028,"FedAvg-LR, L3",0.9791352651277795,0.9522424737842925,0.9854014598540146,0.951276102088167,0.9278350515463918,0.9903381642512077,0.9557522123893806,0.9630832067864062,0.03808625042438507,-0.4058015484793261,0.8638756570543175,0.053138444123538665,0.2843509614467621,270,410,21,4,0.9864256381988525,22128,,0.5206305346122975,356,330,320,297,646,27,581,24,1395,576,1255,518,,,,,,,,,,,,,,,,,,,,,2397,423,705,2156
leakage,gdm_early,3,0.1,leakage,0.5,3,3,5029,Correct protocol (this study),0.9856405919661734,0.9780022651340827,0.96,0.9511627906976744,0.9263157894736842,0.9738095238095238,0.9428571428571428,0.9526050420168067,0.0430719368159771,-2.0830765648879543,0.3744336999443948,0.043506755137565065,0.35329389572143555,264,409,21,11,36.5704460144043,8043792,238.0,0.5356293380943457,520,487,468,438,1425,437,1282,393,452,8,407,7,,,,,,,,,,,,,,,,,,,,,2397,423,705,2157
leakage,gdm_early,3,0.1,leakage,0.5,3,3,5029,L1: test patients in training graph,0.9897463002114164,0.9859944794898434,0.9563636363636364,0.9767441860465116,0.9633699633699634,0.9722222222222222,0.9598540145985401,0.9671659864175995,0.028484826907515526,-0.7484361783456731,0.3625537964944516,0.02801951690352396,0.8924227356910706,263,420,10,12,49.60897707939148,8043792,1253.0,0.5216415628483216,520,487,468,438,1425,437,1282,393,452,8,407,7,,,,,,,,,,,,,,,,,,,,,2397,423,705,2157
leakage,gdm_early,3,0.1,leakage,0.5,3,3,5029,L2: pooled final classifier,0.982139534883721,0.9734091476900211,0.8654545454545455,0.9651162790697675,0.9407114624505929,0.918141592920354,0.9015151515151515,0.9212791177076891,0.052843496203422546,1.1510716549236235,0.6096201896068948,0.0425754678554516,0.6415910124778748,238,415,15,37,33.07902264595032,7927200,238.0,0.5349095966620305,520,487,468,438,1425,437,1282,393,452,8,407,7,,,,,,,,,,,,,,,,,,,,,2397,423,705,2157
leakage,gdm_early,3,0.1,leakage,0.5,3,3,5029,L3: preprocessing fitted on all data,0.9844059196617336,0.9775877298366986,0.9454545454545454,0.958139534883721,0.935251798561151,0.9648711943793911,0.9403254972875226,0.9509095397756167,0.039166953414678574,-0.26063847070374035,0.5179395368780232,0.032704207192815804,0.45939522981643677,260,412,18,15,36.224679946899414,8043792,238.0,0.5370267346623396,520,487,468,438,1425,437,1282,393,452,8,407,7,,,,,,,,,,,,,,,,,,,,,2397,423,705,2157
leakage,gdm_early,3,0.1,leakage,0.5,3,3,5029,L4: one cross-silo graph at inference,0.9900295983086681,0.9822241709311749,0.96,0.9767441860465116,0.9635036496350365,0.974477958236659,0.9617486338797814,0.9686791949886712,0.025727208703756332,-2.8475052574682156,0.47950933634607174,0.023921483587671807,0.9878262877464294,264,420,10,11,34.059123039245605,8043792,238.0,0.5086319651998935,520,487,468,438,1425,437,1282,393,452,8,407,7,,,,,,,,,,,,,,,,,,,,,2397,423,705,2157
leakage,gdm_early,3,0.1,leakage,0.5,3,3,5029,All four shortcuts,0.9929809725158563,0.9892744610227665,0.9854545454545455,0.9674418604651163,0.9508771929824561,0.9904761904761905,0.9678571428571429,0.9733403361344538,0.018845248967409134,0.13437604898388114,0.8270580045719362,0.01354540743640498,0.12606601417064667,271,416,14,4,57.83151388168335,7927200,1252.0,0.5126949368212351,520,487,468,438,1425,437,1282,393,452,8,407,7,,,,,,,,,,,,,,,,,,,,,2397,423,705,2157
leakage,gdm_early,3,0.1,leakage,0.5,3,3,5029,"FedAvg-LR, correct protocol",0.9722706131078225,0.9559951144526142,0.96,0.9720930232558139,0.9565217391304348,0.9743589743589743,0.9582577132486388,0.9657411965544708,0.03426153585314751,-0.1574324717848713,0.8408585320535001,0.03739135717669277,0.4474363923072815,264,418,12,11,1.0656862258911133,22128,,0.499476551685589,520,487,468,438,1425,437,1282,393,452,8,407,7,,,,,,,,,,,,,,,,,,,,,2397,423,705,2157
leakage,gdm_early,3,0.1,leakage,0.5,3,3,5029,"FedAvg-LR, L3",0.972524312896406,0.956172786760355,0.9490909090909091,0.9720930232558139,0.9560439560439561,0.9675925925925926,0.9525547445255474,0.961196165766254,0.03414590656757355,-0.18046243926827618,0.8529504310500158,0.036758115877073706,0.4852769672870636,261,418,12,14,1.6280155181884766,22128,,0.49755472040560667,520,487,468,438,1425,437,1282,393,452,8,407,7,,,,,,,,,,,,,,,,,,,,,2397,423,705,2157
leakage,gdm_early,3,0.1,leakage,0.5,3,4,5030,Correct protocol (this study),0.9893615221987314,0.978387229682748,0.9781818181818182,0.9418604651162791,0.9149659863945578,0.9854014598540146,0.945518453427065,0.9543287867610949,0.03261640667915344,-4.9968750305390905,0.36744510831113725,0.03372797249809755,0.04447359964251518,269,405,25,6,40.00054168701172,8043792,235.0,0.5199511200023652,477,195,430,176,132,62,119,56,1788,675,1610,608,,,,,,,,,,,,,,,,,,,,,2397,423,705,2159
leakage,gdm_early,3,0.1,leakage,0.5,3,4,5030,L1: test patients in training graph,0.9887610993657506,0.975800838146106,0.9490909090909091,0.9697674418604652,0.9525547445255474,0.9675174013921114,0.9508196721311475,0.959730393556863,0.028988944366574287,-6.080335603951063,0.3298164058685131,0.030344974281471076,0.9992444515228271,261,417,13,14,51.66985893249512,8043792,1348.0,0.5084170173346604,477,195,430,176,132,62,119,56,1788,675,1610,608,,,,,,,,,,,,,,,,,,,,,2397,423,705,2159
leakage,gdm_early,3,0.1,leakage,0.5,3,4,5030,L2: pooled final classifier,0.987737843551797,0.9756387550205833,0.9745454545454545,0.9627906976744186,0.9436619718309859,0.9833729216152018,0.9588550983899821,0.9659140356814775,0.0284495297819376,-0.7901788320367512,0.608571515914773,0.02258283622985613,0.2182755023241043,268,414,16,7,39.41080403327942,7927200,235.0,0.5242731235566768,477,195,430,176,132,62,119,56,1788,675,1610,608,,,,,,,,,,,,,,,,,,,,,2397,423,705,2159
leakage,gdm_early,3,0.1,leakage,0.5,3,4,5030,L3: preprocessing fitted on all data,0.9877040169133192,0.977629534785016,0.9818181818181818,0.9488372093023256,0.9246575342465754,0.9878934624697336,0.9523809523809523,0.9601762413150313,0.03211025521159172,-3.849199863600172,0.38711557423928444,0.03230239616852281,0.05658966302871704,270,408,22,5,39.7764458656311,8043792,235.0,0.5026798590101144,477,195,430,176,132,62,119,56,1788,675,1610,608,,,,,,,,,,,,,,,,,,,,,2397,423,705,2159
leakage,gdm_early,3,0.1,leakage,0.5,3,4,5030,L4: one cross-silo graph at inference,0.989095137420719,0.9783725388452132,0.9890909090909091,0.9441860465116279,0.918918918918919,0.9926650366748166,0.9527145359019265,0.9602666839223577,0.029808098450303078,-5.269342136080729,0.37232676969925577,0.0310330690300845,0.05167679488658905,272,406,24,3,42.2952024936676,8043792,235.0,0.5240172262572309,477,195,430,176,132,62,119,56,1788,675,1610,608,,,,,,,,,,,,,,,,,,,,,2397,423,705,2159
leakage,gdm_early,3,0.1,leakage,0.5,3,4,5030,All four shortcuts,0.9878646934460888,0.9773597642566529,0.9454545454545454,0.9767441860465116,0.9629629629629629,0.9655172413793104,0.9541284403669725,0.9626133531314631,0.024083130061626434,-0.5234551992977576,0.6197139748400012,0.017048999498076492,0.8691854476928711,260,420,10,15,58.61131763458252,7927200,1350.0,0.518058662567054,477,195,430,176,132,62,119,56,1788,675,1610,608,,,,,,,,,,,,,,,,,,,,,2397,423,705,2159
leakage,gdm_early,3,0.1,leakage,0.5,3,4,5030,"FedAvg-LR, correct protocol",0.9815306553911206,0.9653635085756805,0.9745454545454545,0.9627906976744186,0.9436619718309859,0.9833729216152018,0.9588550983899821,0.9659140356814775,0.033307068049907684,-0.4713519878532815,0.898071703417147,0.041361633957700546,0.4573535621166229,268,414,16,7,0.9905564785003662,22128,,0.5053557760849355,477,195,430,176,132,62,119,56,1788,675,1610,608,,,,,,,,,,,,,,,,,,,,,2397,423,705,2159
leakage,gdm_early,3,0.1,leakage,0.5,3,4,5030,"FedAvg-LR, L3",0.9817505285412262,0.9655969410382894,0.9745454545454545,0.9627906976744186,0.9436619718309859,0.9833729216152018,0.9588550983899821,0.9659140356814775,0.033168427646160126,-0.4600384203181554,0.9071901458123007,0.039184543387369895,0.45270177721977234,268,414,16,7,1.209815263748169,22128,,0.5052362040477105,477,195,430,176,132,62,119,56,1788,675,1610,608,,,,,,,,,,,,,,,,,,,,,2397,423,705,2159
leakage,gdm_early,3,0.1,leakage,0.5,4,0,6026,Correct protocol (this study),0.9561620404084882,0.9195668489834626,0.9379562043795621,0.9025522041763341,0.8595317725752508,0.958128078817734,0.8970331588132635,0.9132716570649353,0.06491450220346451,0.5159973074344525,0.37001347088924524,0.05344958504074063,0.08036846667528152,257,389,42,17,38.2034330368042,8043792,233.0,0.6077027786819755,42,24,38,22,896,879,806,791,1459,30,1313,27,,,,,,,,,,,,,,,,,,,,,2397,423,705,2157
leakage,gdm_early,3,0.1,leakage,0.5,4,0,6026,L1: test patients in training graph,0.9805663285179602,0.9502937189730808,0.9890510948905109,0.9419953596287703,0.9155405405405406,0.9926650366748166,0.9508771929824561,0.9587719298245614,0.0325278602540493,-0.9392443888135299,0.542580650795593,0.030217084371821686,0.10465604811906815,271,406,25,3,53.51845717430115,8043792,1126.0,0.5059887484916338,42,24,38,22,896,879,806,791,1459,30,1313,27,,,,,,,,,,,,,,,,,,,,,2397,423,705,2157
leakage,gdm_early,3,0.1,leakage,0.5,4,0,6026,L2: pooled final classifier,0.9475671922366927,0.8993183797569922,0.9343065693430657,0.8793503480278422,0.8311688311688312,0.9546599496221663,0.8797250859106529,0.8975920115543603,0.08338241279125214,0.5458126778868018,0.4989148823840907,0.05817504240173503,0.14003556966781616,256,379,52,18,38.49464678764343,7927200,233.0,0.6033734797147338,42,24,38,22,896,879,806,791,1459,30,1313,27,,,,,,,,,,,,,,,,,,,,,2397,423,705,2157
leakage,gdm_early,3,0.1,leakage,0.5,4,0,6026,L3: preprocessing fitted on all data,0.9545912578115738,0.9190487916114454,0.9452554744525548,0.9071925754060325,0.8662207357859532,0.9630541871921182,0.9040139616055847,0.9191515447215498,0.0667465329170227,0.7196881676282946,0.3554015494681959,0.05775048590086877,0.08332009613513947,259,391,40,15,43.840129137039185,8043792,233.0,0.6083182907702779,42,24,38,22,896,879,806,791,1459,30,1313,27,,,,,,,,,,,,,,,,,,,,,2397,423,705,2157
leakage,gdm_early,3,0.1,leakage,0.5,4,0,6026,L4: one cross-silo graph at inference,0.9826578827036089,0.9304520341780083,0.9781021897810219,0.9698375870069605,0.9537366548042705,0.9858490566037735,0.9657657657657658,0.9717717717717718,0.024399353191256523,-0.8400086107126183,0.5784123173821754,0.02104307060651745,0.3177405893802643,268,418,13,6,43.631012201309204,8043792,233.0,0.5037525851836508,42,24,38,22,896,879,806,791,1459,30,1313,27,,,,,,,,,,,,,,,,,,,,,2397,423,705,2157
leakage,gdm_early,3,0.1,leakage,0.5,4,0,6026,All four shortcuts,0.9861805002794384,0.9617557596508105,0.9963503649635036,0.9535962877030162,0.931740614334471,0.9975728155339806,0.9629629629629629,0.9690259654672466,0.02495916374027729,-0.7581390734242428,0.8204788263303191,0.022481879190350253,0.11211483925580978,273,411,20,1,53.63958549499512,7927200,1126.0,0.4895221561335845,42,24,38,22,896,879,806,791,1459,30,1313,27,,,,,,,,,,,,,,,,,,,,,2397,423,705,2157
leakage,gdm_early,3,0.1,leakage,0.5,4,0,6026,"FedAvg-LR, correct protocol",0.9707013057394956,0.9527563105011074,0.8978102189781022,0.9535962877030162,0.924812030075188,0.9362186788154897,0.9111111111111111,0.9279693486590038,0.09564636647701263,2.23029440019866,0.9517031604285126,0.11613950483131068,0.07191215455532074,246,411,20,28,0.9229328632354736,22128,,0.5017301413507729,42,24,38,22,896,879,806,791,1459,30,1313,27,,,,,,,,,,,,,,,,,,,,,2397,423,705,2157
leakage,gdm_early,3,0.1,leakage,0.5,4,0,6026,"FedAvg-LR, L3",0.9706081596016732,0.9528450329695758,0.8978102189781022,0.9559164733178654,0.9283018867924528,0.9363636363636364,0.9128014842300557,0.9294202599106651,0.09476741403341293,2.224222417031832,0.9434837742495024,0.11459105656026525,0.0740482360124588,246,412,19,28,0.9621734619140625,22128,,0.5017265245596556,42,24,38,22,896,879,806,791,1459,30,1313,27,,,,,,,,,,,,,,,,,,,,,2397,423,705,2157
leakage,gdm_early,3,0.1,leakage,0.5,4,1,6027,Correct protocol (this study),0.9875692245160634,0.9854204329620718,0.9854014598540146,0.9675174013921114,0.9507042253521126,0.9904988123515439,0.967741935483871,0.9733075874602454,0.016056282445788383,-2.792988003928768,0.4560172003221653,0.01598497150640883,0.0267185065895319,270,417,14,4,35.617372035980225,8043792,232.0,0.48950538737476856,1031,273,928,246,623,44,561,40,743,616,668,554,,,,,,,,,,,,,,,,,,,,,2397,423,705,2157
leakage,gdm_early,3,0.1,leakage,0.5,4,1,6027,L1: test patients in training graph,0.984503869798635,0.9830237805643638,0.9744525547445255,0.9814385150812065,0.9709090909090909,0.9837209302325581,0.9726775956284153,0.9776279964204795,0.018751004710793495,-0.9499231327312148,0.5666020435224973,0.016571937361401876,0.9225582480430603,267,423,8,7,50.15327572822571,8043792,1227.0,0.48951689534650505,1031,273,928,246,623,44,561,40,743,616,668,554,,,,,,,,,,,,,,,,,,,,,2397,423,705,2157
leakage,gdm_early,3,0.1,leakage,0.5,4,1,6027,L2: pooled final classifier,0.9857740444053043,0.9769080442157161,0.9854014598540146,0.9860788863109049,0.9782608695652174,0.9906759906759907,0.9818181818181818,0.9850951374207189,0.01675923354923725,0.6667896167347274,0.8534179768050226,0.01263128977189672,0.24126820266246796,270,425,6,4,47.097880840301514,7927200,232.0,0.4861437444309637,1031,273,928,246,623,44,561,40,743,616,668,554,,,,,,,,,,,,,,,,,,,,,2397,423,705,2157
leakage,gdm_early,3,0.1,leakage,0.5,4,1,6027,L3: preprocessing fitted on all data,0.9879883821362642,0.9850779143246114,0.9854014598540146,0.9675174013921114,0.9507042253521126,0.9904988123515439,0.967741935483871,0.9733075874602454,0.015428872779011726,-1.499689010288128,0.5031160383908341,0.014947924306880404,0.02458301931619644,270,417,14,4,40.14888882637024,8043792,231.0,0.4900610580100415,1031,273,928,246,623,44,561,40,743,616,668,554,,,,,,,,,,,,,,,,,,,,,2397,423,705,2157
leakage,gdm_early,3,0.1,leakage,0.5,4,1,6027,L4: one cross-silo graph at inference,0.9900587667451353,0.989162226179073,0.9854014598540146,0.9767981438515081,0.9642857142857143,0.9905882352941177,0.9747292418772563,0.9791870508451702,0.0170478243380785,-0.9981387300440923,0.6168929967660958,0.01579797845730123,0.142186239361763,270,421,10,4,38.735260009765625,8043792,232.0,0.48136366177084666,1031,273,928,246,623,44,561,40,743,616,668,554,,,,,,,,,,,,,,,,,,,,,2397,423,705,2157
leakage,gdm_early,3,0.1,leakage,0.5,4,1,6027,All four shortcuts,0.9865784883228614,0.987099858335874,0.9744525547445255,0.9860788863109049,0.978021978021978,0.9837962962962963,0.9762340036563071,0.9805851362429856,0.01603677310049534,0.1422129085372226,0.9117547844839701,0.013379261426046387,0.464980810880661,267,425,6,7,55.90596079826355,7927200,1226.0,0.4914564817828807,1031,273,928,246,623,44,561,40,743,616,668,554,,,,,,,,,,,,,,,,,,,,,2397,423,705,2157
leakage,gdm_early,3,0.1,leakage,0.5,4,1,6027,"FedAvg-LR, correct protocol",0.9827171575185869,0.968486624502608,0.9708029197080292,0.9791183294663574,0.9672727272727273,0.9813953488372092,0.9690346083788707,0.9746450626098767,0.02881033532321453,0.18669620337687784,1.104441927318426,0.04340097050294806,0.35995668172836304,266,422,9,8,1.1448750495910645,22128,,0.49389781578696446,1031,273,928,246,623,44,561,40,743,616,668,554,,,,,,,,,,,,,,,,,,,,,2397,423,705,2157
leakage,gdm_early,3,0.1,leakage,0.5,4,1,6027,"FedAvg-LR, L3",0.9829542567784985,0.9684265132656134,0.9708029197080292,0.9791183294663574,0.9672727272727273,0.9813953488372092,0.9690346083788707,0.9746450626098767,0.028777623549103737,0.21193937047081995,1.1064956651376763,0.044553510691468595,0.3460068702697754,266,422,9,8,1.226102590560913,22128,,0.4942867852316555,1031,273,928,246,623,44,561,40,743,616,668,554,,,,,,,,,,,,,,,,,,,,,2397,423,705,2157
leakage,gdm_early,3,0.1,leakage,0.5,4,2,6028,Correct protocol (this study),0.9841524548241232,0.9587090673590164,0.9927007299270073,0.9466357308584686,0.9220338983050848,0.9951219512195122,0.9560632688927944,0.9631683764202379,0.03139350563287735,-6.5716870133555405,0.36905975598582746,0.03229123612268042,0.09514794498682022,272,408,23,2,33.34907126426697,8043792,220.0,0.4768252465171945,842,73,758,66,914,395,823,356,641,465,576,418,,,,,,,,,,,,,,,,,,,,,2397,423,705,2157
leakage,gdm_early,3,0.1,leakage,0.5,4,2,6028,L1: test patients in training graph,0.9852236354090809,0.9645210972953489,0.9927007299270073,0.9489559164733179,0.9251700680272109,0.9951338199513382,0.9577464788732394,0.9646214579639356,0.03140095993876457,-3.699644441090295,0.5118147836301908,0.031352999438003265,0.42280104756355286,272,409,22,2,58.439021587371826,8043792,1169.0,0.505762534647215,842,73,758,66,914,395,823,356,641,465,576,418,,,,,,,,,,,,,,,,,,,,,2397,423,705,2157
leakage,gdm_early,3,0.1,leakage,0.5,4,2,6028,L2: pooled final classifier,0.986019611495927,0.9475203778270574,0.9817518248175182,0.9559164733178654,0.9340277777777778,0.988009592326139,0.9572953736654805,0.9644967434365138,0.028848648071289062,-0.7584180076720821,0.7687623002297014,0.019326646052670815,0.47465020418167114,269,412,19,5,41.82774806022644,7927200,220.0,0.48927983112873474,842,73,758,66,914,395,823,356,641,465,576,418,,,,,,,,,,,,,,,,,,,,,2397,423,705,2157
leakage,gdm_early,3,0.1,leakage,0.5,4,2,6028,L3: preprocessing fitted on all data,0.9837417650346333,0.9521156411407492,0.9890510948905109,0.9466357308584686,0.9217687074829932,0.9927007299270073,0.954225352112676,0.961673246127597,0.03235921263694763,-5.603415970934133,0.4095131267243805,0.033192527498009605,0.2061854600906372,271,408,23,3,41.005956411361694,8043792,220.0,0.48479665413941736,842,73,758,66,914,395,823,356,641,465,576,418,,,,,,,,,,,,,,,,,,,,,2397,423,705,2157
leakage,gdm_early,3,0.1,leakage,0.5,4,2,6028,L4: one cross-silo graph at inference,0.9866843362067506,0.9660996559947274,0.9781021897810219,0.9651972157772621,0.9469964664310954,0.985781990521327,0.9622980251346499,0.9688395166704902,0.031065691262483597,-7.128623176640348,0.40196901702050475,0.032284618582797776,0.996599018573761,268,416,15,6,36.84431219100952,8043792,220.0,0.494900324524803,842,73,758,66,914,395,823,356,641,465,576,418,,,,,,,,,,,,,,,,,,,,,2397,423,705,2157
leakage,gdm_early,3,0.1,leakage,0.5,4,2,6028,All four shortcuts,0.9890426270597998,0.9599318125479679,0.9927007299270073,0.9489559164733179,0.9251700680272109,0.9951338199513382,0.9577464788732394,0.9646214579639356,0.025264965370297432,-0.8777467801649548,0.8734123876515484,0.018218523940296036,0.27053555846214294,272,409,22,2,56.52202224731445,7927200,1172.0,0.5011077244794286,842,73,758,66,914,395,823,356,641,465,576,418,,,,,,,,,,,,,,,,,,,,,2397,423,705,2157
leakage,gdm_early,3,0.1,leakage,0.5,4,2,6028,"FedAvg-LR, correct protocol",0.9745414669669924,0.9390829793397774,0.9927007299270073,0.9443155452436195,0.918918918918919,0.9951100244498777,0.9543859649122807,0.9617167919799499,0.038055919110774994,-0.9714818356449553,0.6827616950148431,0.05543207515110361,0.4491918683052063,272,407,24,2,0.8691332340240479,22128,,0.4958265518499887,842,73,758,66,914,395,823,356,641,465,576,418,,,,,,,,,,,,,,,,,,,,,2397,423,705,2157
leakage,gdm_early,3,0.1,leakage,0.5,4,2,6028,"FedAvg-LR, L3",0.9745753382898368,0.9395317194832842,0.9927007299270073,0.9443155452436195,0.918918918918919,0.9951100244498777,0.9543859649122807,0.9617167919799499,0.038027506321668625,-0.97377600979098,0.6846024890526704,0.05618862729546026,0.3413333594799042,272,407,24,2,0.9813189506530762,22128,,0.495817674271792,842,73,758,66,914,395,823,356,641,465,576,418,,,,,,,,,,,,,,,,,,,,,2397,423,705,2157
leakage,gdm_early,3,0.1,leakage,0.5,4,3,6029,Correct protocol (this study),0.9975983086680761,0.9961879589603106,0.9345454545454546,0.9837209302325581,0.9734848484848485,0.9591836734693877,0.9536178107606679,0.9624575850588644,0.023252127692103386,-2.2618039579975524,0.4231507981172312,0.023666338272993824,0.9893966913223267,257,423,7,18,44.49843668937683,8043792,230.0,0.482993190568724,278,51,250,46,751,544,676,490,1368,337,1231,303,,,,,,,,,,,,,,,,,,,,,2397,423,705,2157
leakage,gdm_early,3,0.1,leakage,0.5,4,3,6029,L1: test patients in training graph,0.9967737843551797,0.9945173441895487,0.9781818181818182,0.9767441860465116,0.96415770609319,0.9859154929577465,0.9711191335740073,0.9762137723944803,0.021702364087104797,-4.278361726648217,0.3941016137255603,0.021551751785957852,0.9594940543174744,269,420,10,6,62.760796785354614,8043792,1296.0,0.5003564183246367,278,51,250,46,751,544,676,490,1368,337,1231,303,,,,,,,,,,,,,,,,,,,,,2397,423,705,2157
leakage,gdm_early,3,0.1,leakage,0.5,4,3,6029,L2: pooled final classifier,0.9958562367864693,0.9913683200934165,0.9781818181818182,0.9720930232558139,0.9572953736654805,0.9858490566037735,0.9676258992805755,0.9732743079541051,0.02125527337193489,-0.04555409246921649,0.8461354560018414,0.014974132488012718,0.48672083020210266,269,418,12,6,39.52585983276367,7927200,230.0,0.459455771576625,278,51,250,46,751,544,676,490,1368,337,1231,303,,,,,,,,,,,,,,,,,,,,,2397,423,705,2157
leakage,gdm_early,3,0.1,leakage,0.5,4,3,6029,L3: preprocessing fitted on all data,0.9975644820295984,0.9961787258871183,0.9381818181818182,0.9837209302325581,0.9735849056603774,0.9613636363636363,0.9555555555555556,0.963984674329502,0.02292839251458645,-2.0210238255399395,0.4212187530372696,0.021476543743612506,0.9916479587554932,258,423,7,17,41.943819761276245,8043792,228.0,0.4853355560158744,278,51,250,46,751,544,676,490,1368,337,1231,303,,,,,,,,,,,,,,,,,,,,,2397,423,705,2157
leakage,gdm_early,3,0.1,leakage,0.5,4,3,6029,L4: one cross-silo graph at inference,0.9934122621564481,0.989559334430006,0.9454545454545454,0.9813953488372092,0.9701492537313433,0.965675057208238,0.9576427255985267,0.9655572336181791,0.022927599027752876,-3.254062863715233,0.4114295829407661,0.02253771232117417,0.9974825978279114,260,422,8,15,40.20532178878784,8043792,230.0,0.4933135396219467,278,51,250,46,751,544,676,490,1368,337,1231,303,,,,,,,,,,,,,,,,,,,,,2397,423,705,2157
leakage,gdm_early,3,0.1,leakage,0.5,4,3,6029,All four shortcuts,0.9901649048625792,0.9837171052078718,0.9709090909090909,0.9720930232558139,0.956989247311828,0.9812206572769953,0.9638989169675091,0.9702672154931004,0.023264270275831223,-0.23956243317213075,0.7450783870053677,0.01523786418615503,0.4676099121570587,267,418,12,8,57.06629204750061,7927200,1296.0,0.4977832358443728,278,51,250,46,751,544,676,490,1368,337,1231,303,,,,,,,,,,,,,,,,,,,,,2397,423,705,2157
leakage,gdm_early,3,0.1,leakage,0.5,4,3,6029,"FedAvg-LR, correct protocol",0.9864101479915433,0.9784995625223002,0.9781818181818182,0.9720930232558139,0.9572953736654805,0.9858490566037735,0.9676258992805755,0.9732743079541051,0.02833332121372223,-0.07209240145902004,1.1728617100957583,0.03593601892497522,0.39274218678474426,269,418,12,6,0.9053738117218018,22128,,0.4991609044608187,278,51,250,46,751,544,676,490,1368,337,1231,303,,,,,,,,,,,,,,,,,,,,,2397,423,705,2157
leakage,gdm_early,3,0.1,leakage,0.5,4,3,6029,"FedAvg-LR, L3",0.986536997885835,0.978375159575686,0.9745454545454545,0.9720930232558139,0.9571428571428572,0.9835294117647059,0.9657657657657658,0.9717717717717718,0.028846681118011475,-0.06940882009121802,1.1648728400921713,0.03567885909203096,0.3854309320449829,268,418,12,7,0.9557549953460693,22128,,0.49865323850764626,278,51,250,46,751,544,676,490,1368,337,1231,303,,,,,,,,,,,,,,,,,,,,,2397,423,705,2157
leakage,gdm_early,3,0.8,leakage,0.5,0,0,2026,Correct protocol (this study),0.9858883601199044,0.9597971057419306,0.9963503649635036,0.9419953596287703,0.9161073825503355,0.9975429975429976,0.9545454545454546,0.9617596007810805,0.034519318491220474,-4.324661479191338,0.3306839967036637,0.03611881508135258,0.0028752184007316828,273,406,25,1,36.02442932128906,8043792,1891.0,0.5199748817966904,316,16,63,3,1454,594,291,119,627,323,126,65,,,,,,,,,,,,,,,,,,,,,2397,423,705,480
leakage,gdm_early,3,0.8,leakage,0.5,0,0,2026,L1: test patients in training graph,0.9832633325994546,0.9583768488512,0.9671532846715328,0.9605568445475638,0.9397163120567376,0.9787234042553191,0.9532374100719424,0.961396222600374,0.03313233330845833,-5.047398399743148,0.37032923180528343,0.032400186227779876,0.9894238114356995,265,414,17,9,50.98696756362915,8043792,2978.0,0.5436776004728132,316,16,63,3,1454,594,291,119,627,323,126,65,,,,,,,,,,,,,,,,,,,,,2397,423,705,480
leakage,gdm_early,3,0.8,leakage,0.5,0,0,2026,L2: pooled final classifier,0.9811675444984505,0.9369876386378734,0.9781021897810219,0.951276102088167,0.9273356401384083,0.9855769230769231,0.9520426287744227,0.9600827075395135,0.03544123098254204,-0.5366187119103776,0.48396402231163826,0.032480906318800504,0.1746792495250702,268,410,21,6,39.14876866340637,7927200,1891.0,0.5237367021276595,316,16,63,3,1454,594,291,119,627,323,126,65,,,,,,,,,,,,,,,,,,,,,2397,423,705,480
leakage,gdm_early,3,0.8,leakage,0.5,0,0,2026,L3: preprocessing fitted on all data,0.9857613426592375,0.9631308672229787,0.9927007299270073,0.9466357308584686,0.9220338983050848,0.9951219512195122,0.9560632688927944,0.9631683764202379,0.03512025624513626,-5.094184036009547,0.3123255498243244,0.035146223694451015,0.002350750146433711,272,408,23,2,38.06779646873474,8043792,1891.0,0.5203605200945627,316,16,63,3,1454,594,291,119,627,323,126,65,,,,,,,,,,,,,,,,,,,,,2397,423,705,480
leakage,gdm_early,3,0.8,leakage,0.5,0,0,2026,L4: one cross-silo graph at inference,0.9801725743898928,0.9199889481641912,0.9635036496350365,0.9605568445475638,0.9395017793594306,0.9764150943396226,0.9513513513513514,0.9598862019914651,0.03258393332362175,-4.229231369126983,0.3628503643204854,0.034049341550711154,0.8993452787399292,264,414,17,10,37.91010069847107,8043792,1891.0,0.541875,316,16,63,3,1454,594,291,119,627,323,126,65,,,,,,,,,,,,,,,,,,,,,2397,423,705,480
leakage,gdm_early,3,0.8,leakage,0.5,0,0,2026,All four shortcuts,0.979296153911291,0.9315999878448695,0.9781021897810219,0.951276102088167,0.9273356401384083,0.9855769230769231,0.9520426287744227,0.9600827075395135,0.035665370523929596,-0.6679551062174497,0.5553282156998219,0.031091141056084452,0.23175100982189178,268,410,21,6,54.456018686294556,7927200,2973.0,0.5347695035460993,316,16,63,3,1454,594,291,119,627,323,126,65,,,,,,,,,,,,,,,,,,,,,2397,423,705,480
leakage,gdm_early,3,0.8,leakage,0.5,0,0,2026,"FedAvg-LR, correct protocol",0.9737412569647907,0.9620488575756087,0.9452554744525548,0.9582366589327146,0.9350180505415162,0.9649532710280374,0.9401088929219601,0.9508460646216319,0.043244894593954086,-0.3122131438489983,0.9186173377326293,0.050415815645498595,0.4458644986152649,259,413,18,15,1.8993263244628906,22128,,0.504450354609929,316,16,63,3,1454,594,291,119,627,323,126,65,,,,,,,,,,,,,,,,,,,,,2397,423,705,480
leakage,gdm_early,3,0.8,leakage,0.5,0,0,2026,"FedAvg-LR, L3",0.9736735143191018,0.9617832476616005,0.948905109489051,0.9582366589327146,0.935251798561151,0.9672131147540983,0.9420289855072463,0.9523664741056046,0.04306289553642273,-0.3383766234795178,0.9215042525107757,0.05080261994549567,0.4104755222797394,260,413,18,14,1.0554606914520264,22128,,0.5037825059101655,316,16,63,3,1454,594,291,119,627,323,126,65,,,,,,,,,,,,,,,,,,,,,2397,423,705,480
leakage,gdm_early,3,0.1,leakage,0.5,4,4,6030,Correct protocol (this study),0.985830866807611,0.960033790870124,0.9854545454545455,0.9465116279069767,0.9217687074829932,0.9902676399026764,0.9525483304042179,0.9602218465338569,0.03254881128668785,-3.076637567620612,0.3971906682127971,0.03202536063754259,0.06886600703001022,271,407,23,4,40.4603545665741,8043792,230.0,0.5180063589763824,268,23,241,21,1515,359,1363,323,614,550,553,495,,,,,,,,,,,,,,,,,,,,,2397,423,705,2157
leakage,gdm_early,3,0.1,leakage,0.5,4,4,6030,L1: test patients in training graph,0.9815771670190274,0.953519866582624,0.9890909090909091,0.9511627906976744,0.9283276450511946,0.9927184466019418,0.9577464788732394,0.9646214579639356,0.031818415969610214,-3.033952384254355,0.3674756881858776,0.03088371251571051,0.02183697000145912,272,409,21,3,58.50708484649658,8043792,1266.0,0.52944857087431,268,23,241,21,1515,359,1363,323,614,550,553,495,,,,,,,,,,,,,,,,,,,,,2397,423,705,2157
leakage,gdm_early,3,0.1,leakage,0.5,4,4,6030,L2: pooled final classifier,0.9872473572938689,0.9621683320284058,0.9745454545454545,0.9558139534883721,0.9337979094076655,0.9832535885167464,0.9537366548042705,0.96153813872289,0.030915701761841774,-0.167777818522863,0.741484175163201,0.019556122471360442,0.3335191309452057,268,411,19,7,43.33908009529114,7927200,230.0,0.5028306322479672,268,23,241,21,1515,359,1363,323,614,550,553,495,,,,,,,,,,,,,,,,,,,,,2397,423,705,2157
leakage,gdm_early,3,0.1,leakage,0.5,4,4,6030,L3: preprocessing fitted on all data,0.9878393234672305,0.9625742365783853,0.9781818181818182,0.9441860465116279,0.9180887372013652,0.9854368932038835,0.9471830985915493,0.9557768224549195,0.03146655112504959,-1.8577111621537683,0.45285918647647233,0.03144698949094782,0.09155864268541336,269,406,24,6,43.7258505821228,8043792,230.0,0.5074841272189836,268,23,241,21,1515,359,1363,323,614,550,553,495,,,,,,,,,,,,,,,,,,,,,2397,423,705,2157
leakage,gdm_early,3,0.1,leakage,0.5,4,4,6030,L4: one cross-silo graph at inference,0.9824651162790697,0.9446971787341374,0.9890909090909091,0.9488372093023256,0.9251700680272109,0.9927007299270073,0.9560632688927944,0.9631683764202379,0.034286320209503174,-5.107651656424983,0.3707960462460164,0.03304349419665821,0.46608200669288635,272,408,22,3,43.727290868759155,8043792,230.0,0.5224438328779464,268,23,241,21,1515,359,1363,323,614,550,553,495,,,,,,,,,,,,,,,,,,,,,2397,423,705,2157
leakage,gdm_early,3,0.1,leakage,0.5,4,4,6030,All four shortcuts,0.9855475687103594,0.9605210604236676,0.9781818181818182,0.9558139534883721,0.9340277777777778,0.9856115107913669,0.955595026642984,0.9630395440180681,0.028594164177775383,-0.7414389756770617,0.7273747655304287,0.01905107726640206,0.4328356981277466,269,411,19,6,59.42640829086304,7927200,1266.0,0.5146726639639373,268,23,241,21,1515,359,1363,323,614,550,553,495,,,,,,,,,,,,,,,,,,,,,2397,423,705,2157
leakage,gdm_early,3,0.1,leakage,0.5,4,4,6030,"FedAvg-LR, correct protocol",0.9770063424947145,0.9410651974225236,0.9781818181818182,0.9534883720930233,0.9307958477508651,0.9855769230769231,0.9539007092198581,0.9615839243498818,0.03591257706284523,0.15804470097359996,0.8544584829679129,0.03865620633124881,0.22719381749629974,269,410,20,6,1.280972957611084,22128,,0.49615337824730305,268,23,241,21,1515,359,1363,323,614,550,553,495,,,,,,,,,,,,,,,,,,,,,2397,423,705,2157
leakage,gdm_early,3,0.1,leakage,0.5,4,4,6030,"FedAvg-LR, L3",0.976938689217759,0.9406759234822908,0.9745454545454545,0.9534883720930233,0.9305555555555556,0.9832134292565947,0.9520426287744227,0.9600827075395135,0.03583613783121109,0.16564832062378382,0.854921178837332,0.038352105285681726,0.22568710148334503,268,410,20,7,0.9850549697875977,22128,,0.4961846141705876,268,23,241,21,1515,359,1363,323,614,550,553,495,,,,,,,,,,,,,,,,,,,,,2397,423,705,2157
leakage,gdm_early,3,0.8,leakage,0.5,0,1,2027,Correct protocol (this study),0.9893898081189562,0.9809467758433562,0.9854014598540146,0.9791183294663574,0.967741935483871,0.9906103286384976,0.976491862567812,0.9806613338510005,0.018206166103482246,-3.1368297761277995,0.35426336173898565,0.017970931919081893,0.3373453617095947,270,422,9,4,35.30637264251709,8043792,1853.0,0.4763416075650118,759,378,152,76,378,303,76,61,1260,252,252,50,,,,,,,,,,,,,,,,,,,,,2397,423,705,480
leakage,gdm_early,3,0.8,leakage,0.5,0,1,2027,L1: test patients in training graph,0.9896861821938456,0.9721789094085621,0.9671532846715328,0.9791183294663574,0.9671532846715328,0.9791183294663574,0.9671532846715328,0.9731358070689451,0.019850920885801315,-1.8426178698606197,0.3971234808579807,0.018233336590260184,0.9197146892547607,265,422,9,9,56.82636475563049,8043792,2971.0,0.5193735224586289,759,378,152,76,378,303,76,61,1260,252,252,50,,,,,,,,,,,,,,,,,,,,,2397,423,705,480
leakage,gdm_early,3,0.8,leakage,0.5,0,1,2027,L2: pooled final classifier,0.989449082933934,0.9771115521814194,0.9635036496350365,0.9837587006960556,0.974169741697417,0.9769585253456221,0.9688073394495413,0.9745770801293949,0.019100410863757133,-0.7289910688562555,0.6321133635126224,0.016849611735909327,0.8615157604217529,264,424,7,10,37.785991191864014,7927200,1853.0,0.47401891252955086,759,378,152,76,378,303,76,61,1260,252,252,50,,,,,,,,,,,,,,,,,,,,,2397,423,705,480
leakage,gdm_early,3,0.8,leakage,0.5,0,1,2027,L3: preprocessing fitted on all data,0.9880476569512422,0.9780312108057401,0.9525547445255474,0.9837587006960556,0.9738805970149254,0.9702517162471396,0.9630996309963099,0.970029078170966,0.018092622980475426,-2.515759600202898,0.3626851266441424,0.01855665932356623,0.9912599921226501,261,424,7,13,36.48360729217529,8043792,1847.0,0.47402186761229315,759,378,152,76,378,303,76,61,1260,252,252,50,,,,,,,,,,,,,,,,,,,,,2397,423,705,480
leakage,gdm_early,3,0.8,leakage,0.5,0,1,2027,L4: one cross-silo graph at inference,0.9909394211390926,0.9742751476586884,0.9744525547445255,0.9767981438515081,0.9638989169675091,0.9836448598130841,0.969147005444646,0.9746782757141741,0.02081706002354622,-1.874515198064382,0.42828740970664714,0.018819329994301318,0.8049759864807129,267,421,10,7,36.76170110702515,8043792,1853.0,0.5040440307328605,759,378,152,76,378,303,76,61,1260,252,252,50,,,,,,,,,,,,,,,,,,,,,2397,423,705,480
leakage,gdm_early,3,0.8,leakage,0.5,0,1,2027,All four shortcuts,0.9929674665944078,0.9827245644320083,0.9598540145985401,0.9791183294663574,0.9669117647058824,0.9745958429561201,0.9633699633699634,0.9701109076109076,0.019300395622849464,-0.7355701487102212,0.7378653968846307,0.015888264044088884,0.8130959272384644,263,422,9,11,52.34066700935364,7927200,2982.0,0.5231323877068558,759,378,152,76,378,303,76,61,1260,252,252,50,,,,,,,,,,,,,,,,,,,,,2397,423,705,480
leakage,gdm_early,3,0.8,leakage,0.5,0,1,2027,"FedAvg-LR, correct protocol",0.9797534167696919,0.958064816264661,0.9635036496350365,0.9373549883990719,0.9072164948453608,0.9758454106280193,0.9345132743362832,0.9453631460438812,0.03807289898395538,0.3076837133431956,0.7913414388789878,0.026638171187740704,0.14888985455036163,264,404,27,10,1.1329553127288818,22128,,0.5174482860520095,759,378,152,76,378,303,76,61,1260,252,252,50,,,,,,,,,,,,,,,,,,,,,2397,423,705,480
leakage,gdm_early,3,0.8,leakage,0.5,0,1,2027,"FedAvg-LR, L3",0.9792622825884465,0.9573887654749637,0.9671532846715328,0.925754060324826,0.8922558922558923,0.9779411764705882,0.9281961471103327,0.9396642237339506,0.039485715329647064,0.36228688704152834,0.7738066557002549,0.026174655694065383,0.11780604720115662,265,399,32,9,1.11924147605896,22128,,0.5189937943262412,759,378,152,76,378,303,76,61,1260,252,252,50,,,,,,,,,,,,,,,,,,,,,2397,423,705,480
leakage,gdm_early,3,0.8,leakage,0.5,0,2,2028,Correct protocol (this study),0.9875903940928412,0.976733467937046,0.9416058394160584,0.9605568445475638,0.9381818181818182,0.9627906976744186,0.9398907103825137,0.9507815921250548,0.04283222556114197,-2.4667954712441977,0.34641935677832125,0.041992827189478554,0.9126380085945129,258,414,17,16,36.90776538848877,8043792,1893.0,0.5286338263817942,1675,675,335,135,261,244,52,49,461,14,92,3,,,,,,,,,,,,,,,,,,,,,2397,423,705,479
leakage,gdm_early,3,0.8,leakage,0.5,0,2,2028,L1: test patients in training graph,0.9847748403813911,0.9597094601336438,0.9671532846715328,0.9675174013921114,0.9498207885304659,0.9788732394366197,0.9584086799276673,0.9657854368133085,0.02955547720193863,-4.546248906919057,0.3370768595761677,0.031120018911604125,0.9542732834815979,265,417,14,9,50.38522911071777,8043792,2942.0,0.5428315491789929,1675,675,335,135,261,244,52,49,461,14,92,3,,,,,,,,,,,,,,,,,,,,,2397,423,705,479
leakage,gdm_early,3,0.8,leakage,0.5,0,2,2028,L2: pooled final classifier,0.9878571307602418,0.9773561775134632,0.9306569343065694,0.9651972157772621,0.9444444444444444,0.9563218390804598,0.9375,0.9491195150115473,0.04003541171550751,-1.147493880733315,0.4024838263011998,0.036060785418640516,0.818947970867157,255,416,15,19,36.05274748802185,7927200,1893.0,0.52778838893084,1675,675,335,135,261,244,52,49,461,14,92,3,,,,,,,,,,,,,,,,,,,,,2397,423,705,479
leakage,gdm_early,3,0.8,leakage,0.5,0,2,2028,L3: preprocessing fitted on all data,0.9878994699137974,0.9763021868441477,0.9197080291970803,0.9651972157772621,0.9438202247191011,0.9497716894977168,0.9316081330868762,0.9445152287989041,0.040000397711992264,-2.5491415896515903,0.35340522550095343,0.03768107886690355,0.9772624969482422,252,416,15,22,35.67622375488281,8043792,1893.0,0.5257051481366322,1675,675,335,135,261,244,52,49,461,14,92,3,,,,,,,,,,,,,,,,,,,,,2397,423,705,479
leakage,gdm_early,3,0.8,leakage,0.5,0,2,2028,L4: one cross-silo graph at inference,0.9870399850966179,0.9680907068945472,0.9781021897810219,0.9675174013921114,0.950354609929078,0.9858156028368794,0.9640287769784173,0.9703047866156723,0.028660079464316368,-8.078863413391753,0.3239824096726694,0.029258756358044376,0.979286253452301,268,417,14,6,32.25287961959839,8043792,1893.0,0.519738225321666,1675,675,335,135,261,244,52,49,461,14,92,3,,,,,,,,,,,,,,,,,,,,,2397,423,705,479
leakage,gdm_early,3,0.8,leakage,0.5,0,2,2028,All four shortcuts,0.9862778803326163,0.9620526330674536,0.9708029197080292,0.9698375870069605,0.953405017921147,0.9812206572769953,0.9620253164556962,0.968760616220847,0.026924610137939453,-2.243303569187958,0.4849558969233902,0.028188046823579366,0.8624154329299927,266,418,13,8,45.94244599342346,7927200,2941.0,0.5302551118612949,1675,675,335,135,261,244,52,49,461,14,92,3,,,,,,,,,,,,,,,,,,,,,2397,423,705,479
leakage,gdm_early,3,0.8,leakage,0.5,0,2,2028,"FedAvg-LR, correct protocol",0.9788769962910902,0.9456361130654395,0.9817518248175182,0.9651972157772621,0.9471830985915493,0.9881235154394299,0.96415770609319,0.970341763844717,0.032110922038555145,-0.27363041945903893,0.75247040833172,0.04383156646492211,0.4134501516819,269,416,15,5,0.8758571147918701,22128,,0.5102311257199543,1675,675,335,135,261,244,52,49,461,14,92,3,,,,,,,,,,,,,,,,,,,,,2397,423,705,479
leakage,gdm_early,3,0.8,leakage,0.5,0,2,2028,"FedAvg-LR, L3",0.9785975578776229,0.9457176988096647,0.9817518248175182,0.9651972157772621,0.9471830985915493,0.9881235154394299,0.96415770609319,0.970341763844717,0.032357364892959595,-0.2584934794221445,0.7610167759205839,0.04490850197402297,0.39530083537101746,269,416,15,5,0.9219379425048828,22128,,0.5099498067783059,1675,675,335,135,261,244,52,49,461,14,92,3,,,,,,,,,,,,,,,,,,,,,2397,423,705,479
leakage,gdm_early,3,0.8,leakage,0.5,0,3,2029,Correct protocol (this study),0.9865496828752642,0.9647452760972358,0.9781818181818182,0.9627906976744186,0.9438596491228071,0.9857142857142858,0.9607142857142857,0.9674159663865547,0.029515516012907028,-2.4375530089577477,0.312187480716262,0.030163374565977685,0.10516499727964401,269,414,16,6,37.78946375846863,8043792,1904.0,0.4928605200945627,1456,635,291,127,272,164,55,33,669,133,134,27,,,,,,,,,,,,,,,,,,,,,2397,423,705,480
leakage,gdm_early,3,0.8,leakage,0.5,0,3,2029,L1: test patients in training graph,0.9836828752642706,0.9605028799280837,0.9854545454545455,0.9627906976744186,0.9442508710801394,0.9904306220095693,0.9644128113879004,0.9704139528637614,0.027956431731581688,-3.36407999188514,0.33124878877326464,0.028927792380200615,0.5741608142852783,271,414,16,4,51.32884740829468,8043792,3023.0,0.5135756501182033,1456,635,291,127,272,164,55,33,669,133,134,27,,,,,,,,,,,,,,,,,,,,,2397,423,705,480
leakage,gdm_early,3,0.8,leakage,0.5,0,3,2029,L2: pooled final classifier,0.9857928118393234,0.9604745029368745,0.9781818181818182,0.9604651162790697,0.9405594405594405,0.9856801909307876,0.9590017825311943,0.9659555437979882,0.030921857804059982,0.07495713440802264,0.3948885197543548,0.03060525111880496,0.030192719772458076,269,413,17,6,35.52601337432861,7927200,1904.0,0.48630171394799054,1456,635,291,127,272,164,55,33,669,133,134,27,,,,,,,,,,,,,,,,,,,,,2397,423,705,480
leakage,gdm_early,3,0.8,leakage,0.5,0,3,2029,L3: preprocessing fitted on all data,0.9852727272727273,0.9620179996279952,0.9927272727272727,0.958139534883721,0.9381443298969072,0.9951690821256038,0.9646643109540636,0.9704838142448042,0.027044977992773056,-2.0937128423060587,0.32025946063508065,0.026182412040495838,0.006011198274791241,273,412,18,2,34.326292753219604,8043792,1905.0,0.4965824468085106,1456,635,291,127,272,164,55,33,669,133,134,27,,,,,,,,,,,,,,,,,,,,,2397,423,705,480
leakage,gdm_early,3,0.8,leakage,0.5,0,3,2029,L4: one cross-silo graph at inference,0.9887949260042284,0.9702934659600927,0.9927272727272727,0.9604651162790697,0.9413793103448276,0.9951807228915662,0.9663716814159292,0.9719432371576687,0.025930901989340782,-3.28461755955595,0.3735662334984903,0.02728531235161876,0.03620200231671333,273,413,17,2,32.10742521286011,8043792,1904.0,0.5134869976359339,1456,635,291,127,272,164,55,33,669,133,134,27,,,,,,,,,,,,,,,,,,,,,2397,423,705,480
leakage,gdm_early,3,0.8,leakage,0.5,0,3,2029,All four shortcuts,0.9899027484143764,0.9768744447663376,0.9781818181818182,0.9674418604651163,0.950530035335689,0.985781990521327,0.96415770609319,0.970341763844717,0.025377774611115456,-0.8312597738664429,0.49623968979582783,0.02484960852600368,0.40668877959251404,269,416,14,6,47.153706550598145,7927200,3022.0,0.5209411938534279,1456,635,291,127,272,164,55,33,669,133,134,27,,,,,,,,,,,,,,,,,,,,,2397,423,705,480
leakage,gdm_early,3,0.8,leakage,0.5,0,3,2029,"FedAvg-LR, correct protocol",0.9802875264270613,0.954544678503644,0.9818181818181818,0.9534883720930233,0.9310344827586207,0.9879518072289156,0.9557522123893806,0.9630832067864062,0.034797217696905136,-0.4606812757789803,0.6105080222821834,0.03911369760514152,0.18618164956569672,270,410,20,5,0.8893063068389893,22128,,0.49674940898345155,1456,635,291,127,272,164,55,33,669,133,134,27,,,,,,,,,,,,,,,,,,,,,2397,423,705,480
leakage,gdm_early,3,0.8,leakage,0.5,0,3,2029,"FedAvg-LR, L3",0.9802875264270613,0.9541410298120081,0.9818181818181818,0.9534883720930233,0.9310344827586207,0.9879518072289156,0.9557522123893806,0.9630832067864062,0.03500250726938248,-0.463829318767376,0.6124101009805949,0.03702498378747321,0.18689674139022827,270,410,20,5,0.8666062355041504,22128,,0.4971542553191489,1456,635,291,127,272,164,55,33,669,133,134,27,,,,,,,,,,,,,,,,,,,,,2397,423,705,480
leakage,gdm_early,3,0.8,leakage,0.5,0,4,2030,Correct protocol (this study),0.9826807610993658,0.9479302570167129,0.9854545454545455,0.9720930232558139,0.9575971731448764,0.990521327014218,0.9713261648745519,0.9762734110757736,0.02296159602701664,-2.6696208299078914,0.35005183295761494,0.022954656609254782,0.07234732061624527,271,418,12,4,36.7488853931427,8043792,1880.0,0.47652319400642595,905,568,181,114,100,7,20,1,1392,357,278,71,,,,,,,,,,,,,,,,,,,,,2397,423,705,479
leakage,gdm_early,3,0.8,leakage,0.5,0,4,2030,L1: test patients in training graph,0.981877378435518,0.9491039168964966,0.9672727272727273,0.9767441860465116,0.9637681159420289,0.9790209790209791,0.9655172413793104,0.9716992493276063,0.024256259202957153,-4.932716072355849,0.3322075464086737,0.025456205711878347,0.9872962236404419,266,420,10,9,51.74023699760437,8043792,2998.0,0.4879447430373562,905,568,181,114,100,7,20,1,1392,357,278,71,,,,,,,,,,,,,,,,,,,,,2397,423,705,479
leakage,gdm_early,3,0.8,leakage,0.5,0,4,2030,L2: pooled final classifier,0.979754756871036,0.9234451575784028,0.9854545454545455,0.9720930232558139,0.9575971731448764,0.990521327014218,0.9713261648745519,0.9762734110757736,0.02537740021944046,0.12331737141978887,0.46905034452256494,0.02610912847643099,0.06322352588176727,271,418,12,4,34.62612271308899,7927200,1880.0,0.4802188365240824,905,568,181,114,100,7,20,1,1392,357,278,71,,,,,,,,,,,,,,,,,,,,,2397,423,705,479
leakage,gdm_early,3,0.8,leakage,0.5,0,4,2030,L3: preprocessing fitted on all data,0.9832135306553912,0.9593966632765532,0.9890909090909091,0.9627906976744186,0.9444444444444444,0.9928057553956835,0.9662522202486679,0.9719100534537318,0.021325277164578438,-4.892098428268578,0.33254227511562534,0.021286495490138356,0.003477277234196663,272,414,16,3,34.54178833961487,8043792,1883.0,0.4912376552806526,905,568,181,114,100,7,20,1,1392,357,278,71,,,,,,,,,,,,,,,,,,,,,2397,423,705,479
leakage,gdm_early,3,0.8,leakage,0.5,0,4,2030,L4: one cross-silo graph at inference,0.9881268498942917,0.973961290898136,0.9818181818181818,0.9720930232558139,0.9574468085106383,0.9881796690307328,0.9694793536804309,0.9747748468284921,0.02187957987189293,-5.987026777708206,0.34169009138996626,0.022311054673111903,0.910734236240387,270,418,12,5,31.44937825202942,8043792,1880.0,0.48562608270776886,905,568,181,114,100,7,20,1,1392,357,278,71,,,,,,,,,,,,,,,,,,,,,2397,423,705,479
leakage,gdm_early,3,0.8,leakage,0.5,0,4,2030,All four shortcuts,0.9841099365750529,0.9479227545803648,0.9781818181818182,0.9697674418604652,0.9539007092198581,0.9858156028368794,0.9658886894075404,0.9718071817494911,0.02465186081826687,-0.6485709464911119,0.5412615808711904,0.024061093786533212,0.11792034655809402,269,417,13,6,46.02081799507141,7927200,2996.0,0.4849242659796562,905,568,181,114,100,7,20,1,1392,357,278,71,,,,,,,,,,,,,,,,,,,,,2397,423,705,479
leakage,gdm_early,3,0.8,leakage,0.5,0,4,2030,"FedAvg-LR, correct protocol",0.9821310782241015,0.9620594567161712,0.96,0.9744186046511628,0.96,0.9744186046511628,0.96,0.9672093023255814,0.03294776380062103,0.022718792207712987,0.8945320367621581,0.03109084421121483,0.3818175494670868,264,419,11,11,0.9059784412384033,22128,,0.49398125527473025,905,568,181,114,100,7,20,1,1392,357,278,71,,,,,,,,,,,,,,,,,,,,,2397,423,705,479
leakage,gdm_early,3,0.8,leakage,0.5,0,4,2030,"FedAvg-LR, L3",0.9825539112050741,0.9625553731606213,0.96,0.9744186046511628,0.96,0.9744186046511628,0.96,0.9672093023255814,0.03256627172231674,0.03694821970276183,0.8965555855457712,0.027367472981518884,0.3604223430156708,264,419,11,11,0.8997616767883301,22128,,0.49417669790787544,905,568,181,114,100,7,20,1,1392,357,278,71,,,,,,,,,,,,,,,,,,,,,2397,423,705,479
leakage,gdm_early,3,0.8,leakage,0.5,1,1,3027,Correct protocol (this study),0.9896777143631345,0.9756103800772264,0.9854014598540146,0.9791183294663574,0.967741935483871,0.9906103286384976,0.976491862567812,0.9806613338510005,0.024332143366336823,-7.055271493866992,0.392312448271102,0.025309904912694758,0.9982182383537292,270,422,9,4,30.109949827194214,8043792,1876.0,0.4945375295508274,531,198,107,40,1053,383,211,77,813,352,162,70,,,,,,,,,,,,,,,,,,,,,2397,423,705,480
leakage,gdm_early,3,0.8,leakage,0.5,1,1,3027,L1: test patients in training graph,0.9895125916642674,0.9750511378548765,0.9635036496350365,0.9791183294663574,0.967032967032967,0.9768518518518519,0.9652650822669104,0.9716244298935943,0.025004355236887932,-5.668647170105087,0.3796666287663228,0.025488186685751535,0.9989689588546753,264,422,9,10,43.93116569519043,8043792,3003.0,0.49264332151300244,531,198,107,40,1053,383,211,77,813,352,162,70,,,,,,,,,,,,,,,,,,,,,2397,423,705,480
leakage,gdm_early,3,0.8,leakage,0.5,1,1,3027,L2: pooled final classifier,0.9880942300201535,0.9780295486148157,0.9744525547445255,0.9814385150812065,0.9709090909090909,0.9837209302325581,0.9726775956284153,0.9776279964204795,0.018340958282351494,-2.1613930134729733,0.488565114613896,0.01771850016757396,0.9589515328407288,267,423,8,7,29.66179847717285,7927200,1876.0,0.48108599290780146,531,198,107,40,1053,383,211,77,813,352,162,70,,,,,,,,,,,,,,,,,,,,,2397,423,705,480
leakage,gdm_early,3,0.8,leakage,0.5,1,1,3027,L3: preprocessing fitted on all data,0.9902238894440022,0.9818013660515913,0.9744525547445255,0.9791183294663574,0.967391304347826,0.9836829836829837,0.9709090909090909,0.97615221987315,0.023114023730158806,-4.334957814479416,0.43473691812119036,0.023920095082725787,0.9916765689849854,267,422,9,7,30.305413484573364,8043792,1881.0,0.4828398345153665,531,198,107,40,1053,383,211,77,813,352,162,70,,,,,,,,,,,,,,,,,,,,,2397,423,705,480
leakage,gdm_early,3,0.8,leakage,0.5,1,1,3027,L4: one cross-silo graph at inference,0.9897073517706234,0.9751983141087188,0.9744525547445255,0.9767981438515081,0.9638989169675091,0.9836448598130841,0.969147005444646,0.9746782757141741,0.02377806231379509,-5.885203341301824,0.38972440384128637,0.02388720359415452,0.9981138706207275,267,421,10,7,33.00606679916382,8043792,1876.0,0.49023492907801425,531,198,107,40,1053,383,211,77,813,352,162,70,,,,,,,,,,,,,,,,,,,,,2397,423,705,480
leakage,gdm_early,3,0.8,leakage,0.5,1,1,3027,All four shortcuts,0.9875014818703745,0.9735329334542678,0.9854014598540146,0.9721577726218097,0.9574468085106383,0.9905437352245863,0.9712230215827338,0.9762438292925378,0.021289240568876266,-0.8168496738397947,0.642501696853958,0.01715485499577319,0.5840685367584229,270,419,12,4,44.21810960769653,7927200,3003.0,0.5095966312056738,531,198,107,40,1053,383,211,77,813,352,162,70,,,,,,,,,,,,,,,,,,,,,2397,423,705,480
leakage,gdm_early,3,0.8,leakage,0.5,1,1,3027,"FedAvg-LR, correct protocol",0.9817772283096516,0.9614555972445344,0.948905109489051,0.9698375870069605,0.9523809523809523,0.9675925925925926,0.9506398537477148,0.9596768214277391,0.031162353232502937,-0.19629778472312465,0.8321246565508621,0.02274880781241341,0.5604433417320251,260,418,13,14,1.0123076438903809,22128,,0.48573581560283685,531,198,107,40,1053,383,211,77,813,352,162,70,,,,,,,,,,,,,,,,,,,,,2397,423,705,480
leakage,gdm_early,3,0.8,leakage,0.5,1,1,3027,"FedAvg-LR, L3",0.9818830761935408,0.9616291723383189,0.948905109489051,0.9698375870069605,0.9523809523809523,0.9675925925925926,0.9506398537477148,0.9596768214277391,0.03073587827384472,-0.17266626461197263,0.8334016862666985,0.0211083010895878,0.5544713139533997,260,418,13,14,1.473437786102295,22128,,0.4857106973995272,531,198,107,40,1053,383,211,77,813,352,162,70,,,,,,,,,,,,,,,,,,,,,2397,423,705,480
leakage,gdm_early,3,0.8,leakage,0.5,1,0,3026,Correct protocol (this study),0.9823699764594306,0.9622692549988399,0.9781021897810219,0.9327146171693735,0.9023569023569024,0.9852941176470589,0.9387040280210157,0.9484938495289823,0.05184048041701317,-5.937780023835151,0.3892814519200209,0.053919311215876495,0.9371815323829651,268,402,29,6,29.91166090965271,8043792,1885.0,0.5551163031729816,1117,277,223,55,249,240,50,48,1031,416,206,83,,,,,,,,,,,,,,,,,,,,,2397,423,705,479
leakage,gdm_early,3,0.8,leakage,0.5,1,0,3026,L1: test patients in training graph,0.9832590986840992,0.9643449035729194,0.9598540145985401,0.9582366589327146,0.9359430604982206,0.9740566037735849,0.9477477477477477,0.9569148095463884,0.033987388014793396,-6.496800145523948,0.3612005917361379,0.03382876647325855,0.9944770932197571,263,413,18,11,45.77802634239197,8043792,2992.0,0.5412058218214661,1117,277,223,55,249,240,50,48,1031,416,206,83,,,,,,,,,,,,,,,,,,,,,2397,423,705,479
leakage,gdm_early,3,0.8,leakage,0.5,1,0,3026,L2: pooled final classifier,0.9742450928921029,0.9401710158379307,0.9708029197080292,0.9280742459396751,0.8956228956228957,0.9803921568627451,0.9316987740805605,0.9426074323322946,0.04891066253185272,-1.9118107033887173,0.4651464446360476,0.04718413185708039,0.5284700989723206,266,400,31,8,30.348164319992065,7927200,1885.0,0.5682598202520025,1117,277,223,55,249,240,50,48,1031,416,206,83,,,,,,,,,,,,,,,,,,,,,2397,423,705,479
leakage,gdm_early,3,0.8,leakage,0.5,1,0,3026,L3: preprocessing fitted on all data,0.9815485968804512,0.9485022820196887,0.9817518248175182,0.9350348027842227,0.9057239057239057,0.9877450980392157,0.9422066549912435,0.9514370581273262,0.05284789577126503,-5.818019614843352,0.4009941469584399,0.0567971214097231,0.9355292320251465,269,403,28,5,32.171142578125,8043792,1885.0,0.5489968758791217,1117,277,223,55,249,240,50,48,1031,416,206,83,,,,,,,,,,,,,,,,,,,,,2397,423,705,479
leakage,gdm_early,3,0.8,leakage,0.5,1,0,3026,L4: one cross-silo graph at inference,0.9832845021762325,0.9602854982156078,0.9854014598540146,0.9559164733178654,0.9342560553633218,0.9903846153846154,0.9591474245115453,0.9659963804966227,0.03142276406288147,-7.179082184768303,0.35689198699229785,0.032254933573058746,0.8218482732772827,270,412,19,4,34.72433352470398,8043792,1885.0,0.5381631353736359,1117,277,223,55,249,240,50,48,1031,416,206,83,,,,,,,,,,,,,,,,,,,,,2397,423,705,479
leakage,gdm_early,3,0.8,leakage,0.5,1,0,3026,All four shortcuts,0.9804054397344488,0.9378083654695574,0.9963503649635036,0.9327146171693735,0.9039735099337748,0.9975186104218362,0.9479166666666666,0.955972721822542,0.02950427494943142,-1.2122295545825736,0.6553247398485414,0.023562294244105705,0.05497107282280922,273,402,29,1,45.10997033119202,7927200,2993.0,0.544057507514177,1117,277,223,55,249,240,50,48,1031,416,206,83,,,,,,,,,,,,,,,,,,,,,2397,423,705,479
leakage,gdm_early,3,0.8,leakage,0.5,1,0,3026,"FedAvg-LR, correct protocol",0.9677799041441563,0.9415703583076351,0.9562043795620438,0.9582366589327146,0.9357142857142857,0.971764705882353,0.9458483754512635,0.9554008232396505,0.042340248823165894,-0.8065492319736043,0.7748490351292981,0.05049271051448288,0.604070782661438,262,413,18,12,1.5565075874328613,22128,,0.5391299841573017,1117,277,223,55,249,240,50,48,1031,416,206,83,,,,,,,,,,,,,,,,,,,,,2397,423,705,479
leakage,gdm_early,3,0.8,leakage,0.5,1,0,3026,"FedAvg-LR, L3",0.9676782901756227,0.9412272623612684,0.9562043795620438,0.9582366589327146,0.9357142857142857,0.971764705882353,0.9458483754512635,0.9554008232396505,0.042338624596595764,-0.8000169077734205,0.778510985162428,0.04990353058785836,0.5991028547286987,262,413,18,12,0.9569151401519775,22128,,0.5390529916048505,1117,277,223,55,249,240,50,48,1031,416,206,83,,,,,,,,,,,,,,,,,,,,,2397,423,705,479
leakage,gdm_early,3,0.8,leakage,0.5,1,2,3028,Correct protocol (this study),0.9877131776381526,0.9702869370352754,0.9890510948905109,0.962877030162413,0.9442508710801394,0.992822966507177,0.966131907308378,0.9718763187896424,0.02688612788915634,-5.227716984120068,0.3450653082561314,0.0275692823056069,0.14576900005340576,271,415,16,3,30.385781288146973,8043792,1910.0,0.4875280732860521,465,270,93,54,415,135,83,27,1517,528,304,106,,,,,,,,,,,,,,,,,,,,,2397,423,705,480
leakage,gdm_early,3,0.8,leakage,0.5,1,2,3028,L1: test patients in training graph,0.9827171575185869,0.962502686692525,0.9854014598540146,0.9582366589327146,0.9375,0.9904076738609112,0.9608540925266904,0.9674553481501377,0.029559172689914703,-5.412422234475935,0.3181617689127138,0.029747565379217644,0.008132247254252434,270,413,18,4,43.5408079624176,8043792,3031.0,0.49645833333333333,465,270,93,54,415,135,83,27,1517,528,304,106,,,,,,,,,,,,,,,,,,,,,2397,423,705,480
leakage,gdm_early,3,0.8,leakage,0.5,1,2,3028,L2: pooled final classifier,0.9866250613917726,0.9640224438594714,0.9890510948905109,0.962877030162413,0.9442508710801394,0.992822966507177,0.966131907308378,0.9718763187896424,0.027032112702727318,-2.238231317729934,0.3813753991991612,0.026370245833090254,0.05890652909874916,271,415,16,3,32.85011005401611,7927200,1910.0,0.4752098108747045,465,270,93,54,415,135,83,27,1517,528,304,106,,,,,,,,,,,,,,,,,,,,,2397,423,705,480
leakage,gdm_early,3,0.8,leakage,0.5,1,2,3028,L3: preprocessing fitted on all data,0.9873151895947296,0.9651984531643968,0.9854014598540146,0.962877030162413,0.9440559440559441,0.9904534606205251,0.9642857142857143,0.9703781512605042,0.027833031490445137,-5.714282772540767,0.34020194293353784,0.028275224018110483,0.2618088722229004,270,415,16,4,31.292912006378174,8043792,1912.0,0.48936170212765956,465,270,93,54,415,135,83,27,1517,528,304,106,,,,,,,,,,,,,,,,,,,,,2397,423,705,480
leakage,gdm_early,3,0.8,leakage,0.5,1,2,3028,L4: one cross-silo graph at inference,0.9884329432485985,0.9720265888797776,0.9927007299270073,0.962877030162413,0.9444444444444444,0.9952038369304557,0.9679715302491103,0.9733725575773853,0.02534068189561367,-4.916607214076533,0.40537597683849697,0.024552339432985654,0.7474076747894287,272,415,16,2,30.50288462638855,8043792,1910.0,0.4965647163120567,465,270,93,54,415,135,83,27,1517,528,304,106,,,,,,,,,,,,,,,,,,,,,2397,423,705,480
leakage,gdm_early,3,0.8,leakage,0.5,1,2,3028,All four shortcuts,0.9889410130912661,0.9783929221844931,0.9890510948905109,0.962877030162413,0.9442508710801394,0.992822966507177,0.966131907308378,0.9718763187896424,0.02397097274661064,-1.9871335305103994,0.612679725250235,0.022229352004244834,0.6018154621124268,271,415,16,3,45.209105491638184,7927200,3035.0,0.4957565011820331,465,270,93,54,415,135,83,27,1517,528,304,106,,,,,,,,,,,,,,,,,,,,,2397,423,705,480
leakage,gdm_early,3,0.8,leakage,0.5,1,2,3028,"FedAvg-LR, correct protocol",0.9813623046048063,0.9458040768304816,0.9598540145985401,0.9559164733178654,0.9326241134751773,0.9739952718676123,0.9460431654676259,0.9554571799235085,0.036411479115486145,-0.6786646512457601,0.7097730680860325,0.037852711827619685,0.3344658613204956,263,412,19,11,0.8229618072509766,22128,,0.49569001182033096,465,270,93,54,415,135,83,27,1517,528,304,106,,,,,,,,,,,,,,,,,,,,,2397,423,705,480
leakage,gdm_early,3,0.8,leakage,0.5,1,2,3028,"FedAvg-LR, L3",0.9806721764018493,0.9447672536062954,0.9598540145985401,0.9535962877030162,0.9293286219081273,0.9739336492890995,0.9443447037701975,0.9540011912754855,0.03692422807216644,-0.6771857173479192,0.7040795515426734,0.034667669284216884,0.30965501070022583,263,411,20,11,0.7212319374084473,22128,,0.4956826241134752,465,270,93,54,415,135,83,27,1517,528,304,106,,,,,,,,,,,,,,,,,,,,,2397,423,705,480
leakage,gdm_early,3,0.8,leakage,0.5,1,3,3029,Correct protocol (this study),0.9807061310782241,0.9591774015257248,0.92,0.9744186046511628,0.9583333333333334,0.9501133786848073,0.9387755102040817,0.9504440122777009,0.04291165992617607,1.5644744167830893,0.32443976850945705,0.042750637605456075,0.7619879245758057,253,419,11,22,31.258997440338135,8043792,1864.0,0.5246808510638298,439,420,88,84,473,58,95,12,1485,454,297,91,,,,,,,,,,,,,,,,,,,,,2397,423,705,480
leakage,gdm_early,3,0.8,leakage,0.5,1,3,3029,L1: test patients in training graph,0.9810317124735729,0.9657928453187502,0.9563636363636364,0.9813953488372092,0.9704797047970479,0.9723502304147466,0.9633699633699634,0.9701109076109076,0.02587055414915085,1.3503260925680778,0.300295371936745,0.02628988730328996,0.9924325942993164,263,422,8,12,43.73777961730957,8043792,2911.0,0.5153058510638298,439,420,88,84,473,58,95,12,1485,454,297,91,,,,,,,,,,,,,,,,,,,,,2397,423,705,480
leakage,gdm_early,3,0.8,leakage,0.5,1,3,3029,L2: pooled final classifier,0.9810655391120507,0.9563391111382674,0.8981818181818182,0.9837209302325581,0.9724409448818898,0.9379157427937915,0.9338374291115312,0.947054923409341,0.04246138408780098,2.321757654675953,0.40007948500031953,0.04116075489346385,0.8584757447242737,247,423,7,28,28.794764518737793,7927200,1864.0,0.5090248226950355,439,420,88,84,473,58,95,12,1485,454,297,91,,,,,,,,,,,,,,,,,,,,,2397,423,705,480
leakage,gdm_early,3,0.8,leakage,0.5,1,3,3029,L3: preprocessing fitted on all data,0.9826849894291754,0.9698799467007292,0.9127272727272727,0.9790697674418605,0.9653846153846154,0.946067415730337,0.9383177570093458,0.9503017356475301,0.03979622200131416,2.140720114330922,0.34041222237613716,0.04015892591585028,0.7616539001464844,251,421,9,24,29.75650691986084,8043792,1863.0,0.5285859929078014,439,420,88,84,473,58,95,12,1485,454,297,91,,,,,,,,,,,,,,,,,,,,,2397,423,705,480
leakage,gdm_early,3,0.8,leakage,0.5,1,3,3029,L4: one cross-silo graph at inference,0.9861226215644819,0.9676417560732808,0.9345454545454546,0.9837209302325581,0.9734848484848485,0.9591836734693877,0.9536178107606679,0.9624575850588644,0.02708989940583706,2.4931414458628267,0.362047279718698,0.028868991557751435,0.9428425431251526,257,423,7,18,30.804189443588257,8043792,1864.0,0.5092375886524823,439,420,88,84,473,58,95,12,1485,454,297,91,,,,,,,,,,,,,,,,,,,,,2397,423,705,480
leakage,gdm_early,3,0.8,leakage,0.5,1,3,3029,All four shortcuts,0.9855771670190274,0.9736414048475917,0.92,0.986046511627907,0.9768339768339769,0.9506726457399103,0.947565543071161,0.9578010363757632,0.024722076952457428,0.8487372326144754,0.5243249138802858,0.023524033016663906,0.9660946130752563,253,424,6,22,51.0843620300293,7927200,2884.0,0.501232269503546,439,420,88,84,473,58,95,12,1485,454,297,91,,,,,,,,,,,,,,,,,,,,,2397,423,705,480
leakage,gdm_early,3,0.8,leakage,0.5,1,3,3029,"FedAvg-LR, correct protocol",0.9758816067653276,0.9709335575534155,0.96,0.9744186046511628,0.96,0.9744186046511628,0.96,0.9672093023255814,0.03966596722602844,0.24375754520127457,1.1111298787389132,0.0470656510997326,0.23297591507434845,264,419,11,11,1.382892370223999,22128,,0.5107919621749409,439,420,88,84,473,58,95,12,1485,454,297,91,,,,,,,,,,,,,,,,,,,,,2397,423,705,480
leakage,gdm_early,3,0.8,leakage,0.5,1,3,3029,"FedAvg-LR, L3",0.9758477801268499,0.9708922627155795,0.96,0.9744186046511628,0.96,0.9744186046511628,0.96,0.9672093023255814,0.03974396362900734,0.2485383269656046,1.10854017130124,0.046739166763657365,0.2319391518831253,264,419,11,11,0.9688677787780762,22128,,0.5106427304964539,439,420,88,84,473,58,95,12,1485,454,297,91,,,,,,,,,,,,,,,,,,,,,2397,423,705,480
leakage,gdm_early,3,0.8,leakage,0.5,1,4,3030,Correct protocol (this study),0.9884651162790697,0.9825004396876541,0.9818181818181818,0.9697674418604652,0.9540636042402827,0.9881516587677726,0.967741935483871,0.9733075874602454,0.026986699551343918,-2.4699044058016355,0.3409923496456966,0.02763671565073101,0.00936497189104557,270,417,13,5,31.2608802318573,8043792,1851.0,0.48998670212765955,668,58,134,12,1388,796,277,159,341,78,69,16,,,,,,,,,,,,,,,,,,,,,2397,423,705,480
leakage,gdm_early,3,0.8,leakage,0.5,1,4,3030,L1: test patients in training graph,0.987475687103594,0.9747284859104488,0.9781818181818182,0.9674418604651163,0.950530035335689,0.985781990521327,0.96415770609319,0.970341763844717,0.027825599536299706,-4.339889919375417,0.3254147691673249,0.028437456595694882,0.08495822548866272,269,416,14,6,44.73353314399719,8043792,3012.0,0.505698877068558,668,58,134,12,1388,796,277,159,341,78,69,16,,,,,,,,,,,,,,,,,,,,,2397,423,705,480
leakage,gdm_early,3,0.8,leakage,0.5,1,4,3030,L2: pooled final classifier,0.987154334038055,0.9824226758265778,0.9709090909090909,0.9720930232558139,0.956989247311828,0.9812206572769953,0.9638989169675091,0.9702672154931004,0.02696613222360611,1.0726458656169786,0.5061977684527829,0.023194882111848447,0.05624072626233101,267,418,12,8,29.536255836486816,7927200,1851.0,0.4815277777777778,668,58,134,12,1388,796,277,159,341,78,69,16,,,,,,,,,,,,,,,,,,,,,2397,423,705,480
leakage,gdm_early,3,0.8,leakage,0.5,1,4,3030,L3: preprocessing fitted on all data,0.9873023255813953,0.9804082820474384,0.9818181818181818,0.9697674418604652,0.9540636042402827,0.9881516587677726,0.967741935483871,0.9733075874602454,0.025133352726697922,-0.8159963766799649,0.3545351920644178,0.025343078758702994,0.003382588503882289,270,417,13,5,29.23793363571167,8043792,1861.0,0.48123079196217494,668,58,134,12,1388,796,277,159,341,78,69,16,,,,,,,,,,,,,,,,,,,,,2397,423,705,480
leakage,gdm_early,3,0.8,leakage,0.5,1,4,3030,L4: one cross-silo graph at inference,0.9901353065539112,0.9811413344747035,0.9781818181818182,0.9697674418604652,0.9539007092198581,0.9858156028368794,0.9658886894075404,0.9718071817494911,0.026478135958313942,-4.755814555204226,0.3644535492585331,0.027174884168487297,0.7813567519187927,269,417,13,6,30.40344762802124,8043792,1851.0,0.5015854018912529,668,58,134,12,1388,796,277,159,341,78,69,16,,,,,,,,,,,,,,,,,,,,,2397,423,705,480
leakage,gdm_early,3,0.8,leakage,0.5,1,4,3030,All four shortcuts,0.9892262156448204,0.9674466483511427,0.9745454545454545,0.9720930232558139,0.9571428571428572,0.9835294117647059,0.9657657657657658,0.9717717717717718,0.023344295099377632,-0.5404570786279336,0.6525102467144224,0.019058547264744402,0.5109783411026001,268,418,12,7,52.75420546531677,7927200,3017.0,0.5032535460992907,668,58,134,12,1388,796,277,159,341,78,69,16,,,,,,,,,,,,,,,,,,,,,2397,423,705,480
leakage,gdm_early,3,0.8,leakage,0.5,1,4,3030,"FedAvg-LR, correct protocol",0.9821945031712472,0.9672518391037217,0.9636363636363636,0.9720930232558139,0.9566787003610109,0.9766355140186916,0.9601449275362319,0.9672519509476032,0.0275551900267601,-0.2779567563603851,0.8078156272554421,0.030979375266436973,0.5643050670623779,265,418,12,10,0.8913915157318115,22128,,0.49944444444444447,668,58,134,12,1388,796,277,159,341,78,69,16,,,,,,,,,,,,,,,,,,,,,2397,423,705,480
leakage,gdm_early,3,0.8,leakage,0.5,1,4,3030,"FedAvg-LR, L3",0.9820972515856237,0.96718227668506,0.96,0.9720930232558139,0.9565217391304348,0.9743589743589743,0.9582577132486388,0.9657411965544708,0.027490315958857536,-0.2838276838661794,0.8054712692280476,0.03252634041486904,0.5693584680557251,264,418,12,11,1.4315412044525146,22128,,0.49930851063829795,668,58,134,12,1388,796,277,159,341,78,69,16,,,,,,,,,,,,,,,,,,,,,2397,423,705,480
leakage,gdm_early,3,0.8,leakage,0.5,2,0,4026,Correct protocol (this study),0.9858417870509932,0.9772148820270034,0.927007299270073,0.9767981438515081,0.9621212121212122,0.9546485260770975,0.9442379182156134,0.9549171242454214,0.05033257603645325,-4.61896346046767,0.38852978651837256,0.05607211647442945,0.9979514479637146,254,421,10,20,31.454840183258057,8043792,1818.0,0.547145390070922,1453,178,291,36,701,692,140,138,243,63,49,13,,,,,,,,,,,,,,,,,,,,,2397,423,705,480
leakage,gdm_early,3,0.8,leakage,0.5,2,0,4026,L1: test patients in training graph,0.9837417650346334,0.9626543801999751,0.948905109489051,0.9721577726218097,0.9558823529411765,0.9676674364896074,0.9523809523809523,0.9611441798941799,0.030340857803821564,-3.511485202060029,0.36273694123632627,0.02871150803415384,0.9881232380867004,260,419,12,14,43.37522649765015,8043792,2846.0,0.5133362884160757,1453,178,291,36,701,692,140,138,243,63,49,13,,,,,,,,,,,,,,,,,,,,,2397,423,705,480
leakage,gdm_early,3,0.8,leakage,0.5,2,0,4026,L2: pooled final classifier,0.9792876860805798,0.9591803969203416,0.9197080291970803,0.9721577726218097,0.9545454545454546,0.9501133786848073,0.9368029739776952,0.9489060741448109,0.04067937284708023,-0.617718348530769,0.5554270598484043,0.03378769339636918,0.843201756477356,252,419,12,22,30.933810472488403,7927200,1818.0,0.5540676713947991,1453,178,291,36,701,692,140,138,243,63,49,13,,,,,,,,,,,,,,,,,,,,,2397,423,705,480
leakage,gdm_early,3,0.8,leakage,0.5,2,0,4026,L3: preprocessing fitted on all data,0.985337951123681,0.9768761042289549,0.9379562043795621,0.9721577726218097,0.9553903345724907,0.9610091743119266,0.9465930018416207,0.9565721641272693,0.05450097844004631,-4.406688742797832,0.38851422419553405,0.05844277870966823,0.994292140007019,257,419,12,17,34.30607509613037,8043792,1818.0,0.5411879432624114,1453,178,291,36,701,692,140,138,243,63,49,13,,,,,,,,,,,,,,,,,,,,,2397,423,705,480
leakage,gdm_early,3,0.8,leakage,0.5,2,0,4026,L4: one cross-silo graph at inference,0.9846139515978797,0.9673843271750175,0.9708029197080292,0.962877030162413,0.9432624113475178,0.9810874704491725,0.9568345323741008,0.9643657439388068,0.0294438898563385,-2.915572563868038,0.4056598907421072,0.025919610330610413,0.3366905450820923,266,415,16,8,38.80609440803528,8043792,1818.0,0.517798463356974,1453,178,291,36,701,692,140,138,243,63,49,13,,,,,,,,,,,,,,,,,,,,,2397,423,705,480
leakage,gdm_early,3,0.8,leakage,0.5,2,0,4026,All four shortcuts,0.9836909580503667,0.9481316207112873,0.9635036496350365,0.9698375870069605,0.9530685920577617,0.9766355140186916,0.9582577132486388,0.9657411965544708,0.027161618694663048,-0.40733294576685175,0.7198147529665717,0.017367265700422053,0.8059144020080566,264,418,13,10,56.16631507873535,7927200,2843.0,0.5328028959810875,1453,178,291,36,701,692,140,138,243,63,49,13,,,,,,,,,,,,,,,,,,,,,2397,423,705,480
leakage,gdm_early,3,0.8,leakage,0.5,2,0,4026,"FedAvg-LR, correct protocol",0.9635290531271699,0.9573593671012002,0.9343065693430657,0.9605568445475638,0.9377289377289377,0.9583333333333334,0.9360146252285192,0.9477292129618842,0.062354810535907745,1.3778595119671868,0.9032580687905767,0.07071448689366275,0.1065104678273201,256,414,17,18,1.0077550411224365,22128,,0.47497488179669034,1453,178,291,36,701,692,140,138,243,63,49,13,,,,,,,,,,,,,,,,,,,,,2397,423,705,480
leakage,gdm_early,3,0.8,leakage,0.5,2,0,4026,"FedAvg-LR, L3",0.9635544566193033,0.9573987428560548,0.9343065693430657,0.9605568445475638,0.9377289377289377,0.9583333333333334,0.9360146252285192,0.9477292129618842,0.0623333714902401,1.3793146980486208,0.9017718347071688,0.07069169750688134,0.1066625565290451,256,414,17,18,1.3803095817565918,22128,,0.4749763593380614,1453,178,291,36,701,692,140,138,243,63,49,13,,,,,,,,,,,,,,,,,,,,,2397,423,705,480
leakage,gdm_early,3,0.8,leakage,0.5,2,1,4027,Correct protocol (this study),0.9926753264348739,0.9802535086642811,1.0,0.9489559164733179,0.9256756756756757,1.0,0.9614035087719298,0.9676065162907268,0.02419695444405079,-6.309831062148396,0.393619083657242,0.025221215391652126,0.0006522682961076498,274,409,22,0,39.257131576538086,8043792,1903.0,0.4611746453900709,414,148,83,30,316,88,64,18,1667,697,333,139,,,,,,,,,,,,,,,,,,,,,2397,423,705,480
leakage,gdm_early,3,0.8,leakage,0.5,2,1,4027,L1: test patients in training graph,0.9887843582231104,0.9683483906578134,1.0,0.951276102088167,0.9288135593220339,1.0,0.9630931458699473,0.9690614361929999,0.023572562262415886,-8.733876720156426,0.41159905805679786,0.024131014934990303,0.003876639297232032,274,410,21,0,52.48103594779968,8043792,3038.0,0.4892922576832151,414,148,83,30,316,88,64,18,1667,697,333,139,,,,,,,,,,,,,,,,,,,,,2397,423,705,480
leakage,gdm_early,3,0.8,leakage,0.5,2,1,4027,L2: pooled final classifier,0.9913035378596712,0.9713615143919898,1.0,0.951276102088167,0.9288135593220339,1.0,0.9630931458699473,0.9690614361929999,0.023168953135609627,-2.2141769226399903,0.49224868581030806,0.022649884483519366,0.003945843316614628,274,410,21,0,37.95111966133118,7927200,1903.0,0.46489361702127663,414,148,83,30,316,88,64,18,1667,697,333,139,,,,,,,,,,,,,,,,,,,,,2397,423,705,480
leakage,gdm_early,3,0.8,leakage,0.5,2,1,4027,L3: preprocessing fitted on all data,0.9913712805053602,0.9752436553376902,1.0,0.9466357308584686,0.9225589225589226,1.0,0.9597197898423818,0.9661531011190455,0.023882796987891197,-5.960711698099595,0.37818010534776564,0.024493400889765864,0.0002780089562293142,274,408,23,0,39.57352256774902,8043792,1898.0,0.45609190307328606,414,148,83,30,316,88,64,18,1667,697,333,139,,,,,,,,,,,,,,,,,,,,,2397,423,705,480
leakage,gdm_early,3,0.8,leakage,0.5,2,1,4027,L4: one cross-silo graph at inference,0.9907573627788033,0.973000231116528,1.0,0.9582366589327146,0.9383561643835616,1.0,0.9681978798586572,0.9734354328203239,0.024154895916581154,-8.73634414171145,0.45102736827136586,0.024827899347560595,0.03162779286503792,274,413,18,0,39.2097532749176,8043792,1903.0,0.4953885933806147,414,148,83,30,316,88,64,18,1667,697,333,139,,,,,,,,,,,,,,,,,,,,,2397,423,705,480
leakage,gdm_early,3,0.8,leakage,0.5,2,1,4027,All four shortcuts,0.9875607566853524,0.9643606381103116,1.0,0.9559164733178654,0.9351535836177475,1.0,0.9664902998236331,0.971975873517985,0.022637715563178062,-2.109172837670228,0.5974982043020085,0.022185029069965705,0.049716103821992874,274,412,19,0,56.260244369506836,7927200,3037.0,0.4946764184397164,414,148,83,30,316,88,64,18,1667,697,333,139,,,,,,,,,,,,,,,,,,,,,2397,423,705,480
leakage,gdm_early,3,0.8,leakage,0.5,2,1,4027,"FedAvg-LR, correct protocol",0.9848849221806357,0.9633175643723874,0.9963503649635036,0.925754060324826,0.8950819672131147,0.9975,0.9430051813471503,0.9516469950057052,0.032224591821432114,-0.600096994393616,0.8389858962837504,0.04781685711432854,0.19234904646873474,273,399,32,1,1.0521979331970215,22128,,0.4937810283687944,414,148,83,30,316,88,64,18,1667,697,333,139,,,,,,,,,,,,,,,,,,,,,2397,423,705,480
leakage,gdm_early,3,0.8,leakage,0.5,2,1,4027,"FedAvg-LR, L3",0.9849018578420581,0.9630526297416417,0.9963503649635036,0.9373549883990719,0.91,0.9975308641975309,0.9512195121951219,0.9588633446143073,0.031417153775691986,-0.649732205099895,0.8370352384078042,0.047326582553961584,0.20779624581336975,273,404,27,1,1.7062451839447021,22128,,0.4934057328605201,414,148,83,30,316,88,64,18,1667,697,333,139,,,,,,,,,,,,,,,,,,,,,2397,423,705,480
leakage,gdm_early,3,0.8,leakage,0.5,2,2,4028,Correct protocol (this study),0.981811099632496,0.965623304099007,0.9781021897810219,0.9559164733178654,0.9337979094076655,0.9856459330143541,0.9554367201426025,0.962995156302161,0.02980809286236763,-3.089978330643874,0.3855236053543337,0.030875484138918753,0.10762625187635422,268,412,19,6,38.712892293930054,8043792,1884.0,0.5080466903073286,370,333,74,67,372,283,75,57,1655,317,331,63,,,,,,,,,,,,,,,,,,,,,2397,423,705,480
leakage,gdm_early,3,0.8,leakage,0.5,2,2,4028,L1: test patients in training graph,0.9833903500601215,0.9702680056131667,0.9854014598540146,0.962877030162413,0.9440559440559441,0.9904534606205251,0.9642857142857143,0.9703781512605042,0.02644905261695385,-2.600934771511221,0.4417497295382853,0.02514809161847363,0.19409547746181488,270,415,16,4,53.728575229644775,8043792,2928.0,0.4987115839243499,370,333,74,67,372,283,75,57,1655,317,331,63,,,,,,,,,,,,,,,,,,,,,2397,423,705,480
leakage,gdm_early,3,0.8,leakage,0.5,2,2,4028,L2: pooled final classifier,0.9832590986840991,0.9611923891318466,0.9598540145985401,0.9698375870069605,0.9528985507246377,0.9743589743589743,0.9563636363636364,0.9642283298097252,0.030027812346816063,-0.9720477537783373,0.6006017413416325,0.023741467990945543,0.9149745106697083,263,418,13,11,37.92394828796387,7927200,1884.0,0.5182446808510639,370,333,74,67,372,283,75,57,1655,317,331,63,,,,,,,,,,,,,,,,,,,,,2397,423,705,480
leakage,gdm_early,3,0.8,leakage,0.5,2,2,4028,L3: preprocessing fitted on all data,0.9804816502108489,0.9614546797168892,0.9781021897810219,0.9582366589327146,0.9370629370629371,0.9856801909307876,0.9571428571428572,0.9644537815126051,0.03066170960664749,-2.962064654706649,0.370560956799484,0.030166111834898788,0.1469080150127411,268,413,18,6,39.145870208740234,8043792,1881.0,0.4907269503546099,370,333,74,67,372,283,75,57,1655,317,331,63,,,,,,,,,,,,,,,,,,,,,2397,423,705,480
leakage,gdm_early,3,0.8,leakage,0.5,2,2,4028,L4: one cross-silo graph at inference,0.9823996138669195,0.9669178464607961,0.9598540145985401,0.9675174013921114,0.9494584837545126,0.9742990654205608,0.9546279491833031,0.962762170167903,0.03027511015534401,-1.6717113069768466,0.4000696126955917,0.028857528011591967,0.6415804624557495,263,417,14,11,38.39188814163208,8043792,1884.0,0.4952585697399527,370,333,74,67,372,283,75,57,1655,317,331,63,,,,,,,,,,,,,,,,,,,,,2397,423,705,480
leakage,gdm_early,3,0.8,leakage,0.5,2,2,4028,All four shortcuts,0.9804477788880045,0.9578155748232773,0.9708029197080292,0.9605568445475638,0.9399293286219081,0.981042654028436,0.9551166965888689,0.9629041865124883,0.03015008568763733,-0.4178087772931727,0.5871446334946269,0.02624995618767982,0.16501979529857635,266,414,17,8,56.653791189193726,7927200,2937.0,0.49019503546099286,370,333,74,67,372,283,75,57,1655,317,331,63,,,,,,,,,,,,,,,,,,,,,2397,423,705,480
leakage,gdm_early,3,0.8,leakage,0.5,2,2,4028,"FedAvg-LR, correct protocol",0.9761291852253289,0.9607664625826925,0.9452554744525548,0.9698375870069605,0.9522058823529411,0.9653579676674365,0.9487179487179487,0.9581552706552706,0.04846597835421562,0.406372705455963,1.0745982576351776,0.061294903400096475,0.283401221036911,259,418,13,15,0.8355469703674316,22128,,0.4832904846335698,370,333,74,67,372,283,75,57,1655,317,331,63,,,,,,,,,,,,,,,,,,,,,2397,423,705,480
leakage,gdm_early,3,0.8,leakage,0.5,2,2,4028,"FedAvg-LR, L3",0.9761715243788845,0.9608013848228155,0.9452554744525548,0.9675174013921114,0.9487179487179487,0.9652777777777778,0.946983546617916,0.9566899193112754,0.048385001718997955,0.4075184542742885,1.0745308993305598,0.06087874247302823,0.28469327092170715,259,417,14,15,1.0378446578979492,22128,,0.4833229905437352,370,333,74,67,372,283,75,57,1655,317,331,63,,,,,,,,,,,,,,,,,,,,,2397,423,705,480
leakage,gdm_early,3,0.8,leakage,0.5,2,3,4029,Correct protocol (this study),0.9917589852008456,0.9814550816620804,0.9781818181818182,0.9674418604651163,0.950530035335689,0.985781990521327,0.96415770609319,0.970341763844717,0.026766695082187653,-5.26954917955608,0.3859895164783298,0.026850341809071372,0.9283849596977234,269,416,14,6,35.81970238685608,8043792,1868.0,0.5188031914893617,818,54,164,11,310,170,62,34,1269,708,254,142,,,,,,,,,,,,,,,,,,,,,2397,423,705,480
leakage,gdm_early,3,0.8,leakage,0.5,2,3,4029,L1: test patients in training graph,0.9905496828752643,0.9758920353441469,0.9781818181818182,0.9767441860465116,0.96415770609319,0.9859154929577465,0.9711191335740073,0.9762137723944803,0.02293284237384796,-7.1619712994397915,0.40964529754017626,0.02450727831327902,0.999180257320404,269,420,10,6,55.865278244018555,8043792,2869.0,0.5233229905437352,818,54,164,11,310,170,62,34,1269,708,254,142,,,,,,,,,,,,,,,,,,,,,2397,423,705,480
leakage,gdm_early,3,0.8,leakage,0.5,2,3,4029,L2: pooled final classifier,0.9904862579281184,0.9809709820504326,0.9818181818181818,0.9651162790697675,0.9473684210526315,0.9880952380952381,0.9642857142857143,0.9703781512605042,0.026798196136951447,0.45993058170402734,0.5552243460760204,0.02434762026462374,0.016700459644198418,270,415,15,5,38.30924987792969,7927200,1868.0,0.5133096926713948,818,54,164,11,310,170,62,34,1269,708,254,142,,,,,,,,,,,,,,,,,,,,,2397,423,705,480
leakage,gdm_early,3,0.8,leakage,0.5,2,3,4029,L3: preprocessing fitted on all data,0.9920803382663848,0.9832680044411862,0.9672727272727273,0.9744186046511628,0.9602888086642599,0.9789719626168224,0.9637681159420289,0.9702290463160028,0.02683076821267605,-6.533284706107742,0.3824306915558956,0.026174660867859516,0.9992637038230896,266,419,11,9,38.288182497024536,8043792,1869.0,0.5125029550827424,818,54,164,11,310,170,62,34,1269,708,254,142,,,,,,,,,,,,,,,,,,,,,2397,423,705,480
leakage,gdm_early,3,0.8,leakage,0.5,2,3,4029,L4: one cross-silo graph at inference,0.9914587737843551,0.9782553623172073,0.9818181818181818,0.9744186046511628,0.9608540925266904,0.9882075471698113,0.9712230215827338,0.9762438292925378,0.021352820098400116,-2.3569471246032405,0.5838915251524297,0.021814681412916342,0.7287851572036743,270,419,11,5,37.461058616638184,8043792,1868.0,0.5213696808510638,818,54,164,11,310,170,62,34,1269,708,254,142,,,,,,,,,,,,,,,,,,,,,2397,423,705,480
leakage,gdm_early,3,0.8,leakage,0.5,2,3,4029,All four shortcuts,0.9939112050739958,0.9871210456346771,0.9963636363636363,0.9534883720930233,0.9319727891156463,0.9975669099756691,0.9630931458699473,0.9690614361929999,0.01959986612200737,-0.1894744217769305,0.7625684746881917,0.013820054030362912,0.018620217218995094,274,410,20,1,56.66238808631897,7927200,2866.0,0.5147222222222222,818,54,164,11,310,170,62,34,1269,708,254,142,,,,,,,,,,,,,,,,,,,,,2397,423,705,480
leakage,gdm_early,3,0.8,leakage,0.5,2,3,4029,"FedAvg-LR, correct protocol",0.9802536997885836,0.9499463147614002,0.9818181818181818,0.9627906976744186,0.9440559440559441,0.9880668257756563,0.9625668449197861,0.9689159312938154,0.03473755717277527,-0.6292730193179306,0.9085128804951307,0.05200292941526317,0.37990596890449524,270,414,16,5,0.9212319850921631,22128,,0.5119015957446809,818,54,164,11,310,170,62,34,1269,708,254,142,,,,,,,,,,,,,,,,,,,,,2397,423,705,480
leakage,gdm_early,3,0.8,leakage,0.5,2,3,4029,"FedAvg-LR, L3",0.9800338266384779,0.9497391548522712,0.9745454545454545,0.9651162790697675,0.9469964664310954,0.9834123222748815,0.9605734767025089,0.9673759402291887,0.034704968333244324,-0.6107777064468319,0.9046549022740393,0.051721439143338946,0.4193253219127655,268,415,15,7,1.102705478668213,22128,,0.5122798463356975,818,54,164,11,310,170,62,34,1269,708,254,142,,,,,,,,,,,,,,,,,,,,,2397,423,705,480
leakage,gdm_early,3,0.8,leakage,0.5,3,0,5026,Correct protocol (this study),0.982035497146341,0.9691582995959612,0.9671532846715328,0.9582366589327146,0.9363957597173145,0.9786729857819905,0.9515260323159784,0.9599365214334874,0.03842754289507866,-0.031162724479842654,0.34072859067598926,0.04019158904453912,0.01507959421724081,265,413,18,9,39.79700827598572,8043792,1887.0,0.522089243498818,526,366,105,73,105,44,21,9,1766,523,354,105,,,,,,,,,,,,,,,,,,,,,2397,423,705,480
leakage,gdm_early,3,0.8,leakage,0.5,3,0,5026,L1: test patients in training graph,0.9872389791183295,0.9699944530941919,0.9708029197080292,0.9605568445475638,0.9399293286219081,0.981042654028436,0.9551166965888689,0.9629041865124883,0.031307388097047806,-2.924301263620681,0.3583586659672404,0.03178414856661639,0.06253023445606232,266,414,17,8,54.89244198799133,8043792,2983.0,0.5191193853427896,526,366,105,73,105,44,21,9,1766,523,354,105,,,,,,,,,,,,,,,,,,,,,2397,423,705,480
leakage,gdm_early,3,0.8,leakage,0.5,3,0,5026,L2: pooled final classifier,0.9784409030094671,0.9690646564376599,0.9343065693430657,0.9767981438515081,0.9624060150375939,0.958997722095672,0.9481481481481482,0.9579821200510856,0.03708518669009209,0.5959479372758129,0.4286497965872968,0.03864094261344231,0.8606314063072205,256,421,10,18,40.2424418926239,7927200,1887.0,0.518871158392435,526,366,105,73,105,44,21,9,1766,523,354,105,,,,,,,,,,,,,,,,,,,,,2397,423,705,480
leakage,gdm_early,3,0.8,leakage,0.5,3,0,5026,L3: preprocessing fitted on all data,0.9817645265635849,0.9718422803839857,0.9598540145985401,0.9605568445475638,0.9392857142857143,0.9741176470588235,0.9494584837545126,0.9583741016903404,0.03933100774884224,1.2172998023263957,0.33524435891717247,0.0412814751178264,0.018629642203450203,263,414,17,11,39.49849033355713,8043792,1887.0,0.523386524822695,526,366,105,73,105,44,21,9,1766,523,354,105,,,,,,,,,,,,,,,,,,,,,2397,423,705,480
leakage,gdm_early,3,0.8,leakage,0.5,3,0,5026,L4: one cross-silo graph at inference,0.9852744423933476,0.9584191664696091,0.9854014598540146,0.9651972157772621,0.9473684210526315,0.9904761904761905,0.9660107334525939,0.9718420294760032,0.028467470780014992,-3.739831852579865,0.3686532755065255,0.029624151389018805,0.051922108978033066,270,416,15,4,38.036142110824585,8043792,1887.0,0.5215558510638298,526,366,105,73,105,44,21,9,1766,523,354,105,,,,,,,,,,,,,,,,,,,,,2397,423,705,480
leakage,gdm_early,3,0.8,leakage,0.5,3,0,5026,All four shortcuts,0.9915702745270717,0.9829702630200998,0.9671532846715328,0.9698375870069605,0.9532374100719424,0.9789227166276346,0.9601449275362319,0.9672519509476032,0.02499215491116047,-2.4755745519731938,0.48564174515836284,0.02484891690769568,0.8236757516860962,265,418,13,9,55.629783153533936,7927200,2992.0,0.5225591016548463,526,366,105,73,105,44,21,9,1766,523,354,105,,,,,,,,,,,,,,,,,,,,,2397,423,705,480
leakage,gdm_early,3,0.8,leakage,0.5,3,0,5026,"FedAvg-LR, correct protocol",0.9756719223669279,0.9438639783321564,0.9744525547445255,0.9698375870069605,0.9535714285714286,0.9835294117647059,0.9638989169675091,0.9702672154931004,0.03414548560976982,-0.1070574179320898,0.734350460136195,0.045328534959901315,0.25908705592155457,267,418,13,7,0.8577384948730469,22128,,0.5102585697399526,526,366,105,73,105,44,21,9,1766,523,354,105,,,,,,,,,,,,,,,,,,,,,2397,423,705,480
leakage,gdm_early,3,0.8,leakage,0.5,3,0,5026,"FedAvg-LR, L3",0.9758116415736616,0.9443113283979024,0.9781021897810219,0.9698375870069605,0.9537366548042705,0.9858490566037735,0.9657657657657658,0.9717717717717718,0.03414619341492653,-0.05277663058263778,0.7317455604667175,0.043086493670517687,0.26240745186805725,268,418,13,6,0.8837833404541016,22128,,0.5094060283687943,526,366,105,73,105,44,21,9,1766,523,354,105,,,,,,,,,,,,,,,,,,,,,2397,423,705,480
leakage,gdm_early,3,0.8,leakage,0.5,2,4,4030,Correct protocol (this study),0.9807991543340381,0.968668073949247,0.96,0.9651162790697675,0.946236559139785,0.9741784037558685,0.9530685920577617,0.9613473801410304,0.0383322574198246,1.2001142356741186,0.4118365488096816,0.03816874124545683,0.0889071449637413,264,415,15,11,39.03959250450134,8043792,1847.0,0.5591234161251075,1036,855,207,171,1298,71,259,14,63,6,12,1,,,,,,,,,,,,,,,,,,,,,2397,423,705,478
leakage,gdm_early,3,0.8,leakage,0.5,2,4,4030,L1: test patients in training graph,0.9817589852008456,0.9575314153614423,0.9709090909090909,0.9627906976744186,0.9434628975265018,0.981042654028436,0.956989247311828,0.9644101166136605,0.028716007247567177,-1.0706865263911705,0.3960274530586775,0.02799670290835993,0.23008635640144348,267,414,16,8,56.76757621765137,8043792,2705.0,0.5497759577435533,1036,855,207,171,1298,71,259,14,63,6,12,1,,,,,,,,,,,,,,,,,,,,,2397,423,705,478
leakage,gdm_early,3,0.8,leakage,0.5,2,4,4030,L2: pooled final classifier,0.9820634249471459,0.9640557943322671,0.9236363636363636,0.9720930232558139,0.9548872180451128,0.9521640091116174,0.9390018484288355,0.9505135824422659,0.04759300872683525,2.0976407760120055,0.5374806130790729,0.04778562946515886,0.22473563253879547,254,418,12,21,40.79474663734436,7927200,1847.0,0.5448707676785661,1036,855,207,171,1298,71,259,14,63,6,12,1,,,,,,,,,,,,,,,,,,,,,2397,423,705,478
leakage,gdm_early,3,0.8,leakage,0.5,2,4,4030,L3: preprocessing fitted on all data,0.9824355179704016,0.970586708078108,0.96,0.9674418604651163,0.9496402877697842,0.9742388758782201,0.9547920433996383,0.9628102574057702,0.0344998799264431,1.0246602338552426,0.4210923468523748,0.03283045260823525,0.1711200624704361,264,416,14,11,39.738950967788696,8043792,1836.0,0.5551648416866969,1036,855,207,171,1298,71,259,14,63,6,12,1,,,,,,,,,,,,,,,,,,,,,2397,423,705,478
leakage,gdm_early,3,0.8,leakage,0.5,2,4,4030,L4: one cross-silo graph at inference,0.9851120507399578,0.9627663305694978,0.9781818181818182,0.958139534883721,0.9372822299651568,0.9856459330143541,0.9572953736654805,0.9644967434365138,0.02903212420642376,-1.3706329315366008,0.45884439273164396,0.026200445567039723,0.20260146260261536,269,412,18,6,39.168591260910034,8043792,1847.0,0.5446882696815929,1036,855,207,171,1298,71,259,14,63,6,12,1,,,,,,,,,,,,,,,,,,,,,2397,423,705,478
leakage,gdm_early,3,0.8,leakage,0.5,2,4,4030,All four shortcuts,0.9850147991543341,0.9684702244371076,0.9781818181818182,0.9744186046511628,0.9607142857142857,0.9858823529411764,0.9693693693693693,0.9747431642168485,0.024861689656972885,0.576798226320073,0.6158696208411404,0.02154032622417766,0.1818249225616455,269,419,11,6,56.29016399383545,7927200,2708.0,0.5372622333006913,1036,855,207,171,1298,71,259,14,63,6,12,1,,,,,,,,,,,,,,,,,,,,,2397,423,705,478
leakage,gdm_early,3,0.8,leakage,0.5,2,4,4030,"FedAvg-LR, correct protocol",0.9731966173361521,0.941739131049897,0.9636363636363636,0.958139534883721,0.9363957597173145,0.976303317535545,0.9498207885304659,0.9584784693826038,0.05531040579080582,1.3114132770428528,0.7768139820709278,0.06002526082468369,0.07979220151901245,265,412,18,10,0.9128115177154541,22128,,0.5112406896347073,1036,855,207,171,1298,71,259,14,63,6,12,1,,,,,,,,,,,,,,,,,,,,,2397,423,705,478
leakage,gdm_early,3,0.8,leakage,0.5,2,4,4030,"FedAvg-LR, L3",0.9732558139534884,0.9417846859248039,0.9636363636363636,0.958139534883721,0.9363957597173145,0.976303317535545,0.9498207885304659,0.9584784693826038,0.05531318113207817,1.3147040396194045,0.7779288018986242,0.0600912849108378,0.08042481541633606,265,412,18,10,1.094961166381836,22128,,0.5110403869551026,1036,855,207,171,1298,71,259,14,63,6,12,1,,,,,,,,,,,,,,,,,,,,,2397,423,705,478
leakage,gdm_early,3,0.8,leakage,0.5,3,1,5027,Correct protocol (this study),0.9910283333615594,0.9793349155451476,0.9963503649635036,0.9767981438515081,0.9646643109540636,0.9976303317535545,0.9802513464991023,0.9836778420654948,0.016847824677824974,-1.5796631698981558,0.4130432153170605,0.01633141910019892,0.13595058023929596,273,421,10,1,40.5732102394104,8043792,1849.0,0.4597669494662343,197,96,39,19,1426,206,285,41,774,631,155,126,,,,,,,,,,,,,,,,,,,,,2397,423,705,479
leakage,gdm_early,3,0.8,leakage,0.5,3,1,5027,L1: test patients in training graph,0.9889283113451997,0.9713813975118909,0.9817518248175182,0.9791183294663574,0.9676258992805755,0.9882903981264637,0.9746376811594203,0.9791603324212019,0.01746392995119095,-1.4556291511668185,0.4458552918680099,0.016740067632281024,0.41114965081214905,269,422,9,5,55.14959216117859,8043792,2856.0,0.48575785842254104,197,96,39,19,1426,206,285,41,774,631,155,126,,,,,,,,,,,,,,,,,,,,,2397,423,705,479
leakage,gdm_early,3,0.8,leakage,0.5,3,1,5027,L2: pooled final classifier,0.9908970819855369,0.9774547137538091,0.9963503649635036,0.9767981438515081,0.9646643109540636,0.9976303317535545,0.9802513464991023,0.9836778420654948,0.02342456765472889,0.4416497388394091,0.6442735642264971,0.02113556884004609,0.04840490594506264,273,421,10,1,39.21441411972046,7927200,1849.0,0.44431809769170405,197,96,39,19,1426,206,285,41,774,631,155,126,,,,,,,,,,,,,,,,,,,,,2397,423,705,479
leakage,gdm_early,3,0.8,leakage,0.5,3,1,5027,L3: preprocessing fitted on all data,0.9909690585465816,0.9784052420877801,0.9963503649635036,0.9767981438515081,0.9646643109540636,0.9976303317535545,0.9802513464991023,0.9836778420654948,0.017087381333112717,-0.7741543109403106,0.44448826528966057,0.017518795984268788,0.11142273992300034,273,421,10,1,37.71892857551575,8043792,1849.0,0.4609558921512016,197,96,39,19,1426,206,285,41,774,631,155,126,,,,,,,,,,,,,,,,,,,,,2397,423,705,479
leakage,gdm_early,3,0.8,leakage,0.5,3,1,5027,L4: one cross-silo graph at inference,0.9900757024065574,0.9802141662147784,0.9854014598540146,0.974477958236659,0.9608540925266904,0.9905660377358491,0.972972972972973,0.9777145566619251,0.01938488706946373,-2.4666578941071644,0.4079567131963876,0.01890929275231952,0.14794577658176422,270,420,11,4,38.02315068244934,8043792,1849.0,0.46407112927345684,197,96,39,19,1426,206,285,41,774,631,155,126,,,,,,,,,,,,,,,,,,,,,2397,423,705,479
leakage,gdm_early,3,0.8,leakage,0.5,3,1,5027,All four shortcuts,0.9904482869578471,0.9768432172550523,0.9927007299270073,0.9767981438515081,0.9645390070921985,0.9952718676122931,0.9784172661870504,0.9821828719694035,0.01675005443394184,-0.5404814582807689,0.750813143309463,0.01175234913165478,0.4481591284275055,272,421,10,2,52.346988916397095,7927200,2851.0,0.47424599120508154,197,96,39,19,1426,206,285,41,774,631,155,126,,,,,,,,,,,,,,,,,,,,,2397,423,705,479
leakage,gdm_early,3,0.8,leakage,0.5,3,1,5027,"FedAvg-LR, correct protocol",0.9802022117973818,0.967336067460687,0.9379562043795621,0.951276102088167,0.9244604316546763,0.9601873536299765,0.9311594202898551,0.9434351880004054,0.04956499859690666,0.8473319573156739,1.06641804503193,0.05272909610776613,0.15172138810157776,257,410,21,17,0.8430211544036865,22128,,0.4877655872903064,197,96,39,19,1426,206,285,41,774,631,155,126,,,,,,,,,,,,,,,,,,,,,2397,423,705,479
leakage,gdm_early,3,0.8,leakage,0.5,3,1,5027,"FedAvg-LR, L3",0.9799989838603147,0.9670803764147159,0.9379562043795621,0.951276102088167,0.9244604316546763,0.9601873536299765,0.9311594202898551,0.9434351880004054,0.04971865937113762,0.8467345048531278,1.0622491615482252,0.05554873000645469,0.15091456472873688,257,410,21,17,0.8158869743347168,22128,,0.4877729904203497,197,96,39,19,1426,206,285,41,774,631,155,126,,,,,,,,,,,,,,,,,,,,,2397,423,705,479
leakage,gdm_early,3,0.8,leakage,0.5,3,2,5028,Correct protocol (this study),0.9771453249106644,0.9370655351829985,0.9708029197080292,0.9373549883990719,0.9078498293515358,0.9805825242718447,0.9382716049382716,0.9483766091120777,0.042389966547489166,-1.8170222969947756,0.3155971808459739,0.04325941980251685,0.1841108202934265,266,404,27,8,36.00801062583923,8043792,1870.0,0.5195990464768505,356,330,71,66,646,27,129,5,1395,576,279,115,,,,,,,,,,,,,,,,,,,,,2397,423,705,479
leakage,gdm_early,3,0.8,leakage,0.5,3,2,5028,L1: test patients in training graph,0.9868536928209731,0.9569317671989478,0.9890510948905109,0.951276102088167,0.928082191780822,0.9927360774818402,0.9575971731448764,0.9645805770937652,0.031996287405490875,-6.166240587163599,0.37882264755573286,0.03144734969853047,0.5315501689910889,271,410,21,3,49.88097548484802,8043792,2867.0,0.4996002309776573,356,330,71,66,646,27,129,5,1395,576,279,115,,,,,,,,,,,,,,,,,,,,,2397,423,705,479
leakage,gdm_early,3,0.8,leakage,0.5,3,2,5028,L2: pooled final classifier,0.9623350889969007,0.9130754708300663,0.9562043795620438,0.9234338747099768,0.888135593220339,0.9707317073170731,0.9209138840070299,0.9337030775564281,0.06520716845989227,0.973606607445742,0.4781128486684235,0.06299113252906935,0.05055826157331467,262,398,33,12,40.11037302017212,7927200,1870.0,0.5090288574009091,356,330,71,66,646,27,129,5,1395,576,279,115,,,,,,,,,,,,,,,,,,,,,2397,423,705,479
leakage,gdm_early,3,0.8,leakage,0.5,3,2,5028,L3: preprocessing fitted on all data,0.9787457449150677,0.9448532030215209,0.9671532846715328,0.9373549883990719,0.9075342465753424,0.9782082324455206,0.9363957597173145,0.9468708656406477,0.04566574469208717,-2.3360026107584444,0.31445262538591673,0.04270611123994309,0.4402907192707062,265,404,27,9,39.67430520057678,8043792,1870.0,0.5310931461822057,356,330,71,66,646,27,129,5,1395,576,279,115,,,,,,,,,,,,,,,,,,,,,2397,423,705,479
leakage,gdm_early,3,0.8,leakage,0.5,3,2,5028,L4: one cross-silo graph at inference,0.9843429810151235,0.9470654377982988,0.9598540145985401,0.9698375870069605,0.9528985507246377,0.9743589743589743,0.9563636363636364,0.9642283298097252,0.033583443611860275,-5.212615858205128,0.3852484424475713,0.0341780039348065,0.995206892490387,263,418,13,11,40.325334310531616,8043792,1870.0,0.481868253897748,356,330,71,66,646,27,129,5,1395,576,279,115,,,,,,,,,,,,,,,,,,,,,2397,423,705,479
leakage,gdm_early,3,0.8,leakage,0.5,3,2,5028,All four shortcuts,0.98319135603841,0.9338720896230689,0.9671532846715328,0.9675174013921114,0.9498207885304659,0.9788732394366197,0.9584086799276673,0.9657854368133085,0.028350921347737312,-0.9575987889542474,0.7140125121758506,0.021593062645683038,0.8396076560020447,265,417,14,9,54.16983509063721,7927200,2860.0,0.4818016257273575,356,330,71,66,646,27,129,5,1395,576,279,115,,,,,,,,,,,,,,,,,,,,,2397,423,705,479
leakage,gdm_early,3,0.8,leakage,0.5,3,2,5028,"FedAvg-LR, correct protocol",0.9767388690365302,0.9517322702172256,0.9671532846715328,0.9466357308584686,0.9201388888888888,0.9784172661870504,0.9430604982206405,0.9526623245820184,0.04538711532950401,-0.1526440086942943,0.9927945465683915,0.04704772077553662,0.28019753098487854,265,408,23,9,0.7255504131317139,22128,,0.5019647907135136,356,330,71,66,646,27,129,5,1395,576,279,115,,,,,,,,,,,,,,,,,,,,,2397,423,705,479
leakage,gdm_early,3,0.8,leakage,0.5,3,2,5028,"FedAvg-LR, L3",0.976654190729419,0.9515648215915358,0.9671532846715328,0.9466357308584686,0.9201388888888888,0.9784172661870504,0.9430604982206405,0.9526623245820184,0.04538345709443092,-0.15559220420843334,0.9939813673294188,0.04628830271515441,0.284201979637146,265,408,23,9,0.8354794979095459,22128,,0.5020284576318867,356,330,71,66,646,27,129,5,1395,576,279,115,,,,,,,,,,,,,,,,,,,,,2397,423,705,479
leakage,gdm_early,3,0.8,leakage,0.5,3,3,5029,Correct protocol (this study),0.9837970401691332,0.9770508902916123,0.9745454545454545,0.913953488372093,0.8786885245901639,0.9825,0.9241379310344827,0.9355629414208558,0.04883435368537903,-1.4710320084825979,0.33399547358796733,0.050123788806748504,0.007475495804101229,268,393,37,7,36.29044008255005,8043792,1902.0,0.5398552009456264,520,487,104,97,1425,437,285,87,452,8,91,2,,,,,,,,,,,,,,,,,,,,,2397,423,705,480
leakage,gdm_early,3,0.8,leakage,0.5,3,3,5029,L1: test patients in training graph,0.9901057082452431,0.9847749567228037,0.9636363636363636,0.9720930232558139,0.9566787003610109,0.9766355140186916,0.9601449275362319,0.9672519509476032,0.028141949325799942,0.6408901721952263,0.5225537180805784,0.02707497097010202,0.15866287052631378,265,418,12,10,50.591652393341064,8043792,2919.0,0.5347133569739952,520,487,104,97,1425,437,285,87,452,8,91,2,,,,,,,,,,,,,,,,,,,,,2397,423,705,480
leakage,gdm_early,3,0.8,leakage,0.5,3,3,5029,L2: pooled final classifier,0.9806088794926003,0.9686578403299314,0.9672727272727273,0.8953488372093024,0.8553054662379421,0.9771573604060914,0.9078498293515358,0.9211579243845058,0.04340748488903046,1.4539978682223247,0.4711592327181047,0.03843644883827114,0.005418384913355112,266,385,45,9,40.234933853149414,7927200,1902.0,0.5399349881796691,520,487,104,97,1425,437,285,87,452,8,91,2,,,,,,,,,,,,,,,,,,,,,2397,423,705,480
leakage,gdm_early,3,0.8,leakage,0.5,3,3,5029,L3: preprocessing fitted on all data,0.9835348837209302,0.9764092501075082,0.9745454545454545,0.9162790697674419,0.881578947368421,0.9825436408977556,0.92573402417962,0.9369945692498581,0.05247603729367256,-2.752667686235787,0.32346608130822996,0.05334557395045321,0.015764284878969193,268,394,36,7,38.5128858089447,8043792,1899.0,0.5328782505910166,520,487,104,97,1425,437,285,87,452,8,91,2,,,,,,,,,,,,,,,,,,,,,2397,423,705,480
leakage,gdm_early,3,0.8,leakage,0.5,3,3,5029,L4: one cross-silo graph at inference,0.98892177589852,0.9845543207426376,0.9745454545454545,0.9697674418604652,0.9537366548042705,0.9834905660377359,0.9640287769784173,0.9703047866156723,0.026631401851773262,-4.523619718658369,0.3757448140278224,0.02600979729017228,0.3021905720233917,268,417,13,7,40.78423857688904,8043792,1902.0,0.5113312647754138,520,487,104,97,1425,437,285,87,452,8,91,2,,,,,,,,,,,,,,,,,,,,,2397,423,705,480
leakage,gdm_early,3,0.8,leakage,0.5,3,3,5029,All four shortcuts,0.9935644820295984,0.9908969165931248,0.9818181818181818,0.9697674418604652,0.9540636042402827,0.9881516587677726,0.967741935483871,0.9733075874602454,0.022286010906100273,-0.5888039362064906,0.6718437278883534,0.01946945399415832,0.26523557305336,270,417,13,5,53.942320823669434,7927200,2925.0,0.5100221631205674,520,487,104,97,1425,437,285,87,452,8,91,2,,,,,,,,,,,,,,,,,,,,,2397,423,705,480
leakage,gdm_early,3,0.8,leakage,0.5,3,3,5029,"FedAvg-LR, correct protocol",0.9760676532769557,0.9643756626992496,0.9381818181818182,0.9697674418604652,0.9520295202952029,0.9608294930875576,0.945054945054945,0.9551663614163615,0.03866594284772873,0.05921191366056732,0.7356981125455717,0.028811045736074452,0.4082084596157074,258,417,13,17,0.8019249439239502,22128,,0.48313977541371156,520,487,104,97,1425,437,285,87,452,8,91,2,,,,,,,,,,,,,,,,,,,,,2397,423,705,480
leakage,gdm_early,3,0.8,leakage,0.5,3,3,5029,"FedAvg-LR, L3",0.9760676532769558,0.9643470795438535,0.9454545454545454,0.9674418604651163,0.948905109489051,0.9651972157772621,0.9471766848816029,0.9567474597462602,0.03867539390921593,0.05749842878473867,0.7352314076859455,0.02829189551003437,0.32275816798210144,260,416,14,15,0.9000194072723389,22128,,0.4831501182033097,520,487,104,97,1425,437,285,87,452,8,91,2,,,,,,,,,,,,,,,,,,,,,2397,423,705,480
leakage,gdm_early,3,0.8,leakage,0.5,3,4,5030,Correct protocol (this study),0.9891670190274842,0.9817536264639392,0.9527272727272728,0.9767441860465116,0.9632352941176471,0.9699769053117783,0.9579524680073126,0.9656506256606667,0.030213626101613045,-2.936523053902554,0.3619926587412213,0.03190137895165961,0.9832167625427246,262,420,10,13,40.14464497566223,8043792,1896.0,0.5017352936821688,477,195,95,39,132,62,26,12,1788,675,358,135,,,,,,,,,,,,,,,,,,,,,2397,423,705,479
leakage,gdm_early,3,0.8,leakage,0.5,3,4,5030,L1: test patients in training graph,0.9888456659619449,0.9802581409946133,0.9709090909090909,0.9720930232558139,0.956989247311828,0.9812206572769953,0.9638989169675091,0.9702672154931004,0.029668772593140602,-4.061177242401068,0.3511335567659305,0.030952791264198094,0.9343485236167908,267,418,12,8,57.067530393600464,8043792,3030.0,0.5243518559647019,477,195,95,39,132,62,26,12,1788,675,358,135,,,,,,,,,,,,,,,,,,,,,2397,423,705,479
leakage,gdm_early,3,0.8,leakage,0.5,3,4,5030,L2: pooled final classifier,0.9880591966173361,0.9791205448259654,0.9490909090909091,0.9767441860465116,0.9630996309963099,0.967741935483871,0.9560439560439561,0.9641330891330891,0.027868755161762238,-1.4882635275418346,0.4651238187711692,0.028729965341944545,0.9361451864242554,261,420,10,14,40.91415357589722,7927200,1896.0,0.4941026666074416,477,195,95,39,132,62,26,12,1788,675,358,135,,,,,,,,,,,,,,,,,,,,,2397,423,705,479
leakage,gdm_early,3,0.8,leakage,0.5,3,4,5030,L3: preprocessing fitted on all data,0.9867188160676532,0.9800996988161883,0.9527272727272728,0.9744186046511628,0.9597069597069597,0.9699074074074074,0.9562043795620438,0.9641810760919267,0.029519394040107727,-2.277072414156239,0.36773233041036707,0.03025998162825637,0.9732223153114319,262,419,11,13,41.45247983932495,8043792,1899.0,0.4983135669761175,477,195,95,39,132,62,26,12,1788,675,358,135,,,,,,,,,,,,,,,,,,,,,2397,423,705,479
leakage,gdm_early,3,0.8,leakage,0.5,3,4,5030,L4: one cross-silo graph at inference,0.9895264270613108,0.9778908431052966,0.9636363636363636,0.9697674418604652,0.9532374100719424,0.9765807962529274,0.9584086799276673,0.9657854368133085,0.026222968474030495,-6.421853548327162,0.3563306188113746,0.027114867090482074,0.9983585476875305,265,417,13,10,32.945077896118164,8043792,1896.0,0.5265002443032915,477,195,95,39,132,62,26,12,1788,675,358,135,,,,,,,,,,,,,,,,,,,,,2397,423,705,479
leakage,gdm_early,3,0.8,leakage,0.5,3,4,5030,All four shortcuts,0.9876997885835095,0.9763353779535785,0.9854545454545455,0.9674418604651163,0.9508771929824561,0.9904761904761905,0.9678571428571429,0.9733403361344538,0.024509698152542114,-1.4678757823676671,0.5099657288127643,0.02473812514960646,0.4832383692264557,271,416,14,4,49.66672134399414,7927200,3029.0,0.5334147677638106,477,195,95,39,132,62,26,12,1788,675,358,135,,,,,,,,,,,,,,,,,,,,,2397,423,705,479
leakage,gdm_early,3,0.8,leakage,0.5,3,4,5030,"FedAvg-LR, correct protocol",0.9817589852008456,0.9555157012131968,0.9781818181818182,0.9488372093023256,0.9243986254295533,0.9855072463768116,0.950530035335689,0.958677339942726,0.035104092210531235,-0.33195981793400375,0.7221846835909901,0.02407752634785698,0.23728489875793457,269,408,22,6,0.8343586921691895,22128,,0.5220864981714268,477,195,95,39,132,62,26,12,1788,675,358,135,,,,,,,,,,,,,,,,,,,,,2397,423,705,479
leakage,gdm_early,3,0.8,leakage,0.5,3,4,5030,"FedAvg-LR, L3",0.9802367864693445,0.9546280039192163,0.9781818181818182,0.9534883720930233,0.9307958477508651,0.9855769230769231,0.9539007092198581,0.9615839243498818,0.034619443118572235,-0.3784031935169845,0.7262561938212151,0.025211572462151235,0.2584375739097595,269,410,20,6,0.7915763854980469,22128,,0.5222315995202771,477,195,95,39,132,62,26,12,1788,675,358,135,,,,,,,,,,,,,,,,,,,,,2397,423,705,479
leakage,gdm_early,3,0.8,leakage,0.5,4,1,6027,Correct protocol (this study),0.9811844801598727,0.9779145229126774,0.9817518248175182,0.9791183294663574,0.9676258992805755,0.9882903981264637,0.9746376811594203,0.9791603324212019,0.02970867045223713,2.326056356150043,0.3786869953772065,0.030604882789313358,0.005995378363877535,269,422,9,5,32.548824071884155,8043792,1829.0,0.47984190307328606,1031,273,207,55,623,44,125,9,743,616,148,123,,,,,,,,,,,,,,,,,,,,,2397,423,705,480
leakage,gdm_early,3,0.8,leakage,0.5,4,1,6027,L1: test patients in training graph,0.9802403170355818,0.9725373979724932,0.9854014598540146,0.9791183294663574,0.967741935483871,0.9906103286384976,0.976491862567812,0.9806613338510005,0.02029179036617279,-2.4496355988458998,0.3829855429338538,0.020929795235035464,0.04250042140483856,270,422,9,4,48.11598873138428,8043792,2774.0,0.5012115839243498,1031,273,207,55,623,44,125,9,743,616,148,123,,,,,,,,,,,,,,,,,,,,,2397,423,705,480
leakage,gdm_early,3,0.8,leakage,0.5,4,1,6027,L2: pooled final classifier,0.9747235253272817,0.9682379697279536,0.9562043795620438,0.9791183294663574,0.966789667896679,0.9723502304147466,0.9614678899082569,0.968595216630429,0.033298369497060776,2.2899772476070956,0.5012057103571141,0.03397478471602586,0.06859977543354034,262,422,9,12,37.48342418670654,7927200,1829.0,0.4872163120567376,1031,273,207,55,623,44,125,9,743,616,148,123,,,,,,,,,,,,,,,,,,,,,2397,423,705,480
leakage,gdm_early,3,0.8,leakage,0.5,4,1,6027,L3: preprocessing fitted on all data,0.9806891120632716,0.9751792438728177,0.9854014598540146,0.974477958236659,0.9608540925266904,0.9905660377358491,0.972972972972973,0.9777145566619251,0.02966560237109661,2.8567151126245913,0.32225457037703,0.030357952316247043,0.0005313397268764675,270,420,11,4,43.56294584274292,8043792,1831.0,0.4795744680851064,1031,273,207,55,623,44,125,9,743,616,148,123,,,,,,,,,,,,,,,,,,,,,2397,423,705,480
leakage,gdm_early,3,0.8,leakage,0.5,4,1,6027,L4: one cross-silo graph at inference,0.9822217894219858,0.9742462718598973,0.9854014598540146,0.9675174013921114,0.9507042253521126,0.9904988123515439,0.967741935483871,0.9733075874602454,0.020113440230488777,-2.124975239292855,0.3709622270327217,0.020378857013168394,0.004047269932925701,270,417,14,4,51.97932481765747,8043792,1829.0,0.4888312647754137,1031,273,207,55,623,44,125,9,743,616,148,123,,,,,,,,,,,,,,,,,,,,,2397,423,705,480
leakage,gdm_early,3,0.8,leakage,0.5,4,1,6027,All four shortcuts,0.9837841041881891,0.9792440781824547,0.9708029197080292,0.9767981438515081,0.9637681159420289,0.9813519813519813,0.9672727272727273,0.9731712473572939,0.023812104016542435,0.08745746692951166,0.5974718395684424,0.020912379009900145,0.5801699161529541,266,421,10,8,51.871819734573364,7927200,2777.0,0.48940898345153666,1031,273,207,55,623,44,125,9,743,616,148,123,,,,,,,,,,,,,,,,,,,,,2397,423,705,480
leakage,gdm_early,3,0.8,leakage,0.5,4,1,6027,"FedAvg-LR, correct protocol",0.9819211814317409,0.9718729795688741,0.9598540145985401,0.9767981438515081,0.9633699633699634,0.9745370370370371,0.9616087751371115,0.9686375277771305,0.04719213396310806,0.9009880959567543,1.0461153100297982,0.05341417782061489,0.229307621717453,263,421,10,11,0.8026750087738037,22128,,0.49803191489361703,1031,273,207,55,623,44,125,9,743,616,148,123,,,,,,,,,,,,,,,,,,,,,2397,423,705,480
leakage,gdm_early,3,0.8,leakage,0.5,4,1,6027,"FedAvg-LR, L3",0.9821921520144969,0.9719591347990294,0.9598540145985401,0.9767981438515081,0.9633699633699634,0.9745370370370371,0.9616087751371115,0.9686375277771305,0.047016777098178864,0.8863882479785903,1.0567660296158294,0.05656381276640909,0.22096675634384155,263,421,10,11,0.93312668800354,22128,,0.4983569739952718,1031,273,207,55,623,44,125,9,743,616,148,123,,,,,,,,,,,,,,,,,,,,,2397,423,705,480
leakage,gdm_early,3,0.8,leakage,0.5,4,0,6026,Correct protocol (this study),0.95381221738615,0.938076629226277,0.8795620437956204,0.9095127610208816,0.8607142857142858,0.9223529411764706,0.8700361010830325,0.8929619757751611,0.0796656385064125,1.7851777106379547,0.3290813067149526,0.07674978657870006,0.08418663591146469,241,392,39,33,33.91532349586487,8043792,1869.0,0.614264184397163,42,24,9,5,896,879,179,176,1459,30,292,6,,,,,,,,,,,,,,,,,,,,,2397,423,705,480
leakage,gdm_early,3,0.8,leakage,0.5,4,0,6026,L1: test patients in training graph,0.982530865242942,0.9610406051309177,0.9635036496350365,0.9651972157772621,0.946236559139785,0.9765258215962441,0.9547920433996383,0.9628102574057702,0.032977793365716934,-0.265300662710902,0.38507785956272467,0.034947218307366607,0.37943199276924133,264,416,15,10,50.73036432266235,8043792,2783.0,0.5228280141843972,42,24,9,5,896,879,179,176,1459,30,292,6,,,,,,,,,,,,,,,,,,,,,2397,423,705,480
leakage,gdm_early,3,0.8,leakage,0.5,4,0,6026,L2: pooled final classifier,0.9202499703625926,0.8909504719372158,0.7773722627737226,0.9234338747099768,0.8658536585365854,0.8671023965141612,0.8192307692307692,0.8568063958513397,0.10867556184530258,0.687295776919905,0.4221880802768932,0.08468950756475435,0.4689258337020874,213,398,33,61,39.731640577316284,7927200,1869.0,0.628778073286052,42,24,9,5,896,879,179,176,1459,30,292,6,,,,,,,,,,,,,,,,,,,,,2397,423,705,480
leakage,gdm_early,3,0.8,leakage,0.5,4,0,6026,L3: preprocessing fitted on all data,0.94893474689654,0.9294733834217608,0.9014598540145985,0.8932714617169374,0.8430034129692833,0.9344660194174758,0.8712522045855379,0.8923283561480477,0.08800826221704483,2.914214978671696,0.304033846397834,0.08565575476762251,0.012726218439638615,247,385,46,27,45.20521688461304,8043792,1870.0,0.6178368794326241,42,24,9,5,896,879,179,176,1459,30,292,6,,,,,,,,,,,,,,,,,,,,,2397,423,705,480
leakage,gdm_early,3,0.8,leakage,0.5,4,0,6026,L4: one cross-silo graph at inference,0.9829965959320541,0.9597024773082219,0.9781021897810219,0.9675174013921114,0.950354609929078,0.9858156028368794,0.9640287769784173,0.9703047866156723,0.03191052004694939,0.24136471268737822,0.4119814244549447,0.03085837472586872,0.05207096412777901,268,417,14,6,53.41111755371094,8043792,1869.0,0.5095449172576831,42,24,9,5,896,879,179,176,1459,30,292,6,,,,,,,,,,,,,,,,,,,,,2397,423,705,480
leakage,gdm_early,3,0.8,leakage,0.5,4,0,6026,All four shortcuts,0.980083662167426,0.9389155701318675,0.9817518248175182,0.9651972157772621,0.9471830985915493,0.9881235154394299,0.96415770609319,0.970341763844717,0.028907496482133865,-0.7745813079090937,0.6408253547826401,0.023633587909928446,0.23893147706985474,269,416,15,5,51.391852378845215,7927200,2785.0,0.5002895981087471,42,24,9,5,896,879,179,176,1459,30,292,6,,,,,,,,,,,,,,,,,,,,,2397,423,705,480
leakage,gdm_early,3,0.8,leakage,0.5,4,0,6026,"FedAvg-LR, correct protocol",0.9332565583348859,0.9257626171334861,0.8978102189781022,0.9605568445475638,0.935361216730038,0.9366515837104072,0.9162011173184358,0.9323273627829292,0.11393661051988602,2.735486404482319,0.7233180312831686,0.13334241481167627,0.07247821986675262,246,414,17,28,0.8210704326629639,22128,,0.5150960401891252,42,24,9,5,896,879,179,176,1459,30,292,6,,,,,,,,,,,,,,,,,,,,,2397,423,705,480
leakage,gdm_early,3,0.8,leakage,0.5,4,0,6026,"FedAvg-LR, L3",0.9324944535708842,0.9249643019997916,0.8978102189781022,0.9605568445475638,0.935361216730038,0.9366515837104072,0.9162011173184358,0.9323273627829292,0.11415145546197891,2.752757355114758,0.718511374770375,0.13601931599332084,0.06880006194114685,246,414,17,28,0.8307092189788818,22128,,0.5156678486997636,42,24,9,5,896,879,179,176,1459,30,292,6,,,,,,,,,,,,,,,,,,,,,2397,423,705,480
leakage,gdm_early,3,0.8,leakage,0.5,4,2,6028,Correct protocol (this study),0.9853464189543921,0.9735042697071512,0.9927007299270073,0.9489559164733179,0.9251700680272109,0.9951338199513382,0.9577464788732394,0.9646214579639356,0.03257150202989578,-5.052103994727775,0.3164335009315399,0.034531075392638375,0.004687545355409384,272,409,22,2,32.11467409133911,8043792,1770.0,0.5003959810874705,842,73,169,15,914,395,183,79,641,465,128,93,,,,,,,,,,,,,,,,,,,,,2397,423,705,480
leakage,gdm_early,3,0.8,leakage,0.5,4,2,6028,L1: test patients in training graph,0.9888775043609328,0.9771735156374677,0.9854014598540146,0.951276102088167,0.9278350515463918,0.9903381642512077,0.9557522123893806,0.9630832067864062,0.0327540785074234,-5.57922883471823,0.3803067782196744,0.0339686752773998,0.7503126263618469,270,410,21,4,61.87808394432068,8043792,2752.0,0.5110859929078014,842,73,169,15,914,395,183,79,641,465,128,93,,,,,,,,,,,,,,,,,,,,,2397,423,705,480
leakage,gdm_early,3,0.8,leakage,0.5,4,2,6028,L2: pooled final classifier,0.9848849221806357,0.9750866589401366,0.9890510948905109,0.951276102088167,0.928082191780822,0.9927360774818402,0.9575971731448764,0.9645805770937652,0.03729116544127464,-0.8961962909736488,0.45627129601522864,0.03876065016618488,0.025753004476428032,271,410,21,3,50.9798424243927,7927200,1770.0,0.4786406619385343,842,73,169,15,914,395,183,79,641,465,128,93,,,,,,,,,,,,,,,,,,,,,2397,423,705,480
leakage,gdm_early,3,0.8,leakage,0.5,4,2,6028,L3: preprocessing fitted on all data,0.9874422070553965,0.9788450925230456,0.9927007299270073,0.9466357308584686,0.9220338983050848,0.9951219512195122,0.9560632688927944,0.9631683764202379,0.03262079134583473,-4.02839144340638,0.3417803532576121,0.03294345783325679,0.003918674308806658,272,408,23,2,38.834378242492676,8043792,1784.0,0.4940425531914894,842,73,169,15,914,395,183,79,641,465,128,93,,,,,,,,,,,,,,,,,,,,,2397,423,705,480
leakage,gdm_early,3,0.8,leakage,0.5,4,2,6028,L4: one cross-silo graph at inference,0.9887462529849103,0.9785034461368878,0.9927007299270073,0.951276102088167,0.9283276450511946,0.9951456310679612,0.9594356261022927,0.9660760574165081,0.03145938366651535,-5.301722256507592,0.4255591239900046,0.031548248193183796,0.2650536298751831,272,410,21,2,31.283142566680908,8043792,1770.0,0.5050236406619385,842,73,169,15,914,395,183,79,641,465,128,93,,,,,,,,,,,,,,,,,,,,,2397,423,705,480
leakage,gdm_early,3,0.8,leakage,0.5,4,2,6028,All four shortcuts,0.990109573729402,0.9786227736369444,0.9854014598540146,0.9605568445475638,0.9407665505226481,0.9904306220095693,0.9625668449197861,0.9689159312938154,0.02797543630003929,-2.493260256178702,0.5562645673942034,0.02461725145129235,0.6208005547523499,270,414,17,4,45.28102660179138,7927200,2757.0,0.5071158392434989,842,73,169,15,914,395,183,79,641,465,128,93,,,,,,,,,,,,,,,,,,,,,2397,423,705,480
leakage,gdm_early,3,0.8,leakage,0.5,4,2,6028,"FedAvg-LR, correct protocol",0.9765356410994631,0.9471234476500515,0.9890510948905109,0.9373549883990719,0.9093959731543624,0.9926289926289926,0.9475524475524476,0.9558764624397083,0.035251226276159286,-0.6706291709509996,0.58856519042417,0.0443608370312351,0.2439129799604416,271,404,27,3,0.8523621559143066,22128,,0.502322695035461,842,73,169,15,914,395,183,79,641,465,128,93,,,,,,,,,,,,,,,,,,,,,2397,423,705,480
leakage,gdm_early,3,0.8,leakage,0.5,4,2,6028,"FedAvg-LR, L3",0.9765906819990854,0.947169174342988,0.9890510948905109,0.9373549883990719,0.9093959731543624,0.9926289926289926,0.9475524475524476,0.9558764624397083,0.03524376079440117,-0.6746401795256574,0.5880404548079727,0.04570228443976414,0.24414768815040588,271,404,27,3,0.7560620307922363,22128,,0.5023153073286052,842,73,169,15,914,395,183,79,641,465,128,93,,,,,,,,,,,,,,,,,,,,,2397,423,705,480
leakage,gdm_early,3,0.8,leakage,0.5,4,3,6029,Correct protocol (this study),0.9939027484143763,0.9926641197604209,0.9309090909090909,0.9883720930232558,0.9808429118773946,0.9572072072072072,0.9552238805970149,0.9638819631818026,0.022593794390559196,-2.49838092049194,0.4258608868591376,0.022597572558513232,0.9968847632408142,256,425,5,19,31.548537254333496,8043792,1856.0,0.49711119024303396,278,51,55,10,751,544,150,109,1368,337,273,67,,,,,,,,,,,,,,,,,,,,,2397,423,705,478
leakage,gdm_early,3,0.8,leakage,0.5,4,3,6029,L1: test patients in training graph,0.9950190274841437,0.9911383594052126,0.9890909090909091,0.9697674418604652,0.9543859649122807,0.9928571428571429,0.9714285714285714,0.9763025210084033,0.02138558402657509,-4.417860849444192,0.4256838157171325,0.021569695449533285,0.5352759957313538,272,417,13,3,44.66495990753174,8043792,3008.0,0.487001097955429,278,51,55,10,751,544,150,109,1368,337,273,67,,,,,,,,,,,,,,,,,,,,,2397,423,705,478
leakage,gdm_early,3,0.8,leakage,0.5,4,3,6029,L2: pooled final classifier,0.9923128964059197,0.9906577947699818,0.9636363636363636,0.9813953488372092,0.9706959706959707,0.9768518518518519,0.9671532846715328,0.9731358070689451,0.02123754657804966,-0.5769812480970884,0.5676622085512222,0.019423264053696425,0.7395660281181335,265,422,8,10,28.24332094192505,7927200,1856.0,0.5138075313807532,278,51,55,10,751,544,150,109,1368,337,273,67,,,,,,,,,,,,,,,,,,,,,2397,423,705,478
leakage,gdm_early,3,0.8,leakage,0.5,4,3,6029,L3: preprocessing fitted on all data,0.993953488372093,0.993072092800854,0.9418181818181818,0.986046511627907,0.9773584905660377,0.9636363636363636,0.9592592592592593,0.96698595146871,0.021023644134402275,-1.161066106379377,0.4774375342258861,0.023005898738963585,0.9803050756454468,259,424,6,16,24.70286726951599,8043792,1851.0,0.5007997269948663,278,51,55,10,751,544,150,109,1368,337,273,67,,,,,,,,,,,,,,,,,,,,,2397,423,705,478
leakage,gdm_early,3,0.8,leakage,0.5,4,3,6029,L4: one cross-silo graph at inference,0.9943847780126851,0.9882739167283572,0.9890909090909091,0.9744186046511628,0.9611307420494699,0.9928909952606635,0.974910394265233,0.9792392346913019,0.018404746428132057,-2.0792130139171037,0.4861110669186755,0.018647152801037667,0.1230352595448494,272,419,11,3,22.91556668281555,8043792,1856.0,0.4898127540876584,278,51,55,10,751,544,150,109,1368,337,273,67,,,,,,,,,,,,,,,,,,,,,2397,423,705,478
leakage,gdm_early,3,0.8,leakage,0.5,4,3,6029,All four shortcuts,0.9915010570824525,0.9835424188019158,0.9890909090909091,0.9674418604651163,0.951048951048951,0.9928400954653938,0.9696969696969697,0.9748367062854695,0.02090991660952568,-0.6666650144428291,0.657240377340961,0.015774667064877283,0.07533754408359528,272,416,14,3,32.81110739707947,7927200,3008.0,0.48714205169292857,278,51,55,10,751,544,150,109,1368,337,273,67,,,,,,,,,,,,,,,,,,,,,2397,423,705,478
leakage,gdm_early,3,0.8,leakage,0.5,4,3,6029,"FedAvg-LR, correct protocol",0.9842875264270613,0.9720676968183972,0.9672727272727273,0.9697674418604652,0.953405017921147,0.9788732394366197,0.9602888086642599,0.9672939370424103,0.03137069195508957,0.02071973519979397,0.943177262963371,0.040186075118522284,0.37593063712120056,266,417,13,9,0.7006072998046875,22128,,0.49997180925250007,278,51,55,10,751,544,150,109,1368,337,273,67,,,,,,,,,,,,,,,,,,,,,2397,423,705,478
leakage,gdm_early,3,0.8,leakage,0.5,4,3,6029,"FedAvg-LR, L3",0.9846173361522199,0.9724906474801761,0.9854545454545455,0.9697674418604652,0.954225352112676,0.9904988123515439,0.9695885509838998,0.9748060263732661,0.031101735308766365,-0.015054175254636459,0.9443230550247106,0.039090995295039316,0.3030819594860077,271,417,13,4,0.6001007556915283,22128,,0.49982788806789513,278,51,55,10,751,544,150,109,1368,337,273,67,,,,,,,,,,,,,,,,,,,,,2397,423,705,478
leakage,gdm_early,3,0.8,leakage,0.5,4,4,6030,Correct protocol (this study),0.9874756871035941,0.9691081662316713,0.9563636363636364,0.9883720930232558,0.9813432835820896,0.9725400457665904,0.9686924493554327,0.974542303109089,0.023481152951717377,-0.9681327979357576,0.4406654019275163,0.024087639669854687,0.9587870240211487,263,425,5,12,32.08189296722412,8043792,1869.0,0.5375029550827424,268,23,54,5,1515,359,303,72,614,550,123,110,,,,,,,,,,,,,,,,,,,,,2397,423,705,480
leakage,gdm_early,3,0.8,leakage,0.5,4,4,6030,L1: test patients in training graph,0.9857336152219873,0.9676455123041087,0.9818181818181818,0.9604651162790697,0.9407665505226481,0.9880382775119617,0.9608540925266904,0.9674553481501377,0.02652573585510254,-2.230439386833394,0.43214991508694983,0.028089501945126858,0.24668624997138977,270,413,17,5,44.03714442253113,8043792,2820.0,0.5499601063829787,268,23,54,5,1515,359,303,72,614,550,123,110,,,,,,,,,,,,,,,,,,,,,2397,423,705,480
leakage,gdm_early,3,0.8,leakage,0.5,4,4,6030,L2: pooled final classifier,0.9860972515856237,0.9620602256536905,0.9709090909090909,0.9697674418604652,0.9535714285714286,0.9811764705882353,0.9621621621621622,0.9688003793266952,0.024310000240802765,-0.6174670144660188,0.5993458987378102,0.01741991073738601,0.42655476927757263,267,417,13,8,27.840604305267334,7927200,1869.0,0.5394459219858155,268,23,54,5,1515,359,303,72,614,550,123,110,,,,,,,,,,,,,,,,,,,,,2397,423,705,480
leakage,gdm_early,3,0.8,leakage,0.5,4,4,6030,L3: preprocessing fitted on all data,0.9864186046511628,0.9709104519359456,0.9709090909090909,0.9837209302325581,0.9744525547445255,0.9814385150812065,0.9726775956284153,0.9776279964204795,0.02296348102390766,-1.8592745021546273,0.4251851283557022,0.024087314672787942,0.8932536840438843,267,423,7,8,25.036847591400146,8043792,1869.0,0.5382801418439717,268,23,54,5,1515,359,303,72,614,550,123,110,,,,,,,,,,,,,,,,,,,,,2397,423,705,480
leakage,gdm_early,3,0.8,leakage,0.5,4,4,6030,L4: one cross-silo graph at inference,0.9849133192389006,0.9650109561155559,0.9854545454545455,0.958139534883721,0.9377162629757786,0.9903846153846154,0.9609929078014184,0.9674940898345153,0.026925012469291687,-2.9590628245766672,0.39186685844714386,0.026867816050318943,0.05945455655455589,271,412,18,4,22.314228057861328,8043792,1869.0,0.5403206264775413,268,23,54,5,1515,359,303,72,614,550,123,110,,,,,,,,,,,,,,,,,,,,,2397,423,705,480
leakage,gdm_early,3,0.8,leakage,0.5,4,4,6030,All four shortcuts,0.9834080338266384,0.9633628753824176,0.9854545454545455,0.9395348837209302,0.9124579124579124,0.9901960784313726,0.9475524475524476,0.9558764624397083,0.03029382787644863,-1.2539370047518292,0.6052171328525618,0.025086962135759637,0.23023857176303864,271,404,26,4,31.305545330047607,7927200,2828.0,0.5357432033096927,268,23,54,5,1515,359,303,72,614,550,123,110,,,,,,,,,,,,,,,,,,,,,2397,423,705,480
leakage,gdm_early,3,0.8,leakage,0.5,4,4,6030,"FedAvg-LR, correct protocol",0.9704778012684989,0.9370333081272325,0.9672727272727273,0.9604651162790697,0.9399293286219081,0.9786729857819905,0.953405017921147,0.9614442929981322,0.040271032601594925,-0.09026643748148432,0.8742564923697671,0.041893011336842326,0.3083026111125946,266,413,17,9,0.5511841773986816,22128,,0.4965617612293144,268,23,54,5,1515,359,303,72,614,550,123,110,,,,,,,,,,,,,,,,,,,,,2397,423,705,480
leakage,gdm_early,3,0.8,leakage,0.5,4,4,6030,"FedAvg-LR, L3",0.970367864693446,0.9365978274630908,0.9672727272727273,0.9604651162790697,0.9399293286219081,0.9786729857819905,0.953405017921147,0.9614442929981322,0.040331073105335236,-0.0884352465008223,0.8743575235994481,0.042306213218269606,0.3114350140094757,266,413,17,9,0.3807086944580078,22128,,0.49675975177304965,268,23,54,5,1515,359,303,72,614,550,123,110,,,,,,,,,,,,,,,,,,,,,2397,423,705,480
