round,silo,n_unlabeled,n_pseudo,n_correct,n_pseudo_pos,dataset,rho,repeat,fold
1,0,76,18,17,18,gdm_early,0.1,0,1
1,1,37,11,11,11,gdm_early,0.1,0,1
1,2,126,11,11,0,gdm_early,0.1,0,1
2,0,76,18,17,18,gdm_early,0.1,0,1
2,1,37,28,28,28,gdm_early,0.1,0,1
2,2,126,26,26,0,gdm_early,0.1,0,1
3,0,76,36,35,24,gdm_early,0.1,0,1
3,1,37,30,30,30,gdm_early,0.1,0,1
3,2,126,77,77,0,gdm_early,0.1,0,1
4,0,76,43,42,25,gdm_early,0.1,0,1
4,1,37,31,30,31,gdm_early,0.1,0,1
4,2,126,93,92,0,gdm_early,0.1,0,1
5,0,76,57,56,34,gdm_early,0.1,0,1
5,1,37,32,30,32,gdm_early,0.1,0,1
5,2,126,100,99,4,gdm_early,0.1,0,1
6,0,76,69,68,34,gdm_early,0.1,0,1
6,1,37,32,30,32,gdm_early,0.1,0,1
6,2,126,101,100,4,gdm_early,0.1,0,1
7,0,76,73,71,38,gdm_early,0.1,0,1
7,1,37,32,30,32,gdm_early,0.1,0,1
7,2,126,114,113,17,gdm_early,0.1,0,1
8,0,76,73,71,38,gdm_early,0.1,0,1
8,1,37,32,30,32,gdm_early,0.1,0,1
8,2,126,116,115,17,gdm_early,0.1,0,1
9,0,76,75,72,40,gdm_early,0.1,0,1
9,1,37,32,30,32,gdm_early,0.1,0,1
9,2,126,122,120,23,gdm_early,0.1,0,1
10,0,76,75,72,40,gdm_early,0.1,0,1
10,1,37,32,30,32,gdm_early,0.1,0,1
10,2,126,122,120,23,gdm_early,0.1,0,1
1,0,32,0,0,0,gdm_early,0.1,0,0
1,1,145,16,16,16,gdm_early,0.1,0,0
1,2,62,13,12,13,gdm_early,0.1,0,0
2,0,32,10,10,0,gdm_early,0.1,0,0
2,1,145,16,16,16,gdm_early,0.1,0,0
2,2,62,13,12,13,gdm_early,0.1,0,0
3,0,32,27,27,0,gdm_early,0.1,0,0
3,1,145,70,70,31,gdm_early,0.1,0,0
3,2,62,37,36,26,gdm_early,0.1,0,0
4,0,32,30,30,0,gdm_early,0.1,0,0
4,1,145,95,95,31,gdm_early,0.1,0,0
4,2,62,39,38,26,gdm_early,0.1,0,0
5,0,32,30,30,0,gdm_early,0.1,0,0
5,1,145,125,124,47,gdm_early,0.1,0,0
5,2,62,42,41,29,gdm_early,0.1,0,0
6,0,32,30,30,0,gdm_early,0.1,0,0
6,1,145,129,128,48,gdm_early,0.1,0,0
6,2,62,49,48,30,gdm_early,0.1,0,0
7,0,32,30,30,0,gdm_early,0.1,0,0
7,1,145,133,131,49,gdm_early,0.1,0,0
7,2,62,54,53,30,gdm_early,0.1,0,0
8,0,32,30,30,0,gdm_early,0.1,0,0
8,1,145,140,138,56,gdm_early,0.1,0,0
8,2,62,56,55,32,gdm_early,0.1,0,0
9,0,32,30,30,0,gdm_early,0.1,0,0
9,1,145,141,138,57,gdm_early,0.1,0,0
9,2,62,57,56,32,gdm_early,0.1,0,0
10,0,32,30,30,0,gdm_early,0.1,0,0
10,1,145,141,138,57,gdm_early,0.1,0,0
10,2,62,58,57,32,gdm_early,0.1,0,0
1,0,167,24,24,22,gdm_early,0.1,0,2
1,1,26,15,15,15,gdm_early,0.1,0,2
1,2,46,1,1,0,gdm_early,0.1,0,2
2,0,167,27,27,23,gdm_early,0.1,0,2
2,1,26,24,24,24,gdm_early,0.1,0,2
2,2,46,24,24,0,gdm_early,0.1,0,2
3,0,167,81,81,34,gdm_early,0.1,0,2
3,1,26,25,24,25,gdm_early,0.1,0,2
3,2,46,44,44,0,gdm_early,0.1,0,2
4,0,167,115,114,34,gdm_early,0.1,0,2
4,1,26,26,24,26,gdm_early,0.1,0,2
4,2,46,44,44,0,gdm_early,0.1,0,2
5,0,167,149,147,56,gdm_early,0.1,0,2
5,1,26,26,24,26,gdm_early,0.1,0,2
5,2,46,44,44,0,gdm_early,0.1,0,2
6,0,167,152,150,56,gdm_early,0.1,0,2
6,1,26,26,24,26,gdm_early,0.1,0,2
6,2,46,44,44,0,gdm_early,0.1,0,2
7,0,167,156,153,60,gdm_early,0.1,0,2
7,1,26,26,24,26,gdm_early,0.1,0,2
7,2,46,44,44,0,gdm_early,0.1,0,2
8,0,167,159,155,63,gdm_early,0.1,0,2
8,1,26,26,24,26,gdm_early,0.1,0,2
8,2,46,44,44,0,gdm_early,0.1,0,2
9,0,167,166,160,70,gdm_early,0.1,0,2
9,1,26,26,24,26,gdm_early,0.1,0,2
9,2,46,44,44,0,gdm_early,0.1,0,2
10,0,167,166,160,70,gdm_early,0.1,0,2
10,1,26,26,24,26,gdm_early,0.1,0,2
10,2,46,44,44,0,gdm_early,0.1,0,2
1,0,145,28,27,28,gdm_early,0.1,0,3
1,1,27,10,10,10,gdm_early,0.1,0,3
1,2,67,0,0,0,gdm_early,0.1,0,3
2,0,145,28,27,28,gdm_early,0.1,0,3
2,1,27,10,10,10,gdm_early,0.1,0,3
2,2,67,12,12,0,gdm_early,0.1,0,3
3,0,145,64,63,35,gdm_early,0.1,0,3
3,1,27,15,15,15,gdm_early,0.1,0,3
3,2,67,37,37,0,gdm_early,0.1,0,3
4,0,145,83,82,36,gdm_early,0.1,0,3
4,1,27,15,15,15,gdm_early,0.1,0,3
4,2,67,47,47,0,gdm_early,0.1,0,3
5,0,145,119,118,55,gdm_early,0.1,0,3
5,1,27,15,15,15,gdm_early,0.1,0,3
5,2,67,54,53,7,gdm_early,0.1,0,3
6,0,145,130,128,56,gdm_early,0.1,0,3
6,1,27,18,18,16,gdm_early,0.1,0,3
6,2,67,57,56,7,gdm_early,0.1,0,3
7,0,145,134,132,58,gdm_early,0.1,0,3
7,1,27,18,18,16,gdm_early,0.1,0,3
7,2,67,60,58,10,gdm_early,0.1,0,3
8,0,145,141,139,61,gdm_early,0.1,0,3
8,1,27,20,20,16,gdm_early,0.1,0,3
8,2,67,60,58,10,gdm_early,0.1,0,3
9,0,145,143,141,61,gdm_early,0.1,0,3
9,1,27,22,22,16,gdm_early,0.1,0,3
9,2,67,63,61,13,gdm_early,0.1,0,3
10,0,145,144,142,62,gdm_early,0.1,0,3
10,1,27,25,25,16,gdm_early,0.1,0,3
10,2,67,63,61,13,gdm_early,0.1,0,3
1,0,91,21,21,21,gdm_early,0.1,0,4
1,1,10,0,0,0,gdm_early,0.1,0,4
1,2,139,0,0,0,gdm_early,0.1,0,4
2,0,91,25,24,25,gdm_early,0.1,0,4
2,1,10,0,0,0,gdm_early,0.1,0,4
2,2,139,0,0,0,gdm_early,0.1,0,4
3,0,91,46,44,45,gdm_early,0.1,0,4
3,1,10,2,2,0,gdm_early,0.1,0,4
3,2,139,42,42,1,gdm_early,0.1,0,4
4,0,91,63,59,60,gdm_early,0.1,0,4
4,1,10,6,6,0,gdm_early,0.1,0,4
4,2,139,95,94,3,gdm_early,0.1,0,4
5,0,91,63,59,60,gdm_early,0.1,0,4
5,1,10,10,9,0,gdm_early,0.1,0,4
5,2,139,116,115,19,gdm_early,0.1,0,4
6,0,91,79,75,60,gdm_early,0.1,0,4
6,1,10,10,9,0,gdm_early,0.1,0,4
6,2,139,127,125,29,gdm_early,0.1,0,4
7,0,91,80,75,61,gdm_early,0.1,0,4
7,1,10,10,9,0,gdm_early,0.1,0,4
7,2,139,131,129,33,gdm_early,0.1,0,4
8,0,91,88,83,61,gdm_early,0.1,0,4
8,1,10,10,9,0,gdm_early,0.1,0,4
8,2,139,132,130,33,gdm_early,0.1,0,4
9,0,91,88,83,61,gdm_early,0.1,0,4
9,1,10,10,9,0,gdm_early,0.1,0,4
9,2,139,137,133,38,gdm_early,0.1,0,4
10,0,91,90,85,61,gdm_early,0.1,0,4
10,1,10,10,9,0,gdm_early,0.1,0,4
10,2,139,137,133,38,gdm_early,0.1,0,4
1,0,112,8,8,0,gdm_early,0.1,1,0
1,1,25,13,13,13,gdm_early,0.1,1,0
1,2,103,10,10,9,gdm_early,0.1,1,0
2,0,112,21,21,0,gdm_early,0.1,1,0
2,1,25,24,24,24,gdm_early,0.1,1,0
2,2,103,21,21,9,gdm_early,0.1,1,0
3,0,112,46,46,1,gdm_early,0.1,1,0
3,1,25,25,24,25,gdm_early,0.1,1,0
3,2,103,42,42,16,gdm_early,0.1,1,0
4,0,112,87,87,5,gdm_early,0.1,1,0
4,1,25,25,24,25,gdm_early,0.1,1,0
4,2,103,56,55,30,gdm_early,0.1,1,0
5,0,112,95,95,12,gdm_early,0.1,1,0
5,1,25,25,24,25,gdm_early,0.1,1,0
5,2,103,87,86,33,gdm_early,0.1,1,0
6,0,112,104,104,21,gdm_early,0.1,1,0
6,1,25,25,24,25,gdm_early,0.1,1,0
6,2,103,98,97,41,gdm_early,0.1,1,0
7,0,112,108,108,25,gdm_early,0.1,1,0
7,1,25,25,24,25,gdm_early,0.1,1,0
7,2,103,98,97,41,gdm_early,0.1,1,0
8,0,112,110,109,26,gdm_early,0.1,1,0
8,1,25,25,24,25,gdm_early,0.1,1,0
8,2,103,100,99,42,gdm_early,0.1,1,0
9,0,112,110,109,26,gdm_early,0.1,1,0
9,1,25,25,24,25,gdm_early,0.1,1,0
9,2,103,101,100,43,gdm_early,0.1,1,0
10,0,112,110,109,26,gdm_early,0.1,1,0
10,1,25,25,24,25,gdm_early,0.1,1,0
10,2,103,101,100,43,gdm_early,0.1,1,0
1,0,53,2,2,2,gdm_early,0.1,1,1
1,1,105,8,8,8,gdm_early,0.1,1,1
1,2,81,10,10,10,gdm_early,0.1,1,1
2,0,53,2,2,2,gdm_early,0.1,1,1
2,1,105,8,8,8,gdm_early,0.1,1,1
2,2,81,14,14,14,gdm_early,0.1,1,1
3,0,53,3,3,3,gdm_early,0.1,1,1
3,1,105,13,13,9,gdm_early,0.1,1,1
3,2,81,30,30,15,gdm_early,0.1,1,1
4,0,53,32,30,20,gdm_early,0.1,1,1
4,1,105,37,37,32,gdm_early,0.1,1,1
4,2,81,54,54,20,gdm_early,0.1,1,1
5,0,53,34,32,22,gdm_early,0.1,1,1
5,1,105,41,41,36,gdm_early,0.1,1,1
5,2,81,72,72,32,gdm_early,0.1,1,1
6,0,53,45,43,22,gdm_early,0.1,1,1
6,1,105,100,100,36,gdm_early,0.1,1,1
6,2,81,75,75,35,gdm_early,0.1,1,1
7,0,53,48,46,22,gdm_early,0.1,1,1
7,1,105,100,100,36,gdm_early,0.1,1,1
7,2,81,78,78,35,gdm_early,0.1,1,1
8,0,53,53,51,22,gdm_early,0.1,1,1
8,1,105,101,101,37,gdm_early,0.1,1,1
8,2,81,81,81,35,gdm_early,0.1,1,1
9,0,53,53,51,22,gdm_early,0.1,1,1
9,1,105,103,103,37,gdm_early,0.1,1,1
9,2,81,81,81,35,gdm_early,0.1,1,1
10,0,53,53,51,22,gdm_early,0.1,1,1
10,1,105,103,103,37,gdm_early,0.1,1,1
10,2,81,81,81,35,gdm_early,0.1,1,1
1,0,46,7,7,7,gdm_early,0.1,1,2
1,1,41,0,0,0,gdm_early,0.1,1,2
1,2,152,3,3,3,gdm_early,0.1,1,2
2,0,46,8,8,8,gdm_early,0.1,1,2
2,1,41,0,0,0,gdm_early,0.1,1,2
2,2,152,14,14,4,gdm_early,0.1,1,2
3,0,46,24,23,21,gdm_early,0.1,1,2
3,1,41,10,10,2,gdm_early,0.1,1,2
3,2,152,58,58,22,gdm_early,0.1,1,2
4,0,46,40,39,26,gdm_early,0.1,1,2
4,1,41,18,18,3,gdm_early,0.1,1,2
4,2,152,96,95,46,gdm_early,0.1,1,2
5,0,46,41,40,27,gdm_early,0.1,1,2
5,1,41,22,22,4,gdm_early,0.1,1,2
5,2,152,101,100,51,gdm_early,0.1,1,2
6,0,46,44,43,27,gdm_early,0.1,1,2
6,1,41,33,33,5,gdm_early,0.1,1,2
6,2,152,147,145,52,gdm_early,0.1,1,2
7,0,46,46,44,29,gdm_early,0.1,1,2
7,1,41,33,33,5,gdm_early,0.1,1,2
7,2,152,147,145,52,gdm_early,0.1,1,2
8,0,46,46,44,29,gdm_early,0.1,1,2
8,1,41,38,38,10,gdm_early,0.1,1,2
8,2,152,148,146,53,gdm_early,0.1,1,2
9,0,46,46,44,29,gdm_early,0.1,1,2
9,1,41,38,38,10,gdm_early,0.1,1,2
9,2,152,149,146,53,gdm_early,0.1,1,2
10,0,46,46,44,29,gdm_early,0.1,1,2
10,1,41,41,41,13,gdm_early,0.1,1,2
10,2,152,149,146,53,gdm_early,0.1,1,2
1,0,44,19,19,19,gdm_early,0.1,1,3
1,1,47,0,0,0,gdm_early,0.1,1,3
1,2,148,0,0,0,gdm_early,0.1,1,3
2,0,44,42,42,42,gdm_early,0.1,1,3
2,1,47,5,5,0,gdm_early,0.1,1,3
2,2,148,0,0,0,gdm_early,0.1,1,3
3,0,44,44,42,44,gdm_early,0.1,1,3
3,1,47,25,25,0,gdm_early,0.1,1,3
3,2,148,61,61,11,gdm_early,0.1,1,3
4,0,44,44,42,44,gdm_early,0.1,1,3
4,1,47,38,38,0,gdm_early,0.1,1,3
4,2,148,106,105,33,gdm_early,0.1,1,3
5,0,44,44,42,44,gdm_early,0.1,1,3
5,1,47,40,40,0,gdm_early,0.1,1,3
5,2,148,131,130,38,gdm_early,0.1,1,3
6,0,44,44,42,44,gdm_early,0.1,1,3
6,1,47,40,40,0,gdm_early,0.1,1,3
6,2,148,139,138,45,gdm_early,0.1,1,3
7,0,44,44,42,44,gdm_early,0.1,1,3
7,1,47,40,40,0,gdm_early,0.1,1,3
7,2,148,145,144,45,gdm_early,0.1,1,3
8,0,44,44,42,44,gdm_early,0.1,1,3
8,1,47,40,40,0,gdm_early,0.1,1,3
8,2,148,145,144,45,gdm_early,0.1,1,3
9,0,44,44,42,44,gdm_early,0.1,1,3
9,1,47,40,40,0,gdm_early,0.1,1,3
9,2,148,146,145,46,gdm_early,0.1,1,3
10,0,44,44,42,44,gdm_early,0.1,1,3
10,1,47,40,40,0,gdm_early,0.1,1,3
10,2,148,146,145,46,gdm_early,0.1,1,3
1,0,67,0,0,0,gdm_early,0.1,1,4
1,1,139,41,40,41,gdm_early,0.1,1,4
1,2,34,0,0,0,gdm_early,0.1,1,4
2,0,67,28,28,0,gdm_early,0.1,1,4
2,1,139,41,40,41,gdm_early,0.1,1,4
2,2,34,8,8,0,gdm_early,0.1,1,4
3,0,67,40,40,0,gdm_early,0.1,1,4
3,1,139,76,74,76,gdm_early,0.1,1,4
3,2,34,11,11,0,gdm_early,0.1,1,4
4,0,67,55,55,0,gdm_early,0.1,1,4
4,1,139,107,105,76,gdm_early,0.1,1,4
4,2,34,23,23,0,gdm_early,0.1,1,4
5,0,67,59,59,0,gdm_early,0.1,1,4
5,1,139,114,111,83,gdm_early,0.1,1,4
5,2,34,23,23,0,gdm_early,0.1,1,4
6,0,67,60,60,0,gdm_early,0.1,1,4
6,1,139,138,135,83,gdm_early,0.1,1,4
6,2,34,25,25,0,gdm_early,0.1,1,4
7,0,67,60,60,0,gdm_early,0.1,1,4
7,1,139,139,135,84,gdm_early,0.1,1,4
7,2,34,25,25,0,gdm_early,0.1,1,4
8,0,67,60,60,0,gdm_early,0.1,1,4
8,1,139,139,135,84,gdm_early,0.1,1,4
8,2,34,25,25,0,gdm_early,0.1,1,4
9,0,67,60,60,0,gdm_early,0.1,1,4
9,1,139,139,135,84,gdm_early,0.1,1,4
9,2,34,29,29,4,gdm_early,0.1,1,4
10,0,67,60,60,0,gdm_early,0.1,1,4
10,1,139,139,135,84,gdm_early,0.1,1,4
10,2,34,29,29,4,gdm_early,0.1,1,4
1,0,145,3,3,0,gdm_early,0.1,2,0
1,1,70,53,53,53,gdm_early,0.1,2,0
1,2,24,0,0,0,gdm_early,0.1,2,0
2,0,145,95,94,0,gdm_early,0.1,2,0
2,1,70,69,68,69,gdm_early,0.1,2,0
2,2,24,1,1,0,gdm_early,0.1,2,0
3,0,145,110,109,0,gdm_early,0.1,2,0
3,1,70,70,69,70,gdm_early,0.1,2,0
3,2,24,3,3,0,gdm_early,0.1,2,0
4,0,145,123,122,0,gdm_early,0.1,2,0
4,1,70,70,69,70,gdm_early,0.1,2,0
4,2,24,11,10,1,gdm_early,0.1,2,0
5,0,145,123,122,0,gdm_early,0.1,2,0
5,1,70,70,69,70,gdm_early,0.1,2,0
5,2,24,15,14,1,gdm_early,0.1,2,0
6,0,145,124,123,1,gdm_early,0.1,2,0
6,1,70,70,69,70,gdm_early,0.1,2,0
6,2,24,20,19,4,gdm_early,0.1,2,0
7,0,145,127,125,4,gdm_early,0.1,2,0
7,1,70,70,69,70,gdm_early,0.1,2,0
7,2,24,24,22,8,gdm_early,0.1,2,0
8,0,145,127,125,4,gdm_early,0.1,2,0
8,1,70,70,69,70,gdm_early,0.1,2,0
8,2,24,24,22,8,gdm_early,0.1,2,0
9,0,145,134,131,11,gdm_early,0.1,2,0
9,1,70,70,69,70,gdm_early,0.1,2,0
9,2,24,24,22,8,gdm_early,0.1,2,0
10,0,145,134,131,11,gdm_early,0.1,2,0
10,1,70,70,69,70,gdm_early,0.1,2,0
10,2,24,24,22,8,gdm_early,0.1,2,0
1,0,42,5,5,5,gdm_early,0.1,2,1
1,1,32,0,0,0,gdm_early,0.1,2,1
1,2,167,20,20,20,gdm_early,0.1,2,1
2,0,42,5,5,5,gdm_early,0.1,2,1
2,1,32,0,0,0,gdm_early,0.1,2,1
2,2,167,23,23,23,gdm_early,0.1,2,1
3,0,42,11,11,5,gdm_early,0.1,2,1
3,1,32,5,5,0,gdm_early,0.1,2,1
3,2,167,73,72,33,gdm_early,0.1,2,1
4,0,42,28,27,9,gdm_early,0.1,2,1
4,1,32,14,14,0,gdm_early,0.1,2,1
4,2,167,122,121,33,gdm_early,0.1,2,1
5,0,42,31,30,9,gdm_early,0.1,2,1
5,1,32,21,21,4,gdm_early,0.1,2,1
5,2,167,152,150,62,gdm_early,0.1,2,1
6,0,42,35,34,13,gdm_early,0.1,2,1
6,1,32,28,27,9,gdm_early,0.1,2,1
6,2,167,157,155,64,gdm_early,0.1,2,1
7,0,42,36,35,13,gdm_early,0.1,2,1
7,1,32,30,29,9,gdm_early,0.1,2,1
7,2,167,163,160,70,gdm_early,0.1,2,1
8,0,42,39,37,16,gdm_early,0.1,2,1
8,1,32,30,29,9,gdm_early,0.1,2,1
8,2,167,163,160,70,gdm_early,0.1,2,1
9,0,42,40,37,17,gdm_early,0.1,2,1
9,1,32,30,29,9,gdm_early,0.1,2,1
9,2,167,164,161,71,gdm_early,0.1,2,1
10,0,42,40,37,17,gdm_early,0.1,2,1
10,1,32,30,29,9,gdm_early,0.1,2,1
10,2,167,165,162,72,gdm_early,0.1,2,1
1,0,37,16,16,16,gdm_early,0.1,2,2
1,1,37,11,11,11,gdm_early,0.1,2,2
1,2,166,0,0,0,gdm_early,0.1,2,2
2,0,37,31,31,31,gdm_early,0.1,2,2
2,1,37,22,22,22,gdm_early,0.1,2,2
2,2,166,4,4,0,gdm_early,0.1,2,2
3,0,37,33,33,33,gdm_early,0.1,2,2
3,1,37,24,24,24,gdm_early,0.1,2,2
3,2,166,89,89,0,gdm_early,0.1,2,2
4,0,37,35,33,35,gdm_early,0.1,2,2
4,1,37,28,28,28,gdm_early,0.1,2,2
4,2,166,124,124,0,gdm_early,0.1,2,2
5,0,37,37,33,37,gdm_early,0.1,2,2
5,1,37,28,28,28,gdm_early,0.1,2,2
5,2,166,131,130,0,gdm_early,0.1,2,2
6,0,37,37,33,37,gdm_early,0.1,2,2
6,1,37,29,28,29,gdm_early,0.1,2,2
6,2,166,138,137,7,gdm_early,0.1,2,2
7,0,37,37,33,37,gdm_early,0.1,2,2
7,1,37,30,29,29,gdm_early,0.1,2,2
7,2,166,139,138,8,gdm_early,0.1,2,2
8,0,37,37,33,37,gdm_early,0.1,2,2
8,1,37,32,29,31,gdm_early,0.1,2,2
8,2,166,159,157,28,gdm_early,0.1,2,2
9,0,37,37,33,37,gdm_early,0.1,2,2
9,1,37,32,29,31,gdm_early,0.1,2,2
9,2,166,159,157,28,gdm_early,0.1,2,2
10,0,37,37,33,37,gdm_early,0.1,2,2
10,1,37,37,29,36,gdm_early,0.1,2,2
10,2,166,162,159,31,gdm_early,0.1,2,2
1,0,81,9,9,0,gdm_early,0.1,2,3
1,1,31,8,8,8,gdm_early,0.1,2,3
1,2,127,28,28,28,gdm_early,0.1,2,3
2,0,81,52,52,0,gdm_early,0.1,2,3
2,1,31,8,8,8,gdm_early,0.1,2,3
2,2,127,28,28,28,gdm_early,0.1,2,3
3,0,81,62,62,0,gdm_early,0.1,2,3
3,1,31,17,16,17,gdm_early,0.1,2,3
3,2,127,71,69,71,gdm_early,0.1,2,3
4,0,81,75,75,0,gdm_early,0.1,2,3
4,1,31,24,23,17,gdm_early,0.1,2,3
4,2,127,107,105,71,gdm_early,0.1,2,3
5,0,81,75,75,0,gdm_early,0.1,2,3
5,1,31,25,24,18,gdm_early,0.1,2,3
5,2,127,108,106,72,gdm_early,0.1,2,3
6,0,81,75,75,0,gdm_early,0.1,2,3
6,1,31,29,28,18,gdm_early,0.1,2,3
6,2,127,108,106,72,gdm_early,0.1,2,3
7,0,81,75,75,0,gdm_early,0.1,2,3
7,1,31,29,28,18,gdm_early,0.1,2,3
7,2,127,108,106,72,gdm_early,0.1,2,3
8,0,81,75,75,0,gdm_early,0.1,2,3
8,1,31,31,30,18,gdm_early,0.1,2,3
8,2,127,122,119,72,gdm_early,0.1,2,3
9,0,81,75,75,0,gdm_early,0.1,2,3
9,1,31,31,30,18,gdm_early,0.1,2,3
9,2,127,122,119,72,gdm_early,0.1,2,3
10,0,81,75,75,0,gdm_early,0.1,2,3
10,1,31,31,30,18,gdm_early,0.1,2,3
10,2,127,124,121,72,gdm_early,0.1,2,3
1,0,103,43,43,43,gdm_early,0.1,2,4
1,1,130,9,9,0,gdm_early,0.1,2,4
1,2,7,0,0,0,gdm_early,0.1,2,4
2,0,103,69,68,69,gdm_early,0.1,2,4
2,1,130,56,56,0,gdm_early,0.1,2,4
2,2,7,0,0,0,gdm_early,0.1,2,4
3,0,103,84,83,84,gdm_early,0.1,2,4
3,1,130,88,88,0,gdm_early,0.1,2,4
3,2,7,0,0,0,gdm_early,0.1,2,4
4,0,103,88,85,88,gdm_early,0.1,2,4
4,1,130,122,122,0,gdm_early,0.1,2,4
4,2,7,0,0,0,gdm_early,0.1,2,4
5,0,103,89,85,89,gdm_early,0.1,2,4
5,1,130,122,122,0,gdm_early,0.1,2,4
5,2,7,1,1,0,gdm_early,0.1,2,4
6,0,103,91,85,91,gdm_early,0.1,2,4
6,1,130,122,122,0,gdm_early,0.1,2,4
6,2,7,6,6,0,gdm_early,0.1,2,4
7,0,103,96,85,96,gdm_early,0.1,2,4
7,1,130,122,122,0,gdm_early,0.1,2,4
7,2,7,6,6,0,gdm_early,0.1,2,4
8,0,103,96,85,96,gdm_early,0.1,2,4
8,1,130,122,122,0,gdm_early,0.1,2,4
8,2,7,6,6,0,gdm_early,0.1,2,4
9,0,103,96,85,96,gdm_early,0.1,2,4
9,1,130,122,122,0,gdm_early,0.1,2,4
9,2,7,6,6,0,gdm_early,0.1,2,4
10,0,103,98,85,98,gdm_early,0.1,2,4
10,1,130,122,122,0,gdm_early,0.1,2,4
10,2,7,6,6,0,gdm_early,0.1,2,4
1,0,20,3,3,3,gdm_early,0.1,3,1
1,1,143,4,4,0,gdm_early,0.1,3,1
1,2,77,41,41,41,gdm_early,0.1,3,1
2,0,20,3,3,3,gdm_early,0.1,3,1
2,1,143,78,78,0,gdm_early,0.1,3,1
2,2,77,59,59,59,gdm_early,0.1,3,1
3,0,20,5,5,3,gdm_early,0.1,3,1
3,1,143,101,101,0,gdm_early,0.1,3,1
3,2,77,61,61,61,gdm_early,0.1,3,1
4,0,20,8,8,3,gdm_early,0.1,3,1
4,1,143,119,117,0,gdm_early,0.1,3,1
4,2,77,63,62,63,gdm_early,0.1,3,1
5,0,20,13,13,8,gdm_early,0.1,3,1
5,1,143,119,117,0,gdm_early,0.1,3,1
5,2,77,68,63,68,gdm_early,0.1,3,1
6,0,20,17,17,9,gdm_early,0.1,3,1
6,1,143,119,117,0,gdm_early,0.1,3,1
6,2,77,71,63,71,gdm_early,0.1,3,1
7,0,20,18,18,10,gdm_early,0.1,3,1
7,1,143,121,119,2,gdm_early,0.1,3,1
7,2,77,74,63,74,gdm_early,0.1,3,1
8,0,20,19,19,10,gdm_early,0.1,3,1
8,1,143,123,121,2,gdm_early,0.1,3,1
8,2,77,74,63,74,gdm_early,0.1,3,1
9,0,20,19,19,10,gdm_early,0.1,3,1
9,1,143,135,132,14,gdm_early,0.1,3,1
9,2,77,77,63,77,gdm_early,0.1,3,1
10,0,20,19,19,10,gdm_early,0.1,3,1
10,1,143,135,132,14,gdm_early,0.1,3,1
10,2,77,77,63,77,gdm_early,0.1,3,1
1,0,36,12,12,12,gdm_early,0.1,3,2
1,1,65,1,1,0,gdm_early,0.1,3,2
1,2,140,9,9,9,gdm_early,0.1,3,2
2,0,36,29,29,29,gdm_early,0.1,3,2
2,1,65,21,21,0,gdm_early,0.1,3,2
2,2,140,23,23,16,gdm_early,0.1,3,2
3,0,36,34,33,34,gdm_early,0.1,3,2
3,1,65,55,55,0,gdm_early,0.1,3,2
3,2,140,70,69,25,gdm_early,0.1,3,2
4,0,36,36,33,36,gdm_early,0.1,3,2
4,1,65,62,61,0,gdm_early,0.1,3,2
4,2,140,99,98,28,gdm_early,0.1,3,2
5,0,36,36,33,36,gdm_early,0.1,3,2
5,1,65,62,61,0,gdm_early,0.1,3,2
5,2,140,123,121,49,gdm_early,0.1,3,2
6,0,36,36,33,36,gdm_early,0.1,3,2
6,1,65,62,61,0,gdm_early,0.1,3,2
6,2,140,128,126,53,gdm_early,0.1,3,2
7,0,36,36,33,36,gdm_early,0.1,3,2
7,1,65,62,61,0,gdm_early,0.1,3,2
7,2,140,134,130,59,gdm_early,0.1,3,2
8,0,36,36,33,36,gdm_early,0.1,3,2
8,1,65,62,61,0,gdm_early,0.1,3,2
8,2,140,134,130,59,gdm_early,0.1,3,2
9,0,36,36,33,36,gdm_early,0.1,3,2
9,1,65,62,61,0,gdm_early,0.1,3,2
9,2,140,136,131,61,gdm_early,0.1,3,2
10,0,36,36,33,36,gdm_early,0.1,3,2
10,1,65,62,61,0,gdm_early,0.1,3,2
10,2,140,137,132,61,gdm_early,0.1,3,2
1,0,53,11,11,11,gdm_early,0.1,3,0
1,1,10,0,0,0,gdm_early,0.1,3,0
1,2,176,19,19,3,gdm_early,0.1,3,0
2,0,53,36,36,36,gdm_early,0.1,3,0
2,1,10,0,0,0,gdm_early,0.1,3,0
2,2,176,28,28,3,gdm_early,0.1,3,0
3,0,53,43,43,36,gdm_early,0.1,3,0
3,1,10,1,1,0,gdm_early,0.1,3,0
3,2,176,117,115,12,gdm_early,0.1,3,0
4,0,53,43,43,36,gdm_early,0.1,3,0
4,1,10,1,1,0,gdm_early,0.1,3,0
4,2,176,141,139,23,gdm_early,0.1,3,0
5,0,53,51,50,36,gdm_early,0.1,3,0
5,1,10,4,4,0,gdm_early,0.1,3,0
5,2,176,151,149,31,gdm_early,0.1,3,0
6,0,53,51,50,36,gdm_early,0.1,3,0
6,1,10,6,6,2,gdm_early,0.1,3,0
6,2,176,163,161,43,gdm_early,0.1,3,0
7,0,53,51,50,36,gdm_early,0.1,3,0
7,1,10,7,7,2,gdm_early,0.1,3,0
7,2,176,171,168,51,gdm_early,0.1,3,0
8,0,53,51,50,36,gdm_early,0.1,3,0
8,1,10,7,7,2,gdm_early,0.1,3,0
8,2,176,173,170,53,gdm_early,0.1,3,0
9,0,53,53,52,36,gdm_early,0.1,3,0
9,1,10,9,9,4,gdm_early,0.1,3,0
9,2,176,173,170,53,gdm_early,0.1,3,0
10,0,53,53,52,36,gdm_early,0.1,3,0
10,1,10,9,9,4,gdm_early,0.1,3,0
10,2,176,173,170,53,gdm_early,0.1,3,0
1,0,52,37,37,37,gdm_early,0.1,3,3
1,1,143,5,5,5,gdm_early,0.1,3,3
1,2,45,10,10,0,gdm_early,0.1,3,3
2,0,52,47,47,47,gdm_early,0.1,3,3
2,1,143,5,5,5,gdm_early,0.1,3,3
2,2,45,31,31,0,gdm_early,0.1,3,3
3,0,52,50,47,50,gdm_early,0.1,3,3
3,1,143,33,33,15,gdm_early,0.1,3,3
3,2,45,38,38,0,gdm_early,0.1,3,3
4,0,52,50,47,50,gdm_early,0.1,3,3
4,1,143,71,70,22,gdm_early,0.1,3,3
4,2,45,43,43,0,gdm_early,0.1,3,3
5,0,52,50,47,50,gdm_early,0.1,3,3
5,1,143,100,99,30,gdm_early,0.1,3,3
5,2,45,44,43,0,gdm_early,0.1,3,3
6,0,52,50,47,50,gdm_early,0.1,3,3
6,1,143,124,121,42,gdm_early,0.1,3,3
6,2,45,44,43,0,gdm_early,0.1,3,3
7,0,52,50,47,50,gdm_early,0.1,3,3
7,1,143,138,135,45,gdm_early,0.1,3,3
7,2,45,44,43,0,gdm_early,0.1,3,3
8,0,52,50,47,50,gdm_early,0.1,3,3
8,1,143,140,137,46,gdm_early,0.1,3,3
8,2,45,44,43,0,gdm_early,0.1,3,3
9,0,52,51,48,51,gdm_early,0.1,3,3
9,1,143,142,138,47,gdm_early,0.1,3,3
9,2,45,44,43,0,gdm_early,0.1,3,3
10,0,52,51,48,51,gdm_early,0.1,3,3
10,1,143,143,138,47,gdm_early,0.1,3,3
10,2,45,44,43,0,gdm_early,0.1,3,3
1,0,4,0,0,0,gdm_early,0.1,4,0
1,1,90,73,73,73,gdm_early,0.1,4,0
1,2,146,3,3,0,gdm_early,0.1,4,0
2,0,4,0,0,0,gdm_early,0.1,4,0
2,1,90,90,88,90,gdm_early,0.1,4,0
2,2,146,103,103,0,gdm_early,0.1,4,0
3,0,4,0,0,0,gdm_early,0.1,4,0
3,1,90,90,88,90,gdm_early,0.1,4,0
3,2,146,130,130,0,gdm_early,0.1,4,0
4,0,4,0,0,0,gdm_early,0.1,4,0
4,1,90,90,88,90,gdm_early,0.1,4,0
4,2,146,138,138,0,gdm_early,0.1,4,0
5,0,4,2,2,2,gdm_early,0.1,4,0
5,1,90,90,88,90,gdm_early,0.1,4,0
5,2,146,140,140,0,gdm_early,0.1,4,0
6,0,4,2,2,2,gdm_early,0.1,4,0
6,1,90,90,88,90,gdm_early,0.1,4,0
6,2,146,141,141,0,gdm_early,0.1,4,0
7,0,4,2,2,2,gdm_early,0.1,4,0
7,1,90,90,88,90,gdm_early,0.1,4,0
7,2,146,141,141,0,gdm_early,0.1,4,0
8,0,4,2,2,2,gdm_early,0.1,4,0
8,1,90,90,88,90,gdm_early,0.1,4,0
8,2,146,141,141,0,gdm_early,0.1,4,0
9,0,4,2,2,2,gdm_early,0.1,4,0
9,1,90,90,88,90,gdm_early,0.1,4,0
9,2,146,141,141,0,gdm_early,0.1,4,0
10,0,4,2,2,2,gdm_early,0.1,4,0
10,1,90,90,88,90,gdm_early,0.1,4,0
10,2,146,141,141,0,gdm_early,0.1,4,0
1,0,47,4,4,4,gdm_early,0.1,3,4
1,1,13,0,0,0,gdm_early,0.1,3,4
1,2,178,8,8,8,gdm_early,0.1,3,4
2,0,47,4,4,4,gdm_early,0.1,3,4
2,1,13,0,0,0,gdm_early,0.1,3,4
2,2,178,9,9,8,gdm_early,0.1,3,4
3,0,47,21,21,13,gdm_early,0.1,3,4
3,1,13,0,0,0,gdm_early,0.1,3,4
3,2,178,102,101,34,gdm_early,0.1,3,4
4,0,47,34,34,13,gdm_early,0.1,3,4
4,1,13,0,0,0,gdm_early,0.1,3,4
4,2,178,124,123,35,gdm_early,0.1,3,4
5,0,47,40,40,13,gdm_early,0.1,3,4
5,1,13,0,0,0,gdm_early,0.1,3,4
5,2,178,146,144,35,gdm_early,0.1,3,4
6,0,47,46,45,19,gdm_early,0.1,3,4
6,1,13,5,5,5,gdm_early,0.1,3,4
6,2,178,173,170,62,gdm_early,0.1,3,4
7,0,47,46,45,19,gdm_early,0.1,3,4
7,1,13,9,9,5,gdm_early,0.1,3,4
7,2,178,176,172,65,gdm_early,0.1,3,4
8,0,47,46,45,19,gdm_early,0.1,3,4
8,1,13,11,11,5,gdm_early,0.1,3,4
8,2,178,177,173,66,gdm_early,0.1,3,4
9,0,47,46,45,19,gdm_early,0.1,3,4
9,1,13,12,12,5,gdm_early,0.1,3,4
9,2,178,177,173,66,gdm_early,0.1,3,4
10,0,47,46,45,19,gdm_early,0.1,3,4
10,1,13,12,12,5,gdm_early,0.1,3,4
10,2,178,177,173,66,gdm_early,0.1,3,4
1,0,103,0,0,0,gdm_early,0.1,4,1
1,1,62,12,12,0,gdm_early,0.1,4,1
1,2,75,25,25,25,gdm_early,0.1,4,1
2,0,103,0,0,0,gdm_early,0.1,4,1
2,1,62,37,37,0,gdm_early,0.1,4,1
2,2,75,59,59,59,gdm_early,0.1,4,1
3,0,103,54,54,3,gdm_early,0.1,4,1
3,1,62,55,55,0,gdm_early,0.1,4,1
3,2,75,62,62,62,gdm_early,0.1,4,1
4,0,103,83,83,18,gdm_early,0.1,4,1
4,1,62,57,57,0,gdm_early,0.1,4,1
4,2,75,65,62,65,gdm_early,0.1,4,1
5,0,103,96,96,23,gdm_early,0.1,4,1
5,1,62,57,57,0,gdm_early,0.1,4,1
5,2,75,67,62,67,gdm_early,0.1,4,1
6,0,103,97,97,24,gdm_early,0.1,4,1
6,1,62,57,57,0,gdm_early,0.1,4,1
6,2,75,70,62,70,gdm_early,0.1,4,1
7,0,103,97,97,24,gdm_early,0.1,4,1
7,1,62,57,57,0,gdm_early,0.1,4,1
7,2,75,70,62,70,gdm_early,0.1,4,1
8,0,103,101,100,28,gdm_early,0.1,4,1
8,1,62,57,57,0,gdm_early,0.1,4,1
8,2,75,71,62,71,gdm_early,0.1,4,1
9,0,103,101,100,28,gdm_early,0.1,4,1
9,1,62,57,57,0,gdm_early,0.1,4,1
9,2,75,71,62,71,gdm_early,0.1,4,1
10,0,103,101,100,28,gdm_early,0.1,4,1
10,1,62,57,57,0,gdm_early,0.1,4,1
10,2,75,74,62,74,gdm_early,0.1,4,1
1,0,84,2,2,0,gdm_early,0.1,4,2
1,1,91,16,16,16,gdm_early,0.1,4,2
1,2,65,25,25,25,gdm_early,0.1,4,2
2,0,84,53,53,0,gdm_early,0.1,4,2
2,1,91,16,16,16,gdm_early,0.1,4,2
2,2,65,28,28,28,gdm_early,0.1,4,2
3,0,84,60,60,0,gdm_early,0.1,4,2
3,1,91,36,36,21,gdm_early,0.1,4,2
3,2,65,48,47,48,gdm_early,0.1,4,2
4,0,84,76,76,0,gdm_early,0.1,4,2
4,1,91,58,57,32,gdm_early,0.1,4,2
4,2,65,48,47,48,gdm_early,0.1,4,2
5,0,84,76,76,0,gdm_early,0.1,4,2
5,1,91,83,81,34,gdm_early,0.1,4,2
5,2,65,48,47,48,gdm_early,0.1,4,2
6,0,84,76,76,0,gdm_early,0.1,4,2
6,1,91,86,84,36,gdm_early,0.1,4,2
6,2,65,48,47,48,gdm_early,0.1,4,2
7,0,84,76,76,0,gdm_early,0.1,4,2
7,1,91,86,84,36,gdm_early,0.1,4,2
7,2,65,48,47,48,gdm_early,0.1,4,2
8,0,84,76,76,0,gdm_early,0.1,4,2
8,1,91,88,86,37,gdm_early,0.1,4,2
8,2,65,50,47,50,gdm_early,0.1,4,2
9,0,84,76,76,0,gdm_early,0.1,4,2
9,1,91,89,87,38,gdm_early,0.1,4,2
9,2,65,54,47,54,gdm_early,0.1,4,2
10,0,84,76,76,0,gdm_early,0.1,4,2
10,1,91,89,87,38,gdm_early,0.1,4,2
10,2,65,55,47,55,gdm_early,0.1,4,2
1,0,28,0,0,0,gdm_early,0.1,4,3
1,1,75,25,25,25,gdm_early,0.1,4,3
1,2,137,4,4,0,gdm_early,0.1,4,3
2,0,28,0,0,0,gdm_early,0.1,4,3
2,1,75,43,42,43,gdm_early,0.1,4,3
2,2,137,4,4,0,gdm_early,0.1,4,3
3,0,28,16,16,0,gdm_early,0.1,4,3
3,1,75,52,51,51,gdm_early,0.1,4,3
3,2,137,77,77,0,gdm_early,0.1,4,3
4,0,28,20,20,0,gdm_early,0.1,4,3
4,1,75,56,55,55,gdm_early,0.1,4,3
4,2,137,89,89,1,gdm_early,0.1,4,3
5,0,28,24,23,0,gdm_early,0.1,4,3
5,1,75,66,65,55,gdm_early,0.1,4,3
5,2,137,102,98,1,gdm_early,0.1,4,3
6,0,28,24,23,0,gdm_early,0.1,4,3
6,1,75,66,65,55,gdm_early,0.1,4,3
6,2,137,120,114,19,gdm_early,0.1,4,3
7,0,28,24,23,0,gdm_early,0.1,4,3
7,1,75,66,65,55,gdm_early,0.1,4,3
7,2,137,123,117,22,gdm_early,0.1,4,3
8,0,28,24,23,0,gdm_early,0.1,4,3
8,1,75,66,65,55,gdm_early,0.1,4,3
8,2,137,134,127,33,gdm_early,0.1,4,3
9,0,28,24,23,0,gdm_early,0.1,4,3
9,1,75,70,69,55,gdm_early,0.1,4,3
9,2,137,134,127,33,gdm_early,0.1,4,3
10,0,28,25,24,1,gdm_early,0.1,4,3
10,1,75,70,69,55,gdm_early,0.1,4,3
10,2,137,135,127,34,gdm_early,0.1,4,3
1,0,27,0,0,0,gdm_early,0.1,4,4
1,1,152,7,7,0,gdm_early,0.1,4,4
1,2,61,37,37,37,gdm_early,0.1,4,4
2,0,27,10,10,0,gdm_early,0.1,4,4
2,1,152,7,7,0,gdm_early,0.1,4,4
2,2,61,52,52,52,gdm_early,0.1,4,4
3,0,27,25,24,0,gdm_early,0.1,4,4
3,1,152,80,80,0,gdm_early,0.1,4,4
3,2,61,56,54,56,gdm_early,0.1,4,4
4,0,27,25,24,0,gdm_early,0.1,4,4
4,1,152,107,107,3,gdm_early,0.1,4,4
4,2,61,58,55,58,gdm_early,0.1,4,4
5,0,27,25,24,0,gdm_early,0.1,4,4
5,1,152,117,116,6,gdm_early,0.1,4,4
5,2,61,58,55,58,gdm_early,0.1,4,4
6,0,27,25,24,0,gdm_early,0.1,4,4
6,1,152,131,129,20,gdm_early,0.1,4,4
6,2,61,59,55,59,gdm_early,0.1,4,4
7,0,27,25,24,0,gdm_early,0.1,4,4
7,1,152,133,131,22,gdm_early,0.1,4,4
7,2,61,59,55,59,gdm_early,0.1,4,4
8,0,27,25,24,0,gdm_early,0.1,4,4
8,1,152,144,140,33,gdm_early,0.1,4,4
8,2,61,61,55,61,gdm_early,0.1,4,4
9,0,27,25,24,0,gdm_early,0.1,4,4
9,1,152,144,140,33,gdm_early,0.1,4,4
9,2,61,61,55,61,gdm_early,0.1,4,4
10,0,27,25,24,0,gdm_early,0.1,4,4
10,1,152,144,140,33,gdm_early,0.1,4,4
10,2,61,61,55,61,gdm_early,0.1,4,4
1,0,53,11,11,11,gdm_early,0.1,5,1
1,1,78,1,1,0,gdm_early,0.1,5,1
1,2,109,16,16,16,gdm_early,0.1,5,1
2,0,53,11,11,11,gdm_early,0.1,5,1
2,1,78,2,2,0,gdm_early,0.1,5,1
2,2,109,16,16,16,gdm_early,0.1,5,1
3,0,53,26,26,24,gdm_early,0.1,5,1
3,1,78,33,33,0,gdm_early,0.1,5,1
3,2,109,51,51,22,gdm_early,0.1,5,1
4,0,53,32,32,30,gdm_early,0.1,5,1
4,1,78,52,52,0,gdm_early,0.1,5,1
4,2,109,69,69,22,gdm_early,0.1,5,1
5,0,53,39,39,31,gdm_early,0.1,5,1
5,1,78,66,66,5,gdm_early,0.1,5,1
5,2,109,87,87,26,gdm_early,0.1,5,1
6,0,53,39,39,31,gdm_early,0.1,5,1
6,1,78,66,66,5,gdm_early,0.1,5,1
6,2,109,94,94,32,gdm_early,0.1,5,1
7,0,53,39,39,31,gdm_early,0.1,5,1
7,1,78,74,73,13,gdm_early,0.1,5,1
7,2,109,102,102,40,gdm_early,0.1,5,1
8,0,53,51,51,31,gdm_early,0.1,5,1
8,1,78,74,73,13,gdm_early,0.1,5,1
8,2,109,108,108,45,gdm_early,0.1,5,1
9,0,53,51,51,31,gdm_early,0.1,5,1
9,1,78,77,76,16,gdm_early,0.1,5,1
9,2,109,109,109,46,gdm_early,0.1,5,1
10,0,53,53,53,31,gdm_early,0.1,5,1
10,1,78,77,76,16,gdm_early,0.1,5,1
10,2,109,109,109,46,gdm_early,0.1,5,1
1,0,14,0,0,0,gdm_early,0.1,5,0
1,1,170,47,46,47,gdm_early,0.1,5,0
1,2,55,0,0,0,gdm_early,0.1,5,0
2,0,14,0,0,0,gdm_early,0.1,5,0
2,1,170,53,52,47,gdm_early,0.1,5,0
2,2,55,29,29,0,gdm_early,0.1,5,0
3,0,14,4,4,0,gdm_early,0.1,5,0
3,1,170,105,102,83,gdm_early,0.1,5,0
3,2,55,39,39,0,gdm_early,0.1,5,0
4,0,14,5,5,0,gdm_early,0.1,5,0
4,1,170,147,143,83,gdm_early,0.1,5,0
4,2,55,50,50,0,gdm_early,0.1,5,0
5,0,14,6,6,0,gdm_early,0.1,5,0
5,1,170,155,148,91,gdm_early,0.1,5,0
5,2,55,50,50,0,gdm_early,0.1,5,0
6,0,14,11,11,0,gdm_early,0.1,5,0
6,1,170,155,148,91,gdm_early,0.1,5,0
6,2,55,51,51,0,gdm_early,0.1,5,0
7,0,14,12,12,1,gdm_early,0.1,5,0
7,1,170,162,155,92,gdm_early,0.1,5,0
7,2,55,51,51,0,gdm_early,0.1,5,0
8,0,14,12,12,1,gdm_early,0.1,5,0
8,1,170,168,161,92,gdm_early,0.1,5,0
8,2,55,51,51,0,gdm_early,0.1,5,0
9,0,14,14,14,3,gdm_early,0.1,5,0
9,1,170,169,161,93,gdm_early,0.1,5,0
9,2,55,51,51,0,gdm_early,0.1,5,0
10,0,14,14,14,3,gdm_early,0.1,5,0
10,1,170,169,161,93,gdm_early,0.1,5,0
10,2,55,52,52,0,gdm_early,0.1,5,0
1,0,89,2,2,2,gdm_early,0.1,5,2
1,1,35,2,2,2,gdm_early,0.1,5,2
1,2,116,8,8,8,gdm_early,0.1,5,2
2,0,89,2,2,2,gdm_early,0.1,5,2
2,1,35,2,2,2,gdm_early,0.1,5,2
2,2,116,15,15,8,gdm_early,0.1,5,2
3,0,89,27,27,13,gdm_early,0.1,5,2
3,1,35,13,13,2,gdm_early,0.1,5,2
3,2,116,55,55,11,gdm_early,0.1,5,2
4,0,89,57,57,19,gdm_early,0.1,5,2
4,1,35,18,18,2,gdm_early,0.1,5,2
4,2,116,64,64,11,gdm_early,0.1,5,2
5,0,89,77,77,23,gdm_early,0.1,5,2
5,1,35,18,18,2,gdm_early,0.1,5,2
5,2,116,91,90,31,gdm_early,0.1,5,2
6,0,89,80,79,26,gdm_early,0.1,5,2
6,1,35,20,20,2,gdm_early,0.1,5,2
6,2,116,100,99,40,gdm_early,0.1,5,2
7,0,89,86,85,27,gdm_early,0.1,5,2
7,1,35,31,31,13,gdm_early,0.1,5,2
7,2,116,102,101,40,gdm_early,0.1,5,2
8,0,89,87,86,28,gdm_early,0.1,5,2
8,1,35,34,34,15,gdm_early,0.1,5,2
8,2,116,114,112,52,gdm_early,0.1,5,2
9,0,89,87,86,28,gdm_early,0.1,5,2
9,1,35,35,35,15,gdm_early,0.1,5,2
9,2,116,115,112,52,gdm_early,0.1,5,2
10,0,89,89,86,30,gdm_early,0.1,5,2
10,1,35,35,35,15,gdm_early,0.1,5,2
10,2,116,115,112,52,gdm_early,0.1,5,2
1,0,26,0,0,0,gdm_early,0.1,5,3
1,1,79,11,11,11,gdm_early,0.1,5,3
1,2,136,16,16,16,gdm_early,0.1,5,3
2,0,26,7,7,0,gdm_early,0.1,5,3
2,1,79,11,11,11,gdm_early,0.1,5,3
2,2,136,22,22,16,gdm_early,0.1,5,3
3,0,26,9,9,0,gdm_early,0.1,5,3
3,1,79,45,45,25,gdm_early,0.1,5,3
3,2,136,69,69,19,gdm_early,0.1,5,3
4,0,26,12,12,0,gdm_early,0.1,5,3
4,1,79,52,52,25,gdm_early,0.1,5,3
4,2,136,90,89,20,gdm_early,0.1,5,3
5,0,26,21,21,0,gdm_early,0.1,5,3
5,1,79,69,68,35,gdm_early,0.1,5,3
5,2,136,102,101,24,gdm_early,0.1,5,3
6,0,26,22,22,0,gdm_early,0.1,5,3
6,1,79,76,75,36,gdm_early,0.1,5,3
6,2,136,126,123,48,gdm_early,0.1,5,3
7,0,26,22,22,0,gdm_early,0.1,5,3
7,1,79,78,77,36,gdm_early,0.1,5,3
7,2,136,130,127,52,gdm_early,0.1,5,3
8,0,26,22,22,0,gdm_early,0.1,5,3
8,1,79,78,77,36,gdm_early,0.1,5,3
8,2,136,131,128,53,gdm_early,0.1,5,3
9,0,26,22,22,0,gdm_early,0.1,5,3
9,1,79,79,78,37,gdm_early,0.1,5,3
9,2,136,131,128,53,gdm_early,0.1,5,3
10,0,26,22,22,0,gdm_early,0.1,5,3
10,1,79,79,78,37,gdm_early,0.1,5,3
10,2,136,131,128,53,gdm_early,0.1,5,3
1,0,133,8,8,0,gdm_early,0.1,5,4
1,1,9,0,0,0,gdm_early,0.1,5,4
1,2,98,69,69,69,gdm_early,0.1,5,4
2,0,133,100,100,0,gdm_early,0.1,5,4
2,1,9,0,0,0,gdm_early,0.1,5,4
2,2,98,87,86,87,gdm_early,0.1,5,4
3,0,133,124,124,0,gdm_early,0.1,5,4
3,1,9,0,0,0,gdm_early,0.1,5,4
3,2,98,92,88,92,gdm_early,0.1,5,4
4,0,133,126,126,0,gdm_early,0.1,5,4
4,1,9,0,0,0,gdm_early,0.1,5,4
4,2,98,96,88,96,gdm_early,0.1,5,4
5,0,133,127,127,0,gdm_early,0.1,5,4
5,1,9,4,4,0,gdm_early,0.1,5,4
5,2,98,98,88,98,gdm_early,0.1,5,4
6,0,133,127,127,0,gdm_early,0.1,5,4
6,1,9,6,6,1,gdm_early,0.1,5,4
6,2,98,98,88,98,gdm_early,0.1,5,4
7,0,133,127,127,0,gdm_early,0.1,5,4
7,1,9,7,7,1,gdm_early,0.1,5,4
7,2,98,98,88,98,gdm_early,0.1,5,4
8,0,133,127,127,0,gdm_early,0.1,5,4
8,1,9,8,8,2,gdm_early,0.1,5,4
8,2,98,98,88,98,gdm_early,0.1,5,4
9,0,133,127,127,0,gdm_early,0.1,5,4
9,1,9,9,9,2,gdm_early,0.1,5,4
9,2,98,98,88,98,gdm_early,0.1,5,4
10,0,133,127,127,0,gdm_early,0.1,5,4
10,1,9,9,9,2,gdm_early,0.1,5,4
10,2,98,98,88,98,gdm_early,0.1,5,4
1,0,39,2,2,0,gdm_early,0.1,6,0
1,1,94,57,56,57,gdm_early,0.1,6,0
1,2,106,11,11,0,gdm_early,0.1,6,0
2,0,39,17,17,0,gdm_early,0.1,6,0
2,1,94,87,84,87,gdm_early,0.1,6,0
2,2,106,77,77,0,gdm_early,0.1,6,0
3,0,39,19,19,0,gdm_early,0.1,6,0
3,1,94,94,88,94,gdm_early,0.1,6,0
3,2,106,98,98,0,gdm_early,0.1,6,0
4,0,39,29,28,1,gdm_early,0.1,6,0
4,1,94,94,88,94,gdm_early,0.1,6,0
4,2,106,104,104,0,gdm_early,0.1,6,0
5,0,39,35,34,2,gdm_early,0.1,6,0
5,1,94,94,88,94,gdm_early,0.1,6,0
5,2,106,106,105,0,gdm_early,0.1,6,0
6,0,39,36,35,2,gdm_early,0.1,6,0
6,1,94,94,88,94,gdm_early,0.1,6,0
6,2,106,106,105,0,gdm_early,0.1,6,0
7,0,39,36,35,2,gdm_early,0.1,6,0
7,1,94,94,88,94,gdm_early,0.1,6,0
7,2,106,106,105,0,gdm_early,0.1,6,0
8,0,39,37,35,3,gdm_early,0.1,6,0
8,1,94,94,88,94,gdm_early,0.1,6,0
8,2,106,106,105,0,gdm_early,0.1,6,0
9,0,39,38,35,4,gdm_early,0.1,6,0
9,1,94,94,88,94,gdm_early,0.1,6,0
9,2,106,106,105,0,gdm_early,0.1,6,0
10,0,39,38,35,4,gdm_early,0.1,6,0
10,1,94,94,88,94,gdm_early,0.1,6,0
10,2,106,106,105,0,gdm_early,0.1,6,0
1,0,126,0,0,0,gdm_early,0.1,6,2
1,1,91,27,27,27,gdm_early,0.1,6,2
1,2,22,12,12,12,gdm_early,0.1,6,2
2,0,126,68,68,0,gdm_early,0.1,6,2
2,1,91,38,38,38,gdm_early,0.1,6,2
2,2,22,21,21,21,gdm_early,0.1,6,2
3,0,126,103,103,0,gdm_early,0.1,6,2
3,1,91,61,61,61,gdm_early,0.1,6,2
3,2,22,21,21,21,gdm_early,0.1,6,2
4,0,126,119,118,0,gdm_early,0.1,6,2
4,1,91,66,66,66,gdm_early,0.1,6,2
4,2,22,22,21,22,gdm_early,0.1,6,2
5,0,126,122,120,0,gdm_early,0.1,6,2
5,1,91,67,67,67,gdm_early,0.1,6,2
5,2,22,22,21,22,gdm_early,0.1,6,2
6,0,126,122,120,0,gdm_early,0.1,6,2
6,1,91,67,67,67,gdm_early,0.1,6,2
6,2,22,22,21,22,gdm_early,0.1,6,2
7,0,126,122,120,0,gdm_early,0.1,6,2
7,1,91,71,67,71,gdm_early,0.1,6,2
7,2,22,22,21,22,gdm_early,0.1,6,2
8,0,126,122,120,0,gdm_early,0.1,6,2
8,1,91,72,67,72,gdm_early,0.1,6,2
8,2,22,22,21,22,gdm_early,0.1,6,2
9,0,126,122,120,0,gdm_early,0.1,6,2
9,1,91,77,67,77,gdm_early,0.1,6,2
9,2,22,22,21,22,gdm_early,0.1,6,2
10,0,126,122,120,0,gdm_early,0.1,6,2
10,1,91,78,67,78,gdm_early,0.1,6,2
10,2,22,22,21,22,gdm_early,0.1,6,2
1,0,3,0,0,0,gdm_early,0.1,6,1
1,1,169,21,20,21,gdm_early,0.1,6,1
1,2,68,20,20,20,gdm_early,0.1,6,1
2,0,3,0,0,0,gdm_early,0.1,6,1
2,1,169,21,20,21,gdm_early,0.1,6,1
2,2,68,20,20,20,gdm_early,0.1,6,1
3,0,3,0,0,0,gdm_early,0.1,6,1
3,1,169,57,55,26,gdm_early,0.1,6,1
3,2,68,40,40,32,gdm_early,0.1,6,1
4,0,3,0,0,0,gdm_early,0.1,6,1
4,1,169,100,98,26,gdm_early,0.1,6,1
4,2,68,43,43,32,gdm_early,0.1,6,1
5,0,3,0,0,0,gdm_early,0.1,6,1
5,1,169,117,115,41,gdm_early,0.1,6,1
5,2,68,47,47,36,gdm_early,0.1,6,1
6,0,3,0,0,0,gdm_early,0.1,6,1
6,1,169,155,152,41,gdm_early,0.1,6,1
6,2,68,63,63,37,gdm_early,0.1,6,1
7,0,3,0,0,0,gdm_early,0.1,6,1
7,1,169,157,154,43,gdm_early,0.1,6,1
7,2,68,66,66,40,gdm_early,0.1,6,1
8,0,3,0,0,0,gdm_early,0.1,6,1
8,1,169,158,155,43,gdm_early,0.1,6,1
8,2,68,68,67,40,gdm_early,0.1,6,1
9,0,3,2,2,2,gdm_early,0.1,6,1
9,1,169,163,160,48,gdm_early,0.1,6,1
9,2,68,68,67,40,gdm_early,0.1,6,1
10,0,3,2,2,2,gdm_early,0.1,6,1
10,1,169,164,160,48,gdm_early,0.1,6,1
10,2,68,68,67,40,gdm_early,0.1,6,1
1,0,163,19,19,19,gdm_early,0.1,6,3
1,1,35,0,0,0,gdm_early,0.1,6,3
1,2,41,8,8,8,gdm_early,0.1,6,3
2,0,163,19,19,19,gdm_early,0.1,6,3
2,1,35,12,12,0,gdm_early,0.1,6,3
2,2,41,8,8,8,gdm_early,0.1,6,3
3,0,163,84,84,28,gdm_early,0.1,6,3
3,1,35,24,24,0,gdm_early,0.1,6,3
3,2,41,23,23,22,gdm_early,0.1,6,3
4,0,163,97,97,28,gdm_early,0.1,6,3
4,1,35,29,29,0,gdm_early,0.1,6,3
4,2,41,24,24,22,gdm_early,0.1,6,3
5,0,163,133,133,38,gdm_early,0.1,6,3
5,1,35,31,31,0,gdm_early,0.1,6,3
5,2,41,27,27,23,gdm_early,0.1,6,3
6,0,163,133,133,38,gdm_early,0.1,6,3
6,1,35,31,31,0,gdm_early,0.1,6,3
6,2,41,34,34,23,gdm_early,0.1,6,3
7,0,163,155,154,60,gdm_early,0.1,6,3
7,1,35,31,31,0,gdm_early,0.1,6,3
7,2,41,34,34,23,gdm_early,0.1,6,3
8,0,163,157,156,62,gdm_early,0.1,6,3
8,1,35,31,31,0,gdm_early,0.1,6,3
8,2,41,38,38,23,gdm_early,0.1,6,3
9,0,163,161,160,66,gdm_early,0.1,6,3
9,1,35,32,32,1,gdm_early,0.1,6,3
9,2,41,38,38,23,gdm_early,0.1,6,3
10,0,163,161,160,66,gdm_early,0.1,6,3
10,1,35,32,32,1,gdm_early,0.1,6,3
10,2,41,40,40,23,gdm_early,0.1,6,3
1,0,79,22,22,22,gdm_early,0.1,6,4
1,1,16,0,0,0,gdm_early,0.1,6,4
1,2,145,1,1,1,gdm_early,0.1,6,4
2,0,79,25,24,25,gdm_early,0.1,6,4
2,1,16,0,0,0,gdm_early,0.1,6,4
2,2,145,1,1,1,gdm_early,0.1,6,4
3,0,79,50,49,38,gdm_early,0.1,6,4
3,1,16,0,0,0,gdm_early,0.1,6,4
3,2,145,56,56,4,gdm_early,0.1,6,4
4,0,79,59,57,47,gdm_early,0.1,6,4
4,1,16,1,1,0,gdm_early,0.1,6,4
4,2,145,70,69,6,gdm_early,0.1,6,4
5,0,79,68,65,47,gdm_early,0.1,6,4
5,1,16,7,7,6,gdm_early,0.1,6,4
5,2,145,112,108,10,gdm_early,0.1,6,4
6,0,79,69,65,48,gdm_early,0.1,6,4
6,1,16,8,8,7,gdm_early,0.1,6,4
6,2,145,135,131,33,gdm_early,0.1,6,4
7,0,79,76,72,48,gdm_early,0.1,6,4
7,1,16,12,12,7,gdm_early,0.1,6,4
7,2,145,135,131,33,gdm_early,0.1,6,4
8,0,79,76,72,48,gdm_early,0.1,6,4
8,1,16,14,13,8,gdm_early,0.1,6,4
8,2,145,142,137,40,gdm_early,0.1,6,4
9,0,79,78,74,48,gdm_early,0.1,6,4
9,1,16,15,14,8,gdm_early,0.1,6,4
9,2,145,142,137,40,gdm_early,0.1,6,4
10,0,79,78,74,48,gdm_early,0.1,6,4
10,1,16,15,14,8,gdm_early,0.1,6,4
10,2,145,142,137,40,gdm_early,0.1,6,4
1,0,22,0,0,0,gdm_early,0.1,7,0
1,1,58,7,7,7,gdm_early,0.1,7,0
1,2,158,8,8,8,gdm_early,0.1,7,0
2,0,22,10,10,0,gdm_early,0.1,7,0
2,1,58,7,7,7,gdm_early,0.1,7,0
2,2,158,8,8,8,gdm_early,0.1,7,0
3,0,22,18,18,0,gdm_early,0.1,7,0
3,1,58,37,37,27,gdm_early,0.1,7,0
3,2,158,40,39,15,gdm_early,0.1,7,0
4,0,22,21,21,0,gdm_early,0.1,7,0
4,1,58,47,47,27,gdm_early,0.1,7,0
4,2,158,94,93,27,gdm_early,0.1,7,0
5,0,22,22,21,0,gdm_early,0.1,7,0
5,1,58,53,53,33,gdm_early,0.1,7,0
5,2,158,119,117,27,gdm_early,0.1,7,0
6,0,22,22,21,0,gdm_early,0.1,7,0
6,1,58,53,53,33,gdm_early,0.1,7,0
6,2,158,137,135,45,gdm_early,0.1,7,0
7,0,22,22,21,0,gdm_early,0.1,7,0
7,1,58,53,53,33,gdm_early,0.1,7,0
7,2,158,148,145,56,gdm_early,0.1,7,0
8,0,22,22,21,0,gdm_early,0.1,7,0
8,1,58,58,58,33,gdm_early,0.1,7,0
8,2,158,155,149,63,gdm_early,0.1,7,0
9,0,22,22,21,0,gdm_early,0.1,7,0
9,1,58,58,58,33,gdm_early,0.1,7,0
9,2,158,155,149,63,gdm_early,0.1,7,0
10,0,22,22,21,0,gdm_early,0.1,7,0
10,1,58,58,58,33,gdm_early,0.1,7,0
10,2,158,155,149,63,gdm_early,0.1,7,0
1,0,92,26,26,26,gdm_early,0.1,7,1
1,1,131,2,2,2,gdm_early,0.1,7,1
1,2,16,8,8,8,gdm_early,0.1,7,1
2,0,92,26,26,26,gdm_early,0.1,7,1
2,1,131,2,2,2,gdm_early,0.1,7,1
2,2,16,12,12,12,gdm_early,0.1,7,1
3,0,92,45,45,33,gdm_early,0.1,7,1
3,1,131,76,75,16,gdm_early,0.1,7,1
3,2,16,13,13,13,gdm_early,0.1,7,1
4,0,92,68,68,33,gdm_early,0.1,7,1
4,1,131,108,106,16,gdm_early,0.1,7,1
4,2,16,16,14,16,gdm_early,0.1,7,1
5,0,92,79,79,44,gdm_early,0.1,7,1
5,1,131,122,120,27,gdm_early,0.1,7,1
5,2,16,16,14,16,gdm_early,0.1,7,1
6,0,92,87,87,44,gdm_early,0.1,7,1
6,1,131,124,122,27,gdm_early,0.1,7,1
6,2,16,16,14,16,gdm_early,0.1,7,1
7,0,92,90,89,47,gdm_early,0.1,7,1
7,1,131,125,123,28,gdm_early,0.1,7,1
7,2,16,16,14,16,gdm_early,0.1,7,1
8,0,92,90,89,47,gdm_early,0.1,7,1
8,1,131,125,123,28,gdm_early,0.1,7,1
8,2,16,16,14,16,gdm_early,0.1,7,1
9,0,92,90,89,47,gdm_early,0.1,7,1
9,1,131,128,125,31,gdm_early,0.1,7,1
9,2,16,16,14,16,gdm_early,0.1,7,1
10,0,92,90,89,47,gdm_early,0.1,7,1
10,1,131,128,125,31,gdm_early,0.1,7,1
10,2,16,16,14,16,gdm_early,0.1,7,1
1,0,90,10,10,10,gdm_early,0.1,7,3
1,1,73,0,0,0,gdm_early,0.1,7,3
1,2,76,25,25,25,gdm_early,0.1,7,3
2,0,90,10,10,10,gdm_early,0.1,7,3
2,1,73,6,6,0,gdm_early,0.1,7,3
2,2,76,25,25,25,gdm_early,0.1,7,3
3,0,90,41,41,13,gdm_early,0.1,7,3
3,1,73,38,38,0,gdm_early,0.1,7,3
3,2,76,47,46,47,gdm_early,0.1,7,3
4,0,90,46,46,17,gdm_early,0.1,7,3
4,1,73,60,60,0,gdm_early,0.1,7,3
4,2,76,51,49,51,gdm_early,0.1,7,3
5,0,90,57,56,23,gdm_early,0.1,7,3
5,1,73,60,60,0,gdm_early,0.1,7,3
5,2,76,59,57,51,gdm_early,0.1,7,3
6,0,90,81,80,29,gdm_early,0.1,7,3
6,1,73,60,60,0,gdm_early,0.1,7,3
6,2,76,59,57,51,gdm_early,0.1,7,3
7,0,90,87,86,29,gdm_early,0.1,7,3
7,1,73,60,60,0,gdm_early,0.1,7,3
7,2,76,63,61,51,gdm_early,0.1,7,3
8,0,90,88,87,30,gdm_early,0.1,7,3
8,1,73,60,60,0,gdm_early,0.1,7,3
8,2,76,66,64,51,gdm_early,0.1,7,3
9,0,90,90,89,32,gdm_early,0.1,7,3
9,1,73,60,60,0,gdm_early,0.1,7,3
9,2,76,69,67,51,gdm_early,0.1,7,3
10,0,90,90,89,32,gdm_early,0.1,7,3
10,1,73,60,60,0,gdm_early,0.1,7,3
10,2,76,69,67,51,gdm_early,0.1,7,3
1,0,112,4,4,0,gdm_early,0.1,7,2
1,1,8,0,0,0,gdm_early,0.1,7,2
1,2,120,13,13,13,gdm_early,0.1,7,2
2,0,112,8,8,0,gdm_early,0.1,7,2
2,1,8,0,0,0,gdm_early,0.1,7,2
2,2,120,31,31,23,gdm_early,0.1,7,2
3,0,112,39,39,0,gdm_early,0.1,7,2
3,1,8,0,0,0,gdm_early,0.1,7,2
3,2,120,66,62,41,gdm_early,0.1,7,2
4,0,112,69,69,0,gdm_early,0.1,7,2
4,1,8,0,0,0,gdm_early,0.1,7,2
4,2,120,84,80,48,gdm_early,0.1,7,2
5,0,112,80,80,7,gdm_early,0.1,7,2
5,1,8,1,1,1,gdm_early,0.1,7,2
5,2,120,100,95,63,gdm_early,0.1,7,2
6,0,112,91,88,9,gdm_early,0.1,7,2
6,1,8,6,6,6,gdm_early,0.1,7,2
6,2,120,108,103,63,gdm_early,0.1,7,2
7,0,112,101,98,19,gdm_early,0.1,7,2
7,1,8,6,6,6,gdm_early,0.1,7,2
7,2,120,113,106,68,gdm_early,0.1,7,2
8,0,112,102,98,19,gdm_early,0.1,7,2
8,1,8,6,6,6,gdm_early,0.1,7,2
8,2,120,117,110,68,gdm_early,0.1,7,2
9,0,112,105,101,22,gdm_early,0.1,7,2
9,1,8,6,6,6,gdm_early,0.1,7,2
9,2,120,118,110,69,gdm_early,0.1,7,2
10,0,112,105,101,22,gdm_early,0.1,7,2
10,1,8,7,7,6,gdm_early,0.1,7,2
10,2,120,119,111,69,gdm_early,0.1,7,2
1,0,86,33,33,33,gdm_early,0.1,7,4
1,1,20,0,0,0,gdm_early,0.1,7,4
1,2,135,0,0,0,gdm_early,0.1,7,4
2,0,86,68,68,68,gdm_early,0.1,7,4
2,1,20,3,3,0,gdm_early,0.1,7,4
2,2,135,35,35,0,gdm_early,0.1,7,4
3,0,86,73,72,73,gdm_early,0.1,7,4
3,1,20,10,10,0,gdm_early,0.1,7,4
3,2,135,91,90,0,gdm_early,0.1,7,4
4,0,86,76,72,76,gdm_early,0.1,7,4
4,1,20,14,14,0,gdm_early,0.1,7,4
4,2,135,110,109,0,gdm_early,0.1,7,4
5,0,86,81,72,81,gdm_early,0.1,7,4
5,1,20,16,15,0,gdm_early,0.1,7,4
5,2,135,116,113,0,gdm_early,0.1,7,4
6,0,86,86,73,86,gdm_early,0.1,7,4
6,1,20,17,16,0,gdm_early,0.1,7,4
6,2,135,118,115,2,gdm_early,0.1,7,4
7,0,86,86,73,86,gdm_early,0.1,7,4
7,1,20,17,16,0,gdm_early,0.1,7,4
7,2,135,120,117,4,gdm_early,0.1,7,4
8,0,86,86,73,86,gdm_early,0.1,7,4
8,1,20,17,16,0,gdm_early,0.1,7,4
8,2,135,122,119,6,gdm_early,0.1,7,4
9,0,86,86,73,86,gdm_early,0.1,7,4
9,1,20,17,16,0,gdm_early,0.1,7,4
9,2,135,123,120,7,gdm_early,0.1,7,4
10,0,86,86,73,86,gdm_early,0.1,7,4
10,1,20,17,16,0,gdm_early,0.1,7,4
10,2,135,129,125,13,gdm_early,0.1,7,4
1,0,40,3,3,0,gdm_early,0.1,8,0
1,1,90,18,18,0,gdm_early,0.1,8,0
1,2,110,37,36,37,gdm_early,0.1,8,0
2,0,40,6,6,0,gdm_early,0.1,8,0
2,1,90,48,48,0,gdm_early,0.1,8,0
2,2,110,60,59,60,gdm_early,0.1,8,0
3,0,40,21,21,0,gdm_early,0.1,8,0
3,1,90,67,67,0,gdm_early,0.1,8,0
3,2,110,77,76,77,gdm_early,0.1,8,0
4,0,40,27,27,0,gdm_early,0.1,8,0
4,1,90,83,82,0,gdm_early,0.1,8,0
4,2,110,79,78,79,gdm_early,0.1,8,0
5,0,40,31,31,0,gdm_early,0.1,8,0
5,1,90,84,82,0,gdm_early,0.1,8,0
5,2,110,79,78,79,gdm_early,0.1,8,0
6,0,40,32,32,0,gdm_early,0.1,8,0
6,1,90,84,82,0,gdm_early,0.1,8,0
6,2,110,81,78,81,gdm_early,0.1,8,0
7,0,40,32,32,0,gdm_early,0.1,8,0
7,1,90,84,82,0,gdm_early,0.1,8,0
7,2,110,81,78,81,gdm_early,0.1,8,0
8,0,40,32,32,0,gdm_early,0.1,8,0
8,1,90,84,82,0,gdm_early,0.1,8,0
8,2,110,82,78,82,gdm_early,0.1,8,0
9,0,40,37,37,5,gdm_early,0.1,8,0
9,1,90,84,82,0,gdm_early,0.1,8,0
9,2,110,85,81,82,gdm_early,0.1,8,0
10,0,40,38,38,6,gdm_early,0.1,8,0
10,1,90,84,82,0,gdm_early,0.1,8,0
10,2,110,86,82,82,gdm_early,0.1,8,0
1,0,38,0,0,0,gdm_early,0.1,8,1
1,1,55,31,31,31,gdm_early,0.1,8,1
1,2,147,11,11,11,gdm_early,0.1,8,1
2,0,38,18,17,0,gdm_early,0.1,8,1
2,1,55,40,39,40,gdm_early,0.1,8,1
2,2,147,12,12,11,gdm_early,0.1,8,1
3,0,38,34,33,0,gdm_early,0.1,8,1
3,1,55,45,44,45,gdm_early,0.1,8,1
3,2,147,47,46,23,gdm_early,0.1,8,1
4,0,38,38,37,0,gdm_early,0.1,8,1
4,1,55,54,46,54,gdm_early,0.1,8,1
4,2,147,102,99,34,gdm_early,0.1,8,1
5,0,38,38,37,0,gdm_early,0.1,8,1
5,1,55,55,46,55,gdm_early,0.1,8,1
5,2,147,117,114,40,gdm_early,0.1,8,1
6,0,38,38,37,0,gdm_early,0.1,8,1
6,1,55,55,46,55,gdm_early,0.1,8,1
6,2,147,135,132,40,gdm_early,0.1,8,1
7,0,38,38,37,0,gdm_early,0.1,8,1
7,1,55,55,46,55,gdm_early,0.1,8,1
7,2,147,140,136,45,gdm_early,0.1,8,1
8,0,38,38,37,0,gdm_early,0.1,8,1
8,1,55,55,46,55,gdm_early,0.1,8,1
8,2,147,142,138,47,gdm_early,0.1,8,1
9,0,38,38,37,0,gdm_early,0.1,8,1
9,1,55,55,46,55,gdm_early,0.1,8,1
9,2,147,142,138,47,gdm_early,0.1,8,1
10,0,38,38,37,0,gdm_early,0.1,8,1
10,1,55,55,46,55,gdm_early,0.1,8,1
10,2,147,143,138,47,gdm_early,0.1,8,1
1,0,85,30,30,30,gdm_early,0.1,8,2
1,1,129,22,22,0,gdm_early,0.1,8,2
1,2,26,9,9,9,gdm_early,0.1,8,2
2,0,85,46,46,46,gdm_early,0.1,8,2
2,1,129,81,80,0,gdm_early,0.1,8,2
2,2,26,10,10,10,gdm_early,0.1,8,2
3,0,85,66,63,66,gdm_early,0.1,8,2
3,1,129,108,107,0,gdm_early,0.1,8,2
3,2,26,18,17,18,gdm_early,0.1,8,2
4,0,85,67,63,67,gdm_early,0.1,8,2
4,1,129,115,114,0,gdm_early,0.1,8,2
4,2,26,18,17,18,gdm_early,0.1,8,2
5,0,85,74,65,74,gdm_early,0.1,8,2
5,1,129,116,115,0,gdm_early,0.1,8,2
5,2,26,18,17,18,gdm_early,0.1,8,2
6,0,85,75,65,75,gdm_early,0.1,8,2
6,1,129,116,115,0,gdm_early,0.1,8,2
6,2,26,20,19,19,gdm_early,0.1,8,2
7,0,85,77,65,77,gdm_early,0.1,8,2
7,1,129,116,115,0,gdm_early,0.1,8,2
7,2,26,20,19,19,gdm_early,0.1,8,2
8,0,85,78,65,78,gdm_early,0.1,8,2
8,1,129,116,115,0,gdm_early,0.1,8,2
8,2,26,20,19,19,gdm_early,0.1,8,2
9,0,85,78,65,78,gdm_early,0.1,8,2
9,1,129,116,115,0,gdm_early,0.1,8,2
9,2,26,22,21,19,gdm_early,0.1,8,2
10,0,85,78,65,78,gdm_early,0.1,8,2
10,1,129,116,115,0,gdm_early,0.1,8,2
10,2,26,22,21,19,gdm_early,0.1,8,2
1,0,125,10,10,0,gdm_early,0.1,8,3
1,1,45,36,36,36,gdm_early,0.1,8,3
1,2,69,18,18,18,gdm_early,0.1,8,3
2,0,125,75,75,0,gdm_early,0.1,8,3
2,1,45,44,44,44,gdm_early,0.1,8,3
2,2,69,41,40,41,gdm_early,0.1,8,3
3,0,125,115,114,0,gdm_early,0.1,8,3
3,1,45,45,44,45,gdm_early,0.1,8,3
3,2,69,42,41,42,gdm_early,0.1,8,3
4,0,125,121,120,0,gdm_early,0.1,8,3
4,1,45,45,44,45,gdm_early,0.1,8,3
4,2,69,47,45,47,gdm_early,0.1,8,3
5,0,125,123,120,0,gdm_early,0.1,8,3
5,1,45,45,44,45,gdm_early,0.1,8,3
5,2,69,47,45,47,gdm_early,0.1,8,3
6,0,125,123,120,0,gdm_early,0.1,8,3
6,1,45,45,44,45,gdm_early,0.1,8,3
6,2,69,48,46,48,gdm_early,0.1,8,3
7,0,125,123,120,0,gdm_early,0.1,8,3
7,1,45,45,44,45,gdm_early,0.1,8,3
7,2,69,48,46,48,gdm_early,0.1,8,3
8,0,125,123,120,0,gdm_early,0.1,8,3
8,1,45,45,44,45,gdm_early,0.1,8,3
8,2,69,49,46,49,gdm_early,0.1,8,3
9,0,125,123,120,0,gdm_early,0.1,8,3
9,1,45,45,44,45,gdm_early,0.1,8,3
9,2,69,51,47,50,gdm_early,0.1,8,3
10,0,125,123,120,0,gdm_early,0.1,8,3
10,1,45,45,44,45,gdm_early,0.1,8,3
10,2,69,54,47,53,gdm_early,0.1,8,3
1,0,164,7,7,6,gdm_early,0.1,8,4
1,1,64,23,22,23,gdm_early,0.1,8,4
1,2,12,6,6,6,gdm_early,0.1,8,4
2,0,164,7,7,6,gdm_early,0.1,8,4
2,1,64,23,22,23,gdm_early,0.1,8,4
2,2,12,10,10,10,gdm_early,0.1,8,4
3,0,164,84,83,19,gdm_early,0.1,8,4
3,1,64,28,27,28,gdm_early,0.1,8,4
3,2,12,10,10,10,gdm_early,0.1,8,4
4,0,164,124,123,19,gdm_early,0.1,8,4
4,1,64,33,32,28,gdm_early,0.1,8,4
4,2,12,12,11,12,gdm_early,0.1,8,4
5,0,164,145,144,31,gdm_early,0.1,8,4
5,1,64,48,47,37,gdm_early,0.1,8,4
5,2,12,12,11,12,gdm_early,0.1,8,4
6,0,164,148,146,31,gdm_early,0.1,8,4
6,1,64,59,58,37,gdm_early,0.1,8,4
6,2,12,12,11,12,gdm_early,0.1,8,4
7,0,164,156,154,39,gdm_early,0.1,8,4
7,1,64,59,58,37,gdm_early,0.1,8,4
7,2,12,12,11,12,gdm_early,0.1,8,4
8,0,164,156,154,39,gdm_early,0.1,8,4
8,1,64,61,59,37,gdm_early,0.1,8,4
8,2,12,12,11,12,gdm_early,0.1,8,4
9,0,164,159,157,42,gdm_early,0.1,8,4
9,1,64,61,59,37,gdm_early,0.1,8,4
9,2,12,12,11,12,gdm_early,0.1,8,4
10,0,164,159,157,42,gdm_early,0.1,8,4
10,1,64,62,60,37,gdm_early,0.1,8,4
10,2,12,12,11,12,gdm_early,0.1,8,4
1,0,43,31,31,31,gdm_early,0.1,9,0
1,1,70,22,22,22,gdm_early,0.1,9,0
1,2,128,11,11,0,gdm_early,0.1,9,0
2,0,43,43,42,43,gdm_early,0.1,9,0
2,1,70,38,38,38,gdm_early,0.1,9,0
2,2,128,73,73,0,gdm_early,0.1,9,0
3,0,43,43,42,43,gdm_early,0.1,9,0
3,1,70,40,40,40,gdm_early,0.1,9,0
3,2,128,113,113,0,gdm_early,0.1,9,0
4,0,43,43,42,43,gdm_early,0.1,9,0
4,1,70,48,48,48,gdm_early,0.1,9,0
4,2,128,123,123,0,gdm_early,0.1,9,0
5,0,43,43,42,43,gdm_early,0.1,9,0
5,1,70,48,48,48,gdm_early,0.1,9,0
5,2,128,123,123,0,gdm_early,0.1,9,0
6,0,43,43,42,43,gdm_early,0.1,9,0
6,1,70,48,48,48,gdm_early,0.1,9,0
6,2,128,123,123,0,gdm_early,0.1,9,0
7,0,43,43,42,43,gdm_early,0.1,9,0
7,1,70,48,48,48,gdm_early,0.1,9,0
7,2,128,123,123,0,gdm_early,0.1,9,0
8,0,43,43,42,43,gdm_early,0.1,9,0
8,1,70,48,48,48,gdm_early,0.1,9,0
8,2,128,123,123,0,gdm_early,0.1,9,0
9,0,43,43,42,43,gdm_early,0.1,9,0
9,1,70,48,48,48,gdm_early,0.1,9,0
9,2,128,123,123,0,gdm_early,0.1,9,0
10,0,43,43,42,43,gdm_early,0.1,9,0
10,1,70,48,48,48,gdm_early,0.1,9,0
10,2,128,123,123,0,gdm_early,0.1,9,0
1,0,32,0,0,0,gdm_early,0.1,9,1
1,1,36,4,4,4,gdm_early,0.1,9,1
1,2,172,38,38,38,gdm_early,0.1,9,1
2,0,32,10,10,0,gdm_early,0.1,9,1
2,1,36,7,7,4,gdm_early,0.1,9,1
2,2,172,38,38,38,gdm_early,0.1,9,1
3,0,32,20,20,0,gdm_early,0.1,9,1
3,1,36,13,13,4,gdm_early,0.1,9,1
3,2,172,91,91,57,gdm_early,0.1,9,1
4,0,32,24,24,0,gdm_early,0.1,9,1
4,1,36,24,24,4,gdm_early,0.1,9,1
4,2,172,114,114,57,gdm_early,0.1,9,1
5,0,32,26,26,0,gdm_early,0.1,9,1
5,1,36,27,27,7,gdm_early,0.1,9,1
5,2,172,137,136,78,gdm_early,0.1,9,1
6,0,32,27,27,0,gdm_early,0.1,9,1
6,1,36,34,34,7,gdm_early,0.1,9,1
6,2,172,156,155,78,gdm_early,0.1,9,1
7,0,32,29,29,2,gdm_early,0.1,9,1
7,1,36,36,36,9,gdm_early,0.1,9,1
7,2,172,160,158,82,gdm_early,0.1,9,1
8,0,32,29,29,2,gdm_early,0.1,9,1
8,1,36,36,36,9,gdm_early,0.1,9,1
8,2,172,161,159,82,gdm_early,0.1,9,1
9,0,32,29,29,2,gdm_early,0.1,9,1
9,1,36,36,36,9,gdm_early,0.1,9,1
9,2,172,171,169,82,gdm_early,0.1,9,1
10,0,32,29,29,2,gdm_early,0.1,9,1
10,1,36,36,36,9,gdm_early,0.1,9,1
10,2,172,171,169,82,gdm_early,0.1,9,1
1,0,45,0,0,0,gdm_early,0.1,9,2
1,1,10,0,0,0,gdm_early,0.1,9,2
1,2,186,42,42,42,gdm_early,0.1,9,2
2,0,45,14,14,0,gdm_early,0.1,9,2
2,1,10,0,0,0,gdm_early,0.1,9,2
2,2,186,50,50,44,gdm_early,0.1,9,2
3,0,45,20,20,0,gdm_early,0.1,9,2
3,1,10,0,0,0,gdm_early,0.1,9,2
3,2,186,118,117,57,gdm_early,0.1,9,2
4,0,45,25,25,0,gdm_early,0.1,9,2
4,1,10,0,0,0,gdm_early,0.1,9,2
4,2,186,128,126,57,gdm_early,0.1,9,2
5,0,45,33,32,2,gdm_early,0.1,9,2
5,1,10,3,3,0,gdm_early,0.1,9,2
5,2,186,163,160,75,gdm_early,0.1,9,2
6,0,45,39,38,2,gdm_early,0.1,9,2
6,1,10,8,8,0,gdm_early,0.1,9,2
6,2,186,175,172,79,gdm_early,0.1,9,2
7,0,45,41,40,4,gdm_early,0.1,9,2
7,1,10,10,10,2,gdm_early,0.1,9,2
7,2,186,178,175,81,gdm_early,0.1,9,2
8,0,45,42,41,4,gdm_early,0.1,9,2
8,1,10,10,10,2,gdm_early,0.1,9,2
8,2,186,180,177,81,gdm_early,0.1,9,2
9,0,45,44,43,6,gdm_early,0.1,9,2
9,1,10,10,10,2,gdm_early,0.1,9,2
9,2,186,182,179,83,gdm_early,0.1,9,2
10,0,45,44,43,6,gdm_early,0.1,9,2
10,1,10,10,10,2,gdm_early,0.1,9,2
10,2,186,182,179,83,gdm_early,0.1,9,2
1,0,47,30,30,30,gdm_early,0.1,9,3
1,1,89,16,16,16,gdm_early,0.1,9,3
1,2,103,15,15,0,gdm_early,0.1,9,3
2,0,47,43,42,43,gdm_early,0.1,9,3
2,1,89,25,25,16,gdm_early,0.1,9,3
2,2,103,88,87,0,gdm_early,0.1,9,3
3,0,47,46,43,46,gdm_early,0.1,9,3
3,1,89,44,42,29,gdm_early,0.1,9,3
3,2,103,93,92,0,gdm_early,0.1,9,3
4,0,47,47,43,47,gdm_early,0.1,9,3
4,1,89,68,66,31,gdm_early,0.1,9,3
4,2,103,93,92,0,gdm_early,0.1,9,3
5,0,47,47,43,47,gdm_early,0.1,9,3
5,1,89,79,77,41,gdm_early,0.1,9,3
5,2,103,93,92,0,gdm_early,0.1,9,3
6,0,47,47,43,47,gdm_early,0.1,9,3
6,1,89,86,84,41,gdm_early,0.1,9,3
6,2,103,93,92,0,gdm_early,0.1,9,3
7,0,47,47,43,47,gdm_early,0.1,9,3
7,1,89,89,87,44,gdm_early,0.1,9,3
7,2,103,93,92,0,gdm_early,0.1,9,3
8,0,47,47,43,47,gdm_early,0.1,9,3
8,1,89,89,87,44,gdm_early,0.1,9,3
8,2,103,93,92,0,gdm_early,0.1,9,3
9,0,47,47,43,47,gdm_early,0.1,9,3
9,1,89,89,87,44,gdm_early,0.1,9,3
9,2,103,93,92,0,gdm_early,0.1,9,3
10,0,47,47,43,47,gdm_early,0.1,9,3
10,1,89,89,87,44,gdm_early,0.1,9,3
10,2,103,93,92,0,gdm_early,0.1,9,3
1,0,175,3,3,0,gdm_early,0.1,9,4
1,1,19,8,8,8,gdm_early,0.1,9,4
1,2,46,16,16,16,gdm_early,0.1,9,4
2,0,175,51,51,0,gdm_early,0.1,9,4
2,1,19,12,12,12,gdm_early,0.1,9,4
2,2,46,37,37,37,gdm_early,0.1,9,4
3,0,175,123,123,0,gdm_early,0.1,9,4
3,1,19,18,17,18,gdm_early,0.1,9,4
3,2,46,43,41,43,gdm_early,0.1,9,4
4,0,175,136,136,0,gdm_early,0.1,9,4
4,1,19,18,17,18,gdm_early,0.1,9,4
4,2,46,45,41,45,gdm_early,0.1,9,4
5,0,175,136,136,0,gdm_early,0.1,9,4
5,1,19,19,17,19,gdm_early,0.1,9,4
5,2,46,46,41,46,gdm_early,0.1,9,4
6,0,175,151,151,15,gdm_early,0.1,9,4
6,1,19,19,17,19,gdm_early,0.1,9,4
6,2,46,46,41,46,gdm_early,0.1,9,4
7,0,175,152,152,16,gdm_early,0.1,9,4
7,1,19,19,17,19,gdm_early,0.1,9,4
7,2,46,46,41,46,gdm_early,0.1,9,4
8,0,175,166,164,30,gdm_early,0.1,9,4
8,1,19,19,17,19,gdm_early,0.1,9,4
8,2,46,46,41,46,gdm_early,0.1,9,4
9,0,175,167,165,30,gdm_early,0.1,9,4
9,1,19,19,17,19,gdm_early,0.1,9,4
9,2,46,46,41,46,gdm_early,0.1,9,4
10,0,175,172,170,35,gdm_early,0.1,9,4
10,1,19,19,17,19,gdm_early,0.1,9,4
10,2,46,46,41,46,gdm_early,0.1,9,4
1,0,95,0,0,0,gdm_early,0.3,0,0
1,1,436,45,43,45,gdm_early,0.3,0,0
1,2,188,27,27,27,gdm_early,0.3,0,0
2,0,95,25,25,0,gdm_early,0.3,0,0
2,1,436,45,43,45,gdm_early,0.3,0,0
2,2,188,27,27,27,gdm_early,0.3,0,0
3,0,95,76,76,0,gdm_early,0.3,0,0
3,1,436,257,252,111,gdm_early,0.3,0,0
3,2,188,87,84,76,gdm_early,0.3,0,0
4,0,95,87,87,0,gdm_early,0.3,0,0
4,1,436,328,321,111,gdm_early,0.3,0,0
4,2,188,105,102,79,gdm_early,0.3,0,0
5,0,95,88,88,0,gdm_early,0.3,0,0
5,1,436,397,390,148,gdm_early,0.3,0,0
5,2,188,124,120,97,gdm_early,0.3,0,0
6,0,95,88,88,0,gdm_early,0.3,0,0
6,1,436,401,394,149,gdm_early,0.3,0,0
6,2,188,136,131,100,gdm_early,0.3,0,0
7,0,95,88,88,0,gdm_early,0.3,0,0
7,1,436,402,394,149,gdm_early,0.3,0,0
7,2,188,155,149,101,gdm_early,0.3,0,0
8,0,95,88,88,0,gdm_early,0.3,0,0
8,1,436,410,402,157,gdm_early,0.3,0,0
8,2,188,172,166,101,gdm_early,0.3,0,0
9,0,95,88,88,0,gdm_early,0.3,0,0
9,1,436,432,423,179,gdm_early,0.3,0,0
9,2,188,178,172,101,gdm_early,0.3,0,0
10,0,95,88,88,0,gdm_early,0.3,0,0
10,1,436,433,424,180,gdm_early,0.3,0,0
10,2,188,187,181,101,gdm_early,0.3,0,0
1,0,227,46,44,46,gdm_early,0.3,0,1
1,1,114,41,40,41,gdm_early,0.3,0,1
1,2,378,19,19,0,gdm_early,0.3,0,1
2,0,227,46,44,46,gdm_early,0.3,0,1
2,1,114,83,82,83,gdm_early,0.3,0,1
2,2,378,41,41,0,gdm_early,0.3,0,1
3,0,227,148,145,89,gdm_early,0.3,0,1
3,1,114,89,88,89,gdm_early,0.3,0,1
3,2,378,218,218,0,gdm_early,0.3,0,1
4,0,227,178,175,91,gdm_early,0.3,0,1
4,1,114,93,88,93,gdm_early,0.3,0,1
4,2,378,284,283,0,gdm_early,0.3,0,1
5,0,227,199,195,109,gdm_early,0.3,0,1
5,1,114,99,88,99,gdm_early,0.3,0,1
5,2,378,317,316,23,gdm_early,0.3,0,1
6,0,227,218,213,109,gdm_early,0.3,0,1
6,1,114,100,88,100,gdm_early,0.3,0,1
6,2,378,319,318,23,gdm_early,0.3,0,1
7,0,227,223,217,114,gdm_early,0.3,0,1
7,1,114,102,88,102,gdm_early,0.3,0,1
7,2,378,354,351,58,gdm_early,0.3,0,1
8,0,227,223,217,114,gdm_early,0.3,0,1
8,1,114,102,88,102,gdm_early,0.3,0,1
8,2,378,357,352,58,gdm_early,0.3,0,1
9,0,227,224,218,115,gdm_early,0.3,0,1
9,1,114,102,88,102,gdm_early,0.3,0,1
9,2,378,373,365,74,gdm_early,0.3,0,1
10,0,227,224,218,115,gdm_early,0.3,0,1
10,1,114,102,88,102,gdm_early,0.3,0,1
10,2,378,374,366,74,gdm_early,0.3,0,1
1,0,503,64,64,60,gdm_early,0.3,0,2
1,1,78,41,41,41,gdm_early,0.3,0,2
1,2,138,3,3,0,gdm_early,0.3,0,2
2,0,503,70,70,60,gdm_early,0.3,0,2
2,1,78,72,72,72,gdm_early,0.3,0,2
2,2,138,80,80,0,gdm_early,0.3,0,2
3,0,503,261,260,88,gdm_early,0.3,0,2
3,1,78,75,73,75,gdm_early,0.3,0,2
3,2,138,133,132,0,gdm_early,0.3,0,2
4,0,503,336,335,88,gdm_early,0.3,0,2
4,1,78,78,73,78,gdm_early,0.3,0,2
4,2,138,135,133,0,gdm_early,0.3,0,2
5,0,503,451,445,172,gdm_early,0.3,0,2
5,1,78,78,73,78,gdm_early,0.3,0,2
5,2,138,136,134,0,gdm_early,0.3,0,2
6,0,503,460,454,172,gdm_early,0.3,0,2
6,1,78,78,73,78,gdm_early,0.3,0,2
6,2,138,136,134,0,gdm_early,0.3,0,2
7,0,503,495,484,207,gdm_early,0.3,0,2
7,1,78,78,73,78,gdm_early,0.3,0,2
7,2,138,136,134,0,gdm_early,0.3,0,2
8,0,503,495,484,207,gdm_early,0.3,0,2
8,1,78,78,73,78,gdm_early,0.3,0,2
8,2,138,136,134,0,gdm_early,0.3,0,2
9,0,503,496,484,207,gdm_early,0.3,0,2
9,1,78,78,73,78,gdm_early,0.3,0,2
9,2,138,136,134,0,gdm_early,0.3,0,2
10,0,503,499,487,210,gdm_early,0.3,0,2
10,1,78,78,73,78,gdm_early,0.3,0,2
10,2,138,136,134,0,gdm_early,0.3,0,2
1,0,437,84,83,84,gdm_early,0.3,0,3
1,1,81,27,27,27,gdm_early,0.3,0,3
1,2,201,0,0,0,gdm_early,0.3,0,3
2,0,437,84,83,84,gdm_early,0.3,0,3
2,1,81,27,27,27,gdm_early,0.3,0,3
2,2,201,33,33,0,gdm_early,0.3,0,3
3,0,437,232,229,116,gdm_early,0.3,0,3
3,1,81,48,47,48,gdm_early,0.3,0,3
3,2,201,99,99,0,gdm_early,0.3,0,3
4,0,437,289,286,120,gdm_early,0.3,0,3
4,1,81,48,47,48,gdm_early,0.3,0,3
4,2,201,136,136,0,gdm_early,0.3,0,3
5,0,437,362,354,146,gdm_early,0.3,0,3
5,1,81,48,47,48,gdm_early,0.3,0,3
5,2,201,174,173,25,gdm_early,0.3,0,3
6,0,437,396,387,163,gdm_early,0.3,0,3
6,1,81,63,61,51,gdm_early,0.3,0,3
6,2,201,176,175,25,gdm_early,0.3,0,3
7,0,437,403,394,169,gdm_early,0.3,0,3
7,1,81,65,63,51,gdm_early,0.3,0,3
7,2,201,192,188,41,gdm_early,0.3,0,3
8,0,437,418,409,178,gdm_early,0.3,0,3
8,1,81,70,68,51,gdm_early,0.3,0,3
8,2,201,192,188,41,gdm_early,0.3,0,3
9,0,437,419,409,178,gdm_early,0.3,0,3
9,1,81,73,71,51,gdm_early,0.3,0,3
9,2,201,194,188,43,gdm_early,0.3,0,3
10,0,437,425,415,184,gdm_early,0.3,0,3
10,1,81,73,71,51,gdm_early,0.3,0,3
10,2,201,194,188,43,gdm_early,0.3,0,3
1,0,271,69,69,69,gdm_early,0.3,0,4
1,1,30,0,0,0,gdm_early,0.3,0,4
1,2,418,1,1,0,gdm_early,0.3,0,4
2,0,271,82,82,82,gdm_early,0.3,0,4
2,1,30,0,0,0,gdm_early,0.3,0,4
2,2,418,24,24,0,gdm_early,0.3,0,4
3,0,271,142,141,142,gdm_early,0.3,0,4
3,1,30,1,1,0,gdm_early,0.3,0,4
3,2,418,165,165,12,gdm_early,0.3,0,4
4,0,271,188,187,165,gdm_early,0.3,0,4
4,1,30,19,19,0,gdm_early,0.3,0,4
4,2,418,305,304,13,gdm_early,0.3,0,4
5,0,271,193,192,170,gdm_early,0.3,0,4
5,1,30,24,24,0,gdm_early,0.3,0,4
5,2,418,355,351,62,gdm_early,0.3,0,4
6,0,271,253,251,170,gdm_early,0.3,0,4
6,1,30,24,24,0,gdm_early,0.3,0,4
6,2,418,370,358,62,gdm_early,0.3,0,4
7,0,271,253,251,170,gdm_early,0.3,0,4
7,1,30,24,24,0,gdm_early,0.3,0,4
7,2,418,385,371,77,gdm_early,0.3,0,4
8,0,271,265,263,170,gdm_early,0.3,0,4
8,1,30,24,24,0,gdm_early,0.3,0,4
8,2,418,387,373,79,gdm_early,0.3,0,4
9,0,271,265,263,170,gdm_early,0.3,0,4
9,1,30,24,24,0,gdm_early,0.3,0,4
9,2,418,401,386,93,gdm_early,0.3,0,4
10,0,271,270,268,170,gdm_early,0.3,0,4
10,1,30,24,24,0,gdm_early,0.3,0,4
10,2,418,407,391,98,gdm_early,0.3,0,4
1,0,159,9,9,9,gdm_early,0.3,1,1
1,1,316,31,31,31,gdm_early,0.3,1,1
1,2,244,38,38,38,gdm_early,0.3,1,1
2,0,159,10,10,10,gdm_early,0.3,1,1
2,1,316,31,31,31,gdm_early,0.3,1,1
2,2,244,51,51,45,gdm_early,0.3,1,1
3,0,159,40,39,21,gdm_early,0.3,1,1
3,1,316,85,85,39,gdm_early,0.3,1,1
3,2,244,117,117,61,gdm_early,0.3,1,1
4,0,159,83,79,58,gdm_early,0.3,1,1
4,1,316,154,151,105,gdm_early,0.3,1,1
4,2,244,164,161,69,gdm_early,0.3,1,1
5,0,159,104,96,62,gdm_early,0.3,1,1
5,1,316,192,187,116,gdm_early,0.3,1,1
5,2,244,198,194,103,gdm_early,0.3,1,1
6,0,159,155,147,62,gdm_early,0.3,1,1
6,1,316,312,307,116,gdm_early,0.3,1,1
6,2,244,234,228,103,gdm_early,0.3,1,1
7,0,159,155,147,62,gdm_early,0.3,1,1
7,1,316,312,307,116,gdm_early,0.3,1,1
7,2,244,239,233,103,gdm_early,0.3,1,1
8,0,159,155,147,62,gdm_early,0.3,1,1
8,1,316,315,309,119,gdm_early,0.3,1,1
8,2,244,244,237,103,gdm_early,0.3,1,1
9,0,159,155,147,62,gdm_early,0.3,1,1
9,1,316,315,309,119,gdm_early,0.3,1,1
9,2,244,244,237,103,gdm_early,0.3,1,1
10,0,159,155,147,62,gdm_early,0.3,1,1
10,1,316,315,309,119,gdm_early,0.3,1,1
10,2,244,244,237,103,gdm_early,0.3,1,1
1,0,335,10,10,0,gdm_early,0.3,1,0
1,1,75,45,45,45,gdm_early,0.3,1,0
1,2,310,33,33,29,gdm_early,0.3,1,0
2,0,335,25,25,0,gdm_early,0.3,1,0
2,1,75,71,71,71,gdm_early,0.3,1,0
2,2,310,67,67,29,gdm_early,0.3,1,0
3,0,335,147,147,7,gdm_early,0.3,1,0
3,1,75,75,72,75,gdm_early,0.3,1,0
3,2,310,115,115,44,gdm_early,0.3,1,0
4,0,335,257,257,11,gdm_early,0.3,1,0
4,1,75,75,72,75,gdm_early,0.3,1,0
4,2,310,169,169,58,gdm_early,0.3,1,0
5,0,335,292,290,46,gdm_early,0.3,1,0
5,1,75,75,72,75,gdm_early,0.3,1,0
5,2,310,230,230,58,gdm_early,0.3,1,0
6,0,335,306,303,58,gdm_early,0.3,1,0
6,1,75,75,72,75,gdm_early,0.3,1,0
6,2,310,285,284,113,gdm_early,0.3,1,0
7,0,335,309,306,61,gdm_early,0.3,1,0
7,1,75,75,72,75,gdm_early,0.3,1,0
7,2,310,285,284,113,gdm_early,0.3,1,0
8,0,335,324,321,76,gdm_early,0.3,1,0
8,1,75,75,72,75,gdm_early,0.3,1,0
8,2,310,295,293,122,gdm_early,0.3,1,0
9,0,335,326,322,76,gdm_early,0.3,1,0
9,1,75,75,72,75,gdm_early,0.3,1,0
9,2,310,295,293,122,gdm_early,0.3,1,0
10,0,335,326,322,76,gdm_early,0.3,1,0
10,1,75,75,72,75,gdm_early,0.3,1,0
10,2,310,299,297,122,gdm_early,0.3,1,0
1,0,140,22,22,22,gdm_early,0.3,1,2
1,1,125,0,0,0,gdm_early,0.3,1,2
1,2,455,12,12,12,gdm_early,0.3,1,2
2,0,140,23,23,23,gdm_early,0.3,1,2
2,1,125,0,0,0,gdm_early,0.3,1,2
2,2,455,33,33,16,gdm_early,0.3,1,2
3,0,140,58,58,51,gdm_early,0.3,1,2
3,1,125,23,23,0,gdm_early,0.3,1,2
3,2,455,140,136,58,gdm_early,0.3,1,2
4,0,140,79,79,51,gdm_early,0.3,1,2
4,1,125,47,47,23,gdm_early,0.3,1,2
4,2,455,238,232,136,gdm_early,0.3,1,2
5,0,140,87,87,51,gdm_early,0.3,1,2
5,1,125,83,81,34,gdm_early,0.3,1,2
5,2,455,327,321,156,gdm_early,0.3,1,2
6,0,140,116,116,69,gdm_early,0.3,1,2
6,1,125,111,109,35,gdm_early,0.3,1,2
6,2,455,404,396,159,gdm_early,0.3,1,2
7,0,140,126,126,79,gdm_early,0.3,1,2
7,1,125,111,109,35,gdm_early,0.3,1,2
7,2,455,422,413,161,gdm_early,0.3,1,2
8,0,140,129,129,79,gdm_early,0.3,1,2
8,1,125,113,111,36,gdm_early,0.3,1,2
8,2,455,447,437,162,gdm_early,0.3,1,2
9,0,140,129,129,79,gdm_early,0.3,1,2
9,1,125,117,115,37,gdm_early,0.3,1,2
9,2,455,447,437,162,gdm_early,0.3,1,2
10,0,140,135,135,79,gdm_early,0.3,1,2
10,1,125,122,120,42,gdm_early,0.3,1,2
10,2,455,449,439,164,gdm_early,0.3,1,2
1,0,132,66,66,66,gdm_early,0.3,1,3
1,1,142,0,0,0,gdm_early,0.3,1,3
1,2,445,0,0,0,gdm_early,0.3,1,3
2,0,132,123,123,123,gdm_early,0.3,1,3
2,1,142,28,28,0,gdm_early,0.3,1,3
2,2,445,13,13,2,gdm_early,0.3,1,3
3,0,132,130,126,130,gdm_early,0.3,1,3
3,1,142,76,75,0,gdm_early,0.3,1,3
3,2,445,236,231,69,gdm_early,0.3,1,3
4,0,132,132,126,132,gdm_early,0.3,1,3
4,1,142,104,102,0,gdm_early,0.3,1,3
4,2,445,279,273,107,gdm_early,0.3,1,3
5,0,132,132,126,132,gdm_early,0.3,1,3
5,1,142,126,122,0,gdm_early,0.3,1,3
5,2,445,393,386,113,gdm_early,0.3,1,3
6,0,132,132,126,132,gdm_early,0.3,1,3
6,1,142,126,122,0,gdm_early,0.3,1,3
6,2,445,409,402,129,gdm_early,0.3,1,3
7,0,132,132,126,132,gdm_early,0.3,1,3
7,1,142,126,122,0,gdm_early,0.3,1,3
7,2,445,421,414,130,gdm_early,0.3,1,3
8,0,132,132,126,132,gdm_early,0.3,1,3
8,1,142,126,122,0,gdm_early,0.3,1,3
8,2,445,421,414,130,gdm_early,0.3,1,3
9,0,132,132,126,132,gdm_early,0.3,1,3
9,1,142,126,122,0,gdm_early,0.3,1,3
9,2,445,431,424,140,gdm_early,0.3,1,3
10,0,132,132,126,132,gdm_early,0.3,1,3
10,1,142,126,122,0,gdm_early,0.3,1,3
10,2,445,437,429,143,gdm_early,0.3,1,3
1,0,200,0,0,0,gdm_early,0.3,1,4
1,1,417,114,113,114,gdm_early,0.3,1,4
1,2,102,0,0,0,gdm_early,0.3,1,4
2,0,200,76,76,0,gdm_early,0.3,1,4
2,1,417,114,113,114,gdm_early,0.3,1,4
2,2,102,13,13,0,gdm_early,0.3,1,4
3,0,200,139,139,0,gdm_early,0.3,1,4
3,1,417,207,204,207,gdm_early,0.3,1,4
3,2,102,20,20,0,gdm_early,0.3,1,4
4,0,200,177,175,0,gdm_early,0.3,1,4
4,1,417,335,330,207,gdm_early,0.3,1,4
4,2,102,59,59,0,gdm_early,0.3,1,4
5,0,200,181,179,0,gdm_early,0.3,1,4
5,1,417,363,358,235,gdm_early,0.3,1,4
5,2,102,59,59,0,gdm_early,0.3,1,4
6,0,200,181,179,0,gdm_early,0.3,1,4
6,1,417,414,407,235,gdm_early,0.3,1,4
6,2,102,79,78,0,gdm_early,0.3,1,4
7,0,200,182,180,1,gdm_early,0.3,1,4
7,1,417,417,410,238,gdm_early,0.3,1,4
7,2,102,79,78,0,gdm_early,0.3,1,4
8,0,200,182,180,1,gdm_early,0.3,1,4
8,1,417,417,410,238,gdm_early,0.3,1,4
8,2,102,79,78,0,gdm_early,0.3,1,4
9,0,200,188,184,7,gdm_early,0.3,1,4
9,1,417,417,410,238,gdm_early,0.3,1,4
9,2,102,90,89,11,gdm_early,0.3,1,4
10,0,200,189,185,7,gdm_early,0.3,1,4
10,1,417,417,410,238,gdm_early,0.3,1,4
10,2,102,90,89,11,gdm_early,0.3,1,4
1,0,436,20,20,0,gdm_early,0.3,2,0
1,1,211,157,157,157,gdm_early,0.3,2,0
1,2,73,0,0,0,gdm_early,0.3,2,0
2,0,436,254,254,0,gdm_early,0.3,2,0
2,1,211,210,207,210,gdm_early,0.3,2,0
2,2,73,0,0,0,gdm_early,0.3,2,0
3,0,436,323,323,0,gdm_early,0.3,2,0
3,1,211,211,208,211,gdm_early,0.3,2,0
3,2,73,5,5,0,gdm_early,0.3,2,0
4,0,436,373,372,0,gdm_early,0.3,2,0
4,1,211,211,208,211,gdm_early,0.3,2,0
4,2,73,39,39,0,gdm_early,0.3,2,0
5,0,436,374,373,0,gdm_early,0.3,2,0
5,1,211,211,208,211,gdm_early,0.3,2,0
5,2,73,50,50,0,gdm_early,0.3,2,0
6,0,436,378,375,1,gdm_early,0.3,2,0
6,1,211,211,208,211,gdm_early,0.3,2,0
6,2,73,57,57,3,gdm_early,0.3,2,0
7,0,436,384,381,7,gdm_early,0.3,2,0
7,1,211,211,208,211,gdm_early,0.3,2,0
7,2,73,64,63,9,gdm_early,0.3,2,0
8,0,436,386,383,8,gdm_early,0.3,2,0
8,1,211,211,208,211,gdm_early,0.3,2,0
8,2,73,66,65,11,gdm_early,0.3,2,0
9,0,436,401,396,23,gdm_early,0.3,2,0
9,1,211,211,208,211,gdm_early,0.3,2,0
9,2,73,66,65,11,gdm_early,0.3,2,0
10,0,436,402,397,23,gdm_early,0.3,2,0
10,1,211,211,208,211,gdm_early,0.3,2,0
10,2,73,66,65,11,gdm_early,0.3,2,0
1,0,124,11,11,11,gdm_early,0.3,2,1
1,1,94,0,0,0,gdm_early,0.3,2,1
1,2,500,58,56,58,gdm_early,0.3,2,1
2,0,124,11,11,11,gdm_early,0.3,2,1
2,1,94,0,0,0,gdm_early,0.3,2,1
2,2,500,63,61,63,gdm_early,0.3,2,1
3,0,124,45,45,13,gdm_early,0.3,2,1
3,1,94,17,17,0,gdm_early,0.3,2,1
3,2,500,196,194,80,gdm_early,0.3,2,1
4,0,124,82,82,17,gdm_early,0.3,2,1
4,1,94,46,45,3,gdm_early,0.3,2,1
4,2,500,338,335,80,gdm_early,0.3,2,1
5,0,124,89,89,17,gdm_early,0.3,2,1
5,1,94,64,62,9,gdm_early,0.3,2,1
5,2,500,446,441,177,gdm_early,0.3,2,1
6,0,124,108,107,36,gdm_early,0.3,2,1
6,1,94,84,82,19,gdm_early,0.3,2,1
6,2,500,464,458,182,gdm_early,0.3,2,1
7,0,124,111,110,37,gdm_early,0.3,2,1
7,1,94,91,87,26,gdm_early,0.3,2,1
7,2,500,476,470,193,gdm_early,0.3,2,1
8,0,124,113,111,39,gdm_early,0.3,2,1
8,1,94,91,87,26,gdm_early,0.3,2,1
8,2,500,477,471,193,gdm_early,0.3,2,1
9,0,124,114,111,40,gdm_early,0.3,2,1
9,1,94,92,88,26,gdm_early,0.3,2,1
9,2,500,484,477,200,gdm_early,0.3,2,1
10,0,124,122,116,48,gdm_early,0.3,2,1
10,1,94,92,88,26,gdm_early,0.3,2,1
10,2,500,485,477,200,gdm_early,0.3,2,1
1,0,111,51,51,51,gdm_early,0.3,2,2
1,1,112,40,40,40,gdm_early,0.3,2,2
1,2,496,2,2,0,gdm_early,0.3,2,2
2,0,111,94,93,94,gdm_early,0.3,2,2
2,1,112,73,73,73,gdm_early,0.3,2,2
2,2,496,31,31,0,gdm_early,0.3,2,2
3,0,111,102,100,102,gdm_early,0.3,2,2
3,1,112,77,77,77,gdm_early,0.3,2,2
3,2,496,276,276,0,gdm_early,0.3,2,2
4,0,111,106,100,106,gdm_early,0.3,2,2
4,1,112,84,84,84,gdm_early,0.3,2,2
4,2,496,372,372,0,gdm_early,0.3,2,2
5,0,111,111,100,111,gdm_early,0.3,2,2
5,1,112,84,84,84,gdm_early,0.3,2,2
5,2,496,394,387,0,gdm_early,0.3,2,2
6,0,111,111,100,111,gdm_early,0.3,2,2
6,1,112,88,84,88,gdm_early,0.3,2,2
6,2,496,409,400,15,gdm_early,0.3,2,2
7,0,111,111,100,111,gdm_early,0.3,2,2
7,1,112,97,93,88,gdm_early,0.3,2,2
7,2,496,412,402,16,gdm_early,0.3,2,2
8,0,111,111,100,111,gdm_early,0.3,2,2
8,1,112,98,93,89,gdm_early,0.3,2,2
8,2,496,476,464,80,gdm_early,0.3,2,2
9,0,111,111,100,111,gdm_early,0.3,2,2
9,1,112,103,98,89,gdm_early,0.3,2,2
9,2,496,476,464,80,gdm_early,0.3,2,2
10,0,111,111,100,111,gdm_early,0.3,2,2
10,1,112,106,98,92,gdm_early,0.3,2,2
10,2,496,486,472,90,gdm_early,0.3,2,2
1,0,245,33,33,0,gdm_early,0.3,2,3
1,1,93,15,15,15,gdm_early,0.3,2,3
1,2,380,92,90,92,gdm_early,0.3,2,3
2,0,245,152,151,0,gdm_early,0.3,2,3
2,1,93,15,15,15,gdm_early,0.3,2,3
2,2,380,92,90,92,gdm_early,0.3,2,3
3,0,245,173,172,0,gdm_early,0.3,2,3
3,1,93,45,45,45,gdm_early,0.3,2,3
3,2,380,210,202,210,gdm_early,0.3,2,3
4,0,245,226,225,0,gdm_early,0.3,2,3
4,1,93,74,73,45,gdm_early,0.3,2,3
4,2,380,296,288,210,gdm_early,0.3,2,3
5,0,245,226,225,0,gdm_early,0.3,2,3
5,1,93,79,78,50,gdm_early,0.3,2,3
5,2,380,307,298,221,gdm_early,0.3,2,3
6,0,245,227,226,0,gdm_early,0.3,2,3
6,1,93,93,92,50,gdm_early,0.3,2,3
6,2,380,373,364,221,gdm_early,0.3,2,3
7,0,245,227,226,0,gdm_early,0.3,2,3
7,1,93,93,92,50,gdm_early,0.3,2,3
7,2,380,375,364,223,gdm_early,0.3,2,3
8,0,245,227,226,0,gdm_early,0.3,2,3
8,1,93,93,92,50,gdm_early,0.3,2,3
8,2,380,377,366,223,gdm_early,0.3,2,3
9,0,245,227,226,0,gdm_early,0.3,2,3
9,1,93,93,92,50,gdm_early,0.3,2,3
9,2,380,377,366,223,gdm_early,0.3,2,3
10,0,245,227,226,0,gdm_early,0.3,2,3
10,1,93,93,92,50,gdm_early,0.3,2,3
10,2,380,378,367,223,gdm_early,0.3,2,3
1,0,311,127,127,127,gdm_early,0.3,2,4
1,1,389,18,18,0,gdm_early,0.3,2,4
1,2,19,0,0,0,gdm_early,0.3,2,4
2,0,311,206,206,206,gdm_early,0.3,2,4
2,1,389,159,159,0,gdm_early,0.3,2,4
2,2,19,0,0,0,gdm_early,0.3,2,4
3,0,311,252,251,252,gdm_early,0.3,2,4
3,1,389,286,285,0,gdm_early,0.3,2,4
3,2,19,0,0,0,gdm_early,0.3,2,4
4,0,311,258,254,258,gdm_early,0.3,2,4
4,1,389,349,348,0,gdm_early,0.3,2,4
4,2,19,0,0,0,gdm_early,0.3,2,4
5,0,311,264,255,264,gdm_early,0.3,2,4
5,1,389,357,355,0,gdm_early,0.3,2,4
5,2,19,11,11,0,gdm_early,0.3,2,4
6,0,311,275,256,275,gdm_early,0.3,2,4
6,1,389,357,355,0,gdm_early,0.3,2,4
6,2,19,18,17,0,gdm_early,0.3,2,4
7,0,311,286,256,286,gdm_early,0.3,2,4
7,1,389,357,355,0,gdm_early,0.3,2,4
7,2,19,18,17,0,gdm_early,0.3,2,4
8,0,311,300,256,300,gdm_early,0.3,2,4
8,1,389,357,355,0,gdm_early,0.3,2,4
8,2,19,18,17,0,gdm_early,0.3,2,4
9,0,311,306,257,306,gdm_early,0.3,2,4
9,1,389,357,355,0,gdm_early,0.3,2,4
9,2,19,18,17,0,gdm_early,0.3,2,4
10,0,311,311,257,311,gdm_early,0.3,2,4
10,1,389,357,355,0,gdm_early,0.3,2,4
10,2,19,18,17,0,gdm_early,0.3,2,4
1,0,158,39,38,39,gdm_early,0.3,3,0
1,1,31,0,0,0,gdm_early,0.3,3,0
1,2,530,49,49,3,gdm_early,0.3,3,0
2,0,158,99,98,99,gdm_early,0.3,3,0
2,1,31,0,0,0,gdm_early,0.3,3,0
2,2,530,59,59,3,gdm_early,0.3,3,0
3,0,158,115,114,108,gdm_early,0.3,3,0
3,1,31,1,1,0,gdm_early,0.3,3,0
3,2,530,333,332,23,gdm_early,0.3,3,0
4,0,158,117,115,110,gdm_early,0.3,3,0
4,1,31,1,1,0,gdm_early,0.3,3,0
4,2,530,372,371,35,gdm_early,0.3,3,0
5,0,158,144,141,110,gdm_early,0.3,3,0
5,1,31,8,8,0,gdm_early,0.3,3,0
5,2,530,446,441,76,gdm_early,0.3,3,0
6,0,158,145,141,111,gdm_early,0.3,3,0
6,1,31,10,10,2,gdm_early,0.3,3,0
6,2,530,497,488,127,gdm_early,0.3,3,0
7,0,158,152,147,111,gdm_early,0.3,3,0
7,1,31,18,18,2,gdm_early,0.3,3,0
7,2,530,508,498,138,gdm_early,0.3,3,0
8,0,158,152,147,111,gdm_early,0.3,3,0
8,1,31,24,24,8,gdm_early,0.3,3,0
8,2,530,523,513,153,gdm_early,0.3,3,0
9,0,158,158,153,111,gdm_early,0.3,3,0
9,1,31,27,27,11,gdm_early,0.3,3,0
9,2,530,524,514,154,gdm_early,0.3,3,0
10,0,158,158,153,111,gdm_early,0.3,3,0
10,1,31,27,27,11,gdm_early,0.3,3,0
10,2,530,525,515,155,gdm_early,0.3,3,0
1,0,59,11,11,11,gdm_early,0.3,3,1
1,1,428,5,5,0,gdm_early,0.3,3,1
1,2,232,127,127,127,gdm_early,0.3,3,1
2,0,59,11,11,11,gdm_early,0.3,3,1
2,1,428,247,247,0,gdm_early,0.3,3,1
2,2,232,172,172,172,gdm_early,0.3,3,1
3,0,59,15,15,11,gdm_early,0.3,3,1
3,1,428,301,301,0,gdm_early,0.3,3,1
3,2,232,192,187,192,gdm_early,0.3,3,1
4,0,59,24,24,11,gdm_early,0.3,3,1
4,1,428,351,349,0,gdm_early,0.3,3,1
4,2,232,196,188,196,gdm_early,0.3,3,1
5,0,59,35,35,22,gdm_early,0.3,3,1
5,1,428,351,349,0,gdm_early,0.3,3,1
5,2,232,205,188,205,gdm_early,0.3,3,1
6,0,59,40,40,23,gdm_early,0.3,3,1
6,1,428,352,349,0,gdm_early,0.3,3,1
6,2,232,205,188,205,gdm_early,0.3,3,1
7,0,59,46,45,29,gdm_early,0.3,3,1
7,1,428,369,364,17,gdm_early,0.3,3,1
7,2,232,224,189,224,gdm_early,0.3,3,1
8,0,59,53,52,29,gdm_early,0.3,3,1
8,1,428,371,366,17,gdm_early,0.3,3,1
8,2,232,224,189,224,gdm_early,0.3,3,1
9,0,59,54,53,30,gdm_early,0.3,3,1
9,1,428,403,395,49,gdm_early,0.3,3,1
9,2,232,232,189,232,gdm_early,0.3,3,1
10,0,59,57,56,30,gdm_early,0.3,3,1
10,1,428,403,395,49,gdm_early,0.3,3,1
10,2,232,232,189,232,gdm_early,0.3,3,1
1,0,107,40,40,40,gdm_early,0.3,3,2
1,1,194,0,0,0,gdm_early,0.3,3,2
1,2,419,37,36,37,gdm_early,0.3,3,2
2,0,107,96,96,96,gdm_early,0.3,3,2
2,1,194,69,69,0,gdm_early,0.3,3,2
2,2,419,64,63,54,gdm_early,0.3,3,2
3,0,107,102,99,102,gdm_early,0.3,3,2
3,1,194,171,171,0,gdm_early,0.3,3,2
3,2,419,245,242,93,gdm_early,0.3,3,2
4,0,107,106,99,106,gdm_early,0.3,3,2
4,1,194,183,183,0,gdm_early,0.3,3,2
4,2,419,292,288,95,gdm_early,0.3,3,2
5,0,107,107,99,107,gdm_early,0.3,3,2
5,1,194,184,183,0,gdm_early,0.3,3,2
5,2,419,364,359,145,gdm_early,0.3,3,2
6,0,107,107,99,107,gdm_early,0.3,3,2
6,1,194,184,183,0,gdm_early,0.3,3,2
6,2,419,381,375,147,gdm_early,0.3,3,2
7,0,107,107,99,107,gdm_early,0.3,3,2
7,1,194,184,183,0,gdm_early,0.3,3,2
7,2,419,395,388,161,gdm_early,0.3,3,2
8,0,107,107,99,107,gdm_early,0.3,3,2
8,1,194,184,183,0,gdm_early,0.3,3,2
8,2,419,400,392,164,gdm_early,0.3,3,2
9,0,107,107,99,107,gdm_early,0.3,3,2
9,1,194,184,183,0,gdm_early,0.3,3,2
9,2,419,406,396,170,gdm_early,0.3,3,2
10,0,107,107,99,107,gdm_early,0.3,3,2
10,1,194,184,183,0,gdm_early,0.3,3,2
10,2,419,406,396,170,gdm_early,0.3,3,2
1,0,156,109,109,109,gdm_early,0.3,3,3
1,1,427,9,8,9,gdm_early,0.3,3,3
1,2,135,19,19,0,gdm_early,0.3,3,3
2,0,156,145,145,145,gdm_early,0.3,3,3
2,1,427,10,9,10,gdm_early,0.3,3,3
2,2,135,81,81,0,gdm_early,0.3,3,3
3,0,156,154,145,154,gdm_early,0.3,3,3
3,1,427,110,107,50,gdm_early,0.3,3,3
3,2,135,119,119,0,gdm_early,0.3,3,3
4,0,156,154,145,154,gdm_early,0.3,3,3
4,1,427,232,226,77,gdm_early,0.3,3,3
4,2,135,131,131,0,gdm_early,0.3,3,3
5,0,156,154,145,154,gdm_early,0.3,3,3
5,1,427,314,308,103,gdm_early,0.3,3,3
5,2,135,133,133,0,gdm_early,0.3,3,3
6,0,156,154,145,154,gdm_early,0.3,3,3
6,1,427,385,377,132,gdm_early,0.3,3,3
6,2,135,133,133,0,gdm_early,0.3,3,3
7,0,156,155,146,155,gdm_early,0.3,3,3
7,1,427,417,408,138,gdm_early,0.3,3,3
7,2,135,133,133,0,gdm_early,0.3,3,3
8,0,156,155,146,155,gdm_early,0.3,3,3
8,1,427,421,412,138,gdm_early,0.3,3,3
8,2,135,133,133,0,gdm_early,0.3,3,3
9,0,156,156,146,156,gdm_early,0.3,3,3
9,1,427,423,413,138,gdm_early,0.3,3,3
9,2,135,133,133,0,gdm_early,0.3,3,3
10,0,156,156,146,156,gdm_early,0.3,3,3
10,1,427,423,413,138,gdm_early,0.3,3,3
10,2,135,133,133,0,gdm_early,0.3,3,3
1,0,144,10,10,10,gdm_early,0.3,3,4
1,1,40,0,0,0,gdm_early,0.3,3,4
1,2,537,27,27,24,gdm_early,0.3,3,4
2,0,144,10,10,10,gdm_early,0.3,3,4
2,1,40,0,0,0,gdm_early,0.3,3,4
2,2,537,31,31,24,gdm_early,0.3,3,4
3,0,144,80,79,33,gdm_early,0.3,3,4
3,1,40,0,0,0,gdm_early,0.3,3,4
3,2,537,224,224,61,gdm_early,0.3,3,4
4,0,144,115,114,33,gdm_early,0.3,3,4
4,1,40,1,1,0,gdm_early,0.3,3,4
4,2,537,367,366,78,gdm_early,0.3,3,4
5,0,144,125,123,43,gdm_early,0.3,3,4
5,1,40,5,5,0,gdm_early,0.3,3,4
5,2,537,408,405,84,gdm_early,0.3,3,4
6,0,144,139,137,57,gdm_early,0.3,3,4
6,1,40,32,31,20,gdm_early,0.3,3,4
6,2,537,480,474,152,gdm_early,0.3,3,4
7,0,144,140,138,58,gdm_early,0.3,3,4
7,1,40,32,31,20,gdm_early,0.3,3,4
7,2,537,507,501,179,gdm_early,0.3,3,4
8,0,144,141,138,58,gdm_early,0.3,3,4
8,1,40,34,33,20,gdm_early,0.3,3,4
8,2,537,527,519,199,gdm_early,0.3,3,4
9,0,144,141,138,58,gdm_early,0.3,3,4
9,1,40,37,36,20,gdm_early,0.3,3,4
9,2,537,529,521,201,gdm_early,0.3,3,4
10,0,144,142,139,59,gdm_early,0.3,3,4
10,1,40,37,36,20,gdm_early,0.3,3,4
10,2,537,530,521,202,gdm_early,0.3,3,4
1,0,309,1,1,0,gdm_early,0.3,4,1
1,1,187,24,24,0,gdm_early,0.3,4,1
1,2,223,84,84,84,gdm_early,0.3,4,1
2,0,309,3,3,0,gdm_early,0.3,4,1
2,1,187,96,96,0,gdm_early,0.3,4,1
2,2,223,176,174,176,gdm_early,0.3,4,1
3,0,309,179,178,8,gdm_early,0.3,4,1
3,1,187,154,154,0,gdm_early,0.3,4,1
3,2,223,184,182,184,gdm_early,0.3,4,1
4,0,309,228,226,42,gdm_early,0.3,4,1
4,1,187,164,164,0,gdm_early,0.3,4,1
4,2,223,191,183,191,gdm_early,0.3,4,1
5,0,309,268,265,50,gdm_early,0.3,4,1
5,1,187,167,167,0,gdm_early,0.3,4,1
5,2,223,202,184,202,gdm_early,0.3,4,1
6,0,309,282,277,64,gdm_early,0.3,4,1
6,1,187,167,167,0,gdm_early,0.3,4,1
6,2,223,213,184,213,gdm_early,0.3,4,1
7,0,309,284,279,64,gdm_early,0.3,4,1
7,1,187,167,167,0,gdm_early,0.3,4,1
7,2,223,213,184,213,gdm_early,0.3,4,1
8,0,309,300,294,80,gdm_early,0.3,4,1
8,1,187,167,167,0,gdm_early,0.3,4,1
8,2,223,219,184,219,gdm_early,0.3,4,1
9,0,309,301,295,80,gdm_early,0.3,4,1
9,1,187,167,167,0,gdm_early,0.3,4,1
9,2,223,219,184,219,gdm_early,0.3,4,1
10,0,309,303,296,82,gdm_early,0.3,4,1
10,1,187,167,167,0,gdm_early,0.3,4,1
10,2,223,219,184,219,gdm_early,0.3,4,1
1,0,12,0,0,0,gdm_early,0.3,4,0
1,1,269,228,227,228,gdm_early,0.3,4,0
1,2,438,12,12,0,gdm_early,0.3,4,0
2,0,12,0,0,0,gdm_early,0.3,4,0
2,1,269,267,263,267,gdm_early,0.3,4,0
2,2,438,315,315,0,gdm_early,0.3,4,0
3,0,12,0,0,0,gdm_early,0.3,4,0
3,1,269,268,263,268,gdm_early,0.3,4,0
3,2,438,375,375,0,gdm_early,0.3,4,0
4,0,12,0,0,0,gdm_early,0.3,4,0
4,1,269,268,263,268,gdm_early,0.3,4,0
4,2,438,419,418,0,gdm_early,0.3,4,0
5,0,12,0,0,0,gdm_early,0.3,4,0
5,1,269,268,263,268,gdm_early,0.3,4,0
5,2,438,424,422,0,gdm_early,0.3,4,0
6,0,12,5,5,5,gdm_early,0.3,4,0
6,1,269,268,263,268,gdm_early,0.3,4,0
6,2,438,424,422,0,gdm_early,0.3,4,0
7,0,12,5,5,5,gdm_early,0.3,4,0
7,1,269,268,263,268,gdm_early,0.3,4,0
7,2,438,424,422,0,gdm_early,0.3,4,0
8,0,12,5,5,5,gdm_early,0.3,4,0
8,1,269,268,263,268,gdm_early,0.3,4,0
8,2,438,424,422,0,gdm_early,0.3,4,0
9,0,12,5,5,5,gdm_early,0.3,4,0
9,1,269,268,263,268,gdm_early,0.3,4,0
9,2,438,424,422,0,gdm_early,0.3,4,0
10,0,12,5,5,5,gdm_early,0.3,4,0
10,1,269,268,263,268,gdm_early,0.3,4,0
10,2,438,424,422,0,gdm_early,0.3,4,0
1,0,253,10,10,0,gdm_early,0.3,4,2
1,1,275,40,40,40,gdm_early,0.3,4,2
1,2,192,69,69,69,gdm_early,0.3,4,2
2,0,253,155,154,0,gdm_early,0.3,4,2
2,1,275,41,41,41,gdm_early,0.3,4,2
2,2,192,97,97,97,gdm_early,0.3,4,2
3,0,253,185,184,0,gdm_early,0.3,4,2
3,1,275,107,105,48,gdm_early,0.3,4,2
3,2,192,140,138,140,gdm_early,0.3,4,2
4,0,253,225,224,0,gdm_early,0.3,4,2
4,1,275,188,185,48,gdm_early,0.3,4,2
4,2,192,140,138,140,gdm_early,0.3,4,2
5,0,253,225,224,0,gdm_early,0.3,4,2
5,1,275,215,210,67,gdm_early,0.3,4,2
5,2,192,145,138,145,gdm_early,0.3,4,2
6,0,253,225,224,0,gdm_early,0.3,4,2
6,1,275,252,244,99,gdm_early,0.3,4,2
6,2,192,155,139,155,gdm_early,0.3,4,2
7,0,253,225,224,0,gdm_early,0.3,4,2
7,1,275,260,252,107,gdm_early,0.3,4,2
7,2,192,161,139,161,gdm_early,0.3,4,2
8,0,253,226,224,0,gdm_early,0.3,4,2
8,1,275,263,254,109,gdm_early,0.3,4,2
8,2,192,169,139,169,gdm_early,0.3,4,2
9,0,253,226,224,0,gdm_early,0.3,4,2
9,1,275,264,255,110,gdm_early,0.3,4,2
9,2,192,172,139,172,gdm_early,0.3,4,2
10,0,253,226,224,0,gdm_early,0.3,4,2
10,1,275,267,258,112,gdm_early,0.3,4,2
10,2,192,173,139,173,gdm_early,0.3,4,2
1,0,83,0,0,0,gdm_early,0.3,4,3
1,1,225,80,78,80,gdm_early,0.3,4,3
1,2,410,12,12,0,gdm_early,0.3,4,3
2,0,83,0,0,0,gdm_early,0.3,4,3
2,1,225,132,130,132,gdm_early,0.3,4,3
2,2,410,19,19,0,gdm_early,0.3,4,3
3,0,83,45,45,0,gdm_early,0.3,4,3
3,1,225,166,163,159,gdm_early,0.3,4,3
3,2,410,236,235,4,gdm_early,0.3,4,3
4,0,83,53,53,0,gdm_early,0.3,4,3
4,1,225,171,168,164,gdm_early,0.3,4,3
4,2,410,286,284,7,gdm_early,0.3,4,3
5,0,83,68,67,0,gdm_early,0.3,4,3
5,1,225,183,180,164,gdm_early,0.3,4,3
5,2,410,320,312,16,gdm_early,0.3,4,3
6,0,83,68,67,0,gdm_early,0.3,4,3
6,1,225,183,180,164,gdm_early,0.3,4,3
6,2,410,361,348,57,gdm_early,0.3,4,3
7,0,83,68,67,0,gdm_early,0.3,4,3
7,1,225,189,186,164,gdm_early,0.3,4,3
7,2,410,369,356,65,gdm_early,0.3,4,3
8,0,83,68,67,0,gdm_early,0.3,4,3
8,1,225,189,186,164,gdm_early,0.3,4,3
8,2,410,400,384,96,gdm_early,0.3,4,3
9,0,83,68,67,0,gdm_early,0.3,4,3
9,1,225,205,202,164,gdm_early,0.3,4,3
9,2,410,401,384,96,gdm_early,0.3,4,3
10,0,83,74,73,6,gdm_early,0.3,4,3
10,1,225,205,202,164,gdm_early,0.3,4,3
10,2,410,403,385,98,gdm_early,0.3,4,3
1,0,80,2,2,0,gdm_early,0.3,4,4
1,1,455,36,36,9,gdm_early,0.3,4,4
1,2,184,104,104,104,gdm_early,0.3,4,4
2,0,80,38,38,0,gdm_early,0.3,4,4
2,1,455,39,39,9,gdm_early,0.3,4,4
2,2,184,159,159,159,gdm_early,0.3,4,4
3,0,80,58,58,0,gdm_early,0.3,4,4
3,1,455,235,234,17,gdm_early,0.3,4,4
3,2,184,166,163,166,gdm_early,0.3,4,4
4,0,80,64,64,0,gdm_early,0.3,4,4
4,1,455,323,322,25,gdm_early,0.3,4,4
4,2,184,173,163,173,gdm_early,0.3,4,4
5,0,80,68,68,0,gdm_early,0.3,4,4
5,1,455,372,371,38,gdm_early,0.3,4,4
5,2,184,175,164,175,gdm_early,0.3,4,4
6,0,80,68,68,0,gdm_early,0.3,4,4
6,1,455,410,405,75,gdm_early,0.3,4,4
6,2,184,181,164,181,gdm_early,0.3,4,4
7,0,80,68,68,0,gdm_early,0.3,4,4
7,1,455,411,406,75,gdm_early,0.3,4,4
7,2,184,181,164,181,gdm_early,0.3,4,4
8,0,80,68,68,0,gdm_early,0.3,4,4
8,1,455,435,428,99,gdm_early,0.3,4,4
8,2,184,181,164,181,gdm_early,0.3,4,4
9,0,80,68,68,0,gdm_early,0.3,4,4
9,1,455,436,428,99,gdm_early,0.3,4,4
9,2,184,181,164,181,gdm_early,0.3,4,4
10,0,80,68,68,0,gdm_early,0.3,4,4
10,1,455,441,433,104,gdm_early,0.3,4,4
10,2,184,183,164,183,gdm_early,0.3,4,4
1,0,45,0,0,0,gdm_early,0.3,5,0
1,1,511,111,110,111,gdm_early,0.3,5,0
1,2,164,0,0,0,gdm_early,0.3,5,0
2,0,45,0,0,0,gdm_early,0.3,5,0
2,1,511,139,138,111,gdm_early,0.3,5,0
2,2,164,80,80,0,gdm_early,0.3,5,0
3,0,45,15,15,0,gdm_early,0.3,5,0
3,1,511,282,278,239,gdm_early,0.3,5,0
3,2,164,107,107,0,gdm_early,0.3,5,0
4,0,45,26,25,0,gdm_early,0.3,5,0
4,1,511,423,418,239,gdm_early,0.3,5,0
4,2,164,139,139,0,gdm_early,0.3,5,0
5,0,45,30,29,2,gdm_early,0.3,5,0
5,1,511,446,437,262,gdm_early,0.3,5,0
5,2,164,147,147,0,gdm_early,0.3,5,0
6,0,45,38,34,2,gdm_early,0.3,5,0
6,1,511,446,437,262,gdm_early,0.3,5,0
6,2,164,148,147,0,gdm_early,0.3,5,0
7,0,45,39,34,3,gdm_early,0.3,5,0
7,1,511,488,478,262,gdm_early,0.3,5,0
7,2,164,149,148,0,gdm_early,0.3,5,0
8,0,45,39,34,3,gdm_early,0.3,5,0
8,1,511,491,481,262,gdm_early,0.3,5,0
8,2,164,149,148,0,gdm_early,0.3,5,0
9,0,45,39,34,3,gdm_early,0.3,5,0
9,1,511,492,482,263,gdm_early,0.3,5,0
9,2,164,149,148,0,gdm_early,0.3,5,0
10,0,45,39,34,3,gdm_early,0.3,5,0
10,1,511,499,489,263,gdm_early,0.3,5,0
10,2,164,150,148,0,gdm_early,0.3,5,0
1,0,160,30,30,30,gdm_early,0.3,5,1
1,1,234,6,6,0,gdm_early,0.3,5,1
1,2,325,48,48,48,gdm_early,0.3,5,1
2,0,160,30,30,30,gdm_early,0.3,5,1
2,1,234,8,8,0,gdm_early,0.3,5,1
2,2,325,48,48,48,gdm_early,0.3,5,1
3,0,160,80,79,79,gdm_early,0.3,5,1
3,1,234,111,111,0,gdm_early,0.3,5,1
3,2,325,157,157,71,gdm_early,0.3,5,1
4,0,160,96,94,95,gdm_early,0.3,5,1
4,1,234,161,161,0,gdm_early,0.3,5,1
4,2,325,215,215,71,gdm_early,0.3,5,1
5,0,160,111,109,95,gdm_early,0.3,5,1
5,1,234,191,190,9,gdm_early,0.3,5,1
5,2,325,264,263,85,gdm_early,0.3,5,1
6,0,160,113,111,96,gdm_early,0.3,5,1
6,1,234,199,197,17,gdm_early,0.3,5,1
6,2,325,279,278,96,gdm_early,0.3,5,1
7,0,160,113,111,96,gdm_early,0.3,5,1
7,1,234,210,207,28,gdm_early,0.3,5,1
7,2,325,308,305,125,gdm_early,0.3,5,1
8,0,160,138,136,96,gdm_early,0.3,5,1
8,1,234,215,211,33,gdm_early,0.3,5,1
8,2,325,314,309,131,gdm_early,0.3,5,1
9,0,160,138,136,96,gdm_early,0.3,5,1
9,1,234,223,218,41,gdm_early,0.3,5,1
9,2,325,323,318,140,gdm_early,0.3,5,1
10,0,160,140,138,96,gdm_early,0.3,5,1
10,1,234,229,224,47,gdm_early,0.3,5,1
10,2,325,324,318,140,gdm_early,0.3,5,1
1,0,266,6,5,6,gdm_early,0.3,5,2
1,1,105,6,6,6,gdm_early,0.3,5,2
1,2,348,61,61,61,gdm_early,0.3,5,2
2,0,266,10,9,10,gdm_early,0.3,5,2
2,1,105,6,6,6,gdm_early,0.3,5,2
2,2,348,100,100,61,gdm_early,0.3,5,2
3,0,266,104,100,26,gdm_early,0.3,5,2
3,1,105,46,46,6,gdm_early,0.3,5,2
3,2,348,222,221,85,gdm_early,0.3,5,2
4,0,266,207,202,56,gdm_early,0.3,5,2
4,1,105,60,59,6,gdm_early,0.3,5,2
4,2,348,271,268,85,gdm_early,0.3,5,2
5,0,266,233,227,60,gdm_early,0.3,5,2
5,1,105,78,75,20,gdm_early,0.3,5,2
5,2,348,316,311,129,gdm_early,0.3,5,2
6,0,266,252,245,76,gdm_early,0.3,5,2
6,1,105,94,90,36,gdm_early,0.3,5,2
6,2,348,332,327,144,gdm_early,0.3,5,2
7,0,266,259,251,83,gdm_early,0.3,5,2
7,1,105,97,93,39,gdm_early,0.3,5,2
7,2,348,333,328,145,gdm_early,0.3,5,2
8,0,266,263,254,85,gdm_early,0.3,5,2
8,1,105,103,99,45,gdm_early,0.3,5,2
8,2,348,341,334,153,gdm_early,0.3,5,2
9,0,266,263,254,85,gdm_early,0.3,5,2
9,1,105,104,99,46,gdm_early,0.3,5,2
9,2,348,343,335,154,gdm_early,0.3,5,2
10,0,266,263,254,85,gdm_early,0.3,5,2
10,1,105,104,99,46,gdm_early,0.3,5,2
10,2,348,344,336,155,gdm_early,0.3,5,2
1,0,75,0,0,0,gdm_early,0.3,5,3
1,1,235,37,36,37,gdm_early,0.3,5,3
1,2,408,59,59,59,gdm_early,0.3,5,3
2,0,75,10,10,0,gdm_early,0.3,5,3
2,1,235,48,47,39,gdm_early,0.3,5,3
2,2,408,82,82,59,gdm_early,0.3,5,3
3,0,75,24,24,0,gdm_early,0.3,5,3
3,1,235,130,129,67,gdm_early,0.3,5,3
3,2,408,223,223,76,gdm_early,0.3,5,3
4,0,75,37,37,0,gdm_early,0.3,5,3
4,1,235,149,148,67,gdm_early,0.3,5,3
4,2,408,297,295,91,gdm_early,0.3,5,3
5,0,75,44,44,0,gdm_early,0.3,5,3
5,1,235,196,194,101,gdm_early,0.3,5,3
5,2,408,326,324,94,gdm_early,0.3,5,3
6,0,75,61,61,0,gdm_early,0.3,5,3
6,1,235,222,220,106,gdm_early,0.3,5,3
6,2,408,357,354,125,gdm_early,0.3,5,3
7,0,75,66,65,0,gdm_early,0.3,5,3
7,1,235,231,229,107,gdm_early,0.3,5,3
7,2,408,397,388,165,gdm_early,0.3,5,3
8,0,75,67,66,0,gdm_early,0.3,5,3
8,1,235,231,229,107,gdm_early,0.3,5,3
8,2,408,399,390,167,gdm_early,0.3,5,3
9,0,75,67,66,0,gdm_early,0.3,5,3
9,1,235,232,229,107,gdm_early,0.3,5,3
9,2,408,399,390,167,gdm_early,0.3,5,3
10,0,75,67,66,0,gdm_early,0.3,5,3
10,1,235,232,229,107,gdm_early,0.3,5,3
10,2,408,399,390,167,gdm_early,0.3,5,3
1,0,400,32,32,0,gdm_early,0.3,5,4
1,1,28,0,0,0,gdm_early,0.3,5,4
1,2,292,202,202,202,gdm_early,0.3,5,4
2,0,400,329,327,0,gdm_early,0.3,5,4
2,1,28,0,0,0,gdm_early,0.3,5,4
2,2,292,260,259,260,gdm_early,0.3,5,4
3,0,400,382,379,0,gdm_early,0.3,5,4
3,1,28,0,0,0,gdm_early,0.3,5,4
3,2,292,272,262,272,gdm_early,0.3,5,4
4,0,400,386,382,0,gdm_early,0.3,5,4
4,1,28,10,10,0,gdm_early,0.3,5,4
4,2,292,287,263,287,gdm_early,0.3,5,4
5,0,400,387,383,0,gdm_early,0.3,5,4
5,1,28,21,19,0,gdm_early,0.3,5,4
5,2,292,292,263,292,gdm_early,0.3,5,4
6,0,400,387,383,0,gdm_early,0.3,5,4
6,1,28,27,25,3,gdm_early,0.3,5,4
6,2,292,292,263,292,gdm_early,0.3,5,4
7,0,400,387,383,0,gdm_early,0.3,5,4
7,1,28,27,25,3,gdm_early,0.3,5,4
7,2,292,292,263,292,gdm_early,0.3,5,4
8,0,400,387,383,0,gdm_early,0.3,5,4
8,1,28,27,25,3,gdm_early,0.3,5,4
8,2,292,292,263,292,gdm_early,0.3,5,4
9,0,400,387,383,0,gdm_early,0.3,5,4
9,1,28,27,25,3,gdm_early,0.3,5,4
9,2,292,292,263,292,gdm_early,0.3,5,4
10,0,400,387,383,0,gdm_early,0.3,5,4
10,1,28,27,25,3,gdm_early,0.3,5,4
10,2,292,292,263,292,gdm_early,0.3,5,4
1,0,119,6,6,0,gdm_early,0.3,6,0
1,1,280,198,198,198,gdm_early,0.3,6,0
1,2,320,31,31,0,gdm_early,0.3,6,0
2,0,119,45,45,0,gdm_early,0.3,6,0
2,1,280,262,257,262,gdm_early,0.3,6,0
2,2,320,225,224,0,gdm_early,0.3,6,0
3,0,119,50,50,0,gdm_early,0.3,6,0
3,1,280,277,263,277,gdm_early,0.3,6,0
3,2,320,303,301,0,gdm_early,0.3,6,0
4,0,119,70,70,1,gdm_early,0.3,6,0
4,1,280,280,263,280,gdm_early,0.3,6,0
4,2,320,318,314,0,gdm_early,0.3,6,0
5,0,119,86,86,2,gdm_early,0.3,6,0
5,1,280,280,263,280,gdm_early,0.3,6,0
5,2,320,318,314,0,gdm_early,0.3,6,0
6,0,119,109,109,7,gdm_early,0.3,6,0
6,1,280,280,263,280,gdm_early,0.3,6,0
6,2,320,318,314,0,gdm_early,0.3,6,0
7,0,119,115,114,9,gdm_early,0.3,6,0
7,1,280,280,263,280,gdm_early,0.3,6,0
7,2,320,318,314,0,gdm_early,0.3,6,0
8,0,119,115,114,9,gdm_early,0.3,6,0
8,1,280,280,263,280,gdm_early,0.3,6,0
8,2,320,318,314,0,gdm_early,0.3,6,0
9,0,119,115,114,9,gdm_early,0.3,6,0
9,1,280,280,263,280,gdm_early,0.3,6,0
9,2,320,318,314,0,gdm_early,0.3,6,0
10,0,119,116,114,9,gdm_early,0.3,6,0
10,1,280,280,263,280,gdm_early,0.3,6,0
10,2,320,318,314,0,gdm_early,0.3,6,0
1,0,8,0,0,0,gdm_early,0.3,6,1
1,1,506,49,48,48,gdm_early,0.3,6,1
1,2,205,60,59,60,gdm_early,0.3,6,1
2,0,8,0,0,0,gdm_early,0.3,6,1
2,1,506,50,49,48,gdm_early,0.3,6,1
2,2,205,60,59,60,gdm_early,0.3,6,1
3,0,8,0,0,0,gdm_early,0.3,6,1
3,1,506,153,151,62,gdm_early,0.3,6,1
3,2,205,135,132,108,gdm_early,0.3,6,1
4,0,8,0,0,0,gdm_early,0.3,6,1
4,1,506,354,349,62,gdm_early,0.3,6,1
4,2,205,163,159,108,gdm_early,0.3,6,1
5,0,8,0,0,0,gdm_early,0.3,6,1
5,1,506,395,389,86,gdm_early,0.3,6,1
5,2,205,174,170,119,gdm_early,0.3,6,1
6,0,8,0,0,0,gdm_early,0.3,6,1
6,1,506,435,427,93,gdm_early,0.3,6,1
6,2,205,199,194,119,gdm_early,0.3,6,1
7,0,8,5,5,5,gdm_early,0.3,6,1
7,1,506,473,464,131,gdm_early,0.3,6,1
7,2,205,200,195,120,gdm_early,0.3,6,1
8,0,8,5,5,5,gdm_early,0.3,6,1
8,1,506,476,466,131,gdm_early,0.3,6,1
8,2,205,202,195,120,gdm_early,0.3,6,1
9,0,8,7,5,7,gdm_early,0.3,6,1
9,1,506,496,482,151,gdm_early,0.3,6,1
9,2,205,202,195,120,gdm_early,0.3,6,1
10,0,8,7,5,7,gdm_early,0.3,6,1
10,1,506,496,482,151,gdm_early,0.3,6,1
10,2,205,202,195,120,gdm_early,0.3,6,1
1,0,380,0,0,0,gdm_early,0.3,6,2
1,1,274,66,66,66,gdm_early,0.3,6,2
1,2,65,26,26,26,gdm_early,0.3,6,2
2,0,380,212,212,0,gdm_early,0.3,6,2
2,1,274,105,103,105,gdm_early,0.3,6,2
2,2,65,64,64,64,gdm_early,0.3,6,2
3,0,380,308,307,0,gdm_early,0.3,6,2
3,1,274,186,183,186,gdm_early,0.3,6,2
3,2,65,64,64,64,gdm_early,0.3,6,2
4,0,380,356,354,0,gdm_early,0.3,6,2
4,1,274,190,187,190,gdm_early,0.3,6,2
4,2,65,65,64,65,gdm_early,0.3,6,2
5,0,380,359,357,0,gdm_early,0.3,6,2
5,1,274,205,200,205,gdm_early,0.3,6,2
5,2,65,65,64,65,gdm_early,0.3,6,2
6,0,380,359,357,0,gdm_early,0.3,6,2
6,1,274,210,200,210,gdm_early,0.3,6,2
6,2,65,65,64,65,gdm_early,0.3,6,2
7,0,380,359,357,0,gdm_early,0.3,6,2
7,1,274,226,200,226,gdm_early,0.3,6,2
7,2,65,65,64,65,gdm_early,0.3,6,2
8,0,380,359,357,0,gdm_early,0.3,6,2
8,1,274,227,200,227,gdm_early,0.3,6,2
8,2,65,65,64,65,gdm_early,0.3,6,2
9,0,380,359,357,0,gdm_early,0.3,6,2
9,1,274,236,200,236,gdm_early,0.3,6,2
9,2,65,65,64,65,gdm_early,0.3,6,2
10,0,380,359,357,0,gdm_early,0.3,6,2
10,1,274,236,200,236,gdm_early,0.3,6,2
10,2,65,65,64,65,gdm_early,0.3,6,2
1,0,491,51,51,51,gdm_early,0.3,6,3
1,1,104,4,4,0,gdm_early,0.3,6,3
1,2,124,27,27,27,gdm_early,0.3,6,3
2,0,491,55,55,51,gdm_early,0.3,6,3
2,1,104,44,44,0,gdm_early,0.3,6,3
2,2,124,27,27,27,gdm_early,0.3,6,3
3,0,491,264,260,87,gdm_early,0.3,6,3
3,1,104,62,61,0,gdm_early,0.3,6,3
3,2,124,70,70,60,gdm_early,0.3,6,3
4,0,491,307,303,87,gdm_early,0.3,6,3
4,1,104,86,85,0,gdm_early,0.3,6,3
4,2,124,81,81,66,gdm_early,0.3,6,3
5,0,491,424,416,142,gdm_early,0.3,6,3
5,1,104,89,88,0,gdm_early,0.3,6,3
5,2,124,83,83,67,gdm_early,0.3,6,3
6,0,491,437,427,154,gdm_early,0.3,6,3
6,1,104,89,88,0,gdm_early,0.3,6,3
6,2,124,106,105,67,gdm_early,0.3,6,3
7,0,491,480,469,195,gdm_early,0.3,6,3
7,1,104,90,89,1,gdm_early,0.3,6,3
7,2,124,106,105,67,gdm_early,0.3,6,3
8,0,491,483,472,198,gdm_early,0.3,6,3
8,1,104,94,92,5,gdm_early,0.3,6,3
8,2,124,115,114,67,gdm_early,0.3,6,3
9,0,491,484,472,198,gdm_early,0.3,6,3
9,1,104,97,95,8,gdm_early,0.3,6,3
9,2,124,120,119,67,gdm_early,0.3,6,3
10,0,491,486,473,200,gdm_early,0.3,6,3
10,1,104,97,95,8,gdm_early,0.3,6,3
10,2,124,120,119,67,gdm_early,0.3,6,3
1,0,237,52,52,52,gdm_early,0.3,6,4
1,1,51,0,0,0,gdm_early,0.3,6,4
1,2,432,1,1,1,gdm_early,0.3,6,4
2,0,237,66,64,66,gdm_early,0.3,6,4
2,1,51,0,0,0,gdm_early,0.3,6,4
2,2,432,1,1,1,gdm_early,0.3,6,4
3,0,237,163,160,114,gdm_early,0.3,6,4
3,1,51,0,0,0,gdm_early,0.3,6,4
3,2,432,157,157,24,gdm_early,0.3,6,4
4,0,237,187,183,138,gdm_early,0.3,6,4
4,1,51,5,5,0,gdm_early,0.3,6,4
4,2,432,181,180,26,gdm_early,0.3,6,4
5,0,237,218,213,138,gdm_early,0.3,6,4
5,1,51,24,24,17,gdm_early,0.3,6,4
5,2,432,346,341,47,gdm_early,0.3,6,4
6,0,237,224,216,144,gdm_early,0.3,6,4
6,1,51,39,39,19,gdm_early,0.3,6,4
6,2,432,406,399,107,gdm_early,0.3,6,4
7,0,237,232,224,144,gdm_early,0.3,6,4
7,1,51,44,44,20,gdm_early,0.3,6,4
7,2,432,409,402,107,gdm_early,0.3,6,4
8,0,237,232,224,144,gdm_early,0.3,6,4
8,1,51,46,46,21,gdm_early,0.3,6,4
8,2,432,420,411,118,gdm_early,0.3,6,4
9,0,237,235,227,145,gdm_early,0.3,6,4
9,1,51,46,46,21,gdm_early,0.3,6,4
9,2,432,421,412,118,gdm_early,0.3,6,4
10,0,237,235,227,145,gdm_early,0.3,6,4
10,1,51,46,46,21,gdm_early,0.3,6,4
10,2,432,423,414,120,gdm_early,0.3,6,4
1,0,68,0,0,0,gdm_early,0.3,7,0
1,1,176,27,27,27,gdm_early,0.3,7,0
1,2,476,19,19,19,gdm_early,0.3,7,0
2,0,68,23,23,0,gdm_early,0.3,7,0
2,1,176,29,29,27,gdm_early,0.3,7,0
2,2,476,19,19,19,gdm_early,0.3,7,0
3,0,68,59,58,0,gdm_early,0.3,7,0
3,1,176,103,101,77,gdm_early,0.3,7,0
3,2,476,68,68,28,gdm_early,0.3,7,0
4,0,68,65,63,0,gdm_early,0.3,7,0
4,1,176,130,127,81,gdm_early,0.3,7,0
4,2,476,292,290,95,gdm_early,0.3,7,0
5,0,68,66,64,0,gdm_early,0.3,7,0
5,1,176,152,148,101,gdm_early,0.3,7,0
5,2,476,379,375,95,gdm_early,0.3,7,0
6,0,68,66,64,0,gdm_early,0.3,7,0
6,1,176,154,149,103,gdm_early,0.3,7,0
6,2,476,393,389,108,gdm_early,0.3,7,0
7,0,68,66,64,0,gdm_early,0.3,7,0
7,1,176,155,150,103,gdm_early,0.3,7,0
7,2,476,423,418,138,gdm_early,0.3,7,0
8,0,68,66,64,0,gdm_early,0.3,7,0
8,1,176,162,157,103,gdm_early,0.3,7,0
8,2,476,449,439,164,gdm_early,0.3,7,0
9,0,68,66,64,0,gdm_early,0.3,7,0
9,1,176,166,161,103,gdm_early,0.3,7,0
9,2,476,469,457,184,gdm_early,0.3,7,0
10,0,68,66,64,0,gdm_early,0.3,7,0
10,1,176,175,170,103,gdm_early,0.3,7,0
10,2,476,469,457,184,gdm_early,0.3,7,0
1,0,277,81,78,81,gdm_early,0.3,7,1
1,1,393,0,0,0,gdm_early,0.3,7,1
1,2,49,28,28,28,gdm_early,0.3,7,1
2,0,277,81,78,81,gdm_early,0.3,7,1
2,1,393,0,0,0,gdm_early,0.3,7,1
2,2,49,37,37,37,gdm_early,0.3,7,1
3,0,277,150,144,107,gdm_early,0.3,7,1
3,1,393,152,151,15,gdm_early,0.3,7,1
3,2,49,41,41,41,gdm_early,0.3,7,1
4,0,277,210,203,107,gdm_early,0.3,7,1
4,1,393,295,293,15,gdm_early,0.3,7,1
4,2,49,46,41,46,gdm_early,0.3,7,1
5,0,277,245,238,142,gdm_early,0.3,7,1
5,1,393,359,354,73,gdm_early,0.3,7,1
5,2,49,49,42,49,gdm_early,0.3,7,1
6,0,277,265,258,142,gdm_early,0.3,7,1
6,1,393,363,357,73,gdm_early,0.3,7,1
6,2,49,49,42,49,gdm_early,0.3,7,1
7,0,277,268,261,145,gdm_early,0.3,7,1
7,1,393,365,359,75,gdm_early,0.3,7,1
7,2,49,49,42,49,gdm_early,0.3,7,1
8,0,277,268,261,145,gdm_early,0.3,7,1
8,1,393,367,359,75,gdm_early,0.3,7,1
8,2,49,49,42,49,gdm_early,0.3,7,1
9,0,277,268,261,145,gdm_early,0.3,7,1
9,1,393,378,370,86,gdm_early,0.3,7,1
9,2,49,49,42,49,gdm_early,0.3,7,1
10,0,277,268,261,145,gdm_early,0.3,7,1
10,1,393,380,371,86,gdm_early,0.3,7,1
10,2,49,49,42,49,gdm_early,0.3,7,1
1,0,336,10,10,0,gdm_early,0.3,7,2
1,1,23,0,0,0,gdm_early,0.3,7,2
1,2,360,41,40,41,gdm_early,0.3,7,2
2,0,336,20,20,0,gdm_early,0.3,7,2
2,1,23,0,0,0,gdm_early,0.3,7,2
2,2,360,94,93,71,gdm_early,0.3,7,2
3,0,336,144,144,0,gdm_early,0.3,7,2
3,1,23,0,0,0,gdm_early,0.3,7,2
3,2,360,187,185,93,gdm_early,0.3,7,2
4,0,336,192,192,0,gdm_early,0.3,7,2
4,1,23,0,0,0,gdm_early,0.3,7,2
4,2,360,223,220,94,gdm_early,0.3,7,2
5,0,336,265,261,44,gdm_early,0.3,7,2
5,1,23,11,11,11,gdm_early,0.3,7,2
5,2,360,316,309,165,gdm_early,0.3,7,2
6,0,336,286,282,49,gdm_early,0.3,7,2
6,1,23,18,17,18,gdm_early,0.3,7,2
6,2,360,346,338,171,gdm_early,0.3,7,2
7,0,336,296,291,59,gdm_early,0.3,7,2
7,1,23,18,17,18,gdm_early,0.3,7,2
7,2,360,352,344,177,gdm_early,0.3,7,2
8,0,336,301,294,59,gdm_early,0.3,7,2
8,1,23,18,17,18,gdm_early,0.3,7,2
8,2,360,355,346,177,gdm_early,0.3,7,2
9,0,336,312,305,70,gdm_early,0.3,7,2
9,1,23,18,17,18,gdm_early,0.3,7,2
9,2,360,356,347,178,gdm_early,0.3,7,2
10,0,336,315,307,70,gdm_early,0.3,7,2
10,1,23,18,17,18,gdm_early,0.3,7,2
10,2,360,358,349,178,gdm_early,0.3,7,2
1,0,268,21,21,21,gdm_early,0.3,7,3
1,1,220,0,0,0,gdm_early,0.3,7,3
1,2,232,76,75,76,gdm_early,0.3,7,3
2,0,268,21,21,21,gdm_early,0.3,7,3
2,1,220,32,32,0,gdm_early,0.3,7,3
2,2,232,77,76,77,gdm_early,0.3,7,3
3,0,268,81,80,31,gdm_early,0.3,7,3
3,1,220,108,108,0,gdm_early,0.3,7,3
3,2,232,150,148,150,gdm_early,0.3,7,3
4,0,268,110,109,60,gdm_early,0.3,7,3
4,1,220,176,176,0,gdm_early,0.3,7,3
4,2,232,154,152,154,gdm_early,0.3,7,3
5,0,268,165,163,78,gdm_early,0.3,7,3
5,1,220,185,183,0,gdm_early,0.3,7,3
5,2,232,179,177,154,gdm_early,0.3,7,3
6,0,268,228,225,90,gdm_early,0.3,7,3
6,1,220,185,183,0,gdm_early,0.3,7,3
6,2,232,182,180,154,gdm_early,0.3,7,3
7,0,268,253,250,93,gdm_early,0.3,7,3
7,1,220,185,183,0,gdm_early,0.3,7,3
7,2,232,199,197,154,gdm_early,0.3,7,3
8,0,268,254,251,93,gdm_early,0.3,7,3
8,1,220,185,183,0,gdm_early,0.3,7,3
8,2,232,199,197,154,gdm_early,0.3,7,3
9,0,268,257,254,94,gdm_early,0.3,7,3
9,1,220,187,185,2,gdm_early,0.3,7,3
9,2,232,208,206,154,gdm_early,0.3,7,3
10,0,268,257,254,94,gdm_early,0.3,7,3
10,1,220,187,185,2,gdm_early,0.3,7,3
10,2,232,208,206,154,gdm_early,0.3,7,3
1,0,256,111,111,111,gdm_early,0.3,7,4
1,1,59,0,0,0,gdm_early,0.3,7,4
1,2,404,0,0,0,gdm_early,0.3,7,4
2,0,256,208,207,208,gdm_early,0.3,7,4
2,1,59,15,15,0,gdm_early,0.3,7,4
2,2,404,121,121,0,gdm_early,0.3,7,4
3,0,256,217,214,217,gdm_early,0.3,7,4
3,1,59,41,41,0,gdm_early,0.3,7,4
3,2,404,260,259,0,gdm_early,0.3,7,4
4,0,256,230,216,230,gdm_early,0.3,7,4
4,1,59,48,48,0,gdm_early,0.3,7,4
4,2,404,335,334,0,gdm_early,0.3,7,4
5,0,256,240,216,240,gdm_early,0.3,7,4
5,1,59,54,53,0,gdm_early,0.3,7,4
5,2,404,339,336,0,gdm_early,0.3,7,4
6,0,256,248,216,248,gdm_early,0.3,7,4
6,1,59,54,53,0,gdm_early,0.3,7,4
6,2,404,342,339,3,gdm_early,0.3,7,4
7,0,256,248,216,248,gdm_early,0.3,7,4
7,1,59,54,53,0,gdm_early,0.3,7,4
7,2,404,342,339,3,gdm_early,0.3,7,4
8,0,256,256,218,256,gdm_early,0.3,7,4
8,1,59,54,53,0,gdm_early,0.3,7,4
8,2,404,352,349,13,gdm_early,0.3,7,4
9,0,256,256,218,256,gdm_early,0.3,7,4
9,1,59,54,53,0,gdm_early,0.3,7,4
9,2,404,358,355,19,gdm_early,0.3,7,4
10,0,256,256,218,256,gdm_early,0.3,7,4
10,1,59,54,53,0,gdm_early,0.3,7,4
10,2,404,379,376,40,gdm_early,0.3,7,4
1,0,120,18,18,0,gdm_early,0.3,8,0
1,1,268,50,50,0,gdm_early,0.3,8,0
1,2,331,138,137,138,gdm_early,0.3,8,0
2,0,120,22,22,0,gdm_early,0.3,8,0
2,1,268,135,135,0,gdm_early,0.3,8,0
2,2,331,210,208,210,gdm_early,0.3,8,0
3,0,120,74,73,0,gdm_early,0.3,8,0
3,1,268,214,209,0,gdm_early,0.3,8,0
3,2,331,231,229,231,gdm_early,0.3,8,0
4,0,120,92,91,0,gdm_early,0.3,8,0
4,1,268,246,241,0,gdm_early,0.3,8,0
4,2,331,237,235,237,gdm_early,0.3,8,0
5,0,120,95,94,0,gdm_early,0.3,8,0
5,1,268,248,243,0,gdm_early,0.3,8,0
5,2,331,238,235,238,gdm_early,0.3,8,0
6,0,120,95,94,0,gdm_early,0.3,8,0
6,1,268,248,243,0,gdm_early,0.3,8,0
6,2,331,243,236,243,gdm_early,0.3,8,0
7,0,120,95,94,0,gdm_early,0.3,8,0
7,1,268,248,243,0,gdm_early,0.3,8,0
7,2,331,246,237,246,gdm_early,0.3,8,0
8,0,120,95,94,0,gdm_early,0.3,8,0
8,1,268,248,243,0,gdm_early,0.3,8,0
8,2,331,261,237,261,gdm_early,0.3,8,0
9,0,120,106,104,11,gdm_early,0.3,8,0
9,1,268,248,243,0,gdm_early,0.3,8,0
9,2,331,262,237,262,gdm_early,0.3,8,0
10,0,120,111,108,16,gdm_early,0.3,8,0
10,1,268,248,243,0,gdm_early,0.3,8,0
10,2,331,268,237,268,gdm_early,0.3,8,0
1,0,114,0,0,0,gdm_early,0.3,8,1
1,1,165,86,86,86,gdm_early,0.3,8,1
1,2,441,24,23,24,gdm_early,0.3,8,1
2,0,114,66,66,0,gdm_early,0.3,8,1
2,1,165,105,105,105,gdm_early,0.3,8,1
2,2,441,25,24,24,gdm_early,0.3,8,1
3,0,114,107,106,0,gdm_early,0.3,8,1
3,1,165,130,129,130,gdm_early,0.3,8,1
3,2,441,96,94,41,gdm_early,0.3,8,1
4,0,114,110,109,0,gdm_early,0.3,8,1
4,1,165,156,137,156,gdm_early,0.3,8,1
4,2,441,312,308,68,gdm_early,0.3,8,1
5,0,114,111,110,0,gdm_early,0.3,8,1
5,1,165,162,139,162,gdm_early,0.3,8,1
5,2,441,358,354,88,gdm_early,0.3,8,1
6,0,114,111,110,0,gdm_early,0.3,8,1
6,1,165,162,139,162,gdm_early,0.3,8,1
6,2,441,390,385,95,gdm_early,0.3,8,1
7,0,114,111,110,0,gdm_early,0.3,8,1
7,1,165,165,139,165,gdm_early,0.3,8,1
7,2,441,404,399,109,gdm_early,0.3,8,1
8,0,114,111,110,0,gdm_early,0.3,8,1
8,1,165,165,139,165,gdm_early,0.3,8,1
8,2,441,421,415,125,gdm_early,0.3,8,1
9,0,114,111,110,0,gdm_early,0.3,8,1
9,1,165,165,139,165,gdm_early,0.3,8,1
9,2,441,428,421,132,gdm_early,0.3,8,1
10,0,114,111,110,0,gdm_early,0.3,8,1
10,1,165,165,139,165,gdm_early,0.3,8,1
10,2,441,431,424,135,gdm_early,0.3,8,1
1,0,254,93,93,93,gdm_early,0.3,8,2
1,1,389,53,53,0,gdm_early,0.3,8,2
1,2,76,27,27,27,gdm_early,0.3,8,2
2,0,254,144,144,144,gdm_early,0.3,8,2
2,1,389,262,261,0,gdm_early,0.3,8,2
2,2,76,29,29,29,gdm_early,0.3,8,2
3,0,254,200,195,200,gdm_early,0.3,8,2
3,1,389,329,327,0,gdm_early,0.3,8,2
3,2,76,51,50,51,gdm_early,0.3,8,2
4,0,254,205,196,205,gdm_early,0.3,8,2
4,1,389,347,344,0,gdm_early,0.3,8,2
4,2,76,51,50,51,gdm_early,0.3,8,2
5,0,254,215,196,215,gdm_early,0.3,8,2
5,1,389,347,344,0,gdm_early,0.3,8,2
5,2,76,51,50,51,gdm_early,0.3,8,2
6,0,254,222,197,222,gdm_early,0.3,8,2
6,1,389,347,344,0,gdm_early,0.3,8,2
6,2,76,56,55,54,gdm_early,0.3,8,2
7,0,254,230,198,230,gdm_early,0.3,8,2
7,1,389,347,344,0,gdm_early,0.3,8,2
7,2,76,59,55,57,gdm_early,0.3,8,2
8,0,254,235,198,235,gdm_early,0.3,8,2
8,1,389,347,344,0,gdm_early,0.3,8,2
8,2,76,60,55,58,gdm_early,0.3,8,2
9,0,254,237,198,237,gdm_early,0.3,8,2
9,1,389,347,344,0,gdm_early,0.3,8,2
9,2,76,60,55,58,gdm_early,0.3,8,2
10,0,254,242,198,242,gdm_early,0.3,8,2
10,1,389,347,344,0,gdm_early,0.3,8,2
10,2,76,60,55,58,gdm_early,0.3,8,2
1,0,376,23,23,0,gdm_early,0.3,8,3
1,1,136,106,106,106,gdm_early,0.3,8,3
1,2,208,45,44,45,gdm_early,0.3,8,3
2,0,376,220,220,0,gdm_early,0.3,8,3
2,1,136,133,132,133,gdm_early,0.3,8,3
2,2,208,116,112,116,gdm_early,0.3,8,3
3,0,376,351,351,0,gdm_early,0.3,8,3
3,1,136,136,132,136,gdm_early,0.3,8,3
3,2,208,123,118,123,gdm_early,0.3,8,3
4,0,376,362,362,0,gdm_early,0.3,8,3
4,1,136,136,132,136,gdm_early,0.3,8,3
4,2,208,141,136,141,gdm_early,0.3,8,3
5,0,376,366,363,0,gdm_early,0.3,8,3
5,1,136,136,132,136,gdm_early,0.3,8,3
5,2,208,144,139,144,gdm_early,0.3,8,3
6,0,376,366,363,0,gdm_early,0.3,8,3
6,1,136,136,132,136,gdm_early,0.3,8,3
6,2,208,144,139,144,gdm_early,0.3,8,3
7,0,376,366,363,0,gdm_early,0.3,8,3
7,1,136,136,132,136,gdm_early,0.3,8,3
7,2,208,144,139,144,gdm_early,0.3,8,3
8,0,376,366,363,0,gdm_early,0.3,8,3
8,1,136,136,132,136,gdm_early,0.3,8,3
8,2,208,144,139,144,gdm_early,0.3,8,3
9,0,376,366,363,0,gdm_early,0.3,8,3
9,1,136,136,132,136,gdm_early,0.3,8,3
9,2,208,145,140,144,gdm_early,0.3,8,3
10,0,376,366,363,0,gdm_early,0.3,8,3
10,1,136,136,132,136,gdm_early,0.3,8,3
10,2,208,147,142,144,gdm_early,0.3,8,3
1,0,490,20,20,20,gdm_early,0.3,8,4
1,1,191,60,60,60,gdm_early,0.3,8,4
1,2,38,14,14,14,gdm_early,0.3,8,4
2,0,490,24,24,20,gdm_early,0.3,8,4
2,1,191,60,60,60,gdm_early,0.3,8,4
2,2,38,19,19,19,gdm_early,0.3,8,4
3,0,490,206,204,61,gdm_early,0.3,8,4
3,1,191,93,92,88,gdm_early,0.3,8,4
3,2,38,28,28,28,gdm_early,0.3,8,4
4,0,490,388,385,61,gdm_early,0.3,8,4
4,1,191,114,113,88,gdm_early,0.3,8,4
4,2,38,38,34,38,gdm_early,0.3,8,4
5,0,490,454,445,127,gdm_early,0.3,8,4
5,1,191,136,134,110,gdm_early,0.3,8,4
5,2,38,38,34,38,gdm_early,0.3,8,4
6,0,490,471,462,127,gdm_early,0.3,8,4
6,1,191,174,172,110,gdm_early,0.3,8,4
6,2,38,38,34,38,gdm_early,0.3,8,4
7,0,490,481,470,137,gdm_early,0.3,8,4
7,1,191,174,172,110,gdm_early,0.3,8,4
7,2,38,38,34,38,gdm_early,0.3,8,4
8,0,490,481,470,137,gdm_early,0.3,8,4
8,1,191,179,176,110,gdm_early,0.3,8,4
8,2,38,38,34,38,gdm_early,0.3,8,4
9,0,490,485,474,141,gdm_early,0.3,8,4
9,1,191,179,176,110,gdm_early,0.3,8,4
9,2,38,38,34,38,gdm_early,0.3,8,4
10,0,490,485,474,141,gdm_early,0.3,8,4
10,1,191,179,176,110,gdm_early,0.3,8,4
10,2,38,38,34,38,gdm_early,0.3,8,4
1,0,127,96,95,96,gdm_early,0.3,9,0
1,1,210,54,54,54,gdm_early,0.3,9,0
1,2,382,50,50,0,gdm_early,0.3,9,0
2,0,127,126,124,126,gdm_early,0.3,9,0
2,1,210,110,109,110,gdm_early,0.3,9,0
2,2,382,217,216,0,gdm_early,0.3,9,0
3,0,127,127,125,127,gdm_early,0.3,9,0
3,1,210,126,124,126,gdm_early,0.3,9,0
3,2,382,342,341,0,gdm_early,0.3,9,0
4,0,127,127,125,127,gdm_early,0.3,9,0
4,1,210,144,142,144,gdm_early,0.3,9,0
4,2,382,364,362,0,gdm_early,0.3,9,0
5,0,127,127,125,127,gdm_early,0.3,9,0
5,1,210,145,143,145,gdm_early,0.3,9,0
5,2,382,368,365,0,gdm_early,0.3,9,0
6,0,127,127,125,127,gdm_early,0.3,9,0
6,1,210,147,145,147,gdm_early,0.3,9,0
6,2,382,368,365,0,gdm_early,0.3,9,0
7,0,127,127,125,127,gdm_early,0.3,9,0
7,1,210,147,145,147,gdm_early,0.3,9,0
7,2,382,368,365,0,gdm_early,0.3,9,0
8,0,127,127,125,127,gdm_early,0.3,9,0
8,1,210,147,145,147,gdm_early,0.3,9,0
8,2,382,368,365,0,gdm_early,0.3,9,0
9,0,127,127,125,127,gdm_early,0.3,9,0
9,1,210,147,145,147,gdm_early,0.3,9,0
9,2,382,368,365,0,gdm_early,0.3,9,0
10,0,127,127,125,127,gdm_early,0.3,9,0
10,1,210,147,145,147,gdm_early,0.3,9,0
10,2,382,368,365,0,gdm_early,0.3,9,0
1,0,95,0,0,0,gdm_early,0.3,9,1
1,1,107,4,4,4,gdm_early,0.3,9,1
1,2,517,109,106,109,gdm_early,0.3,9,1
2,0,95,26,26,0,gdm_early,0.3,9,1
2,1,107,20,20,4,gdm_early,0.3,9,1
2,2,517,110,107,109,gdm_early,0.3,9,1
3,0,95,52,52,0,gdm_early,0.3,9,1
3,1,107,42,42,4,gdm_early,0.3,9,1
3,2,517,287,281,161,gdm_early,0.3,9,1
4,0,95,71,71,0,gdm_early,0.3,9,1
4,1,107,56,56,4,gdm_early,0.3,9,1
4,2,517,349,340,161,gdm_early,0.3,9,1
5,0,95,75,75,0,gdm_early,0.3,9,1
5,1,107,71,71,13,gdm_early,0.3,9,1
5,2,517,436,422,232,gdm_early,0.3,9,1
6,0,95,80,79,0,gdm_early,0.3,9,1
6,1,107,95,93,13,gdm_early,0.3,9,1
6,2,517,475,461,240,gdm_early,0.3,9,1
7,0,95,84,83,4,gdm_early,0.3,9,1
7,1,107,104,102,22,gdm_early,0.3,9,1
7,2,517,494,480,242,gdm_early,0.3,9,1
8,0,95,84,83,4,gdm_early,0.3,9,1
8,1,107,104,102,22,gdm_early,0.3,9,1
8,2,517,496,482,242,gdm_early,0.3,9,1
9,0,95,89,88,9,gdm_early,0.3,9,1
9,1,107,107,104,25,gdm_early,0.3,9,1
9,2,517,506,492,244,gdm_early,0.3,9,1
10,0,95,89,88,9,gdm_early,0.3,9,1
10,1,107,107,104,25,gdm_early,0.3,9,1
10,2,517,506,492,244,gdm_early,0.3,9,1
1,0,141,91,91,91,gdm_early,0.3,9,3
1,1,267,50,48,50,gdm_early,0.3,9,3
1,2,310,51,51,0,gdm_early,0.3,9,3
2,0,141,130,130,130,gdm_early,0.3,9,3
2,1,267,72,70,50,gdm_early,0.3,9,3
2,2,310,248,247,0,gdm_early,0.3,9,3
3,0,141,136,130,136,gdm_early,0.3,9,3
3,1,267,145,140,94,gdm_early,0.3,9,3
3,2,310,275,274,0,gdm_early,0.3,9,3
4,0,141,141,130,141,gdm_early,0.3,9,3
4,1,267,209,203,94,gdm_early,0.3,9,3
4,2,310,278,276,0,gdm_early,0.3,9,3
5,0,141,141,130,141,gdm_early,0.3,9,3
5,1,267,236,230,119,gdm_early,0.3,9,3
5,2,310,279,277,0,gdm_early,0.3,9,3
6,0,141,141,130,141,gdm_early,0.3,9,3
6,1,267,254,248,119,gdm_early,0.3,9,3
6,2,310,280,278,0,gdm_early,0.3,9,3
7,0,141,141,130,141,gdm_early,0.3,9,3
7,1,267,265,259,130,gdm_early,0.3,9,3
7,2,310,280,278,0,gdm_early,0.3,9,3
8,0,141,141,130,141,gdm_early,0.3,9,3
8,1,267,265,259,130,gdm_early,0.3,9,3
8,2,310,280,278,0,gdm_early,0.3,9,3
9,0,141,141,130,141,gdm_early,0.3,9,3
9,1,267,266,259,131,gdm_early,0.3,9,3
9,2,310,280,278,0,gdm_early,0.3,9,3
10,0,141,141,130,141,gdm_early,0.3,9,3
10,1,267,266,259,131,gdm_early,0.3,9,3
10,2,310,280,278,0,gdm_early,0.3,9,3
1,0,135,0,0,0,gdm_early,0.3,9,2
1,1,28,0,0,0,gdm_early,0.3,9,2
1,2,556,102,101,102,gdm_early,0.3,9,2
2,0,135,44,44,0,gdm_early,0.3,9,2
2,1,28,0,0,0,gdm_early,0.3,9,2
2,2,556,102,101,102,gdm_early,0.3,9,2
3,0,135,75,74,0,gdm_early,0.3,9,2
3,1,28,0,0,0,gdm_early,0.3,9,2
3,2,556,313,309,152,gdm_early,0.3,9,2
4,0,135,88,87,0,gdm_early,0.3,9,2
4,1,28,1,1,0,gdm_early,0.3,9,2
4,2,556,333,329,152,gdm_early,0.3,9,2
5,0,135,105,104,6,gdm_early,0.3,9,2
5,1,28,17,17,0,gdm_early,0.3,9,2
5,2,556,476,468,224,gdm_early,0.3,9,2
6,0,135,116,115,6,gdm_early,0.3,9,2
6,1,28,23,22,2,gdm_early,0.3,9,2
6,2,556,512,504,248,gdm_early,0.3,9,2
7,0,135,124,121,14,gdm_early,0.3,9,2
7,1,28,26,24,5,gdm_early,0.3,9,2
7,2,556,528,519,257,gdm_early,0.3,9,2
8,0,135,124,121,14,gdm_early,0.3,9,2
8,1,28,27,25,5,gdm_early,0.3,9,2
8,2,556,545,535,259,gdm_early,0.3,9,2
9,0,135,128,125,18,gdm_early,0.3,9,2
9,1,28,27,25,5,gdm_early,0.3,9,2
9,2,556,549,536,262,gdm_early,0.3,9,2
10,0,135,128,125,18,gdm_early,0.3,9,2
10,1,28,27,25,5,gdm_early,0.3,9,2
10,2,556,551,538,262,gdm_early,0.3,9,2
1,0,525,14,14,0,gdm_early,0.3,9,4
1,1,57,16,16,16,gdm_early,0.3,9,4
1,2,137,56,55,56,gdm_early,0.3,9,4
2,0,525,154,154,0,gdm_early,0.3,9,4
2,1,57,37,37,37,gdm_early,0.3,9,4
2,2,137,101,100,101,gdm_early,0.3,9,4
3,0,525,371,371,0,gdm_early,0.3,9,4
3,1,57,52,50,52,gdm_early,0.3,9,4
3,2,137,123,119,123,gdm_early,0.3,9,4
4,0,525,407,407,2,gdm_early,0.3,9,4
4,1,57,53,50,53,gdm_early,0.3,9,4
4,2,137,129,119,129,gdm_early,0.3,9,4
5,0,525,409,409,3,gdm_early,0.3,9,4
5,1,57,57,50,57,gdm_early,0.3,9,4
5,2,137,135,121,135,gdm_early,0.3,9,4
6,0,525,457,456,51,gdm_early,0.3,9,4
6,1,57,57,50,57,gdm_early,0.3,9,4
6,2,137,136,121,136,gdm_early,0.3,9,4
7,0,525,463,460,55,gdm_early,0.3,9,4
7,1,57,57,50,57,gdm_early,0.3,9,4
7,2,137,136,121,136,gdm_early,0.3,9,4
8,0,525,504,497,96,gdm_early,0.3,9,4
8,1,57,57,50,57,gdm_early,0.3,9,4
8,2,137,136,121,136,gdm_early,0.3,9,4
9,0,525,504,497,96,gdm_early,0.3,9,4
9,1,57,57,50,57,gdm_early,0.3,9,4
9,2,137,136,121,136,gdm_early,0.3,9,4
10,0,525,516,507,108,gdm_early,0.3,9,4
10,1,57,57,50,57,gdm_early,0.3,9,4
10,2,137,136,121,136,gdm_early,0.3,9,4
1,0,158,0,0,0,gdm_early,0.5,0,0
1,1,727,82,82,82,gdm_early,0.5,0,0
1,2,313,42,42,42,gdm_early,0.5,0,0
2,0,158,41,41,0,gdm_early,0.5,0,0
2,1,727,82,82,82,gdm_early,0.5,0,0
2,2,313,42,42,42,gdm_early,0.5,0,0
3,0,158,119,119,0,gdm_early,0.5,0,0
3,1,727,414,404,216,gdm_early,0.5,0,0
3,2,313,132,130,116,gdm_early,0.5,0,0
4,0,158,145,145,0,gdm_early,0.5,0,0
4,1,727,518,507,216,gdm_early,0.5,0,0
4,2,313,157,155,117,gdm_early,0.5,0,0
5,0,158,148,148,0,gdm_early,0.5,0,0
5,1,727,650,637,284,gdm_early,0.5,0,0
5,2,313,210,207,153,gdm_early,0.5,0,0
6,0,158,148,148,0,gdm_early,0.5,0,0
6,1,727,691,678,286,gdm_early,0.5,0,0
6,2,313,272,268,158,gdm_early,0.5,0,0
7,0,158,148,148,0,gdm_early,0.5,0,0
7,1,727,700,686,292,gdm_early,0.5,0,0
7,2,313,272,268,158,gdm_early,0.5,0,0
8,0,158,149,149,0,gdm_early,0.5,0,0
8,1,727,711,696,303,gdm_early,0.5,0,0
8,2,313,291,287,158,gdm_early,0.5,0,0
9,0,158,149,149,0,gdm_early,0.5,0,0
9,1,727,717,702,303,gdm_early,0.5,0,0
9,2,313,299,295,158,gdm_early,0.5,0,0
10,0,158,149,149,0,gdm_early,0.5,0,0
10,1,727,719,703,305,gdm_early,0.5,0,0
10,2,313,300,296,159,gdm_early,0.5,0,0
1,0,380,84,83,84,gdm_early,0.5,0,1
1,1,188,61,60,61,gdm_early,0.5,0,1
1,2,630,54,54,0,gdm_early,0.5,0,1
2,0,380,84,83,84,gdm_early,0.5,0,1
2,1,188,139,138,139,gdm_early,0.5,0,1
2,2,630,99,99,0,gdm_early,0.5,0,1
3,0,380,188,187,101,gdm_early,0.5,0,1
3,1,188,150,149,150,gdm_early,0.5,0,1
3,2,630,355,355,3,gdm_early,0.5,0,1
4,0,380,235,234,106,gdm_early,0.5,0,1
4,1,188,159,149,159,gdm_early,0.5,0,1
4,2,630,460,460,3,gdm_early,0.5,0,1
5,0,380,327,323,167,gdm_early,0.5,0,1
5,1,188,167,149,167,gdm_early,0.5,0,1
5,2,630,518,516,37,gdm_early,0.5,0,1
6,0,380,361,357,176,gdm_early,0.5,0,1
6,1,188,169,149,169,gdm_early,0.5,0,1
6,2,630,518,516,37,gdm_early,0.5,0,1
7,0,380,377,372,192,gdm_early,0.5,0,1
7,1,188,169,149,169,gdm_early,0.5,0,1
7,2,630,573,566,92,gdm_early,0.5,0,1
8,0,380,377,372,192,gdm_early,0.5,0,1
8,1,188,169,149,169,gdm_early,0.5,0,1
8,2,630,576,569,92,gdm_early,0.5,0,1
9,0,380,379,374,194,gdm_early,0.5,0,1
9,1,188,169,149,169,gdm_early,0.5,0,1
9,2,630,614,601,130,gdm_early,0.5,0,1
10,0,380,379,374,194,gdm_early,0.5,0,1
10,1,188,169,149,169,gdm_early,0.5,0,1
10,2,630,617,603,130,gdm_early,0.5,0,1
1,0,837,123,123,109,gdm_early,0.5,0,2
1,1,131,71,71,71,gdm_early,0.5,0,2
1,2,230,8,8,0,gdm_early,0.5,0,2
2,0,837,140,140,109,gdm_early,0.5,0,2
2,1,131,119,119,119,gdm_early,0.5,0,2
2,2,230,124,124,0,gdm_early,0.5,0,2
3,0,837,471,467,162,gdm_early,0.5,0,2
3,1,131,127,121,127,gdm_early,0.5,0,2
3,2,230,219,218,0,gdm_early,0.5,0,2
4,0,837,624,618,162,gdm_early,0.5,0,2
4,1,131,131,122,131,gdm_early,0.5,0,2
4,2,230,220,219,0,gdm_early,0.5,0,2
5,0,837,759,743,288,gdm_early,0.5,0,2
5,1,131,131,122,131,gdm_early,0.5,0,2
5,2,230,223,222,0,gdm_early,0.5,0,2
6,0,837,772,756,292,gdm_early,0.5,0,2
6,1,131,131,122,131,gdm_early,0.5,0,2
6,2,230,223,222,0,gdm_early,0.5,0,2
7,0,837,773,757,293,gdm_early,0.5,0,2
7,1,131,131,122,131,gdm_early,0.5,0,2
7,2,230,223,222,0,gdm_early,0.5,0,2
8,0,837,797,779,314,gdm_early,0.5,0,2
8,1,131,131,122,131,gdm_early,0.5,0,2
8,2,230,223,222,0,gdm_early,0.5,0,2
9,0,837,816,794,333,gdm_early,0.5,0,2
9,1,131,131,122,131,gdm_early,0.5,0,2
9,2,230,223,222,0,gdm_early,0.5,0,2
10,0,837,824,802,341,gdm_early,0.5,0,2
10,1,131,131,122,131,gdm_early,0.5,0,2
10,2,230,223,222,0,gdm_early,0.5,0,2
1,0,728,140,138,140,gdm_early,0.5,0,3
1,1,136,40,40,40,gdm_early,0.5,0,3
1,2,335,0,0,0,gdm_early,0.5,0,3
2,0,728,144,142,140,gdm_early,0.5,0,3
2,1,136,40,40,40,gdm_early,0.5,0,3
2,2,335,47,47,0,gdm_early,0.5,0,3
3,0,728,380,374,220,gdm_early,0.5,0,3
3,1,136,74,74,74,gdm_early,0.5,0,3
3,2,335,157,157,0,gdm_early,0.5,0,3
4,0,728,473,466,220,gdm_early,0.5,0,3
4,1,136,75,75,75,gdm_early,0.5,0,3
4,2,335,224,224,0,gdm_early,0.5,0,3
5,0,728,605,596,278,gdm_early,0.5,0,3
5,1,136,77,77,77,gdm_early,0.5,0,3
5,2,335,291,290,42,gdm_early,0.5,0,3
6,0,728,653,643,278,gdm_early,0.5,0,3
6,1,136,104,104,81,gdm_early,0.5,0,3
6,2,335,300,299,42,gdm_early,0.5,0,3
7,0,728,699,683,324,gdm_early,0.5,0,3
7,1,136,105,105,82,gdm_early,0.5,0,3
7,2,335,322,318,64,gdm_early,0.5,0,3
8,0,728,700,684,325,gdm_early,0.5,0,3
8,1,136,129,129,82,gdm_early,0.5,0,3
8,2,335,322,318,64,gdm_early,0.5,0,3
9,0,728,718,700,327,gdm_early,0.5,0,3
9,1,136,129,129,82,gdm_early,0.5,0,3
9,2,335,325,320,67,gdm_early,0.5,0,3
10,0,728,718,700,327,gdm_early,0.5,0,3
10,1,136,135,135,82,gdm_early,0.5,0,3
10,2,335,325,320,67,gdm_early,0.5,0,3
1,0,453,108,107,108,gdm_early,0.5,0,4
1,1,50,0,0,0,gdm_early,0.5,0,4
1,2,696,0,0,0,gdm_early,0.5,0,4
2,0,453,126,125,126,gdm_early,0.5,0,4
2,1,50,0,0,0,gdm_early,0.5,0,4
2,2,696,6,6,0,gdm_early,0.5,0,4
3,0,453,224,222,223,gdm_early,0.5,0,4
3,1,50,0,0,0,gdm_early,0.5,0,4
3,2,696,217,217,10,gdm_early,0.5,0,4
4,0,453,333,327,269,gdm_early,0.5,0,4
4,1,50,9,9,0,gdm_early,0.5,0,4
4,2,696,493,491,10,gdm_early,0.5,0,4
5,0,453,348,342,284,gdm_early,0.5,0,4
5,1,50,21,21,0,gdm_early,0.5,0,4
5,2,696,596,593,102,gdm_early,0.5,0,4
6,0,453,434,425,285,gdm_early,0.5,0,4
6,1,50,47,47,0,gdm_early,0.5,0,4
6,2,696,617,610,110,gdm_early,0.5,0,4
7,0,453,436,426,287,gdm_early,0.5,0,4
7,1,50,47,47,0,gdm_early,0.5,0,4
7,2,696,641,633,134,gdm_early,0.5,0,4
8,0,453,449,439,287,gdm_early,0.5,0,4
8,1,50,47,47,0,gdm_early,0.5,0,4
8,2,696,654,646,147,gdm_early,0.5,0,4
9,0,453,449,439,287,gdm_early,0.5,0,4
9,1,50,47,47,0,gdm_early,0.5,0,4
9,2,696,675,662,168,gdm_early,0.5,0,4
10,0,453,452,442,287,gdm_early,0.5,0,4
10,1,50,48,47,0,gdm_early,0.5,0,4
10,2,696,675,662,168,gdm_early,0.5,0,4
1,0,266,9,9,9,gdm_early,0.5,1,1
1,1,526,48,47,48,gdm_early,0.5,1,1
1,2,407,62,61,62,gdm_early,0.5,1,1
2,0,266,9,9,9,gdm_early,0.5,1,1
2,1,526,56,55,49,gdm_early,0.5,1,1
2,2,407,76,75,76,gdm_early,0.5,1,1
3,0,266,9,9,9,gdm_early,0.5,1,1
3,1,526,171,170,59,gdm_early,0.5,1,1
3,2,407,172,171,86,gdm_early,0.5,1,1
4,0,266,116,115,60,gdm_early,0.5,1,1
4,1,526,264,259,146,gdm_early,0.5,1,1
4,2,407,265,264,149,gdm_early,0.5,1,1
5,0,266,158,154,90,gdm_early,0.5,1,1
5,1,526,309,300,191,gdm_early,0.5,1,1
5,2,407,368,365,169,gdm_early,0.5,1,1
6,0,266,237,231,94,gdm_early,0.5,1,1
6,1,526,495,485,193,gdm_early,0.5,1,1
6,2,407,372,369,173,gdm_early,0.5,1,1
7,0,266,247,240,101,gdm_early,0.5,1,1
7,1,526,495,485,193,gdm_early,0.5,1,1
7,2,407,400,397,173,gdm_early,0.5,1,1
8,0,266,247,240,101,gdm_early,0.5,1,1
8,1,526,496,486,194,gdm_early,0.5,1,1
8,2,407,404,399,173,gdm_early,0.5,1,1
9,0,266,249,242,101,gdm_early,0.5,1,1
9,1,526,503,493,194,gdm_early,0.5,1,1
9,2,407,404,399,173,gdm_early,0.5,1,1
10,0,266,249,242,101,gdm_early,0.5,1,1
10,1,526,506,494,197,gdm_early,0.5,1,1
10,2,407,404,399,173,gdm_early,0.5,1,1
1,0,559,11,11,0,gdm_early,0.5,1,0
1,1,125,76,75,76,gdm_early,0.5,1,0
1,2,515,64,64,56,gdm_early,0.5,1,0
2,0,559,87,87,0,gdm_early,0.5,1,0
2,1,125,122,119,122,gdm_early,0.5,1,0
2,2,515,125,125,56,gdm_early,0.5,1,0
3,0,559,298,296,26,gdm_early,0.5,1,0
3,1,125,125,120,125,gdm_early,0.5,1,0
3,2,515,227,227,75,gdm_early,0.5,1,0
4,0,559,457,451,49,gdm_early,0.5,1,0
4,1,125,125,120,125,gdm_early,0.5,1,0
4,2,515,303,303,83,gdm_early,0.5,1,0
5,0,559,526,517,117,gdm_early,0.5,1,0
5,1,125,125,120,125,gdm_early,0.5,1,0
5,2,515,398,394,102,gdm_early,0.5,1,0
6,0,559,539,527,129,gdm_early,0.5,1,0
6,1,125,125,120,125,gdm_early,0.5,1,0
6,2,515,496,485,200,gdm_early,0.5,1,0
7,0,559,539,527,129,gdm_early,0.5,1,0
7,1,125,125,120,125,gdm_early,0.5,1,0
7,2,515,500,487,204,gdm_early,0.5,1,0
8,0,559,542,529,129,gdm_early,0.5,1,0
8,1,125,125,120,125,gdm_early,0.5,1,0
8,2,515,504,491,208,gdm_early,0.5,1,0
9,0,559,548,535,135,gdm_early,0.5,1,0
9,1,125,125,120,125,gdm_early,0.5,1,0
9,2,515,504,491,208,gdm_early,0.5,1,0
10,0,559,552,539,139,gdm_early,0.5,1,0
10,1,125,125,120,125,gdm_early,0.5,1,0
10,2,515,508,493,212,gdm_early,0.5,1,0
1,0,232,39,39,39,gdm_early,0.5,1,2
1,1,207,0,0,0,gdm_early,0.5,1,2
1,2,759,26,26,26,gdm_early,0.5,1,2
2,0,232,54,52,54,gdm_early,0.5,1,2
2,1,207,0,0,0,gdm_early,0.5,1,2
2,2,759,100,100,42,gdm_early,0.5,1,2
3,0,232,112,110,98,gdm_early,0.5,1,2
3,1,207,35,35,2,gdm_early,0.5,1,2
3,2,759,269,265,112,gdm_early,0.5,1,2
4,0,232,160,157,106,gdm_early,0.5,1,2
4,1,207,76,75,35,gdm_early,0.5,1,2
4,2,759,520,510,254,gdm_early,0.5,1,2
5,0,232,179,176,113,gdm_early,0.5,1,2
5,1,207,113,109,48,gdm_early,0.5,1,2
5,2,759,536,525,267,gdm_early,0.5,1,2
6,0,232,208,205,126,gdm_early,0.5,1,2
6,1,207,185,180,53,gdm_early,0.5,1,2
6,2,759,739,724,268,gdm_early,0.5,1,2
7,0,232,219,214,137,gdm_early,0.5,1,2
7,1,207,185,180,53,gdm_early,0.5,1,2
7,2,759,739,724,268,gdm_early,0.5,1,2
8,0,232,227,222,137,gdm_early,0.5,1,2
8,1,207,201,196,69,gdm_early,0.5,1,2
8,2,759,749,729,274,gdm_early,0.5,1,2
9,0,232,227,222,137,gdm_early,0.5,1,2
9,1,207,203,198,70,gdm_early,0.5,1,2
9,2,759,750,729,275,gdm_early,0.5,1,2
10,0,232,227,222,137,gdm_early,0.5,1,2
10,1,207,206,200,71,gdm_early,0.5,1,2
10,2,759,753,731,277,gdm_early,0.5,1,2
1,0,219,102,102,102,gdm_early,0.5,1,3
1,1,236,0,0,0,gdm_early,0.5,1,3
1,2,742,0,0,0,gdm_early,0.5,1,3
2,0,219,202,201,202,gdm_early,0.5,1,3
2,1,236,51,51,0,gdm_early,0.5,1,3
2,2,742,3,3,0,gdm_early,0.5,1,3
3,0,219,215,210,215,gdm_early,0.5,1,3
3,1,236,144,141,0,gdm_early,0.5,1,3
3,2,742,403,402,104,gdm_early,0.5,1,3
4,0,219,219,210,219,gdm_early,0.5,1,3
4,1,236,182,178,0,gdm_early,0.5,1,3
4,2,742,506,498,199,gdm_early,0.5,1,3
5,0,219,219,210,219,gdm_early,0.5,1,3
5,1,236,206,200,0,gdm_early,0.5,1,3
5,2,742,675,667,207,gdm_early,0.5,1,3
6,0,219,219,210,219,gdm_early,0.5,1,3
6,1,236,206,200,0,gdm_early,0.5,1,3
6,2,742,704,693,232,gdm_early,0.5,1,3
7,0,219,219,210,219,gdm_early,0.5,1,3
7,1,236,207,200,0,gdm_early,0.5,1,3
7,2,742,727,716,232,gdm_early,0.5,1,3
8,0,219,219,210,219,gdm_early,0.5,1,3
8,1,236,207,200,0,gdm_early,0.5,1,3
8,2,742,727,716,232,gdm_early,0.5,1,3
9,0,219,219,210,219,gdm_early,0.5,1,3
9,1,236,207,200,0,gdm_early,0.5,1,3
9,2,742,731,717,236,gdm_early,0.5,1,3
10,0,219,219,210,219,gdm_early,0.5,1,3
10,1,236,207,200,0,gdm_early,0.5,1,3
10,2,742,737,721,236,gdm_early,0.5,1,3
1,0,334,0,0,0,gdm_early,0.5,1,4
1,1,694,178,177,178,gdm_early,0.5,1,4
1,2,170,2,2,0,gdm_early,0.5,1,4
2,0,334,133,133,0,gdm_early,0.5,1,4
2,1,694,178,177,178,gdm_early,0.5,1,4
2,2,170,42,42,0,gdm_early,0.5,1,4
3,0,334,217,217,0,gdm_early,0.5,1,4
3,1,694,346,341,346,gdm_early,0.5,1,4
3,2,170,61,61,0,gdm_early,0.5,1,4
4,0,334,294,292,0,gdm_early,0.5,1,4
4,1,694,495,490,346,gdm_early,0.5,1,4
4,2,170,109,106,0,gdm_early,0.5,1,4
5,0,334,298,296,0,gdm_early,0.5,1,4
5,1,694,552,544,403,gdm_early,0.5,1,4
5,2,170,109,106,0,gdm_early,0.5,1,4
6,0,334,298,296,0,gdm_early,0.5,1,4
6,1,694,687,679,403,gdm_early,0.5,1,4
6,2,170,128,124,0,gdm_early,0.5,1,4
7,0,334,302,299,4,gdm_early,0.5,1,4
7,1,694,692,681,408,gdm_early,0.5,1,4
7,2,170,148,141,20,gdm_early,0.5,1,4
8,0,334,302,299,4,gdm_early,0.5,1,4
8,1,694,693,681,408,gdm_early,0.5,1,4
8,2,170,149,142,20,gdm_early,0.5,1,4
9,0,334,312,307,14,gdm_early,0.5,1,4
9,1,694,694,681,409,gdm_early,0.5,1,4
9,2,170,160,153,31,gdm_early,0.5,1,4
10,0,334,312,307,14,gdm_early,0.5,1,4
10,1,694,694,681,409,gdm_early,0.5,1,4
10,2,170,161,154,31,gdm_early,0.5,1,4
1,0,726,47,47,0,gdm_early,0.5,2,0
1,1,351,250,250,250,gdm_early,0.5,2,0
1,2,121,0,0,0,gdm_early,0.5,2,0
2,0,726,468,461,0,gdm_early,0.5,2,0
2,1,351,351,346,351,gdm_early,0.5,2,0
2,2,121,34,34,0,gdm_early,0.5,2,0
3,0,726,532,525,0,gdm_early,0.5,2,0
3,1,351,351,346,351,gdm_early,0.5,2,0
3,2,121,36,36,0,gdm_early,0.5,2,0
4,0,726,627,617,0,gdm_early,0.5,2,0
4,1,351,351,346,351,gdm_early,0.5,2,0
4,2,121,91,87,0,gdm_early,0.5,2,0
5,0,726,630,620,0,gdm_early,0.5,2,0
5,1,351,351,346,351,gdm_early,0.5,2,0
5,2,121,91,87,0,gdm_early,0.5,2,0
6,0,726,632,621,0,gdm_early,0.5,2,0
6,1,351,351,346,351,gdm_early,0.5,2,0
6,2,121,97,90,3,gdm_early,0.5,2,0
7,0,726,648,636,16,gdm_early,0.5,2,0
7,1,351,351,346,351,gdm_early,0.5,2,0
7,2,121,107,99,13,gdm_early,0.5,2,0
8,0,726,649,636,16,gdm_early,0.5,2,0
8,1,351,351,346,351,gdm_early,0.5,2,0
8,2,121,111,103,17,gdm_early,0.5,2,0
9,0,726,682,668,49,gdm_early,0.5,2,0
9,1,351,351,346,351,gdm_early,0.5,2,0
9,2,121,118,109,24,gdm_early,0.5,2,0
10,0,726,682,668,49,gdm_early,0.5,2,0
10,1,351,351,346,351,gdm_early,0.5,2,0
10,2,121,118,109,24,gdm_early,0.5,2,0
1,0,207,16,15,16,gdm_early,0.5,2,1
1,1,158,0,0,0,gdm_early,0.5,2,1
1,2,834,80,79,80,gdm_early,0.5,2,1
2,0,207,16,15,16,gdm_early,0.5,2,1
2,1,158,0,0,0,gdm_early,0.5,2,1
2,2,834,99,98,99,gdm_early,0.5,2,1
3,0,207,70,69,28,gdm_early,0.5,2,1
3,1,158,8,8,0,gdm_early,0.5,2,1
3,2,834,385,381,137,gdm_early,0.5,2,1
4,0,207,138,137,34,gdm_early,0.5,2,1
4,1,158,78,78,0,gdm_early,0.5,2,1
4,2,834,565,560,137,gdm_early,0.5,2,1
5,0,207,162,160,42,gdm_early,0.5,2,1
5,1,158,116,115,23,gdm_early,0.5,2,1
5,2,834,759,748,319,gdm_early,0.5,2,1
6,0,207,190,185,70,gdm_early,0.5,2,1
6,1,158,139,137,26,gdm_early,0.5,2,1
6,2,834,783,771,322,gdm_early,0.5,2,1
7,0,207,198,192,73,gdm_early,0.5,2,1
7,1,158,142,140,29,gdm_early,0.5,2,1
7,2,834,806,793,331,gdm_early,0.5,2,1
8,0,207,198,192,73,gdm_early,0.5,2,1
8,1,158,155,152,42,gdm_early,0.5,2,1
8,2,834,813,800,338,gdm_early,0.5,2,1
9,0,207,205,199,80,gdm_early,0.5,2,1
9,1,158,155,152,42,gdm_early,0.5,2,1
9,2,834,818,805,343,gdm_early,0.5,2,1
10,0,207,205,199,80,gdm_early,0.5,2,1
10,1,158,156,152,42,gdm_early,0.5,2,1
10,2,834,819,806,343,gdm_early,0.5,2,1
1,0,186,77,77,77,gdm_early,0.5,2,2
1,1,186,63,63,63,gdm_early,0.5,2,2
1,2,828,3,3,0,gdm_early,0.5,2,2
2,0,186,159,158,159,gdm_early,0.5,2,2
2,1,186,123,123,123,gdm_early,0.5,2,2
2,2,828,87,87,0,gdm_early,0.5,2,2
3,0,186,171,166,171,gdm_early,0.5,2,2
3,1,186,123,123,123,gdm_early,0.5,2,2
3,2,828,482,482,0,gdm_early,0.5,2,2
4,0,186,178,166,178,gdm_early,0.5,2,2
4,1,186,141,141,141,gdm_early,0.5,2,2
4,2,828,640,637,4,gdm_early,0.5,2,2
5,0,186,186,167,186,gdm_early,0.5,2,2
5,1,186,141,141,141,gdm_early,0.5,2,2
5,2,828,656,649,8,gdm_early,0.5,2,2
6,0,186,186,167,186,gdm_early,0.5,2,2
6,1,186,149,141,149,gdm_early,0.5,2,2
6,2,828,720,711,72,gdm_early,0.5,2,2
7,0,186,186,167,186,gdm_early,0.5,2,2
7,1,186,155,147,149,gdm_early,0.5,2,2
7,2,828,728,714,75,gdm_early,0.5,2,2
8,0,186,186,167,186,gdm_early,0.5,2,2
8,1,186,157,147,151,gdm_early,0.5,2,2
8,2,828,793,772,140,gdm_early,0.5,2,2
9,0,186,186,167,186,gdm_early,0.5,2,2
9,1,186,157,147,151,gdm_early,0.5,2,2
9,2,828,793,772,140,gdm_early,0.5,2,2
10,0,186,186,167,186,gdm_early,0.5,2,2
10,1,186,171,147,165,gdm_early,0.5,2,2
10,2,828,805,781,152,gdm_early,0.5,2,2
1,0,409,47,47,0,gdm_early,0.5,2,3
1,1,155,31,29,31,gdm_early,0.5,2,3
1,2,635,162,159,162,gdm_early,0.5,2,3
2,0,409,269,269,0,gdm_early,0.5,2,3
2,1,155,31,29,31,gdm_early,0.5,2,3
2,2,635,162,159,162,gdm_early,0.5,2,3
3,0,409,310,310,0,gdm_early,0.5,2,3
3,1,155,85,82,85,gdm_early,0.5,2,3
3,2,635,351,341,349,gdm_early,0.5,2,3
4,0,409,375,374,0,gdm_early,0.5,2,3
4,1,155,124,121,85,gdm_early,0.5,2,3
4,2,635,489,479,349,gdm_early,0.5,2,3
5,0,409,375,374,0,gdm_early,0.5,2,3
5,1,155,127,124,88,gdm_early,0.5,2,3
5,2,635,502,488,362,gdm_early,0.5,2,3
6,0,409,376,374,0,gdm_early,0.5,2,3
6,1,155,142,139,88,gdm_early,0.5,2,3
6,2,635,514,500,362,gdm_early,0.5,2,3
7,0,409,376,374,0,gdm_early,0.5,2,3
7,1,155,143,140,88,gdm_early,0.5,2,3
7,2,635,523,509,362,gdm_early,0.5,2,3
8,0,409,377,375,0,gdm_early,0.5,2,3
8,1,155,153,150,88,gdm_early,0.5,2,3
8,2,635,616,599,362,gdm_early,0.5,2,3
9,0,409,377,375,0,gdm_early,0.5,2,3
9,1,155,153,150,88,gdm_early,0.5,2,3
9,2,635,617,600,363,gdm_early,0.5,2,3
10,0,409,377,375,0,gdm_early,0.5,2,3
10,1,155,153,150,88,gdm_early,0.5,2,3
10,2,635,625,606,363,gdm_early,0.5,2,3
1,0,518,207,207,207,gdm_early,0.5,2,4
1,1,648,49,49,0,gdm_early,0.5,2,4
1,2,32,0,0,0,gdm_early,0.5,2,4
2,0,518,352,350,352,gdm_early,0.5,2,4
2,1,648,310,310,0,gdm_early,0.5,2,4
2,2,32,0,0,0,gdm_early,0.5,2,4
3,0,518,418,416,418,gdm_early,0.5,2,4
3,1,648,493,491,0,gdm_early,0.5,2,4
3,2,32,0,0,0,gdm_early,0.5,2,4
4,0,518,429,422,429,gdm_early,0.5,2,4
4,1,648,602,594,0,gdm_early,0.5,2,4
4,2,32,0,0,0,gdm_early,0.5,2,4
5,0,518,443,423,443,gdm_early,0.5,2,4
5,1,648,607,597,0,gdm_early,0.5,2,4
5,2,32,10,10,0,gdm_early,0.5,2,4
6,0,518,464,424,464,gdm_early,0.5,2,4
6,1,648,607,597,0,gdm_early,0.5,2,4
6,2,32,28,28,0,gdm_early,0.5,2,4
7,0,518,476,426,476,gdm_early,0.5,2,4
7,1,648,607,597,0,gdm_early,0.5,2,4
7,2,32,28,28,0,gdm_early,0.5,2,4
8,0,518,480,426,480,gdm_early,0.5,2,4
8,1,648,607,597,0,gdm_early,0.5,2,4
8,2,32,28,28,0,gdm_early,0.5,2,4
9,0,518,481,426,481,gdm_early,0.5,2,4
9,1,648,607,597,0,gdm_early,0.5,2,4
9,2,32,29,28,0,gdm_early,0.5,2,4
10,0,518,501,427,501,gdm_early,0.5,2,4
10,1,648,607,597,0,gdm_early,0.5,2,4
10,2,32,30,29,0,gdm_early,0.5,2,4
1,0,263,47,47,47,gdm_early,0.5,3,0
1,1,53,0,0,0,gdm_early,0.5,3,0
1,2,882,113,113,3,gdm_early,0.5,3,0
2,0,263,166,166,166,gdm_early,0.5,3,0
2,1,53,0,0,0,gdm_early,0.5,3,0
2,2,882,132,132,3,gdm_early,0.5,3,0
3,0,263,191,191,178,gdm_early,0.5,3,0
3,1,53,9,9,0,gdm_early,0.5,3,0
3,2,882,578,576,35,gdm_early,0.5,3,0
4,0,263,193,192,180,gdm_early,0.5,3,0
4,1,53,9,9,0,gdm_early,0.5,3,0
4,2,882,617,615,45,gdm_early,0.5,3,0
5,0,263,230,229,180,gdm_early,0.5,3,0
5,1,53,21,21,0,gdm_early,0.5,3,0
5,2,882,732,726,128,gdm_early,0.5,3,0
6,0,263,233,231,183,gdm_early,0.5,3,0
6,1,53,42,39,21,gdm_early,0.5,3,0
6,2,882,833,821,229,gdm_early,0.5,3,0
7,0,263,259,255,183,gdm_early,0.5,3,0
7,1,53,49,44,21,gdm_early,0.5,3,0
7,2,882,841,829,237,gdm_early,0.5,3,0
8,0,263,259,255,183,gdm_early,0.5,3,0
8,1,53,50,45,22,gdm_early,0.5,3,0
8,2,882,854,841,250,gdm_early,0.5,3,0
9,0,263,263,259,183,gdm_early,0.5,3,0
9,1,53,50,45,22,gdm_early,0.5,3,0
9,2,882,859,843,253,gdm_early,0.5,3,0
10,0,263,263,259,183,gdm_early,0.5,3,0
10,1,53,50,45,22,gdm_early,0.5,3,0
10,2,882,872,852,266,gdm_early,0.5,3,0
1,0,99,17,17,17,gdm_early,0.5,3,1
1,1,713,41,41,0,gdm_early,0.5,3,1
1,2,386,222,222,222,gdm_early,0.5,3,1
2,0,99,17,17,17,gdm_early,0.5,3,1
2,1,713,405,405,0,gdm_early,0.5,3,1
2,2,386,307,307,307,gdm_early,0.5,3,1
3,0,99,35,35,17,gdm_early,0.5,3,1
3,1,713,513,513,0,gdm_early,0.5,3,1
3,2,386,316,311,316,gdm_early,0.5,3,1
4,0,99,42,42,17,gdm_early,0.5,3,1
4,1,713,591,585,0,gdm_early,0.5,3,1
4,2,386,334,313,334,gdm_early,0.5,3,1
5,0,99,56,56,31,gdm_early,0.5,3,1
5,1,713,592,586,0,gdm_early,0.5,3,1
5,2,386,355,314,355,gdm_early,0.5,3,1
6,0,99,67,67,31,gdm_early,0.5,3,1
6,1,713,600,589,0,gdm_early,0.5,3,1
6,2,386,360,314,360,gdm_early,0.5,3,1
7,0,99,81,80,45,gdm_early,0.5,3,1
7,1,713,609,596,9,gdm_early,0.5,3,1
7,2,386,384,315,384,gdm_early,0.5,3,1
8,0,99,82,81,46,gdm_early,0.5,3,1
8,1,713,613,599,9,gdm_early,0.5,3,1
8,2,386,384,315,384,gdm_early,0.5,3,1
9,0,99,83,82,47,gdm_early,0.5,3,1
9,1,713,668,653,64,gdm_early,0.5,3,1
9,2,386,386,315,386,gdm_early,0.5,3,1
10,0,99,94,93,47,gdm_early,0.5,3,1
10,1,713,668,653,64,gdm_early,0.5,3,1
10,2,386,386,315,386,gdm_early,0.5,3,1
1,0,178,66,66,66,gdm_early,0.5,3,2
1,1,322,0,0,0,gdm_early,0.5,3,2
1,2,697,49,49,49,gdm_early,0.5,3,2
2,0,178,156,156,156,gdm_early,0.5,3,2
2,1,322,104,104,0,gdm_early,0.5,3,2
2,2,697,80,80,62,gdm_early,0.5,3,2
3,0,178,165,164,165,gdm_early,0.5,3,2
3,1,322,287,287,0,gdm_early,0.5,3,2
3,2,697,371,368,150,gdm_early,0.5,3,2
4,0,178,170,164,170,gdm_early,0.5,3,2
4,1,322,307,305,0,gdm_early,0.5,3,2
4,2,697,489,485,153,gdm_early,0.5,3,2
5,0,178,178,165,178,gdm_early,0.5,3,2
5,1,322,311,306,0,gdm_early,0.5,3,2
5,2,697,619,611,249,gdm_early,0.5,3,2
6,0,178,178,165,178,gdm_early,0.5,3,2
6,1,322,311,306,0,gdm_early,0.5,3,2
6,2,697,656,647,258,gdm_early,0.5,3,2
7,0,178,178,165,178,gdm_early,0.5,3,2
7,1,322,311,306,0,gdm_early,0.5,3,2
7,2,697,679,669,281,gdm_early,0.5,3,2
8,0,178,178,165,178,gdm_early,0.5,3,2
8,1,322,311,306,0,gdm_early,0.5,3,2
8,2,697,682,670,281,gdm_early,0.5,3,2
9,0,178,178,165,178,gdm_early,0.5,3,2
9,1,322,311,306,0,gdm_early,0.5,3,2
9,2,697,692,677,291,gdm_early,0.5,3,2
10,0,178,178,165,178,gdm_early,0.5,3,2
10,1,322,311,306,0,gdm_early,0.5,3,2
10,2,697,694,679,291,gdm_early,0.5,3,2
1,0,260,189,187,189,gdm_early,0.5,3,3
1,1,713,21,20,21,gdm_early,0.5,3,3
1,2,226,24,24,0,gdm_early,0.5,3,3
2,0,260,242,240,242,gdm_early,0.5,3,3
2,1,713,23,22,23,gdm_early,0.5,3,3
2,2,226,136,136,0,gdm_early,0.5,3,3
3,0,260,256,241,256,gdm_early,0.5,3,3
3,1,713,202,198,89,gdm_early,0.5,3,3
3,2,226,199,199,0,gdm_early,0.5,3,3
4,0,260,257,241,257,gdm_early,0.5,3,3
4,1,713,392,386,128,gdm_early,0.5,3,3
4,2,226,221,220,0,gdm_early,0.5,3,3
5,0,260,257,241,257,gdm_early,0.5,3,3
5,1,713,560,553,180,gdm_early,0.5,3,3
5,2,226,222,221,0,gdm_early,0.5,3,3
6,0,260,258,242,258,gdm_early,0.5,3,3
6,1,713,646,638,201,gdm_early,0.5,3,3
6,2,226,222,221,0,gdm_early,0.5,3,3
7,0,260,258,242,258,gdm_early,0.5,3,3
7,1,713,678,667,206,gdm_early,0.5,3,3
7,2,226,222,221,0,gdm_early,0.5,3,3
8,0,260,258,242,258,gdm_early,0.5,3,3
8,1,713,696,682,220,gdm_early,0.5,3,3
8,2,226,222,221,0,gdm_early,0.5,3,3
9,0,260,258,242,258,gdm_early,0.5,3,3
9,1,713,699,684,223,gdm_early,0.5,3,3
9,2,226,222,221,0,gdm_early,0.5,3,3
10,0,260,258,242,258,gdm_early,0.5,3,3
10,1,713,704,688,225,gdm_early,0.5,3,3
10,2,226,222,221,0,gdm_early,0.5,3,3
1,0,238,15,15,15,gdm_early,0.5,3,4
1,1,66,0,0,0,gdm_early,0.5,3,4
1,2,894,41,41,41,gdm_early,0.5,3,4
2,0,238,15,15,15,gdm_early,0.5,3,4
2,1,66,0,0,0,gdm_early,0.5,3,4
2,2,894,41,41,41,gdm_early,0.5,3,4
3,0,238,110,109,43,gdm_early,0.5,3,4
3,1,66,0,0,0,gdm_early,0.5,3,4
3,2,894,495,491,160,gdm_early,0.5,3,4
4,0,238,145,144,43,gdm_early,0.5,3,4
4,1,66,0,0,0,gdm_early,0.5,3,4
4,2,894,631,627,160,gdm_early,0.5,3,4
5,0,238,177,176,59,gdm_early,0.5,3,4
5,1,66,0,0,0,gdm_early,0.5,3,4
5,2,894,712,708,180,gdm_early,0.5,3,4
6,0,238,193,192,66,gdm_early,0.5,3,4
6,1,66,51,50,32,gdm_early,0.5,3,4
6,2,894,774,769,233,gdm_early,0.5,3,4
7,0,238,206,204,72,gdm_early,0.5,3,4
7,1,66,51,50,32,gdm_early,0.5,3,4
7,2,894,827,821,286,gdm_early,0.5,3,4
8,0,238,216,214,81,gdm_early,0.5,3,4
8,1,66,55,52,34,gdm_early,0.5,3,4
8,2,894,836,830,295,gdm_early,0.5,3,4
9,0,238,225,223,89,gdm_early,0.5,3,4
9,1,66,56,52,35,gdm_early,0.5,3,4
9,2,894,859,851,318,gdm_early,0.5,3,4
10,0,238,232,230,96,gdm_early,0.5,3,4
10,1,66,59,52,38,gdm_early,0.5,3,4
10,2,894,863,854,322,gdm_early,0.5,3,4
1,0,21,0,0,0,gdm_early,0.5,4,0
1,1,448,370,370,370,gdm_early,0.5,4,0
1,2,730,19,19,0,gdm_early,0.5,4,0
2,0,21,0,0,0,gdm_early,0.5,4,0
2,1,448,446,439,446,gdm_early,0.5,4,0
2,2,730,513,513,0,gdm_early,0.5,4,0
3,0,21,1,1,1,gdm_early,0.5,4,0
3,1,448,448,439,448,gdm_early,0.5,4,0
3,2,730,639,639,0,gdm_early,0.5,4,0
4,0,21,8,6,8,gdm_early,0.5,4,0
4,1,448,448,439,448,gdm_early,0.5,4,0
4,2,730,697,695,0,gdm_early,0.5,4,0
5,0,21,11,9,11,gdm_early,0.5,4,0
5,1,448,448,439,448,gdm_early,0.5,4,0
5,2,730,700,698,0,gdm_early,0.5,4,0
6,0,21,12,10,12,gdm_early,0.5,4,0
6,1,448,448,439,448,gdm_early,0.5,4,0
6,2,730,700,698,0,gdm_early,0.5,4,0
7,0,21,12,10,12,gdm_early,0.5,4,0
7,1,448,448,439,448,gdm_early,0.5,4,0
7,2,730,700,698,0,gdm_early,0.5,4,0
8,0,21,12,10,12,gdm_early,0.5,4,0
8,1,448,448,439,448,gdm_early,0.5,4,0
8,2,730,700,698,0,gdm_early,0.5,4,0
9,0,21,14,10,14,gdm_early,0.5,4,0
9,1,448,448,439,448,gdm_early,0.5,4,0
9,2,730,700,698,0,gdm_early,0.5,4,0
10,0,21,14,10,14,gdm_early,0.5,4,0
10,1,448,448,439,448,gdm_early,0.5,4,0
10,2,730,700,698,0,gdm_early,0.5,4,0
1,0,516,0,0,0,gdm_early,0.5,4,1
1,1,311,46,46,0,gdm_early,0.5,4,1
1,2,371,145,145,145,gdm_early,0.5,4,1
2,0,516,5,5,1,gdm_early,0.5,4,1
2,1,311,169,169,0,gdm_early,0.5,4,1
2,2,371,294,292,294,gdm_early,0.5,4,1
3,0,516,321,320,34,gdm_early,0.5,4,1
3,1,311,267,266,0,gdm_early,0.5,4,1
3,2,371,309,305,309,gdm_early,0.5,4,1
4,0,516,383,381,76,gdm_early,0.5,4,1
4,1,311,280,278,0,gdm_early,0.5,4,1
4,2,371,319,307,319,gdm_early,0.5,4,1
5,0,516,445,442,86,gdm_early,0.5,4,1
5,1,311,283,281,0,gdm_early,0.5,4,1
5,2,371,334,307,334,gdm_early,0.5,4,1
6,0,516,476,469,117,gdm_early,0.5,4,1
6,1,311,283,281,0,gdm_early,0.5,4,1
6,2,371,358,308,358,gdm_early,0.5,4,1
7,0,516,479,471,120,gdm_early,0.5,4,1
7,1,311,283,281,0,gdm_early,0.5,4,1
7,2,371,358,308,358,gdm_early,0.5,4,1
8,0,516,501,492,142,gdm_early,0.5,4,1
8,1,311,283,281,0,gdm_early,0.5,4,1
8,2,371,364,308,364,gdm_early,0.5,4,1
9,0,516,504,495,142,gdm_early,0.5,4,1
9,1,311,283,281,0,gdm_early,0.5,4,1
9,2,371,364,308,364,gdm_early,0.5,4,1
10,0,516,505,495,143,gdm_early,0.5,4,1
10,1,311,283,281,0,gdm_early,0.5,4,1
10,2,371,365,308,365,gdm_early,0.5,4,1
1,0,422,3,3,0,gdm_early,0.5,4,2
1,1,456,72,72,72,gdm_early,0.5,4,2
1,2,321,125,125,125,gdm_early,0.5,4,2
2,0,422,218,218,0,gdm_early,0.5,4,2
2,1,456,72,72,72,gdm_early,0.5,4,2
2,2,321,165,165,165,gdm_early,0.5,4,2
3,0,422,305,305,0,gdm_early,0.5,4,2
3,1,456,200,200,78,gdm_early,0.5,4,2
3,2,321,230,228,230,gdm_early,0.5,4,2
4,0,422,367,366,0,gdm_early,0.5,4,2
4,1,456,303,301,78,gdm_early,0.5,4,2
4,2,321,237,231,237,gdm_early,0.5,4,2
5,0,422,371,370,0,gdm_early,0.5,4,2
5,1,456,340,338,96,gdm_early,0.5,4,2
5,2,321,249,231,249,gdm_early,0.5,4,2
6,0,422,374,372,0,gdm_early,0.5,4,2
6,1,456,381,378,137,gdm_early,0.5,4,2
6,2,321,260,231,260,gdm_early,0.5,4,2
7,0,422,374,372,0,gdm_early,0.5,4,2
7,1,456,429,422,179,gdm_early,0.5,4,2
7,2,321,264,231,264,gdm_early,0.5,4,2
8,0,422,374,372,0,gdm_early,0.5,4,2
8,1,456,434,426,180,gdm_early,0.5,4,2
8,2,321,280,231,280,gdm_early,0.5,4,2
9,0,422,374,372,0,gdm_early,0.5,4,2
9,1,456,437,428,183,gdm_early,0.5,4,2
9,2,321,290,231,290,gdm_early,0.5,4,2
10,0,422,375,373,0,gdm_early,0.5,4,2
10,1,456,440,430,183,gdm_early,0.5,4,2
10,2,321,292,231,292,gdm_early,0.5,4,2
1,0,138,0,0,0,gdm_early,0.5,4,3
1,1,375,124,121,124,gdm_early,0.5,4,3
1,2,684,35,35,0,gdm_early,0.5,4,3
2,0,138,0,0,0,gdm_early,0.5,4,3
2,1,375,220,217,220,gdm_early,0.5,4,3
2,2,684,85,85,0,gdm_early,0.5,4,3
3,0,138,51,51,0,gdm_early,0.5,4,3
3,1,375,260,257,257,gdm_early,0.5,4,3
3,2,684,417,413,0,gdm_early,0.5,4,3
4,0,138,76,76,0,gdm_early,0.5,4,3
4,1,375,277,274,274,gdm_early,0.5,4,3
4,2,684,488,483,9,gdm_early,0.5,4,3
5,0,138,113,112,0,gdm_early,0.5,4,3
5,1,375,334,331,274,gdm_early,0.5,4,3
5,2,684,526,512,9,gdm_early,0.5,4,3
6,0,138,113,112,0,gdm_early,0.5,4,3
6,1,375,334,331,274,gdm_early,0.5,4,3
6,2,684,591,575,74,gdm_early,0.5,4,3
7,0,138,113,112,0,gdm_early,0.5,4,3
7,1,375,349,345,274,gdm_early,0.5,4,3
7,2,684,596,580,79,gdm_early,0.5,4,3
8,0,138,115,114,2,gdm_early,0.5,4,3
8,1,375,349,345,274,gdm_early,0.5,4,3
8,2,684,661,639,144,gdm_early,0.5,4,3
9,0,138,115,114,2,gdm_early,0.5,4,3
9,1,375,362,358,274,gdm_early,0.5,4,3
9,2,684,661,639,144,gdm_early,0.5,4,3
10,0,138,120,119,7,gdm_early,0.5,4,3
10,1,375,362,358,274,gdm_early,0.5,4,3
10,2,684,673,651,156,gdm_early,0.5,4,3
1,0,134,13,13,0,gdm_early,0.5,4,4
1,1,757,56,56,13,gdm_early,0.5,4,4
1,2,307,173,173,173,gdm_early,0.5,4,4
2,0,134,65,65,0,gdm_early,0.5,4,4
2,1,757,56,56,13,gdm_early,0.5,4,4
2,2,307,267,267,267,gdm_early,0.5,4,4
3,0,134,103,102,0,gdm_early,0.5,4,4
3,1,757,382,382,26,gdm_early,0.5,4,4
3,2,307,279,273,279,gdm_early,0.5,4,4
4,0,134,114,113,0,gdm_early,0.5,4,4
4,1,757,529,528,43,gdm_early,0.5,4,4
4,2,307,291,273,291,gdm_early,0.5,4,4
5,0,134,119,118,0,gdm_early,0.5,4,4
5,1,757,610,609,53,gdm_early,0.5,4,4
5,2,307,295,273,295,gdm_early,0.5,4,4
6,0,134,119,118,0,gdm_early,0.5,4,4
6,1,757,696,688,138,gdm_early,0.5,4,4
6,2,307,299,273,299,gdm_early,0.5,4,4
7,0,134,119,118,0,gdm_early,0.5,4,4
7,1,757,702,694,143,gdm_early,0.5,4,4
7,2,307,299,273,299,gdm_early,0.5,4,4
8,0,134,119,118,0,gdm_early,0.5,4,4
8,1,757,743,727,184,gdm_early,0.5,4,4
8,2,307,306,274,306,gdm_early,0.5,4,4
9,0,134,119,118,0,gdm_early,0.5,4,4
9,1,757,744,727,184,gdm_early,0.5,4,4
9,2,307,306,274,306,gdm_early,0.5,4,4
10,0,134,119,118,0,gdm_early,0.5,4,4
10,1,757,748,731,188,gdm_early,0.5,4,4
10,2,307,306,274,306,gdm_early,0.5,4,4
1,0,74,0,0,0,gdm_early,0.5,5,0
1,1,851,197,196,197,gdm_early,0.5,5,0
1,2,274,0,0,0,gdm_early,0.5,5,0
2,0,74,13,13,0,gdm_early,0.5,5,0
2,1,851,206,205,197,gdm_early,0.5,5,0
2,2,274,144,144,0,gdm_early,0.5,5,0
3,0,74,33,29,0,gdm_early,0.5,5,0
3,1,851,437,426,400,gdm_early,0.5,5,0
3,2,274,191,191,0,gdm_early,0.5,5,0
4,0,74,44,39,0,gdm_early,0.5,5,0
4,1,851,676,664,400,gdm_early,0.5,5,0
4,2,274,241,241,0,gdm_early,0.5,5,0
5,0,74,49,44,4,gdm_early,0.5,5,0
5,1,851,719,704,443,gdm_early,0.5,5,0
5,2,274,251,251,0,gdm_early,0.5,5,0
6,0,74,64,57,4,gdm_early,0.5,5,0
6,1,851,755,740,443,gdm_early,0.5,5,0
6,2,274,254,254,0,gdm_early,0.5,5,0
7,0,74,69,60,9,gdm_early,0.5,5,0
7,1,851,757,741,445,gdm_early,0.5,5,0
7,2,274,255,254,0,gdm_early,0.5,5,0
8,0,74,69,60,9,gdm_early,0.5,5,0
8,1,851,813,797,445,gdm_early,0.5,5,0
8,2,274,257,254,0,gdm_early,0.5,5,0
9,0,74,72,63,12,gdm_early,0.5,5,0
9,1,851,815,798,447,gdm_early,0.5,5,0
9,2,274,257,254,0,gdm_early,0.5,5,0
10,0,74,72,63,12,gdm_early,0.5,5,0
10,1,851,838,821,447,gdm_early,0.5,5,0
10,2,274,257,254,0,gdm_early,0.5,5,0
1,0,444,17,16,11,gdm_early,0.5,5,2
1,1,174,13,13,13,gdm_early,0.5,5,2
1,2,581,86,86,86,gdm_early,0.5,5,2
2,0,444,24,23,14,gdm_early,0.5,5,2
2,1,174,13,13,13,gdm_early,0.5,5,2
2,2,581,103,103,86,gdm_early,0.5,5,2
3,0,444,141,139,25,gdm_early,0.5,5,2
3,1,174,58,58,16,gdm_early,0.5,5,2
3,2,581,292,291,142,gdm_early,0.5,5,2
4,0,444,221,216,93,gdm_early,0.5,5,2
4,1,174,106,104,28,gdm_early,0.5,5,2
4,2,581,367,366,142,gdm_early,0.5,5,2
5,0,444,271,264,131,gdm_early,0.5,5,2
5,1,174,115,113,37,gdm_early,0.5,5,2
5,2,581,477,473,170,gdm_early,0.5,5,2
6,0,444,364,357,134,gdm_early,0.5,5,2
6,1,174,135,132,48,gdm_early,0.5,5,2
6,2,581,522,518,215,gdm_early,0.5,5,2
7,0,444,421,412,140,gdm_early,0.5,5,2
7,1,174,142,139,54,gdm_early,0.5,5,2
7,2,581,559,551,251,gdm_early,0.5,5,2
8,0,444,429,418,141,gdm_early,0.5,5,2
8,1,174,161,157,72,gdm_early,0.5,5,2
8,2,581,574,563,266,gdm_early,0.5,5,2
9,0,444,442,430,141,gdm_early,0.5,5,2
9,1,174,169,165,72,gdm_early,0.5,5,2
9,2,581,574,563,266,gdm_early,0.5,5,2
10,0,444,442,430,141,gdm_early,0.5,5,2
10,1,174,169,165,72,gdm_early,0.5,5,2
10,2,581,575,563,267,gdm_early,0.5,5,2
1,0,267,55,54,55,gdm_early,0.5,5,1
1,1,389,8,8,0,gdm_early,0.5,5,1
1,2,543,73,72,73,gdm_early,0.5,5,1
2,0,267,55,54,55,gdm_early,0.5,5,1
2,1,389,38,38,0,gdm_early,0.5,5,1
2,2,543,73,72,73,gdm_early,0.5,5,1
3,0,267,134,131,134,gdm_early,0.5,5,1
3,1,389,218,218,0,gdm_early,0.5,5,1
3,2,543,308,302,140,gdm_early,0.5,5,1
4,0,267,156,153,156,gdm_early,0.5,5,1
4,1,389,294,292,0,gdm_early,0.5,5,1
4,2,543,426,417,141,gdm_early,0.5,5,1
5,0,267,175,172,159,gdm_early,0.5,5,1
5,1,389,324,321,23,gdm_early,0.5,5,1
5,2,543,482,472,177,gdm_early,0.5,5,1
6,0,267,196,193,159,gdm_early,0.5,5,1
6,1,389,328,325,27,gdm_early,0.5,5,1
6,2,543,488,478,183,gdm_early,0.5,5,1
7,0,267,200,193,163,gdm_early,0.5,5,1
7,1,389,367,361,66,gdm_early,0.5,5,1
7,2,543,510,499,205,gdm_early,0.5,5,1
8,0,267,227,220,163,gdm_early,0.5,5,1
8,1,389,367,361,66,gdm_early,0.5,5,1
8,2,543,527,516,222,gdm_early,0.5,5,1
9,0,267,233,220,169,gdm_early,0.5,5,1
9,1,389,380,372,79,gdm_early,0.5,5,1
9,2,543,530,518,225,gdm_early,0.5,5,1
10,0,267,235,220,171,gdm_early,0.5,5,1
10,1,389,380,372,79,gdm_early,0.5,5,1
10,2,543,539,525,234,gdm_early,0.5,5,1
1,0,127,0,0,0,gdm_early,0.5,5,3
1,1,393,60,60,60,gdm_early,0.5,5,3
1,2,679,107,106,107,gdm_early,0.5,5,3
2,0,127,8,8,0,gdm_early,0.5,5,3
2,1,393,97,96,67,gdm_early,0.5,5,3
2,2,679,178,177,112,gdm_early,0.5,5,3
3,0,127,25,25,0,gdm_early,0.5,5,3
3,1,393,245,243,112,gdm_early,0.5,5,3
3,2,679,393,390,135,gdm_early,0.5,5,3
4,0,127,59,59,0,gdm_early,0.5,5,3
4,1,393,283,280,113,gdm_early,0.5,5,3
4,2,679,492,488,138,gdm_early,0.5,5,3
5,0,127,94,94,0,gdm_early,0.5,5,3
5,1,393,343,338,170,gdm_early,0.5,5,3
5,2,679,626,613,254,gdm_early,0.5,5,3
6,0,127,110,110,0,gdm_early,0.5,5,3
6,1,393,381,375,179,gdm_early,0.5,5,3
6,2,679,650,635,274,gdm_early,0.5,5,3
7,0,127,112,112,0,gdm_early,0.5,5,3
7,1,393,386,380,179,gdm_early,0.5,5,3
7,2,679,650,635,274,gdm_early,0.5,5,3
8,0,127,112,112,0,gdm_early,0.5,5,3
8,1,393,386,380,179,gdm_early,0.5,5,3
8,2,679,664,648,274,gdm_early,0.5,5,3
9,0,127,117,117,5,gdm_early,0.5,5,3
9,1,393,392,382,185,gdm_early,0.5,5,3
9,2,679,672,654,282,gdm_early,0.5,5,3
10,0,127,119,118,5,gdm_early,0.5,5,3
10,1,393,392,382,185,gdm_early,0.5,5,3
10,2,679,672,654,282,gdm_early,0.5,5,3
1,0,197,9,9,0,gdm_early,0.5,6,0
1,1,468,328,328,328,gdm_early,0.5,6,0
1,2,533,46,46,0,gdm_early,0.5,6,0
2,0,197,71,71,0,gdm_early,0.5,6,0
2,1,468,447,438,447,gdm_early,0.5,6,0
2,2,533,379,378,0,gdm_early,0.5,6,0
3,0,197,88,88,0,gdm_early,0.5,6,0
3,1,468,467,439,467,gdm_early,0.5,6,0
3,2,533,497,495,0,gdm_early,0.5,6,0
4,0,197,139,138,5,gdm_early,0.5,6,0
4,1,468,468,439,468,gdm_early,0.5,6,0
4,2,533,530,524,0,gdm_early,0.5,6,0
5,0,197,165,162,10,gdm_early,0.5,6,0
5,1,468,468,439,468,gdm_early,0.5,6,0
5,2,533,531,525,0,gdm_early,0.5,6,0
6,0,197,188,184,11,gdm_early,0.5,6,0
6,1,468,468,439,468,gdm_early,0.5,6,0
6,2,533,531,525,0,gdm_early,0.5,6,0
7,0,197,191,187,14,gdm_early,0.5,6,0
7,1,468,468,439,468,gdm_early,0.5,6,0
7,2,533,531,525,0,gdm_early,0.5,6,0
8,0,197,194,189,17,gdm_early,0.5,6,0
8,1,468,468,439,468,gdm_early,0.5,6,0
8,2,533,531,525,0,gdm_early,0.5,6,0
9,0,197,194,189,17,gdm_early,0.5,6,0
9,1,468,468,439,468,gdm_early,0.5,6,0
9,2,533,531,525,0,gdm_early,0.5,6,0
10,0,197,194,189,17,gdm_early,0.5,6,0
10,1,468,468,439,468,gdm_early,0.5,6,0
10,2,533,531,525,0,gdm_early,0.5,6,0
1,0,665,39,39,0,gdm_early,0.5,5,4
1,1,47,0,0,0,gdm_early,0.5,5,4
1,2,487,342,341,342,gdm_early,0.5,5,4
2,0,665,520,518,0,gdm_early,0.5,5,4
2,1,47,0,0,0,gdm_early,0.5,5,4
2,2,487,434,430,434,gdm_early,0.5,5,4
3,0,665,627,624,0,gdm_early,0.5,5,4
3,1,47,0,0,0,gdm_early,0.5,5,4
3,2,487,462,438,462,gdm_early,0.5,5,4
4,0,665,640,637,0,gdm_early,0.5,5,4
4,1,47,0,0,0,gdm_early,0.5,5,4
4,2,487,482,438,482,gdm_early,0.5,5,4
5,0,665,643,640,0,gdm_early,0.5,5,4
5,1,47,14,14,3,gdm_early,0.5,5,4
5,2,487,487,438,487,gdm_early,0.5,5,4
6,0,665,643,640,0,gdm_early,0.5,5,4
6,1,47,35,35,7,gdm_early,0.5,5,4
6,2,487,487,438,487,gdm_early,0.5,5,4
7,0,665,643,640,0,gdm_early,0.5,5,4
7,1,47,36,36,7,gdm_early,0.5,5,4
7,2,487,487,438,487,gdm_early,0.5,5,4
8,0,665,643,640,0,gdm_early,0.5,5,4
8,1,47,38,38,8,gdm_early,0.5,5,4
8,2,487,487,438,487,gdm_early,0.5,5,4
9,0,665,643,640,0,gdm_early,0.5,5,4
9,1,47,44,44,9,gdm_early,0.5,5,4
9,2,487,487,438,487,gdm_early,0.5,5,4
10,0,665,643,640,0,gdm_early,0.5,5,4
10,1,47,44,44,9,gdm_early,0.5,5,4
10,2,487,487,438,487,gdm_early,0.5,5,4
1,0,14,0,0,0,gdm_early,0.5,6,1
1,1,844,103,100,101,gdm_early,0.5,6,1
1,2,340,90,90,90,gdm_early,0.5,6,1
2,0,14,0,0,0,gdm_early,0.5,6,1
2,1,844,104,101,101,gdm_early,0.5,6,1
2,2,340,90,90,90,gdm_early,0.5,6,1
3,0,14,0,0,0,gdm_early,0.5,6,1
3,1,844,323,315,131,gdm_early,0.5,6,1
3,2,340,196,195,158,gdm_early,0.5,6,1
4,0,14,0,0,0,gdm_early,0.5,6,1
4,1,844,593,583,132,gdm_early,0.5,6,1
4,2,340,265,261,180,gdm_early,0.5,6,1
5,0,14,0,0,0,gdm_early,0.5,6,1
5,1,844,715,702,203,gdm_early,0.5,6,1
5,2,340,281,277,196,gdm_early,0.5,6,1
6,0,14,0,0,0,gdm_early,0.5,6,1
6,1,844,784,767,215,gdm_early,0.5,6,1
6,2,340,335,329,197,gdm_early,0.5,6,1
7,0,14,6,6,6,gdm_early,0.5,6,1
7,1,844,804,782,235,gdm_early,0.5,6,1
7,2,340,336,330,198,gdm_early,0.5,6,1
8,0,14,7,7,7,gdm_early,0.5,6,1
8,1,844,805,783,236,gdm_early,0.5,6,1
8,2,340,338,331,198,gdm_early,0.5,6,1
9,0,14,12,9,12,gdm_early,0.5,6,1
9,1,844,819,797,250,gdm_early,0.5,6,1
9,2,340,338,331,198,gdm_early,0.5,6,1
10,0,14,12,9,12,gdm_early,0.5,6,1
10,1,844,819,797,250,gdm_early,0.5,6,1
10,2,340,338,331,198,gdm_early,0.5,6,1
1,0,632,0,0,0,gdm_early,0.5,6,2
1,1,457,113,113,113,gdm_early,0.5,6,2
1,2,110,48,48,48,gdm_early,0.5,6,2
2,0,632,376,376,0,gdm_early,0.5,6,2
2,1,457,177,175,177,gdm_early,0.5,6,2
2,2,110,108,107,108,gdm_early,0.5,6,2
3,0,632,533,529,0,gdm_early,0.5,6,2
3,1,457,312,310,312,gdm_early,0.5,6,2
3,2,110,108,107,108,gdm_early,0.5,6,2
4,0,632,601,593,0,gdm_early,0.5,6,2
4,1,457,333,331,333,gdm_early,0.5,6,2
4,2,110,110,107,110,gdm_early,0.5,6,2
5,0,632,608,600,0,gdm_early,0.5,6,2
5,1,457,352,333,352,gdm_early,0.5,6,2
5,2,110,110,107,110,gdm_early,0.5,6,2
6,0,632,608,600,0,gdm_early,0.5,6,2
6,1,457,360,334,360,gdm_early,0.5,6,2
6,2,110,110,107,110,gdm_early,0.5,6,2
7,0,632,608,600,0,gdm_early,0.5,6,2
7,1,457,374,334,374,gdm_early,0.5,6,2
7,2,110,110,107,110,gdm_early,0.5,6,2
8,0,632,608,600,0,gdm_early,0.5,6,2
8,1,457,374,334,374,gdm_early,0.5,6,2
8,2,110,110,107,110,gdm_early,0.5,6,2
9,0,632,608,600,0,gdm_early,0.5,6,2
9,1,457,400,334,400,gdm_early,0.5,6,2
9,2,110,110,107,110,gdm_early,0.5,6,2
10,0,632,608,600,0,gdm_early,0.5,6,2
10,1,457,400,334,400,gdm_early,0.5,6,2
10,2,110,110,107,110,gdm_early,0.5,6,2
1,0,818,94,94,94,gdm_early,0.5,6,3
1,1,175,0,0,0,gdm_early,0.5,6,3
1,2,206,42,42,42,gdm_early,0.5,6,3
2,0,818,105,105,94,gdm_early,0.5,6,3
2,1,175,53,53,0,gdm_early,0.5,6,3
2,2,206,42,42,42,gdm_early,0.5,6,3
3,0,818,457,457,137,gdm_early,0.5,6,3
3,1,175,104,104,0,gdm_early,0.5,6,3
3,2,206,118,117,99,gdm_early,0.5,6,3
4,0,818,519,519,137,gdm_early,0.5,6,3
4,1,175,138,137,0,gdm_early,0.5,6,3
4,2,206,133,132,112,gdm_early,0.5,6,3
5,0,818,670,660,207,gdm_early,0.5,6,3
5,1,175,150,149,0,gdm_early,0.5,6,3
5,2,206,138,137,114,gdm_early,0.5,6,3
6,0,818,714,702,248,gdm_early,0.5,6,3
6,1,175,150,149,0,gdm_early,0.5,6,3
6,2,206,172,171,114,gdm_early,0.5,6,3
7,0,818,765,750,295,gdm_early,0.5,6,3
7,1,175,150,149,0,gdm_early,0.5,6,3
7,2,206,172,171,114,gdm_early,0.5,6,3
8,0,818,768,753,298,gdm_early,0.5,6,3
8,1,175,150,149,0,gdm_early,0.5,6,3
8,2,206,190,188,114,gdm_early,0.5,6,3
9,0,818,777,761,307,gdm_early,0.5,6,3
9,1,175,154,152,4,gdm_early,0.5,6,3
9,2,206,192,190,114,gdm_early,0.5,6,3
10,0,818,796,779,326,gdm_early,0.5,6,3
10,1,175,158,156,8,gdm_early,0.5,6,3
10,2,206,195,193,114,gdm_early,0.5,6,3
1,0,395,98,98,98,gdm_early,0.5,6,4
1,1,83,3,3,3,gdm_early,0.5,6,4
1,2,721,2,2,0,gdm_early,0.5,6,4
2,0,395,126,125,126,gdm_early,0.5,6,4
2,1,83,3,3,3,gdm_early,0.5,6,4
2,2,721,6,6,0,gdm_early,0.5,6,4
3,0,395,260,259,191,gdm_early,0.5,6,4
3,1,83,15,15,13,gdm_early,0.5,6,4
3,2,721,271,271,7,gdm_early,0.5,6,4
4,0,395,299,297,230,gdm_early,0.5,6,4
4,1,83,31,31,13,gdm_early,0.5,6,4
4,2,721,317,316,16,gdm_early,0.5,6,4
5,0,395,358,356,230,gdm_early,0.5,6,4
5,1,83,57,53,26,gdm_early,0.5,6,4
5,2,721,552,548,53,gdm_early,0.5,6,4
6,0,395,363,358,235,gdm_early,0.5,6,4
6,1,83,62,57,31,gdm_early,0.5,6,4
6,2,721,661,652,162,gdm_early,0.5,6,4
7,0,395,389,384,235,gdm_early,0.5,6,4
7,1,83,81,75,31,gdm_early,0.5,6,4
7,2,721,666,656,165,gdm_early,0.5,6,4
8,0,395,389,384,235,gdm_early,0.5,6,4
8,1,83,81,75,31,gdm_early,0.5,6,4
8,2,721,685,674,184,gdm_early,0.5,6,4
9,0,395,392,386,235,gdm_early,0.5,6,4
9,1,83,83,76,31,gdm_early,0.5,6,4
9,2,721,690,679,189,gdm_early,0.5,6,4
10,0,395,392,386,235,gdm_early,0.5,6,4
10,1,83,83,76,31,gdm_early,0.5,6,4
10,2,721,709,690,208,gdm_early,0.5,6,4
1,0,112,0,0,0,gdm_early,0.5,7,0
1,1,292,37,37,37,gdm_early,0.5,7,0
1,2,793,31,31,31,gdm_early,0.5,7,0
2,0,112,44,44,0,gdm_early,0.5,7,0
2,1,292,38,38,37,gdm_early,0.5,7,0
2,2,793,33,33,33,gdm_early,0.5,7,0
3,0,112,87,86,0,gdm_early,0.5,7,0
3,1,292,157,156,110,gdm_early,0.5,7,0
3,2,793,194,191,77,gdm_early,0.5,7,0
4,0,112,105,103,0,gdm_early,0.5,7,0
4,1,292,209,208,113,gdm_early,0.5,7,0
4,2,793,518,513,183,gdm_early,0.5,7,0
5,0,112,109,105,0,gdm_early,0.5,7,0
5,1,292,257,256,158,gdm_early,0.5,7,0
5,2,793,670,656,183,gdm_early,0.5,7,0
6,0,112,109,105,0,gdm_early,0.5,7,0
6,1,292,266,263,167,gdm_early,0.5,7,0
6,2,793,710,695,223,gdm_early,0.5,7,0
7,0,112,109,105,0,gdm_early,0.5,7,0
7,1,292,266,263,167,gdm_early,0.5,7,0
7,2,793,760,740,273,gdm_early,0.5,7,0
8,0,112,110,106,0,gdm_early,0.5,7,0
8,1,292,290,286,167,gdm_early,0.5,7,0
8,2,793,783,758,296,gdm_early,0.5,7,0
9,0,112,110,106,0,gdm_early,0.5,7,0
9,1,292,290,286,167,gdm_early,0.5,7,0
9,2,793,783,758,296,gdm_early,0.5,7,0
10,0,112,110,106,0,gdm_early,0.5,7,0
10,1,292,290,286,167,gdm_early,0.5,7,0
10,2,793,783,758,296,gdm_early,0.5,7,0
1,0,462,131,127,131,gdm_early,0.5,7,1
1,1,655,4,4,4,gdm_early,0.5,7,1
1,2,81,38,38,38,gdm_early,0.5,7,1
2,0,462,131,127,131,gdm_early,0.5,7,1
2,1,655,5,5,4,gdm_early,0.5,7,1
2,2,81,62,62,62,gdm_early,0.5,7,1
3,0,462,229,225,168,gdm_early,0.5,7,1
3,1,655,312,310,63,gdm_early,0.5,7,1
3,2,81,66,66,66,gdm_early,0.5,7,1
4,0,462,308,304,168,gdm_early,0.5,7,1
4,1,655,526,521,63,gdm_early,0.5,7,1
4,2,81,76,69,76,gdm_early,0.5,7,1
5,0,462,376,371,228,gdm_early,0.5,7,1
5,1,655,602,593,128,gdm_early,0.5,7,1
5,2,81,81,69,81,gdm_early,0.5,7,1
6,0,462,442,435,235,gdm_early,0.5,7,1
6,1,655,605,595,128,gdm_early,0.5,7,1
6,2,81,81,69,81,gdm_early,0.5,7,1
7,0,462,444,437,237,gdm_early,0.5,7,1
7,1,655,616,604,139,gdm_early,0.5,7,1
7,2,81,81,69,81,gdm_early,0.5,7,1
8,0,462,444,437,237,gdm_early,0.5,7,1
8,1,655,621,606,139,gdm_early,0.5,7,1
8,2,81,81,69,81,gdm_early,0.5,7,1
9,0,462,449,441,238,gdm_early,0.5,7,1
9,1,655,628,612,146,gdm_early,0.5,7,1
9,2,81,81,69,81,gdm_early,0.5,7,1
10,0,462,450,442,238,gdm_early,0.5,7,1
10,1,655,628,612,146,gdm_early,0.5,7,1
10,2,81,81,69,81,gdm_early,0.5,7,1
1,0,560,16,16,0,gdm_early,0.5,7,2
1,1,39,0,0,0,gdm_early,0.5,7,2
1,2,600,89,88,89,gdm_early,0.5,7,2
2,0,560,57,57,0,gdm_early,0.5,7,2
2,1,39,0,0,0,gdm_early,0.5,7,2
2,2,600,174,173,125,gdm_early,0.5,7,2
3,0,560,226,226,0,gdm_early,0.5,7,2
3,1,39,0,0,0,gdm_early,0.5,7,2
3,2,600,330,325,179,gdm_early,0.5,7,2
4,0,560,358,357,0,gdm_early,0.5,7,2
4,1,39,3,3,3,gdm_early,0.5,7,2
4,2,600,395,387,186,gdm_early,0.5,7,2
5,0,560,452,447,62,gdm_early,0.5,7,2
5,1,39,30,21,30,gdm_early,0.5,7,2
5,2,600,497,484,280,gdm_early,0.5,7,2
6,0,560,462,457,63,gdm_early,0.5,7,2
6,1,39,37,28,37,gdm_early,0.5,7,2
6,2,600,549,536,280,gdm_early,0.5,7,2
7,0,560,505,498,106,gdm_early,0.5,7,2
7,1,39,37,28,37,gdm_early,0.5,7,2
7,2,600,577,563,308,gdm_early,0.5,7,2
8,0,560,509,500,106,gdm_early,0.5,7,2
8,1,39,37,28,37,gdm_early,0.5,7,2
8,2,600,585,571,308,gdm_early,0.5,7,2
9,0,560,529,517,126,gdm_early,0.5,7,2
9,1,39,38,28,38,gdm_early,0.5,7,2
9,2,600,585,571,308,gdm_early,0.5,7,2
10,0,560,531,519,126,gdm_early,0.5,7,2
10,1,39,38,28,38,gdm_early,0.5,7,2
10,2,600,593,579,308,gdm_early,0.5,7,2
1,0,447,30,29,30,gdm_early,0.5,7,3
1,1,366,0,0,0,gdm_early,0.5,7,3
1,2,384,129,128,129,gdm_early,0.5,7,3
2,0,447,30,29,30,gdm_early,0.5,7,3
2,1,366,63,63,0,gdm_early,0.5,7,3
2,2,384,142,141,142,gdm_early,0.5,7,3
3,0,447,126,125,56,gdm_early,0.5,7,3
3,1,366,179,179,0,gdm_early,0.5,7,3
3,2,384,257,251,257,gdm_early,0.5,7,3
4,0,447,209,203,94,gdm_early,0.5,7,3
4,1,366,300,299,0,gdm_early,0.5,7,3
4,2,384,261,255,257,gdm_early,0.5,7,3
5,0,447,292,285,130,gdm_early,0.5,7,3
5,1,366,308,303,0,gdm_early,0.5,7,3
5,2,384,288,282,258,gdm_early,0.5,7,3
6,0,447,414,404,148,gdm_early,0.5,7,3
6,1,366,308,303,0,gdm_early,0.5,7,3
6,2,384,303,297,258,gdm_early,0.5,7,3
7,0,447,421,411,150,gdm_early,0.5,7,3
7,1,366,315,308,6,gdm_early,0.5,7,3
7,2,384,303,297,258,gdm_early,0.5,7,3
8,0,447,430,420,154,gdm_early,0.5,7,3
8,1,366,316,309,7,gdm_early,0.5,7,3
8,2,384,337,331,258,gdm_early,0.5,7,3
9,0,447,435,423,159,gdm_early,0.5,7,3
9,1,366,320,312,11,gdm_early,0.5,7,3
9,2,384,340,333,258,gdm_early,0.5,7,3
10,0,447,435,423,159,gdm_early,0.5,7,3
10,1,366,333,325,24,gdm_early,0.5,7,3
10,2,384,358,346,263,gdm_early,0.5,7,3
1,0,427,177,177,177,gdm_early,0.5,7,4
1,1,98,0,0,0,gdm_early,0.5,7,4
1,2,674,2,2,0,gdm_early,0.5,7,4
2,0,427,345,343,345,gdm_early,0.5,7,4
2,1,98,28,28,0,gdm_early,0.5,7,4
2,2,674,255,255,0,gdm_early,0.5,7,4
3,0,427,365,359,365,gdm_early,0.5,7,4
3,1,98,61,61,0,gdm_early,0.5,7,4
3,2,674,427,425,0,gdm_early,0.5,7,4
4,0,427,389,360,389,gdm_early,0.5,7,4
4,1,98,78,78,0,gdm_early,0.5,7,4
4,2,674,559,555,0,gdm_early,0.5,7,4
5,0,427,407,360,407,gdm_early,0.5,7,4
5,1,98,85,84,0,gdm_early,0.5,7,4
5,2,674,561,557,0,gdm_early,0.5,7,4
6,0,427,411,360,411,gdm_early,0.5,7,4
6,1,98,90,87,0,gdm_early,0.5,7,4
6,2,674,561,557,0,gdm_early,0.5,7,4
7,0,427,420,361,420,gdm_early,0.5,7,4
7,1,98,90,87,0,gdm_early,0.5,7,4
7,2,674,593,587,32,gdm_early,0.5,7,4
8,0,427,420,361,420,gdm_early,0.5,7,4
8,1,98,90,87,0,gdm_early,0.5,7,4
8,2,674,593,587,32,gdm_early,0.5,7,4
9,0,427,420,361,420,gdm_early,0.5,7,4
9,1,98,93,90,3,gdm_early,0.5,7,4
9,2,674,621,611,60,gdm_early,0.5,7,4
10,0,427,420,361,420,gdm_early,0.5,7,4
10,1,98,93,90,3,gdm_early,0.5,7,4
10,2,674,621,611,60,gdm_early,0.5,7,4
1,0,201,19,19,0,gdm_early,0.5,8,0
1,1,447,61,61,0,gdm_early,0.5,8,0
1,2,551,223,221,223,gdm_early,0.5,8,0
2,0,201,41,41,0,gdm_early,0.5,8,0
2,1,447,213,213,0,gdm_early,0.5,8,0
2,2,551,333,330,333,gdm_early,0.5,8,0
3,0,201,129,127,0,gdm_early,0.5,8,0
3,1,447,344,342,0,gdm_early,0.5,8,0
3,2,551,369,366,369,gdm_early,0.5,8,0
4,0,201,157,155,0,gdm_early,0.5,8,0
4,1,447,409,407,0,gdm_early,0.5,8,0
4,2,551,396,392,396,gdm_early,0.5,8,0
5,0,201,161,159,0,gdm_early,0.5,8,0
5,1,447,412,409,0,gdm_early,0.5,8,0
5,2,551,398,393,398,gdm_early,0.5,8,0
6,0,201,163,159,2,gdm_early,0.5,8,0
6,1,447,412,409,0,gdm_early,0.5,8,0
6,2,551,404,393,404,gdm_early,0.5,8,0
7,0,201,175,170,14,gdm_early,0.5,8,0
7,1,447,412,409,0,gdm_early,0.5,8,0
7,2,551,424,401,417,gdm_early,0.5,8,0
8,0,201,178,173,17,gdm_early,0.5,8,0
8,1,447,413,410,0,gdm_early,0.5,8,0
8,2,551,444,402,437,gdm_early,0.5,8,0
9,0,201,188,182,27,gdm_early,0.5,8,0
9,1,447,413,410,0,gdm_early,0.5,8,0
9,2,551,444,402,437,gdm_early,0.5,8,0
10,0,201,189,182,27,gdm_early,0.5,8,0
10,1,447,413,410,0,gdm_early,0.5,8,0
10,2,551,444,402,437,gdm_early,0.5,8,0
1,0,189,0,0,0,gdm_early,0.5,8,1
1,1,274,135,134,135,gdm_early,0.5,8,1
1,2,736,55,53,55,gdm_early,0.5,8,1
2,0,189,110,110,0,gdm_early,0.5,8,1
2,1,274,182,180,182,gdm_early,0.5,8,1
2,2,736,59,57,55,gdm_early,0.5,8,1
3,0,189,182,180,0,gdm_early,0.5,8,1
3,1,274,219,217,219,gdm_early,0.5,8,1
3,2,736,170,167,72,gdm_early,0.5,8,1
4,0,189,184,182,0,gdm_early,0.5,8,1
4,1,274,249,227,249,gdm_early,0.5,8,1
4,2,736,532,522,149,gdm_early,0.5,8,1
5,0,189,185,183,0,gdm_early,0.5,8,1
5,1,274,262,231,262,gdm_early,0.5,8,1
5,2,736,624,613,181,gdm_early,0.5,8,1
6,0,189,185,183,0,gdm_early,0.5,8,1
6,1,274,262,231,262,gdm_early,0.5,8,1
6,2,736,676,663,187,gdm_early,0.5,8,1
7,0,189,185,183,0,gdm_early,0.5,8,1
7,1,274,266,231,266,gdm_early,0.5,8,1
7,2,736,690,675,201,gdm_early,0.5,8,1
8,0,189,185,183,0,gdm_early,0.5,8,1
8,1,274,266,231,266,gdm_early,0.5,8,1
8,2,736,704,687,214,gdm_early,0.5,8,1
9,0,189,185,183,0,gdm_early,0.5,8,1
9,1,274,274,231,274,gdm_early,0.5,8,1
9,2,736,721,701,231,gdm_early,0.5,8,1
10,0,189,185,183,0,gdm_early,0.5,8,1
10,1,274,274,231,274,gdm_early,0.5,8,1
10,2,736,723,702,232,gdm_early,0.5,8,1
1,0,424,159,157,159,gdm_early,0.5,8,2
1,1,648,94,94,0,gdm_early,0.5,8,2
1,2,128,47,47,47,gdm_early,0.5,8,2
2,0,424,223,220,223,gdm_early,0.5,8,2
2,1,648,464,461,0,gdm_early,0.5,8,2
2,2,128,51,51,51,gdm_early,0.5,8,2
3,0,424,329,322,329,gdm_early,0.5,8,2
3,1,648,560,557,0,gdm_early,0.5,8,2
3,2,128,84,83,84,gdm_early,0.5,8,2
4,0,424,337,323,337,gdm_early,0.5,8,2
4,1,648,587,581,0,gdm_early,0.5,8,2
4,2,128,85,83,85,gdm_early,0.5,8,2
5,0,424,359,324,359,gdm_early,0.5,8,2
5,1,648,590,584,0,gdm_early,0.5,8,2
5,2,128,86,84,86,gdm_early,0.5,8,2
6,0,424,372,326,372,gdm_early,0.5,8,2
6,1,648,590,584,0,gdm_early,0.5,8,2
6,2,128,94,92,90,gdm_early,0.5,8,2
7,0,424,385,327,385,gdm_early,0.5,8,2
7,1,648,590,584,0,gdm_early,0.5,8,2
7,2,128,97,93,93,gdm_early,0.5,8,2
8,0,424,387,327,387,gdm_early,0.5,8,2
8,1,648,590,584,0,gdm_early,0.5,8,2
8,2,128,100,94,95,gdm_early,0.5,8,2
9,0,424,388,327,388,gdm_early,0.5,8,2
9,1,648,590,584,0,gdm_early,0.5,8,2
9,2,128,101,94,96,gdm_early,0.5,8,2
10,0,424,389,327,389,gdm_early,0.5,8,2
10,1,648,591,585,1,gdm_early,0.5,8,2
10,2,128,101,94,96,gdm_early,0.5,8,2
1,0,626,49,49,0,gdm_early,0.5,8,3
1,1,227,174,174,174,gdm_early,0.5,8,3
1,2,346,82,80,82,gdm_early,0.5,8,3
2,0,626,376,375,0,gdm_early,0.5,8,3
2,1,227,223,220,223,gdm_early,0.5,8,3
2,2,346,187,184,187,gdm_early,0.5,8,3
3,0,626,585,582,0,gdm_early,0.5,8,3
3,1,227,227,220,227,gdm_early,0.5,8,3
3,2,346,213,208,213,gdm_early,0.5,8,3
4,0,626,607,603,0,gdm_early,0.5,8,3
4,1,227,227,220,227,gdm_early,0.5,8,3
4,2,346,233,228,233,gdm_early,0.5,8,3
5,0,626,612,606,0,gdm_early,0.5,8,3
5,1,227,227,220,227,gdm_early,0.5,8,3
5,2,346,236,230,236,gdm_early,0.5,8,3
6,0,626,612,606,0,gdm_early,0.5,8,3
6,1,227,227,220,227,gdm_early,0.5,8,3
6,2,346,243,230,243,gdm_early,0.5,8,3
7,0,626,612,606,0,gdm_early,0.5,8,3
7,1,227,227,220,227,gdm_early,0.5,8,3
7,2,346,252,230,252,gdm_early,0.5,8,3
8,0,626,612,606,0,gdm_early,0.5,8,3
8,1,227,227,220,227,gdm_early,0.5,8,3
8,2,346,257,230,257,gdm_early,0.5,8,3
9,0,626,612,606,0,gdm_early,0.5,8,3
9,1,227,227,220,227,gdm_early,0.5,8,3
9,2,346,259,230,259,gdm_early,0.5,8,3
10,0,626,612,606,0,gdm_early,0.5,8,3
10,1,227,227,220,227,gdm_early,0.5,8,3
10,2,346,277,230,277,gdm_early,0.5,8,3
1,0,818,48,47,46,gdm_early,0.5,8,4
1,1,319,102,101,102,gdm_early,0.5,8,4
1,2,62,26,26,26,gdm_early,0.5,8,4
2,0,818,58,57,46,gdm_early,0.5,8,4
2,1,319,102,101,102,gdm_early,0.5,8,4
2,2,62,35,35,35,gdm_early,0.5,8,4
3,0,818,351,346,96,gdm_early,0.5,8,4
3,1,319,162,159,152,gdm_early,0.5,8,4
3,2,62,50,50,50,gdm_early,0.5,8,4
4,0,818,642,637,96,gdm_early,0.5,8,4
4,1,319,210,207,152,gdm_early,0.5,8,4
4,2,62,62,56,62,gdm_early,0.5,8,4
5,0,818,752,743,206,gdm_early,0.5,8,4
5,1,319,243,237,185,gdm_early,0.5,8,4
5,2,62,62,56,62,gdm_early,0.5,8,4
6,0,818,779,769,206,gdm_early,0.5,8,4
6,1,319,310,300,185,gdm_early,0.5,8,4
6,2,62,62,56,62,gdm_early,0.5,8,4
7,0,818,794,781,221,gdm_early,0.5,8,4
7,1,319,311,301,186,gdm_early,0.5,8,4
7,2,62,62,56,62,gdm_early,0.5,8,4
8,0,818,797,784,222,gdm_early,0.5,8,4
8,1,319,319,308,186,gdm_early,0.5,8,4
8,2,62,62,56,62,gdm_early,0.5,8,4
9,0,818,811,794,236,gdm_early,0.5,8,4
9,1,319,319,308,186,gdm_early,0.5,8,4
9,2,62,62,56,62,gdm_early,0.5,8,4
10,0,818,813,795,236,gdm_early,0.5,8,4
10,1,319,319,308,186,gdm_early,0.5,8,4
10,2,62,62,56,62,gdm_early,0.5,8,4
1,0,212,176,174,176,gdm_early,0.5,9,0
1,1,350,111,111,111,gdm_early,0.5,9,0
1,2,636,84,84,0,gdm_early,0.5,9,0
2,0,212,210,208,210,gdm_early,0.5,9,0
2,1,350,195,194,195,gdm_early,0.5,9,0
2,2,636,341,340,0,gdm_early,0.5,9,0
3,0,212,212,209,212,gdm_early,0.5,9,0
3,1,350,215,214,215,gdm_early,0.5,9,0
3,2,636,596,594,0,gdm_early,0.5,9,0
4,0,212,212,209,212,gdm_early,0.5,9,0
4,1,350,234,232,234,gdm_early,0.5,9,0
4,2,636,615,612,0,gdm_early,0.5,9,0
5,0,212,212,209,212,gdm_early,0.5,9,0
5,1,350,240,238,240,gdm_early,0.5,9,0
5,2,636,620,615,0,gdm_early,0.5,9,0
6,0,212,212,209,212,gdm_early,0.5,9,0
6,1,350,242,240,242,gdm_early,0.5,9,0
6,2,636,621,615,0,gdm_early,0.5,9,0
7,0,212,212,209,212,gdm_early,0.5,9,0
7,1,350,242,240,242,gdm_early,0.5,9,0
7,2,636,621,615,0,gdm_early,0.5,9,0
8,0,212,212,209,212,gdm_early,0.5,9,0
8,1,350,242,240,242,gdm_early,0.5,9,0
8,2,636,621,615,0,gdm_early,0.5,9,0
9,0,212,212,209,212,gdm_early,0.5,9,0
9,1,350,245,243,242,gdm_early,0.5,9,0
9,2,636,621,615,0,gdm_early,0.5,9,0
10,0,212,212,209,212,gdm_early,0.5,9,0
10,1,350,246,244,242,gdm_early,0.5,9,0
10,2,636,621,615,0,gdm_early,0.5,9,0
1,0,158,0,0,0,gdm_early,0.5,9,1
1,1,178,10,10,10,gdm_early,0.5,9,1
1,2,862,194,191,194,gdm_early,0.5,9,1
2,0,158,40,40,0,gdm_early,0.5,9,1
2,1,178,60,60,10,gdm_early,0.5,9,1
2,2,862,194,191,194,gdm_early,0.5,9,1
3,0,158,91,91,0,gdm_early,0.5,9,1
3,1,178,105,104,18,gdm_early,0.5,9,1
3,2,862,473,466,267,gdm_early,0.5,9,1
4,0,158,118,118,0,gdm_early,0.5,9,1
4,1,178,140,138,18,gdm_early,0.5,9,1
4,2,862,569,559,267,gdm_early,0.5,9,1
5,0,158,133,132,9,gdm_early,0.5,9,1
5,1,178,155,152,33,gdm_early,0.5,9,1
5,2,862,710,693,390,gdm_early,0.5,9,1
6,0,158,142,140,9,gdm_early,0.5,9,1
6,1,178,170,164,33,gdm_early,0.5,9,1
6,2,862,754,735,406,gdm_early,0.5,9,1
7,0,158,151,148,18,gdm_early,0.5,9,1
7,1,178,174,168,37,gdm_early,0.5,9,1
7,2,862,821,799,412,gdm_early,0.5,9,1
8,0,158,151,148,18,gdm_early,0.5,9,1
8,1,178,174,168,37,gdm_early,0.5,9,1
8,2,862,822,799,412,gdm_early,0.5,9,1
9,0,158,156,153,23,gdm_early,0.5,9,1
9,1,178,178,172,41,gdm_early,0.5,9,1
9,2,862,856,832,414,gdm_early,0.5,9,1
10,0,158,156,153,23,gdm_early,0.5,9,1
10,1,178,178,172,41,gdm_early,0.5,9,1
10,2,862,856,832,414,gdm_early,0.5,9,1
1,0,225,0,0,0,gdm_early,0.5,9,2
1,1,47,0,0,0,gdm_early,0.5,9,2
1,2,927,160,158,160,gdm_early,0.5,9,2
2,0,225,65,65,0,gdm_early,0.5,9,2
2,1,47,0,0,0,gdm_early,0.5,9,2
2,2,927,172,170,162,gdm_early,0.5,9,2
3,0,225,102,102,0,gdm_early,0.5,9,2
3,1,47,0,0,0,gdm_early,0.5,9,2
3,2,927,523,517,238,gdm_early,0.5,9,2
4,0,225,114,114,0,gdm_early,0.5,9,2
4,1,47,9,9,0,gdm_early,0.5,9,2
4,2,927,565,558,243,gdm_early,0.5,9,2
5,0,225,157,157,6,gdm_early,0.5,9,2
5,1,47,28,28,0,gdm_early,0.5,9,2
5,2,927,797,784,363,gdm_early,0.5,9,2
6,0,225,185,185,6,gdm_early,0.5,9,2
6,1,47,38,36,0,gdm_early,0.5,9,2
6,2,927,858,843,396,gdm_early,0.5,9,2
7,0,225,207,204,27,gdm_early,0.5,9,2
7,1,47,44,42,6,gdm_early,0.5,9,2
7,2,927,889,872,423,gdm_early,0.5,9,2
8,0,225,207,204,27,gdm_early,0.5,9,2
8,1,47,45,42,7,gdm_early,0.5,9,2
8,2,927,905,888,424,gdm_early,0.5,9,2
9,0,225,216,212,36,gdm_early,0.5,9,2
9,1,47,47,43,9,gdm_early,0.5,9,2
9,2,927,908,891,426,gdm_early,0.5,9,2
10,0,225,216,212,36,gdm_early,0.5,9,2
10,1,47,47,43,9,gdm_early,0.5,9,2
10,2,927,914,895,426,gdm_early,0.5,9,2
1,0,236,161,161,161,gdm_early,0.5,9,3
1,1,446,85,82,85,gdm_early,0.5,9,3
1,2,517,88,88,0,gdm_early,0.5,9,3
2,0,236,218,217,218,gdm_early,0.5,9,3
2,1,446,135,132,86,gdm_early,0.5,9,3
2,2,517,414,412,0,gdm_early,0.5,9,3
3,0,236,222,217,222,gdm_early,0.5,9,3
3,1,446,272,267,155,gdm_early,0.5,9,3
3,2,517,461,459,0,gdm_early,0.5,9,3
4,0,236,236,217,236,gdm_early,0.5,9,3
4,1,446,379,371,155,gdm_early,0.5,9,3
4,2,517,471,467,0,gdm_early,0.5,9,3
5,0,236,236,217,236,gdm_early,0.5,9,3
5,1,446,410,402,186,gdm_early,0.5,9,3
5,2,517,471,467,0,gdm_early,0.5,9,3
6,0,236,236,217,236,gdm_early,0.5,9,3
6,1,446,417,409,187,gdm_early,0.5,9,3
6,2,517,472,468,0,gdm_early,0.5,9,3
7,0,236,236,217,236,gdm_early,0.5,9,3
7,1,446,434,425,204,gdm_early,0.5,9,3
7,2,517,472,468,0,gdm_early,0.5,9,3
8,0,236,236,217,236,gdm_early,0.5,9,3
8,1,446,435,425,204,gdm_early,0.5,9,3
8,2,517,474,470,0,gdm_early,0.5,9,3
9,0,236,236,217,236,gdm_early,0.5,9,3
9,1,446,443,432,212,gdm_early,0.5,9,3
9,2,517,474,470,0,gdm_early,0.5,9,3
10,0,236,236,217,236,gdm_early,0.5,9,3
10,1,446,443,432,212,gdm_early,0.5,9,3
10,2,517,476,472,0,gdm_early,0.5,9,3
1,0,874,7,7,0,gdm_early,0.5,9,4
1,1,95,33,33,33,gdm_early,0.5,9,4
1,2,229,88,88,88,gdm_early,0.5,9,4
2,0,874,234,234,0,gdm_early,0.5,9,4
2,1,95,66,66,66,gdm_early,0.5,9,4
2,2,229,188,187,188,gdm_early,0.5,9,4
3,0,874,609,609,0,gdm_early,0.5,9,4
3,1,95,87,83,87,gdm_early,0.5,9,4
3,2,229,212,201,212,gdm_early,0.5,9,4
4,0,874,675,675,0,gdm_early,0.5,9,4
4,1,95,90,84,90,gdm_early,0.5,9,4
4,2,229,219,201,219,gdm_early,0.5,9,4
5,0,874,678,678,3,gdm_early,0.5,9,4
5,1,95,95,84,95,gdm_early,0.5,9,4
5,2,229,229,204,229,gdm_early,0.5,9,4
6,0,874,747,744,70,gdm_early,0.5,9,4
6,1,95,95,84,95,gdm_early,0.5,9,4
6,2,229,229,204,229,gdm_early,0.5,9,4
7,0,874,768,764,91,gdm_early,0.5,9,4
7,1,95,95,84,95,gdm_early,0.5,9,4
7,2,229,229,204,229,gdm_early,0.5,9,4
8,0,874,823,818,146,gdm_early,0.5,9,4
8,1,95,95,84,95,gdm_early,0.5,9,4
8,2,229,229,204,229,gdm_early,0.5,9,4
9,0,874,829,824,152,gdm_early,0.5,9,4
9,1,95,95,84,95,gdm_early,0.5,9,4
9,2,229,229,204,229,gdm_early,0.5,9,4
10,0,874,850,840,173,gdm_early,0.5,9,4
10,1,95,95,84,95,gdm_early,0.5,9,4
10,2,229,229,204,229,gdm_early,0.5,9,4
1,0,221,0,0,0,gdm_early,0.7,0,0
1,1,1018,98,97,98,gdm_early,0.7,0,0
1,2,439,71,68,71,gdm_early,0.7,0,0
2,0,221,79,79,0,gdm_early,0.7,0,0
2,1,1018,98,97,98,gdm_early,0.7,0,0
2,2,439,74,71,74,gdm_early,0.7,0,0
3,0,221,192,192,0,gdm_early,0.7,0,0
3,1,1018,474,470,170,gdm_early,0.7,0,0
3,2,439,270,263,201,gdm_early,0.7,0,0
4,0,221,210,209,0,gdm_early,0.7,0,0
4,1,1018,709,701,182,gdm_early,0.7,0,0
4,2,439,316,305,225,gdm_early,0.7,0,0
5,0,221,212,209,0,gdm_early,0.7,0,0
5,1,1018,924,911,383,gdm_early,0.7,0,0
5,2,439,398,386,225,gdm_early,0.7,0,0
6,0,221,212,209,0,gdm_early,0.7,0,0
6,1,1018,949,934,408,gdm_early,0.7,0,0
6,2,439,432,418,225,gdm_early,0.7,0,0
7,0,221,212,209,0,gdm_early,0.7,0,0
7,1,1018,960,943,419,gdm_early,0.7,0,0
7,2,439,433,418,225,gdm_early,0.7,0,0
8,0,221,212,209,0,gdm_early,0.7,0,0
8,1,1018,960,943,419,gdm_early,0.7,0,0
8,2,439,433,418,225,gdm_early,0.7,0,0
9,0,221,212,209,0,gdm_early,0.7,0,0
9,1,1018,967,950,419,gdm_early,0.7,0,0
9,2,439,433,418,225,gdm_early,0.7,0,0
10,0,221,212,209,0,gdm_early,0.7,0,0
10,1,1018,969,952,419,gdm_early,0.7,0,0
10,2,439,434,418,225,gdm_early,0.7,0,0
1,0,532,115,114,115,gdm_early,0.7,0,1
1,1,264,88,87,88,gdm_early,0.7,0,1
1,2,882,83,83,0,gdm_early,0.7,0,1
2,0,532,123,122,115,gdm_early,0.7,0,1
2,1,264,184,183,184,gdm_early,0.7,0,1
2,2,882,189,189,0,gdm_early,0.7,0,1
3,0,532,299,295,167,gdm_early,0.7,0,1
3,1,264,208,207,208,gdm_early,0.7,0,1
3,2,882,485,485,3,gdm_early,0.7,0,1
4,0,532,366,362,171,gdm_early,0.7,0,1
4,1,264,218,208,218,gdm_early,0.7,0,1
4,2,882,667,665,3,gdm_early,0.7,0,1
5,0,532,443,435,238,gdm_early,0.7,0,1
5,1,264,233,208,233,gdm_early,0.7,0,1
5,2,882,776,767,102,gdm_early,0.7,0,1
6,0,532,514,505,262,gdm_early,0.7,0,1
6,1,264,243,208,243,gdm_early,0.7,0,1
6,2,882,780,771,104,gdm_early,0.7,0,1
7,0,532,521,511,268,gdm_early,0.7,0,1
7,1,264,251,209,251,gdm_early,0.7,0,1
7,2,882,822,809,146,gdm_early,0.7,0,1
8,0,532,523,513,268,gdm_early,0.7,0,1
8,1,264,251,209,251,gdm_early,0.7,0,1
8,2,882,825,811,146,gdm_early,0.7,0,1
9,0,532,527,516,272,gdm_early,0.7,0,1
9,1,264,251,209,251,gdm_early,0.7,0,1
9,2,882,859,838,180,gdm_early,0.7,0,1
10,0,532,529,518,272,gdm_early,0.7,0,1
10,1,264,252,209,252,gdm_early,0.7,0,1
10,2,882,861,839,180,gdm_early,0.7,0,1
1,0,1172,156,156,142,gdm_early,0.7,0,2
1,1,183,89,89,89,gdm_early,0.7,0,2
1,2,323,20,20,0,gdm_early,0.7,0,2
2,0,1172,171,171,142,gdm_early,0.7,0,2
2,1,183,170,169,170,gdm_early,0.7,0,2
2,2,323,178,178,0,gdm_early,0.7,0,2
3,0,1172,628,624,235,gdm_early,0.7,0,2
3,1,183,175,170,175,gdm_early,0.7,0,2
3,2,323,307,305,0,gdm_early,0.7,0,2
4,0,1172,811,805,235,gdm_early,0.7,0,2
4,1,183,182,171,182,gdm_early,0.7,0,2
4,2,323,311,308,0,gdm_early,0.7,0,2
5,0,1172,1033,1010,406,gdm_early,0.7,0,2
5,1,183,183,171,183,gdm_early,0.7,0,2
5,2,323,314,310,0,gdm_early,0.7,0,2
6,0,1172,1073,1050,406,gdm_early,0.7,0,2
6,1,183,183,171,183,gdm_early,0.7,0,2
6,2,323,314,310,0,gdm_early,0.7,0,2
7,0,1172,1148,1121,481,gdm_early,0.7,0,2
7,1,183,183,171,183,gdm_early,0.7,0,2
7,2,323,314,310,0,gdm_early,0.7,0,2
8,0,1172,1155,1128,488,gdm_early,0.7,0,2
8,1,183,183,171,183,gdm_early,0.7,0,2
8,2,323,314,310,0,gdm_early,0.7,0,2
9,0,1172,1158,1130,488,gdm_early,0.7,0,2
9,1,183,183,171,183,gdm_early,0.7,0,2
9,2,323,314,310,0,gdm_early,0.7,0,2
10,0,1172,1163,1132,493,gdm_early,0.7,0,2
10,1,183,183,171,183,gdm_early,0.7,0,2
10,2,323,314,310,0,gdm_early,0.7,0,2
1,0,1019,198,194,198,gdm_early,0.7,0,3
1,1,191,61,60,61,gdm_early,0.7,0,3
1,2,468,0,0,0,gdm_early,0.7,0,3
2,0,1019,201,197,198,gdm_early,0.7,0,3
2,1,191,61,60,61,gdm_early,0.7,0,3
2,2,468,49,49,0,gdm_early,0.7,0,3
3,0,1019,572,565,261,gdm_early,0.7,0,3
3,1,191,101,100,101,gdm_early,0.7,0,3
3,2,468,250,250,1,gdm_early,0.7,0,3
4,0,1019,705,696,267,gdm_early,0.7,0,3
4,1,191,107,106,107,gdm_early,0.7,0,3
4,2,468,321,321,2,gdm_early,0.7,0,3
5,0,1019,844,832,315,gdm_early,0.7,0,3
5,1,191,118,117,112,gdm_early,0.7,0,3
5,2,468,421,416,70,gdm_early,0.7,0,3
6,0,1019,959,942,408,gdm_early,0.7,0,3
6,1,191,130,129,116,gdm_early,0.7,0,3
6,2,468,433,428,74,gdm_early,0.7,0,3
7,0,1019,973,953,411,gdm_early,0.7,0,3
7,1,191,162,161,116,gdm_early,0.7,0,3
7,2,468,442,434,83,gdm_early,0.7,0,3
8,0,1019,1005,978,443,gdm_early,0.7,0,3
8,1,191,168,167,116,gdm_early,0.7,0,3
8,2,468,456,446,97,gdm_early,0.7,0,3
9,0,1019,1012,984,450,gdm_early,0.7,0,3
9,1,191,190,189,116,gdm_early,0.7,0,3
9,2,468,458,447,97,gdm_early,0.7,0,3
10,0,1019,1013,984,451,gdm_early,0.7,0,3
10,1,191,190,189,116,gdm_early,0.7,0,3
10,2,468,458,447,97,gdm_early,0.7,0,3
1,0,634,169,168,169,gdm_early,0.7,0,4
1,1,70,0,0,0,gdm_early,0.7,0,4
1,2,974,0,0,0,gdm_early,0.7,0,4
2,0,634,176,174,176,gdm_early,0.7,0,4
2,1,70,2,2,0,gdm_early,0.7,0,4
2,2,974,1,1,0,gdm_early,0.7,0,4
3,0,634,309,302,292,gdm_early,0.7,0,4
3,1,70,46,45,0,gdm_early,0.7,0,4
3,2,974,305,305,13,gdm_early,0.7,0,4
4,0,634,430,420,377,gdm_early,0.7,0,4
4,1,70,59,58,0,gdm_early,0.7,0,4
4,2,974,593,592,13,gdm_early,0.7,0,4
5,0,634,454,442,401,gdm_early,0.7,0,4
5,1,70,67,63,0,gdm_early,0.7,0,4
5,2,974,809,805,128,gdm_early,0.7,0,4
6,0,634,540,527,405,gdm_early,0.7,0,4
6,1,70,67,63,0,gdm_early,0.7,0,4
6,2,974,859,850,152,gdm_early,0.7,0,4
7,0,634,541,527,406,gdm_early,0.7,0,4
7,1,70,67,63,0,gdm_early,0.7,0,4
7,2,974,923,910,216,gdm_early,0.7,0,4
8,0,634,615,598,406,gdm_early,0.7,0,4
8,1,70,67,63,0,gdm_early,0.7,0,4
8,2,974,926,911,216,gdm_early,0.7,0,4
9,0,634,615,598,406,gdm_early,0.7,0,4
9,1,70,67,63,0,gdm_early,0.7,0,4
9,2,974,961,944,251,gdm_early,0.7,0,4
10,0,634,629,611,406,gdm_early,0.7,0,4
10,1,70,67,63,0,gdm_early,0.7,0,4
10,2,974,961,944,251,gdm_early,0.7,0,4
1,0,782,14,14,0,gdm_early,0.7,1,0
1,1,174,107,107,107,gdm_early,0.7,1,0
1,2,721,100,100,94,gdm_early,0.7,1,0
2,0,782,84,84,0,gdm_early,0.7,1,0
2,1,174,170,168,170,gdm_early,0.7,1,0
2,2,721,184,184,97,gdm_early,0.7,1,0
3,0,782,365,363,1,gdm_early,0.7,1,0
3,1,174,174,168,174,gdm_early,0.7,1,0
3,2,721,332,330,120,gdm_early,0.7,1,0
4,0,782,587,583,13,gdm_early,0.7,1,0
4,1,174,174,168,174,gdm_early,0.7,1,0
4,2,721,501,496,176,gdm_early,0.7,1,0
5,0,782,700,690,124,gdm_early,0.7,1,0
5,1,174,174,168,174,gdm_early,0.7,1,0
5,2,721,642,632,228,gdm_early,0.7,1,0
6,0,782,731,720,154,gdm_early,0.7,1,0
6,1,174,174,168,174,gdm_early,0.7,1,0
6,2,721,701,684,287,gdm_early,0.7,1,0
7,0,782,731,720,154,gdm_early,0.7,1,0
7,1,174,174,168,174,gdm_early,0.7,1,0
7,2,721,712,694,298,gdm_early,0.7,1,0
8,0,782,743,731,164,gdm_early,0.7,1,0
8,1,174,174,168,174,gdm_early,0.7,1,0
8,2,721,712,694,298,gdm_early,0.7,1,0
9,0,782,758,746,179,gdm_early,0.7,1,0
9,1,174,174,168,174,gdm_early,0.7,1,0
9,2,721,712,694,298,gdm_early,0.7,1,0
10,0,782,762,748,179,gdm_early,0.7,1,0
10,1,174,174,168,174,gdm_early,0.7,1,0
10,2,721,717,699,303,gdm_early,0.7,1,0
1,0,372,23,23,23,gdm_early,0.7,1,1
1,1,737,65,64,65,gdm_early,0.7,1,1
1,2,569,83,82,83,gdm_early,0.7,1,1
2,0,372,23,23,23,gdm_early,0.7,1,1
2,1,737,67,66,67,gdm_early,0.7,1,1
2,2,569,122,121,109,gdm_early,0.7,1,1
3,0,372,114,110,51,gdm_early,0.7,1,1
3,1,737,177,172,111,gdm_early,0.7,1,1
3,2,569,320,318,134,gdm_early,0.7,1,1
4,0,372,219,214,71,gdm_early,0.7,1,1
4,1,737,516,508,187,gdm_early,0.7,1,1
4,2,569,452,446,172,gdm_early,0.7,1,1
5,0,372,292,286,71,gdm_early,0.7,1,1
5,1,737,633,625,192,gdm_early,0.7,1,1
5,2,569,491,482,172,gdm_early,0.7,1,1
6,0,372,342,332,115,gdm_early,0.7,1,1
6,1,737,692,681,239,gdm_early,0.7,1,1
6,2,569,567,555,247,gdm_early,0.7,1,1
7,0,372,356,346,129,gdm_early,0.7,1,1
7,1,737,695,683,242,gdm_early,0.7,1,1
7,2,569,567,555,247,gdm_early,0.7,1,1
8,0,372,369,358,142,gdm_early,0.7,1,1
8,1,737,726,711,273,gdm_early,0.7,1,1
8,2,569,567,555,247,gdm_early,0.7,1,1
9,0,372,369,358,142,gdm_early,0.7,1,1
9,1,737,728,713,275,gdm_early,0.7,1,1
9,2,569,567,555,247,gdm_early,0.7,1,1
10,0,372,371,359,144,gdm_early,0.7,1,1
10,1,737,731,715,278,gdm_early,0.7,1,1
10,2,569,568,556,247,gdm_early,0.7,1,1
1,0,325,64,63,64,gdm_early,0.7,1,2
1,1,290,0,0,0,gdm_early,0.7,1,2
1,2,1062,51,51,51,gdm_early,0.7,1,2
2,0,325,95,93,95,gdm_early,0.7,1,2
2,1,290,1,1,1,gdm_early,0.7,1,2
2,2,1062,60,60,60,gdm_early,0.7,1,2
3,0,325,184,182,157,gdm_early,0.7,1,2
3,1,290,145,143,36,gdm_early,0.7,1,2
3,2,1062,420,414,173,gdm_early,0.7,1,2
4,0,325,216,213,177,gdm_early,0.7,1,2
4,1,290,207,203,62,gdm_early,0.7,1,2
4,2,1062,558,543,311,gdm_early,0.7,1,2
5,0,325,304,300,178,gdm_early,0.7,1,2
5,1,290,251,246,65,gdm_early,0.7,1,2
5,2,1062,838,821,344,gdm_early,0.7,1,2
6,0,325,317,310,191,gdm_early,0.7,1,2
6,1,290,263,256,73,gdm_early,0.7,1,2
6,2,1062,937,918,368,gdm_early,0.7,1,2
7,0,325,321,314,191,gdm_early,0.7,1,2
7,1,290,264,257,74,gdm_early,0.7,1,2
7,2,1062,968,947,378,gdm_early,0.7,1,2
8,0,325,321,314,191,gdm_early,0.7,1,2
8,1,290,264,257,74,gdm_early,0.7,1,2
8,2,1062,1020,999,379,gdm_early,0.7,1,2
9,0,325,322,314,191,gdm_early,0.7,1,2
9,1,290,272,265,82,gdm_early,0.7,1,2
9,2,1062,1030,1008,380,gdm_early,0.7,1,2
10,0,325,322,314,191,gdm_early,0.7,1,2
10,1,290,273,266,83,gdm_early,0.7,1,2
10,2,1062,1037,1015,380,gdm_early,0.7,1,2
1,0,307,126,126,126,gdm_early,0.7,1,3
1,1,331,0,0,0,gdm_early,0.7,1,3
1,2,1040,0,0,0,gdm_early,0.7,1,3
2,0,307,285,285,285,gdm_early,0.7,1,3
2,1,331,58,58,0,gdm_early,0.7,1,3
2,2,1040,18,18,0,gdm_early,0.7,1,3
3,0,307,306,294,306,gdm_early,0.7,1,3
3,1,331,194,193,0,gdm_early,0.7,1,3
3,2,1040,492,489,104,gdm_early,0.7,1,3
4,0,307,307,294,307,gdm_early,0.7,1,3
4,1,331,260,258,0,gdm_early,0.7,1,3
4,2,1040,790,778,219,gdm_early,0.7,1,3
5,0,307,307,294,307,gdm_early,0.7,1,3
5,1,331,289,283,0,gdm_early,0.7,1,3
5,2,1040,936,920,249,gdm_early,0.7,1,3
6,0,307,307,294,307,gdm_early,0.7,1,3
6,1,331,289,283,0,gdm_early,0.7,1,3
6,2,1040,1021,1001,322,gdm_early,0.7,1,3
7,0,307,307,294,307,gdm_early,0.7,1,3
7,1,331,289,283,0,gdm_early,0.7,1,3
7,2,1040,1028,1007,324,gdm_early,0.7,1,3
8,0,307,307,294,307,gdm_early,0.7,1,3
8,1,331,289,283,0,gdm_early,0.7,1,3
8,2,1040,1029,1007,325,gdm_early,0.7,1,3
9,0,307,307,294,307,gdm_early,0.7,1,3
9,1,331,289,283,0,gdm_early,0.7,1,3
9,2,1040,1032,1008,327,gdm_early,0.7,1,3
10,0,307,307,294,307,gdm_early,0.7,1,3
10,1,331,289,283,0,gdm_early,0.7,1,3
10,2,1040,1034,1009,329,gdm_early,0.7,1,3
1,0,468,0,0,0,gdm_early,0.7,1,4
1,1,971,248,245,248,gdm_early,0.7,1,4
1,2,239,1,1,0,gdm_early,0.7,1,4
2,0,468,205,205,0,gdm_early,0.7,1,4
2,1,971,251,248,248,gdm_early,0.7,1,4
2,2,239,50,50,0,gdm_early,0.7,1,4
3,0,468,330,330,0,gdm_early,0.7,1,4
3,1,971,479,473,476,gdm_early,0.7,1,4
3,2,239,62,62,0,gdm_early,0.7,1,4
4,0,468,416,412,0,gdm_early,0.7,1,4
4,1,971,751,742,476,gdm_early,0.7,1,4
4,2,239,138,136,0,gdm_early,0.7,1,4
5,0,468,418,414,0,gdm_early,0.7,1,4
5,1,971,830,818,555,gdm_early,0.7,1,4
5,2,239,145,143,0,gdm_early,0.7,1,4
6,0,468,421,416,0,gdm_early,0.7,1,4
6,1,971,941,927,555,gdm_early,0.7,1,4
6,2,239,180,177,0,gdm_early,0.7,1,4
7,0,468,436,427,15,gdm_early,0.7,1,4
7,1,971,947,930,561,gdm_early,0.7,1,4
7,2,239,211,207,31,gdm_early,0.7,1,4
8,0,468,436,427,15,gdm_early,0.7,1,4
8,1,971,947,930,561,gdm_early,0.7,1,4
8,2,239,213,209,31,gdm_early,0.7,1,4
9,0,468,442,433,21,gdm_early,0.7,1,4
9,1,971,947,930,561,gdm_early,0.7,1,4
9,2,239,223,216,41,gdm_early,0.7,1,4
10,0,468,445,436,21,gdm_early,0.7,1,4
10,1,971,969,950,561,gdm_early,0.7,1,4
10,2,239,223,216,41,gdm_early,0.7,1,4
1,0,1017,15,15,0,gdm_early,0.7,2,0
1,1,490,409,409,409,gdm_early,0.7,2,0
1,2,170,0,0,0,gdm_early,0.7,2,0
2,0,1017,596,592,0,gdm_early,0.7,2,0
2,1,490,490,484,490,gdm_early,0.7,2,0
2,2,170,0,0,0,gdm_early,0.7,2,0
3,0,1017,709,705,0,gdm_early,0.7,2,0
3,1,490,490,484,490,gdm_early,0.7,2,0
3,2,170,1,1,0,gdm_early,0.7,2,0
4,0,1017,875,866,0,gdm_early,0.7,2,0
4,1,490,490,484,490,gdm_early,0.7,2,0
4,2,170,69,69,0,gdm_early,0.7,2,0
5,0,1017,876,867,0,gdm_early,0.7,2,0
5,1,490,490,484,490,gdm_early,0.7,2,0
5,2,170,103,103,0,gdm_early,0.7,2,0
6,0,1017,882,873,0,gdm_early,0.7,2,0
6,1,490,490,484,490,gdm_early,0.7,2,0
6,2,170,137,136,20,gdm_early,0.7,2,0
7,0,1017,895,885,12,gdm_early,0.7,2,0
7,1,490,490,484,490,gdm_early,0.7,2,0
7,2,170,145,143,26,gdm_early,0.7,2,0
8,0,1017,895,885,12,gdm_early,0.7,2,0
8,1,490,490,484,490,gdm_early,0.7,2,0
8,2,170,157,154,38,gdm_early,0.7,2,0
9,0,1017,924,912,41,gdm_early,0.7,2,0
9,1,490,490,484,490,gdm_early,0.7,2,0
9,2,170,159,156,40,gdm_early,0.7,2,0
10,0,1017,925,913,42,gdm_early,0.7,2,0
10,1,490,490,484,490,gdm_early,0.7,2,0
10,2,170,161,158,42,gdm_early,0.7,2,0
1,0,290,25,24,25,gdm_early,0.7,2,1
1,1,222,0,0,0,gdm_early,0.7,2,1
1,2,1167,136,135,136,gdm_early,0.7,2,1
2,0,290,41,40,25,gdm_early,0.7,2,1
2,1,222,31,31,0,gdm_early,0.7,2,1
2,2,1167,196,194,196,gdm_early,0.7,2,1
3,0,290,103,102,27,gdm_early,0.7,2,1
3,1,222,96,96,0,gdm_early,0.7,2,1
3,2,1167,529,524,223,gdm_early,0.7,2,1
4,0,290,197,196,41,gdm_early,0.7,2,1
4,1,222,139,138,5,gdm_early,0.7,2,1
4,2,1167,764,755,224,gdm_early,0.7,2,1
5,0,290,226,223,50,gdm_early,0.7,2,1
5,1,222,188,183,52,gdm_early,0.7,2,1
5,2,1167,991,980,342,gdm_early,0.7,2,1
6,0,290,268,262,92,gdm_early,0.7,2,1
6,1,222,214,207,55,gdm_early,0.7,2,1
6,2,1167,1040,1027,382,gdm_early,0.7,2,1
7,0,290,281,275,105,gdm_early,0.7,2,1
7,1,222,214,207,55,gdm_early,0.7,2,1
7,2,1167,1087,1073,427,gdm_early,0.7,2,1
8,0,290,283,277,105,gdm_early,0.7,2,1
8,1,222,214,207,55,gdm_early,0.7,2,1
8,2,1167,1142,1121,482,gdm_early,0.7,2,1
9,0,290,289,280,111,gdm_early,0.7,2,1
9,1,222,215,207,55,gdm_early,0.7,2,1
9,2,1167,1153,1129,492,gdm_early,0.7,2,1
10,0,290,289,280,111,gdm_early,0.7,2,1
10,1,222,217,207,55,gdm_early,0.7,2,1
10,2,1167,1154,1129,492,gdm_early,0.7,2,1
1,0,259,98,98,98,gdm_early,0.7,2,2
1,1,260,96,96,96,gdm_early,0.7,2,2
1,2,1159,10,10,0,gdm_early,0.7,2,2
2,0,259,211,210,211,gdm_early,0.7,2,2
2,1,260,176,176,176,gdm_early,0.7,2,2
2,2,1159,163,163,0,gdm_early,0.7,2,2
3,0,259,233,231,233,gdm_early,0.7,2,2
3,1,260,176,176,176,gdm_early,0.7,2,2
3,2,1159,593,593,0,gdm_early,0.7,2,2
4,0,259,250,233,250,gdm_early,0.7,2,2
4,1,260,198,198,198,gdm_early,0.7,2,2
4,2,1159,844,844,0,gdm_early,0.7,2,2
5,0,259,259,233,259,gdm_early,0.7,2,2
5,1,260,198,198,198,gdm_early,0.7,2,2
5,2,1159,911,907,0,gdm_early,0.7,2,2
6,0,259,259,233,259,gdm_early,0.7,2,2
6,1,260,201,198,201,gdm_early,0.7,2,2
6,2,1159,966,958,53,gdm_early,0.7,2,2
7,0,259,259,233,259,gdm_early,0.7,2,2
7,1,260,216,213,201,gdm_early,0.7,2,2
7,2,1159,981,969,62,gdm_early,0.7,2,2
8,0,259,259,233,259,gdm_early,0.7,2,2
8,1,260,231,213,216,gdm_early,0.7,2,2
8,2,1159,1094,1076,175,gdm_early,0.7,2,2
9,0,259,259,233,259,gdm_early,0.7,2,2
9,1,260,231,213,216,gdm_early,0.7,2,2
9,2,1159,1101,1081,177,gdm_early,0.7,2,2
10,0,259,259,233,259,gdm_early,0.7,2,2
10,1,260,251,213,236,gdm_early,0.7,2,2
10,2,1159,1133,1111,209,gdm_early,0.7,2,2
1,0,573,145,145,0,gdm_early,0.7,2,3
1,1,217,34,33,34,gdm_early,0.7,2,3
1,2,889,224,218,224,gdm_early,0.7,2,3
2,0,573,443,441,0,gdm_early,0.7,2,3
2,1,217,34,33,34,gdm_early,0.7,2,3
2,2,889,224,218,224,gdm_early,0.7,2,3
3,0,573,485,482,0,gdm_early,0.7,2,3
3,1,217,93,90,93,gdm_early,0.7,2,3
3,2,889,495,476,491,gdm_early,0.7,2,3
4,0,573,529,525,0,gdm_early,0.7,2,3
4,1,217,149,146,93,gdm_early,0.7,2,3
4,2,889,691,672,496,gdm_early,0.7,2,3
5,0,573,529,525,0,gdm_early,0.7,2,3
5,1,217,170,167,114,gdm_early,0.7,2,3
5,2,889,705,682,510,gdm_early,0.7,2,3
6,0,573,529,525,0,gdm_early,0.7,2,3
6,1,217,209,205,115,gdm_early,0.7,2,3
6,2,889,873,844,512,gdm_early,0.7,2,3
7,0,573,529,525,0,gdm_early,0.7,2,3
7,1,217,214,210,120,gdm_early,0.7,2,3
7,2,889,876,846,515,gdm_early,0.7,2,3
8,0,573,529,525,0,gdm_early,0.7,2,3
8,1,217,216,212,120,gdm_early,0.7,2,3
8,2,889,880,850,515,gdm_early,0.7,2,3
9,0,573,529,525,0,gdm_early,0.7,2,3
9,1,217,217,213,121,gdm_early,0.7,2,3
9,2,889,881,850,516,gdm_early,0.7,2,3
10,0,573,529,525,0,gdm_early,0.7,2,3
10,1,217,217,213,121,gdm_early,0.7,2,3
10,2,889,881,850,516,gdm_early,0.7,2,3
1,0,725,278,278,278,gdm_early,0.7,2,4
1,1,909,33,33,0,gdm_early,0.7,2,4
1,2,44,0,0,0,gdm_early,0.7,2,4
2,0,725,446,445,446,gdm_early,0.7,2,4
2,1,909,395,395,0,gdm_early,0.7,2,4
2,2,44,0,0,0,gdm_early,0.7,2,4
3,0,725,543,542,543,gdm_early,0.7,2,4
3,1,909,679,677,0,gdm_early,0.7,2,4
3,2,44,0,0,0,gdm_early,0.7,2,4
4,0,725,580,572,580,gdm_early,0.7,2,4
4,1,909,828,821,0,gdm_early,0.7,2,4
4,2,44,15,15,0,gdm_early,0.7,2,4
5,0,725,613,592,613,gdm_early,0.7,2,4
5,1,909,843,834,0,gdm_early,0.7,2,4
5,2,44,24,24,0,gdm_early,0.7,2,4
6,0,725,629,593,629,gdm_early,0.7,2,4
6,1,909,844,835,0,gdm_early,0.7,2,4
6,2,44,26,26,0,gdm_early,0.7,2,4
7,0,725,640,594,640,gdm_early,0.7,2,4
7,1,909,844,835,0,gdm_early,0.7,2,4
7,2,44,30,30,0,gdm_early,0.7,2,4
8,0,725,667,594,667,gdm_early,0.7,2,4
8,1,909,844,835,0,gdm_early,0.7,2,4
8,2,44,36,36,0,gdm_early,0.7,2,4
9,0,725,675,594,675,gdm_early,0.7,2,4
9,1,909,844,835,0,gdm_early,0.7,2,4
9,2,44,39,38,0,gdm_early,0.7,2,4
10,0,725,694,595,694,gdm_early,0.7,2,4
10,1,909,844,835,0,gdm_early,0.7,2,4
10,2,44,39,38,0,gdm_early,0.7,2,4
1,0,368,70,69,70,gdm_early,0.7,3,0
1,1,74,0,0,0,gdm_early,0.7,3,0
1,2,1236,161,161,11,gdm_early,0.7,3,0
2,0,368,227,226,227,gdm_early,0.7,3,0
2,1,74,0,0,0,gdm_early,0.7,3,0
2,2,1236,161,161,11,gdm_early,0.7,3,0
3,0,368,272,270,247,gdm_early,0.7,3,0
3,1,74,0,0,0,gdm_early,0.7,3,0
3,2,1236,778,777,34,gdm_early,0.7,3,0
4,0,368,280,277,255,gdm_early,0.7,3,0
4,1,74,0,0,0,gdm_early,0.7,3,0
4,2,1236,860,857,62,gdm_early,0.7,3,0
5,0,368,313,310,255,gdm_early,0.7,3,0
5,1,74,12,12,0,gdm_early,0.7,3,0
5,2,1236,1054,1044,208,gdm_early,0.7,3,0
6,0,368,314,311,256,gdm_early,0.7,3,0
6,1,74,21,21,2,gdm_early,0.7,3,0
6,2,1236,1173,1159,327,gdm_early,0.7,3,0
7,0,368,352,348,256,gdm_early,0.7,3,0
7,1,74,46,44,8,gdm_early,0.7,3,0
7,2,1236,1188,1170,341,gdm_early,0.7,3,0
8,0,368,352,348,256,gdm_early,0.7,3,0
8,1,74,58,53,20,gdm_early,0.7,3,0
8,2,1236,1203,1184,356,gdm_early,0.7,3,0
9,0,368,364,360,256,gdm_early,0.7,3,0
9,1,74,66,59,28,gdm_early,0.7,3,0
9,2,1236,1207,1187,358,gdm_early,0.7,3,0
10,0,368,364,360,256,gdm_early,0.7,3,0
10,1,74,69,62,31,gdm_early,0.7,3,0
10,2,1236,1218,1197,369,gdm_early,0.7,3,0
1,0,138,32,30,32,gdm_early,0.7,3,1
1,1,998,34,34,0,gdm_early,0.7,3,1
1,2,542,298,298,298,gdm_early,0.7,3,1
2,0,138,32,30,32,gdm_early,0.7,3,1
2,1,998,577,577,0,gdm_early,0.7,3,1
2,2,542,401,401,401,gdm_early,0.7,3,1
3,0,138,60,58,33,gdm_early,0.7,3,1
3,1,998,699,699,0,gdm_early,0.7,3,1
3,2,542,447,436,447,gdm_early,0.7,3,1
4,0,138,76,74,44,gdm_early,0.7,3,1
4,1,998,825,816,0,gdm_early,0.7,3,1
4,2,542,455,438,455,gdm_early,0.7,3,1
5,0,138,93,89,61,gdm_early,0.7,3,1
5,1,998,826,817,1,gdm_early,0.7,3,1
5,2,542,476,440,476,gdm_early,0.7,3,1
6,0,138,124,119,66,gdm_early,0.7,3,1
6,1,998,829,818,1,gdm_early,0.7,3,1
6,2,542,476,440,476,gdm_early,0.7,3,1
7,0,138,128,123,68,gdm_early,0.7,3,1
7,1,998,868,850,40,gdm_early,0.7,3,1
7,2,542,522,441,522,gdm_early,0.7,3,1
8,0,138,132,126,68,gdm_early,0.7,3,1
8,1,998,870,852,40,gdm_early,0.7,3,1
8,2,542,522,441,522,gdm_early,0.7,3,1
9,0,138,132,126,68,gdm_early,0.7,3,1
9,1,998,937,914,107,gdm_early,0.7,3,1
9,2,542,542,442,542,gdm_early,0.7,3,1
10,0,138,135,129,68,gdm_early,0.7,3,1
10,1,998,937,914,107,gdm_early,0.7,3,1
10,2,542,542,442,542,gdm_early,0.7,3,1
1,0,249,92,92,92,gdm_early,0.7,3,2
1,1,452,6,6,0,gdm_early,0.7,3,2
1,2,976,88,86,88,gdm_early,0.7,3,2
2,0,249,223,223,223,gdm_early,0.7,3,2
2,1,452,239,239,0,gdm_early,0.7,3,2
2,2,976,162,160,103,gdm_early,0.7,3,2
3,0,249,236,231,236,gdm_early,0.7,3,2
3,1,452,418,415,0,gdm_early,0.7,3,2
3,2,976,511,506,188,gdm_early,0.7,3,2
4,0,249,248,231,248,gdm_early,0.7,3,2
4,1,452,434,427,0,gdm_early,0.7,3,2
4,2,976,665,658,201,gdm_early,0.7,3,2
5,0,249,249,231,249,gdm_early,0.7,3,2
5,1,452,436,429,0,gdm_early,0.7,3,2
5,2,976,840,828,320,gdm_early,0.7,3,2
6,0,249,249,231,249,gdm_early,0.7,3,2
6,1,452,436,429,0,gdm_early,0.7,3,2
6,2,976,904,890,352,gdm_early,0.7,3,2
7,0,249,249,231,249,gdm_early,0.7,3,2
7,1,452,436,429,0,gdm_early,0.7,3,2
7,2,976,940,924,388,gdm_early,0.7,3,2
8,0,249,249,231,249,gdm_early,0.7,3,2
8,1,452,436,429,0,gdm_early,0.7,3,2
8,2,976,944,927,388,gdm_early,0.7,3,2
9,0,249,249,231,249,gdm_early,0.7,3,2
9,1,452,436,429,0,gdm_early,0.7,3,2
9,2,976,949,930,393,gdm_early,0.7,3,2
10,0,249,249,231,249,gdm_early,0.7,3,2
10,1,452,436,429,0,gdm_early,0.7,3,2
10,2,976,951,932,393,gdm_early,0.7,3,2
1,0,364,253,250,253,gdm_early,0.7,3,3
1,1,998,36,35,34,gdm_early,0.7,3,3
1,2,317,27,27,0,gdm_early,0.7,3,3
2,0,364,337,333,337,gdm_early,0.7,3,3
2,1,998,37,36,35,gdm_early,0.7,3,3
2,2,317,200,199,0,gdm_early,0.7,3,3
3,0,364,357,339,357,gdm_early,0.7,3,3
3,1,998,376,371,133,gdm_early,0.7,3,3
3,2,317,280,277,0,gdm_early,0.7,3,3
4,0,364,362,340,362,gdm_early,0.7,3,3
4,1,998,610,602,179,gdm_early,0.7,3,3
4,2,317,310,307,0,gdm_early,0.7,3,3
5,0,364,363,340,363,gdm_early,0.7,3,3
5,1,998,849,830,277,gdm_early,0.7,3,3
5,2,317,311,308,0,gdm_early,0.7,3,3
6,0,364,363,340,363,gdm_early,0.7,3,3
6,1,998,941,921,291,gdm_early,0.7,3,3
6,2,317,311,308,0,gdm_early,0.7,3,3
7,0,364,363,340,363,gdm_early,0.7,3,3
7,1,998,974,952,306,gdm_early,0.7,3,3
7,2,317,312,309,0,gdm_early,0.7,3,3
8,0,364,363,340,363,gdm_early,0.7,3,3
8,1,998,978,955,308,gdm_early,0.7,3,3
8,2,317,312,309,0,gdm_early,0.7,3,3
9,0,364,363,340,363,gdm_early,0.7,3,3
9,1,998,982,959,312,gdm_early,0.7,3,3
9,2,317,312,309,0,gdm_early,0.7,3,3
10,0,364,363,340,363,gdm_early,0.7,3,3
10,1,998,984,960,314,gdm_early,0.7,3,3
10,2,317,312,309,0,gdm_early,0.7,3,3
1,0,333,21,21,21,gdm_early,0.7,3,4
1,1,92,4,4,4,gdm_early,0.7,3,4
1,2,1251,75,75,73,gdm_early,0.7,3,4
2,0,333,21,21,21,gdm_early,0.7,3,4
2,1,92,4,4,4,gdm_early,0.7,3,4
2,2,1251,136,136,73,gdm_early,0.7,3,4
3,0,333,128,127,51,gdm_early,0.7,3,4
3,1,92,7,7,4,gdm_early,0.7,3,4
3,2,1251,813,807,219,gdm_early,0.7,3,4
4,0,333,166,164,58,gdm_early,0.7,3,4
4,1,92,12,12,4,gdm_early,0.7,3,4
4,2,1251,963,956,223,gdm_early,0.7,3,4
5,0,333,200,197,77,gdm_early,0.7,3,4
5,1,92,12,12,4,gdm_early,0.7,3,4
5,2,1251,1043,1032,285,gdm_early,0.7,3,4
6,0,333,290,286,113,gdm_early,0.7,3,4
6,1,92,53,53,26,gdm_early,0.7,3,4
6,2,1251,1215,1196,454,gdm_early,0.7,3,4
7,0,333,301,296,115,gdm_early,0.7,3,4
7,1,92,62,62,35,gdm_early,0.7,3,4
7,2,1251,1237,1214,476,gdm_early,0.7,3,4
8,0,333,323,317,135,gdm_early,0.7,3,4
8,1,92,65,65,36,gdm_early,0.7,3,4
8,2,1251,1247,1219,486,gdm_early,0.7,3,4
9,0,333,326,320,136,gdm_early,0.7,3,4
9,1,92,66,66,36,gdm_early,0.7,3,4
9,2,1251,1247,1219,486,gdm_early,0.7,3,4
10,0,333,328,322,138,gdm_early,0.7,3,4
10,1,92,66,66,36,gdm_early,0.7,3,4
10,2,1251,1247,1219,486,gdm_early,0.7,3,4
1,0,30,0,0,0,gdm_early,0.7,4,0
1,1,627,517,516,517,gdm_early,0.7,4,0
1,2,1021,15,15,0,gdm_early,0.7,4,0
2,0,30,0,0,0,gdm_early,0.7,4,0
2,1,627,625,614,625,gdm_early,0.7,4,0
2,2,1021,707,707,0,gdm_early,0.7,4,0
3,0,30,0,0,0,gdm_early,0.7,4,0
3,1,627,626,614,626,gdm_early,0.7,4,0
3,2,1021,891,890,0,gdm_early,0.7,4,0
4,0,30,0,0,0,gdm_early,0.7,4,0
4,1,627,626,614,626,gdm_early,0.7,4,0
4,2,1021,985,980,0,gdm_early,0.7,4,0
5,0,30,1,1,1,gdm_early,0.7,4,0
5,1,627,627,615,627,gdm_early,0.7,4,0
5,2,1021,991,986,0,gdm_early,0.7,4,0
6,0,30,12,11,12,gdm_early,0.7,4,0
6,1,627,627,615,627,gdm_early,0.7,4,0
6,2,1021,993,987,0,gdm_early,0.7,4,0
7,0,30,13,12,13,gdm_early,0.7,4,0
7,1,627,627,615,627,gdm_early,0.7,4,0
7,2,1021,993,987,0,gdm_early,0.7,4,0
8,0,30,13,12,13,gdm_early,0.7,4,0
8,1,627,627,615,627,gdm_early,0.7,4,0
8,2,1021,993,987,0,gdm_early,0.7,4,0
9,0,30,15,14,15,gdm_early,0.7,4,0
9,1,627,627,615,627,gdm_early,0.7,4,0
9,2,1021,993,987,0,gdm_early,0.7,4,0
10,0,30,17,14,17,gdm_early,0.7,4,0
10,1,627,627,615,627,gdm_early,0.7,4,0
10,2,1021,993,987,0,gdm_early,0.7,4,0
1,0,722,0,0,0,gdm_early,0.7,4,1
1,1,436,82,82,0,gdm_early,0.7,4,1
1,2,520,188,188,188,gdm_early,0.7,4,1
2,0,722,5,4,3,gdm_early,0.7,4,1
2,1,436,265,265,0,gdm_early,0.7,4,1
2,2,520,424,421,424,gdm_early,0.7,4,1
3,0,722,405,403,72,gdm_early,0.7,4,1
3,1,436,385,383,0,gdm_early,0.7,4,1
3,2,520,432,428,432,gdm_early,0.7,4,1
4,0,722,534,530,118,gdm_early,0.7,4,1
4,1,436,394,392,0,gdm_early,0.7,4,1
4,2,520,468,429,468,gdm_early,0.7,4,1
5,0,722,646,639,145,gdm_early,0.7,4,1
5,1,436,396,393,0,gdm_early,0.7,4,1
5,2,520,489,430,489,gdm_early,0.7,4,1
6,0,722,683,672,179,gdm_early,0.7,4,1
6,1,436,396,393,0,gdm_early,0.7,4,1
6,2,520,503,430,503,gdm_early,0.7,4,1
7,0,722,690,679,184,gdm_early,0.7,4,1
7,1,436,396,393,0,gdm_early,0.7,4,1
7,2,520,505,430,505,gdm_early,0.7,4,1
8,0,722,707,694,200,gdm_early,0.7,4,1
8,1,436,396,393,0,gdm_early,0.7,4,1
8,2,520,518,430,518,gdm_early,0.7,4,1
9,0,722,709,696,200,gdm_early,0.7,4,1
9,1,436,396,393,0,gdm_early,0.7,4,1
9,2,520,518,430,518,gdm_early,0.7,4,1
10,0,722,711,696,202,gdm_early,0.7,4,1
10,1,436,396,393,0,gdm_early,0.7,4,1
10,2,520,518,430,518,gdm_early,0.7,4,1
1,0,589,10,10,0,gdm_early,0.7,4,2
1,1,639,103,102,103,gdm_early,0.7,4,2
1,2,448,160,160,160,gdm_early,0.7,4,2
2,0,589,344,343,0,gdm_early,0.7,4,2
2,1,639,109,108,103,gdm_early,0.7,4,2
2,2,448,187,187,187,gdm_early,0.7,4,2
3,0,589,402,401,0,gdm_early,0.7,4,2
3,1,639,253,248,119,gdm_early,0.7,4,2
3,2,448,321,318,321,gdm_early,0.7,4,2
4,0,589,520,518,0,gdm_early,0.7,4,2
4,1,639,397,390,119,gdm_early,0.7,4,2
4,2,448,323,320,323,gdm_early,0.7,4,2
5,0,589,529,526,0,gdm_early,0.7,4,2
5,1,639,482,472,138,gdm_early,0.7,4,2
5,2,448,339,322,339,gdm_early,0.7,4,2
6,0,589,529,526,0,gdm_early,0.7,4,2
6,1,639,557,547,205,gdm_early,0.7,4,2
6,2,448,367,322,367,gdm_early,0.7,4,2
7,0,589,529,526,0,gdm_early,0.7,4,2
7,1,639,582,570,230,gdm_early,0.7,4,2
7,2,448,385,322,385,gdm_early,0.7,4,2
8,0,589,529,526,0,gdm_early,0.7,4,2
8,1,639,594,581,241,gdm_early,0.7,4,2
8,2,448,390,322,390,gdm_early,0.7,4,2
9,0,589,530,527,0,gdm_early,0.7,4,2
9,1,639,601,587,247,gdm_early,0.7,4,2
9,2,448,398,322,398,gdm_early,0.7,4,2
10,0,589,530,527,0,gdm_early,0.7,4,2
10,1,639,604,590,249,gdm_early,0.7,4,2
10,2,448,404,322,404,gdm_early,0.7,4,2
1,0,195,0,0,0,gdm_early,0.7,4,3
1,1,526,182,179,182,gdm_early,0.7,4,3
1,2,958,12,12,0,gdm_early,0.7,4,3
2,0,195,10,10,0,gdm_early,0.7,4,3
2,1,526,304,299,304,gdm_early,0.7,4,3
2,2,958,28,28,0,gdm_early,0.7,4,3
3,0,195,127,127,0,gdm_early,0.7,4,3
3,1,526,377,371,365,gdm_early,0.7,4,3
3,2,958,527,524,0,gdm_early,0.7,4,3
4,0,195,134,133,0,gdm_early,0.7,4,3
4,1,526,397,390,385,gdm_early,0.7,4,3
4,2,958,583,580,0,gdm_early,0.7,4,3
5,0,195,157,155,0,gdm_early,0.7,4,3
5,1,526,444,437,385,gdm_early,0.7,4,3
5,2,958,717,701,0,gdm_early,0.7,4,3
6,0,195,177,173,20,gdm_early,0.7,4,3
6,1,526,445,438,386,gdm_early,0.7,4,3
6,2,958,794,776,77,gdm_early,0.7,4,3
7,0,195,177,173,20,gdm_early,0.7,4,3
7,1,526,448,441,386,gdm_early,0.7,4,3
7,2,958,808,790,90,gdm_early,0.7,4,3
8,0,195,187,182,30,gdm_early,0.7,4,3
8,1,526,448,441,386,gdm_early,0.7,4,3
8,2,958,908,883,190,gdm_early,0.7,4,3
9,0,195,187,182,30,gdm_early,0.7,4,3
9,1,526,472,464,386,gdm_early,0.7,4,3
9,2,958,914,889,196,gdm_early,0.7,4,3
10,0,195,193,188,36,gdm_early,0.7,4,3
10,1,526,472,464,386,gdm_early,0.7,4,3
10,2,958,936,910,218,gdm_early,0.7,4,3
1,0,187,0,0,0,gdm_early,0.7,4,4
1,1,1060,49,49,27,gdm_early,0.7,4,4
1,2,430,242,242,242,gdm_early,0.7,4,4
2,0,187,83,83,0,gdm_early,0.7,4,4
2,1,1060,49,49,27,gdm_early,0.7,4,4
2,2,430,367,367,367,gdm_early,0.7,4,4
3,0,187,151,150,0,gdm_early,0.7,4,4
3,1,1060,623,621,61,gdm_early,0.7,4,4
3,2,430,396,381,396,gdm_early,0.7,4,4
4,0,187,164,162,0,gdm_early,0.7,4,4
4,1,1060,782,778,69,gdm_early,0.7,4,4
4,2,430,409,382,409,gdm_early,0.7,4,4
5,0,187,168,166,0,gdm_early,0.7,4,4
5,1,1060,892,887,111,gdm_early,0.7,4,4
5,2,430,414,382,414,gdm_early,0.7,4,4
6,0,187,168,166,0,gdm_early,0.7,4,4
6,1,1060,978,965,197,gdm_early,0.7,4,4
6,2,430,419,382,419,gdm_early,0.7,4,4
7,0,187,168,166,0,gdm_early,0.7,4,4
7,1,1060,980,967,197,gdm_early,0.7,4,4
7,2,430,419,382,419,gdm_early,0.7,4,4
8,0,187,168,166,0,gdm_early,0.7,4,4
8,1,1060,1020,1002,237,gdm_early,0.7,4,4
8,2,430,425,382,425,gdm_early,0.7,4,4
9,0,187,168,166,0,gdm_early,0.7,4,4
9,1,1060,1021,1003,237,gdm_early,0.7,4,4
9,2,430,425,382,425,gdm_early,0.7,4,4
10,0,187,168,166,0,gdm_early,0.7,4,4
10,1,1060,1033,1013,249,gdm_early,0.7,4,4
10,2,430,426,382,426,gdm_early,0.7,4,4
1,0,104,0,0,0,gdm_early,0.7,5,0
1,1,1190,282,279,282,gdm_early,0.7,5,0
1,2,383,0,0,0,gdm_early,0.7,5,0
2,0,104,0,0,0,gdm_early,0.7,5,0
2,1,1190,338,335,282,gdm_early,0.7,5,0
2,2,383,195,195,0,gdm_early,0.7,5,0
3,0,104,25,25,0,gdm_early,0.7,5,0
3,1,1190,673,656,552,gdm_early,0.7,5,0
3,2,383,247,247,0,gdm_early,0.7,5,0
4,0,104,46,46,0,gdm_early,0.7,5,0
4,1,1190,979,961,552,gdm_early,0.7,5,0
4,2,383,331,331,0,gdm_early,0.7,5,0
5,0,104,49,49,2,gdm_early,0.7,5,0
5,1,1190,1047,1022,620,gdm_early,0.7,5,0
5,2,383,353,352,0,gdm_early,0.7,5,0
6,0,104,77,77,2,gdm_early,0.7,5,0
6,1,1190,1073,1048,620,gdm_early,0.7,5,0
6,2,383,355,353,0,gdm_early,0.7,5,0
7,0,104,92,90,17,gdm_early,0.7,5,0
7,1,1190,1106,1079,624,gdm_early,0.7,5,0
7,2,383,355,353,0,gdm_early,0.7,5,0
8,0,104,93,90,17,gdm_early,0.7,5,0
8,1,1190,1173,1144,624,gdm_early,0.7,5,0
8,2,383,356,354,0,gdm_early,0.7,5,0
9,0,104,94,91,18,gdm_early,0.7,5,0
9,1,1190,1177,1147,628,gdm_early,0.7,5,0
9,2,383,356,354,0,gdm_early,0.7,5,0
10,0,104,98,93,18,gdm_early,0.7,5,0
10,1,1190,1177,1147,628,gdm_early,0.7,5,0
10,2,383,356,354,0,gdm_early,0.7,5,0
1,0,374,73,73,73,gdm_early,0.7,5,1
1,1,544,12,12,0,gdm_early,0.7,5,1
1,2,760,102,101,102,gdm_early,0.7,5,1
2,0,374,73,73,73,gdm_early,0.7,5,1
2,1,544,72,72,0,gdm_early,0.7,5,1
2,2,760,102,101,102,gdm_early,0.7,5,1
3,0,374,197,193,197,gdm_early,0.7,5,1
3,1,544,252,252,9,gdm_early,0.7,5,1
3,2,760,347,345,149,gdm_early,0.7,5,1
4,0,374,259,254,215,gdm_early,0.7,5,1
4,1,544,420,418,9,gdm_early,0.7,5,1
4,2,760,442,438,150,gdm_early,0.7,5,1
5,0,374,268,263,220,gdm_early,0.7,5,1
5,1,544,461,458,40,gdm_early,0.7,5,1
5,2,760,580,574,150,gdm_early,0.7,5,1
6,0,374,303,298,220,gdm_early,0.7,5,1
6,1,544,485,478,64,gdm_early,0.7,5,1
6,2,760,717,707,287,gdm_early,0.7,5,1
7,0,374,360,352,220,gdm_early,0.7,5,1
7,1,544,494,486,73,gdm_early,0.7,5,1
7,2,760,750,735,320,gdm_early,0.7,5,1
8,0,374,370,362,220,gdm_early,0.7,5,1
8,1,544,510,502,89,gdm_early,0.7,5,1
8,2,760,750,735,320,gdm_early,0.7,5,1
9,0,374,371,362,220,gdm_early,0.7,5,1
9,1,544,522,511,100,gdm_early,0.7,5,1
9,2,760,753,737,323,gdm_early,0.7,5,1
10,0,374,372,363,220,gdm_early,0.7,5,1
10,1,544,522,511,100,gdm_early,0.7,5,1
10,2,760,754,738,324,gdm_early,0.7,5,1
1,0,621,2,2,2,gdm_early,0.7,5,2
1,1,244,16,15,16,gdm_early,0.7,5,2
1,2,813,137,137,137,gdm_early,0.7,5,2
2,0,621,2,2,2,gdm_early,0.7,5,2
2,1,244,30,29,16,gdm_early,0.7,5,2
2,2,813,186,186,137,gdm_early,0.7,5,2
3,0,621,83,82,19,gdm_early,0.7,5,2
3,1,244,109,108,32,gdm_early,0.7,5,2
3,2,813,495,490,184,gdm_early,0.7,5,2
4,0,621,315,313,64,gdm_early,0.7,5,2
4,1,244,140,138,32,gdm_early,0.7,5,2
4,2,813,593,587,185,gdm_early,0.7,5,2
5,0,621,518,513,126,gdm_early,0.7,5,2
5,1,244,170,167,54,gdm_early,0.7,5,2
5,2,813,702,691,268,gdm_early,0.7,5,2
6,0,621,541,536,144,gdm_early,0.7,5,2
6,1,244,206,201,82,gdm_early,0.7,5,2
6,2,813,742,730,308,gdm_early,0.7,5,2
7,0,621,592,579,195,gdm_early,0.7,5,2
7,1,244,238,230,106,gdm_early,0.7,5,2
7,2,813,774,759,335,gdm_early,0.7,5,2
8,0,621,592,579,195,gdm_early,0.7,5,2
8,1,244,240,232,106,gdm_early,0.7,5,2
8,2,813,802,786,363,gdm_early,0.7,5,2
9,0,621,603,590,196,gdm_early,0.7,5,2
9,1,244,241,232,106,gdm_early,0.7,5,2
9,2,813,803,787,364,gdm_early,0.7,5,2
10,0,621,603,590,196,gdm_early,0.7,5,2
10,1,244,241,232,106,gdm_early,0.7,5,2
10,2,813,803,787,364,gdm_early,0.7,5,2
1,0,177,0,0,0,gdm_early,0.7,5,3
1,1,549,97,95,97,gdm_early,0.7,5,3
1,2,951,110,109,110,gdm_early,0.7,5,3
2,0,177,0,0,0,gdm_early,0.7,5,3
2,1,549,130,128,101,gdm_early,0.7,5,3
2,2,951,150,149,110,gdm_early,0.7,5,3
3,0,177,64,64,0,gdm_early,0.7,5,3
3,1,549,345,342,177,gdm_early,0.7,5,3
3,2,951,455,453,119,gdm_early,0.7,5,3
4,0,177,104,104,0,gdm_early,0.7,5,3
4,1,549,451,447,183,gdm_early,0.7,5,3
4,2,951,674,667,168,gdm_early,0.7,5,3
5,0,177,129,128,0,gdm_early,0.7,5,3
5,1,549,492,486,212,gdm_early,0.7,5,3
5,2,951,750,739,203,gdm_early,0.7,5,3
6,0,177,152,150,6,gdm_early,0.7,5,3
6,1,549,518,511,229,gdm_early,0.7,5,3
6,2,951,904,887,355,gdm_early,0.7,5,3
7,0,177,161,158,7,gdm_early,0.7,5,3
7,1,549,522,515,233,gdm_early,0.7,5,3
7,2,951,930,912,381,gdm_early,0.7,5,3
8,0,177,161,158,7,gdm_early,0.7,5,3
8,1,549,539,531,250,gdm_early,0.7,5,3
8,2,951,930,912,381,gdm_early,0.7,5,3
9,0,177,162,159,7,gdm_early,0.7,5,3
9,1,549,542,534,250,gdm_early,0.7,5,3
9,2,951,931,913,381,gdm_early,0.7,5,3
10,0,177,162,159,7,gdm_early,0.7,5,3
10,1,549,542,534,250,gdm_early,0.7,5,3
10,2,951,936,915,381,gdm_early,0.7,5,3
1,0,931,65,65,0,gdm_early,0.7,5,4
1,1,65,0,0,0,gdm_early,0.7,5,4
1,2,681,478,476,478,gdm_early,0.7,5,4
2,0,931,757,754,0,gdm_early,0.7,5,4
2,1,65,0,0,0,gdm_early,0.7,5,4
2,2,681,590,583,590,gdm_early,0.7,5,4
3,0,931,886,880,0,gdm_early,0.7,5,4
3,1,65,0,0,0,gdm_early,0.7,5,4
3,2,681,631,609,631,gdm_early,0.7,5,4
4,0,931,893,887,0,gdm_early,0.7,5,4
4,1,65,1,1,0,gdm_early,0.7,5,4
4,2,681,666,613,666,gdm_early,0.7,5,4
5,0,931,897,890,0,gdm_early,0.7,5,4
5,1,65,29,29,1,gdm_early,0.7,5,4
5,2,681,677,613,677,gdm_early,0.7,5,4
6,0,931,897,890,0,gdm_early,0.7,5,4
6,1,65,55,55,10,gdm_early,0.7,5,4
6,2,681,680,613,680,gdm_early,0.7,5,4
7,0,931,897,890,0,gdm_early,0.7,5,4
7,1,65,61,59,10,gdm_early,0.7,5,4
7,2,681,681,613,681,gdm_early,0.7,5,4
8,0,931,897,890,0,gdm_early,0.7,5,4
8,1,65,62,59,10,gdm_early,0.7,5,4
8,2,681,681,613,681,gdm_early,0.7,5,4
9,0,931,897,890,0,gdm_early,0.7,5,4
9,1,65,63,59,10,gdm_early,0.7,5,4
9,2,681,681,613,681,gdm_early,0.7,5,4
10,0,931,897,890,0,gdm_early,0.7,5,4
10,1,65,63,59,10,gdm_early,0.7,5,4
10,2,681,681,613,681,gdm_early,0.7,5,4
1,0,276,2,2,0,gdm_early,0.7,6,0
1,1,656,452,451,452,gdm_early,0.7,6,0
1,2,746,58,58,0,gdm_early,0.7,6,0
2,0,276,107,107,0,gdm_early,0.7,6,0
2,1,656,628,608,628,gdm_early,0.7,6,0
2,2,746,533,531,0,gdm_early,0.7,6,0
3,0,276,115,115,0,gdm_early,0.7,6,0
3,1,656,653,614,653,gdm_early,0.7,6,0
3,2,746,708,701,0,gdm_early,0.7,6,0
4,0,276,184,183,0,gdm_early,0.7,6,0
4,1,656,656,615,656,gdm_early,0.7,6,0
4,2,746,744,736,0,gdm_early,0.7,6,0
5,0,276,219,217,9,gdm_early,0.7,6,0
5,1,656,656,615,656,gdm_early,0.7,6,0
5,2,746,745,737,0,gdm_early,0.7,6,0
6,0,276,250,248,12,gdm_early,0.7,6,0
6,1,656,656,615,656,gdm_early,0.7,6,0
6,2,746,745,737,0,gdm_early,0.7,6,0
7,0,276,254,252,13,gdm_early,0.7,6,0
7,1,656,656,615,656,gdm_early,0.7,6,0
7,2,746,745,737,0,gdm_early,0.7,6,0
8,0,276,259,257,15,gdm_early,0.7,6,0
8,1,656,656,615,656,gdm_early,0.7,6,0
8,2,746,745,737,0,gdm_early,0.7,6,0
9,0,276,261,259,16,gdm_early,0.7,6,0
9,1,656,656,615,656,gdm_early,0.7,6,0
9,2,746,745,737,0,gdm_early,0.7,6,0
10,0,276,263,261,18,gdm_early,0.7,6,0
10,1,656,656,615,656,gdm_early,0.7,6,0
10,2,746,745,737,0,gdm_early,0.7,6,0
1,0,20,0,0,0,gdm_early,0.7,6,1
1,1,1181,143,139,134,gdm_early,0.7,6,1
1,2,477,143,141,143,gdm_early,0.7,6,1
2,0,20,0,0,0,gdm_early,0.7,6,1
2,1,1181,143,139,134,gdm_early,0.7,6,1
2,2,477,143,141,143,gdm_early,0.7,6,1
3,0,20,0,0,0,gdm_early,0.7,6,1
3,1,1181,446,439,173,gdm_early,0.7,6,1
3,2,477,298,293,261,gdm_early,0.7,6,1
4,0,20,0,0,0,gdm_early,0.7,6,1
4,1,1181,787,779,173,gdm_early,0.7,6,1
4,2,477,348,343,276,gdm_early,0.7,6,1
5,0,20,0,0,0,gdm_early,0.7,6,1
5,1,1181,852,842,224,gdm_early,0.7,6,1
5,2,477,355,350,283,gdm_early,0.7,6,1
6,0,20,2,0,2,gdm_early,0.7,6,1
6,1,1181,1047,1011,226,gdm_early,0.7,6,1
6,2,477,434,428,284,gdm_early,0.7,6,1
7,0,20,9,4,9,gdm_early,0.7,6,1
7,1,1181,1098,1061,277,gdm_early,0.7,6,1
7,2,477,434,428,284,gdm_early,0.7,6,1
8,0,20,9,4,9,gdm_early,0.7,6,1
8,1,1181,1104,1067,281,gdm_early,0.7,6,1
8,2,477,462,454,284,gdm_early,0.7,6,1
9,0,20,20,12,20,gdm_early,0.7,6,1
9,1,1181,1137,1098,314,gdm_early,0.7,6,1
9,2,477,463,455,285,gdm_early,0.7,6,1
10,0,20,20,12,20,gdm_early,0.7,6,1
10,1,1181,1137,1098,314,gdm_early,0.7,6,1
10,2,477,466,457,285,gdm_early,0.7,6,1
1,0,885,0,0,0,gdm_early,0.7,6,2
1,1,640,158,158,158,gdm_early,0.7,6,2
1,2,152,74,74,74,gdm_early,0.7,6,2
2,0,885,477,477,0,gdm_early,0.7,6,2
2,1,640,282,279,282,gdm_early,0.7,6,2
2,2,152,150,148,150,gdm_early,0.7,6,2
3,0,885,687,685,0,gdm_early,0.7,6,2
3,1,640,441,434,441,gdm_early,0.7,6,2
3,2,152,151,149,151,gdm_early,0.7,6,2
4,0,885,832,821,0,gdm_early,0.7,6,2
4,1,640,442,434,442,gdm_early,0.7,6,2
4,2,152,152,149,152,gdm_early,0.7,6,2
5,0,885,845,834,0,gdm_early,0.7,6,2
5,1,640,490,468,490,gdm_early,0.7,6,2
5,2,152,152,149,152,gdm_early,0.7,6,2
6,0,885,845,834,0,gdm_early,0.7,6,2
6,1,640,524,468,524,gdm_early,0.7,6,2
6,2,152,152,149,152,gdm_early,0.7,6,2
7,0,885,845,834,0,gdm_early,0.7,6,2
7,1,640,542,469,542,gdm_early,0.7,6,2
7,2,152,152,149,152,gdm_early,0.7,6,2
8,0,885,845,834,0,gdm_early,0.7,6,2
8,1,640,542,469,542,gdm_early,0.7,6,2
8,2,152,152,149,152,gdm_early,0.7,6,2
9,0,885,845,834,0,gdm_early,0.7,6,2
9,1,640,548,469,548,gdm_early,0.7,6,2
9,2,152,152,149,152,gdm_early,0.7,6,2
10,0,885,845,834,0,gdm_early,0.7,6,2
10,1,640,548,469,548,gdm_early,0.7,6,2
10,2,152,152,149,152,gdm_early,0.7,6,2
1,0,1145,155,154,155,gdm_early,0.7,6,3
1,1,245,0,0,0,gdm_early,0.7,6,3
1,2,288,61,61,61,gdm_early,0.7,6,3
2,0,1145,166,165,155,gdm_early,0.7,6,3
2,1,245,66,66,0,gdm_early,0.7,6,3
2,2,288,61,61,61,gdm_early,0.7,6,3
3,0,1145,662,655,210,gdm_early,0.7,6,3
3,1,245,151,151,0,gdm_early,0.7,6,3
3,2,288,137,137,127,gdm_early,0.7,6,3
4,0,1145,847,835,210,gdm_early,0.7,6,3
4,1,245,207,206,0,gdm_early,0.7,6,3
4,2,288,152,152,142,gdm_early,0.7,6,3
5,0,1145,935,921,269,gdm_early,0.7,6,3
5,1,245,215,211,0,gdm_early,0.7,6,3
5,2,288,168,168,158,gdm_early,0.7,6,3
6,0,1145,994,977,328,gdm_early,0.7,6,3
6,1,245,215,211,0,gdm_early,0.7,6,3
6,2,288,213,213,158,gdm_early,0.7,6,3
7,0,1145,1039,1020,371,gdm_early,0.7,6,3
7,1,245,231,225,16,gdm_early,0.7,6,3
7,2,288,213,213,158,gdm_early,0.7,6,3
8,0,1145,1070,1049,402,gdm_early,0.7,6,3
8,1,245,234,227,19,gdm_early,0.7,6,3
8,2,288,217,217,158,gdm_early,0.7,6,3
9,0,1145,1087,1064,418,gdm_early,0.7,6,3
9,1,245,238,230,23,gdm_early,0.7,6,3
9,2,288,224,222,159,gdm_early,0.7,6,3
10,0,1145,1133,1109,464,gdm_early,0.7,6,3
10,1,245,238,230,23,gdm_early,0.7,6,3
10,2,288,226,224,159,gdm_early,0.7,6,3
1,0,552,128,128,128,gdm_early,0.7,6,4
1,1,116,0,0,0,gdm_early,0.7,6,4
1,2,1008,0,0,0,gdm_early,0.7,6,4
2,0,552,156,156,156,gdm_early,0.7,6,4
2,1,116,0,0,0,gdm_early,0.7,6,4
2,2,1008,0,0,0,gdm_early,0.7,6,4
3,0,552,351,348,262,gdm_early,0.7,6,4
3,1,116,0,0,0,gdm_early,0.7,6,4
3,2,1008,151,150,1,gdm_early,0.7,6,4
4,0,552,419,416,319,gdm_early,0.7,6,4
4,1,116,18,18,0,gdm_early,0.7,6,4
4,2,1008,184,183,10,gdm_early,0.7,6,4
5,0,552,495,491,320,gdm_early,0.7,6,4
5,1,116,42,42,0,gdm_early,0.7,6,4
5,2,1008,642,639,72,gdm_early,0.7,6,4
6,0,552,514,507,328,gdm_early,0.7,6,4
6,1,116,88,88,37,gdm_early,0.7,6,4
6,2,1008,884,879,190,gdm_early,0.7,6,4
7,0,552,520,511,331,gdm_early,0.7,6,4
7,1,116,97,97,40,gdm_early,0.7,6,4
7,2,1008,934,926,234,gdm_early,0.7,6,4
8,0,552,520,511,331,gdm_early,0.7,6,4
8,1,116,105,104,40,gdm_early,0.7,6,4
8,2,1008,958,946,257,gdm_early,0.7,6,4
9,0,552,524,515,331,gdm_early,0.7,6,4
9,1,116,109,108,44,gdm_early,0.7,6,4
9,2,1008,966,951,261,gdm_early,0.7,6,4
10,0,552,524,515,331,gdm_early,0.7,6,4
10,1,116,110,109,44,gdm_early,0.7,6,4
10,2,1008,969,954,264,gdm_early,0.7,6,4
1,0,157,0,0,0,gdm_early,0.7,7,0
1,1,410,63,63,63,gdm_early,0.7,7,0
1,2,1110,42,41,42,gdm_early,0.7,7,0
2,0,157,70,70,0,gdm_early,0.7,7,0
2,1,410,71,71,63,gdm_early,0.7,7,0
2,2,1110,45,44,42,gdm_early,0.7,7,0
3,0,157,128,127,0,gdm_early,0.7,7,0
3,1,410,256,252,192,gdm_early,0.7,7,0
3,2,1110,270,267,79,gdm_early,0.7,7,0
4,0,157,149,147,0,gdm_early,0.7,7,0
4,1,410,347,343,213,gdm_early,0.7,7,0
4,2,1110,741,733,200,gdm_early,0.7,7,0
5,0,157,153,147,0,gdm_early,0.7,7,0
5,1,410,367,363,231,gdm_early,0.7,7,0
5,2,1110,913,899,302,gdm_early,0.7,7,0
6,0,157,153,147,0,gdm_early,0.7,7,0
6,1,410,383,379,232,gdm_early,0.7,7,0
6,2,1110,996,980,325,gdm_early,0.7,7,0
7,0,157,153,147,0,gdm_early,0.7,7,0
7,1,410,400,392,236,gdm_early,0.7,7,0
7,2,1110,1068,1050,397,gdm_early,0.7,7,0
8,0,157,153,147,0,gdm_early,0.7,7,0
8,1,410,406,395,236,gdm_early,0.7,7,0
8,2,1110,1082,1060,411,gdm_early,0.7,7,0
9,0,157,153,147,0,gdm_early,0.7,7,0
9,1,410,406,395,236,gdm_early,0.7,7,0
9,2,1110,1088,1063,417,gdm_early,0.7,7,0
10,0,157,153,147,0,gdm_early,0.7,7,0
10,1,410,407,395,237,gdm_early,0.7,7,0
10,2,1110,1090,1064,419,gdm_early,0.7,7,0
1,0,646,170,168,170,gdm_early,0.7,7,1
1,1,918,24,24,19,gdm_early,0.7,7,1
1,2,114,54,54,54,gdm_early,0.7,7,1
2,0,646,170,168,170,gdm_early,0.7,7,1
2,1,918,39,39,19,gdm_early,0.7,7,1
2,2,114,89,88,89,gdm_early,0.7,7,1
3,0,646,308,303,227,gdm_early,0.7,7,1
3,1,918,495,492,88,gdm_early,0.7,7,1
3,2,114,97,96,97,gdm_early,0.7,7,1
4,0,646,453,446,239,gdm_early,0.7,7,1
4,1,918,748,742,88,gdm_early,0.7,7,1
4,2,114,108,97,108,gdm_early,0.7,7,1
5,0,646,555,546,323,gdm_early,0.7,7,1
5,1,918,849,836,189,gdm_early,0.7,7,1
5,2,114,114,97,114,gdm_early,0.7,7,1
6,0,646,629,618,328,gdm_early,0.7,7,1
6,1,918,873,848,189,gdm_early,0.7,7,1
6,2,114,114,97,114,gdm_early,0.7,7,1
7,0,646,634,621,333,gdm_early,0.7,7,1
7,1,918,882,856,198,gdm_early,0.7,7,1
7,2,114,114,97,114,gdm_early,0.7,7,1
8,0,646,637,624,333,gdm_early,0.7,7,1
8,1,918,883,857,198,gdm_early,0.7,7,1
8,2,114,114,97,114,gdm_early,0.7,7,1
9,0,646,639,625,335,gdm_early,0.7,7,1
9,1,918,908,877,223,gdm_early,0.7,7,1
9,2,114,114,97,114,gdm_early,0.7,7,1
10,0,646,639,625,335,gdm_early,0.7,7,1
10,1,918,909,878,223,gdm_early,0.7,7,1
10,2,114,114,97,114,gdm_early,0.7,7,1
1,0,784,9,9,0,gdm_early,0.7,7,2
1,1,54,0,0,0,gdm_early,0.7,7,2
1,2,839,32,32,32,gdm_early,0.7,7,2
2,0,784,9,9,0,gdm_early,0.7,7,2
2,1,54,0,0,0,gdm_early,0.7,7,2
2,2,839,160,159,129,gdm_early,0.7,7,2
3,0,784,151,151,0,gdm_early,0.7,7,2
3,1,54,0,0,0,gdm_early,0.7,7,2
3,2,839,423,419,231,gdm_early,0.7,7,2
4,0,784,336,336,0,gdm_early,0.7,7,2
4,1,54,0,0,0,gdm_early,0.7,7,2
4,2,839,492,488,236,gdm_early,0.7,7,2
5,0,784,430,430,14,gdm_early,0.7,7,2
5,1,54,15,15,15,gdm_early,0.7,7,2
5,2,839,684,675,389,gdm_early,0.7,7,2
6,0,784,577,577,14,gdm_early,0.7,7,2
6,1,54,41,39,41,gdm_early,0.7,7,2
6,2,839,787,776,398,gdm_early,0.7,7,2
7,0,784,633,632,70,gdm_early,0.7,7,2
7,1,54,43,39,43,gdm_early,0.7,7,2
7,2,839,815,802,426,gdm_early,0.7,7,2
8,0,784,639,637,70,gdm_early,0.7,7,2
8,1,54,43,39,43,gdm_early,0.7,7,2
8,2,839,830,817,426,gdm_early,0.7,7,2
9,0,784,701,697,132,gdm_early,0.7,7,2
9,1,54,48,39,48,gdm_early,0.7,7,2
9,2,839,831,818,427,gdm_early,0.7,7,2
10,0,784,708,703,132,gdm_early,0.7,7,2
10,1,54,48,39,48,gdm_early,0.7,7,2
10,2,839,835,821,427,gdm_early,0.7,7,2
1,0,626,44,43,44,gdm_early,0.7,7,3
1,1,513,0,0,0,gdm_early,0.7,7,3
1,2,538,180,179,180,gdm_early,0.7,7,3
2,0,626,44,43,44,gdm_early,0.7,7,3
2,1,513,106,106,0,gdm_early,0.7,7,3
2,2,538,195,194,195,gdm_early,0.7,7,3
3,0,626,225,223,73,gdm_early,0.7,7,3
3,1,513,297,297,0,gdm_early,0.7,7,3
3,2,538,348,342,348,gdm_early,0.7,7,3
4,0,626,333,326,123,gdm_early,0.7,7,3
4,1,513,423,418,0,gdm_early,0.7,7,3
4,2,538,362,355,362,gdm_early,0.7,7,3
5,0,626,514,505,176,gdm_early,0.7,7,3
5,1,513,432,422,0,gdm_early,0.7,7,3
5,2,538,403,396,362,gdm_early,0.7,7,3
6,0,626,593,581,207,gdm_early,0.7,7,3
6,1,513,433,423,1,gdm_early,0.7,7,3
6,2,538,404,397,363,gdm_early,0.7,7,3
7,0,626,602,590,212,gdm_early,0.7,7,3
7,1,513,443,433,11,gdm_early,0.7,7,3
7,2,538,435,428,363,gdm_early,0.7,7,3
8,0,626,603,591,212,gdm_early,0.7,7,3
8,1,513,443,433,11,gdm_early,0.7,7,3
8,2,538,436,429,363,gdm_early,0.7,7,3
9,0,626,611,598,217,gdm_early,0.7,7,3
9,1,513,454,442,22,gdm_early,0.7,7,3
9,2,538,463,456,363,gdm_early,0.7,7,3
10,0,626,612,599,217,gdm_early,0.7,7,3
10,1,513,454,442,22,gdm_early,0.7,7,3
10,2,538,476,460,372,gdm_early,0.7,7,3
1,0,598,260,260,260,gdm_early,0.7,7,4
1,1,137,0,0,0,gdm_early,0.7,7,4
1,2,943,24,24,0,gdm_early,0.7,7,4
2,0,598,457,455,457,gdm_early,0.7,7,4
2,1,137,39,39,0,gdm_early,0.7,7,4
2,2,943,354,354,0,gdm_early,0.7,7,4
3,0,598,502,497,502,gdm_early,0.7,7,4
3,1,137,83,83,0,gdm_early,0.7,7,4
3,2,943,668,663,0,gdm_early,0.7,7,4
4,0,598,524,504,524,gdm_early,0.7,7,4
4,1,137,120,117,0,gdm_early,0.7,7,4
4,2,943,787,777,0,gdm_early,0.7,7,4
5,0,598,553,505,553,gdm_early,0.7,7,4
5,1,137,124,121,0,gdm_early,0.7,7,4
5,2,943,789,779,0,gdm_early,0.7,7,4
6,0,598,559,505,559,gdm_early,0.7,7,4
6,1,137,127,123,0,gdm_early,0.7,7,4
6,2,943,800,790,10,gdm_early,0.7,7,4
7,0,598,582,505,582,gdm_early,0.7,7,4
7,1,137,127,123,0,gdm_early,0.7,7,4
7,2,943,864,848,74,gdm_early,0.7,7,4
8,0,598,582,505,582,gdm_early,0.7,7,4
8,1,137,127,123,0,gdm_early,0.7,7,4
8,2,943,864,848,74,gdm_early,0.7,7,4
9,0,598,591,507,591,gdm_early,0.7,7,4
9,1,137,127,123,0,gdm_early,0.7,7,4
9,2,943,880,861,90,gdm_early,0.7,7,4
10,0,598,591,507,591,gdm_early,0.7,7,4
10,1,137,127,123,0,gdm_early,0.7,7,4
10,2,943,880,861,90,gdm_early,0.7,7,4
1,0,281,0,0,0,gdm_early,0.7,8,0
1,1,626,100,100,0,gdm_early,0.7,8,0
1,2,771,319,317,319,gdm_early,0.7,8,0
2,0,281,0,0,0,gdm_early,0.7,8,0
2,1,626,281,281,0,gdm_early,0.7,8,0
2,2,771,492,488,492,gdm_early,0.7,8,0
3,0,281,79,79,0,gdm_early,0.7,8,0
3,1,626,462,461,0,gdm_early,0.7,8,0
3,2,771,521,517,521,gdm_early,0.7,8,0
4,0,281,153,153,0,gdm_early,0.7,8,0
4,1,626,566,563,0,gdm_early,0.7,8,0
4,2,771,552,546,552,gdm_early,0.7,8,0
5,0,281,186,186,0,gdm_early,0.7,8,0
5,1,626,573,565,0,gdm_early,0.7,8,0
5,2,771,552,546,552,gdm_early,0.7,8,0
6,0,281,223,223,0,gdm_early,0.7,8,0
6,1,626,573,565,0,gdm_early,0.7,8,0
6,2,771,575,569,553,gdm_early,0.7,8,0
7,0,281,223,223,0,gdm_early,0.7,8,0
7,1,626,573,565,0,gdm_early,0.7,8,0
7,2,771,589,575,562,gdm_early,0.7,8,0
8,0,281,223,223,0,gdm_early,0.7,8,0
8,1,626,573,565,0,gdm_early,0.7,8,0
8,2,771,613,599,562,gdm_early,0.7,8,0
9,0,281,239,238,16,gdm_early,0.7,8,0
9,1,626,573,565,0,gdm_early,0.7,8,0
9,2,771,615,601,563,gdm_early,0.7,8,0
10,0,281,242,241,19,gdm_early,0.7,8,0
10,1,626,573,565,0,gdm_early,0.7,8,0
10,2,771,631,617,563,gdm_early,0.7,8,0
1,0,263,13,13,0,gdm_early,0.7,8,1
1,1,383,203,202,203,gdm_early,0.7,8,1
1,2,1031,57,56,57,gdm_early,0.7,8,1
2,0,263,177,176,0,gdm_early,0.7,8,1
2,1,383,260,258,260,gdm_early,0.7,8,1
2,2,1031,57,56,57,gdm_early,0.7,8,1
3,0,263,244,241,0,gdm_early,0.7,8,1
3,1,383,303,299,303,gdm_early,0.7,8,1
3,2,1031,339,334,147,gdm_early,0.7,8,1
4,0,263,256,253,0,gdm_early,0.7,8,1
4,1,383,353,313,353,gdm_early,0.7,8,1
4,2,1031,683,670,211,gdm_early,0.7,8,1
5,0,263,257,253,0,gdm_early,0.7,8,1
5,1,383,373,323,373,gdm_early,0.7,8,1
5,2,1031,831,817,236,gdm_early,0.7,8,1
6,0,263,257,253,0,gdm_early,0.7,8,1
6,1,383,373,323,373,gdm_early,0.7,8,1
6,2,1031,933,918,259,gdm_early,0.7,8,1
7,0,263,257,253,0,gdm_early,0.7,8,1
7,1,383,379,323,379,gdm_early,0.7,8,1
7,2,1031,967,949,289,gdm_early,0.7,8,1
8,0,263,257,253,0,gdm_early,0.7,8,1
8,1,383,379,323,379,gdm_early,0.7,8,1
8,2,1031,982,962,298,gdm_early,0.7,8,1
9,0,263,257,253,0,gdm_early,0.7,8,1
9,1,383,382,323,382,gdm_early,0.7,8,1
9,2,1031,997,976,313,gdm_early,0.7,8,1
10,0,263,257,253,0,gdm_early,0.7,8,1
10,1,383,382,323,382,gdm_early,0.7,8,1
10,2,1031,1006,982,315,gdm_early,0.7,8,1
1,0,592,210,209,210,gdm_early,0.7,8,2
1,1,907,112,112,0,gdm_early,0.7,8,2
1,2,178,57,57,57,gdm_early,0.7,8,2
2,0,592,301,298,301,gdm_early,0.7,8,2
2,1,907,640,637,0,gdm_early,0.7,8,2
2,2,178,75,75,75,gdm_early,0.7,8,2
3,0,592,459,448,459,gdm_early,0.7,8,2
3,1,907,781,777,0,gdm_early,0.7,8,2
3,2,178,114,113,114,gdm_early,0.7,8,2
4,0,592,485,458,485,gdm_early,0.7,8,2
4,1,907,816,810,0,gdm_early,0.7,8,2
4,2,178,115,113,115,gdm_early,0.7,8,2
5,0,592,498,459,498,gdm_early,0.7,8,2
5,1,907,820,812,0,gdm_early,0.7,8,2
5,2,178,116,114,116,gdm_early,0.7,8,2
6,0,592,521,461,521,gdm_early,0.7,8,2
6,1,907,820,812,0,gdm_early,0.7,8,2
6,2,178,121,119,116,gdm_early,0.7,8,2
7,0,592,549,461,549,gdm_early,0.7,8,2
7,1,907,820,812,0,gdm_early,0.7,8,2
7,2,178,130,128,125,gdm_early,0.7,8,2
8,0,592,562,462,562,gdm_early,0.7,8,2
8,1,907,820,812,0,gdm_early,0.7,8,2
8,2,178,140,138,125,gdm_early,0.7,8,2
9,0,592,574,463,574,gdm_early,0.7,8,2
9,1,907,820,812,0,gdm_early,0.7,8,2
9,2,178,140,138,125,gdm_early,0.7,8,2
10,0,592,576,463,576,gdm_early,0.7,8,2
10,1,907,834,824,14,gdm_early,0.7,8,2
10,2,178,142,140,125,gdm_early,0.7,8,2
1,0,876,42,42,0,gdm_early,0.7,8,3
1,1,317,243,243,243,gdm_early,0.7,8,3
1,2,484,113,111,113,gdm_early,0.7,8,3
2,0,876,538,538,0,gdm_early,0.7,8,3
2,1,317,308,308,308,gdm_early,0.7,8,3
2,2,484,251,247,251,gdm_early,0.7,8,3
3,0,876,791,789,0,gdm_early,0.7,8,3
3,1,317,317,308,317,gdm_early,0.7,8,3
3,2,484,291,286,291,gdm_early,0.7,8,3
4,0,876,839,836,0,gdm_early,0.7,8,3
4,1,317,317,308,317,gdm_early,0.7,8,3
4,2,484,324,319,324,gdm_early,0.7,8,3
5,0,876,846,840,0,gdm_early,0.7,8,3
5,1,317,317,308,317,gdm_early,0.7,8,3
5,2,484,327,321,327,gdm_early,0.7,8,3
6,0,876,846,840,0,gdm_early,0.7,8,3
6,1,317,317,308,317,gdm_early,0.7,8,3
6,2,484,336,321,336,gdm_early,0.7,8,3
7,0,876,846,840,0,gdm_early,0.7,8,3
7,1,317,317,308,317,gdm_early,0.7,8,3
7,2,484,352,321,352,gdm_early,0.7,8,3
8,0,876,846,840,0,gdm_early,0.7,8,3
8,1,317,317,308,317,gdm_early,0.7,8,3
8,2,484,352,321,352,gdm_early,0.7,8,3
9,0,876,846,840,0,gdm_early,0.7,8,3
9,1,317,317,308,317,gdm_early,0.7,8,3
9,2,484,352,321,352,gdm_early,0.7,8,3
10,0,876,846,840,0,gdm_early,0.7,8,3
10,1,317,317,308,317,gdm_early,0.7,8,3
10,2,484,368,334,355,gdm_early,0.7,8,3
1,0,1143,39,39,39,gdm_early,0.7,8,4
1,1,448,147,144,147,gdm_early,0.7,8,4
1,2,86,27,27,27,gdm_early,0.7,8,4
2,0,1143,43,43,39,gdm_early,0.7,8,4
2,1,448,147,144,147,gdm_early,0.7,8,4
2,2,86,62,62,62,gdm_early,0.7,8,4
3,0,1143,417,413,126,gdm_early,0.7,8,4
3,1,448,270,261,243,gdm_early,0.7,8,4
3,2,86,78,76,78,gdm_early,0.7,8,4
4,0,1143,819,815,126,gdm_early,0.7,8,4
4,1,448,349,339,243,gdm_early,0.7,8,4
4,2,86,86,78,86,gdm_early,0.7,8,4
5,0,1143,937,929,243,gdm_early,0.7,8,4
5,1,448,362,350,256,gdm_early,0.7,8,4
5,2,86,86,78,86,gdm_early,0.7,8,4
6,0,1143,1050,1041,243,gdm_early,0.7,8,4
6,1,448,421,407,257,gdm_early,0.7,8,4
6,2,86,86,78,86,gdm_early,0.7,8,4
7,0,1143,1119,1104,312,gdm_early,0.7,8,4
7,1,448,430,415,266,gdm_early,0.7,8,4
7,2,86,86,78,86,gdm_early,0.7,8,4
8,0,1143,1120,1105,312,gdm_early,0.7,8,4
8,1,448,438,423,266,gdm_early,0.7,8,4
8,2,86,86,78,86,gdm_early,0.7,8,4
9,0,1143,1128,1113,320,gdm_early,0.7,8,4
9,1,448,438,423,266,gdm_early,0.7,8,4
9,2,86,86,78,86,gdm_early,0.7,8,4
10,0,1143,1130,1113,320,gdm_early,0.7,8,4
10,1,448,438,423,266,gdm_early,0.7,8,4
10,2,86,86,78,86,gdm_early,0.7,8,4
1,0,296,210,210,210,gdm_early,0.7,9,0
1,1,491,157,156,157,gdm_early,0.7,9,0
1,2,891,115,115,0,gdm_early,0.7,9,0
2,0,296,294,291,294,gdm_early,0.7,9,0
2,1,491,281,278,281,gdm_early,0.7,9,0
2,2,891,435,435,0,gdm_early,0.7,9,0
3,0,296,296,292,296,gdm_early,0.7,9,0
3,1,491,287,284,287,gdm_early,0.7,9,0
3,2,891,795,792,0,gdm_early,0.7,9,0
4,0,296,296,292,296,gdm_early,0.7,9,0
4,1,491,342,338,342,gdm_early,0.7,9,0
4,2,891,861,856,0,gdm_early,0.7,9,0
5,0,296,296,292,296,gdm_early,0.7,9,0
5,1,491,348,338,348,gdm_early,0.7,9,0
5,2,891,870,860,0,gdm_early,0.7,9,0
6,0,296,296,292,296,gdm_early,0.7,9,0
6,1,491,363,341,363,gdm_early,0.7,9,0
6,2,891,870,860,0,gdm_early,0.7,9,0
7,0,296,296,292,296,gdm_early,0.7,9,0
7,1,491,386,342,386,gdm_early,0.7,9,0
7,2,891,870,860,0,gdm_early,0.7,9,0
8,0,296,296,292,296,gdm_early,0.7,9,0
8,1,491,400,342,400,gdm_early,0.7,9,0
8,2,891,870,860,0,gdm_early,0.7,9,0
9,0,296,296,292,296,gdm_early,0.7,9,0
9,1,491,403,342,403,gdm_early,0.7,9,0
9,2,891,870,860,0,gdm_early,0.7,9,0
10,0,296,296,292,296,gdm_early,0.7,9,0
10,1,491,403,342,403,gdm_early,0.7,9,0
10,2,891,870,860,0,gdm_early,0.7,9,0
1,0,221,1,1,0,gdm_early,0.7,9,1
1,1,250,18,18,18,gdm_early,0.7,9,1
1,2,1207,271,265,271,gdm_early,0.7,9,1
2,0,221,125,125,0,gdm_early,0.7,9,1
2,1,250,59,59,18,gdm_early,0.7,9,1
2,2,1207,271,265,271,gdm_early,0.7,9,1
3,0,221,139,139,0,gdm_early,0.7,9,1
3,1,250,103,103,18,gdm_early,0.7,9,1
3,2,1207,679,665,397,gdm_early,0.7,9,1
4,0,221,171,169,0,gdm_early,0.7,9,1
4,1,250,132,132,18,gdm_early,0.7,9,1
4,2,1207,839,824,397,gdm_early,0.7,9,1
5,0,221,184,180,3,gdm_early,0.7,9,1
5,1,250,161,160,25,gdm_early,0.7,9,1
5,2,1207,1008,986,536,gdm_early,0.7,9,1
6,0,221,197,190,3,gdm_early,0.7,9,1
6,1,250,212,209,25,gdm_early,0.7,9,1
6,2,1207,1142,1119,543,gdm_early,0.7,9,1
7,0,221,203,196,9,gdm_early,0.7,9,1
7,1,250,239,235,52,gdm_early,0.7,9,1
7,2,1207,1173,1147,574,gdm_early,0.7,9,1
8,0,221,204,196,9,gdm_early,0.7,9,1
8,1,250,239,235,52,gdm_early,0.7,9,1
8,2,1207,1183,1157,574,gdm_early,0.7,9,1
9,0,221,214,205,19,gdm_early,0.7,9,1
9,1,250,240,236,53,gdm_early,0.7,9,1
9,2,1207,1194,1166,576,gdm_early,0.7,9,1
10,0,221,216,205,19,gdm_early,0.7,9,1
10,1,250,240,236,53,gdm_early,0.7,9,1
10,2,1207,1199,1171,576,gdm_early,0.7,9,1
1,0,315,7,7,0,gdm_early,0.7,9,2
1,1,66,0,0,0,gdm_early,0.7,9,2
1,2,1297,223,220,223,gdm_early,0.7,9,2
2,0,315,154,152,0,gdm_early,0.7,9,2
2,1,66,0,0,0,gdm_early,0.7,9,2
2,2,1297,223,220,223,gdm_early,0.7,9,2
3,0,315,239,232,2,gdm_early,0.7,9,2
3,1,66,9,8,0,gdm_early,0.7,9,2
3,2,1297,669,661,344,gdm_early,0.7,9,2
4,0,315,261,252,2,gdm_early,0.7,9,2
4,1,66,24,22,0,gdm_early,0.7,9,2
4,2,1297,707,699,344,gdm_early,0.7,9,2
5,0,315,284,273,25,gdm_early,0.7,9,2
5,1,66,37,35,0,gdm_early,0.7,9,2
5,2,1297,1095,1079,530,gdm_early,0.7,9,2
6,0,315,285,274,25,gdm_early,0.7,9,2
6,1,66,57,53,0,gdm_early,0.7,9,2
6,2,1297,1205,1187,565,gdm_early,0.7,9,2
7,0,315,297,284,37,gdm_early,0.7,9,2
7,1,66,66,62,9,gdm_early,0.7,9,2
7,2,1297,1246,1223,594,gdm_early,0.7,9,2
8,0,315,297,284,37,gdm_early,0.7,9,2
8,1,66,66,62,9,gdm_early,0.7,9,2
8,2,1297,1265,1241,594,gdm_early,0.7,9,2
9,0,315,305,289,45,gdm_early,0.7,9,2
9,1,66,66,62,9,gdm_early,0.7,9,2
9,2,1297,1274,1247,601,gdm_early,0.7,9,2
10,0,315,305,289,45,gdm_early,0.7,9,2
10,1,66,66,62,9,gdm_early,0.7,9,2
10,2,1297,1276,1249,601,gdm_early,0.7,9,2
1,0,330,212,212,212,gdm_early,0.7,9,3
1,1,625,115,113,115,gdm_early,0.7,9,3
1,2,724,131,131,0,gdm_early,0.7,9,3
2,0,330,305,303,305,gdm_early,0.7,9,3
2,1,625,134,132,115,gdm_early,0.7,9,3
2,2,724,579,576,0,gdm_early,0.7,9,3
3,0,330,322,304,322,gdm_early,0.7,9,3
3,1,625,276,270,209,gdm_early,0.7,9,3
3,2,724,640,637,0,gdm_early,0.7,9,3
4,0,330,330,304,330,gdm_early,0.7,9,3
4,1,625,469,461,210,gdm_early,0.7,9,3
4,2,724,662,654,0,gdm_early,0.7,9,3
5,0,330,330,304,330,gdm_early,0.7,9,3
5,1,625,524,516,265,gdm_early,0.7,9,3
5,2,724,662,654,0,gdm_early,0.7,9,3
6,0,330,330,304,330,gdm_early,0.7,9,3
6,1,625,583,575,265,gdm_early,0.7,9,3
6,2,724,664,655,0,gdm_early,0.7,9,3
7,0,330,330,304,330,gdm_early,0.7,9,3
7,1,625,616,607,298,gdm_early,0.7,9,3
7,2,724,664,655,0,gdm_early,0.7,9,3
8,0,330,330,304,330,gdm_early,0.7,9,3
8,1,625,622,612,298,gdm_early,0.7,9,3
8,2,724,666,657,0,gdm_early,0.7,9,3
9,0,330,330,304,330,gdm_early,0.7,9,3
9,1,625,622,612,298,gdm_early,0.7,9,3
9,2,724,666,657,0,gdm_early,0.7,9,3
10,0,330,330,304,330,gdm_early,0.7,9,3
10,1,625,622,612,298,gdm_early,0.7,9,3
10,2,724,667,658,0,gdm_early,0.7,9,3
1,0,1223,26,26,0,gdm_early,0.7,9,4
1,1,134,48,48,48,gdm_early,0.7,9,4
1,2,321,129,128,129,gdm_early,0.7,9,4
2,0,1223,352,352,0,gdm_early,0.7,9,4
2,1,134,88,88,88,gdm_early,0.7,9,4
2,2,321,251,249,251,gdm_early,0.7,9,4
3,0,1223,851,851,0,gdm_early,0.7,9,4
3,1,134,119,118,119,gdm_early,0.7,9,4
3,2,321,291,281,291,gdm_early,0.7,9,4
4,0,1223,942,941,3,gdm_early,0.7,9,4
4,1,134,125,118,125,gdm_early,0.7,9,4
4,2,321,306,282,306,gdm_early,0.7,9,4
5,0,1223,966,962,22,gdm_early,0.7,9,4
5,1,134,134,118,134,gdm_early,0.7,9,4
5,2,321,315,285,315,gdm_early,0.7,9,4
6,0,1223,1057,1050,112,gdm_early,0.7,9,4
6,1,134,134,118,134,gdm_early,0.7,9,4
6,2,321,321,286,321,gdm_early,0.7,9,4
7,0,1223,1091,1083,145,gdm_early,0.7,9,4
7,1,134,134,118,134,gdm_early,0.7,9,4
7,2,321,321,286,321,gdm_early,0.7,9,4
8,0,1223,1155,1140,209,gdm_early,0.7,9,4
8,1,134,134,118,134,gdm_early,0.7,9,4
8,2,321,321,286,321,gdm_early,0.7,9,4
9,0,1223,1155,1140,209,gdm_early,0.7,9,4
9,1,134,134,118,134,gdm_early,0.7,9,4
9,2,321,321,286,321,gdm_early,0.7,9,4
10,0,1223,1177,1162,231,gdm_early,0.7,9,4
10,1,134,134,118,134,gdm_early,0.7,9,4
10,2,321,321,286,321,gdm_early,0.7,9,4
1,0,253,0,0,0,gdm_early,0.8,0,0
1,1,1163,69,69,69,gdm_early,0.8,0,0
1,2,501,82,80,82,gdm_early,0.8,0,0
2,0,253,97,97,0,gdm_early,0.8,0,0
2,1,1163,69,69,69,gdm_early,0.8,0,0
2,2,501,82,80,82,gdm_early,0.8,0,0
3,0,253,213,213,0,gdm_early,0.8,0,0
3,1,1163,575,572,217,gdm_early,0.8,0,0
3,2,501,270,263,206,gdm_early,0.8,0,0
4,0,253,238,238,0,gdm_early,0.8,0,0
4,1,1163,766,762,220,gdm_early,0.8,0,0
4,2,501,308,301,237,gdm_early,0.8,0,0
5,0,253,239,238,0,gdm_early,0.8,0,0
5,1,1163,962,954,304,gdm_early,0.8,0,0
5,2,501,359,349,261,gdm_early,0.8,0,0
6,0,253,239,238,0,gdm_early,0.8,0,0
6,1,1163,1010,1000,342,gdm_early,0.8,0,0
6,2,501,381,370,263,gdm_early,0.8,0,0
7,0,253,239,238,0,gdm_early,0.8,0,0
7,1,1163,1099,1080,431,gdm_early,0.8,0,0
7,2,501,402,391,263,gdm_early,0.8,0,0
8,0,253,239,238,0,gdm_early,0.8,0,0
8,1,1163,1155,1130,487,gdm_early,0.8,0,0
8,2,501,470,457,263,gdm_early,0.8,0,0
9,0,253,239,238,0,gdm_early,0.8,0,0
9,1,1163,1156,1130,488,gdm_early,0.8,0,0
9,2,501,493,480,263,gdm_early,0.8,0,0
10,0,253,239,238,0,gdm_early,0.8,0,0
10,1,1163,1156,1130,488,gdm_early,0.8,0,0
10,2,501,496,483,263,gdm_early,0.8,0,0
1,0,607,131,128,131,gdm_early,0.8,0,1
1,1,302,105,104,105,gdm_early,0.8,0,1
1,2,1008,118,118,4,gdm_early,0.8,0,1
2,0,607,132,129,131,gdm_early,0.8,0,1
2,1,302,219,218,219,gdm_early,0.8,0,1
2,2,1008,263,263,4,gdm_early,0.8,0,1
3,0,607,303,296,183,gdm_early,0.8,0,1
3,1,302,240,239,240,gdm_early,0.8,0,1
3,2,1008,695,686,22,gdm_early,0.8,0,1
4,0,607,387,380,216,gdm_early,0.8,0,1
4,1,302,264,239,264,gdm_early,0.8,0,1
4,2,1008,792,780,38,gdm_early,0.8,0,1
5,0,607,507,497,267,gdm_early,0.8,0,1
5,1,302,273,239,273,gdm_early,0.8,0,1
5,2,1008,877,860,97,gdm_early,0.8,0,1
6,0,607,592,581,303,gdm_early,0.8,0,1
6,1,302,287,239,287,gdm_early,0.8,0,1
6,2,1008,894,871,111,gdm_early,0.8,0,1
7,0,607,599,587,310,gdm_early,0.8,0,1
7,1,302,288,239,288,gdm_early,0.8,0,1
7,2,1008,932,906,149,gdm_early,0.8,0,1
8,0,607,601,589,310,gdm_early,0.8,0,1
8,1,302,288,239,288,gdm_early,0.8,0,1
8,2,1008,943,914,152,gdm_early,0.8,0,1
9,0,607,601,589,310,gdm_early,0.8,0,1
9,1,302,288,239,288,gdm_early,0.8,0,1
9,2,1008,958,926,167,gdm_early,0.8,0,1
10,0,607,603,591,310,gdm_early,0.8,0,1
10,1,302,288,239,288,gdm_early,0.8,0,1
10,2,1008,962,928,167,gdm_early,0.8,0,1
1,0,1340,168,168,168,gdm_early,0.8,0,2
1,1,209,95,95,95,gdm_early,0.8,0,2
1,2,369,29,29,0,gdm_early,0.8,0,2
2,0,1340,215,215,170,gdm_early,0.8,0,2
2,1,209,194,193,194,gdm_early,0.8,0,2
2,2,369,207,207,0,gdm_early,0.8,0,2
3,0,1340,708,704,266,gdm_early,0.8,0,2
3,1,209,201,194,201,gdm_early,0.8,0,2
3,2,369,349,347,0,gdm_early,0.8,0,2
4,0,1340,881,874,266,gdm_early,0.8,0,2
4,1,209,208,195,208,gdm_early,0.8,0,2
4,2,369,353,350,0,gdm_early,0.8,0,2
5,0,1340,1193,1168,487,gdm_early,0.8,0,2
5,1,209,209,195,209,gdm_early,0.8,0,2
5,2,369,356,353,0,gdm_early,0.8,0,2
6,0,1340,1260,1233,505,gdm_early,0.8,0,2
6,1,209,209,195,209,gdm_early,0.8,0,2
6,2,369,356,353,0,gdm_early,0.8,0,2
7,0,1340,1303,1274,538,gdm_early,0.8,0,2
7,1,209,209,195,209,gdm_early,0.8,0,2
7,2,369,356,353,0,gdm_early,0.8,0,2
8,0,1340,1317,1288,552,gdm_early,0.8,0,2
8,1,209,209,195,209,gdm_early,0.8,0,2
8,2,369,356,353,0,gdm_early,0.8,0,2
9,0,1340,1327,1294,562,gdm_early,0.8,0,2
9,1,209,209,195,209,gdm_early,0.8,0,2
9,2,369,356,353,0,gdm_early,0.8,0,2
10,0,1340,1328,1294,563,gdm_early,0.8,0,2
10,1,209,209,195,209,gdm_early,0.8,0,2
10,2,369,356,353,0,gdm_early,0.8,0,2
1,0,1165,234,228,234,gdm_early,0.8,0,3
1,1,217,63,62,63,gdm_early,0.8,0,3
1,2,535,0,0,0,gdm_early,0.8,0,3
2,0,1165,252,246,234,gdm_early,0.8,0,3
2,1,217,63,62,63,gdm_early,0.8,0,3
2,2,535,110,110,0,gdm_early,0.8,0,3
3,0,1165,635,622,375,gdm_early,0.8,0,3
3,1,217,108,106,108,gdm_early,0.8,0,3
3,2,535,325,325,5,gdm_early,0.8,0,3
4,0,1165,993,977,394,gdm_early,0.8,0,3
4,1,217,151,149,118,gdm_early,0.8,0,3
4,2,535,402,398,11,gdm_early,0.8,0,3
5,0,1165,1092,1068,493,gdm_early,0.8,0,3
5,1,217,161,159,126,gdm_early,0.8,0,3
5,2,535,482,471,91,gdm_early,0.8,0,3
6,0,1165,1110,1085,508,gdm_early,0.8,0,3
6,1,217,197,195,126,gdm_early,0.8,0,3
6,2,535,509,496,91,gdm_early,0.8,0,3
7,0,1165,1140,1112,520,gdm_early,0.8,0,3
7,1,217,204,202,133,gdm_early,0.8,0,3
7,2,535,525,510,107,gdm_early,0.8,0,3
8,0,1165,1149,1120,520,gdm_early,0.8,0,3
8,1,217,215,213,133,gdm_early,0.8,0,3
8,2,535,527,512,107,gdm_early,0.8,0,3
9,0,1165,1154,1122,525,gdm_early,0.8,0,3
9,1,217,215,213,133,gdm_early,0.8,0,3
9,2,535,531,515,111,gdm_early,0.8,0,3
10,0,1165,1154,1122,525,gdm_early,0.8,0,3
10,1,217,217,215,133,gdm_early,0.8,0,3
10,2,535,533,516,111,gdm_early,0.8,0,3
1,0,724,175,175,175,gdm_early,0.8,0,4
1,1,80,0,0,0,gdm_early,0.8,0,4
1,2,1114,14,14,0,gdm_early,0.8,0,4
2,0,724,201,200,201,gdm_early,0.8,0,4
2,1,80,0,0,0,gdm_early,0.8,0,4
2,2,1114,227,227,0,gdm_early,0.8,0,4
3,0,724,364,357,364,gdm_early,0.8,0,4
3,1,80,9,9,0,gdm_early,0.8,0,4
3,2,1114,422,421,18,gdm_early,0.8,0,4
4,0,724,475,466,430,gdm_early,0.8,0,4
4,1,80,63,62,0,gdm_early,0.8,0,4
4,2,1114,815,811,18,gdm_early,0.8,0,4
5,0,724,509,487,464,gdm_early,0.8,0,4
5,1,80,71,70,0,gdm_early,0.8,0,4
5,2,1114,970,962,171,gdm_early,0.8,0,4
6,0,724,708,681,465,gdm_early,0.8,0,4
6,1,80,71,70,0,gdm_early,0.8,0,4
6,2,1114,998,973,171,gdm_early,0.8,0,4
7,0,724,710,681,467,gdm_early,0.8,0,4
7,1,80,71,70,0,gdm_early,0.8,0,4
7,2,1114,1076,1047,249,gdm_early,0.8,0,4
8,0,724,717,687,467,gdm_early,0.8,0,4
8,1,80,71,70,0,gdm_early,0.8,0,4
8,2,1114,1079,1049,250,gdm_early,0.8,0,4
9,0,724,717,687,467,gdm_early,0.8,0,4
9,1,80,71,70,0,gdm_early,0.8,0,4
9,2,1114,1089,1058,260,gdm_early,0.8,0,4
10,0,724,720,688,467,gdm_early,0.8,0,4
10,1,80,71,70,0,gdm_early,0.8,0,4
10,2,1114,1089,1058,260,gdm_early,0.8,0,4
1,0,894,24,24,0,gdm_early,0.8,1,0
1,1,199,114,114,114,gdm_early,0.8,1,0
1,2,825,94,94,89,gdm_early,0.8,1,0
2,0,894,31,31,0,gdm_early,0.8,1,0
2,1,199,185,184,185,gdm_early,0.8,1,0
2,2,825,206,206,94,gdm_early,0.8,1,0
3,0,894,280,280,0,gdm_early,0.8,1,0
3,1,199,199,192,199,gdm_early,0.8,1,0
3,2,825,420,414,180,gdm_early,0.8,1,0
4,0,894,617,616,0,gdm_early,0.8,1,0
4,1,199,199,192,199,gdm_early,0.8,1,0
4,2,825,598,586,248,gdm_early,0.8,1,0
5,0,894,698,696,58,gdm_early,0.8,1,0
5,1,199,199,192,199,gdm_early,0.8,1,0
5,2,825,761,745,292,gdm_early,0.8,1,0
6,0,894,739,735,84,gdm_early,0.8,1,0
6,1,199,199,192,199,gdm_early,0.8,1,0
6,2,825,811,791,342,gdm_early,0.8,1,0
7,0,894,779,772,124,gdm_early,0.8,1,0
7,1,199,199,192,199,gdm_early,0.8,1,0
7,2,825,813,792,344,gdm_early,0.8,1,0
8,0,894,831,820,175,gdm_early,0.8,1,0
8,1,199,199,192,199,gdm_early,0.8,1,0
8,2,825,816,795,345,gdm_early,0.8,1,0
9,0,894,863,850,206,gdm_early,0.8,1,0
9,1,199,199,192,199,gdm_early,0.8,1,0
9,2,825,817,796,345,gdm_early,0.8,1,0
10,0,894,867,853,209,gdm_early,0.8,1,0
10,1,199,199,192,199,gdm_early,0.8,1,0
10,2,825,819,796,346,gdm_early,0.8,1,0
1,0,424,10,10,10,gdm_early,0.8,1,1
1,1,842,59,59,59,gdm_early,0.8,1,1
1,2,651,101,100,101,gdm_early,0.8,1,1
2,0,424,12,12,10,gdm_early,0.8,1,1
2,1,842,91,91,64,gdm_early,0.8,1,1
2,2,651,141,140,140,gdm_early,0.8,1,1
3,0,424,153,149,73,gdm_early,0.8,1,1
3,1,842,256,254,120,gdm_early,0.8,1,1
3,2,651,363,360,194,gdm_early,0.8,1,1
4,0,424,215,209,111,gdm_early,0.8,1,1
4,1,842,386,379,245,gdm_early,0.8,1,1
4,2,651,547,541,196,gdm_early,0.8,1,1
5,0,424,285,277,136,gdm_early,0.8,1,1
5,1,842,607,592,299,gdm_early,0.8,1,1
5,2,651,587,579,224,gdm_early,0.8,1,1
6,0,424,350,342,149,gdm_early,0.8,1,1
6,1,842,800,783,305,gdm_early,0.8,1,1
6,2,651,622,611,258,gdm_early,0.8,1,1
7,0,424,395,387,156,gdm_early,0.8,1,1
7,1,842,814,797,305,gdm_early,0.8,1,1
7,2,651,623,612,259,gdm_early,0.8,1,1
8,0,424,408,400,159,gdm_early,0.8,1,1
8,1,842,824,805,307,gdm_early,0.8,1,1
8,2,651,634,623,270,gdm_early,0.8,1,1
9,0,424,410,400,161,gdm_early,0.8,1,1
9,1,842,825,805,307,gdm_early,0.8,1,1
9,2,651,636,624,272,gdm_early,0.8,1,1
10,0,424,412,402,161,gdm_early,0.8,1,1
10,1,842,827,806,309,gdm_early,0.8,1,1
10,2,651,637,625,272,gdm_early,0.8,1,1
1,0,372,43,43,43,gdm_early,0.8,1,2
1,1,332,6,6,6,gdm_early,0.8,1,2
1,2,1213,75,75,75,gdm_early,0.8,1,2
2,0,372,91,89,91,gdm_early,0.8,1,2
2,1,332,46,46,7,gdm_early,0.8,1,2
2,2,1213,293,291,145,gdm_early,0.8,1,2
3,0,372,169,167,165,gdm_early,0.8,1,2
3,1,332,202,201,31,gdm_early,0.8,1,2
3,2,1213,554,546,194,gdm_early,0.8,1,2
4,0,372,236,234,188,gdm_early,0.8,1,2
4,1,332,236,234,44,gdm_early,0.8,1,2
4,2,1213,807,795,361,gdm_early,0.8,1,2
5,0,372,323,319,188,gdm_early,0.8,1,2
5,1,332,296,287,100,gdm_early,0.8,1,2
5,2,1213,881,857,431,gdm_early,0.8,1,2
6,0,372,333,329,188,gdm_early,0.8,1,2
6,1,332,315,306,101,gdm_early,0.8,1,2
6,2,1213,1203,1171,444,gdm_early,0.8,1,2
7,0,372,362,356,217,gdm_early,0.8,1,2
7,1,332,315,306,101,gdm_early,0.8,1,2
7,2,1213,1203,1171,444,gdm_early,0.8,1,2
8,0,372,371,365,217,gdm_early,0.8,1,2
8,1,332,322,312,108,gdm_early,0.8,1,2
8,2,1213,1204,1171,445,gdm_early,0.8,1,2
9,0,372,371,365,217,gdm_early,0.8,1,2
9,1,332,325,314,108,gdm_early,0.8,1,2
9,2,1213,1210,1175,445,gdm_early,0.8,1,2
10,0,372,371,365,217,gdm_early,0.8,1,2
10,1,332,329,318,112,gdm_early,0.8,1,2
10,2,1213,1210,1175,445,gdm_early,0.8,1,2
1,0,351,140,140,140,gdm_early,0.8,1,3
1,1,378,0,0,0,gdm_early,0.8,1,3
1,2,1188,0,0,0,gdm_early,0.8,1,3
2,0,351,323,322,323,gdm_early,0.8,1,3
2,1,378,92,92,0,gdm_early,0.8,1,3
2,2,1188,32,32,32,gdm_early,0.8,1,3
3,0,351,350,336,350,gdm_early,0.8,1,3
3,1,378,213,212,0,gdm_early,0.8,1,3
3,2,1188,623,617,177,gdm_early,0.8,1,3
4,0,351,351,336,351,gdm_early,0.8,1,3
4,1,378,288,286,0,gdm_early,0.8,1,3
4,2,1188,735,726,242,gdm_early,0.8,1,3
5,0,351,351,336,351,gdm_early,0.8,1,3
5,1,378,330,323,0,gdm_early,0.8,1,3
5,2,1188,1053,1042,274,gdm_early,0.8,1,3
6,0,351,351,336,351,gdm_early,0.8,1,3
6,1,378,330,323,0,gdm_early,0.8,1,3
6,2,1188,1106,1090,317,gdm_early,0.8,1,3
7,0,351,351,336,351,gdm_early,0.8,1,3
7,1,378,333,324,0,gdm_early,0.8,1,3
7,2,1188,1146,1124,347,gdm_early,0.8,1,3
8,0,351,351,336,351,gdm_early,0.8,1,3
8,1,378,333,324,0,gdm_early,0.8,1,3
8,2,1188,1157,1134,356,gdm_early,0.8,1,3
9,0,351,351,336,351,gdm_early,0.8,1,3
9,1,378,333,324,0,gdm_early,0.8,1,3
9,2,1188,1160,1137,359,gdm_early,0.8,1,3
10,0,351,351,336,351,gdm_early,0.8,1,3
10,1,378,333,324,0,gdm_early,0.8,1,3
10,2,1188,1180,1156,377,gdm_early,0.8,1,3
1,0,534,0,0,0,gdm_early,0.8,1,4
1,1,1111,299,296,299,gdm_early,0.8,1,4
1,2,272,0,0,0,gdm_early,0.8,1,4
2,0,534,239,239,0,gdm_early,0.8,1,4
2,1,1111,310,307,300,gdm_early,0.8,1,4
2,2,272,30,30,0,gdm_early,0.8,1,4
3,0,534,401,401,0,gdm_early,0.8,1,4
3,1,1111,569,560,559,gdm_early,0.8,1,4
3,2,272,55,55,0,gdm_early,0.8,1,4
4,0,534,474,469,0,gdm_early,0.8,1,4
4,1,1111,975,962,561,gdm_early,0.8,1,4
4,2,272,128,128,0,gdm_early,0.8,1,4
5,0,534,479,474,0,gdm_early,0.8,1,4
5,1,1111,1053,1036,639,gdm_early,0.8,1,4
5,2,272,154,153,0,gdm_early,0.8,1,4
6,0,534,483,477,0,gdm_early,0.8,1,4
6,1,1111,1077,1058,641,gdm_early,0.8,1,4
6,2,272,205,202,0,gdm_early,0.8,1,4
7,0,534,509,498,26,gdm_early,0.8,1,4
7,1,1111,1080,1059,644,gdm_early,0.8,1,4
7,2,272,214,211,9,gdm_early,0.8,1,4
8,0,534,510,499,26,gdm_early,0.8,1,4
8,1,1111,1106,1084,644,gdm_early,0.8,1,4
8,2,272,214,211,9,gdm_early,0.8,1,4
9,0,534,523,508,39,gdm_early,0.8,1,4
9,1,1111,1106,1084,644,gdm_early,0.8,1,4
9,2,272,222,218,17,gdm_early,0.8,1,4
10,0,534,523,508,39,gdm_early,0.8,1,4
10,1,1111,1106,1084,644,gdm_early,0.8,1,4
10,2,272,222,218,17,gdm_early,0.8,1,4
1,0,1162,9,9,0,gdm_early,0.8,2,0
1,1,561,383,383,383,gdm_early,0.8,2,0
1,2,194,5,5,5,gdm_early,0.8,2,0
2,0,1162,685,684,0,gdm_early,0.8,2,0
2,1,561,561,554,561,gdm_early,0.8,2,0
2,2,194,62,62,8,gdm_early,0.8,2,0
3,0,1162,770,769,0,gdm_early,0.8,2,0
3,1,561,561,554,561,gdm_early,0.8,2,0
3,2,194,99,95,9,gdm_early,0.8,2,0
4,0,1162,992,989,0,gdm_early,0.8,2,0
4,1,561,561,554,561,gdm_early,0.8,2,0
4,2,194,155,148,11,gdm_early,0.8,2,0
5,0,1162,993,990,0,gdm_early,0.8,2,0
5,1,561,561,554,561,gdm_early,0.8,2,0
5,2,194,164,156,18,gdm_early,0.8,2,0
6,0,1162,1007,996,0,gdm_early,0.8,2,0
6,1,561,561,554,561,gdm_early,0.8,2,0
6,2,194,174,163,26,gdm_early,0.8,2,0
7,0,1162,1013,1002,6,gdm_early,0.8,2,0
7,1,561,561,554,561,gdm_early,0.8,2,0
7,2,194,191,178,43,gdm_early,0.8,2,0
8,0,1162,1020,1003,6,gdm_early,0.8,2,0
8,1,561,561,554,561,gdm_early,0.8,2,0
8,2,194,191,178,43,gdm_early,0.8,2,0
9,0,1162,1064,1044,50,gdm_early,0.8,2,0
9,1,561,561,554,561,gdm_early,0.8,2,0
9,2,194,193,179,45,gdm_early,0.8,2,0
10,0,1162,1064,1044,50,gdm_early,0.8,2,0
10,1,561,561,554,561,gdm_early,0.8,2,0
10,2,194,193,179,45,gdm_early,0.8,2,0
1,0,331,42,41,42,gdm_early,0.8,2,1
1,1,252,0,0,0,gdm_early,0.8,2,1
1,2,1334,123,122,123,gdm_early,0.8,2,1
2,0,331,85,84,42,gdm_early,0.8,2,1
2,1,252,0,0,0,gdm_early,0.8,2,1
2,2,1334,196,194,174,gdm_early,0.8,2,1
3,0,331,136,134,46,gdm_early,0.8,2,1
3,1,252,19,19,0,gdm_early,0.8,2,1
3,2,1334,629,624,253,gdm_early,0.8,2,1
4,0,331,257,254,62,gdm_early,0.8,2,1
4,1,252,137,137,0,gdm_early,0.8,2,1
4,2,1334,1009,998,253,gdm_early,0.8,2,1
5,0,331,289,284,94,gdm_early,0.8,2,1
5,1,252,145,145,0,gdm_early,0.8,2,1
5,2,1334,1314,1286,558,gdm_early,0.8,2,1
6,0,331,312,304,115,gdm_early,0.8,2,1
6,1,252,240,235,69,gdm_early,0.8,2,1
6,2,1334,1322,1291,566,gdm_early,0.8,2,1
7,0,331,316,308,118,gdm_early,0.8,2,1
7,1,252,244,238,71,gdm_early,0.8,2,1
7,2,1334,1323,1292,567,gdm_early,0.8,2,1
8,0,331,318,309,119,gdm_early,0.8,2,1
8,1,252,247,241,71,gdm_early,0.8,2,1
8,2,1334,1324,1292,567,gdm_early,0.8,2,1
9,0,331,321,309,122,gdm_early,0.8,2,1
9,1,252,248,241,72,gdm_early,0.8,2,1
9,2,1334,1325,1293,568,gdm_early,0.8,2,1
10,0,331,328,314,129,gdm_early,0.8,2,1
10,1,252,248,241,72,gdm_early,0.8,2,1
10,2,1334,1327,1295,568,gdm_early,0.8,2,1
1,0,296,137,137,137,gdm_early,0.8,2,2
1,1,297,99,99,99,gdm_early,0.8,2,2
1,2,1324,9,9,0,gdm_early,0.8,2,2
2,0,296,253,252,253,gdm_early,0.8,2,2
2,1,297,184,184,184,gdm_early,0.8,2,2
2,2,1324,91,91,0,gdm_early,0.8,2,2
3,0,296,273,265,273,gdm_early,0.8,2,2
3,1,297,198,198,198,gdm_early,0.8,2,2
3,2,1324,630,630,0,gdm_early,0.8,2,2
4,0,296,286,266,286,gdm_early,0.8,2,2
4,1,297,226,226,226,gdm_early,0.8,2,2
4,2,1324,930,930,0,gdm_early,0.8,2,2
5,0,296,296,266,296,gdm_early,0.8,2,2
5,1,297,226,226,226,gdm_early,0.8,2,2
5,2,1324,1036,1033,0,gdm_early,0.8,2,2
6,0,296,296,266,296,gdm_early,0.8,2,2
6,1,297,242,226,242,gdm_early,0.8,2,2
6,2,1324,1076,1069,38,gdm_early,0.8,2,2
7,0,296,296,266,296,gdm_early,0.8,2,2
7,1,297,246,226,246,gdm_early,0.8,2,2
7,2,1324,1100,1085,50,gdm_early,0.8,2,2
8,0,296,296,266,296,gdm_early,0.8,2,2
8,1,297,279,226,279,gdm_early,0.8,2,2
8,2,1324,1228,1209,178,gdm_early,0.8,2,2
9,0,296,296,266,296,gdm_early,0.8,2,2
9,1,297,279,226,279,gdm_early,0.8,2,2
9,2,1324,1234,1214,178,gdm_early,0.8,2,2
10,0,296,296,266,296,gdm_early,0.8,2,2
10,1,297,290,226,290,gdm_early,0.8,2,2
10,2,1324,1298,1271,242,gdm_early,0.8,2,2
1,0,654,93,93,0,gdm_early,0.8,2,3
1,1,248,52,51,52,gdm_early,0.8,2,3
1,2,1015,266,258,266,gdm_early,0.8,2,3
2,0,654,388,387,0,gdm_early,0.8,2,3
2,1,248,52,51,52,gdm_early,0.8,2,3
2,2,1015,281,273,266,gdm_early,0.8,2,3
3,0,654,497,496,0,gdm_early,0.8,2,3
3,1,248,130,125,127,gdm_early,0.8,2,3
3,2,1015,558,537,529,gdm_early,0.8,2,3
4,0,654,606,602,0,gdm_early,0.8,2,3
4,1,248,203,198,127,gdm_early,0.8,2,3
4,2,1015,889,863,529,gdm_early,0.8,2,3
5,0,654,606,602,0,gdm_early,0.8,2,3
5,1,248,216,211,140,gdm_early,0.8,2,3
5,2,1015,943,913,583,gdm_early,0.8,2,3
6,0,654,608,604,0,gdm_early,0.8,2,3
6,1,248,234,228,140,gdm_early,0.8,2,3
6,2,1015,945,914,584,gdm_early,0.8,2,3
7,0,654,608,604,0,gdm_early,0.8,2,3
7,1,248,234,228,140,gdm_early,0.8,2,3
7,2,1015,975,943,584,gdm_early,0.8,2,3
8,0,654,608,604,0,gdm_early,0.8,2,3
8,1,248,235,229,140,gdm_early,0.8,2,3
8,2,1015,1001,968,584,gdm_early,0.8,2,3
9,0,654,608,604,0,gdm_early,0.8,2,3
9,1,248,248,242,140,gdm_early,0.8,2,3
9,2,1015,1001,968,584,gdm_early,0.8,2,3
10,0,654,608,604,0,gdm_early,0.8,2,3
10,1,248,248,242,140,gdm_early,0.8,2,3
10,2,1015,1012,978,584,gdm_early,0.8,2,3
1,0,829,321,321,321,gdm_early,0.8,2,4
1,1,1039,85,85,0,gdm_early,0.8,2,4
1,2,51,0,0,0,gdm_early,0.8,2,4
2,0,829,570,567,570,gdm_early,0.8,2,4
2,1,1039,563,563,0,gdm_early,0.8,2,4
2,2,51,0,0,0,gdm_early,0.8,2,4
3,0,829,628,623,628,gdm_early,0.8,2,4
3,1,1039,901,896,0,gdm_early,0.8,2,4
3,2,51,0,0,0,gdm_early,0.8,2,4
4,0,829,662,635,662,gdm_early,0.8,2,4
4,1,1039,969,954,0,gdm_early,0.8,2,4
4,2,51,1,1,0,gdm_early,0.8,2,4
5,0,829,722,674,722,gdm_early,0.8,2,4
5,1,1039,981,959,0,gdm_early,0.8,2,4
5,2,51,43,41,0,gdm_early,0.8,2,4
6,0,829,761,681,761,gdm_early,0.8,2,4
6,1,1039,981,959,0,gdm_early,0.8,2,4
6,2,51,44,42,0,gdm_early,0.8,2,4
7,0,829,789,682,789,gdm_early,0.8,2,4
7,1,1039,981,959,0,gdm_early,0.8,2,4
7,2,51,48,46,0,gdm_early,0.8,2,4
8,0,829,793,683,793,gdm_early,0.8,2,4
8,1,1039,981,959,0,gdm_early,0.8,2,4
8,2,51,48,46,0,gdm_early,0.8,2,4
9,0,829,803,683,803,gdm_early,0.8,2,4
9,1,1039,985,963,4,gdm_early,0.8,2,4
9,2,51,49,46,0,gdm_early,0.8,2,4
10,0,829,813,683,813,gdm_early,0.8,2,4
10,1,1039,985,963,4,gdm_early,0.8,2,4
10,2,51,49,46,0,gdm_early,0.8,2,4
1,0,421,79,78,79,gdm_early,0.8,3,0
1,1,84,0,0,0,gdm_early,0.8,3,0
1,2,1412,160,160,15,gdm_early,0.8,3,0
2,0,421,231,230,231,gdm_early,0.8,3,0
2,1,84,0,0,0,gdm_early,0.8,3,0
2,2,1412,259,259,26,gdm_early,0.8,3,0
3,0,421,299,297,271,gdm_early,0.8,3,0
3,1,84,14,14,0,gdm_early,0.8,3,0
3,2,1412,933,932,93,gdm_early,0.8,3,0
4,0,421,320,318,292,gdm_early,0.8,3,0
4,1,84,17,17,0,gdm_early,0.8,3,0
4,2,1412,1140,1132,192,gdm_early,0.8,3,0
5,0,421,374,372,292,gdm_early,0.8,3,0
5,1,84,34,34,0,gdm_early,0.8,3,0
5,2,1412,1271,1249,302,gdm_early,0.8,3,0
6,0,421,376,373,294,gdm_early,0.8,3,0
6,1,84,69,66,35,gdm_early,0.8,3,0
6,2,1412,1373,1347,404,gdm_early,0.8,3,0
7,0,421,396,392,294,gdm_early,0.8,3,0
7,1,84,82,77,35,gdm_early,0.8,3,0
7,2,1412,1377,1350,405,gdm_early,0.8,3,0
8,0,421,396,392,294,gdm_early,0.8,3,0
8,1,84,84,78,37,gdm_early,0.8,3,0
8,2,1412,1388,1359,416,gdm_early,0.8,3,0
9,0,421,406,401,294,gdm_early,0.8,3,0
9,1,84,84,78,37,gdm_early,0.8,3,0
9,2,1412,1388,1359,416,gdm_early,0.8,3,0
10,0,421,406,401,294,gdm_early,0.8,3,0
10,1,84,84,78,37,gdm_early,0.8,3,0
10,2,1412,1397,1365,425,gdm_early,0.8,3,0
1,0,158,16,16,16,gdm_early,0.8,3,1
1,1,1141,63,63,0,gdm_early,0.8,3,1
1,2,619,350,350,350,gdm_early,0.8,3,1
2,0,158,16,16,16,gdm_early,0.8,3,1
2,1,1141,694,690,0,gdm_early,0.8,3,1
2,2,619,494,494,494,gdm_early,0.8,3,1
3,0,158,17,17,16,gdm_early,0.8,3,1
3,1,1141,807,803,0,gdm_early,0.8,3,1
3,2,619,503,499,503,gdm_early,0.8,3,1
4,0,158,59,59,16,gdm_early,0.8,3,1
4,1,1141,942,928,0,gdm_early,0.8,3,1
4,2,619,546,504,546,gdm_early,0.8,3,1
5,0,158,61,61,16,gdm_early,0.8,3,1
5,1,1141,944,930,0,gdm_early,0.8,3,1
5,2,619,596,505,596,gdm_early,0.8,3,1
6,0,158,99,98,34,gdm_early,0.8,3,1
6,1,1141,961,941,0,gdm_early,0.8,3,1
6,2,619,597,505,597,gdm_early,0.8,3,1
7,0,158,110,108,45,gdm_early,0.8,3,1
7,1,1141,1040,1015,79,gdm_early,0.8,3,1
7,2,619,612,505,612,gdm_early,0.8,3,1
8,0,158,117,112,49,gdm_early,0.8,3,1
8,1,1141,1050,1019,79,gdm_early,0.8,3,1
8,2,619,612,505,612,gdm_early,0.8,3,1
9,0,158,134,124,66,gdm_early,0.8,3,1
9,1,1141,1096,1057,125,gdm_early,0.8,3,1
9,2,619,619,505,619,gdm_early,0.8,3,1
10,0,158,134,124,66,gdm_early,0.8,3,1
10,1,1141,1096,1057,125,gdm_early,0.8,3,1
10,2,619,619,505,619,gdm_early,0.8,3,1
1,0,285,104,104,104,gdm_early,0.8,3,2
1,1,517,0,0,0,gdm_early,0.8,3,2
1,2,1116,100,98,100,gdm_early,0.8,3,2
2,0,285,242,242,242,gdm_early,0.8,3,2
2,1,517,173,173,0,gdm_early,0.8,3,2
2,2,1116,187,184,115,gdm_early,0.8,3,2
3,0,285,275,264,275,gdm_early,0.8,3,2
3,1,517,440,440,0,gdm_early,0.8,3,2
3,2,1116,613,608,222,gdm_early,0.8,3,2
4,0,285,285,264,285,gdm_early,0.8,3,2
4,1,517,492,490,0,gdm_early,0.8,3,2
4,2,1116,800,789,222,gdm_early,0.8,3,2
5,0,285,285,264,285,gdm_early,0.8,3,2
5,1,517,498,490,0,gdm_early,0.8,3,2
5,2,1116,985,969,391,gdm_early,0.8,3,2
6,0,285,285,264,285,gdm_early,0.8,3,2
6,1,517,498,490,0,gdm_early,0.8,3,2
6,2,1116,1029,1012,391,gdm_early,0.8,3,2
7,0,285,285,264,285,gdm_early,0.8,3,2
7,1,517,498,490,0,gdm_early,0.8,3,2
7,2,1116,1077,1057,439,gdm_early,0.8,3,2
8,0,285,285,264,285,gdm_early,0.8,3,2
8,1,517,498,490,0,gdm_early,0.8,3,2
8,2,1116,1081,1061,441,gdm_early,0.8,3,2
9,0,285,285,264,285,gdm_early,0.8,3,2
9,1,517,498,490,0,gdm_early,0.8,3,2
9,2,1116,1083,1063,443,gdm_early,0.8,3,2
10,0,285,285,264,285,gdm_early,0.8,3,2
10,1,517,498,490,0,gdm_early,0.8,3,2
10,2,1116,1087,1067,447,gdm_early,0.8,3,2
1,0,416,321,317,321,gdm_early,0.8,3,3
1,1,1140,28,27,27,gdm_early,0.8,3,3
1,2,361,40,40,0,gdm_early,0.8,3,3
2,0,416,393,389,393,gdm_early,0.8,3,3
2,1,1140,35,33,34,gdm_early,0.8,3,3
2,2,361,207,206,0,gdm_early,0.8,3,3
3,0,416,411,389,411,gdm_early,0.8,3,3
3,1,1140,393,387,138,gdm_early,0.8,3,3
3,2,361,302,301,0,gdm_early,0.8,3,3
4,0,416,415,390,415,gdm_early,0.8,3,3
4,1,1140,660,650,233,gdm_early,0.8,3,3
4,2,361,350,347,0,gdm_early,0.8,3,3
5,0,416,415,390,415,gdm_early,0.8,3,3
5,1,1140,895,881,262,gdm_early,0.8,3,3
5,2,361,354,351,0,gdm_early,0.8,3,3
6,0,416,415,390,415,gdm_early,0.8,3,3
6,1,1140,1044,1027,311,gdm_early,0.8,3,3
6,2,361,354,351,0,gdm_early,0.8,3,3
7,0,416,415,390,415,gdm_early,0.8,3,3
7,1,1140,1103,1083,343,gdm_early,0.8,3,3
7,2,361,354,351,0,gdm_early,0.8,3,3
8,0,416,415,390,415,gdm_early,0.8,3,3
8,1,1140,1119,1098,352,gdm_early,0.8,3,3
8,2,361,354,351,0,gdm_early,0.8,3,3
9,0,416,415,390,415,gdm_early,0.8,3,3
9,1,1140,1127,1105,358,gdm_early,0.8,3,3
9,2,361,354,351,0,gdm_early,0.8,3,3
10,0,416,415,390,415,gdm_early,0.8,3,3
10,1,1140,1133,1109,358,gdm_early,0.8,3,3
10,2,361,354,351,0,gdm_early,0.8,3,3
1,0,382,23,23,23,gdm_early,0.8,3,4
1,1,106,5,5,5,gdm_early,0.8,3,4
1,2,1430,145,144,113,gdm_early,0.8,3,4
2,0,382,23,23,23,gdm_early,0.8,3,4
2,1,106,5,5,5,gdm_early,0.8,3,4
2,2,1430,251,250,113,gdm_early,0.8,3,4
3,0,382,142,142,45,gdm_early,0.8,3,4
3,1,106,5,5,5,gdm_early,0.8,3,4
3,2,1430,834,826,193,gdm_early,0.8,3,4
4,0,382,202,201,49,gdm_early,0.8,3,4
4,1,106,5,5,5,gdm_early,0.8,3,4
4,2,1430,1027,1019,193,gdm_early,0.8,3,4
5,0,382,306,301,130,gdm_early,0.8,3,4
5,1,106,35,34,25,gdm_early,0.8,3,4
5,2,1430,1291,1274,428,gdm_early,0.8,3,4
6,0,382,346,340,148,gdm_early,0.8,3,4
6,1,106,97,95,42,gdm_early,0.8,3,4
6,2,1430,1386,1362,518,gdm_early,0.8,3,4
7,0,382,356,350,156,gdm_early,0.8,3,4
7,1,106,100,96,42,gdm_early,0.8,3,4
7,2,1430,1422,1391,554,gdm_early,0.8,3,4
8,0,382,362,355,157,gdm_early,0.8,3,4
8,1,106,102,98,44,gdm_early,0.8,3,4
8,2,1430,1422,1391,554,gdm_early,0.8,3,4
9,0,382,362,355,157,gdm_early,0.8,3,4
9,1,106,102,98,44,gdm_early,0.8,3,4
9,2,1430,1422,1391,554,gdm_early,0.8,3,4
10,0,382,370,362,159,gdm_early,0.8,3,4
10,1,106,104,100,46,gdm_early,0.8,3,4
10,2,1430,1422,1391,554,gdm_early,0.8,3,4
1,0,33,0,0,0,gdm_early,0.8,4,0
1,1,717,595,594,595,gdm_early,0.8,4,0
1,2,1167,27,27,0,gdm_early,0.8,4,0
2,0,33,0,0,0,gdm_early,0.8,4,0
2,1,717,713,702,713,gdm_early,0.8,4,0
2,2,1167,847,846,0,gdm_early,0.8,4,0
3,0,33,2,2,2,gdm_early,0.8,4,0
3,1,717,716,702,716,gdm_early,0.8,4,0
3,2,1167,1043,1042,0,gdm_early,0.8,4,0
4,0,33,14,12,14,gdm_early,0.8,4,0
4,1,717,716,702,716,gdm_early,0.8,4,0
4,2,1167,1124,1117,0,gdm_early,0.8,4,0
5,0,33,15,13,15,gdm_early,0.8,4,0
5,1,717,717,703,717,gdm_early,0.8,4,0
5,2,1167,1134,1124,0,gdm_early,0.8,4,0
6,0,33,15,13,15,gdm_early,0.8,4,0
6,1,717,717,703,717,gdm_early,0.8,4,0
6,2,1167,1134,1124,0,gdm_early,0.8,4,0
7,0,33,15,13,15,gdm_early,0.8,4,0
7,1,717,717,703,717,gdm_early,0.8,4,0
7,2,1167,1134,1124,0,gdm_early,0.8,4,0
8,0,33,17,14,16,gdm_early,0.8,4,0
8,1,717,717,703,717,gdm_early,0.8,4,0
8,2,1167,1134,1124,0,gdm_early,0.8,4,0
9,0,33,17,14,16,gdm_early,0.8,4,0
9,1,717,717,703,717,gdm_early,0.8,4,0
9,2,1167,1134,1124,0,gdm_early,0.8,4,0
10,0,33,18,14,17,gdm_early,0.8,4,0
10,1,717,717,703,717,gdm_early,0.8,4,0
10,2,1167,1134,1124,0,gdm_early,0.8,4,0
1,0,824,0,0,0,gdm_early,0.8,4,1
1,1,498,53,53,0,gdm_early,0.8,4,1
1,2,595,265,265,265,gdm_early,0.8,4,1
2,0,824,0,0,0,gdm_early,0.8,4,1
2,1,498,219,219,0,gdm_early,0.8,4,1
2,2,595,448,446,448,gdm_early,0.8,4,1
3,0,824,429,428,23,gdm_early,0.8,4,1
3,1,498,420,418,0,gdm_early,0.8,4,1
3,2,595,487,484,487,gdm_early,0.8,4,1
4,0,824,580,575,132,gdm_early,0.8,4,1
4,1,498,450,448,0,gdm_early,0.8,4,1
4,2,595,496,487,496,gdm_early,0.8,4,1
5,0,824,732,723,148,gdm_early,0.8,4,1
5,1,498,452,450,0,gdm_early,0.8,4,1
5,2,595,503,487,503,gdm_early,0.8,4,1
6,0,824,783,769,199,gdm_early,0.8,4,1
6,1,498,452,450,0,gdm_early,0.8,4,1
6,2,595,540,488,540,gdm_early,0.8,4,1
7,0,824,788,773,204,gdm_early,0.8,4,1
7,1,498,452,450,0,gdm_early,0.8,4,1
7,2,595,540,488,540,gdm_early,0.8,4,1
8,0,824,793,775,208,gdm_early,0.8,4,1
8,1,498,452,450,0,gdm_early,0.8,4,1
8,2,595,563,488,563,gdm_early,0.8,4,1
9,0,824,795,777,209,gdm_early,0.8,4,1
9,1,498,452,450,0,gdm_early,0.8,4,1
9,2,595,563,488,563,gdm_early,0.8,4,1
10,0,824,798,780,212,gdm_early,0.8,4,1
10,1,498,452,450,0,gdm_early,0.8,4,1
10,2,595,579,489,579,gdm_early,0.8,4,1
1,0,673,10,10,0,gdm_early,0.8,4,2
1,1,731,119,118,119,gdm_early,0.8,4,2
1,2,513,183,183,183,gdm_early,0.8,4,2
2,0,673,425,422,0,gdm_early,0.8,4,2
2,1,731,119,118,119,gdm_early,0.8,4,2
2,2,513,230,230,230,gdm_early,0.8,4,2
3,0,673,563,560,0,gdm_early,0.8,4,2
3,1,731,330,326,136,gdm_early,0.8,4,2
3,2,513,368,364,368,gdm_early,0.8,4,2
4,0,673,603,597,0,gdm_early,0.8,4,2
4,1,731,494,487,136,gdm_early,0.8,4,2
4,2,513,381,367,381,gdm_early,0.8,4,2
5,0,673,604,598,0,gdm_early,0.8,4,2
5,1,731,539,530,138,gdm_early,0.8,4,2
5,2,513,394,368,394,gdm_early,0.8,4,2
6,0,673,606,599,0,gdm_early,0.8,4,2
6,1,731,584,574,180,gdm_early,0.8,4,2
6,2,513,413,368,413,gdm_early,0.8,4,2
7,0,673,606,599,0,gdm_early,0.8,4,2
7,1,731,683,670,278,gdm_early,0.8,4,2
7,2,513,434,368,434,gdm_early,0.8,4,2
8,0,673,606,599,0,gdm_early,0.8,4,2
8,1,731,700,684,292,gdm_early,0.8,4,2
8,2,513,438,369,438,gdm_early,0.8,4,2
9,0,673,608,601,2,gdm_early,0.8,4,2
9,1,731,710,694,302,gdm_early,0.8,4,2
9,2,513,444,369,444,gdm_early,0.8,4,2
10,0,673,608,601,2,gdm_early,0.8,4,2
10,1,731,710,694,302,gdm_early,0.8,4,2
10,2,513,452,369,452,gdm_early,0.8,4,2
1,0,223,11,11,0,gdm_early,0.8,4,3
1,1,601,213,208,213,gdm_early,0.8,4,3
1,2,1095,2,2,0,gdm_early,0.8,4,3
2,0,223,78,78,0,gdm_early,0.8,4,3
2,1,601,377,369,377,gdm_early,0.8,4,3
2,2,1095,60,60,0,gdm_early,0.8,4,3
3,0,223,176,171,0,gdm_early,0.8,4,3
3,1,601,411,402,411,gdm_early,0.8,4,3
3,2,1095,621,619,4,gdm_early,0.8,4,3
4,0,223,182,177,0,gdm_early,0.8,4,3
4,1,601,446,433,446,gdm_early,0.8,4,3
4,2,1095,707,703,16,gdm_early,0.8,4,3
5,0,223,186,178,0,gdm_early,0.8,4,3
5,1,601,481,468,446,gdm_early,0.8,4,3
5,2,1095,829,821,26,gdm_early,0.8,4,3
6,0,223,210,199,24,gdm_early,0.8,4,3
6,1,601,489,468,454,gdm_early,0.8,4,3
6,2,1095,998,980,195,gdm_early,0.8,4,3
7,0,223,210,199,24,gdm_early,0.8,4,3
7,1,601,489,468,454,gdm_early,0.8,4,3
7,2,1095,1003,985,198,gdm_early,0.8,4,3
8,0,223,220,209,34,gdm_early,0.8,4,3
8,1,601,510,468,475,gdm_early,0.8,4,3
8,2,1095,1049,1027,244,gdm_early,0.8,4,3
9,0,223,220,209,34,gdm_early,0.8,4,3
9,1,601,513,471,475,gdm_early,0.8,4,3
9,2,1095,1051,1027,244,gdm_early,0.8,4,3
10,0,223,223,211,37,gdm_early,0.8,4,3
10,1,601,549,471,511,gdm_early,0.8,4,3
10,2,1095,1084,1057,277,gdm_early,0.8,4,3
1,0,214,19,19,0,gdm_early,0.8,4,4
1,1,1212,86,86,3,gdm_early,0.8,4,4
1,2,491,256,256,256,gdm_early,0.8,4,4
2,0,214,86,86,0,gdm_early,0.8,4,4
2,1,1212,86,86,3,gdm_early,0.8,4,4
2,2,491,414,414,414,gdm_early,0.8,4,4
3,0,214,162,161,0,gdm_early,0.8,4,4
3,1,1212,601,600,3,gdm_early,0.8,4,4
3,2,491,443,438,443,gdm_early,0.8,4,4
4,0,214,174,172,0,gdm_early,0.8,4,4
4,1,1212,656,655,26,gdm_early,0.8,4,4
4,2,491,467,438,467,gdm_early,0.8,4,4
5,0,214,191,189,0,gdm_early,0.8,4,4
5,1,1212,923,909,34,gdm_early,0.8,4,4
5,2,491,474,438,474,gdm_early,0.8,4,4
6,0,214,191,189,0,gdm_early,0.8,4,4
6,1,1212,1045,1025,153,gdm_early,0.8,4,4
6,2,491,485,439,485,gdm_early,0.8,4,4
7,0,214,191,189,0,gdm_early,0.8,4,4
7,1,1212,1064,1043,155,gdm_early,0.8,4,4
7,2,491,485,439,485,gdm_early,0.8,4,4
8,0,214,191,189,0,gdm_early,0.8,4,4
8,1,1212,1114,1089,205,gdm_early,0.8,4,4
8,2,491,490,439,490,gdm_early,0.8,4,4
9,0,214,193,191,0,gdm_early,0.8,4,4
9,1,1212,1133,1107,220,gdm_early,0.8,4,4
9,2,491,490,439,490,gdm_early,0.8,4,4
10,0,214,193,191,0,gdm_early,0.8,4,4
10,1,1212,1186,1156,273,gdm_early,0.8,4,4
10,2,491,490,439,490,gdm_early,0.8,4,4
1,0,119,0,0,0,gdm_early,0.8,5,0
1,1,1361,296,290,296,gdm_early,0.8,5,0
1,2,438,13,13,0,gdm_early,0.8,5,0
2,0,119,0,0,0,gdm_early,0.8,5,0
2,1,1361,369,363,296,gdm_early,0.8,5,0
2,2,438,281,281,0,gdm_early,0.8,5,0
3,0,119,6,6,0,gdm_early,0.8,5,0
3,1,1361,743,728,650,gdm_early,0.8,5,0
3,2,438,323,323,0,gdm_early,0.8,5,0
4,0,119,36,36,0,gdm_early,0.8,5,0
4,1,1361,1151,1134,650,gdm_early,0.8,5,0
4,2,438,386,382,0,gdm_early,0.8,5,0
5,0,119,55,55,0,gdm_early,0.8,5,0
5,1,1361,1198,1177,697,gdm_early,0.8,5,0
5,2,438,406,401,0,gdm_early,0.8,5,0
6,0,119,92,89,0,gdm_early,0.8,5,0
6,1,1361,1225,1202,697,gdm_early,0.8,5,0
6,2,438,406,401,0,gdm_early,0.8,5,0
7,0,119,114,108,22,gdm_early,0.8,5,0
7,1,1361,1322,1295,700,gdm_early,0.8,5,0
7,2,438,407,402,0,gdm_early,0.8,5,0
8,0,119,115,109,23,gdm_early,0.8,5,0
8,1,1361,1341,1312,700,gdm_early,0.8,5,0
8,2,438,407,402,0,gdm_early,0.8,5,0
9,0,119,117,111,25,gdm_early,0.8,5,0
9,1,1361,1342,1313,701,gdm_early,0.8,5,0
9,2,438,407,402,0,gdm_early,0.8,5,0
10,0,119,117,111,25,gdm_early,0.8,5,0
10,1,1361,1348,1319,701,gdm_early,0.8,5,0
10,2,438,407,402,0,gdm_early,0.8,5,0
1,0,427,84,83,84,gdm_early,0.8,5,1
1,1,623,15,15,0,gdm_early,0.8,5,1
1,2,868,124,123,124,gdm_early,0.8,5,1
2,0,427,84,83,84,gdm_early,0.8,5,1
2,1,623,110,110,0,gdm_early,0.8,5,1
2,2,868,125,124,124,gdm_early,0.8,5,1
3,0,427,220,215,220,gdm_early,0.8,5,1
3,1,623,332,325,1,gdm_early,0.8,5,1
3,2,868,491,484,179,gdm_early,0.8,5,1
4,0,427,249,244,249,gdm_early,0.8,5,1
4,1,623,465,457,1,gdm_early,0.8,5,1
4,2,868,644,635,179,gdm_early,0.8,5,1
5,0,427,306,300,252,gdm_early,0.8,5,1
5,1,623,523,513,37,gdm_early,0.8,5,1
5,2,868,716,704,228,gdm_early,0.8,5,1
6,0,427,314,307,254,gdm_early,0.8,5,1
6,1,623,534,519,38,gdm_early,0.8,5,1
6,2,868,836,817,343,gdm_early,0.8,5,1
7,0,427,338,330,254,gdm_early,0.8,5,1
7,1,623,564,548,68,gdm_early,0.8,5,1
7,2,868,849,830,356,gdm_early,0.8,5,1
8,0,427,390,381,254,gdm_early,0.8,5,1
8,1,623,581,564,84,gdm_early,0.8,5,1
8,2,868,860,838,365,gdm_early,0.8,5,1
9,0,427,390,381,254,gdm_early,0.8,5,1
9,1,623,596,578,99,gdm_early,0.8,5,1
9,2,868,860,838,365,gdm_early,0.8,5,1
10,0,427,390,381,254,gdm_early,0.8,5,1
10,1,623,601,582,103,gdm_early,0.8,5,1
10,2,868,860,838,365,gdm_early,0.8,5,1
1,0,710,16,15,16,gdm_early,0.8,5,2
1,1,279,8,8,8,gdm_early,0.8,5,2
1,2,929,130,130,130,gdm_early,0.8,5,2
2,0,710,22,21,22,gdm_early,0.8,5,2
2,1,279,8,8,8,gdm_early,0.8,5,2
2,2,929,171,171,133,gdm_early,0.8,5,2
3,0,710,208,204,82,gdm_early,0.8,5,2
3,1,279,63,63,9,gdm_early,0.8,5,2
3,2,929,542,540,162,gdm_early,0.8,5,2
4,0,710,440,433,151,gdm_early,0.8,5,2
4,1,279,105,104,9,gdm_early,0.8,5,2
4,2,929,662,657,172,gdm_early,0.8,5,2
5,0,710,616,609,155,gdm_early,0.8,5,2
5,1,279,105,104,9,gdm_early,0.8,5,2
5,2,929,735,726,232,gdm_early,0.8,5,2
6,0,710,661,652,180,gdm_early,0.8,5,2
6,1,279,209,204,78,gdm_early,0.8,5,2
6,2,929,891,876,388,gdm_early,0.8,5,2
7,0,710,701,688,220,gdm_early,0.8,5,2
7,1,279,223,218,87,gdm_early,0.8,5,2
7,2,929,903,887,399,gdm_early,0.8,5,2
8,0,710,707,693,226,gdm_early,0.8,5,2
8,1,279,234,228,96,gdm_early,0.8,5,2
8,2,929,918,900,414,gdm_early,0.8,5,2
9,0,710,707,693,226,gdm_early,0.8,5,2
9,1,279,253,247,111,gdm_early,0.8,5,2
9,2,929,922,901,418,gdm_early,0.8,5,2
10,0,710,707,693,226,gdm_early,0.8,5,2
10,1,279,265,258,111,gdm_early,0.8,5,2
10,2,929,922,901,418,gdm_early,0.8,5,2
1,0,202,0,0,0,gdm_early,0.8,5,3
1,1,628,101,99,101,gdm_early,0.8,5,3
1,2,1088,164,161,164,gdm_early,0.8,5,3
2,0,202,51,51,0,gdm_early,0.8,5,3
2,1,628,105,103,101,gdm_early,0.8,5,3
2,2,1088,276,273,164,gdm_early,0.8,5,3
3,0,202,141,140,0,gdm_early,0.8,5,3
3,1,628,286,283,165,gdm_early,0.8,5,3
3,2,1088,619,613,214,gdm_early,0.8,5,3
4,0,202,173,172,0,gdm_early,0.8,5,3
4,1,628,358,355,165,gdm_early,0.8,5,3
4,2,1088,813,803,243,gdm_early,0.8,5,3
5,0,202,173,172,0,gdm_early,0.8,5,3
5,1,628,472,467,237,gdm_early,0.8,5,3
5,2,1088,1006,987,407,gdm_early,0.8,5,3
6,0,202,176,175,2,gdm_early,0.8,5,3
6,1,628,576,570,263,gdm_early,0.8,5,3
6,2,1088,1041,1022,437,gdm_early,0.8,5,3
7,0,202,188,183,14,gdm_early,0.8,5,3
7,1,628,580,574,266,gdm_early,0.8,5,3
7,2,1088,1066,1044,443,gdm_early,0.8,5,3
8,0,202,188,183,14,gdm_early,0.8,5,3
8,1,628,605,599,276,gdm_early,0.8,5,3
8,2,1088,1069,1047,443,gdm_early,0.8,5,3
9,0,202,195,188,21,gdm_early,0.8,5,3
9,1,628,624,616,291,gdm_early,0.8,5,3
9,2,1088,1077,1052,451,gdm_early,0.8,5,3
10,0,202,195,188,21,gdm_early,0.8,5,3
10,1,628,624,616,291,gdm_early,0.8,5,3
10,2,1088,1080,1052,454,gdm_early,0.8,5,3
1,0,1065,176,176,0,gdm_early,0.8,5,4
1,1,75,0,0,0,gdm_early,0.8,5,4
1,2,779,556,554,556,gdm_early,0.8,5,4
2,0,1065,871,867,0,gdm_early,0.8,5,4
2,1,75,0,0,0,gdm_early,0.8,5,4
2,2,779,684,681,684,gdm_early,0.8,5,4
3,0,1065,1017,1010,0,gdm_early,0.8,5,4
3,1,75,0,0,0,gdm_early,0.8,5,4
3,2,779,728,700,728,gdm_early,0.8,5,4
4,0,1065,1025,1017,0,gdm_early,0.8,5,4
4,1,75,18,18,0,gdm_early,0.8,5,4
4,2,779,772,701,772,gdm_early,0.8,5,4
5,0,1065,1028,1020,0,gdm_early,0.8,5,4
5,1,75,56,54,3,gdm_early,0.8,5,4
5,2,779,779,701,779,gdm_early,0.8,5,4
6,0,1065,1028,1020,0,gdm_early,0.8,5,4
6,1,75,70,65,7,gdm_early,0.8,5,4
6,2,779,779,701,779,gdm_early,0.8,5,4
7,0,1065,1028,1020,0,gdm_early,0.8,5,4
7,1,75,71,65,7,gdm_early,0.8,5,4
7,2,779,779,701,779,gdm_early,0.8,5,4
8,0,1065,1028,1020,0,gdm_early,0.8,5,4
8,1,75,72,65,7,gdm_early,0.8,5,4
8,2,779,779,701,779,gdm_early,0.8,5,4
9,0,1065,1028,1020,0,gdm_early,0.8,5,4
9,1,75,72,65,7,gdm_early,0.8,5,4
9,2,779,779,701,779,gdm_early,0.8,5,4
10,0,1065,1028,1020,0,gdm_early,0.8,5,4
10,1,75,73,66,8,gdm_early,0.8,5,4
10,2,779,779,701,779,gdm_early,0.8,5,4
1,0,316,16,16,0,gdm_early,0.8,6,0
1,1,748,505,503,505,gdm_early,0.8,6,0
1,2,853,112,112,0,gdm_early,0.8,6,0
2,0,316,121,121,0,gdm_early,0.8,6,0
2,1,748,718,696,718,gdm_early,0.8,6,0
2,2,853,632,630,0,gdm_early,0.8,6,0
3,0,316,158,157,0,gdm_early,0.8,6,0
3,1,748,743,700,743,gdm_early,0.8,6,0
3,2,853,817,811,0,gdm_early,0.8,6,0
4,0,316,227,226,9,gdm_early,0.8,6,0
4,1,748,748,702,748,gdm_early,0.8,6,0
4,2,853,851,841,0,gdm_early,0.8,6,0
5,0,316,275,271,14,gdm_early,0.8,6,0
5,1,748,748,702,748,gdm_early,0.8,6,0
5,2,853,853,843,0,gdm_early,0.8,6,0
6,0,316,296,290,16,gdm_early,0.8,6,0
6,1,748,748,702,748,gdm_early,0.8,6,0
6,2,853,853,843,0,gdm_early,0.8,6,0
7,0,316,297,290,16,gdm_early,0.8,6,0
7,1,748,748,702,748,gdm_early,0.8,6,0
7,2,853,853,843,0,gdm_early,0.8,6,0
8,0,316,297,290,16,gdm_early,0.8,6,0
8,1,748,748,702,748,gdm_early,0.8,6,0
8,2,853,853,843,0,gdm_early,0.8,6,0
9,0,316,307,299,26,gdm_early,0.8,6,0
9,1,748,748,702,748,gdm_early,0.8,6,0
9,2,853,853,843,0,gdm_early,0.8,6,0
10,0,316,307,299,26,gdm_early,0.8,6,0
10,1,748,748,702,748,gdm_early,0.8,6,0
10,2,853,853,843,0,gdm_early,0.8,6,0
1,0,23,0,0,0,gdm_early,0.8,6,1
1,1,1349,135,131,134,gdm_early,0.8,6,1
1,2,546,163,162,163,gdm_early,0.8,6,1
2,0,23,0,0,0,gdm_early,0.8,6,1
2,1,1349,144,140,134,gdm_early,0.8,6,1
2,2,546,163,162,163,gdm_early,0.8,6,1
3,0,23,0,0,0,gdm_early,0.8,6,1
3,1,1349,431,424,151,gdm_early,0.8,6,1
3,2,546,357,355,275,gdm_early,0.8,6,1
4,0,23,0,0,0,gdm_early,0.8,6,1
4,1,1349,776,768,166,gdm_early,0.8,6,1
4,2,546,442,438,275,gdm_early,0.8,6,1
5,0,23,8,8,8,gdm_early,0.8,6,1
5,1,1349,1173,1151,395,gdm_early,0.8,6,1
5,2,546,474,468,307,gdm_early,0.8,6,1
6,0,23,23,20,11,gdm_early,0.8,6,1
6,1,1349,1308,1282,398,gdm_early,0.8,6,1
6,2,546,540,528,317,gdm_early,0.8,6,1
7,0,23,23,20,11,gdm_early,0.8,6,1
7,1,1349,1327,1294,417,gdm_early,0.8,6,1
7,2,546,544,532,321,gdm_early,0.8,6,1
8,0,23,23,20,11,gdm_early,0.8,6,1
8,1,1349,1330,1294,417,gdm_early,0.8,6,1
8,2,546,544,532,321,gdm_early,0.8,6,1
9,0,23,23,20,11,gdm_early,0.8,6,1
9,1,1349,1330,1294,417,gdm_early,0.8,6,1
9,2,546,544,532,321,gdm_early,0.8,6,1
10,0,23,23,20,11,gdm_early,0.8,6,1
10,1,1349,1334,1296,421,gdm_early,0.8,6,1
10,2,546,546,533,321,gdm_early,0.8,6,1
1,0,1012,12,12,0,gdm_early,0.8,6,2
1,1,731,182,181,182,gdm_early,0.8,6,2
1,2,174,54,54,54,gdm_early,0.8,6,2
2,0,1012,739,728,0,gdm_early,0.8,6,2
2,1,731,329,325,329,gdm_early,0.8,6,2
2,2,174,172,170,172,gdm_early,0.8,6,2
3,0,1012,921,908,0,gdm_early,0.8,6,2
3,1,731,506,499,506,gdm_early,0.8,6,2
3,2,174,172,170,172,gdm_early,0.8,6,2
4,0,1012,973,958,0,gdm_early,0.8,6,2
4,1,731,523,506,523,gdm_early,0.8,6,2
4,2,174,174,170,174,gdm_early,0.8,6,2
5,0,1012,977,961,0,gdm_early,0.8,6,2
5,1,731,614,532,614,gdm_early,0.8,6,2
5,2,174,174,170,174,gdm_early,0.8,6,2
6,0,1012,977,961,0,gdm_early,0.8,6,2
6,1,731,618,534,618,gdm_early,0.8,6,2
6,2,174,174,170,174,gdm_early,0.8,6,2
7,0,1012,977,961,0,gdm_early,0.8,6,2
7,1,731,621,535,621,gdm_early,0.8,6,2
7,2,174,174,170,174,gdm_early,0.8,6,2
8,0,1012,977,961,0,gdm_early,0.8,6,2
8,1,731,621,535,621,gdm_early,0.8,6,2
8,2,174,174,170,174,gdm_early,0.8,6,2
9,0,1012,977,961,0,gdm_early,0.8,6,2
9,1,731,629,535,629,gdm_early,0.8,6,2
9,2,174,174,170,174,gdm_early,0.8,6,2
10,0,1012,977,961,0,gdm_early,0.8,6,2
10,1,731,629,535,629,gdm_early,0.8,6,2
10,2,174,174,170,174,gdm_early,0.8,6,2
1,0,1309,167,167,167,gdm_early,0.8,6,3
1,1,279,0,0,0,gdm_early,0.8,6,3
1,2,329,69,69,69,gdm_early,0.8,6,3
2,0,1309,218,218,167,gdm_early,0.8,6,3
2,1,279,99,99,0,gdm_early,0.8,6,3
2,2,329,69,69,69,gdm_early,0.8,6,3
3,0,1309,787,781,214,gdm_early,0.8,6,3
3,1,279,192,190,0,gdm_early,0.8,6,3
3,2,329,208,207,165,gdm_early,0.8,6,3
4,0,1309,953,941,216,gdm_early,0.8,6,3
4,1,279,235,231,0,gdm_early,0.8,6,3
4,2,329,222,221,179,gdm_early,0.8,6,3
5,0,1309,1101,1085,342,gdm_early,0.8,6,3
5,1,279,243,239,0,gdm_early,0.8,6,3
5,2,329,238,236,181,gdm_early,0.8,6,3
6,0,1309,1232,1207,472,gdm_early,0.8,6,3
6,1,279,247,242,3,gdm_early,0.8,6,3
6,2,329,288,285,181,gdm_early,0.8,6,3
7,0,1309,1297,1265,537,gdm_early,0.8,6,3
7,1,279,248,242,3,gdm_early,0.8,6,3
7,2,329,302,299,181,gdm_early,0.8,6,3
8,0,1309,1299,1266,538,gdm_early,0.8,6,3
8,1,279,248,242,3,gdm_early,0.8,6,3
8,2,329,326,321,181,gdm_early,0.8,6,3
9,0,1309,1302,1268,540,gdm_early,0.8,6,3
9,1,279,248,242,3,gdm_early,0.8,6,3
9,2,329,326,321,181,gdm_early,0.8,6,3
10,0,1309,1305,1271,543,gdm_early,0.8,6,3
10,1,279,249,243,4,gdm_early,0.8,6,3
10,2,329,326,321,181,gdm_early,0.8,6,3
1,0,631,151,151,151,gdm_early,0.8,6,4
1,1,134,0,0,0,gdm_early,0.8,6,4
1,2,1153,6,6,1,gdm_early,0.8,6,4
2,0,631,191,190,191,gdm_early,0.8,6,4
2,1,134,0,0,0,gdm_early,0.8,6,4
2,2,1153,6,6,1,gdm_early,0.8,6,4
3,0,631,397,394,290,gdm_early,0.8,6,4
3,1,134,0,0,0,gdm_early,0.8,6,4
3,2,1153,538,537,14,gdm_early,0.8,6,4
4,0,631,477,471,370,gdm_early,0.8,6,4
4,1,134,4,4,4,gdm_early,0.8,6,4
4,2,1153,545,544,14,gdm_early,0.8,6,4
5,0,631,580,573,370,gdm_early,0.8,6,4
5,1,134,43,43,6,gdm_early,0.8,6,4
5,2,1153,866,862,67,gdm_early,0.8,6,4
6,0,631,585,576,375,gdm_early,0.8,6,4
6,1,134,110,110,52,gdm_early,0.8,6,4
6,2,1153,1054,1043,255,gdm_early,0.8,6,4
7,0,631,613,603,375,gdm_early,0.8,6,4
7,1,134,116,115,52,gdm_early,0.8,6,4
7,2,1153,1059,1047,256,gdm_early,0.8,6,4
8,0,631,613,603,375,gdm_early,0.8,6,4
8,1,134,116,115,52,gdm_early,0.8,6,4
8,2,1153,1103,1083,300,gdm_early,0.8,6,4
9,0,631,628,617,375,gdm_early,0.8,6,4
9,1,134,117,116,52,gdm_early,0.8,6,4
9,2,1153,1108,1085,300,gdm_early,0.8,6,4
10,0,631,628,617,375,gdm_early,0.8,6,4
10,1,134,117,116,52,gdm_early,0.8,6,4
10,2,1153,1118,1094,310,gdm_early,0.8,6,4
1,0,180,0,0,0,gdm_early,0.8,7,0
1,1,469,77,77,77,gdm_early,0.8,7,0
1,2,1269,35,35,35,gdm_early,0.8,7,0
2,0,180,80,80,0,gdm_early,0.8,7,0
2,1,469,87,87,77,gdm_early,0.8,7,0
2,2,1269,38,38,38,gdm_early,0.8,7,0
3,0,180,140,140,0,gdm_early,0.8,7,0
3,1,469,305,301,219,gdm_early,0.8,7,0
3,2,1269,268,263,176,gdm_early,0.8,7,0
4,0,180,173,170,0,gdm_early,0.8,7,0
4,1,469,387,383,225,gdm_early,0.8,7,0
4,2,1269,846,832,386,gdm_early,0.8,7,0
5,0,180,179,172,0,gdm_early,0.8,7,0
5,1,469,402,397,239,gdm_early,0.8,7,0
5,2,1269,1147,1129,386,gdm_early,0.8,7,0
6,0,180,179,172,0,gdm_early,0.8,7,0
6,1,469,436,426,273,gdm_early,0.8,7,0
6,2,1269,1227,1198,466,gdm_early,0.8,7,0
7,0,180,179,172,0,gdm_early,0.8,7,0
7,1,469,463,453,273,gdm_early,0.8,7,0
7,2,1269,1248,1217,487,gdm_early,0.8,7,0
8,0,180,179,172,0,gdm_early,0.8,7,0
8,1,469,465,454,274,gdm_early,0.8,7,0
8,2,1269,1255,1222,494,gdm_early,0.8,7,0
9,0,180,179,172,0,gdm_early,0.8,7,0
9,1,469,466,454,274,gdm_early,0.8,7,0
9,2,1269,1260,1222,499,gdm_early,0.8,7,0
10,0,180,179,172,0,gdm_early,0.8,7,0
10,1,469,466,454,274,gdm_early,0.8,7,0
10,2,1269,1261,1223,500,gdm_early,0.8,7,0
1,0,738,192,186,192,gdm_early,0.8,7,1
1,1,1049,24,24,15,gdm_early,0.8,7,1
1,2,130,53,52,53,gdm_early,0.8,7,1
2,0,738,192,186,192,gdm_early,0.8,7,1
2,1,1049,28,28,15,gdm_early,0.8,7,1
2,2,130,102,101,102,gdm_early,0.8,7,1
3,0,738,361,352,288,gdm_early,0.8,7,1
3,1,1049,470,468,65,gdm_early,0.8,7,1
3,2,130,102,101,102,gdm_early,0.8,7,1
4,0,738,579,568,296,gdm_early,0.8,7,1
4,1,1049,816,811,65,gdm_early,0.8,7,1
4,2,130,105,104,105,gdm_early,0.8,7,1
5,0,738,659,646,376,gdm_early,0.8,7,1
5,1,1049,887,880,136,gdm_early,0.8,7,1
5,2,130,118,111,118,gdm_early,0.8,7,1
6,0,738,723,707,376,gdm_early,0.8,7,1
6,1,1049,926,904,143,gdm_early,0.8,7,1
6,2,130,121,111,121,gdm_early,0.8,7,1
7,0,738,732,715,385,gdm_early,0.8,7,1
7,1,1049,998,970,215,gdm_early,0.8,7,1
7,2,130,129,111,129,gdm_early,0.8,7,1
8,0,738,732,715,385,gdm_early,0.8,7,1
8,1,1049,1009,971,215,gdm_early,0.8,7,1
8,2,130,129,111,129,gdm_early,0.8,7,1
9,0,738,732,715,385,gdm_early,0.8,7,1
9,1,1049,1030,990,236,gdm_early,0.8,7,1
9,2,130,129,111,129,gdm_early,0.8,7,1
10,0,738,733,716,385,gdm_early,0.8,7,1
10,1,1049,1033,992,236,gdm_early,0.8,7,1
10,2,130,129,111,129,gdm_early,0.8,7,1
1,0,896,76,76,0,gdm_early,0.8,7,2
1,1,62,0,0,0,gdm_early,0.8,7,2
1,2,960,67,66,67,gdm_early,0.8,7,2
2,0,896,147,147,0,gdm_early,0.8,7,2
2,1,62,2,2,2,gdm_early,0.8,7,2
2,2,960,167,166,146,gdm_early,0.8,7,2
3,0,896,391,390,26,gdm_early,0.8,7,2
3,1,62,34,34,34,gdm_early,0.8,7,2
3,2,960,445,440,235,gdm_early,0.8,7,2
4,0,896,591,588,50,gdm_early,0.8,7,2
4,1,62,39,39,39,gdm_early,0.8,7,2
4,2,960,588,579,237,gdm_early,0.8,7,2
5,0,896,689,685,114,gdm_early,0.8,7,2
5,1,62,39,39,39,gdm_early,0.8,7,2
5,2,960,845,831,439,gdm_early,0.8,7,2
6,0,896,769,762,127,gdm_early,0.8,7,2
6,1,62,39,39,39,gdm_early,0.8,7,2
6,2,960,907,890,439,gdm_early,0.8,7,2
7,0,896,837,823,195,gdm_early,0.8,7,2
7,1,62,39,39,39,gdm_early,0.8,7,2
7,2,960,947,928,479,gdm_early,0.8,7,2
8,0,896,840,825,195,gdm_early,0.8,7,2
8,1,62,48,48,39,gdm_early,0.8,7,2
8,2,960,947,928,479,gdm_early,0.8,7,2
9,0,896,864,847,219,gdm_early,0.8,7,2
9,1,62,49,49,39,gdm_early,0.8,7,2
9,2,960,951,930,483,gdm_early,0.8,7,2
10,0,896,868,849,219,gdm_early,0.8,7,2
10,1,62,62,56,39,gdm_early,0.8,7,2
10,2,960,956,933,483,gdm_early,0.8,7,2
1,0,715,65,63,65,gdm_early,0.8,7,3
1,1,587,1,1,0,gdm_early,0.8,7,3
1,2,616,187,187,187,gdm_early,0.8,7,3
2,0,715,66,64,66,gdm_early,0.8,7,3
2,1,587,171,171,0,gdm_early,0.8,7,3
2,2,616,198,198,198,gdm_early,0.8,7,3
3,0,715,311,309,82,gdm_early,0.8,7,3
3,1,587,360,354,0,gdm_early,0.8,7,3
3,2,616,392,388,392,gdm_early,0.8,7,3
4,0,715,429,424,136,gdm_early,0.8,7,3
4,1,587,499,487,0,gdm_early,0.8,7,3
4,2,616,409,404,409,gdm_early,0.8,7,3
5,0,715,591,580,205,gdm_early,0.8,7,3
5,1,587,502,489,0,gdm_early,0.8,7,3
5,2,616,433,427,410,gdm_early,0.8,7,3
6,0,715,677,662,227,gdm_early,0.8,7,3
6,1,587,502,489,0,gdm_early,0.8,7,3
6,2,616,471,465,410,gdm_early,0.8,7,3
7,0,715,683,668,233,gdm_early,0.8,7,3
7,1,587,502,489,0,gdm_early,0.8,7,3
7,2,616,472,465,411,gdm_early,0.8,7,3
8,0,715,690,674,239,gdm_early,0.8,7,3
8,1,587,502,489,0,gdm_early,0.8,7,3
8,2,616,546,537,411,gdm_early,0.8,7,3
9,0,715,694,678,242,gdm_early,0.8,7,3
9,1,587,513,498,10,gdm_early,0.8,7,3
9,2,616,548,537,413,gdm_early,0.8,7,3
10,0,715,702,686,250,gdm_early,0.8,7,3
10,1,587,521,506,18,gdm_early,0.8,7,3
10,2,616,558,545,413,gdm_early,0.8,7,3
1,0,683,283,283,283,gdm_early,0.8,7,4
1,1,157,0,0,0,gdm_early,0.8,7,4
1,2,1077,0,0,0,gdm_early,0.8,7,4
2,0,683,563,560,563,gdm_early,0.8,7,4
2,1,157,38,38,0,gdm_early,0.8,7,4
2,2,1077,291,291,0,gdm_early,0.8,7,4
3,0,683,590,576,590,gdm_early,0.8,7,4
3,1,157,95,95,0,gdm_early,0.8,7,4
3,2,1077,740,736,0,gdm_early,0.8,7,4
4,0,683,634,576,634,gdm_early,0.8,7,4
4,1,157,132,132,0,gdm_early,0.8,7,4
4,2,1077,868,863,0,gdm_early,0.8,7,4
5,0,683,646,576,646,gdm_early,0.8,7,4
5,1,157,138,136,0,gdm_early,0.8,7,4
5,2,1077,903,897,0,gdm_early,0.8,7,4
6,0,683,665,577,665,gdm_early,0.8,7,4
6,1,157,142,139,0,gdm_early,0.8,7,4
6,2,1077,907,901,4,gdm_early,0.8,7,4
7,0,683,665,577,665,gdm_early,0.8,7,4
7,1,157,142,139,0,gdm_early,0.8,7,4
7,2,1077,924,918,21,gdm_early,0.8,7,4
8,0,683,670,579,670,gdm_early,0.8,7,4
8,1,157,144,141,2,gdm_early,0.8,7,4
8,2,1077,946,936,43,gdm_early,0.8,7,4
9,0,683,670,579,670,gdm_early,0.8,7,4
9,1,157,154,149,12,gdm_early,0.8,7,4
9,2,1077,973,962,69,gdm_early,0.8,7,4
10,0,683,678,580,678,gdm_early,0.8,7,4
10,1,157,154,149,12,gdm_early,0.8,7,4
10,2,1077,989,977,85,gdm_early,0.8,7,4
1,0,320,69,69,0,gdm_early,0.8,8,0
1,1,715,148,148,0,gdm_early,0.8,8,0
1,2,882,350,349,350,gdm_early,0.8,8,0
2,0,320,143,141,0,gdm_early,0.8,8,0
2,1,715,420,418,0,gdm_early,0.8,8,0
2,2,882,548,545,548,gdm_early,0.8,8,0
3,0,320,220,216,0,gdm_early,0.8,8,0
3,1,715,619,612,0,gdm_early,0.8,8,0
3,2,882,598,594,598,gdm_early,0.8,8,0
4,0,320,230,226,0,gdm_early,0.8,8,0
4,1,715,656,645,0,gdm_early,0.8,8,0
4,2,882,645,630,645,gdm_early,0.8,8,0
5,0,320,258,252,3,gdm_early,0.8,8,0
5,1,715,662,649,0,gdm_early,0.8,8,0
5,2,882,664,630,664,gdm_early,0.8,8,0
6,0,320,292,282,31,gdm_early,0.8,8,0
6,1,715,662,649,0,gdm_early,0.8,8,0
6,2,882,690,632,690,gdm_early,0.8,8,0
7,0,320,293,283,32,gdm_early,0.8,8,0
7,1,715,662,649,0,gdm_early,0.8,8,0
7,2,882,730,634,730,gdm_early,0.8,8,0
8,0,320,301,291,39,gdm_early,0.8,8,0
8,1,715,662,649,0,gdm_early,0.8,8,0
8,2,882,743,634,743,gdm_early,0.8,8,0
9,0,320,306,296,44,gdm_early,0.8,8,0
9,1,715,666,653,4,gdm_early,0.8,8,0
9,2,882,748,634,748,gdm_early,0.8,8,0
10,0,320,308,298,46,gdm_early,0.8,8,0
10,1,715,673,660,11,gdm_early,0.8,8,0
10,2,882,750,634,750,gdm_early,0.8,8,0
1,0,302,0,0,0,gdm_early,0.8,8,1
1,1,438,238,237,238,gdm_early,0.8,8,1
1,2,1177,87,86,87,gdm_early,0.8,8,1
2,0,302,186,185,0,gdm_early,0.8,8,1
2,1,438,293,289,293,gdm_early,0.8,8,1
2,2,1177,93,92,87,gdm_early,0.8,8,1
3,0,302,287,285,0,gdm_early,0.8,8,1
3,1,438,350,345,350,gdm_early,0.8,8,1
3,2,1177,394,392,142,gdm_early,0.8,8,1
4,0,302,291,289,0,gdm_early,0.8,8,1
4,1,438,403,368,403,gdm_early,0.8,8,1
4,2,1177,741,734,190,gdm_early,0.8,8,1
5,0,302,293,290,0,gdm_early,0.8,8,1
5,1,438,418,370,418,gdm_early,0.8,8,1
5,2,1177,1025,1010,263,gdm_early,0.8,8,1
6,0,302,293,290,0,gdm_early,0.8,8,1
6,1,438,424,370,424,gdm_early,0.8,8,1
6,2,1177,1137,1112,360,gdm_early,0.8,8,1
7,0,302,293,290,0,gdm_early,0.8,8,1
7,1,438,424,370,424,gdm_early,0.8,8,1
7,2,1177,1143,1117,363,gdm_early,0.8,8,1
8,0,302,293,290,0,gdm_early,0.8,8,1
8,1,438,424,370,424,gdm_early,0.8,8,1
8,2,1177,1164,1132,380,gdm_early,0.8,8,1
9,0,302,293,290,0,gdm_early,0.8,8,1
9,1,438,424,370,424,gdm_early,0.8,8,1
9,2,1177,1168,1133,380,gdm_early,0.8,8,1
10,0,302,293,290,0,gdm_early,0.8,8,1
10,1,438,437,370,437,gdm_early,0.8,8,1
10,2,1177,1169,1133,381,gdm_early,0.8,8,1
1,0,678,240,238,240,gdm_early,0.8,8,2
1,1,1037,51,51,0,gdm_early,0.8,8,2
1,2,204,69,69,69,gdm_early,0.8,8,2
2,0,678,339,337,339,gdm_early,0.8,8,2
2,1,1037,713,710,0,gdm_early,0.8,8,2
2,2,204,96,96,96,gdm_early,0.8,8,2
3,0,678,528,514,528,gdm_early,0.8,8,2
3,1,1037,874,869,0,gdm_early,0.8,8,2
3,2,204,133,131,133,gdm_early,0.8,8,2
4,0,678,557,520,557,gdm_early,0.8,8,2
4,1,1037,942,932,0,gdm_early,0.8,8,2
4,2,204,134,132,134,gdm_early,0.8,8,2
5,0,678,600,524,600,gdm_early,0.8,8,2
5,1,1037,946,935,0,gdm_early,0.8,8,2
5,2,204,142,136,142,gdm_early,0.8,8,2
6,0,678,618,526,618,gdm_early,0.8,8,2
6,1,1037,947,936,0,gdm_early,0.8,8,2
6,2,204,167,155,154,gdm_early,0.8,8,2
7,0,678,634,527,634,gdm_early,0.8,8,2
7,1,1037,947,936,0,gdm_early,0.8,8,2
7,2,204,167,155,154,gdm_early,0.8,8,2
8,0,678,641,529,641,gdm_early,0.8,8,2
8,1,1037,947,936,0,gdm_early,0.8,8,2
8,2,204,167,155,154,gdm_early,0.8,8,2
9,0,678,654,530,654,gdm_early,0.8,8,2
9,1,1037,951,940,4,gdm_early,0.8,8,2
9,2,204,167,155,154,gdm_early,0.8,8,2
10,0,678,666,530,666,gdm_early,0.8,8,2
10,1,1037,954,943,7,gdm_early,0.8,8,2
10,2,204,167,155,154,gdm_early,0.8,8,2
1,0,1001,59,59,0,gdm_early,0.8,8,3
1,1,362,274,274,274,gdm_early,0.8,8,3
1,2,553,131,129,131,gdm_early,0.8,8,3
2,0,1001,622,622,0,gdm_early,0.8,8,3
2,1,362,352,351,352,gdm_early,0.8,8,3
2,2,553,306,299,306,gdm_early,0.8,8,3
3,0,1001,911,908,0,gdm_early,0.8,8,3
3,1,362,362,352,362,gdm_early,0.8,8,3
3,2,553,357,348,357,gdm_early,0.8,8,3
4,0,1001,964,960,0,gdm_early,0.8,8,3
4,1,362,362,352,362,gdm_early,0.8,8,3
4,2,553,376,366,376,gdm_early,0.8,8,3
5,0,1001,969,962,0,gdm_early,0.8,8,3
5,1,362,362,352,362,gdm_early,0.8,8,3
5,2,553,377,367,377,gdm_early,0.8,8,3
6,0,1001,969,962,0,gdm_early,0.8,8,3
6,1,362,362,352,362,gdm_early,0.8,8,3
6,2,553,404,367,404,gdm_early,0.8,8,3
7,0,1001,969,962,0,gdm_early,0.8,8,3
7,1,362,362,352,362,gdm_early,0.8,8,3
7,2,553,406,367,406,gdm_early,0.8,8,3
8,0,1001,969,962,0,gdm_early,0.8,8,3
8,1,362,362,352,362,gdm_early,0.8,8,3
8,2,553,409,367,409,gdm_early,0.8,8,3
9,0,1001,969,962,0,gdm_early,0.8,8,3
9,1,362,362,352,362,gdm_early,0.8,8,3
9,2,553,409,367,409,gdm_early,0.8,8,3
10,0,1001,969,962,0,gdm_early,0.8,8,3
10,1,362,362,352,362,gdm_early,0.8,8,3
10,2,553,430,368,429,gdm_early,0.8,8,3
1,0,1307,64,63,60,gdm_early,0.8,8,4
1,1,511,157,155,157,gdm_early,0.8,8,4
1,2,100,42,42,42,gdm_early,0.8,8,4
2,0,1307,84,83,60,gdm_early,0.8,8,4
2,1,511,157,155,157,gdm_early,0.8,8,4
2,2,100,48,48,48,gdm_early,0.8,8,4
3,0,1307,543,538,156,gdm_early,0.8,8,4
3,1,511,237,232,232,gdm_early,0.8,8,4
3,2,100,85,80,85,gdm_early,0.8,8,4
4,0,1307,1002,996,156,gdm_early,0.8,8,4
4,1,511,302,297,232,gdm_early,0.8,8,4
4,2,100,100,90,100,gdm_early,0.8,8,4
5,0,1307,1145,1129,295,gdm_early,0.8,8,4
5,1,511,367,358,297,gdm_early,0.8,8,4
5,2,100,100,90,100,gdm_early,0.8,8,4
6,0,1307,1213,1196,295,gdm_early,0.8,8,4
6,1,511,490,476,298,gdm_early,0.8,8,4
6,2,100,100,90,100,gdm_early,0.8,8,4
7,0,1307,1260,1239,342,gdm_early,0.8,8,4
7,1,511,492,478,300,gdm_early,0.8,8,4
7,2,100,100,90,100,gdm_early,0.8,8,4
8,0,1307,1262,1241,342,gdm_early,0.8,8,4
8,1,511,506,491,300,gdm_early,0.8,8,4
8,2,100,100,90,100,gdm_early,0.8,8,4
9,0,1307,1280,1255,360,gdm_early,0.8,8,4
9,1,511,506,491,300,gdm_early,0.8,8,4
9,2,100,100,90,100,gdm_early,0.8,8,4
10,0,1307,1281,1256,360,gdm_early,0.8,8,4
10,1,511,510,495,300,gdm_early,0.8,8,4
10,2,100,100,90,100,gdm_early,0.8,8,4
1,0,339,278,276,278,gdm_early,0.8,9,0
1,1,561,150,150,150,gdm_early,0.8,9,0
1,2,1019,183,181,0,gdm_early,0.8,9,0
2,0,339,337,333,337,gdm_early,0.8,9,0
2,1,561,302,299,302,gdm_early,0.8,9,0
2,2,1019,581,578,0,gdm_early,0.8,9,0
3,0,339,339,334,339,gdm_early,0.8,9,0
3,1,561,363,359,363,gdm_early,0.8,9,0
3,2,1019,958,952,0,gdm_early,0.8,9,0
4,0,339,339,334,339,gdm_early,0.8,9,0
4,1,561,390,385,390,gdm_early,0.8,9,0
4,2,1019,988,980,0,gdm_early,0.8,9,0
5,0,339,339,334,339,gdm_early,0.8,9,0
5,1,561,393,388,393,gdm_early,0.8,9,0
5,2,1019,997,987,0,gdm_early,0.8,9,0
6,0,339,339,334,339,gdm_early,0.8,9,0
6,1,561,394,388,394,gdm_early,0.8,9,0
6,2,1019,997,987,0,gdm_early,0.8,9,0
7,0,339,339,334,339,gdm_early,0.8,9,0
7,1,561,395,389,395,gdm_early,0.8,9,0
7,2,1019,997,987,0,gdm_early,0.8,9,0
8,0,339,339,334,339,gdm_early,0.8,9,0
8,1,561,399,389,399,gdm_early,0.8,9,0
8,2,1019,997,987,0,gdm_early,0.8,9,0
9,0,339,339,334,339,gdm_early,0.8,9,0
9,1,561,404,389,404,gdm_early,0.8,9,0
9,2,1019,997,987,0,gdm_early,0.8,9,0
10,0,339,339,334,339,gdm_early,0.8,9,0
10,1,561,411,390,411,gdm_early,0.8,9,0
10,2,1019,997,987,0,gdm_early,0.8,9,0
1,0,253,0,0,0,gdm_early,0.8,9,1
1,1,286,19,19,19,gdm_early,0.8,9,1
1,2,1379,304,295,304,gdm_early,0.8,9,1
2,0,253,84,84,0,gdm_early,0.8,9,1
2,1,286,131,131,19,gdm_early,0.8,9,1
2,2,1379,306,297,304,gdm_early,0.8,9,1
3,0,253,149,148,6,gdm_early,0.8,9,1
3,1,286,175,172,23,gdm_early,0.8,9,1
3,2,1379,850,834,512,gdm_early,0.8,9,1
4,0,253,193,192,6,gdm_early,0.8,9,1
4,1,286,201,198,23,gdm_early,0.8,9,1
4,2,1379,1015,996,528,gdm_early,0.8,9,1
5,0,253,218,216,20,gdm_early,0.8,9,1
5,1,286,221,216,30,gdm_early,0.8,9,1
5,2,1379,1236,1210,629,gdm_early,0.8,9,1
6,0,253,233,230,20,gdm_early,0.8,9,1
6,1,286,248,243,33,gdm_early,0.8,9,1
6,2,1379,1333,1304,649,gdm_early,0.8,9,1
7,0,253,250,245,37,gdm_early,0.8,9,1
7,1,286,273,266,58,gdm_early,0.8,9,1
7,2,1379,1361,1330,651,gdm_early,0.8,9,1
8,0,253,250,245,37,gdm_early,0.8,9,1
8,1,286,274,266,59,gdm_early,0.8,9,1
8,2,1379,1369,1337,654,gdm_early,0.8,9,1
9,0,253,251,246,38,gdm_early,0.8,9,1
9,1,286,285,276,70,gdm_early,0.8,9,1
9,2,1379,1370,1337,654,gdm_early,0.8,9,1
10,0,253,251,246,38,gdm_early,0.8,9,1
10,1,286,285,276,70,gdm_early,0.8,9,1
10,2,1379,1373,1339,657,gdm_early,0.8,9,1
1,0,360,0,0,0,gdm_early,0.8,9,2
1,1,75,0,0,0,gdm_early,0.8,9,2
1,2,1483,257,254,257,gdm_early,0.8,9,2
2,0,360,118,118,0,gdm_early,0.8,9,2
2,1,75,0,0,0,gdm_early,0.8,9,2
2,2,1483,257,254,257,gdm_early,0.8,9,2
3,0,360,211,210,5,gdm_early,0.8,9,2
3,1,75,16,16,0,gdm_early,0.8,9,2
3,2,1483,711,705,326,gdm_early,0.8,9,2
4,0,360,262,260,18,gdm_early,0.8,9,2
4,1,75,43,42,0,gdm_early,0.8,9,2
4,2,1483,815,806,334,gdm_early,0.8,9,2
5,0,360,298,291,36,gdm_early,0.8,9,2
5,1,75,48,47,0,gdm_early,0.8,9,2
5,2,1483,1124,1110,457,gdm_early,0.8,9,2
6,0,360,323,315,37,gdm_early,0.8,9,2
6,1,75,69,65,5,gdm_early,0.8,9,2
6,2,1483,1297,1277,607,gdm_early,0.8,9,2
7,0,360,346,336,55,gdm_early,0.8,9,2
7,1,75,71,67,7,gdm_early,0.8,9,2
7,2,1483,1335,1314,618,gdm_early,0.8,9,2
8,0,360,353,343,62,gdm_early,0.8,9,2
8,1,75,73,68,9,gdm_early,0.8,9,2
8,2,1483,1394,1368,676,gdm_early,0.8,9,2
9,0,360,357,346,62,gdm_early,0.8,9,2
9,1,75,73,68,9,gdm_early,0.8,9,2
9,2,1483,1401,1375,676,gdm_early,0.8,9,2
10,0,360,357,346,62,gdm_early,0.8,9,2
10,1,75,73,68,9,gdm_early,0.8,9,2
10,2,1483,1461,1433,676,gdm_early,0.8,9,2
1,0,377,247,247,247,gdm_early,0.8,9,3
1,1,713,158,153,158,gdm_early,0.8,9,3
1,2,827,227,227,0,gdm_early,0.8,9,3
2,0,377,327,327,327,gdm_early,0.8,9,3
2,1,713,235,230,158,gdm_early,0.8,9,3
2,2,827,713,708,0,gdm_early,0.8,9,3
3,0,377,356,347,356,gdm_early,0.8,9,3
3,1,713,396,384,276,gdm_early,0.8,9,3
3,2,827,744,737,0,gdm_early,0.8,9,3
4,0,377,375,347,375,gdm_early,0.8,9,3
4,1,713,550,537,280,gdm_early,0.8,9,3
4,2,827,761,748,0,gdm_early,0.8,9,3
5,0,377,377,347,377,gdm_early,0.8,9,3
5,1,713,600,586,330,gdm_early,0.8,9,3
5,2,827,763,749,0,gdm_early,0.8,9,3
6,0,377,377,347,377,gdm_early,0.8,9,3
6,1,713,651,637,330,gdm_early,0.8,9,3
6,2,827,764,750,0,gdm_early,0.8,9,3
7,0,377,377,347,377,gdm_early,0.8,9,3
7,1,713,668,653,347,gdm_early,0.8,9,3
7,2,827,764,750,0,gdm_early,0.8,9,3
8,0,377,377,347,377,gdm_early,0.8,9,3
8,1,713,697,681,347,gdm_early,0.8,9,3
8,2,827,764,750,0,gdm_early,0.8,9,3
9,0,377,377,347,377,gdm_early,0.8,9,3
9,1,713,697,681,347,gdm_early,0.8,9,3
9,2,827,764,750,0,gdm_early,0.8,9,3
10,0,377,377,347,377,gdm_early,0.8,9,3
10,1,713,708,690,347,gdm_early,0.8,9,3
10,2,827,764,750,0,gdm_early,0.8,9,3
1,0,36,0,0,0,pima,0.1,0,0
1,1,16,0,0,0,pima,0.1,0,0
2,0,36,0,0,0,pima,0.1,0,0
2,1,16,0,0,0,pima,0.1,0,0
3,0,36,0,0,0,pima,0.1,0,0
3,1,16,0,0,0,pima,0.1,0,0
4,0,36,0,0,0,pima,0.1,0,0
4,1,16,0,0,0,pima,0.1,0,0
5,0,36,0,0,0,pima,0.1,0,0
5,1,16,0,0,0,pima,0.1,0,0
6,0,36,1,1,1,pima,0.1,0,0
6,1,16,1,1,1,pima,0.1,0,0
7,0,36,3,3,3,pima,0.1,0,0
7,1,16,3,2,3,pima,0.1,0,0
8,0,36,5,4,5,pima,0.1,0,0
8,1,16,4,3,4,pima,0.1,0,0
9,0,36,5,4,5,pima,0.1,0,0
9,1,16,5,4,5,pima,0.1,0,0
10,0,36,9,8,5,pima,0.1,0,0
10,1,16,9,6,8,pima,0.1,0,0
1,0,24,0,0,0,pima,0.1,0,1
1,1,28,0,0,0,pima,0.1,0,1
2,0,24,0,0,0,pima,0.1,0,1
2,1,28,0,0,0,pima,0.1,0,1
3,0,24,0,0,0,pima,0.1,0,1
3,1,28,0,0,0,pima,0.1,0,1
4,0,24,0,0,0,pima,0.1,0,1
4,1,28,1,1,1,pima,0.1,0,1
5,0,24,6,6,0,pima,0.1,0,1
5,1,28,8,8,8,pima,0.1,0,1
6,0,24,19,18,0,pima,0.1,0,1
6,1,28,11,10,11,pima,0.1,0,1
7,0,24,24,23,0,pima,0.1,0,1
7,1,28,12,10,12,pima,0.1,0,1
8,0,24,24,23,0,pima,0.1,0,1
8,1,28,13,11,13,pima,0.1,0,1
9,0,24,24,23,0,pima,0.1,0,1
9,1,28,14,12,14,pima,0.1,0,1
10,0,24,24,23,0,pima,0.1,0,1
10,1,28,15,12,15,pima,0.1,0,1
1,0,43,0,0,0,pima,0.1,0,2
1,1,9,0,0,0,pima,0.1,0,2
2,0,43,0,0,0,pima,0.1,0,2
2,1,9,0,0,0,pima,0.1,0,2
3,0,43,0,0,0,pima,0.1,0,2
3,1,9,0,0,0,pima,0.1,0,2
4,0,43,0,0,0,pima,0.1,0,2
4,1,9,0,0,0,pima,0.1,0,2
5,0,43,0,0,0,pima,0.1,0,2
5,1,9,0,0,0,pima,0.1,0,2
6,0,43,0,0,0,pima,0.1,0,2
6,1,9,1,1,1,pima,0.1,0,2
7,0,43,5,5,0,pima,0.1,0,2
7,1,9,5,4,5,pima,0.1,0,2
8,0,43,6,5,1,pima,0.1,0,2
8,1,9,6,5,6,pima,0.1,0,2
9,0,43,16,14,1,pima,0.1,0,2
9,1,9,6,5,6,pima,0.1,0,2
10,0,43,16,14,1,pima,0.1,0,2
10,1,9,8,6,8,pima,0.1,0,2
1,0,31,0,0,0,pima,0.1,0,3
1,1,21,0,0,0,pima,0.1,0,3
2,0,31,0,0,0,pima,0.1,0,3
2,1,21,0,0,0,pima,0.1,0,3
3,0,31,2,2,2,pima,0.1,0,3
3,1,21,0,0,0,pima,0.1,0,3
4,0,31,2,2,2,pima,0.1,0,3
4,1,21,1,1,0,pima,0.1,0,3
5,0,31,13,9,13,pima,0.1,0,3
5,1,21,1,1,0,pima,0.1,0,3
6,0,31,13,9,13,pima,0.1,0,3
6,1,21,13,13,0,pima,0.1,0,3
7,0,31,14,10,14,pima,0.1,0,3
7,1,21,16,16,0,pima,0.1,0,3
8,0,31,14,10,14,pima,0.1,0,3
8,1,21,18,18,0,pima,0.1,0,3
9,0,31,16,11,16,pima,0.1,0,3
9,1,21,19,19,0,pima,0.1,0,3
10,0,31,16,11,16,pima,0.1,0,3
10,1,21,20,20,0,pima,0.1,0,3
1,0,1399,45,45,0,gdm_early,0.8,9,4
1,1,152,36,36,36,gdm_early,0.8,9,4
1,2,366,143,142,143,gdm_early,0.8,9,4
2,0,1399,474,474,0,gdm_early,0.8,9,4
2,1,152,82,82,82,gdm_early,0.8,9,4
2,2,366,295,293,295,gdm_early,0.8,9,4
3,0,1399,1019,1019,0,gdm_early,0.8,9,4
3,1,152,137,132,137,gdm_early,0.8,9,4
3,2,366,341,322,341,gdm_early,0.8,9,4
4,0,1399,1123,1118,49,gdm_early,0.8,9,4
4,1,152,144,133,144,gdm_early,0.8,9,4
4,2,366,358,324,358,gdm_early,0.8,9,4
5,0,1399,1155,1148,70,gdm_early,0.8,9,4
5,1,152,150,134,150,gdm_early,0.8,9,4
5,2,366,363,325,363,gdm_early,0.8,9,4
6,0,1399,1282,1267,194,gdm_early,0.8,9,4
6,1,152,152,134,152,gdm_early,0.8,9,4
6,2,366,366,326,366,gdm_early,0.8,9,4
7,0,1399,1297,1270,196,gdm_early,0.8,9,4
7,1,152,152,134,152,gdm_early,0.8,9,4
7,2,366,366,326,366,gdm_early,0.8,9,4
8,0,1399,1361,1327,260,gdm_early,0.8,9,4
8,1,152,152,134,152,gdm_early,0.8,9,4
8,2,366,366,326,366,gdm_early,0.8,9,4
9,0,1399,1363,1329,261,gdm_early,0.8,9,4
9,1,152,152,134,152,gdm_early,0.8,9,4
9,2,366,366,326,366,gdm_early,0.8,9,4
10,0,1399,1383,1347,281,gdm_early,0.8,9,4
10,1,152,152,134,152,gdm_early,0.8,9,4
10,2,366,366,326,366,gdm_early,0.8,9,4
1,0,14,0,0,0,pima,0.1,0,4
1,1,38,0,0,0,pima,0.1,0,4
2,0,14,0,0,0,pima,0.1,0,4
2,1,38,0,0,0,pima,0.1,0,4
3,0,14,3,3,3,pima,0.1,0,4
3,1,38,0,0,0,pima,0.1,0,4
4,0,14,3,3,3,pima,0.1,0,4
4,1,38,5,5,0,pima,0.1,0,4
5,0,14,7,5,7,pima,0.1,0,4
5,1,38,5,5,0,pima,0.1,0,4
6,0,14,10,8,10,pima,0.1,0,4
6,1,38,18,18,0,pima,0.1,0,4
7,0,14,13,11,13,pima,0.1,0,4
7,1,38,18,18,0,pima,0.1,0,4
8,0,14,14,11,14,pima,0.1,0,4
8,1,38,18,18,0,pima,0.1,0,4
9,0,14,14,11,14,pima,0.1,0,4
9,1,38,18,18,0,pima,0.1,0,4
10,0,14,14,11,14,pima,0.1,0,4
10,1,38,21,21,0,pima,0.1,0,4
1,0,10,0,0,0,pima,0.1,1,0
1,1,42,0,0,0,pima,0.1,1,0
2,0,10,0,0,0,pima,0.1,1,0
2,1,42,0,0,0,pima,0.1,1,0
3,0,10,0,0,0,pima,0.1,1,0
3,1,42,0,0,0,pima,0.1,1,0
4,0,10,0,0,0,pima,0.1,1,0
4,1,42,0,0,0,pima,0.1,1,0
5,0,10,0,0,0,pima,0.1,1,0
5,1,42,0,0,0,pima,0.1,1,0
6,0,10,4,3,0,pima,0.1,1,0
6,1,42,1,1,1,pima,0.1,1,0
7,0,10,7,6,0,pima,0.1,1,0
7,1,42,7,7,4,pima,0.1,1,0
8,0,10,10,9,0,pima,0.1,1,0
8,1,42,16,12,12,pima,0.1,1,0
9,0,10,10,9,0,pima,0.1,1,0
9,1,42,20,15,16,pima,0.1,1,0
10,0,10,10,9,0,pima,0.1,1,0
10,1,42,21,15,17,pima,0.1,1,0
1,0,26,0,0,0,pima,0.1,1,1
1,1,25,0,0,0,pima,0.1,1,1
2,0,26,0,0,0,pima,0.1,1,1
2,1,25,0,0,0,pima,0.1,1,1
3,0,26,3,2,3,pima,0.1,1,1
3,1,25,0,0,0,pima,0.1,1,1
4,0,26,3,2,3,pima,0.1,1,1
4,1,25,7,7,0,pima,0.1,1,1
5,0,26,8,7,8,pima,0.1,1,1
5,1,25,7,7,0,pima,0.1,1,1
6,0,26,8,7,8,pima,0.1,1,1
6,1,25,17,15,0,pima,0.1,1,1
7,0,26,12,9,12,pima,0.1,1,1
7,1,25,17,15,0,pima,0.1,1,1
8,0,26,12,9,12,pima,0.1,1,1
8,1,25,22,20,0,pima,0.1,1,1
9,0,26,20,14,20,pima,0.1,1,1
9,1,25,22,20,0,pima,0.1,1,1
10,0,26,22,14,22,pima,0.1,1,1
10,1,25,22,20,0,pima,0.1,1,1
1,0,47,0,0,0,pima,0.1,1,2
1,1,5,0,0,0,pima,0.1,1,2
2,0,47,0,0,0,pima,0.1,1,2
2,1,5,0,0,0,pima,0.1,1,2
3,0,47,0,0,0,pima,0.1,1,2
3,1,5,0,0,0,pima,0.1,1,2
4,0,47,0,0,0,pima,0.1,1,2
4,1,5,0,0,0,pima,0.1,1,2
5,0,47,0,0,0,pima,0.1,1,2
5,1,5,0,0,0,pima,0.1,1,2
6,0,47,0,0,0,pima,0.1,1,2
6,1,5,4,4,1,pima,0.1,1,2
7,0,47,1,1,1,pima,0.1,1,2
7,1,5,4,4,1,pima,0.1,1,2
8,0,47,4,4,2,pima,0.1,1,2
8,1,5,4,4,1,pima,0.1,1,2
9,0,47,8,7,6,pima,0.1,1,2
9,1,5,4,4,1,pima,0.1,1,2
10,0,47,13,12,6,pima,0.1,1,2
10,1,5,4,4,1,pima,0.1,1,2
1,0,18,0,0,0,pima,0.1,1,3
1,1,35,0,0,0,pima,0.1,1,3
2,0,18,0,0,0,pima,0.1,1,3
2,1,35,0,0,0,pima,0.1,1,3
3,0,18,0,0,0,pima,0.1,1,3
3,1,35,0,0,0,pima,0.1,1,3
4,0,18,5,5,0,pima,0.1,1,3
4,1,35,0,0,0,pima,0.1,1,3
5,0,18,10,10,0,pima,0.1,1,3
5,1,35,0,0,0,pima,0.1,1,3
6,0,18,14,14,0,pima,0.1,1,3
6,1,35,2,2,2,pima,0.1,1,3
7,0,18,14,14,0,pima,0.1,1,3
7,1,35,15,13,15,pima,0.1,1,3
8,0,18,15,15,0,pima,0.1,1,3
8,1,35,17,14,17,pima,0.1,1,3
9,0,18,17,16,0,pima,0.1,1,3
9,1,35,18,14,18,pima,0.1,1,3
10,0,18,17,16,0,pima,0.1,1,3
10,1,35,18,14,18,pima,0.1,1,3
1,0,31,0,0,0,pima,0.1,1,4
1,1,22,0,0,0,pima,0.1,1,4
2,0,31,0,0,0,pima,0.1,1,4
2,1,22,6,5,6,pima,0.1,1,4
3,0,31,5,5,0,pima,0.1,1,4
3,1,22,6,5,6,pima,0.1,1,4
4,0,31,5,5,0,pima,0.1,1,4
4,1,22,9,7,9,pima,0.1,1,4
5,0,31,23,23,0,pima,0.1,1,4
5,1,22,9,7,9,pima,0.1,1,4
6,0,31,23,23,0,pima,0.1,1,4
6,1,22,13,10,13,pima,0.1,1,4
7,0,31,26,26,0,pima,0.1,1,4
7,1,22,13,10,13,pima,0.1,1,4
8,0,31,26,26,0,pima,0.1,1,4
8,1,22,14,11,14,pima,0.1,1,4
9,0,31,27,27,0,pima,0.1,1,4
9,1,22,14,11,14,pima,0.1,1,4
10,0,31,27,27,0,pima,0.1,1,4
10,1,22,15,12,15,pima,0.1,1,4
1,0,17,0,0,0,pima,0.1,2,0
1,1,36,0,0,0,pima,0.1,2,0
2,0,17,0,0,0,pima,0.1,2,0
2,1,36,0,0,0,pima,0.1,2,0
3,0,17,0,0,0,pima,0.1,2,0
3,1,36,0,0,0,pima,0.1,2,0
4,0,17,0,0,0,pima,0.1,2,0
4,1,36,0,0,0,pima,0.1,2,0
5,0,17,0,0,0,pima,0.1,2,0
5,1,36,2,2,2,pima,0.1,2,0
6,0,17,1,1,0,pima,0.1,2,0
6,1,36,6,6,5,pima,0.1,2,0
7,0,17,3,3,0,pima,0.1,2,0
7,1,36,15,9,14,pima,0.1,2,0
8,0,17,14,14,0,pima,0.1,2,0
8,1,36,18,12,14,pima,0.1,2,0
9,0,17,14,14,0,pima,0.1,2,0
9,1,36,20,14,15,pima,0.1,2,0
10,0,17,15,14,0,pima,0.1,2,0
10,1,36,21,15,15,pima,0.1,2,0
1,0,19,0,0,0,pima,0.1,2,1
1,1,33,0,0,0,pima,0.1,2,1
2,0,19,0,0,0,pima,0.1,2,1
2,1,33,0,0,0,pima,0.1,2,1
3,0,19,0,0,0,pima,0.1,2,1
3,1,33,0,0,0,pima,0.1,2,1
4,0,19,0,0,0,pima,0.1,2,1
4,1,33,0,0,0,pima,0.1,2,1
5,0,19,0,0,0,pima,0.1,2,1
5,1,33,0,0,0,pima,0.1,2,1
6,0,19,0,0,0,pima,0.1,2,1
6,1,33,0,0,0,pima,0.1,2,1
7,0,19,3,2,0,pima,0.1,2,1
7,1,33,0,0,0,pima,0.1,2,1
8,0,19,5,4,2,pima,0.1,2,1
8,1,33,0,0,0,pima,0.1,2,1
9,0,19,8,6,3,pima,0.1,2,1
9,1,33,0,0,0,pima,0.1,2,1
10,0,19,9,6,3,pima,0.1,2,1
10,1,33,2,2,0,pima,0.1,2,1
1,0,18,0,0,0,pima,0.1,2,2
1,1,34,0,0,0,pima,0.1,2,2
2,0,18,0,0,0,pima,0.1,2,2
2,1,34,0,0,0,pima,0.1,2,2
3,0,18,6,4,6,pima,0.1,2,2
3,1,34,0,0,0,pima,0.1,2,2
4,0,18,11,8,11,pima,0.1,2,2
4,1,34,0,0,0,pima,0.1,2,2
5,0,18,15,12,15,pima,0.1,2,2
5,1,34,0,0,0,pima,0.1,2,2
6,0,18,15,12,15,pima,0.1,2,2
6,1,34,13,12,0,pima,0.1,2,2
7,0,18,15,12,15,pima,0.1,2,2
7,1,34,16,14,0,pima,0.1,2,2
8,0,18,15,12,15,pima,0.1,2,2
8,1,34,26,24,0,pima,0.1,2,2
9,0,18,15,12,15,pima,0.1,2,2
9,1,34,28,25,0,pima,0.1,2,2
10,0,18,15,12,15,pima,0.1,2,2
10,1,34,29,26,0,pima,0.1,2,2
1,0,25,0,0,0,pima,0.1,2,3
1,1,27,0,0,0,pima,0.1,2,3
2,0,25,0,0,0,pima,0.1,2,3
2,1,27,0,0,0,pima,0.1,2,3
3,0,25,0,0,0,pima,0.1,2,3
3,1,27,0,0,0,pima,0.1,2,3
4,0,25,0,0,0,pima,0.1,2,3
4,1,27,0,0,0,pima,0.1,2,3
5,0,25,0,0,0,pima,0.1,2,3
5,1,27,0,0,0,pima,0.1,2,3
6,0,25,0,0,0,pima,0.1,2,3
6,1,27,1,1,0,pima,0.1,2,3
7,0,25,7,6,7,pima,0.1,2,3
7,1,27,1,1,0,pima,0.1,2,3
8,0,25,9,8,7,pima,0.1,2,3
8,1,27,13,13,0,pima,0.1,2,3
9,0,25,14,10,12,pima,0.1,2,3
9,1,27,13,13,0,pima,0.1,2,3
10,0,25,14,10,12,pima,0.1,2,3
10,1,27,18,17,0,pima,0.1,2,3
1,0,20,0,0,0,pima,0.1,2,4
1,1,32,0,0,0,pima,0.1,2,4
2,0,20,0,0,0,pima,0.1,2,4
2,1,32,0,0,0,pima,0.1,2,4
3,0,20,0,0,0,pima,0.1,2,4
3,1,32,0,0,0,pima,0.1,2,4
4,0,20,0,0,0,pima,0.1,2,4
4,1,32,0,0,0,pima,0.1,2,4
5,0,20,0,0,0,pima,0.1,2,4
5,1,32,0,0,0,pima,0.1,2,4
6,0,20,5,4,5,pima,0.1,2,4
6,1,32,5,5,0,pima,0.1,2,4
7,0,20,10,7,10,pima,0.1,2,4
7,1,32,10,10,0,pima,0.1,2,4
8,0,20,10,7,10,pima,0.1,2,4
8,1,32,24,23,0,pima,0.1,2,4
9,0,20,13,9,13,pima,0.1,2,4
9,1,32,24,23,0,pima,0.1,2,4
10,0,20,16,11,16,pima,0.1,2,4
10,1,32,24,23,0,pima,0.1,2,4
1,0,9,0,0,0,pima,0.1,3,0
1,1,43,0,0,0,pima,0.1,3,0
2,0,9,0,0,0,pima,0.1,3,0
2,1,43,0,0,0,pima,0.1,3,0
3,0,9,0,0,0,pima,0.1,3,0
3,1,43,0,0,0,pima,0.1,3,0
4,0,9,1,1,1,pima,0.1,3,0
4,1,43,0,0,0,pima,0.1,3,0
5,0,9,3,3,3,pima,0.1,3,0
5,1,43,0,0,0,pima,0.1,3,0
6,0,9,3,3,3,pima,0.1,3,0
6,1,43,0,0,0,pima,0.1,3,0
7,0,9,9,8,9,pima,0.1,3,0
7,1,43,0,0,0,pima,0.1,3,0
8,0,9,9,8,9,pima,0.1,3,0
8,1,43,6,6,0,pima,0.1,3,0
9,0,9,9,8,9,pima,0.1,3,0
9,1,43,7,7,1,pima,0.1,3,0
10,0,9,9,8,9,pima,0.1,3,0
10,1,43,14,13,3,pima,0.1,3,0
1,0,45,0,0,0,pima,0.1,3,1
1,1,7,0,0,0,pima,0.1,3,1
2,0,45,0,0,0,pima,0.1,3,1
2,1,7,1,1,1,pima,0.1,3,1
3,0,45,0,0,0,pima,0.1,3,1
3,1,7,3,3,3,pima,0.1,3,1
4,0,45,0,0,0,pima,0.1,3,1
4,1,7,3,3,3,pima,0.1,3,1
5,0,45,0,0,0,pima,0.1,3,1
5,1,7,7,6,7,pima,0.1,3,1
6,0,45,1,1,0,pima,0.1,3,1
6,1,7,7,6,7,pima,0.1,3,1
7,0,45,7,6,0,pima,0.1,3,1
7,1,7,7,6,7,pima,0.1,3,1
8,0,45,8,7,1,pima,0.1,3,1
8,1,7,7,6,7,pima,0.1,3,1
9,0,45,15,13,5,pima,0.1,3,1
9,1,7,7,6,7,pima,0.1,3,1
10,0,45,18,16,8,pima,0.1,3,1
10,1,7,7,6,7,pima,0.1,3,1
1,0,9,0,0,0,pima,0.1,3,2
1,1,43,0,0,0,pima,0.1,3,2
2,0,9,0,0,0,pima,0.1,3,2
2,1,43,0,0,0,pima,0.1,3,2
3,0,9,0,0,0,pima,0.1,3,2
3,1,43,0,0,0,pima,0.1,3,2
4,0,9,0,0,0,pima,0.1,3,2
4,1,43,2,2,0,pima,0.1,3,2
5,0,9,0,0,0,pima,0.1,3,2
5,1,43,3,3,0,pima,0.1,3,2
6,0,9,0,0,0,pima,0.1,3,2
6,1,43,8,8,0,pima,0.1,3,2
7,0,9,0,0,0,pima,0.1,3,2
7,1,43,12,12,2,pima,0.1,3,2
8,0,9,0,0,0,pima,0.1,3,2
8,1,43,13,13,2,pima,0.1,3,2
9,0,9,0,0,0,pima,0.1,3,2
9,1,43,16,16,5,pima,0.1,3,2
10,0,9,0,0,0,pima,0.1,3,2
10,1,43,16,16,5,pima,0.1,3,2
1,0,37,0,0,0,pima,0.1,3,3
1,1,15,0,0,0,pima,0.1,3,3
2,0,37,0,0,0,pima,0.1,3,3
2,1,15,0,0,0,pima,0.1,3,3
3,0,37,0,0,0,pima,0.1,3,3
3,1,15,0,0,0,pima,0.1,3,3
4,0,37,0,0,0,pima,0.1,3,3
4,1,15,0,0,0,pima,0.1,3,3
5,0,37,0,0,0,pima,0.1,3,3
5,1,15,0,0,0,pima,0.1,3,3
6,0,37,0,0,0,pima,0.1,3,3
6,1,15,1,1,1,pima,0.1,3,3
7,0,37,0,0,0,pima,0.1,3,3
7,1,15,4,4,3,pima,0.1,3,3
8,0,37,0,0,0,pima,0.1,3,3
8,1,15,6,6,5,pima,0.1,3,3
9,0,37,0,0,0,pima,0.1,3,3
9,1,15,7,6,6,pima,0.1,3,3
10,0,37,6,6,0,pima,0.1,3,3
10,1,15,8,6,7,pima,0.1,3,3
1,0,28,0,0,0,pima,0.1,3,4
1,1,24,0,0,0,pima,0.1,3,4
2,0,28,0,0,0,pima,0.1,3,4
2,1,24,0,0,0,pima,0.1,3,4
3,0,28,0,0,0,pima,0.1,3,4
3,1,24,0,0,0,pima,0.1,3,4
4,0,28,0,0,0,pima,0.1,3,4
4,1,24,1,1,1,pima,0.1,3,4
5,0,28,9,9,0,pima,0.1,3,4
5,1,24,5,5,5,pima,0.1,3,4
6,0,28,18,18,0,pima,0.1,3,4
6,1,24,8,7,8,pima,0.1,3,4
7,0,28,22,22,0,pima,0.1,3,4
7,1,24,12,11,12,pima,0.1,3,4
8,0,28,24,24,0,pima,0.1,3,4
8,1,24,16,13,16,pima,0.1,3,4
9,0,28,25,25,0,pima,0.1,3,4
9,1,24,18,15,18,pima,0.1,3,4
10,0,28,26,26,0,pima,0.1,3,4
10,1,24,23,16,23,pima,0.1,3,4
1,0,35,0,0,0,pima,0.1,4,0
1,1,18,0,0,0,pima,0.1,4,0
2,0,35,0,0,0,pima,0.1,4,0
2,1,18,0,0,0,pima,0.1,4,0
3,0,35,0,0,0,pima,0.1,4,0
3,1,18,0,0,0,pima,0.1,4,0
4,0,35,0,0,0,pima,0.1,4,0
4,1,18,0,0,0,pima,0.1,4,0
5,0,35,0,0,0,pima,0.1,4,0
5,1,18,0,0,0,pima,0.1,4,0
6,0,35,1,0,1,pima,0.1,4,0
6,1,18,1,1,0,pima,0.1,4,0
7,0,35,10,8,10,pima,0.1,4,0
7,1,18,8,8,0,pima,0.1,4,0
8,0,35,11,8,11,pima,0.1,4,0
8,1,18,10,9,0,pima,0.1,4,0
9,0,35,16,10,16,pima,0.1,4,0
9,1,18,11,10,0,pima,0.1,4,0
10,0,35,19,13,16,pima,0.1,4,0
10,1,18,16,14,0,pima,0.1,4,0
1,0,25,0,0,0,pima,0.1,4,1
1,1,27,0,0,0,pima,0.1,4,1
2,0,25,0,0,0,pima,0.1,4,1
2,1,27,0,0,0,pima,0.1,4,1
3,0,25,0,0,0,pima,0.1,4,1
3,1,27,0,0,0,pima,0.1,4,1
4,0,25,0,0,0,pima,0.1,4,1
4,1,27,0,0,0,pima,0.1,4,1
5,0,25,0,0,0,pima,0.1,4,1
5,1,27,0,0,0,pima,0.1,4,1
6,0,25,5,5,0,pima,0.1,4,1
6,1,27,0,0,0,pima,0.1,4,1
7,0,25,7,7,0,pima,0.1,4,1
7,1,27,0,0,0,pima,0.1,4,1
8,0,25,11,11,0,pima,0.1,4,1
8,1,27,0,0,0,pima,0.1,4,1
9,0,25,11,11,0,pima,0.1,4,1
9,1,27,0,0,0,pima,0.1,4,1
10,0,25,15,14,0,pima,0.1,4,1
10,1,27,3,3,0,pima,0.1,4,1
1,0,4,0,0,0,pima,0.1,4,2
1,1,49,0,0,0,pima,0.1,4,2
2,0,4,0,0,0,pima,0.1,4,2
2,1,49,0,0,0,pima,0.1,4,2
3,0,4,0,0,0,pima,0.1,4,2
3,1,49,0,0,0,pima,0.1,4,2
4,0,4,0,0,0,pima,0.1,4,2
4,1,49,0,0,0,pima,0.1,4,2
5,0,4,0,0,0,pima,0.1,4,2
5,1,49,0,0,0,pima,0.1,4,2
6,0,4,2,2,2,pima,0.1,4,2
6,1,49,0,0,0,pima,0.1,4,2
7,0,4,2,2,2,pima,0.1,4,2
7,1,49,0,0,0,pima,0.1,4,2
8,0,4,3,3,3,pima,0.1,4,2
8,1,49,4,4,4,pima,0.1,4,2
9,0,4,3,3,3,pima,0.1,4,2
9,1,49,12,11,12,pima,0.1,4,2
10,0,4,3,3,3,pima,0.1,4,2
10,1,49,18,16,12,pima,0.1,4,2
1,0,32,0,0,0,pima,0.1,4,3
1,1,20,0,0,0,pima,0.1,4,3
2,0,32,0,0,0,pima,0.1,4,3
2,1,20,0,0,0,pima,0.1,4,3
3,0,32,0,0,0,pima,0.1,4,3
3,1,20,0,0,0,pima,0.1,4,3
4,0,32,0,0,0,pima,0.1,4,3
4,1,20,0,0,0,pima,0.1,4,3
5,0,32,0,0,0,pima,0.1,4,3
5,1,20,0,0,0,pima,0.1,4,3
6,0,32,1,1,1,pima,0.1,4,3
6,1,20,2,1,2,pima,0.1,4,3
7,0,32,3,2,2,pima,0.1,4,3
7,1,20,2,1,2,pima,0.1,4,3
8,0,32,7,4,5,pima,0.1,4,3
8,1,20,2,1,2,pima,0.1,4,3
9,0,32,11,8,8,pima,0.1,4,3
9,1,20,3,2,3,pima,0.1,4,3
10,0,32,11,8,8,pima,0.1,4,3
10,1,20,3,2,3,pima,0.1,4,3
1,0,39,0,0,0,pima,0.1,4,4
1,1,13,0,0,0,pima,0.1,4,4
2,0,39,0,0,0,pima,0.1,4,4
2,1,13,0,0,0,pima,0.1,4,4
3,0,39,0,0,0,pima,0.1,4,4
3,1,13,0,0,0,pima,0.1,4,4
4,0,39,0,0,0,pima,0.1,4,4
4,1,13,0,0,0,pima,0.1,4,4
5,0,39,0,0,0,pima,0.1,4,4
5,1,13,0,0,0,pima,0.1,4,4
6,0,39,4,4,0,pima,0.1,4,4
6,1,13,2,2,0,pima,0.1,4,4
7,0,39,9,9,0,pima,0.1,4,4
7,1,13,4,4,0,pima,0.1,4,4
8,0,39,10,10,0,pima,0.1,4,4
8,1,13,4,4,0,pima,0.1,4,4
9,0,39,15,13,0,pima,0.1,4,4
9,1,13,5,5,0,pima,0.1,4,4
10,0,39,17,15,2,pima,0.1,4,4
10,1,13,7,7,2,pima,0.1,4,4
1,0,15,0,0,0,pima,0.1,5,0
1,1,36,0,0,0,pima,0.1,5,0
2,0,15,0,0,0,pima,0.1,5,0
2,1,36,0,0,0,pima,0.1,5,0
3,0,15,0,0,0,pima,0.1,5,0
3,1,36,0,0,0,pima,0.1,5,0
4,0,15,0,0,0,pima,0.1,5,0
4,1,36,0,0,0,pima,0.1,5,0
5,0,15,0,0,0,pima,0.1,5,0
5,1,36,0,0,0,pima,0.1,5,0
6,0,15,0,0,0,pima,0.1,5,0
6,1,36,5,5,3,pima,0.1,5,0
7,0,15,0,0,0,pima,0.1,5,0
7,1,36,14,12,7,pima,0.1,5,0
8,0,15,0,0,0,pima,0.1,5,0
8,1,36,17,15,7,pima,0.1,5,0
9,0,15,0,0,0,pima,0.1,5,0
9,1,36,21,19,9,pima,0.1,5,0
10,0,15,0,0,0,pima,0.1,5,0
10,1,36,22,19,9,pima,0.1,5,0
1,0,27,0,0,0,pima,0.1,5,1
1,1,26,0,0,0,pima,0.1,5,1
2,0,27,0,0,0,pima,0.1,5,1
2,1,26,0,0,0,pima,0.1,5,1
3,0,27,1,1,0,pima,0.1,5,1
3,1,26,0,0,0,pima,0.1,5,1
4,0,27,1,1,0,pima,0.1,5,1
4,1,26,3,2,3,pima,0.1,5,1
5,0,27,17,17,0,pima,0.1,5,1
5,1,26,3,2,3,pima,0.1,5,1
6,0,27,17,17,0,pima,0.1,5,1
6,1,26,16,14,16,pima,0.1,5,1
7,0,27,23,22,0,pima,0.1,5,1
7,1,26,16,14,16,pima,0.1,5,1
8,0,27,24,22,0,pima,0.1,5,1
8,1,26,23,16,23,pima,0.1,5,1
9,0,27,26,24,0,pima,0.1,5,1
9,1,26,26,17,26,pima,0.1,5,1
10,0,27,26,24,0,pima,0.1,5,1
10,1,26,26,17,26,pima,0.1,5,1
1,0,46,0,0,0,pima,0.1,5,2
1,1,6,0,0,0,pima,0.1,5,2
2,0,46,0,0,0,pima,0.1,5,2
2,1,6,0,0,0,pima,0.1,5,2
3,0,46,0,0,0,pima,0.1,5,2
3,1,6,0,0,0,pima,0.1,5,2
4,0,46,0,0,0,pima,0.1,5,2
4,1,6,0,0,0,pima,0.1,5,2
5,0,46,0,0,0,pima,0.1,5,2
5,1,6,0,0,0,pima,0.1,5,2
6,0,46,3,3,0,pima,0.1,5,2
6,1,6,0,0,0,pima,0.1,5,2
7,0,46,9,9,0,pima,0.1,5,2
7,1,6,0,0,0,pima,0.1,5,2
8,0,46,10,10,0,pima,0.1,5,2
8,1,6,0,0,0,pima,0.1,5,2
9,0,46,12,12,2,pima,0.1,5,2
9,1,6,0,0,0,pima,0.1,5,2
10,0,46,13,13,2,pima,0.1,5,2
10,1,6,0,0,0,pima,0.1,5,2
1,0,24,0,0,0,pima,0.1,5,3
1,1,28,0,0,0,pima,0.1,5,3
2,0,24,0,0,0,pima,0.1,5,3
2,1,28,0,0,0,pima,0.1,5,3
3,0,24,0,0,0,pima,0.1,5,3
3,1,28,0,0,0,pima,0.1,5,3
4,0,24,0,0,0,pima,0.1,5,3
4,1,28,0,0,0,pima,0.1,5,3
5,0,24,0,0,0,pima,0.1,5,3
5,1,28,1,1,1,pima,0.1,5,3
6,0,24,5,5,0,pima,0.1,5,3
6,1,28,5,4,5,pima,0.1,5,3
7,0,24,9,9,0,pima,0.1,5,3
7,1,28,11,9,11,pima,0.1,5,3
8,0,24,19,18,0,pima,0.1,5,3
8,1,28,11,9,11,pima,0.1,5,3
9,0,24,19,18,0,pima,0.1,5,3
9,1,28,14,11,14,pima,0.1,5,3
10,0,24,20,19,0,pima,0.1,5,3
10,1,28,15,11,15,pima,0.1,5,3
1,0,25,0,0,0,pima,0.1,5,4
1,1,27,0,0,0,pima,0.1,5,4
2,0,25,0,0,0,pima,0.1,5,4
2,1,27,0,0,0,pima,0.1,5,4
3,0,25,0,0,0,pima,0.1,5,4
3,1,27,0,0,0,pima,0.1,5,4
4,0,25,0,0,0,pima,0.1,5,4
4,1,27,0,0,0,pima,0.1,5,4
5,0,25,0,0,0,pima,0.1,5,4
5,1,27,2,2,2,pima,0.1,5,4
6,0,25,9,9,0,pima,0.1,5,4
6,1,27,13,10,13,pima,0.1,5,4
7,0,25,11,11,0,pima,0.1,5,4
7,1,27,18,14,18,pima,0.1,5,4
8,0,25,22,21,0,pima,0.1,5,4
8,1,27,19,15,18,pima,0.1,5,4
9,0,25,23,21,0,pima,0.1,5,4
9,1,27,22,17,21,pima,0.1,5,4
10,0,25,23,21,0,pima,0.1,5,4
10,1,27,22,17,21,pima,0.1,5,4
1,0,25,0,0,0,pima,0.1,6,0
1,1,27,0,0,0,pima,0.1,6,0
2,0,25,0,0,0,pima,0.1,6,0
2,1,27,0,0,0,pima,0.1,6,0
3,0,25,5,5,5,pima,0.1,6,0
3,1,27,0,0,0,pima,0.1,6,0
4,0,25,7,7,7,pima,0.1,6,0
4,1,27,3,3,0,pima,0.1,6,0
5,0,25,13,13,13,pima,0.1,6,0
5,1,27,6,6,0,pima,0.1,6,0
6,0,25,13,13,13,pima,0.1,6,0
6,1,27,22,21,0,pima,0.1,6,0
7,0,25,15,14,15,pima,0.1,6,0
7,1,27,24,23,0,pima,0.1,6,0
8,0,25,15,14,15,pima,0.1,6,0
8,1,27,25,24,0,pima,0.1,6,0
9,0,25,21,15,21,pima,0.1,6,0
9,1,27,25,24,0,pima,0.1,6,0
10,0,25,21,15,21,pima,0.1,6,0
10,1,27,25,24,0,pima,0.1,6,0
1,0,38,0,0,0,pima,0.1,6,1
1,1,13,0,0,0,pima,0.1,6,1
2,0,38,0,0,0,pima,0.1,6,1
2,1,13,0,0,0,pima,0.1,6,1
3,0,38,0,0,0,pima,0.1,6,1
3,1,13,0,0,0,pima,0.1,6,1
4,0,38,0,0,0,pima,0.1,6,1
4,1,13,0,0,0,pima,0.1,6,1
5,0,38,0,0,0,pima,0.1,6,1
5,1,13,0,0,0,pima,0.1,6,1
6,0,38,2,0,2,pima,0.1,6,1
6,1,13,4,4,0,pima,0.1,6,1
7,0,38,7,5,4,pima,0.1,6,1
7,1,13,6,5,2,pima,0.1,6,1
8,0,38,16,14,6,pima,0.1,6,1
8,1,13,7,6,2,pima,0.1,6,1
9,0,38,18,16,6,pima,0.1,6,1
9,1,13,7,6,2,pima,0.1,6,1
10,0,38,21,19,6,pima,0.1,6,1
10,1,13,7,6,2,pima,0.1,6,1
1,0,39,0,0,0,pima,0.1,6,2
1,1,13,0,0,0,pima,0.1,6,2
2,0,39,0,0,0,pima,0.1,6,2
2,1,13,0,0,0,pima,0.1,6,2
3,0,39,0,0,0,pima,0.1,6,2
3,1,13,0,0,0,pima,0.1,6,2
4,0,39,0,0,0,pima,0.1,6,2
4,1,13,0,0,0,pima,0.1,6,2
5,0,39,1,1,0,pima,0.1,6,2
5,1,13,3,3,3,pima,0.1,6,2
6,0,39,8,8,0,pima,0.1,6,2
6,1,13,8,8,8,pima,0.1,6,2
7,0,39,15,15,0,pima,0.1,6,2
7,1,13,9,9,9,pima,0.1,6,2
8,0,39,15,15,0,pima,0.1,6,2
8,1,13,13,10,13,pima,0.1,6,2
9,0,39,19,19,0,pima,0.1,6,2
9,1,13,13,10,13,pima,0.1,6,2
10,0,39,19,19,0,pima,0.1,6,2
10,1,13,13,10,13,pima,0.1,6,2
1,0,41,0,0,0,pima,0.1,6,3
1,1,11,0,0,0,pima,0.1,6,3
2,0,41,0,0,0,pima,0.1,6,3
2,1,11,0,0,0,pima,0.1,6,3
3,0,41,0,0,0,pima,0.1,6,3
3,1,11,0,0,0,pima,0.1,6,3
4,0,41,0,0,0,pima,0.1,6,3
4,1,11,0,0,0,pima,0.1,6,3
5,0,41,0,0,0,pima,0.1,6,3
5,1,11,0,0,0,pima,0.1,6,3
6,0,41,2,2,0,pima,0.1,6,3
6,1,11,0,0,0,pima,0.1,6,3
7,0,41,7,7,0,pima,0.1,6,3
7,1,11,1,1,1,pima,0.1,6,3
8,0,41,7,7,0,pima,0.1,6,3
8,1,11,2,1,2,pima,0.1,6,3
9,0,41,9,9,0,pima,0.1,6,3
9,1,11,2,1,2,pima,0.1,6,3
10,0,41,9,9,0,pima,0.1,6,3
10,1,11,3,1,3,pima,0.1,6,3
1,0,15,0,0,0,pima,0.1,6,4
1,1,37,0,0,0,pima,0.1,6,4
2,0,15,1,1,1,pima,0.1,6,4
2,1,37,0,0,0,pima,0.1,6,4
3,0,15,4,4,4,pima,0.1,6,4
3,1,37,0,0,0,pima,0.1,6,4
4,0,15,8,8,8,pima,0.1,6,4
4,1,37,0,0,0,pima,0.1,6,4
5,0,15,9,9,9,pima,0.1,6,4
5,1,37,9,9,0,pima,0.1,6,4
6,0,15,14,12,14,pima,0.1,6,4
6,1,37,12,12,0,pima,0.1,6,4
7,0,15,14,12,14,pima,0.1,6,4
7,1,37,22,20,0,pima,0.1,6,4
8,0,15,15,13,15,pima,0.1,6,4
8,1,37,22,20,0,pima,0.1,6,4
9,0,15,15,13,15,pima,0.1,6,4
9,1,37,25,23,0,pima,0.1,6,4
10,0,15,15,13,15,pima,0.1,6,4
10,1,37,25,23,0,pima,0.1,6,4
1,0,38,0,0,0,pima,0.1,7,0
1,1,14,0,0,0,pima,0.1,7,0
2,0,38,0,0,0,pima,0.1,7,0
2,1,14,0,0,0,pima,0.1,7,0
3,0,38,0,0,0,pima,0.1,7,0
3,1,14,0,0,0,pima,0.1,7,0
4,0,38,0,0,0,pima,0.1,7,0
4,1,14,0,0,0,pima,0.1,7,0
5,0,38,0,0,0,pima,0.1,7,0
5,1,14,0,0,0,pima,0.1,7,0
6,0,38,2,2,2,pima,0.1,7,0
6,1,14,0,0,0,pima,0.1,7,0
7,0,38,11,10,6,pima,0.1,7,0
7,1,14,0,0,0,pima,0.1,7,0
8,0,38,15,14,6,pima,0.1,7,0
8,1,14,0,0,0,pima,0.1,7,0
9,0,38,16,15,7,pima,0.1,7,0
9,1,14,0,0,0,pima,0.1,7,0
10,0,38,16,15,7,pima,0.1,7,0
10,1,14,0,0,0,pima,0.1,7,0
1,0,49,0,0,0,pima,0.1,7,1
1,1,3,0,0,0,pima,0.1,7,1
2,0,49,0,0,0,pima,0.1,7,1
2,1,3,0,0,0,pima,0.1,7,1
3,0,49,0,0,0,pima,0.1,7,1
3,1,3,0,0,0,pima,0.1,7,1
4,0,49,0,0,0,pima,0.1,7,1
4,1,3,0,0,0,pima,0.1,7,1
5,0,49,0,0,0,pima,0.1,7,1
5,1,3,0,0,0,pima,0.1,7,1
6,0,49,4,3,4,pima,0.1,7,1
6,1,3,1,1,1,pima,0.1,7,1
7,0,49,12,9,10,pima,0.1,7,1
7,1,3,3,2,3,pima,0.1,7,1
8,0,49,18,15,10,pima,0.1,7,1
8,1,3,3,2,3,pima,0.1,7,1
9,0,49,18,15,10,pima,0.1,7,1
9,1,3,3,2,3,pima,0.1,7,1
10,0,49,23,20,10,pima,0.1,7,1
10,1,3,3,2,3,pima,0.1,7,1
1,0,26,0,0,0,pima,0.1,7,2
1,1,26,0,0,0,pima,0.1,7,2
2,0,26,0,0,0,pima,0.1,7,2
2,1,26,0,0,0,pima,0.1,7,2
3,0,26,3,3,3,pima,0.1,7,2
3,1,26,0,0,0,pima,0.1,7,2
4,0,26,3,3,3,pima,0.1,7,2
4,1,26,3,3,0,pima,0.1,7,2
5,0,26,12,9,12,pima,0.1,7,2
5,1,26,3,3,0,pima,0.1,7,2
6,0,26,14,11,14,pima,0.1,7,2
6,1,26,19,18,0,pima,0.1,7,2
7,0,26,14,11,14,pima,0.1,7,2
7,1,26,25,24,0,pima,0.1,7,2
8,0,26,14,11,14,pima,0.1,7,2
8,1,26,25,24,0,pima,0.1,7,2
9,0,26,18,13,18,pima,0.1,7,2
9,1,26,25,24,0,pima,0.1,7,2
10,0,26,18,13,18,pima,0.1,7,2
10,1,26,26,25,0,pima,0.1,7,2
1,0,34,0,0,0,pima,0.1,7,3
1,1,18,0,0,0,pima,0.1,7,3
2,0,34,0,0,0,pima,0.1,7,3
2,1,18,9,9,9,pima,0.1,7,3
3,0,34,6,6,0,pima,0.1,7,3
3,1,18,16,15,16,pima,0.1,7,3
4,0,34,19,19,0,pima,0.1,7,3
4,1,18,16,15,16,pima,0.1,7,3
5,0,34,31,31,0,pima,0.1,7,3
5,1,18,16,15,16,pima,0.1,7,3
6,0,34,32,31,0,pima,0.1,7,3
6,1,18,16,15,16,pima,0.1,7,3
7,0,34,32,31,0,pima,0.1,7,3
7,1,18,16,15,16,pima,0.1,7,3
8,0,34,33,32,0,pima,0.1,7,3
8,1,18,16,15,16,pima,0.1,7,3
9,0,34,33,32,0,pima,0.1,7,3
9,1,18,16,15,16,pima,0.1,7,3
10,0,34,34,33,0,pima,0.1,7,3
10,1,18,16,15,16,pima,0.1,7,3
1,0,37,0,0,0,pima,0.1,7,4
1,1,16,0,0,0,pima,0.1,7,4
2,0,37,0,0,0,pima,0.1,7,4
2,1,16,0,0,0,pima,0.1,7,4
3,0,37,0,0,0,pima,0.1,7,4
3,1,16,0,0,0,pima,0.1,7,4
4,0,37,0,0,0,pima,0.1,7,4
4,1,16,0,0,0,pima,0.1,7,4
5,0,37,0,0,0,pima,0.1,7,4
5,1,16,0,0,0,pima,0.1,7,4
6,0,37,5,5,0,pima,0.1,7,4
6,1,16,5,5,5,pima,0.1,7,4
7,0,37,16,15,0,pima,0.1,7,4
7,1,16,11,10,11,pima,0.1,7,4
8,0,37,16,15,0,pima,0.1,7,4
8,1,16,16,13,16,pima,0.1,7,4
9,0,37,21,20,0,pima,0.1,7,4
9,1,16,16,13,16,pima,0.1,7,4
10,0,37,21,20,0,pima,0.1,7,4
10,1,16,16,13,16,pima,0.1,7,4
1,0,33,0,0,0,pima,0.1,8,0
1,1,19,0,0,0,pima,0.1,8,0
2,0,33,0,0,0,pima,0.1,8,0
2,1,19,0,0,0,pima,0.1,8,0
3,0,33,0,0,0,pima,0.1,8,0
3,1,19,0,0,0,pima,0.1,8,0
4,0,33,0,0,0,pima,0.1,8,0
4,1,19,0,0,0,pima,0.1,8,0
5,0,33,0,0,0,pima,0.1,8,0
5,1,19,0,0,0,pima,0.1,8,0
6,0,33,1,1,0,pima,0.1,8,0
6,1,19,0,0,0,pima,0.1,8,0
7,0,33,7,7,2,pima,0.1,8,0
7,1,19,0,0,0,pima,0.1,8,0
8,0,33,9,9,4,pima,0.1,8,0
8,1,19,1,1,1,pima,0.1,8,0
9,0,33,13,12,5,pima,0.1,8,0
9,1,19,4,3,4,pima,0.1,8,0
10,0,33,13,12,5,pima,0.1,8,0
10,1,19,6,5,4,pima,0.1,8,0
1,0,32,0,0,0,pima,0.1,8,1
1,1,20,0,0,0,pima,0.1,8,1
2,0,32,0,0,0,pima,0.1,8,1
2,1,20,0,0,0,pima,0.1,8,1
3,0,32,0,0,0,pima,0.1,8,1
3,1,20,0,0,0,pima,0.1,8,1
4,0,32,0,0,0,pima,0.1,8,1
4,1,20,0,0,0,pima,0.1,8,1
5,0,32,0,0,0,pima,0.1,8,1
5,1,20,0,0,0,pima,0.1,8,1
6,0,32,6,6,2,pima,0.1,8,1
6,1,20,2,2,0,pima,0.1,8,1
7,0,32,12,12,8,pima,0.1,8,1
7,1,20,4,4,0,pima,0.1,8,1
8,0,32,14,14,9,pima,0.1,8,1
8,1,20,4,4,0,pima,0.1,8,1
9,0,32,18,18,9,pima,0.1,8,1
9,1,20,9,9,0,pima,0.1,8,1
10,0,32,19,18,10,pima,0.1,8,1
10,1,20,9,9,0,pima,0.1,8,1
1,0,15,0,0,0,pima,0.1,8,2
1,1,37,0,0,0,pima,0.1,8,2
2,0,15,0,0,0,pima,0.1,8,2
2,1,37,0,0,0,pima,0.1,8,2
3,0,15,0,0,0,pima,0.1,8,2
3,1,37,0,0,0,pima,0.1,8,2
4,0,15,0,0,0,pima,0.1,8,2
4,1,37,0,0,0,pima,0.1,8,2
5,0,15,0,0,0,pima,0.1,8,2
5,1,37,0,0,0,pima,0.1,8,2
6,0,15,3,2,3,pima,0.1,8,2
6,1,37,1,1,0,pima,0.1,8,2
7,0,15,5,4,5,pima,0.1,8,2
7,1,37,19,19,0,pima,0.1,8,2
8,0,15,12,8,12,pima,0.1,8,2
8,1,37,19,19,0,pima,0.1,8,2
9,0,15,13,9,13,pima,0.1,8,2
9,1,37,23,23,0,pima,0.1,8,2
10,0,15,15,11,15,pima,0.1,8,2
10,1,37,23,23,0,pima,0.1,8,2
1,0,7,0,0,0,pima,0.1,8,3
1,1,45,0,0,0,pima,0.1,8,3
2,0,7,0,0,0,pima,0.1,8,3
2,1,45,0,0,0,pima,0.1,8,3
3,0,7,0,0,0,pima,0.1,8,3
3,1,45,0,0,0,pima,0.1,8,3
4,0,7,0,0,0,pima,0.1,8,3
4,1,45,0,0,0,pima,0.1,8,3
5,0,7,0,0,0,pima,0.1,8,3
5,1,45,0,0,0,pima,0.1,8,3
6,0,7,0,0,0,pima,0.1,8,3
6,1,45,2,2,2,pima,0.1,8,3
7,0,7,0,0,0,pima,0.1,8,3
7,1,45,5,5,4,pima,0.1,8,3
8,0,7,0,0,0,pima,0.1,8,3
8,1,45,8,6,6,pima,0.1,8,3
9,0,7,0,0,0,pima,0.1,8,3
9,1,45,16,14,7,pima,0.1,8,3
10,0,7,0,0,0,pima,0.1,8,3
10,1,45,17,15,8,pima,0.1,8,3
1,0,34,0,0,0,pima,0.1,8,4
1,1,18,0,0,0,pima,0.1,8,4
2,0,34,0,0,0,pima,0.1,8,4
2,1,18,0,0,0,pima,0.1,8,4
3,0,34,0,0,0,pima,0.1,8,4
3,1,18,3,2,3,pima,0.1,8,4
4,0,34,2,2,0,pima,0.1,8,4
4,1,18,6,5,6,pima,0.1,8,4
5,0,34,2,2,0,pima,0.1,8,4
5,1,18,12,9,12,pima,0.1,8,4
6,0,34,14,14,0,pima,0.1,8,4
6,1,18,12,9,12,pima,0.1,8,4
7,0,34,14,14,0,pima,0.1,8,4
7,1,18,13,10,13,pima,0.1,8,4
8,0,34,25,24,0,pima,0.1,8,4
8,1,18,13,10,13,pima,0.1,8,4
9,0,34,26,24,0,pima,0.1,8,4
9,1,18,16,13,16,pima,0.1,8,4
10,0,34,28,26,0,pima,0.1,8,4
10,1,18,16,13,16,pima,0.1,8,4
1,0,20,0,0,0,pima,0.1,9,0
1,1,32,0,0,0,pima,0.1,9,0
2,0,20,0,0,0,pima,0.1,9,0
2,1,32,0,0,0,pima,0.1,9,0
3,0,20,0,0,0,pima,0.1,9,0
3,1,32,0,0,0,pima,0.1,9,0
4,0,20,0,0,0,pima,0.1,9,0
4,1,32,0,0,0,pima,0.1,9,0
5,0,20,0,0,0,pima,0.1,9,0
5,1,32,0,0,0,pima,0.1,9,0
6,0,20,3,3,0,pima,0.1,9,0
6,1,32,1,1,1,pima,0.1,9,0
7,0,20,6,6,0,pima,0.1,9,0
7,1,32,5,5,4,pima,0.1,9,0
8,0,20,6,6,0,pima,0.1,9,0
8,1,32,9,7,8,pima,0.1,9,0
9,0,20,9,8,0,pima,0.1,9,0
9,1,32,9,7,8,pima,0.1,9,0
10,0,20,9,8,0,pima,0.1,9,0
10,1,32,13,9,12,pima,0.1,9,0
1,0,32,0,0,0,pima,0.1,9,1
1,1,20,0,0,0,pima,0.1,9,1
2,0,32,0,0,0,pima,0.1,9,1
2,1,20,0,0,0,pima,0.1,9,1
3,0,32,0,0,0,pima,0.1,9,1
3,1,20,0,0,0,pima,0.1,9,1
4,0,32,0,0,0,pima,0.1,9,1
4,1,20,0,0,0,pima,0.1,9,1
5,0,32,0,0,0,pima,0.1,9,1
5,1,20,0,0,0,pima,0.1,9,1
6,0,32,0,0,0,pima,0.1,9,1
6,1,20,0,0,0,pima,0.1,9,1
7,0,32,1,1,0,pima,0.1,9,1
7,1,20,2,2,2,pima,0.1,9,1
8,0,32,7,7,0,pima,0.1,9,1
8,1,20,11,11,4,pima,0.1,9,1
9,0,32,8,8,1,pima,0.1,9,1
9,1,20,12,12,4,pima,0.1,9,1
10,0,32,11,10,3,pima,0.1,9,1
10,1,20,13,13,4,pima,0.1,9,1
1,0,30,0,0,0,pima,0.1,9,2
1,1,22,0,0,0,pima,0.1,9,2
2,0,30,0,0,0,pima,0.1,9,2
2,1,22,0,0,0,pima,0.1,9,2
3,0,30,0,0,0,pima,0.1,9,2
3,1,22,7,6,7,pima,0.1,9,2
4,0,30,7,7,0,pima,0.1,9,2
4,1,22,13,12,13,pima,0.1,9,2
5,0,30,17,17,0,pima,0.1,9,2
5,1,22,15,13,15,pima,0.1,9,2
6,0,30,27,26,0,pima,0.1,9,2
6,1,22,18,14,18,pima,0.1,9,2
7,0,30,27,26,0,pima,0.1,9,2
7,1,22,18,14,18,pima,0.1,9,2
8,0,30,27,26,0,pima,0.1,9,2
8,1,22,19,15,19,pima,0.1,9,2
9,0,30,28,27,0,pima,0.1,9,2
9,1,22,20,15,20,pima,0.1,9,2
10,0,30,28,27,0,pima,0.1,9,2
10,1,22,20,15,20,pima,0.1,9,2
1,0,9,0,0,0,pima,0.1,9,3
1,1,43,0,0,0,pima,0.1,9,3
2,0,9,0,0,0,pima,0.1,9,3
2,1,43,0,0,0,pima,0.1,9,3
3,0,9,0,0,0,pima,0.1,9,3
3,1,43,0,0,0,pima,0.1,9,3
4,0,9,0,0,0,pima,0.1,9,3
4,1,43,0,0,0,pima,0.1,9,3
5,0,9,0,0,0,pima,0.1,9,3
5,1,43,0,0,0,pima,0.1,9,3
6,0,9,0,0,0,pima,0.1,9,3
6,1,43,0,0,0,pima,0.1,9,3
7,0,9,0,0,0,pima,0.1,9,3
7,1,43,4,4,4,pima,0.1,9,3
8,0,9,1,1,0,pima,0.1,9,3
8,1,43,13,10,12,pima,0.1,9,3
9,0,9,1,1,0,pima,0.1,9,3
9,1,43,17,11,16,pima,0.1,9,3
10,0,9,4,3,3,pima,0.1,9,3
10,1,43,17,11,16,pima,0.1,9,3
1,0,40,0,0,0,pima,0.1,9,4
1,1,12,0,0,0,pima,0.1,9,4
2,0,40,0,0,0,pima,0.1,9,4
2,1,12,3,3,3,pima,0.1,9,4
3,0,40,0,0,0,pima,0.1,9,4
3,1,12,9,8,9,pima,0.1,9,4
4,0,40,0,0,0,pima,0.1,9,4
4,1,12,10,9,10,pima,0.1,9,4
5,0,40,5,5,0,pima,0.1,9,4
5,1,12,12,11,12,pima,0.1,9,4
6,0,40,9,9,0,pima,0.1,9,4
6,1,12,12,11,12,pima,0.1,9,4
7,0,40,19,18,0,pima,0.1,9,4
7,1,12,12,11,12,pima,0.1,9,4
8,0,40,19,18,0,pima,0.1,9,4
8,1,12,12,11,12,pima,0.1,9,4
9,0,40,23,20,0,pima,0.1,9,4
9,1,12,12,11,12,pima,0.1,9,4
10,0,40,23,20,0,pima,0.1,9,4
10,1,12,12,11,12,pima,0.1,9,4
1,0,108,0,0,0,pima,0.3,0,0
1,1,49,0,0,0,pima,0.3,0,0
2,0,108,0,0,0,pima,0.3,0,0
2,1,49,0,0,0,pima,0.3,0,0
3,0,108,0,0,0,pima,0.3,0,0
3,1,49,0,0,0,pima,0.3,0,0
4,0,108,0,0,0,pima,0.3,0,0
4,1,49,0,0,0,pima,0.3,0,0
5,0,108,1,1,0,pima,0.3,0,0
5,1,49,0,0,0,pima,0.3,0,0
6,0,108,8,8,0,pima,0.3,0,0
6,1,49,4,4,2,pima,0.3,0,0
7,0,108,9,9,0,pima,0.3,0,0
7,1,49,18,18,8,pima,0.3,0,0
8,0,108,14,14,1,pima,0.3,0,0
8,1,49,20,19,10,pima,0.3,0,0
9,0,108,22,22,1,pima,0.3,0,0
9,1,49,23,21,13,pima,0.3,0,0
10,0,108,23,23,1,pima,0.3,0,0
10,1,49,23,21,13,pima,0.3,0,0
1,0,70,0,0,0,pima,0.3,0,1
1,1,87,0,0,0,pima,0.3,0,1
2,0,70,0,0,0,pima,0.3,0,1
2,1,87,0,0,0,pima,0.3,0,1
3,0,70,0,0,0,pima,0.3,0,1
3,1,87,2,2,2,pima,0.3,0,1
4,0,70,3,3,0,pima,0.3,0,1
4,1,87,22,20,22,pima,0.3,0,1
5,0,70,37,35,0,pima,0.3,0,1
5,1,87,39,33,39,pima,0.3,0,1
6,0,70,57,55,0,pima,0.3,0,1
6,1,87,45,37,45,pima,0.3,0,1
7,0,70,62,60,0,pima,0.3,0,1
7,1,87,49,39,49,pima,0.3,0,1
8,0,70,66,64,0,pima,0.3,0,1
8,1,87,50,39,50,pima,0.3,0,1
9,0,70,69,67,0,pima,0.3,0,1
9,1,87,50,39,50,pima,0.3,0,1
10,0,70,70,68,0,pima,0.3,0,1
10,1,87,58,44,58,pima,0.3,0,1
1,0,129,0,0,0,pima,0.3,0,2
1,1,28,0,0,0,pima,0.3,0,2
2,0,129,0,0,0,pima,0.3,0,2
2,1,28,0,0,0,pima,0.3,0,2
3,0,129,0,0,0,pima,0.3,0,2
3,1,28,0,0,0,pima,0.3,0,2
4,0,129,0,0,0,pima,0.3,0,2
4,1,28,0,0,0,pima,0.3,0,2
5,0,129,0,0,0,pima,0.3,0,2
5,1,28,0,0,0,pima,0.3,0,2
6,0,129,0,0,0,pima,0.3,0,2
6,1,28,5,5,5,pima,0.3,0,2
7,0,129,8,7,0,pima,0.3,0,2
7,1,28,11,10,11,pima,0.3,0,2
8,0,129,21,19,6,pima,0.3,0,2
8,1,28,17,14,17,pima,0.3,0,2
9,0,129,48,46,9,pima,0.3,0,2
9,1,28,19,15,19,pima,0.3,0,2
10,0,129,51,48,12,pima,0.3,0,2
10,1,28,27,18,27,pima,0.3,0,2
1,0,94,0,0,0,pima,0.3,0,3
1,1,62,0,0,0,pima,0.3,0,3
2,0,94,0,0,0,pima,0.3,0,3
2,1,62,0,0,0,pima,0.3,0,3
3,0,94,1,1,1,pima,0.3,0,3
3,1,62,0,0,0,pima,0.3,0,3
4,0,94,1,1,1,pima,0.3,0,3
4,1,62,4,4,0,pima,0.3,0,3
5,0,94,27,23,27,pima,0.3,0,3
5,1,62,5,5,0,pima,0.3,0,3
6,0,94,27,23,27,pima,0.3,0,3
6,1,62,45,45,0,pima,0.3,0,3
7,0,94,40,33,40,pima,0.3,0,3
7,1,62,52,52,0,pima,0.3,0,3
8,0,94,40,33,40,pima,0.3,0,3
8,1,62,56,56,0,pima,0.3,0,3
9,0,94,51,39,51,pima,0.3,0,3
9,1,62,56,56,0,pima,0.3,0,3
10,0,94,51,39,51,pima,0.3,0,3
10,1,62,56,56,0,pima,0.3,0,3
1,0,45,0,0,0,pima,0.3,0,4
1,1,112,0,0,0,pima,0.3,0,4
2,0,45,0,0,0,pima,0.3,0,4
2,1,112,0,0,0,pima,0.3,0,4
3,0,45,6,6,6,pima,0.3,0,4
3,1,112,0,0,0,pima,0.3,0,4
4,0,45,6,6,6,pima,0.3,0,4
4,1,112,2,2,0,pima,0.3,0,4
5,0,45,23,18,23,pima,0.3,0,4
5,1,112,2,2,0,pima,0.3,0,4
6,0,45,28,23,28,pima,0.3,0,4
6,1,112,51,49,0,pima,0.3,0,4
7,0,45,39,30,39,pima,0.3,0,4
7,1,112,51,49,0,pima,0.3,0,4
8,0,45,39,30,39,pima,0.3,0,4
8,1,112,69,66,0,pima,0.3,0,4
9,0,45,45,35,45,pima,0.3,0,4
9,1,112,69,66,0,pima,0.3,0,4
10,0,45,45,35,45,pima,0.3,0,4
10,1,112,77,72,0,pima,0.3,0,4
1,0,30,0,0,0,pima,0.3,1,0
1,1,126,0,0,0,pima,0.3,1,0
2,0,30,0,0,0,pima,0.3,1,0
2,1,126,0,0,0,pima,0.3,1,0
3,0,30,0,0,0,pima,0.3,1,0
3,1,126,0,0,0,pima,0.3,1,0
4,0,30,1,1,0,pima,0.3,1,0
4,1,126,0,0,0,pima,0.3,1,0
5,0,30,1,1,0,pima,0.3,1,0
5,1,126,0,0,0,pima,0.3,1,0
6,0,30,21,20,0,pima,0.3,1,0
6,1,126,7,6,7,pima,0.3,1,0
7,0,30,23,22,0,pima,0.3,1,0
7,1,126,31,26,17,pima,0.3,1,0
8,0,30,27,26,0,pima,0.3,1,0
8,1,126,44,39,21,pima,0.3,1,0
9,0,30,30,29,0,pima,0.3,1,0
9,1,126,57,49,24,pima,0.3,1,0
10,0,30,30,29,0,pima,0.3,1,0
10,1,126,62,53,29,pima,0.3,1,0
1,0,80,0,0,0,pima,0.3,1,1
1,1,77,0,0,0,pima,0.3,1,1
2,0,80,0,0,0,pima,0.3,1,1
2,1,77,0,0,0,pima,0.3,1,1
3,0,80,7,7,7,pima,0.3,1,1
3,1,77,0,0,0,pima,0.3,1,1
4,0,80,7,7,7,pima,0.3,1,1
4,1,77,8,8,0,pima,0.3,1,1
5,0,80,29,24,29,pima,0.3,1,1
5,1,77,8,8,0,pima,0.3,1,1
6,0,80,29,24,29,pima,0.3,1,1
6,1,77,54,53,0,pima,0.3,1,1
7,0,80,47,36,47,pima,0.3,1,1
7,1,77,54,53,0,pima,0.3,1,1
8,0,80,50,39,47,pima,0.3,1,1
8,1,77,62,59,0,pima,0.3,1,1
9,0,80,54,40,51,pima,0.3,1,1
9,1,77,62,59,0,pima,0.3,1,1
10,0,80,54,40,51,pima,0.3,1,1
10,1,77,66,62,0,pima,0.3,1,1
1,0,141,0,0,0,pima,0.3,1,2
1,1,16,0,0,0,pima,0.3,1,2
2,0,141,0,0,0,pima,0.3,1,2
2,1,16,0,0,0,pima,0.3,1,2
3,0,141,0,0,0,pima,0.3,1,2
3,1,16,0,0,0,pima,0.3,1,2
4,0,141,0,0,0,pima,0.3,1,2
4,1,16,0,0,0,pima,0.3,1,2
5,0,141,0,0,0,pima,0.3,1,2
5,1,16,0,0,0,pima,0.3,1,2
6,0,141,15,12,15,pima,0.3,1,2
6,1,16,10,10,3,pima,0.3,1,2
7,0,141,40,24,40,pima,0.3,1,2
7,1,16,11,11,3,pima,0.3,1,2
8,0,141,43,25,43,pima,0.3,1,2
8,1,16,11,11,3,pima,0.3,1,2
9,0,141,46,26,46,pima,0.3,1,2
9,1,16,11,11,3,pima,0.3,1,2
10,0,141,49,26,49,pima,0.3,1,2
10,1,16,11,11,3,pima,0.3,1,2
1,0,53,0,0,0,pima,0.3,1,3
1,1,103,0,0,0,pima,0.3,1,3
2,0,53,0,0,0,pima,0.3,1,3
2,1,103,0,0,0,pima,0.3,1,3
3,0,53,0,0,0,pima,0.3,1,3
3,1,103,1,1,1,pima,0.3,1,3
4,0,53,11,11,0,pima,0.3,1,3
4,1,103,2,1,2,pima,0.3,1,3
5,0,53,25,25,0,pima,0.3,1,3
5,1,103,22,17,22,pima,0.3,1,3
6,0,53,39,39,0,pima,0.3,1,3
6,1,103,24,19,24,pima,0.3,1,3
7,0,53,44,43,0,pima,0.3,1,3
7,1,103,45,33,45,pima,0.3,1,3
8,0,53,47,46,0,pima,0.3,1,3
8,1,103,51,39,45,pima,0.3,1,3
9,0,53,48,47,0,pima,0.3,1,3
9,1,103,56,41,50,pima,0.3,1,3
10,0,53,48,47,0,pima,0.3,1,3
10,1,103,62,47,50,pima,0.3,1,3
1,0,90,0,0,0,pima,0.3,1,4
1,1,67,0,0,0,pima,0.3,1,4
2,0,90,0,0,0,pima,0.3,1,4
2,1,67,12,10,12,pima,0.3,1,4
3,0,90,12,12,0,pima,0.3,1,4
3,1,67,12,10,12,pima,0.3,1,4
4,0,90,12,12,0,pima,0.3,1,4
4,1,67,37,33,37,pima,0.3,1,4
5,0,90,61,58,0,pima,0.3,1,4
5,1,67,44,39,44,pima,0.3,1,4
6,0,90,61,58,0,pima,0.3,1,4
6,1,67,49,40,49,pima,0.3,1,4
7,0,90,74,69,0,pima,0.3,1,4
7,1,67,55,43,55,pima,0.3,1,4
8,0,90,77,72,0,pima,0.3,1,4
8,1,67,57,44,57,pima,0.3,1,4
9,0,90,81,76,0,pima,0.3,1,4
9,1,67,60,44,60,pima,0.3,1,4
10,0,90,81,76,0,pima,0.3,1,4
10,1,67,60,44,60,pima,0.3,1,4
1,0,50,0,0,0,pima,0.3,2,0
1,1,107,0,0,0,pima,0.3,2,0
2,0,50,0,0,0,pima,0.3,2,0
2,1,107,0,0,0,pima,0.3,2,0
3,0,50,0,0,0,pima,0.3,2,0
3,1,107,0,0,0,pima,0.3,2,0
4,0,50,0,0,0,pima,0.3,2,0
4,1,107,0,0,0,pima,0.3,2,0
5,0,50,0,0,0,pima,0.3,2,0
5,1,107,0,0,0,pima,0.3,2,0
6,0,50,6,6,0,pima,0.3,2,0
6,1,107,1,1,1,pima,0.3,2,0
7,0,50,19,19,0,pima,0.3,2,0
7,1,107,22,18,22,pima,0.3,2,0
8,0,50,38,37,0,pima,0.3,2,0
8,1,107,28,24,22,pima,0.3,2,0
9,0,50,39,37,0,pima,0.3,2,0
9,1,107,39,34,28,pima,0.3,2,0
10,0,50,42,39,0,pima,0.3,2,0
10,1,107,42,37,28,pima,0.3,2,0
1,0,58,0,0,0,pima,0.3,2,1
1,1,98,0,0,0,pima,0.3,2,1
2,0,58,0,0,0,pima,0.3,2,1
2,1,98,0,0,0,pima,0.3,2,1
3,0,58,0,0,0,pima,0.3,2,1
3,1,98,0,0,0,pima,0.3,2,1
4,0,58,0,0,0,pima,0.3,2,1
4,1,98,0,0,0,pima,0.3,2,1
5,0,58,0,0,0,pima,0.3,2,1
5,1,98,0,0,0,pima,0.3,2,1
6,0,58,5,5,0,pima,0.3,2,1
6,1,98,0,0,0,pima,0.3,2,1
7,0,58,12,11,0,pima,0.3,2,1
7,1,98,0,0,0,pima,0.3,2,1
8,0,58,13,12,0,pima,0.3,2,1
8,1,98,0,0,0,pima,0.3,2,1
9,0,58,17,15,4,pima,0.3,2,1
9,1,98,11,11,7,pima,0.3,2,1
10,0,58,21,18,7,pima,0.3,2,1
10,1,98,50,45,13,pima,0.3,2,1
1,0,52,0,0,0,pima,0.3,2,2
1,1,104,0,0,0,pima,0.3,2,2
2,0,52,0,0,0,pima,0.3,2,2
2,1,104,0,0,0,pima,0.3,2,2
3,0,52,12,12,12,pima,0.3,2,2
3,1,104,0,0,0,pima,0.3,2,2
4,0,52,25,24,25,pima,0.3,2,2
4,1,104,3,3,0,pima,0.3,2,2
5,0,52,35,30,35,pima,0.3,2,2
5,1,104,3,3,0,pima,0.3,2,2
6,0,52,36,31,36,pima,0.3,2,2
6,1,104,48,46,0,pima,0.3,2,2
7,0,52,37,32,37,pima,0.3,2,2
7,1,104,48,46,0,pima,0.3,2,2
8,0,52,38,33,38,pima,0.3,2,2
8,1,104,77,73,0,pima,0.3,2,2
9,0,52,43,37,43,pima,0.3,2,2
9,1,104,78,74,0,pima,0.3,2,2
10,0,52,43,37,43,pima,0.3,2,2
10,1,104,83,78,0,pima,0.3,2,2
1,0,75,0,0,0,pima,0.3,2,3
1,1,82,0,0,0,pima,0.3,2,3
2,0,75,0,0,0,pima,0.3,2,3
2,1,82,0,0,0,pima,0.3,2,3
3,0,75,0,0,0,pima,0.3,2,3
3,1,82,0,0,0,pima,0.3,2,3
4,0,75,0,0,0,pima,0.3,2,3
4,1,82,0,0,0,pima,0.3,2,3
5,0,75,2,2,2,pima,0.3,2,3
5,1,82,0,0,0,pima,0.3,2,3
6,0,75,16,14,16,pima,0.3,2,3
6,1,82,21,21,0,pima,0.3,2,3
7,0,75,34,29,34,pima,0.3,2,3
7,1,82,21,21,0,pima,0.3,2,3
8,0,75,36,31,34,pima,0.3,2,3
8,1,82,46,45,0,pima,0.3,2,3
9,0,75,47,36,45,pima,0.3,2,3
9,1,82,46,45,0,pima,0.3,2,3
10,0,75,47,36,45,pima,0.3,2,3
10,1,82,61,57,0,pima,0.3,2,3
1,0,61,0,0,0,pima,0.3,2,4
1,1,96,0,0,0,pima,0.3,2,4
2,0,61,0,0,0,pima,0.3,2,4
2,1,96,0,0,0,pima,0.3,2,4
3,0,61,0,0,0,pima,0.3,2,4
3,1,96,0,0,0,pima,0.3,2,4
4,0,61,0,0,0,pima,0.3,2,4
4,1,96,0,0,0,pima,0.3,2,4
5,0,61,0,0,0,pima,0.3,2,4
5,1,96,0,0,0,pima,0.3,2,4
6,0,61,12,11,12,pima,0.3,2,4
6,1,96,22,22,0,pima,0.3,2,4
7,0,61,42,30,42,pima,0.3,2,4
7,1,96,22,22,0,pima,0.3,2,4
8,0,61,51,38,51,pima,0.3,2,4
8,1,96,61,59,0,pima,0.3,2,4
9,0,61,56,42,56,pima,0.3,2,4
9,1,96,66,64,0,pima,0.3,2,4
10,0,61,57,43,57,pima,0.3,2,4
10,1,96,67,65,0,pima,0.3,2,4
1,0,28,0,0,0,pima,0.3,3,0
1,1,129,0,0,0,pima,0.3,3,0
2,0,28,0,0,0,pima,0.3,3,0
2,1,129,0,0,0,pima,0.3,3,0
3,0,28,0,0,0,pima,0.3,3,0
3,1,129,0,0,0,pima,0.3,3,0
4,0,28,10,9,10,pima,0.3,3,0
4,1,129,0,0,0,pima,0.3,3,0
5,0,28,23,22,23,pima,0.3,3,0
5,1,129,0,0,0,pima,0.3,3,0
6,0,28,27,23,27,pima,0.3,3,0
6,1,129,0,0,0,pima,0.3,3,0
7,0,28,27,23,27,pima,0.3,3,0
7,1,129,18,18,0,pima,0.3,3,0
8,0,28,28,24,28,pima,0.3,3,0
8,1,129,18,18,0,pima,0.3,3,0
9,0,28,28,24,28,pima,0.3,3,0
9,1,129,45,44,0,pima,0.3,3,0
10,0,28,28,24,28,pima,0.3,3,0
10,1,129,52,50,7,pima,0.3,3,0
1,0,134,0,0,0,pima,0.3,3,1
1,1,22,0,0,0,pima,0.3,3,1
2,0,134,0,0,0,pima,0.3,3,1
2,1,22,3,3,3,pima,0.3,3,1
3,0,134,0,0,0,pima,0.3,3,1
3,1,22,10,10,10,pima,0.3,3,1
4,0,134,0,0,0,pima,0.3,3,1
4,1,22,14,13,14,pima,0.3,3,1
5,0,134,0,0,0,pima,0.3,3,1
5,1,22,21,17,21,pima,0.3,3,1
6,0,134,25,25,0,pima,0.3,3,1
6,1,22,21,17,21,pima,0.3,3,1
7,0,134,38,36,9,pima,0.3,3,1
7,1,22,22,17,22,pima,0.3,3,1
8,0,134,47,42,18,pima,0.3,3,1
8,1,22,22,17,22,pima,0.3,3,1
9,0,134,64,57,21,pima,0.3,3,1
9,1,22,22,17,22,pima,0.3,3,1
10,0,134,67,59,24,pima,0.3,3,1
10,1,22,22,17,22,pima,0.3,3,1
1,0,26,0,0,0,pima,0.3,3,2
1,1,131,0,0,0,pima,0.3,3,2
2,0,26,0,0,0,pima,0.3,3,2
2,1,131,0,0,0,pima,0.3,3,2
3,0,26,0,0,0,pima,0.3,3,2
3,1,131,0,0,0,pima,0.3,3,2
4,0,26,0,0,0,pima,0.3,3,2
4,1,131,0,0,0,pima,0.3,3,2
5,0,26,0,0,0,pima,0.3,3,2
5,1,131,0,0,0,pima,0.3,3,2
6,0,26,3,3,0,pima,0.3,3,2
6,1,131,25,24,0,pima,0.3,3,2
7,0,26,8,6,0,pima,0.3,3,2
7,1,131,44,41,5,pima,0.3,3,2
8,0,26,10,7,2,pima,0.3,3,2
8,1,131,50,46,5,pima,0.3,3,2
9,0,26,13,10,3,pima,0.3,3,2
9,1,131,63,58,18,pima,0.3,3,2
10,0,26,14,11,3,pima,0.3,3,2
10,1,131,69,64,18,pima,0.3,3,2
1,0,111,0,0,0,pima,0.3,3,3
1,1,46,0,0,0,pima,0.3,3,3
2,0,111,0,0,0,pima,0.3,3,3
2,1,46,0,0,0,pima,0.3,3,3
3,0,111,0,0,0,pima,0.3,3,3
3,1,46,0,0,0,pima,0.3,3,3
4,0,111,0,0,0,pima,0.3,3,3
4,1,46,0,0,0,pima,0.3,3,3
5,0,111,0,0,0,pima,0.3,3,3
5,1,46,0,0,0,pima,0.3,3,3
6,0,111,0,0,0,pima,0.3,3,3
6,1,46,11,9,11,pima,0.3,3,3
7,0,111,4,4,0,pima,0.3,3,3
7,1,46,20,16,18,pima,0.3,3,3
8,0,111,8,8,0,pima,0.3,3,3
8,1,46,25,20,23,pima,0.3,3,3
9,0,111,33,32,0,pima,0.3,3,3
9,1,46,26,21,24,pima,0.3,3,3
10,0,111,39,36,6,pima,0.3,3,3
10,1,46,32,22,30,pima,0.3,3,3
1,0,84,0,0,0,pima,0.3,3,4
1,1,73,0,0,0,pima,0.3,3,4
2,0,84,0,0,0,pima,0.3,3,4
2,1,73,1,1,1,pima,0.3,3,4
3,0,84,0,0,0,pima,0.3,3,4
3,1,73,5,5,5,pima,0.3,3,4
4,0,84,0,0,0,pima,0.3,3,4
4,1,73,26,24,26,pima,0.3,3,4
5,0,84,31,31,0,pima,0.3,3,4
5,1,73,32,29,32,pima,0.3,3,4
6,0,84,65,62,0,pima,0.3,3,4
6,1,73,35,30,35,pima,0.3,3,4
7,0,84,75,71,0,pima,0.3,3,4
7,1,73,39,32,39,pima,0.3,3,4
8,0,84,80,75,0,pima,0.3,3,4
8,1,73,49,40,49,pima,0.3,3,4
9,0,84,81,76,0,pima,0.3,3,4
9,1,73,49,40,49,pima,0.3,3,4
10,0,84,81,76,0,pima,0.3,3,4
10,1,73,63,43,63,pima,0.3,3,4
1,0,104,0,0,0,pima,0.3,4,0
1,1,52,0,0,0,pima,0.3,4,0
2,0,104,0,0,0,pima,0.3,4,0
2,1,52,0,0,0,pima,0.3,4,0
3,0,104,0,0,0,pima,0.3,4,0
3,1,52,0,0,0,pima,0.3,4,0
4,0,104,0,0,0,pima,0.3,4,0
4,1,52,0,0,0,pima,0.3,4,0
5,0,104,0,0,0,pima,0.3,4,0
5,1,52,0,0,0,pima,0.3,4,0
6,0,104,2,1,2,pima,0.3,4,0
6,1,52,4,4,0,pima,0.3,4,0
7,0,104,38,30,38,pima,0.3,4,0
7,1,52,25,25,0,pima,0.3,4,0
8,0,104,39,31,38,pima,0.3,4,0
8,1,52,32,32,0,pima,0.3,4,0
9,0,104,57,42,56,pima,0.3,4,0
9,1,52,32,32,0,pima,0.3,4,0
10,0,104,64,49,56,pima,0.3,4,0
10,1,52,44,42,0,pima,0.3,4,0
1,0,75,0,0,0,pima,0.3,4,1
1,1,82,0,0,0,pima,0.3,4,1
2,0,75,0,0,0,pima,0.3,4,1
2,1,82,0,0,0,pima,0.3,4,1
3,0,75,0,0,0,pima,0.3,4,1
3,1,82,0,0,0,pima,0.3,4,1
4,0,75,0,0,0,pima,0.3,4,1
4,1,82,0,0,0,pima,0.3,4,1
5,0,75,0,0,0,pima,0.3,4,1
5,1,82,0,0,0,pima,0.3,4,1
6,0,75,10,10,3,pima,0.3,4,1
6,1,82,0,0,0,pima,0.3,4,1
7,0,75,24,23,4,pima,0.3,4,1
7,1,82,4,4,0,pima,0.3,4,1
8,0,75,33,26,13,pima,0.3,4,1
8,1,82,12,10,0,pima,0.3,4,1
9,0,75,38,29,18,pima,0.3,4,1
9,1,82,15,13,0,pima,0.3,4,1
10,0,75,39,29,19,pima,0.3,4,1
10,1,82,15,13,0,pima,0.3,4,1
1,0,9,0,0,0,pima,0.3,4,2
1,1,146,0,0,0,pima,0.3,4,2
2,0,9,0,0,0,pima,0.3,4,2
2,1,146,0,0,0,pima,0.3,4,2
3,0,9,0,0,0,pima,0.3,4,2
3,1,146,0,0,0,pima,0.3,4,2
4,0,9,0,0,0,pima,0.3,4,2
4,1,146,0,0,0,pima,0.3,4,2
5,0,9,0,0,0,pima,0.3,4,2
5,1,146,0,0,0,pima,0.3,4,2
6,0,9,3,3,3,pima,0.3,4,2
6,1,146,0,0,0,pima,0.3,4,2
7,0,9,5,5,5,pima,0.3,4,2
7,1,146,0,0,0,pima,0.3,4,2
8,0,9,7,6,7,pima,0.3,4,2
8,1,146,8,8,8,pima,0.3,4,2
9,0,9,7,6,7,pima,0.3,4,2
9,1,146,60,52,31,pima,0.3,4,2
10,0,9,7,6,7,pima,0.3,4,2
10,1,146,65,56,36,pima,0.3,4,2
1,0,97,0,0,0,pima,0.3,4,3
1,1,59,0,0,0,pima,0.3,4,3
2,0,97,0,0,0,pima,0.3,4,3
2,1,59,0,0,0,pima,0.3,4,3
3,0,97,0,0,0,pima,0.3,4,3
3,1,59,0,0,0,pima,0.3,4,3
4,0,97,0,0,0,pima,0.3,4,3
4,1,59,0,0,0,pima,0.3,4,3
5,0,97,4,4,0,pima,0.3,4,3
5,1,59,0,0,0,pima,0.3,4,3
6,0,97,17,16,0,pima,0.3,4,3
6,1,59,0,0,0,pima,0.3,4,3
7,0,97,17,16,0,pima,0.3,4,3
7,1,59,1,1,1,pima,0.3,4,3
8,0,97,25,23,1,pima,0.3,4,3
8,1,59,31,23,21,pima,0.3,4,3
9,0,97,46,38,22,pima,0.3,4,3
9,1,59,39,30,21,pima,0.3,4,3
10,0,97,53,41,29,pima,0.3,4,3
10,1,59,39,30,21,pima,0.3,4,3
1,0,116,0,0,0,pima,0.3,4,4
1,1,40,0,0,0,pima,0.3,4,4
2,0,116,0,0,0,pima,0.3,4,4
2,1,40,0,0,0,pima,0.3,4,4
3,0,116,0,0,0,pima,0.3,4,4
3,1,40,0,0,0,pima,0.3,4,4
4,0,116,0,0,0,pima,0.3,4,4
4,1,40,0,0,0,pima,0.3,4,4
5,0,116,0,0,0,pima,0.3,4,4
5,1,40,0,0,0,pima,0.3,4,4
6,0,116,4,4,0,pima,0.3,4,4
6,1,40,3,3,0,pima,0.3,4,4
7,0,116,19,15,14,pima,0.3,4,4
7,1,40,9,9,0,pima,0.3,4,4
8,0,116,36,28,30,pima,0.3,4,4
8,1,40,11,10,2,pima,0.3,4,4
9,0,116,43,29,37,pima,0.3,4,4
9,1,40,13,12,4,pima,0.3,4,4
10,0,116,50,36,37,pima,0.3,4,4
10,1,40,25,19,16,pima,0.3,4,4
1,0,45,0,0,0,pima,0.3,5,0
1,1,112,0,0,0,pima,0.3,5,0
2,0,45,0,0,0,pima,0.3,5,0
2,1,112,0,0,0,pima,0.3,5,0
3,0,45,0,0,0,pima,0.3,5,0
3,1,112,0,0,0,pima,0.3,5,0
4,0,45,0,0,0,pima,0.3,5,0
4,1,112,0,0,0,pima,0.3,5,0
5,0,45,0,0,0,pima,0.3,5,0
5,1,112,0,0,0,pima,0.3,5,0
6,0,45,0,0,0,pima,0.3,5,0
6,1,112,8,8,0,pima,0.3,5,0
7,0,45,0,0,0,pima,0.3,5,0
7,1,112,30,29,1,pima,0.3,5,0
8,0,45,0,0,0,pima,0.3,5,0
8,1,112,33,31,1,pima,0.3,5,0
9,0,45,2,2,0,pima,0.3,5,0
9,1,112,53,47,19,pima,0.3,5,0
10,0,45,16,15,0,pima,0.3,5,0
10,1,112,55,49,21,pima,0.3,5,0
1,0,81,0,0,0,pima,0.3,5,1
1,1,76,0,0,0,pima,0.3,5,1
2,0,81,0,0,0,pima,0.3,5,1
2,1,76,0,0,0,pima,0.3,5,1
3,0,81,4,4,0,pima,0.3,5,1
3,1,76,0,0,0,pima,0.3,5,1
4,0,81,4,4,0,pima,0.3,5,1
4,1,76,3,3,3,pima,0.3,5,1
5,0,81,49,49,0,pima,0.3,5,1
5,1,76,3,3,3,pima,0.3,5,1
6,0,81,49,49,0,pima,0.3,5,1
6,1,76,44,39,44,pima,0.3,5,1
7,0,81,67,64,0,pima,0.3,5,1
7,1,76,46,40,46,pima,0.3,5,1
8,0,81,69,66,0,pima,0.3,5,1
8,1,76,64,48,64,pima,0.3,5,1
9,0,81,77,73,0,pima,0.3,5,1
9,1,76,74,50,74,pima,0.3,5,1
10,0,81,77,73,0,pima,0.3,5,1
10,1,76,75,50,75,pima,0.3,5,1
1,0,138,0,0,0,pima,0.3,5,2
1,1,19,0,0,0,pima,0.3,5,2
2,0,138,0,0,0,pima,0.3,5,2
2,1,19,0,0,0,pima,0.3,5,2
3,0,138,0,0,0,pima,0.3,5,2
3,1,19,0,0,0,pima,0.3,5,2
4,0,138,0,0,0,pima,0.3,5,2
4,1,19,0,0,0,pima,0.3,5,2
5,0,138,0,0,0,pima,0.3,5,2
5,1,19,0,0,0,pima,0.3,5,2
6,0,138,5,4,5,pima,0.3,5,2
6,1,19,0,0,0,pima,0.3,5,2
7,0,138,9,8,9,pima,0.3,5,2
7,1,19,0,0,0,pima,0.3,5,2
8,0,138,14,12,14,pima,0.3,5,2
8,1,19,0,0,0,pima,0.3,5,2
9,0,138,23,18,22,pima,0.3,5,2
9,1,19,0,0,0,pima,0.3,5,2
10,0,138,23,18,22,pima,0.3,5,2
10,1,19,0,0,0,pima,0.3,5,2
1,0,72,0,0,0,pima,0.3,5,3
1,1,85,0,0,0,pima,0.3,5,3
2,0,72,0,0,0,pima,0.3,5,3
2,1,85,0,0,0,pima,0.3,5,3
3,0,72,0,0,0,pima,0.3,5,3
3,1,85,0,0,0,pima,0.3,5,3
4,0,72,0,0,0,pima,0.3,5,3
4,1,85,0,0,0,pima,0.3,5,3
5,0,72,0,0,0,pima,0.3,5,3
5,1,85,2,2,2,pima,0.3,5,3
6,0,72,21,21,0,pima,0.3,5,3
6,1,85,16,15,16,pima,0.3,5,3
7,0,72,25,25,0,pima,0.3,5,3
7,1,85,35,30,35,pima,0.3,5,3
8,0,72,51,48,0,pima,0.3,5,3
8,1,85,35,30,35,pima,0.3,5,3
9,0,72,51,48,0,pima,0.3,5,3
9,1,85,48,39,48,pima,0.3,5,3
10,0,72,57,53,0,pima,0.3,5,3
10,1,85,48,39,48,pima,0.3,5,3
1,0,77,0,0,0,pima,0.3,5,4
1,1,80,0,0,0,pima,0.3,5,4
2,0,77,0,0,0,pima,0.3,5,4
2,1,80,0,0,0,pima,0.3,5,4
3,0,77,0,0,0,pima,0.3,5,4
3,1,80,0,0,0,pima,0.3,5,4
4,0,77,0,0,0,pima,0.3,5,4
4,1,80,0,0,0,pima,0.3,5,4
5,0,77,0,0,0,pima,0.3,5,4
5,1,80,13,12,13,pima,0.3,5,4
6,0,77,32,32,0,pima,0.3,5,4
6,1,80,26,24,26,pima,0.3,5,4
7,0,77,32,32,0,pima,0.3,5,4
7,1,80,35,29,35,pima,0.3,5,4
8,0,77,57,54,0,pima,0.3,5,4
8,1,80,43,37,35,pima,0.3,5,4
9,0,77,57,54,0,pima,0.3,5,4
9,1,80,53,41,45,pima,0.3,5,4
10,0,77,64,59,0,pima,0.3,5,4
10,1,80,55,43,45,pima,0.3,5,4
1,0,74,1,1,1,pima,0.3,6,0
1,1,83,0,0,0,pima,0.3,6,0
2,0,74,1,1,1,pima,0.3,6,0
2,1,83,0,0,0,pima,0.3,6,0
3,0,74,3,3,3,pima,0.3,6,0
3,1,83,0,0,0,pima,0.3,6,0
4,0,74,22,21,22,pima,0.3,6,0
4,1,83,11,11,0,pima,0.3,6,0
5,0,74,38,34,38,pima,0.3,6,0
5,1,83,37,37,0,pima,0.3,6,0
6,0,74,43,37,43,pima,0.3,6,0
6,1,83,66,64,0,pima,0.3,6,0
7,0,74,48,39,48,pima,0.3,6,0
7,1,83,71,68,0,pima,0.3,6,0
8,0,74,62,42,62,pima,0.3,6,0
8,1,83,77,73,0,pima,0.3,6,0
9,0,74,68,47,68,pima,0.3,6,0
9,1,83,80,76,0,pima,0.3,6,0
10,0,74,69,47,69,pima,0.3,6,0
10,1,83,82,78,0,pima,0.3,6,0
1,0,116,0,0,0,pima,0.3,6,1
1,1,41,0,0,0,pima,0.3,6,1
2,0,116,0,0,0,pima,0.3,6,1
2,1,41,0,0,0,pima,0.3,6,1
3,0,116,0,0,0,pima,0.3,6,1
3,1,41,0,0,0,pima,0.3,6,1
4,0,116,0,0,0,pima,0.3,6,1
4,1,41,0,0,0,pima,0.3,6,1
5,0,116,0,0,0,pima,0.3,6,1
5,1,41,0,0,0,pima,0.3,6,1
6,0,116,1,1,0,pima,0.3,6,1
6,1,41,0,0,0,pima,0.3,6,1
7,0,116,8,8,0,pima,0.3,6,1
7,1,41,5,5,0,pima,0.3,6,1
8,0,116,17,17,0,pima,0.3,6,1
8,1,41,16,15,4,pima,0.3,6,1
9,0,116,32,29,0,pima,0.3,6,1
9,1,41,23,20,10,pima,0.3,6,1
10,0,116,39,36,6,pima,0.3,6,1
10,1,41,26,21,13,pima,0.3,6,1
1,0,118,0,0,0,pima,0.3,6,2
1,1,37,0,0,0,pima,0.3,6,2
2,0,118,0,0,0,pima,0.3,6,2
2,1,37,0,0,0,pima,0.3,6,2
3,0,118,0,0,0,pima,0.3,6,2
3,1,37,0,0,0,pima,0.3,6,2
4,0,118,0,0,0,pima,0.3,6,2
4,1,37,1,1,1,pima,0.3,6,2
5,0,118,2,2,0,pima,0.3,6,2
5,1,37,18,15,18,pima,0.3,6,2
6,0,118,26,26,0,pima,0.3,6,2
6,1,37,28,23,28,pima,0.3,6,2
7,0,118,42,41,0,pima,0.3,6,2
7,1,37,34,26,34,pima,0.3,6,2
8,0,118,42,41,0,pima,0.3,6,2
8,1,37,37,29,37,pima,0.3,6,2
9,0,118,53,51,0,pima,0.3,6,2
9,1,37,37,29,37,pima,0.3,6,2
10,0,118,53,51,0,pima,0.3,6,2
10,1,37,37,29,37,pima,0.3,6,2
1,0,122,0,0,0,pima,0.3,6,3
1,1,35,0,0,0,pima,0.3,6,3
2,0,122,0,0,0,pima,0.3,6,3
2,1,35,0,0,0,pima,0.3,6,3
3,0,122,0,0,0,pima,0.3,6,3
3,1,35,0,0,0,pima,0.3,6,3
4,0,122,0,0,0,pima,0.3,6,3
4,1,35,0,0,0,pima,0.3,6,3
5,0,122,0,0,0,pima,0.3,6,3
5,1,35,0,0,0,pima,0.3,6,3
6,0,122,3,3,0,pima,0.3,6,3
6,1,35,5,5,0,pima,0.3,6,3
7,0,122,21,21,0,pima,0.3,6,3
7,1,35,6,6,1,pima,0.3,6,3
8,0,122,21,21,0,pima,0.3,6,3
8,1,35,8,8,1,pima,0.3,6,3
9,0,122,25,25,0,pima,0.3,6,3
9,1,35,9,9,2,pima,0.3,6,3
10,0,122,28,27,3,pima,0.3,6,3
10,1,35,9,9,2,pima,0.3,6,3
1,0,45,2,2,2,pima,0.3,6,4
1,1,112,0,0,0,pima,0.3,6,4
2,0,45,20,19,20,pima,0.3,6,4
2,1,112,0,0,0,pima,0.3,6,4
3,0,45,30,29,30,pima,0.3,6,4
3,1,112,0,0,0,pima,0.3,6,4
4,0,45,38,34,38,pima,0.3,6,4
4,1,112,0,0,0,pima,0.3,6,4
5,0,45,45,40,45,pima,0.3,6,4
5,1,112,15,15,0,pima,0.3,6,4
6,0,45,45,40,45,pima,0.3,6,4
6,1,112,37,37,0,pima,0.3,6,4
7,0,45,45,40,45,pima,0.3,6,4
7,1,112,61,60,0,pima,0.3,6,4
8,0,45,45,40,45,pima,0.3,6,4
8,1,112,65,64,0,pima,0.3,6,4
9,0,45,45,40,45,pima,0.3,6,4
9,1,112,72,71,0,pima,0.3,6,4
10,0,45,45,40,45,pima,0.3,6,4
10,1,112,72,71,0,pima,0.3,6,4
1,0,115,0,0,0,pima,0.3,7,0
1,1,41,0,0,0,pima,0.3,7,0
2,0,115,0,0,0,pima,0.3,7,0
2,1,41,0,0,0,pima,0.3,7,0
3,0,115,0,0,0,pima,0.3,7,0
3,1,41,0,0,0,pima,0.3,7,0
4,0,115,0,0,0,pima,0.3,7,0
4,1,41,0,0,0,pima,0.3,7,0
5,0,115,0,0,0,pima,0.3,7,0
5,1,41,0,0,0,pima,0.3,7,0
6,0,115,23,20,14,pima,0.3,7,0
6,1,41,0,0,0,pima,0.3,7,0
7,0,115,40,36,15,pima,0.3,7,0
7,1,41,1,1,0,pima,0.3,7,0
8,0,115,45,40,20,pima,0.3,7,0
8,1,41,5,5,0,pima,0.3,7,0
9,0,115,50,44,21,pima,0.3,7,0
9,1,41,6,6,0,pima,0.3,7,0
10,0,115,59,48,30,pima,0.3,7,0
10,1,41,6,6,0,pima,0.3,7,0
1,0,147,0,0,0,pima,0.3,7,1
1,1,9,0,0,0,pima,0.3,7,1
2,0,147,0,0,0,pima,0.3,7,1
2,1,9,0,0,0,pima,0.3,7,1
3,0,147,0,0,0,pima,0.3,7,1
3,1,9,0,0,0,pima,0.3,7,1
4,0,147,0,0,0,pima,0.3,7,1
4,1,9,0,0,0,pima,0.3,7,1
5,0,147,0,0,0,pima,0.3,7,1
5,1,9,0,0,0,pima,0.3,7,1
6,0,147,4,3,4,pima,0.3,7,1
6,1,9,2,2,2,pima,0.3,7,1
7,0,147,29,21,29,pima,0.3,7,1
7,1,9,4,3,4,pima,0.3,7,1
8,0,147,45,35,34,pima,0.3,7,1
8,1,9,6,4,6,pima,0.3,7,1
9,0,147,48,38,34,pima,0.3,7,1
9,1,9,6,4,6,pima,0.3,7,1
10,0,147,61,50,35,pima,0.3,7,1
10,1,9,7,5,7,pima,0.3,7,1
1,0,78,0,0,0,pima,0.3,7,2
1,1,78,0,0,0,pima,0.3,7,2
2,0,78,0,0,0,pima,0.3,7,2
2,1,78,0,0,0,pima,0.3,7,2
3,0,78,0,0,0,pima,0.3,7,2
3,1,78,0,0,0,pima,0.3,7,2
4,0,78,0,0,0,pima,0.3,7,2
4,1,78,13,13,0,pima,0.3,7,2
5,0,78,21,17,21,pima,0.3,7,2
5,1,78,13,13,0,pima,0.3,7,2
6,0,78,40,34,40,pima,0.3,7,2
6,1,78,66,64,0,pima,0.3,7,2
7,0,78,58,41,58,pima,0.3,7,2
7,1,78,75,72,0,pima,0.3,7,2
8,0,78,58,41,58,pima,0.3,7,2
8,1,78,76,72,0,pima,0.3,7,2
9,0,78,65,43,65,pima,0.3,7,2
9,1,78,77,73,0,pima,0.3,7,2
10,0,78,65,43,65,pima,0.3,7,2
10,1,78,77,73,0,pima,0.3,7,2
1,0,104,0,0,0,pima,0.3,7,3
1,1,53,0,0,0,pima,0.3,7,3
2,0,104,0,0,0,pima,0.3,7,3
2,1,53,21,21,21,pima,0.3,7,3
3,0,104,32,31,0,pima,0.3,7,3
3,1,53,48,47,48,pima,0.3,7,3
4,0,104,75,72,0,pima,0.3,7,3
4,1,53,53,52,53,pima,0.3,7,3
5,0,104,89,86,0,pima,0.3,7,3
5,1,53,53,52,53,pima,0.3,7,3
6,0,104,92,89,0,pima,0.3,7,3
6,1,53,53,52,53,pima,0.3,7,3
7,0,104,93,90,0,pima,0.3,7,3
7,1,53,53,52,53,pima,0.3,7,3
8,0,104,100,97,0,pima,0.3,7,3
8,1,53,53,52,53,pima,0.3,7,3
9,0,104,100,97,0,pima,0.3,7,3
9,1,53,53,52,53,pima,0.3,7,3
10,0,104,104,101,0,pima,0.3,7,3
10,1,53,53,52,53,pima,0.3,7,3
1,0,108,0,0,0,pima,0.3,7,4
1,1,49,0,0,0,pima,0.3,7,4
2,0,108,0,0,0,pima,0.3,7,4
2,1,49,0,0,0,pima,0.3,7,4
3,0,108,0,0,0,pima,0.3,7,4
3,1,49,0,0,0,pima,0.3,7,4
4,0,108,0,0,0,pima,0.3,7,4
4,1,49,3,2,3,pima,0.3,7,4
5,0,108,4,4,0,pima,0.3,7,4
5,1,49,24,21,24,pima,0.3,7,4
6,0,108,23,23,0,pima,0.3,7,4
6,1,49,33,25,33,pima,0.3,7,4
7,0,108,47,47,0,pima,0.3,7,4
7,1,49,43,32,43,pima,0.3,7,4
8,0,108,47,47,0,pima,0.3,7,4
8,1,49,48,37,48,pima,0.3,7,4
9,0,108,62,60,0,pima,0.3,7,4
9,1,49,48,37,48,pima,0.3,7,4
10,0,108,62,60,0,pima,0.3,7,4
10,1,49,48,37,48,pima,0.3,7,4
1,0,98,0,0,0,pima,0.3,8,0
1,1,58,0,0,0,pima,0.3,8,0
2,0,98,0,0,0,pima,0.3,8,0
2,1,58,0,0,0,pima,0.3,8,0
3,0,98,0,0,0,pima,0.3,8,0
3,1,58,0,0,0,pima,0.3,8,0
4,0,98,0,0,0,pima,0.3,8,0
4,1,58,0,0,0,pima,0.3,8,0
5,0,98,0,0,0,pima,0.3,8,0
5,1,58,0,0,0,pima,0.3,8,0
6,0,98,6,6,1,pima,0.3,8,0
6,1,58,0,0,0,pima,0.3,8,0
7,0,98,27,23,19,pima,0.3,8,0
7,1,58,0,0,0,pima,0.3,8,0
8,0,98,40,30,32,pima,0.3,8,0
8,1,58,6,6,5,pima,0.3,8,0
9,0,98,46,31,38,pima,0.3,8,0
9,1,58,18,14,17,pima,0.3,8,0
10,0,98,51,36,38,pima,0.3,8,0
10,1,58,20,14,19,pima,0.3,8,0
1,0,96,0,0,0,pima,0.3,8,1
1,1,60,0,0,0,pima,0.3,8,1
2,0,96,0,0,0,pima,0.3,8,1
2,1,60,0,0,0,pima,0.3,8,1
3,0,96,0,0,0,pima,0.3,8,1
3,1,60,0,0,0,pima,0.3,8,1
4,0,96,0,0,0,pima,0.3,8,1
4,1,60,0,0,0,pima,0.3,8,1
5,0,96,0,0,0,pima,0.3,8,1
5,1,60,0,0,0,pima,0.3,8,1
6,0,96,11,11,3,pima,0.3,8,1
6,1,60,2,2,0,pima,0.3,8,1
7,0,96,33,30,17,pima,0.3,8,1
7,1,60,9,9,0,pima,0.3,8,1
8,0,96,41,37,18,pima,0.3,8,1
8,1,60,10,10,0,pima,0.3,8,1
9,0,96,48,42,24,pima,0.3,8,1
9,1,60,20,20,0,pima,0.3,8,1
10,0,96,48,42,24,pima,0.3,8,1
10,1,60,24,24,0,pima,0.3,8,1
1,0,46,0,0,0,pima,0.3,8,2
1,1,111,0,0,0,pima,0.3,8,2
2,0,46,0,0,0,pima,0.3,8,2
2,1,111,0,0,0,pima,0.3,8,2
3,0,46,0,0,0,pima,0.3,8,2
3,1,111,0,0,0,pima,0.3,8,2
4,0,46,1,1,1,pima,0.3,8,2
4,1,111,0,0,0,pima,0.3,8,2
5,0,46,14,13,14,pima,0.3,8,2
5,1,111,0,0,0,pima,0.3,8,2
6,0,46,18,17,18,pima,0.3,8,2
6,1,111,12,12,0,pima,0.3,8,2
7,0,46,26,23,26,pima,0.3,8,2
7,1,111,51,50,0,pima,0.3,8,2
8,0,46,38,28,38,pima,0.3,8,2
8,1,111,51,50,0,pima,0.3,8,2
9,0,46,40,29,40,pima,0.3,8,2
9,1,111,64,61,0,pima,0.3,8,2
10,0,46,43,31,43,pima,0.3,8,2
10,1,111,65,61,1,pima,0.3,8,2
1,0,23,0,0,0,pima,0.3,8,3
1,1,134,0,0,0,pima,0.3,8,3
2,0,23,0,0,0,pima,0.3,8,3
2,1,134,0,0,0,pima,0.3,8,3
3,0,23,0,0,0,pima,0.3,8,3
3,1,134,0,0,0,pima,0.3,8,3
4,0,23,0,0,0,pima,0.3,8,3
4,1,134,0,0,0,pima,0.3,8,3
5,0,23,0,0,0,pima,0.3,8,3
5,1,134,0,0,0,pima,0.3,8,3
6,0,23,0,0,0,pima,0.3,8,3
6,1,134,9,9,0,pima,0.3,8,3
7,0,23,0,0,0,pima,0.3,8,3
7,1,134,15,15,1,pima,0.3,8,3
8,0,23,1,1,1,pima,0.3,8,3
8,1,134,36,34,15,pima,0.3,8,3
9,0,23,6,6,5,pima,0.3,8,3
9,1,134,49,45,20,pima,0.3,8,3
10,0,23,6,6,5,pima,0.3,8,3
10,1,134,50,45,21,pima,0.3,8,3
1,0,99,0,0,0,pima,0.3,8,4
1,1,58,1,0,1,pima,0.3,8,4
2,0,99,0,0,0,pima,0.3,8,4
2,1,58,16,13,16,pima,0.3,8,4
3,0,99,0,0,0,pima,0.3,8,4
3,1,58,35,30,35,pima,0.3,8,4
4,0,99,0,0,0,pima,0.3,8,4
4,1,58,39,34,39,pima,0.3,8,4
5,0,99,2,2,0,pima,0.3,8,4
5,1,58,47,40,47,pima,0.3,8,4
6,0,99,46,45,0,pima,0.3,8,4
6,1,58,49,40,49,pima,0.3,8,4
7,0,99,56,53,0,pima,0.3,8,4
7,1,58,53,44,53,pima,0.3,8,4
8,0,99,75,72,0,pima,0.3,8,4
8,1,58,53,44,53,pima,0.3,8,4
9,0,99,78,74,0,pima,0.3,8,4
9,1,58,55,45,55,pima,0.3,8,4
10,0,99,79,75,0,pima,0.3,8,4
10,1,58,55,45,55,pima,0.3,8,4
1,0,63,0,0,0,pima,0.3,9,0
1,1,94,0,0,0,pima,0.3,9,0
2,0,63,0,0,0,pima,0.3,9,0
2,1,94,0,0,0,pima,0.3,9,0
3,0,63,0,0,0,pima,0.3,9,0
3,1,94,0,0,0,pima,0.3,9,0
4,0,63,0,0,0,pima,0.3,9,0
4,1,94,0,0,0,pima,0.3,9,0
5,0,63,0,0,0,pima,0.3,9,0
5,1,94,0,0,0,pima,0.3,9,0
6,0,63,4,4,0,pima,0.3,9,0
6,1,94,4,4,0,pima,0.3,9,0
7,0,63,21,20,0,pima,0.3,9,0
7,1,94,19,18,0,pima,0.3,9,0
8,0,63,21,20,0,pima,0.3,9,0
8,1,94,32,30,13,pima,0.3,9,0
9,0,63,32,30,0,pima,0.3,9,0
9,1,94,36,33,13,pima,0.3,9,0
10,0,63,34,32,2,pima,0.3,9,0
10,1,94,60,47,37,pima,0.3,9,0
1,0,89,0,0,0,pima,0.3,9,2
1,1,68,0,0,0,pima,0.3,9,2
2,0,89,0,0,0,pima,0.3,9,2
2,1,68,0,0,0,pima,0.3,9,2
3,0,89,3,3,0,pima,0.3,9,2
3,1,68,22,19,22,pima,0.3,9,2
4,0,89,34,34,0,pima,0.3,9,2
4,1,68,40,35,40,pima,0.3,9,2
5,0,89,58,57,0,pima,0.3,9,2
5,1,68,47,40,47,pima,0.3,9,2
6,0,89,68,66,0,pima,0.3,9,2
6,1,68,51,42,51,pima,0.3,9,2
7,0,89,72,69,0,pima,0.3,9,2
7,1,68,61,47,61,pima,0.3,9,2
8,0,89,76,73,0,pima,0.3,9,2
8,1,68,63,48,63,pima,0.3,9,2
9,0,89,80,77,0,pima,0.3,9,2
9,1,68,63,48,63,pima,0.3,9,2
10,0,89,83,80,0,pima,0.3,9,2
10,1,68,63,48,63,pima,0.3,9,2
1,0,96,0,0,0,pima,0.3,9,1
1,1,61,0,0,0,pima,0.3,9,1
2,0,96,0,0,0,pima,0.3,9,1
2,1,61,0,0,0,pima,0.3,9,1
3,0,96,0,0,0,pima,0.3,9,1
3,1,61,0,0,0,pima,0.3,9,1
4,0,96,0,0,0,pima,0.3,9,1
4,1,61,0,0,0,pima,0.3,9,1
5,0,96,0,0,0,pima,0.3,9,1
5,1,61,0,0,0,pima,0.3,9,1
6,0,96,3,3,0,pima,0.3,9,1
6,1,61,5,5,2,pima,0.3,9,1
7,0,96,17,16,0,pima,0.3,9,1
7,1,61,21,19,2,pima,0.3,9,1
8,0,96,32,27,6,pima,0.3,9,1
8,1,61,34,30,2,pima,0.3,9,1
9,0,96,35,30,9,pima,0.3,9,1
9,1,61,35,31,3,pima,0.3,9,1
10,0,96,40,32,11,pima,0.3,9,1
10,1,61,39,34,7,pima,0.3,9,1
1,0,27,0,0,0,pima,0.3,9,3
1,1,129,0,0,0,pima,0.3,9,3
2,0,27,0,0,0,pima,0.3,9,3
2,1,129,0,0,0,pima,0.3,9,3
3,0,27,0,0,0,pima,0.3,9,3
3,1,129,0,0,0,pima,0.3,9,3
4,0,27,0,0,0,pima,0.3,9,3
4,1,129,0,0,0,pima,0.3,9,3
5,0,27,0,0,0,pima,0.3,9,3
5,1,129,0,0,0,pima,0.3,9,3
6,0,27,0,0,0,pima,0.3,9,3
6,1,129,10,10,0,pima,0.3,9,3
7,0,27,1,0,1,pima,0.3,9,3
7,1,129,23,22,13,pima,0.3,9,3
8,0,27,13,7,9,pima,0.3,9,3
8,1,129,49,46,26,pima,0.3,9,3
9,0,27,14,8,9,pima,0.3,9,3
9,1,129,53,48,30,pima,0.3,9,3
10,0,27,15,9,10,pima,0.3,9,3
10,1,129,57,49,34,pima,0.3,9,3
1,0,121,0,0,0,pima,0.3,9,4
1,1,36,0,0,0,pima,0.3,9,4
2,0,121,0,0,0,pima,0.3,9,4
2,1,36,7,7,7,pima,0.3,9,4
3,0,121,0,0,0,pima,0.3,9,4
3,1,36,25,23,25,pima,0.3,9,4
4,0,121,0,0,0,pima,0.3,9,4
4,1,36,31,29,31,pima,0.3,9,4
5,0,121,3,3,0,pima,0.3,9,4
5,1,36,35,32,35,pima,0.3,9,4
6,0,121,24,24,0,pima,0.3,9,4
6,1,36,35,32,35,pima,0.3,9,4
7,0,121,52,51,0,pima,0.3,9,4
7,1,36,35,32,35,pima,0.3,9,4
8,0,121,52,51,0,pima,0.3,9,4
8,1,36,36,33,36,pima,0.3,9,4
9,0,121,67,65,0,pima,0.3,9,4
9,1,36,36,33,36,pima,0.3,9,4
10,0,121,70,67,3,pima,0.3,9,4
10,1,36,36,33,36,pima,0.3,9,4
1,0,178,0,0,0,pima,0.5,0,0
1,1,81,0,0,0,pima,0.5,0,0
2,0,178,0,0,0,pima,0.5,0,0
2,1,81,0,0,0,pima,0.5,0,0
3,0,178,0,0,0,pima,0.5,0,0
3,1,81,0,0,0,pima,0.5,0,0
4,0,178,0,0,0,pima,0.5,0,0
4,1,81,0,0,0,pima,0.5,0,0
5,0,178,0,0,0,pima,0.5,0,0
5,1,81,0,0,0,pima,0.5,0,0
6,0,178,26,26,0,pima,0.5,0,0
6,1,81,18,17,8,pima,0.5,0,0
7,0,178,59,57,0,pima,0.5,0,0
7,1,81,28,25,12,pima,0.5,0,0
8,0,178,65,63,0,pima,0.5,0,0
8,1,81,35,28,19,pima,0.5,0,0
9,0,178,83,75,6,pima,0.5,0,0
9,1,81,38,30,22,pima,0.5,0,0
10,0,178,96,87,19,pima,0.5,0,0
10,1,81,39,31,22,pima,0.5,0,0
1,0,116,0,0,0,pima,0.5,0,1
1,1,143,0,0,0,pima,0.5,0,1
2,0,116,0,0,0,pima,0.5,0,1
2,1,143,0,0,0,pima,0.5,0,1
3,0,116,0,0,0,pima,0.5,0,1
3,1,143,4,4,4,pima,0.5,0,1
4,0,116,13,13,0,pima,0.5,0,1
4,1,143,27,25,27,pima,0.5,0,1
5,0,116,63,61,0,pima,0.5,0,1
5,1,143,61,51,61,pima,0.5,0,1
6,0,116,105,103,0,pima,0.5,0,1
6,1,143,62,51,62,pima,0.5,0,1
7,0,116,108,105,0,pima,0.5,0,1
7,1,143,73,56,73,pima,0.5,0,1
8,0,116,113,110,0,pima,0.5,0,1
8,1,143,73,56,73,pima,0.5,0,1
9,0,116,116,113,0,pima,0.5,0,1
9,1,143,80,62,80,pima,0.5,0,1
10,0,116,116,113,0,pima,0.5,0,1
10,1,143,80,62,80,pima,0.5,0,1
1,0,156,0,0,0,pima,0.5,0,3
1,1,104,0,0,0,pima,0.5,0,3
2,0,156,0,0,0,pima,0.5,0,3
2,1,104,0,0,0,pima,0.5,0,3
3,0,156,0,0,0,pima,0.5,0,3
3,1,104,0,0,0,pima,0.5,0,3
4,0,156,0,0,0,pima,0.5,0,3
4,1,104,6,6,0,pima,0.5,0,3
5,0,156,18,15,18,pima,0.5,0,3
5,1,104,15,15,0,pima,0.5,0,3
6,0,156,27,24,27,pima,0.5,0,3
6,1,104,71,71,0,pima,0.5,0,3
7,0,156,73,57,73,pima,0.5,0,3
7,1,104,84,84,0,pima,0.5,0,3
8,0,156,73,57,73,pima,0.5,0,3
8,1,104,90,90,0,pima,0.5,0,3
9,0,156,93,69,93,pima,0.5,0,3
9,1,104,93,92,0,pima,0.5,0,3
10,0,156,93,69,93,pima,0.5,0,3
10,1,104,93,92,0,pima,0.5,0,3
1,0,215,0,0,0,pima,0.5,0,2
1,1,46,0,0,0,pima,0.5,0,2
2,0,215,0,0,0,pima,0.5,0,2
2,1,46,0,0,0,pima,0.5,0,2
3,0,215,0,0,0,pima,0.5,0,2
3,1,46,0,0,0,pima,0.5,0,2
4,0,215,0,0,0,pima,0.5,0,2
4,1,46,0,0,0,pima,0.5,0,2
5,0,215,0,0,0,pima,0.5,0,2
5,1,46,0,0,0,pima,0.5,0,2
6,0,215,5,5,1,pima,0.5,0,2
6,1,46,18,15,18,pima,0.5,0,2
7,0,215,65,62,1,pima,0.5,0,2
7,1,46,25,19,25,pima,0.5,0,2
8,0,215,65,62,1,pima,0.5,0,2
8,1,46,28,22,28,pima,0.5,0,2
9,0,215,94,85,4,pima,0.5,0,2
9,1,46,28,22,28,pima,0.5,0,2
10,0,215,109,95,19,pima,0.5,0,2
10,1,46,39,27,39,pima,0.5,0,2
1,0,50,0,0,0,pima,0.5,1,0
1,1,211,0,0,0,pima,0.5,1,0
2,0,50,0,0,0,pima,0.5,1,0
2,1,211,0,0,0,pima,0.5,1,0
3,0,50,0,0,0,pima,0.5,1,0
3,1,211,0,0,0,pima,0.5,1,0
4,0,50,0,0,0,pima,0.5,1,0
4,1,211,0,0,0,pima,0.5,1,0
5,0,50,15,14,0,pima,0.5,1,0
5,1,211,0,0,0,pima,0.5,1,0
6,0,50,39,37,0,pima,0.5,1,0
6,1,211,11,10,6,pima,0.5,1,0
7,0,50,47,44,0,pima,0.5,1,0
7,1,211,82,69,44,pima,0.5,1,0
8,0,50,50,47,0,pima,0.5,1,0
8,1,211,83,70,44,pima,0.5,1,0
9,0,50,50,47,0,pima,0.5,1,0
9,1,211,107,83,68,pima,0.5,1,0
10,0,50,50,47,0,pima,0.5,1,0
10,1,211,116,91,68,pima,0.5,1,0
1,0,74,0,0,0,pima,0.5,0,4
1,1,186,0,0,0,pima,0.5,0,4
2,0,74,0,0,0,pima,0.5,0,4
2,1,186,0,0,0,pima,0.5,0,4
3,0,74,13,11,13,pima,0.5,0,4
3,1,186,0,0,0,pima,0.5,0,4
4,0,74,13,11,13,pima,0.5,0,4
4,1,186,14,14,0,pima,0.5,0,4
5,0,74,52,41,52,pima,0.5,0,4
5,1,186,14,14,0,pima,0.5,0,4
6,0,74,53,42,53,pima,0.5,0,4
6,1,186,83,81,0,pima,0.5,0,4
7,0,74,67,52,67,pima,0.5,0,4
7,1,186,83,81,0,pima,0.5,0,4
8,0,74,67,52,67,pima,0.5,0,4
8,1,186,101,98,0,pima,0.5,0,4
9,0,74,73,56,73,pima,0.5,0,4
9,1,186,111,104,10,pima,0.5,0,4
10,0,74,73,56,73,pima,0.5,0,4
10,1,186,119,111,10,pima,0.5,0,4
1,0,133,0,0,0,pima,0.5,1,1
1,1,126,0,0,0,pima,0.5,1,1
2,0,133,0,0,0,pima,0.5,1,1
2,1,126,0,0,0,pima,0.5,1,1
3,0,133,25,23,25,pima,0.5,1,1
3,1,126,0,0,0,pima,0.5,1,1
4,0,133,25,23,25,pima,0.5,1,1
4,1,126,15,15,0,pima,0.5,1,1
5,0,133,71,59,71,pima,0.5,1,1
5,1,126,15,15,0,pima,0.5,1,1
6,0,133,71,59,71,pima,0.5,1,1
6,1,126,81,78,0,pima,0.5,1,1
7,0,133,91,66,91,pima,0.5,1,1
7,1,126,81,78,0,pima,0.5,1,1
8,0,133,91,66,91,pima,0.5,1,1
8,1,126,99,95,0,pima,0.5,1,1
9,0,133,107,71,107,pima,0.5,1,1
9,1,126,101,97,0,pima,0.5,1,1
10,0,133,107,71,107,pima,0.5,1,1
10,1,126,106,101,0,pima,0.5,1,1
1,0,90,0,0,0,pima,0.5,1,3
1,1,172,0,0,0,pima,0.5,1,3
2,0,90,0,0,0,pima,0.5,1,3
2,1,172,0,0,0,pima,0.5,1,3
3,0,90,0,0,0,pima,0.5,1,3
3,1,172,7,6,7,pima,0.5,1,3
4,0,90,14,14,0,pima,0.5,1,3
4,1,172,10,8,9,pima,0.5,1,3
5,0,90,28,28,0,pima,0.5,1,3
5,1,172,62,49,61,pima,0.5,1,3
6,0,90,63,62,0,pima,0.5,1,3
6,1,172,65,52,61,pima,0.5,1,3
7,0,90,74,71,0,pima,0.5,1,3
7,1,172,89,65,85,pima,0.5,1,3
8,0,90,84,81,0,pima,0.5,1,3
8,1,172,96,71,85,pima,0.5,1,3
9,0,90,87,84,0,pima,0.5,1,3
9,1,172,105,77,94,pima,0.5,1,3
10,0,90,88,85,0,pima,0.5,1,3
10,1,172,113,85,94,pima,0.5,1,3
1,0,234,0,0,0,pima,0.5,1,2
1,1,26,0,0,0,pima,0.5,1,2
2,0,234,0,0,0,pima,0.5,1,2
2,1,26,0,0,0,pima,0.5,1,2
3,0,234,0,0,0,pima,0.5,1,2
3,1,26,0,0,0,pima,0.5,1,2
4,0,234,0,0,0,pima,0.5,1,2
4,1,26,0,0,0,pima,0.5,1,2
5,0,234,0,0,0,pima,0.5,1,2
5,1,26,0,0,0,pima,0.5,1,2
6,0,234,22,22,0,pima,0.5,1,2
6,1,26,14,13,4,pima,0.5,1,2
7,0,234,51,51,0,pima,0.5,1,2
7,1,26,16,14,5,pima,0.5,1,2
8,0,234,61,61,0,pima,0.5,1,2
8,1,26,18,16,5,pima,0.5,1,2
9,0,234,70,68,7,pima,0.5,1,2
9,1,26,19,17,6,pima,0.5,1,2
10,0,234,86,82,11,pima,0.5,1,2
10,1,26,21,19,6,pima,0.5,1,2
1,0,151,0,0,0,pima,0.5,1,4
1,1,110,0,0,0,pima,0.5,1,4
2,0,151,0,0,0,pima,0.5,1,4
2,1,110,24,20,24,pima,0.5,1,4
3,0,151,15,14,0,pima,0.5,1,4
3,1,110,24,20,24,pima,0.5,1,4
4,0,151,15,14,0,pima,0.5,1,4
4,1,110,49,44,49,pima,0.5,1,4
5,0,151,86,85,0,pima,0.5,1,4
5,1,110,49,44,49,pima,0.5,1,4
6,0,151,86,85,0,pima,0.5,1,4
6,1,110,54,48,54,pima,0.5,1,4
7,0,151,112,110,0,pima,0.5,1,4
7,1,110,59,51,59,pima,0.5,1,4
8,0,151,120,116,0,pima,0.5,1,4
8,1,110,72,58,72,pima,0.5,1,4
9,0,151,134,129,0,pima,0.5,1,4
9,1,110,80,61,80,pima,0.5,1,4
10,0,151,134,129,0,pima,0.5,1,4
10,1,110,81,62,81,pima,0.5,1,4
1,0,87,0,0,0,pima,0.5,2,2
1,1,172,0,0,0,pima,0.5,2,2
2,0,87,0,0,0,pima,0.5,2,2
2,1,172,0,0,0,pima,0.5,2,2
3,0,87,20,18,20,pima,0.5,2,2
3,1,172,0,0,0,pima,0.5,2,2
4,0,87,52,48,52,pima,0.5,2,2
4,1,172,0,0,0,pima,0.5,2,2
5,0,87,73,62,73,pima,0.5,2,2
5,1,172,0,0,0,pima,0.5,2,2
6,0,87,73,62,73,pima,0.5,2,2
6,1,172,36,36,0,pima,0.5,2,2
7,0,87,75,64,75,pima,0.5,2,2
7,1,172,59,57,0,pima,0.5,2,2
8,0,87,77,65,77,pima,0.5,2,2
8,1,172,115,108,0,pima,0.5,2,2
9,0,87,81,68,81,pima,0.5,2,2
9,1,172,123,115,0,pima,0.5,2,2
10,0,87,81,68,81,pima,0.5,2,2
10,1,172,131,123,0,pima,0.5,2,2
1,0,83,0,0,0,pima,0.5,2,0
1,1,178,0,0,0,pima,0.5,2,0
2,0,83,0,0,0,pima,0.5,2,0
2,1,178,0,0,0,pima,0.5,2,0
3,0,83,0,0,0,pima,0.5,2,0
3,1,178,0,0,0,pima,0.5,2,0
4,0,83,0,0,0,pima,0.5,2,0
4,1,178,0,0,0,pima,0.5,2,0
5,0,83,0,0,0,pima,0.5,2,0
5,1,178,7,6,7,pima,0.5,2,0
6,0,83,13,13,0,pima,0.5,2,0
6,1,178,49,42,42,pima,0.5,2,0
7,0,83,22,22,0,pima,0.5,2,0
7,1,178,79,59,65,pima,0.5,2,0
8,0,83,64,62,0,pima,0.5,2,0
8,1,178,82,62,65,pima,0.5,2,0
9,0,83,65,63,0,pima,0.5,2,0
9,1,178,96,68,78,pima,0.5,2,0
10,0,83,74,70,0,pima,0.5,2,0
10,1,178,100,72,78,pima,0.5,2,0
1,0,97,0,0,0,pima,0.5,2,1
1,1,164,0,0,0,pima,0.5,2,1
2,0,97,0,0,0,pima,0.5,2,1
2,1,164,0,0,0,pima,0.5,2,1
3,0,97,0,0,0,pima,0.5,2,1
3,1,164,0,0,0,pima,0.5,2,1
4,0,97,0,0,0,pima,0.5,2,1
4,1,164,0,0,0,pima,0.5,2,1
5,0,97,0,0,0,pima,0.5,2,1
5,1,164,0,0,0,pima,0.5,2,1
6,0,97,2,2,0,pima,0.5,2,1
6,1,164,0,0,0,pima,0.5,2,1
7,0,97,12,12,0,pima,0.5,2,1
7,1,164,0,0,0,pima,0.5,2,1
8,0,97,31,28,19,pima,0.5,2,1
8,1,164,0,0,0,pima,0.5,2,1
9,0,97,50,43,29,pima,0.5,2,1
9,1,164,5,4,5,pima,0.5,2,1
10,0,97,52,45,31,pima,0.5,2,1
10,1,164,71,67,25,pima,0.5,2,1
1,0,125,0,0,0,pima,0.5,2,3
1,1,136,0,0,0,pima,0.5,2,3
2,0,125,0,0,0,pima,0.5,2,3
2,1,136,0,0,0,pima,0.5,2,3
3,0,125,1,1,1,pima,0.5,2,3
3,1,136,0,0,0,pima,0.5,2,3
4,0,125,12,7,12,pima,0.5,2,3
4,1,136,0,0,0,pima,0.5,2,3
5,0,125,44,37,44,pima,0.5,2,3
5,1,136,0,0,0,pima,0.5,2,3
6,0,125,48,41,48,pima,0.5,2,3
6,1,136,4,4,0,pima,0.5,2,3
7,0,125,62,51,62,pima,0.5,2,3
7,1,136,51,49,0,pima,0.5,2,3
8,0,125,62,51,62,pima,0.5,2,3
8,1,136,73,67,0,pima,0.5,2,3
9,0,125,80,60,80,pima,0.5,2,3
9,1,136,73,67,0,pima,0.5,2,3
10,0,125,80,60,80,pima,0.5,2,3
10,1,136,90,84,0,pima,0.5,2,3
1,0,102,0,0,0,pima,0.5,2,4
1,1,160,0,0,0,pima,0.5,2,4
2,0,102,0,0,0,pima,0.5,2,4
2,1,160,0,0,0,pima,0.5,2,4
3,0,102,0,0,0,pima,0.5,2,4
3,1,160,0,0,0,pima,0.5,2,4
4,0,102,0,0,0,pima,0.5,2,4
4,1,160,0,0,0,pima,0.5,2,4
5,0,102,12,10,12,pima,0.5,2,4
5,1,160,0,0,0,pima,0.5,2,4
6,0,102,53,44,53,pima,0.5,2,4
6,1,160,43,42,0,pima,0.5,2,4
7,0,102,64,49,64,pima,0.5,2,4
7,1,160,54,53,0,pima,0.5,2,4
8,0,102,75,59,75,pima,0.5,2,4
8,1,160,113,107,0,pima,0.5,2,4
9,0,102,91,68,91,pima,0.5,2,4
9,1,160,123,116,0,pima,0.5,2,4
10,0,102,93,69,93,pima,0.5,2,4
10,1,160,125,118,0,pima,0.5,2,4
1,0,47,0,0,0,pima,0.5,3,0
1,1,214,0,0,0,pima,0.5,3,0
2,0,47,0,0,0,pima,0.5,3,0
2,1,214,0,0,0,pima,0.5,3,0
3,0,47,2,2,2,pima,0.5,3,0
3,1,214,0,0,0,pima,0.5,3,0
4,0,47,25,24,25,pima,0.5,3,0
4,1,214,0,0,0,pima,0.5,3,0
5,0,47,33,32,33,pima,0.5,3,0
5,1,214,0,0,0,pima,0.5,3,0
6,0,47,40,34,40,pima,0.5,3,0
6,1,214,0,0,0,pima,0.5,3,0
7,0,47,47,40,47,pima,0.5,3,0
7,1,214,36,35,0,pima,0.5,3,0
8,0,47,47,40,47,pima,0.5,3,0
8,1,214,36,35,0,pima,0.5,3,0
9,0,47,47,40,47,pima,0.5,3,0
9,1,214,99,92,0,pima,0.5,3,0
10,0,47,47,40,47,pima,0.5,3,0
10,1,214,104,97,5,pima,0.5,3,0
1,0,225,0,0,0,pima,0.5,3,1
1,1,36,0,0,0,pima,0.5,3,1
2,0,225,0,0,0,pima,0.5,3,1
2,1,36,2,2,2,pima,0.5,3,1
3,0,225,0,0,0,pima,0.5,3,1
3,1,36,24,22,24,pima,0.5,3,1
4,0,225,13,13,0,pima,0.5,3,1
4,1,36,24,22,24,pima,0.5,3,1
5,0,225,42,41,0,pima,0.5,3,1
5,1,36,33,27,33,pima,0.5,3,1
6,0,225,51,50,9,pima,0.5,3,1
6,1,36,36,29,36,pima,0.5,3,1
7,0,225,87,84,10,pima,0.5,3,1
7,1,36,36,29,36,pima,0.5,3,1
8,0,225,92,88,15,pima,0.5,3,1
8,1,36,36,29,36,pima,0.5,3,1
9,0,225,117,109,16,pima,0.5,3,1
9,1,36,36,29,36,pima,0.5,3,1
10,0,225,122,114,21,pima,0.5,3,1
10,1,36,36,29,36,pima,0.5,3,1
1,0,43,0,0,0,pima,0.5,3,2
1,1,218,0,0,0,pima,0.5,3,2
2,0,43,0,0,0,pima,0.5,3,2
2,1,218,0,0,0,pima,0.5,3,2
3,0,43,0,0,0,pima,0.5,3,2
3,1,218,0,0,0,pima,0.5,3,2
4,0,43,0,0,0,pima,0.5,3,2
4,1,218,2,1,2,pima,0.5,3,2
5,0,43,0,0,0,pima,0.5,3,2
5,1,218,11,10,4,pima,0.5,3,2
6,0,43,0,0,0,pima,0.5,3,2
6,1,218,42,39,22,pima,0.5,3,2
7,0,43,1,0,1,pima,0.5,3,2
7,1,218,82,65,62,pima,0.5,3,2
8,0,43,8,6,6,pima,0.5,3,2
8,1,218,84,67,62,pima,0.5,3,2
9,0,43,9,7,6,pima,0.5,3,2
9,1,218,93,72,71,pima,0.5,3,2
10,0,43,13,11,7,pima,0.5,3,2
10,1,218,102,80,71,pima,0.5,3,2
1,0,184,0,0,0,pima,0.5,3,3
1,1,77,0,0,0,pima,0.5,3,3
2,0,184,0,0,0,pima,0.5,3,3
2,1,77,0,0,0,pima,0.5,3,3
3,0,184,0,0,0,pima,0.5,3,3
3,1,77,0,0,0,pima,0.5,3,3
4,0,184,0,0,0,pima,0.5,3,3
4,1,77,0,0,0,pima,0.5,3,3
5,0,184,0,0,0,pima,0.5,3,3
5,1,77,0,0,0,pima,0.5,3,3
6,0,184,5,5,0,pima,0.5,3,3
6,1,77,18,18,17,pima,0.5,3,3
7,0,184,15,15,0,pima,0.5,3,3
7,1,77,27,26,26,pima,0.5,3,3
8,0,184,43,41,0,pima,0.5,3,3
8,1,77,33,30,32,pima,0.5,3,3
9,0,184,44,42,0,pima,0.5,3,3
9,1,77,44,40,43,pima,0.5,3,3
10,0,184,79,72,0,pima,0.5,3,3
10,1,77,45,41,43,pima,0.5,3,3
1,0,140,0,0,0,pima,0.5,3,4
1,1,120,0,0,0,pima,0.5,3,4
2,0,140,0,0,0,pima,0.5,3,4
2,1,120,0,0,0,pima,0.5,3,4
3,0,140,0,0,0,pima,0.5,3,4
3,1,120,1,1,1,pima,0.5,3,4
4,0,140,0,0,0,pima,0.5,3,4
4,1,120,39,34,39,pima,0.5,3,4
5,0,140,27,27,0,pima,0.5,3,4
5,1,120,56,51,56,pima,0.5,3,4
6,0,140,91,90,0,pima,0.5,3,4
6,1,120,71,61,71,pima,0.5,3,4
7,0,140,116,113,0,pima,0.5,3,4
7,1,120,79,67,79,pima,0.5,3,4
8,0,140,125,120,0,pima,0.5,3,4
8,1,120,96,75,96,pima,0.5,3,4
9,0,140,126,121,0,pima,0.5,3,4
9,1,120,103,79,103,pima,0.5,3,4
10,0,140,133,127,0,pima,0.5,3,4
10,1,120,115,81,115,pima,0.5,3,4
1,0,174,0,0,0,pima,0.5,4,0
1,1,88,0,0,0,pima,0.5,4,0
2,0,174,0,0,0,pima,0.5,4,0
2,1,88,0,0,0,pima,0.5,4,0
3,0,174,0,0,0,pima,0.5,4,0
3,1,88,0,0,0,pima,0.5,4,0
4,0,174,0,0,0,pima,0.5,4,0
4,1,88,0,0,0,pima,0.5,4,0
5,0,174,1,0,1,pima,0.5,4,0
5,1,88,0,0,0,pima,0.5,4,0
6,0,174,18,16,13,pima,0.5,4,0
6,1,88,18,18,0,pima,0.5,4,0
7,0,174,62,51,56,pima,0.5,4,0
7,1,88,44,43,0,pima,0.5,4,0
8,0,174,65,54,56,pima,0.5,4,0
8,1,88,72,67,0,pima,0.5,4,0
9,0,174,97,67,88,pima,0.5,4,0
9,1,88,72,67,0,pima,0.5,4,0
10,0,174,103,73,88,pima,0.5,4,0
10,1,88,79,72,0,pima,0.5,4,0
1,0,126,0,0,0,pima,0.5,4,1
1,1,136,0,0,0,pima,0.5,4,1
2,0,126,0,0,0,pima,0.5,4,1
2,1,136,0,0,0,pima,0.5,4,1
3,0,126,0,0,0,pima,0.5,4,1
3,1,136,0,0,0,pima,0.5,4,1
4,0,126,0,0,0,pima,0.5,4,1
4,1,136,0,0,0,pima,0.5,4,1
5,0,126,0,0,0,pima,0.5,4,1
5,1,136,0,0,0,pima,0.5,4,1
6,0,126,14,7,10,pima,0.5,4,1
6,1,136,0,0,0,pima,0.5,4,1
7,0,126,49,40,18,pima,0.5,4,1
7,1,136,1,0,1,pima,0.5,4,1
8,0,126,56,44,25,pima,0.5,4,1
8,1,136,18,11,18,pima,0.5,4,1
9,0,126,68,54,26,pima,0.5,4,1
9,1,136,39,28,27,pima,0.5,4,1
10,0,126,68,54,26,pima,0.5,4,1
10,1,136,52,41,33,pima,0.5,4,1
1,0,17,0,0,0,pima,0.5,4,2
1,1,244,0,0,0,pima,0.5,4,2
2,0,17,0,0,0,pima,0.5,4,2
2,1,244,0,0,0,pima,0.5,4,2
3,0,17,0,0,0,pima,0.5,4,2
3,1,244,0,0,0,pima,0.5,4,2
4,0,17,0,0,0,pima,0.5,4,2
4,1,244,0,0,0,pima,0.5,4,2
5,0,17,0,0,0,pima,0.5,4,2
5,1,244,0,0,0,pima,0.5,4,2
6,0,17,11,11,11,pima,0.5,4,2
6,1,244,7,7,7,pima,0.5,4,2
7,0,17,12,12,12,pima,0.5,4,2
7,1,244,40,31,40,pima,0.5,4,2
8,0,17,12,12,12,pima,0.5,4,2
8,1,244,99,82,52,pima,0.5,4,2
9,0,17,17,13,17,pima,0.5,4,2
9,1,244,100,83,53,pima,0.5,4,2
10,0,17,17,13,17,pima,0.5,4,2
10,1,244,110,86,63,pima,0.5,4,2
1,0,161,0,0,0,pima,0.5,4,3
1,1,100,0,0,0,pima,0.5,4,3
2,0,161,0,0,0,pima,0.5,4,3
2,1,100,0,0,0,pima,0.5,4,3
3,0,161,0,0,0,pima,0.5,4,3
3,1,100,0,0,0,pima,0.5,4,3
4,0,161,0,0,0,pima,0.5,4,3
4,1,100,0,0,0,pima,0.5,4,3
5,0,161,4,4,0,pima,0.5,4,3
5,1,100,0,0,0,pima,0.5,4,3
6,0,161,29,28,4,pima,0.5,4,3
6,1,100,0,0,0,pima,0.5,4,3
7,0,161,35,33,4,pima,0.5,4,3
7,1,100,0,0,0,pima,0.5,4,3
8,0,161,72,66,13,pima,0.5,4,3
8,1,100,7,5,6,pima,0.5,4,3
9,0,161,74,67,13,pima,0.5,4,3
9,1,100,26,22,19,pima,0.5,4,3
10,0,161,89,77,28,pima,0.5,4,3
10,1,100,48,39,29,pima,0.5,4,3
1,0,194,0,0,0,pima,0.5,4,4
1,1,68,0,0,0,pima,0.5,4,4
2,0,194,0,0,0,pima,0.5,4,4
2,1,68,0,0,0,pima,0.5,4,4
3,0,194,0,0,0,pima,0.5,4,4
3,1,68,0,0,0,pima,0.5,4,4
4,0,194,0,0,0,pima,0.5,4,4
4,1,68,0,0,0,pima,0.5,4,4
5,0,194,19,19,0,pima,0.5,4,4
5,1,68,2,2,0,pima,0.5,4,4
6,0,194,58,55,0,pima,0.5,4,4
6,1,68,12,11,2,pima,0.5,4,4
7,0,194,68,62,0,pima,0.5,4,4
7,1,68,15,14,5,pima,0.5,4,4
8,0,194,84,75,5,pima,0.5,4,4
8,1,68,27,20,17,pima,0.5,4,4
9,0,194,100,89,10,pima,0.5,4,4
9,1,68,36,27,26,pima,0.5,4,4
10,0,194,115,98,23,pima,0.5,4,4
10,1,68,38,27,28,pima,0.5,4,4
1,0,135,0,0,0,pima,0.5,5,1
1,1,126,0,0,0,pima,0.5,5,1
2,0,135,0,0,0,pima,0.5,5,1
2,1,126,0,0,0,pima,0.5,5,1
3,0,135,8,8,0,pima,0.5,5,1
3,1,126,0,0,0,pima,0.5,5,1
4,0,135,8,8,0,pima,0.5,5,1
4,1,126,5,5,5,pima,0.5,5,1
5,0,135,88,85,0,pima,0.5,5,1
5,1,126,5,5,5,pima,0.5,5,1
6,0,135,88,85,0,pima,0.5,5,1
6,1,126,68,58,68,pima,0.5,5,1
7,0,135,114,108,0,pima,0.5,5,1
7,1,126,71,60,71,pima,0.5,5,1
8,0,135,118,112,0,pima,0.5,5,1
8,1,126,87,69,87,pima,0.5,5,1
9,0,135,126,118,0,pima,0.5,5,1
9,1,126,109,77,109,pima,0.5,5,1
10,0,135,126,118,0,pima,0.5,5,1
10,1,126,120,78,120,pima,0.5,5,1
1,0,75,0,0,0,pima,0.5,5,0
1,1,184,0,0,0,pima,0.5,5,0
2,0,75,0,0,0,pima,0.5,5,0
2,1,184,0,0,0,pima,0.5,5,0
3,0,75,0,0,0,pima,0.5,5,0
3,1,184,0,0,0,pima,0.5,5,0
4,0,75,0,0,0,pima,0.5,5,0
4,1,184,0,0,0,pima,0.5,5,0
5,0,75,0,0,0,pima,0.5,5,0
5,1,184,0,0,0,pima,0.5,5,0
6,0,75,15,15,0,pima,0.5,5,0
6,1,184,16,16,0,pima,0.5,5,0
7,0,75,30,27,4,pima,0.5,5,0
7,1,184,55,50,10,pima,0.5,5,0
8,0,75,33,29,7,pima,0.5,5,0
8,1,184,55,50,10,pima,0.5,5,0
9,0,75,38,31,11,pima,0.5,5,0
9,1,184,79,71,25,pima,0.5,5,0
10,0,75,45,38,12,pima,0.5,5,0
10,1,184,86,76,32,pima,0.5,5,0
1,0,229,0,0,0,pima,0.5,5,2
1,1,31,0,0,0,pima,0.5,5,2
2,0,229,0,0,0,pima,0.5,5,2
2,1,31,0,0,0,pima,0.5,5,2
3,0,229,0,0,0,pima,0.5,5,2
3,1,31,0,0,0,pima,0.5,5,2
4,0,229,0,0,0,pima,0.5,5,2
4,1,31,0,0,0,pima,0.5,5,2
5,0,229,0,0,0,pima,0.5,5,2
5,1,31,0,0,0,pima,0.5,5,2
6,0,229,17,16,0,pima,0.5,5,2
6,1,31,1,1,0,pima,0.5,5,2
7,0,229,46,42,6,pima,0.5,5,2
7,1,31,6,5,2,pima,0.5,5,2
8,0,229,100,89,11,pima,0.5,5,2
8,1,31,9,7,3,pima,0.5,5,2
9,0,229,110,95,21,pima,0.5,5,2
9,1,31,9,7,3,pima,0.5,5,2
10,0,229,115,99,21,pima,0.5,5,2
10,1,31,9,7,3,pima,0.5,5,2
1,0,120,0,0,0,pima,0.5,5,3
1,1,142,0,0,0,pima,0.5,5,3
2,0,120,0,0,0,pima,0.5,5,3
2,1,142,0,0,0,pima,0.5,5,3
3,0,120,0,0,0,pima,0.5,5,3
3,1,142,0,0,0,pima,0.5,5,3
4,0,120,0,0,0,pima,0.5,5,3
4,1,142,0,0,0,pima,0.5,5,3
5,0,120,0,0,0,pima,0.5,5,3
5,1,142,13,13,13,pima,0.5,5,3
6,0,120,36,36,0,pima,0.5,5,3
6,1,142,41,37,30,pima,0.5,5,3
7,0,120,48,48,0,pima,0.5,5,3
7,1,142,70,55,59,pima,0.5,5,3
8,0,120,87,83,0,pima,0.5,5,3
8,1,142,72,57,59,pima,0.5,5,3
9,0,120,87,83,0,pima,0.5,5,3
9,1,142,100,68,87,pima,0.5,5,3
10,0,120,99,94,0,pima,0.5,5,3
10,1,142,100,68,87,pima,0.5,5,3
1,0,127,0,0,0,pima,0.5,5,4
1,1,133,0,0,0,pima,0.5,5,4
2,0,127,0,0,0,pima,0.5,5,4
2,1,133,0,0,0,pima,0.5,5,4
3,0,127,0,0,0,pima,0.5,5,4
3,1,133,0,0,0,pima,0.5,5,4
4,0,127,0,0,0,pima,0.5,5,4
4,1,133,0,0,0,pima,0.5,5,4
5,0,127,0,0,0,pima,0.5,5,4
5,1,133,30,27,30,pima,0.5,5,4
6,0,127,44,44,0,pima,0.5,5,4
6,1,133,61,50,61,pima,0.5,5,4
7,0,127,54,53,0,pima,0.5,5,4
7,1,133,84,64,84,pima,0.5,5,4
8,0,127,97,92,0,pima,0.5,5,4
8,1,133,85,65,84,pima,0.5,5,4
9,0,127,103,96,0,pima,0.5,5,4
9,1,133,97,71,96,pima,0.5,5,4
10,0,127,109,100,0,pima,0.5,5,4
10,1,133,97,71,96,pima,0.5,5,4
1,0,123,0,0,0,pima,0.5,6,0
1,1,137,0,0,0,pima,0.5,6,0
2,0,123,0,0,0,pima,0.5,6,0
2,1,137,0,0,0,pima,0.5,6,0
3,0,123,10,9,10,pima,0.5,6,0
3,1,137,0,0,0,pima,0.5,6,0
4,0,123,65,60,65,pima,0.5,6,0
4,1,137,7,7,0,pima,0.5,6,0
5,0,123,75,67,75,pima,0.5,6,0
5,1,137,95,92,0,pima,0.5,6,0
6,0,123,80,68,80,pima,0.5,6,0
6,1,137,117,112,0,pima,0.5,6,0
7,0,123,90,71,90,pima,0.5,6,0
7,1,137,129,123,0,pima,0.5,6,0
8,0,123,113,80,113,pima,0.5,6,0
8,1,137,131,125,0,pima,0.5,6,0
9,0,123,115,81,115,pima,0.5,6,0
9,1,137,135,129,0,pima,0.5,6,0
10,0,123,115,81,115,pima,0.5,6,0
10,1,137,135,129,0,pima,0.5,6,0
1,0,197,0,0,0,pima,0.5,6,2
1,1,63,0,0,0,pima,0.5,6,2
2,0,197,0,0,0,pima,0.5,6,2
2,1,63,0,0,0,pima,0.5,6,2
3,0,197,0,0,0,pima,0.5,6,2
3,1,63,0,0,0,pima,0.5,6,2
4,0,197,0,0,0,pima,0.5,6,2
4,1,63,3,3,3,pima,0.5,6,2
5,0,197,4,4,0,pima,0.5,6,2
5,1,63,31,28,31,pima,0.5,6,2
6,0,197,36,36,0,pima,0.5,6,2
6,1,63,49,40,49,pima,0.5,6,2
7,0,197,72,71,0,pima,0.5,6,2
7,1,63,56,45,56,pima,0.5,6,2
8,0,197,72,71,0,pima,0.5,6,2
8,1,63,59,46,59,pima,0.5,6,2
9,0,197,87,86,0,pima,0.5,6,2
9,1,63,60,47,60,pima,0.5,6,2
10,0,197,89,87,2,pima,0.5,6,2
10,1,63,63,49,63,pima,0.5,6,2
1,0,192,0,0,0,pima,0.5,6,1
1,1,69,0,0,0,pima,0.5,6,1
2,0,192,0,0,0,pima,0.5,6,1
2,1,69,0,0,0,pima,0.5,6,1
3,0,192,0,0,0,pima,0.5,6,1
3,1,69,0,0,0,pima,0.5,6,1
4,0,192,0,0,0,pima,0.5,6,1
4,1,69,0,0,0,pima,0.5,6,1
5,0,192,0,0,0,pima,0.5,6,1
5,1,69,0,0,0,pima,0.5,6,1
6,0,192,17,15,14,pima,0.5,6,1
6,1,69,3,3,0,pima,0.5,6,1
7,0,192,53,51,17,pima,0.5,6,1
7,1,69,11,11,0,pima,0.5,6,1
8,0,192,64,61,17,pima,0.5,6,1
8,1,69,20,19,0,pima,0.5,6,1
9,0,192,81,71,34,pima,0.5,6,1
9,1,69,24,23,4,pima,0.5,6,1
10,0,192,83,73,34,pima,0.5,6,1
10,1,69,27,26,4,pima,0.5,6,1
1,0,203,0,0,0,pima,0.5,6,3
1,1,58,0,0,0,pima,0.5,6,3
2,0,203,0,0,0,pima,0.5,6,3
2,1,58,0,0,0,pima,0.5,6,3
3,0,203,0,0,0,pima,0.5,6,3
3,1,58,0,0,0,pima,0.5,6,3
4,0,203,0,0,0,pima,0.5,6,3
4,1,58,0,0,0,pima,0.5,6,3
5,0,203,1,1,0,pima,0.5,6,3
5,1,58,0,0,0,pima,0.5,6,3
6,0,203,31,31,0,pima,0.5,6,3
6,1,58,1,1,0,pima,0.5,6,3
7,0,203,34,33,0,pima,0.5,6,3
7,1,58,6,6,0,pima,0.5,6,3
8,0,203,46,45,0,pima,0.5,6,3
8,1,58,7,7,0,pima,0.5,6,3
9,0,203,54,52,7,pima,0.5,6,3
9,1,58,7,7,0,pima,0.5,6,3
10,0,203,68,65,16,pima,0.5,6,3
10,1,58,7,7,0,pima,0.5,6,3
1,0,75,0,0,0,pima,0.5,6,4
1,1,186,0,0,0,pima,0.5,6,4
2,0,75,23,22,23,pima,0.5,6,4
2,1,186,0,0,0,pima,0.5,6,4
3,0,75,43,42,43,pima,0.5,6,4
3,1,186,3,3,0,pima,0.5,6,4
4,0,75,62,55,62,pima,0.5,6,4
4,1,186,3,3,0,pima,0.5,6,4
5,0,75,74,65,74,pima,0.5,6,4
5,1,186,77,76,0,pima,0.5,6,4
6,0,75,74,65,74,pima,0.5,6,4
6,1,186,81,80,0,pima,0.5,6,4
7,0,75,74,65,74,pima,0.5,6,4
7,1,186,127,121,0,pima,0.5,6,4
8,0,75,74,65,74,pima,0.5,6,4
8,1,186,127,121,0,pima,0.5,6,4
9,0,75,74,65,74,pima,0.5,6,4
9,1,186,134,127,0,pima,0.5,6,4
10,0,75,74,65,74,pima,0.5,6,4
10,1,186,134,127,0,pima,0.5,6,4
1,0,192,0,0,0,pima,0.5,7,0
1,1,69,0,0,0,pima,0.5,7,0
2,0,192,0,0,0,pima,0.5,7,0
2,1,69,0,0,0,pima,0.5,7,0
3,0,192,0,0,0,pima,0.5,7,0
3,1,69,0,0,0,pima,0.5,7,0
4,0,192,0,0,0,pima,0.5,7,0
4,1,69,0,0,0,pima,0.5,7,0
5,0,192,0,0,0,pima,0.5,7,0
5,1,69,0,0,0,pima,0.5,7,0
6,0,192,6,6,0,pima,0.5,7,0
6,1,69,17,16,0,pima,0.5,7,0
7,0,192,41,41,0,pima,0.5,7,0
7,1,69,23,21,0,pima,0.5,7,0
8,0,192,59,58,18,pima,0.5,7,0
8,1,69,29,24,6,pima,0.5,7,0
9,0,192,70,67,20,pima,0.5,7,0
9,1,69,35,30,7,pima,0.5,7,0
10,0,192,80,75,30,pima,0.5,7,0
10,1,69,37,31,8,pima,0.5,7,0
1,0,244,0,0,0,pima,0.5,7,1
1,1,15,0,0,0,pima,0.5,7,1
2,0,244,0,0,0,pima,0.5,7,1
2,1,15,0,0,0,pima,0.5,7,1
3,0,244,0,0,0,pima,0.5,7,1
3,1,15,0,0,0,pima,0.5,7,1
4,0,244,0,0,0,pima,0.5,7,1
4,1,15,0,0,0,pima,0.5,7,1
5,0,244,0,0,0,pima,0.5,7,1
5,1,15,0,0,0,pima,0.5,7,1
6,0,244,10,10,6,pima,0.5,7,1
6,1,15,2,2,2,pima,0.5,7,1
7,0,244,52,40,42,pima,0.5,7,1
7,1,15,14,10,14,pima,0.5,7,1
8,0,244,85,71,56,pima,0.5,7,1
8,1,15,15,11,15,pima,0.5,7,1
9,0,244,86,71,57,pima,0.5,7,1
9,1,15,15,11,15,pima,0.5,7,1
10,0,244,102,87,58,pima,0.5,7,1
10,1,15,15,11,15,pima,0.5,7,1
1,0,130,0,0,0,pima,0.5,7,2
1,1,130,0,0,0,pima,0.5,7,2
2,0,130,0,0,0,pima,0.5,7,2
2,1,130,0,0,0,pima,0.5,7,2
3,0,130,1,1,1,pima,0.5,7,2
3,1,130,0,0,0,pima,0.5,7,2
4,0,130,5,4,5,pima,0.5,7,2
4,1,130,21,20,0,pima,0.5,7,2
5,0,130,67,59,67,pima,0.5,7,2
5,1,130,21,20,0,pima,0.5,7,2
6,0,130,69,60,69,pima,0.5,7,2
6,1,130,105,101,0,pima,0.5,7,2
7,0,130,89,68,89,pima,0.5,7,2
7,1,130,117,112,0,pima,0.5,7,2
8,0,130,91,69,91,pima,0.5,7,2
8,1,130,125,120,0,pima,0.5,7,2
9,0,130,112,76,112,pima,0.5,7,2
9,1,130,126,121,0,pima,0.5,7,2
10,0,130,113,76,113,pima,0.5,7,2
10,1,130,126,121,0,pima,0.5,7,2
1,0,172,0,0,0,pima,0.5,7,3
1,1,90,2,2,2,pima,0.5,7,3
2,0,172,0,0,0,pima,0.5,7,3
2,1,90,38,38,38,pima,0.5,7,3
3,0,172,46,45,0,pima,0.5,7,3
3,1,90,81,78,81,pima,0.5,7,3
4,0,172,139,136,0,pima,0.5,7,3
4,1,90,88,85,88,pima,0.5,7,3
5,0,172,151,148,0,pima,0.5,7,3
5,1,90,88,85,88,pima,0.5,7,3
6,0,172,152,148,0,pima,0.5,7,3
6,1,90,88,85,88,pima,0.5,7,3
7,0,172,155,151,0,pima,0.5,7,3
7,1,90,88,85,88,pima,0.5,7,3
8,0,172,166,162,0,pima,0.5,7,3
8,1,90,88,85,88,pima,0.5,7,3
9,0,172,166,162,0,pima,0.5,7,3
9,1,90,88,85,88,pima,0.5,7,3
10,0,172,172,167,0,pima,0.5,7,3
10,1,90,88,85,88,pima,0.5,7,3
1,0,181,0,0,0,pima,0.5,7,4
1,1,80,0,0,0,pima,0.5,7,4
2,0,181,0,0,0,pima,0.5,7,4
2,1,80,0,0,0,pima,0.5,7,4
3,0,181,0,0,0,pima,0.5,7,4
3,1,80,2,1,2,pima,0.5,7,4
4,0,181,13,13,0,pima,0.5,7,4
4,1,80,26,23,26,pima,0.5,7,4
5,0,181,13,13,0,pima,0.5,7,4
5,1,80,58,50,58,pima,0.5,7,4
6,0,181,106,99,0,pima,0.5,7,4
6,1,80,59,50,59,pima,0.5,7,4
7,0,181,106,99,0,pima,0.5,7,4
7,1,80,72,58,72,pima,0.5,7,4
8,0,181,127,113,0,pima,0.5,7,4
8,1,80,72,58,72,pima,0.5,7,4
9,0,181,132,114,5,pima,0.5,7,4
9,1,80,78,61,78,pima,0.5,7,4
10,0,181,144,123,5,pima,0.5,7,4
10,1,80,78,61,78,pima,0.5,7,4
1,0,163,0,0,0,pima,0.5,8,0
1,1,96,0,0,0,pima,0.5,8,0
2,0,163,0,0,0,pima,0.5,8,0
2,1,96,0,0,0,pima,0.5,8,0
3,0,163,0,0,0,pima,0.5,8,0
3,1,96,0,0,0,pima,0.5,8,0
4,0,163,0,0,0,pima,0.5,8,0
4,1,96,0,0,0,pima,0.5,8,0
5,0,163,6,6,0,pima,0.5,8,0
5,1,96,0,0,0,pima,0.5,8,0
6,0,163,41,38,12,pima,0.5,8,0
6,1,96,15,11,6,pima,0.5,8,0
7,0,163,53,47,24,pima,0.5,8,0
7,1,96,43,36,15,pima,0.5,8,0
8,0,163,63,51,34,pima,0.5,8,0
8,1,96,49,41,18,pima,0.5,8,0
9,0,163,68,56,39,pima,0.5,8,0
9,1,96,70,52,39,pima,0.5,8,0
10,0,163,88,75,39,pima,0.5,8,0
10,1,96,70,52,39,pima,0.5,8,0
1,0,160,0,0,0,pima,0.5,8,1
1,1,100,0,0,0,pima,0.5,8,1
2,0,160,0,0,0,pima,0.5,8,1
2,1,100,0,0,0,pima,0.5,8,1
3,0,160,0,0,0,pima,0.5,8,1
3,1,100,0,0,0,pima,0.5,8,1
4,0,160,0,0,0,pima,0.5,8,1
4,1,100,0,0,0,pima,0.5,8,1
5,0,160,0,0,0,pima,0.5,8,1
5,1,100,0,0,0,pima,0.5,8,1
6,0,160,26,26,9,pima,0.5,8,1
6,1,100,12,12,0,pima,0.5,8,1
7,0,160,62,55,32,pima,0.5,8,1
7,1,100,31,31,0,pima,0.5,8,1
8,0,160,68,59,35,pima,0.5,8,1
8,1,100,34,34,0,pima,0.5,8,1
9,0,160,87,74,54,pima,0.5,8,1
9,1,100,43,42,0,pima,0.5,8,1
10,0,160,92,78,54,pima,0.5,8,1
10,1,100,48,46,0,pima,0.5,8,1
1,0,76,0,0,0,pima,0.5,8,2
1,1,185,0,0,0,pima,0.5,8,2
2,0,76,0,0,0,pima,0.5,8,2
2,1,185,0,0,0,pima,0.5,8,2
3,0,76,0,0,0,pima,0.5,8,2
3,1,185,0,0,0,pima,0.5,8,2
4,0,76,9,8,9,pima,0.5,8,2
4,1,185,0,0,0,pima,0.5,8,2
5,0,76,25,21,25,pima,0.5,8,2
5,1,185,1,1,0,pima,0.5,8,2
6,0,76,41,33,41,pima,0.5,8,2
6,1,185,56,56,0,pima,0.5,8,2
7,0,76,47,37,47,pima,0.5,8,2
7,1,185,77,74,0,pima,0.5,8,2
8,0,76,51,40,51,pima,0.5,8,2
8,1,185,77,74,0,pima,0.5,8,2
9,0,76,54,42,54,pima,0.5,8,2
9,1,185,106,97,0,pima,0.5,8,2
10,0,76,67,49,67,pima,0.5,8,2
10,1,185,106,97,0,pima,0.5,8,2
1,0,37,0,0,0,pima,0.5,8,3
1,1,224,0,0,0,pima,0.5,8,3
2,0,37,0,0,0,pima,0.5,8,3
2,1,224,0,0,0,pima,0.5,8,3
3,0,37,0,0,0,pima,0.5,8,3
3,1,224,0,0,0,pima,0.5,8,3
4,0,37,0,0,0,pima,0.5,8,3
4,1,224,0,0,0,pima,0.5,8,3
5,0,37,0,0,0,pima,0.5,8,3
5,1,224,1,1,0,pima,0.5,8,3
6,0,37,4,4,4,pima,0.5,8,3
6,1,224,24,24,5,pima,0.5,8,3
7,0,37,11,10,6,pima,0.5,8,3
7,1,224,55,47,33,pima,0.5,8,3
8,0,37,14,13,8,pima,0.5,8,3
8,1,224,68,56,46,pima,0.5,8,3
9,0,37,17,14,10,pima,0.5,8,3
9,1,224,94,79,51,pima,0.5,8,3
10,0,37,23,18,10,pima,0.5,8,3
10,1,224,95,79,52,pima,0.5,8,3
1,0,166,0,0,0,pima,0.5,8,4
1,1,94,0,0,0,pima,0.5,8,4
2,0,166,0,0,0,pima,0.5,8,4
2,1,94,0,0,0,pima,0.5,8,4
3,0,166,0,0,0,pima,0.5,8,4
3,1,94,13,13,13,pima,0.5,8,4
4,0,166,0,0,0,pima,0.5,8,4
4,1,94,53,48,53,pima,0.5,8,4
5,0,166,1,1,0,pima,0.5,8,4
5,1,94,73,61,73,pima,0.5,8,4
6,0,166,78,74,0,pima,0.5,8,4
6,1,94,76,63,76,pima,0.5,8,4
7,0,166,97,90,0,pima,0.5,8,4
7,1,94,77,64,77,pima,0.5,8,4
8,0,166,118,111,0,pima,0.5,8,4
8,1,94,80,67,80,pima,0.5,8,4
9,0,166,130,121,0,pima,0.5,8,4
9,1,94,82,68,82,pima,0.5,8,4
10,0,166,134,125,0,pima,0.5,8,4
10,1,94,82,68,82,pima,0.5,8,4
1,0,104,0,0,0,pima,0.5,9,0
1,1,156,0,0,0,pima,0.5,9,0
2,0,104,0,0,0,pima,0.5,9,0
2,1,156,0,0,0,pima,0.5,9,0
3,0,104,0,0,0,pima,0.5,9,0
3,1,156,0,0,0,pima,0.5,9,0
4,0,104,0,0,0,pima,0.5,9,0
4,1,156,0,0,0,pima,0.5,9,0
5,0,104,0,0,0,pima,0.5,9,0
5,1,156,1,1,0,pima,0.5,9,0
6,0,104,22,19,6,pima,0.5,9,0
6,1,156,38,35,15,pima,0.5,9,0
7,0,104,24,21,6,pima,0.5,9,0
7,1,156,59,52,22,pima,0.5,9,0
8,0,104,50,41,12,pima,0.5,9,0
8,1,156,73,61,32,pima,0.5,9,0
9,0,104,55,46,14,pima,0.5,9,0
9,1,156,74,62,33,pima,0.5,9,0
10,0,104,60,51,14,pima,0.5,9,0
10,1,156,94,75,53,pima,0.5,9,0
1,0,161,0,0,0,pima,0.5,9,1
1,1,100,0,0,0,pima,0.5,9,1
2,0,161,0,0,0,pima,0.5,9,1
2,1,100,0,0,0,pima,0.5,9,1
3,0,161,0,0,0,pima,0.5,9,1
3,1,100,0,0,0,pima,0.5,9,1
4,0,161,0,0,0,pima,0.5,9,1
4,1,100,0,0,0,pima,0.5,9,1
5,0,161,0,0,0,pima,0.5,9,1
5,1,100,0,0,0,pima,0.5,9,1
6,0,161,9,9,0,pima,0.5,9,1
6,1,100,1,0,1,pima,0.5,9,1
7,0,161,26,25,0,pima,0.5,9,1
7,1,100,28,27,8,pima,0.5,9,1
8,0,161,38,35,5,pima,0.5,9,1
8,1,100,45,43,8,pima,0.5,9,1
9,0,161,52,48,9,pima,0.5,9,1
9,1,100,47,45,8,pima,0.5,9,1
10,0,161,61,55,15,pima,0.5,9,1
10,1,100,47,45,8,pima,0.5,9,1
1,0,148,0,0,0,pima,0.5,9,2
1,1,114,0,0,0,pima,0.5,9,2
2,0,148,0,0,0,pima,0.5,9,2
2,1,114,0,0,0,pima,0.5,9,2
3,0,148,7,7,0,pima,0.5,9,2
3,1,114,26,24,26,pima,0.5,9,2
4,0,148,82,81,0,pima,0.5,9,2
4,1,114,64,58,64,pima,0.5,9,2
5,0,148,100,98,0,pima,0.5,9,2
5,1,114,83,68,83,pima,0.5,9,2
6,0,148,122,118,0,pima,0.5,9,2
6,1,114,93,73,93,pima,0.5,9,2
7,0,148,128,123,0,pima,0.5,9,2
7,1,114,105,81,105,pima,0.5,9,2
8,0,148,135,130,0,pima,0.5,9,2
8,1,114,106,81,106,pima,0.5,9,2
9,0,148,139,134,0,pima,0.5,9,2
9,1,114,106,81,106,pima,0.5,9,2
10,0,148,139,134,0,pima,0.5,9,2
10,1,114,106,81,106,pima,0.5,9,2
1,0,45,0,0,0,pima,0.5,9,3
1,1,216,0,0,0,pima,0.5,9,3
2,0,45,0,0,0,pima,0.5,9,3
2,1,216,0,0,0,pima,0.5,9,3
3,0,45,0,0,0,pima,0.5,9,3
3,1,216,0,0,0,pima,0.5,9,3
4,0,45,0,0,0,pima,0.5,9,3
4,1,216,0,0,0,pima,0.5,9,3
5,0,45,0,0,0,pima,0.5,9,3
5,1,216,0,0,0,pima,0.5,9,3
6,0,45,0,0,0,pima,0.5,9,3
6,1,216,0,0,0,pima,0.5,9,3
7,0,45,7,6,7,pima,0.5,9,3
7,1,216,30,30,0,pima,0.5,9,3
8,0,45,20,14,20,pima,0.5,9,3
8,1,216,70,63,0,pima,0.5,9,3
9,0,45,24,18,24,pima,0.5,9,3
9,1,216,90,80,0,pima,0.5,9,3
10,0,45,27,19,27,pima,0.5,9,3
10,1,216,92,82,2,pima,0.5,9,3
1,0,201,0,0,0,pima,0.5,9,4
1,1,60,3,3,3,pima,0.5,9,4
2,0,201,0,0,0,pima,0.5,9,4
2,1,60,28,28,28,pima,0.5,9,4
3,0,201,0,0,0,pima,0.5,9,4
3,1,60,36,35,36,pima,0.5,9,4
4,0,201,0,0,0,pima,0.5,9,4
4,1,60,51,48,51,pima,0.5,9,4
5,0,201,11,11,0,pima,0.5,9,4
5,1,60,59,54,59,pima,0.5,9,4
6,0,201,46,46,0,pima,0.5,9,4
6,1,60,59,54,59,pima,0.5,9,4
7,0,201,92,89,0,pima,0.5,9,4
7,1,60,59,54,59,pima,0.5,9,4
8,0,201,92,89,0,pima,0.5,9,4
8,1,60,60,55,60,pima,0.5,9,4
9,0,201,113,108,0,pima,0.5,9,4
9,1,60,60,55,60,pima,0.5,9,4
10,0,201,113,108,0,pima,0.5,9,4
10,1,60,60,55,60,pima,0.5,9,4
1,0,250,0,0,0,pima,0.7,0,0
1,1,114,0,0,0,pima,0.7,0,0
2,0,250,0,0,0,pima,0.7,0,0
2,1,114,0,0,0,pima,0.7,0,0
3,0,250,0,0,0,pima,0.7,0,0
3,1,114,0,0,0,pima,0.7,0,0
4,0,250,0,0,0,pima,0.7,0,0
4,1,114,0,0,0,pima,0.7,0,0
5,0,250,0,0,0,pima,0.7,0,0
5,1,114,0,0,0,pima,0.7,0,0
6,0,250,0,0,0,pima,0.7,0,0
6,1,114,9,9,7,pima,0.7,0,0
7,0,250,15,15,0,pima,0.7,0,0
7,1,114,31,31,15,pima,0.7,0,0
8,0,250,18,18,0,pima,0.7,0,0
8,1,114,40,39,21,pima,0.7,0,0
9,0,250,45,41,5,pima,0.7,0,0
9,1,114,58,56,23,pima,0.7,0,0
10,0,250,60,51,20,pima,0.7,0,0
10,1,114,62,59,26,pima,0.7,0,0
1,0,164,0,0,0,pima,0.7,0,1
1,1,200,1,1,1,pima,0.7,0,1
2,0,164,0,0,0,pima,0.7,0,1
2,1,200,10,7,10,pima,0.7,0,1
3,0,164,11,11,0,pima,0.7,0,1
3,1,200,38,35,38,pima,0.7,0,1
4,0,164,109,106,0,pima,0.7,0,1
4,1,200,60,54,60,pima,0.7,0,1
5,0,164,155,150,0,pima,0.7,0,1
5,1,200,111,91,111,pima,0.7,0,1
6,0,164,155,150,0,pima,0.7,0,1
6,1,200,114,93,114,pima,0.7,0,1
7,0,164,155,150,0,pima,0.7,0,1
7,1,200,126,98,126,pima,0.7,0,1
8,0,164,161,156,0,pima,0.7,0,1
8,1,200,127,98,127,pima,0.7,0,1
9,0,164,164,159,0,pima,0.7,0,1
9,1,200,136,101,136,pima,0.7,0,1
10,0,164,164,159,0,pima,0.7,0,1
10,1,200,137,101,137,pima,0.7,0,1
1,0,220,1,1,1,pima,0.7,0,3
1,1,146,0,0,0,pima,0.7,0,3
2,0,220,1,1,1,pima,0.7,0,3
2,1,146,0,0,0,pima,0.7,0,3
3,0,220,3,3,3,pima,0.7,0,3
3,1,146,0,0,0,pima,0.7,0,3
4,0,220,3,3,3,pima,0.7,0,3
4,1,146,24,24,0,pima,0.7,0,3
5,0,220,68,58,68,pima,0.7,0,3
5,1,146,53,52,0,pima,0.7,0,3
6,0,220,68,58,68,pima,0.7,0,3
6,1,146,125,124,0,pima,0.7,0,3
7,0,220,109,84,109,pima,0.7,0,3
7,1,146,127,126,0,pima,0.7,0,3
8,0,220,109,84,109,pima,0.7,0,3
8,1,146,136,132,0,pima,0.7,0,3
9,0,220,135,97,135,pima,0.7,0,3
9,1,146,137,133,0,pima,0.7,0,3
10,0,220,135,97,135,pima,0.7,0,3
10,1,146,139,134,0,pima,0.7,0,3
1,0,301,0,0,0,pima,0.7,0,2
1,1,63,0,0,0,pima,0.7,0,2
2,0,301,0,0,0,pima,0.7,0,2
2,1,63,0,0,0,pima,0.7,0,2
3,0,301,0,0,0,pima,0.7,0,2
3,1,63,0,0,0,pima,0.7,0,2
4,0,301,0,0,0,pima,0.7,0,2
4,1,63,0,0,0,pima,0.7,0,2
5,0,301,0,0,0,pima,0.7,0,2
5,1,63,0,0,0,pima,0.7,0,2
6,0,301,11,7,9,pima,0.7,0,2
6,1,63,17,15,17,pima,0.7,0,2
7,0,301,46,36,34,pima,0.7,0,2
7,1,63,29,26,29,pima,0.7,0,2
8,0,301,104,82,57,pima,0.7,0,2
8,1,63,35,30,35,pima,0.7,0,2
9,0,301,106,83,59,pima,0.7,0,2
9,1,63,37,31,37,pima,0.7,0,2
10,0,301,158,131,59,pima,0.7,0,2
10,1,63,37,31,37,pima,0.7,0,2
1,0,104,0,0,0,pima,0.7,0,4
1,1,261,0,0,0,pima,0.7,0,4
2,0,104,0,0,0,pima,0.7,0,4
2,1,261,0,0,0,pima,0.7,0,4
3,0,104,19,19,19,pima,0.7,0,4
3,1,261,0,0,0,pima,0.7,0,4
4,0,104,68,56,68,pima,0.7,0,4
4,1,261,17,17,0,pima,0.7,0,4
5,0,104,91,71,91,pima,0.7,0,4
5,1,261,27,27,0,pima,0.7,0,4
6,0,104,93,71,93,pima,0.7,0,4
6,1,261,115,107,12,pima,0.7,0,4
7,0,104,95,73,95,pima,0.7,0,4
7,1,261,119,111,12,pima,0.7,0,4
8,0,104,95,73,95,pima,0.7,0,4
8,1,261,145,128,28,pima,0.7,0,4
9,0,104,100,77,100,pima,0.7,0,4
9,1,261,162,136,43,pima,0.7,0,4
10,0,104,100,77,100,pima,0.7,0,4
10,1,261,188,159,43,pima,0.7,0,4
1,0,187,0,0,0,pima,0.7,1,1
1,1,177,0,0,0,pima,0.7,1,1
2,0,187,0,0,0,pima,0.7,1,1
2,1,177,7,7,0,pima,0.7,1,1
3,0,187,31,29,31,pima,0.7,1,1
3,1,177,7,7,0,pima,0.7,1,1
4,0,187,31,29,31,pima,0.7,1,1
4,1,177,126,119,0,pima,0.7,1,1
5,0,187,103,85,103,pima,0.7,1,1
5,1,177,126,119,0,pima,0.7,1,1
6,0,187,112,93,103,pima,0.7,1,1
6,1,177,153,144,0,pima,0.7,1,1
7,0,187,127,98,118,pima,0.7,1,1
7,1,177,153,144,0,pima,0.7,1,1
8,0,187,127,98,118,pima,0.7,1,1
8,1,177,168,156,0,pima,0.7,1,1
9,0,187,150,107,141,pima,0.7,1,1
9,1,177,168,156,0,pima,0.7,1,1
10,0,187,150,107,141,pima,0.7,1,1
10,1,177,168,156,0,pima,0.7,1,1
1,0,69,0,0,0,pima,0.7,1,0
1,1,295,0,0,0,pima,0.7,1,0
2,0,69,0,0,0,pima,0.7,1,0
2,1,295,0,0,0,pima,0.7,1,0
3,0,69,0,0,0,pima,0.7,1,0
3,1,295,0,0,0,pima,0.7,1,0
4,0,69,3,3,0,pima,0.7,1,0
4,1,295,0,0,0,pima,0.7,1,0
5,0,69,39,37,0,pima,0.7,1,0
5,1,295,0,0,0,pima,0.7,1,0
6,0,69,48,46,0,pima,0.7,1,0
6,1,295,20,18,13,pima,0.7,1,0
7,0,69,52,50,0,pima,0.7,1,0
7,1,295,65,61,25,pima,0.7,1,0
8,0,69,52,50,0,pima,0.7,1,0
8,1,295,101,88,61,pima,0.7,1,0
9,0,69,61,59,0,pima,0.7,1,0
9,1,295,119,105,62,pima,0.7,1,0
10,0,69,65,63,0,pima,0.7,1,0
10,1,295,148,124,91,pima,0.7,1,0
1,0,328,0,0,0,pima,0.7,1,2
1,1,36,0,0,0,pima,0.7,1,2
2,0,328,0,0,0,pima,0.7,1,2
2,1,36,0,0,0,pima,0.7,1,2
3,0,328,0,0,0,pima,0.7,1,2
3,1,36,0,0,0,pima,0.7,1,2
4,0,328,25,18,25,pima,0.7,1,2
4,1,36,0,0,0,pima,0.7,1,2
5,0,328,69,45,68,pima,0.7,1,2
5,1,36,0,0,0,pima,0.7,1,2
6,0,328,114,73,95,pima,0.7,1,2
6,1,36,12,12,0,pima,0.7,1,2
7,0,328,143,97,106,pima,0.7,1,2
7,1,36,21,19,1,pima,0.7,1,2
8,0,328,156,107,113,pima,0.7,1,2
8,1,36,23,21,1,pima,0.7,1,2
9,0,328,180,123,121,pima,0.7,1,2
9,1,36,25,22,3,pima,0.7,1,2
10,0,328,205,143,129,pima,0.7,1,2
10,1,36,27,22,4,pima,0.7,1,2
1,0,210,0,0,0,pima,0.7,1,4
1,1,154,0,0,0,pima,0.7,1,4
2,0,210,0,0,0,pima,0.7,1,4
2,1,154,17,17,17,pima,0.7,1,4
3,0,210,28,27,0,pima,0.7,1,4
3,1,154,17,17,17,pima,0.7,1,4
4,0,210,35,34,0,pima,0.7,1,4
4,1,154,71,65,71,pima,0.7,1,4
5,0,210,173,163,0,pima,0.7,1,4
5,1,154,75,69,75,pima,0.7,1,4
6,0,210,173,163,0,pima,0.7,1,4
6,1,154,101,83,101,pima,0.7,1,4
7,0,210,185,175,0,pima,0.7,1,4
7,1,154,119,92,119,pima,0.7,1,4
8,0,210,189,179,0,pima,0.7,1,4
8,1,154,131,98,131,pima,0.7,1,4
9,0,210,194,184,0,pima,0.7,1,4
9,1,154,131,98,131,pima,0.7,1,4
10,0,210,194,184,0,pima,0.7,1,4
10,1,154,131,98,131,pima,0.7,1,4
1,0,125,0,0,0,pima,0.7,1,3
1,1,240,0,0,0,pima,0.7,1,3
2,0,125,0,0,0,pima,0.7,1,3
2,1,240,0,0,0,pima,0.7,1,3
3,0,125,0,0,0,pima,0.7,1,3
3,1,240,1,0,1,pima,0.7,1,3
4,0,125,23,23,0,pima,0.7,1,3
4,1,240,1,0,1,pima,0.7,1,3
5,0,125,39,39,0,pima,0.7,1,3
5,1,240,37,34,37,pima,0.7,1,3
6,0,125,97,94,0,pima,0.7,1,3
6,1,240,58,54,52,pima,0.7,1,3
7,0,125,112,109,0,pima,0.7,1,3
7,1,240,113,94,107,pima,0.7,1,3
8,0,125,113,110,0,pima,0.7,1,3
8,1,240,113,94,107,pima,0.7,1,3
9,0,125,121,118,0,pima,0.7,1,3
9,1,240,133,98,127,pima,0.7,1,3
10,0,125,121,118,0,pima,0.7,1,3
10,1,240,135,100,127,pima,0.7,1,3
1,0,115,0,0,0,pima,0.7,2,0
1,1,249,0,0,0,pima,0.7,2,0
2,0,115,0,0,0,pima,0.7,2,0
2,1,249,0,0,0,pima,0.7,2,0
3,0,115,0,0,0,pima,0.7,2,0
3,1,249,0,0,0,pima,0.7,2,0
4,0,115,0,0,0,pima,0.7,2,0
4,1,249,0,0,0,pima,0.7,2,0
5,0,115,0,0,0,pima,0.7,2,0
5,1,249,0,0,0,pima,0.7,2,0
6,0,115,48,47,0,pima,0.7,2,0
6,1,249,61,56,29,pima,0.7,2,0
7,0,115,55,54,0,pima,0.7,2,0
7,1,249,87,78,53,pima,0.7,2,0
8,0,115,93,87,0,pima,0.7,2,0
8,1,249,113,100,53,pima,0.7,2,0
9,0,115,93,87,0,pima,0.7,2,0
9,1,249,162,131,102,pima,0.7,2,0
10,0,115,103,96,0,pima,0.7,2,0
10,1,249,169,137,102,pima,0.7,2,0
1,0,123,0,0,0,pima,0.7,2,2
1,1,242,0,0,0,pima,0.7,2,2
2,0,123,2,2,2,pima,0.7,2,2
2,1,242,0,0,0,pima,0.7,2,2
3,0,123,65,60,65,pima,0.7,2,2
3,1,242,0,0,0,pima,0.7,2,2
4,0,123,78,71,78,pima,0.7,2,2
4,1,242,0,0,0,pima,0.7,2,2
5,0,123,108,89,108,pima,0.7,2,2
5,1,242,0,0,0,pima,0.7,2,2
6,0,123,108,89,108,pima,0.7,2,2
6,1,242,130,124,0,pima,0.7,2,2
7,0,123,111,92,111,pima,0.7,2,2
7,1,242,179,172,0,pima,0.7,2,2
8,0,123,112,93,112,pima,0.7,2,2
8,1,242,195,184,0,pima,0.7,2,2
9,0,123,112,93,112,pima,0.7,2,2
9,1,242,200,188,0,pima,0.7,2,2
10,0,123,112,93,112,pima,0.7,2,2
10,1,242,203,191,0,pima,0.7,2,2
1,0,135,0,0,0,pima,0.7,2,1
1,1,230,0,0,0,pima,0.7,2,1
2,0,135,0,0,0,pima,0.7,2,1
2,1,230,0,0,0,pima,0.7,2,1
3,0,135,0,0,0,pima,0.7,2,1
3,1,230,0,0,0,pima,0.7,2,1
4,0,135,0,0,0,pima,0.7,2,1
4,1,230,0,0,0,pima,0.7,2,1
5,0,135,7,7,0,pima,0.7,2,1
5,1,230,0,0,0,pima,0.7,2,1
6,0,135,45,37,37,pima,0.7,2,1
6,1,230,6,6,1,pima,0.7,2,1
7,0,135,71,60,39,pima,0.7,2,1
7,1,230,64,57,13,pima,0.7,2,1
8,0,135,74,62,39,pima,0.7,2,1
8,1,230,71,63,19,pima,0.7,2,1
9,0,135,79,65,44,pima,0.7,2,1
9,1,230,95,78,43,pima,0.7,2,1
10,0,135,84,70,47,pima,0.7,2,1
10,1,230,97,80,45,pima,0.7,2,1
1,0,174,0,0,0,pima,0.7,2,3
1,1,191,0,0,0,pima,0.7,2,3
2,0,174,0,0,0,pima,0.7,2,3
2,1,191,0,0,0,pima,0.7,2,3
3,0,174,0,0,0,pima,0.7,2,3
3,1,191,0,0,0,pima,0.7,2,3
4,0,174,0,0,0,pima,0.7,2,3
4,1,191,0,0,0,pima,0.7,2,3
5,0,174,1,1,1,pima,0.7,2,3
5,1,191,12,12,0,pima,0.7,2,3
6,0,174,46,39,46,pima,0.7,2,3
6,1,191,74,72,0,pima,0.7,2,3
7,0,174,92,70,92,pima,0.7,2,3
7,1,191,109,103,0,pima,0.7,2,3
8,0,174,99,74,99,pima,0.7,2,3
8,1,191,119,112,0,pima,0.7,2,3
9,0,174,105,76,105,pima,0.7,2,3
9,1,191,129,120,1,pima,0.7,2,3
10,0,174,115,80,115,pima,0.7,2,3
10,1,191,136,125,1,pima,0.7,2,3
1,0,141,0,0,0,pima,0.7,2,4
1,1,224,0,0,0,pima,0.7,2,4
2,0,141,0,0,0,pima,0.7,2,4
2,1,224,0,0,0,pima,0.7,2,4
3,0,141,2,2,2,pima,0.7,2,4
3,1,224,0,0,0,pima,0.7,2,4
4,0,141,22,19,22,pima,0.7,2,4
4,1,224,1,1,0,pima,0.7,2,4
5,0,141,67,58,67,pima,0.7,2,4
5,1,224,14,14,0,pima,0.7,2,4
6,0,141,77,66,77,pima,0.7,2,4
6,1,224,140,134,0,pima,0.7,2,4
7,0,141,87,72,87,pima,0.7,2,4
7,1,224,154,146,0,pima,0.7,2,4
8,0,141,118,92,118,pima,0.7,2,4
8,1,224,185,171,0,pima,0.7,2,4
9,0,141,129,98,129,pima,0.7,2,4
9,1,224,194,179,0,pima,0.7,2,4
10,0,141,129,98,129,pima,0.7,2,4
10,1,224,201,185,0,pima,0.7,2,4
1,0,66,0,0,0,pima,0.7,3,0
1,1,298,0,0,0,pima,0.7,3,0
2,0,66,0,0,0,pima,0.7,3,0
2,1,298,0,0,0,pima,0.7,3,0
3,0,66,19,18,19,pima,0.7,3,0
3,1,298,0,0,0,pima,0.7,3,0
4,0,66,33,31,33,pima,0.7,3,0
4,1,298,0,0,0,pima,0.7,3,0
5,0,66,39,37,39,pima,0.7,3,0
5,1,298,0,0,0,pima,0.7,3,0
6,0,66,41,39,41,pima,0.7,3,0
6,1,298,0,0,0,pima,0.7,3,0
7,0,66,50,47,50,pima,0.7,3,0
7,1,298,0,0,0,pima,0.7,3,0
8,0,66,50,47,50,pima,0.7,3,0
8,1,298,0,0,0,pima,0.7,3,0
9,0,66,50,47,50,pima,0.7,3,0
9,1,298,14,14,0,pima,0.7,3,0
10,0,66,52,49,52,pima,0.7,3,0
10,1,298,59,58,2,pima,0.7,3,0
1,0,314,0,0,0,pima,0.7,3,1
1,1,50,0,0,0,pima,0.7,3,1
2,0,314,0,0,0,pima,0.7,3,1
2,1,50,4,4,4,pima,0.7,3,1
3,0,314,0,0,0,pima,0.7,3,1
3,1,50,10,10,10,pima,0.7,3,1
4,0,314,0,0,0,pima,0.7,3,1
4,1,50,32,27,32,pima,0.7,3,1
5,0,314,14,14,0,pima,0.7,3,1
5,1,50,36,31,36,pima,0.7,3,1
6,0,314,51,50,18,pima,0.7,3,1
6,1,50,40,35,40,pima,0.7,3,1
7,0,314,166,148,34,pima,0.7,3,1
7,1,50,50,40,50,pima,0.7,3,1
8,0,314,170,150,38,pima,0.7,3,1
8,1,50,50,40,50,pima,0.7,3,1
9,0,314,201,178,45,pima,0.7,3,1
9,1,50,50,40,50,pima,0.7,3,1
10,0,314,205,181,49,pima,0.7,3,1
10,1,50,50,40,50,pima,0.7,3,1
1,0,59,0,0,0,pima,0.7,3,2
1,1,305,0,0,0,pima,0.7,3,2
2,0,59,0,0,0,pima,0.7,3,2
2,1,305,0,0,0,pima,0.7,3,2
3,0,59,0,0,0,pima,0.7,3,2
3,1,305,0,0,0,pima,0.7,3,2
4,0,59,0,0,0,pima,0.7,3,2
4,1,305,0,0,0,pima,0.7,3,2
5,0,59,0,0,0,pima,0.7,3,2
5,1,305,0,0,0,pima,0.7,3,2
6,0,59,2,2,0,pima,0.7,3,2
6,1,305,45,42,28,pima,0.7,3,2
7,0,59,15,10,0,pima,0.7,3,2
7,1,305,90,73,67,pima,0.7,3,2
8,0,59,23,15,0,pima,0.7,3,2
8,1,305,116,89,87,pima,0.7,3,2
9,0,59,24,15,0,pima,0.7,3,2
9,1,305,141,102,110,pima,0.7,3,2
10,0,59,26,17,0,pima,0.7,3,2
10,1,305,156,108,121,pima,0.7,3,2
1,0,258,0,0,0,pima,0.7,3,3
1,1,107,0,0,0,pima,0.7,3,3
2,0,258,0,0,0,pima,0.7,3,3
2,1,107,0,0,0,pima,0.7,3,3
3,0,258,0,0,0,pima,0.7,3,3
3,1,107,0,0,0,pima,0.7,3,3
4,0,258,0,0,0,pima,0.7,3,3
4,1,107,4,4,4,pima,0.7,3,3
5,0,258,0,0,0,pima,0.7,3,3
5,1,107,29,25,29,pima,0.7,3,3
6,0,258,13,10,9,pima,0.7,3,3
6,1,107,58,49,49,pima,0.7,3,3
7,0,258,52,41,28,pima,0.7,3,3
7,1,107,65,55,51,pima,0.7,3,3
8,0,258,63,46,39,pima,0.7,3,3
8,1,107,75,61,61,pima,0.7,3,3
9,0,258,121,98,41,pima,0.7,3,3
9,1,107,80,62,66,pima,0.7,3,3
10,0,258,125,102,41,pima,0.7,3,3
10,1,107,86,66,72,pima,0.7,3,3
1,0,195,0,0,0,pima,0.7,3,4
1,1,169,0,0,0,pima,0.7,3,4
2,0,195,0,0,0,pima,0.7,3,4
2,1,169,0,0,0,pima,0.7,3,4
3,0,195,4,4,0,pima,0.7,3,4
3,1,169,0,0,0,pima,0.7,3,4
4,0,195,4,4,0,pima,0.7,3,4
4,1,169,23,19,23,pima,0.7,3,4
5,0,195,101,100,0,pima,0.7,3,4
5,1,169,53,48,53,pima,0.7,3,4
6,0,195,124,120,0,pima,0.7,3,4
6,1,169,92,81,92,pima,0.7,3,4
7,0,195,162,155,0,pima,0.7,3,4
7,1,169,104,92,104,pima,0.7,3,4
8,0,195,177,168,0,pima,0.7,3,4
8,1,169,115,96,115,pima,0.7,3,4
9,0,195,181,171,0,pima,0.7,3,4
9,1,169,119,97,119,pima,0.7,3,4
10,0,195,182,172,0,pima,0.7,3,4
10,1,169,127,100,127,pima,0.7,3,4
1,0,242,0,0,0,pima,0.7,4,0
1,1,123,0,0,0,pima,0.7,4,0
2,0,242,0,0,0,pima,0.7,4,0
2,1,123,0,0,0,pima,0.7,4,0
3,0,242,0,0,0,pima,0.7,4,0
3,1,123,0,0,0,pima,0.7,4,0
4,0,242,0,0,0,pima,0.7,4,0
4,1,123,0,0,0,pima,0.7,4,0
5,0,242,1,1,1,pima,0.7,4,0
5,1,123,0,0,0,pima,0.7,4,0
6,0,242,41,39,34,pima,0.7,4,0
6,1,123,19,18,0,pima,0.7,4,0
7,0,242,75,66,64,pima,0.7,4,0
7,1,123,48,46,0,pima,0.7,4,0
8,0,242,92,83,66,pima,0.7,4,0
8,1,123,73,69,0,pima,0.7,4,0
9,0,242,112,93,86,pima,0.7,4,0
9,1,123,77,72,0,pima,0.7,4,0
10,0,242,125,106,86,pima,0.7,4,0
10,1,123,96,90,0,pima,0.7,4,0
1,0,175,0,0,0,pima,0.7,4,1
1,1,189,0,0,0,pima,0.7,4,1
2,0,175,0,0,0,pima,0.7,4,1
2,1,189,0,0,0,pima,0.7,4,1
3,0,175,0,0,0,pima,0.7,4,1
3,1,189,0,0,0,pima,0.7,4,1
4,0,175,0,0,0,pima,0.7,4,1
4,1,189,0,0,0,pima,0.7,4,1
5,0,175,0,0,0,pima,0.7,4,1
5,1,189,0,0,0,pima,0.7,4,1
6,0,175,27,27,0,pima,0.7,4,1
6,1,189,10,9,0,pima,0.7,4,1
7,0,175,62,58,4,pima,0.7,4,1
7,1,189,39,35,13,pima,0.7,4,1
8,0,175,70,65,4,pima,0.7,4,1
8,1,189,59,47,33,pima,0.7,4,1
9,0,175,91,81,7,pima,0.7,4,1
9,1,189,91,69,65,pima,0.7,4,1
10,0,175,96,85,7,pima,0.7,4,1
10,1,189,107,75,81,pima,0.7,4,1
1,0,23,0,0,0,pima,0.7,4,2
1,1,342,0,0,0,pima,0.7,4,2
2,0,23,0,0,0,pima,0.7,4,2
2,1,342,0,0,0,pima,0.7,4,2
3,0,23,0,0,0,pima,0.7,4,2
3,1,342,0,0,0,pima,0.7,4,2
4,0,23,6,6,6,pima,0.7,4,2
4,1,342,0,0,0,pima,0.7,4,2
5,0,23,16,15,16,pima,0.7,4,2
5,1,342,0,0,0,pima,0.7,4,2
6,0,23,16,15,16,pima,0.7,4,2
6,1,342,31,30,9,pima,0.7,4,2
7,0,23,19,17,19,pima,0.7,4,2
7,1,342,75,60,49,pima,0.7,4,2
8,0,23,20,17,20,pima,0.7,4,2
8,1,342,145,123,63,pima,0.7,4,2
9,0,23,23,17,23,pima,0.7,4,2
9,1,342,149,125,67,pima,0.7,4,2
10,0,23,23,17,23,pima,0.7,4,2
10,1,342,186,157,70,pima,0.7,4,2
1,0,226,0,0,0,pima,0.7,4,3
1,1,140,0,0,0,pima,0.7,4,3
2,0,226,0,0,0,pima,0.7,4,3
2,1,140,0,0,0,pima,0.7,4,3
3,0,226,0,0,0,pima,0.7,4,3
3,1,140,0,0,0,pima,0.7,4,3
4,0,226,0,0,0,pima,0.7,4,3
4,1,140,0,0,0,pima,0.7,4,3
5,0,226,0,0,0,pima,0.7,4,3
5,1,140,0,0,0,pima,0.7,4,3
6,0,226,41,34,21,pima,0.7,4,3
6,1,140,20,14,18,pima,0.7,4,3
7,0,226,94,84,26,pima,0.7,4,3
7,1,140,42,32,24,pima,0.7,4,3
8,0,226,121,104,31,pima,0.7,4,3
8,1,140,49,38,31,pima,0.7,4,3
9,0,226,140,118,50,pima,0.7,4,3
9,1,140,65,52,33,pima,0.7,4,3
10,0,226,151,125,61,pima,0.7,4,3
10,1,140,80,66,37,pima,0.7,4,3
1,0,271,0,0,0,pima,0.7,4,4
1,1,95,0,0,0,pima,0.7,4,4
2,0,271,0,0,0,pima,0.7,4,4
2,1,95,0,0,0,pima,0.7,4,4
3,0,271,0,0,0,pima,0.7,4,4
3,1,95,0,0,0,pima,0.7,4,4
4,0,271,0,0,0,pima,0.7,4,4
4,1,95,0,0,0,pima,0.7,4,4
5,0,271,0,0,0,pima,0.7,4,4
5,1,95,4,3,4,pima,0.7,4,4
6,0,271,16,12,16,pima,0.7,4,4
6,1,95,34,26,20,pima,0.7,4,4
7,0,271,38,30,38,pima,0.7,4,4
7,1,95,48,38,25,pima,0.7,4,4
8,0,271,63,48,63,pima,0.7,4,4
8,1,95,57,46,33,pima,0.7,4,4
9,0,271,74,57,69,pima,0.7,4,4
9,1,95,60,48,36,pima,0.7,4,4
10,0,271,114,97,69,pima,0.7,4,4
10,1,95,65,51,41,pima,0.7,4,4
1,0,106,0,0,0,pima,0.7,5,0
1,1,258,0,0,0,pima,0.7,5,0
2,0,106,0,0,0,pima,0.7,5,0
2,1,258,0,0,0,pima,0.7,5,0
3,0,106,0,0,0,pima,0.7,5,0
3,1,258,0,0,0,pima,0.7,5,0
4,0,106,0,0,0,pima,0.7,5,0
4,1,258,0,0,0,pima,0.7,5,0
5,0,106,0,0,0,pima,0.7,5,0
5,1,258,0,0,0,pima,0.7,5,0
6,0,106,0,0,0,pima,0.7,5,0
6,1,258,8,8,0,pima,0.7,5,0
7,0,106,0,0,0,pima,0.7,5,0
7,1,258,44,41,11,pima,0.7,5,0
8,0,106,23,23,0,pima,0.7,5,0
8,1,258,111,99,51,pima,0.7,5,0
9,0,106,28,26,0,pima,0.7,5,0
9,1,258,117,103,54,pima,0.7,5,0
10,0,106,36,34,0,pima,0.7,5,0
10,1,258,145,121,82,pima,0.7,5,0
1,0,188,0,0,0,pima,0.7,5,1
1,1,176,0,0,0,pima,0.7,5,1
2,0,188,0,0,0,pima,0.7,5,1
2,1,176,0,0,0,pima,0.7,5,1
3,0,188,18,17,0,pima,0.7,5,1
3,1,176,0,0,0,pima,0.7,5,1
4,0,188,18,17,0,pima,0.7,5,1
4,1,176,13,12,13,pima,0.7,5,1
5,0,188,125,123,0,pima,0.7,5,1
5,1,176,26,25,26,pima,0.7,5,1
6,0,188,127,125,0,pima,0.7,5,1
6,1,176,99,81,99,pima,0.7,5,1
7,0,188,165,158,0,pima,0.7,5,1
7,1,176,107,87,107,pima,0.7,5,1
8,0,188,171,163,0,pima,0.7,5,1
8,1,176,140,104,140,pima,0.7,5,1
9,0,188,175,166,0,pima,0.7,5,1
9,1,176,146,106,146,pima,0.7,5,1
10,0,188,175,166,0,pima,0.7,5,1
10,1,176,156,108,156,pima,0.7,5,1
1,0,321,0,0,0,pima,0.7,5,2
1,1,43,0,0,0,pima,0.7,5,2
2,0,321,0,0,0,pima,0.7,5,2
2,1,43,0,0,0,pima,0.7,5,2
3,0,321,0,0,0,pima,0.7,5,2
3,1,43,0,0,0,pima,0.7,5,2
4,0,321,2,2,0,pima,0.7,5,2
4,1,43,0,0,0,pima,0.7,5,2
5,0,321,35,34,0,pima,0.7,5,2
5,1,43,0,0,0,pima,0.7,5,2
6,0,321,79,73,10,pima,0.7,5,2
6,1,43,0,0,0,pima,0.7,5,2
7,0,321,101,94,10,pima,0.7,5,2
7,1,43,0,0,0,pima,0.7,5,2
8,0,321,141,123,35,pima,0.7,5,2
8,1,43,4,2,4,pima,0.7,5,2
9,0,321,159,134,35,pima,0.7,5,2
9,1,43,7,3,7,pima,0.7,5,2
10,0,321,194,161,70,pima,0.7,5,2
10,1,43,9,4,9,pima,0.7,5,2
1,0,167,0,0,0,pima,0.7,5,3
1,1,198,0,0,0,pima,0.7,5,3
2,0,167,0,0,0,pima,0.7,5,3
2,1,198,0,0,0,pima,0.7,5,3
3,0,167,0,0,0,pima,0.7,5,3
3,1,198,0,0,0,pima,0.7,5,3
4,0,167,0,0,0,pima,0.7,5,3
4,1,198,1,1,1,pima,0.7,5,3
5,0,167,0,0,0,pima,0.7,5,3
5,1,198,8,7,8,pima,0.7,5,3
6,0,167,69,67,0,pima,0.7,5,3
6,1,198,54,50,24,pima,0.7,5,3
7,0,167,70,68,0,pima,0.7,5,3
7,1,198,91,81,61,pima,0.7,5,3
8,0,167,121,116,0,pima,0.7,5,3
8,1,198,101,91,62,pima,0.7,5,3
9,0,167,121,116,0,pima,0.7,5,3
9,1,198,138,113,99,pima,0.7,5,3
10,0,167,134,124,0,pima,0.7,5,3
10,1,198,143,117,99,pima,0.7,5,3
1,0,178,0,0,0,pima,0.7,5,4
1,1,187,0,0,0,pima,0.7,5,4
2,0,178,0,0,0,pima,0.7,5,4
2,1,187,0,0,0,pima,0.7,5,4
3,0,178,0,0,0,pima,0.7,5,4
3,1,187,0,0,0,pima,0.7,5,4
4,0,178,0,0,0,pima,0.7,5,4
4,1,187,1,1,1,pima,0.7,5,4
5,0,178,16,16,0,pima,0.7,5,4
5,1,187,46,43,46,pima,0.7,5,4
6,0,178,107,101,0,pima,0.7,5,4
6,1,187,78,70,73,pima,0.7,5,4
7,0,178,120,110,0,pima,0.7,5,4
7,1,187,104,83,99,pima,0.7,5,4
8,0,178,140,127,0,pima,0.7,5,4
8,1,187,104,83,99,pima,0.7,5,4
9,0,178,148,134,0,pima,0.7,5,4
9,1,187,127,97,122,pima,0.7,5,4
10,0,178,150,136,0,pima,0.7,5,4
10,1,187,128,98,123,pima,0.7,5,4
1,0,172,1,1,1,pima,0.7,6,0
1,1,192,0,0,0,pima,0.7,6,0
2,0,172,1,1,1,pima,0.7,6,0
2,1,192,0,0,0,pima,0.7,6,0
3,0,172,1,1,1,pima,0.7,6,0
3,1,192,0,0,0,pima,0.7,6,0
4,0,172,26,23,26,pima,0.7,6,0
4,1,192,31,31,0,pima,0.7,6,0
5,0,172,81,75,81,pima,0.7,6,0
5,1,192,88,88,0,pima,0.7,6,0
6,0,172,90,80,90,pima,0.7,6,0
6,1,192,155,153,0,pima,0.7,6,0
7,0,172,112,87,112,pima,0.7,6,0
7,1,192,168,164,0,pima,0.7,6,0
8,0,172,138,98,138,pima,0.7,6,0
8,1,192,185,177,0,pima,0.7,6,0
9,0,172,138,98,138,pima,0.7,6,0
9,1,192,188,180,0,pima,0.7,6,0
10,0,172,145,100,145,pima,0.7,6,0
10,1,192,188,180,0,pima,0.7,6,0
1,0,268,0,0,0,pima,0.7,6,1
1,1,96,0,0,0,pima,0.7,6,1
2,0,268,0,0,0,pima,0.7,6,1
2,1,96,0,0,0,pima,0.7,6,1
3,0,268,0,0,0,pima,0.7,6,1
3,1,96,0,0,0,pima,0.7,6,1
4,0,268,0,0,0,pima,0.7,6,1
4,1,96,0,0,0,pima,0.7,6,1
5,0,268,0,0,0,pima,0.7,6,1
5,1,96,6,6,0,pima,0.7,6,1
6,0,268,6,6,0,pima,0.7,6,1
6,1,96,31,26,12,pima,0.7,6,1
7,0,268,58,57,0,pima,0.7,6,1
7,1,96,38,32,15,pima,0.7,6,1
8,0,268,60,59,0,pima,0.7,6,1
8,1,96,41,34,18,pima,0.7,6,1
9,0,268,74,69,0,pima,0.7,6,1
9,1,96,53,40,30,pima,0.7,6,1
10,0,268,86,79,4,pima,0.7,6,1
10,1,96,54,40,31,pima,0.7,6,1
1,0,277,0,0,0,pima,0.7,6,2
1,1,89,0,0,0,pima,0.7,6,2
2,0,277,0,0,0,pima,0.7,6,2
2,1,89,0,0,0,pima,0.7,6,2
3,0,277,0,0,0,pima,0.7,6,2
3,1,89,2,2,2,pima,0.7,6,2
4,0,277,0,0,0,pima,0.7,6,2
4,1,89,18,16,18,pima,0.7,6,2
5,0,277,2,2,0,pima,0.7,6,2
5,1,89,64,55,64,pima,0.7,6,2
6,0,277,80,79,0,pima,0.7,6,2
6,1,89,78,62,78,pima,0.7,6,2
7,0,277,99,97,0,pima,0.7,6,2
7,1,89,84,67,84,pima,0.7,6,2
8,0,277,124,121,0,pima,0.7,6,2
8,1,89,88,68,88,pima,0.7,6,2
9,0,277,130,127,6,pima,0.7,6,2
9,1,89,89,69,89,pima,0.7,6,2
10,0,277,142,136,6,pima,0.7,6,2
10,1,89,89,69,89,pima,0.7,6,2
1,0,284,0,0,0,pima,0.7,6,3
1,1,81,0,0,0,pima,0.7,6,3
2,0,284,0,0,0,pima,0.7,6,3
2,1,81,0,0,0,pima,0.7,6,3
3,0,284,0,0,0,pima,0.7,6,3
3,1,81,0,0,0,pima,0.7,6,3
4,0,284,0,0,0,pima,0.7,6,3
4,1,81,0,0,0,pima,0.7,6,3
5,0,284,1,1,0,pima,0.7,6,3
5,1,81,0,0,0,pima,0.7,6,3
6,0,284,64,62,15,pima,0.7,6,3
6,1,81,3,2,3,pima,0.7,6,3
7,0,284,110,91,50,pima,0.7,6,3
7,1,81,23,18,10,pima,0.7,6,3
8,0,284,112,93,50,pima,0.7,6,3
8,1,81,28,19,15,pima,0.7,6,3
9,0,284,149,124,73,pima,0.7,6,3
9,1,81,40,28,21,pima,0.7,6,3
10,0,284,157,131,73,pima,0.7,6,3
10,1,81,42,30,21,pima,0.7,6,3
1,0,104,5,5,5,pima,0.7,6,4
1,1,261,0,0,0,pima,0.7,6,4
2,0,104,41,39,41,pima,0.7,6,4
2,1,261,0,0,0,pima,0.7,6,4
3,0,104,75,70,75,pima,0.7,6,4
3,1,261,6,6,0,pima,0.7,6,4
4,0,104,93,82,93,pima,0.7,6,4
4,1,261,12,12,0,pima,0.7,6,4
5,0,104,103,91,103,pima,0.7,6,4
5,1,261,101,101,0,pima,0.7,6,4
6,0,104,103,91,103,pima,0.7,6,4
6,1,261,129,126,0,pima,0.7,6,4
7,0,104,103,91,103,pima,0.7,6,4
7,1,261,168,163,0,pima,0.7,6,4
8,0,104,103,91,103,pima,0.7,6,4
8,1,261,168,163,0,pima,0.7,6,4
9,0,104,103,91,103,pima,0.7,6,4
9,1,261,193,182,0,pima,0.7,6,4
10,0,104,103,91,103,pima,0.7,6,4
10,1,261,194,183,1,pima,0.7,6,4
1,0,269,0,0,0,pima,0.7,7,0
1,1,96,0,0,0,pima,0.7,7,0
2,0,269,0,0,0,pima,0.7,7,0
2,1,96,0,0,0,pima,0.7,7,0
3,0,269,0,0,0,pima,0.7,7,0
3,1,96,0,0,0,pima,0.7,7,0
4,0,269,0,0,0,pima,0.7,7,0
4,1,96,0,0,0,pima,0.7,7,0
5,0,269,1,1,1,pima,0.7,7,0
5,1,96,0,0,0,pima,0.7,7,0
6,0,269,69,62,32,pima,0.7,7,0
6,1,96,29,26,0,pima,0.7,7,0
7,0,269,128,104,79,pima,0.7,7,0
7,1,96,43,37,2,pima,0.7,7,0
8,0,269,149,125,85,pima,0.7,7,0
8,1,96,50,42,2,pima,0.7,7,0
9,0,269,171,135,104,pima,0.7,7,0
9,1,96,57,46,6,pima,0.7,7,0
10,0,269,182,143,104,pima,0.7,7,0
10,1,96,57,46,6,pima,0.7,7,0
1,0,343,0,0,0,pima,0.7,7,1
1,1,22,0,0,0,pima,0.7,7,1
2,0,343,0,0,0,pima,0.7,7,1
2,1,22,0,0,0,pima,0.7,7,1
3,0,343,0,0,0,pima,0.7,7,1
3,1,22,0,0,0,pima,0.7,7,1
4,0,343,0,0,0,pima,0.7,7,1
4,1,22,0,0,0,pima,0.7,7,1
5,0,343,0,0,0,pima,0.7,7,1
5,1,22,0,0,0,pima,0.7,7,1
6,0,343,17,15,11,pima,0.7,7,1
6,1,22,7,7,7,pima,0.7,7,1
7,0,343,102,76,96,pima,0.7,7,1
7,1,22,8,8,8,pima,0.7,7,1
8,0,343,139,103,113,pima,0.7,7,1
8,1,22,8,8,8,pima,0.7,7,1
9,0,343,146,107,119,pima,0.7,7,1
9,1,22,9,8,9,pima,0.7,7,1
10,0,343,169,130,120,pima,0.7,7,1
10,1,22,10,8,10,pima,0.7,7,1
1,0,183,0,0,0,pima,0.7,7,2
1,1,182,0,0,0,pima,0.7,7,2
2,0,183,0,0,0,pima,0.7,7,2
2,1,182,0,0,0,pima,0.7,7,2
3,0,183,23,20,23,pima,0.7,7,2
3,1,182,0,0,0,pima,0.7,7,2
4,0,183,47,41,47,pima,0.7,7,2
4,1,182,73,70,0,pima,0.7,7,2
5,0,183,98,83,98,pima,0.7,7,2
5,1,182,104,99,0,pima,0.7,7,2
6,0,183,98,83,98,pima,0.7,7,2
6,1,182,151,145,0,pima,0.7,7,2
7,0,183,134,99,134,pima,0.7,7,2
7,1,182,156,150,0,pima,0.7,7,2
8,0,183,134,99,134,pima,0.7,7,2
8,1,182,170,164,0,pima,0.7,7,2
9,0,183,161,106,161,pima,0.7,7,2
9,1,182,174,167,0,pima,0.7,7,2
10,0,183,161,106,161,pima,0.7,7,2
10,1,182,178,171,0,pima,0.7,7,2
1,0,240,0,0,0,pima,0.7,7,3
1,1,124,2,2,2,pima,0.7,7,3
2,0,240,0,0,0,pima,0.7,7,3
2,1,124,29,29,29,pima,0.7,7,3
3,0,240,8,8,0,pima,0.7,7,3
3,1,124,110,107,110,pima,0.7,7,3
4,0,240,121,118,0,pima,0.7,7,3
4,1,124,119,116,119,pima,0.7,7,3
5,0,240,193,189,0,pima,0.7,7,3
5,1,124,122,119,122,pima,0.7,7,3
6,0,240,205,201,0,pima,0.7,7,3
6,1,124,122,119,122,pima,0.7,7,3
7,0,240,211,207,0,pima,0.7,7,3
7,1,124,122,119,122,pima,0.7,7,3
8,0,240,236,230,0,pima,0.7,7,3
8,1,124,122,119,122,pima,0.7,7,3
9,0,240,238,232,0,pima,0.7,7,3
9,1,124,122,119,122,pima,0.7,7,3
10,0,240,240,234,0,pima,0.7,7,3
10,1,124,122,119,122,pima,0.7,7,3
1,0,252,0,0,0,pima,0.7,7,4
1,1,112,0,0,0,pima,0.7,7,4
2,0,252,0,0,0,pima,0.7,7,4
2,1,112,0,0,0,pima,0.7,7,4
3,0,252,0,0,0,pima,0.7,7,4
3,1,112,0,0,0,pima,0.7,7,4
4,0,252,0,0,0,pima,0.7,7,4
4,1,112,6,5,6,pima,0.7,7,4
5,0,252,32,32,0,pima,0.7,7,4
5,1,112,41,37,41,pima,0.7,7,4
6,0,252,32,32,0,pima,0.7,7,4
6,1,112,73,62,73,pima,0.7,7,4
7,0,252,133,129,0,pima,0.7,7,4
7,1,112,76,65,76,pima,0.7,7,4
8,0,252,133,129,0,pima,0.7,7,4
8,1,112,107,85,107,pima,0.7,7,4
9,0,252,152,145,0,pima,0.7,7,4
9,1,112,109,87,109,pima,0.7,7,4
10,0,252,152,145,0,pima,0.7,7,4
10,1,112,111,87,111,pima,0.7,7,4
1,0,229,0,0,0,pima,0.7,8,0
1,1,136,0,0,0,pima,0.7,8,0
2,0,229,0,0,0,pima,0.7,8,0
2,1,136,0,0,0,pima,0.7,8,0
3,0,229,0,0,0,pima,0.7,8,0
3,1,136,0,0,0,pima,0.7,8,0
4,0,229,0,0,0,pima,0.7,8,0
4,1,136,0,0,0,pima,0.7,8,0
5,0,229,0,0,0,pima,0.7,8,0
5,1,136,0,0,0,pima,0.7,8,0
6,0,229,0,0,0,pima,0.7,8,0
6,1,136,20,17,15,pima,0.7,8,0
7,0,229,14,7,14,pima,0.7,8,0
7,1,136,41,34,24,pima,0.7,8,0
8,0,229,67,33,67,pima,0.7,8,0
8,1,136,63,41,43,pima,0.7,8,0
9,0,229,83,41,83,pima,0.7,8,0
9,1,136,73,46,50,pima,0.7,8,0
10,0,229,87,43,87,pima,0.7,8,0
10,1,136,88,58,53,pima,0.7,8,0
1,0,225,0,0,0,pima,0.7,8,1
1,1,140,0,0,0,pima,0.7,8,1
2,0,225,0,0,0,pima,0.7,8,1
2,1,140,0,0,0,pima,0.7,8,1
3,0,225,0,0,0,pima,0.7,8,1
3,1,140,0,0,0,pima,0.7,8,1
4,0,225,0,0,0,pima,0.7,8,1
4,1,140,0,0,0,pima,0.7,8,1
5,0,225,0,0,0,pima,0.7,8,1
5,1,140,0,0,0,pima,0.7,8,1
6,0,225,53,49,26,pima,0.7,8,1
6,1,140,9,9,0,pima,0.7,8,1
7,0,225,108,92,67,pima,0.7,8,1
7,1,140,45,45,0,pima,0.7,8,1
8,0,225,110,94,68,pima,0.7,8,1
8,1,140,58,58,0,pima,0.7,8,1
9,0,225,129,106,84,pima,0.7,8,1
9,1,140,70,68,0,pima,0.7,8,1
10,0,225,129,106,84,pima,0.7,8,1
10,1,140,79,77,0,pima,0.7,8,1
1,0,106,0,0,0,pima,0.7,8,2
1,1,258,0,0,0,pima,0.7,8,2
2,0,106,0,0,0,pima,0.7,8,2
2,1,258,0,0,0,pima,0.7,8,2
3,0,106,0,0,0,pima,0.7,8,2
3,1,258,0,0,0,pima,0.7,8,2
4,0,106,3,2,3,pima,0.7,8,2
4,1,258,0,0,0,pima,0.7,8,2
5,0,106,14,12,14,pima,0.7,8,2
5,1,258,0,0,0,pima,0.7,8,2
6,0,106,56,50,56,pima,0.7,8,2
6,1,258,8,8,0,pima,0.7,8,2
7,0,106,65,55,65,pima,0.7,8,2
7,1,258,124,122,0,pima,0.7,8,2
8,0,106,82,60,82,pima,0.7,8,2
8,1,258,131,125,7,pima,0.7,8,2
9,0,106,87,62,87,pima,0.7,8,2
9,1,258,177,161,7,pima,0.7,8,2
10,0,106,103,73,103,pima,0.7,8,2
10,1,258,185,166,15,pima,0.7,8,2
1,0,51,0,0,0,pima,0.7,8,3
1,1,314,0,0,0,pima,0.7,8,3
2,0,51,0,0,0,pima,0.7,8,3
2,1,314,0,0,0,pima,0.7,8,3
3,0,51,0,0,0,pima,0.7,8,3
3,1,314,0,0,0,pima,0.7,8,3
4,0,51,0,0,0,pima,0.7,8,3
4,1,314,0,0,0,pima,0.7,8,3
5,0,51,0,0,0,pima,0.7,8,3
5,1,314,0,0,0,pima,0.7,8,3
6,0,51,16,14,6,pima,0.7,8,3
6,1,314,7,7,0,pima,0.7,8,3
7,0,51,20,18,8,pima,0.7,8,3
7,1,314,39,36,19,pima,0.7,8,3
8,0,51,23,20,11,pima,0.7,8,3
8,1,314,93,76,70,pima,0.7,8,3
9,0,51,25,21,12,pima,0.7,8,3
9,1,314,110,85,87,pima,0.7,8,3
10,0,51,26,22,13,pima,0.7,8,3
10,1,314,128,103,87,pima,0.7,8,3
1,0,232,0,0,0,pima,0.7,8,4
1,1,132,1,0,1,pima,0.7,8,4
2,0,232,0,0,0,pima,0.7,8,4
2,1,132,9,8,9,pima,0.7,8,4
3,0,232,0,0,0,pima,0.7,8,4
3,1,132,53,48,53,pima,0.7,8,4
4,0,232,35,34,0,pima,0.7,8,4
4,1,132,60,55,60,pima,0.7,8,4
5,0,232,35,34,0,pima,0.7,8,4
5,1,132,108,89,108,pima,0.7,8,4
6,0,232,144,139,0,pima,0.7,8,4
6,1,132,117,94,117,pima,0.7,8,4
7,0,232,148,143,0,pima,0.7,8,4
7,1,132,120,97,120,pima,0.7,8,4
8,0,232,184,174,0,pima,0.7,8,4
8,1,132,120,97,120,pima,0.7,8,4
9,0,232,185,175,0,pima,0.7,8,4
9,1,132,120,97,120,pima,0.7,8,4
10,0,232,191,181,0,pima,0.7,8,4
10,1,132,120,97,120,pima,0.7,8,4
1,0,145,0,0,0,pima,0.7,9,0
1,1,219,0,0,0,pima,0.7,9,0
2,0,145,0,0,0,pima,0.7,9,0
2,1,219,0,0,0,pima,0.7,9,0
3,0,145,0,0,0,pima,0.7,9,0
3,1,219,0,0,0,pima,0.7,9,0
4,0,145,1,0,1,pima,0.7,9,0
4,1,219,0,0,0,pima,0.7,9,0
5,0,145,17,15,1,pima,0.7,9,0
5,1,219,3,3,0,pima,0.7,9,0
6,0,145,64,57,15,pima,0.7,9,0
6,1,219,93,80,56,pima,0.7,9,0
7,0,145,71,62,15,pima,0.7,9,0
7,1,219,107,92,58,pima,0.7,9,0
8,0,145,90,79,17,pima,0.7,9,0
8,1,219,138,110,89,pima,0.7,9,0
9,0,145,114,97,17,pima,0.7,9,0
9,1,219,143,115,89,pima,0.7,9,0
10,0,145,115,97,18,pima,0.7,9,0
10,1,219,160,124,106,pima,0.7,9,0
1,0,225,0,0,0,pima,0.7,9,1
1,1,139,0,0,0,pima,0.7,9,1
2,0,225,0,0,0,pima,0.7,9,1
2,1,139,0,0,0,pima,0.7,9,1
3,0,225,0,0,0,pima,0.7,9,1
3,1,139,0,0,0,pima,0.7,9,1
4,0,225,0,0,0,pima,0.7,9,1
4,1,139,0,0,0,pima,0.7,9,1
5,0,225,0,0,0,pima,0.7,9,1
5,1,139,0,0,0,pima,0.7,9,1
6,0,225,19,16,15,pima,0.7,9,1
6,1,139,15,14,5,pima,0.7,9,1
7,0,225,82,65,49,pima,0.7,9,1
7,1,139,55,50,14,pima,0.7,9,1
8,0,225,93,74,56,pima,0.7,9,1
8,1,139,63,58,14,pima,0.7,9,1
9,0,225,113,90,56,pima,0.7,9,1
9,1,139,80,73,14,pima,0.7,9,1
10,0,225,125,97,68,pima,0.7,9,1
10,1,139,84,74,18,pima,0.7,9,1
1,0,206,0,0,0,pima,0.7,9,2
1,1,158,1,1,1,pima,0.7,9,2
2,0,206,0,0,0,pima,0.7,9,2
2,1,158,7,5,7,pima,0.7,9,2
3,0,206,0,0,0,pima,0.7,9,2
3,1,158,63,58,63,pima,0.7,9,2
4,0,206,77,77,0,pima,0.7,9,2
4,1,158,76,69,76,pima,0.7,9,2
5,0,206,118,117,0,pima,0.7,9,2
5,1,158,118,94,118,pima,0.7,9,2
6,0,206,164,160,0,pima,0.7,9,2
6,1,158,120,95,120,pima,0.7,9,2
7,0,206,174,168,0,pima,0.7,9,2
7,1,158,136,105,136,pima,0.7,9,2
8,0,206,183,177,0,pima,0.7,9,2
8,1,158,142,108,142,pima,0.7,9,2
9,0,206,202,196,0,pima,0.7,9,2
9,1,158,145,110,145,pima,0.7,9,2
10,0,206,203,197,0,pima,0.7,9,2
10,1,158,145,110,145,pima,0.7,9,2
1,0,63,0,0,0,pima,0.7,9,3
1,1,303,0,0,0,pima,0.7,9,3
2,0,63,0,0,0,pima,0.7,9,3
2,1,303,0,0,0,pima,0.7,9,3
3,0,63,0,0,0,pima,0.7,9,3
3,1,303,0,0,0,pima,0.7,9,3
4,0,63,0,0,0,pima,0.7,9,3
4,1,303,0,0,0,pima,0.7,9,3
5,0,63,0,0,0,pima,0.7,9,3
5,1,303,26,25,0,pima,0.7,9,3
6,0,63,6,4,6,pima,0.7,9,3
6,1,303,73,71,0,pima,0.7,9,3
7,0,63,36,24,36,pima,0.7,9,3
7,1,303,95,89,16,pima,0.7,9,3
8,0,63,46,28,46,pima,0.7,9,3
8,1,303,159,123,71,pima,0.7,9,3
9,0,63,46,28,46,pima,0.7,9,3
9,1,303,185,137,90,pima,0.7,9,3
10,0,63,46,28,46,pima,0.7,9,3
10,1,303,194,141,93,pima,0.7,9,3
1,0,282,0,0,0,pima,0.7,9,4
1,1,83,3,3,3,pima,0.7,9,4
2,0,282,0,0,0,pima,0.7,9,4
2,1,83,37,37,37,pima,0.7,9,4
3,0,282,0,0,0,pima,0.7,9,4
3,1,83,45,43,45,pima,0.7,9,4
4,0,282,0,0,0,pima,0.7,9,4
4,1,83,66,61,66,pima,0.7,9,4
5,0,282,29,29,0,pima,0.7,9,4
5,1,83,83,77,83,pima,0.7,9,4
6,0,282,100,97,1,pima,0.7,9,4
6,1,83,83,77,83,pima,0.7,9,4
7,0,282,136,130,1,pima,0.7,9,4
7,1,83,83,77,83,pima,0.7,9,4
8,0,282,139,133,2,pima,0.7,9,4
8,1,83,83,77,83,pima,0.7,9,4
9,0,282,160,151,2,pima,0.7,9,4
9,1,83,83,77,83,pima,0.7,9,4
10,0,282,164,153,3,pima,0.7,9,4
10,1,83,83,77,83,pima,0.7,9,4
1,0,286,0,0,0,pima,0.8,0,0
1,1,130,0,0,0,pima,0.8,0,0
2,0,286,0,0,0,pima,0.8,0,0
2,1,130,0,0,0,pima,0.8,0,0
3,0,286,0,0,0,pima,0.8,0,0
3,1,130,0,0,0,pima,0.8,0,0
4,0,286,0,0,0,pima,0.8,0,0
4,1,130,0,0,0,pima,0.8,0,0
5,0,286,0,0,0,pima,0.8,0,0
5,1,130,11,11,0,pima,0.8,0,0
6,0,286,27,18,25,pima,0.8,0,0
6,1,130,74,58,31,pima,0.8,0,0
7,0,286,62,45,44,pima,0.8,0,0
7,1,130,88,71,39,pima,0.8,0,0
8,0,286,77,46,59,pima,0.8,0,0
8,1,130,95,76,44,pima,0.8,0,0
9,0,286,99,61,63,pima,0.8,0,0
9,1,130,101,76,50,pima,0.8,0,0
10,0,286,117,79,63,pima,0.8,0,0
10,1,130,103,76,52,pima,0.8,0,0
1,0,188,0,0,0,pima,0.8,0,1
1,1,230,0,0,0,pima,0.8,0,1
2,0,188,0,0,0,pima,0.8,0,1
2,1,230,4,4,4,pima,0.8,0,1
3,0,188,17,17,0,pima,0.8,0,1
3,1,230,51,44,51,pima,0.8,0,1
4,0,188,102,101,0,pima,0.8,0,1
4,1,230,87,76,87,pima,0.8,0,1
5,0,188,177,172,0,pima,0.8,0,1
5,1,230,117,98,117,pima,0.8,0,1
6,0,188,180,174,0,pima,0.8,0,1
6,1,230,124,101,124,pima,0.8,0,1
7,0,188,185,179,0,pima,0.8,0,1
7,1,230,134,108,134,pima,0.8,0,1
8,0,188,188,182,0,pima,0.8,0,1
8,1,230,144,111,144,pima,0.8,0,1
9,0,188,188,182,0,pima,0.8,0,1
9,1,230,154,117,154,pima,0.8,0,1
10,0,188,188,182,0,pima,0.8,0,1
10,1,230,165,121,165,pima,0.8,0,1
1,0,344,0,0,0,pima,0.8,0,2
1,1,73,0,0,0,pima,0.8,0,2
2,0,344,0,0,0,pima,0.8,0,2
2,1,73,0,0,0,pima,0.8,0,2
3,0,344,0,0,0,pima,0.8,0,2
3,1,73,0,0,0,pima,0.8,0,2
4,0,344,0,0,0,pima,0.8,0,2
4,1,73,0,0,0,pima,0.8,0,2
5,0,344,0,0,0,pima,0.8,0,2
5,1,73,0,0,0,pima,0.8,0,2
6,0,344,68,62,31,pima,0.8,0,2
6,1,73,24,23,24,pima,0.8,0,2
7,0,344,166,143,51,pima,0.8,0,2
7,1,73,27,26,26,pima,0.8,0,2
8,0,344,183,154,61,pima,0.8,0,2
8,1,73,41,35,37,pima,0.8,0,2
9,0,344,228,192,63,pima,0.8,0,2
9,1,73,46,39,40,pima,0.8,0,2
10,0,344,230,192,65,pima,0.8,0,2
10,1,73,49,42,43,pima,0.8,0,2
1,0,251,1,1,1,pima,0.8,0,3
1,1,167,0,0,0,pima,0.8,0,3
2,0,251,1,1,1,pima,0.8,0,3
2,1,167,0,0,0,pima,0.8,0,3
3,0,251,7,6,7,pima,0.8,0,3
3,1,167,0,0,0,pima,0.8,0,3
4,0,251,7,6,7,pima,0.8,0,3
4,1,167,46,45,0,pima,0.8,0,3
5,0,251,92,77,92,pima,0.8,0,3
5,1,167,98,97,0,pima,0.8,0,3
6,0,251,101,86,92,pima,0.8,0,3
6,1,167,139,138,0,pima,0.8,0,3
7,0,251,142,108,133,pima,0.8,0,3
7,1,167,140,138,0,pima,0.8,0,3
8,0,251,155,120,133,pima,0.8,0,3
8,1,167,154,149,0,pima,0.8,0,3
9,0,251,173,130,151,pima,0.8,0,3
9,1,167,154,149,0,pima,0.8,0,3
10,0,251,183,140,151,pima,0.8,0,3
10,1,167,155,149,0,pima,0.8,0,3
1,0,119,0,0,0,pima,0.8,0,4
1,1,299,0,0,0,pima,0.8,0,4
2,0,119,0,0,0,pima,0.8,0,4
2,1,299,0,0,0,pima,0.8,0,4
3,0,119,0,0,0,pima,0.8,0,4
3,1,299,28,28,0,pima,0.8,0,4
4,0,119,38,35,38,pima,0.8,0,4
4,1,299,28,28,0,pima,0.8,0,4
5,0,119,56,48,56,pima,0.8,0,4
5,1,299,156,149,0,pima,0.8,0,4
6,0,119,92,70,92,pima,0.8,0,4
6,1,299,174,159,18,pima,0.8,0,4
7,0,119,97,74,97,pima,0.8,0,4
7,1,299,242,214,18,pima,0.8,0,4
8,0,119,110,85,110,pima,0.8,0,4
8,1,299,265,225,41,pima,0.8,0,4
9,0,119,110,85,110,pima,0.8,0,4
9,1,299,279,233,41,pima,0.8,0,4
10,0,119,110,85,110,pima,0.8,0,4
10,1,299,284,235,46,pima,0.8,0,4
1,0,80,0,0,0,pima,0.8,1,0
1,1,337,0,0,0,pima,0.8,1,0
2,0,80,0,0,0,pima,0.8,1,0
2,1,337,0,0,0,pima,0.8,1,0
3,0,80,0,0,0,pima,0.8,1,0
3,1,337,0,0,0,pima,0.8,1,0
4,0,80,20,19,0,pima,0.8,1,0
4,1,337,0,0,0,pima,0.8,1,0
5,0,80,42,41,0,pima,0.8,1,0
5,1,337,1,1,1,pima,0.8,1,0
6,0,80,69,66,0,pima,0.8,1,0
6,1,337,71,64,45,pima,0.8,1,0
7,0,80,77,74,0,pima,0.8,1,0
7,1,337,160,133,92,pima,0.8,1,0
8,0,80,79,76,0,pima,0.8,1,0
8,1,337,179,148,93,pima,0.8,1,0
9,0,80,79,76,0,pima,0.8,1,0
9,1,337,216,171,128,pima,0.8,1,0
10,0,80,80,76,0,pima,0.8,1,0
10,1,337,228,181,129,pima,0.8,1,0
1,0,213,0,0,0,pima,0.8,1,1
1,1,203,0,0,0,pima,0.8,1,1
2,0,213,0,0,0,pima,0.8,1,1
2,1,203,0,0,0,pima,0.8,1,1
3,0,213,30,30,30,pima,0.8,1,1
3,1,203,0,0,0,pima,0.8,1,1
4,0,213,44,44,44,pima,0.8,1,1
4,1,203,17,17,0,pima,0.8,1,1
5,0,213,99,84,99,pima,0.8,1,1
5,1,203,17,17,0,pima,0.8,1,1
6,0,213,115,98,99,pima,0.8,1,1
6,1,203,143,137,0,pima,0.8,1,1
7,0,213,135,111,119,pima,0.8,1,1
7,1,203,144,138,0,pima,0.8,1,1
8,0,213,151,127,119,pima,0.8,1,1
8,1,203,182,170,0,pima,0.8,1,1
9,0,213,163,136,131,pima,0.8,1,1
9,1,203,185,172,0,pima,0.8,1,1
10,0,213,163,136,131,pima,0.8,1,1
10,1,203,195,181,0,pima,0.8,1,1
1,0,376,0,0,0,pima,0.8,1,2
1,1,42,0,0,0,pima,0.8,1,2
2,0,376,0,0,0,pima,0.8,1,2
2,1,42,0,0,0,pima,0.8,1,2
3,0,376,0,0,0,pima,0.8,1,2
3,1,42,0,0,0,pima,0.8,1,2
4,0,376,0,0,0,pima,0.8,1,2
4,1,42,0,0,0,pima,0.8,1,2
5,0,376,11,11,0,pima,0.8,1,2
5,1,42,0,0,0,pima,0.8,1,2
6,0,376,84,82,0,pima,0.8,1,2
6,1,42,25,24,7,pima,0.8,1,2
7,0,376,98,94,11,pima,0.8,1,2
7,1,42,26,25,8,pima,0.8,1,2
8,0,376,144,128,17,pima,0.8,1,2
8,1,42,30,28,8,pima,0.8,1,2
9,0,376,167,146,31,pima,0.8,1,2
9,1,42,31,29,8,pima,0.8,1,2
10,0,376,182,157,35,pima,0.8,1,2
10,1,42,33,31,8,pima,0.8,1,2
1,0,143,0,0,0,pima,0.8,1,3
1,1,275,0,0,0,pima,0.8,1,3
2,0,143,0,0,0,pima,0.8,1,3
2,1,275,0,0,0,pima,0.8,1,3
3,0,143,0,0,0,pima,0.8,1,3
3,1,275,0,0,0,pima,0.8,1,3
4,0,143,35,35,0,pima,0.8,1,3
4,1,275,0,0,0,pima,0.8,1,3
5,0,143,68,68,0,pima,0.8,1,3
5,1,275,9,7,9,pima,0.8,1,3
6,0,143,106,105,0,pima,0.8,1,3
6,1,275,45,41,45,pima,0.8,1,3
7,0,143,125,123,0,pima,0.8,1,3
7,1,275,147,100,147,pima,0.8,1,3
8,0,143,133,130,0,pima,0.8,1,3
8,1,275,147,100,147,pima,0.8,1,3
9,0,143,139,135,0,pima,0.8,1,3
9,1,275,204,120,204,pima,0.8,1,3
10,0,143,142,138,0,pima,0.8,1,3
10,1,275,204,120,204,pima,0.8,1,3
1,0,241,0,0,0,pima,0.8,1,4
1,1,177,0,0,0,pima,0.8,1,4
2,0,241,0,0,0,pima,0.8,1,4
2,1,177,27,24,27,pima,0.8,1,4
3,0,241,36,34,0,pima,0.8,1,4
3,1,177,27,24,27,pima,0.8,1,4
4,0,241,39,37,0,pima,0.8,1,4
4,1,177,87,78,87,pima,0.8,1,4
5,0,241,197,189,0,pima,0.8,1,4
5,1,177,95,86,95,pima,0.8,1,4
6,0,241,198,190,0,pima,0.8,1,4
6,1,177,107,91,107,pima,0.8,1,4
7,0,241,216,207,0,pima,0.8,1,4
7,1,177,111,94,111,pima,0.8,1,4
8,0,241,219,210,0,pima,0.8,1,4
8,1,177,135,107,135,pima,0.8,1,4
9,0,241,231,220,0,pima,0.8,1,4
9,1,177,136,107,136,pima,0.8,1,4
10,0,241,231,220,0,pima,0.8,1,4
10,1,177,137,107,137,pima,0.8,1,4
1,0,132,0,0,0,pima,0.8,2,0
1,1,285,0,0,0,pima,0.8,2,0
2,0,132,0,0,0,pima,0.8,2,0
2,1,285,0,0,0,pima,0.8,2,0
3,0,132,0,0,0,pima,0.8,2,0
3,1,285,0,0,0,pima,0.8,2,0
4,0,132,0,0,0,pima,0.8,2,0
4,1,285,0,0,0,pima,0.8,2,0
5,0,132,0,0,0,pima,0.8,2,0
5,1,285,8,7,8,pima,0.8,2,0
6,0,132,55,54,0,pima,0.8,2,0
6,1,285,76,64,76,pima,0.8,2,0
7,0,132,80,76,0,pima,0.8,2,0
7,1,285,98,78,98,pima,0.8,2,0
8,0,132,100,94,0,pima,0.8,2,0
8,1,285,99,78,99,pima,0.8,2,0
9,0,132,102,96,0,pima,0.8,2,0
9,1,285,127,94,127,pima,0.8,2,0
10,0,132,113,105,0,pima,0.8,2,0
10,1,285,128,94,128,pima,0.8,2,0
1,0,155,0,0,0,pima,0.8,2,1
1,1,262,0,0,0,pima,0.8,2,1
2,0,155,0,0,0,pima,0.8,2,1
2,1,262,0,0,0,pima,0.8,2,1
3,0,155,0,0,0,pima,0.8,2,1
3,1,262,0,0,0,pima,0.8,2,1
4,0,155,0,0,0,pima,0.8,2,1
4,1,262,0,0,0,pima,0.8,2,1
5,0,155,15,11,15,pima,0.8,2,1
5,1,262,0,0,0,pima,0.8,2,1
6,0,155,72,58,41,pima,0.8,2,1
6,1,262,21,16,11,pima,0.8,2,1
7,0,155,84,66,41,pima,0.8,2,1
7,1,262,100,87,27,pima,0.8,2,1
8,0,155,94,73,45,pima,0.8,2,1
8,1,262,143,124,45,pima,0.8,2,1
9,0,155,102,77,46,pima,0.8,2,1
9,1,262,155,129,56,pima,0.8,2,1
10,0,155,107,81,47,pima,0.8,2,1
10,1,262,169,135,70,pima,0.8,2,1
1,0,140,0,0,0,pima,0.8,2,2
1,1,277,0,0,0,pima,0.8,2,2
2,0,140,2,1,2,pima,0.8,2,2
2,1,277,0,0,0,pima,0.8,2,2
3,0,140,28,25,28,pima,0.8,2,2
3,1,277,0,0,0,pima,0.8,2,2
4,0,140,93,83,93,pima,0.8,2,2
4,1,277,21,21,0,pima,0.8,2,2
5,0,140,120,105,120,pima,0.8,2,2
5,1,277,106,103,0,pima,0.8,2,2
6,0,140,120,105,120,pima,0.8,2,2
6,1,277,205,195,0,pima,0.8,2,2
7,0,140,125,108,125,pima,0.8,2,2
7,1,277,220,206,0,pima,0.8,2,2
8,0,140,125,108,125,pima,0.8,2,2
8,1,277,231,216,0,pima,0.8,2,2
9,0,140,125,108,125,pima,0.8,2,2
9,1,277,244,225,2,pima,0.8,2,2
10,0,140,125,108,125,pima,0.8,2,2
10,1,277,251,226,9,pima,0.8,2,2
1,0,199,0,0,0,pima,0.8,2,3
1,1,219,0,0,0,pima,0.8,2,3
2,0,199,0,0,0,pima,0.8,2,3
2,1,219,0,0,0,pima,0.8,2,3
3,0,199,0,0,0,pima,0.8,2,3
3,1,219,5,5,0,pima,0.8,2,3
4,0,199,0,0,0,pima,0.8,2,3
4,1,219,5,5,0,pima,0.8,2,3
5,0,199,0,0,0,pima,0.8,2,3
5,1,219,82,79,0,pima,0.8,2,3
6,0,199,63,52,63,pima,0.8,2,3
6,1,219,98,94,0,pima,0.8,2,3
7,0,199,88,73,88,pima,0.8,2,3
7,1,219,146,134,0,pima,0.8,2,3
8,0,199,124,85,124,pima,0.8,2,3
8,1,219,156,143,0,pima,0.8,2,3
9,0,199,138,91,138,pima,0.8,2,3
9,1,219,175,157,0,pima,0.8,2,3
10,0,199,164,101,164,pima,0.8,2,3
10,1,219,175,157,0,pima,0.8,2,3
1,0,161,0,0,0,pima,0.8,2,4
1,1,256,0,0,0,pima,0.8,2,4
2,0,161,0,0,0,pima,0.8,2,4
2,1,256,0,0,0,pima,0.8,2,4
3,0,161,0,0,0,pima,0.8,2,4
3,1,256,0,0,0,pima,0.8,2,4
4,0,161,0,0,0,pima,0.8,2,4
4,1,256,0,0,0,pima,0.8,2,4
5,0,161,35,32,35,pima,0.8,2,4
5,1,256,0,0,0,pima,0.8,2,4
6,0,161,82,72,74,pima,0.8,2,4
6,1,256,105,103,0,pima,0.8,2,4
7,0,161,103,87,95,pima,0.8,2,4
7,1,256,139,131,0,pima,0.8,2,4
8,0,161,109,93,101,pima,0.8,2,4
8,1,256,208,191,0,pima,0.8,2,4
9,0,161,131,109,123,pima,0.8,2,4
9,1,256,210,192,0,pima,0.8,2,4
10,0,161,131,109,123,pima,0.8,2,4
10,1,256,220,202,0,pima,0.8,2,4
1,0,75,0,0,0,pima,0.8,3,0
1,1,342,0,0,0,pima,0.8,3,0
2,0,75,2,2,2,pima,0.8,3,0
2,1,342,0,0,0,pima,0.8,3,0
3,0,75,17,17,17,pima,0.8,3,0
3,1,342,0,0,0,pima,0.8,3,0
4,0,75,41,39,41,pima,0.8,3,0
4,1,342,0,0,0,pima,0.8,3,0
5,0,75,54,52,54,pima,0.8,3,0
5,1,342,0,0,0,pima,0.8,3,0
6,0,75,54,52,54,pima,0.8,3,0
6,1,342,47,46,0,pima,0.8,3,0
7,0,75,64,55,64,pima,0.8,3,0
7,1,342,51,49,3,pima,0.8,3,0
8,0,75,66,57,66,pima,0.8,3,0
8,1,342,149,135,13,pima,0.8,3,0
9,0,75,73,62,73,pima,0.8,3,0
9,1,342,159,138,23,pima,0.8,3,0
10,0,75,73,62,73,pima,0.8,3,0
10,1,342,206,173,28,pima,0.8,3,0
1,0,359,0,0,0,pima,0.8,3,1
1,1,58,0,0,0,pima,0.8,3,1
2,0,359,0,0,0,pima,0.8,3,1
2,1,58,7,7,7,pima,0.8,3,1
3,0,359,0,0,0,pima,0.8,3,1
3,1,58,15,15,15,pima,0.8,3,1
4,0,359,0,0,0,pima,0.8,3,1
4,1,58,39,35,39,pima,0.8,3,1
5,0,359,17,17,0,pima,0.8,3,1
5,1,58,42,36,42,pima,0.8,3,1
6,0,359,66,63,10,pima,0.8,3,1
6,1,58,57,45,57,pima,0.8,3,1
7,0,359,137,131,12,pima,0.8,3,1
7,1,58,58,46,58,pima,0.8,3,1
8,0,359,144,137,19,pima,0.8,3,1
8,1,58,58,46,58,pima,0.8,3,1
9,0,359,199,181,26,pima,0.8,3,1
9,1,58,58,46,58,pima,0.8,3,1
10,0,359,222,196,49,pima,0.8,3,1
10,1,58,58,46,58,pima,0.8,3,1
1,0,68,0,0,0,pima,0.8,3,2
1,1,348,0,0,0,pima,0.8,3,2
2,0,68,0,0,0,pima,0.8,3,2
2,1,348,0,0,0,pima,0.8,3,2
3,0,68,0,0,0,pima,0.8,3,2
3,1,348,0,0,0,pima,0.8,3,2
4,0,68,0,0,0,pima,0.8,3,2
4,1,348,14,14,0,pima,0.8,3,2
5,0,68,0,0,0,pima,0.8,3,2
5,1,348,46,44,12,pima,0.8,3,2
6,0,68,38,28,20,pima,0.8,3,2
6,1,348,122,100,88,pima,0.8,3,2
7,0,68,45,30,26,pima,0.8,3,2
7,1,348,153,114,119,pima,0.8,3,2
8,0,68,46,31,26,pima,0.8,3,2
8,1,348,175,130,127,pima,0.8,3,2
9,0,68,46,31,26,pima,0.8,3,2
9,1,348,182,133,134,pima,0.8,3,2
10,0,68,48,32,27,pima,0.8,3,2
10,1,348,187,135,139,pima,0.8,3,2
1,0,295,0,0,0,pima,0.8,3,3
1,1,123,0,0,0,pima,0.8,3,3
2,0,295,0,0,0,pima,0.8,3,3
2,1,123,0,0,0,pima,0.8,3,3
3,0,295,0,0,0,pima,0.8,3,3
3,1,123,0,0,0,pima,0.8,3,3
4,0,295,0,0,0,pima,0.8,3,3
4,1,123,0,0,0,pima,0.8,3,3
5,0,295,0,0,0,pima,0.8,3,3
5,1,123,1,1,1,pima,0.8,3,3
6,0,295,0,0,0,pima,0.8,3,3
6,1,123,45,40,45,pima,0.8,3,3
7,0,295,54,50,0,pima,0.8,3,3
7,1,123,69,58,64,pima,0.8,3,3
8,0,295,58,53,4,pima,0.8,3,3
8,1,123,89,73,84,pima,0.8,3,3
9,0,295,119,110,4,pima,0.8,3,3
9,1,123,94,78,84,pima,0.8,3,3
10,0,295,120,111,5,pima,0.8,3,3
10,1,123,102,79,92,pima,0.8,3,3
1,0,224,0,0,0,pima,0.8,3,4
1,1,194,1,1,1,pima,0.8,3,4
2,0,224,0,0,0,pima,0.8,3,4
2,1,194,28,24,28,pima,0.8,3,4
3,0,224,31,31,0,pima,0.8,3,4
3,1,194,60,54,60,pima,0.8,3,4
4,0,224,44,43,0,pima,0.8,3,4
4,1,194,106,92,106,pima,0.8,3,4
5,0,224,182,174,0,pima,0.8,3,4
5,1,194,109,94,108,pima,0.8,3,4
6,0,224,192,182,0,pima,0.8,3,4
6,1,194,121,101,120,pima,0.8,3,4
7,0,224,204,192,0,pima,0.8,3,4
7,1,194,130,109,129,pima,0.8,3,4
8,0,224,210,198,0,pima,0.8,3,4
8,1,194,136,110,135,pima,0.8,3,4
9,0,224,213,201,0,pima,0.8,3,4
9,1,194,136,110,135,pima,0.8,3,4
10,0,224,213,201,0,pima,0.8,3,4
10,1,194,136,110,135,pima,0.8,3,4
1,0,277,0,0,0,pima,0.8,4,0
1,1,140,0,0,0,pima,0.8,4,0
2,0,277,0,0,0,pima,0.8,4,0
2,1,140,0,0,0,pima,0.8,4,0
3,0,277,0,0,0,pima,0.8,4,0
3,1,140,0,0,0,pima,0.8,4,0
4,0,277,0,0,0,pima,0.8,4,0
4,1,140,0,0,0,pima,0.8,4,0
5,0,277,13,12,13,pima,0.8,4,0
5,1,140,0,0,0,pima,0.8,4,0
6,0,277,91,83,53,pima,0.8,4,0
6,1,140,36,34,0,pima,0.8,4,0
7,0,277,125,106,83,pima,0.8,4,0
7,1,140,81,77,0,pima,0.8,4,0
8,0,277,154,130,86,pima,0.8,4,0
8,1,140,123,114,0,pima,0.8,4,0
9,0,277,176,142,108,pima,0.8,4,0
9,1,140,123,114,0,pima,0.8,4,0
10,0,277,187,152,108,pima,0.8,4,0
10,1,140,139,125,0,pima,0.8,4,0
1,0,200,0,0,0,pima,0.8,4,1
1,1,217,0,0,0,pima,0.8,4,1
2,0,200,0,0,0,pima,0.8,4,1
2,1,217,0,0,0,pima,0.8,4,1
3,0,200,0,0,0,pima,0.8,4,1
3,1,217,0,0,0,pima,0.8,4,1
4,0,200,0,0,0,pima,0.8,4,1
4,1,217,0,0,0,pima,0.8,4,1
5,0,200,0,0,0,pima,0.8,4,1
5,1,217,0,0,0,pima,0.8,4,1
6,0,200,56,47,14,pima,0.8,4,1
6,1,217,24,22,0,pima,0.8,4,1
7,0,200,80,65,33,pima,0.8,4,1
7,1,217,76,61,41,pima,0.8,4,1
8,0,200,89,73,33,pima,0.8,4,1
8,1,217,90,71,41,pima,0.8,4,1
9,0,200,103,81,40,pima,0.8,4,1
9,1,217,136,97,86,pima,0.8,4,1
10,0,200,127,101,40,pima,0.8,4,1
10,1,217,140,100,86,pima,0.8,4,1
1,0,26,0,0,0,pima,0.8,4,2
1,1,391,0,0,0,pima,0.8,4,2
2,0,26,0,0,0,pima,0.8,4,2
2,1,391,0,0,0,pima,0.8,4,2
3,0,26,0,0,0,pima,0.8,4,2
3,1,391,0,0,0,pima,0.8,4,2
4,0,26,0,0,0,pima,0.8,4,2
4,1,391,0,0,0,pima,0.8,4,2
5,0,26,0,0,0,pima,0.8,4,2
5,1,391,0,0,0,pima,0.8,4,2
6,0,26,14,13,14,pima,0.8,4,2
6,1,391,11,8,11,pima,0.8,4,2
7,0,26,17,16,17,pima,0.8,4,2
7,1,391,62,45,62,pima,0.8,4,2
8,0,26,17,16,17,pima,0.8,4,2
8,1,391,170,132,102,pima,0.8,4,2
9,0,26,18,17,18,pima,0.8,4,2
9,1,391,176,135,108,pima,0.8,4,2
10,0,26,18,17,18,pima,0.8,4,2
10,1,391,228,183,110,pima,0.8,4,2
1,0,258,0,0,0,pima,0.8,4,3
1,1,159,0,0,0,pima,0.8,4,3
2,0,258,0,0,0,pima,0.8,4,3
2,1,159,0,0,0,pima,0.8,4,3
3,0,258,0,0,0,pima,0.8,4,3
3,1,159,1,0,1,pima,0.8,4,3
4,0,258,0,0,0,pima,0.8,4,3
4,1,159,1,0,1,pima,0.8,4,3
5,0,258,0,0,0,pima,0.8,4,3
5,1,159,4,2,4,pima,0.8,4,3
6,0,258,48,45,19,pima,0.8,4,3
6,1,159,73,61,30,pima,0.8,4,3
7,0,258,102,85,54,pima,0.8,4,3
7,1,159,92,77,32,pima,0.8,4,3
8,0,258,130,101,74,pima,0.8,4,3
8,1,159,103,82,43,pima,0.8,4,3
9,0,258,152,106,96,pima,0.8,4,3
9,1,159,107,82,44,pima,0.8,4,3
10,0,258,157,109,101,pima,0.8,4,3
10,1,159,107,82,44,pima,0.8,4,3
1,0,310,0,0,0,pima,0.8,4,4
1,1,108,0,0,0,pima,0.8,4,4
2,0,310,0,0,0,pima,0.8,4,4
2,1,108,0,0,0,pima,0.8,4,4
3,0,310,0,0,0,pima,0.8,4,4
3,1,108,0,0,0,pima,0.8,4,4
4,0,310,0,0,0,pima,0.8,4,4
4,1,108,0,0,0,pima,0.8,4,4
5,0,310,2,2,0,pima,0.8,4,4
5,1,108,0,0,0,pima,0.8,4,4
6,0,310,75,70,0,pima,0.8,4,4
6,1,108,24,14,24,pima,0.8,4,4
7,0,310,107,100,16,pima,0.8,4,4
7,1,108,36,23,36,pima,0.8,4,4
8,0,310,157,135,64,pima,0.8,4,4
8,1,108,49,34,39,pima,0.8,4,4
9,0,310,170,140,77,pima,0.8,4,4
9,1,108,73,55,39,pima,0.8,4,4
10,0,310,191,147,98,pima,0.8,4,4
10,1,108,73,55,39,pima,0.8,4,4
1,0,121,0,0,0,pima,0.8,5,0
1,1,296,0,0,0,pima,0.8,5,0
2,0,121,0,0,0,pima,0.8,5,0
2,1,296,0,0,0,pima,0.8,5,0
3,0,121,0,0,0,pima,0.8,5,0
3,1,296,0,0,0,pima,0.8,5,0
4,0,121,0,0,0,pima,0.8,5,0
4,1,296,0,0,0,pima,0.8,5,0
5,0,121,2,2,0,pima,0.8,5,0
5,1,296,0,0,0,pima,0.8,5,0
6,0,121,49,47,0,pima,0.8,5,0
6,1,296,59,55,31,pima,0.8,5,0
7,0,121,52,50,0,pima,0.8,5,0
7,1,296,113,93,61,pima,0.8,5,0
8,0,121,68,63,0,pima,0.8,5,0
8,1,296,129,107,61,pima,0.8,5,0
9,0,121,68,63,0,pima,0.8,5,0
9,1,296,154,123,86,pima,0.8,5,0
10,0,121,72,66,0,pima,0.8,5,0
10,1,296,156,125,86,pima,0.8,5,0
1,0,215,0,0,0,pima,0.8,5,1
1,1,202,0,0,0,pima,0.8,5,1
2,0,215,0,0,0,pima,0.8,5,1
2,1,202,3,2,3,pima,0.8,5,1
3,0,215,17,17,0,pima,0.8,5,1
3,1,202,3,2,3,pima,0.8,5,1
4,0,215,18,17,0,pima,0.8,5,1
4,1,202,36,32,36,pima,0.8,5,1
5,0,215,166,161,0,pima,0.8,5,1
5,1,202,37,33,37,pima,0.8,5,1
6,0,215,166,161,0,pima,0.8,5,1
6,1,202,115,95,115,pima,0.8,5,1
7,0,215,182,175,0,pima,0.8,5,1
7,1,202,117,97,117,pima,0.8,5,1
8,0,215,185,178,0,pima,0.8,5,1
8,1,202,175,118,175,pima,0.8,5,1
9,0,215,197,185,0,pima,0.8,5,1
9,1,202,184,121,184,pima,0.8,5,1
10,0,215,198,186,0,pima,0.8,5,1
10,1,202,188,124,188,pima,0.8,5,1
1,0,367,0,0,0,pima,0.8,5,2
1,1,50,0,0,0,pima,0.8,5,2
2,0,367,0,0,0,pima,0.8,5,2
2,1,50,0,0,0,pima,0.8,5,2
3,0,367,0,0,0,pima,0.8,5,2
3,1,50,0,0,0,pima,0.8,5,2
4,0,367,7,7,0,pima,0.8,5,2
4,1,50,0,0,0,pima,0.8,5,2
5,0,367,63,61,1,pima,0.8,5,2
5,1,50,0,0,0,pima,0.8,5,2
6,0,367,176,152,21,pima,0.8,5,2
6,1,50,12,8,0,pima,0.8,5,2
7,0,367,229,190,74,pima,0.8,5,2
7,1,50,17,13,0,pima,0.8,5,2
8,0,367,254,209,86,pima,0.8,5,2
8,1,50,25,16,8,pima,0.8,5,2
9,0,367,280,223,104,pima,0.8,5,2
9,1,50,26,17,8,pima,0.8,5,2
10,0,367,303,238,105,pima,0.8,5,2
10,1,50,33,22,8,pima,0.8,5,2
1,0,191,0,0,0,pima,0.8,5,3
1,1,226,0,0,0,pima,0.8,5,3
2,0,191,0,0,0,pima,0.8,5,3
2,1,226,0,0,0,pima,0.8,5,3
3,0,191,0,0,0,pima,0.8,5,3
3,1,226,0,0,0,pima,0.8,5,3
4,0,191,0,0,0,pima,0.8,5,3
4,1,226,0,0,0,pima,0.8,5,3
5,0,191,5,5,0,pima,0.8,5,3
5,1,226,1,1,1,pima,0.8,5,3
6,0,191,92,90,0,pima,0.8,5,3
6,1,226,61,56,40,pima,0.8,5,3
7,0,191,96,93,2,pima,0.8,5,3
7,1,226,101,86,80,pima,0.8,5,3
8,0,191,121,116,2,pima,0.8,5,3
8,1,226,107,89,85,pima,0.8,5,3
9,0,191,127,122,8,pima,0.8,5,3
9,1,226,147,113,125,pima,0.8,5,3
10,0,191,144,137,8,pima,0.8,5,3
10,1,226,154,119,125,pima,0.8,5,3
1,0,204,0,0,0,pima,0.8,5,4
1,1,213,0,0,0,pima,0.8,5,4
2,0,204,0,0,0,pima,0.8,5,4
2,1,213,0,0,0,pima,0.8,5,4
3,0,204,0,0,0,pima,0.8,5,4
3,1,213,13,13,13,pima,0.8,5,4
4,0,204,1,1,0,pima,0.8,5,4
4,1,213,18,18,16,pima,0.8,5,4
5,0,204,12,12,0,pima,0.8,5,4
5,1,213,78,64,76,pima,0.8,5,4
6,0,204,113,107,0,pima,0.8,5,4
6,1,213,111,94,80,pima,0.8,5,4
7,0,204,115,108,0,pima,0.8,5,4
7,1,213,158,124,127,pima,0.8,5,4
8,0,204,152,138,0,pima,0.8,5,4
8,1,213,162,126,127,pima,0.8,5,4
9,0,204,152,138,0,pima,0.8,5,4
9,1,213,186,139,151,pima,0.8,5,4
10,0,204,167,153,0,pima,0.8,5,4
10,1,213,190,141,151,pima,0.8,5,4
1,0,197,2,2,2,pima,0.8,6,0
1,1,220,0,0,0,pima,0.8,6,0
2,0,197,2,2,2,pima,0.8,6,0
2,1,220,0,0,0,pima,0.8,6,0
3,0,197,33,29,33,pima,0.8,6,0
3,1,220,0,0,0,pima,0.8,6,0
4,0,197,100,89,100,pima,0.8,6,0
4,1,220,86,85,0,pima,0.8,6,0
5,0,197,124,105,124,pima,0.8,6,0
5,1,220,181,172,0,pima,0.8,6,0
6,0,197,127,107,127,pima,0.8,6,0
6,1,220,193,183,0,pima,0.8,6,0
7,0,197,134,109,134,pima,0.8,6,0
7,1,220,206,196,0,pima,0.8,6,0
8,0,197,155,116,155,pima,0.8,6,0
8,1,220,209,199,0,pima,0.8,6,0
9,0,197,160,118,160,pima,0.8,6,0
9,1,220,214,204,0,pima,0.8,6,0
10,0,197,168,120,168,pima,0.8,6,0
10,1,220,214,204,0,pima,0.8,6,0
1,0,307,0,0,0,pima,0.8,6,1
1,1,109,0,0,0,pima,0.8,6,1
2,0,307,0,0,0,pima,0.8,6,1
2,1,109,0,0,0,pima,0.8,6,1
3,0,307,0,0,0,pima,0.8,6,1
3,1,109,0,0,0,pima,0.8,6,1
4,0,307,0,0,0,pima,0.8,6,1
4,1,109,0,0,0,pima,0.8,6,1
5,0,307,14,13,0,pima,0.8,6,1
5,1,109,0,0,0,pima,0.8,6,1
6,0,307,67,60,0,pima,0.8,6,1
6,1,109,9,7,9,pima,0.8,6,1
7,0,307,110,99,19,pima,0.8,6,1
7,1,109,29,21,28,pima,0.8,6,1
8,0,307,160,135,65,pima,0.8,6,1
8,1,109,46,35,29,pima,0.8,6,1
9,0,307,171,142,76,pima,0.8,6,1
9,1,109,61,47,29,pima,0.8,6,1
10,0,307,178,148,79,pima,0.8,6,1
10,1,109,67,52,29,pima,0.8,6,1
1,0,316,0,0,0,pima,0.8,6,2
1,1,100,0,0,0,pima,0.8,6,2
2,0,316,0,0,0,pima,0.8,6,2
2,1,100,0,0,0,pima,0.8,6,2
3,0,316,0,0,0,pima,0.8,6,2
3,1,100,0,0,0,pima,0.8,6,2
4,0,316,0,0,0,pima,0.8,6,2
4,1,100,15,14,15,pima,0.8,6,2
5,0,316,12,12,0,pima,0.8,6,2
5,1,100,54,46,54,pima,0.8,6,2
6,0,316,44,44,0,pima,0.8,6,2
6,1,100,73,60,73,pima,0.8,6,2
7,0,316,123,122,0,pima,0.8,6,2
7,1,100,75,62,75,pima,0.8,6,2
8,0,316,134,131,11,pima,0.8,6,2
8,1,100,86,70,86,pima,0.8,6,2
9,0,316,175,167,12,pima,0.8,6,2
9,1,100,87,71,87,pima,0.8,6,2
10,0,316,181,169,18,pima,0.8,6,2
10,1,100,98,76,98,pima,0.8,6,2
1,0,325,0,0,0,pima,0.8,6,3
1,1,93,0,0,0,pima,0.8,6,3
2,0,325,0,0,0,pima,0.8,6,3
2,1,93,0,0,0,pima,0.8,6,3
3,0,325,3,3,0,pima,0.8,6,3
3,1,93,0,0,0,pima,0.8,6,3
4,0,325,49,48,0,pima,0.8,6,3
4,1,93,0,0,0,pima,0.8,6,3
5,0,325,51,49,2,pima,0.8,6,3
5,1,93,6,5,0,pima,0.8,6,3
6,0,325,138,119,47,pima,0.8,6,3
6,1,93,62,44,25,pima,0.8,6,3
7,0,325,176,149,85,pima,0.8,6,3
7,1,93,64,45,27,pima,0.8,6,3
8,0,325,191,156,95,pima,0.8,6,3
8,1,93,65,46,27,pima,0.8,6,3
9,0,325,204,167,104,pima,0.8,6,3
9,1,93,66,46,27,pima,0.8,6,3
10,0,325,221,176,113,pima,0.8,6,3
10,1,93,71,49,27,pima,0.8,6,3
1,0,120,3,3,3,pima,0.8,6,4
1,1,298,0,0,0,pima,0.8,6,4
2,0,120,33,32,33,pima,0.8,6,4
2,1,298,0,0,0,pima,0.8,6,4
3,0,120,80,75,80,pima,0.8,6,4
3,1,298,6,6,0,pima,0.8,6,4
4,0,120,105,94,105,pima,0.8,6,4
4,1,298,14,14,0,pima,0.8,6,4
5,0,120,119,105,119,pima,0.8,6,4
5,1,298,103,103,0,pima,0.8,6,4
6,0,120,119,105,119,pima,0.8,6,4
6,1,298,128,126,0,pima,0.8,6,4
7,0,120,120,106,120,pima,0.8,6,4
7,1,298,159,154,0,pima,0.8,6,4
8,0,120,120,106,120,pima,0.8,6,4
8,1,298,178,173,0,pima,0.8,6,4
9,0,120,120,106,120,pima,0.8,6,4
9,1,298,195,189,0,pima,0.8,6,4
10,0,120,120,106,120,pima,0.8,6,4
10,1,298,201,194,0,pima,0.8,6,4
1,0,307,0,0,0,pima,0.8,7,0
1,1,109,0,0,0,pima,0.8,7,0
2,0,307,0,0,0,pima,0.8,7,0
2,1,109,0,0,0,pima,0.8,7,0
3,0,307,0,0,0,pima,0.8,7,0
3,1,109,0,0,0,pima,0.8,7,0
4,0,307,1,1,0,pima,0.8,7,0
4,1,109,0,0,0,pima,0.8,7,0
5,0,307,14,14,0,pima,0.8,7,0
5,1,109,0,0,0,pima,0.8,7,0
6,0,307,88,76,52,pima,0.8,7,0
6,1,109,5,5,0,pima,0.8,7,0
7,0,307,132,115,66,pima,0.8,7,0
7,1,109,32,30,0,pima,0.8,7,0
8,0,307,156,129,71,pima,0.8,7,0
8,1,109,38,36,0,pima,0.8,7,0
9,0,307,182,143,83,pima,0.8,7,0
9,1,109,43,39,0,pima,0.8,7,0
10,0,307,200,154,101,pima,0.8,7,0
10,1,109,47,41,3,pima,0.8,7,0
1,0,392,0,0,0,pima,0.8,7,1
1,1,24,0,0,0,pima,0.8,7,1
2,0,392,0,0,0,pima,0.8,7,1
2,1,24,0,0,0,pima,0.8,7,1
3,0,392,0,0,0,pima,0.8,7,1
3,1,24,0,0,0,pima,0.8,7,1
4,0,392,1,1,1,pima,0.8,7,1
4,1,24,0,0,0,pima,0.8,7,1
5,0,392,3,3,3,pima,0.8,7,1
5,1,24,0,0,0,pima,0.8,7,1
6,0,392,74,56,74,pima,0.8,7,1
6,1,24,10,10,10,pima,0.8,7,1
7,0,392,114,81,101,pima,0.8,7,1
7,1,24,13,10,13,pima,0.8,7,1
8,0,392,155,122,101,pima,0.8,7,1
8,1,24,13,10,13,pima,0.8,7,1
9,0,392,165,128,106,pima,0.8,7,1
9,1,24,15,11,15,pima,0.8,7,1
10,0,392,185,147,108,pima,0.8,7,1
10,1,24,15,11,15,pima,0.8,7,1
1,0,209,0,0,0,pima,0.8,7,2
1,1,208,0,0,0,pima,0.8,7,2
2,0,209,0,0,0,pima,0.8,7,2
2,1,208,0,0,0,pima,0.8,7,2
3,0,209,39,34,39,pima,0.8,7,2
3,1,208,0,0,0,pima,0.8,7,2
4,0,209,78,66,78,pima,0.8,7,2
4,1,208,71,68,0,pima,0.8,7,2
5,0,209,115,94,115,pima,0.8,7,2
5,1,208,168,159,0,pima,0.8,7,2
6,0,209,116,94,116,pima,0.8,7,2
6,1,208,195,185,0,pima,0.8,7,2
7,0,209,142,111,142,pima,0.8,7,2
7,1,208,200,190,0,pima,0.8,7,2
8,0,209,142,111,142,pima,0.8,7,2
8,1,208,208,198,0,pima,0.8,7,2
9,0,209,144,113,144,pima,0.8,7,2
9,1,208,208,198,0,pima,0.8,7,2
10,0,209,144,113,144,pima,0.8,7,2
10,1,208,208,198,0,pima,0.8,7,2
1,0,275,0,0,0,pima,0.8,7,3
1,1,142,2,2,2,pima,0.8,7,3
2,0,275,0,0,0,pima,0.8,7,3
2,1,142,63,62,63,pima,0.8,7,3
3,0,275,28,28,0,pima,0.8,7,3
3,1,142,127,123,127,pima,0.8,7,3
4,0,275,192,189,0,pima,0.8,7,3
4,1,142,139,135,139,pima,0.8,7,3
5,0,275,241,237,0,pima,0.8,7,3
5,1,142,142,138,142,pima,0.8,7,3
6,0,275,260,253,0,pima,0.8,7,3
6,1,142,142,138,142,pima,0.8,7,3
7,0,275,260,253,0,pima,0.8,7,3
7,1,142,142,138,142,pima,0.8,7,3
8,0,275,275,268,0,pima,0.8,7,3
8,1,142,142,138,142,pima,0.8,7,3
9,0,275,275,268,0,pima,0.8,7,3
9,1,142,142,138,142,pima,0.8,7,3
10,0,275,275,268,0,pima,0.8,7,3
10,1,142,142,138,142,pima,0.8,7,3
1,0,289,0,0,0,pima,0.8,7,4
1,1,129,0,0,0,pima,0.8,7,4
2,0,289,0,0,0,pima,0.8,7,4
2,1,129,0,0,0,pima,0.8,7,4
3,0,289,0,0,0,pima,0.8,7,4
3,1,129,0,0,0,pima,0.8,7,4
4,0,289,0,0,0,pima,0.8,7,4
4,1,129,11,10,11,pima,0.8,7,4
5,0,289,44,44,0,pima,0.8,7,4
5,1,129,84,75,84,pima,0.8,7,4
6,0,289,127,121,0,pima,0.8,7,4
6,1,129,113,89,113,pima,0.8,7,4
7,0,289,174,165,0,pima,0.8,7,4
7,1,129,123,96,123,pima,0.8,7,4
8,0,289,186,174,0,pima,0.8,7,4
8,1,129,128,100,128,pima,0.8,7,4
9,0,289,216,197,0,pima,0.8,7,4
9,1,129,128,100,128,pima,0.8,7,4
10,0,289,217,197,1,pima,0.8,7,4
10,1,129,128,100,128,pima,0.8,7,4
1,0,261,0,0,0,pima,0.8,8,0
1,1,155,0,0,0,pima,0.8,8,0
2,0,261,0,0,0,pima,0.8,8,0
2,1,155,0,0,0,pima,0.8,8,0
3,0,261,0,0,0,pima,0.8,8,0
3,1,155,0,0,0,pima,0.8,8,0
4,0,261,0,0,0,pima,0.8,8,0
4,1,155,0,0,0,pima,0.8,8,0
5,0,261,0,0,0,pima,0.8,8,0
5,1,155,0,0,0,pima,0.8,8,0
6,0,261,28,28,0,pima,0.8,8,0
6,1,155,50,42,28,pima,0.8,8,0
7,0,261,61,59,0,pima,0.8,8,0
7,1,155,87,74,43,pima,0.8,8,0
8,0,261,85,72,24,pima,0.8,8,0
8,1,155,99,85,44,pima,0.8,8,0
9,0,261,113,84,52,pima,0.8,8,0
9,1,155,108,90,53,pima,0.8,8,0
10,0,261,133,91,72,pima,0.8,8,0
10,1,155,117,94,62,pima,0.8,8,0
1,0,257,0,0,0,pima,0.8,8,1
1,1,160,0,0,0,pima,0.8,8,1
2,0,257,0,0,0,pima,0.8,8,1
2,1,160,0,0,0,pima,0.8,8,1
3,0,257,0,0,0,pima,0.8,8,1
3,1,160,0,0,0,pima,0.8,8,1
4,0,257,0,0,0,pima,0.8,8,1
4,1,160,0,0,0,pima,0.8,8,1
5,0,257,8,5,8,pima,0.8,8,1
5,1,160,0,0,0,pima,0.8,8,1
6,0,257,84,72,54,pima,0.8,8,1
6,1,160,42,42,0,pima,0.8,8,1
7,0,257,130,101,100,pima,0.8,8,1
7,1,160,65,64,0,pima,0.8,8,1
8,0,257,139,110,100,pima,0.8,8,1
8,1,160,102,97,0,pima,0.8,8,1
9,0,257,168,124,129,pima,0.8,8,1
9,1,160,102,97,0,pima,0.8,8,1
10,0,257,171,126,129,pima,0.8,8,1
10,1,160,122,110,0,pima,0.8,8,1
1,0,121,0,0,0,pima,0.8,8,2
1,1,295,0,0,0,pima,0.8,8,2
2,0,121,0,0,0,pima,0.8,8,2
2,1,295,0,0,0,pima,0.8,8,2
3,0,121,0,0,0,pima,0.8,8,2
3,1,295,0,0,0,pima,0.8,8,2
4,0,121,8,7,8,pima,0.8,8,2
4,1,295,0,0,0,pima,0.8,8,2
5,0,121,28,25,28,pima,0.8,8,2
5,1,295,20,20,0,pima,0.8,8,2
6,0,121,56,46,56,pima,0.8,8,2
6,1,295,94,90,5,pima,0.8,8,2
7,0,121,62,51,62,pima,0.8,8,2
7,1,295,161,145,5,pima,0.8,8,2
8,0,121,100,73,100,pima,0.8,8,2
8,1,295,174,153,18,pima,0.8,8,2
9,0,121,102,75,102,pima,0.8,8,2
9,1,295,204,176,18,pima,0.8,8,2
10,0,121,118,85,118,pima,0.8,8,2
10,1,295,214,184,28,pima,0.8,8,2
1,0,60,0,0,0,pima,0.8,8,3
1,1,358,0,0,0,pima,0.8,8,3
2,0,60,0,0,0,pima,0.8,8,3
2,1,358,0,0,0,pima,0.8,8,3
3,0,60,0,0,0,pima,0.8,8,3
3,1,358,0,0,0,pima,0.8,8,3
4,0,60,0,0,0,pima,0.8,8,3
4,1,358,0,0,0,pima,0.8,8,3
5,0,60,0,0,0,pima,0.8,8,3
5,1,358,2,2,2,pima,0.8,8,3
6,0,60,20,16,5,pima,0.8,8,3
6,1,358,126,113,43,pima,0.8,8,3
7,0,60,25,19,6,pima,0.8,8,3
7,1,358,169,150,44,pima,0.8,8,3
8,0,60,32,25,11,pima,0.8,8,3
8,1,358,205,178,59,pima,0.8,8,3
9,0,60,36,28,15,pima,0.8,8,3
9,1,358,246,209,59,pima,0.8,8,3
10,0,60,38,29,17,pima,0.8,8,3
10,1,358,251,213,60,pima,0.8,8,3
1,0,266,0,0,0,pima,0.8,8,4
1,1,152,11,9,11,pima,0.8,8,4
2,0,266,0,0,0,pima,0.8,8,4
2,1,152,57,52,57,pima,0.8,8,4
3,0,266,17,16,0,pima,0.8,8,4
3,1,152,84,75,84,pima,0.8,8,4
4,0,266,49,47,0,pima,0.8,8,4
4,1,152,111,99,111,pima,0.8,8,4
5,0,266,113,110,0,pima,0.8,8,4
5,1,152,116,103,116,pima,0.8,8,4
6,0,266,198,189,0,pima,0.8,8,4
6,1,152,119,105,119,pima,0.8,8,4
7,0,266,219,207,0,pima,0.8,8,4
7,1,152,130,107,130,pima,0.8,8,4
8,0,266,232,218,0,pima,0.8,8,4
8,1,152,137,112,137,pima,0.8,8,4
9,0,266,240,224,0,pima,0.8,8,4
9,1,152,137,112,137,pima,0.8,8,4
10,0,266,241,225,0,pima,0.8,8,4
10,1,152,137,112,137,pima,0.8,8,4
1,0,166,0,0,0,pima,0.8,9,0
1,1,251,0,0,0,pima,0.8,9,0
2,0,166,0,0,0,pima,0.8,9,0
2,1,251,0,0,0,pima,0.8,9,0
3,0,166,0,0,0,pima,0.8,9,0
3,1,251,0,0,0,pima,0.8,9,0
4,0,166,0,0,0,pima,0.8,9,0
4,1,251,0,0,0,pima,0.8,9,0
5,0,166,1,1,0,pima,0.8,9,0
5,1,251,0,0,0,pima,0.8,9,0
6,0,166,93,81,14,pima,0.8,9,0
6,1,251,32,31,14,pima,0.8,9,0
7,0,166,96,82,17,pima,0.8,9,0
7,1,251,78,69,42,pima,0.8,9,0
8,0,166,100,86,18,pima,0.8,9,0
8,1,251,103,92,44,pima,0.8,9,0
9,0,166,109,89,24,pima,0.8,9,0
9,1,251,127,107,68,pima,0.8,9,0
10,0,166,118,95,28,pima,0.8,9,0
10,1,251,138,115,71,pima,0.8,9,0
1,0,257,0,0,0,pima,0.8,9,1
1,1,160,0,0,0,pima,0.8,9,1
2,0,257,0,0,0,pima,0.8,9,1
2,1,160,0,0,0,pima,0.8,9,1
3,0,257,0,0,0,pima,0.8,9,1
3,1,160,0,0,0,pima,0.8,9,1
4,0,257,0,0,0,pima,0.8,9,1
4,1,160,0,0,0,pima,0.8,9,1
5,0,257,0,0,0,pima,0.8,9,1
5,1,160,0,0,0,pima,0.8,9,1
6,0,257,89,73,15,pima,0.8,9,1
6,1,160,43,32,14,pima,0.8,9,1
7,0,257,122,100,19,pima,0.8,9,1
7,1,160,87,72,18,pima,0.8,9,1
8,0,257,149,118,40,pima,0.8,9,1
8,1,160,118,99,23,pima,0.8,9,1
9,0,257,160,127,40,pima,0.8,9,1
9,1,160,123,101,26,pima,0.8,9,1
10,0,257,176,136,56,pima,0.8,9,1
10,1,160,131,106,34,pima,0.8,9,1
1,0,236,0,0,0,pima,0.8,9,2
1,1,180,1,1,1,pima,0.8,9,2
2,0,236,0,0,0,pima,0.8,9,2
2,1,180,6,4,6,pima,0.8,9,2
3,0,236,0,0,0,pima,0.8,9,2
3,1,180,77,69,77,pima,0.8,9,2
4,0,236,104,103,0,pima,0.8,9,2
4,1,180,89,80,89,pima,0.8,9,2
5,0,236,123,121,0,pima,0.8,9,2
5,1,180,136,109,136,pima,0.8,9,2
6,0,236,197,192,0,pima,0.8,9,2
6,1,180,146,113,146,pima,0.8,9,2
7,0,236,213,207,0,pima,0.8,9,2
7,1,180,159,121,159,pima,0.8,9,2
8,0,236,218,212,0,pima,0.8,9,2
8,1,180,159,121,159,pima,0.8,9,2
9,0,236,224,218,0,pima,0.8,9,2
9,1,180,160,122,160,pima,0.8,9,2
10,0,236,231,224,0,pima,0.8,9,2
10,1,180,160,122,160,pima,0.8,9,2
1,0,72,0,0,0,pima,0.8,9,3
1,1,345,0,0,0,pima,0.8,9,3
2,0,72,0,0,0,pima,0.8,9,3
2,1,345,0,0,0,pima,0.8,9,3
3,0,72,0,0,0,pima,0.8,9,3
3,1,345,0,0,0,pima,0.8,9,3
4,0,72,0,0,0,pima,0.8,9,3
4,1,345,18,18,0,pima,0.8,9,3
5,0,72,0,0,0,pima,0.8,9,3
5,1,345,53,52,0,pima,0.8,9,3
6,0,72,0,0,0,pima,0.8,9,3
6,1,345,82,81,10,pima,0.8,9,3
7,0,72,0,0,0,pima,0.8,9,3
7,1,345,156,141,40,pima,0.8,9,3
8,0,72,0,0,0,pima,0.8,9,3
8,1,345,186,162,66,pima,0.8,9,3
9,0,72,12,10,2,pima,0.8,9,3
9,1,345,215,174,94,pima,0.8,9,3
10,0,72,29,23,15,pima,0.8,9,3
10,1,345,226,180,105,pima,0.8,9,3
1,0,323,0,0,0,pima,0.8,9,4
1,1,95,5,5,5,pima,0.8,9,4
2,0,323,0,0,0,pima,0.8,9,4
2,1,95,40,40,40,pima,0.8,9,4
3,0,323,0,0,0,pima,0.8,9,4
3,1,95,43,43,43,pima,0.8,9,4
4,0,323,0,0,0,pima,0.8,9,4
4,1,95,59,58,59,pima,0.8,9,4
5,0,323,1,1,0,pima,0.8,9,4
5,1,95,90,83,90,pima,0.8,9,4
6,0,323,67,66,0,pima,0.8,9,4
6,1,95,91,84,91,pima,0.8,9,4
7,0,323,151,148,0,pima,0.8,9,4
7,1,95,91,84,91,pima,0.8,9,4
8,0,323,159,155,0,pima,0.8,9,4
8,1,95,91,84,91,pima,0.8,9,4
9,0,323,191,182,0,pima,0.8,9,4
9,1,95,91,84,91,pima,0.8,9,4
10,0,323,195,185,0,pima,0.8,9,4
10,1,95,91,84,91,pima,0.8,9,4
1,0,4,0,0,0,early,0.1,0,0
1,1,31,0,0,0,early,0.1,0,0
2,0,4,0,0,0,early,0.1,0,0
2,1,31,0,0,0,early,0.1,0,0
3,0,4,0,0,0,early,0.1,0,0
3,1,31,1,1,1,early,0.1,0,0
4,0,4,0,0,0,early,0.1,0,0
4,1,31,8,8,8,early,0.1,0,0
5,0,4,0,0,0,early,0.1,0,0
5,1,31,11,11,11,early,0.1,0,0
6,0,4,0,0,0,early,0.1,0,0
6,1,31,22,21,18,early,0.1,0,0
7,0,4,0,0,0,early,0.1,0,0
7,1,31,23,22,19,early,0.1,0,0
8,0,4,2,2,2,early,0.1,0,0
8,1,31,26,24,20,early,0.1,0,0
9,0,4,3,2,3,early,0.1,0,0
9,1,31,26,24,20,early,0.1,0,0
10,0,4,3,2,3,early,0.1,0,0
10,1,31,28,26,20,early,0.1,0,0
1,0,17,0,0,0,early,0.1,0,1
1,1,18,0,0,0,early,0.1,0,1
2,0,17,0,0,0,early,0.1,0,1
2,1,18,0,0,0,early,0.1,0,1
3,0,17,0,0,0,early,0.1,0,1
3,1,18,1,1,1,early,0.1,0,1
4,0,17,10,10,10,early,0.1,0,1
4,1,18,9,9,9,early,0.1,0,1
5,0,17,11,11,11,early,0.1,0,1
5,1,18,12,12,9,early,0.1,0,1
6,0,17,12,12,12,early,0.1,0,1
6,1,18,15,15,9,early,0.1,0,1
7,0,17,15,15,12,early,0.1,0,1
7,1,18,15,15,9,early,0.1,0,1
8,0,17,16,16,12,early,0.1,0,1
8,1,18,16,16,10,early,0.1,0,1
9,0,17,16,16,12,early,0.1,0,1
9,1,18,18,18,10,early,0.1,0,1
10,0,17,16,16,12,early,0.1,0,1
10,1,18,18,18,10,early,0.1,0,1
1,0,11,0,0,0,early,0.1,0,2
1,1,25,0,0,0,early,0.1,0,2
2,0,11,0,0,0,early,0.1,0,2
2,1,25,0,0,0,early,0.1,0,2
3,0,11,3,3,3,early,0.1,0,2
3,1,25,0,0,0,early,0.1,0,2
4,0,11,3,3,3,early,0.1,0,2
4,1,25,1,1,1,early,0.1,0,2
5,0,11,11,9,11,early,0.1,0,2
5,1,25,7,7,7,early,0.1,0,2
6,0,11,11,9,11,early,0.1,0,2
6,1,25,16,16,9,early,0.1,0,2
7,0,11,11,9,11,early,0.1,0,2
7,1,25,18,18,10,early,0.1,0,2
8,0,11,11,9,11,early,0.1,0,2
8,1,25,19,19,10,early,0.1,0,2
9,0,11,11,9,11,early,0.1,0,2
9,1,25,21,21,12,early,0.1,0,2
10,0,11,11,9,11,early,0.1,0,2
10,1,25,22,22,12,early,0.1,0,2
1,0,22,3,3,3,early,0.1,0,3
1,1,14,0,0,0,early,0.1,0,3
2,0,22,3,3,3,early,0.1,0,3
2,1,14,0,0,0,early,0.1,0,3
3,0,22,13,13,13,early,0.1,0,3
3,1,14,0,0,0,early,0.1,0,3
4,0,22,13,13,13,early,0.1,0,3
4,1,14,7,6,0,early,0.1,0,3
5,0,22,19,18,19,early,0.1,0,3
5,1,14,7,6,0,early,0.1,0,3
6,0,22,19,18,19,early,0.1,0,3
6,1,14,10,9,0,early,0.1,0,3
7,0,22,22,19,22,early,0.1,0,3
7,1,14,10,9,0,early,0.1,0,3
8,0,22,22,19,22,early,0.1,0,3
8,1,14,11,10,0,early,0.1,0,3
9,0,22,22,19,22,early,0.1,0,3
9,1,14,12,10,0,early,0.1,0,3
10,0,22,22,19,22,early,0.1,0,3
10,1,14,13,11,0,early,0.1,0,3
1,0,31,2,2,2,early,0.1,0,4
1,1,5,0,0,0,early,0.1,0,4
2,0,31,2,2,2,early,0.1,0,4
2,1,5,0,0,0,early,0.1,0,4
3,0,31,4,4,4,early,0.1,0,4
3,1,5,0,0,0,early,0.1,0,4
4,0,31,9,8,9,early,0.1,0,4
4,1,5,0,0,0,early,0.1,0,4
5,0,31,15,14,9,early,0.1,0,4
5,1,5,1,1,1,early,0.1,0,4
6,0,31,24,23,17,early,0.1,0,4
6,1,5,5,5,2,early,0.1,0,4
7,0,31,26,24,17,early,0.1,0,4
7,1,5,5,5,2,early,0.1,0,4
8,0,31,29,26,20,early,0.1,0,4
8,1,5,5,5,2,early,0.1,0,4
9,0,31,29,26,20,early,0.1,0,4
9,1,5,5,5,2,early,0.1,0,4
10,0,31,30,27,21,early,0.1,0,4
10,1,5,5,5,2,early,0.1,0,4
1,0,20,0,0,0,early,0.1,1,0
1,1,14,0,0,0,early,0.1,1,0
2,0,20,0,0,0,early,0.1,1,0
2,1,14,0,0,0,early,0.1,1,0
3,0,20,17,16,17,early,0.1,1,0
3,1,14,0,0,0,early,0.1,1,0
4,0,20,17,16,17,early,0.1,1,0
4,1,14,6,6,0,early,0.1,1,0
5,0,20,20,18,20,early,0.1,1,0
5,1,14,7,7,1,early,0.1,1,0
6,0,20,20,18,20,early,0.1,1,0
6,1,14,13,12,1,early,0.1,1,0
7,0,20,20,18,20,early,0.1,1,0
7,1,14,13,12,1,early,0.1,1,0
8,0,20,20,18,20,early,0.1,1,0
8,1,14,13,12,1,early,0.1,1,0
9,0,20,20,18,20,early,0.1,1,0
9,1,14,13,12,1,early,0.1,1,0
10,0,20,20,18,20,early,0.1,1,0
10,1,14,13,12,1,early,0.1,1,0
1,0,2,0,0,0,early,0.1,1,1
1,1,34,0,0,0,early,0.1,1,1
2,0,2,0,0,0,early,0.1,1,1
2,1,34,0,0,0,early,0.1,1,1
3,0,2,0,0,0,early,0.1,1,1
3,1,34,2,2,2,early,0.1,1,1
4,0,2,0,0,0,early,0.1,1,1
4,1,34,16,16,16,early,0.1,1,1
5,0,2,0,0,0,early,0.1,1,1
5,1,34,17,17,17,early,0.1,1,1
6,0,2,0,0,0,early,0.1,1,1
6,1,34,20,20,20,early,0.1,1,1
7,0,2,1,1,0,early,0.1,1,1
7,1,34,20,20,20,early,0.1,1,1
8,0,2,1,1,0,early,0.1,1,1
8,1,34,27,27,20,early,0.1,1,1
9,0,2,1,1,0,early,0.1,1,1
9,1,34,27,27,20,early,0.1,1,1
10,0,2,1,1,0,early,0.1,1,1
10,1,34,27,27,20,early,0.1,1,1
1,0,6,0,0,0,early,0.1,1,2
1,1,29,0,0,0,early,0.1,1,2
2,0,6,0,0,0,early,0.1,1,2
2,1,29,0,0,0,early,0.1,1,2
3,0,6,0,0,0,early,0.1,1,2
3,1,29,0,0,0,early,0.1,1,2
4,0,6,6,5,6,early,0.1,1,2
4,1,29,7,7,7,early,0.1,1,2
5,0,6,6,5,6,early,0.1,1,2
5,1,29,9,9,9,early,0.1,1,2
6,0,6,6,5,6,early,0.1,1,2
6,1,29,16,15,16,early,0.1,1,2
7,0,6,6,5,6,early,0.1,1,2
7,1,29,25,24,16,early,0.1,1,2
8,0,6,6,5,6,early,0.1,1,2
8,1,29,26,25,17,early,0.1,1,2
9,0,6,6,5,6,early,0.1,1,2
9,1,29,29,28,17,early,0.1,1,2
10,0,6,6,5,6,early,0.1,1,2
10,1,29,29,28,17,early,0.1,1,2
1,0,25,0,0,0,early,0.1,1,3
1,1,10,0,0,0,early,0.1,1,3
2,0,25,0,0,0,early,0.1,1,3
2,1,10,0,0,0,early,0.1,1,3
3,0,25,0,0,0,early,0.1,1,3
3,1,10,0,0,0,early,0.1,1,3
4,0,25,0,0,0,early,0.1,1,3
4,1,10,0,0,0,early,0.1,1,3
5,0,25,2,2,2,early,0.1,1,3
5,1,10,1,1,1,early,0.1,1,3
6,0,25,20,20,14,early,0.1,1,3
6,1,10,6,4,2,early,0.1,1,3
7,0,25,20,20,14,early,0.1,1,3
7,1,10,7,5,2,early,0.1,1,3
8,0,25,20,20,14,early,0.1,1,3
8,1,10,8,6,2,early,0.1,1,3
9,0,25,23,23,17,early,0.1,1,3
9,1,10,10,8,4,early,0.1,1,3
10,0,25,23,23,17,early,0.1,1,3
10,1,10,10,8,4,early,0.1,1,3
1,0,18,0,0,0,early,0.1,1,4
1,1,18,0,0,0,early,0.1,1,4
2,0,18,0,0,0,early,0.1,1,4
2,1,18,0,0,0,early,0.1,1,4
3,0,18,13,13,13,early,0.1,1,4
3,1,18,0,0,0,early,0.1,1,4
4,0,18,13,13,13,early,0.1,1,4
4,1,18,0,0,0,early,0.1,1,4
5,0,18,18,16,18,early,0.1,1,4
5,1,18,2,2,2,early,0.1,1,4
6,0,18,18,16,18,early,0.1,1,4
6,1,18,15,14,2,early,0.1,1,4
7,0,18,18,16,18,early,0.1,1,4
7,1,18,15,14,2,early,0.1,1,4
8,0,18,18,16,18,early,0.1,1,4
8,1,18,15,14,2,early,0.1,1,4
9,0,18,18,16,18,early,0.1,1,4
9,1,18,15,14,2,early,0.1,1,4
10,0,18,18,16,18,early,0.1,1,4
10,1,18,15,14,2,early,0.1,1,4
1,0,24,0,0,0,early,0.1,2,0
1,1,12,0,0,0,early,0.1,2,0
2,0,24,0,0,0,early,0.1,2,0
2,1,12,0,0,0,early,0.1,2,0
3,0,24,0,0,0,early,0.1,2,0
3,1,12,0,0,0,early,0.1,2,0
4,0,24,0,0,0,early,0.1,2,0
4,1,12,11,11,11,early,0.1,2,0
5,0,24,0,0,0,early,0.1,2,0
5,1,12,12,11,12,early,0.1,2,0
6,0,24,13,13,6,early,0.1,2,0
6,1,12,12,11,12,early,0.1,2,0
7,0,24,19,19,7,early,0.1,2,0
7,1,12,12,11,12,early,0.1,2,0
8,0,24,22,22,10,early,0.1,2,0
8,1,12,12,11,12,early,0.1,2,0
9,0,24,24,23,10,early,0.1,2,0
9,1,12,12,11,12,early,0.1,2,0
10,0,24,24,23,10,early,0.1,2,0
10,1,12,12,11,12,early,0.1,2,0
1,0,20,0,0,0,early,0.1,2,1
1,1,15,0,0,0,early,0.1,2,1
2,0,20,0,0,0,early,0.1,2,1
2,1,15,0,0,0,early,0.1,2,1
3,0,20,5,5,5,early,0.1,2,1
3,1,15,0,0,0,early,0.1,2,1
4,0,20,10,10,10,early,0.1,2,1
4,1,15,0,0,0,early,0.1,2,1
5,0,20,11,11,11,early,0.1,2,1
5,1,15,6,6,6,early,0.1,2,1
6,0,20,12,12,11,early,0.1,2,1
6,1,15,11,11,8,early,0.1,2,1
7,0,20,15,15,11,early,0.1,2,1
7,1,15,11,11,8,early,0.1,2,1
8,0,20,17,17,11,early,0.1,2,1
8,1,15,13,12,8,early,0.1,2,1
9,0,20,17,17,11,early,0.1,2,1
9,1,15,13,12,8,early,0.1,2,1
10,0,20,19,19,11,early,0.1,2,1
10,1,15,13,12,8,early,0.1,2,1
1,0,14,0,0,0,early,0.1,2,2
1,1,21,0,0,0,early,0.1,2,2
2,0,14,0,0,0,early,0.1,2,2
2,1,21,0,0,0,early,0.1,2,2
3,0,14,0,0,0,early,0.1,2,2
3,1,21,20,18,20,early,0.1,2,2
4,0,14,8,8,0,early,0.1,2,2
4,1,21,20,18,20,early,0.1,2,2
5,0,14,11,11,0,early,0.1,2,2
5,1,21,21,19,21,early,0.1,2,2
6,0,14,11,11,0,early,0.1,2,2
6,1,21,21,19,21,early,0.1,2,2
7,0,14,11,11,0,early,0.1,2,2
7,1,21,21,19,21,early,0.1,2,2
8,0,14,11,11,0,early,0.1,2,2
8,1,21,21,19,21,early,0.1,2,2
9,0,14,12,12,1,early,0.1,2,2
9,1,21,21,19,21,early,0.1,2,2
10,0,14,12,12,1,early,0.1,2,2
10,1,21,21,19,21,early,0.1,2,2
1,0,13,0,0,0,early,0.1,2,3
1,1,23,0,0,0,early,0.1,2,3
2,0,13,0,0,0,early,0.1,2,3
2,1,23,0,0,0,early,0.1,2,3
3,0,13,0,0,0,early,0.1,2,3
3,1,23,16,16,16,early,0.1,2,3
4,0,13,3,3,0,early,0.1,2,3
4,1,23,16,16,16,early,0.1,2,3
5,0,13,8,7,0,early,0.1,2,3
5,1,23,17,17,17,early,0.1,2,3
6,0,13,10,9,0,early,0.1,2,3
6,1,23,19,19,19,early,0.1,2,3
7,0,13,11,9,0,early,0.1,2,3
7,1,23,22,19,22,early,0.1,2,3
8,0,13,12,10,0,early,0.1,2,3
8,1,23,22,19,22,early,0.1,2,3
9,0,13,12,10,0,early,0.1,2,3
9,1,23,22,19,22,early,0.1,2,3
10,0,13,12,10,0,early,0.1,2,3
10,1,23,22,19,22,early,0.1,2,3
1,0,27,0,0,0,early,0.1,2,4
1,1,8,0,0,0,early,0.1,2,4
2,0,27,0,0,0,early,0.1,2,4
2,1,8,0,0,0,early,0.1,2,4
3,0,27,0,0,0,early,0.1,2,4
3,1,8,0,0,0,early,0.1,2,4
4,0,27,0,0,0,early,0.1,2,4
4,1,8,0,0,0,early,0.1,2,4
5,0,27,8,8,7,early,0.1,2,4
5,1,8,3,3,3,early,0.1,2,4
6,0,27,20,19,12,early,0.1,2,4
6,1,8,5,5,4,early,0.1,2,4
7,0,27,21,20,12,early,0.1,2,4
7,1,8,6,6,4,early,0.1,2,4
8,0,27,22,21,13,early,0.1,2,4
8,1,8,7,7,5,early,0.1,2,4
9,0,27,25,24,16,early,0.1,2,4
9,1,8,7,7,5,early,0.1,2,4
10,0,27,26,24,17,early,0.1,2,4
10,1,8,7,7,5,early,0.1,2,4
1,0,15,2,2,2,early,0.1,3,0
1,1,20,0,0,0,early,0.1,3,0
2,0,15,2,2,2,early,0.1,3,0
2,1,20,0,0,0,early,0.1,3,0
3,0,15,11,11,11,early,0.1,3,0
3,1,20,6,6,6,early,0.1,3,0
4,0,15,11,11,11,early,0.1,3,0
4,1,20,8,8,6,early,0.1,3,0
5,0,15,15,14,15,early,0.1,3,0
5,1,20,9,9,7,early,0.1,3,0
6,0,15,15,14,15,early,0.1,3,0
6,1,20,18,18,7,early,0.1,3,0
7,0,15,15,14,15,early,0.1,3,0
7,1,20,19,19,8,early,0.1,3,0
8,0,15,15,14,15,early,0.1,3,0
8,1,20,20,20,8,early,0.1,3,0
9,0,15,15,14,15,early,0.1,3,0
9,1,20,20,20,8,early,0.1,3,0
10,0,15,15,14,15,early,0.1,3,0
10,1,20,20,20,8,early,0.1,3,0
1,0,30,3,3,3,early,0.1,3,1
1,1,6,0,0,0,early,0.1,3,1
2,0,30,3,3,3,early,0.1,3,1
2,1,6,0,0,0,early,0.1,3,1
3,0,30,6,6,6,early,0.1,3,1
3,1,6,0,0,0,early,0.1,3,1
4,0,30,14,14,14,early,0.1,3,1
4,1,6,1,1,1,early,0.1,3,1
5,0,30,16,16,16,early,0.1,3,1
5,1,6,3,3,3,early,0.1,3,1
6,0,30,20,20,17,early,0.1,3,1
6,1,6,6,6,3,early,0.1,3,1
7,0,30,22,22,17,early,0.1,3,1
7,1,6,6,6,3,early,0.1,3,1
8,0,30,25,24,17,early,0.1,3,1
8,1,6,6,6,3,early,0.1,3,1
9,0,30,27,25,18,early,0.1,3,1
9,1,6,6,6,3,early,0.1,3,1
10,0,30,27,25,18,early,0.1,3,1
10,1,6,6,6,3,early,0.1,3,1
1,0,29,4,4,4,early,0.1,3,2
1,1,7,0,0,0,early,0.1,3,2
2,0,29,4,4,4,early,0.1,3,2
2,1,7,0,0,0,early,0.1,3,2
3,0,29,10,10,10,early,0.1,3,2
3,1,7,0,0,0,early,0.1,3,2
4,0,29,14,14,14,early,0.1,3,2
4,1,7,0,0,0,early,0.1,3,2
5,0,29,16,16,16,early,0.1,3,2
5,1,7,0,0,0,early,0.1,3,2
6,0,29,21,21,17,early,0.1,3,2
6,1,7,4,3,2,early,0.1,3,2
7,0,29,22,22,18,early,0.1,3,2
7,1,7,6,4,4,early,0.1,3,2
8,0,29,22,22,18,early,0.1,3,2
8,1,7,7,4,5,early,0.1,3,2
9,0,29,23,23,18,early,0.1,3,2
9,1,7,7,4,5,early,0.1,3,2
10,0,29,24,24,18,early,0.1,3,2
10,1,7,7,4,5,early,0.1,3,2
1,0,12,0,0,0,early,0.1,3,3
1,1,24,8,8,8,early,0.1,3,3
2,0,12,0,0,0,early,0.1,3,3
2,1,24,8,8,8,early,0.1,3,3
3,0,12,0,0,0,early,0.1,3,3
3,1,24,18,17,18,early,0.1,3,3
4,0,12,6,5,0,early,0.1,3,3
4,1,24,18,17,18,early,0.1,3,3
5,0,12,7,6,0,early,0.1,3,3
5,1,24,23,20,23,early,0.1,3,3
6,0,12,9,8,0,early,0.1,3,3
6,1,24,23,20,23,early,0.1,3,3
7,0,12,10,9,0,early,0.1,3,3
7,1,24,23,20,23,early,0.1,3,3
8,0,12,11,10,0,early,0.1,3,3
8,1,24,24,21,23,early,0.1,3,3
9,0,12,11,10,0,early,0.1,3,3
9,1,24,24,21,23,early,0.1,3,3
10,0,12,11,10,0,early,0.1,3,3
10,1,24,24,21,23,early,0.1,3,3
1,0,18,0,0,0,early,0.1,3,4
1,1,17,2,2,2,early,0.1,3,4
2,0,18,0,0,0,early,0.1,3,4
2,1,17,2,2,2,early,0.1,3,4
3,0,18,0,0,0,early,0.1,3,4
3,1,17,12,12,12,early,0.1,3,4
4,0,18,0,0,0,early,0.1,3,4
4,1,17,13,13,13,early,0.1,3,4
5,0,18,1,1,1,early,0.1,3,4
5,1,17,16,14,16,early,0.1,3,4
6,0,18,13,12,1,early,0.1,3,4
6,1,17,16,14,16,early,0.1,3,4
7,0,18,16,15,4,early,0.1,3,4
7,1,17,16,14,16,early,0.1,3,4
8,0,18,17,15,4,early,0.1,3,4
8,1,17,16,14,16,early,0.1,3,4
9,0,18,17,15,4,early,0.1,3,4
9,1,17,16,14,16,early,0.1,3,4
10,0,18,17,15,4,early,0.1,3,4
10,1,17,16,14,16,early,0.1,3,4
1,0,27,0,0,0,early,0.1,4,0
1,1,8,0,0,0,early,0.1,4,0
2,0,27,0,0,0,early,0.1,4,0
2,1,8,0,0,0,early,0.1,4,0
3,0,27,3,3,3,early,0.1,4,0
3,1,8,0,0,0,early,0.1,4,0
4,0,27,7,7,7,early,0.1,4,0
4,1,8,0,0,0,early,0.1,4,0
5,0,27,11,11,11,early,0.1,4,0
5,1,8,0,0,0,early,0.1,4,0
6,0,27,20,19,16,early,0.1,4,0
6,1,8,7,7,7,early,0.1,4,0
7,0,27,22,21,16,early,0.1,4,0
7,1,8,7,7,7,early,0.1,4,0
8,0,27,25,24,16,early,0.1,4,0
8,1,8,7,7,7,early,0.1,4,0
9,0,27,25,24,16,early,0.1,4,0
9,1,8,7,7,7,early,0.1,4,0
10,0,27,25,24,16,early,0.1,4,0
10,1,8,7,7,7,early,0.1,4,0
1,0,20,2,2,2,early,0.1,4,1
1,1,16,0,0,0,early,0.1,4,1
2,0,20,2,2,2,early,0.1,4,1
2,1,16,0,0,0,early,0.1,4,1
3,0,20,5,5,5,early,0.1,4,1
3,1,16,0,0,0,early,0.1,4,1
4,0,20,5,5,5,early,0.1,4,1
4,1,16,2,2,2,early,0.1,4,1
5,0,20,9,8,9,early,0.1,4,1
5,1,16,3,3,3,early,0.1,4,1
6,0,20,14,13,13,early,0.1,4,1
6,1,16,8,8,5,early,0.1,4,1
7,0,20,15,14,13,early,0.1,4,1
7,1,16,13,12,5,early,0.1,4,1
8,0,20,16,15,14,early,0.1,4,1
8,1,16,13,12,5,early,0.1,4,1
9,0,20,18,16,14,early,0.1,4,1
9,1,16,15,13,5,early,0.1,4,1
10,0,20,19,16,15,early,0.1,4,1
10,1,16,15,13,5,early,0.1,4,1
1,0,20,0,0,0,early,0.1,4,2
1,1,16,0,0,0,early,0.1,4,2
2,0,20,0,0,0,early,0.1,4,2
2,1,16,0,0,0,early,0.1,4,2
3,0,20,20,19,20,early,0.1,4,2
3,1,16,0,0,0,early,0.1,4,2
4,0,20,20,19,20,early,0.1,4,2
4,1,16,8,7,0,early,0.1,4,2
5,0,20,20,19,20,early,0.1,4,2
5,1,16,10,9,0,early,0.1,4,2
6,0,20,20,19,20,early,0.1,4,2
6,1,16,15,12,0,early,0.1,4,2
7,0,20,20,19,20,early,0.1,4,2
7,1,16,15,12,0,early,0.1,4,2
8,0,20,20,19,20,early,0.1,4,2
8,1,16,15,12,0,early,0.1,4,2
9,0,20,20,19,20,early,0.1,4,2
9,1,16,15,12,0,early,0.1,4,2
10,0,20,20,19,20,early,0.1,4,2
10,1,16,15,12,0,early,0.1,4,2
1,0,32,2,2,2,early,0.1,4,3
1,1,4,0,0,0,early,0.1,4,3
2,0,32,2,2,2,early,0.1,4,3
2,1,4,0,0,0,early,0.1,4,3
3,0,32,8,8,8,early,0.1,4,3
3,1,4,0,0,0,early,0.1,4,3
4,0,32,13,12,13,early,0.1,4,3
4,1,4,0,0,0,early,0.1,4,3
5,0,32,14,13,14,early,0.1,4,3
5,1,4,0,0,0,early,0.1,4,3
6,0,32,21,20,18,early,0.1,4,3
6,1,4,0,0,0,early,0.1,4,3
7,0,32,25,24,18,early,0.1,4,3
7,1,4,0,0,0,early,0.1,4,3
8,0,32,27,25,18,early,0.1,4,3
8,1,4,4,3,4,early,0.1,4,3
9,0,32,29,25,20,early,0.1,4,3
9,1,4,4,3,4,early,0.1,4,3
10,0,32,29,25,20,early,0.1,4,3
10,1,4,4,3,4,early,0.1,4,3
1,0,30,0,0,0,early,0.1,4,4
1,1,5,0,0,0,early,0.1,4,4
2,0,30,0,0,0,early,0.1,4,4
2,1,5,0,0,0,early,0.1,4,4
3,0,30,5,5,5,early,0.1,4,4
3,1,5,2,2,2,early,0.1,4,4
4,0,30,8,8,8,early,0.1,4,4
4,1,5,4,4,4,early,0.1,4,4
5,0,30,8,8,8,early,0.1,4,4
5,1,5,5,4,5,early,0.1,4,4
6,0,30,19,19,12,early,0.1,4,4
6,1,5,5,4,5,early,0.1,4,4
7,0,30,23,23,12,early,0.1,4,4
7,1,5,5,4,5,early,0.1,4,4
8,0,30,23,23,12,early,0.1,4,4
8,1,5,5,4,5,early,0.1,4,4
9,0,30,24,24,12,early,0.1,4,4
9,1,5,5,4,5,early,0.1,4,4
10,0,30,25,25,13,early,0.1,4,4
10,1,5,5,4,5,early,0.1,4,4
1,0,7,0,0,0,early,0.1,5,0
1,1,27,0,0,0,early,0.1,5,0
2,0,7,0,0,0,early,0.1,5,0
2,1,27,0,0,0,early,0.1,5,0
3,0,7,1,1,0,early,0.1,5,0
3,1,27,11,11,11,early,0.1,5,0
4,0,7,5,5,0,early,0.1,5,0
4,1,27,11,11,11,early,0.1,5,0
5,0,7,5,5,0,early,0.1,5,0
5,1,27,19,18,19,early,0.1,5,0
6,0,7,6,6,0,early,0.1,5,0
6,1,27,19,18,19,early,0.1,5,0
7,0,7,6,6,0,early,0.1,5,0
7,1,27,21,20,21,early,0.1,5,0
8,0,7,6,6,0,early,0.1,5,0
8,1,27,25,24,21,early,0.1,5,0
9,0,7,6,6,0,early,0.1,5,0
9,1,27,25,24,21,early,0.1,5,0
10,0,7,6,6,0,early,0.1,5,0
10,1,27,27,26,21,early,0.1,5,0
1,0,11,0,0,0,early,0.1,5,1
1,1,23,0,0,0,early,0.1,5,1
2,0,11,0,0,0,early,0.1,5,1
2,1,23,0,0,0,early,0.1,5,1
3,0,11,1,1,1,early,0.1,5,1
3,1,23,6,6,6,early,0.1,5,1
4,0,11,3,3,3,early,0.1,5,1
4,1,23,11,11,11,early,0.1,5,1
5,0,11,5,4,5,early,0.1,5,1
5,1,23,11,11,11,early,0.1,5,1
6,0,11,7,6,7,early,0.1,5,1
6,1,23,11,11,11,early,0.1,5,1
7,0,11,10,9,7,early,0.1,5,1
7,1,23,12,12,12,early,0.1,5,1
8,0,11,11,10,8,early,0.1,5,1
8,1,23,13,13,12,early,0.1,5,1
9,0,11,11,10,8,early,0.1,5,1
9,1,23,16,16,14,early,0.1,5,1
10,0,11,11,10,8,early,0.1,5,1
10,1,23,16,16,14,early,0.1,5,1
1,0,21,0,0,0,early,0.1,5,2
1,1,14,4,4,4,early,0.1,5,2
2,0,21,0,0,0,early,0.1,5,2
2,1,14,4,4,4,early,0.1,5,2
3,0,21,0,0,0,early,0.1,5,2
3,1,14,14,13,14,early,0.1,5,2
4,0,21,4,4,0,early,0.1,5,2
4,1,14,14,13,14,early,0.1,5,2
5,0,21,9,9,0,early,0.1,5,2
5,1,14,14,13,14,early,0.1,5,2
6,0,21,13,13,0,early,0.1,5,2
6,1,14,14,13,14,early,0.1,5,2
7,0,21,19,19,6,early,0.1,5,2
7,1,14,14,13,14,early,0.1,5,2
8,0,21,19,19,6,early,0.1,5,2
8,1,14,14,13,14,early,0.1,5,2
9,0,21,19,19,6,early,0.1,5,2
9,1,14,14,13,14,early,0.1,5,2
10,0,21,20,19,6,early,0.1,5,2
10,1,14,14,13,14,early,0.1,5,2
1,0,14,0,0,0,early,0.1,5,3
1,1,22,1,1,1,early,0.1,5,3
2,0,14,0,0,0,early,0.1,5,3
2,1,22,1,1,1,early,0.1,5,3
3,0,14,0,0,0,early,0.1,5,3
3,1,22,19,19,19,early,0.1,5,3
4,0,14,10,10,0,early,0.1,5,3
4,1,22,19,19,19,early,0.1,5,3
5,0,14,12,11,0,early,0.1,5,3
5,1,22,19,19,19,early,0.1,5,3
6,0,14,12,11,0,early,0.1,5,3
6,1,22,19,19,19,early,0.1,5,3
7,0,14,12,11,0,early,0.1,5,3
7,1,22,20,19,20,early,0.1,5,3
8,0,14,12,11,0,early,0.1,5,3
8,1,22,20,19,20,early,0.1,5,3
9,0,14,12,11,0,early,0.1,5,3
9,1,22,20,19,20,early,0.1,5,3
10,0,14,12,11,0,early,0.1,5,3
10,1,22,20,19,20,early,0.1,5,3
1,0,27,0,0,0,early,0.1,5,4
1,1,9,0,0,0,early,0.1,5,4
2,0,27,0,0,0,early,0.1,5,4
2,1,9,0,0,0,early,0.1,5,4
3,0,27,1,1,1,early,0.1,5,4
3,1,9,0,0,0,early,0.1,5,4
4,0,27,9,9,9,early,0.1,5,4
4,1,9,3,3,3,early,0.1,5,4
5,0,27,11,11,11,early,0.1,5,4
5,1,9,5,5,5,early,0.1,5,4
6,0,27,16,16,12,early,0.1,5,4
6,1,9,6,6,6,early,0.1,5,4
7,0,27,19,19,15,early,0.1,5,4
7,1,9,6,6,6,early,0.1,5,4
8,0,27,20,20,15,early,0.1,5,4
8,1,9,6,6,6,early,0.1,5,4
9,0,27,20,20,15,early,0.1,5,4
9,1,9,8,8,6,early,0.1,5,4
10,0,27,21,21,16,early,0.1,5,4
10,1,9,8,8,6,early,0.1,5,4
1,0,23,0,0,0,early,0.1,6,0
1,1,12,0,0,0,early,0.1,6,0
2,0,23,0,0,0,early,0.1,6,0
2,1,12,0,0,0,early,0.1,6,0
3,0,23,0,0,0,early,0.1,6,0
3,1,12,1,1,1,early,0.1,6,0
4,0,23,0,0,0,early,0.1,6,0
4,1,12,1,1,1,early,0.1,6,0
5,0,23,9,9,8,early,0.1,6,0
5,1,12,11,9,11,early,0.1,6,0
6,0,23,18,17,9,early,0.1,6,0
6,1,12,11,9,11,early,0.1,6,0
7,0,23,19,17,10,early,0.1,6,0
7,1,12,12,10,12,early,0.1,6,0
8,0,23,22,19,10,early,0.1,6,0
8,1,12,12,10,12,early,0.1,6,0
9,0,23,22,19,10,early,0.1,6,0
9,1,12,12,10,12,early,0.1,6,0
10,0,23,22,19,10,early,0.1,6,0
10,1,12,12,10,12,early,0.1,6,0
1,0,12,0,0,0,early,0.1,6,1
1,1,23,3,3,3,early,0.1,6,1
2,0,12,0,0,0,early,0.1,6,1
2,1,23,4,4,4,early,0.1,6,1
3,0,12,3,3,0,early,0.1,6,1
3,1,23,22,21,22,early,0.1,6,1
4,0,12,12,11,0,early,0.1,6,1
4,1,23,22,21,22,early,0.1,6,1
5,0,12,12,11,0,early,0.1,6,1
5,1,23,23,21,23,early,0.1,6,1
6,0,12,12,11,0,early,0.1,6,1
6,1,23,23,21,23,early,0.1,6,1
7,0,12,12,11,0,early,0.1,6,1
7,1,23,23,21,23,early,0.1,6,1
8,0,12,12,11,0,early,0.1,6,1
8,1,23,23,21,23,early,0.1,6,1
9,0,12,12,11,0,early,0.1,6,1
9,1,23,23,21,23,early,0.1,6,1
10,0,12,12,11,0,early,0.1,6,1
10,1,23,23,21,23,early,0.1,6,1
1,0,21,3,3,3,early,0.1,6,2
1,1,15,0,0,0,early,0.1,6,2
2,0,21,9,9,9,early,0.1,6,2
2,1,15,9,9,0,early,0.1,6,2
3,0,21,21,20,21,early,0.1,6,2
3,1,15,13,13,0,early,0.1,6,2
4,0,21,21,20,21,early,0.1,6,2
4,1,15,13,13,0,early,0.1,6,2
5,0,21,21,20,21,early,0.1,6,2
5,1,15,13,13,0,early,0.1,6,2
6,0,21,21,20,21,early,0.1,6,2
6,1,15,13,13,0,early,0.1,6,2
7,0,21,21,20,21,early,0.1,6,2
7,1,15,13,13,0,early,0.1,6,2
8,0,21,21,20,21,early,0.1,6,2
8,1,15,13,13,0,early,0.1,6,2
9,0,21,21,20,21,early,0.1,6,2
9,1,15,13,13,0,early,0.1,6,2
10,0,21,21,20,21,early,0.1,6,2
10,1,15,13,13,0,early,0.1,6,2
1,0,28,0,0,0,early,0.1,6,3
1,1,8,0,0,0,early,0.1,6,3
2,0,28,0,0,0,early,0.1,6,3
2,1,8,0,0,0,early,0.1,6,3
3,0,28,0,0,0,early,0.1,6,3
3,1,8,4,4,4,early,0.1,6,3
4,0,28,0,0,0,early,0.1,6,3
4,1,8,8,7,8,early,0.1,6,3
5,0,28,10,10,10,early,0.1,6,3
5,1,8,8,7,8,early,0.1,6,3
6,0,28,20,20,10,early,0.1,6,3
6,1,8,8,7,8,early,0.1,6,3
7,0,28,24,24,14,early,0.1,6,3
7,1,8,8,7,8,early,0.1,6,3
8,0,28,28,27,14,early,0.1,6,3
8,1,8,8,7,8,early,0.1,6,3
9,0,28,28,27,14,early,0.1,6,3
9,1,8,8,7,8,early,0.1,6,3
10,0,28,28,27,14,early,0.1,6,3
10,1,8,8,7,8,early,0.1,6,3
1,0,9,0,0,0,early,0.1,6,4
1,1,27,0,0,0,early,0.1,6,4
2,0,9,0,0,0,early,0.1,6,4
2,1,27,0,0,0,early,0.1,6,4
3,0,9,0,0,0,early,0.1,6,4
3,1,27,2,2,2,early,0.1,6,4
4,0,9,0,0,0,early,0.1,6,4
4,1,27,2,2,2,early,0.1,6,4
5,0,9,0,0,0,early,0.1,6,4
5,1,27,9,9,9,early,0.1,6,4
6,0,9,4,4,2,early,0.1,6,4
6,1,27,12,11,11,early,0.1,6,4
7,0,9,6,6,4,early,0.1,6,4
7,1,27,15,14,11,early,0.1,6,4
8,0,9,7,7,5,early,0.1,6,4
8,1,27,21,19,11,early,0.1,6,4
9,0,9,9,9,5,early,0.1,6,4
9,1,27,22,19,11,early,0.1,6,4
10,0,9,9,9,5,early,0.1,6,4
10,1,27,23,20,12,early,0.1,6,4
1,0,18,0,0,0,early,0.1,7,0
1,1,17,0,0,0,early,0.1,7,0
2,0,18,0,0,0,early,0.1,7,0
2,1,17,0,0,0,early,0.1,7,0
3,0,18,0,0,0,early,0.1,7,0
3,1,17,0,0,0,early,0.1,7,0
4,0,18,0,0,0,early,0.1,7,0
4,1,17,0,0,0,early,0.1,7,0
5,0,18,10,10,10,early,0.1,7,0
5,1,17,2,2,2,early,0.1,7,0
6,0,18,12,12,11,early,0.1,7,0
6,1,17,12,12,7,early,0.1,7,0
7,0,18,13,13,12,early,0.1,7,0
7,1,17,13,13,8,early,0.1,7,0
8,0,18,14,14,12,early,0.1,7,0
8,1,17,13,13,8,early,0.1,7,0
9,0,18,15,14,13,early,0.1,7,0
9,1,17,14,13,9,early,0.1,7,0
10,0,18,17,15,13,early,0.1,7,0
10,1,17,14,13,9,early,0.1,7,0
1,0,25,0,0,0,early,0.1,7,1
1,1,10,0,0,0,early,0.1,7,1
2,0,25,0,0,0,early,0.1,7,1
2,1,10,0,0,0,early,0.1,7,1
3,0,25,1,1,1,early,0.1,7,1
3,1,10,0,0,0,early,0.1,7,1
4,0,25,11,11,11,early,0.1,7,1
4,1,10,1,1,1,early,0.1,7,1
5,0,25,12,12,12,early,0.1,7,1
5,1,10,4,4,4,early,0.1,7,1
6,0,25,17,17,12,early,0.1,7,1
6,1,10,5,5,5,early,0.1,7,1
7,0,25,17,17,12,early,0.1,7,1
7,1,10,7,7,5,early,0.1,7,1
8,0,25,22,21,12,early,0.1,7,1
8,1,10,10,8,5,early,0.1,7,1
9,0,25,22,21,12,early,0.1,7,1
9,1,10,10,8,5,early,0.1,7,1
10,0,25,22,21,12,early,0.1,7,1
10,1,10,10,8,5,early,0.1,7,1
1,0,25,2,2,2,early,0.1,7,2
1,1,9,0,0,0,early,0.1,7,2
2,0,25,2,2,2,early,0.1,7,2
2,1,9,0,0,0,early,0.1,7,2
3,0,25,14,14,14,early,0.1,7,2
3,1,9,0,0,0,early,0.1,7,2
4,0,25,14,14,14,early,0.1,7,2
4,1,9,2,2,0,early,0.1,7,2
5,0,25,18,17,18,early,0.1,7,2
5,1,9,8,8,0,early,0.1,7,2
6,0,25,18,17,18,early,0.1,7,2
6,1,9,8,8,0,early,0.1,7,2
7,0,25,18,17,18,early,0.1,7,2
7,1,9,8,8,0,early,0.1,7,2
8,0,25,18,17,18,early,0.1,7,2
8,1,9,8,8,0,early,0.1,7,2
9,0,25,20,19,20,early,0.1,7,2
9,1,9,8,8,0,early,0.1,7,2
10,0,25,20,19,20,early,0.1,7,2
10,1,9,8,8,0,early,0.1,7,2
1,0,22,6,6,6,early,0.1,7,3
1,1,14,0,0,0,early,0.1,7,3
2,0,22,6,6,6,early,0.1,7,3
2,1,14,0,0,0,early,0.1,7,3
3,0,22,13,13,13,early,0.1,7,3
3,1,14,0,0,0,early,0.1,7,3
4,0,22,14,14,14,early,0.1,7,3
4,1,14,6,6,0,early,0.1,7,3
5,0,22,14,14,14,early,0.1,7,3
5,1,14,8,8,0,early,0.1,7,3
6,0,22,15,15,15,early,0.1,7,3
6,1,14,13,13,3,early,0.1,7,3
7,0,22,17,16,17,early,0.1,7,3
7,1,14,13,13,3,early,0.1,7,3
8,0,22,18,16,18,early,0.1,7,3
8,1,14,13,13,3,early,0.1,7,3
9,0,22,18,16,18,early,0.1,7,3
9,1,14,13,13,3,early,0.1,7,3
10,0,22,18,16,18,early,0.1,7,3
10,1,14,13,13,3,early,0.1,7,3
1,0,21,2,2,2,early,0.1,7,4
1,1,14,0,0,0,early,0.1,7,4
2,0,21,2,2,2,early,0.1,7,4
2,1,14,0,0,0,early,0.1,7,4
3,0,21,21,19,21,early,0.1,7,4
3,1,14,0,0,0,early,0.1,7,4
4,0,21,21,19,21,early,0.1,7,4
4,1,14,10,10,0,early,0.1,7,4
5,0,21,21,19,21,early,0.1,7,4
5,1,14,14,12,0,early,0.1,7,4
6,0,21,21,19,21,early,0.1,7,4
6,1,14,14,12,0,early,0.1,7,4
7,0,21,21,19,21,early,0.1,7,4
7,1,14,14,12,0,early,0.1,7,4
8,0,21,21,19,21,early,0.1,7,4
8,1,14,14,12,0,early,0.1,7,4
9,0,21,21,19,21,early,0.1,7,4
9,1,14,14,12,0,early,0.1,7,4
10,0,21,21,19,21,early,0.1,7,4
10,1,14,14,12,0,early,0.1,7,4
1,0,19,0,0,0,early,0.1,8,0
1,1,17,0,0,0,early,0.1,8,0
2,0,19,0,0,0,early,0.1,8,0
2,1,17,0,0,0,early,0.1,8,0
3,0,19,0,0,0,early,0.1,8,0
3,1,17,0,0,0,early,0.1,8,0
4,0,19,6,6,6,early,0.1,8,0
4,1,17,0,0,0,early,0.1,8,0
5,0,19,10,10,9,early,0.1,8,0
5,1,17,5,5,5,early,0.1,8,0
6,0,19,16,16,12,early,0.1,8,0
6,1,17,7,7,6,early,0.1,8,0
7,0,19,18,18,12,early,0.1,8,0
7,1,17,8,8,7,early,0.1,8,0
8,0,19,19,18,12,early,0.1,8,0
8,1,17,11,10,10,early,0.1,8,0
9,0,19,19,18,12,early,0.1,8,0
9,1,17,15,13,11,early,0.1,8,0
10,0,19,19,18,12,early,0.1,8,0
10,1,17,15,13,11,early,0.1,8,0
1,0,5,0,0,0,early,0.1,8,1
1,1,30,0,0,0,early,0.1,8,1
2,0,5,0,0,0,early,0.1,8,1
2,1,30,0,0,0,early,0.1,8,1
3,0,5,0,0,0,early,0.1,8,1
3,1,30,7,7,7,early,0.1,8,1
4,0,5,1,1,0,early,0.1,8,1
4,1,30,9,9,9,early,0.1,8,1
5,0,5,4,4,0,early,0.1,8,1
5,1,30,17,17,17,early,0.1,8,1
6,0,5,4,4,0,early,0.1,8,1
6,1,30,24,24,17,early,0.1,8,1
7,0,5,4,4,0,early,0.1,8,1
7,1,30,26,26,19,early,0.1,8,1
8,0,5,4,4,0,early,0.1,8,1
8,1,30,28,28,19,early,0.1,8,1
9,0,5,4,4,0,early,0.1,8,1
9,1,30,30,30,21,early,0.1,8,1
10,0,5,4,4,0,early,0.1,8,1
10,1,30,30,30,21,early,0.1,8,1
1,0,15,0,0,0,early,0.1,8,2
1,1,20,12,12,12,early,0.1,8,2
2,0,15,0,0,0,early,0.1,8,2
2,1,20,12,12,12,early,0.1,8,2
3,0,15,1,1,1,early,0.1,8,2
3,1,20,20,19,20,early,0.1,8,2
4,0,15,5,5,1,early,0.1,8,2
4,1,20,20,19,20,early,0.1,8,2
5,0,15,12,11,1,early,0.1,8,2
5,1,20,20,19,20,early,0.1,8,2
6,0,15,14,13,1,early,0.1,8,2
6,1,20,20,19,20,early,0.1,8,2
7,0,15,14,13,1,early,0.1,8,2
7,1,20,20,19,20,early,0.1,8,2
8,0,15,14,13,1,early,0.1,8,2
8,1,20,20,19,20,early,0.1,8,2
9,0,15,14,13,1,early,0.1,8,2
9,1,20,20,19,20,early,0.1,8,2
10,0,15,14,13,1,early,0.1,8,2
10,1,20,20,19,20,early,0.1,8,2
1,0,15,6,6,6,early,0.1,8,3
1,1,20,0,0,0,early,0.1,8,3
2,0,15,6,6,6,early,0.1,8,3
2,1,20,0,0,0,early,0.1,8,3
3,0,15,15,14,15,early,0.1,8,3
3,1,20,0,0,0,early,0.1,8,3
4,0,15,15,14,15,early,0.1,8,3
4,1,20,5,5,0,early,0.1,8,3
5,0,15,15,14,15,early,0.1,8,3
5,1,20,10,10,5,early,0.1,8,3
6,0,15,15,14,15,early,0.1,8,3
6,1,20,17,17,5,early,0.1,8,3
7,0,15,15,14,15,early,0.1,8,3
7,1,20,18,18,6,early,0.1,8,3
8,0,15,15,14,15,early,0.1,8,3
8,1,20,19,19,6,early,0.1,8,3
9,0,15,15,14,15,early,0.1,8,3
9,1,20,19,19,6,early,0.1,8,3
10,0,15,15,14,15,early,0.1,8,3
10,1,20,19,19,6,early,0.1,8,3
1,0,22,0,0,0,early,0.1,8,4
1,1,13,0,0,0,early,0.1,8,4
2,0,22,0,0,0,early,0.1,8,4
2,1,13,0,0,0,early,0.1,8,4
3,0,22,0,0,0,early,0.1,8,4
3,1,13,0,0,0,early,0.1,8,4
4,0,22,0,0,0,early,0.1,8,4
4,1,13,2,2,2,early,0.1,8,4
5,0,22,2,2,2,early,0.1,8,4
5,1,13,3,3,3,early,0.1,8,4
6,0,22,17,16,13,early,0.1,8,4
6,1,13,8,8,3,early,0.1,8,4
7,0,22,18,17,13,early,0.1,8,4
7,1,13,9,9,3,early,0.1,8,4
8,0,22,20,19,15,early,0.1,8,4
8,1,13,11,11,5,early,0.1,8,4
9,0,22,21,20,15,early,0.1,8,4
9,1,13,11,11,5,early,0.1,8,4
10,0,22,21,20,15,early,0.1,8,4
10,1,13,12,12,5,early,0.1,8,4
1,0,24,0,0,0,early,0.1,9,0
1,1,12,0,0,0,early,0.1,9,0
2,0,24,0,0,0,early,0.1,9,0
2,1,12,0,0,0,early,0.1,9,0
3,0,24,3,3,3,early,0.1,9,0
3,1,12,6,6,6,early,0.1,9,0
4,0,24,4,4,4,early,0.1,9,0
4,1,12,7,7,7,early,0.1,9,0
5,0,24,8,8,8,early,0.1,9,0
5,1,12,12,11,12,early,0.1,9,0
6,0,24,22,21,8,early,0.1,9,0
6,1,12,12,11,12,early,0.1,9,0
7,0,24,22,21,8,early,0.1,9,0
7,1,12,12,11,12,early,0.1,9,0
8,0,24,22,21,8,early,0.1,9,0
8,1,12,12,11,12,early,0.1,9,0
9,0,24,22,21,8,early,0.1,9,0
9,1,12,12,11,12,early,0.1,9,0
10,0,24,22,21,8,early,0.1,9,0
10,1,12,12,11,12,early,0.1,9,0
1,0,13,0,0,0,early,0.1,9,1
1,1,23,0,0,0,early,0.1,9,1
2,0,13,0,0,0,early,0.1,9,1
2,1,23,0,0,0,early,0.1,9,1
3,0,13,0,0,0,early,0.1,9,1
3,1,23,7,7,7,early,0.1,9,1
4,0,13,0,0,0,early,0.1,9,1
4,1,23,7,7,7,early,0.1,9,1
5,0,13,0,0,0,early,0.1,9,1
5,1,23,14,14,13,early,0.1,9,1
6,0,13,8,8,5,early,0.1,9,1
6,1,23,20,20,13,early,0.1,9,1
7,0,13,11,11,6,early,0.1,9,1
7,1,23,20,20,13,early,0.1,9,1
8,0,13,11,11,6,early,0.1,9,1
8,1,23,21,21,13,early,0.1,9,1
9,0,13,11,11,6,early,0.1,9,1
9,1,23,23,23,15,early,0.1,9,1
10,0,13,11,11,6,early,0.1,9,1
10,1,23,23,23,15,early,0.1,9,1
1,0,21,0,0,0,early,0.1,9,2
1,1,15,0,0,0,early,0.1,9,2
2,0,21,0,0,0,early,0.1,9,2
2,1,15,0,0,0,early,0.1,9,2
3,0,21,13,13,13,early,0.1,9,2
3,1,15,3,3,3,early,0.1,9,2
4,0,21,13,13,13,early,0.1,9,2
4,1,15,4,4,3,early,0.1,9,2
5,0,21,17,15,17,early,0.1,9,2
5,1,15,7,7,4,early,0.1,9,2
6,0,21,19,17,17,early,0.1,9,2
6,1,15,13,13,4,early,0.1,9,2
7,0,21,20,18,18,early,0.1,9,2
7,1,15,14,14,5,early,0.1,9,2
8,0,21,20,18,18,early,0.1,9,2
8,1,15,15,14,5,early,0.1,9,2
9,0,21,21,18,19,early,0.1,9,2
9,1,15,15,14,5,early,0.1,9,2
10,0,21,21,18,19,early,0.1,9,2
10,1,15,15,14,5,early,0.1,9,2
1,0,34,0,0,0,early,0.1,9,3
1,1,2,0,0,0,early,0.1,9,3
2,0,34,0,0,0,early,0.1,9,3
2,1,2,0,0,0,early,0.1,9,3
3,0,34,2,2,2,early,0.1,9,3
3,1,2,0,0,0,early,0.1,9,3
4,0,34,16,16,16,early,0.1,9,3
4,1,2,0,0,0,early,0.1,9,3
5,0,34,17,17,17,early,0.1,9,3
5,1,2,0,0,0,early,0.1,9,3
6,0,34,19,19,17,early,0.1,9,3
6,1,2,0,0,0,early,0.1,9,3
7,0,34,27,27,18,early,0.1,9,3
7,1,2,0,0,0,early,0.1,9,3
8,0,34,30,30,18,early,0.1,9,3
8,1,2,0,0,0,early,0.1,9,3
9,0,34,31,31,19,early,0.1,9,3
9,1,2,0,0,0,early,0.1,9,3
10,0,34,31,31,19,early,0.1,9,3
10,1,2,0,0,0,early,0.1,9,3
1,0,32,0,0,0,early,0.1,9,4
1,1,4,0,0,0,early,0.1,9,4
2,0,32,0,0,0,early,0.1,9,4
2,1,4,0,0,0,early,0.1,9,4
3,0,32,1,1,1,early,0.1,9,4
3,1,4,0,0,0,early,0.1,9,4
4,0,32,13,13,13,early,0.1,9,4
4,1,4,1,1,0,early,0.1,9,4
5,0,32,17,17,17,early,0.1,9,4
5,1,4,4,3,0,early,0.1,9,4
6,0,32,19,19,19,early,0.1,9,4
6,1,4,4,3,0,early,0.1,9,4
7,0,32,20,20,20,early,0.1,9,4
7,1,4,4,3,0,early,0.1,9,4
8,0,32,20,20,20,early,0.1,9,4
8,1,4,4,3,0,early,0.1,9,4
9,0,32,21,20,21,early,0.1,9,4
9,1,4,4,3,0,early,0.1,9,4
10,0,32,21,20,21,early,0.1,9,4
10,1,4,4,3,0,early,0.1,9,4
1,0,12,0,0,0,early,0.3,0,0
1,1,94,0,0,0,early,0.3,0,0
2,0,12,0,0,0,early,0.3,0,0
2,1,94,0,0,0,early,0.3,0,0
3,0,12,0,0,0,early,0.3,0,0
3,1,94,8,8,8,early,0.3,0,0
4,0,12,0,0,0,early,0.3,0,0
4,1,94,28,28,28,early,0.3,0,0
5,0,12,0,0,0,early,0.3,0,0
5,1,94,30,30,30,early,0.3,0,0
6,0,12,0,0,0,early,0.3,0,0
6,1,94,44,44,37,early,0.3,0,0
7,0,12,10,9,10,early,0.3,0,0
7,1,94,52,51,39,early,0.3,0,0
8,0,12,12,10,12,early,0.3,0,0
8,1,94,62,60,46,early,0.3,0,0
9,0,12,12,10,12,early,0.3,0,0
9,1,94,71,69,51,early,0.3,0,0
10,0,12,12,10,12,early,0.3,0,0
10,1,94,74,72,54,early,0.3,0,0
1,0,52,0,0,0,early,0.3,0,1
1,1,54,0,0,0,early,0.3,0,1
2,0,52,0,0,0,early,0.3,0,1
2,1,54,0,0,0,early,0.3,0,1
3,0,52,0,0,0,early,0.3,0,1
3,1,54,5,5,5,early,0.3,0,1
4,0,52,23,23,23,early,0.3,0,1
4,1,54,20,20,20,early,0.3,0,1
5,0,52,30,30,30,early,0.3,0,1
5,1,54,23,23,21,early,0.3,0,1
6,0,52,34,34,34,early,0.3,0,1
6,1,54,41,41,21,early,0.3,0,1
7,0,52,37,37,34,early,0.3,0,1
7,1,54,47,46,27,early,0.3,0,1
8,0,52,38,38,34,early,0.3,0,1
8,1,54,48,47,28,early,0.3,0,1
9,0,52,47,47,34,early,0.3,0,1
9,1,54,48,47,28,early,0.3,0,1
10,0,52,49,49,34,early,0.3,0,1
10,1,54,49,47,28,early,0.3,0,1
1,0,31,0,0,0,early,0.3,0,2
1,1,75,0,0,0,early,0.3,0,2
2,0,31,0,0,0,early,0.3,0,2
2,1,75,0,0,0,early,0.3,0,2
3,0,31,0,0,0,early,0.3,0,2
3,1,75,0,0,0,early,0.3,0,2
4,0,31,0,0,0,early,0.3,0,2
4,1,75,8,8,8,early,0.3,0,2
5,0,31,11,11,11,early,0.3,0,2
5,1,75,30,30,30,early,0.3,0,2
6,0,31,22,21,22,early,0.3,0,2
6,1,75,59,57,36,early,0.3,0,2
7,0,31,28,26,28,early,0.3,0,2
7,1,75,62,59,39,early,0.3,0,2
8,0,31,28,26,28,early,0.3,0,2
8,1,75,75,71,39,early,0.3,0,2
9,0,31,31,26,31,early,0.3,0,2
9,1,75,75,71,39,early,0.3,0,2
10,0,31,31,26,31,early,0.3,0,2
10,1,75,75,71,39,early,0.3,0,2
1,0,65,8,8,8,early,0.3,0,3
1,1,41,0,0,0,early,0.3,0,3
2,0,65,8,8,8,early,0.3,0,3
2,1,41,0,0,0,early,0.3,0,3
3,0,65,42,42,42,early,0.3,0,3
3,1,41,0,0,0,early,0.3,0,3
4,0,65,42,42,42,early,0.3,0,3
4,1,41,19,19,0,early,0.3,0,3
5,0,65,59,55,59,early,0.3,0,3
5,1,41,27,26,3,early,0.3,0,3
6,0,65,59,55,59,early,0.3,0,3
6,1,41,37,33,3,early,0.3,0,3
7,0,65,63,56,63,early,0.3,0,3
7,1,41,39,34,3,early,0.3,0,3
8,0,65,63,56,63,early,0.3,0,3
8,1,41,39,34,3,early,0.3,0,3
9,0,65,63,56,63,early,0.3,0,3
9,1,41,39,34,3,early,0.3,0,3
10,0,65,63,56,63,early,0.3,0,3
10,1,41,40,35,3,early,0.3,0,3
1,0,91,0,0,0,early,0.3,0,4
1,1,14,0,0,0,early,0.3,0,4
2,0,91,0,0,0,early,0.3,0,4
2,1,14,0,0,0,early,0.3,0,4
3,0,91,37,37,37,early,0.3,0,4
3,1,14,1,1,0,early,0.3,0,4
4,0,91,40,40,40,early,0.3,0,4
4,1,14,7,6,0,early,0.3,0,4
5,0,91,54,54,54,early,0.3,0,4
5,1,14,8,7,0,early,0.3,0,4
6,0,91,61,61,54,early,0.3,0,4
6,1,14,9,8,0,early,0.3,0,4
7,0,91,62,62,54,early,0.3,0,4
7,1,14,9,8,0,early,0.3,0,4
8,0,91,87,84,54,early,0.3,0,4
8,1,14,11,10,2,early,0.3,0,4
9,0,91,88,84,54,early,0.3,0,4
9,1,14,14,13,5,early,0.3,0,4
10,0,91,88,84,54,early,0.3,0,4
10,1,14,14,13,5,early,0.3,0,4
1,0,61,0,0,0,early,0.3,1,0
1,1,46,0,0,0,early,0.3,1,0
2,0,61,0,0,0,early,0.3,1,0
2,1,46,0,0,0,early,0.3,1,0
3,0,61,51,47,51,early,0.3,1,0
3,1,46,0,0,0,early,0.3,1,0
4,0,61,51,47,51,early,0.3,1,0
4,1,46,19,19,0,early,0.3,1,0
5,0,61,61,55,61,early,0.3,1,0
5,1,46,26,25,0,early,0.3,1,0
6,0,61,61,55,61,early,0.3,1,0
6,1,46,38,35,0,early,0.3,1,0
7,0,61,61,55,61,early,0.3,1,0
7,1,46,39,35,0,early,0.3,1,0
8,0,61,61,55,61,early,0.3,1,0
8,1,46,39,35,0,early,0.3,1,0
9,0,61,61,55,61,early,0.3,1,0
9,1,46,39,35,0,early,0.3,1,0
10,0,61,61,55,61,early,0.3,1,0
10,1,46,39,35,0,early,0.3,1,0
1,0,6,0,0,0,early,0.3,1,1
1,1,100,0,0,0,early,0.3,1,1
2,0,6,0,0,0,early,0.3,1,1
2,1,100,0,0,0,early,0.3,1,1
3,0,6,0,0,0,early,0.3,1,1
3,1,100,6,6,6,early,0.3,1,1
4,0,6,0,0,0,early,0.3,1,1
4,1,100,38,38,38,early,0.3,1,1
5,0,6,0,0,0,early,0.3,1,1
5,1,100,42,42,42,early,0.3,1,1
6,0,6,3,2,0,early,0.3,1,1
6,1,100,57,56,56,early,0.3,1,1
7,0,6,5,3,0,early,0.3,1,1
7,1,100,59,58,58,early,0.3,1,1
8,0,6,6,3,0,early,0.3,1,1
8,1,100,62,61,59,early,0.3,1,1
9,0,6,6,3,0,early,0.3,1,1
9,1,100,76,75,59,early,0.3,1,1
10,0,6,6,3,0,early,0.3,1,1
10,1,100,82,81,61,early,0.3,1,1
1,0,18,0,0,0,early,0.3,1,2
1,1,88,0,0,0,early,0.3,1,2
2,0,18,0,0,0,early,0.3,1,2
2,1,88,0,0,0,early,0.3,1,2
3,0,18,0,0,0,early,0.3,1,2
3,1,88,0,0,0,early,0.3,1,2
4,0,18,18,16,18,early,0.3,1,2
4,1,88,6,6,5,early,0.3,1,2
5,0,18,18,16,18,early,0.3,1,2
5,1,88,42,42,38,early,0.3,1,2
6,0,18,18,16,18,early,0.3,1,2
6,1,88,65,64,38,early,0.3,1,2
7,0,18,18,16,18,early,0.3,1,2
7,1,88,69,68,40,early,0.3,1,2
8,0,18,18,16,18,early,0.3,1,2
8,1,88,74,73,40,early,0.3,1,2
9,0,18,18,16,18,early,0.3,1,2
9,1,88,80,78,46,early,0.3,1,2
10,0,18,18,16,18,early,0.3,1,2
10,1,88,85,81,46,early,0.3,1,2
1,0,75,3,3,3,early,0.3,1,3
1,1,30,0,0,0,early,0.3,1,3
2,0,75,3,3,3,early,0.3,1,3
2,1,30,0,0,0,early,0.3,1,3
3,0,75,17,17,17,early,0.3,1,3
3,1,30,0,0,0,early,0.3,1,3
4,0,75,20,20,20,early,0.3,1,3
4,1,30,0,0,0,early,0.3,1,3
5,0,75,27,27,24,early,0.3,1,3
5,1,30,7,7,7,early,0.3,1,3
6,0,75,53,51,36,early,0.3,1,3
6,1,30,22,19,14,early,0.3,1,3
7,0,75,57,55,38,early,0.3,1,3
7,1,30,23,20,15,early,0.3,1,3
8,0,75,63,60,40,early,0.3,1,3
8,1,30,24,21,15,early,0.3,1,3
9,0,75,70,66,47,early,0.3,1,3
9,1,30,28,25,15,early,0.3,1,3
10,0,75,73,66,47,early,0.3,1,3
10,1,30,29,25,16,early,0.3,1,3
1,0,52,0,0,0,early,0.3,1,4
1,1,54,0,0,0,early,0.3,1,4
2,0,52,0,0,0,early,0.3,1,4
2,1,54,0,0,0,early,0.3,1,4
3,0,52,48,45,48,early,0.3,1,4
3,1,54,0,0,0,early,0.3,1,4
4,0,52,48,45,48,early,0.3,1,4
4,1,54,15,15,0,early,0.3,1,4
5,0,52,52,47,52,early,0.3,1,4
5,1,54,26,26,11,early,0.3,1,4
6,0,52,52,47,52,early,0.3,1,4
6,1,54,49,45,11,early,0.3,1,4
7,0,52,52,47,52,early,0.3,1,4
7,1,54,49,45,11,early,0.3,1,4
8,0,52,52,47,52,early,0.3,1,4
8,1,54,50,45,11,early,0.3,1,4
9,0,52,52,47,52,early,0.3,1,4
9,1,54,50,45,11,early,0.3,1,4
10,0,52,52,47,52,early,0.3,1,4
10,1,54,50,45,11,early,0.3,1,4
1,0,69,0,0,0,early,0.3,2,0
1,1,37,0,0,0,early,0.3,2,0
2,0,69,0,0,0,early,0.3,2,0
2,1,37,0,0,0,early,0.3,2,0
3,0,69,0,0,0,early,0.3,2,0
3,1,37,7,7,7,early,0.3,2,0
4,0,69,0,0,0,early,0.3,2,0
4,1,37,32,30,32,early,0.3,2,0
5,0,69,0,0,0,early,0.3,2,0
5,1,37,37,34,37,early,0.3,2,0
6,0,69,25,25,5,early,0.3,2,0
6,1,37,37,34,37,early,0.3,2,0
7,0,69,43,43,17,early,0.3,2,0
7,1,37,37,34,37,early,0.3,2,0
8,0,69,52,52,20,early,0.3,2,0
8,1,37,37,34,37,early,0.3,2,0
9,0,69,56,56,23,early,0.3,2,0
9,1,37,37,34,37,early,0.3,2,0
10,0,69,56,56,23,early,0.3,2,0
10,1,37,37,34,37,early,0.3,2,0
1,0,61,0,0,0,early,0.3,2,1
1,1,45,0,0,0,early,0.3,2,1
2,0,61,0,0,0,early,0.3,2,1
2,1,45,0,0,0,early,0.3,2,1
3,0,61,6,6,6,early,0.3,2,1
3,1,45,10,10,10,early,0.3,2,1
4,0,61,22,22,22,early,0.3,2,1
4,1,45,18,18,18,early,0.3,2,1
5,0,61,33,29,33,early,0.3,2,1
5,1,45,19,19,19,early,0.3,2,1
6,0,61,43,39,34,early,0.3,2,1
6,1,45,26,26,20,early,0.3,2,1
7,0,61,53,47,34,early,0.3,2,1
7,1,45,30,30,20,early,0.3,2,1
8,0,61,55,49,36,early,0.3,2,1
8,1,45,32,32,22,early,0.3,2,1
9,0,61,56,50,36,early,0.3,2,1
9,1,45,33,33,23,early,0.3,2,1
10,0,61,56,50,36,early,0.3,2,1
10,1,45,41,37,31,early,0.3,2,1
1,0,43,0,0,0,early,0.3,2,2
1,1,63,0,0,0,early,0.3,2,2
2,0,43,0,0,0,early,0.3,2,2
2,1,63,0,0,0,early,0.3,2,2
3,0,43,0,0,0,early,0.3,2,2
3,1,63,51,49,51,early,0.3,2,2
4,0,43,21,20,0,early,0.3,2,2
4,1,63,51,49,51,early,0.3,2,2
5,0,43,34,31,0,early,0.3,2,2
5,1,63,63,56,63,early,0.3,2,2
6,0,43,36,33,0,early,0.3,2,2
6,1,63,63,56,63,early,0.3,2,2
7,0,43,36,33,0,early,0.3,2,2
7,1,63,63,56,63,early,0.3,2,2
8,0,43,36,33,0,early,0.3,2,2
8,1,63,63,56,63,early,0.3,2,2
9,0,43,36,33,0,early,0.3,2,2
9,1,63,63,56,63,early,0.3,2,2
10,0,43,36,33,0,early,0.3,2,2
10,1,63,63,56,63,early,0.3,2,2
1,0,38,0,0,0,early,0.3,2,3
1,1,68,0,0,0,early,0.3,2,3
2,0,38,0,0,0,early,0.3,2,3
2,1,68,0,0,0,early,0.3,2,3
3,0,38,0,0,0,early,0.3,2,3
3,1,68,51,51,51,early,0.3,2,3
4,0,38,11,11,0,early,0.3,2,3
4,1,68,52,52,52,early,0.3,2,3
5,0,38,21,20,0,early,0.3,2,3
5,1,68,57,54,57,early,0.3,2,3
6,0,38,31,28,0,early,0.3,2,3
6,1,68,57,54,57,early,0.3,2,3
7,0,38,32,29,0,early,0.3,2,3
7,1,68,59,54,59,early,0.3,2,3
8,0,38,32,29,0,early,0.3,2,3
8,1,68,59,54,59,early,0.3,2,3
9,0,38,32,29,0,early,0.3,2,3
9,1,68,59,54,59,early,0.3,2,3
10,0,38,32,29,0,early,0.3,2,3
10,1,68,59,54,59,early,0.3,2,3
1,0,82,0,0,0,early,0.3,2,4
1,1,24,0,0,0,early,0.3,2,4
2,0,82,0,0,0,early,0.3,2,4
2,1,24,0,0,0,early,0.3,2,4
3,0,82,0,0,0,early,0.3,2,4
3,1,24,0,0,0,early,0.3,2,4
4,0,82,28,28,28,early,0.3,2,4
4,1,24,2,2,0,early,0.3,2,4
5,0,82,48,46,48,early,0.3,2,4
5,1,24,11,11,9,early,0.3,2,4
6,0,82,57,55,48,early,0.3,2,4
6,1,24,18,18,13,early,0.3,2,4
7,0,82,57,55,48,early,0.3,2,4
7,1,24,21,21,13,early,0.3,2,4
8,0,82,57,55,48,early,0.3,2,4
8,1,24,21,21,13,early,0.3,2,4
9,0,82,59,57,48,early,0.3,2,4
9,1,24,23,21,15,early,0.3,2,4
10,0,82,63,61,48,early,0.3,2,4
10,1,24,23,21,15,early,0.3,2,4
1,0,45,6,6,6,early,0.3,3,0
1,1,61,0,0,0,early,0.3,3,0
2,0,45,6,6,6,early,0.3,3,0
2,1,61,0,0,0,early,0.3,3,0
3,0,45,37,36,37,early,0.3,3,0
3,1,61,5,5,5,early,0.3,3,0
4,0,45,37,36,37,early,0.3,3,0
4,1,61,10,10,5,early,0.3,3,0
5,0,45,45,41,45,early,0.3,3,0
5,1,61,23,23,13,early,0.3,3,0
6,0,45,45,41,45,early,0.3,3,0
6,1,61,50,49,13,early,0.3,3,0
7,0,45,45,41,45,early,0.3,3,0
7,1,61,55,54,18,early,0.3,3,0
8,0,45,45,41,45,early,0.3,3,0
8,1,61,56,55,18,early,0.3,3,0
9,0,45,45,41,45,early,0.3,3,0
9,1,61,57,56,19,early,0.3,3,0
10,0,45,45,41,45,early,0.3,3,0
10,1,61,57,56,19,early,0.3,3,0
1,0,90,5,5,5,early,0.3,3,1
1,1,15,0,0,0,early,0.3,3,1
2,0,90,5,5,5,early,0.3,3,1
2,1,15,0,0,0,early,0.3,3,1
3,0,90,7,7,7,early,0.3,3,1
3,1,15,2,2,2,early,0.3,3,1
4,0,90,7,7,7,early,0.3,3,1
4,1,15,3,3,3,early,0.3,3,1
5,0,90,47,47,40,early,0.3,3,1
5,1,15,9,9,5,early,0.3,3,1
6,0,90,58,57,46,early,0.3,3,1
6,1,15,12,12,5,early,0.3,3,1
7,0,90,67,66,49,early,0.3,3,1
7,1,15,12,12,5,early,0.3,3,1
8,0,90,71,69,52,early,0.3,3,1
8,1,15,13,12,5,early,0.3,3,1
9,0,90,78,75,52,early,0.3,3,1
9,1,15,13,12,5,early,0.3,3,1
10,0,90,82,78,56,early,0.3,3,1
10,1,15,14,13,6,early,0.3,3,1
1,0,85,12,12,12,early,0.3,3,2
1,1,21,0,0,0,early,0.3,3,2
2,0,85,12,12,12,early,0.3,3,2
2,1,21,0,0,0,early,0.3,3,2
3,0,85,29,29,29,early,0.3,3,2
3,1,21,0,0,0,early,0.3,3,2
4,0,85,33,33,33,early,0.3,3,2
4,1,21,0,0,0,early,0.3,3,2
5,0,85,44,43,44,early,0.3,3,2
5,1,21,1,1,1,early,0.3,3,2
6,0,85,51,50,46,early,0.3,3,2
6,1,21,14,12,7,early,0.3,3,2
7,0,85,55,54,48,early,0.3,3,2
7,1,21,15,13,8,early,0.3,3,2
8,0,85,66,64,53,early,0.3,3,2
8,1,21,16,14,9,early,0.3,3,2
9,0,85,68,64,55,early,0.3,3,2
9,1,21,16,14,9,early,0.3,3,2
10,0,85,69,65,55,early,0.3,3,2
10,1,21,20,17,9,early,0.3,3,2
1,0,34,0,0,0,early,0.3,3,3
1,1,71,24,24,24,early,0.3,3,3
2,0,34,0,0,0,early,0.3,3,3
2,1,71,24,24,24,early,0.3,3,3
3,0,34,0,0,0,early,0.3,3,3
3,1,71,49,48,49,early,0.3,3,3
4,0,34,20,19,0,early,0.3,3,3
4,1,71,49,48,49,early,0.3,3,3
5,0,34,27,25,0,early,0.3,3,3
5,1,71,65,60,65,early,0.3,3,3
6,0,34,31,29,0,early,0.3,3,3
6,1,71,65,60,65,early,0.3,3,3
7,0,34,31,29,0,early,0.3,3,3
7,1,71,65,60,65,early,0.3,3,3
8,0,34,31,29,0,early,0.3,3,3
8,1,71,71,66,65,early,0.3,3,3
9,0,34,31,29,0,early,0.3,3,3
9,1,71,71,66,65,early,0.3,3,3
10,0,34,31,29,0,early,0.3,3,3
10,1,71,71,66,65,early,0.3,3,3
1,0,54,0,0,0,early,0.3,3,4
1,1,52,6,6,6,early,0.3,3,4
2,0,54,0,0,0,early,0.3,3,4
2,1,52,6,6,6,early,0.3,3,4
3,0,54,0,0,0,early,0.3,3,4
3,1,52,30,30,30,early,0.3,3,4
4,0,54,4,4,0,early,0.3,3,4
4,1,52,30,30,30,early,0.3,3,4
5,0,54,25,25,12,early,0.3,3,4
5,1,52,45,41,45,early,0.3,3,4
6,0,54,47,43,12,early,0.3,3,4
6,1,52,46,42,45,early,0.3,3,4
7,0,54,52,48,17,early,0.3,3,4
7,1,52,46,42,45,early,0.3,3,4
8,0,54,52,48,17,early,0.3,3,4
8,1,52,48,44,45,early,0.3,3,4
9,0,54,52,48,17,early,0.3,3,4
9,1,52,48,44,45,early,0.3,3,4
10,0,54,53,48,17,early,0.3,3,4
10,1,52,49,44,45,early,0.3,3,4
1,0,80,0,0,0,early,0.3,4,0
1,1,26,0,0,0,early,0.3,4,0
2,0,80,0,0,0,early,0.3,4,0
2,1,26,0,0,0,early,0.3,4,0
3,0,80,7,7,7,early,0.3,4,0
3,1,26,0,0,0,early,0.3,4,0
4,0,80,28,28,28,early,0.3,4,0
4,1,26,0,0,0,early,0.3,4,0
5,0,80,28,28,28,early,0.3,4,0
5,1,26,2,2,2,early,0.3,4,0
6,0,80,49,48,39,early,0.3,4,0
6,1,26,21,21,21,early,0.3,4,0
7,0,80,65,64,39,early,0.3,4,0
7,1,26,23,22,23,early,0.3,4,0
8,0,80,72,69,39,early,0.3,4,0
8,1,26,23,22,23,early,0.3,4,0
9,0,80,73,70,40,early,0.3,4,0
9,1,26,24,22,24,early,0.3,4,0
10,0,80,77,74,40,early,0.3,4,0
10,1,26,24,22,24,early,0.3,4,0
1,0,59,11,11,11,early,0.3,4,1
1,1,47,0,0,0,early,0.3,4,1
2,0,59,11,11,11,early,0.3,4,1
2,1,47,0,0,0,early,0.3,4,1
3,0,59,14,14,14,early,0.3,4,1
3,1,47,0,0,0,early,0.3,4,1
4,0,59,14,14,14,early,0.3,4,1
4,1,47,1,1,1,early,0.3,4,1
5,0,59,34,33,34,early,0.3,4,1
5,1,47,9,9,9,early,0.3,4,1
6,0,59,45,43,40,early,0.3,4,1
6,1,47,25,25,9,early,0.3,4,1
7,0,59,48,46,43,early,0.3,4,1
7,1,47,30,30,14,early,0.3,4,1
8,0,59,52,49,43,early,0.3,4,1
8,1,47,37,36,14,early,0.3,4,1
9,0,59,55,51,46,early,0.3,4,1
9,1,47,40,38,17,early,0.3,4,1
10,0,59,55,51,46,early,0.3,4,1
10,1,47,41,38,17,early,0.3,4,1
1,0,57,0,0,0,early,0.3,4,2
1,1,48,0,0,0,early,0.3,4,2
2,0,57,0,0,0,early,0.3,4,2
2,1,48,0,0,0,early,0.3,4,2
3,0,57,57,55,57,early,0.3,4,2
3,1,48,0,0,0,early,0.3,4,2
4,0,57,57,55,57,early,0.3,4,2
4,1,48,20,19,0,early,0.3,4,2
5,0,57,57,55,57,early,0.3,4,2
5,1,48,21,20,0,early,0.3,4,2
6,0,57,57,55,57,early,0.3,4,2
6,1,48,34,33,0,early,0.3,4,2
7,0,57,57,55,57,early,0.3,4,2
7,1,48,41,38,0,early,0.3,4,2
8,0,57,57,55,57,early,0.3,4,2
8,1,48,41,38,0,early,0.3,4,2
9,0,57,57,55,57,early,0.3,4,2
9,1,48,41,38,0,early,0.3,4,2
10,0,57,57,55,57,early,0.3,4,2
10,1,48,41,38,0,early,0.3,4,2
1,0,95,4,4,4,early,0.3,4,3
1,1,11,0,0,0,early,0.3,4,3
2,0,95,4,4,4,early,0.3,4,3
2,1,11,0,0,0,early,0.3,4,3
3,0,95,24,24,24,early,0.3,4,3
3,1,11,0,0,0,early,0.3,4,3
4,0,95,35,35,35,early,0.3,4,3
4,1,11,0,0,0,early,0.3,4,3
5,0,95,40,40,40,early,0.3,4,3
5,1,11,0,0,0,early,0.3,4,3
6,0,95,51,51,45,early,0.3,4,3
6,1,11,1,1,1,early,0.3,4,3
7,0,95,70,69,45,early,0.3,4,3
7,1,11,3,3,3,early,0.3,4,3
8,0,95,83,81,50,early,0.3,4,3
8,1,11,11,9,11,early,0.3,4,3
9,0,95,84,81,50,early,0.3,4,3
9,1,11,11,9,11,early,0.3,4,3
10,0,95,84,81,50,early,0.3,4,3
10,1,11,11,9,11,early,0.3,4,3
1,0,91,0,0,0,early,0.3,4,4
1,1,14,0,0,0,early,0.3,4,4
2,0,91,0,0,0,early,0.3,4,4
2,1,14,0,0,0,early,0.3,4,4
3,0,91,18,18,18,early,0.3,4,4
3,1,14,0,0,0,early,0.3,4,4
4,0,91,27,27,27,early,0.3,4,4
4,1,14,0,0,0,early,0.3,4,4
5,0,91,40,38,40,early,0.3,4,4
5,1,14,11,11,11,early,0.3,4,4
6,0,91,69,65,40,early,0.3,4,4
6,1,14,13,12,13,early,0.3,4,4
7,0,91,78,73,49,early,0.3,4,4
7,1,14,14,13,14,early,0.3,4,4
8,0,91,87,80,49,early,0.3,4,4
8,1,14,14,13,14,early,0.3,4,4
9,0,91,87,80,49,early,0.3,4,4
9,1,14,14,13,14,early,0.3,4,4
10,0,91,90,81,49,early,0.3,4,4
10,1,14,14,13,14,early,0.3,4,4
1,0,23,0,0,0,early,0.3,5,0
1,1,83,0,0,0,early,0.3,5,0
2,0,23,0,0,0,early,0.3,5,0
2,1,83,0,0,0,early,0.3,5,0
3,0,23,0,0,0,early,0.3,5,0
3,1,83,28,28,28,early,0.3,5,0
4,0,23,6,6,0,early,0.3,5,0
4,1,83,28,28,28,early,0.3,5,0
5,0,23,12,12,0,early,0.3,5,0
5,1,83,55,55,55,early,0.3,5,0
6,0,23,19,19,0,early,0.3,5,0
6,1,83,63,63,58,early,0.3,5,0
7,0,23,19,19,0,early,0.3,5,0
7,1,83,66,64,61,early,0.3,5,0
8,0,23,19,19,0,early,0.3,5,0
8,1,83,74,72,61,early,0.3,5,0
9,0,23,19,19,0,early,0.3,5,0
9,1,83,76,73,63,early,0.3,5,0
10,0,23,19,19,0,early,0.3,5,0
10,1,83,78,75,63,early,0.3,5,0
1,0,64,0,0,0,early,0.3,5,2
1,1,41,8,8,8,early,0.3,5,2
2,0,64,0,0,0,early,0.3,5,2
2,1,41,8,8,8,early,0.3,5,2
3,0,64,0,0,0,early,0.3,5,2
3,1,41,41,40,41,early,0.3,5,2
4,0,64,26,24,0,early,0.3,5,2
4,1,41,41,40,41,early,0.3,5,2
5,0,64,40,38,10,early,0.3,5,2
5,1,41,41,40,41,early,0.3,5,2
6,0,64,52,49,10,early,0.3,5,2
6,1,41,41,40,41,early,0.3,5,2
7,0,64,64,61,22,early,0.3,5,2
7,1,41,41,40,41,early,0.3,5,2
8,0,64,64,61,22,early,0.3,5,2
8,1,41,41,40,41,early,0.3,5,2
9,0,64,64,61,22,early,0.3,5,2
9,1,41,41,40,41,early,0.3,5,2
10,0,64,64,61,22,early,0.3,5,2
10,1,41,41,40,41,early,0.3,5,2
1,0,35,0,0,0,early,0.3,5,1
1,1,71,0,0,0,early,0.3,5,1
2,0,35,0,0,0,early,0.3,5,1
2,1,71,0,0,0,early,0.3,5,1
3,0,35,6,6,6,early,0.3,5,1
3,1,71,13,13,13,early,0.3,5,1
4,0,35,8,8,8,early,0.3,5,1
4,1,71,28,28,28,early,0.3,5,1
5,0,35,11,11,11,early,0.3,5,1
5,1,71,31,31,31,early,0.3,5,1
6,0,35,21,20,17,early,0.3,5,1
6,1,71,37,37,35,early,0.3,5,1
7,0,35,23,22,18,early,0.3,5,1
7,1,71,46,46,41,early,0.3,5,1
8,0,35,25,23,20,early,0.3,5,1
8,1,71,55,55,41,early,0.3,5,1
9,0,35,30,26,20,early,0.3,5,1
9,1,71,65,65,41,early,0.3,5,1
10,0,35,34,29,20,early,0.3,5,1
10,1,71,67,65,41,early,0.3,5,1
1,0,40,0,0,0,early,0.3,5,3
1,1,65,1,1,1,early,0.3,5,3
2,0,40,0,0,0,early,0.3,5,3
2,1,65,1,1,1,early,0.3,5,3
3,0,40,0,0,0,early,0.3,5,3
3,1,65,48,45,48,early,0.3,5,3
4,0,40,30,30,0,early,0.3,5,3
4,1,65,48,45,48,early,0.3,5,3
5,0,40,30,30,0,early,0.3,5,3
5,1,65,62,56,62,early,0.3,5,3
6,0,40,31,31,0,early,0.3,5,3
6,1,65,62,56,62,early,0.3,5,3
7,0,40,31,31,0,early,0.3,5,3
7,1,65,65,57,65,early,0.3,5,3
8,0,40,35,32,0,early,0.3,5,3
8,1,65,65,57,65,early,0.3,5,3
9,0,40,35,32,0,early,0.3,5,3
9,1,65,65,57,65,early,0.3,5,3
10,0,40,35,32,0,early,0.3,5,3
10,1,65,65,57,65,early,0.3,5,3
1,0,71,0,0,0,early,0.3,6,0
1,1,35,0,0,0,early,0.3,6,0
2,0,71,0,0,0,early,0.3,6,0
2,1,35,0,0,0,early,0.3,6,0
3,0,71,0,0,0,early,0.3,6,0
3,1,35,0,0,0,early,0.3,6,0
4,0,71,0,0,0,early,0.3,6,0
4,1,35,0,0,0,early,0.3,6,0
5,0,71,21,21,21,early,0.3,6,0
5,1,35,24,24,24,early,0.3,6,0
6,0,71,59,57,28,early,0.3,6,0
6,1,35,28,28,28,early,0.3,6,0
7,0,71,63,61,31,early,0.3,6,0
7,1,35,31,28,31,early,0.3,6,0
8,0,71,65,63,31,early,0.3,6,0
8,1,35,31,28,31,early,0.3,6,0
9,0,71,67,64,32,early,0.3,6,0
9,1,35,33,29,33,early,0.3,6,0
10,0,71,67,64,32,early,0.3,6,0
10,1,35,33,29,33,early,0.3,6,0
1,0,80,0,0,0,early,0.3,5,4
1,1,25,1,1,1,early,0.3,5,4
2,0,80,0,0,0,early,0.3,5,4
2,1,25,1,1,1,early,0.3,5,4
3,0,80,1,1,1,early,0.3,5,4
3,1,25,7,7,7,early,0.3,5,4
4,0,80,30,30,30,early,0.3,5,4
4,1,25,10,10,10,early,0.3,5,4
5,0,80,37,37,37,early,0.3,5,4
5,1,25,13,13,13,early,0.3,5,4
6,0,80,52,50,45,early,0.3,5,4
6,1,25,13,13,13,early,0.3,5,4
7,0,80,54,51,47,early,0.3,5,4
7,1,25,14,14,13,early,0.3,5,4
8,0,80,58,53,48,early,0.3,5,4
8,1,25,17,17,13,early,0.3,5,4
9,0,80,59,54,49,early,0.3,5,4
9,1,25,19,18,13,early,0.3,5,4
10,0,80,71,66,49,early,0.3,5,4
10,1,25,21,19,15,early,0.3,5,4
1,0,38,0,0,0,early,0.3,6,1
1,1,68,5,5,5,early,0.3,6,1
2,0,38,0,0,0,early,0.3,6,1
2,1,68,5,5,5,early,0.3,6,1
3,0,38,8,8,0,early,0.3,6,1
3,1,68,62,58,62,early,0.3,6,1
4,0,38,35,34,0,early,0.3,6,1
4,1,68,62,58,62,early,0.3,6,1
5,0,38,36,34,0,early,0.3,6,1
5,1,68,68,62,68,early,0.3,6,1
6,0,38,36,34,0,early,0.3,6,1
6,1,68,68,62,68,early,0.3,6,1
7,0,38,38,35,0,early,0.3,6,1
7,1,68,68,62,68,early,0.3,6,1
8,0,38,38,35,0,early,0.3,6,1
8,1,68,68,62,68,early,0.3,6,1
9,0,38,38,35,0,early,0.3,6,1
9,1,68,68,62,68,early,0.3,6,1
10,0,38,38,35,0,early,0.3,6,1
10,1,68,68,62,68,early,0.3,6,1
1,0,63,1,1,1,early,0.3,6,2
1,1,43,0,0,0,early,0.3,6,2
2,0,63,2,2,2,early,0.3,6,2
2,1,43,29,28,0,early,0.3,6,2
3,0,63,63,60,63,early,0.3,6,2
3,1,43,38,37,0,early,0.3,6,2
4,0,63,63,60,63,early,0.3,6,2
4,1,43,38,37,0,early,0.3,6,2
5,0,63,63,60,63,early,0.3,6,2
5,1,43,38,37,0,early,0.3,6,2
6,0,63,63,60,63,early,0.3,6,2
6,1,43,39,38,0,early,0.3,6,2
7,0,63,63,60,63,early,0.3,6,2
7,1,43,39,38,0,early,0.3,6,2
8,0,63,63,60,63,early,0.3,6,2
8,1,43,40,38,0,early,0.3,6,2
9,0,63,63,60,63,early,0.3,6,2
9,1,43,40,38,0,early,0.3,6,2
10,0,63,63,60,63,early,0.3,6,2
10,1,43,40,38,0,early,0.3,6,2
1,0,84,0,0,0,early,0.3,6,3
1,1,21,0,0,0,early,0.3,6,3
2,0,84,0,0,0,early,0.3,6,3
2,1,21,0,0,0,early,0.3,6,3
3,0,84,4,4,4,early,0.3,6,3
3,1,21,7,7,7,early,0.3,6,3
4,0,84,21,21,21,early,0.3,6,3
4,1,21,10,10,10,early,0.3,6,3
5,0,84,30,30,30,early,0.3,6,3
5,1,21,21,20,21,early,0.3,6,3
6,0,84,57,55,30,early,0.3,6,3
6,1,21,21,20,21,early,0.3,6,3
7,0,84,62,60,35,early,0.3,6,3
7,1,21,21,20,21,early,0.3,6,3
8,0,84,76,71,35,early,0.3,6,3
8,1,21,21,20,21,early,0.3,6,3
9,0,84,76,71,35,early,0.3,6,3
9,1,21,21,20,21,early,0.3,6,3
10,0,84,78,73,37,early,0.3,6,3
10,1,21,21,20,21,early,0.3,6,3
1,0,27,0,0,0,early,0.3,6,4
1,1,79,0,0,0,early,0.3,6,4
2,0,27,0,0,0,early,0.3,6,4
2,1,79,0,0,0,early,0.3,6,4
3,0,27,0,0,0,early,0.3,6,4
3,1,79,0,0,0,early,0.3,6,4
4,0,27,0,0,0,early,0.3,6,4
4,1,79,0,0,0,early,0.3,6,4
5,0,27,0,0,0,early,0.3,6,4
5,1,79,26,26,26,early,0.3,6,4
6,0,27,23,22,12,early,0.3,6,4
6,1,79,57,55,39,early,0.3,6,4
7,0,27,25,24,12,early,0.3,6,4
7,1,79,64,62,39,early,0.3,6,4
8,0,27,25,24,12,early,0.3,6,4
8,1,79,73,69,48,early,0.3,6,4
9,0,27,27,26,14,early,0.3,6,4
9,1,79,74,70,49,early,0.3,6,4
10,0,27,27,26,14,early,0.3,6,4
10,1,79,74,70,49,early,0.3,6,4
1,0,56,0,0,0,early,0.3,7,0
1,1,51,0,0,0,early,0.3,7,0
2,0,56,0,0,0,early,0.3,7,0
2,1,51,0,0,0,early,0.3,7,0
3,0,56,2,2,2,early,0.3,7,0
3,1,51,0,0,0,early,0.3,7,0
4,0,56,3,3,3,early,0.3,7,0
4,1,51,0,0,0,early,0.3,7,0
5,0,56,34,34,31,early,0.3,7,0
5,1,51,7,7,7,early,0.3,7,0
6,0,56,40,40,37,early,0.3,7,0
6,1,51,28,28,21,early,0.3,7,0
7,0,56,50,49,37,early,0.3,7,0
7,1,51,40,40,21,early,0.3,7,0
8,0,56,53,50,40,early,0.3,7,0
8,1,51,40,40,21,early,0.3,7,0
9,0,56,55,51,40,early,0.3,7,0
9,1,51,44,42,21,early,0.3,7,0
10,0,56,55,51,40,early,0.3,7,0
10,1,51,45,43,21,early,0.3,7,0
1,0,74,0,0,0,early,0.3,7,1
1,1,32,0,0,0,early,0.3,7,1
2,0,74,0,0,0,early,0.3,7,1
2,1,32,0,0,0,early,0.3,7,1
3,0,74,7,7,7,early,0.3,7,1
3,1,32,0,0,0,early,0.3,7,1
4,0,74,26,26,26,early,0.3,7,1
4,1,32,9,9,9,early,0.3,7,1
5,0,74,29,29,29,early,0.3,7,1
5,1,32,14,14,14,early,0.3,7,1
6,0,74,53,52,37,early,0.3,7,1
6,1,32,20,20,18,early,0.3,7,1
7,0,74,54,53,38,early,0.3,7,1
7,1,32,28,26,18,early,0.3,7,1
8,0,74,58,57,41,early,0.3,7,1
8,1,32,28,26,18,early,0.3,7,1
9,0,74,61,58,44,early,0.3,7,1
9,1,32,28,26,18,early,0.3,7,1
10,0,74,61,58,44,early,0.3,7,1
10,1,32,28,26,18,early,0.3,7,1
1,0,77,0,0,0,early,0.3,7,2
1,1,29,0,0,0,early,0.3,7,2
2,0,77,0,0,0,early,0.3,7,2
2,1,29,0,0,0,early,0.3,7,2
3,0,77,42,42,42,early,0.3,7,2
3,1,29,0,0,0,early,0.3,7,2
4,0,77,43,43,43,early,0.3,7,2
4,1,29,2,2,0,early,0.3,7,2
5,0,77,43,43,43,early,0.3,7,2
5,1,29,20,20,0,early,0.3,7,2
6,0,77,57,57,57,early,0.3,7,2
6,1,29,25,25,0,early,0.3,7,2
7,0,77,57,57,57,early,0.3,7,2
7,1,29,25,25,0,early,0.3,7,2
8,0,77,62,60,62,early,0.3,7,2
8,1,29,25,25,0,early,0.3,7,2
9,0,77,62,60,62,early,0.3,7,2
9,1,29,25,25,0,early,0.3,7,2
10,0,77,62,60,62,early,0.3,7,2
10,1,29,26,25,0,early,0.3,7,2
1,0,63,4,4,4,early,0.3,7,4
1,1,43,0,0,0,early,0.3,7,4
2,0,63,5,5,5,early,0.3,7,4
2,1,43,2,2,0,early,0.3,7,4
3,0,63,63,58,63,early,0.3,7,4
3,1,43,16,15,0,early,0.3,7,4
4,0,63,63,58,63,early,0.3,7,4
4,1,43,35,33,0,early,0.3,7,4
5,0,63,63,58,63,early,0.3,7,4
5,1,43,35,33,0,early,0.3,7,4
6,0,63,63,58,63,early,0.3,7,4
6,1,43,36,34,0,early,0.3,7,4
7,0,63,63,58,63,early,0.3,7,4
7,1,43,38,36,0,early,0.3,7,4
8,0,63,63,58,63,early,0.3,7,4
8,1,43,38,36,0,early,0.3,7,4
9,0,63,63,58,63,early,0.3,7,4
9,1,43,38,36,0,early,0.3,7,4
10,0,63,63,58,63,early,0.3,7,4
10,1,43,38,36,0,early,0.3,7,4
1,0,65,12,12,12,early,0.3,7,3
1,1,41,0,0,0,early,0.3,7,3
2,0,65,12,12,12,early,0.3,7,3
2,1,41,0,0,0,early,0.3,7,3
3,0,65,42,41,42,early,0.3,7,3
3,1,41,1,1,1,early,0.3,7,3
4,0,65,43,42,43,early,0.3,7,3
4,1,41,14,13,1,early,0.3,7,3
5,0,65,52,50,52,early,0.3,7,3
5,1,41,23,20,1,early,0.3,7,3
6,0,65,57,55,52,early,0.3,7,3
6,1,41,32,29,1,early,0.3,7,3
7,0,65,57,55,52,early,0.3,7,3
7,1,41,35,32,4,early,0.3,7,3
8,0,65,57,55,52,early,0.3,7,3
8,1,41,36,32,4,early,0.3,7,3
9,0,65,60,57,55,early,0.3,7,3
9,1,41,38,33,6,early,0.3,7,3
10,0,65,60,57,55,early,0.3,7,3
10,1,41,38,33,6,early,0.3,7,3
1,0,56,0,0,0,early,0.3,8,0
1,1,50,0,0,0,early,0.3,8,0
2,0,56,0,0,0,early,0.3,8,0
2,1,50,0,0,0,early,0.3,8,0
3,0,56,7,7,7,early,0.3,8,0
3,1,50,0,0,0,early,0.3,8,0
4,0,56,13,13,13,early,0.3,8,0
4,1,50,11,11,11,early,0.3,8,0
5,0,56,25,25,22,early,0.3,8,0
5,1,50,23,23,23,early,0.3,8,0
6,0,56,43,41,36,early,0.3,8,0
6,1,50,36,36,23,early,0.3,8,0
7,0,56,51,49,36,early,0.3,8,0
7,1,50,42,42,24,early,0.3,8,0
8,0,56,55,51,36,early,0.3,8,0
8,1,50,44,43,26,early,0.3,8,0
9,0,56,55,51,36,early,0.3,8,0
9,1,50,46,45,26,early,0.3,8,0
10,0,56,55,51,36,early,0.3,8,0
10,1,50,46,45,26,early,0.3,8,0
1,0,46,0,0,0,early,0.3,8,2
1,1,60,25,25,25,early,0.3,8,2
2,0,46,0,0,0,early,0.3,8,2
2,1,60,25,25,25,early,0.3,8,2
3,0,46,1,1,1,early,0.3,8,2
3,1,60,59,55,59,early,0.3,8,2
4,0,46,12,12,1,early,0.3,8,2
4,1,60,59,55,59,early,0.3,8,2
5,0,46,37,35,2,early,0.3,8,2
5,1,60,60,56,60,early,0.3,8,2
6,0,46,38,36,2,early,0.3,8,2
6,1,60,60,56,60,early,0.3,8,2
7,0,46,40,38,4,early,0.3,8,2
7,1,60,60,56,60,early,0.3,8,2
8,0,46,42,39,4,early,0.3,8,2
8,1,60,60,56,60,early,0.3,8,2
9,0,46,43,39,4,early,0.3,8,2
9,1,60,60,56,60,early,0.3,8,2
10,0,46,43,39,4,early,0.3,8,2
10,1,60,60,56,60,early,0.3,8,2
1,0,15,0,0,0,early,0.3,8,1
1,1,91,0,0,0,early,0.3,8,1
2,0,15,0,0,0,early,0.3,8,1
2,1,91,0,0,0,early,0.3,8,1
3,0,15,0,0,0,early,0.3,8,1
3,1,91,23,23,23,early,0.3,8,1
4,0,15,5,5,0,early,0.3,8,1
4,1,91,23,23,23,early,0.3,8,1
5,0,15,7,7,0,early,0.3,8,1
5,1,91,48,47,48,early,0.3,8,1
6,0,15,12,12,0,early,0.3,8,1
6,1,91,73,71,52,early,0.3,8,1
7,0,15,12,12,0,early,0.3,8,1
7,1,91,76,74,55,early,0.3,8,1
8,0,15,13,12,0,early,0.3,8,1
8,1,91,79,77,55,early,0.3,8,1
9,0,15,13,12,0,early,0.3,8,1
9,1,91,85,80,61,early,0.3,8,1
10,0,15,13,12,0,early,0.3,8,1
10,1,91,85,80,61,early,0.3,8,1
1,0,45,16,16,16,early,0.3,8,3
1,1,61,0,0,0,early,0.3,8,3
2,0,45,16,16,16,early,0.3,8,3
2,1,61,0,0,0,early,0.3,8,3
3,0,45,45,43,45,early,0.3,8,3
3,1,61,3,3,0,early,0.3,8,3
4,0,45,45,43,45,early,0.3,8,3
4,1,61,39,34,0,early,0.3,8,3
5,0,45,45,43,45,early,0.3,8,3
5,1,61,41,35,0,early,0.3,8,3
6,0,45,45,43,45,early,0.3,8,3
6,1,61,45,38,0,early,0.3,8,3
7,0,45,45,43,45,early,0.3,8,3
7,1,61,58,51,13,early,0.3,8,3
8,0,45,45,43,45,early,0.3,8,3
8,1,61,58,51,13,early,0.3,8,3
9,0,45,45,43,45,early,0.3,8,3
9,1,61,59,52,14,early,0.3,8,3
10,0,45,45,43,45,early,0.3,8,3
10,1,61,60,53,14,early,0.3,8,3
1,0,66,0,0,0,early,0.3,8,4
1,1,40,0,0,0,early,0.3,8,4
2,0,66,0,0,0,early,0.3,8,4
2,1,40,0,0,0,early,0.3,8,4
3,0,66,0,0,0,early,0.3,8,4
3,1,40,0,0,0,early,0.3,8,4
4,0,66,0,0,0,early,0.3,8,4
4,1,40,0,0,0,early,0.3,8,4
5,0,66,5,5,5,early,0.3,8,4
5,1,40,10,10,10,early,0.3,8,4
6,0,66,43,43,36,early,0.3,8,4
6,1,40,29,29,12,early,0.3,8,4
7,0,66,46,46,39,early,0.3,8,4
7,1,40,29,29,12,early,0.3,8,4
8,0,66,51,51,43,early,0.3,8,4
8,1,40,31,31,14,early,0.3,8,4
9,0,66,54,54,45,early,0.3,8,4
9,1,40,35,34,15,early,0.3,8,4
10,0,66,55,55,46,early,0.3,8,4
10,1,40,36,35,16,early,0.3,8,4
1,0,71,0,0,0,early,0.3,9,0
1,1,35,0,0,0,early,0.3,9,0
2,0,71,0,0,0,early,0.3,9,0
2,1,35,0,0,0,early,0.3,9,0
3,0,71,1,1,1,early,0.3,9,0
3,1,35,21,21,21,early,0.3,9,0
4,0,71,14,14,14,early,0.3,9,0
4,1,35,26,26,26,early,0.3,9,0
5,0,71,18,18,18,early,0.3,9,0
5,1,35,35,32,35,early,0.3,9,0
6,0,71,53,53,18,early,0.3,9,0
6,1,35,35,32,35,early,0.3,9,0
7,0,71,62,62,25,early,0.3,9,0
7,1,35,35,32,35,early,0.3,9,0
8,0,71,64,62,25,early,0.3,9,0
8,1,35,35,32,35,early,0.3,9,0
9,0,71,70,68,31,early,0.3,9,0
9,1,35,35,32,35,early,0.3,9,0
10,0,71,70,68,31,early,0.3,9,0
10,1,35,35,32,35,early,0.3,9,0
1,0,37,0,0,0,early,0.3,9,1
1,1,69,0,0,0,early,0.3,9,1
2,0,37,0,0,0,early,0.3,9,1
2,1,69,0,0,0,early,0.3,9,1
3,0,37,0,0,0,early,0.3,9,1
3,1,69,5,5,3,early,0.3,9,1
4,0,37,0,0,0,early,0.3,9,1
4,1,69,14,14,3,early,0.3,9,1
5,0,37,10,10,10,early,0.3,9,1
5,1,69,40,40,29,early,0.3,9,1
6,0,37,18,18,15,early,0.3,9,1
6,1,69,51,49,30,early,0.3,9,1
7,0,37,26,25,15,early,0.3,9,1
7,1,69,56,54,32,early,0.3,9,1
8,0,37,26,25,15,early,0.3,9,1
8,1,69,57,55,33,early,0.3,9,1
9,0,37,27,26,15,early,0.3,9,1
9,1,69,60,57,36,early,0.3,9,1
10,0,37,27,26,15,early,0.3,9,1
10,1,69,60,57,36,early,0.3,9,1
1,0,61,1,1,1,early,0.3,9,2
1,1,45,0,0,0,early,0.3,9,2
2,0,61,1,1,1,early,0.3,9,2
2,1,45,0,0,0,early,0.3,9,2
3,0,61,29,29,29,early,0.3,9,2
3,1,45,4,4,4,early,0.3,9,2
4,0,61,29,29,29,early,0.3,9,2
4,1,45,15,15,4,early,0.3,9,2
5,0,61,50,47,50,early,0.3,9,2
5,1,45,21,20,10,early,0.3,9,2
6,0,61,50,47,50,early,0.3,9,2
6,1,45,37,34,10,early,0.3,9,2
7,0,61,53,47,53,early,0.3,9,2
7,1,45,40,37,13,early,0.3,9,2
8,0,61,56,50,53,early,0.3,9,2
8,1,45,41,38,13,early,0.3,9,2
9,0,61,56,50,53,early,0.3,9,2
9,1,45,45,42,17,early,0.3,9,2
10,0,61,58,52,53,early,0.3,9,2
10,1,45,45,42,17,early,0.3,9,2
1,0,102,1,1,1,early,0.3,9,3
1,1,3,0,0,0,early,0.3,9,3
2,0,102,1,1,1,early,0.3,9,3
2,1,3,0,0,0,early,0.3,9,3
3,0,102,15,15,15,early,0.3,9,3
3,1,3,0,0,0,early,0.3,9,3
4,0,102,37,37,37,early,0.3,9,3
4,1,3,0,0,0,early,0.3,9,3
5,0,102,42,42,42,early,0.3,9,3
5,1,3,0,0,0,early,0.3,9,3
6,0,102,72,70,49,early,0.3,9,3
6,1,3,0,0,0,early,0.3,9,3
7,0,102,85,79,49,early,0.3,9,3
7,1,3,0,0,0,early,0.3,9,3
8,0,102,89,83,49,early,0.3,9,3
8,1,3,1,1,1,early,0.3,9,3
9,0,102,90,84,50,early,0.3,9,3
9,1,3,1,1,1,early,0.3,9,3
10,0,102,91,85,51,early,0.3,9,3
10,1,3,1,1,1,early,0.3,9,3
1,0,96,0,0,0,early,0.3,9,4
1,1,9,0,0,0,early,0.3,9,4
2,0,96,0,0,0,early,0.3,9,4
2,1,9,0,0,0,early,0.3,9,4
3,0,96,6,6,6,early,0.3,9,4
3,1,9,0,0,0,early,0.3,9,4
4,0,96,34,34,34,early,0.3,9,4
4,1,9,0,0,0,early,0.3,9,4
5,0,96,47,47,47,early,0.3,9,4
5,1,9,6,6,0,early,0.3,9,4
6,0,96,54,54,54,early,0.3,9,4
6,1,9,9,8,0,early,0.3,9,4
7,0,96,59,59,59,early,0.3,9,4
7,1,9,9,8,0,early,0.3,9,4
8,0,96,59,59,59,early,0.3,9,4
8,1,9,9,8,0,early,0.3,9,4
9,0,96,60,60,60,early,0.3,9,4
9,1,9,9,8,0,early,0.3,9,4
10,0,96,60,60,60,early,0.3,9,4
10,1,9,9,8,0,early,0.3,9,4
1,0,20,0,0,0,early,0.5,0,0
1,1,156,0,0,0,early,0.5,0,0
2,0,20,0,0,0,early,0.5,0,0
2,1,156,0,0,0,early,0.5,0,0
3,0,20,0,0,0,early,0.5,0,0
3,1,156,17,17,17,early,0.5,0,0
4,0,20,0,0,0,early,0.5,0,0
4,1,156,41,41,41,early,0.5,0,0
5,0,20,2,2,2,early,0.5,0,0
5,1,156,61,61,61,early,0.5,0,0
6,0,20,14,13,14,early,0.5,0,0
6,1,156,89,88,72,early,0.5,0,0
7,0,20,17,16,17,early,0.5,0,0
7,1,156,100,97,82,early,0.5,0,0
8,0,20,17,16,17,early,0.5,0,0
8,1,156,116,113,82,early,0.5,0,0
9,0,20,19,17,19,early,0.5,0,0
9,1,156,119,116,84,early,0.5,0,0
10,0,20,20,17,20,early,0.5,0,0
10,1,156,120,117,85,early,0.5,0,0
1,0,86,0,0,0,early,0.5,0,1
1,1,90,0,0,0,early,0.5,0,1
2,0,86,0,0,0,early,0.5,0,1
2,1,90,0,0,0,early,0.5,0,1
3,0,86,0,0,0,early,0.5,0,1
3,1,90,6,6,6,early,0.5,0,1
4,0,86,34,34,34,early,0.5,0,1
4,1,90,34,34,34,early,0.5,0,1
5,0,86,48,48,48,early,0.5,0,1
5,1,90,46,44,40,early,0.5,0,1
6,0,86,53,52,53,early,0.5,0,1
6,1,90,75,71,41,early,0.5,0,1
7,0,86,77,73,53,early,0.5,0,1
7,1,90,82,75,48,early,0.5,0,1
8,0,86,83,78,53,early,0.5,0,1
8,1,90,85,77,51,early,0.5,0,1
9,0,86,85,78,53,early,0.5,0,1
9,1,90,86,77,52,early,0.5,0,1
10,0,86,85,78,53,early,0.5,0,1
10,1,90,87,77,53,early,0.5,0,1
1,0,51,0,0,0,early,0.5,0,2
1,1,125,0,0,0,early,0.5,0,2
2,0,51,0,0,0,early,0.5,0,2
2,1,125,0,0,0,early,0.5,0,2
3,0,51,20,20,20,early,0.5,0,2
3,1,125,0,0,0,early,0.5,0,2
4,0,51,20,20,20,early,0.5,0,2
4,1,125,13,13,13,early,0.5,0,2
5,0,51,37,37,37,early,0.5,0,2
5,1,125,51,49,51,early,0.5,0,2
6,0,51,41,40,41,early,0.5,0,2
6,1,125,87,84,55,early,0.5,0,2
7,0,51,43,40,43,early,0.5,0,2
7,1,125,98,94,60,early,0.5,0,2
8,0,51,46,43,43,early,0.5,0,2
8,1,125,115,110,62,early,0.5,0,2
9,0,51,47,43,44,early,0.5,0,2
9,1,125,117,112,64,early,0.5,0,2
10,0,51,51,44,44,early,0.5,0,2
10,1,125,122,115,67,early,0.5,0,2
1,0,109,14,14,14,early,0.5,0,3
1,1,68,0,0,0,early,0.5,0,3
2,0,109,14,14,14,early,0.5,0,3
2,1,68,0,0,0,early,0.5,0,3
3,0,109,82,81,82,early,0.5,0,3
3,1,68,0,0,0,early,0.5,0,3
4,0,109,82,81,82,early,0.5,0,3
4,1,68,36,35,0,early,0.5,0,3
5,0,109,103,92,103,early,0.5,0,3
5,1,68,47,45,0,early,0.5,0,3
6,0,109,103,92,103,early,0.5,0,3
6,1,68,55,53,0,early,0.5,0,3
7,0,109,105,93,105,early,0.5,0,3
7,1,68,59,56,3,early,0.5,0,3
8,0,109,105,93,105,early,0.5,0,3
8,1,68,60,56,3,early,0.5,0,3
9,0,109,105,93,105,early,0.5,0,3
9,1,68,60,56,3,early,0.5,0,3
10,0,109,105,93,105,early,0.5,0,3
10,1,68,60,56,3,early,0.5,0,3
1,0,152,5,5,5,early,0.5,0,4
1,1,25,0,0,0,early,0.5,0,4
2,0,152,5,5,5,early,0.5,0,4
2,1,25,0,0,0,early,0.5,0,4
3,0,152,13,13,10,early,0.5,0,4
3,1,25,8,7,0,early,0.5,0,4
4,0,152,13,13,10,early,0.5,0,4
4,1,25,13,12,5,early,0.5,0,4
5,0,152,63,63,38,early,0.5,0,4
5,1,25,17,16,6,early,0.5,0,4
6,0,152,120,117,74,early,0.5,0,4
6,1,25,23,21,7,early,0.5,0,4
7,0,152,127,123,77,early,0.5,0,4
7,1,25,24,21,7,early,0.5,0,4
8,0,152,137,132,86,early,0.5,0,4
8,1,25,24,21,7,early,0.5,0,4
9,0,152,144,138,93,early,0.5,0,4
9,1,25,24,21,7,early,0.5,0,4
10,0,152,147,140,94,early,0.5,0,4
10,1,25,24,21,7,early,0.5,0,4
1,0,102,0,0,0,early,0.5,1,0
1,1,74,0,0,0,early,0.5,1,0
2,0,102,0,0,0,early,0.5,1,0
2,1,74,0,0,0,early,0.5,1,0
3,0,102,95,88,95,early,0.5,1,0
3,1,74,0,0,0,early,0.5,1,0
4,0,102,95,88,95,early,0.5,1,0
4,1,74,40,39,0,early,0.5,1,0
5,0,102,102,91,102,early,0.5,1,0
5,1,74,46,44,0,early,0.5,1,0
6,0,102,102,91,102,early,0.5,1,0
6,1,74,55,53,0,early,0.5,1,0
7,0,102,102,91,102,early,0.5,1,0
7,1,74,62,60,7,early,0.5,1,0
8,0,102,102,91,102,early,0.5,1,0
8,1,74,64,62,7,early,0.5,1,0
9,0,102,102,91,102,early,0.5,1,0
9,1,74,64,62,7,early,0.5,1,0
10,0,102,102,91,102,early,0.5,1,0
10,1,74,64,62,7,early,0.5,1,0
1,0,10,0,0,0,early,0.5,1,1
1,1,166,0,0,0,early,0.5,1,1
2,0,10,0,0,0,early,0.5,1,1
2,1,166,0,0,0,early,0.5,1,1
3,0,10,0,0,0,early,0.5,1,1
3,1,166,21,21,21,early,0.5,1,1
4,0,10,0,0,0,early,0.5,1,1
4,1,166,60,60,60,early,0.5,1,1
5,0,10,0,0,0,early,0.5,1,1
5,1,166,87,86,87,early,0.5,1,1
6,0,10,6,4,0,early,0.5,1,1
6,1,166,108,106,91,early,0.5,1,1
7,0,10,7,5,0,early,0.5,1,1
7,1,166,144,142,91,early,0.5,1,1
8,0,10,7,5,0,early,0.5,1,1
8,1,166,152,147,91,early,0.5,1,1
9,0,10,7,5,0,early,0.5,1,1
9,1,166,154,149,92,early,0.5,1,1
10,0,10,7,5,0,early,0.5,1,1
10,1,166,156,150,93,early,0.5,1,1
1,0,30,0,0,0,early,0.5,1,2
1,1,146,0,0,0,early,0.5,1,2
2,0,30,0,0,0,early,0.5,1,2
2,1,146,0,0,0,early,0.5,1,2
3,0,30,0,0,0,early,0.5,1,2
3,1,146,0,0,0,early,0.5,1,2
4,0,30,27,26,27,early,0.5,1,2
4,1,146,33,33,33,early,0.5,1,2
5,0,30,29,27,29,early,0.5,1,2
5,1,146,47,47,45,early,0.5,1,2
6,0,30,30,27,30,early,0.5,1,2
6,1,146,91,91,67,early,0.5,1,2
7,0,30,30,27,30,early,0.5,1,2
7,1,146,122,120,67,early,0.5,1,2
8,0,30,30,27,30,early,0.5,1,2
8,1,146,128,125,73,early,0.5,1,2
9,0,30,30,27,30,early,0.5,1,2
9,1,146,137,132,73,early,0.5,1,2
10,0,30,30,27,30,early,0.5,1,2
10,1,146,137,132,73,early,0.5,1,2
1,0,126,4,4,4,early,0.5,1,3
1,1,51,0,0,0,early,0.5,1,3
2,0,126,4,4,4,early,0.5,1,3
2,1,51,0,0,0,early,0.5,1,3
3,0,126,23,23,23,early,0.5,1,3
3,1,51,0,0,0,early,0.5,1,3
4,0,126,44,44,38,early,0.5,1,3
4,1,51,0,0,0,early,0.5,1,3
5,0,126,68,68,58,early,0.5,1,3
5,1,51,12,12,11,early,0.5,1,3
6,0,126,115,111,78,early,0.5,1,3
6,1,51,47,44,15,early,0.5,1,3
7,0,126,115,111,78,early,0.5,1,3
7,1,51,49,44,15,early,0.5,1,3
8,0,126,115,111,78,early,0.5,1,3
8,1,51,49,44,15,early,0.5,1,3
9,0,126,121,114,78,early,0.5,1,3
9,1,51,49,44,15,early,0.5,1,3
10,0,126,122,115,79,early,0.5,1,3
10,1,51,49,44,15,early,0.5,1,3
1,0,87,0,0,0,early,0.5,1,4
1,1,90,0,0,0,early,0.5,1,4
2,0,87,0,0,0,early,0.5,1,4
2,1,90,0,0,0,early,0.5,1,4
3,0,87,78,76,78,early,0.5,1,4
3,1,90,0,0,0,early,0.5,1,4
4,0,87,78,76,78,early,0.5,1,4
4,1,90,22,22,0,early,0.5,1,4
5,0,87,87,79,87,early,0.5,1,4
5,1,90,41,41,12,early,0.5,1,4
6,0,87,87,79,87,early,0.5,1,4
6,1,90,72,68,12,early,0.5,1,4
7,0,87,87,79,87,early,0.5,1,4
7,1,90,77,73,17,early,0.5,1,4
8,0,87,87,79,87,early,0.5,1,4
8,1,90,80,76,17,early,0.5,1,4
9,0,87,87,79,87,early,0.5,1,4
9,1,90,81,77,17,early,0.5,1,4
10,0,87,87,79,87,early,0.5,1,4
10,1,90,82,77,17,early,0.5,1,4
1,0,116,0,0,0,early,0.5,2,0
1,1,61,0,0,0,early,0.5,2,0
2,0,116,0,0,0,early,0.5,2,0
2,1,61,0,0,0,early,0.5,2,0
3,0,116,0,0,0,early,0.5,2,0
3,1,61,29,29,29,early,0.5,2,0
4,0,116,0,0,0,early,0.5,2,0
4,1,61,41,41,41,early,0.5,2,0
5,0,116,6,6,6,early,0.5,2,0
5,1,61,61,56,61,early,0.5,2,0
6,0,116,69,68,20,early,0.5,2,0
6,1,61,61,56,61,early,0.5,2,0
7,0,116,87,86,38,early,0.5,2,0
7,1,61,61,56,61,early,0.5,2,0
8,0,116,100,96,39,early,0.5,2,0
8,1,61,61,56,61,early,0.5,2,0
9,0,116,110,103,49,early,0.5,2,0
9,1,61,61,56,61,early,0.5,2,0
10,0,116,110,103,49,early,0.5,2,0
10,1,61,61,56,61,early,0.5,2,0
1,0,102,0,0,0,early,0.5,2,1
1,1,75,0,0,0,early,0.5,2,1
2,0,102,0,0,0,early,0.5,2,1
2,1,75,0,0,0,early,0.5,2,1
3,0,102,0,0,0,early,0.5,2,1
3,1,75,6,6,6,early,0.5,2,1
4,0,102,2,2,2,early,0.5,2,1
4,1,75,28,28,28,early,0.5,2,1
5,0,102,40,40,40,early,0.5,2,1
5,1,75,37,37,37,early,0.5,2,1
6,0,102,67,67,49,early,0.5,2,1
6,1,75,58,58,42,early,0.5,2,1
7,0,102,77,77,49,early,0.5,2,1
7,1,75,60,60,44,early,0.5,2,1
8,0,102,83,82,54,early,0.5,2,1
8,1,75,68,67,44,early,0.5,2,1
9,0,102,94,91,54,early,0.5,2,1
9,1,75,72,69,48,early,0.5,2,1
10,0,102,97,94,54,early,0.5,2,1
10,1,75,75,71,48,early,0.5,2,1
1,0,72,0,0,0,early,0.5,2,2
1,1,104,0,0,0,early,0.5,2,2
2,0,72,0,0,0,early,0.5,2,2
2,1,104,0,0,0,early,0.5,2,2
3,0,72,0,0,0,early,0.5,2,2
3,1,104,88,85,88,early,0.5,2,2
4,0,72,43,42,0,early,0.5,2,2
4,1,104,88,85,88,early,0.5,2,2
5,0,72,59,55,0,early,0.5,2,2
5,1,104,104,93,104,early,0.5,2,2
6,0,72,60,56,0,early,0.5,2,2
6,1,104,104,93,104,early,0.5,2,2
7,0,72,60,56,0,early,0.5,2,2
7,1,104,104,93,104,early,0.5,2,2
8,0,72,60,56,0,early,0.5,2,2
8,1,104,104,93,104,early,0.5,2,2
9,0,72,60,56,0,early,0.5,2,2
9,1,104,104,93,104,early,0.5,2,2
10,0,72,62,56,0,early,0.5,2,2
10,1,104,104,93,104,early,0.5,2,2
1,0,62,0,0,0,early,0.5,2,3
1,1,114,2,2,2,early,0.5,2,3
2,0,62,0,0,0,early,0.5,2,3
2,1,114,2,2,2,early,0.5,2,3
3,0,62,0,0,0,early,0.5,2,3
3,1,114,78,74,78,early,0.5,2,3
4,0,62,28,27,0,early,0.5,2,3
4,1,114,87,81,87,early,0.5,2,3
5,0,62,43,41,0,early,0.5,2,3
5,1,114,99,88,99,early,0.5,2,3
6,0,62,52,49,0,early,0.5,2,3
6,1,114,99,88,99,early,0.5,2,3
7,0,62,53,49,0,early,0.5,2,3
7,1,114,101,90,101,early,0.5,2,3
8,0,62,54,49,0,early,0.5,2,3
8,1,114,106,95,101,early,0.5,2,3
9,0,62,54,49,0,early,0.5,2,3
9,1,114,106,95,101,early,0.5,2,3
10,0,62,55,49,0,early,0.5,2,3
10,1,114,107,95,101,early,0.5,2,3
1,0,137,0,0,0,early,0.5,2,4
1,1,39,0,0,0,early,0.5,2,4
2,0,137,0,0,0,early,0.5,2,4
2,1,39,0,0,0,early,0.5,2,4
3,0,137,0,0,0,early,0.5,2,4
3,1,39,0,0,0,early,0.5,2,4
4,0,137,0,0,0,early,0.5,2,4
4,1,39,0,0,0,early,0.5,2,4
5,0,137,40,40,40,early,0.5,2,4
5,1,39,15,15,15,early,0.5,2,4
6,0,137,84,82,79,early,0.5,2,4
6,1,39,23,23,19,early,0.5,2,4
7,0,137,112,110,79,early,0.5,2,4
7,1,39,36,35,19,early,0.5,2,4
8,0,137,130,123,79,early,0.5,2,4
8,1,39,36,35,19,early,0.5,2,4
9,0,137,132,123,79,early,0.5,2,4
9,1,39,37,35,19,early,0.5,2,4
10,0,137,133,124,80,early,0.5,2,4
10,1,39,39,37,21,early,0.5,2,4
1,0,75,7,7,7,early,0.5,3,0
1,1,102,0,0,0,early,0.5,3,0
2,0,75,7,7,7,early,0.5,3,0
2,1,102,0,0,0,early,0.5,3,0
3,0,75,69,64,69,early,0.5,3,0
3,1,102,1,1,1,early,0.5,3,0
4,0,75,69,64,69,early,0.5,3,0
4,1,102,13,13,1,early,0.5,3,0
5,0,75,75,68,75,early,0.5,3,0
5,1,102,44,44,12,early,0.5,3,0
6,0,75,75,68,75,early,0.5,3,0
6,1,102,79,73,12,early,0.5,3,0
7,0,75,75,68,75,early,0.5,3,0
7,1,102,99,93,32,early,0.5,3,0
8,0,75,75,68,75,early,0.5,3,0
8,1,102,100,93,32,early,0.5,3,0
9,0,75,75,68,75,early,0.5,3,0
9,1,102,102,95,34,early,0.5,3,0
10,0,75,75,68,75,early,0.5,3,0
10,1,102,102,95,34,early,0.5,3,0
1,0,150,7,7,7,early,0.5,3,1
1,1,26,0,0,0,early,0.5,3,1
2,0,150,7,7,7,early,0.5,3,1
2,1,26,0,0,0,early,0.5,3,1
3,0,150,7,7,7,early,0.5,3,1
3,1,26,4,4,4,early,0.5,3,1
4,0,150,72,71,72,early,0.5,3,1
4,1,26,6,6,6,early,0.5,3,1
5,0,150,81,80,81,early,0.5,3,1
5,1,26,8,8,6,early,0.5,3,1
6,0,150,99,97,90,early,0.5,3,1
6,1,26,20,20,7,early,0.5,3,1
7,0,150,100,98,90,early,0.5,3,1
7,1,26,21,20,7,early,0.5,3,1
8,0,150,110,108,90,early,0.5,3,1
8,1,26,21,20,7,early,0.5,3,1
9,0,150,126,124,90,early,0.5,3,1
9,1,26,22,21,8,early,0.5,3,1
10,0,150,126,124,90,early,0.5,3,1
10,1,26,23,22,9,early,0.5,3,1
1,0,142,20,20,20,early,0.5,3,2
1,1,35,0,0,0,early,0.5,3,2
2,0,142,20,20,20,early,0.5,3,2
2,1,35,0,0,0,early,0.5,3,2
3,0,142,50,50,50,early,0.5,3,2
3,1,35,0,0,0,early,0.5,3,2
4,0,142,63,63,63,early,0.5,3,2
4,1,35,0,0,0,early,0.5,3,2
5,0,142,68,68,68,early,0.5,3,2
5,1,35,0,0,0,early,0.5,3,2
6,0,142,84,83,77,early,0.5,3,2
6,1,35,30,29,15,early,0.5,3,2
7,0,142,90,87,83,early,0.5,3,2
7,1,35,33,32,18,early,0.5,3,2
8,0,142,113,110,86,early,0.5,3,2
8,1,35,33,32,18,early,0.5,3,2
9,0,142,120,117,88,early,0.5,3,2
9,1,35,34,32,19,early,0.5,3,2
10,0,142,121,117,89,early,0.5,3,2
10,1,35,34,32,19,early,0.5,3,2
1,0,58,0,0,0,early,0.5,3,3
1,1,119,40,39,40,early,0.5,3,3
2,0,58,0,0,0,early,0.5,3,3
2,1,119,40,39,40,early,0.5,3,3
3,0,58,0,0,0,early,0.5,3,3
3,1,119,89,86,89,early,0.5,3,3
4,0,58,38,36,0,early,0.5,3,3
4,1,119,89,86,89,early,0.5,3,3
5,0,58,45,43,0,early,0.5,3,3
5,1,119,110,100,110,early,0.5,3,3
6,0,58,52,49,0,early,0.5,3,3
6,1,119,114,104,110,early,0.5,3,3
7,0,58,53,49,0,early,0.5,3,3
7,1,119,117,104,113,early,0.5,3,3
8,0,58,54,49,0,early,0.5,3,3
8,1,119,119,106,113,early,0.5,3,3
9,0,58,54,49,0,early,0.5,3,3
9,1,119,119,106,113,early,0.5,3,3
10,0,58,54,49,0,early,0.5,3,3
10,1,119,119,106,113,early,0.5,3,3
1,0,90,0,0,0,early,0.5,3,4
1,1,86,10,10,10,early,0.5,3,4
2,0,90,0,0,0,early,0.5,3,4
2,1,86,10,10,10,early,0.5,3,4
3,0,90,5,5,5,early,0.5,3,4
3,1,86,51,51,51,early,0.5,3,4
4,0,90,19,19,5,early,0.5,3,4
4,1,86,51,51,51,early,0.5,3,4
5,0,90,37,37,22,early,0.5,3,4
5,1,86,81,71,81,early,0.5,3,4
6,0,90,72,67,22,early,0.5,3,4
6,1,86,81,71,81,early,0.5,3,4
7,0,90,77,70,27,early,0.5,3,4
7,1,86,82,71,82,early,0.5,3,4
8,0,90,88,76,27,early,0.5,3,4
8,1,86,82,71,82,early,0.5,3,4
9,0,90,88,76,27,early,0.5,3,4
9,1,86,82,71,82,early,0.5,3,4
10,0,90,89,76,27,early,0.5,3,4
10,1,86,82,71,82,early,0.5,3,4
1,0,134,0,0,0,early,0.5,4,0
1,1,43,0,0,0,early,0.5,4,0
2,0,134,0,0,0,early,0.5,4,0
2,1,43,0,0,0,early,0.5,4,0
3,0,134,20,20,20,early,0.5,4,0
3,1,43,0,0,0,early,0.5,4,0
4,0,134,49,49,49,early,0.5,4,0
4,1,43,0,0,0,early,0.5,4,0
5,0,134,51,51,51,early,0.5,4,0
5,1,43,26,26,26,early,0.5,4,0
6,0,134,100,100,62,early,0.5,4,0
6,1,43,37,32,29,early,0.5,4,0
7,0,134,106,106,62,early,0.5,4,0
7,1,43,38,33,30,early,0.5,4,0
8,0,134,115,112,71,early,0.5,4,0
8,1,43,40,34,30,early,0.5,4,0
9,0,134,124,119,74,early,0.5,4,0
9,1,43,42,35,30,early,0.5,4,0
10,0,134,126,121,76,early,0.5,4,0
10,1,43,42,35,30,early,0.5,4,0
1,0,99,9,9,9,early,0.5,4,1
1,1,78,0,0,0,early,0.5,4,1
2,0,99,9,9,9,early,0.5,4,1
2,1,78,0,0,0,early,0.5,4,1
3,0,99,11,11,11,early,0.5,4,1
3,1,78,0,0,0,early,0.5,4,1
4,0,99,11,11,11,early,0.5,4,1
4,1,78,2,2,2,early,0.5,4,1
5,0,99,56,55,56,early,0.5,4,1
5,1,78,25,25,25,early,0.5,4,1
6,0,99,84,81,63,early,0.5,4,1
6,1,78,64,62,27,early,0.5,4,1
7,0,99,92,88,71,early,0.5,4,1
7,1,78,65,63,28,early,0.5,4,1
8,0,99,92,88,71,early,0.5,4,1
8,1,78,70,68,28,early,0.5,4,1
9,0,99,94,90,73,early,0.5,4,1
9,1,78,73,71,31,early,0.5,4,1
10,0,99,94,90,73,early,0.5,4,1
10,1,78,74,71,31,early,0.5,4,1
1,0,97,1,1,1,early,0.5,4,2
1,1,80,0,0,0,early,0.5,4,2
2,0,97,1,1,1,early,0.5,4,2
2,1,80,0,0,0,early,0.5,4,2
3,0,97,97,93,97,early,0.5,4,2
3,1,80,0,0,0,early,0.5,4,2
4,0,97,97,93,97,early,0.5,4,2
4,1,80,31,31,0,early,0.5,4,2
5,0,97,97,93,97,early,0.5,4,2
5,1,80,52,52,0,early,0.5,4,2
6,0,97,97,93,97,early,0.5,4,2
6,1,80,63,59,0,early,0.5,4,2
7,0,97,97,93,97,early,0.5,4,2
7,1,80,69,63,0,early,0.5,4,2
8,0,97,97,93,97,early,0.5,4,2
8,1,80,69,63,0,early,0.5,4,2
9,0,97,97,93,97,early,0.5,4,2
9,1,80,69,63,0,early,0.5,4,2
10,0,97,97,93,97,early,0.5,4,2
10,1,80,70,64,0,early,0.5,4,2
1,0,158,9,9,9,early,0.5,4,3
1,1,18,0,0,0,early,0.5,4,3
2,0,158,9,9,9,early,0.5,4,3
2,1,18,0,0,0,early,0.5,4,3
3,0,158,51,50,51,early,0.5,4,3
3,1,18,0,0,0,early,0.5,4,3
4,0,158,69,68,69,early,0.5,4,3
4,1,18,0,0,0,early,0.5,4,3
5,0,158,75,74,75,early,0.5,4,3
5,1,18,0,0,0,early,0.5,4,3
6,0,158,93,92,83,early,0.5,4,3
6,1,18,3,3,3,early,0.5,4,3
7,0,158,116,115,84,early,0.5,4,3
7,1,18,15,14,15,early,0.5,4,3
8,0,158,127,122,88,early,0.5,4,3
8,1,18,18,15,18,early,0.5,4,3
9,0,158,129,124,88,early,0.5,4,3
9,1,18,18,15,18,early,0.5,4,3
10,0,158,132,125,91,early,0.5,4,3
10,1,18,18,15,18,early,0.5,4,3
1,0,38,0,0,0,early,0.5,5,0
1,1,139,0,0,0,early,0.5,5,0
2,0,38,0,0,0,early,0.5,5,0
2,1,139,0,0,0,early,0.5,5,0
3,0,38,0,0,0,early,0.5,5,0
3,1,139,53,52,53,early,0.5,5,0
4,0,38,16,15,0,early,0.5,5,0
4,1,139,64,63,64,early,0.5,5,0
5,0,38,33,30,0,early,0.5,5,0
5,1,139,77,76,77,early,0.5,5,0
6,0,38,34,31,0,early,0.5,5,0
6,1,139,110,108,90,early,0.5,5,0
7,0,38,34,31,0,early,0.5,5,0
7,1,139,113,111,90,early,0.5,5,0
8,0,38,34,31,0,early,0.5,5,0
8,1,139,123,118,90,early,0.5,5,0
9,0,38,34,31,0,early,0.5,5,0
9,1,139,131,126,98,early,0.5,5,0
10,0,38,34,31,0,early,0.5,5,0
10,1,139,132,127,98,early,0.5,5,0
1,0,152,0,0,0,early,0.5,4,4
1,1,25,0,0,0,early,0.5,4,4
2,0,152,0,0,0,early,0.5,4,4
2,1,25,0,0,0,early,0.5,4,4
3,0,152,28,28,28,early,0.5,4,4
3,1,25,0,0,0,early,0.5,4,4
4,0,152,55,53,55,early,0.5,4,4
4,1,25,2,2,2,early,0.5,4,4
5,0,152,64,62,64,early,0.5,4,4
5,1,25,25,22,25,early,0.5,4,4
6,0,152,101,98,77,early,0.5,4,4
6,1,25,25,22,25,early,0.5,4,4
7,0,152,110,104,86,early,0.5,4,4
7,1,25,25,22,25,early,0.5,4,4
8,0,152,132,126,87,early,0.5,4,4
8,1,25,25,22,25,early,0.5,4,4
9,0,152,136,129,91,early,0.5,4,4
9,1,25,25,22,25,early,0.5,4,4
10,0,152,143,136,91,early,0.5,4,4
10,1,25,25,22,25,early,0.5,4,4
1,0,58,0,0,0,early,0.5,5,1
1,1,118,0,0,0,early,0.5,5,1
2,0,58,0,0,0,early,0.5,5,1
2,1,118,0,0,0,early,0.5,5,1
3,0,58,0,0,0,early,0.5,5,1
3,1,118,24,24,24,early,0.5,5,1
4,0,58,0,0,0,early,0.5,5,1
4,1,118,48,48,48,early,0.5,5,1
5,0,58,18,18,18,early,0.5,5,1
5,1,118,53,53,53,early,0.5,5,1
6,0,58,41,39,36,early,0.5,5,1
6,1,118,81,81,59,early,0.5,5,1
7,0,58,54,50,36,early,0.5,5,1
7,1,118,89,83,67,early,0.5,5,1
8,0,58,55,51,36,early,0.5,5,1
8,1,118,90,84,68,early,0.5,5,1
9,0,58,58,54,37,early,0.5,5,1
9,1,118,92,85,70,early,0.5,5,1
10,0,58,58,54,37,early,0.5,5,1
10,1,118,104,94,74,early,0.5,5,1
1,0,106,0,0,0,early,0.5,5,2
1,1,70,17,17,17,early,0.5,5,2
2,0,106,0,0,0,early,0.5,5,2
2,1,70,21,21,21,early,0.5,5,2
3,0,106,0,0,0,early,0.5,5,2
3,1,70,70,67,70,early,0.5,5,2
4,0,106,44,42,0,early,0.5,5,2
4,1,70,70,67,70,early,0.5,5,2
5,0,106,59,57,15,early,0.5,5,2
5,1,70,70,67,70,early,0.5,5,2
6,0,106,81,77,15,early,0.5,5,2
6,1,70,70,67,70,early,0.5,5,2
7,0,106,98,94,32,early,0.5,5,2
7,1,70,70,67,70,early,0.5,5,2
8,0,106,98,94,32,early,0.5,5,2
8,1,70,70,67,70,early,0.5,5,2
9,0,106,98,94,32,early,0.5,5,2
9,1,70,70,67,70,early,0.5,5,2
10,0,106,100,95,32,early,0.5,5,2
10,1,70,70,67,70,early,0.5,5,2
1,0,67,0,0,0,early,0.5,5,3
1,1,109,4,4,4,early,0.5,5,3
2,0,67,0,0,0,early,0.5,5,3
2,1,109,4,4,4,early,0.5,5,3
3,0,67,0,0,0,early,0.5,5,3
3,1,109,88,86,88,early,0.5,5,3
4,0,67,45,45,0,early,0.5,5,3
4,1,109,88,86,88,early,0.5,5,3
5,0,67,52,51,0,early,0.5,5,3
5,1,109,109,95,109,early,0.5,5,3
6,0,67,55,54,0,early,0.5,5,3
6,1,109,109,95,109,early,0.5,5,3
7,0,67,55,54,0,early,0.5,5,3
7,1,109,109,95,109,early,0.5,5,3
8,0,67,56,54,0,early,0.5,5,3
8,1,109,109,95,109,early,0.5,5,3
9,0,67,56,54,0,early,0.5,5,3
9,1,109,109,95,109,early,0.5,5,3
10,0,67,56,54,0,early,0.5,5,3
10,1,109,109,95,109,early,0.5,5,3
1,0,134,0,0,0,early,0.5,5,4
1,1,43,3,3,3,early,0.5,5,4
2,0,134,0,0,0,early,0.5,5,4
2,1,43,3,3,3,early,0.5,5,4
3,0,134,2,2,2,early,0.5,5,4
3,1,43,21,20,21,early,0.5,5,4
4,0,134,30,30,30,early,0.5,5,4
4,1,43,22,21,22,early,0.5,5,4
5,0,134,45,45,45,early,0.5,5,4
5,1,43,22,21,22,early,0.5,5,4
6,0,134,81,79,64,early,0.5,5,4
6,1,43,30,29,27,early,0.5,5,4
7,0,134,89,87,72,early,0.5,5,4
7,1,43,33,31,27,early,0.5,5,4
8,0,134,99,97,75,early,0.5,5,4
8,1,43,36,32,30,early,0.5,5,4
9,0,134,102,100,78,early,0.5,5,4
9,1,43,38,33,30,early,0.5,5,4
10,0,134,103,101,78,early,0.5,5,4
10,1,43,38,33,30,early,0.5,5,4
1,0,116,0,0,0,early,0.5,6,0
1,1,60,0,0,0,early,0.5,6,0
2,0,116,0,0,0,early,0.5,6,0
2,1,60,0,0,0,early,0.5,6,0
3,0,116,2,2,2,early,0.5,6,0
3,1,60,11,11,11,early,0.5,6,0
4,0,116,25,25,25,early,0.5,6,0
4,1,60,20,20,20,early,0.5,6,0
5,0,116,45,44,45,early,0.5,6,0
5,1,60,50,46,50,early,0.5,6,0
6,0,116,91,90,46,early,0.5,6,0
6,1,60,53,48,50,early,0.5,6,0
7,0,116,96,94,46,early,0.5,6,0
7,1,60,60,50,57,early,0.5,6,0
8,0,116,107,100,57,early,0.5,6,0
8,1,60,60,50,57,early,0.5,6,0
9,0,116,107,100,57,early,0.5,6,0
9,1,60,60,50,57,early,0.5,6,0
10,0,116,109,101,59,early,0.5,6,0
10,1,60,60,50,57,early,0.5,6,0
1,0,62,0,0,0,early,0.5,6,1
1,1,115,6,6,6,early,0.5,6,1
2,0,62,0,0,0,early,0.5,6,1
2,1,115,6,6,6,early,0.5,6,1
3,0,62,17,17,0,early,0.5,6,1
3,1,115,104,97,104,early,0.5,6,1
4,0,62,56,55,0,early,0.5,6,1
4,1,115,104,97,104,early,0.5,6,1
5,0,62,59,56,0,early,0.5,6,1
5,1,115,115,104,115,early,0.5,6,1
6,0,62,60,56,0,early,0.5,6,1
6,1,115,115,104,115,early,0.5,6,1
7,0,62,62,57,0,early,0.5,6,1
7,1,115,115,104,115,early,0.5,6,1
8,0,62,62,57,0,early,0.5,6,1
8,1,115,115,104,115,early,0.5,6,1
9,0,62,62,57,0,early,0.5,6,1
9,1,115,115,104,115,early,0.5,6,1
10,0,62,62,57,0,early,0.5,6,1
10,1,115,115,104,115,early,0.5,6,1
1,0,104,27,27,27,early,0.5,6,2
1,1,72,0,0,0,early,0.5,6,2
2,0,104,27,27,27,early,0.5,6,2
2,1,72,30,30,0,early,0.5,6,2
3,0,104,104,99,104,early,0.5,6,2
3,1,72,52,52,0,early,0.5,6,2
4,0,104,104,99,104,early,0.5,6,2
4,1,72,62,62,0,early,0.5,6,2
5,0,104,104,99,104,early,0.5,6,2
5,1,72,62,62,0,early,0.5,6,2
6,0,104,104,99,104,early,0.5,6,2
6,1,72,63,63,0,early,0.5,6,2
7,0,104,104,99,104,early,0.5,6,2
7,1,72,63,63,0,early,0.5,6,2
8,0,104,104,99,104,early,0.5,6,2
8,1,72,63,63,0,early,0.5,6,2
9,0,104,104,99,104,early,0.5,6,2
9,1,72,63,63,0,early,0.5,6,2
10,0,104,104,99,104,early,0.5,6,2
10,1,72,63,63,0,early,0.5,6,2
1,0,140,0,0,0,early,0.5,6,3
1,1,37,0,0,0,early,0.5,6,3
2,0,140,0,0,0,early,0.5,6,3
2,1,37,0,0,0,early,0.5,6,3
3,0,140,2,2,2,early,0.5,6,3
3,1,37,28,27,28,early,0.5,6,3
4,0,140,7,7,7,early,0.5,6,3
4,1,37,34,33,34,early,0.5,6,3
5,0,140,45,45,45,early,0.5,6,3
5,1,37,37,34,37,early,0.5,6,3
6,0,140,92,90,46,early,0.5,6,3
6,1,37,37,34,37,early,0.5,6,3
7,0,140,108,106,62,early,0.5,6,3
7,1,37,37,34,37,early,0.5,6,3
8,0,140,124,121,62,early,0.5,6,3
8,1,37,37,34,37,early,0.5,6,3
9,0,140,125,122,62,early,0.5,6,3
9,1,37,37,34,37,early,0.5,6,3
10,0,140,130,126,67,early,0.5,6,3
10,1,37,37,34,37,early,0.5,6,3
1,0,44,0,0,0,early,0.5,6,4
1,1,132,0,0,0,early,0.5,6,4
2,0,44,0,0,0,early,0.5,6,4
2,1,132,0,0,0,early,0.5,6,4
3,0,44,0,0,0,early,0.5,6,4
3,1,132,0,0,0,early,0.5,6,4
4,0,44,5,5,5,early,0.5,6,4
4,1,132,0,0,0,early,0.5,6,4
5,0,44,14,14,6,early,0.5,6,4
5,1,132,37,37,37,early,0.5,6,4
6,0,44,36,35,18,early,0.5,6,4
6,1,132,97,96,67,early,0.5,6,4
7,0,44,43,38,19,early,0.5,6,4
7,1,132,106,102,71,early,0.5,6,4
8,0,44,43,38,19,early,0.5,6,4
8,1,132,113,109,74,early,0.5,6,4
9,0,44,44,38,19,early,0.5,6,4
9,1,132,120,116,75,early,0.5,6,4
10,0,44,44,38,19,early,0.5,6,4
10,1,132,124,119,79,early,0.5,6,4
1,0,92,0,0,0,early,0.5,7,0
1,1,84,0,0,0,early,0.5,7,0
2,0,92,0,0,0,early,0.5,7,0
2,1,84,0,0,0,early,0.5,7,0
3,0,92,4,4,4,early,0.5,7,0
3,1,84,0,0,0,early,0.5,7,0
4,0,92,19,19,19,early,0.5,7,0
4,1,84,0,0,0,early,0.5,7,0
5,0,92,43,43,37,early,0.5,7,0
5,1,84,22,22,22,early,0.5,7,0
6,0,92,81,76,54,early,0.5,7,0
6,1,84,41,40,27,early,0.5,7,0
7,0,92,83,77,54,early,0.5,7,0
7,1,84,49,48,27,early,0.5,7,0
8,0,92,85,79,56,early,0.5,7,0
8,1,84,61,60,29,early,0.5,7,0
9,0,92,86,80,57,early,0.5,7,0
9,1,84,64,63,29,early,0.5,7,0
10,0,92,86,80,57,early,0.5,7,0
10,1,84,71,69,33,early,0.5,7,0
1,0,124,0,0,0,early,0.5,7,1
1,1,53,0,0,0,early,0.5,7,1
2,0,124,0,0,0,early,0.5,7,1
2,1,53,0,0,0,early,0.5,7,1
3,0,124,1,1,1,early,0.5,7,1
3,1,53,0,0,0,early,0.5,7,1
4,0,124,47,47,47,early,0.5,7,1
4,1,53,17,17,17,early,0.5,7,1
5,0,124,57,57,57,early,0.5,7,1
5,1,53,25,24,25,early,0.5,7,1
6,0,124,87,86,67,early,0.5,7,1
6,1,53,42,40,36,early,0.5,7,1
7,0,124,92,89,72,early,0.5,7,1
7,1,53,44,40,38,early,0.5,7,1
8,0,124,110,104,73,early,0.5,7,1
8,1,53,44,40,38,early,0.5,7,1
9,0,124,113,106,74,early,0.5,7,1
9,1,53,49,44,40,early,0.5,7,1
10,0,124,116,108,74,early,0.5,7,1
10,1,53,49,44,40,early,0.5,7,1
1,0,129,2,2,2,early,0.5,7,2
1,1,48,0,0,0,early,0.5,7,2
2,0,129,2,2,2,early,0.5,7,2
2,1,48,0,0,0,early,0.5,7,2
3,0,129,73,73,73,early,0.5,7,2
3,1,48,0,0,0,early,0.5,7,2
4,0,129,73,73,73,early,0.5,7,2
4,1,48,8,8,0,early,0.5,7,2
5,0,129,82,82,82,early,0.5,7,2
5,1,48,36,36,0,early,0.5,7,2
6,0,129,89,89,82,early,0.5,7,2
6,1,48,41,41,0,early,0.5,7,2
7,0,129,109,103,102,early,0.5,7,2
7,1,48,42,41,0,early,0.5,7,2
8,0,129,110,104,102,early,0.5,7,2
8,1,48,42,41,0,early,0.5,7,2
9,0,129,115,105,107,early,0.5,7,2
9,1,48,42,41,0,early,0.5,7,2
10,0,129,115,105,107,early,0.5,7,2
10,1,48,42,41,0,early,0.5,7,2
1,0,108,18,18,18,early,0.5,7,3
1,1,69,0,0,0,early,0.5,7,3
2,0,108,18,18,18,early,0.5,7,3
2,1,69,0,0,0,early,0.5,7,3
3,0,108,65,65,65,early,0.5,7,3
3,1,69,0,0,0,early,0.5,7,3
4,0,108,76,76,76,early,0.5,7,3
4,1,69,29,29,0,early,0.5,7,3
5,0,108,80,80,80,early,0.5,7,3
5,1,69,43,42,0,early,0.5,7,3
6,0,108,83,83,83,early,0.5,7,3
6,1,69,50,47,0,early,0.5,7,3
7,0,108,86,83,86,early,0.5,7,3
7,1,69,52,48,0,early,0.5,7,3
8,0,108,90,87,86,early,0.5,7,3
8,1,69,53,48,0,early,0.5,7,3
9,0,108,91,88,87,early,0.5,7,3
9,1,69,60,55,7,early,0.5,7,3
10,0,108,92,89,87,early,0.5,7,3
10,1,69,62,57,9,early,0.5,7,3
1,0,106,9,9,9,early,0.5,7,4
1,1,70,0,0,0,early,0.5,7,4
2,0,106,9,9,9,early,0.5,7,4
2,1,70,3,3,0,early,0.5,7,4
3,0,106,106,97,106,early,0.5,7,4
3,1,70,25,25,0,early,0.5,7,4
4,0,106,106,97,106,early,0.5,7,4
4,1,70,60,57,0,early,0.5,7,4
5,0,106,106,97,106,early,0.5,7,4
5,1,70,60,57,0,early,0.5,7,4
6,0,106,106,97,106,early,0.5,7,4
6,1,70,62,58,0,early,0.5,7,4
7,0,106,106,97,106,early,0.5,7,4
7,1,70,62,58,0,early,0.5,7,4
8,0,106,106,97,106,early,0.5,7,4
8,1,70,62,58,0,early,0.5,7,4
9,0,106,106,97,106,early,0.5,7,4
9,1,70,62,58,0,early,0.5,7,4
10,0,106,106,97,106,early,0.5,7,4
10,1,70,62,58,0,early,0.5,7,4
1,0,94,0,0,0,early,0.5,8,0
1,1,82,0,0,0,early,0.5,8,0
2,0,94,0,0,0,early,0.5,8,0
2,1,82,0,0,0,early,0.5,8,0
3,0,94,0,0,0,early,0.5,8,0
3,1,82,0,0,0,early,0.5,8,0
4,0,94,30,30,30,early,0.5,8,0
4,1,82,5,5,5,early,0.5,8,0
5,0,94,56,56,56,early,0.5,8,0
5,1,82,31,31,31,early,0.5,8,0
6,0,94,71,70,65,early,0.5,8,0
6,1,82,60,59,33,early,0.5,8,0
7,0,94,94,92,65,early,0.5,8,0
7,1,82,70,69,37,early,0.5,8,0
8,0,94,94,92,65,early,0.5,8,0
8,1,82,73,72,40,early,0.5,8,0
9,0,94,94,92,65,early,0.5,8,0
9,1,82,73,72,40,early,0.5,8,0
10,0,94,94,92,65,early,0.5,8,0
10,1,82,74,73,40,early,0.5,8,0
1,0,26,0,0,0,early,0.5,8,1
1,1,150,0,0,0,early,0.5,8,1
2,0,26,0,0,0,early,0.5,8,1
2,1,150,0,0,0,early,0.5,8,1
3,0,26,0,0,0,early,0.5,8,1
3,1,150,38,38,38,early,0.5,8,1
4,0,26,6,6,0,early,0.5,8,1
4,1,150,62,62,62,early,0.5,8,1
5,0,26,13,12,0,early,0.5,8,1
5,1,150,66,66,62,early,0.5,8,1
6,0,26,22,21,2,early,0.5,8,1
6,1,150,114,112,94,early,0.5,8,1
7,0,26,23,22,2,early,0.5,8,1
7,1,150,132,128,94,early,0.5,8,1
8,0,26,24,23,3,early,0.5,8,1
8,1,150,146,135,108,early,0.5,8,1
9,0,26,25,24,3,early,0.5,8,1
9,1,150,146,135,108,early,0.5,8,1
10,0,26,25,24,3,early,0.5,8,1
10,1,150,147,136,108,early,0.5,8,1
1,0,76,0,0,0,early,0.5,8,2
1,1,101,41,41,41,early,0.5,8,2
2,0,76,0,0,0,early,0.5,8,2
2,1,101,41,41,41,early,0.5,8,2
3,0,76,3,3,3,early,0.5,8,2
3,1,101,101,94,101,early,0.5,8,2
4,0,76,33,33,3,early,0.5,8,2
4,1,101,101,94,101,early,0.5,8,2
5,0,76,58,55,3,early,0.5,8,2
5,1,101,101,94,101,early,0.5,8,2
6,0,76,65,61,3,early,0.5,8,2
6,1,101,101,94,101,early,0.5,8,2
7,0,76,67,62,4,early,0.5,8,2
7,1,101,101,94,101,early,0.5,8,2
8,0,76,73,65,4,early,0.5,8,2
8,1,101,101,94,101,early,0.5,8,2
9,0,76,73,65,4,early,0.5,8,2
9,1,101,101,94,101,early,0.5,8,2
10,0,76,73,65,4,early,0.5,8,2
10,1,101,101,94,101,early,0.5,8,2
1,0,74,28,28,28,early,0.5,8,3
1,1,102,0,0,0,early,0.5,8,3
2,0,74,28,28,28,early,0.5,8,3
2,1,102,0,0,0,early,0.5,8,3
3,0,74,74,71,74,early,0.5,8,3
3,1,102,0,0,0,early,0.5,8,3
4,0,74,74,71,74,early,0.5,8,3
4,1,102,36,35,0,early,0.5,8,3
5,0,74,74,71,74,early,0.5,8,3
5,1,102,51,50,15,early,0.5,8,3
6,0,74,74,71,74,early,0.5,8,3
6,1,102,81,76,15,early,0.5,8,3
7,0,74,74,71,74,early,0.5,8,3
7,1,102,90,85,24,early,0.5,8,3
8,0,74,74,71,74,early,0.5,8,3
8,1,102,93,86,24,early,0.5,8,3
9,0,74,74,71,74,early,0.5,8,3
9,1,102,93,86,24,early,0.5,8,3
10,0,74,74,71,74,early,0.5,8,3
10,1,102,96,88,24,early,0.5,8,3
1,0,110,0,0,0,early,0.5,8,4
1,1,66,0,0,0,early,0.5,8,4
2,0,110,0,0,0,early,0.5,8,4
2,1,66,0,0,0,early,0.5,8,4
3,0,110,1,1,1,early,0.5,8,4
3,1,66,2,2,2,early,0.5,8,4
4,0,110,2,2,2,early,0.5,8,4
4,1,66,16,16,16,early,0.5,8,4
5,0,110,17,15,8,early,0.5,8,4
5,1,66,19,19,19,early,0.5,8,4
6,0,110,78,74,52,early,0.5,8,4
6,1,66,56,54,21,early,0.5,8,4
7,0,110,102,92,76,early,0.5,8,4
7,1,66,58,56,21,early,0.5,8,4
8,0,110,103,93,76,early,0.5,8,4
8,1,66,61,56,21,early,0.5,8,4
9,0,110,105,94,78,early,0.5,8,4
9,1,66,62,57,22,early,0.5,8,4
10,0,110,105,94,78,early,0.5,8,4
10,1,66,65,57,22,early,0.5,8,4
1,0,118,0,0,0,early,0.5,9,0
1,1,58,4,4,4,early,0.5,9,0
2,0,118,0,0,0,early,0.5,9,0
2,1,58,4,4,4,early,0.5,9,0
3,0,118,19,19,19,early,0.5,9,0
3,1,58,46,45,46,early,0.5,9,0
4,0,118,19,19,19,early,0.5,9,0
4,1,58,46,45,46,early,0.5,9,0
5,0,118,41,40,30,early,0.5,9,0
5,1,58,58,53,58,early,0.5,9,0
6,0,118,88,87,32,early,0.5,9,0
6,1,58,58,53,58,early,0.5,9,0
7,0,118,107,105,51,early,0.5,9,0
7,1,58,58,53,58,early,0.5,9,0
8,0,118,111,105,51,early,0.5,9,0
8,1,58,58,53,58,early,0.5,9,0
9,0,118,118,107,58,early,0.5,9,0
9,1,58,58,53,58,early,0.5,9,0
10,0,118,118,107,58,early,0.5,9,0
10,1,58,58,53,58,early,0.5,9,0
1,0,63,0,0,0,early,0.5,9,1
1,1,114,4,4,4,early,0.5,9,1
2,0,63,0,0,0,early,0.5,9,1
2,1,114,4,4,4,early,0.5,9,1
3,0,63,1,1,1,early,0.5,9,1
3,1,114,34,33,28,early,0.5,9,1
4,0,63,15,15,10,early,0.5,9,1
4,1,114,40,39,28,early,0.5,9,1
5,0,63,26,24,10,early,0.5,9,1
5,1,114,61,60,46,early,0.5,9,1
6,0,63,54,48,28,early,0.5,9,1
6,1,114,95,92,62,early,0.5,9,1
7,0,63,56,50,28,early,0.5,9,1
7,1,114,102,96,62,early,0.5,9,1
8,0,63,63,55,32,early,0.5,9,1
8,1,114,105,98,64,early,0.5,9,1
9,0,63,63,55,32,early,0.5,9,1
9,1,114,108,99,64,early,0.5,9,1
10,0,63,63,55,32,early,0.5,9,1
10,1,114,110,101,66,early,0.5,9,1
1,0,102,4,4,4,early,0.5,9,2
1,1,74,0,0,0,early,0.5,9,2
2,0,102,4,4,4,early,0.5,9,2
2,1,74,0,0,0,early,0.5,9,2
3,0,102,56,53,56,early,0.5,9,2
3,1,74,10,10,10,early,0.5,9,2
4,0,102,56,53,56,early,0.5,9,2
4,1,74,33,33,10,early,0.5,9,2
5,0,102,79,73,79,early,0.5,9,2
5,1,74,45,45,19,early,0.5,9,2
6,0,102,90,84,79,early,0.5,9,2
6,1,74,64,62,19,early,0.5,9,2
7,0,102,99,88,88,early,0.5,9,2
7,1,74,68,65,22,early,0.5,9,2
8,0,102,99,88,88,early,0.5,9,2
8,1,74,69,65,22,early,0.5,9,2
9,0,102,100,89,89,early,0.5,9,2
9,1,74,71,67,24,early,0.5,9,2
10,0,102,102,90,89,early,0.5,9,2
10,1,74,71,67,24,early,0.5,9,2
1,0,170,1,1,1,early,0.5,9,3
1,1,7,0,0,0,early,0.5,9,3
2,0,170,1,1,1,early,0.5,9,3
2,1,7,0,0,0,early,0.5,9,3
3,0,170,30,30,30,early,0.5,9,3
3,1,7,0,0,0,early,0.5,9,3
4,0,170,64,64,64,early,0.5,9,3
4,1,7,0,0,0,early,0.5,9,3
5,0,170,72,72,72,early,0.5,9,3
5,1,7,0,0,0,early,0.5,9,3
6,0,170,110,108,83,early,0.5,9,3
6,1,7,0,0,0,early,0.5,9,3
7,0,170,132,130,83,early,0.5,9,3
7,1,7,0,0,0,early,0.5,9,3
8,0,170,135,131,83,early,0.5,9,3
8,1,7,2,2,2,early,0.5,9,3
9,0,170,142,138,90,early,0.5,9,3
9,1,7,2,2,2,early,0.5,9,3
10,0,170,144,140,90,early,0.5,9,3
10,1,7,4,3,4,early,0.5,9,3
1,0,160,0,0,0,early,0.5,9,4
1,1,17,0,0,0,early,0.5,9,4
2,0,160,0,0,0,early,0.5,9,4
2,1,17,0,0,0,early,0.5,9,4
3,0,160,15,15,15,early,0.5,9,4
3,1,17,0,0,0,early,0.5,9,4
4,0,160,60,60,60,early,0.5,9,4
4,1,17,6,6,0,early,0.5,9,4
5,0,160,103,97,103,early,0.5,9,4
5,1,17,17,14,0,early,0.5,9,4
6,0,160,109,99,109,early,0.5,9,4
6,1,17,17,14,0,early,0.5,9,4
7,0,160,114,103,114,early,0.5,9,4
7,1,17,17,14,0,early,0.5,9,4
8,0,160,116,105,115,early,0.5,9,4
8,1,17,17,14,0,early,0.5,9,4
9,0,160,144,133,115,early,0.5,9,4
9,1,17,17,14,0,early,0.5,9,4
10,0,160,154,141,115,early,0.5,9,4
10,1,17,17,14,0,early,0.5,9,4
1,0,29,0,0,0,early,0.7,0,0
1,1,218,0,0,0,early,0.7,0,0
2,0,29,0,0,0,early,0.7,0,0
2,1,218,0,0,0,early,0.7,0,0
3,0,29,0,0,0,early,0.7,0,0
3,1,218,22,22,22,early,0.7,0,0
4,0,29,0,0,0,early,0.7,0,0
4,1,218,77,77,77,early,0.7,0,0
5,0,29,5,5,5,early,0.7,0,0
5,1,218,86,86,86,early,0.7,0,0
6,0,29,22,20,22,early,0.7,0,0
6,1,218,124,123,92,early,0.7,0,0
7,0,29,27,23,27,early,0.7,0,0
7,1,218,133,132,97,early,0.7,0,0
8,0,29,27,23,27,early,0.7,0,0
8,1,218,172,166,99,early,0.7,0,0
9,0,29,29,24,29,early,0.7,0,0
9,1,218,180,174,107,early,0.7,0,0
10,0,29,29,24,29,early,0.7,0,0
10,1,218,183,176,110,early,0.7,0,0
1,0,72,0,0,0,early,0.7,0,2
1,1,175,0,0,0,early,0.7,0,2
2,0,72,0,0,0,early,0.7,0,2
2,1,175,0,0,0,early,0.7,0,2
3,0,72,8,8,8,early,0.7,0,2
3,1,175,0,0,0,early,0.7,0,2
4,0,72,11,11,11,early,0.7,0,2
4,1,175,3,3,3,early,0.7,0,2
5,0,72,71,61,71,early,0.7,0,2
5,1,175,83,82,42,early,0.7,0,2
6,0,72,71,61,71,early,0.7,0,2
6,1,175,123,122,66,early,0.7,0,2
7,0,72,71,61,71,early,0.7,0,2
7,1,175,137,135,67,early,0.7,0,2
8,0,72,71,61,71,early,0.7,0,2
8,1,175,159,152,86,early,0.7,0,2
9,0,72,71,61,71,early,0.7,0,2
9,1,175,162,155,86,early,0.7,0,2
10,0,72,72,61,72,early,0.7,0,2
10,1,175,163,156,87,early,0.7,0,2
1,0,121,0,0,0,early,0.7,0,1
1,1,126,0,0,0,early,0.7,0,1
2,0,121,0,0,0,early,0.7,0,1
2,1,126,0,0,0,early,0.7,0,1
3,0,121,0,0,0,early,0.7,0,1
3,1,126,7,7,7,early,0.7,0,1
4,0,121,7,7,7,early,0.7,0,1
4,1,126,51,48,51,early,0.7,0,1
5,0,121,52,52,52,early,0.7,0,1
5,1,126,60,56,60,early,0.7,0,1
6,0,121,82,80,74,early,0.7,0,1
6,1,126,103,98,68,early,0.7,0,1
7,0,121,112,106,74,early,0.7,0,1
7,1,126,112,102,77,early,0.7,0,1
8,0,121,113,107,74,early,0.7,0,1
8,1,126,114,103,78,early,0.7,0,1
9,0,121,116,110,77,early,0.7,0,1
9,1,126,115,103,78,early,0.7,0,1
10,0,121,116,110,77,early,0.7,0,1
10,1,126,125,111,80,early,0.7,0,1
1,0,153,16,16,16,early,0.7,0,3
1,1,94,0,0,0,early,0.7,0,3
2,0,153,16,16,16,early,0.7,0,3
2,1,94,0,0,0,early,0.7,0,3
3,0,153,115,114,115,early,0.7,0,3
3,1,94,0,0,0,early,0.7,0,3
4,0,153,115,114,115,early,0.7,0,3
4,1,94,66,63,0,early,0.7,0,3
5,0,153,150,131,150,early,0.7,0,3
5,1,94,72,69,4,early,0.7,0,3
6,0,153,150,131,150,early,0.7,0,3
6,1,94,84,77,4,early,0.7,0,3
7,0,153,153,132,153,early,0.7,0,3
7,1,94,87,80,7,early,0.7,0,3
8,0,153,153,132,153,early,0.7,0,3
8,1,94,88,81,7,early,0.7,0,3
9,0,153,153,132,153,early,0.7,0,3
9,1,94,88,81,7,early,0.7,0,3
10,0,153,153,132,153,early,0.7,0,3
10,1,94,88,81,7,early,0.7,0,3
1,0,213,5,5,5,early,0.7,0,4
1,1,35,0,0,0,early,0.7,0,4
2,0,213,5,5,5,early,0.7,0,4
2,1,35,0,0,0,early,0.7,0,4
3,0,213,71,71,71,early,0.7,0,4
3,1,35,0,0,0,early,0.7,0,4
4,0,213,130,125,130,early,0.7,0,4
4,1,35,8,8,0,early,0.7,0,4
5,0,213,130,125,130,early,0.7,0,4
5,1,35,13,13,0,early,0.7,0,4
6,0,213,156,150,133,early,0.7,0,4
6,1,35,21,21,1,early,0.7,0,4
7,0,213,181,175,134,early,0.7,0,4
7,1,35,24,23,3,early,0.7,0,4
8,0,213,188,182,136,early,0.7,0,4
8,1,35,27,26,6,early,0.7,0,4
9,0,213,196,189,136,early,0.7,0,4
9,1,35,28,27,7,early,0.7,0,4
10,0,213,209,199,136,early,0.7,0,4
10,1,35,32,31,11,early,0.7,0,4
1,0,142,0,0,0,early,0.7,1,0
1,1,104,0,0,0,early,0.7,1,0
2,0,142,0,0,0,early,0.7,1,0
2,1,104,0,0,0,early,0.7,1,0
3,0,142,134,123,134,early,0.7,1,0
3,1,104,0,0,0,early,0.7,1,0
4,0,142,134,123,134,early,0.7,1,0
4,1,104,54,53,0,early,0.7,1,0
5,0,142,142,127,142,early,0.7,1,0
5,1,104,64,62,0,early,0.7,1,0
6,0,142,142,127,142,early,0.7,1,0
6,1,104,84,80,0,early,0.7,1,0
7,0,142,142,127,142,early,0.7,1,0
7,1,104,90,83,3,early,0.7,1,0
8,0,142,142,127,142,early,0.7,1,0
8,1,104,90,83,3,early,0.7,1,0
9,0,142,142,127,142,early,0.7,1,0
9,1,104,90,83,3,early,0.7,1,0
10,0,142,142,127,142,early,0.7,1,0
10,1,104,90,83,3,early,0.7,1,0
1,0,15,0,0,0,early,0.7,1,1
1,1,232,0,0,0,early,0.7,1,1
2,0,15,0,0,0,early,0.7,1,1
2,1,232,0,0,0,early,0.7,1,1
3,0,15,0,0,0,early,0.7,1,1
3,1,232,22,22,22,early,0.7,1,1
4,0,15,0,0,0,early,0.7,1,1
4,1,232,88,88,88,early,0.7,1,1
5,0,15,0,0,0,early,0.7,1,1
5,1,232,121,117,121,early,0.7,1,1
6,0,15,9,7,0,early,0.7,1,1
6,1,232,194,187,121,early,0.7,1,1
7,0,15,12,7,0,early,0.7,1,1
7,1,232,200,192,121,early,0.7,1,1
8,0,15,12,7,0,early,0.7,1,1
8,1,232,207,195,121,early,0.7,1,1
9,0,15,12,7,0,early,0.7,1,1
9,1,232,209,196,122,early,0.7,1,1
10,0,15,12,7,0,early,0.7,1,1
10,1,232,215,200,122,early,0.7,1,1
1,0,42,0,0,0,early,0.7,1,2
1,1,205,0,0,0,early,0.7,1,2
2,0,42,0,0,0,early,0.7,1,2
2,1,205,0,0,0,early,0.7,1,2
3,0,42,0,0,0,early,0.7,1,2
3,1,205,0,0,0,early,0.7,1,2
4,0,42,41,37,41,early,0.7,1,2
4,1,205,22,22,22,early,0.7,1,2
5,0,42,42,38,42,early,0.7,1,2
5,1,205,83,82,83,early,0.7,1,2
6,0,42,42,38,42,early,0.7,1,2
6,1,205,150,149,93,early,0.7,1,2
7,0,42,42,38,42,early,0.7,1,2
7,1,205,177,172,106,early,0.7,1,2
8,0,42,42,38,42,early,0.7,1,2
8,1,205,192,185,106,early,0.7,1,2
9,0,42,42,38,42,early,0.7,1,2
9,1,205,200,191,114,early,0.7,1,2
10,0,42,42,38,42,early,0.7,1,2
10,1,205,203,192,114,early,0.7,1,2
1,0,176,3,3,3,early,0.7,1,3
1,1,72,0,0,0,early,0.7,1,3
2,0,176,3,3,3,early,0.7,1,3
2,1,72,0,0,0,early,0.7,1,3
3,0,176,52,52,52,early,0.7,1,3
3,1,72,0,0,0,early,0.7,1,3
4,0,176,52,52,52,early,0.7,1,3
4,1,72,0,0,0,early,0.7,1,3
5,0,176,86,86,86,early,0.7,1,3
5,1,72,15,15,12,early,0.7,1,3
6,0,176,127,125,91,early,0.7,1,3
6,1,72,61,57,16,early,0.7,1,3
7,0,176,159,147,123,early,0.7,1,3
7,1,72,62,57,16,early,0.7,1,3
8,0,176,166,154,123,early,0.7,1,3
8,1,72,62,57,16,early,0.7,1,3
9,0,176,176,160,133,early,0.7,1,3
9,1,72,65,60,19,early,0.7,1,3
10,0,176,176,160,133,early,0.7,1,3
10,1,72,65,60,19,early,0.7,1,3
1,0,121,0,0,0,early,0.7,1,4
1,1,126,0,0,0,early,0.7,1,4
2,0,121,0,0,0,early,0.7,1,4
2,1,126,0,0,0,early,0.7,1,4
3,0,121,100,99,100,early,0.7,1,4
3,1,126,0,0,0,early,0.7,1,4
4,0,121,104,102,104,early,0.7,1,4
4,1,126,25,25,0,early,0.7,1,4
5,0,121,121,110,121,early,0.7,1,4
5,1,126,46,46,13,early,0.7,1,4
6,0,121,121,110,121,early,0.7,1,4
6,1,126,96,92,13,early,0.7,1,4
7,0,121,121,110,121,early,0.7,1,4
7,1,126,107,103,24,early,0.7,1,4
8,0,121,121,110,121,early,0.7,1,4
8,1,126,108,104,24,early,0.7,1,4
9,0,121,121,110,121,early,0.7,1,4
9,1,126,109,104,24,early,0.7,1,4
10,0,121,121,110,121,early,0.7,1,4
10,1,126,109,104,24,early,0.7,1,4
1,0,161,0,0,0,early,0.7,2,0
1,1,85,0,0,0,early,0.7,2,0
2,0,161,0,0,0,early,0.7,2,0
2,1,85,0,0,0,early,0.7,2,0
3,0,161,0,0,0,early,0.7,2,0
3,1,85,35,35,35,early,0.7,2,0
4,0,161,0,0,0,early,0.7,2,0
4,1,85,70,68,70,early,0.7,2,0
5,0,161,3,3,3,early,0.7,2,0
5,1,85,85,78,85,early,0.7,2,0
6,0,161,93,89,18,early,0.7,2,0
6,1,85,85,78,85,early,0.7,2,0
7,0,161,108,104,33,early,0.7,2,0
7,1,85,85,78,85,early,0.7,2,0
8,0,161,128,122,40,early,0.7,2,0
8,1,85,85,78,85,early,0.7,2,0
9,0,161,138,132,50,early,0.7,2,0
9,1,85,85,78,85,early,0.7,2,0
10,0,161,144,135,50,early,0.7,2,0
10,1,85,85,78,85,early,0.7,2,0
1,0,142,0,0,0,early,0.7,2,1
1,1,105,0,0,0,early,0.7,2,1
2,0,142,0,0,0,early,0.7,2,1
2,1,105,0,0,0,early,0.7,2,1
3,0,142,39,39,39,early,0.7,2,1
3,1,105,0,0,0,early,0.7,2,1
4,0,142,50,50,50,early,0.7,2,1
4,1,105,0,0,0,early,0.7,2,1
5,0,142,74,73,66,early,0.7,2,1
5,1,105,43,43,31,early,0.7,2,1
6,0,142,131,122,67,early,0.7,2,1
6,1,105,91,91,59,early,0.7,2,1
7,0,142,132,123,68,early,0.7,2,1
7,1,105,93,93,60,early,0.7,2,1
8,0,142,134,125,70,early,0.7,2,1
8,1,105,96,95,60,early,0.7,2,1
9,0,142,134,125,70,early,0.7,2,1
9,1,105,98,96,60,early,0.7,2,1
10,0,142,137,128,73,early,0.7,2,1
10,1,105,98,96,60,early,0.7,2,1
1,0,100,0,0,0,early,0.7,2,2
1,1,147,0,0,0,early,0.7,2,2
2,0,100,0,0,0,early,0.7,2,2
2,1,147,0,0,0,early,0.7,2,2
3,0,100,0,0,0,early,0.7,2,2
3,1,147,118,115,118,early,0.7,2,2
4,0,100,65,63,0,early,0.7,2,2
4,1,147,118,115,118,early,0.7,2,2
5,0,100,82,77,0,early,0.7,2,2
5,1,147,146,131,146,early,0.7,2,2
6,0,100,82,77,0,early,0.7,2,2
6,1,147,146,131,146,early,0.7,2,2
7,0,100,82,77,0,early,0.7,2,2
7,1,147,147,131,147,early,0.7,2,2
8,0,100,82,77,0,early,0.7,2,2
8,1,147,147,131,147,early,0.7,2,2
9,0,100,82,77,0,early,0.7,2,2
9,1,147,147,131,147,early,0.7,2,2
10,0,100,82,77,0,early,0.7,2,2
10,1,147,147,131,147,early,0.7,2,2
1,0,88,0,0,0,early,0.7,2,3
1,1,159,6,6,6,early,0.7,2,3
2,0,88,0,0,0,early,0.7,2,3
2,1,159,6,6,6,early,0.7,2,3
3,0,88,0,0,0,early,0.7,2,3
3,1,159,121,119,121,early,0.7,2,3
4,0,88,37,35,0,early,0.7,2,3
4,1,159,121,119,121,early,0.7,2,3
5,0,88,57,54,0,early,0.7,2,3
5,1,159,130,126,130,early,0.7,2,3
6,0,88,65,62,0,early,0.7,2,3
6,1,159,136,129,136,early,0.7,2,3
7,0,88,68,63,0,early,0.7,2,3
7,1,159,137,129,137,early,0.7,2,3
8,0,88,69,63,0,early,0.7,2,3
8,1,159,141,129,141,early,0.7,2,3
9,0,88,71,64,0,early,0.7,2,3
9,1,159,141,129,141,early,0.7,2,3
10,0,88,71,64,0,early,0.7,2,3
10,1,159,141,129,141,early,0.7,2,3
1,0,192,0,0,0,early,0.7,2,4
1,1,55,0,0,0,early,0.7,2,4
2,0,192,0,0,0,early,0.7,2,4
2,1,55,0,0,0,early,0.7,2,4
3,0,192,0,0,0,early,0.7,2,4
3,1,55,1,1,1,early,0.7,2,4
4,0,192,0,0,0,early,0.7,2,4
4,1,55,18,17,5,early,0.7,2,4
5,0,192,45,45,45,early,0.7,2,4
5,1,55,35,34,22,early,0.7,2,4
6,0,192,132,130,75,early,0.7,2,4
6,1,55,50,43,22,early,0.7,2,4
7,0,192,142,137,78,early,0.7,2,4
7,1,55,51,44,22,early,0.7,2,4
8,0,192,161,155,95,early,0.7,2,4
8,1,55,51,44,22,early,0.7,2,4
9,0,192,169,161,103,early,0.7,2,4
9,1,55,52,44,22,early,0.7,2,4
10,0,192,175,164,109,early,0.7,2,4
10,1,55,52,44,22,early,0.7,2,4
1,0,105,11,11,11,early,0.7,3,0
1,1,142,0,0,0,early,0.7,3,0
2,0,105,11,11,11,early,0.7,3,0
2,1,142,0,0,0,early,0.7,3,0
3,0,105,91,88,91,early,0.7,3,0
3,1,142,1,1,1,early,0.7,3,0
4,0,105,91,88,91,early,0.7,3,0
4,1,142,16,16,1,early,0.7,3,0
5,0,105,105,95,105,early,0.7,3,0
5,1,142,51,51,20,early,0.7,3,0
6,0,105,105,95,105,early,0.7,3,0
6,1,142,101,96,20,early,0.7,3,0
7,0,105,105,95,105,early,0.7,3,0
7,1,142,127,122,46,early,0.7,3,0
8,0,105,105,95,105,early,0.7,3,0
8,1,142,133,127,46,early,0.7,3,0
9,0,105,105,95,105,early,0.7,3,0
9,1,142,133,127,46,early,0.7,3,0
10,0,105,105,95,105,early,0.7,3,0
10,1,142,133,127,46,early,0.7,3,0
1,0,212,18,18,18,early,0.7,3,1
1,1,35,0,0,0,early,0.7,3,1
2,0,212,18,18,18,early,0.7,3,1
2,1,35,0,0,0,early,0.7,3,1
3,0,212,36,36,33,early,0.7,3,1
3,1,35,1,1,0,early,0.7,3,1
4,0,212,36,36,33,early,0.7,3,1
4,1,35,6,6,0,early,0.7,3,1
5,0,212,98,96,95,early,0.7,3,1
5,1,35,17,16,5,early,0.7,3,1
6,0,212,155,151,98,early,0.7,3,1
6,1,35,30,28,11,early,0.7,3,1
7,0,212,179,170,100,early,0.7,3,1
7,1,35,31,29,12,early,0.7,3,1
8,0,212,199,189,120,early,0.7,3,1
8,1,35,32,30,13,early,0.7,3,1
9,0,212,202,192,123,early,0.7,3,1
9,1,35,32,30,13,early,0.7,3,1
10,0,212,206,196,127,early,0.7,3,1
10,1,35,32,30,13,early,0.7,3,1
1,0,199,24,24,24,early,0.7,3,2
1,1,48,0,0,0,early,0.7,3,2
2,0,199,24,24,24,early,0.7,3,2
2,1,48,0,0,0,early,0.7,3,2
3,0,199,62,62,62,early,0.7,3,2
3,1,48,0,0,0,early,0.7,3,2
4,0,199,89,88,89,early,0.7,3,2
4,1,48,0,0,0,early,0.7,3,2
5,0,199,97,96,97,early,0.7,3,2
5,1,48,0,0,0,early,0.7,3,2
6,0,199,150,147,103,early,0.7,3,2
6,1,48,31,29,13,early,0.7,3,2
7,0,199,180,171,103,early,0.7,3,2
7,1,48,38,36,19,early,0.7,3,2
8,0,199,186,175,103,early,0.7,3,2
8,1,48,46,42,22,early,0.7,3,2
9,0,199,194,183,111,early,0.7,3,2
9,1,48,47,43,23,early,0.7,3,2
10,0,199,195,183,111,early,0.7,3,2
10,1,48,47,43,23,early,0.7,3,2
1,0,81,0,0,0,early,0.7,3,3
1,1,167,58,57,58,early,0.7,3,3
2,0,81,0,0,0,early,0.7,3,3
2,1,167,58,57,58,early,0.7,3,3
3,0,81,0,0,0,early,0.7,3,3
3,1,167,119,115,119,early,0.7,3,3
4,0,81,54,53,0,early,0.7,3,3
4,1,167,119,115,119,early,0.7,3,3
5,0,81,62,61,0,early,0.7,3,3
5,1,167,147,137,147,early,0.7,3,3
6,0,81,76,69,0,early,0.7,3,3
6,1,167,147,137,147,early,0.7,3,3
7,0,81,79,69,0,early,0.7,3,3
7,1,167,154,140,154,early,0.7,3,3
8,0,81,81,69,0,early,0.7,3,3
8,1,167,164,150,154,early,0.7,3,3
9,0,81,81,69,0,early,0.7,3,3
9,1,167,166,150,156,early,0.7,3,3
10,0,81,81,69,0,early,0.7,3,3
10,1,167,166,150,156,early,0.7,3,3
1,0,127,0,0,0,early,0.7,3,4
1,1,120,13,13,13,early,0.7,3,4
2,0,127,0,0,0,early,0.7,3,4
2,1,120,13,13,13,early,0.7,3,4
3,0,127,7,7,7,early,0.7,3,4
3,1,120,85,79,85,early,0.7,3,4
4,0,127,35,35,14,early,0.7,3,4
4,1,120,93,83,93,early,0.7,3,4
5,0,127,69,64,30,early,0.7,3,4
5,1,120,111,96,111,early,0.7,3,4
6,0,127,104,94,30,early,0.7,3,4
6,1,120,113,98,111,early,0.7,3,4
7,0,127,112,98,38,early,0.7,3,4
7,1,120,116,100,114,early,0.7,3,4
8,0,127,117,102,38,early,0.7,3,4
8,1,120,116,100,114,early,0.7,3,4
9,0,127,118,103,39,early,0.7,3,4
9,1,120,117,100,115,early,0.7,3,4
10,0,127,118,103,39,early,0.7,3,4
10,1,120,117,100,115,early,0.7,3,4
1,0,186,0,0,0,early,0.7,4,0
1,1,60,0,0,0,early,0.7,4,0
2,0,186,0,0,0,early,0.7,4,0
2,1,60,0,0,0,early,0.7,4,0
3,0,186,33,33,33,early,0.7,4,0
3,1,60,0,0,0,early,0.7,4,0
4,0,186,68,67,68,early,0.7,4,0
4,1,60,3,3,3,early,0.7,4,0
5,0,186,69,68,69,early,0.7,4,0
5,1,60,4,4,4,early,0.7,4,0
6,0,186,146,142,83,early,0.7,4,0
6,1,60,46,45,46,early,0.7,4,0
7,0,186,150,146,87,early,0.7,4,0
7,1,60,54,49,54,early,0.7,4,0
8,0,186,178,165,87,early,0.7,4,0
8,1,60,54,49,54,early,0.7,4,0
9,0,186,178,165,87,early,0.7,4,0
9,1,60,59,50,59,early,0.7,4,0
10,0,186,178,165,87,early,0.7,4,0
10,1,60,59,50,59,early,0.7,4,0
1,0,140,23,23,23,early,0.7,4,1
1,1,107,0,0,0,early,0.7,4,1
2,0,140,23,23,23,early,0.7,4,1
2,1,107,0,0,0,early,0.7,4,1
3,0,140,47,46,47,early,0.7,4,1
3,1,107,1,1,1,early,0.7,4,1
4,0,140,47,46,47,early,0.7,4,1
4,1,107,27,27,20,early,0.7,4,1
5,0,140,87,85,87,early,0.7,4,1
5,1,107,52,51,22,early,0.7,4,1
6,0,140,105,102,96,early,0.7,4,1
6,1,107,79,74,24,early,0.7,4,1
7,0,140,111,107,102,early,0.7,4,1
7,1,107,89,83,34,early,0.7,4,1
8,0,140,118,113,102,early,0.7,4,1
8,1,107,93,84,34,early,0.7,4,1
9,0,140,124,114,108,early,0.7,4,1
9,1,107,96,86,37,early,0.7,4,1
10,0,140,131,119,108,early,0.7,4,1
10,1,107,103,90,37,early,0.7,4,1
1,0,135,4,4,4,early,0.7,4,2
1,1,112,0,0,0,early,0.7,4,2
2,0,135,4,4,4,early,0.7,4,2
2,1,112,0,0,0,early,0.7,4,2
3,0,135,135,129,135,early,0.7,4,2
3,1,112,0,0,0,early,0.7,4,2
4,0,135,135,129,135,early,0.7,4,2
4,1,112,54,54,0,early,0.7,4,2
5,0,135,135,129,135,early,0.7,4,2
5,1,112,72,72,0,early,0.7,4,2
6,0,135,135,129,135,early,0.7,4,2
6,1,112,93,89,0,early,0.7,4,2
7,0,135,135,129,135,early,0.7,4,2
7,1,112,96,89,0,early,0.7,4,2
8,0,135,135,129,135,early,0.7,4,2
8,1,112,96,89,0,early,0.7,4,2
9,0,135,135,129,135,early,0.7,4,2
9,1,112,96,89,0,early,0.7,4,2
10,0,135,135,129,135,early,0.7,4,2
10,1,112,96,89,0,early,0.7,4,2
1,0,221,9,9,9,early,0.7,4,3
1,1,26,0,0,0,early,0.7,4,3
2,0,221,9,9,9,early,0.7,4,3
2,1,26,0,0,0,early,0.7,4,3
3,0,221,66,65,66,early,0.7,4,3
3,1,26,0,0,0,early,0.7,4,3
4,0,221,97,96,97,early,0.7,4,3
4,1,26,0,0,0,early,0.7,4,3
5,0,221,103,102,99,early,0.7,4,3
5,1,26,1,1,1,early,0.7,4,3
6,0,221,127,124,117,early,0.7,4,3
6,1,26,21,18,21,early,0.7,4,3
7,0,221,176,170,121,early,0.7,4,3
7,1,26,22,19,22,early,0.7,4,3
8,0,221,184,178,125,early,0.7,4,3
8,1,26,26,21,26,early,0.7,4,3
9,0,221,201,191,126,early,0.7,4,3
9,1,26,26,21,26,early,0.7,4,3
10,0,221,212,202,126,early,0.7,4,3
10,1,26,26,21,26,early,0.7,4,3
1,0,213,0,0,0,early,0.7,4,4
1,1,34,0,0,0,early,0.7,4,4
2,0,213,0,0,0,early,0.7,4,4
2,1,34,0,0,0,early,0.7,4,4
3,0,213,27,27,27,early,0.7,4,4
3,1,34,1,1,1,early,0.7,4,4
4,0,213,67,67,67,early,0.7,4,4
4,1,34,9,9,9,early,0.7,4,4
5,0,213,72,72,72,early,0.7,4,4
5,1,34,21,21,21,early,0.7,4,4
6,0,213,143,141,76,early,0.7,4,4
6,1,34,34,31,34,early,0.7,4,4
7,0,213,171,164,101,early,0.7,4,4
7,1,34,34,31,34,early,0.7,4,4
8,0,213,191,184,108,early,0.7,4,4
8,1,34,34,31,34,early,0.7,4,4
9,0,213,194,187,109,early,0.7,4,4
9,1,34,34,31,34,early,0.7,4,4
10,0,213,197,190,112,early,0.7,4,4
10,1,34,34,31,34,early,0.7,4,4
1,0,53,0,0,0,early,0.7,5,0
1,1,194,0,0,0,early,0.7,5,0
2,0,53,0,0,0,early,0.7,5,0
2,1,194,0,0,0,early,0.7,5,0
3,0,53,10,10,0,early,0.7,5,0
3,1,194,77,77,77,early,0.7,5,0
4,0,53,41,39,0,early,0.7,5,0
4,1,194,81,81,81,early,0.7,5,0
5,0,53,46,43,0,early,0.7,5,0
5,1,194,123,123,123,early,0.7,5,0
6,0,53,46,43,0,early,0.7,5,0
6,1,194,172,167,123,early,0.7,5,0
7,0,53,46,43,0,early,0.7,5,0
7,1,194,181,175,132,early,0.7,5,0
8,0,53,47,43,0,early,0.7,5,0
8,1,194,186,178,132,early,0.7,5,0
9,0,53,48,44,1,early,0.7,5,0
9,1,194,192,183,138,early,0.7,5,0
10,0,53,48,44,1,early,0.7,5,0
10,1,194,192,183,138,early,0.7,5,0
1,0,81,0,0,0,early,0.7,5,1
1,1,166,0,0,0,early,0.7,5,1
2,0,81,0,0,0,early,0.7,5,1
2,1,166,0,0,0,early,0.7,5,1
3,0,81,0,0,0,early,0.7,5,1
3,1,166,38,38,38,early,0.7,5,1
4,0,81,0,0,0,early,0.7,5,1
4,1,166,59,59,59,early,0.7,5,1
5,0,81,22,22,22,early,0.7,5,1
5,1,166,82,79,82,early,0.7,5,1
6,0,81,62,56,31,early,0.7,5,1
6,1,166,108,105,85,early,0.7,5,1
7,0,81,68,60,32,early,0.7,5,1
7,1,166,143,136,85,early,0.7,5,1
8,0,81,73,63,35,early,0.7,5,1
8,1,166,148,140,85,early,0.7,5,1
9,0,81,73,63,35,early,0.7,5,1
9,1,166,149,141,85,early,0.7,5,1
10,0,81,76,65,38,early,0.7,5,1
10,1,166,159,148,89,early,0.7,5,1
1,0,150,0,0,0,early,0.7,5,2
1,1,97,18,18,18,early,0.7,5,2
2,0,150,7,7,0,early,0.7,5,2
2,1,97,19,19,19,early,0.7,5,2
3,0,150,48,46,13,early,0.7,5,2
3,1,97,97,94,97,early,0.7,5,2
4,0,150,107,100,13,early,0.7,5,2
4,1,97,97,94,97,early,0.7,5,2
5,0,150,131,124,37,early,0.7,5,2
5,1,97,97,94,97,early,0.7,5,2
6,0,150,135,126,37,early,0.7,5,2
6,1,97,97,94,97,early,0.7,5,2
7,0,150,145,134,47,early,0.7,5,2
7,1,97,97,94,97,early,0.7,5,2
8,0,150,147,135,47,early,0.7,5,2
8,1,97,97,94,97,early,0.7,5,2
9,0,150,148,136,48,early,0.7,5,2
9,1,97,97,94,97,early,0.7,5,2
10,0,150,148,136,48,early,0.7,5,2
10,1,97,97,94,97,early,0.7,5,2
1,0,95,0,0,0,early,0.7,5,3
1,1,153,7,7,7,early,0.7,5,3
2,0,95,19,19,0,early,0.7,5,3
2,1,153,7,7,7,early,0.7,5,3
3,0,95,38,37,0,early,0.7,5,3
3,1,153,117,113,117,early,0.7,5,3
4,0,95,75,71,0,early,0.7,5,3
4,1,153,117,113,117,early,0.7,5,3
5,0,95,75,71,0,early,0.7,5,3
5,1,153,145,132,145,early,0.7,5,3
6,0,95,79,74,0,early,0.7,5,3
6,1,153,145,132,145,early,0.7,5,3
7,0,95,79,74,0,early,0.7,5,3
7,1,153,153,133,153,early,0.7,5,3
8,0,95,79,74,0,early,0.7,5,3
8,1,153,153,133,153,early,0.7,5,3
9,0,95,79,74,0,early,0.7,5,3
9,1,153,153,133,153,early,0.7,5,3
10,0,95,79,74,0,early,0.7,5,3
10,1,153,153,133,153,early,0.7,5,3
1,0,188,1,1,1,early,0.7,5,4
1,1,59,0,0,0,early,0.7,5,4
2,0,188,1,1,1,early,0.7,5,4
2,1,59,0,0,0,early,0.7,5,4
3,0,188,33,33,33,early,0.7,5,4
3,1,59,0,0,0,early,0.7,5,4
4,0,188,61,60,61,early,0.7,5,4
4,1,59,0,0,0,early,0.7,5,4
5,0,188,75,74,75,early,0.7,5,4
5,1,59,29,29,29,early,0.7,5,4
6,0,188,119,117,91,early,0.7,5,4
6,1,59,44,42,38,early,0.7,5,4
7,0,188,147,137,106,early,0.7,5,4
7,1,59,45,43,39,early,0.7,5,4
8,0,188,161,146,112,early,0.7,5,4
8,1,59,48,46,39,early,0.7,5,4
9,0,188,166,148,116,early,0.7,5,4
9,1,59,50,48,39,early,0.7,5,4
10,0,188,171,153,117,early,0.7,5,4
10,1,59,50,48,39,early,0.7,5,4
1,0,163,0,0,0,early,0.7,6,0
1,1,84,6,6,6,early,0.7,6,0
2,0,163,0,0,0,early,0.7,6,0
2,1,84,6,6,6,early,0.7,6,0
3,0,163,4,4,4,early,0.7,6,0
3,1,84,48,44,48,early,0.7,6,0
4,0,163,30,30,30,early,0.7,6,0
4,1,84,48,44,48,early,0.7,6,0
5,0,163,63,62,58,early,0.7,6,0
5,1,84,61,54,61,early,0.7,6,0
6,0,163,137,132,59,early,0.7,6,0
6,1,84,79,60,61,early,0.7,6,0
7,0,163,145,140,67,early,0.7,6,0
7,1,84,83,63,65,early,0.7,6,0
8,0,163,150,141,67,early,0.7,6,0
8,1,84,83,63,65,early,0.7,6,0
9,0,163,161,148,78,early,0.7,6,0
9,1,84,84,63,66,early,0.7,6,0
10,0,163,163,148,78,early,0.7,6,0
10,1,84,84,63,66,early,0.7,6,0
1,0,86,0,0,0,early,0.7,6,1
1,1,161,7,7,7,early,0.7,6,1
2,0,86,0,0,0,early,0.7,6,1
2,1,161,7,7,7,early,0.7,6,1
3,0,86,33,33,0,early,0.7,6,1
3,1,161,144,133,144,early,0.7,6,1
4,0,86,85,79,0,early,0.7,6,1
4,1,161,144,133,144,early,0.7,6,1
5,0,86,86,80,0,early,0.7,6,1
5,1,161,161,146,161,early,0.7,6,1
6,0,86,86,80,0,early,0.7,6,1
6,1,161,161,146,161,early,0.7,6,1
7,0,86,86,80,0,early,0.7,6,1
7,1,161,161,146,161,early,0.7,6,1
8,0,86,86,80,0,early,0.7,6,1
8,1,161,161,146,161,early,0.7,6,1
9,0,86,86,80,0,early,0.7,6,1
9,1,161,161,146,161,early,0.7,6,1
10,0,86,86,80,0,early,0.7,6,1
10,1,161,161,146,161,early,0.7,6,1
1,0,145,5,5,5,early,0.7,6,2
1,1,102,0,0,0,early,0.7,6,2
2,0,145,100,96,100,early,0.7,6,2
2,1,102,72,71,0,early,0.7,6,2
3,0,145,145,139,145,early,0.7,6,2
3,1,102,87,86,0,early,0.7,6,2
4,0,145,145,139,145,early,0.7,6,2
4,1,102,88,86,0,early,0.7,6,2
5,0,145,145,139,145,early,0.7,6,2
5,1,102,89,86,0,early,0.7,6,2
6,0,145,145,139,145,early,0.7,6,2
6,1,102,89,86,0,early,0.7,6,2
7,0,145,145,139,145,early,0.7,6,2
7,1,102,89,86,0,early,0.7,6,2
8,0,145,145,139,145,early,0.7,6,2
8,1,102,89,86,0,early,0.7,6,2
9,0,145,145,139,145,early,0.7,6,2
9,1,102,89,86,0,early,0.7,6,2
10,0,145,145,139,145,early,0.7,6,2
10,1,102,89,86,0,early,0.7,6,2
1,0,196,0,0,0,early,0.7,6,3
1,1,51,0,0,0,early,0.7,6,3
2,0,196,0,0,0,early,0.7,6,3
2,1,51,0,0,0,early,0.7,6,3
3,0,196,31,31,31,early,0.7,6,3
3,1,51,5,5,5,early,0.7,6,3
4,0,196,56,53,56,early,0.7,6,3
4,1,51,40,39,40,early,0.7,6,3
5,0,196,78,73,78,early,0.7,6,3
5,1,51,51,48,51,early,0.7,6,3
6,0,196,157,148,82,early,0.7,6,3
6,1,51,51,48,51,early,0.7,6,3
7,0,196,176,160,101,early,0.7,6,3
7,1,51,51,48,51,early,0.7,6,3
8,0,196,190,168,101,early,0.7,6,3
8,1,51,51,48,51,early,0.7,6,3
9,0,196,191,168,101,early,0.7,6,3
9,1,51,51,48,51,early,0.7,6,3
10,0,196,196,172,106,early,0.7,6,3
10,1,51,51,48,51,early,0.7,6,3
1,0,62,0,0,0,early,0.7,6,4
1,1,185,0,0,0,early,0.7,6,4
2,0,62,0,0,0,early,0.7,6,4
2,1,185,0,0,0,early,0.7,6,4
3,0,62,0,0,0,early,0.7,6,4
3,1,185,0,0,0,early,0.7,6,4
4,0,62,0,0,0,early,0.7,6,4
4,1,185,0,0,0,early,0.7,6,4
5,0,62,10,10,8,early,0.7,6,4
5,1,185,54,54,54,early,0.7,6,4
6,0,62,44,41,23,early,0.7,6,4
6,1,185,129,129,81,early,0.7,6,4
7,0,62,56,51,34,early,0.7,6,4
7,1,185,131,131,82,early,0.7,6,4
8,0,62,58,51,36,early,0.7,6,4
8,1,185,143,139,82,early,0.7,6,4
9,0,62,60,51,38,early,0.7,6,4
9,1,185,154,148,93,early,0.7,6,4
10,0,62,62,51,40,early,0.7,6,4
10,1,185,158,150,93,early,0.7,6,4
1,0,129,0,0,0,early,0.7,7,0
1,1,117,0,0,0,early,0.7,7,0
2,0,129,0,0,0,early,0.7,7,0
2,1,117,0,0,0,early,0.7,7,0
3,0,129,0,0,0,early,0.7,7,0
3,1,117,0,0,0,early,0.7,7,0
4,0,129,1,1,1,early,0.7,7,0
4,1,117,22,22,22,early,0.7,7,0
5,0,129,75,74,67,early,0.7,7,0
5,1,117,39,38,39,early,0.7,7,0
6,0,129,114,107,74,early,0.7,7,0
6,1,117,101,97,42,early,0.7,7,0
7,0,129,128,119,88,early,0.7,7,0
7,1,117,106,102,47,early,0.7,7,0
8,0,129,128,119,88,early,0.7,7,0
8,1,117,111,104,47,early,0.7,7,0
9,0,129,128,119,88,early,0.7,7,0
9,1,117,115,107,51,early,0.7,7,0
10,0,129,129,119,88,early,0.7,7,0
10,1,117,115,107,51,early,0.7,7,0
1,0,172,0,0,0,early,0.7,7,1
1,1,74,0,0,0,early,0.7,7,1
2,0,172,0,0,0,early,0.7,7,1
2,1,74,0,0,0,early,0.7,7,1
3,0,172,13,13,13,early,0.7,7,1
3,1,74,0,0,0,early,0.7,7,1
4,0,172,67,67,67,early,0.7,7,1
4,1,74,23,23,23,early,0.7,7,1
5,0,172,72,71,72,early,0.7,7,1
5,1,74,34,34,34,early,0.7,7,1
6,0,172,146,138,76,early,0.7,7,1
6,1,74,58,53,34,early,0.7,7,1
7,0,172,151,143,81,early,0.7,7,1
7,1,74,62,56,35,early,0.7,7,1
8,0,172,160,146,90,early,0.7,7,1
8,1,74,67,61,40,early,0.7,7,1
9,0,172,161,147,91,early,0.7,7,1
9,1,74,68,62,40,early,0.7,7,1
10,0,172,162,148,92,early,0.7,7,1
10,1,74,68,62,40,early,0.7,7,1
1,0,181,3,3,3,early,0.7,7,2
1,1,66,0,0,0,early,0.7,7,2
2,0,181,3,3,3,early,0.7,7,2
2,1,66,0,0,0,early,0.7,7,2
3,0,181,113,112,113,early,0.7,7,2
3,1,66,0,0,0,early,0.7,7,2
4,0,181,114,113,114,early,0.7,7,2
4,1,66,1,1,0,early,0.7,7,2
5,0,181,118,113,118,early,0.7,7,2
5,1,66,36,34,0,early,0.7,7,2
6,0,181,146,129,146,early,0.7,7,2
6,1,66,61,56,0,early,0.7,7,2
7,0,181,152,135,146,early,0.7,7,2
7,1,66,61,56,0,early,0.7,7,2
8,0,181,159,140,153,early,0.7,7,2
8,1,66,61,56,0,early,0.7,7,2
9,0,181,170,149,153,early,0.7,7,2
9,1,66,61,56,0,early,0.7,7,2
10,0,181,176,152,159,early,0.7,7,2
10,1,66,61,56,0,early,0.7,7,2
1,0,151,25,25,25,early,0.7,7,3
1,1,96,0,0,0,early,0.7,7,3
2,0,151,25,25,25,early,0.7,7,3
2,1,96,0,0,0,early,0.7,7,3
3,0,151,90,90,90,early,0.7,7,3
3,1,96,0,0,0,early,0.7,7,3
4,0,151,92,92,92,early,0.7,7,3
4,1,96,6,6,0,early,0.7,7,3
5,0,151,114,111,114,early,0.7,7,3
5,1,96,27,27,0,early,0.7,7,3
6,0,151,129,124,114,early,0.7,7,3
6,1,96,73,65,0,early,0.7,7,3
7,0,151,138,131,123,early,0.7,7,3
7,1,96,89,81,16,early,0.7,7,3
8,0,151,138,131,123,early,0.7,7,3
8,1,96,92,83,16,early,0.7,7,3
9,0,151,139,132,124,early,0.7,7,3
9,1,96,92,83,16,early,0.7,7,3
10,0,151,151,142,124,early,0.7,7,3
10,1,96,92,83,16,early,0.7,7,3
1,0,148,9,9,9,early,0.7,7,4
1,1,99,0,0,0,early,0.7,7,4
2,0,148,9,9,9,early,0.7,7,4
2,1,99,17,17,0,early,0.7,7,4
3,0,148,148,136,148,early,0.7,7,4
3,1,99,45,43,0,early,0.7,7,4
4,0,148,148,136,148,early,0.7,7,4
4,1,99,87,80,0,early,0.7,7,4
5,0,148,148,136,148,early,0.7,7,4
5,1,99,87,80,0,early,0.7,7,4
6,0,148,148,136,148,early,0.7,7,4
6,1,99,88,80,0,early,0.7,7,4
7,0,148,148,136,148,early,0.7,7,4
7,1,99,89,81,0,early,0.7,7,4
8,0,148,148,136,148,early,0.7,7,4
8,1,99,89,81,0,early,0.7,7,4
9,0,148,148,136,148,early,0.7,7,4
9,1,99,89,81,0,early,0.7,7,4
10,0,148,148,136,148,early,0.7,7,4
10,1,99,89,81,0,early,0.7,7,4
1,0,132,4,4,4,early,0.7,8,0
1,1,115,0,0,0,early,0.7,8,0
2,0,132,4,4,4,early,0.7,8,0
2,1,115,0,0,0,early,0.7,8,0
3,0,132,49,49,49,early,0.7,8,0
3,1,115,1,1,1,early,0.7,8,0
4,0,132,49,49,49,early,0.7,8,0
4,1,115,28,28,28,early,0.7,8,0
5,0,132,54,54,49,early,0.7,8,0
5,1,115,43,41,43,early,0.7,8,0
6,0,132,112,111,73,early,0.7,8,0
6,1,115,83,75,58,early,0.7,8,0
7,0,132,124,123,85,early,0.7,8,0
7,1,115,97,87,66,early,0.7,8,0
8,0,132,124,123,85,early,0.7,8,0
8,1,115,110,98,66,early,0.7,8,0
9,0,132,124,123,85,early,0.7,8,0
9,1,115,111,99,67,early,0.7,8,0
10,0,132,128,125,85,early,0.7,8,0
10,1,115,113,100,67,early,0.7,8,0
1,0,37,0,0,0,early,0.7,8,1
1,1,210,1,1,1,early,0.7,8,1
2,0,37,8,8,0,early,0.7,8,1
2,1,210,1,1,1,early,0.7,8,1
3,0,37,18,18,0,early,0.7,8,1
3,1,210,97,96,97,early,0.7,8,1
4,0,37,32,29,0,early,0.7,8,1
4,1,210,110,109,97,early,0.7,8,1
5,0,37,32,29,0,early,0.7,8,1
5,1,210,141,139,107,early,0.7,8,1
6,0,37,32,29,0,early,0.7,8,1
6,1,210,185,179,127,early,0.7,8,1
7,0,37,32,29,0,early,0.7,8,1
7,1,210,193,184,131,early,0.7,8,1
8,0,37,32,29,0,early,0.7,8,1
8,1,210,195,186,131,early,0.7,8,1
9,0,37,32,29,0,early,0.7,8,1
9,1,210,202,192,138,early,0.7,8,1
10,0,37,32,29,0,early,0.7,8,1
10,1,210,202,192,138,early,0.7,8,1
1,0,105,0,0,0,early,0.7,8,2
1,1,142,57,57,57,early,0.7,8,2
2,0,105,0,0,0,early,0.7,8,2
2,1,142,57,57,57,early,0.7,8,2
3,0,105,5,5,3,early,0.7,8,2
3,1,142,140,132,140,early,0.7,8,2
4,0,105,61,61,3,early,0.7,8,2
4,1,142,140,132,140,early,0.7,8,2
5,0,105,76,73,3,early,0.7,8,2
5,1,142,142,132,142,early,0.7,8,2
6,0,105,92,86,3,early,0.7,8,2
6,1,142,142,132,142,early,0.7,8,2
7,0,105,96,89,5,early,0.7,8,2
7,1,142,142,132,142,early,0.7,8,2
8,0,105,97,89,5,early,0.7,8,2
8,1,142,142,132,142,early,0.7,8,2
9,0,105,97,89,5,early,0.7,8,2
9,1,142,142,132,142,early,0.7,8,2
10,0,105,97,89,5,early,0.7,8,2
10,1,142,142,132,142,early,0.7,8,2
1,0,105,28,28,28,early,0.7,8,3
1,1,142,0,0,0,early,0.7,8,3
2,0,105,35,34,35,early,0.7,8,3
2,1,142,22,22,0,early,0.7,8,3
3,0,105,105,100,105,early,0.7,8,3
3,1,142,55,51,15,early,0.7,8,3
4,0,105,105,100,105,early,0.7,8,3
4,1,142,88,79,15,early,0.7,8,3
5,0,105,105,100,105,early,0.7,8,3
5,1,142,96,87,23,early,0.7,8,3
6,0,105,105,100,105,early,0.7,8,3
6,1,142,117,106,23,early,0.7,8,3
7,0,105,105,100,105,early,0.7,8,3
7,1,142,123,108,28,early,0.7,8,3
8,0,105,105,100,105,early,0.7,8,3
8,1,142,127,110,28,early,0.7,8,3
9,0,105,105,100,105,early,0.7,8,3
9,1,142,127,110,28,early,0.7,8,3
10,0,105,105,100,105,early,0.7,8,3
10,1,142,128,110,28,early,0.7,8,3
1,0,153,0,0,0,early,0.7,8,4
1,1,93,0,0,0,early,0.7,8,4
2,0,153,0,0,0,early,0.7,8,4
2,1,93,0,0,0,early,0.7,8,4
3,0,153,0,0,0,early,0.7,8,4
3,1,93,2,2,2,early,0.7,8,4
4,0,153,1,1,1,early,0.7,8,4
4,1,93,20,20,20,early,0.7,8,4
5,0,153,25,25,12,early,0.7,8,4
5,1,93,31,29,31,early,0.7,8,4
6,0,153,112,107,70,early,0.7,8,4
6,1,93,73,68,33,early,0.7,8,4
7,0,153,139,132,97,early,0.7,8,4
7,1,93,82,73,42,early,0.7,8,4
8,0,153,146,136,97,early,0.7,8,4
8,1,93,87,75,42,early,0.7,8,4
9,0,153,150,139,101,early,0.7,8,4
9,1,93,93,78,48,early,0.7,8,4
10,0,153,152,139,101,early,0.7,8,4
10,1,93,93,78,48,early,0.7,8,4
1,0,166,0,0,0,early,0.7,9,0
1,1,81,3,3,3,early,0.7,9,0
2,0,166,0,0,0,early,0.7,9,0
2,1,81,3,3,3,early,0.7,9,0
3,0,166,0,0,0,early,0.7,9,0
3,1,81,61,60,61,early,0.7,9,0
4,0,166,0,0,0,early,0.7,9,0
4,1,81,72,71,72,early,0.7,9,0
5,0,166,26,26,26,early,0.7,9,0
5,1,81,81,74,81,early,0.7,9,0
6,0,166,127,124,40,early,0.7,9,0
6,1,81,81,74,81,early,0.7,9,0
7,0,166,131,128,44,early,0.7,9,0
7,1,81,81,74,81,early,0.7,9,0
8,0,166,137,131,46,early,0.7,9,0
8,1,81,81,74,81,early,0.7,9,0
9,0,166,154,146,63,early,0.7,9,0
9,1,81,81,74,81,early,0.7,9,0
10,0,166,154,146,63,early,0.7,9,0
10,1,81,81,74,81,early,0.7,9,0
1,0,88,0,0,0,early,0.7,9,1
1,1,159,0,0,0,early,0.7,9,1
2,0,88,0,0,0,early,0.7,9,1
2,1,159,0,0,0,early,0.7,9,1
3,0,88,0,0,0,early,0.7,9,1
3,1,159,1,1,0,early,0.7,9,1
4,0,88,0,0,0,early,0.7,9,1
4,1,159,18,18,0,early,0.7,9,1
5,0,88,0,0,0,early,0.7,9,1
5,1,159,70,69,42,early,0.7,9,1
6,0,88,56,55,33,early,0.7,9,1
6,1,159,127,126,84,early,0.7,9,1
7,0,88,60,59,34,early,0.7,9,1
7,1,159,128,127,84,early,0.7,9,1
8,0,88,63,60,36,early,0.7,9,1
8,1,159,135,134,91,early,0.7,9,1
9,0,88,68,64,40,early,0.7,9,1
9,1,159,142,139,92,early,0.7,9,1
10,0,88,73,69,41,early,0.7,9,1
10,1,159,146,142,93,early,0.7,9,1
1,0,142,6,6,6,early,0.7,9,2
1,1,105,0,0,0,early,0.7,9,2
2,0,142,6,6,6,early,0.7,9,2
2,1,105,0,0,0,early,0.7,9,2
3,0,142,78,78,78,early,0.7,9,2
3,1,105,6,6,6,early,0.7,9,2
4,0,142,86,86,86,early,0.7,9,2
4,1,105,41,40,6,early,0.7,9,2
5,0,142,102,102,102,early,0.7,9,2
5,1,105,54,52,12,early,0.7,9,2
6,0,142,105,105,104,early,0.7,9,2
6,1,105,88,81,18,early,0.7,9,2
7,0,142,120,110,119,early,0.7,9,2
7,1,105,90,83,20,early,0.7,9,2
8,0,142,120,110,119,early,0.7,9,2
8,1,105,92,83,20,early,0.7,9,2
9,0,142,126,110,125,early,0.7,9,2
9,1,105,92,83,20,early,0.7,9,2
10,0,142,126,110,125,early,0.7,9,2
10,1,105,92,83,20,early,0.7,9,2
1,0,238,6,6,6,early,0.7,9,3
1,1,9,0,0,0,early,0.7,9,3
2,0,238,6,6,6,early,0.7,9,3
2,1,9,0,0,0,early,0.7,9,3
3,0,238,46,46,46,early,0.7,9,3
3,1,9,0,0,0,early,0.7,9,3
4,0,238,85,85,85,early,0.7,9,3
4,1,9,0,0,0,early,0.7,9,3
5,0,238,119,116,119,early,0.7,9,3
5,1,9,0,0,0,early,0.7,9,3
6,0,238,167,163,133,early,0.7,9,3
6,1,9,0,0,0,early,0.7,9,3
7,0,238,208,202,135,early,0.7,9,3
7,1,9,0,0,0,early,0.7,9,3
8,0,238,215,206,138,early,0.7,9,3
8,1,9,0,0,0,early,0.7,9,3
9,0,238,218,207,141,early,0.7,9,3
9,1,9,5,5,5,early,0.7,9,3
10,0,238,221,209,143,early,0.7,9,3
10,1,9,7,6,7,early,0.7,9,3
1,0,224,0,0,0,early,0.7,9,4
1,1,23,0,0,0,early,0.7,9,4
2,0,224,0,0,0,early,0.7,9,4
2,1,23,0,0,0,early,0.7,9,4
3,0,224,7,7,7,early,0.7,9,4
3,1,23,0,0,0,early,0.7,9,4
4,0,224,91,91,91,early,0.7,9,4
4,1,23,4,4,0,early,0.7,9,4
5,0,224,129,126,129,early,0.7,9,4
5,1,23,23,20,0,early,0.7,9,4
6,0,224,133,130,133,early,0.7,9,4
6,1,23,23,20,0,early,0.7,9,4
7,0,224,141,136,141,early,0.7,9,4
7,1,23,23,20,0,early,0.7,9,4
8,0,224,142,137,142,early,0.7,9,4
8,1,23,23,20,0,early,0.7,9,4
9,0,224,142,137,142,early,0.7,9,4
9,1,23,23,20,0,early,0.7,9,4
10,0,224,145,140,142,early,0.7,9,4
10,1,23,23,20,0,early,0.7,9,4
1,0,33,0,0,0,early,0.8,0,0
1,1,249,0,0,0,early,0.8,0,0
2,0,33,0,0,0,early,0.8,0,0
2,1,249,0,0,0,early,0.8,0,0
3,0,33,0,0,0,early,0.8,0,0
3,1,249,39,39,39,early,0.8,0,0
4,0,33,7,6,7,early,0.8,0,0
4,1,249,83,83,81,early,0.8,0,0
5,0,33,31,26,31,early,0.8,0,0
5,1,249,102,100,100,early,0.8,0,0
6,0,33,33,27,33,early,0.8,0,0
6,1,249,197,187,101,early,0.8,0,0
7,0,33,33,27,33,early,0.8,0,0
7,1,249,219,207,123,early,0.8,0,0
8,0,33,33,27,33,early,0.8,0,0
8,1,249,220,207,123,early,0.8,0,0
9,0,33,33,27,33,early,0.8,0,0
9,1,249,225,210,128,early,0.8,0,0
10,0,33,33,27,33,early,0.8,0,0
10,1,249,227,211,129,early,0.8,0,0
1,0,138,0,0,0,early,0.8,0,1
1,1,144,0,0,0,early,0.8,0,1
2,0,138,0,0,0,early,0.8,0,1
2,1,144,0,0,0,early,0.8,0,1
3,0,138,0,0,0,early,0.8,0,1
3,1,144,20,20,20,early,0.8,0,1
4,0,138,37,37,37,early,0.8,0,1
4,1,144,65,62,65,early,0.8,0,1
5,0,138,80,74,80,early,0.8,0,1
5,1,144,76,72,71,early,0.8,0,1
6,0,138,124,112,86,early,0.8,0,1
6,1,144,131,124,71,early,0.8,0,1
7,0,138,131,118,93,early,0.8,0,1
7,1,144,133,125,73,early,0.8,0,1
8,0,138,134,121,93,early,0.8,0,1
8,1,144,139,130,79,early,0.8,0,1
9,0,138,136,123,95,early,0.8,0,1
9,1,144,140,131,79,early,0.8,0,1
10,0,138,137,123,96,early,0.8,0,1
10,1,144,144,134,83,early,0.8,0,1
1,0,83,0,0,0,early,0.8,0,2
1,1,200,0,0,0,early,0.8,0,2
2,0,83,0,0,0,early,0.8,0,2
2,1,200,0,0,0,early,0.8,0,2
3,0,83,57,55,57,early,0.8,0,2
3,1,200,29,29,29,early,0.8,0,2
4,0,83,57,55,57,early,0.8,0,2
4,1,200,101,99,57,early,0.8,0,2
5,0,83,83,70,83,early,0.8,0,2
5,1,200,134,130,60,early,0.8,0,2
6,0,83,83,70,83,early,0.8,0,2
6,1,200,179,160,73,early,0.8,0,2
7,0,83,83,70,83,early,0.8,0,2
7,1,200,189,167,78,early,0.8,0,2
8,0,83,83,70,83,early,0.8,0,2
8,1,200,195,170,78,early,0.8,0,2
9,0,83,83,70,83,early,0.8,0,2
9,1,200,198,173,81,early,0.8,0,2
10,0,83,83,70,83,early,0.8,0,2
10,1,200,199,173,81,early,0.8,0,2
1,0,174,31,31,31,early,0.8,0,3
1,1,108,0,0,0,early,0.8,0,3
2,0,174,31,31,31,early,0.8,0,3
2,1,108,3,3,0,early,0.8,0,3
3,0,174,145,141,145,early,0.8,0,3
3,1,108,71,67,1,early,0.8,0,3
4,0,174,145,141,145,early,0.8,0,3
4,1,108,93,82,1,early,0.8,0,3
5,0,174,167,148,167,early,0.8,0,3
5,1,108,99,88,7,early,0.8,0,3
6,0,174,167,148,167,early,0.8,0,3
6,1,108,103,92,7,early,0.8,0,3
7,0,174,170,148,170,early,0.8,0,3
7,1,108,106,92,7,early,0.8,0,3
8,0,174,170,148,170,early,0.8,0,3
8,1,108,106,92,7,early,0.8,0,3
9,0,174,170,148,170,early,0.8,0,3
9,1,108,106,92,7,early,0.8,0,3
10,0,174,170,148,170,early,0.8,0,3
10,1,108,106,92,7,early,0.8,0,3
1,0,243,0,0,0,early,0.8,0,4
1,1,39,0,0,0,early,0.8,0,4
2,0,243,0,0,0,early,0.8,0,4
2,1,39,0,0,0,early,0.8,0,4
3,0,243,2,2,2,early,0.8,0,4
3,1,39,2,2,0,early,0.8,0,4
4,0,243,44,43,33,early,0.8,0,4
4,1,39,6,6,1,early,0.8,0,4
5,0,243,152,147,94,early,0.8,0,4
5,1,39,24,24,13,early,0.8,0,4
6,0,243,222,213,138,early,0.8,0,4
6,1,39,32,32,15,early,0.8,0,4
7,0,243,230,217,138,early,0.8,0,4
7,1,39,33,33,16,early,0.8,0,4
8,0,243,242,228,150,early,0.8,0,4
8,1,39,33,33,16,early,0.8,0,4
9,0,243,243,229,151,early,0.8,0,4
9,1,39,33,33,16,early,0.8,0,4
10,0,243,243,229,151,early,0.8,0,4
10,1,39,39,38,16,early,0.8,0,4
1,0,163,0,0,0,early,0.8,1,0
1,1,120,0,0,0,early,0.8,1,0
2,0,163,0,0,0,early,0.8,1,0
2,1,120,3,3,0,early,0.8,1,0
3,0,163,151,140,151,early,0.8,1,0
3,1,120,58,57,0,early,0.8,1,0
4,0,163,151,140,151,early,0.8,1,0
4,1,120,92,87,0,early,0.8,1,0
5,0,163,163,146,163,early,0.8,1,0
5,1,120,96,91,4,early,0.8,1,0
6,0,163,163,146,163,early,0.8,1,0
6,1,120,100,95,4,early,0.8,1,0
7,0,163,163,146,163,early,0.8,1,0
7,1,120,109,102,11,early,0.8,1,0
8,0,163,163,146,163,early,0.8,1,0
8,1,120,109,102,11,early,0.8,1,0
9,0,163,163,146,163,early,0.8,1,0
9,1,120,109,102,11,early,0.8,1,0
10,0,163,163,146,163,early,0.8,1,0
10,1,120,109,102,11,early,0.8,1,0
1,0,17,0,0,0,early,0.8,1,1
1,1,266,0,0,0,early,0.8,1,1
2,0,17,0,0,0,early,0.8,1,1
2,1,266,0,0,0,early,0.8,1,1
3,0,17,0,0,0,early,0.8,1,1
3,1,266,86,86,86,early,0.8,1,1
4,0,17,0,0,0,early,0.8,1,1
4,1,266,129,128,129,early,0.8,1,1
5,0,17,0,0,0,early,0.8,1,1
5,1,266,140,138,140,early,0.8,1,1
6,0,17,11,7,0,early,0.8,1,1
6,1,266,227,214,144,early,0.8,1,1
7,0,17,14,8,0,early,0.8,1,1
7,1,266,236,223,144,early,0.8,1,1
8,0,17,14,8,0,early,0.8,1,1
8,1,266,238,225,146,early,0.8,1,1
9,0,17,14,8,0,early,0.8,1,1
9,1,266,249,234,146,early,0.8,1,1
10,0,17,14,8,0,early,0.8,1,1
10,1,266,254,239,151,early,0.8,1,1
1,0,48,0,0,0,early,0.8,1,2
1,1,234,0,0,0,early,0.8,1,2
2,0,48,0,0,0,early,0.8,1,2
2,1,234,0,0,0,early,0.8,1,2
3,0,48,6,3,6,early,0.8,1,2
3,1,234,8,8,8,early,0.8,1,2
4,0,48,48,43,48,early,0.8,1,2
4,1,234,76,76,76,early,0.8,1,2
5,0,48,48,43,48,early,0.8,1,2
5,1,234,100,100,85,early,0.8,1,2
6,0,48,48,43,48,early,0.8,1,2
6,1,234,198,191,112,early,0.8,1,2
7,0,48,48,43,48,early,0.8,1,2
7,1,234,207,197,112,early,0.8,1,2
8,0,48,48,43,48,early,0.8,1,2
8,1,234,211,199,116,early,0.8,1,2
9,0,48,48,43,48,early,0.8,1,2
9,1,234,217,205,122,early,0.8,1,2
10,0,48,48,43,48,early,0.8,1,2
10,1,234,220,207,122,early,0.8,1,2
1,0,200,5,5,5,early,0.8,1,3
1,1,81,0,0,0,early,0.8,1,3
2,0,200,5,5,5,early,0.8,1,3
2,1,81,0,0,0,early,0.8,1,3
3,0,200,36,36,36,early,0.8,1,3
3,1,81,0,0,0,early,0.8,1,3
4,0,200,39,39,36,early,0.8,1,3
4,1,81,2,2,0,early,0.8,1,3
5,0,200,92,92,87,early,0.8,1,3
5,1,81,20,19,18,early,0.8,1,3
6,0,200,169,164,124,early,0.8,1,3
6,1,81,71,61,18,early,0.8,1,3
7,0,200,174,168,125,early,0.8,1,3
7,1,81,72,61,18,early,0.8,1,3
8,0,200,196,183,147,early,0.8,1,3
8,1,81,73,62,19,early,0.8,1,3
9,0,200,196,183,147,early,0.8,1,3
9,1,81,73,62,19,early,0.8,1,3
10,0,200,199,183,150,early,0.8,1,3
10,1,81,77,66,23,early,0.8,1,3
1,0,139,0,0,0,early,0.8,1,4
1,1,144,0,0,0,early,0.8,1,4
2,0,139,0,0,0,early,0.8,1,4
2,1,144,0,0,0,early,0.8,1,4
3,0,139,125,116,125,early,0.8,1,4
3,1,144,3,3,3,early,0.8,1,4
4,0,139,125,116,125,early,0.8,1,4
4,1,144,71,68,3,early,0.8,1,4
5,0,139,139,126,139,early,0.8,1,4
5,1,144,102,99,22,early,0.8,1,4
6,0,139,139,126,139,early,0.8,1,4
6,1,144,117,111,22,early,0.8,1,4
7,0,139,139,126,139,early,0.8,1,4
7,1,144,125,118,29,early,0.8,1,4
8,0,139,139,126,139,early,0.8,1,4
8,1,144,127,118,29,early,0.8,1,4
9,0,139,139,126,139,early,0.8,1,4
9,1,144,127,118,29,early,0.8,1,4
10,0,139,139,126,139,early,0.8,1,4
10,1,144,127,118,29,early,0.8,1,4
1,0,185,0,0,0,early,0.8,2,0
1,1,98,0,0,0,early,0.8,2,0
2,0,185,0,0,0,early,0.8,2,0
2,1,98,0,0,0,early,0.8,2,0
3,0,185,0,0,0,early,0.8,2,0
3,1,98,68,67,68,early,0.8,2,0
4,0,185,0,0,0,early,0.8,2,0
4,1,98,89,85,89,early,0.8,2,0
5,0,185,1,1,1,early,0.8,2,0
5,1,98,98,90,98,early,0.8,2,0
6,0,185,117,112,30,early,0.8,2,0
6,1,98,98,90,98,early,0.8,2,0
7,0,185,140,135,49,early,0.8,2,0
7,1,98,98,90,98,early,0.8,2,0
8,0,185,152,144,49,early,0.8,2,0
8,1,98,98,90,98,early,0.8,2,0
9,0,185,160,152,57,early,0.8,2,0
9,1,98,98,90,98,early,0.8,2,0
10,0,185,164,154,57,early,0.8,2,0
10,1,98,98,90,98,early,0.8,2,0
1,0,163,0,0,0,early,0.8,2,1
1,1,120,0,0,0,early,0.8,2,1
2,0,163,0,0,0,early,0.8,2,1
2,1,120,0,0,0,early,0.8,2,1
3,0,163,11,11,11,early,0.8,2,1
3,1,120,5,5,5,early,0.8,2,1
4,0,163,53,53,53,early,0.8,2,1
4,1,120,56,56,56,early,0.8,2,1
5,0,163,64,64,64,early,0.8,2,1
5,1,120,69,68,69,early,0.8,2,1
6,0,163,145,137,76,early,0.8,2,1
6,1,120,106,103,69,early,0.8,2,1
7,0,163,148,137,76,early,0.8,2,1
7,1,120,114,108,70,early,0.8,2,1
8,0,163,157,144,82,early,0.8,2,1
8,1,120,114,108,70,early,0.8,2,1
9,0,163,157,144,82,early,0.8,2,1
9,1,120,115,109,71,early,0.8,2,1
10,0,163,161,146,86,early,0.8,2,1
10,1,120,115,109,71,early,0.8,2,1
1,0,114,0,0,0,early,0.8,2,2
1,1,168,0,0,0,early,0.8,2,2
2,0,114,0,0,0,early,0.8,2,2
2,1,168,0,0,0,early,0.8,2,2
3,0,114,0,0,0,early,0.8,2,2
3,1,168,131,129,131,early,0.8,2,2
4,0,114,81,78,0,early,0.8,2,2
4,1,168,133,131,133,early,0.8,2,2
5,0,114,94,85,0,early,0.8,2,2
5,1,168,168,150,168,early,0.8,2,2
6,0,114,94,85,0,early,0.8,2,2
6,1,168,168,150,168,early,0.8,2,2
7,0,114,94,85,0,early,0.8,2,2
7,1,168,168,150,168,early,0.8,2,2
8,0,114,94,85,0,early,0.8,2,2
8,1,168,168,150,168,early,0.8,2,2
9,0,114,96,87,0,early,0.8,2,2
9,1,168,168,150,168,early,0.8,2,2
10,0,114,96,87,0,early,0.8,2,2
10,1,168,168,150,168,early,0.8,2,2
1,0,101,0,0,0,early,0.8,2,3
1,1,182,4,4,4,early,0.8,2,3
2,0,101,0,0,0,early,0.8,2,3
2,1,182,4,4,4,early,0.8,2,3
3,0,101,4,4,0,early,0.8,2,3
3,1,182,126,124,126,early,0.8,2,3
4,0,101,81,74,0,early,0.8,2,3
4,1,182,126,124,126,early,0.8,2,3
5,0,101,81,74,0,early,0.8,2,3
5,1,182,171,149,171,early,0.8,2,3
6,0,101,84,75,0,early,0.8,2,3
6,1,182,171,149,171,early,0.8,2,3
7,0,101,89,78,0,early,0.8,2,3
7,1,182,179,151,179,early,0.8,2,3
8,0,101,89,78,0,early,0.8,2,3
8,1,182,179,151,179,early,0.8,2,3
9,0,101,90,78,0,early,0.8,2,3
9,1,182,179,151,179,early,0.8,2,3
10,0,101,90,78,0,early,0.8,2,3
10,1,182,179,151,179,early,0.8,2,3
1,0,219,0,0,0,early,0.8,2,4
1,1,64,0,0,0,early,0.8,2,4
2,0,219,0,0,0,early,0.8,2,4
2,1,64,0,0,0,early,0.8,2,4
3,0,219,0,0,0,early,0.8,2,4
3,1,64,18,18,16,early,0.8,2,4
4,0,219,40,40,40,early,0.8,2,4
4,1,64,32,30,19,early,0.8,2,4
5,0,219,108,108,83,early,0.8,2,4
5,1,64,38,35,24,early,0.8,2,4
6,0,219,171,167,117,early,0.8,2,4
6,1,64,54,41,40,early,0.8,2,4
7,0,219,183,177,117,early,0.8,2,4
7,1,64,55,42,41,early,0.8,2,4
8,0,219,190,183,124,early,0.8,2,4
8,1,64,56,42,42,early,0.8,2,4
9,0,219,190,183,124,early,0.8,2,4
9,1,64,56,42,42,early,0.8,2,4
10,0,219,192,185,126,early,0.8,2,4
10,1,64,56,42,42,early,0.8,2,4
1,0,120,11,11,11,early,0.8,3,0
1,1,163,0,0,0,early,0.8,3,0
2,0,120,11,11,11,early,0.8,3,0
2,1,163,0,0,0,early,0.8,3,0
3,0,120,109,105,109,early,0.8,3,0
3,1,163,12,12,12,early,0.8,3,0
4,0,120,109,105,109,early,0.8,3,0
4,1,163,40,39,12,early,0.8,3,0
5,0,120,120,109,120,early,0.8,3,0
5,1,163,78,72,50,early,0.8,3,0
6,0,120,120,109,120,early,0.8,3,0
6,1,163,136,126,50,early,0.8,3,0
7,0,120,120,109,120,early,0.8,3,0
7,1,163,159,138,73,early,0.8,3,0
8,0,120,120,109,120,early,0.8,3,0
8,1,163,163,139,73,early,0.8,3,0
9,0,120,120,109,120,early,0.8,3,0
9,1,163,163,139,73,early,0.8,3,0
10,0,120,120,109,120,early,0.8,3,0
10,1,163,163,139,73,early,0.8,3,0
1,0,242,26,26,26,early,0.8,3,1
1,1,41,0,0,0,early,0.8,3,1
2,0,242,26,26,26,early,0.8,3,1
2,1,41,0,0,0,early,0.8,3,1
3,0,242,45,45,45,early,0.8,3,1
3,1,41,5,5,0,early,0.8,3,1
4,0,242,84,84,59,early,0.8,3,1
4,1,41,15,15,7,early,0.8,3,1
5,0,242,173,166,100,early,0.8,3,1
5,1,41,32,30,11,early,0.8,3,1
6,0,242,221,206,126,early,0.8,3,1
6,1,41,39,37,18,early,0.8,3,1
7,0,242,226,207,126,early,0.8,3,1
7,1,41,40,38,19,early,0.8,3,1
8,0,242,231,212,131,early,0.8,3,1
8,1,41,40,38,19,early,0.8,3,1
9,0,242,241,222,141,early,0.8,3,1
9,1,41,40,38,19,early,0.8,3,1
10,0,242,242,223,142,early,0.8,3,1
10,1,41,41,38,20,early,0.8,3,1
1,0,228,28,28,28,early,0.8,3,2
1,1,55,0,0,0,early,0.8,3,2
2,0,228,28,28,28,early,0.8,3,2
2,1,55,0,0,0,early,0.8,3,2
3,0,228,61,61,61,early,0.8,3,2
3,1,55,0,0,0,early,0.8,3,2
4,0,228,109,109,109,early,0.8,3,2
4,1,55,0,0,0,early,0.8,3,2
5,0,228,118,113,118,early,0.8,3,2
5,1,55,0,0,0,early,0.8,3,2
6,0,228,179,167,128,early,0.8,3,2
6,1,55,42,37,18,early,0.8,3,2
7,0,228,192,175,128,early,0.8,3,2
7,1,55,44,38,20,early,0.8,3,2
8,0,228,198,179,134,early,0.8,3,2
8,1,55,46,39,21,early,0.8,3,2
9,0,228,198,179,134,early,0.8,3,2
9,1,55,54,45,29,early,0.8,3,2
10,0,228,203,179,134,early,0.8,3,2
10,1,55,55,45,30,early,0.8,3,2
1,0,92,0,0,0,early,0.8,3,3
1,1,190,52,52,52,early,0.8,3,3
2,0,92,4,4,0,early,0.8,3,3
2,1,190,52,52,52,early,0.8,3,3
3,0,92,50,49,0,early,0.8,3,3
3,1,190,133,131,133,early,0.8,3,3
4,0,92,87,78,0,early,0.8,3,3
4,1,190,138,135,138,early,0.8,3,3
5,0,92,87,78,0,early,0.8,3,3
5,1,190,166,153,166,early,0.8,3,3
6,0,92,89,78,0,early,0.8,3,3
6,1,190,166,153,166,early,0.8,3,3
7,0,92,89,78,0,early,0.8,3,3
7,1,190,170,155,170,early,0.8,3,3
8,0,92,89,78,0,early,0.8,3,3
8,1,190,186,169,170,early,0.8,3,3
9,0,92,90,78,0,early,0.8,3,3
9,1,190,186,169,170,early,0.8,3,3
10,0,92,92,78,0,early,0.8,3,3
10,1,190,188,170,170,early,0.8,3,3
1,0,145,0,0,0,early,0.8,3,4
1,1,137,19,19,19,early,0.8,3,4
2,0,145,0,0,0,early,0.8,3,4
2,1,137,19,19,19,early,0.8,3,4
3,0,145,5,5,5,early,0.8,3,4
3,1,137,69,69,69,early,0.8,3,4
4,0,145,9,9,5,early,0.8,3,4
4,1,137,72,72,72,early,0.8,3,4
5,0,145,56,56,30,early,0.8,3,4
5,1,137,102,97,102,early,0.8,3,4
6,0,145,112,108,33,early,0.8,3,4
6,1,137,119,112,119,early,0.8,3,4
7,0,145,120,114,34,early,0.8,3,4
7,1,137,132,113,132,early,0.8,3,4
8,0,145,121,114,34,early,0.8,3,4
8,1,137,132,113,132,early,0.8,3,4
9,0,145,122,114,34,early,0.8,3,4
9,1,137,133,113,133,early,0.8,3,4
10,0,145,123,114,34,early,0.8,3,4
10,1,137,133,113,133,early,0.8,3,4
1,0,214,0,0,0,early,0.8,4,0
1,1,69,0,0,0,early,0.8,4,0
2,0,214,0,0,0,early,0.8,4,0
2,1,69,0,0,0,early,0.8,4,0
3,0,214,41,41,41,early,0.8,4,0
3,1,69,7,7,7,early,0.8,4,0
4,0,214,71,71,71,early,0.8,4,0
4,1,69,11,11,11,early,0.8,4,0
5,0,214,89,88,85,early,0.8,4,0
5,1,69,37,34,37,early,0.8,4,0
6,0,214,188,179,89,early,0.8,4,0
6,1,69,64,57,60,early,0.8,4,0
7,0,214,200,189,101,early,0.8,4,0
7,1,69,68,58,64,early,0.8,4,0
8,0,214,208,191,101,early,0.8,4,0
8,1,69,68,58,64,early,0.8,4,0
9,0,214,210,193,103,early,0.8,4,0
9,1,69,69,58,65,early,0.8,4,0
10,0,214,210,193,103,early,0.8,4,0
10,1,69,69,58,65,early,0.8,4,0
1,0,159,8,8,8,early,0.8,4,1
1,1,123,0,0,0,early,0.8,4,1
2,0,159,8,8,8,early,0.8,4,1
2,1,123,0,0,0,early,0.8,4,1
3,0,159,8,8,8,early,0.8,4,1
3,1,123,7,7,7,early,0.8,4,1
4,0,159,10,10,10,early,0.8,4,1
4,1,123,34,33,34,early,0.8,4,1
5,0,159,25,25,25,early,0.8,4,1
5,1,123,40,39,40,early,0.8,4,1
6,0,159,133,127,90,early,0.8,4,1
6,1,123,109,103,42,early,0.8,4,1
7,0,159,153,145,110,early,0.8,4,1
7,1,123,113,104,43,early,0.8,4,1
8,0,159,155,147,112,early,0.8,4,1
8,1,123,116,105,43,early,0.8,4,1
9,0,159,157,149,114,early,0.8,4,1
9,1,123,118,107,45,early,0.8,4,1
10,0,159,157,149,114,early,0.8,4,1
10,1,123,122,109,45,early,0.8,4,1
1,0,154,1,1,1,early,0.8,4,2
1,1,128,0,0,0,early,0.8,4,2
2,0,154,1,1,1,early,0.8,4,2
2,1,128,0,0,0,early,0.8,4,2
3,0,154,154,148,154,early,0.8,4,2
3,1,128,0,0,0,early,0.8,4,2
4,0,154,154,148,154,early,0.8,4,2
4,1,128,78,76,0,early,0.8,4,2
5,0,154,154,148,154,early,0.8,4,2
5,1,128,96,94,12,early,0.8,4,2
6,0,154,154,148,154,early,0.8,4,2
6,1,128,114,108,12,early,0.8,4,2
7,0,154,154,148,154,early,0.8,4,2
7,1,128,117,111,12,early,0.8,4,2
8,0,154,154,148,154,early,0.8,4,2
8,1,128,118,111,12,early,0.8,4,2
9,0,154,154,148,154,early,0.8,4,2
9,1,128,118,111,12,early,0.8,4,2
10,0,154,154,148,154,early,0.8,4,2
10,1,128,118,111,12,early,0.8,4,2
1,0,253,10,10,10,early,0.8,4,3
1,1,30,0,0,0,early,0.8,4,3
2,0,253,10,10,10,early,0.8,4,3
2,1,30,0,0,0,early,0.8,4,3
3,0,253,60,60,60,early,0.8,4,3
3,1,30,0,0,0,early,0.8,4,3
4,0,253,103,102,103,early,0.8,4,3
4,1,30,4,3,4,early,0.8,4,3
5,0,253,106,105,103,early,0.8,4,3
5,1,30,12,10,12,early,0.8,4,3
6,0,253,144,143,115,early,0.8,4,3
6,1,30,28,22,28,early,0.8,4,3
7,0,253,175,173,120,early,0.8,4,3
7,1,30,29,23,29,early,0.8,4,3
8,0,253,201,198,128,early,0.8,4,3
8,1,30,30,24,30,early,0.8,4,3
9,0,253,216,205,139,early,0.8,4,3
9,1,30,30,24,30,early,0.8,4,3
10,0,253,221,209,144,early,0.8,4,3
10,1,30,30,24,30,early,0.8,4,3
1,0,243,0,0,0,early,0.8,4,4
1,1,39,0,0,0,early,0.8,4,4
2,0,243,0,0,0,early,0.8,4,4
2,1,39,0,0,0,early,0.8,4,4
3,0,243,67,67,67,early,0.8,4,4
3,1,39,14,14,14,early,0.8,4,4
4,0,243,87,87,87,early,0.8,4,4
4,1,39,22,22,22,early,0.8,4,4
5,0,243,124,118,121,early,0.8,4,4
5,1,39,35,32,35,early,0.8,4,4
6,0,243,204,191,126,early,0.8,4,4
6,1,39,39,35,39,early,0.8,4,4
7,0,243,206,193,128,early,0.8,4,4
7,1,39,39,35,39,early,0.8,4,4
8,0,243,225,207,128,early,0.8,4,4
8,1,39,39,35,39,early,0.8,4,4
9,0,243,225,207,128,early,0.8,4,4
9,1,39,39,35,39,early,0.8,4,4
10,0,243,242,214,128,early,0.8,4,4
10,1,39,39,35,39,early,0.8,4,4
1,0,60,0,0,0,early,0.8,5,0
1,1,221,0,0,0,early,0.8,5,0
2,0,60,3,3,0,early,0.8,5,0
2,1,221,0,0,0,early,0.8,5,0
3,0,60,23,23,0,early,0.8,5,0
3,1,221,85,85,85,early,0.8,5,0
4,0,60,48,47,0,early,0.8,5,0
4,1,221,87,87,87,early,0.8,5,0
5,0,60,50,49,0,early,0.8,5,0
5,1,221,150,147,150,early,0.8,5,0
6,0,60,51,49,0,early,0.8,5,0
6,1,221,178,175,154,early,0.8,5,0
7,0,60,51,49,0,early,0.8,5,0
7,1,221,194,191,154,early,0.8,5,0
8,0,60,52,49,0,early,0.8,5,0
8,1,221,200,193,158,early,0.8,5,0
9,0,60,52,49,0,early,0.8,5,0
9,1,221,208,196,158,early,0.8,5,0
10,0,60,52,49,0,early,0.8,5,0
10,1,221,216,201,166,early,0.8,5,0
1,0,93,0,0,0,early,0.8,5,1
1,1,189,0,0,0,early,0.8,5,1
2,0,93,0,0,0,early,0.8,5,1
2,1,189,0,0,0,early,0.8,5,1
3,0,93,8,8,4,early,0.8,5,1
3,1,189,55,55,55,early,0.8,5,1
4,0,93,47,40,23,early,0.8,5,1
4,1,189,84,81,62,early,0.8,5,1
5,0,93,66,51,30,early,0.8,5,1
5,1,189,112,107,62,early,0.8,5,1
6,0,93,84,67,42,early,0.8,5,1
6,1,189,151,140,75,early,0.8,5,1
7,0,93,85,67,42,early,0.8,5,1
7,1,189,158,147,79,early,0.8,5,1
8,0,93,92,70,49,early,0.8,5,1
8,1,189,169,151,80,early,0.8,5,1
9,0,93,93,70,50,early,0.8,5,1
9,1,189,176,158,87,early,0.8,5,1
10,0,93,93,70,50,early,0.8,5,1
10,1,189,178,159,87,early,0.8,5,1
1,0,171,0,0,0,early,0.8,5,2
1,1,111,17,17,17,early,0.8,5,2
2,0,171,0,0,0,early,0.8,5,2
2,1,111,17,17,17,early,0.8,5,2
3,0,171,0,0,0,early,0.8,5,2
3,1,111,111,107,111,early,0.8,5,2
4,0,171,27,27,0,early,0.8,5,2
4,1,111,111,107,111,early,0.8,5,2
5,0,171,61,60,24,early,0.8,5,2
5,1,111,111,107,111,early,0.8,5,2
6,0,171,133,126,24,early,0.8,5,2
6,1,111,111,107,111,early,0.8,5,2
7,0,171,161,153,51,early,0.8,5,2
7,1,111,111,107,111,early,0.8,5,2
8,0,171,167,156,51,early,0.8,5,2
8,1,111,111,107,111,early,0.8,5,2
9,0,171,168,157,52,early,0.8,5,2
9,1,111,111,107,111,early,0.8,5,2
10,0,171,168,157,52,early,0.8,5,2
10,1,111,111,107,111,early,0.8,5,2
1,0,108,0,0,0,early,0.8,5,3
1,1,174,6,6,6,early,0.8,5,3
2,0,108,9,9,0,early,0.8,5,3
2,1,174,6,6,6,early,0.8,5,3
3,0,108,42,41,0,early,0.8,5,3
3,1,174,151,139,151,early,0.8,5,3
4,0,108,91,84,0,early,0.8,5,3
4,1,174,151,139,151,early,0.8,5,3
5,0,108,92,85,1,early,0.8,5,3
5,1,174,162,148,162,early,0.8,5,3
6,0,108,95,87,1,early,0.8,5,3
6,1,174,162,148,162,early,0.8,5,3
7,0,108,95,87,1,early,0.8,5,3
7,1,174,162,148,162,early,0.8,5,3
8,0,108,95,87,1,early,0.8,5,3
8,1,174,171,155,162,early,0.8,5,3
9,0,108,95,87,1,early,0.8,5,3
9,1,174,171,155,162,early,0.8,5,3
10,0,108,95,87,1,early,0.8,5,3
10,1,174,173,156,162,early,0.8,5,3
1,0,215,1,1,1,early,0.8,5,4
1,1,68,0,0,0,early,0.8,5,4
2,0,215,1,1,1,early,0.8,5,4
2,1,68,0,0,0,early,0.8,5,4
3,0,215,10,10,10,early,0.8,5,4
3,1,68,1,1,1,early,0.8,5,4
4,0,215,60,60,60,early,0.8,5,4
4,1,68,1,1,1,early,0.8,5,4
5,0,215,88,88,88,early,0.8,5,4
5,1,68,4,3,4,early,0.8,5,4
6,0,215,156,152,93,early,0.8,5,4
6,1,68,31,26,29,early,0.8,5,4
7,0,215,164,160,101,early,0.8,5,4
7,1,68,50,43,48,early,0.8,5,4
8,0,215,189,183,102,early,0.8,5,4
8,1,68,52,43,50,early,0.8,5,4
9,0,215,198,190,111,early,0.8,5,4
9,1,68,55,45,53,early,0.8,5,4
10,0,215,201,190,111,early,0.8,5,4
10,1,68,58,48,53,early,0.8,5,4
1,0,187,0,0,0,early,0.8,6,0
1,1,95,0,0,0,early,0.8,6,0
2,0,187,0,0,0,early,0.8,6,0
2,1,95,0,0,0,early,0.8,6,0
3,0,187,15,15,15,early,0.8,6,0
3,1,95,6,6,6,early,0.8,6,0
4,0,187,41,41,40,early,0.8,6,0
4,1,95,6,6,6,early,0.8,6,0
5,0,187,85,82,72,early,0.8,6,0
5,1,95,83,74,83,early,0.8,6,0
6,0,187,169,154,72,early,0.8,6,0
6,1,95,84,75,84,early,0.8,6,0
7,0,187,176,159,79,early,0.8,6,0
7,1,95,86,76,86,early,0.8,6,0
8,0,187,182,161,79,early,0.8,6,0
8,1,95,86,76,86,early,0.8,6,0
9,0,187,184,163,81,early,0.8,6,0
9,1,95,89,77,89,early,0.8,6,0
10,0,187,186,163,81,early,0.8,6,0
10,1,95,89,77,89,early,0.8,6,0
1,0,99,0,0,0,early,0.8,6,1
1,1,183,8,8,8,early,0.8,6,1
2,0,99,0,0,0,early,0.8,6,1
2,1,183,8,8,8,early,0.8,6,1
3,0,99,45,44,0,early,0.8,6,1
3,1,183,165,152,165,early,0.8,6,1
4,0,99,96,90,0,early,0.8,6,1
4,1,183,165,152,165,early,0.8,6,1
5,0,99,98,92,0,early,0.8,6,1
5,1,183,181,166,181,early,0.8,6,1
6,0,99,99,92,0,early,0.8,6,1
6,1,183,181,166,181,early,0.8,6,1
7,0,99,99,92,0,early,0.8,6,1
7,1,183,181,166,181,early,0.8,6,1
8,0,99,99,92,0,early,0.8,6,1
8,1,183,181,166,181,early,0.8,6,1
9,0,99,99,92,0,early,0.8,6,1
9,1,183,181,166,181,early,0.8,6,1
10,0,99,99,92,0,early,0.8,6,1
10,1,183,181,166,181,early,0.8,6,1
1,0,166,3,3,3,early,0.8,6,2
1,1,116,0,0,0,early,0.8,6,2
2,0,166,12,12,12,early,0.8,6,2
2,1,116,70,69,0,early,0.8,6,2
3,0,166,166,159,166,early,0.8,6,2
3,1,116,98,95,0,early,0.8,6,2
4,0,166,166,159,166,early,0.8,6,2
4,1,116,102,99,0,early,0.8,6,2
5,0,166,166,159,166,early,0.8,6,2
5,1,116,103,99,0,early,0.8,6,2
6,0,166,166,159,166,early,0.8,6,2
6,1,116,106,102,0,early,0.8,6,2
7,0,166,166,159,166,early,0.8,6,2
7,1,116,106,102,0,early,0.8,6,2
8,0,166,166,159,166,early,0.8,6,2
8,1,116,106,102,0,early,0.8,6,2
9,0,166,166,159,166,early,0.8,6,2
9,1,116,106,102,0,early,0.8,6,2
10,0,166,166,159,166,early,0.8,6,2
10,1,116,106,102,0,early,0.8,6,2
1,0,224,0,0,0,early,0.8,6,3
1,1,58,0,0,0,early,0.8,6,3
2,0,224,0,0,0,early,0.8,6,3
2,1,58,0,0,0,early,0.8,6,3
3,0,224,18,18,18,early,0.8,6,3
3,1,58,44,43,44,early,0.8,6,3
4,0,224,55,55,55,early,0.8,6,3
4,1,58,57,54,57,early,0.8,6,3
5,0,224,65,65,65,early,0.8,6,3
5,1,58,58,54,58,early,0.8,6,3
6,0,224,179,167,66,early,0.8,6,3
6,1,58,58,54,58,early,0.8,6,3
7,0,224,197,184,84,early,0.8,6,3
7,1,58,58,54,58,early,0.8,6,3
8,0,224,201,184,84,early,0.8,6,3
8,1,58,58,54,58,early,0.8,6,3
9,0,224,219,201,102,early,0.8,6,3
9,1,58,58,54,58,early,0.8,6,3
10,0,224,219,201,102,early,0.8,6,3
10,1,58,58,54,58,early,0.8,6,3
1,0,71,0,0,0,early,0.8,6,4
1,1,212,0,0,0,early,0.8,6,4
2,0,71,0,0,0,early,0.8,6,4
2,1,212,0,0,0,early,0.8,6,4
3,0,71,8,8,0,early,0.8,6,4
3,1,212,0,0,0,early,0.8,6,4
4,0,71,16,14,1,early,0.8,6,4
4,1,212,6,6,0,early,0.8,6,4
5,0,71,34,32,15,early,0.8,6,4
5,1,212,59,54,30,early,0.8,6,4
6,0,71,58,55,30,early,0.8,6,4
6,1,212,154,144,99,early,0.8,6,4
7,0,71,60,57,32,early,0.8,6,4
7,1,212,170,158,115,early,0.8,6,4
8,0,71,68,60,40,early,0.8,6,4
8,1,212,186,172,117,early,0.8,6,4
9,0,71,69,60,41,early,0.8,6,4
9,1,212,192,176,123,early,0.8,6,4
10,0,71,69,60,41,early,0.8,6,4
10,1,212,192,176,123,early,0.8,6,4
1,0,148,0,0,0,early,0.8,7,0
1,1,135,0,0,0,early,0.8,7,0
2,0,148,0,0,0,early,0.8,7,0
2,1,135,0,0,0,early,0.8,7,0
3,0,148,0,0,0,early,0.8,7,0
3,1,135,14,14,14,early,0.8,7,0
4,0,148,29,29,29,early,0.8,7,0
4,1,135,68,63,29,early,0.8,7,0
5,0,148,96,96,96,early,0.8,7,0
5,1,135,71,66,32,early,0.8,7,0
6,0,148,111,111,100,early,0.8,7,0
6,1,135,116,100,33,early,0.8,7,0
7,0,148,121,115,110,early,0.8,7,0
7,1,135,119,102,36,early,0.8,7,0
8,0,148,121,115,110,early,0.8,7,0
8,1,135,123,103,36,early,0.8,7,0
9,0,148,135,118,124,early,0.8,7,0
9,1,135,131,111,44,early,0.8,7,0
10,0,148,135,118,124,early,0.8,7,0
10,1,135,132,111,44,early,0.8,7,0
1,0,198,0,0,0,early,0.8,7,1
1,1,85,0,0,0,early,0.8,7,1
2,0,198,0,0,0,early,0.8,7,1
2,1,85,0,0,0,early,0.8,7,1
3,0,198,21,21,21,early,0.8,7,1
3,1,85,0,0,0,early,0.8,7,1
4,0,198,67,67,67,early,0.8,7,1
4,1,85,13,13,13,early,0.8,7,1
5,0,198,84,83,84,early,0.8,7,1
5,1,85,30,29,30,early,0.8,7,1
6,0,198,165,155,86,early,0.8,7,1
6,1,85,73,66,46,early,0.8,7,1
7,0,198,183,165,86,early,0.8,7,1
7,1,85,75,67,48,early,0.8,7,1
8,0,198,183,165,86,early,0.8,7,1
8,1,85,83,71,48,early,0.8,7,1
9,0,198,189,171,92,early,0.8,7,1
9,1,85,85,71,48,early,0.8,7,1
10,0,198,189,171,92,early,0.8,7,1
10,1,85,85,71,48,early,0.8,7,1
1,0,206,0,0,0,early,0.8,7,2
1,1,76,0,0,0,early,0.8,7,2
2,0,206,0,0,0,early,0.8,7,2
2,1,76,0,0,0,early,0.8,7,2
3,0,206,118,118,118,early,0.8,7,2
3,1,76,0,0,0,early,0.8,7,2
4,0,206,137,135,137,early,0.8,7,2
4,1,76,23,23,0,early,0.8,7,2
5,0,206,143,141,139,early,0.8,7,2
5,1,76,59,57,0,early,0.8,7,2
6,0,206,175,162,171,early,0.8,7,2
6,1,76,69,65,0,early,0.8,7,2
7,0,206,186,170,171,early,0.8,7,2
7,1,76,69,65,0,early,0.8,7,2
8,0,206,204,171,189,early,0.8,7,2
8,1,76,69,65,0,early,0.8,7,2
9,0,206,204,171,189,early,0.8,7,2
9,1,76,69,65,0,early,0.8,7,2
10,0,206,204,171,189,early,0.8,7,2
10,1,76,69,65,0,early,0.8,7,2
1,0,173,32,32,32,early,0.8,7,3
1,1,110,0,0,0,early,0.8,7,3
2,0,173,32,32,32,early,0.8,7,3
2,1,110,0,0,0,early,0.8,7,3
3,0,173,131,127,131,early,0.8,7,3
3,1,110,9,9,9,early,0.8,7,3
4,0,173,144,134,144,early,0.8,7,3
4,1,110,64,63,9,early,0.8,7,3
5,0,173,144,134,144,early,0.8,7,3
5,1,110,82,79,9,early,0.8,7,3
6,0,173,148,136,148,early,0.8,7,3
6,1,110,82,79,9,early,0.8,7,3
7,0,173,148,136,148,early,0.8,7,3
7,1,110,90,83,9,early,0.8,7,3
8,0,173,157,138,157,early,0.8,7,3
8,1,110,90,83,9,early,0.8,7,3
9,0,173,157,138,157,early,0.8,7,3
9,1,110,92,83,9,early,0.8,7,3
10,0,173,160,138,160,early,0.8,7,3
10,1,110,96,87,13,early,0.8,7,3
1,0,169,13,13,13,early,0.8,7,4
1,1,113,0,0,0,early,0.8,7,4
2,0,169,19,19,19,early,0.8,7,4
2,1,113,5,5,0,early,0.8,7,4
3,0,169,168,155,168,early,0.8,7,4
3,1,113,52,48,0,early,0.8,7,4
4,0,169,168,155,168,early,0.8,7,4
4,1,113,99,92,0,early,0.8,7,4
5,0,169,169,155,169,early,0.8,7,4
5,1,113,99,92,0,early,0.8,7,4
6,0,169,169,155,169,early,0.8,7,4
6,1,113,100,93,0,early,0.8,7,4
7,0,169,169,155,169,early,0.8,7,4
7,1,113,101,93,0,early,0.8,7,4
8,0,169,169,155,169,early,0.8,7,4
8,1,113,101,93,0,early,0.8,7,4
9,0,169,169,155,169,early,0.8,7,4
9,1,113,103,95,0,early,0.8,7,4
10,0,169,169,155,169,early,0.8,7,4
10,1,113,103,95,0,early,0.8,7,4
1,0,151,3,3,3,early,0.8,8,0
1,1,132,0,0,0,early,0.8,8,0
2,0,151,3,3,3,early,0.8,8,0
2,1,132,0,0,0,early,0.8,8,0
3,0,151,62,62,62,early,0.8,8,0
3,1,132,5,5,5,early,0.8,8,0
4,0,151,62,62,62,early,0.8,8,0
4,1,132,19,19,16,early,0.8,8,0
5,0,151,89,89,89,early,0.8,8,0
5,1,132,47,46,44,early,0.8,8,0
6,0,151,111,108,103,early,0.8,8,0
6,1,132,111,98,44,early,0.8,8,0
7,0,151,124,110,116,early,0.8,8,0
7,1,132,113,100,46,early,0.8,8,0
8,0,151,132,118,116,early,0.8,8,0
8,1,132,125,107,46,early,0.8,8,0
9,0,151,148,120,132,early,0.8,8,0
9,1,132,128,110,49,early,0.8,8,0
10,0,151,151,122,132,early,0.8,8,0
10,1,132,128,110,49,early,0.8,8,0
1,0,42,0,0,0,early,0.8,8,1
1,1,241,0,0,0,early,0.8,8,1
2,0,42,10,10,0,early,0.8,8,1
2,1,241,0,0,0,early,0.8,8,1
3,0,42,16,14,0,early,0.8,8,1
3,1,241,74,74,74,early,0.8,8,1
4,0,42,20,17,0,early,0.8,8,1
4,1,241,126,125,91,early,0.8,8,1
5,0,42,25,20,0,early,0.8,8,1
5,1,241,168,165,132,early,0.8,8,1
6,0,42,31,26,0,early,0.8,8,1
6,1,241,211,204,156,early,0.8,8,1
7,0,42,40,33,0,early,0.8,8,1
7,1,241,223,212,168,early,0.8,8,1
8,0,42,40,33,0,early,0.8,8,1
8,1,241,233,219,168,early,0.8,8,1
9,0,42,40,33,0,early,0.8,8,1
9,1,241,241,220,176,early,0.8,8,1
10,0,42,41,33,0,early,0.8,8,1
10,1,241,241,220,176,early,0.8,8,1
1,0,121,0,0,0,early,0.8,8,2
1,1,161,77,77,77,early,0.8,8,2
2,0,121,0,0,0,early,0.8,8,2
2,1,161,77,77,77,early,0.8,8,2
3,0,121,24,24,3,early,0.8,8,2
3,1,161,150,142,150,early,0.8,8,2
4,0,121,88,85,3,early,0.8,8,2
4,1,161,150,142,150,early,0.8,8,2
5,0,121,92,89,5,early,0.8,8,2
5,1,161,161,150,161,early,0.8,8,2
6,0,121,108,101,5,early,0.8,8,2
6,1,161,161,150,161,early,0.8,8,2
7,0,121,110,102,5,early,0.8,8,2
7,1,161,161,150,161,early,0.8,8,2
8,0,121,112,103,5,early,0.8,8,2
8,1,161,161,150,161,early,0.8,8,2
9,0,121,112,103,5,early,0.8,8,2
9,1,161,161,150,161,early,0.8,8,2
10,0,121,112,103,5,early,0.8,8,2
10,1,161,161,150,161,early,0.8,8,2
1,0,120,55,52,55,early,0.8,8,3
1,1,162,0,0,0,early,0.8,8,3
2,0,120,55,52,55,early,0.8,8,3
2,1,162,0,0,0,early,0.8,8,3
3,0,120,119,114,119,early,0.8,8,3
3,1,162,0,0,0,early,0.8,8,3
4,0,120,119,114,119,early,0.8,8,3
4,1,162,58,54,0,early,0.8,8,3
5,0,120,120,114,120,early,0.8,8,3
5,1,162,81,77,23,early,0.8,8,3
6,0,120,120,114,120,early,0.8,8,3
6,1,162,141,124,23,early,0.8,8,3
7,0,120,120,114,120,early,0.8,8,3
7,1,162,151,134,32,early,0.8,8,3
8,0,120,120,114,120,early,0.8,8,3
8,1,162,153,134,32,early,0.8,8,3
9,0,120,120,114,120,early,0.8,8,3
9,1,162,153,134,32,early,0.8,8,3
10,0,120,120,114,120,early,0.8,8,3
10,1,162,153,134,32,early,0.8,8,3
1,0,176,0,0,0,early,0.8,8,4
1,1,107,0,0,0,early,0.8,8,4
2,0,176,0,0,0,early,0.8,8,4
2,1,107,0,0,0,early,0.8,8,4
3,0,176,5,4,0,early,0.8,8,4
3,1,107,0,0,0,early,0.8,8,4
4,0,176,32,28,11,early,0.8,8,4
4,1,107,4,4,3,early,0.8,8,4
5,0,176,104,100,81,early,0.8,8,4
5,1,107,32,32,31,early,0.8,8,4
6,0,176,156,143,111,early,0.8,8,4
6,1,107,80,73,32,early,0.8,8,4
7,0,176,168,149,123,early,0.8,8,4
7,1,107,86,79,32,early,0.8,8,4
8,0,176,171,149,123,early,0.8,8,4
8,1,107,90,81,33,early,0.8,8,4
9,0,176,176,152,128,early,0.8,8,4
9,1,107,98,89,34,early,0.8,8,4
10,0,176,176,152,128,early,0.8,8,4
10,1,107,103,90,34,early,0.8,8,4
1,0,190,0,0,0,early,0.8,9,0
1,1,93,1,1,1,early,0.8,9,0
2,0,190,0,0,0,early,0.8,9,0
2,1,93,1,1,1,early,0.8,9,0
3,0,190,23,23,23,early,0.8,9,0
3,1,93,81,80,81,early,0.8,9,0
4,0,190,62,61,25,early,0.8,9,0
4,1,93,81,80,81,early,0.8,9,0
5,0,190,92,90,55,early,0.8,9,0
5,1,93,93,85,93,early,0.8,9,0
6,0,190,160,152,55,early,0.8,9,0
6,1,93,93,85,93,early,0.8,9,0
7,0,190,163,155,58,early,0.8,9,0
7,1,93,93,85,93,early,0.8,9,0
8,0,190,169,156,58,early,0.8,9,0
8,1,93,93,85,93,early,0.8,9,0
9,0,190,175,162,64,early,0.8,9,0
9,1,93,93,85,93,early,0.8,9,0
10,0,190,179,162,64,early,0.8,9,0
10,1,93,93,85,93,early,0.8,9,0
1,0,100,0,0,0,early,0.8,9,1
1,1,182,0,0,0,early,0.8,9,1
2,0,100,0,0,0,early,0.8,9,1
2,1,182,0,0,0,early,0.8,9,1
3,0,100,6,6,6,early,0.8,9,1
3,1,182,64,64,58,early,0.8,9,1
4,0,100,44,44,44,early,0.8,9,1
4,1,182,117,110,111,early,0.8,9,1
5,0,100,44,44,44,early,0.8,9,1
5,1,182,121,112,113,early,0.8,9,1
6,0,100,86,82,45,early,0.8,9,1
6,1,182,154,142,113,early,0.8,9,1
7,0,100,91,85,50,early,0.8,9,1
7,1,182,159,146,114,early,0.8,9,1
8,0,100,98,88,57,early,0.8,9,1
8,1,182,164,150,114,early,0.8,9,1
9,0,100,99,89,58,early,0.8,9,1
9,1,182,169,153,114,early,0.8,9,1
10,0,100,99,89,58,early,0.8,9,1
10,1,182,171,155,116,early,0.8,9,1
1,0,162,1,1,1,early,0.8,9,2
1,1,120,0,0,0,early,0.8,9,2
2,0,162,1,1,1,early,0.8,9,2
2,1,120,0,0,0,early,0.8,9,2
3,0,162,83,80,83,early,0.8,9,2
3,1,120,36,35,4,early,0.8,9,2
4,0,162,85,82,85,early,0.8,9,2
4,1,120,45,41,4,early,0.8,9,2
5,0,162,128,116,128,early,0.8,9,2
5,1,120,92,78,51,early,0.8,9,2
6,0,162,139,127,128,early,0.8,9,2
6,1,120,97,83,51,early,0.8,9,2
7,0,162,139,127,128,early,0.8,9,2
7,1,120,105,85,57,early,0.8,9,2
8,0,162,157,139,128,early,0.8,9,2
8,1,120,111,85,63,early,0.8,9,2
9,0,162,157,139,128,early,0.8,9,2
9,1,120,117,85,69,early,0.8,9,2
10,0,162,157,139,128,early,0.8,9,2
10,1,120,117,85,69,early,0.8,9,2
1,0,272,3,3,3,early,0.8,9,3
1,1,10,0,0,0,early,0.8,9,3
2,0,272,3,3,3,early,0.8,9,3
2,1,10,0,0,0,early,0.8,9,3
3,0,272,14,14,14,early,0.8,9,3
3,1,10,0,0,0,early,0.8,9,3
4,0,272,85,85,85,early,0.8,9,3
4,1,10,0,0,0,early,0.8,9,3
5,0,272,118,118,118,early,0.8,9,3
5,1,10,0,0,0,early,0.8,9,3
6,0,272,162,159,135,early,0.8,9,3
6,1,10,0,0,0,early,0.8,9,3
7,0,272,191,177,164,early,0.8,9,3
7,1,10,0,0,0,early,0.8,9,3
8,0,272,233,217,173,early,0.8,9,3
8,1,10,0,0,0,early,0.8,9,3
9,0,272,243,226,174,early,0.8,9,3
9,1,10,1,1,1,early,0.8,9,3
10,0,272,249,232,174,early,0.8,9,3
10,1,10,1,1,1,early,0.8,9,3
1,0,256,0,0,0,early,0.8,9,4
1,1,26,0,0,0,early,0.8,9,4
2,0,256,0,0,0,early,0.8,9,4
2,1,26,0,0,0,early,0.8,9,4
3,0,256,42,40,42,early,0.8,9,4
3,1,26,6,6,0,early,0.8,9,4
4,0,256,142,137,142,early,0.8,9,4
4,1,26,18,14,0,early,0.8,9,4
5,0,256,159,146,159,early,0.8,9,4
5,1,26,25,21,0,early,0.8,9,4
6,0,256,211,192,159,early,0.8,9,4
6,1,26,26,22,0,early,0.8,9,4
7,0,256,225,204,159,early,0.8,9,4
7,1,26,26,22,0,early,0.8,9,4
8,0,256,246,215,159,early,0.8,9,4
8,1,26,26,22,0,early,0.8,9,4
9,0,256,255,218,159,early,0.8,9,4
9,1,26,26,22,0,early,0.8,9,4
10,0,256,255,218,159,early,0.8,9,4
10,1,26,26,22,0,early,0.8,9,4
1,0,76,19,19,19,gdm_diag,0.1,0,1
1,1,37,11,11,11,gdm_diag,0.1,0,1
1,2,126,0,0,0,gdm_diag,0.1,0,1
2,0,76,20,20,19,gdm_diag,0.1,0,1
2,1,37,26,26,26,gdm_diag,0.1,0,1
2,2,126,28,28,0,gdm_diag,0.1,0,1
3,0,76,36,35,25,gdm_diag,0.1,0,1
3,1,37,30,30,30,gdm_diag,0.1,0,1
3,2,126,84,83,0,gdm_diag,0.1,0,1
4,0,76,44,43,27,gdm_diag,0.1,0,1
4,1,37,31,30,31,gdm_diag,0.1,0,1
4,2,126,96,95,0,gdm_diag,0.1,0,1
5,0,76,59,57,38,gdm_diag,0.1,0,1
5,1,37,32,30,32,gdm_diag,0.1,0,1
5,2,126,104,103,7,gdm_diag,0.1,0,1
6,0,76,71,69,38,gdm_diag,0.1,0,1
6,1,37,33,30,33,gdm_diag,0.1,0,1
6,2,126,104,103,7,gdm_diag,0.1,0,1
7,0,76,72,70,39,gdm_diag,0.1,0,1
7,1,37,34,30,34,gdm_diag,0.1,0,1
7,2,126,117,116,20,gdm_diag,0.1,0,1
8,0,76,75,72,39,gdm_diag,0.1,0,1
8,1,37,34,30,34,gdm_diag,0.1,0,1
8,2,126,117,116,20,gdm_diag,0.1,0,1
9,0,76,75,72,39,gdm_diag,0.1,0,1
9,1,37,34,30,34,gdm_diag,0.1,0,1
9,2,126,122,120,25,gdm_diag,0.1,0,1
10,0,76,76,72,40,gdm_diag,0.1,0,1
10,1,37,34,30,34,gdm_diag,0.1,0,1
10,2,126,122,120,25,gdm_diag,0.1,0,1
1,0,32,0,0,0,gdm_diag,0.1,0,0
1,1,145,22,22,22,gdm_diag,0.1,0,0
1,2,62,17,16,17,gdm_diag,0.1,0,0
2,0,32,17,17,0,gdm_diag,0.1,0,0
2,1,145,31,31,22,gdm_diag,0.1,0,0
2,2,62,18,17,17,gdm_diag,0.1,0,0
3,0,32,28,28,0,gdm_diag,0.1,0,0
3,1,145,73,73,23,gdm_diag,0.1,0,0
3,2,62,39,38,26,gdm_diag,0.1,0,0
4,0,32,29,29,0,gdm_diag,0.1,0,0
4,1,145,101,100,23,gdm_diag,0.1,0,0
4,2,62,41,40,28,gdm_diag,0.1,0,0
5,0,32,30,30,0,gdm_diag,0.1,0,0
5,1,145,123,122,40,gdm_diag,0.1,0,0
5,2,62,47,46,31,gdm_diag,0.1,0,0
6,0,32,31,30,0,gdm_diag,0.1,0,0
6,1,145,123,122,40,gdm_diag,0.1,0,0
6,2,62,50,49,31,gdm_diag,0.1,0,0
7,0,32,31,30,0,gdm_diag,0.1,0,0
7,1,145,123,122,40,gdm_diag,0.1,0,0
7,2,62,54,53,31,gdm_diag,0.1,0,0
8,0,32,31,30,0,gdm_diag,0.1,0,0
8,1,145,127,125,42,gdm_diag,0.1,0,0
8,2,62,54,53,31,gdm_diag,0.1,0,0
9,0,32,31,30,0,gdm_diag,0.1,0,0
9,1,145,138,135,53,gdm_diag,0.1,0,0
9,2,62,56,55,31,gdm_diag,0.1,0,0
10,0,32,31,30,0,gdm_diag,0.1,0,0
10,1,145,139,136,53,gdm_diag,0.1,0,0
10,2,62,56,55,31,gdm_diag,0.1,0,0
1,0,167,27,27,27,gdm_diag,0.1,0,2
1,1,26,14,14,14,gdm_diag,0.1,0,2
1,2,46,0,0,0,gdm_diag,0.1,0,2
2,0,167,47,47,27,gdm_diag,0.1,0,2
2,1,26,24,24,24,gdm_diag,0.1,0,2
2,2,46,26,26,0,gdm_diag,0.1,0,2
3,0,167,95,95,28,gdm_diag,0.1,0,2
3,1,26,25,24,25,gdm_diag,0.1,0,2
3,2,46,44,44,0,gdm_diag,0.1,0,2
4,0,167,114,113,28,gdm_diag,0.1,0,2
4,1,26,26,24,26,gdm_diag,0.1,0,2
4,2,46,44,44,0,gdm_diag,0.1,0,2
5,0,167,144,139,52,gdm_diag,0.1,0,2
5,1,26,26,24,26,gdm_diag,0.1,0,2
5,2,46,44,44,0,gdm_diag,0.1,0,2
6,0,167,148,143,52,gdm_diag,0.1,0,2
6,1,26,26,24,26,gdm_diag,0.1,0,2
6,2,46,44,44,0,gdm_diag,0.1,0,2
7,0,167,162,156,66,gdm_diag,0.1,0,2
7,1,26,26,24,26,gdm_diag,0.1,0,2
7,2,46,44,44,0,gdm_diag,0.1,0,2
8,0,167,162,156,66,gdm_diag,0.1,0,2
8,1,26,26,24,26,gdm_diag,0.1,0,2
8,2,46,44,44,0,gdm_diag,0.1,0,2
9,0,167,163,156,66,gdm_diag,0.1,0,2
9,1,26,26,24,26,gdm_diag,0.1,0,2
9,2,46,44,44,0,gdm_diag,0.1,0,2
10,0,167,163,156,66,gdm_diag,0.1,0,2
10,1,26,26,24,26,gdm_diag,0.1,0,2
10,2,46,44,44,0,gdm_diag,0.1,0,2
1,0,145,32,31,32,gdm_diag,0.1,0,3
1,1,27,12,12,12,gdm_diag,0.1,0,3
1,2,67,1,1,0,gdm_diag,0.1,0,3
2,0,145,42,41,32,gdm_diag,0.1,0,3
2,1,27,12,12,12,gdm_diag,0.1,0,3
2,2,67,31,31,0,gdm_diag,0.1,0,3
3,0,145,82,81,40,gdm_diag,0.1,0,3
3,1,27,15,15,15,gdm_diag,0.1,0,3
3,2,67,39,39,0,gdm_diag,0.1,0,3
4,0,145,101,100,40,gdm_diag,0.1,0,3
4,1,27,15,15,15,gdm_diag,0.1,0,3
4,2,67,49,49,0,gdm_diag,0.1,0,3
5,0,145,122,121,58,gdm_diag,0.1,0,3
5,1,27,16,16,16,gdm_diag,0.1,0,3
5,2,67,56,55,7,gdm_diag,0.1,0,3
6,0,145,134,133,59,gdm_diag,0.1,0,3
6,1,27,25,25,16,gdm_diag,0.1,0,3
6,2,67,60,58,7,gdm_diag,0.1,0,3
7,0,145,140,138,59,gdm_diag,0.1,0,3
7,1,27,25,25,16,gdm_diag,0.1,0,3
7,2,67,60,58,7,gdm_diag,0.1,0,3
8,0,145,141,139,59,gdm_diag,0.1,0,3
8,1,27,25,25,16,gdm_diag,0.1,0,3
8,2,67,60,58,7,gdm_diag,0.1,0,3
9,0,145,142,140,60,gdm_diag,0.1,0,3
9,1,27,25,25,16,gdm_diag,0.1,0,3
9,2,67,66,63,13,gdm_diag,0.1,0,3
10,0,145,142,140,60,gdm_diag,0.1,0,3
10,1,27,25,25,16,gdm_diag,0.1,0,3
10,2,67,66,63,13,gdm_diag,0.1,0,3
1,0,91,26,25,26,gdm_diag,0.1,0,4
1,1,10,0,0,0,gdm_diag,0.1,0,4
1,2,139,19,19,10,gdm_diag,0.1,0,4
2,0,91,29,27,29,gdm_diag,0.1,0,4
2,1,10,0,0,0,gdm_diag,0.1,0,4
2,2,139,32,32,10,gdm_diag,0.1,0,4
3,0,91,53,50,47,gdm_diag,0.1,0,4
3,1,10,6,6,0,gdm_diag,0.1,0,4
3,2,139,91,90,12,gdm_diag,0.1,0,4
4,0,91,65,61,59,gdm_diag,0.1,0,4
4,1,10,6,6,0,gdm_diag,0.1,0,4
4,2,139,108,107,12,gdm_diag,0.1,0,4
5,0,91,83,79,59,gdm_diag,0.1,0,4
5,1,10,9,9,0,gdm_diag,0.1,0,4
5,2,139,111,110,12,gdm_diag,0.1,0,4
6,0,91,84,79,60,gdm_diag,0.1,0,4
6,1,10,9,9,0,gdm_diag,0.1,0,4
6,2,139,131,130,32,gdm_diag,0.1,0,4
7,0,91,86,81,60,gdm_diag,0.1,0,4
7,1,10,9,9,0,gdm_diag,0.1,0,4
7,2,139,131,130,32,gdm_diag,0.1,0,4
8,0,91,86,81,60,gdm_diag,0.1,0,4
8,1,10,9,9,0,gdm_diag,0.1,0,4
8,2,139,138,135,39,gdm_diag,0.1,0,4
9,0,91,87,82,60,gdm_diag,0.1,0,4
9,1,10,9,9,0,gdm_diag,0.1,0,4
9,2,139,138,135,39,gdm_diag,0.1,0,4
10,0,91,87,82,60,gdm_diag,0.1,0,4
10,1,10,9,9,0,gdm_diag,0.1,0,4
10,2,139,138,135,39,gdm_diag,0.1,0,4
1,0,112,0,0,0,gdm_diag,0.1,1,0
1,1,25,10,10,10,gdm_diag,0.1,1,0
1,2,103,18,18,18,gdm_diag,0.1,1,0
2,0,112,38,38,0,gdm_diag,0.1,1,0
2,1,25,24,24,24,gdm_diag,0.1,1,0
2,2,103,30,30,21,gdm_diag,0.1,1,0
3,0,112,65,65,1,gdm_diag,0.1,1,0
3,1,25,25,24,25,gdm_diag,0.1,1,0
3,2,103,57,57,22,gdm_diag,0.1,1,0
4,0,112,95,95,13,gdm_diag,0.1,1,0
4,1,25,25,24,25,gdm_diag,0.1,1,0
4,2,103,77,77,23,gdm_diag,0.1,1,0
5,0,112,101,101,18,gdm_diag,0.1,1,0
5,1,25,25,24,25,gdm_diag,0.1,1,0
5,2,103,83,83,25,gdm_diag,0.1,1,0
6,0,112,107,107,24,gdm_diag,0.1,1,0
6,1,25,25,24,25,gdm_diag,0.1,1,0
6,2,103,91,90,33,gdm_diag,0.1,1,0
7,0,112,107,107,24,gdm_diag,0.1,1,0
7,1,25,25,24,25,gdm_diag,0.1,1,0
7,2,103,100,99,42,gdm_diag,0.1,1,0
8,0,112,107,107,24,gdm_diag,0.1,1,0
8,1,25,25,24,25,gdm_diag,0.1,1,0
8,2,103,101,100,43,gdm_diag,0.1,1,0
9,0,112,107,107,24,gdm_diag,0.1,1,0
9,1,25,25,24,25,gdm_diag,0.1,1,0
9,2,103,101,100,43,gdm_diag,0.1,1,0
10,0,112,110,110,27,gdm_diag,0.1,1,0
10,1,25,25,24,25,gdm_diag,0.1,1,0
10,2,103,101,100,43,gdm_diag,0.1,1,0
1,0,53,10,9,10,gdm_diag,0.1,1,1
1,1,105,16,16,16,gdm_diag,0.1,1,1
1,2,81,17,17,17,gdm_diag,0.1,1,1
2,0,53,10,9,10,gdm_diag,0.1,1,1
2,1,105,17,17,16,gdm_diag,0.1,1,1
2,2,81,18,18,17,gdm_diag,0.1,1,1
3,0,53,18,17,10,gdm_diag,0.1,1,1
3,1,105,32,32,16,gdm_diag,0.1,1,1
3,2,81,51,51,27,gdm_diag,0.1,1,1
4,0,53,28,27,16,gdm_diag,0.1,1,1
4,1,105,45,45,29,gdm_diag,0.1,1,1
4,2,81,69,69,27,gdm_diag,0.1,1,1
5,0,53,41,39,18,gdm_diag,0.1,1,1
5,1,105,65,65,31,gdm_diag,0.1,1,1
5,2,81,70,70,27,gdm_diag,0.1,1,1
6,0,53,51,49,22,gdm_diag,0.1,1,1
6,1,105,96,96,35,gdm_diag,0.1,1,1
6,2,81,77,77,31,gdm_diag,0.1,1,1
7,0,53,51,49,22,gdm_diag,0.1,1,1
7,1,105,100,100,36,gdm_diag,0.1,1,1
7,2,81,77,77,31,gdm_diag,0.1,1,1
8,0,53,51,49,22,gdm_diag,0.1,1,1
8,1,105,100,100,36,gdm_diag,0.1,1,1
8,2,81,78,78,32,gdm_diag,0.1,1,1
9,0,53,53,51,22,gdm_diag,0.1,1,1
9,1,105,103,103,36,gdm_diag,0.1,1,1
9,2,81,81,81,35,gdm_diag,0.1,1,1
10,0,53,53,51,22,gdm_diag,0.1,1,1
10,1,105,104,104,37,gdm_diag,0.1,1,1
10,2,81,81,81,35,gdm_diag,0.1,1,1
1,0,46,9,9,9,gdm_diag,0.1,1,2
1,1,41,0,0,0,gdm_diag,0.1,1,2
1,2,152,20,20,20,gdm_diag,0.1,1,2
2,0,46,10,10,10,gdm_diag,0.1,1,2
2,1,41,2,2,0,gdm_diag,0.1,1,2
2,2,152,37,37,20,gdm_diag,0.1,1,2
3,0,46,24,23,22,gdm_diag,0.1,1,2
3,1,41,6,6,2,gdm_diag,0.1,1,2
3,2,152,55,55,26,gdm_diag,0.1,1,2
4,0,46,37,36,22,gdm_diag,0.1,1,2
4,1,41,13,13,3,gdm_diag,0.1,1,2
4,2,152,99,99,36,gdm_diag,0.1,1,2
5,0,46,43,41,28,gdm_diag,0.1,1,2
5,1,41,20,20,6,gdm_diag,0.1,1,2
5,2,152,111,110,43,gdm_diag,0.1,1,2
6,0,46,45,43,28,gdm_diag,0.1,1,2
6,1,41,36,36,9,gdm_diag,0.1,1,2
6,2,152,140,138,50,gdm_diag,0.1,1,2
7,0,46,46,44,29,gdm_diag,0.1,1,2
7,1,41,38,38,10,gdm_diag,0.1,1,2
7,2,152,144,142,51,gdm_diag,0.1,1,2
8,0,46,46,44,29,gdm_diag,0.1,1,2
8,1,41,40,39,11,gdm_diag,0.1,1,2
8,2,152,146,144,52,gdm_diag,0.1,1,2
9,0,46,46,44,29,gdm_diag,0.1,1,2
9,1,41,41,40,12,gdm_diag,0.1,1,2
9,2,152,147,144,52,gdm_diag,0.1,1,2
10,0,46,46,44,29,gdm_diag,0.1,1,2
10,1,41,41,40,12,gdm_diag,0.1,1,2
10,2,152,149,146,53,gdm_diag,0.1,1,2
1,0,44,15,15,15,gdm_diag,0.1,1,3
1,1,47,0,0,0,gdm_diag,0.1,1,3
1,2,148,10,10,6,gdm_diag,0.1,1,3
2,0,44,42,42,42,gdm_diag,0.1,1,3
2,1,47,15,15,0,gdm_diag,0.1,1,3
2,2,148,15,15,6,gdm_diag,0.1,1,3
3,0,44,44,42,44,gdm_diag,0.1,1,3
3,1,47,32,32,0,gdm_diag,0.1,1,3
3,2,148,86,86,20,gdm_diag,0.1,1,3
4,0,44,44,42,44,gdm_diag,0.1,1,3
4,1,47,37,37,0,gdm_diag,0.1,1,3
4,2,148,101,100,35,gdm_diag,0.1,1,3
5,0,44,44,42,44,gdm_diag,0.1,1,3
5,1,47,40,40,0,gdm_diag,0.1,1,3
5,2,148,135,134,36,gdm_diag,0.1,1,3
6,0,44,44,42,44,gdm_diag,0.1,1,3
6,1,47,40,40,0,gdm_diag,0.1,1,3
6,2,148,142,141,43,gdm_diag,0.1,1,3
7,0,44,44,42,44,gdm_diag,0.1,1,3
7,1,47,41,41,0,gdm_diag,0.1,1,3
7,2,148,145,144,46,gdm_diag,0.1,1,3
8,0,44,44,42,44,gdm_diag,0.1,1,3
8,1,47,41,41,0,gdm_diag,0.1,1,3
8,2,148,145,144,46,gdm_diag,0.1,1,3
9,0,44,44,42,44,gdm_diag,0.1,1,3
9,1,47,41,41,0,gdm_diag,0.1,1,3
9,2,148,147,146,46,gdm_diag,0.1,1,3
10,0,44,44,42,44,gdm_diag,0.1,1,3
10,1,47,41,41,0,gdm_diag,0.1,1,3
10,2,148,147,146,46,gdm_diag,0.1,1,3
1,0,67,5,5,0,gdm_diag,0.1,1,4
1,1,139,38,37,38,gdm_diag,0.1,1,4
1,2,34,3,3,0,gdm_diag,0.1,1,4
2,0,67,35,35,0,gdm_diag,0.1,1,4
2,1,139,45,44,45,gdm_diag,0.1,1,4
2,2,34,3,3,0,gdm_diag,0.1,1,4
3,0,67,54,54,0,gdm_diag,0.1,1,4
3,1,139,90,88,69,gdm_diag,0.1,1,4
3,2,34,16,16,0,gdm_diag,0.1,1,4
4,0,67,60,60,0,gdm_diag,0.1,1,4
4,1,139,101,99,80,gdm_diag,0.1,1,4
4,2,34,16,16,0,gdm_diag,0.1,1,4
5,0,67,60,60,0,gdm_diag,0.1,1,4
5,1,139,114,112,80,gdm_diag,0.1,1,4
5,2,34,23,23,0,gdm_diag,0.1,1,4
6,0,67,60,60,0,gdm_diag,0.1,1,4
6,1,139,115,112,81,gdm_diag,0.1,1,4
6,2,34,25,25,1,gdm_diag,0.1,1,4
7,0,67,60,60,0,gdm_diag,0.1,1,4
7,1,139,130,127,81,gdm_diag,0.1,1,4
7,2,34,26,26,1,gdm_diag,0.1,1,4
8,0,67,60,60,0,gdm_diag,0.1,1,4
8,1,139,132,128,83,gdm_diag,0.1,1,4
8,2,34,28,28,3,gdm_diag,0.1,1,4
9,0,67,60,60,0,gdm_diag,0.1,1,4
9,1,139,135,131,84,gdm_diag,0.1,1,4
9,2,34,32,32,7,gdm_diag,0.1,1,4
10,0,67,60,60,0,gdm_diag,0.1,1,4
10,1,139,135,131,84,gdm_diag,0.1,1,4
10,2,34,32,32,7,gdm_diag,0.1,1,4
1,0,145,0,0,0,gdm_diag,0.1,2,0
1,1,70,31,31,31,gdm_diag,0.1,2,0
1,2,24,0,0,0,gdm_diag,0.1,2,0
2,0,145,54,54,0,gdm_diag,0.1,2,0
2,1,70,68,67,68,gdm_diag,0.1,2,0
2,2,24,1,1,0,gdm_diag,0.1,2,0
3,0,145,99,98,0,gdm_diag,0.1,2,0
3,1,70,68,67,68,gdm_diag,0.1,2,0
3,2,24,5,5,0,gdm_diag,0.1,2,0
4,0,145,122,121,0,gdm_diag,0.1,2,0
4,1,70,70,69,70,gdm_diag,0.1,2,0
4,2,24,11,11,1,gdm_diag,0.1,2,0
5,0,145,125,123,0,gdm_diag,0.1,2,0
5,1,70,70,69,70,gdm_diag,0.1,2,0
5,2,24,15,14,4,gdm_diag,0.1,2,0
6,0,145,126,124,1,gdm_diag,0.1,2,0
6,1,70,70,69,70,gdm_diag,0.1,2,0
6,2,24,23,21,8,gdm_diag,0.1,2,0
7,0,145,130,127,5,gdm_diag,0.1,2,0
7,1,70,70,69,70,gdm_diag,0.1,2,0
7,2,24,24,22,8,gdm_diag,0.1,2,0
8,0,145,130,127,5,gdm_diag,0.1,2,0
8,1,70,70,69,70,gdm_diag,0.1,2,0
8,2,24,24,22,8,gdm_diag,0.1,2,0
9,0,145,131,128,6,gdm_diag,0.1,2,0
9,1,70,70,69,70,gdm_diag,0.1,2,0
9,2,24,24,22,8,gdm_diag,0.1,2,0
10,0,145,131,128,6,gdm_diag,0.1,2,0
10,1,70,70,69,70,gdm_diag,0.1,2,0
10,2,24,24,22,8,gdm_diag,0.1,2,0
1,0,42,6,6,6,gdm_diag,0.1,2,1
1,1,32,0,0,0,gdm_diag,0.1,2,1
1,2,167,17,17,17,gdm_diag,0.1,2,1
2,0,42,8,8,6,gdm_diag,0.1,2,1
2,1,32,0,0,0,gdm_diag,0.1,2,1
2,2,167,30,30,17,gdm_diag,0.1,2,1
3,0,42,12,12,7,gdm_diag,0.1,2,1
3,1,32,10,10,0,gdm_diag,0.1,2,1
3,2,167,85,84,29,gdm_diag,0.1,2,1
4,0,42,26,26,7,gdm_diag,0.1,2,1
4,1,32,18,18,0,gdm_diag,0.1,2,1
4,2,167,112,111,29,gdm_diag,0.1,2,1
5,0,42,30,30,8,gdm_diag,0.1,2,1
5,1,32,25,24,5,gdm_diag,0.1,2,1
5,2,167,156,155,64,gdm_diag,0.1,2,1
6,0,42,37,36,15,gdm_diag,0.1,2,1
6,1,32,30,29,8,gdm_diag,0.1,2,1
6,2,167,157,156,64,gdm_diag,0.1,2,1
7,0,42,38,37,15,gdm_diag,0.1,2,1
7,1,32,31,30,9,gdm_diag,0.1,2,1
7,2,167,163,161,70,gdm_diag,0.1,2,1
8,0,42,39,37,15,gdm_diag,0.1,2,1
8,1,32,31,30,9,gdm_diag,0.1,2,1
8,2,167,163,161,70,gdm_diag,0.1,2,1
9,0,42,40,38,15,gdm_diag,0.1,2,1
9,1,32,31,30,9,gdm_diag,0.1,2,1
9,2,167,165,162,72,gdm_diag,0.1,2,1
10,0,42,40,38,15,gdm_diag,0.1,2,1
10,1,32,31,30,9,gdm_diag,0.1,2,1
10,2,167,166,163,73,gdm_diag,0.1,2,1
1,0,37,19,19,19,gdm_diag,0.1,2,2
1,1,37,12,12,12,gdm_diag,0.1,2,2
1,2,166,4,4,1,gdm_diag,0.1,2,2
2,0,37,33,33,33,gdm_diag,0.1,2,2
2,1,37,19,19,19,gdm_diag,0.1,2,2
2,2,166,64,64,1,gdm_diag,0.1,2,2
3,0,37,36,33,36,gdm_diag,0.1,2,2
3,1,37,26,26,26,gdm_diag,0.1,2,2
3,2,166,121,121,1,gdm_diag,0.1,2,2
4,0,37,37,33,37,gdm_diag,0.1,2,2
4,1,37,28,28,28,gdm_diag,0.1,2,2
4,2,166,132,131,2,gdm_diag,0.1,2,2
5,0,37,37,33,37,gdm_diag,0.1,2,2
5,1,37,28,28,28,gdm_diag,0.1,2,2
5,2,166,136,133,3,gdm_diag,0.1,2,2
6,0,37,37,33,37,gdm_diag,0.1,2,2
6,1,37,31,28,31,gdm_diag,0.1,2,2
6,2,166,141,138,8,gdm_diag,0.1,2,2
7,0,37,37,33,37,gdm_diag,0.1,2,2
7,1,37,31,28,31,gdm_diag,0.1,2,2
7,2,166,142,139,9,gdm_diag,0.1,2,2
8,0,37,37,33,37,gdm_diag,0.1,2,2
8,1,37,37,28,37,gdm_diag,0.1,2,2
8,2,166,155,152,22,gdm_diag,0.1,2,2
9,0,37,37,33,37,gdm_diag,0.1,2,2
9,1,37,37,28,37,gdm_diag,0.1,2,2
9,2,166,157,154,23,gdm_diag,0.1,2,2
10,0,37,37,33,37,gdm_diag,0.1,2,2
10,1,37,37,28,37,gdm_diag,0.1,2,2
10,2,166,162,158,28,gdm_diag,0.1,2,2
1,0,81,0,0,0,gdm_diag,0.1,2,3
1,1,31,6,6,6,gdm_diag,0.1,2,3
1,2,127,30,30,30,gdm_diag,0.1,2,3
2,0,81,40,40,0,gdm_diag,0.1,2,3
2,1,31,6,6,6,gdm_diag,0.1,2,3
2,2,127,30,30,30,gdm_diag,0.1,2,3
3,0,81,72,72,0,gdm_diag,0.1,2,3
3,1,31,16,15,16,gdm_diag,0.1,2,3
3,2,127,66,65,66,gdm_diag,0.1,2,3
4,0,81,75,74,0,gdm_diag,0.1,2,3
4,1,31,24,23,16,gdm_diag,0.1,2,3
4,2,127,93,92,66,gdm_diag,0.1,2,3
5,0,81,76,75,0,gdm_diag,0.1,2,3
5,1,31,25,24,17,gdm_diag,0.1,2,3
5,2,127,97,96,70,gdm_diag,0.1,2,3
6,0,81,76,75,0,gdm_diag,0.1,2,3
6,1,31,29,28,17,gdm_diag,0.1,2,3
6,2,127,115,114,70,gdm_diag,0.1,2,3
7,0,81,76,75,0,gdm_diag,0.1,2,3
7,1,31,29,28,17,gdm_diag,0.1,2,3
7,2,127,117,115,72,gdm_diag,0.1,2,3
8,0,81,76,75,0,gdm_diag,0.1,2,3
8,1,31,29,28,17,gdm_diag,0.1,2,3
8,2,127,121,118,72,gdm_diag,0.1,2,3
9,0,81,76,75,0,gdm_diag,0.1,2,3
9,1,31,29,28,17,gdm_diag,0.1,2,3
9,2,127,121,118,72,gdm_diag,0.1,2,3
10,0,81,76,75,0,gdm_diag,0.1,2,3
10,1,31,29,28,17,gdm_diag,0.1,2,3
10,2,127,123,120,72,gdm_diag,0.1,2,3
1,0,103,64,63,64,gdm_diag,0.1,2,4
1,1,130,28,28,0,gdm_diag,0.1,2,4
1,2,7,0,0,0,gdm_diag,0.1,2,4
2,0,103,78,77,78,gdm_diag,0.1,2,4
2,1,130,81,81,0,gdm_diag,0.1,2,4
2,2,7,0,0,0,gdm_diag,0.1,2,4
3,0,103,81,80,81,gdm_diag,0.1,2,4
3,1,130,105,105,0,gdm_diag,0.1,2,4
3,2,7,0,0,0,gdm_diag,0.1,2,4
4,0,103,87,85,87,gdm_diag,0.1,2,4
4,1,130,122,122,0,gdm_diag,0.1,2,4
4,2,7,2,2,0,gdm_diag,0.1,2,4
5,0,103,94,85,94,gdm_diag,0.1,2,4
5,1,130,122,122,0,gdm_diag,0.1,2,4
5,2,7,6,6,0,gdm_diag,0.1,2,4
6,0,103,94,85,94,gdm_diag,0.1,2,4
6,1,130,122,122,0,gdm_diag,0.1,2,4
6,2,7,6,6,0,gdm_diag,0.1,2,4
7,0,103,99,85,99,gdm_diag,0.1,2,4
7,1,130,122,122,0,gdm_diag,0.1,2,4
7,2,7,6,6,0,gdm_diag,0.1,2,4
8,0,103,101,85,101,gdm_diag,0.1,2,4
8,1,130,122,122,0,gdm_diag,0.1,2,4
8,2,7,6,6,0,gdm_diag,0.1,2,4
9,0,103,102,85,102,gdm_diag,0.1,2,4
9,1,130,122,122,0,gdm_diag,0.1,2,4
9,2,7,6,6,0,gdm_diag,0.1,2,4
10,0,103,103,85,103,gdm_diag,0.1,2,4
10,1,130,122,122,0,gdm_diag,0.1,2,4
10,2,7,6,6,0,gdm_diag,0.1,2,4
1,0,95,0,0,0,gdm_diag,0.3,0,0
1,1,436,70,69,70,gdm_diag,0.3,0,0
1,2,188,33,33,33,gdm_diag,0.3,0,0
2,0,95,47,47,0,gdm_diag,0.3,0,0
2,1,436,123,122,70,gdm_diag,0.3,0,0
2,2,188,33,33,33,gdm_diag,0.3,0,0
3,0,95,80,80,0,gdm_diag,0.3,0,0
3,1,436,252,249,86,gdm_diag,0.3,0,0
3,2,188,90,88,76,gdm_diag,0.3,0,0
4,0,95,88,88,0,gdm_diag,0.3,0,0
4,1,436,319,315,86,gdm_diag,0.3,0,0
4,2,188,113,110,91,gdm_diag,0.3,0,0
5,0,95,88,88,0,gdm_diag,0.3,0,0
5,1,436,378,371,126,gdm_diag,0.3,0,0
5,2,188,131,126,100,gdm_diag,0.3,0,0
6,0,95,88,88,0,gdm_diag,0.3,0,0
6,1,436,389,382,137,gdm_diag,0.3,0,0
6,2,188,143,138,100,gdm_diag,0.3,0,0
7,0,95,88,88,0,gdm_diag,0.3,0,0
7,1,436,395,388,143,gdm_diag,0.3,0,0
7,2,188,159,154,100,gdm_diag,0.3,0,0
8,0,95,88,88,0,gdm_diag,0.3,0,0
8,1,436,409,400,155,gdm_diag,0.3,0,0
8,2,188,161,156,100,gdm_diag,0.3,0,0
9,0,95,88,88,0,gdm_diag,0.3,0,0
9,1,436,430,421,175,gdm_diag,0.3,0,0
9,2,188,172,167,100,gdm_diag,0.3,0,0
10,0,95,88,88,0,gdm_diag,0.3,0,0
10,1,436,431,421,175,gdm_diag,0.3,0,0
10,2,188,175,170,100,gdm_diag,0.3,0,0
1,0,227,51,49,51,gdm_diag,0.3,0,1
1,1,114,42,42,42,gdm_diag,0.3,0,1
1,2,378,0,0,0,gdm_diag,0.3,0,1
2,0,227,54,52,51,gdm_diag,0.3,0,1
2,1,114,76,75,76,gdm_diag,0.3,0,1
2,2,378,46,46,0,gdm_diag,0.3,0,1
3,0,227,137,134,79,gdm_diag,0.3,0,1
3,1,114,89,88,89,gdm_diag,0.3,0,1
3,2,378,242,241,0,gdm_diag,0.3,0,1
4,0,227,171,167,83,gdm_diag,0.3,0,1
4,1,114,94,88,94,gdm_diag,0.3,0,1
4,2,378,290,289,0,gdm_diag,0.3,0,1
5,0,227,205,200,111,gdm_diag,0.3,0,1
5,1,114,98,88,98,gdm_diag,0.3,0,1
5,2,378,315,314,21,gdm_diag,0.3,0,1
6,0,227,221,216,111,gdm_diag,0.3,0,1
6,1,114,105,89,105,gdm_diag,0.3,0,1
6,2,378,316,315,21,gdm_diag,0.3,0,1
7,0,227,224,219,114,gdm_diag,0.3,0,1
7,1,114,105,89,105,gdm_diag,0.3,0,1
7,2,378,340,339,45,gdm_diag,0.3,0,1
8,0,227,224,219,114,gdm_diag,0.3,0,1
8,1,114,105,89,105,gdm_diag,0.3,0,1
8,2,378,341,339,45,gdm_diag,0.3,0,1
9,0,227,224,219,114,gdm_diag,0.3,0,1
9,1,114,105,89,105,gdm_diag,0.3,0,1
9,2,378,370,366,74,gdm_diag,0.3,0,1
10,0,227,224,219,114,gdm_diag,0.3,0,1
10,1,114,105,89,105,gdm_diag,0.3,0,1
10,2,378,371,367,74,gdm_diag,0.3,0,1
1,0,503,69,69,69,gdm_diag,0.3,0,2
1,1,78,36,36,36,gdm_diag,0.3,0,2
1,2,138,0,0,0,gdm_diag,0.3,0,2
2,0,503,134,134,70,gdm_diag,0.3,0,2
2,1,78,70,70,70,gdm_diag,0.3,0,2
2,2,138,89,89,0,gdm_diag,0.3,0,2
3,0,503,296,296,79,gdm_diag,0.3,0,2
3,1,78,77,73,77,gdm_diag,0.3,0,2
3,2,138,134,133,0,gdm_diag,0.3,0,2
4,0,503,341,340,82,gdm_diag,0.3,0,2
4,1,78,78,73,78,gdm_diag,0.3,0,2
4,2,138,136,134,0,gdm_diag,0.3,0,2
5,0,503,433,428,154,gdm_diag,0.3,0,2
5,1,78,78,73,78,gdm_diag,0.3,0,2
5,2,138,136,134,0,gdm_diag,0.3,0,2
6,0,503,448,442,159,gdm_diag,0.3,0,2
6,1,78,78,73,78,gdm_diag,0.3,0,2
6,2,138,136,134,0,gdm_diag,0.3,0,2
7,0,503,486,476,197,gdm_diag,0.3,0,2
7,1,78,78,73,78,gdm_diag,0.3,0,2
7,2,138,136,134,0,gdm_diag,0.3,0,2
8,0,503,491,481,202,gdm_diag,0.3,0,2
8,1,78,78,73,78,gdm_diag,0.3,0,2
8,2,138,136,134,0,gdm_diag,0.3,0,2
9,0,503,492,482,202,gdm_diag,0.3,0,2
9,1,78,78,73,78,gdm_diag,0.3,0,2
9,2,138,136,134,0,gdm_diag,0.3,0,2
10,0,503,499,486,209,gdm_diag,0.3,0,2
10,1,78,78,73,78,gdm_diag,0.3,0,2
10,2,138,136,134,0,gdm_diag,0.3,0,2
1,0,437,82,81,82,gdm_diag,0.3,0,3
1,1,81,27,27,27,gdm_diag,0.3,0,3
1,2,201,0,0,0,gdm_diag,0.3,0,3
2,0,437,90,89,82,gdm_diag,0.3,0,3
2,1,81,27,27,27,gdm_diag,0.3,0,3
2,2,201,65,65,0,gdm_diag,0.3,0,3
3,0,437,253,252,118,gdm_diag,0.3,0,3
3,1,81,46,45,46,gdm_diag,0.3,0,3
3,2,201,120,120,1,gdm_diag,0.3,0,3
4,0,437,335,333,118,gdm_diag,0.3,0,3
4,1,81,47,46,46,gdm_diag,0.3,0,3
4,2,201,148,147,1,gdm_diag,0.3,0,3
5,0,437,385,379,164,gdm_diag,0.3,0,3
5,1,81,51,50,50,gdm_diag,0.3,0,3
5,2,201,173,171,26,gdm_diag,0.3,0,3
6,0,437,390,384,164,gdm_diag,0.3,0,3
6,1,81,77,76,50,gdm_diag,0.3,0,3
6,2,201,179,177,26,gdm_diag,0.3,0,3
7,0,437,416,408,178,gdm_diag,0.3,0,3
7,1,81,77,76,50,gdm_diag,0.3,0,3
7,2,201,183,180,30,gdm_diag,0.3,0,3
8,0,437,418,409,178,gdm_diag,0.3,0,3
8,1,81,77,76,50,gdm_diag,0.3,0,3
8,2,201,184,181,30,gdm_diag,0.3,0,3
9,0,437,433,424,193,gdm_diag,0.3,0,3
9,1,81,77,76,50,gdm_diag,0.3,0,3
9,2,201,194,190,40,gdm_diag,0.3,0,3
10,0,437,433,424,193,gdm_diag,0.3,0,3
10,1,81,77,76,50,gdm_diag,0.3,0,3
10,2,201,194,190,40,gdm_diag,0.3,0,3
1,0,271,94,94,94,gdm_diag,0.3,0,4
1,1,30,0,0,0,gdm_diag,0.3,0,4
1,2,418,69,69,30,gdm_diag,0.3,0,4
2,0,271,98,98,98,gdm_diag,0.3,0,4
2,1,30,0,0,0,gdm_diag,0.3,0,4
2,2,418,106,106,30,gdm_diag,0.3,0,4
3,0,271,154,154,130,gdm_diag,0.3,0,4
3,1,30,16,16,0,gdm_diag,0.3,0,4
3,2,418,284,280,37,gdm_diag,0.3,0,4
4,0,271,191,190,167,gdm_diag,0.3,0,4
4,1,30,21,21,0,gdm_diag,0.3,0,4
4,2,418,335,331,38,gdm_diag,0.3,0,4
5,0,271,228,226,168,gdm_diag,0.3,0,4
5,1,30,24,24,0,gdm_diag,0.3,0,4
5,2,418,342,336,38,gdm_diag,0.3,0,4
6,0,271,230,228,170,gdm_diag,0.3,0,4
6,1,30,24,24,0,gdm_diag,0.3,0,4
6,2,418,398,391,94,gdm_diag,0.3,0,4
7,0,271,257,255,170,gdm_diag,0.3,0,4
7,1,30,24,24,0,gdm_diag,0.3,0,4
7,2,418,398,391,94,gdm_diag,0.3,0,4
8,0,271,257,255,170,gdm_diag,0.3,0,4
8,1,30,24,24,0,gdm_diag,0.3,0,4
8,2,418,410,402,106,gdm_diag,0.3,0,4
9,0,271,265,263,170,gdm_diag,0.3,0,4
9,1,30,24,24,0,gdm_diag,0.3,0,4
9,2,418,411,403,106,gdm_diag,0.3,0,4
10,0,271,265,263,170,gdm_diag,0.3,0,4
10,1,30,24,24,0,gdm_diag,0.3,0,4
10,2,418,413,403,108,gdm_diag,0.3,0,4
1,0,335,0,0,0,gdm_diag,0.3,1,0
1,1,75,26,26,26,gdm_diag,0.3,1,0
1,2,310,46,46,46,gdm_diag,0.3,1,0
2,0,335,83,83,0,gdm_diag,0.3,1,0
2,1,75,69,69,69,gdm_diag,0.3,1,0
2,2,310,92,92,47,gdm_diag,0.3,1,0
3,0,335,192,192,11,gdm_diag,0.3,1,0
3,1,75,75,72,75,gdm_diag,0.3,1,0
3,2,310,163,163,49,gdm_diag,0.3,1,0
4,0,335,281,280,37,gdm_diag,0.3,1,0
4,1,75,75,72,75,gdm_diag,0.3,1,0
4,2,310,180,180,54,gdm_diag,0.3,1,0
5,0,335,291,290,44,gdm_diag,0.3,1,0
5,1,75,75,72,75,gdm_diag,0.3,1,0
5,2,310,230,230,73,gdm_diag,0.3,1,0
6,0,335,316,314,69,gdm_diag,0.3,1,0
6,1,75,75,72,75,gdm_diag,0.3,1,0
6,2,310,256,255,82,gdm_diag,0.3,1,0
7,0,335,324,321,75,gdm_diag,0.3,1,0
7,1,75,75,72,75,gdm_diag,0.3,1,0
7,2,310,290,288,116,gdm_diag,0.3,1,0
8,0,335,324,321,75,gdm_diag,0.3,1,0
8,1,75,75,72,75,gdm_diag,0.3,1,0
8,2,310,297,295,119,gdm_diag,0.3,1,0
9,0,335,325,322,76,gdm_diag,0.3,1,0
9,1,75,75,72,75,gdm_diag,0.3,1,0
9,2,310,300,298,119,gdm_diag,0.3,1,0
10,0,335,329,326,80,gdm_diag,0.3,1,0
10,1,75,75,72,75,gdm_diag,0.3,1,0
10,2,310,302,300,119,gdm_diag,0.3,1,0
1,0,159,28,26,28,gdm_diag,0.3,1,1
1,1,316,56,56,56,gdm_diag,0.3,1,1
1,2,244,51,50,51,gdm_diag,0.3,1,1
2,0,159,34,32,28,gdm_diag,0.3,1,1
2,1,316,67,67,56,gdm_diag,0.3,1,1
2,2,244,64,63,51,gdm_diag,0.3,1,1
3,0,159,60,57,30,gdm_diag,0.3,1,1
3,1,316,121,121,56,gdm_diag,0.3,1,1
3,2,244,152,151,66,gdm_diag,0.3,1,1
4,0,159,81,78,39,gdm_diag,0.3,1,1
4,1,316,210,207,99,gdm_diag,0.3,1,1
4,2,244,202,196,66,gdm_diag,0.3,1,1
5,0,159,125,120,45,gdm_diag,0.3,1,1
5,1,316,258,255,100,gdm_diag,0.3,1,1
5,2,244,206,200,66,gdm_diag,0.3,1,1
6,0,159,146,141,55,gdm_diag,0.3,1,1
6,1,316,302,297,115,gdm_diag,0.3,1,1
6,2,244,238,231,97,gdm_diag,0.3,1,1
7,0,159,146,141,55,gdm_diag,0.3,1,1
7,1,316,305,299,118,gdm_diag,0.3,1,1
7,2,244,242,235,101,gdm_diag,0.3,1,1
8,0,159,151,145,60,gdm_diag,0.3,1,1
8,1,316,305,299,118,gdm_diag,0.3,1,1
8,2,244,244,237,103,gdm_diag,0.3,1,1
9,0,159,153,145,62,gdm_diag,0.3,1,1
9,1,316,315,308,118,gdm_diag,0.3,1,1
9,2,244,244,237,103,gdm_diag,0.3,1,1
10,0,159,153,145,62,gdm_diag,0.3,1,1
10,1,316,316,309,118,gdm_diag,0.3,1,1
10,2,244,244,237,103,gdm_diag,0.3,1,1
1,0,140,29,29,29,gdm_diag,0.3,1,2
1,1,125,2,2,2,gdm_diag,0.3,1,2
1,2,455,49,49,49,gdm_diag,0.3,1,2
2,0,140,33,33,33,gdm_diag,0.3,1,2
2,1,125,4,4,2,gdm_diag,0.3,1,2
2,2,455,92,92,49,gdm_diag,0.3,1,2
3,0,140,64,64,59,gdm_diag,0.3,1,2
3,1,125,38,38,11,gdm_diag,0.3,1,2
3,2,455,161,159,75,gdm_diag,0.3,1,2
4,0,140,96,96,70,gdm_diag,0.3,1,2
4,1,125,51,50,17,gdm_diag,0.3,1,2
4,2,455,244,241,126,gdm_diag,0.3,1,2
5,0,140,106,106,71,gdm_diag,0.3,1,2
5,1,125,86,85,29,gdm_diag,0.3,1,2
5,2,455,294,288,154,gdm_diag,0.3,1,2
6,0,140,122,122,72,gdm_diag,0.3,1,2
6,1,125,115,114,35,gdm_diag,0.3,1,2
6,2,455,434,426,158,gdm_diag,0.3,1,2
7,0,140,130,130,80,gdm_diag,0.3,1,2
7,1,125,121,119,41,gdm_diag,0.3,1,2
7,2,455,444,435,160,gdm_diag,0.3,1,2
8,0,140,136,136,80,gdm_diag,0.3,1,2
8,1,125,123,121,43,gdm_diag,0.3,1,2
8,2,455,446,437,162,gdm_diag,0.3,1,2
9,0,140,138,138,80,gdm_diag,0.3,1,2
9,1,125,124,122,43,gdm_diag,0.3,1,2
9,2,455,446,437,162,gdm_diag,0.3,1,2
10,0,140,138,138,80,gdm_diag,0.3,1,2
10,1,125,124,122,43,gdm_diag,0.3,1,2
10,2,455,446,437,162,gdm_diag,0.3,1,2
1,0,132,50,50,50,gdm_diag,0.3,1,3
1,1,142,3,3,0,gdm_diag,0.3,1,3
1,2,445,27,26,19,gdm_diag,0.3,1,3
2,0,132,124,123,124,gdm_diag,0.3,1,3
2,1,142,60,60,0,gdm_diag,0.3,1,3
2,2,445,49,48,20,gdm_diag,0.3,1,3
3,0,132,132,126,132,gdm_diag,0.3,1,3
3,1,142,88,84,0,gdm_diag,0.3,1,3
3,2,445,245,241,75,gdm_diag,0.3,1,3
4,0,132,132,126,132,gdm_diag,0.3,1,3
4,1,142,103,99,0,gdm_diag,0.3,1,3
4,2,445,285,280,101,gdm_diag,0.3,1,3
5,0,132,132,126,132,gdm_diag,0.3,1,3
5,1,142,125,121,0,gdm_diag,0.3,1,3
5,2,445,400,395,112,gdm_diag,0.3,1,3
6,0,132,132,126,132,gdm_diag,0.3,1,3
6,1,142,127,122,0,gdm_diag,0.3,1,3
6,2,445,415,409,125,gdm_diag,0.3,1,3
7,0,132,132,126,132,gdm_diag,0.3,1,3
7,1,142,127,122,0,gdm_diag,0.3,1,3
7,2,445,431,424,141,gdm_diag,0.3,1,3
8,0,132,132,126,132,gdm_diag,0.3,1,3
8,1,142,127,122,0,gdm_diag,0.3,1,3
8,2,445,433,425,142,gdm_diag,0.3,1,3
9,0,132,132,126,132,gdm_diag,0.3,1,3
9,1,142,127,122,0,gdm_diag,0.3,1,3
9,2,445,440,431,142,gdm_diag,0.3,1,3
10,0,132,132,126,132,gdm_diag,0.3,1,3
10,1,142,127,122,0,gdm_diag,0.3,1,3
10,2,445,440,431,142,gdm_diag,0.3,1,3
1,0,200,24,24,0,gdm_diag,0.3,1,4
1,1,417,115,114,115,gdm_diag,0.3,1,4
1,2,102,14,14,0,gdm_diag,0.3,1,4
2,0,200,121,121,0,gdm_diag,0.3,1,4
2,1,417,133,132,133,gdm_diag,0.3,1,4
2,2,102,14,14,0,gdm_diag,0.3,1,4
3,0,200,180,178,0,gdm_diag,0.3,1,4
3,1,417,248,246,186,gdm_diag,0.3,1,4
3,2,102,38,38,0,gdm_diag,0.3,1,4
4,0,200,183,181,0,gdm_diag,0.3,1,4
4,1,417,291,289,229,gdm_diag,0.3,1,4
4,2,102,38,38,0,gdm_diag,0.3,1,4
5,0,200,184,181,0,gdm_diag,0.3,1,4
5,1,417,382,378,231,gdm_diag,0.3,1,4
5,2,102,70,70,0,gdm_diag,0.3,1,4
6,0,200,184,181,0,gdm_diag,0.3,1,4
6,1,417,386,381,235,gdm_diag,0.3,1,4
6,2,102,71,70,0,gdm_diag,0.3,1,4
7,0,200,184,181,0,gdm_diag,0.3,1,4
7,1,417,405,399,235,gdm_diag,0.3,1,4
7,2,102,77,76,0,gdm_diag,0.3,1,4
8,0,200,184,181,0,gdm_diag,0.3,1,4
8,1,417,407,401,237,gdm_diag,0.3,1,4
8,2,102,80,79,3,gdm_diag,0.3,1,4
9,0,200,184,181,0,gdm_diag,0.3,1,4
9,1,417,410,404,237,gdm_diag,0.3,1,4
9,2,102,87,86,8,gdm_diag,0.3,1,4
10,0,200,184,181,0,gdm_diag,0.3,1,4
10,1,417,411,405,238,gdm_diag,0.3,1,4
10,2,102,93,92,14,gdm_diag,0.3,1,4
1,0,436,0,0,0,gdm_diag,0.3,2,0
1,1,211,91,91,91,gdm_diag,0.3,2,0
1,2,73,0,0,0,gdm_diag,0.3,2,0
2,0,436,144,144,0,gdm_diag,0.3,2,0
2,1,211,202,199,202,gdm_diag,0.3,2,0
2,2,73,3,3,0,gdm_diag,0.3,2,0
3,0,436,307,307,0,gdm_diag,0.3,2,0
3,1,211,208,205,208,gdm_diag,0.3,2,0
3,2,73,30,30,0,gdm_diag,0.3,2,0
4,0,436,360,360,0,gdm_diag,0.3,2,0
4,1,211,211,208,211,gdm_diag,0.3,2,0
4,2,73,42,42,0,gdm_diag,0.3,2,0
5,0,436,373,372,0,gdm_diag,0.3,2,0
5,1,211,211,208,211,gdm_diag,0.3,2,0
5,2,73,46,46,1,gdm_diag,0.3,2,0
6,0,436,375,374,1,gdm_diag,0.3,2,0
6,1,211,211,208,211,gdm_diag,0.3,2,0
6,2,73,65,64,10,gdm_diag,0.3,2,0
7,0,436,390,388,16,gdm_diag,0.3,2,0
7,1,211,211,208,211,gdm_diag,0.3,2,0
7,2,73,66,65,11,gdm_diag,0.3,2,0
8,0,436,390,388,16,gdm_diag,0.3,2,0
8,1,211,211,208,211,gdm_diag,0.3,2,0
8,2,73,66,65,11,gdm_diag,0.3,2,0
9,0,436,401,399,27,gdm_diag,0.3,2,0
9,1,211,211,208,211,gdm_diag,0.3,2,0
9,2,73,67,66,12,gdm_diag,0.3,2,0
10,0,436,401,399,27,gdm_diag,0.3,2,0
10,1,211,211,208,211,gdm_diag,0.3,2,0
10,2,73,67,66,12,gdm_diag,0.3,2,0
1,0,124,9,9,9,gdm_diag,0.3,2,1
1,1,94,5,5,0,gdm_diag,0.3,2,1
1,2,500,64,63,64,gdm_diag,0.3,2,1
2,0,124,16,16,9,gdm_diag,0.3,2,1
2,1,94,5,5,0,gdm_diag,0.3,2,1
2,2,500,86,85,64,gdm_diag,0.3,2,1
3,0,124,49,49,14,gdm_diag,0.3,2,1
3,1,94,20,20,0,gdm_diag,0.3,2,1
3,2,500,267,265,99,gdm_diag,0.3,2,1
4,0,124,67,67,16,gdm_diag,0.3,2,1
4,1,94,52,51,0,gdm_diag,0.3,2,1
4,2,500,349,346,99,gdm_diag,0.3,2,1
5,0,124,84,84,16,gdm_diag,0.3,2,1
5,1,94,68,66,14,gdm_diag,0.3,2,1
5,2,500,454,449,180,gdm_diag,0.3,2,1
6,0,124,104,104,36,gdm_diag,0.3,2,1
6,1,94,85,83,18,gdm_diag,0.3,2,1
6,2,500,464,458,180,gdm_diag,0.3,2,1
7,0,124,109,109,37,gdm_diag,0.3,2,1
7,1,94,90,88,23,gdm_diag,0.3,2,1
7,2,500,479,473,195,gdm_diag,0.3,2,1
8,0,124,117,114,45,gdm_diag,0.3,2,1
8,1,94,90,88,23,gdm_diag,0.3,2,1
8,2,500,481,475,196,gdm_diag,0.3,2,1
9,0,124,121,117,47,gdm_diag,0.3,2,1
9,1,94,93,90,26,gdm_diag,0.3,2,1
9,2,500,485,476,198,gdm_diag,0.3,2,1
10,0,124,121,117,47,gdm_diag,0.3,2,1
10,1,94,94,91,27,gdm_diag,0.3,2,1
10,2,500,487,478,200,gdm_diag,0.3,2,1
1,0,111,57,57,57,gdm_diag,0.3,2,2
1,1,112,44,44,44,gdm_diag,0.3,2,2
1,2,496,19,19,4,gdm_diag,0.3,2,2
2,0,111,96,95,96,gdm_diag,0.3,2,2
2,1,112,70,70,70,gdm_diag,0.3,2,2
2,2,496,226,226,4,gdm_diag,0.3,2,2
3,0,111,108,100,108,gdm_diag,0.3,2,2
3,1,112,84,84,84,gdm_diag,0.3,2,2
3,2,496,377,376,4,gdm_diag,0.3,2,2
4,0,111,111,100,111,gdm_diag,0.3,2,2
4,1,112,85,84,85,gdm_diag,0.3,2,2
4,2,496,393,391,6,gdm_diag,0.3,2,2
5,0,111,111,100,111,gdm_diag,0.3,2,2
5,1,112,87,84,87,gdm_diag,0.3,2,2
5,2,496,411,404,17,gdm_diag,0.3,2,2
6,0,111,111,100,111,gdm_diag,0.3,2,2
6,1,112,89,84,89,gdm_diag,0.3,2,2
6,2,496,430,422,36,gdm_diag,0.3,2,2
7,0,111,111,100,111,gdm_diag,0.3,2,2
7,1,112,90,84,90,gdm_diag,0.3,2,2
7,2,496,430,422,36,gdm_diag,0.3,2,2
8,0,111,111,100,111,gdm_diag,0.3,2,2
8,1,112,102,84,102,gdm_diag,0.3,2,2
8,2,496,461,451,67,gdm_diag,0.3,2,2
9,0,111,111,100,111,gdm_diag,0.3,2,2
9,1,112,102,84,102,gdm_diag,0.3,2,2
9,2,496,463,452,67,gdm_diag,0.3,2,2
10,0,111,111,100,111,gdm_diag,0.3,2,2
10,1,112,107,84,107,gdm_diag,0.3,2,2
10,2,496,476,465,80,gdm_diag,0.3,2,2
1,0,245,0,0,0,gdm_diag,0.3,2,3
1,1,93,15,15,15,gdm_diag,0.3,2,3
1,2,380,82,82,82,gdm_diag,0.3,2,3
2,0,245,106,106,0,gdm_diag,0.3,2,3
2,1,93,15,15,15,gdm_diag,0.3,2,3
2,2,380,82,82,82,gdm_diag,0.3,2,3
3,0,245,204,203,0,gdm_diag,0.3,2,3
3,1,93,43,43,43,gdm_diag,0.3,2,3
3,2,380,194,187,194,gdm_diag,0.3,2,3
4,0,245,227,226,0,gdm_diag,0.3,2,3
4,1,93,70,70,43,gdm_diag,0.3,2,3
4,2,380,274,267,194,gdm_diag,0.3,2,3
5,0,245,229,228,0,gdm_diag,0.3,2,3
5,1,93,75,75,48,gdm_diag,0.3,2,3
5,2,380,294,285,214,gdm_diag,0.3,2,3
6,0,245,229,228,0,gdm_diag,0.3,2,3
6,1,93,92,91,49,gdm_diag,0.3,2,3
6,2,380,349,340,214,gdm_diag,0.3,2,3
7,0,245,229,228,0,gdm_diag,0.3,2,3
7,1,93,92,91,49,gdm_diag,0.3,2,3
7,2,380,355,345,220,gdm_diag,0.3,2,3
8,0,245,230,228,0,gdm_diag,0.3,2,3
8,1,93,92,91,49,gdm_diag,0.3,2,3
8,2,380,370,360,220,gdm_diag,0.3,2,3
9,0,245,230,228,0,gdm_diag,0.3,2,3
9,1,93,92,91,49,gdm_diag,0.3,2,3
9,2,380,370,360,220,gdm_diag,0.3,2,3
10,0,245,230,228,0,gdm_diag,0.3,2,3
10,1,93,93,91,49,gdm_diag,0.3,2,3
10,2,380,370,360,220,gdm_diag,0.3,2,3
1,0,311,189,189,189,gdm_diag,0.3,2,4
1,1,389,72,72,0,gdm_diag,0.3,2,4
1,2,19,0,0,0,gdm_diag,0.3,2,4
2,0,311,222,221,222,gdm_diag,0.3,2,4
2,1,389,254,254,0,gdm_diag,0.3,2,4
2,2,19,0,0,0,gdm_diag,0.3,2,4
3,0,311,235,234,235,gdm_diag,0.3,2,4
3,1,389,315,315,0,gdm_diag,0.3,2,4
3,2,19,0,0,0,gdm_diag,0.3,2,4
4,0,311,265,254,265,gdm_diag,0.3,2,4
4,1,389,357,355,0,gdm_diag,0.3,2,4
4,2,19,8,8,0,gdm_diag,0.3,2,4
5,0,311,285,255,285,gdm_diag,0.3,2,4
5,1,389,357,355,0,gdm_diag,0.3,2,4
5,2,19,15,15,0,gdm_diag,0.3,2,4
6,0,311,290,256,290,gdm_diag,0.3,2,4
6,1,389,358,356,0,gdm_diag,0.3,2,4
6,2,19,18,17,0,gdm_diag,0.3,2,4
7,0,311,310,257,310,gdm_diag,0.3,2,4
7,1,389,358,356,0,gdm_diag,0.3,2,4
7,2,19,18,17,0,gdm_diag,0.3,2,4
8,0,311,311,257,311,gdm_diag,0.3,2,4
8,1,389,358,356,0,gdm_diag,0.3,2,4
8,2,19,18,17,0,gdm_diag,0.3,2,4
9,0,311,311,257,311,gdm_diag,0.3,2,4
9,1,389,358,356,0,gdm_diag,0.3,2,4
9,2,19,18,17,0,gdm_diag,0.3,2,4
10,0,311,311,257,311,gdm_diag,0.3,2,4
10,1,389,358,356,0,gdm_diag,0.3,2,4
10,2,19,18,17,0,gdm_diag,0.3,2,4
1,0,158,0,0,0,gdm_diag,0.5,0,0
1,1,727,132,132,132,gdm_diag,0.5,0,0
1,2,313,63,63,63,gdm_diag,0.5,0,0
2,0,158,56,56,0,gdm_diag,0.5,0,0
2,1,727,217,217,132,gdm_diag,0.5,0,0
2,2,313,63,63,63,gdm_diag,0.5,0,0
3,0,158,129,129,0,gdm_diag,0.5,0,0
3,1,727,413,409,170,gdm_diag,0.5,0,0
3,2,313,180,177,133,gdm_diag,0.5,0,0
4,0,158,150,149,0,gdm_diag,0.5,0,0
4,1,727,490,486,170,gdm_diag,0.5,0,0
4,2,313,201,198,144,gdm_diag,0.5,0,0
5,0,158,150,149,0,gdm_diag,0.5,0,0
5,1,727,674,662,283,gdm_diag,0.5,0,0
5,2,313,232,229,159,gdm_diag,0.5,0,0
6,0,158,150,149,0,gdm_diag,0.5,0,0
6,1,727,698,685,298,gdm_diag,0.5,0,0
6,2,313,273,269,159,gdm_diag,0.5,0,0
7,0,158,150,149,0,gdm_diag,0.5,0,0
7,1,727,712,698,299,gdm_diag,0.5,0,0
7,2,313,294,289,159,gdm_diag,0.5,0,0
8,0,158,150,149,0,gdm_diag,0.5,0,0
8,1,727,719,705,304,gdm_diag,0.5,0,0
8,2,313,294,289,159,gdm_diag,0.5,0,0
9,0,158,150,149,0,gdm_diag,0.5,0,0
9,1,727,720,705,305,gdm_diag,0.5,0,0
9,2,313,300,295,159,gdm_diag,0.5,0,0
10,0,158,150,149,0,gdm_diag,0.5,0,0
10,1,727,722,705,307,gdm_diag,0.5,0,0
10,2,313,300,295,159,gdm_diag,0.5,0,0
1,0,380,90,90,90,gdm_diag,0.5,0,1
1,1,188,58,58,58,gdm_diag,0.5,0,1
1,2,630,4,4,0,gdm_diag,0.5,0,1
2,0,380,93,93,90,gdm_diag,0.5,0,1
2,1,188,131,130,131,gdm_diag,0.5,0,1
2,2,630,137,137,0,gdm_diag,0.5,0,1
3,0,380,183,181,110,gdm_diag,0.5,0,1
3,1,188,148,147,148,gdm_diag,0.5,0,1
3,2,630,391,391,1,gdm_diag,0.5,0,1
4,0,380,223,221,121,gdm_diag,0.5,0,1
4,1,188,155,149,155,gdm_diag,0.5,0,1
4,2,630,470,469,1,gdm_diag,0.5,0,1
5,0,380,336,332,179,gdm_diag,0.5,0,1
5,1,188,162,149,162,gdm_diag,0.5,0,1
5,2,630,523,522,40,gdm_diag,0.5,0,1
6,0,380,361,357,185,gdm_diag,0.5,0,1
6,1,188,175,149,175,gdm_diag,0.5,0,1
6,2,630,525,523,40,gdm_diag,0.5,0,1
7,0,380,370,365,190,gdm_diag,0.5,0,1
7,1,188,175,149,175,gdm_diag,0.5,0,1
7,2,630,558,554,73,gdm_diag,0.5,0,1
8,0,380,373,368,190,gdm_diag,0.5,0,1
8,1,188,176,149,176,gdm_diag,0.5,0,1
8,2,630,558,554,73,gdm_diag,0.5,0,1
9,0,380,376,371,191,gdm_diag,0.5,0,1
9,1,188,176,149,176,gdm_diag,0.5,0,1
9,2,630,594,585,109,gdm_diag,0.5,0,1
10,0,380,377,371,191,gdm_diag,0.5,0,1
10,1,188,176,149,176,gdm_diag,0.5,0,1
10,2,630,594,585,109,gdm_diag,0.5,0,1
1,0,837,114,114,114,gdm_diag,0.5,0,2
1,1,131,53,53,53,gdm_diag,0.5,0,2
1,2,230,0,0,0,gdm_diag,0.5,0,2
2,0,837,209,209,119,gdm_diag,0.5,0,2
2,1,131,113,113,113,gdm_diag,0.5,0,2
2,2,230,133,133,0,gdm_diag,0.5,0,2
3,0,837,460,457,145,gdm_diag,0.5,0,2
3,1,131,129,122,129,gdm_diag,0.5,0,2
3,2,230,221,220,0,gdm_diag,0.5,0,2
4,0,837,620,615,145,gdm_diag,0.5,0,2
4,1,131,131,122,131,gdm_diag,0.5,0,2
4,2,230,222,221,0,gdm_diag,0.5,0,2
5,0,837,750,736,275,gdm_diag,0.5,0,2
5,1,131,131,122,131,gdm_diag,0.5,0,2
5,2,230,222,221,0,gdm_diag,0.5,0,2
6,0,837,768,754,291,gdm_diag,0.5,0,2
6,1,131,131,122,131,gdm_diag,0.5,0,2
6,2,230,222,221,0,gdm_diag,0.5,0,2
7,0,837,776,761,291,gdm_diag,0.5,0,2
7,1,131,131,122,131,gdm_diag,0.5,0,2
7,2,230,222,221,0,gdm_diag,0.5,0,2
8,0,837,778,763,293,gdm_diag,0.5,0,2
8,1,131,131,122,131,gdm_diag,0.5,0,2
8,2,230,222,221,0,gdm_diag,0.5,0,2
9,0,837,788,772,302,gdm_diag,0.5,0,2
9,1,131,131,122,131,gdm_diag,0.5,0,2
9,2,230,222,221,0,gdm_diag,0.5,0,2
10,0,837,798,781,311,gdm_diag,0.5,0,2
10,1,131,131,122,131,gdm_diag,0.5,0,2
10,2,230,222,221,0,gdm_diag,0.5,0,2
1,0,728,130,129,130,gdm_diag,0.5,0,3
1,1,136,42,42,42,gdm_diag,0.5,0,3
1,2,335,0,0,0,gdm_diag,0.5,0,3
2,0,728,184,183,130,gdm_diag,0.5,0,3
2,1,136,42,42,42,gdm_diag,0.5,0,3
2,2,335,118,118,0,gdm_diag,0.5,0,3
3,0,728,437,434,214,gdm_diag,0.5,0,3
3,1,136,67,67,67,gdm_diag,0.5,0,3
3,2,335,192,192,0,gdm_diag,0.5,0,3
4,0,728,567,562,214,gdm_diag,0.5,0,3
4,1,136,71,71,67,gdm_diag,0.5,0,3
4,2,335,251,250,0,gdm_diag,0.5,0,3
5,0,728,638,628,285,gdm_diag,0.5,0,3
5,1,136,85,85,81,gdm_diag,0.5,0,3
5,2,335,296,295,43,gdm_diag,0.5,0,3
6,0,728,668,657,296,gdm_diag,0.5,0,3
6,1,136,124,124,81,gdm_diag,0.5,0,3
6,2,335,304,302,43,gdm_diag,0.5,0,3
7,0,728,697,684,302,gdm_diag,0.5,0,3
7,1,136,124,124,81,gdm_diag,0.5,0,3
7,2,335,322,317,61,gdm_diag,0.5,0,3
8,0,728,702,689,307,gdm_diag,0.5,0,3
8,1,136,124,124,81,gdm_diag,0.5,0,3
8,2,335,322,317,61,gdm_diag,0.5,0,3
9,0,728,715,699,317,gdm_diag,0.5,0,3
9,1,136,124,124,81,gdm_diag,0.5,0,3
9,2,335,326,320,65,gdm_diag,0.5,0,3
10,0,728,718,700,320,gdm_diag,0.5,0,3
10,1,136,127,127,81,gdm_diag,0.5,0,3
10,2,335,327,321,65,gdm_diag,0.5,0,3
1,0,453,151,150,151,gdm_diag,0.5,0,4
1,1,50,0,0,0,gdm_diag,0.5,0,4
1,2,696,53,53,42,gdm_diag,0.5,0,4
2,0,453,153,152,153,gdm_diag,0.5,0,4
2,1,50,0,0,0,gdm_diag,0.5,0,4
2,2,696,95,95,42,gdm_diag,0.5,0,4
3,0,453,281,277,220,gdm_diag,0.5,0,4
3,1,50,5,5,0,gdm_diag,0.5,0,4
3,2,696,398,398,55,gdm_diag,0.5,0,4
4,0,453,342,336,281,gdm_diag,0.5,0,4
4,1,50,17,17,0,gdm_diag,0.5,0,4
4,2,696,518,517,55,gdm_diag,0.5,0,4
5,0,453,408,400,282,gdm_diag,0.5,0,4
5,1,50,46,46,0,gdm_diag,0.5,0,4
5,2,696,559,555,56,gdm_diag,0.5,0,4
6,0,453,412,403,286,gdm_diag,0.5,0,4
6,1,50,46,46,0,gdm_diag,0.5,0,4
6,2,696,626,621,123,gdm_diag,0.5,0,4
7,0,453,439,429,286,gdm_diag,0.5,0,4
7,1,50,47,47,0,gdm_diag,0.5,0,4
7,2,696,628,622,123,gdm_diag,0.5,0,4
8,0,453,440,430,287,gdm_diag,0.5,0,4
8,1,50,47,47,0,gdm_diag,0.5,0,4
8,2,696,675,664,170,gdm_diag,0.5,0,4
9,0,453,442,432,287,gdm_diag,0.5,0,4
9,1,50,47,47,0,gdm_diag,0.5,0,4
9,2,696,675,664,170,gdm_diag,0.5,0,4
10,0,453,443,433,288,gdm_diag,0.5,0,4
10,1,50,47,47,0,gdm_diag,0.5,0,4
10,2,696,686,671,181,gdm_diag,0.5,0,4
1,0,559,0,0,0,gdm_diag,0.5,1,0
1,1,125,52,51,52,gdm_diag,0.5,1,0
1,2,515,82,82,82,gdm_diag,0.5,1,0
2,0,559,175,175,0,gdm_diag,0.5,1,0
2,1,125,116,115,116,gdm_diag,0.5,1,0
2,2,515,155,155,83,gdm_diag,0.5,1,0
3,0,559,386,386,23,gdm_diag,0.5,1,0
3,1,125,125,120,125,gdm_diag,0.5,1,0
3,2,515,275,275,83,gdm_diag,0.5,1,0
4,0,559,482,477,73,gdm_diag,0.5,1,0
4,1,125,125,120,125,gdm_diag,0.5,1,0
4,2,515,355,354,93,gdm_diag,0.5,1,0
5,0,559,502,495,93,gdm_diag,0.5,1,0
5,1,125,125,120,125,gdm_diag,0.5,1,0
5,2,515,417,411,151,gdm_diag,0.5,1,0
6,0,559,535,526,122,gdm_diag,0.5,1,0
6,1,125,125,120,125,gdm_diag,0.5,1,0
6,2,515,482,472,192,gdm_diag,0.5,1,0
7,0,559,548,538,135,gdm_diag,0.5,1,0
7,1,125,125,120,125,gdm_diag,0.5,1,0
7,2,515,486,475,196,gdm_diag,0.5,1,0
8,0,559,553,542,137,gdm_diag,0.5,1,0
8,1,125,125,120,125,gdm_diag,0.5,1,0
8,2,515,497,484,203,gdm_diag,0.5,1,0
9,0,559,555,544,139,gdm_diag,0.5,1,0
9,1,125,125,120,125,gdm_diag,0.5,1,0
9,2,515,501,488,203,gdm_diag,0.5,1,0
10,0,559,555,544,139,gdm_diag,0.5,1,0
10,1,125,125,120,125,gdm_diag,0.5,1,0
10,2,515,508,494,210,gdm_diag,0.5,1,0
1,0,266,38,36,38,gdm_diag,0.5,1,1
1,1,526,84,82,84,gdm_diag,0.5,1,1
1,2,407,94,94,94,gdm_diag,0.5,1,1
2,0,266,38,36,38,gdm_diag,0.5,1,1
2,1,526,105,103,84,gdm_diag,0.5,1,1
2,2,407,95,95,94,gdm_diag,0.5,1,1
3,0,266,68,66,38,gdm_diag,0.5,1,1
3,1,526,204,202,87,gdm_diag,0.5,1,1
3,2,407,248,247,119,gdm_diag,0.5,1,1
4,0,266,131,129,45,gdm_diag,0.5,1,1
4,1,526,281,276,141,gdm_diag,0.5,1,1
4,2,407,332,330,119,gdm_diag,0.5,1,1
5,0,266,188,186,60,gdm_diag,0.5,1,1
5,1,526,402,396,166,gdm_diag,0.5,1,1
5,2,407,348,346,119,gdm_diag,0.5,1,1
6,0,266,228,225,78,gdm_diag,0.5,1,1
6,1,526,490,479,195,gdm_diag,0.5,1,1
6,2,407,394,391,165,gdm_diag,0.5,1,1
7,0,266,243,238,92,gdm_diag,0.5,1,1
7,1,526,490,479,195,gdm_diag,0.5,1,1
7,2,407,397,394,168,gdm_diag,0.5,1,1
8,0,266,247,241,93,gdm_diag,0.5,1,1
8,1,526,499,488,195,gdm_diag,0.5,1,1
8,2,407,403,398,172,gdm_diag,0.5,1,1
9,0,266,252,243,93,gdm_diag,0.5,1,1
9,1,526,512,500,195,gdm_diag,0.5,1,1
9,2,407,404,399,173,gdm_diag,0.5,1,1
10,0,266,254,245,94,gdm_diag,0.5,1,1
10,1,526,520,508,195,gdm_diag,0.5,1,1
10,2,407,404,399,173,gdm_diag,0.5,1,1
1,0,232,54,53,54,gdm_diag,0.5,1,2
1,1,207,4,4,4,gdm_diag,0.5,1,2
1,2,759,108,108,106,gdm_diag,0.5,1,2
2,0,232,66,64,66,gdm_diag,0.5,1,2
2,1,207,7,7,4,gdm_diag,0.5,1,2
2,2,759,224,224,106,gdm_diag,0.5,1,2
3,0,232,148,146,123,gdm_diag,0.5,1,2
3,1,207,64,64,26,gdm_diag,0.5,1,2
3,2,759,327,323,145,gdm_diag,0.5,1,2
4,0,232,194,191,123,gdm_diag,0.5,1,2
4,1,207,97,96,39,gdm_diag,0.5,1,2
4,2,759,546,539,220,gdm_diag,0.5,1,2
5,0,232,204,200,129,gdm_diag,0.5,1,2
5,1,207,111,108,47,gdm_diag,0.5,1,2
5,2,759,590,579,251,gdm_diag,0.5,1,2
6,0,232,216,211,130,gdm_diag,0.5,1,2
6,1,207,177,173,51,gdm_diag,0.5,1,2
6,2,759,737,718,270,gdm_diag,0.5,1,2
7,0,232,223,218,137,gdm_diag,0.5,1,2
7,1,207,181,177,51,gdm_diag,0.5,1,2
7,2,759,742,722,271,gdm_diag,0.5,1,2
8,0,232,225,220,137,gdm_diag,0.5,1,2
8,1,207,195,190,65,gdm_diag,0.5,1,2
8,2,759,746,723,275,gdm_diag,0.5,1,2
9,0,232,225,220,137,gdm_diag,0.5,1,2
9,1,207,203,197,71,gdm_diag,0.5,1,2
9,2,759,750,727,275,gdm_diag,0.5,1,2
10,0,232,225,220,137,gdm_diag,0.5,1,2
10,1,207,204,197,72,gdm_diag,0.5,1,2
10,2,759,750,727,275,gdm_diag,0.5,1,2
1,0,219,84,84,84,gdm_diag,0.5,1,3
1,1,236,7,7,0,gdm_diag,0.5,1,3
1,2,742,23,23,18,gdm_diag,0.5,1,3
2,0,219,204,203,204,gdm_diag,0.5,1,3
2,1,236,114,114,0,gdm_diag,0.5,1,3
2,2,742,89,89,24,gdm_diag,0.5,1,3
3,0,219,217,209,217,gdm_diag,0.5,1,3
3,1,236,155,150,0,gdm_diag,0.5,1,3
3,2,742,397,395,110,gdm_diag,0.5,1,3
4,0,219,219,210,219,gdm_diag,0.5,1,3
4,1,236,175,169,0,gdm_diag,0.5,1,3
4,2,742,481,476,178,gdm_diag,0.5,1,3
5,0,219,219,210,219,gdm_diag,0.5,1,3
5,1,236,206,199,0,gdm_diag,0.5,1,3
5,2,742,661,654,191,gdm_diag,0.5,1,3
6,0,219,219,210,219,gdm_diag,0.5,1,3
6,1,236,207,199,0,gdm_diag,0.5,1,3
6,2,742,713,703,231,gdm_diag,0.5,1,3
7,0,219,219,210,219,gdm_diag,0.5,1,3
7,1,236,207,199,0,gdm_diag,0.5,1,3
7,2,742,731,721,232,gdm_diag,0.5,1,3
8,0,219,219,210,219,gdm_diag,0.5,1,3
8,1,236,207,199,0,gdm_diag,0.5,1,3
8,2,742,732,722,232,gdm_diag,0.5,1,3
9,0,219,219,210,219,gdm_diag,0.5,1,3
9,1,236,209,201,0,gdm_diag,0.5,1,3
9,2,742,734,722,234,gdm_diag,0.5,1,3
10,0,219,219,210,219,gdm_diag,0.5,1,3
10,1,236,209,201,0,gdm_diag,0.5,1,3
10,2,742,736,723,234,gdm_diag,0.5,1,3
1,0,334,39,39,0,gdm_diag,0.5,1,4
1,1,694,180,179,180,gdm_diag,0.5,1,4
1,2,170,19,19,0,gdm_diag,0.5,1,4
2,0,334,168,168,0,gdm_diag,0.5,1,4
2,1,694,199,197,199,gdm_diag,0.5,1,4
2,2,170,39,39,0,gdm_diag,0.5,1,4
3,0,334,291,288,0,gdm_diag,0.5,1,4
3,1,694,403,400,331,gdm_diag,0.5,1,4
3,2,170,82,81,0,gdm_diag,0.5,1,4
4,0,334,298,295,0,gdm_diag,0.5,1,4
4,1,694,453,448,380,gdm_diag,0.5,1,4
4,2,170,105,104,0,gdm_diag,0.5,1,4
5,0,334,302,297,0,gdm_diag,0.5,1,4
5,1,694,540,535,390,gdm_diag,0.5,1,4
5,2,170,125,122,0,gdm_diag,0.5,1,4
6,0,334,302,297,0,gdm_diag,0.5,1,4
6,1,694,554,548,397,gdm_diag,0.5,1,4
6,2,170,139,135,11,gdm_diag,0.5,1,4
7,0,334,302,297,0,gdm_diag,0.5,1,4
7,1,694,614,604,402,gdm_diag,0.5,1,4
7,2,170,143,139,14,gdm_diag,0.5,1,4
8,0,334,302,297,0,gdm_diag,0.5,1,4
8,1,694,642,632,402,gdm_diag,0.5,1,4
8,2,170,150,144,21,gdm_diag,0.5,1,4
9,0,334,302,297,0,gdm_diag,0.5,1,4
9,1,694,653,642,404,gdm_diag,0.5,1,4
9,2,170,153,146,24,gdm_diag,0.5,1,4
10,0,334,302,297,0,gdm_diag,0.5,1,4
10,1,694,666,655,404,gdm_diag,0.5,1,4
10,2,170,153,146,24,gdm_diag,0.5,1,4
1,0,726,0,0,0,gdm_diag,0.5,2,0
1,1,351,150,150,150,gdm_diag,0.5,2,0
1,2,121,0,0,0,gdm_diag,0.5,2,0
2,0,726,285,285,0,gdm_diag,0.5,2,0
2,1,351,339,336,339,gdm_diag,0.5,2,0
2,2,121,33,33,0,gdm_diag,0.5,2,0
3,0,726,493,493,0,gdm_diag,0.5,2,0
3,1,351,347,342,347,gdm_diag,0.5,2,0
3,2,121,40,40,1,gdm_diag,0.5,2,0
4,0,726,599,598,0,gdm_diag,0.5,2,0
4,1,351,351,346,351,gdm_diag,0.5,2,0
4,2,121,63,63,1,gdm_diag,0.5,2,0
5,0,726,625,617,0,gdm_diag,0.5,2,0
5,1,351,351,346,351,gdm_diag,0.5,2,0
5,2,121,90,90,9,gdm_diag,0.5,2,0
6,0,726,625,617,0,gdm_diag,0.5,2,0
6,1,351,351,346,351,gdm_diag,0.5,2,0
6,2,121,109,104,17,gdm_diag,0.5,2,0
7,0,726,647,638,22,gdm_diag,0.5,2,0
7,1,351,351,346,351,gdm_diag,0.5,2,0
7,2,121,111,106,19,gdm_diag,0.5,2,0
8,0,726,648,639,22,gdm_diag,0.5,2,0
8,1,351,351,346,351,gdm_diag,0.5,2,0
8,2,121,117,112,25,gdm_diag,0.5,2,0
9,0,726,662,653,36,gdm_diag,0.5,2,0
9,1,351,351,346,351,gdm_diag,0.5,2,0
9,2,121,118,112,26,gdm_diag,0.5,2,0
10,0,726,663,654,36,gdm_diag,0.5,2,0
10,1,351,351,346,351,gdm_diag,0.5,2,0
10,2,121,119,112,26,gdm_diag,0.5,2,0
1,0,207,19,19,19,gdm_diag,0.5,2,1
1,1,158,11,11,0,gdm_diag,0.5,2,1
1,2,834,97,96,97,gdm_diag,0.5,2,1
2,0,207,27,27,19,gdm_diag,0.5,2,1
2,1,158,11,11,0,gdm_diag,0.5,2,1
2,2,834,172,171,97,gdm_diag,0.5,2,1
3,0,207,90,89,41,gdm_diag,0.5,2,1
3,1,158,35,35,0,gdm_diag,0.5,2,1
3,2,834,459,455,163,gdm_diag,0.5,2,1
4,0,207,151,150,41,gdm_diag,0.5,2,1
4,1,158,73,73,0,gdm_diag,0.5,2,1
4,2,834,597,591,163,gdm_diag,0.5,2,1
5,0,207,165,163,45,gdm_diag,0.5,2,1
5,1,158,111,110,26,gdm_diag,0.5,2,1
5,2,834,772,762,310,gdm_diag,0.5,2,1
6,0,207,191,188,71,gdm_diag,0.5,2,1
6,1,158,138,136,28,gdm_diag,0.5,2,1
6,2,834,789,778,313,gdm_diag,0.5,2,1
7,0,207,203,199,78,gdm_diag,0.5,2,1
7,1,158,146,144,36,gdm_diag,0.5,2,1
7,2,834,807,795,331,gdm_diag,0.5,2,1
8,0,207,204,199,79,gdm_diag,0.5,2,1
8,1,158,151,147,36,gdm_diag,0.5,2,1
8,2,834,807,795,331,gdm_diag,0.5,2,1
9,0,207,205,200,79,gdm_diag,0.5,2,1
9,1,158,155,151,40,gdm_diag,0.5,2,1
9,2,834,809,797,331,gdm_diag,0.5,2,1
10,0,207,206,201,79,gdm_diag,0.5,2,1
10,1,158,155,151,40,gdm_diag,0.5,2,1
10,2,834,810,797,331,gdm_diag,0.5,2,1
1,0,186,90,90,90,gdm_diag,0.5,2,2
1,1,186,69,69,69,gdm_diag,0.5,2,2
1,2,828,15,15,5,gdm_diag,0.5,2,2
2,0,186,155,154,155,gdm_diag,0.5,2,2
2,1,186,113,113,113,gdm_diag,0.5,2,2
2,2,828,352,352,5,gdm_diag,0.5,2,2
3,0,186,175,167,175,gdm_diag,0.5,2,2
3,1,186,123,123,123,gdm_diag,0.5,2,2
3,2,828,636,635,10,gdm_diag,0.5,2,2
4,0,186,186,167,186,gdm_diag,0.5,2,2
4,1,186,140,140,140,gdm_diag,0.5,2,2
4,2,828,661,657,16,gdm_diag,0.5,2,2
5,0,186,186,167,186,gdm_diag,0.5,2,2
5,1,186,145,140,145,gdm_diag,0.5,2,2
5,2,828,693,682,39,gdm_diag,0.5,2,2
6,0,186,186,167,186,gdm_diag,0.5,2,2
6,1,186,148,140,148,gdm_diag,0.5,2,2
6,2,828,716,704,62,gdm_diag,0.5,2,2
7,0,186,186,167,186,gdm_diag,0.5,2,2
7,1,186,151,140,151,gdm_diag,0.5,2,2
7,2,828,716,704,62,gdm_diag,0.5,2,2
8,0,186,186,167,186,gdm_diag,0.5,2,2
8,1,186,170,141,170,gdm_diag,0.5,2,2
8,2,828,781,766,127,gdm_diag,0.5,2,2
9,0,186,186,167,186,gdm_diag,0.5,2,2
9,1,186,170,141,170,gdm_diag,0.5,2,2
9,2,828,782,767,127,gdm_diag,0.5,2,2
10,0,186,186,167,186,gdm_diag,0.5,2,2
10,1,186,179,141,179,gdm_diag,0.5,2,2
10,2,828,792,775,137,gdm_diag,0.5,2,2
1,0,409,0,0,0,gdm_diag,0.5,2,3
1,1,155,23,23,23,gdm_diag,0.5,2,3
1,2,635,147,146,147,gdm_diag,0.5,2,3
2,0,409,189,189,0,gdm_diag,0.5,2,3
2,1,155,23,23,23,gdm_diag,0.5,2,3
2,2,635,156,155,147,gdm_diag,0.5,2,3
3,0,409,353,353,0,gdm_diag,0.5,2,3
3,1,155,82,79,82,gdm_diag,0.5,2,3
3,2,635,340,330,331,gdm_diag,0.5,2,3
4,0,409,374,374,0,gdm_diag,0.5,2,3
4,1,155,124,121,82,gdm_diag,0.5,2,3
4,2,635,453,442,331,gdm_diag,0.5,2,3
5,0,409,377,375,0,gdm_diag,0.5,2,3
5,1,155,128,125,86,gdm_diag,0.5,2,3
5,2,635,478,465,356,gdm_diag,0.5,2,3
6,0,409,377,375,0,gdm_diag,0.5,2,3
6,1,155,148,145,86,gdm_diag,0.5,2,3
6,2,635,589,574,356,gdm_diag,0.5,2,3
7,0,409,377,375,0,gdm_diag,0.5,2,3
7,1,155,150,147,88,gdm_diag,0.5,2,3
7,2,635,597,579,364,gdm_diag,0.5,2,3
8,0,409,377,375,0,gdm_diag,0.5,2,3
8,1,155,151,148,88,gdm_diag,0.5,2,3
8,2,635,620,602,364,gdm_diag,0.5,2,3
9,0,409,377,375,0,gdm_diag,0.5,2,3
9,1,155,151,148,88,gdm_diag,0.5,2,3
9,2,635,620,602,364,gdm_diag,0.5,2,3
10,0,409,377,375,0,gdm_diag,0.5,2,3
10,1,155,151,148,88,gdm_diag,0.5,2,3
10,2,635,623,604,364,gdm_diag,0.5,2,3
1,0,518,310,308,310,gdm_diag,0.5,2,4
1,1,648,158,158,0,gdm_diag,0.5,2,4
1,2,32,0,0,0,gdm_diag,0.5,2,4
2,0,518,373,371,373,gdm_diag,0.5,2,4
2,1,648,450,448,0,gdm_diag,0.5,2,4
2,2,32,0,0,0,gdm_diag,0.5,2,4
3,0,518,390,388,390,gdm_diag,0.5,2,4
3,1,648,575,571,0,gdm_diag,0.5,2,4
3,2,32,0,0,0,gdm_diag,0.5,2,4
4,0,518,436,423,436,gdm_diag,0.5,2,4
4,1,648,606,597,0,gdm_diag,0.5,2,4
4,2,32,1,1,0,gdm_diag,0.5,2,4
5,0,518,476,424,476,gdm_diag,0.5,2,4
5,1,648,610,599,0,gdm_diag,0.5,2,4
5,2,32,24,24,0,gdm_diag,0.5,2,4
6,0,518,481,425,481,gdm_diag,0.5,2,4
6,1,648,610,599,0,gdm_diag,0.5,2,4
6,2,32,27,27,0,gdm_diag,0.5,2,4
7,0,518,509,425,509,gdm_diag,0.5,2,4
7,1,648,610,599,0,gdm_diag,0.5,2,4
7,2,32,27,27,0,gdm_diag,0.5,2,4
8,0,518,513,426,513,gdm_diag,0.5,2,4
8,1,648,610,599,0,gdm_diag,0.5,2,4
8,2,32,28,28,0,gdm_diag,0.5,2,4
9,0,518,516,427,516,gdm_diag,0.5,2,4
9,1,648,610,599,0,gdm_diag,0.5,2,4
9,2,32,28,28,0,gdm_diag,0.5,2,4
10,0,518,516,427,516,gdm_diag,0.5,2,4
10,1,648,610,599,0,gdm_diag,0.5,2,4
10,2,32,28,28,0,gdm_diag,0.5,2,4
1,0,221,0,0,0,gdm_diag,0.7,0,0
1,1,1018,167,167,167,gdm_diag,0.7,0,0
1,2,439,96,94,96,gdm_diag,0.7,0,0
2,0,221,125,125,0,gdm_diag,0.7,0,0
2,1,1018,259,259,167,gdm_diag,0.7,0,0
2,2,439,120,117,107,gdm_diag,0.7,0,0
3,0,221,193,193,0,gdm_diag,0.7,0,0
3,1,1018,453,452,171,gdm_diag,0.7,0,0
3,2,439,308,300,207,gdm_diag,0.7,0,0
4,0,221,207,207,0,gdm_diag,0.7,0,0
4,1,1018,767,760,189,gdm_diag,0.7,0,0
4,2,439,344,332,229,gdm_diag,0.7,0,0
5,0,221,213,209,0,gdm_diag,0.7,0,0
5,1,1018,982,968,404,gdm_diag,0.7,0,0
5,2,439,424,410,229,gdm_diag,0.7,0,0
6,0,221,213,209,0,gdm_diag,0.7,0,0
6,1,1018,987,971,409,gdm_diag,0.7,0,0
6,2,439,439,422,229,gdm_diag,0.7,0,0
7,0,221,213,209,0,gdm_diag,0.7,0,0
7,1,1018,990,973,412,gdm_diag,0.7,0,0
7,2,439,439,422,229,gdm_diag,0.7,0,0
8,0,221,213,209,0,gdm_diag,0.7,0,0
8,1,1018,993,975,414,gdm_diag,0.7,0,0
8,2,439,439,422,229,gdm_diag,0.7,0,0
9,0,221,213,209,0,gdm_diag,0.7,0,0
9,1,1018,993,975,414,gdm_diag,0.7,0,0
9,2,439,439,422,229,gdm_diag,0.7,0,0
10,0,221,213,209,0,gdm_diag,0.7,0,0
10,1,1018,1005,986,414,gdm_diag,0.7,0,0
10,2,439,439,422,229,gdm_diag,0.7,0,0
1,0,532,120,119,120,gdm_diag,0.7,0,1
1,1,264,90,90,90,gdm_diag,0.7,0,1
1,2,882,6,6,0,gdm_diag,0.7,0,1
2,0,532,129,128,120,gdm_diag,0.7,0,1
2,1,264,182,181,182,gdm_diag,0.7,0,1
2,2,882,250,250,0,gdm_diag,0.7,0,1
3,0,532,292,287,165,gdm_diag,0.7,0,1
3,1,264,207,206,207,gdm_diag,0.7,0,1
3,2,882,522,520,0,gdm_diag,0.7,0,1
4,0,532,355,350,177,gdm_diag,0.7,0,1
4,1,264,222,208,222,gdm_diag,0.7,0,1
4,2,882,671,669,0,gdm_diag,0.7,0,1
5,0,532,442,434,233,gdm_diag,0.7,0,1
5,1,264,238,209,238,gdm_diag,0.7,0,1
5,2,882,734,730,59,gdm_diag,0.7,0,1
6,0,532,492,483,242,gdm_diag,0.7,0,1
6,1,264,256,210,256,gdm_diag,0.7,0,1
6,2,882,734,730,59,gdm_diag,0.7,0,1
7,0,532,519,509,269,gdm_diag,0.7,0,1
7,1,264,256,210,256,gdm_diag,0.7,0,1
7,2,882,820,809,145,gdm_diag,0.7,0,1
8,0,532,528,517,269,gdm_diag,0.7,0,1
8,1,264,256,210,256,gdm_diag,0.7,0,1
8,2,882,826,815,145,gdm_diag,0.7,0,1
9,0,532,528,517,269,gdm_diag,0.7,0,1
9,1,264,256,210,256,gdm_diag,0.7,0,1
9,2,882,861,845,180,gdm_diag,0.7,0,1
10,0,532,528,517,269,gdm_diag,0.7,0,1
10,1,264,256,210,256,gdm_diag,0.7,0,1
10,2,882,861,845,180,gdm_diag,0.7,0,1
1,0,1172,190,189,190,gdm_diag,0.7,0,2
1,1,183,71,71,71,gdm_diag,0.7,0,2
1,2,323,0,0,0,gdm_diag,0.7,0,2
2,0,1172,317,316,190,gdm_diag,0.7,0,2
2,1,183,153,153,153,gdm_diag,0.7,0,2
2,2,323,191,191,0,gdm_diag,0.7,0,2
3,0,1172,697,694,218,gdm_diag,0.7,0,2
3,1,183,181,171,181,gdm_diag,0.7,0,2
3,2,323,312,310,0,gdm_diag,0.7,0,2
4,0,1172,821,815,222,gdm_diag,0.7,0,2
4,1,183,183,171,183,gdm_diag,0.7,0,2
4,2,323,313,310,0,gdm_diag,0.7,0,2
5,0,1172,988,973,328,gdm_diag,0.7,0,2
5,1,183,183,171,183,gdm_diag,0.7,0,2
5,2,323,316,310,0,gdm_diag,0.7,0,2
6,0,1172,1006,990,337,gdm_diag,0.7,0,2
6,1,183,183,171,183,gdm_diag,0.7,0,2
6,2,323,316,310,0,gdm_diag,0.7,0,2
7,0,1172,1133,1111,464,gdm_diag,0.7,0,2
7,1,183,183,171,183,gdm_diag,0.7,0,2
7,2,323,316,310,0,gdm_diag,0.7,0,2
8,0,1172,1136,1113,464,gdm_diag,0.7,0,2
8,1,183,183,171,183,gdm_diag,0.7,0,2
8,2,323,316,310,0,gdm_diag,0.7,0,2
9,0,1172,1148,1119,475,gdm_diag,0.7,0,2
9,1,183,183,171,183,gdm_diag,0.7,0,2
9,2,323,316,310,0,gdm_diag,0.7,0,2
10,0,1172,1149,1120,475,gdm_diag,0.7,0,2
10,1,183,183,171,183,gdm_diag,0.7,0,2
10,2,323,316,310,0,gdm_diag,0.7,0,2
1,0,1019,193,192,193,gdm_diag,0.7,0,3
1,1,191,67,66,67,gdm_diag,0.7,0,3
1,2,468,1,1,1,gdm_diag,0.7,0,3
2,0,1019,257,256,193,gdm_diag,0.7,0,3
2,1,191,67,66,67,gdm_diag,0.7,0,3
2,2,468,136,136,1,gdm_diag,0.7,0,3
3,0,1019,644,639,231,gdm_diag,0.7,0,3
3,1,191,98,97,98,gdm_diag,0.7,0,3
3,2,468,277,277,3,gdm_diag,0.7,0,3
4,0,1019,776,767,231,gdm_diag,0.7,0,3
4,1,191,110,109,110,gdm_diag,0.7,0,3
4,2,468,348,347,3,gdm_diag,0.7,0,3
5,0,1019,859,845,307,gdm_diag,0.7,0,3
5,1,191,115,114,115,gdm_diag,0.7,0,3
5,2,468,422,420,61,gdm_diag,0.7,0,3
6,0,1019,915,898,360,gdm_diag,0.7,0,3
6,1,191,159,158,115,gdm_diag,0.7,0,3
6,2,468,436,431,71,gdm_diag,0.7,0,3
7,0,1019,933,914,378,gdm_diag,0.7,0,3
7,1,191,171,170,115,gdm_diag,0.7,0,3
7,2,468,439,434,74,gdm_diag,0.7,0,3
8,0,1019,944,923,379,gdm_diag,0.7,0,3
8,1,191,171,170,115,gdm_diag,0.7,0,3
8,2,468,439,434,74,gdm_diag,0.7,0,3
9,0,1019,1017,990,452,gdm_diag,0.7,0,3
9,1,191,173,170,117,gdm_diag,0.7,0,3
9,2,468,456,448,91,gdm_diag,0.7,0,3
10,0,1019,1017,990,452,gdm_diag,0.7,0,3
10,1,191,191,187,117,gdm_diag,0.7,0,3
10,2,468,456,448,91,gdm_diag,0.7,0,3
1,0,634,207,204,207,gdm_diag,0.7,0,4
1,1,70,0,0,0,gdm_diag,0.7,0,4
1,2,974,136,136,57,gdm_diag,0.7,0,4
2,0,634,217,212,217,gdm_diag,0.7,0,4
2,1,70,19,19,0,gdm_diag,0.7,0,4
2,2,974,197,197,57,gdm_diag,0.7,0,4
3,0,634,343,336,276,gdm_diag,0.7,0,4
3,1,70,56,55,0,gdm_diag,0.7,0,4
3,2,974,583,582,77,gdm_diag,0.7,0,4
4,0,634,460,449,393,gdm_diag,0.7,0,4
4,1,70,63,62,0,gdm_diag,0.7,0,4
4,2,974,682,680,103,gdm_diag,0.7,0,4
5,0,634,568,555,393,gdm_diag,0.7,0,4
5,1,70,66,63,0,gdm_diag,0.7,0,4
5,2,974,819,805,103,gdm_diag,0.7,0,4
6,0,634,575,561,400,gdm_diag,0.7,0,4
6,1,70,66,63,0,gdm_diag,0.7,0,4
6,2,974,900,881,184,gdm_diag,0.7,0,4
7,0,634,604,589,400,gdm_diag,0.7,0,4
7,1,70,66,63,0,gdm_diag,0.7,0,4
7,2,974,904,884,187,gdm_diag,0.7,0,4
8,0,634,605,590,401,gdm_diag,0.7,0,4
8,1,70,66,63,0,gdm_diag,0.7,0,4
8,2,974,955,933,238,gdm_diag,0.7,0,4
9,0,634,611,596,401,gdm_diag,0.7,0,4
9,1,70,66,63,0,gdm_diag,0.7,0,4
9,2,974,956,933,238,gdm_diag,0.7,0,4
10,0,634,613,597,403,gdm_diag,0.7,0,4
10,1,70,66,63,0,gdm_diag,0.7,0,4
10,2,974,959,934,241,gdm_diag,0.7,0,4
1,0,782,0,0,0,gdm_diag,0.7,1,0
1,1,174,53,53,53,gdm_diag,0.7,1,0
1,2,721,122,121,122,gdm_diag,0.7,1,0
2,0,782,252,252,0,gdm_diag,0.7,1,0
2,1,174,163,162,163,gdm_diag,0.7,1,0
2,2,721,217,216,122,gdm_diag,0.7,1,0
3,0,782,507,506,26,gdm_diag,0.7,1,0
3,1,174,174,168,174,gdm_diag,0.7,1,0
3,2,721,413,411,131,gdm_diag,0.7,1,0
4,0,782,626,623,51,gdm_diag,0.7,1,0
4,1,174,174,168,174,gdm_diag,0.7,1,0
4,2,721,548,542,164,gdm_diag,0.7,1,0
5,0,782,708,702,132,gdm_diag,0.7,1,0
5,1,174,174,168,174,gdm_diag,0.7,1,0
5,2,721,595,587,180,gdm_diag,0.7,1,0
6,0,782,746,737,169,gdm_diag,0.7,1,0
6,1,174,174,168,174,gdm_diag,0.7,1,0
6,2,721,679,665,264,gdm_diag,0.7,1,0
7,0,782,748,739,171,gdm_diag,0.7,1,0
7,1,174,174,168,174,gdm_diag,0.7,1,0
7,2,721,709,691,294,gdm_diag,0.7,1,0
8,0,782,757,747,175,gdm_diag,0.7,1,0
8,1,174,174,168,174,gdm_diag,0.7,1,0
8,2,721,717,696,301,gdm_diag,0.7,1,0
9,0,782,768,757,186,gdm_diag,0.7,1,0
9,1,174,174,168,174,gdm_diag,0.7,1,0
9,2,721,718,697,302,gdm_diag,0.7,1,0
10,0,782,769,758,187,gdm_diag,0.7,1,0
10,1,174,174,168,174,gdm_diag,0.7,1,0
10,2,721,718,697,302,gdm_diag,0.7,1,0
1,0,372,53,52,53,gdm_diag,0.7,1,1
1,1,737,125,121,125,gdm_diag,0.7,1,1
1,2,569,132,131,132,gdm_diag,0.7,1,1
2,0,372,64,63,53,gdm_diag,0.7,1,1
2,1,737,125,121,125,gdm_diag,0.7,1,1
2,2,569,181,180,135,gdm_diag,0.7,1,1
3,0,372,118,116,54,gdm_diag,0.7,1,1
3,1,737,294,289,137,gdm_diag,0.7,1,1
3,2,569,389,387,184,gdm_diag,0.7,1,1
4,0,372,197,194,58,gdm_diag,0.7,1,1
4,1,737,578,572,180,gdm_diag,0.7,1,1
4,2,569,495,489,184,gdm_diag,0.7,1,1
5,0,372,247,242,81,gdm_diag,0.7,1,1
5,1,737,625,619,203,gdm_diag,0.7,1,1
5,2,569,532,525,215,gdm_diag,0.7,1,1
6,0,372,339,331,125,gdm_diag,0.7,1,1
6,1,737,681,672,238,gdm_diag,0.7,1,1
6,2,569,560,552,240,gdm_diag,0.7,1,1
7,0,372,354,346,139,gdm_diag,0.7,1,1
7,1,737,696,685,253,gdm_diag,0.7,1,1
7,2,569,560,552,240,gdm_diag,0.7,1,1
8,0,372,357,348,140,gdm_diag,0.7,1,1
8,1,737,704,692,257,gdm_diag,0.7,1,1
8,2,569,565,555,245,gdm_diag,0.7,1,1
9,0,372,365,356,140,gdm_diag,0.7,1,1
9,1,737,705,692,257,gdm_diag,0.7,1,1
9,2,569,565,555,245,gdm_diag,0.7,1,1
10,0,372,366,357,141,gdm_diag,0.7,1,1
10,1,737,705,692,257,gdm_diag,0.7,1,1
10,2,569,565,555,245,gdm_diag,0.7,1,1
1,0,325,75,74,75,gdm_diag,0.7,1,2
1,1,290,9,9,3,gdm_diag,0.7,1,2
1,2,1062,141,141,134,gdm_diag,0.7,1,2
2,0,325,125,123,125,gdm_diag,0.7,1,2
2,1,290,54,54,3,gdm_diag,0.7,1,2
2,2,1062,149,149,134,gdm_diag,0.7,1,2
3,0,325,184,181,172,gdm_diag,0.7,1,2
3,1,290,118,118,39,gdm_diag,0.7,1,2
3,2,1062,393,390,182,gdm_diag,0.7,1,2
4,0,325,257,253,181,gdm_diag,0.7,1,2
4,1,290,166,164,51,gdm_diag,0.7,1,2
4,2,1062,536,526,318,gdm_diag,0.7,1,2
5,0,325,301,296,181,gdm_diag,0.7,1,2
5,1,290,240,237,57,gdm_diag,0.7,1,2
5,2,1062,720,707,368,gdm_diag,0.7,1,2
6,0,325,314,308,190,gdm_diag,0.7,1,2
6,1,290,258,254,69,gdm_diag,0.7,1,2
6,2,1062,1006,990,374,gdm_diag,0.7,1,2
7,0,325,314,308,190,gdm_diag,0.7,1,2
7,1,290,263,259,74,gdm_diag,0.7,1,2
7,2,1062,1031,1014,375,gdm_diag,0.7,1,2
8,0,325,320,314,190,gdm_diag,0.7,1,2
8,1,290,269,265,80,gdm_diag,0.7,1,2
8,2,1062,1040,1019,379,gdm_diag,0.7,1,2
9,0,325,321,314,190,gdm_diag,0.7,1,2
9,1,290,270,265,80,gdm_diag,0.7,1,2
9,2,1062,1043,1020,380,gdm_diag,0.7,1,2
10,0,325,321,314,190,gdm_diag,0.7,1,2
10,1,290,271,265,81,gdm_diag,0.7,1,2
10,2,1062,1044,1021,381,gdm_diag,0.7,1,2
1,0,307,129,129,129,gdm_diag,0.7,1,3
1,1,331,2,2,0,gdm_diag,0.7,1,3
1,2,1040,63,62,39,gdm_diag,0.7,1,3
2,0,307,291,289,291,gdm_diag,0.7,1,3
2,1,331,147,147,0,gdm_diag,0.7,1,3
2,2,1040,189,188,39,gdm_diag,0.7,1,3
3,0,307,307,294,307,gdm_diag,0.7,1,3
3,1,331,220,219,0,gdm_diag,0.7,1,3
3,2,1040,566,562,142,gdm_diag,0.7,1,3
4,0,307,307,294,307,gdm_diag,0.7,1,3
4,1,331,277,273,0,gdm_diag,0.7,1,3
4,2,1040,783,773,190,gdm_diag,0.7,1,3
5,0,307,307,294,307,gdm_diag,0.7,1,3
5,1,331,293,282,0,gdm_diag,0.7,1,3
5,2,1040,933,920,231,gdm_diag,0.7,1,3
6,0,307,307,294,307,gdm_diag,0.7,1,3
6,1,331,293,282,0,gdm_diag,0.7,1,3
6,2,1040,1013,997,305,gdm_diag,0.7,1,3
7,0,307,307,294,307,gdm_diag,0.7,1,3
7,1,331,293,282,0,gdm_diag,0.7,1,3
7,2,1040,1021,1002,313,gdm_diag,0.7,1,3
8,0,307,307,294,307,gdm_diag,0.7,1,3
8,1,331,293,282,0,gdm_diag,0.7,1,3
8,2,1040,1031,1010,322,gdm_diag,0.7,1,3
9,0,307,307,294,307,gdm_diag,0.7,1,3
9,1,331,293,282,0,gdm_diag,0.7,1,3
9,2,1040,1031,1010,322,gdm_diag,0.7,1,3
10,0,307,307,294,307,gdm_diag,0.7,1,3
10,1,331,293,282,0,gdm_diag,0.7,1,3
10,2,1040,1032,1011,323,gdm_diag,0.7,1,3
1,0,468,26,26,0,gdm_diag,0.7,1,4
1,1,971,262,260,262,gdm_diag,0.7,1,4
1,2,239,29,29,0,gdm_diag,0.7,1,4
2,0,468,251,251,0,gdm_diag,0.7,1,4
2,1,971,280,278,280,gdm_diag,0.7,1,4
2,2,239,49,49,0,gdm_diag,0.7,1,4
3,0,468,375,373,0,gdm_diag,0.7,1,4
3,1,971,562,557,427,gdm_diag,0.7,1,4
3,2,239,94,93,0,gdm_diag,0.7,1,4
4,0,468,420,417,0,gdm_diag,0.7,1,4
4,1,971,680,673,532,gdm_diag,0.7,1,4
4,2,239,109,108,0,gdm_diag,0.7,1,4
5,0,468,422,418,0,gdm_diag,0.7,1,4
5,1,971,767,758,541,gdm_diag,0.7,1,4
5,2,239,141,139,0,gdm_diag,0.7,1,4
6,0,468,422,418,0,gdm_diag,0.7,1,4
6,1,971,795,785,549,gdm_diag,0.7,1,4
6,2,239,188,181,5,gdm_diag,0.7,1,4
7,0,468,422,418,0,gdm_diag,0.7,1,4
7,1,971,836,825,554,gdm_diag,0.7,1,4
7,2,239,201,194,17,gdm_diag,0.7,1,4
8,0,468,422,418,0,gdm_diag,0.7,1,4
8,1,971,878,866,554,gdm_diag,0.7,1,4
8,2,239,204,195,17,gdm_diag,0.7,1,4
9,0,468,422,418,0,gdm_diag,0.7,1,4
9,1,971,879,867,555,gdm_diag,0.7,1,4
9,2,239,220,210,33,gdm_diag,0.7,1,4
10,0,468,422,418,0,gdm_diag,0.7,1,4
10,1,971,931,915,555,gdm_diag,0.7,1,4
10,2,239,221,211,33,gdm_diag,0.7,1,4
1,0,1017,0,0,0,gdm_diag,0.7,2,0
1,1,490,226,226,226,gdm_diag,0.7,2,0
1,2,170,0,0,0,gdm_diag,0.7,2,0
2,0,1017,325,325,0,gdm_diag,0.7,2,0
2,1,490,478,473,478,gdm_diag,0.7,2,0
2,2,170,0,0,0,gdm_diag,0.7,2,0
3,0,1017,683,681,0,gdm_diag,0.7,2,0
3,1,490,485,479,485,gdm_diag,0.7,2,0
3,2,170,37,37,0,gdm_diag,0.7,2,0
4,0,1017,834,832,0,gdm_diag,0.7,2,0
4,1,490,490,484,490,gdm_diag,0.7,2,0
4,2,170,77,77,0,gdm_diag,0.7,2,0
5,0,1017,873,870,0,gdm_diag,0.7,2,0
5,1,490,490,484,490,gdm_diag,0.7,2,0
5,2,170,88,87,8,gdm_diag,0.7,2,0
6,0,1017,875,872,0,gdm_diag,0.7,2,0
6,1,490,490,484,490,gdm_diag,0.7,2,0
6,2,170,145,143,28,gdm_diag,0.7,2,0
7,0,1017,914,909,39,gdm_diag,0.7,2,0
7,1,490,490,484,490,gdm_diag,0.7,2,0
7,2,170,156,154,34,gdm_diag,0.7,2,0
8,0,1017,916,911,39,gdm_diag,0.7,2,0
8,1,490,490,484,490,gdm_diag,0.7,2,0
8,2,170,159,156,37,gdm_diag,0.7,2,0
9,0,1017,932,927,55,gdm_diag,0.7,2,0
9,1,490,490,484,490,gdm_diag,0.7,2,0
9,2,170,166,163,44,gdm_diag,0.7,2,0
10,0,1017,942,936,64,gdm_diag,0.7,2,0
10,1,490,490,484,490,gdm_diag,0.7,2,0
10,2,170,169,166,47,gdm_diag,0.7,2,0
1,0,290,28,28,19,gdm_diag,0.7,2,1
1,1,222,44,44,0,gdm_diag,0.7,2,1
1,2,1167,137,137,137,gdm_diag,0.7,2,1
2,0,290,28,28,19,gdm_diag,0.7,2,1
2,1,222,92,91,0,gdm_diag,0.7,2,1
2,2,1167,211,211,137,gdm_diag,0.7,2,1
3,0,290,102,101,41,gdm_diag,0.7,2,1
3,1,222,135,133,3,gdm_diag,0.7,2,1
3,2,1167,635,633,222,gdm_diag,0.7,2,1
4,0,290,149,148,43,gdm_diag,0.7,2,1
4,1,222,148,143,8,gdm_diag,0.7,2,1
4,2,1167,802,796,222,gdm_diag,0.7,2,1
5,0,290,220,218,43,gdm_diag,0.7,2,1
5,1,222,194,186,54,gdm_diag,0.7,2,1
5,2,1167,1068,1056,413,gdm_diag,0.7,2,1
6,0,290,278,274,101,gdm_diag,0.7,2,1
6,1,222,218,209,57,gdm_diag,0.7,2,1
6,2,1167,1081,1068,422,gdm_diag,0.7,2,1
7,0,290,283,278,106,gdm_diag,0.7,2,1
7,1,222,218,209,57,gdm_diag,0.7,2,1
7,2,1167,1133,1116,471,gdm_diag,0.7,2,1
8,0,290,286,278,109,gdm_diag,0.7,2,1
8,1,222,218,209,57,gdm_diag,0.7,2,1
8,2,1167,1135,1117,473,gdm_diag,0.7,2,1
9,0,290,289,279,112,gdm_diag,0.7,2,1
9,1,222,218,209,57,gdm_diag,0.7,2,1
9,2,1167,1145,1125,481,gdm_diag,0.7,2,1
10,0,290,290,279,113,gdm_diag,0.7,2,1
10,1,222,218,209,57,gdm_diag,0.7,2,1
10,2,1167,1145,1125,481,gdm_diag,0.7,2,1
1,0,259,110,110,110,gdm_diag,0.7,2,2
1,1,260,103,103,103,gdm_diag,0.7,2,2
1,2,1159,47,47,1,gdm_diag,0.7,2,2
2,0,259,195,194,195,gdm_diag,0.7,2,2
2,1,260,172,172,172,gdm_diag,0.7,2,2
2,2,1159,481,481,1,gdm_diag,0.7,2,2
3,0,259,239,227,239,gdm_diag,0.7,2,2
3,1,260,176,176,176,gdm_diag,0.7,2,2
3,2,1159,880,878,2,gdm_diag,0.7,2,2
4,0,259,259,233,259,gdm_diag,0.7,2,2
4,1,260,197,197,197,gdm_diag,0.7,2,2
4,2,1159,918,914,9,gdm_diag,0.7,2,2
5,0,259,259,233,259,gdm_diag,0.7,2,2
5,1,260,197,197,197,gdm_diag,0.7,2,2
5,2,1159,945,934,24,gdm_diag,0.7,2,2
6,0,259,259,233,259,gdm_diag,0.7,2,2
6,1,260,208,198,208,gdm_diag,0.7,2,2
6,2,1159,1000,987,78,gdm_diag,0.7,2,2
7,0,259,259,233,259,gdm_diag,0.7,2,2
7,1,260,208,198,208,gdm_diag,0.7,2,2
7,2,1159,1003,989,81,gdm_diag,0.7,2,2
8,0,259,259,233,259,gdm_diag,0.7,2,2
8,1,260,235,198,235,gdm_diag,0.7,2,2
8,2,1159,1075,1058,153,gdm_diag,0.7,2,2
9,0,259,259,233,259,gdm_diag,0.7,2,2
9,1,260,235,198,235,gdm_diag,0.7,2,2
9,2,1159,1078,1060,153,gdm_diag,0.7,2,2
10,0,259,259,233,259,gdm_diag,0.7,2,2
10,1,260,247,198,247,gdm_diag,0.7,2,2
10,2,1159,1112,1092,187,gdm_diag,0.7,2,2
1,0,573,22,22,0,gdm_diag,0.7,2,3
1,1,217,34,33,34,gdm_diag,0.7,2,3
1,2,889,213,210,213,gdm_diag,0.7,2,3
2,0,573,375,373,0,gdm_diag,0.7,2,3
2,1,217,34,33,34,gdm_diag,0.7,2,3
2,2,889,226,222,221,gdm_diag,0.7,2,3
3,0,573,522,520,0,gdm_diag,0.7,2,3
3,1,217,67,64,67,gdm_diag,0.7,2,3
3,2,889,499,483,467,gdm_diag,0.7,2,3
4,0,573,531,526,0,gdm_diag,0.7,2,3
4,1,217,123,120,67,gdm_diag,0.7,2,3
4,2,889,679,661,480,gdm_diag,0.7,2,3
5,0,573,535,530,0,gdm_diag,0.7,2,3
5,1,217,161,158,105,gdm_diag,0.7,2,3
5,2,889,704,680,505,gdm_diag,0.7,2,3
6,0,573,535,530,0,gdm_diag,0.7,2,3
6,1,217,203,199,108,gdm_diag,0.7,2,3
6,2,889,861,830,509,gdm_diag,0.7,2,3
7,0,573,535,530,0,gdm_diag,0.7,2,3
7,1,217,215,211,120,gdm_diag,0.7,2,3
7,2,889,863,832,511,gdm_diag,0.7,2,3
8,0,573,536,530,0,gdm_diag,0.7,2,3
8,1,217,216,212,120,gdm_diag,0.7,2,3
8,2,889,869,838,511,gdm_diag,0.7,2,3
9,0,573,536,530,0,gdm_diag,0.7,2,3
9,1,217,217,213,121,gdm_diag,0.7,2,3
9,2,889,869,838,511,gdm_diag,0.7,2,3
10,0,573,536,530,0,gdm_diag,0.7,2,3
10,1,217,217,213,121,gdm_diag,0.7,2,3
10,2,889,869,838,511,gdm_diag,0.7,2,3
1,0,725,397,396,397,gdm_diag,0.7,2,4
1,1,909,203,203,0,gdm_diag,0.7,2,4
1,2,44,0,0,0,gdm_diag,0.7,2,4
2,0,725,523,521,523,gdm_diag,0.7,2,4
2,1,909,594,593,0,gdm_diag,0.7,2,4
2,2,44,0,0,0,gdm_diag,0.7,2,4
3,0,725,561,559,561,gdm_diag,0.7,2,4
3,1,909,734,732,0,gdm_diag,0.7,2,4
3,2,44,0,0,0,gdm_diag,0.7,2,4
4,0,725,608,591,608,gdm_diag,0.7,2,4
4,1,909,843,834,0,gdm_diag,0.7,2,4
4,2,44,16,16,0,gdm_diag,0.7,2,4
5,0,725,652,593,652,gdm_diag,0.7,2,4
5,1,909,847,838,0,gdm_diag,0.7,2,4
5,2,44,26,26,0,gdm_diag,0.7,2,4
6,0,725,660,594,660,gdm_diag,0.7,2,4
6,1,909,847,838,0,gdm_diag,0.7,2,4
6,2,44,33,33,0,gdm_diag,0.7,2,4
7,0,725,699,596,699,gdm_diag,0.7,2,4
7,1,909,847,838,0,gdm_diag,0.7,2,4
7,2,44,33,33,0,gdm_diag,0.7,2,4
8,0,725,710,596,710,gdm_diag,0.7,2,4
8,1,909,847,838,0,gdm_diag,0.7,2,4
8,2,44,34,34,0,gdm_diag,0.7,2,4
9,0,725,721,597,721,gdm_diag,0.7,2,4
9,1,909,847,838,0,gdm_diag,0.7,2,4
9,2,44,34,34,0,gdm_diag,0.7,2,4
10,0,725,721,597,721,gdm_diag,0.7,2,4
10,1,909,847,838,0,gdm_diag,0.7,2,4
10,2,44,36,36,0,gdm_diag,0.7,2,4
1,0,253,0,0,0,gdm_diag,0.8,0,0
1,1,1163,179,178,179,gdm_diag,0.8,0,0
1,2,501,108,106,108,gdm_diag,0.8,0,0
2,0,253,131,131,0,gdm_diag,0.8,0,0
2,1,1163,227,226,179,gdm_diag,0.8,0,0
2,2,501,108,106,108,gdm_diag,0.8,0,0
3,0,253,221,221,0,gdm_diag,0.8,0,0
3,1,1163,601,599,233,gdm_diag,0.8,0,0
3,2,501,273,268,215,gdm_diag,0.8,0,0
4,0,253,233,232,0,gdm_diag,0.8,0,0
4,1,1163,789,786,233,gdm_diag,0.8,0,0
4,2,501,316,310,247,gdm_diag,0.8,0,0
5,0,253,241,238,0,gdm_diag,0.8,0,0
5,1,1163,959,951,293,gdm_diag,0.8,0,0
5,2,501,355,346,261,gdm_diag,0.8,0,0
6,0,253,241,238,0,gdm_diag,0.8,0,0
6,1,1163,1067,1054,401,gdm_diag,0.8,0,0
6,2,501,420,409,263,gdm_diag,0.8,0,0
7,0,253,241,238,0,gdm_diag,0.8,0,0
7,1,1163,1096,1082,430,gdm_diag,0.8,0,0
7,2,501,453,440,263,gdm_diag,0.8,0,0
8,0,253,241,238,0,gdm_diag,0.8,0,0
8,1,1163,1123,1106,457,gdm_diag,0.8,0,0
8,2,501,476,462,263,gdm_diag,0.8,0,0
9,0,253,241,238,0,gdm_diag,0.8,0,0
9,1,1163,1140,1120,474,gdm_diag,0.8,0,0
9,2,501,480,466,263,gdm_diag,0.8,0,0
10,0,253,241,238,0,gdm_diag,0.8,0,0
10,1,1163,1144,1123,475,gdm_diag,0.8,0,0
10,2,501,489,475,263,gdm_diag,0.8,0,0
1,0,607,142,140,142,gdm_diag,0.8,0,1
1,1,302,109,109,109,gdm_diag,0.8,0,1
1,2,1008,7,7,0,gdm_diag,0.8,0,1
2,0,607,173,171,144,gdm_diag,0.8,0,1
2,1,302,210,209,210,gdm_diag,0.8,0,1
2,2,1008,306,306,0,gdm_diag,0.8,0,1
3,0,607,300,293,184,gdm_diag,0.8,0,1
3,1,302,244,238,244,gdm_diag,0.8,0,1
3,2,1008,676,675,14,gdm_diag,0.8,0,1
4,0,607,362,355,195,gdm_diag,0.8,0,1
4,1,302,263,239,263,gdm_diag,0.8,0,1
4,2,1008,785,782,14,gdm_diag,0.8,0,1
5,0,607,481,471,272,gdm_diag,0.8,0,1
5,1,302,290,239,290,gdm_diag,0.8,0,1
5,2,1008,871,863,94,gdm_diag,0.8,0,1
6,0,607,595,584,305,gdm_diag,0.8,0,1
6,1,302,293,239,293,gdm_diag,0.8,0,1
6,2,1008,885,872,106,gdm_diag,0.8,0,1
7,0,607,600,589,310,gdm_diag,0.8,0,1
7,1,302,293,239,293,gdm_diag,0.8,0,1
7,2,1008,940,923,161,gdm_diag,0.8,0,1
8,0,607,603,592,310,gdm_diag,0.8,0,1
8,1,302,293,239,293,gdm_diag,0.8,0,1
8,2,1008,948,926,161,gdm_diag,0.8,0,1
9,0,607,603,592,310,gdm_diag,0.8,0,1
9,1,302,293,239,293,gdm_diag,0.8,0,1
9,2,1008,979,953,192,gdm_diag,0.8,0,1
10,0,607,603,592,310,gdm_diag,0.8,0,1
10,1,302,293,239,293,gdm_diag,0.8,0,1
10,2,1008,983,953,192,gdm_diag,0.8,0,1
1,0,1340,180,180,180,gdm_diag,0.8,0,2
1,1,209,97,97,97,gdm_diag,0.8,0,2
1,2,369,1,1,0,gdm_diag,0.8,0,2
2,0,1340,364,364,187,gdm_diag,0.8,0,2
2,1,209,179,178,179,gdm_diag,0.8,0,2
2,2,369,252,252,0,gdm_diag,0.8,0,2
3,0,1340,805,800,255,gdm_diag,0.8,0,2
3,1,209,206,195,206,gdm_diag,0.8,0,2
3,2,369,353,351,0,gdm_diag,0.8,0,2
4,0,1340,1009,1000,311,gdm_diag,0.8,0,2
4,1,209,209,195,209,gdm_diag,0.8,0,2
4,2,369,355,352,0,gdm_diag,0.8,0,2
5,0,1340,1156,1136,428,gdm_diag,0.8,0,2
5,1,209,209,195,209,gdm_diag,0.8,0,2
5,2,369,356,352,0,gdm_diag,0.8,0,2
6,0,1340,1222,1196,466,gdm_diag,0.8,0,2
6,1,209,209,195,209,gdm_diag,0.8,0,2
6,2,369,356,352,0,gdm_diag,0.8,0,2
7,0,1340,1269,1239,507,gdm_diag,0.8,0,2
7,1,209,209,195,209,gdm_diag,0.8,0,2
7,2,369,356,352,0,gdm_diag,0.8,0,2
8,0,1340,1291,1260,524,gdm_diag,0.8,0,2
8,1,209,209,195,209,gdm_diag,0.8,0,2
8,2,369,356,352,0,gdm_diag,0.8,0,2
9,0,1340,1319,1287,552,gdm_diag,0.8,0,2
9,1,209,209,195,209,gdm_diag,0.8,0,2
9,2,369,356,352,0,gdm_diag,0.8,0,2
10,0,1340,1321,1288,552,gdm_diag,0.8,0,2
10,1,209,209,195,209,gdm_diag,0.8,0,2
10,2,369,356,352,0,gdm_diag,0.8,0,2
1,0,1165,233,231,233,gdm_diag,0.8,0,3
1,1,217,68,67,68,gdm_diag,0.8,0,3
1,2,535,2,2,2,gdm_diag,0.8,0,3
2,0,1165,351,349,233,gdm_diag,0.8,0,3
2,1,217,68,67,68,gdm_diag,0.8,0,3
2,2,535,229,229,2,gdm_diag,0.8,0,3
3,0,1165,716,705,364,gdm_diag,0.8,0,3
3,1,217,116,114,109,gdm_diag,0.8,0,3
3,2,535,353,353,23,gdm_diag,0.8,0,3
4,0,1165,982,968,368,gdm_diag,0.8,0,3
4,1,217,156,154,114,gdm_diag,0.8,0,3
4,2,535,429,427,24,gdm_diag,0.8,0,3
5,0,1165,1130,1105,516,gdm_diag,0.8,0,3
5,1,217,167,165,125,gdm_diag,0.8,0,3
5,2,535,504,497,96,gdm_diag,0.8,0,3
6,0,1165,1138,1109,518,gdm_diag,0.8,0,3
6,1,217,215,213,132,gdm_diag,0.8,0,3
6,2,535,516,508,96,gdm_diag,0.8,0,3
7,0,1165,1145,1115,521,gdm_diag,0.8,0,3
7,1,217,216,214,133,gdm_diag,0.8,0,3
7,2,535,528,516,108,gdm_diag,0.8,0,3
8,0,1165,1153,1123,521,gdm_diag,0.8,0,3
8,1,217,216,214,133,gdm_diag,0.8,0,3
8,2,535,528,516,108,gdm_diag,0.8,0,3
9,0,1165,1155,1124,523,gdm_diag,0.8,0,3
9,1,217,216,214,133,gdm_diag,0.8,0,3
9,2,535,529,516,109,gdm_diag,0.8,0,3
10,0,1165,1156,1125,524,gdm_diag,0.8,0,3
10,1,217,216,214,133,gdm_diag,0.8,0,3
10,2,535,530,517,110,gdm_diag,0.8,0,3
1,0,724,233,232,233,gdm_diag,0.8,0,4
1,1,80,0,0,0,gdm_diag,0.8,0,4
1,2,1114,163,163,45,gdm_diag,0.8,0,4
2,0,724,262,259,262,gdm_diag,0.8,0,4
2,1,80,0,0,0,gdm_diag,0.8,0,4
2,2,1114,193,193,52,gdm_diag,0.8,0,4
3,0,724,420,413,322,gdm_diag,0.8,0,4
3,1,80,54,53,0,gdm_diag,0.8,0,4
3,2,1114,786,778,75,gdm_diag,0.8,0,4
4,0,724,545,534,447,gdm_diag,0.8,0,4
4,1,80,63,62,0,gdm_diag,0.8,0,4
4,2,1114,884,873,144,gdm_diag,0.8,0,4
5,0,724,673,660,447,gdm_diag,0.8,0,4
5,1,80,72,70,0,gdm_diag,0.8,0,4
5,2,1114,967,946,144,gdm_diag,0.8,0,4
6,0,724,679,664,453,gdm_diag,0.8,0,4
6,1,80,72,70,0,gdm_diag,0.8,0,4
6,2,1114,1021,999,198,gdm_diag,0.8,0,4
7,0,724,711,692,453,gdm_diag,0.8,0,4
7,1,80,72,70,0,gdm_diag,0.8,0,4
7,2,1114,1025,1002,201,gdm_diag,0.8,0,4
8,0,724,713,693,455,gdm_diag,0.8,0,4
8,1,80,72,70,0,gdm_diag,0.8,0,4
8,2,1114,1070,1043,246,gdm_diag,0.8,0,4
9,0,724,718,697,455,gdm_diag,0.8,0,4
9,1,80,72,70,0,gdm_diag,0.8,0,4
9,2,1114,1072,1044,246,gdm_diag,0.8,0,4
10,0,724,719,698,456,gdm_diag,0.8,0,4
10,1,80,72,70,0,gdm_diag,0.8,0,4
10,2,1114,1107,1072,281,gdm_diag,0.8,0,4
1,0,894,0,0,0,gdm_diag,0.8,1,0
1,1,199,80,80,80,gdm_diag,0.8,1,0
1,2,825,112,112,112,gdm_diag,0.8,1,0
2,0,894,216,216,0,gdm_diag,0.8,1,0
2,1,199,176,175,176,gdm_diag,0.8,1,0
2,2,825,244,244,131,gdm_diag,0.8,1,0
3,0,894,323,323,0,gdm_diag,0.8,1,0
3,1,199,197,191,197,gdm_diag,0.8,1,0
3,2,825,556,553,198,gdm_diag,0.8,1,0
4,0,894,617,616,3,gdm_diag,0.8,1,0
4,1,199,199,192,199,gdm_diag,0.8,1,0
4,2,825,632,627,228,gdm_diag,0.8,1,0
5,0,894,727,726,81,gdm_diag,0.8,1,0
5,1,199,199,192,199,gdm_diag,0.8,1,0
5,2,825,714,705,244,gdm_diag,0.8,1,0
6,0,894,826,821,168,gdm_diag,0.8,1,0
6,1,199,199,192,199,gdm_diag,0.8,1,0
6,2,825,768,753,295,gdm_diag,0.8,1,0
7,0,894,853,846,195,gdm_diag,0.8,1,0
7,1,199,199,192,199,gdm_diag,0.8,1,0
7,2,825,811,790,335,gdm_diag,0.8,1,0
8,0,894,861,853,201,gdm_diag,0.8,1,0
8,1,199,199,192,199,gdm_diag,0.8,1,0
8,2,825,821,798,344,gdm_diag,0.8,1,0
9,0,894,879,867,219,gdm_diag,0.8,1,0
9,1,199,199,192,199,gdm_diag,0.8,1,0
9,2,825,824,798,345,gdm_diag,0.8,1,0
10,0,894,882,870,222,gdm_diag,0.8,1,0
10,1,199,199,192,199,gdm_diag,0.8,1,0
10,2,825,824,798,345,gdm_diag,0.8,1,0
1,0,424,56,55,56,gdm_diag,0.8,1,1
1,1,842,120,117,120,gdm_diag,0.8,1,1
1,2,651,153,151,153,gdm_diag,0.8,1,1
2,0,424,70,69,56,gdm_diag,0.8,1,1
2,1,842,161,158,120,gdm_diag,0.8,1,1
2,2,651,190,188,156,gdm_diag,0.8,1,1
3,0,424,141,138,70,gdm_diag,0.8,1,1
3,1,842,340,336,127,gdm_diag,0.8,1,1
3,2,651,440,437,226,gdm_diag,0.8,1,1
4,0,424,191,186,116,gdm_diag,0.8,1,1
4,1,842,490,481,275,gdm_diag,0.8,1,1
4,2,651,561,555,228,gdm_diag,0.8,1,1
5,0,424,261,254,136,gdm_diag,0.8,1,1
5,1,842,529,517,302,gdm_diag,0.8,1,1
5,2,651,589,582,228,gdm_diag,0.8,1,1
6,0,424,358,350,143,gdm_diag,0.8,1,1
6,1,842,664,647,305,gdm_diag,0.8,1,1
6,2,651,640,631,279,gdm_diag,0.8,1,1
7,0,424,382,374,148,gdm_diag,0.8,1,1
7,1,842,739,722,305,gdm_diag,0.8,1,1
7,2,651,643,633,282,gdm_diag,0.8,1,1
8,0,424,388,379,148,gdm_diag,0.8,1,1
8,1,842,788,770,307,gdm_diag,0.8,1,1
8,2,651,646,636,282,gdm_diag,0.8,1,1
9,0,424,400,391,156,gdm_diag,0.8,1,1
9,1,842,828,807,308,gdm_diag,0.8,1,1
9,2,651,647,637,282,gdm_diag,0.8,1,1
10,0,424,404,395,156,gdm_diag,0.8,1,1
10,1,842,828,807,308,gdm_diag,0.8,1,1
10,2,651,647,637,282,gdm_diag,0.8,1,1
1,0,372,90,89,90,gdm_diag,0.8,1,2
1,1,332,11,11,10,gdm_diag,0.8,1,2
1,2,1213,154,154,153,gdm_diag,0.8,1,2
2,0,372,114,112,114,gdm_diag,0.8,1,2
2,1,332,111,111,10,gdm_diag,0.8,1,2
2,2,1213,354,353,165,gdm_diag,0.8,1,2
3,0,372,154,152,154,gdm_diag,0.8,1,2
3,1,332,211,209,48,gdm_diag,0.8,1,2
3,2,1213,603,599,239,gdm_diag,0.8,1,2
4,0,372,252,249,216,gdm_diag,0.8,1,2
4,1,332,249,245,58,gdm_diag,0.8,1,2
4,2,1213,776,761,369,gdm_diag,0.8,1,2
5,0,372,350,345,216,gdm_diag,0.8,1,2
5,1,332,261,257,63,gdm_diag,0.8,1,2
5,2,1213,1005,980,430,gdm_diag,0.8,1,2
6,0,372,355,349,217,gdm_diag,0.8,1,2
6,1,332,306,298,88,gdm_diag,0.8,1,2
6,2,1213,1193,1163,436,gdm_diag,0.8,1,2
7,0,372,355,349,217,gdm_diag,0.8,1,2
7,1,332,321,310,103,gdm_diag,0.8,1,2
7,2,1213,1194,1163,437,gdm_diag,0.8,1,2
8,0,372,363,357,217,gdm_diag,0.8,1,2
8,1,332,321,310,103,gdm_diag,0.8,1,2
8,2,1213,1200,1168,443,gdm_diag,0.8,1,2
9,0,372,363,357,217,gdm_diag,0.8,1,2
9,1,332,321,310,103,gdm_diag,0.8,1,2
9,2,1213,1202,1169,444,gdm_diag,0.8,1,2
10,0,372,363,357,217,gdm_diag,0.8,1,2
10,1,332,321,310,103,gdm_diag,0.8,1,2
10,2,1213,1202,1169,444,gdm_diag,0.8,1,2
1,0,351,148,148,148,gdm_diag,0.8,1,3
1,1,378,3,3,0,gdm_diag,0.8,1,3
1,2,1188,103,103,54,gdm_diag,0.8,1,3
2,0,351,312,310,312,gdm_diag,0.8,1,3
2,1,378,108,108,0,gdm_diag,0.8,1,3
2,2,1188,139,139,54,gdm_diag,0.8,1,3
3,0,351,350,335,350,gdm_diag,0.8,1,3
3,1,378,228,228,0,gdm_diag,0.8,1,3
3,2,1188,661,658,177,gdm_diag,0.8,1,3
4,0,351,351,336,351,gdm_diag,0.8,1,3
4,1,378,302,299,0,gdm_diag,0.8,1,3
4,2,1188,828,821,232,gdm_diag,0.8,1,3
5,0,351,351,336,351,gdm_diag,0.8,1,3
5,1,378,323,318,0,gdm_diag,0.8,1,3
5,2,1188,1075,1065,288,gdm_diag,0.8,1,3
6,0,351,351,336,351,gdm_diag,0.8,1,3
6,1,378,330,324,0,gdm_diag,0.8,1,3
6,2,1188,1150,1136,353,gdm_diag,0.8,1,3
7,0,351,351,336,351,gdm_diag,0.8,1,3
7,1,378,331,324,0,gdm_diag,0.8,1,3
7,2,1188,1169,1151,372,gdm_diag,0.8,1,3
8,0,351,351,336,351,gdm_diag,0.8,1,3
8,1,378,331,324,0,gdm_diag,0.8,1,3
8,2,1188,1174,1154,373,gdm_diag,0.8,1,3
9,0,351,351,336,351,gdm_diag,0.8,1,3
9,1,378,331,324,0,gdm_diag,0.8,1,3
9,2,1188,1175,1154,374,gdm_diag,0.8,1,3
10,0,351,351,336,351,gdm_diag,0.8,1,3
10,1,378,331,324,0,gdm_diag,0.8,1,3
10,2,1188,1175,1154,374,gdm_diag,0.8,1,3
1,0,534,38,38,0,gdm_diag,0.8,1,4
1,1,1111,289,287,289,gdm_diag,0.8,1,4
1,2,272,32,32,0,gdm_diag,0.8,1,4
2,0,534,224,224,0,gdm_diag,0.8,1,4
2,1,1111,363,360,363,gdm_diag,0.8,1,4
2,2,272,32,32,0,gdm_diag,0.8,1,4
3,0,534,455,452,0,gdm_diag,0.8,1,4
3,1,1111,671,665,506,gdm_diag,0.8,1,4
3,2,272,104,103,0,gdm_diag,0.8,1,4
4,0,534,476,473,0,gdm_diag,0.8,1,4
4,1,1111,790,782,617,gdm_diag,0.8,1,4
4,2,272,107,106,0,gdm_diag,0.8,1,4
5,0,534,484,478,0,gdm_diag,0.8,1,4
5,1,1111,1002,990,628,gdm_diag,0.8,1,4
5,2,272,128,127,0,gdm_diag,0.8,1,4
6,0,534,484,478,0,gdm_diag,0.8,1,4
6,1,1111,1008,995,634,gdm_diag,0.8,1,4
6,2,272,230,226,32,gdm_diag,0.8,1,4
7,0,534,484,478,0,gdm_diag,0.8,1,4
7,1,1111,1060,1044,636,gdm_diag,0.8,1,4
7,2,272,240,235,34,gdm_diag,0.8,1,4
8,0,534,484,478,0,gdm_diag,0.8,1,4
8,1,1111,1063,1047,637,gdm_diag,0.8,1,4
8,2,272,247,242,41,gdm_diag,0.8,1,4
9,0,534,484,478,0,gdm_diag,0.8,1,4
9,1,1111,1082,1063,640,gdm_diag,0.8,1,4
9,2,272,248,243,42,gdm_diag,0.8,1,4
10,0,534,484,478,0,gdm_diag,0.8,1,4
10,1,1111,1082,1063,640,gdm_diag,0.8,1,4
10,2,272,248,243,42,gdm_diag,0.8,1,4
1,0,1162,0,0,0,gdm_diag,0.8,2,0
1,1,561,235,235,235,gdm_diag,0.8,2,0
1,2,194,0,0,0,gdm_diag,0.8,2,0
2,0,1162,346,346,0,gdm_diag,0.8,2,0
2,1,561,544,538,544,gdm_diag,0.8,2,0
2,2,194,54,54,0,gdm_diag,0.8,2,0
3,0,1162,743,742,0,gdm_diag,0.8,2,0
3,1,561,557,550,557,gdm_diag,0.8,2,0
3,2,194,80,79,8,gdm_diag,0.8,2,0
4,0,1162,926,923,0,gdm_diag,0.8,2,0
4,1,561,561,554,561,gdm_diag,0.8,2,0
4,2,194,112,108,13,gdm_diag,0.8,2,0
5,0,1162,992,989,0,gdm_diag,0.8,2,0
5,1,561,561,554,561,gdm_diag,0.8,2,0
5,2,194,164,155,17,gdm_diag,0.8,2,0
6,0,1162,996,993,2,gdm_diag,0.8,2,0
6,1,561,561,554,561,gdm_diag,0.8,2,0
6,2,194,189,179,40,gdm_diag,0.8,2,0
7,0,1162,1023,1018,28,gdm_diag,0.8,2,0
7,1,561,561,554,561,gdm_diag,0.8,2,0
7,2,194,192,180,43,gdm_diag,0.8,2,0
8,0,1162,1027,1022,30,gdm_diag,0.8,2,0
8,1,561,561,554,561,gdm_diag,0.8,2,0
8,2,194,192,180,43,gdm_diag,0.8,2,0
9,0,1162,1058,1052,61,gdm_diag,0.8,2,0
9,1,561,561,554,561,gdm_diag,0.8,2,0
9,2,194,193,181,44,gdm_diag,0.8,2,0
10,0,1162,1068,1061,70,gdm_diag,0.8,2,0
10,1,561,561,554,561,gdm_diag,0.8,2,0
10,2,194,193,181,44,gdm_diag,0.8,2,0
1,0,331,81,80,56,gdm_diag,0.8,2,1
1,1,252,0,0,0,gdm_diag,0.8,2,1
1,2,1334,117,117,117,gdm_diag,0.8,2,1
2,0,331,140,139,56,gdm_diag,0.8,2,1
2,1,252,0,0,0,gdm_diag,0.8,2,1
2,2,1334,241,241,117,gdm_diag,0.8,2,1
3,0,331,167,166,69,gdm_diag,0.8,2,1
3,1,252,57,57,0,gdm_diag,0.8,2,1
3,2,1334,824,819,251,gdm_diag,0.8,2,1
4,0,331,258,255,73,gdm_diag,0.8,2,1
4,1,252,150,150,0,gdm_diag,0.8,2,1
4,2,1334,1029,1017,270,gdm_diag,0.8,2,1
5,0,331,291,287,99,gdm_diag,0.8,2,1
5,1,252,166,166,0,gdm_diag,0.8,2,1
5,2,1334,1254,1235,494,gdm_diag,0.8,2,1
6,0,331,317,308,123,gdm_diag,0.8,2,1
6,1,252,202,200,27,gdm_diag,0.8,2,1
6,2,1334,1311,1284,551,gdm_diag,0.8,2,1
7,0,331,324,312,129,gdm_diag,0.8,2,1
7,1,252,239,234,63,gdm_diag,0.8,2,1
7,2,1334,1326,1295,566,gdm_diag,0.8,2,1
8,0,331,325,313,129,gdm_diag,0.8,2,1
8,1,252,250,244,73,gdm_diag,0.8,2,1
8,2,1334,1326,1295,566,gdm_diag,0.8,2,1
9,0,331,325,313,129,gdm_diag,0.8,2,1
9,1,252,251,244,74,gdm_diag,0.8,2,1
9,2,1334,1328,1296,568,gdm_diag,0.8,2,1
10,0,331,330,318,129,gdm_diag,0.8,2,1
10,1,252,251,244,74,gdm_diag,0.8,2,1
10,2,1334,1328,1296,568,gdm_diag,0.8,2,1
1,0,296,143,143,143,gdm_diag,0.8,2,2
1,1,297,115,115,115,gdm_diag,0.8,2,2
1,2,1324,36,36,0,gdm_diag,0.8,2,2
2,0,296,263,262,263,gdm_diag,0.8,2,2
2,1,297,178,178,178,gdm_diag,0.8,2,2
2,2,1324,500,500,0,gdm_diag,0.8,2,2
3,0,296,282,265,282,gdm_diag,0.8,2,2
3,1,297,221,221,221,gdm_diag,0.8,2,2
3,2,1324,986,985,0,gdm_diag,0.8,2,2
4,0,296,296,266,296,gdm_diag,0.8,2,2
4,1,297,233,226,233,gdm_diag,0.8,2,2
4,2,1324,1048,1044,11,gdm_diag,0.8,2,2
5,0,296,296,266,296,gdm_diag,0.8,2,2
5,1,297,253,226,253,gdm_diag,0.8,2,2
5,2,1324,1095,1081,42,gdm_diag,0.8,2,2
6,0,296,296,266,296,gdm_diag,0.8,2,2
6,1,297,271,226,271,gdm_diag,0.8,2,2
6,2,1324,1140,1125,87,gdm_diag,0.8,2,2
7,0,296,296,266,296,gdm_diag,0.8,2,2
7,1,297,271,226,271,gdm_diag,0.8,2,2
7,2,1324,1145,1130,92,gdm_diag,0.8,2,2
8,0,296,296,266,296,gdm_diag,0.8,2,2
8,1,297,289,226,289,gdm_diag,0.8,2,2
8,2,1324,1233,1213,179,gdm_diag,0.8,2,2
9,0,296,296,266,296,gdm_diag,0.8,2,2
9,1,297,289,226,289,gdm_diag,0.8,2,2
9,2,1324,1234,1214,179,gdm_diag,0.8,2,2
10,0,296,296,266,296,gdm_diag,0.8,2,2
10,1,297,290,226,290,gdm_diag,0.8,2,2
10,2,1324,1286,1260,231,gdm_diag,0.8,2,2
1,0,654,4,4,0,gdm_diag,0.8,2,3
1,1,248,48,46,48,gdm_diag,0.8,2,3
1,2,1015,239,235,239,gdm_diag,0.8,2,3
2,0,654,270,270,0,gdm_diag,0.8,2,3
2,1,248,48,46,48,gdm_diag,0.8,2,3
2,2,1015,326,321,277,gdm_diag,0.8,2,3
3,0,654,483,483,0,gdm_diag,0.8,2,3
3,1,248,115,110,115,gdm_diag,0.8,2,3
3,2,1015,580,562,518,gdm_diag,0.8,2,3
4,0,654,604,603,0,gdm_diag,0.8,2,3
4,1,248,166,161,115,gdm_diag,0.8,2,3
4,2,1015,781,761,518,gdm_diag,0.8,2,3
5,0,654,611,606,0,gdm_diag,0.8,2,3
5,1,248,189,184,138,gdm_diag,0.8,2,3
5,2,1015,831,808,568,gdm_diag,0.8,2,3
6,0,654,612,606,0,gdm_diag,0.8,2,3
6,1,248,234,229,139,gdm_diag,0.8,2,3
6,2,1015,988,961,568,gdm_diag,0.8,2,3
7,0,654,612,606,0,gdm_diag,0.8,2,3
7,1,248,234,229,139,gdm_diag,0.8,2,3
7,2,1015,1003,970,583,gdm_diag,0.8,2,3
8,0,654,613,606,0,gdm_diag,0.8,2,3
8,1,248,246,240,139,gdm_diag,0.8,2,3
8,2,1015,1011,976,583,gdm_diag,0.8,2,3
9,0,654,613,606,0,gdm_diag,0.8,2,3
9,1,248,247,241,140,gdm_diag,0.8,2,3
9,2,1015,1011,976,583,gdm_diag,0.8,2,3
10,0,654,613,606,0,gdm_diag,0.8,2,3
10,1,248,248,242,140,gdm_diag,0.8,2,3
10,2,1015,1011,976,583,gdm_diag,0.8,2,3
1,0,829,449,448,449,gdm_diag,0.8,2,4
1,1,1039,253,253,0,gdm_diag,0.8,2,4
1,2,51,0,0,0,gdm_diag,0.8,2,4
2,0,829,617,612,617,gdm_diag,0.8,2,4
2,1,1039,728,724,0,gdm_diag,0.8,2,4
2,2,51,0,0,0,gdm_diag,0.8,2,4
3,0,829,675,659,675,gdm_diag,0.8,2,4
3,1,1039,945,936,0,gdm_diag,0.8,2,4
3,2,51,0,0,0,gdm_diag,0.8,2,4
4,0,829,744,680,744,gdm_diag,0.8,2,4
4,1,1039,974,958,0,gdm_diag,0.8,2,4
4,2,51,18,18,0,gdm_diag,0.8,2,4
5,0,829,769,680,769,gdm_diag,0.8,2,4
5,1,1039,979,959,0,gdm_diag,0.8,2,4
5,2,51,41,40,0,gdm_diag,0.8,2,4
6,0,829,772,681,772,gdm_diag,0.8,2,4
6,1,1039,979,959,0,gdm_diag,0.8,2,4
6,2,51,44,43,0,gdm_diag,0.8,2,4
7,0,829,793,681,793,gdm_diag,0.8,2,4
7,1,1039,979,959,0,gdm_diag,0.8,2,4
7,2,51,46,45,0,gdm_diag,0.8,2,4
8,0,829,800,681,800,gdm_diag,0.8,2,4
8,1,1039,979,959,0,gdm_diag,0.8,2,4
8,2,51,48,46,0,gdm_diag,0.8,2,4
9,0,829,811,681,811,gdm_diag,0.8,2,4
9,1,1039,979,959,0,gdm_diag,0.8,2,4
9,2,51,48,46,0,gdm_diag,0.8,2,4
10,0,829,815,681,815,gdm_diag,0.8,2,4
10,1,1039,981,961,0,gdm_diag,0.8,2,4
10,2,51,48,46,0,gdm_diag,0.8,2,4
