experiment,dataset,n_silos,rho,setting,alpha,repeat,fold,seed,method,auroc,auprc,sensitivity,specificity,ppv,npv,f1_pos,macro_f1,brier,cal_intercept,cal_slope,ece,threshold,tp,tn,fp,fn,train_time_s,comm_bytes,n_pseudo,mia_auc,selected,silo0_n,silo0_pos,silo0_labeled,silo0_labeled_pos,silo1_n,silo1_pos,silo1_labeled,silo1_labeled_pos,silo2_n,silo2_pos,silo2_labeled,silo2_labeled_pos,silo3_n,silo3_pos,silo3_labeled,silo3_labeled_pos,silo4_n,silo4_pos,silo4_labeled,silo4_labeled_pos,silo5_n,silo5_pos,silo5_labeled,silo5_labeled_pos,silo6_n,silo6_pos,silo6_labeled,silo6_labeled_pos,silo7_n,silo7_pos,silo7_labeled,silo7_labeled_pos,n_train,n_val,n_test,n_labeled
mar,pima,2,0.8,risk_beta=1,0.5,0,1,2027,FedTGNN-SS,0.7368518518518518,0.6199556467095281,0.3333333333333333,0.91,0.6666666666666666,0.7165354330708661,0.4444444444444444,0.6231032794909447,0.25068846344947815,2.9571869259631898,0.13837773817234203,0.25233384071813003,0.8846518993377686,18,91,9,36,15.32725739479065,4865104.0,397.0,0.585323278871666,,234,7,37,2,287,175,56,45,,,,,,,,,,,,,,,,,,,,,,,,,521,93,154,93
mar,pima,2,0.8,risk_beta=1,0.5,0,1,2027,FedAvg-LR,0.805,0.7252030448524087,0.8518518518518519,0.57,0.5168539325842697,0.8769230769230769,0.6433566433566433,0.6671328671328671,0.19947309792041779,-0.9975563609242559,0.6978441315280832,0.15685710100481262,0.3850659132003784,46,57,43,8,0.7539238929748535,8848.0,,0.49141181399245915,,234,7,37,2,287,175,56,45,,,,,,,,,,,,,,,,,,,,,,,,,521,93,154,93
mar,pima,2,0.8,risk_beta=1,0.5,0,1,2027,FedAvg-MLP,0.7896296296296296,0.6949873885545557,0.8333333333333334,0.46,0.45454545454545453,0.8363636363636363,0.5882352941176471,0.5908918406072106,0.18722251057624817,-0.6090073789644312,0.9259155928411896,0.11771856345139539,0.31599462032318115,45,46,54,9,0.5072116851806641,112960.0,,,,234,7,37,2,287,175,56,45,,,,,,,,,,,,,,,,,,,,,,,,,521,93,154,93
mar,pima,2,0.8,risk_beta=1,0.5,0,1,2027,FedEns-RF,0.7551851851851852,0.681154982986705,0.7962962962962963,0.51,0.4673913043478261,0.8225806451612904,0.589041095890411,0.6093353627600203,0.18221965289884123,-0.015271923264474805,1.4478393937863865,0.09450565563468788,0.27881720430107526,43,51,49,11,3.514827013015747,,,,,234,7,37,2,287,175,56,45,,,,,,,,,,,,,,,,,,,,,,,,,521,93,154,93
mar,pima,2,0.8,risk_beta=1,0.5,0,1,2027,FedAvg-GCN,0.7733333333333332,0.6150760676756053,0.6666666666666666,0.74,0.5806451612903226,0.8043478260869565,0.6206896551724138,0.6957614942528736,0.18683363497257233,-0.15472038143265476,0.7243906932887234,0.061921307938052464,0.4114539325237274,36,74,26,18,1.8159947395324707,112960.0,,,,234,7,37,2,287,175,56,45,,,,,,,,,,,,,,,,,,,,,,,,,521,93,154,93
mar,pima,2,0.8,risk_beta=1,0.5,0,1,2027,FedMatch-tab,0.7916666666666666,0.6892156567143379,0.7962962962962963,0.63,0.5375,0.8513513513513513,0.6417910447761194,0.6829644879053011,0.1818498820066452,-0.4915530161639334,0.819169349741554,0.09830896053221319,0.39803922176361084,43,63,37,11,1.463996171951294,112960.0,,,,234,7,37,2,287,175,56,45,,,,,,,,,,,,,,,,,,,,,,,,,521,93,154,93
mar,pima,2,0.8,risk_beta=1,0.5,0,1,2027,Local-TGNN,0.6651851851851852,0.5541375730455514,0.7592592592592593,0.33,0.37962962962962965,0.717391304347826,0.5061728395061729,0.4791138170133604,0.2641623914241791,0.52072866198126,0.10985178528659745,0.2638148154047402,0.0032851709984242916,41,33,67,13,29.027222156524658,0.0,306.0,0.7262952101661779,,234,7,37,2,287,175,56,45,,,,,,,,,,,,,,,,,,,,,,,,,521,93,154,93
mar,pima,2,0.8,risk_beta=1,0.5,0,0,2026,FedTGNN-SS,0.8287037037037037,0.7282838942363359,0.7962962962962963,0.71,0.5972222222222222,0.8658536585365854,0.6825396825396826,0.7313797313797314,0.21931621432304382,3.0502080535597957,0.22374411087981722,0.21191266220208113,0.007620996795594692,43,71,29,11,15.359294652938843,4865104.0,253.0,0.49706112852664575,,358,119,81,46,163,63,35,19,,,,,,,,,,,,,,,,,,,,,,,,,521,93,154,116
mar,pima,2,0.8,risk_beta=1,0.5,0,0,2026,FedAvg-LR,0.8562962962962963,0.7211685904434298,0.9074074074074074,0.54,0.5157894736842106,0.9152542372881356,0.6577181208053692,0.6684817019121185,0.15412932634353638,-0.11310866884777732,1.3047725625284095,0.10581133657364876,0.24861924350261688,49,54,46,5,0.6893060207366943,8848.0,,0.45040304523063135,,358,119,81,46,163,63,35,19,,,,,,,,,,,,,,,,,,,,,,,,,521,93,154,116
mar,pima,2,0.8,risk_beta=1,0.5,0,0,2026,FedAvg-MLP,0.8525925925925926,0.7374118735616277,0.8518518518518519,0.74,0.6388888888888888,0.9024390243902439,0.7301587301587301,0.7716727716727716,0.15266527235507965,-0.042315657482021325,0.8759035159154317,0.07703939747887774,0.31945767998695374,46,74,26,8,0.4864387512207031,112960.0,,,,358,119,81,46,163,63,35,19,,,,,,,,,,,,,,,,,,,,,,,,,521,93,154,116
mar,pima,2,0.8,risk_beta=1,0.5,0,0,2026,FedEns-RF,0.8353703703703703,0.711256931063298,0.8518518518518519,0.65,0.5679012345679012,0.8904109589041096,0.6814814814814815,0.7164632840933418,0.16226519341055792,-0.15860627229714794,1.5260513594217815,0.08145824003582623,0.3165948275862069,46,65,35,8,3.4910941123962402,,,,,358,119,81,46,163,63,35,19,,,,,,,,,,,,,,,,,,,,,,,,,521,93,154,116
mar,pima,2,0.8,risk_beta=1,0.5,0,0,2026,FedAvg-GCN,0.8124074074074074,0.6940444907549211,0.6851851851851852,0.69,0.5441176470588235,0.8023255813953488,0.6065573770491803,0.674246430460074,0.17036011815071106,0.3085551735417734,0.8332011052393585,0.07258729174636401,0.27841195464134216,37,69,31,17,1.3200008869171143,112960.0,,,,358,119,81,46,163,63,35,19,,,,,,,,,,,,,,,,,,,,,,,,,521,93,154,116
mar,pima,2,0.8,risk_beta=1,0.5,0,0,2026,FedMatch-tab,0.8488888888888889,0.728262986872289,0.8888888888888888,0.65,0.5783132530120482,0.9154929577464789,0.7007299270072993,0.7304819225679771,0.15551353991031647,0.10126160854614069,0.8327488550300334,0.07893702569236229,0.2091483473777771,48,65,35,6,1.7280230522155762,112960.0,,,,358,119,81,46,163,63,35,19,,,,,,,,,,,,,,,,,,,,,,,,,521,93,154,116
mar,pima,2,0.8,risk_beta=1,0.5,0,0,2026,Local-TGNN,0.7698148148148148,0.696475895914487,0.7407407407407407,0.61,0.5063291139240507,0.8133333333333334,0.6015037593984962,0.6493233082706766,0.23788323998451233,-0.0055860925676522654,0.24601054577969808,0.23373170685652014,0.11812110990285873,40,61,39,14,29.57540249824524,0.0,161.0,0.6063031795790417,,358,119,81,46,163,63,35,19,,,,,,,,,,,,,,,,,,,,,,,,,521,93,154,116
mar,pima,2,0.8,risk_beta=1,0.5,0,2,2028,FedTGNN-SS,0.7737037037037037,0.6301539923171822,0.6296296296296297,0.81,0.6415094339622641,0.801980198019802,0.6355140186915887,0.72074208397266,0.22366243600845337,1.9713978156439904,0.22625428554999025,0.21581059382236623,0.10202290862798691,34,81,19,20,15.35068678855896,4865104.0,214.0,0.5695687807338292,,430,120,85,32,91,62,18,13,,,,,,,,,,,,,,,,,,,,,,,,,521,93,154,103
mar,pima,2,0.8,risk_beta=1,0.5,0,2,2028,FedAvg-LR,0.8068518518518518,0.6922795356345746,0.7407407407407407,0.67,0.547945205479452,0.8271604938271605,0.6299212598425197,0.6851263757776134,0.16409334540367126,0.10092973432969118,0.8460488468288486,0.11040172658183357,0.2229718118906021,40,67,33,14,0.7579185962677002,8848.0,,0.5382045139326693,,430,120,85,32,91,62,18,13,,,,,,,,,,,,,,,,,,,,,,,,,521,93,154,103
mar,pima,2,0.8,risk_beta=1,0.5,0,2,2028,FedAvg-MLP,0.7875925925925926,0.6710063869461746,0.7592592592592593,0.71,0.5857142857142857,0.8452380952380952,0.6612903225806451,0.7165147265077139,0.17606541514396667,0.42041990795762985,0.5778816019452107,0.12064900604838673,0.20858485996723175,41,71,29,13,0.45365142822265625,112960.0,,,,430,120,85,32,91,62,18,13,,,,,,,,,,,,,,,,,,,,,,,,,521,93,154,103
mar,pima,2,0.8,risk_beta=1,0.5,0,2,2028,FedEns-RF,0.8181481481481482,0.72183836822739,0.8333333333333334,0.69,0.5921052631578947,0.8846153846153846,0.6923076923076923,0.7337942955920485,0.16453806552694172,-0.1879364480692675,1.484672645192141,0.061150863699407386,0.38601941747572815,45,69,31,9,3.3555009365081787,,,,,430,120,85,32,91,62,18,13,,,,,,,,,,,,,,,,,,,,,,,,,521,93,154,103
mar,pima,2,0.8,risk_beta=1,0.5,0,2,2028,FedAvg-GCN,0.7764814814814816,0.6654869813675034,0.7592592592592593,0.7,0.5774647887323944,0.8433734939759037,0.656,0.7105136612021858,0.1766294538974762,0.24342944827268542,0.6773415336355146,0.0722049351829987,0.2585563361644745,41,70,30,13,2.6400022506713867,112960.0,,,,430,120,85,32,91,62,18,13,,,,,,,,,,,,,,,,,,,,,,,,,521,93,154,103
mar,pima,2,0.8,risk_beta=1,0.5,0,2,2028,FedMatch-tab,0.7859259259259259,0.6665522603298094,0.7592592592592593,0.73,0.6029411764705882,0.8488372093023255,0.6721311475409836,0.7285386920500616,0.17699220776557922,0.5352932899534295,0.5783677943730317,0.11625925906292804,0.2076611965894699,41,73,27,13,1.9747827053070068,112960.0,,,,430,120,85,32,91,62,18,13,,,,,,,,,,,,,,,,,,,,,,,,,521,93,154,103
mar,pima,2,0.8,risk_beta=1,0.5,0,2,2028,Local-TGNN,0.7622222222222224,0.66835003123735,0.8703703703703703,0.46,0.46534653465346537,0.8679245283018868,0.6064516129032258,0.6038794012228548,0.22873593866825104,-0.11213836553563283,0.2709999123619509,0.20705661810208834,0.02093762531876564,47,46,54,7,30.018890142440796,0.0,233.0,0.6098222166183331,,430,120,85,32,91,62,18,13,,,,,,,,,,,,,,,,,,,,,,,,,521,93,154,103
mar,pima,2,0.8,risk_beta=1,0.5,0,3,2029,FedTGNN-SS,0.7545283018867924,0.6041641802279436,0.4716981132075472,0.86,0.6410256410256411,0.7543859649122807,0.5434782608695652,0.6736082893132873,0.2590517997741699,3.705966393586611,0.14665684081957833,0.2554569995773384,0.059323981404304504,25,86,14,28,17.233365535736084,4865104.0,361.0,0.5941914400168671,,314,171,70,51,208,11,54,3,,,,,,,,,,,,,,,,,,,,,,,,,522,93,153,124
mar,pima,2,0.8,risk_beta=1,0.5,0,3,2029,FedAvg-LR,0.8473584905660376,0.7293220190317683,0.5849056603773585,0.82,0.6326530612244898,0.7884615384615384,0.6078431372549019,0.7058823529411764,0.17640730738639832,-0.9881722002605869,1.0075585779653686,0.16751636262812647,0.650905191898346,31,82,18,22,0.7009139060974121,8848.0,,0.4991039426523298,,314,171,70,51,208,11,54,3,,,,,,,,,,,,,,,,,,,,,,,,,522,93,153,124
mar,pima,2,0.8,risk_beta=1,0.5,0,3,2029,FedAvg-MLP,0.8673584905660379,0.7249119684153376,0.7358490566037735,0.79,0.65,0.8494623655913979,0.6902654867256637,0.7544591682332982,0.1441350132226944,-0.0042386300585043725,1.3016974689225655,0.08103865307140973,0.386551171541214,39,79,21,14,0.4012153148651123,112960.0,,,,314,171,70,51,208,11,54,3,,,,,,,,,,,,,,,,,,,,,,,,,522,93,153,124
mar,pima,2,0.8,risk_beta=1,0.5,0,3,2029,FedEns-RF,0.8822641509433962,0.7490701670100605,0.7735849056603774,0.84,0.7192982456140351,0.875,0.7454545454545455,0.8012987012987013,0.1526674987077731,0.15456633099223288,2.2086604366638416,0.13362534261016232,0.36612903225806454,41,84,16,12,2.230635643005371,,,,,314,171,70,51,208,11,54,3,,,,,,,,,,,,,,,,,,,,,,,,,522,93,153,124
mar,pima,2,0.8,risk_beta=1,0.5,0,3,2029,FedAvg-GCN,0.8447169811320754,0.7099216558249853,0.6226415094339622,0.83,0.66,0.8058252427184466,0.6407766990291263,0.7292553445884548,0.15668568015098572,-0.12904510391891702,1.1773994592714128,0.10770989146107944,0.4615143835544586,33,83,17,20,1.2553904056549072,112960.0,,,,314,171,70,51,208,11,54,3,,,,,,,,,,,,,,,,,,,,,,,,,522,93,153,124
mar,pima,2,0.8,risk_beta=1,0.5,0,3,2029,FedMatch-tab,0.8639622641509435,0.7151977209476934,0.7547169811320755,0.78,0.6451612903225806,0.8571428571428571,0.6956521739130435,0.7562030503073071,0.14683711528778076,0.21485579480908487,1.1126181918649478,0.06909164669466952,0.33638739585876465,40,78,22,13,0.6205565929412842,112960.0,,,,314,171,70,51,208,11,54,3,,,,,,,,,,,,,,,,,,,,,,,,,522,93,153,124
mar,pima,2,0.8,risk_beta=1,0.5,0,3,2029,Local-TGNN,0.6758490566037737,0.5534051223919242,0.6415094339622641,0.56,0.4358974358974359,0.7466666666666667,0.5190839694656488,0.5795419847328245,0.2561417520046234,1.0983760302707228,0.1710728285802649,0.23758393425640523,0.030164550989866257,34,56,44,19,12.345442295074463,0.0,292.0,0.6825321526460046,,314,171,70,51,208,11,54,3,,,,,,,,,,,,,,,,,,,,,,,,,522,93,153,124
mar,pima,2,0.8,risk_beta=1,0.5,0,4,2030,FedTGNN-SS,0.8324528301886793,0.7326223092761994,0.6037735849056604,0.86,0.6956521739130435,0.8037383177570093,0.6464646464646465,0.7386912604303909,0.19823363423347473,2.2242115225368715,0.24156167479565557,0.19336620508845337,0.18064959347248077,32,86,14,21,17.060182809829712,4865104.0,336.0,0.5163398692810458,,149,115,32,26,373,67,77,17,,,,,,,,,,,,,,,,,,,,,,,,,522,93,153,109
mar,pima,2,0.8,risk_beta=1,0.5,0,4,2030,FedAvg-LR,0.8411320754716981,0.7197738316121277,0.6037735849056604,0.87,0.7111111111111111,0.8055555555555556,0.6530612244897959,0.7447998430141287,0.17296287417411804,0.9841546875192555,0.6119426246020887,0.13662500400704886,0.25259652733802795,32,87,13,21,0.8073029518127441,8848.0,,0.4407267494153625,,149,115,32,26,373,67,77,17,,,,,,,,,,,,,,,,,,,,,,,,,522,93,153,109
mar,pima,2,0.8,risk_beta=1,0.5,0,4,2030,FedAvg-MLP,0.8594339622641509,0.7473046327447296,0.7547169811320755,0.76,0.625,0.8539325842696629,0.6837606837606838,0.743996743996744,0.1679607480764389,1.0576566759696895,0.7568907023781234,0.14192618332267584,0.13335935771465302,40,76,24,13,0.27111124992370605,112960.0,,,,149,115,32,26,373,67,77,17,,,,,,,,,,,,,,,,,,,,,,,,,522,93,153,109
mar,pima,2,0.8,risk_beta=1,0.5,0,4,2030,FedEns-RF,0.8357547169811321,0.7369972699800289,0.7358490566037735,0.79,0.65,0.8494623655913979,0.6902654867256637,0.7544591682332982,0.1586776107758144,0.027276344533057453,1.3597736117377794,0.0655348683816034,0.35151376146788993,39,79,21,14,2.5230050086975098,,,,,149,115,32,26,373,67,77,17,,,,,,,,,,,,,,,,,,,,,,,,,522,93,153,109
mar,pima,2,0.8,risk_beta=1,0.5,0,4,2030,FedAvg-GCN,0.8632075471698113,0.7609576002009505,0.7735849056603774,0.77,0.640625,0.8651685393258427,0.7008547008547008,0.7578347578347577,0.1500970721244812,0.7479039432438317,0.810000713876666,0.09805790451811808,0.1817462146282196,41,77,23,12,1.3567008972167969,112960.0,,,,149,115,32,26,373,67,77,17,,,,,,,,,,,,,,,,,,,,,,,,,522,93,153,109
mar,pima,2,0.8,risk_beta=1,0.5,0,4,2030,FedMatch-tab,0.8611320754716981,0.7465497369252196,0.7358490566037735,0.84,0.7090909090909091,0.8571428571428571,0.7222222222222222,0.7853535353535354,0.1691623330116272,1.0834481054288005,0.7437700523327944,0.13666055755677567,0.18998487293720245,39,84,16,14,0.46560120582580566,112960.0,,,,149,115,32,26,373,67,77,17,,,,,,,,,,,,,,,,,,,,,,,,,522,93,153,109
mar,pima,2,0.8,risk_beta=1,0.5,0,4,2030,Local-TGNN,0.7360377358490566,0.5183778649927244,0.8490566037735849,0.56,0.5056179775280899,0.875,0.6338028169014085,0.6583648230848507,0.2695194184780121,0.13503911960281925,0.11632546234805571,0.26344087934791066,0.006732523441314697,45,56,44,8,12.50035548210144,0.0,304.0,0.6309588055405648,,149,115,32,26,373,67,77,17,,,,,,,,,,,,,,,,,,,,,,,,,522,93,153,109
mar,pima,2,0.8,risk_beta=1,0.5,1,0,3026,FedTGNN-SS,0.8238888888888889,0.7249588604877921,0.9074074074074074,0.58,0.5384615384615384,0.9206349206349206,0.6758620689655173,0.6937592553416543,0.19706329703330994,1.7715426465179624,0.3521610194083997,0.1760834656752549,0.009781437925994396,49,58,42,5,15.263189554214478,4865104.0,263.0,0.5656010656010656,,100,5,22,3,421,177,95,56,,,,,,,,,,,,,,,,,,,,,,,,,521,93,154,117
mar,pima,2,0.8,risk_beta=1,0.5,1,0,3026,FedAvg-LR,0.8970370370370371,0.8110146122882816,0.6296296296296297,0.91,0.7906976744186046,0.8198198198198198,0.7010309278350515,0.7817950847706063,0.12684950232505798,0.009830378219610258,1.4614183358027584,0.06834427770469095,0.48648813366889954,34,91,9,20,0.7297260761260986,8848.0,,0.4506049506049506,,100,5,22,3,421,177,95,56,,,,,,,,,,,,,,,,,,,,,,,,,521,93,154,117
mar,pima,2,0.8,risk_beta=1,0.5,1,0,3026,FedAvg-MLP,0.8959259259259259,0.77368716578927,0.9444444444444444,0.66,0.6,0.9565217391304348,0.7338129496402878,0.757439019198842,0.1285238116979599,0.21123923865748506,1.071784140145343,0.07146235389707539,0.17991217970848083,51,66,34,3,0.3488607406616211,112960.0,,,,100,5,22,3,421,177,95,56,,,,,,,,,,,,,,,,,,,,,,,,,521,93,154,117
mar,pima,2,0.8,risk_beta=1,0.5,1,0,3026,FedEns-RF,0.8911111111111111,0.8124235496605099,0.9259259259259259,0.65,0.5882352941176471,0.9420289855072463,0.7194244604316546,0.7443276148312119,0.13961491522485112,-0.13487092373029144,2.131511896356961,0.10011349761349761,0.31987179487179485,50,65,35,4,2.6730899810791016,,,,,100,5,22,3,421,177,95,56,,,,,,,,,,,,,,,,,,,,,,,,,521,93,154,117
mar,pima,2,0.8,risk_beta=1,0.5,1,0,3026,FedAvg-GCN,0.8862962962962964,0.8160655432097877,0.8333333333333334,0.75,0.6428571428571429,0.8928571428571429,0.7258064516129032,0.7705119214586256,0.1341470181941986,0.2585764027941785,1.2380177378460921,0.07480971853841435,0.2409905344247818,45,75,25,9,1.2299621105194092,112960.0,,,,100,5,22,3,421,177,95,56,,,,,,,,,,,,,,,,,,,,,,,,,521,93,154,117
mar,pima,2,0.8,risk_beta=1,0.5,1,0,3026,FedMatch-tab,0.9009259259259259,0.7855990657932918,0.9444444444444444,0.68,0.6144578313253012,0.9577464788732394,0.7445255474452555,0.769923592436078,0.12547478079795837,0.2426620452446065,0.9995324919670989,0.05154937321876551,0.1579633206129074,51,68,32,3,0.45246100425720215,112960.0,,,,100,5,22,3,421,177,95,56,,,,,,,,,,,,,,,,,,,,,,,,,521,93,154,117
mar,pima,2,0.8,risk_beta=1,0.5,1,0,3026,Local-TGNN,0.7107407407407408,0.6201747239573641,0.7777777777777778,0.51,0.46153846153846156,0.8095238095238095,0.5793103448275863,0.6025386079966153,0.2090904861688614,0.8520527633380068,0.20109814139849932,0.17158681581208068,0.015733100473880768,42,51,49,12,12.621062278747559,0.0,165.0,0.618992118992119,,100,5,22,3,421,177,95,56,,,,,,,,,,,,,,,,,,,,,,,,,521,93,154,117
mar,pima,2,0.8,risk_beta=1,0.5,1,1,3027,FedTGNN-SS,0.7894444444444444,0.6582051601183236,0.7037037037037037,0.72,0.5757575757575758,0.8181818181818182,0.6333333333333333,0.699645390070922,0.2360740303993225,1.7335727502048368,0.16575999072368927,0.23189573146572168,0.029459252953529358,38,72,28,16,10.240228176116943,4865104.0,362.0,0.5454545454545455,,267,163,58,48,254,19,61,7,,,,,,,,,,,,,,,,,,,,,,,,,521,93,154,119
mar,pima,2,0.8,risk_beta=1,0.5,1,1,3027,FedAvg-LR,0.8142592592592592,0.7102835850569418,0.5370370370370371,0.87,0.6904761904761905,0.7767857142857143,0.6041666666666666,0.7124606918238994,0.17022380232810974,0.3530226509110919,0.927453008042406,0.07535390589724889,0.3956538438796997,29,87,13,25,0.5651984214782715,8848.0,,0.45863800065480737,,267,163,58,48,254,19,61,7,,,,,,,,,,,,,,,,,,,,,,,,,521,93,154,119
mar,pima,2,0.8,risk_beta=1,0.5,1,1,3027,FedAvg-MLP,0.8159259259259259,0.6616865418016743,0.6111111111111112,0.8,0.6226415094339622,0.7920792079207921,0.616822429906542,0.7064211652020272,0.16744863986968994,0.08661466967002857,1.2008788154286578,0.10104047550590009,0.4656478464603424,33,80,20,21,0.26737236976623535,112960.0,,,,267,163,58,48,254,19,61,7,,,,,,,,,,,,,,,,,,,,,,,,,521,93,154,119
mar,pima,2,0.8,risk_beta=1,0.5,1,1,3027,FedEns-RF,0.8151851851851852,0.7196326848972079,0.7222222222222222,0.8,0.6610169491525424,0.8421052631578947,0.6902654867256637,0.7553891536192421,0.16856330295296118,0.19478094465898824,1.4776419140225996,0.08089381207028265,0.3718067226890756,39,80,20,15,1.8961026668548584,,,,,267,163,58,48,254,19,61,7,,,,,,,,,,,,,,,,,,,,,,,,,521,93,154,119
mar,pima,2,0.8,risk_beta=1,0.5,1,1,3027,FedAvg-GCN,0.8296296296296296,0.6787587149997115,0.5925925925925926,0.81,0.6274509803921569,0.7864077669902912,0.6095238095238096,0.703776683087028,0.1627996265888214,0.15744392446440983,1.285734352538773,0.10597269031424801,0.42531225085258484,32,81,19,22,0.8940649032592773,112960.0,,,,267,163,58,48,254,19,61,7,,,,,,,,,,,,,,,,,,,,,,,,,521,93,154,119
mar,pima,2,0.8,risk_beta=1,0.5,1,1,3027,FedMatch-tab,0.8185185185185185,0.6649424976471145,0.6666666666666666,0.73,0.5714285714285714,0.8021978021978022,0.6153846153846154,0.6898912605718889,0.16745783388614655,0.21468752254626114,1.0342743012824052,0.11706571820397654,0.4017702639102936,36,73,27,18,0.5836973190307617,112960.0,,,,267,163,58,48,254,19,61,7,,,,,,,,,,,,,,,,,,,,,,,,,521,93,154,119
mar,pima,2,0.8,risk_beta=1,0.5,1,1,3027,Local-TGNN,0.7668518518518519,0.6218145600525147,0.6296296296296297,0.77,0.5964912280701754,0.7938144329896907,0.6126126126126126,0.6971692504687428,0.2468164563179016,3.5426531128253704,0.15430970786725645,0.24573062936013396,0.010884772054851055,34,77,23,20,9.908625841140747,0.0,309.0,0.6079340827239987,,267,163,58,48,254,19,61,7,,,,,,,,,,,,,,,,,,,,,,,,,521,93,154,119
mar,pima,2,0.8,risk_beta=1,0.5,1,3,3029,FedTGNN-SS,0.779811320754717,0.6434573929254763,0.49056603773584906,0.86,0.65,0.7610619469026548,0.5591397849462365,0.6833257610177192,0.23355631530284882,0.6721282577651793,0.1697959940904878,0.228069931828703,0.8122726678848267,26,86,14,27,10.012003421783447,4865104.0,353.0,0.5832355734316519,,179,5,41,3,343,177,76,61,,,,,,,,,,,,,,,,,,,,,,,,,522,93,153,117
mar,pima,2,0.8,risk_beta=1,0.5,1,3,3029,FedAvg-LR,0.8279245283018868,0.743783142137119,0.9433962264150944,0.43,0.4672897196261682,0.9347826086956522,0.625,0.6070205479452055,0.19186660647392273,-1.0857118628072688,1.0239923439458152,0.1814349580531806,0.35950055718421936,50,43,57,3,0.4692361354827881,8848.0,,0.5411988157086196,,179,5,41,3,343,177,76,61,,,,,,,,,,,,,,,,,,,,,,,,,522,93,153,117
mar,pima,2,0.8,risk_beta=1,0.5,1,3,3029,FedAvg-MLP,0.8184905660377358,0.7282233520483385,0.6981132075471698,0.7,0.5522388059701493,0.813953488372093,0.6166666666666667,0.6846774193548387,0.1837276816368103,-0.7855228941888915,0.7964654112474087,0.1252125152964997,0.5869178175926208,37,70,30,16,0.4109330177307129,112960.0,,,,179,5,41,3,343,177,76,61,,,,,,,,,,,,,,,,,,,,,,,,,522,93,153,117
mar,pima,2,0.8,risk_beta=1,0.5,1,3,3029,FedEns-RF,0.8167924528301888,0.6857373518146529,0.7924528301886793,0.73,0.6086956521739131,0.8690476190476191,0.6885245901639344,0.7410014255167499,0.16938811739734735,-0.19455874862817646,1.6710860893058233,0.09349952516619185,0.41841880341880344,42,73,27,11,1.8063738346099854,,,,,179,5,41,3,343,177,76,61,,,,,,,,,,,,,,,,,,,,,,,,,522,93,153,117
mar,pima,2,0.8,risk_beta=1,0.5,1,3,3029,FedAvg-GCN,0.8279245283018868,0.7121301119291934,0.7547169811320755,0.66,0.5405405405405406,0.8354430379746836,0.6299212598425197,0.6836757137201426,0.16692134737968445,-0.47845630195570193,1.1177904538863424,0.08181799938476163,0.43407711386680603,40,66,34,13,1.1121282577514648,112960.0,,,,179,5,41,3,343,177,76,61,,,,,,,,,,,,,,,,,,,,,,,,,522,93,153,117
mar,pima,2,0.8,risk_beta=1,0.5,1,3,3029,FedMatch-tab,0.8156603773584905,0.7260891876164725,0.6037735849056604,0.79,0.6037735849056604,0.79,0.6037735849056604,0.6968867924528301,0.18412725627422333,-0.7203794418764715,0.7292353891465458,0.13912052159605462,0.656285285949707,32,79,21,21,0.6349060535430908,112960.0,,,,179,5,41,3,343,177,76,61,,,,,,,,,,,,,,,,,,,,,,,,,522,93,153,117
mar,pima,2,0.8,risk_beta=1,0.5,1,3,3029,Local-TGNN,0.7256603773584905,0.5501274052036517,0.9433962264150944,0.35,0.43478260869565216,0.9210526315789473,0.5952380952380952,0.5512422360248448,0.28253138065338135,0.6517752532068916,0.1217248552112976,0.28552609113550265,0.0001222060527652502,50,35,65,3,9.396668672561646,0.0,305.0,0.6762192056309704,,179,5,41,3,343,177,76,61,,,,,,,,,,,,,,,,,,,,,,,,,522,93,153,117
mar,pima,2,0.8,risk_beta=1,0.5,1,2,3028,FedTGNN-SS,0.815,0.6653979867055544,0.8148148148148148,0.67,0.5714285714285714,0.8701298701298701,0.6717557251908397,0.7144089360417476,0.21949951350688934,3.5778745934395353,0.17836521352123408,0.2134983268288242,0.0007723895250819623,44,67,33,10,10.529500484466553,4865104.0,216.0,0.5037233408793043,,469,167,97,45,52,15,12,5,,,,,,,,,,,,,,,,,,,,,,,,,521,93,154,109
mar,pima,2,0.8,risk_beta=1,0.5,1,2,3028,FedAvg-LR,0.8211111111111111,0.6642049159352801,0.7407407407407407,0.72,0.5882352941176471,0.8372093023255814,0.6557377049180327,0.7149656266525648,0.16968508064746857,0.30182112158466323,0.7426333497577391,0.08585643347401124,0.23613955080509186,40,72,28,14,0.45993685722351074,8848.0,,0.47831526271893243,,469,167,97,45,52,15,12,5,,,,,,,,,,,,,,,,,,,,,,,,,521,93,154,109
mar,pima,2,0.8,risk_beta=1,0.5,1,2,3028,FedAvg-MLP,0.8207407407407408,0.6811885475888849,0.7592592592592593,0.69,0.5694444444444444,0.8414634146341463,0.6507936507936508,0.7045177045177045,0.1807762235403061,0.8527548858859749,0.4966703416264181,0.12748688127990668,0.10995403677225113,41,69,31,13,0.4498112201690674,112960.0,,,,469,167,97,45,52,15,12,5,,,,,,,,,,,,,,,,,,,,,,,,,521,93,154,109
mar,pima,2,0.8,risk_beta=1,0.5,1,2,3028,FedEns-RF,0.8135185185185185,0.707078109581028,0.6666666666666666,0.78,0.6206896551724138,0.8125,0.6428571428571429,0.7193877551020409,0.16655736900398652,0.04081020444218801,1.039981541664453,0.06567049922554512,0.4137614678899083,36,78,22,18,1.8532419204711914,,,,,469,167,97,45,52,15,12,5,,,,,,,,,,,,,,,,,,,,,,,,,521,93,154,109
mar,pima,2,0.8,risk_beta=1,0.5,1,2,3028,FedAvg-GCN,0.8233333333333334,0.6817344243192199,0.7777777777777778,0.68,0.5675675675675675,0.85,0.65625,0.7059027777777778,0.17931310832500458,0.8587707565882646,0.5362622998181498,0.12218379313972864,0.11169720441102982,42,68,32,12,1.1864478588104248,112960.0,,,,469,167,97,45,52,15,12,5,,,,,,,,,,,,,,,,,,,,,,,,,521,93,154,109
mar,pima,2,0.8,risk_beta=1,0.5,1,2,3028,FedMatch-tab,0.8188888888888889,0.67723509327748,0.7592592592592593,0.7,0.5774647887323944,0.8433734939759037,0.656,0.7105136612021858,0.18259398639202118,0.9453571861413238,0.4679495209279495,0.13680511178424606,0.09502291679382324,41,70,30,13,0.7117681503295898,112960.0,,,,469,167,97,45,52,15,12,5,,,,,,,,,,,,,,,,,,,,,,,,,521,93,154,109
mar,pima,2,0.8,risk_beta=1,0.5,1,2,3028,Local-TGNN,0.8196296296296296,0.7312713655515242,0.6666666666666666,0.77,0.6101694915254238,0.8105263157894737,0.6371681415929203,0.713455865668255,0.1979311853647232,1.4736485427099661,0.30257259831214417,0.1891141528650731,0.10165483504533768,36,77,23,18,9.70659589767456,0.0,238.0,0.5099487668295009,,469,167,97,45,52,15,12,5,,,,,,,,,,,,,,,,,,,,,,,,,521,93,154,109
mar,pima,2,0.8,risk_beta=1,0.5,1,4,3030,FedTGNN-SS,0.7139622641509432,0.6012234215390622,0.4528301886792453,0.82,0.5714285714285714,0.7387387387387387,0.5052631578947369,0.6412571713644301,0.2549513280391693,2.008692779216946,0.18416378243711853,0.2390278401888079,0.1787019520998001,24,82,18,29,9.729331493377686,4865104.0,401.0,0.6782407407407407,,301,16,53,4,221,166,43,41,,,,,,,,,,,,,,,,,,,,,,,,,522,93,153,96
mar,pima,2,0.8,risk_beta=1,0.5,1,4,3030,FedAvg-LR,0.8052830188679246,0.6656522303892931,0.9056603773584906,0.56,0.5217391304347826,0.9180327868852459,0.6620689655172414,0.6788605697151424,0.2040708363056183,1.202235911034845,0.8019263188031147,0.17095931234702566,0.06475777179002762,48,56,44,5,0.7390360832214355,8848.0,,0.41796023965141615,,301,16,53,4,221,166,43,41,,,,,,,,,,,,,,,,,,,,,,,,,522,93,153,96
mar,pima,2,0.8,risk_beta=1,0.5,1,4,3030,FedAvg-MLP,0.7347169811320755,0.5659256411235056,0.7924528301886793,0.54,0.4772727272727273,0.8307692307692308,0.5957446808510638,0.6251450676982592,0.20147205889225006,0.21820778100254568,1.6095073934877926,0.0822400057237912,0.26885199546813965,42,54,46,11,0.30406618118286133,112960.0,,,,301,16,53,4,221,166,43,41,,,,,,,,,,,,,,,,,,,,,,,,,522,93,153,96
mar,pima,2,0.8,risk_beta=1,0.5,1,4,3030,FedEns-RF,0.7320754716981133,0.5575990102981496,0.7169811320754716,0.68,0.5428571428571428,0.8192771084337349,0.6178861788617886,0.6805277888844463,0.20869749407466978,-0.40984726080526,1.7510002851206667,0.10145322712418299,0.4367708333333334,38,68,32,15,2.4127938747406006,,,,,301,16,53,4,221,166,43,41,,,,,,,,,,,,,,,,,,,,,,,,,522,93,153,96
mar,pima,2,0.8,risk_beta=1,0.5,1,4,3030,FedAvg-GCN,0.7183018867924528,0.5250027675101014,0.7924528301886793,0.58,0.5,0.8405797101449275,0.6131386861313869,0.6497646093378828,0.23285014927387238,1.0131919385853234,1.053635271449279,0.17275671076540852,0.16504798829555511,42,58,42,11,1.3950600624084473,112960.0,,,,301,16,53,4,221,166,43,41,,,,,,,,,,,,,,,,,,,,,,,,,522,93,153,96
mar,pima,2,0.8,risk_beta=1,0.5,1,4,3030,FedMatch-tab,0.7347169811320755,0.5659256411235056,0.7924528301886793,0.54,0.4772727272727273,0.8307692307692308,0.5957446808510638,0.6251450676982592,0.20147205889225006,0.21820778100254568,1.6095073934877926,0.0822400057237912,0.26885199546813965,42,54,46,11,0.35506606101989746,112960.0,,,,301,16,53,4,221,166,43,41,,,,,,,,,,,,,,,,,,,,,,,,,522,93,153,96
mar,pima,2,0.8,risk_beta=1,0.5,1,4,3030,Local-TGNN,0.5435849056603774,0.34732456749926216,0.7358490566037735,0.45,0.4148936170212766,0.7627118644067796,0.5306122448979592,0.5483249903735079,0.42715737223625183,-2.568605409817919,0.01185223458552562,0.4254226112872167,0.014006714336574078,39,45,55,14,9.55833911895752,0.0,389.0,0.7664419934640523,,301,16,53,4,221,166,43,41,,,,,,,,,,,,,,,,,,,,,,,,,522,93,153,96
mar,pima,2,0.8,risk_beta=1,0.5,2,0,4026,FedTGNN-SS,0.5624074074074075,0.3916556499341559,0.6851851851851852,0.41,0.3854166666666667,0.7068965517241379,0.49333333333333335,0.5061603375527426,0.34828680753707886,-0.03379207533361684,0.03417215325123187,0.3284821316430514,0.012154421769082546,37,41,59,17,9.685464859008789,4865104.0,285.0,0.6746887133485072,,165,16,39,7,356,166,58,34,,,,,,,,,,,,,,,,,,,,,,,,,521,93,154,97
mar,pima,2,0.8,risk_beta=1,0.5,2,0,4026,FedAvg-LR,0.8296296296296297,0.7041444331432638,0.6296296296296297,0.85,0.6938775510204082,0.8095238095238095,0.6601941747572816,0.7447312337201042,0.16382408142089844,-0.3743065948400238,1.2178036422101002,0.09326090895897383,0.5198519229888916,34,85,15,20,0.5703084468841553,8848.0,,0.48286249832641587,,165,16,39,7,356,166,58,34,,,,,,,,,,,,,,,,,,,,,,,,,521,93,154,97
mar,pima,2,0.8,risk_beta=1,0.5,2,0,4026,FedAvg-MLP,0.8194444444444444,0.704691704821207,0.7222222222222222,0.74,0.6,0.8314606741573034,0.6554621848739496,0.7192654839713664,0.16627593338489532,0.059332860696107395,1.2751223367970803,0.08082272228482482,0.3251997232437134,39,74,26,15,0.28545451164245605,112960.0,,,,165,16,39,7,356,166,58,34,,,,,,,,,,,,,,,,,,,,,,,,,521,93,154,97
mar,pima,2,0.8,risk_beta=1,0.5,2,0,4026,FedEns-RF,0.782962962962963,0.6738388899780108,0.7777777777777778,0.65,0.5454545454545454,0.8441558441558441,0.6412213740458015,0.6878423254409798,0.19209721391373,-0.275479136521201,2.370148243614853,0.11205716963448924,0.38958762886597936,42,65,35,12,2.9700872898101807,,,,,165,16,39,7,356,166,58,34,,,,,,,,,,,,,,,,,,,,,,,,,521,93,154,97
mar,pima,2,0.8,risk_beta=1,0.5,2,0,4026,FedAvg-GCN,0.8027777777777777,0.6662369088393167,0.35185185185185186,0.91,0.6785714285714286,0.7222222222222222,0.4634146341463415,0.634362184329808,0.1771172434091568,-0.015036428801438349,1.7939719054486125,0.07918184357030052,0.4951355755329132,19,91,9,35,1.057847499847412,112960.0,,,,165,16,39,7,356,166,58,34,,,,,,,,,,,,,,,,,,,,,,,,,521,93,154,97
mar,pima,2,0.8,risk_beta=1,0.5,2,0,4026,FedMatch-tab,0.8316666666666667,0.7114604901548023,0.8888888888888888,0.56,0.5217391304347826,0.9032258064516129,0.6575342465753424,0.6744461356333502,0.1650073528289795,0.31289746341555696,1.1803454670322473,0.08013428515428073,0.18702766299247742,48,56,44,6,0.6449744701385498,112960.0,,,,165,16,39,7,356,166,58,34,,,,,,,,,,,,,,,,,,,,,,,,,521,93,154,97
mar,pima,2,0.8,risk_beta=1,0.5,2,0,4026,Local-TGNN,0.5922222222222222,0.39915842267829754,0.5925925925925926,0.49,0.3855421686746988,0.6901408450704225,0.46715328467153283,0.5201263499381056,0.34942999482154846,0.13791334706385389,0.07067872318801932,0.3265930365819435,0.08767734467983246,32,49,51,22,9.704645872116089,0.0,216.0,0.7116749230151294,,165,16,39,7,356,166,58,34,,,,,,,,,,,,,,,,,,,,,,,,,521,93,154,97
mar,pima,2,0.8,risk_beta=1,0.5,2,1,4027,FedTGNN-SS,0.7938888888888889,0.7023307710716145,0.8148148148148148,0.57,0.5057471264367817,0.8507462686567164,0.624113475177305,0.6533741028581136,0.19647236168384552,1.5455326555393358,0.2779078861246808,0.17305323440436415,0.024899469688534737,44,57,43,10,9.519922256469727,4865104.0,221.0,0.5233898754306918,,193,92,34,20,328,90,64,31,,,,,,,,,,,,,,,,,,,,,,,,,521,93,154,98
mar,pima,2,0.8,risk_beta=1,0.5,2,1,4027,FedAvg-LR,0.7959259259259259,0.7123671532355174,0.6111111111111112,0.79,0.6111111111111112,0.79,0.6111111111111112,0.7005555555555556,0.16836749017238617,0.0861004255382892,1.079972438514482,0.06044908554910064,0.35991334915161133,33,79,21,21,0.5328450202941895,8848.0,,0.45527431751921543,,193,92,34,20,328,90,64,31,,,,,,,,,,,,,,,,,,,,,,,,,521,93,154,98
mar,pima,2,0.8,risk_beta=1,0.5,2,1,4027,FedAvg-MLP,0.8240740740740741,0.6906511361553865,0.8148148148148148,0.69,0.5866666666666667,0.8734177215189873,0.6821705426356589,0.726560131653025,0.16281382739543915,0.09690737292487187,0.8404026876760095,0.05092167421304561,0.3120133578777313,44,69,31,10,0.2745189666748047,112960.0,,,,193,92,34,20,328,90,64,31,,,,,,,,,,,,,,,,,,,,,,,,,521,93,154,98
mar,pima,2,0.8,risk_beta=1,0.5,2,1,4027,FedEns-RF,0.8007407407407408,0.6855767542755133,0.5555555555555556,0.81,0.6122448979591837,0.7714285714285715,0.5825242718446602,0.6863840871418423,0.1725048029230245,-0.12031425771358085,1.4639132436719537,0.06290219984097535,0.4690816326530612,30,81,19,24,3.0149893760681152,,,,,193,92,34,20,328,90,64,31,,,,,,,,,,,,,,,,,,,,,,,,,521,93,154,98
mar,pima,2,0.8,risk_beta=1,0.5,2,1,4027,FedAvg-GCN,0.8042592592592592,0.6994488916271946,0.8148148148148148,0.58,0.5116279069767442,0.8529411764705882,0.6285714285714286,0.6595238095238095,0.16732610762119293,0.2471464065789312,0.8290968766372093,0.0958472534336827,0.21392349898815155,44,58,42,10,0.9681429862976074,112960.0,,,,193,92,34,20,328,90,64,31,,,,,,,,,,,,,,,,,,,,,,,,,521,93,154,98
mar,pima,2,0.8,risk_beta=1,0.5,2,1,4027,FedMatch-tab,0.819074074074074,0.6929900207589204,0.8888888888888888,0.52,0.5,0.896551724137931,0.64,0.649113924050633,0.16702662408351898,0.2636270952690569,0.7859008788316229,0.07610186992527604,0.16042278707027435,48,52,48,6,0.5898852348327637,112960.0,,,,193,92,34,20,328,90,64,31,,,,,,,,,,,,,,,,,,,,,,,,,521,93,154,98
mar,pima,2,0.8,risk_beta=1,0.5,2,1,4027,Local-TGNN,0.7483333333333334,0.6336437506991647,0.7962962962962963,0.6,0.5180722891566265,0.8450704225352113,0.6277372262773723,0.6647458061211422,0.2505813539028168,1.3056030022048521,0.15749870200174426,0.24626613340594553,0.012871833518147469,43,60,40,11,9.465461015701294,0.0,165.0,0.5635435992578849,,193,92,34,20,328,90,64,31,,,,,,,,,,,,,,,,,,,,,,,,,521,93,154,98
mar,pima,2,0.8,risk_beta=1,0.5,2,2,4028,FedTGNN-SS,0.7259259259259259,0.5816833426526618,0.5,0.8,0.574468085106383,0.7476635514018691,0.5346534653465347,0.6538001626249581,0.2489880472421646,2.235442950263995,0.1569938175940177,0.24233678500954206,0.1589559018611908,27,80,20,27,9.399783611297607,4865104.0,368.0,0.6171654432523999,,175,147,41,40,346,35,74,14,,,,,,,,,,,,,,,,,,,,,,,,,521,93,154,115
mar,pima,2,0.8,risk_beta=1,0.5,2,2,4028,FedAvg-LR,0.8524074074074074,0.7137537129055291,0.5740740740740741,0.87,0.7045454545454546,0.7909090909090909,0.6326530612244898,0.7306122448979593,0.19536219537258148,1.4777511353544266,0.7302507113097358,0.1762364824822584,0.17569734156131744,31,87,13,23,0.6429376602172852,8848.0,,0.4177865612648221,,175,147,41,40,346,35,74,14,,,,,,,,,,,,,,,,,,,,,,,,,521,93,154,115
mar,pima,2,0.8,risk_beta=1,0.5,2,2,4028,FedAvg-MLP,0.8557407407407407,0.7249115686601851,0.8333333333333334,0.75,0.6428571428571429,0.8928571428571429,0.7258064516129032,0.7705119214586256,0.18122218549251556,0.9873947510523247,0.7480297369379878,0.15061908370101607,0.11693216115236282,45,75,25,9,0.3379850387573242,112960.0,,,,175,147,41,40,346,35,74,14,,,,,,,,,,,,,,,,,,,,,,,,,521,93,154,115
mar,pima,2,0.8,risk_beta=1,0.5,2,2,4028,FedEns-RF,0.8278703703703704,0.6168997359447919,0.6666666666666666,0.76,0.6,0.8085106382978723,0.631578947368421,0.7075420510037982,0.19710392832592738,-0.573036684990154,1.8966386825167438,0.14550621118012416,0.482,36,76,24,18,2.414351224899292,,,,,175,147,41,40,346,35,74,14,,,,,,,,,,,,,,,,,,,,,,,,,521,93,154,115
mar,pima,2,0.8,risk_beta=1,0.5,2,2,4028,FedAvg-GCN,0.8268518518518518,0.6721395429645305,0.7037037037037037,0.77,0.6229508196721312,0.8279569892473119,0.6608695652173913,0.7293985131786438,0.20024409890174866,1.2283343550356283,0.5135139927835601,0.17021531808831092,0.13967178761959076,38,77,23,16,0.8816885948181152,112960.0,,,,175,147,41,40,346,35,74,14,,,,,,,,,,,,,,,,,,,,,,,,,521,93,154,115
mar,pima,2,0.8,risk_beta=1,0.5,2,2,4028,FedMatch-tab,0.8581481481481481,0.7295133588356348,0.8888888888888888,0.72,0.631578947368421,0.9230769230769231,0.7384615384615385,0.7737251512532412,0.18019548058509827,0.9875778232537208,0.7646371151225145,0.1498041981226438,0.10693428665399551,48,72,28,6,0.48460960388183594,112960.0,,,,175,147,41,40,346,35,74,14,,,,,,,,,,,,,,,,,,,,,,,,,521,93,154,115
mar,pima,2,0.8,risk_beta=1,0.5,2,2,4028,Local-TGNN,0.5685185185185184,0.38413075282700504,0.7407407407407407,0.48,0.43478260869565216,0.7741935483870968,0.547945205479452,0.5702688990360223,0.41677600145339966,-2.138010768987212,0.0228851399744101,0.42935364692496114,0.0024155958089977503,40,48,52,14,9.56571102142334,0.0,359.0,0.7182947487295314,,175,147,41,40,346,35,74,14,,,,,,,,,,,,,,,,,,,,,,,,,521,93,154,115
mar,pima,2,0.8,risk_beta=1,0.5,2,3,4029,FedTGNN-SS,0.7399056603773585,0.5907821937560331,0.6792452830188679,0.75,0.5901639344262295,0.8152173913043478,0.631578947368421,0.7064144736842105,0.24537546932697296,0.8816172594942248,0.13347865234609677,0.24355263349423611,0.08373240381479263,36,75,25,17,8.819177150726318,4865104.0,334.0,0.6783422459893048,,249,140,45,28,273,42,65,16,,,,,,,,,,,,,,,,,,,,,,,,,522,93,153,110
mar,pima,2,0.8,risk_beta=1,0.5,2,3,4029,FedAvg-LR,0.7139622641509433,0.5479176520555575,0.6226415094339622,0.68,0.5076923076923077,0.7727272727272727,0.559322033898305,0.641363144608727,0.23534433543682098,0.606348701321375,0.2791365217397702,0.1972630166637352,0.20529478788375854,33,68,32,20,0.6615602970123291,8848.0,,0.5428995840760547,,249,140,45,28,273,42,65,16,,,,,,,,,,,,,,,,,,,,,,,,,522,93,153,110
mar,pima,2,0.8,risk_beta=1,0.5,2,3,4029,FedAvg-MLP,0.7426415094339622,0.5705080324022377,0.6792452830188679,0.68,0.5294117647058824,0.8,0.5950413223140496,0.6650882287245924,0.22680652141571045,0.9560082002127166,0.31166574355535764,0.19638459615750248,0.11912575364112854,36,68,32,17,0.32927823066711426,112960.0,,,,249,140,45,28,273,42,65,16,,,,,,,,,,,,,,,,,,,,,,,,,522,93,153,110
mar,pima,2,0.8,risk_beta=1,0.5,2,3,4029,FedEns-RF,0.740566037735849,0.5516450548939772,0.660377358490566,0.68,0.5223880597014925,0.7906976744186046,0.5833333333333334,0.657258064516129,0.19495580301679902,0.13121105256724874,0.792417975937836,0.09348039215686277,0.3195454545454546,35,68,32,18,2.429270029067993,,,,,249,140,45,28,273,42,65,16,,,,,,,,,,,,,,,,,,,,,,,,,522,93,153,110
mar,pima,2,0.8,risk_beta=1,0.5,2,3,4029,FedAvg-GCN,0.740188679245283,0.5957984527635101,0.5849056603773585,0.79,0.5961538461538461,0.7821782178217822,0.5904761904761905,0.6882729211087419,0.2001856118440628,0.533155714459934,0.4051936596483939,0.1466436457692408,0.2775094211101532,31,79,21,22,0.938706636428833,112960.0,,,,249,140,45,28,273,42,65,16,,,,,,,,,,,,,,,,,,,,,,,,,522,93,153,110
mar,pima,2,0.8,risk_beta=1,0.5,2,3,4029,FedMatch-tab,0.7469811320754718,0.5762203480060275,0.6792452830188679,0.69,0.5373134328358209,0.8023255813953488,0.6,0.6709677419354838,0.22659623622894287,0.9514727935187286,0.31161362830469863,0.19422454377210221,0.12099643796682358,36,69,31,17,0.4218297004699707,112960.0,,,,249,140,45,28,273,42,65,16,,,,,,,,,,,,,,,,,,,,,,,,,522,93,153,110
mar,pima,2,0.8,risk_beta=1,0.5,2,3,4029,Local-TGNN,0.7267924528301887,0.5517703541836507,0.5094339622641509,0.78,0.5510204081632653,0.75,0.5294117647058824,0.6470588235294117,0.25617292523384094,1.3410780951318328,0.17182512217266946,0.23692220807367678,0.23228119313716888,27,78,22,26,9.338627815246582,0.0,294.0,0.7184194890077243,,249,140,45,28,273,42,65,16,,,,,,,,,,,,,,,,,,,,,,,,,522,93,153,110
mar,pima,2,0.8,risk_beta=1,0.5,2,4,4030,FedTGNN-SS,0.7518867924528302,0.5971183917447226,0.7547169811320755,0.64,0.5263157894736842,0.8311688311688312,0.6201550387596899,0.6716594402837998,0.2672739326953888,2.217007643007074,0.25335443484980363,0.2636421483034402,0.018214518204331398,40,64,36,13,9.214335680007935,4865104.0,346.0,0.603326425421117,,202,153,49,40,320,29,74,10,,,,,,,,,,,,,,,,,,,,,,,,,522,93,153,123
mar,pima,2,0.8,risk_beta=1,0.5,2,4,4030,FedAvg-LR,0.8452830188679246,0.774988284486171,0.6792452830188679,0.88,0.75,0.8380952380952381,0.7128712871287128,0.7857039362472833,0.20240698754787445,1.5069028005022749,1.2964455857321955,0.203870713881223,0.14940223097801208,36,88,12,17,0.604729413986206,8848.0,,0.4154312131356608,,202,153,49,40,320,29,74,10,,,,,,,,,,,,,,,,,,,,,,,,,522,93,153,123
mar,pima,2,0.8,risk_beta=1,0.5,2,4,4030,FedAvg-MLP,0.8398113207547169,0.7588356042326454,0.7735849056603774,0.63,0.5256410256410257,0.84,0.6259541984732825,0.6729770992366413,0.17783436179161072,0.6022924469347634,1.861131811119947,0.12751995382550496,0.2215249389410019,41,63,37,12,0.5434961318969727,112960.0,,,,202,153,49,40,320,29,74,10,,,,,,,,,,,,,,,,,,,,,,,,,522,93,153,123
mar,pima,2,0.8,risk_beta=1,0.5,2,4,4030,FedEns-RF,0.8566037735849057,0.7598332809295949,0.6981132075471698,0.82,0.6727272727272727,0.8367346938775511,0.6851851851851852,0.7567340067340067,0.1667767902573813,-0.09349884805337268,2.6266985106871155,0.1225288272490568,0.40723577235772357,37,82,18,16,2.240485191345215,,,,,202,153,49,40,320,29,74,10,,,,,,,,,,,,,,,,,,,,,,,,,522,93,153,123
mar,pima,2,0.8,risk_beta=1,0.5,2,4,4030,FedAvg-GCN,0.8277358490566039,0.7459195383179325,0.660377358490566,0.8,0.6363636363636364,0.8163265306122449,0.6481481481481481,0.7281144781144782,0.17990894615650177,0.7787237317671519,1.3726099309033388,0.12903642342760674,0.2559693157672882,35,80,20,18,0.945523738861084,112960.0,,,,202,153,49,40,320,29,74,10,,,,,,,,,,,,,,,,,,,,,,,,,522,93,153,123
mar,pima,2,0.8,risk_beta=1,0.5,2,4,4030,FedMatch-tab,0.8469811320754717,0.7744083427375111,0.8301886792452831,0.62,0.5365853658536586,0.8732394366197183,0.6518518518518519,0.6884990253411306,0.17327237129211426,0.6401195929144217,1.7297115283900648,0.13301820239794798,0.20237751305103302,44,62,38,9,0.3645782470703125,112960.0,,,,202,153,49,40,320,29,74,10,,,,,,,,,,,,,,,,,,,,,,,,,522,93,153,123
mar,pima,2,0.8,risk_beta=1,0.5,2,4,4030,Local-TGNN,0.5637735849056604,0.35680448294738454,0.7924528301886793,0.39,0.4077669902912621,0.78,0.5384615384615384,0.5292307692307692,0.38692954182624817,-0.9315570635217455,0.016395279580001816,0.3845226223294447,0.004345471039414406,42,39,61,11,9.752549648284912,0.0,293.0,0.7700993676603434,,202,153,49,40,320,29,74,10,,,,,,,,,,,,,,,,,,,,,,,,,522,93,153,123
mar,pima,2,0.8,risk_beta=1,0.5,3,0,5026,FedTGNN-SS,0.8203703703703704,0.6547825766537391,0.35185185185185186,0.92,0.7037037037037037,0.7244094488188977,0.4691358024691358,0.6398542448469027,0.21449759602546692,-0.14044354108141852,0.21591764897993165,0.21717805287788633,0.9280340075492859,19,92,8,35,9.444151639938354,4865104.0,285.0,0.5553857906799083,,94,80,17,15,427,102,85,33,,,,,,,,,,,,,,,,,,,,,,,,,521,93,154,102
mar,pima,2,0.8,risk_beta=1,0.5,3,0,5026,FedAvg-LR,0.8605555555555556,0.7510765914730068,0.7777777777777778,0.75,0.6268656716417911,0.8620689655172413,0.6942148760330579,0.7481769567331065,0.14715613424777985,-0.00895372514196687,1.101548613797556,0.06956683689510666,0.3089100420475006,42,75,25,12,0.7232136726379395,8848.0,,0.4119556913674561,,94,80,17,15,427,102,85,33,,,,,,,,,,,,,,,,,,,,,,,,,521,93,154,102
mar,pima,2,0.8,risk_beta=1,0.5,3,0,5026,FedAvg-MLP,0.8598148148148148,0.7200194608471236,0.48148148148148145,0.92,0.7647058823529411,0.7666666666666667,0.5909090909090909,0.7136363636363636,0.14857251942157745,0.19071815472118045,0.8606403645581402,0.04849454724266157,0.6472497582435608,26,92,8,28,0.38591670989990234,112960.0,,,,94,80,17,15,427,102,85,33,,,,,,,,,,,,,,,,,,,,,,,,,521,93,154,102
mar,pima,2,0.8,risk_beta=1,0.5,3,0,5026,FedEns-RF,0.8236111111111111,0.6249111179011442,0.7777777777777778,0.71,0.5915492957746479,0.8554216867469879,0.672,0.7239781420765028,0.16953108315295815,-0.28870781060939393,1.196877935283809,0.11081709956709959,0.3875,42,71,29,12,2.2317087650299072,,,,,94,80,17,15,427,102,85,33,,,,,,,,,,,,,,,,,,,,,,,,,521,93,154,102
mar,pima,2,0.8,risk_beta=1,0.5,3,0,5026,FedAvg-GCN,0.8574074074074074,0.7334911412067963,0.4444444444444444,0.94,0.8,0.7580645161290323,0.5714285714285714,0.7053571428571428,0.14973106980323792,0.1122305100106288,0.8525139392309373,0.06847792406651106,0.6780126094818115,24,94,6,30,0.8529915809631348,112960.0,,,,94,80,17,15,427,102,85,33,,,,,,,,,,,,,,,,,,,,,,,,,521,93,154,102
mar,pima,2,0.8,risk_beta=1,0.5,3,0,5026,FedMatch-tab,0.8557407407407407,0.7157481618513256,0.5185185185185185,0.92,0.7777777777777778,0.7796610169491526,0.6222222222222222,0.7331294597349644,0.14993926882743835,0.24335361434606936,0.8493797828567597,0.06394887734930237,0.6114601492881775,28,92,8,26,0.538325309753418,112960.0,,,,94,80,17,15,427,102,85,33,,,,,,,,,,,,,,,,,,,,,,,,,521,93,154,102
mar,pima,2,0.8,risk_beta=1,0.5,3,0,5026,Local-TGNN,0.7624074074074074,0.5390721743907714,0.48148148148148145,0.79,0.5531914893617021,0.7383177570093458,0.5148514851485149,0.639068254651552,0.2606026828289032,-0.21019228913408944,0.17352282868446348,0.2500622872650236,0.6480230093002319,26,79,21,28,11.615923404693604,0.0,254.0,0.5851476954418131,,94,80,17,15,427,102,85,33,,,,,,,,,,,,,,,,,,,,,,,,,521,93,154,102
mar,pima,2,0.8,risk_beta=1,0.5,3,1,5027,FedTGNN-SS,0.7174074074074074,0.5984034910915432,0.8518518518518519,0.4,0.4339622641509434,0.8333333333333334,0.575,0.5577702702702703,0.27610424160957336,0.8084190690772911,0.13169317490279,0.275743577290665,0.0001261407305719331,46,40,60,8,9.653808832168579,4865104.0,289.0,0.6224698724698725,,449,125,97,37,72,57,14,13,,,,,,,,,,,,,,,,,,,,,,,,,521,93,154,111
mar,pima,2,0.8,risk_beta=1,0.5,3,1,5027,FedAvg-LR,0.7544444444444444,0.6738164254027617,0.5740740740740741,0.78,0.5849056603773585,0.7722772277227723,0.5794392523364486,0.6777793276607615,0.18667864799499512,0.12918865329015994,0.6937333739185783,0.11239354455142052,0.3536454737186432,31,78,22,23,0.6501011848449707,8848.0,,0.5009945009945009,,449,125,97,37,72,57,14,13,,,,,,,,,,,,,,,,,,,,,,,,,521,93,154,111
mar,pima,2,0.8,risk_beta=1,0.5,3,1,5027,FedAvg-MLP,0.7951851851851852,0.6892202174994295,0.8703703703703703,0.59,0.5340909090909091,0.8939393939393939,0.6619718309859155,0.6864076022399457,0.1830209493637085,0.482752160754046,0.582119155799998,0.12524853968484836,0.1089879646897316,47,59,41,7,0.41501808166503906,112960.0,,,,449,125,97,37,72,57,14,13,,,,,,,,,,,,,,,,,,,,,,,,,521,93,154,111
mar,pima,2,0.8,risk_beta=1,0.5,3,1,5027,FedEns-RF,0.7664814814814814,0.5741921285642548,0.7407407407407407,0.72,0.5882352941176471,0.8372093023255814,0.6557377049180327,0.7149656266525648,0.18927704839799434,-0.09339029318803482,0.9706592189134512,0.06635486135486135,0.3589189189189189,40,72,28,14,2.116365432739258,,,,,449,125,97,37,72,57,14,13,,,,,,,,,,,,,,,,,,,,,,,,,521,93,154,111
mar,pima,2,0.8,risk_beta=1,0.5,3,1,5027,FedAvg-GCN,0.7918518518518519,0.696836256298782,0.6296296296296297,0.8,0.6296296296296297,0.8,0.6296296296296297,0.7148148148148148,0.17732171714305878,0.17545280252166773,0.6618893388083854,0.09854846546886027,0.3866509199142456,34,80,20,20,0.9155848026275635,112960.0,,,,449,125,97,37,72,57,14,13,,,,,,,,,,,,,,,,,,,,,,,,,521,93,154,111
mar,pima,2,0.8,risk_beta=1,0.5,3,1,5027,FedMatch-tab,0.7857407407407407,0.6940212840539992,0.8518518518518519,0.54,0.5,0.8709677419354839,0.6301369863013698,0.6484018264840182,0.18721303343772888,0.5384015176337839,0.5441993611091274,0.10988691526573977,0.09512028843164444,46,54,46,8,0.4382908344268799,112960.0,,,,449,125,97,37,72,57,14,13,,,,,,,,,,,,,,,,,,,,,,,,,521,93,154,111
mar,pima,2,0.8,risk_beta=1,0.5,3,1,5027,Local-TGNN,0.72,0.5359429449856478,0.8888888888888888,0.4,0.4444444444444444,0.8695652173913043,0.5925925925925926,0.5702688990360223,0.2585376501083374,-0.5157637172034164,0.1685402700076556,0.2178465834782495,0.007215855643153191,48,40,60,6,11.535444498062134,0.0,251.0,0.6638879138879139,,449,125,97,37,72,57,14,13,,,,,,,,,,,,,,,,,,,,,,,,,521,93,154,111
mar,pima,2,0.8,risk_beta=1,0.5,3,2,5028,FedTGNN-SS,0.8009259259259259,0.6921345011041055,0.6851851851851852,0.68,0.5362318840579711,0.8,0.6016260162601627,0.6683805756976489,0.2063932865858078,0.6497006747035783,0.24637080780637735,0.18840752878262623,0.08806364983320236,37,68,32,17,9.296070575714111,4865104.0,141.0,0.622260551948052,,85,29,14,4,436,153,82,45,,,,,,,,,,,,,,,,,,,,,,,,,521,93,154,96
mar,pima,2,0.8,risk_beta=1,0.5,3,2,5028,FedAvg-LR,0.856111111111111,0.7748071740578836,0.8518518518518519,0.64,0.5609756097560976,0.8888888888888888,0.6764705882352942,0.710328317373461,0.15062421560287476,-0.09526351381862296,0.8574593444092855,0.07488240509644731,0.23834601044654846,46,64,36,8,0.7005820274353027,8848.0,,0.4339150432900433,,85,29,14,4,436,153,82,45,,,,,,,,,,,,,,,,,,,,,,,,,521,93,154,96
mar,pima,2,0.8,risk_beta=1,0.5,3,2,5028,FedAvg-MLP,0.8559259259259259,0.7636106831022911,0.8703703703703703,0.61,0.5465116279069767,0.8970588235294118,0.6714285714285714,0.6988095238095238,0.15587899088859558,0.23950041935381966,0.6304264404434435,0.09498763352922805,0.12010099738836288,47,61,39,7,0.4420928955078125,112960.0,,,,85,29,14,4,436,153,82,45,,,,,,,,,,,,,,,,,,,,,,,,,521,93,154,96
mar,pima,2,0.8,risk_beta=1,0.5,3,2,5028,FedEns-RF,0.8162962962962963,0.7365357155318791,0.7592592592592593,0.72,0.5942028985507246,0.8470588235294118,0.6666666666666666,0.7225225225225225,0.16661703671762265,-0.2565575286312422,1.3929506027618344,0.13504464285714288,0.3815625,41,72,28,13,2.0101795196533203,,,,,85,29,14,4,436,153,82,45,,,,,,,,,,,,,,,,,,,,,,,,,521,93,154,96
mar,pima,2,0.8,risk_beta=1,0.5,3,2,5028,FedAvg-GCN,0.8322222222222222,0.7634627599965,0.8518518518518519,0.62,0.5476190476190477,0.8857142857142857,0.6666666666666666,0.6980392156862745,0.15304864943027496,0.012143075541924592,0.9220236762345885,0.03356979477715182,0.22220228612422943,46,62,38,8,1.0146548748016357,112960.0,,,,85,29,14,4,436,153,82,45,,,,,,,,,,,,,,,,,,,,,,,,,521,93,154,96
mar,pima,2,0.8,risk_beta=1,0.5,3,2,5028,FedMatch-tab,0.8501851851851852,0.7559841107589393,0.8148148148148148,0.73,0.6197183098591549,0.8795180722891566,0.704,0.7509071038251366,0.15935909748077393,0.17403704518874877,0.5973964711837977,0.10464507797370098,0.2399396151304245,44,73,27,10,0.8528103828430176,112960.0,,,,85,29,14,4,436,153,82,45,,,,,,,,,,,,,,,,,,,,,,,,,521,93,154,96
mar,pima,2,0.8,risk_beta=1,0.5,3,2,5028,Local-TGNN,0.7475925925925926,0.6321038888569818,0.6666666666666666,0.8,0.6428571428571429,0.8163265306122449,0.6545454545454545,0.7313131313131314,0.22220884263515472,-0.11349822041151537,0.20949550399950262,0.20731227679250688,0.38879308104515076,36,80,20,18,10.986412525177002,0.0,151.0,0.6462391774891775,,85,29,14,4,436,153,82,45,,,,,,,,,,,,,,,,,,,,,,,,,521,93,154,96
mar,pima,2,0.8,risk_beta=1,0.5,3,3,5029,FedTGNN-SS,0.8037735849056603,0.6846470159322102,0.8679245283018868,0.61,0.5411764705882353,0.8970588235294118,0.6666666666666666,0.6964285714285714,0.20943835377693176,1.3283419311712208,0.19812356941230702,0.19751212319200917,0.004406875465065241,46,61,39,7,9.694756031036377,4865104.0,266.0,0.568082788671024,,369,90,65,26,153,92,31,27,,,,,,,,,,,,,,,,,,,,,,,,,522,93,153,96
mar,pima,2,0.8,risk_beta=1,0.5,3,3,5029,FedAvg-LR,0.8375471698113208,0.7071220947949197,0.49056603773584906,0.88,0.6842105263157895,0.7652173913043478,0.5714285714285714,0.695016611295681,0.1701933741569519,0.5849769609830623,1.0105796033013967,0.10074040510393437,0.441083163022995,26,88,12,27,0.8750777244567871,8848.0,,0.41264978213507625,,369,90,65,26,153,92,31,27,,,,,,,,,,,,,,,,,,,,,,,,,522,93,153,96
mar,pima,2,0.8,risk_beta=1,0.5,3,3,5029,FedAvg-MLP,0.839622641509434,0.7077291463778642,0.8867924528301887,0.58,0.5280898876404494,0.90625,0.6619718309859155,0.6846444520783236,0.15671643614768982,0.19487318798460618,1.0829716936580225,0.0628885003963327,0.18451833724975586,47,58,42,6,0.43145084381103516,112960.0,,,,369,90,65,26,153,92,31,27,,,,,,,,,,,,,,,,,,,,,,,,,522,93,153,96
mar,pima,2,0.8,risk_beta=1,0.5,3,3,5029,FedEns-RF,0.8337735849056603,0.6786376841744391,0.9245283018867925,0.59,0.5444444444444444,0.9365079365079365,0.6853146853146853,0.7046205328413917,0.18060523069072829,-0.6094863469498837,1.7255468533226819,0.13775360838779957,0.4053125,49,59,41,4,2.415198564529419,,,,,369,90,65,26,153,92,31,27,,,,,,,,,,,,,,,,,,,,,,,,,522,93,153,96
mar,pima,2,0.8,risk_beta=1,0.5,3,3,5029,FedAvg-GCN,0.8516981132075472,0.7302648275494837,0.8679245283018868,0.63,0.5542168674698795,0.9,0.6764705882352942,0.7088235294117647,0.15393896400928497,0.2394955291362422,1.2415541324132173,0.09081015246463757,0.22011220455169678,46,63,37,7,0.8817121982574463,112960.0,,,,369,90,65,26,153,92,31,27,,,,,,,,,,,,,,,,,,,,,,,,,522,93,153,96
mar,pima,2,0.8,risk_beta=1,0.5,3,3,5029,FedMatch-tab,0.8475471698113207,0.7239744245775559,0.8679245283018868,0.64,0.5609756097560976,0.9014084507042254,0.6814814814814815,0.715009746588694,0.15668721497058868,0.3418034454338615,1.0196829077905507,0.08478511370767179,0.17539505660533905,46,64,36,7,0.409975528717041,112960.0,,,,369,90,65,26,153,92,31,27,,,,,,,,,,,,,,,,,,,,,,,,,522,93,153,96
mar,pima,2,0.8,risk_beta=1,0.5,3,3,5029,Local-TGNN,0.6847169811320756,0.4934493827950669,0.7735849056603774,0.57,0.4880952380952381,0.8260869565217391,0.5985401459854015,0.6365481795015765,0.3215492069721222,-0.4493411210407785,0.10491726033050067,0.3112373462835558,0.036711011081933975,41,57,43,12,9.929030656814575,0.0,233.0,0.675994008714597,,369,90,65,26,153,92,31,27,,,,,,,,,,,,,,,,,,,,,,,,,522,93,153,96
mar,pima,2,0.8,risk_beta=1,0.5,3,4,5030,FedTGNN-SS,0.6974528301886793,0.507219462408409,0.6981132075471698,0.62,0.49333333333333335,0.7948717948717948,0.578125,0.637377106741573,0.30675792694091797,2.308636732828799,0.1163143212402935,0.3009119182216381,0.014568936079740524,37,62,38,16,9.614606142044067,4865104.0,397.0,0.5918597742127154,,280,15,63,7,242,167,47,45,,,,,,,,,,,,,,,,,,,,,,,,,522,93,153,110
mar,pima,2,0.8,risk_beta=1,0.5,3,4,5030,FedAvg-LR,0.8252830188679245,0.6477578408142833,0.8301886792452831,0.69,0.5866666666666667,0.8846153846153846,0.6875,0.7313904494382022,0.25849586725234985,2.591013271847249,0.6078972171781553,0.2625602877948409,0.024548690766096115,44,69,31,9,0.794456958770752,8848.0,,0.42245989304812837,,280,15,63,7,242,167,47,45,,,,,,,,,,,,,,,,,,,,,,,,,522,93,153,110
mar,pima,2,0.8,risk_beta=1,0.5,3,4,5030,FedAvg-MLP,0.799622641509434,0.6365583414911319,0.8301886792452831,0.68,0.5789473684210527,0.8831168831168831,0.6821705426356589,0.7252660622782814,0.20213571190834045,0.8718237892504346,1.125879282985591,0.14557405001197768,0.15535207092761993,44,68,32,9,0.4475407600402832,112960.0,,,,280,15,63,7,242,167,47,45,,,,,,,,,,,,,,,,,,,,,,,,,522,93,153,110
mar,pima,2,0.8,risk_beta=1,0.5,3,4,5030,FedEns-RF,0.6496226415094339,0.5393028235728796,0.5094339622641509,0.78,0.5510204081632653,0.75,0.5294117647058824,0.6470588235294117,0.21630181452222763,-0.3543694918158708,1.0200087046271316,0.12991889483065955,0.4411818181818182,27,78,22,26,2.489860773086548,,,,,280,15,63,7,242,167,47,45,,,,,,,,,,,,,,,,,,,,,,,,,522,93,153,110
mar,pima,2,0.8,risk_beta=1,0.5,3,4,5030,FedAvg-GCN,0.7647169811320754,0.596574259244226,0.4716981132075472,0.84,0.6097560975609756,0.75,0.5319148936170213,0.6621838619028503,0.19543111324310303,0.4646632063609556,0.9281921382099197,0.10182920780057221,0.3755086362361908,25,84,16,28,0.9203922748565674,112960.0,,,,280,15,63,7,242,167,47,45,,,,,,,,,,,,,,,,,,,,,,,,,522,93,153,110
mar,pima,2,0.8,risk_beta=1,0.5,3,4,5030,FedMatch-tab,0.7979245283018868,0.6384713727287432,0.8113207547169812,0.67,0.5657894736842105,0.8701298701298701,0.6666666666666666,0.711864406779661,0.20381413400173187,0.9268537649076356,1.074020115676704,0.14626085806905834,0.15779373049736023,43,67,33,10,0.42202234268188477,112960.0,,,,280,15,63,7,242,167,47,45,,,,,,,,,,,,,,,,,,,,,,,,,522,93,153,110
mar,pima,2,0.8,risk_beta=1,0.5,3,4,5030,Local-TGNN,0.5221698113207547,0.3384033076313867,0.660377358490566,0.46,0.39325842696629215,0.71875,0.49295774647887325,0.5269666781174854,0.43269607424736023,-1.3721806263261098,0.002158731287590436,0.4278343066944455,0.0035194680094718933,35,46,54,18,10.118324518203735,0.0,356.0,0.7486631016042782,,280,15,63,7,242,167,47,45,,,,,,,,,,,,,,,,,,,,,,,,,522,93,153,110
mar,pima,2,0.8,risk_beta=1,0.5,4,0,6026,FedTGNN-SS,0.7848148148148147,0.6604449257693163,0.7592592592592593,0.67,0.5540540540540541,0.8375,0.640625,0.6925347222222222,0.22394081950187683,-0.022554382160864875,0.1956707655830898,0.20808374832154486,0.11881706863641739,41,67,33,13,9.487608671188354,4865104.0,296.0,0.6298701298701299,,346,165,66,43,175,17,36,6,,,,,,,,,,,,,,,,,,,,,,,,,521,93,154,102
mar,pima,2,0.8,risk_beta=1,0.5,4,0,6026,FedAvg-LR,0.7601851851851853,0.6629584344384041,0.42592592592592593,0.83,0.575,0.7280701754385965,0.48936170212765956,0.6325313183535494,0.20969900488853455,-0.7725081657108844,0.6021835711373608,0.13855749784738988,0.7380514740943909,23,83,17,31,0.9326837062835693,8848.0,,0.5148968678380443,,346,165,66,43,175,17,36,6,,,,,,,,,,,,,,,,,,,,,,,,,521,93,154,102
mar,pima,2,0.8,risk_beta=1,0.5,4,0,6026,FedAvg-MLP,0.7859259259259259,0.679003420525763,0.7037037037037037,0.71,0.5671641791044776,0.8160919540229885,0.628099173553719,0.6937287311618863,0.18537206947803497,-0.3040586850602616,0.6146769296759015,0.09929422908402108,0.39731937646865845,38,71,29,16,0.4445457458496094,112960.0,,,,346,165,66,43,175,17,36,6,,,,,,,,,,,,,,,,,,,,,,,,,521,93,154,102
mar,pima,2,0.8,risk_beta=1,0.5,4,0,6026,FedEns-RF,0.7893518518518519,0.6406580810528587,0.5925925925925926,0.74,0.5517241379310345,0.7708333333333334,0.5714285714285714,0.6632653061224489,0.17860931335100888,-0.18451989775670205,1.2231711655587447,0.0729144385026738,0.4676470588235294,32,74,26,22,2.334251880645752,,,,,346,165,66,43,175,17,36,6,,,,,,,,,,,,,,,,,,,,,,,,,521,93,154,102
mar,pima,2,0.8,risk_beta=1,0.5,4,0,6026,FedAvg-GCN,0.8061111111111111,0.7082063658709319,0.8148148148148148,0.65,0.5569620253164557,0.8666666666666667,0.6616541353383458,0.7022556390977444,0.1785077005624771,-0.1864319589919297,0.6232125528408214,0.10724808769179629,0.24320724606513977,44,65,35,10,0.9566464424133301,112960.0,,,,346,165,66,43,175,17,36,6,,,,,,,,,,,,,,,,,,,,,,,,,521,93,154,102
mar,pima,2,0.8,risk_beta=1,0.5,4,0,6026,FedMatch-tab,0.7951851851851852,0.6858021176619387,0.8888888888888888,0.51,0.4948453608247423,0.8947368421052632,0.6357615894039735,0.6427215590331969,0.18166078627109528,-0.14308491491877715,0.5740051609798026,0.09701339905331662,0.15116915106773376,48,51,49,6,0.4535040855407715,112960.0,,,,346,165,66,43,175,17,36,6,,,,,,,,,,,,,,,,,,,,,,,,,521,93,154,102
mar,pima,2,0.8,risk_beta=1,0.5,4,0,6026,Local-TGNN,0.7457407407407407,0.618337835922319,0.48148148148148145,0.82,0.5909090909090909,0.7454545454545455,0.5306122448979592,0.6557823129251701,0.25651004910469055,0.6048169618733493,0.13987435888040414,0.2480344875631007,0.519032895565033,26,82,18,28,9.849891424179077,0.0,270.0,0.7167685255920551,,346,165,66,43,175,17,36,6,,,,,,,,,,,,,,,,,,,,,,,,,521,93,154,102
mar,pima,2,0.8,risk_beta=1,0.5,4,1,6027,FedTGNN-SS,0.8605555555555555,0.7868199071585676,0.9629629629629629,0.47,0.49523809523809526,0.9591836734693877,0.6540880503144654,0.642480266767971,0.1733517348766327,1.2126501570912516,0.31045779251028066,0.15440765544530247,0.0002782743831630796,52,47,53,2,9.437425374984741,4865104.0,175.0,0.4777611768762211,,250,53,51,19,271,129,62,36,,,,,,,,,,,,,,,,,,,,,,,,,521,93,154,113
mar,pima,2,0.8,risk_beta=1,0.5,4,1,6027,FedAvg-LR,0.8675925925925926,0.8244129457971556,0.8148148148148148,0.62,0.5365853658536586,0.8611111111111112,0.6470588235294118,0.6839945280437756,0.14471286535263062,-0.4381262220299944,1.2930605827385984,0.1191714672589457,0.3187653422355652,44,62,38,10,0.8466668128967285,8848.0,,0.4235145385587864,,250,53,51,19,271,129,62,36,,,,,,,,,,,,,,,,,,,,,,,,,521,93,154,113
mar,pima,2,0.8,risk_beta=1,0.5,4,1,6027,FedAvg-MLP,0.9011111111111112,0.8491742936640018,0.9074074074074074,0.68,0.6049382716049383,0.9315068493150684,0.725925925925926,0.7560265467779919,0.12724198400974274,0.18899149609182653,1.205847426544031,0.08579071768402281,0.20841902494430542,49,68,32,5,0.36519432067871094,112960.0,,,,250,53,51,19,271,129,62,36,,,,,,,,,,,,,,,,,,,,,,,,,521,93,154,113
mar,pima,2,0.8,risk_beta=1,0.5,4,1,6027,FedEns-RF,0.835,0.7128394000115398,0.7777777777777778,0.69,0.5753424657534246,0.8518518518518519,0.6614173228346457,0.7119241310305826,0.16146519033769896,-0.2174524927241669,1.5375052940293317,0.05930898747270427,0.38017699115044246,42,69,31,12,2.0538856983184814,,,,,250,53,51,19,271,129,62,36,,,,,,,,,,,,,,,,,,,,,,,,,521,93,154,113
mar,pima,2,0.8,risk_beta=1,0.5,4,1,6027,FedAvg-GCN,0.8816666666666667,0.8245027494902627,0.6481481481481481,0.85,0.7,0.8173076923076923,0.6730769230769231,0.7532051282051282,0.13480974733829498,0.20434657351166172,1.3031546605776263,0.06942206751797107,0.43239086866378784,35,85,15,19,0.9492290019989014,112960.0,,,,250,53,51,19,271,129,62,36,,,,,,,,,,,,,,,,,,,,,,,,,521,93,154,113
mar,pima,2,0.8,risk_beta=1,0.5,4,1,6027,FedMatch-tab,0.9031481481481483,0.8561792864538993,0.7962962962962963,0.78,0.6615384615384615,0.8764044943820225,0.7226890756302521,0.7740429505135387,0.12662652134895325,0.25699585318408774,1.148647508641305,0.08746678442633772,0.2747877240180969,43,78,22,11,0.5620284080505371,112960.0,,,,250,53,51,19,271,129,62,36,,,,,,,,,,,,,,,,,,,,,,,,,521,93,154,113
mar,pima,2,0.8,risk_beta=1,0.5,4,1,6027,Local-TGNN,0.8331481481481482,0.7386946171443955,0.9814814814814815,0.43,0.4818181818181818,0.9772727272727273,0.6463414634146342,0.6217818428184282,0.20237500965595245,1.5694586319601813,0.30800893931426265,0.18044887795778258,0.0009734222549013793,53,43,57,1,10.658399105072021,0.0,246.0,0.541891736582002,,250,53,51,19,271,129,62,36,,,,,,,,,,,,,,,,,,,,,,,,,521,93,154,113
mar,pima,2,0.8,risk_beta=1,0.5,4,3,6029,FedTGNN-SS,0.6137735849056605,0.49675986988466725,0.6415094339622641,0.49,0.4,0.7205882352941176,0.4927536231884058,0.5380434782608696,0.3230307996273041,-1.0048545250314875,0.10361655972909826,0.31450345966161464,0.236296147108078,34,49,51,19,9.55734133720398,4865104.0,208.0,0.7173819213219879,,323,104,72,44,199,78,34,21,,,,,,,,,,,,,,,,,,,,,,,,,522,93,153,106
mar,pima,2,0.8,risk_beta=1,0.5,4,3,6029,FedAvg-LR,0.7616981132075471,0.6432262252149977,0.7735849056603774,0.57,0.4880952380952381,0.8260869565217391,0.5985401459854015,0.6365481795015765,0.18203924596309662,-0.03261138195049775,0.8015700746098551,0.07068803146773693,0.27587026357650757,41,57,43,12,0.6601438522338867,8848.0,,0.48624984585028985,,323,104,72,44,199,78,34,21,,,,,,,,,,,,,,,,,,,,,,,,,522,93,153,106
mar,pima,2,0.8,risk_beta=1,0.5,4,3,6029,FedAvg-MLP,0.7571698113207548,0.6668229986933033,0.6415094339622641,0.73,0.5573770491803278,0.7934782608695652,0.5964912280701754,0.678453947368421,0.19990909099578857,-0.595813262321558,0.6278233785955526,0.13796155213140976,0.495964914560318,34,73,27,19,0.36928534507751465,112960.0,,,,323,104,72,44,199,78,34,21,,,,,,,,,,,,,,,,,,,,,,,,,522,93,153,106
mar,pima,2,0.8,risk_beta=1,0.5,4,3,6029,FedEns-RF,0.7669811320754717,0.6752135496748716,0.6226415094339622,0.74,0.559322033898305,0.7872340425531915,0.5892857142857143,0.6760861561119293,0.18972674491654973,-0.49677671971545734,1.2971989434471065,0.10843383894438276,0.48377358490566036,33,74,26,20,1.8857994079589844,,,,,323,104,72,44,199,78,34,21,,,,,,,,,,,,,,,,,,,,,,,,,522,93,153,106
mar,pima,2,0.8,risk_beta=1,0.5,4,3,6029,FedAvg-GCN,0.7166037735849056,0.6373035556458891,0.5849056603773585,0.75,0.5535714285714286,0.7731958762886598,0.5688073394495413,0.6651143296232478,0.21169376373291016,-0.5945099044483301,0.5796658040093401,0.13687201837698618,0.5389574766159058,31,75,25,22,1.1127240657806396,112960.0,,,,323,104,72,44,199,78,34,21,,,,,,,,,,,,,,,,,,,,,,,,,522,93,153,106
mar,pima,2,0.8,risk_beta=1,0.5,4,3,6029,FedMatch-tab,0.7607547169811321,0.6721273910613607,0.6226415094339622,0.74,0.559322033898305,0.7872340425531915,0.5892857142857143,0.6760861561119293,0.1978592574596405,-0.38414084716703506,0.5580406155752405,0.13755428623042856,0.4510066509246826,33,74,26,20,0.5258822441101074,112960.0,,,,323,104,72,44,199,78,34,21,,,,,,,,,,,,,,,,,,,,,,,,,522,93,153,106
mar,pima,2,0.8,risk_beta=1,0.5,4,3,6029,Local-TGNN,0.5750000000000001,0.4140371632461486,0.6226415094339622,0.48,0.38823529411764707,0.7058823529411765,0.4782608695652174,0.5248447204968945,0.3742915689945221,-2.116876747161322,0.054641743888796404,0.35309569299026256,0.37936028838157654,33,48,52,20,10.656512975692749,0.0,207.0,0.7735849056603774,,323,104,72,44,199,78,34,21,,,,,,,,,,,,,,,,,,,,,,,,,522,93,153,106
mar,pima,2,0.8,risk_beta=1,0.5,4,2,6028,FedTGNN-SS,0.8057407407407408,0.6785837148142272,0.7962962962962963,0.68,0.5733333333333334,0.8607594936708861,0.6666666666666666,0.7132216014897579,0.21530023217201233,3.147303462554205,0.19280018851288136,0.21270183968817358,0.0024708255659788847,43,68,32,11,9.648507833480835,4865104.0,204.0,0.5128338642489586,,33,25,8,7,488,157,98,43,,,,,,,,,,,,,,,,,,,,,,,,,521,93,154,106
mar,pima,2,0.8,risk_beta=1,0.5,4,2,6028,FedAvg-LR,0.8611111111111112,0.721216275151707,0.6481481481481481,0.84,0.6862745098039216,0.8155339805825242,0.6666666666666666,0.7471264367816092,0.1526166796684265,0.1776200289894945,0.991053704990015,0.09304849697010857,0.37465718388557434,35,84,16,19,0.6300075054168701,8848.0,,0.4267949032099975,,33,25,8,7,488,157,98,43,,,,,,,,,,,,,,,,,,,,,,,,,521,93,154,106
mar,pima,2,0.8,risk_beta=1,0.5,4,2,6028,FedAvg-MLP,0.8616666666666668,0.7369605174283413,0.9629629629629629,0.56,0.5416666666666666,0.9655172413793104,0.6933333333333334,0.7010970464135021,0.15806891024112701,0.5411092765457559,0.7084596342203924,0.10563012473769003,0.06530003994703293,52,56,44,2,0.3670501708984375,112960.0,,,,33,25,8,7,488,157,98,43,,,,,,,,,,,,,,,,,,,,,,,,,521,93,154,106
mar,pima,2,0.8,risk_beta=1,0.5,4,2,6028,FedEns-RF,0.8444444444444444,0.7074891605513118,0.6481481481481481,0.87,0.7291666666666666,0.8207547169811321,0.6862745098039216,0.7654673519893394,0.15810575902826257,-0.1508789122121908,1.3034864122643652,0.07685064935064934,0.44358490566037734,35,87,13,19,2.035144567489624,,,,,33,25,8,7,488,157,98,43,,,,,,,,,,,,,,,,,,,,,,,,,521,93,154,106
mar,pima,2,0.8,risk_beta=1,0.5,4,2,6028,FedAvg-GCN,0.8135185185185185,0.6785117804128735,0.8333333333333334,0.59,0.5232558139534884,0.8676470588235294,0.6428571428571429,0.6726190476190477,0.17464838922023773,0.3650573588357581,0.6218527935647205,0.10994826888592987,0.13528040051460266,45,59,41,9,1.1219241619110107,112960.0,,,,33,25,8,7,488,157,98,43,,,,,,,,,,,,,,,,,,,,,,,,,521,93,154,106
mar,pima,2,0.8,risk_beta=1,0.5,4,2,6028,FedMatch-tab,0.860925925925926,0.7409408638019404,0.9814814814814815,0.49,0.5096153846153846,0.98,0.6708860759493671,0.6621097046413502,0.16161033511161804,0.6432524594148893,0.6999455822275586,0.11048227280088058,0.044575173407793045,53,49,51,1,0.5453922748565674,112960.0,,,,33,25,8,7,488,157,98,43,,,,,,,,,,,,,,,,,,,,,,,,,521,93,154,106
mar,pima,2,0.8,risk_beta=1,0.5,4,2,6028,Local-TGNN,0.7964814814814815,0.6613613531301199,0.8148148148148148,0.64,0.55,0.8648648648648649,0.6567164179104478,0.6961743009092469,0.20994171500205994,0.9055518592269598,0.267770855195227,0.17825763206928968,0.04777974262833595,44,64,36,10,11.810364961624146,0.0,229.0,0.517550845381034,,33,25,8,7,488,157,98,43,,,,,,,,,,,,,,,,,,,,,,,,,521,93,154,106
mar,pima,2,0.8,risk_beta=1,0.5,4,4,6030,FedTGNN-SS,0.7567924528301887,0.6136565034986295,0.8679245283018868,0.49,0.4742268041237113,0.875,0.6133333333333333,0.6207692307692307,0.2522536814212799,2.0586054319850224,0.1457715493696571,0.23684958894463143,5.03048904647585e-05,46,49,51,7,11.002806186676025,4865104.0,286.0,0.5213743154919626,,387,121,78,43,135,61,33,16,,,,,,,,,,,,,,,,,,,,,,,,,522,93,153,111
mar,pima,2,0.8,risk_beta=1,0.5,4,4,6030,FedAvg-LR,0.7622641509433962,0.6165216132360777,0.3584905660377358,0.88,0.6129032258064516,0.7213114754098361,0.4523809523809524,0.6225868725868726,0.19121170043945312,0.08822720330296696,0.5652970747383224,0.09684909507632258,0.6465621590614319,19,88,12,34,0.6699464321136475,8848.0,,0.48383677795442503,,387,121,78,43,135,61,33,16,,,,,,,,,,,,,,,,,,,,,,,,,522,93,153,111
mar,pima,2,0.8,risk_beta=1,0.5,4,4,6030,FedAvg-MLP,0.7752830188679245,0.632705215207824,0.8490566037735849,0.54,0.4945054945054945,0.8709677419354839,0.625,0.6458333333333333,0.18763867020606995,-0.015743477673365005,0.5342210687536467,0.10521935535217422,0.14304310083389282,45,54,46,8,0.42380285263061523,112960.0,,,,387,121,78,43,135,61,33,16,,,,,,,,,,,,,,,,,,,,,,,,,522,93,153,111
mar,pima,2,0.8,risk_beta=1,0.5,4,4,6030,FedEns-RF,0.810566037735849,0.6349646966395807,0.9245283018867925,0.61,0.5568181818181818,0.9384615384615385,0.6950354609929078,0.7172147001934236,0.17401758129353517,-0.3078330621039252,1.284333891840936,0.12715686274509808,0.3356756756756757,49,61,39,4,3.5959677696228027,,,,,387,121,78,43,135,61,33,16,,,,,,,,,,,,,,,,,,,,,,,,,522,93,153,111
mar,pima,2,0.8,risk_beta=1,0.5,4,4,6030,FedAvg-GCN,0.7420754716981133,0.60638363329727,0.5849056603773585,0.77,0.5740740740740741,0.7777777777777778,0.5794392523364486,0.6766542995350584,0.1979667991399765,-0.0027097704123640464,0.545894400063671,0.11269450745259235,0.4360262453556061,31,77,23,22,1.8405914306640625,112960.0,,,,387,121,78,43,135,61,33,16,,,,,,,,,,,,,,,,,,,,,,,,,522,93,153,111
mar,pima,2,0.8,risk_beta=1,0.5,4,4,6030,FedMatch-tab,0.7766037735849057,0.6316261955019212,0.8490566037735849,0.55,0.5,0.873015873015873,0.6293706293706294,0.6521086275687502,0.18698705732822418,0.019933055859998015,0.5183065100888774,0.09135422013164346,0.14205750823020935,45,55,45,8,1.0262835025787354,112960.0,,,,387,121,78,43,135,61,33,16,,,,,,,,,,,,,,,,,,,,,,,,,522,93,153,111
mar,pima,2,0.8,risk_beta=1,0.5,4,4,6030,Local-TGNN,0.7456603773584906,0.641977400395771,0.7169811320754716,0.66,0.5277777777777778,0.8148148148148148,0.608,0.6686408839779006,0.22967404127120972,0.3755797120349169,0.1715955511258966,0.2255856828654514,0.07616884261369705,38,66,34,15,13.248341083526611,0.0,182.0,0.5909733262674439,,387,121,78,43,135,61,33,16,,,,,,,,,,,,,,,,,,,,,,,,,522,93,153,111
mar,pima,2,0.8,risk_beta=2.5,0.5,0,0,2026,FedTGNN-SS,0.6455555555555555,0.5262852337366595,0.7592592592592593,0.4,0.40594059405940597,0.7547169811320755,0.5290322580645161,0.5259540375289902,0.3008628189563751,-1.130387199994634,0.16174834924433318,0.28288920772830384,0.20218156278133392,41,40,60,13,10.948241472244263,4865104.0,263.0,0.7226512226512226,,358,119,78,48,163,63,33,25,,,,,,,,,,,,,,,,,,,,,,,,,521,93,154,111
mar,pima,2,0.8,risk_beta=2.5,0.5,0,0,2026,FedAvg-LR,0.8044444444444445,0.7052717835667396,0.6666666666666666,0.78,0.6206896551724138,0.8125,0.6428571428571429,0.7193877551020409,0.17227710783481598,-0.37262349571477726,1.1446007732433998,0.08044866095115613,0.44882524013519287,36,78,22,18,0.6224570274353027,8848.0,,0.5323505323505324,,358,119,78,48,163,63,33,25,,,,,,,,,,,,,,,,,,,,,,,,,521,93,154,111
mar,pima,2,0.8,risk_beta=2.5,0.5,0,0,2026,FedAvg-MLP,0.8138888888888889,0.6992272132956905,0.8888888888888888,0.55,0.5161290322580645,0.9016393442622951,0.6530612244897959,0.6681455190771961,0.18192127346992493,-0.7553056188925261,0.9543083232676474,0.12694135675956675,0.39199867844581604,48,55,45,6,0.4863429069519043,112960.0,,,,358,119,78,48,163,63,33,25,,,,,,,,,,,,,,,,,,,,,,,,,521,93,154,111
mar,pima,2,0.8,risk_beta=2.5,0.5,0,0,2026,FedEns-RF,0.7894444444444444,0.7275743571028843,0.7037037037037037,0.69,0.5507246376811594,0.8117647058823529,0.6178861788617886,0.6819160624038674,0.1890662270071054,-0.5307664747677999,1.7444046122169956,0.142466654966655,0.4352702702702703,38,69,31,16,3.8452107906341553,,,,,358,119,78,48,163,63,33,25,,,,,,,,,,,,,,,,,,,,,,,,,521,93,154,111
mar,pima,2,0.8,risk_beta=2.5,0.5,0,0,2026,FedAvg-GCN,0.8368518518518518,0.7440014051293147,0.9444444444444444,0.52,0.5151515151515151,0.9454545454545454,0.6666666666666666,0.6688172043010753,0.15849754214286804,-0.3541760665974263,1.2187485861681129,0.09272927945697462,0.23604078590869904,51,52,48,3,1.6998507976531982,112960.0,,,,358,119,78,48,163,63,33,25,,,,,,,,,,,,,,,,,,,,,,,,,521,93,154,111
mar,pima,2,0.8,risk_beta=2.5,0.5,0,0,2026,FedMatch-tab,0.8301851851851852,0.7177241482273152,0.8888888888888888,0.63,0.5647058823529412,0.9130434782608695,0.6906474820143885,0.7181048060959516,0.17148619890213013,-0.6800145077570753,0.8903969034501592,0.11117178027505999,0.3684624135494232,48,63,37,6,1.0399765968322754,112960.0,,,,358,119,78,48,163,63,33,25,,,,,,,,,,,,,,,,,,,,,,,,,521,93,154,111
mar,pima,2,0.8,risk_beta=2.5,0.5,0,0,2026,Local-TGNN,0.5453703703703704,0.41481901425112844,0.7592592592592593,0.38,0.39805825242718446,0.7450980392156863,0.5222929936305732,0.5128021259543595,0.41060659289360046,-3.0752342252056706,0.038224551917636136,0.3900322447736542,0.282124787569046,41,38,62,13,13.457311153411865,0.0,304.0,0.7641277641277642,,358,119,78,48,163,63,33,25,,,,,,,,,,,,,,,,,,,,,,,,,521,93,154,111
mar,pima,2,0.8,risk_beta=2.5,0.5,0,1,2027,FedTGNN-SS,0.5459259259259259,0.48571399354316913,0.2037037037037037,0.94,0.6470588235294118,0.6861313868613139,0.30985915492957744,0.5515540500386283,0.3622909486293793,-0.7334908017346702,0.05331813841122513,0.3425175529699047,0.974847674369812,11,94,6,43,10.92993450164795,4865104.0,408.0,0.7936720142602496,,234,7,41,3,287,175,61,54,,,,,,,,,,,,,,,,,,,,,,,,,521,93,154,102
mar,pima,2,0.8,risk_beta=2.5,0.5,0,1,2027,FedAvg-LR,0.77,0.7120593922518232,0.5740740740740741,0.81,0.62,0.7788461538461539,0.5961538461538461,0.6951357466063348,0.23181451857089996,-1.2276388216845022,0.48572919685325755,0.20387639608476066,0.7805168032646179,31,81,19,23,0.7735710144042969,8848.0,,0.5588871912401324,,234,7,41,3,287,175,61,54,,,,,,,,,,,,,,,,,,,,,,,,,521,93,154,102
mar,pima,2,0.8,risk_beta=2.5,0.5,0,1,2027,FedAvg-MLP,0.7381481481481481,0.6280060318510318,0.6851851851851852,0.78,0.6271186440677966,0.8210526315789474,0.6548672566371682,0.727433628318584,0.23170942068099976,-1.077756186270212,0.7759108526046885,0.2067390809004957,0.6283078789710999,37,78,22,17,0.48993897438049316,112960.0,,,,234,7,41,3,287,175,61,54,,,,,,,,,,,,,,,,,,,,,,,,,521,93,154,102
mar,pima,2,0.8,risk_beta=2.5,0.5,0,1,2027,FedEns-RF,0.6906481481481481,0.6543898240553417,0.48148148148148145,0.93,0.7878787878787878,0.768595041322314,0.5977011494252874,0.7196650543506528,0.21297565278339498,-0.39237777973849947,0.9428255549183928,0.19990132416603007,0.561421568627451,26,93,7,28,4.569475889205933,,,,,234,7,41,3,287,175,61,54,,,,,,,,,,,,,,,,,,,,,,,,,521,93,154,102
mar,pima,2,0.8,risk_beta=2.5,0.5,0,1,2027,FedAvg-GCN,0.7564814814814815,0.6200757343090877,0.46296296296296297,0.9,0.7142857142857143,0.7563025210084033,0.5617977528089888,0.6918577805140834,0.2127963900566101,-0.745096755287119,0.8943651912876995,0.1671579693528739,0.6381044387817383,25,90,10,29,1.569962501525879,112960.0,,,,234,7,41,3,287,175,61,54,,,,,,,,,,,,,,,,,,,,,,,,,521,93,154,102
mar,pima,2,0.8,risk_beta=2.5,0.5,0,1,2027,FedMatch-tab,0.7412962962962962,0.6335313719162052,0.6851851851851852,0.78,0.6271186440677966,0.8210526315789474,0.6548672566371682,0.727433628318584,0.22867579758167267,-1.0070309662654138,0.8220503776703896,0.1895010361520501,0.6135982871055603,37,78,22,17,0.6071939468383789,112960.0,,,,234,7,41,3,287,175,61,54,,,,,,,,,,,,,,,,,,,,,,,,,521,93,154,102
mar,pima,2,0.8,risk_beta=2.5,0.5,0,1,2027,Local-TGNN,0.43333333333333335,0.32944364472085297,0.2037037037037037,0.72,0.28205128205128205,0.6260869565217392,0.23655913978494625,0.4531632908227057,0.4551546275615692,-2.395198665349512,-0.04516830011503275,0.44331599936469807,0.990304172039032,11,72,28,43,13.101561546325684,0.0,343.0,0.8753183091418385,,234,7,41,3,287,175,61,54,,,,,,,,,,,,,,,,,,,,,,,,,521,93,154,102
mar,pima,2,0.8,risk_beta=2.5,0.5,0,3,2029,FedTGNN-SS,0.5488679245283019,0.47185542016266,0.24528301886792453,0.94,0.6842105263157895,0.7014925373134329,0.3611111111111111,0.5822649572649573,0.2941768765449524,0.6719185667880687,0.06848083849305867,0.270784257211132,0.9206721782684326,13,94,6,40,10.043803691864014,4865104.0,391.0,0.7413884472708002,,314,171,59,50,208,11,52,5,,,,,,,,,,,,,,,,,,,,,,,,,522,93,153,111
mar,pima,2,0.8,risk_beta=2.5,0.5,0,3,2029,FedAvg-LR,0.8515094339622642,0.7281788254753725,0.6981132075471698,0.76,0.6065573770491803,0.8260869565217391,0.6491228070175439,0.7203947368421053,0.153429314494133,-0.0022149345636173078,0.8975711363654704,0.1121932222124408,0.34986037015914917,37,76,24,16,0.6315243244171143,8848.0,,0.43620090678914203,,314,171,59,50,208,11,52,5,,,,,,,,,,,,,,,,,,,,,,,,,522,93,153,111
mar,pima,2,0.8,risk_beta=2.5,0.5,0,3,2029,FedAvg-MLP,0.8462264150943396,0.7190323606886853,0.7547169811320755,0.73,0.5970149253731343,0.8488372093023255,0.6666666666666666,0.7258064516129032,0.1666363775730133,-0.47111928607267745,1.7361489697364556,0.10433550222831613,0.49924683570861816,40,73,27,13,0.47749972343444824,112960.0,,,,314,171,59,50,208,11,52,5,,,,,,,,,,,,,,,,,,,,,,,,,522,93,153,111
mar,pima,2,0.8,risk_beta=2.5,0.5,0,3,2029,FedEns-RF,0.7652830188679246,0.6871832601423411,0.4528301886792453,0.95,0.8275862068965517,0.7661290322580645,0.5853658536585366,0.7167900696864111,0.189676747733425,-0.3325084385994247,1.9617543574365304,0.12645292351174703,0.5406306306306307,24,95,5,29,2.0133023262023926,,,,,314,171,59,50,208,11,52,5,,,,,,,,,,,,,,,,,,,,,,,,,522,93,153,111
mar,pima,2,0.8,risk_beta=2.5,0.5,0,3,2029,FedAvg-GCN,0.7977358490566038,0.6691541633832581,0.7358490566037735,0.66,0.5342465753424658,0.825,0.6190476190476191,0.6761904761904762,0.1922934204339981,-0.7221495344636512,1.1931679981059302,0.14323477836605772,0.47227972745895386,39,66,34,14,1.1542506217956543,112960.0,,,,314,171,59,50,208,11,52,5,,,,,,,,,,,,,,,,,,,,,,,,,522,93,153,111
mar,pima,2,0.8,risk_beta=2.5,0.5,0,3,2029,FedMatch-tab,0.8471698113207548,0.714710849015687,0.7547169811320755,0.73,0.5970149253731343,0.8488372093023255,0.6666666666666666,0.7258064516129032,0.1656157374382019,-0.47122713829610147,1.731439147004248,0.10359337336682028,0.49748823046684265,40,73,27,13,0.6012008190155029,112960.0,,,,314,171,59,50,208,11,52,5,,,,,,,,,,,,,,,,,,,,,,,,,522,93,153,111
mar,pima,2,0.8,risk_beta=2.5,0.5,0,3,2029,Local-TGNN,0.4809433962264151,0.33006873313462015,0.5660377358490566,0.45,0.35294117647058826,0.6617647058823529,0.43478260869565216,0.48524844720496896,0.4746825695037842,-4.958919898076073,-0.004260740549248149,0.47573514097047603,0.35661301016807556,30,45,55,23,10.641769170761108,0.0,306.0,0.7385032090914443,,314,171,59,50,208,11,52,5,,,,,,,,,,,,,,,,,,,,,,,,,522,93,153,111
mar,pima,2,0.8,risk_beta=2.5,0.5,0,2,2028,FedTGNN-SS,0.792962962962963,0.666422414071353,0.7037037037037037,0.73,0.5846153846153846,0.8202247191011236,0.6386554621848739,0.7055711173358232,0.2089306265115738,1.8133093476676343,0.38420156955992907,0.18776502918645546,0.07254309952259064,38,73,27,16,10.296827554702759,4865104.0,239.0,0.5643564356435644,,430,120,83,44,91,62,18,17,,,,,,,,,,,,,,,,,,,,,,,,,521,93,154,101
mar,pima,2,0.8,risk_beta=2.5,0.5,0,2,2028,FedAvg-LR,0.7862962962962963,0.6729353616940359,0.7222222222222222,0.67,0.5416666666666666,0.8170731707317073,0.6190476190476191,0.6776556776556777,0.17576149106025696,0.3934210898852776,0.8807500818049195,0.09659546386305388,0.20078566670417786,39,67,33,15,0.605036735534668,8848.0,,0.46335347820496336,,430,120,83,44,91,62,18,17,,,,,,,,,,,,,,,,,,,,,,,,,521,93,154,101
mar,pima,2,0.8,risk_beta=2.5,0.5,0,2,2028,FedAvg-MLP,0.804074074074074,0.669409943008682,0.7037037037037037,0.72,0.5757575757575758,0.8181818181818182,0.6333333333333333,0.699645390070922,0.17038793861865997,-0.07785922210956668,0.7265960974089226,0.05689751223794051,0.3472648561000824,38,72,28,16,0.4714772701263428,112960.0,,,,430,120,83,44,91,62,18,17,,,,,,,,,,,,,,,,,,,,,,,,,521,93,154,101
mar,pima,2,0.8,risk_beta=2.5,0.5,0,2,2028,FedEns-RF,0.7731481481481481,0.6786635512287634,0.7037037037037037,0.68,0.5428571428571428,0.8095238095238095,0.6129032258064516,0.6760168302945302,0.19192153455798197,-0.4652004302068393,1.5839509786773274,0.1146431786035746,0.41599009900990097,38,68,32,16,2.006208896636963,,,,,430,120,83,44,91,62,18,17,,,,,,,,,,,,,,,,,,,,,,,,,521,93,154,101
mar,pima,2,0.8,risk_beta=2.5,0.5,0,2,2028,FedAvg-GCN,0.8077777777777778,0.6833947377289892,0.8518518518518519,0.58,0.5227272727272727,0.8787878787878788,0.647887323943662,0.6733412523332768,0.16706492006778717,-0.024521905264906795,0.8417294681772955,0.06420345265756953,0.2026880979537964,46,58,42,8,1.2356023788452148,112960.0,,,,430,120,83,44,91,62,18,17,,,,,,,,,,,,,,,,,,,,,,,,,521,93,154,101
mar,pima,2,0.8,risk_beta=2.5,0.5,0,2,2028,FedMatch-tab,0.8146296296296296,0.7031552597903462,0.7407407407407407,0.73,0.5970149253731343,0.8390804597701149,0.6611570247933884,0.7209528439474964,0.16662335395812988,0.11366250047985385,0.6761467901935757,0.0884317834075395,0.3156135380268097,40,73,27,14,0.8291778564453125,112960.0,,,,430,120,83,44,91,62,18,17,,,,,,,,,,,,,,,,,,,,,,,,,521,93,154,101
mar,pima,2,0.8,risk_beta=2.5,0.5,0,2,2028,Local-TGNN,0.6501851851851852,0.4572003854127562,0.8333333333333334,0.36,0.41284403669724773,0.8,0.5521472392638037,0.5243494817008674,0.28506991267204285,0.037344651982012526,0.08752834642966537,0.2599248521320232,0.041259244084358215,45,36,64,9,11.246767282485962,0.0,114.0,0.6525652565256526,,430,120,83,44,91,62,18,17,,,,,,,,,,,,,,,,,,,,,,,,,521,93,154,101
mar,pima,2,0.8,risk_beta=2.5,0.5,0,4,2030,FedTGNN-SS,0.8283018867924529,0.7373124305350504,0.6415094339622641,0.82,0.6538461538461539,0.8118811881188119,0.6476190476190476,0.7317697228144989,0.1924925595521927,2.492915326816178,0.2640717166551081,0.18339435082367242,0.0598895326256752,34,82,18,19,9.958432674407959,4865104.0,342.0,0.45168524926310394,,149,115,32,30,373,67,70,26,,,,,,,,,,,,,,,,,,,,,,,,,522,93,153,102
mar,pima,2,0.8,risk_beta=2.5,0.5,0,4,2030,FedAvg-LR,0.8441509433962264,0.7258265858933667,0.7924528301886793,0.72,0.6,0.8674698795180723,0.6829268292682927,0.7349060375849661,0.18460872769355774,1.369400795223062,0.7103452158673383,0.1644666516800332,0.0854625552892685,42,72,28,11,0.5400195121765137,8848.0,,0.35877226707676535,,149,115,32,30,373,67,70,26,,,,,,,,,,,,,,,,,,,,,,,,,522,93,153,102
mar,pima,2,0.8,risk_beta=2.5,0.5,0,4,2030,FedAvg-MLP,0.8447169811320754,0.7317989367165275,0.8113207547169812,0.7,0.589041095890411,0.875,0.6825396825396826,0.7301587301587302,0.1548667848110199,0.41060832856682666,0.8352468347290167,0.09828585620019949,0.1950993835926056,43,70,30,10,0.4519648551940918,112960.0,,,,149,115,32,30,373,67,70,26,,,,,,,,,,,,,,,,,,,,,,,,,522,93,153,102
mar,pima,2,0.8,risk_beta=2.5,0.5,0,4,2030,FedEns-RF,0.791320754716981,0.6878773882552461,0.7924528301886793,0.68,0.5675675675675675,0.8607594936708861,0.6614173228346457,0.7105969295737474,0.18444137460956445,-0.49141369852381633,1.4840982455143368,0.12851467384339357,0.40431372549019606,42,68,32,11,2.7651844024658203,,,,,149,115,32,30,373,67,70,26,,,,,,,,,,,,,,,,,,,,,,,,,522,93,153,102
mar,pima,2,0.8,risk_beta=2.5,0.5,0,4,2030,FedAvg-GCN,0.85,0.7578236799945235,0.8867924528301887,0.62,0.5529411764705883,0.9117647058823529,0.6811594202898551,0.7096273291925466,0.15356352925300598,0.3220174221771556,0.7795114787583278,0.09687198413645519,0.1270233392715454,47,62,38,6,0.9795365333557129,112960.0,,,,149,115,32,30,373,67,70,26,,,,,,,,,,,,,,,,,,,,,,,,,522,93,153,102
mar,pima,2,0.8,risk_beta=2.5,0.5,0,4,2030,FedMatch-tab,0.8496226415094339,0.7371208250713577,0.8113207547169812,0.7,0.589041095890411,0.875,0.6825396825396826,0.7301587301587302,0.15570347011089325,0.50989032383797,0.8346268391913276,0.09526695707946821,0.19210705161094666,43,70,30,10,0.531245231628418,112960.0,,,,149,115,32,30,373,67,70,26,,,,,,,,,,,,,,,,,,,,,,,,,522,93,153,102
mar,pima,2,0.8,risk_beta=2.5,0.5,0,4,2030,Local-TGNN,0.6881132075471699,0.42575706225541177,0.9622641509433962,0.43,0.4722222222222222,0.9555555555555556,0.6335403726708074,0.6133219104733347,0.31130096316337585,-1.7635831924756675,0.06938725737002917,0.3090531927856063,0.0012323264963924885,51,43,57,2,11.40755009651184,0.0,283.0,0.5535371011149558,,149,115,32,30,373,67,70,26,,,,,,,,,,,,,,,,,,,,,,,,,522,93,153,102
mar,pima,2,0.8,risk_beta=2.5,0.5,1,0,3026,FedTGNN-SS,0.8027777777777778,0.7175555483696557,0.9259259259259259,0.46,0.4807692307692308,0.92,0.6329113924050633,0.6231223628691983,0.211065411567688,1.8196692462969057,0.24323181794556445,0.19320089416578412,0.0012325376737862825,50,46,54,4,17.69981288909912,4865104.0,210.0,0.5491692991692991,,100,5,21,4,421,177,90,66,,,,,,,,,,,,,,,,,,,,,,,,,521,93,154,111
mar,pima,2,0.8,risk_beta=2.5,0.5,1,0,3026,FedAvg-LR,0.9003703703703704,0.8341136558179585,0.7407407407407407,0.81,0.6779661016949152,0.8526315789473684,0.7079646017699115,0.7693669162695711,0.1311059147119522,0.21104357759459655,1.647882587251736,0.09451266794235674,0.3351164758205414,40,81,19,14,1.5378730297088623,8848.0,,0.35404235404235407,,100,5,21,4,421,177,90,66,,,,,,,,,,,,,,,,,,,,,,,,,521,93,154,111
mar,pima,2,0.8,risk_beta=2.5,0.5,1,0,3026,FedAvg-MLP,0.8842592592592593,0.7592314216793522,0.9814814814814815,0.6,0.5698924731182796,0.9836065573770492,0.7210884353741497,0.733215025140491,0.1386585235595703,-0.49559637590037053,1.1771315980992765,0.08835625958133055,0.3005272448062897,53,60,40,1,0.7446582317352295,112960.0,,,,100,5,21,4,421,177,90,66,,,,,,,,,,,,,,,,,,,,,,,,,521,93,154,111
mar,pima,2,0.8,risk_beta=2.5,0.5,1,0,3026,FedEns-RF,0.8651851851851852,0.7882328818698497,0.8333333333333334,0.71,0.6081081081081081,0.8875,0.703125,0.7460069444444444,0.15631733609706583,-0.3102097186390773,2.1111062298645145,0.11302211302211301,0.3995945945945946,45,71,29,9,3.9009928703308105,,,,,100,5,21,4,421,177,90,66,,,,,,,,,,,,,,,,,,,,,,,,,521,93,154,111
mar,pima,2,0.8,risk_beta=2.5,0.5,1,0,3026,FedAvg-GCN,0.8727777777777778,0.8120112517115605,0.9444444444444444,0.57,0.5425531914893617,0.95,0.6891891891891891,0.7008445945945946,0.13745969533920288,0.13527075526189614,1.1633349464068279,0.06919417510946076,0.19638089835643768,51,57,43,3,1.8213531970977783,112960.0,,,,100,5,21,4,421,177,90,66,,,,,,,,,,,,,,,,,,,,,,,,,521,93,154,111
mar,pima,2,0.8,risk_beta=2.5,0.5,1,0,3026,FedMatch-tab,0.8859259259259259,0.7847085615420037,0.9629629629629629,0.67,0.611764705882353,0.9710144927536232,0.7482014388489209,0.7705504235664723,0.1306719034910202,-0.2564878252373009,1.0385308617200983,0.05055482044525736,0.2564520537853241,52,67,33,2,0.9771504402160645,112960.0,,,,100,5,21,4,421,177,90,66,,,,,,,,,,,,,,,,,,,,,,,,,521,93,154,111
mar,pima,2,0.8,risk_beta=2.5,0.5,1,0,3026,Local-TGNN,0.6488888888888888,0.5132904891585143,0.9259259259259259,0.25,0.4,0.8620689655172413,0.5586592178770949,0.4731280585509506,0.2863256335258484,0.43852035982706283,0.14194229563637373,0.2742211097827205,0.002324633998796344,50,25,75,4,16.995169401168823,0.0,296.0,0.677021177021177,,100,5,21,4,421,177,90,66,,,,,,,,,,,,,,,,,,,,,,,,,521,93,154,111
mar,pima,2,0.8,risk_beta=2.5,0.5,1,1,3027,FedTGNN-SS,0.6062962962962963,0.5155965891042771,0.3148148148148148,0.79,0.4473684210526316,0.6810344827586207,0.3695652173913043,0.5505233494363929,0.3352474868297577,-0.9933923489982238,0.10038415576399018,0.3414170233556976,0.8999565839767456,17,79,21,37,17.688435316085815,4865104.0,376.0,0.7480638627427618,,267,163,63,57,254,19,46,8,,,,,,,,,,,,,,,,,,,,,,,,,521,93,154,109
mar,pima,2,0.8,risk_beta=2.5,0.5,1,1,3027,FedAvg-LR,0.7753703703703704,0.6687771855479621,0.5185185185185185,0.85,0.6511627906976745,0.7657657657657657,0.5773195876288659,0.6915033957101675,0.2227167934179306,-1.1944570851633738,0.6395640395393336,0.18062499107478502,0.7689807415008545,28,85,15,26,1.2572031021118164,8848.0,,0.5782199451924223,,267,163,63,57,254,19,46,8,,,,,,,,,,,,,,,,,,,,,,,,,521,93,154,109
mar,pima,2,0.8,risk_beta=2.5,0.5,1,1,3027,FedAvg-MLP,0.8096296296296297,0.6340811697111246,0.5185185185185185,0.85,0.6511627906976745,0.7657657657657657,0.5773195876288659,0.6915033957101675,0.21331989765167236,-1.07770881217389,1.153074175825492,0.2062273256287172,0.7236259579658508,28,85,15,26,1.094728708267212,112960.0,,,,267,163,63,57,254,19,46,8,,,,,,,,,,,,,,,,,,,,,,,,,521,93,154,109
mar,pima,2,0.8,risk_beta=2.5,0.5,1,1,3027,FedEns-RF,0.7132407407407407,0.6428381335732938,0.25925925925925924,0.94,0.7,0.7014925373134329,0.3783783783783784,0.5908985908985909,0.21435494462401497,-0.584586444598596,1.545686536951742,0.17083283688788278,0.6280275229357798,14,94,6,40,3.247441530227661,,,,,267,163,63,57,254,19,46,8,,,,,,,,,,,,,,,,,,,,,,,,,521,93,154,109
mar,pima,2,0.8,risk_beta=2.5,0.5,1,1,3027,FedAvg-GCN,0.8120370370370371,0.6598393270791172,0.6851851851851852,0.76,0.6065573770491803,0.8172043010752689,0.6434782608695652,0.7155215138544717,0.19326844811439514,-0.41529697902701407,2.394823102343412,0.14149490753551583,0.44389498233795166,37,76,24,17,1.9468340873718262,112960.0,,,,267,163,63,57,254,19,46,8,,,,,,,,,,,,,,,,,,,,,,,,,521,93,154,109
mar,pima,2,0.8,risk_beta=2.5,0.5,1,1,3027,FedMatch-tab,0.8127777777777778,0.6466361644102685,0.5370370370370371,0.85,0.6590909090909091,0.7727272727272727,0.5918367346938775,0.7006802721088435,0.20730260014533997,-0.9828303287111346,1.2649742061094276,0.19248639859936453,0.7070499658584595,29,85,15,25,0.7556710243225098,112960.0,,,,267,163,63,57,254,19,46,8,,,,,,,,,,,,,,,,,,,,,,,,,521,93,154,109
mar,pima,2,0.8,risk_beta=2.5,0.5,1,1,3027,Local-TGNN,0.6637037037037038,0.5401191440962121,0.5925925925925926,0.62,0.45714285714285713,0.7380952380952381,0.5161290322580645,0.5950210378681626,0.2708366811275482,1.9202652482113935,0.13275795306170915,0.27717198738707355,0.034561242908239365,32,62,38,22,16.924383878707886,0.0,235.0,0.7664720600500418,,267,163,63,57,254,19,46,8,,,,,,,,,,,,,,,,,,,,,,,,,521,93,154,109
mar,pima,2,0.8,risk_beta=2.5,0.5,1,2,3028,FedTGNN-SS,0.7764814814814814,0.6420703881685224,0.6666666666666666,0.75,0.5901639344262295,0.8064516129032258,0.6260869565217392,0.7016445145302996,0.23598326742649078,2.8899021373365246,0.17605941253445534,0.2231479261989717,0.01935957372188568,36,75,25,18,20.210317134857178,4865104.0,186.0,0.48360550340748365,,469,167,90,56,52,15,11,8,,,,,,,,,,,,,,,,,,,,,,,,,521,93,154,101
mar,pima,2,0.8,risk_beta=2.5,0.5,1,2,3028,FedAvg-LR,0.8174074074074074,0.665557850406516,0.7592592592592593,0.74,0.6119402985074627,0.8505747126436781,0.6776859504132231,0.7345649003403014,0.17352761328220367,0.40308938478509604,0.98955016315139,0.10820013536261272,0.232913538813591,41,74,26,13,0.8861172199249268,8848.0,,0.4026616947409027,,469,167,90,56,52,15,11,8,,,,,,,,,,,,,,,,,,,,,,,,,521,93,154,101
mar,pima,2,0.8,risk_beta=2.5,0.5,1,2,3028,FedAvg-MLP,0.8168518518518518,0.6820967952531564,0.7407407407407407,0.68,0.5555555555555556,0.8292682926829268,0.6349206349206349,0.6910866910866911,0.1702757477760315,0.23867740547138694,0.6366891090709219,0.12337619656479204,0.1855934113264084,40,68,32,14,0.4200129508972168,112960.0,,,,469,167,90,56,52,15,11,8,,,,,,,,,,,,,,,,,,,,,,,,,521,93,154,101
mar,pima,2,0.8,risk_beta=2.5,0.5,1,2,3028,FedEns-RF,0.8080555555555556,0.6998058564510352,0.6481481481481481,0.77,0.603448275862069,0.8020833333333334,0.625,0.7053571428571428,0.173627786714315,-0.2806616441019085,1.5827620003905918,0.08576250482191075,0.44925742574257427,35,77,23,19,4.437570571899414,,,,,469,167,90,56,52,15,11,8,,,,,,,,,,,,,,,,,,,,,,,,,521,93,154,101
mar,pima,2,0.8,risk_beta=2.5,0.5,1,2,3028,FedAvg-GCN,0.8244444444444444,0.6879417029482824,0.6481481481481481,0.77,0.603448275862069,0.8020833333333334,0.625,0.7053571428571428,0.1676238477230072,0.33175385661106854,0.7097935317393979,0.09012628646640036,0.31608444452285767,35,77,23,19,1.8434202671051025,112960.0,,,,469,167,90,56,52,15,11,8,,,,,,,,,,,,,,,,,,,,,,,,,521,93,154,101
mar,pima,2,0.8,risk_beta=2.5,0.5,1,2,3028,FedMatch-tab,0.8192592592592592,0.6700749487726652,0.7962962962962963,0.67,0.5657894736842105,0.8589743589743589,0.6615384615384615,0.7071737251512532,0.173869788646698,0.5632429111587779,0.5841222831571146,0.1321461412136431,0.12119254469871521,43,67,33,11,1.1073424816131592,112960.0,,,,469,167,90,56,52,15,11,8,,,,,,,,,,,,,,,,,,,,,,,,,521,93,154,101
mar,pima,2,0.8,risk_beta=2.5,0.5,1,2,3028,Local-TGNN,0.7661111111111111,0.6556146637125825,0.6296296296296297,0.74,0.5666666666666667,0.7872340425531915,0.5964912280701754,0.6796889130041599,0.22671078145503998,0.967426756587406,0.3049306522645473,0.2021510430744716,0.1420358121395111,34,74,26,20,15.442217588424683,0.0,161.0,0.5481548154815481,,469,167,90,56,52,15,11,8,,,,,,,,,,,,,,,,,,,,,,,,,521,93,154,101
mar,pima,2,0.8,risk_beta=2.5,0.5,1,3,3029,FedTGNN-SS,0.5490566037735849,0.430154950059568,0.20754716981132076,0.85,0.4230769230769231,0.6692913385826772,0.27848101265822783,0.5136898455361624,0.3064470887184143,-0.021890583788170322,0.06601706557104853,0.2714679098499367,0.7830803394317627,11,85,15,42,10.228266954421997,4865104.0,389.0,0.7301859255028872,,179,5,33,3,343,177,70,61,,,,,,,,,,,,,,,,,,,,,,,,,522,93,153,103
mar,pima,2,0.8,risk_beta=2.5,0.5,1,3,3029,FedAvg-LR,0.7928301886792454,0.7078483412461487,0.9245283018867925,0.38,0.44144144144144143,0.9047619047619048,0.5975609756097561,0.5663861216076949,0.2710989713668823,-1.4943533982059243,1.4128588857074416,0.3039335501349829,0.5521780848503113,49,38,62,4,0.7739450931549072,8848.0,,0.607906593057935,,179,5,33,3,343,177,70,61,,,,,,,,,,,,,,,,,,,,,,,,,522,93,153,103
mar,pima,2,0.8,risk_beta=2.5,0.5,1,3,3029,FedAvg-MLP,0.6267924528301887,0.4533690810909669,0.5471698113207547,0.65,0.453125,0.7303370786516854,0.49572649572649574,0.5917785917785918,0.4039428234100342,-2.1232129165946865,0.41756096592492464,0.4361659235814039,0.8179092407226562,29,65,35,24,0.38423776626586914,112960.0,,,,179,5,33,3,343,177,70,61,,,,,,,,,,,,,,,,,,,,,,,,,522,93,153,103
mar,pima,2,0.8,risk_beta=2.5,0.5,1,3,3029,FedEns-RF,0.6890566037735849,0.6297700691697012,0.7924528301886793,0.43,0.42424242424242425,0.7962962962962963,0.5526315789473685,0.5555365686944634,0.24705728725209883,-0.8429441964750395,1.65672976388592,0.22980899803287014,0.502378640776699,42,43,57,11,2.436309814453125,,,,,179,5,33,3,343,177,70,61,,,,,,,,,,,,,,,,,,,,,,,,,522,93,153,103
mar,pima,2,0.8,risk_beta=2.5,0.5,1,3,3029,FedAvg-GCN,0.5830188679245283,0.4247858996653342,0.22641509433962265,0.82,0.4,0.6666666666666666,0.2891566265060241,0.512291317737317,0.3409596383571625,-1.5859342535338399,0.3289385735006486,0.33647776565520593,0.8373191356658936,12,82,18,41,0.9760687351226807,112960.0,,,,179,5,33,3,343,177,70,61,,,,,,,,,,,,,,,,,,,,,,,,,522,93,153,103
mar,pima,2,0.8,risk_beta=2.5,0.5,1,3,3029,FedMatch-tab,0.618867924528302,0.44822396873048087,0.49056603773584906,0.67,0.4406779661016949,0.7127659574468085,0.4642857142857143,0.5775036818851251,0.40557682514190674,-2.094299294520434,0.4071786348664572,0.4368525531167299,0.8231756687164307,26,67,33,27,0.5238585472106934,112960.0,,,,179,5,33,3,343,177,70,61,,,,,,,,,,,,,,,,,,,,,,,,,522,93,153,103
mar,pima,2,0.8,risk_beta=2.5,0.5,1,3,3029,Local-TGNN,0.490188679245283,0.39615897857413723,0.09433962264150944,0.94,0.45454545454545453,0.6619718309859155,0.15625,0.4665547520661157,0.5328691601753235,-6.024941359017432,-0.0010023457292906472,0.531377259349706,0.999897837638855,5,94,6,48,11.6924729347229,0.0,319.0,0.7593755948981535,,179,5,33,3,343,177,70,61,,,,,,,,,,,,,,,,,,,,,,,,,522,93,153,103
mar,pima,2,0.8,risk_beta=2.5,0.5,1,4,3030,FedTGNN-SS,0.7432075471698113,0.6294710710937257,0.660377358490566,0.68,0.5223880597014925,0.7906976744186046,0.5833333333333334,0.657258064516129,0.26129069924354553,4.656276279679354,0.1881046406225947,0.2609947749407463,0.0030337206553667784,35,68,32,18,10.226806163787842,4865104.0,378.0,0.5452847805788983,,301,16,54,6,221,166,51,50,,,,,,,,,,,,,,,,,,,,,,,,,522,93,153,105
mar,pima,2,0.8,risk_beta=2.5,0.5,1,4,3030,FedAvg-LR,0.820377358490566,0.6763271301058731,0.9245283018867925,0.58,0.5384615384615384,0.9354838709677419,0.6805555555555556,0.6983024691358024,0.2036055475473404,1.3292130146594237,0.6255103841847895,0.1730157200709667,0.04401453956961632,49,58,42,4,0.8350038528442383,8848.0,,0.38020541549953313,,301,16,54,6,221,166,51,50,,,,,,,,,,,,,,,,,,,,,,,,,522,93,153,105
mar,pima,2,0.8,risk_beta=2.5,0.5,1,4,3030,FedAvg-MLP,0.6952830188679245,0.5308659967054512,0.660377358490566,0.6,0.4666666666666667,0.7692307692307693,0.546875,0.6105161516853932,0.21810568869113922,-0.4671395056297411,1.420682680466927,0.12867361881764108,0.44609275460243225,35,60,40,18,0.4078190326690674,112960.0,,,,301,16,54,6,221,166,51,50,,,,,,,,,,,,,,,,,,,,,,,,,522,93,153,105
mar,pima,2,0.8,risk_beta=2.5,0.5,1,4,3030,FedEns-RF,0.691698113207547,0.546173881438224,0.6037735849056604,0.6,0.4444444444444444,0.7407407407407407,0.512,0.5874917127071824,0.23589984740562892,-0.7165840997728803,1.8396858307186477,0.1792549019607843,0.5117142857142857,32,60,40,21,2.3174924850463867,,,,,301,16,54,6,221,166,51,50,,,,,,,,,,,,,,,,,,,,,,,,,522,93,153,105
mar,pima,2,0.8,risk_beta=2.5,0.5,1,4,3030,FedAvg-GCN,0.6958490566037736,0.535208908583632,0.7924528301886793,0.5,0.45652173913043476,0.819672131147541,0.5793103448275863,0.6002141786249733,0.2239476889371872,0.7294847597651443,1.0731644244776402,0.1357087922446868,0.16586871445178986,42,50,50,11,0.8493649959564209,112960.0,,,,301,16,54,6,221,166,51,50,,,,,,,,,,,,,,,,,,,,,,,,,522,93,153,105
mar,pima,2,0.8,risk_beta=2.5,0.5,1,4,3030,FedMatch-tab,0.6952830188679245,0.5308659967054512,0.660377358490566,0.6,0.4666666666666667,0.7692307692307693,0.546875,0.6105161516853932,0.21810568869113922,-0.4671395056297411,1.420682680466927,0.12867361881764108,0.44609275460243225,35,60,40,18,0.4685690402984619,112960.0,,,,301,16,54,6,221,166,51,50,,,,,,,,,,,,,,,,,,,,,,,,,522,93,153,105
mar,pima,2,0.8,risk_beta=2.5,0.5,1,4,3030,Local-TGNN,0.5588679245283019,0.4294445214254031,0.33962264150943394,0.62,0.32142857142857145,0.6391752577319587,0.3302752293577982,0.4798584268616402,0.4212273359298706,-0.7712141497101825,0.029661139582892602,0.4242405518554638,0.6112242937088013,18,62,38,35,12.166516304016113,0.0,372.0,0.7504512916277621,,301,16,54,6,221,166,51,50,,,,,,,,,,,,,,,,,,,,,,,,,522,93,153,105
mar,pima,2,0.8,risk_beta=2.5,0.5,2,0,4026,FedTGNN-SS,0.5675925925925926,0.4337542198706551,0.14814814814814814,0.88,0.4,0.6567164179104478,0.21621621621621623,0.4841764841764842,0.3178381621837616,0.4438037668352293,0.05771787237378688,0.26876886878404527,0.9502653479576111,8,88,12,46,10.29123568534851,4865104.0,354.0,0.687957497048406,,165,16,42,9,356,166,68,51,,,,,,,,,,,,,,,,,,,,,,,,,521,93,154,110
mar,pima,2,0.8,risk_beta=2.5,0.5,2,0,4026,FedAvg-LR,0.8383333333333334,0.7175387827554496,0.7407407407407407,0.82,0.6896551724137931,0.8541666666666666,0.7142857142857143,0.7755102040816326,0.15832486748695374,-0.13466982030043945,1.0268677870598357,0.08998286503959785,0.3977363109588623,40,82,18,14,0.7608394622802734,8848.0,,0.44858323494687125,,165,16,42,9,356,166,68,51,,,,,,,,,,,,,,,,,,,,,,,,,521,93,154,110
mar,pima,2,0.8,risk_beta=2.5,0.5,2,0,4026,FedAvg-MLP,0.7007407407407407,0.5104059198986324,0.5555555555555556,0.76,0.5555555555555556,0.76,0.5555555555555556,0.6577777777777778,0.2434505671262741,-0.9314608470778546,0.725267336604788,0.1947563753596374,0.6309592723846436,30,76,24,24,0.36528944969177246,112960.0,,,,165,16,42,9,356,166,68,51,,,,,,,,,,,,,,,,,,,,,,,,,521,93,154,110
mar,pima,2,0.8,risk_beta=2.5,0.5,2,0,4026,FedEns-RF,0.6506481481481481,0.5946410727436311,0.37037037037037035,0.84,0.5555555555555556,0.711864406779661,0.4444444444444444,0.6075433231396534,0.2249265604271761,-0.5917776550188888,1.3407835639030892,0.15576918536009446,0.5489090909090909,20,84,16,34,2.6943631172180176,,,,,165,16,42,9,356,166,68,51,,,,,,,,,,,,,,,,,,,,,,,,,521,93,154,110
mar,pima,2,0.8,risk_beta=2.5,0.5,2,0,4026,FedAvg-GCN,0.6064814814814815,0.4165256907270459,0.3333333333333333,0.7,0.375,0.660377358490566,0.35294117647058826,0.5162764134780126,0.2746226191520691,-1.0099814813130399,0.5016171661562097,0.2236027880148454,0.6391043066978455,18,70,30,36,1.600189208984375,112960.0,,,,165,16,42,9,356,166,68,51,,,,,,,,,,,,,,,,,,,,,,,,,521,93,154,110
mar,pima,2,0.8,risk_beta=2.5,0.5,2,0,4026,FedMatch-tab,0.7274074074074074,0.5596238629495801,0.7222222222222222,0.58,0.48148148148148145,0.7945205479452054,0.5777777777777777,0.6241490044958253,0.21997219324111938,-0.7166417703714874,0.7486952459817793,0.14799738535052773,0.5082824230194092,39,58,42,15,0.5403556823730469,112960.0,,,,165,16,42,9,356,166,68,51,,,,,,,,,,,,,,,,,,,,,,,,,521,93,154,110
mar,pima,2,0.8,risk_beta=2.5,0.5,2,0,4026,Local-TGNN,0.46129629629629626,0.30570545837095625,0.9259259259259259,0.25,0.4,0.8620689655172413,0.5586592178770949,0.4731280585509506,0.446755051612854,-2.7537949315175485,-0.018025588767747975,0.4317052927739048,0.0005367256235331297,50,25,75,4,11.42322301864624,0.0,306.0,0.7454545454545455,,165,16,42,9,356,166,68,51,,,,,,,,,,,,,,,,,,,,,,,,,521,93,154,110
mar,pima,2,0.8,risk_beta=2.5,0.5,2,1,4027,FedTGNN-SS,0.7516666666666667,0.6091481244015242,0.5,0.81,0.5869565217391305,0.75,0.54,0.6594230769230769,0.27473777532577515,3.837469897718425,0.17265221329941452,0.2797638140739753,0.03767611086368561,27,81,19,27,11.464528560638428,4865104.0,261.0,0.47767857142857145,,193,92,35,26,328,90,61,33,,,,,,,,,,,,,,,,,,,,,,,,,521,93,154,96
mar,pima,2,0.8,risk_beta=2.5,0.5,2,1,4027,FedAvg-LR,0.7494444444444445,0.6733244958127669,0.5925925925925926,0.78,0.5925925925925926,0.78,0.5925925925925926,0.6862962962962963,0.18865656852722168,0.551037380628291,0.8490668247356503,0.08964501079413795,0.26913145184516907,32,78,22,22,2.0797064304351807,8848.0,,0.3822375541125541,,193,92,35,26,328,90,61,33,,,,,,,,,,,,,,,,,,,,,,,,,521,93,154,96
mar,pima,2,0.8,risk_beta=2.5,0.5,2,1,4027,FedAvg-MLP,0.7005555555555555,0.5532080405758131,0.6851851851851852,0.6,0.4805194805194805,0.7792207792207793,0.5648854961832062,0.6214257989390607,0.21441000699996948,-0.4325235893665972,0.6114027358937769,0.10093113005935372,0.44497543573379517,37,60,40,17,0.5058050155639648,112960.0,,,,193,92,35,26,328,90,61,33,,,,,,,,,,,,,,,,,,,,,,,,,521,93,154,96
mar,pima,2,0.8,risk_beta=2.5,0.5,2,1,4027,FedEns-RF,0.6998148148148149,0.5848224863128771,0.46296296296296297,0.83,0.5952380952380952,0.7410714285714286,0.5208333333333334,0.6519261006289309,0.2159990243182382,-0.5162860594417865,1.4959515589688197,0.13526650432900433,0.5335416666666666,25,83,17,29,2.761305809020996,,,,,193,92,35,26,328,90,61,33,,,,,,,,,,,,,,,,,,,,,,,,,521,93,154,96
mar,pima,2,0.8,risk_beta=2.5,0.5,2,1,4027,FedAvg-GCN,0.7877777777777778,0.6705470445589207,0.5,0.89,0.7105263157894737,0.7672413793103449,0.5869565217391305,0.7055152979066023,0.17598432302474976,0.0009231653531744692,1.053053195904802,0.06517386030067097,0.45938676595687866,27,89,11,27,1.1028251647949219,112960.0,,,,193,92,35,26,328,90,61,33,,,,,,,,,,,,,,,,,,,,,,,,,521,93,154,96
mar,pima,2,0.8,risk_beta=2.5,0.5,2,1,4027,FedMatch-tab,0.7498148148148148,0.6174199297659221,0.7222222222222222,0.67,0.5416666666666666,0.8170731707317073,0.6190476190476191,0.6776556776556777,0.19407746195793152,-0.08174929757693139,0.6380048241250261,0.06162638142221159,0.3733149468898773,39,67,33,15,0.6041157245635986,112960.0,,,,193,92,35,26,328,90,61,33,,,,,,,,,,,,,,,,,,,,,,,,,521,93,154,96
mar,pima,2,0.8,risk_beta=2.5,0.5,2,1,4027,Local-TGNN,0.4165740740740741,0.3005468019489469,0.7407407407407407,0.18,0.32786885245901637,0.5625,0.45454545454545453,0.36363636363636365,0.5074628591537476,-4.711962387524615,-0.05491446771824136,0.4977414719034711,0.0401943139731884,40,18,82,14,12.08689260482788,0.0,243.0,0.7867965367965368,,193,92,35,26,328,90,61,33,,,,,,,,,,,,,,,,,,,,,,,,,521,93,154,96
mar,pima,2,0.8,risk_beta=2.5,0.5,2,2,4028,FedTGNN-SS,0.720925925925926,0.5741158067973243,0.5,0.77,0.54,0.7403846153846154,0.5192307692307693,0.6370663650075414,0.25050434470176697,2.566724769887109,0.17561017097826456,0.24500670696475677,0.06401171535253525,27,77,23,27,12.254817485809326,4865104.0,361.0,0.6061393152302244,,175,147,35,34,346,35,75,16,,,,,,,,,,,,,,,,,,,,,,,,,521,93,154,110
mar,pima,2,0.8,risk_beta=2.5,0.5,2,2,4028,FedAvg-LR,0.827037037037037,0.6750787019183505,0.7592592592592593,0.76,0.6307692307692307,0.8539325842696629,0.6890756302521008,0.7466542172424525,0.21933679282665253,1.82308813361048,0.6841429746917232,0.21254021831630882,0.07241030782461166,41,76,24,13,1.3346366882324219,8848.0,,0.379456906729634,,175,147,35,34,346,35,75,16,,,,,,,,,,,,,,,,,,,,,,,,,521,93,154,110
mar,pima,2,0.8,risk_beta=2.5,0.5,2,2,4028,FedAvg-MLP,0.8340740740740741,0.6815212270980524,0.8703703703703703,0.73,0.6351351351351351,0.9125,0.734375,0.7727430555555556,0.19795513153076172,1.1981172704018335,0.9726723059277579,0.16804812369602065,0.12592056393623352,47,73,27,7,0.6846826076507568,112960.0,,,,175,147,35,34,346,35,75,16,,,,,,,,,,,,,,,,,,,,,,,,,521,93,154,110
mar,pima,2,0.8,risk_beta=2.5,0.5,2,2,4028,FedEns-RF,0.7569444444444444,0.585788986010136,0.7037037037037037,0.71,0.5671641791044776,0.8160919540229885,0.628099173553719,0.6937287311618863,0.2135011296554685,-0.6007209064075989,2.069925600403861,0.14562868949232582,0.4977272727272727,38,71,29,16,2.671592950820923,,,,,175,147,35,34,346,35,75,16,,,,,,,,,,,,,,,,,,,,,,,,,521,93,154,110
mar,pima,2,0.8,risk_beta=2.5,0.5,2,2,4028,FedAvg-GCN,0.8224074074074074,0.6565156011488659,0.5555555555555556,0.83,0.6382978723404256,0.7757009345794392,0.594059405940594,0.6979958865451763,0.20240181684494019,1.1899268901499611,0.8392874646665677,0.1695140551824074,0.21071431040763855,30,83,17,24,1.164034366607666,112960.0,,,,175,147,35,34,346,35,75,16,,,,,,,,,,,,,,,,,,,,,,,,,521,93,154,110
mar,pima,2,0.8,risk_beta=2.5,0.5,2,2,4028,FedMatch-tab,0.8337037037037037,0.6773980925909594,0.8703703703703703,0.74,0.6438356164383562,0.9135802469135802,0.7401574803149606,0.7789185191630053,0.19983120262622833,1.2545394248773793,0.9452124475906996,0.16754764792594046,0.12244554609060287,47,74,26,7,0.48368000984191895,112960.0,,,,175,147,35,34,346,35,75,16,,,,,,,,,,,,,,,,,,,,,,,,,521,93,154,110
mar,pima,2,0.8,risk_beta=2.5,0.5,2,2,4028,Local-TGNN,0.581851851851852,0.4063285972788011,0.7037037037037037,0.47,0.4175824175824176,0.746031746031746,0.5241379310344828,0.5504125237994499,0.41933465003967285,-0.4846404536443956,0.03139611618357935,0.43174353099803064,0.0005879682139493525,38,47,53,16,12.298294067382812,0.0,367.0,0.6392857142857143,,175,147,35,34,346,35,75,16,,,,,,,,,,,,,,,,,,,,,,,,,521,93,154,110
mar,pima,2,0.8,risk_beta=2.5,0.5,2,3,4029,FedTGNN-SS,0.5781132075471698,0.44628304886013714,0.39622641509433965,0.75,0.45652173913043476,0.7009345794392523,0.42424242424242425,0.5744400527009222,0.31910866498947144,1.7292145623430328,0.05768914908589513,0.3124958285270563,0.16035236418247223,21,75,25,32,13.320045709609985,4865104.0,305.0,0.7045098039215686,,249,140,45,37,273,42,55,19,,,,,,,,,,,,,,,,,,,,,,,,,522,93,153,100
mar,pima,2,0.8,risk_beta=2.5,0.5,2,3,4029,FedAvg-LR,0.6664150943396226,0.501438751437819,0.6226415094339622,0.6,0.4520547945205479,0.75,0.5238095238095238,0.5952380952380952,0.25581398606300354,0.9323489194469746,0.19487626649838313,0.2351233214139938,0.12135639786720276,33,60,40,20,0.805121898651123,8848.0,,0.49620915032679735,,249,140,45,37,273,42,55,19,,,,,,,,,,,,,,,,,,,,,,,,,522,93,153,100
mar,pima,2,0.8,risk_beta=2.5,0.5,2,3,4029,FedAvg-MLP,0.7192452830188679,0.5329261741346516,0.7547169811320755,0.63,0.5194805194805194,0.8289473684210527,0.6153846153846154,0.6656468531468531,0.22649124264717102,0.36470494577475343,0.3361804763505888,0.16596554117459877,0.17813900113105774,40,63,37,13,0.3853302001953125,112960.0,,,,249,140,45,37,273,42,55,19,,,,,,,,,,,,,,,,,,,,,,,,,522,93,153,100
mar,pima,2,0.8,risk_beta=2.5,0.5,2,3,4029,FedEns-RF,0.625188679245283,0.4729992360438634,0.5660377358490566,0.67,0.47619047619047616,0.7444444444444445,0.5172413793103449,0.6112522686025408,0.22317908619281046,-0.3618935401621475,0.7269239096311806,0.09478267973856211,0.42525,30,67,33,23,3.95259428024292,,,,,249,140,45,37,273,42,55,19,,,,,,,,,,,,,,,,,,,,,,,,,522,93,153,100
mar,pima,2,0.8,risk_beta=2.5,0.5,2,3,4029,FedAvg-GCN,0.7450943396226415,0.5925525106080759,0.6226415094339622,0.76,0.5789473684210527,0.7916666666666666,0.6,0.6877551020408164,0.20264597237110138,0.5503287890577059,0.4035110022332684,0.1317691722142151,0.2739936113357544,33,76,24,20,1.2115426063537598,112960.0,,,,249,140,45,37,273,42,55,19,,,,,,,,,,,,,,,,,,,,,,,,,522,93,153,100
mar,pima,2,0.8,risk_beta=2.5,0.5,2,3,4029,FedMatch-tab,0.7262264150943397,0.5437868495670665,0.7547169811320755,0.63,0.5194805194805194,0.8289473684210527,0.6153846153846154,0.6656468531468531,0.23193825781345367,0.754544474328946,0.32885393716554717,0.18960541888487106,0.10848871618509293,40,63,37,13,0.42517828941345215,112960.0,,,,249,140,45,37,273,42,55,19,,,,,,,,,,,,,,,,,,,,,,,,,522,93,153,100
mar,pima,2,0.8,risk_beta=2.5,0.5,2,3,4029,Local-TGNN,0.45245283018867927,0.3678998289551515,0.6226415094339622,0.28,0.3142857142857143,0.5833333333333334,0.4177215189873418,0.3980499486828601,0.4224661588668823,-0.2815723805197222,-0.018313255027739974,0.4285613469584705,0.01013664435595274,33,28,72,20,11.193782091140747,0.0,139.0,0.8190196078431373,,249,140,45,37,273,42,55,19,,,,,,,,,,,,,,,,,,,,,,,,,522,93,153,100
mar,pima,2,0.8,risk_beta=2.5,0.5,2,4,4030,FedTGNN-SS,0.7518867924528302,0.6111209321576566,0.8679245283018868,0.5,0.4791666666666667,0.8771929824561403,0.6174496644295302,0.6271961697943829,0.271392285823822,1.359975145271893,0.16926236353891747,0.26496744361626945,0.000979812815785408,46,50,50,7,12.854920864105225,4865104.0,327.0,0.534554805528769,,202,153,49,44,320,29,73,16,,,,,,,,,,,,,,,,,,,,,,,,,522,93,153,122
mar,pima,2,0.8,risk_beta=2.5,0.5,2,4,4030,FedAvg-LR,0.8750943396226416,0.8178223637937835,0.7924528301886793,0.77,0.6461538461538462,0.875,0.711864406779661,0.7655066714749369,0.1999111771583557,1.6790695530391446,1.4272877176490804,0.2076671957677486,0.08113405108451843,42,77,23,11,0.8873147964477539,8848.0,,0.360655737704918,,202,153,49,44,320,29,73,16,,,,,,,,,,,,,,,,,,,,,,,,,522,93,153,122
mar,pima,2,0.8,risk_beta=2.5,0.5,2,4,4030,FedAvg-MLP,0.8162264150943397,0.7265657374061142,0.6226415094339622,0.84,0.673469387755102,0.8076923076923077,0.6470588235294118,0.7352941176470589,0.17163152992725372,0.18400082162153736,1.8445356176475418,0.0803953359524409,0.38151657581329346,33,84,16,20,0.5640773773193359,112960.0,,,,202,153,49,44,320,29,73,16,,,,,,,,,,,,,,,,,,,,,,,,,522,93,153,122
mar,pima,2,0.8,risk_beta=2.5,0.5,2,4,4030,FedEns-RF,0.8343396226415094,0.7379834287345652,0.7358490566037735,0.74,0.6,0.8409090909090909,0.6610169491525424,0.7241254958528669,0.1738248740477558,-0.336646182260944,2.3266318637346703,0.13616227365263045,0.40901639344262297,39,74,26,14,3.0549871921539307,,,,,202,153,49,44,320,29,73,16,,,,,,,,,,,,,,,,,,,,,,,,,522,93,153,122
mar,pima,2,0.8,risk_beta=2.5,0.5,2,4,4030,FedAvg-GCN,0.8386792452830188,0.7673936391498009,0.7735849056603774,0.73,0.6029411764705882,0.8588235294117647,0.6776859504132231,0.7334375698012061,0.16522569954395294,0.5690802177866494,1.3446357902738233,0.09879043934489386,0.2491033375263214,41,73,27,12,1.4736919403076172,112960.0,,,,202,153,49,44,320,29,73,16,,,,,,,,,,,,,,,,,,,,,,,,,522,93,153,122
mar,pima,2,0.8,risk_beta=2.5,0.5,2,4,4030,FedMatch-tab,0.8175471698113208,0.7358302134666509,0.6792452830188679,0.82,0.6666666666666666,0.8282828282828283,0.6728971962616822,0.7485088996383789,0.16953718662261963,0.32275972121216834,1.5354200854142117,0.12213459255453811,0.33777180314064026,36,82,18,17,0.539684534072876,112960.0,,,,202,153,49,44,320,29,73,16,,,,,,,,,,,,,,,,,,,,,,,,,522,93,153,122
mar,pima,2,0.8,risk_beta=2.5,0.5,2,4,4030,Local-TGNN,0.5469811320754717,0.35832798868450927,0.6981132075471698,0.39,0.37755102040816324,0.7090909090909091,0.4900662251655629,0.4966460158085879,0.39885661005973816,-1.3270990599406884,0.011854179166659113,0.3975205181860456,0.01029676292091608,37,39,61,16,15.353374719619751,0.0,180.0,0.7270973963355835,,202,153,49,44,320,29,73,16,,,,,,,,,,,,,,,,,,,,,,,,,522,93,153,122
mar,pima,2,0.8,risk_beta=2.5,0.5,3,0,5026,FedTGNN-SS,0.7496296296296296,0.5989462374969711,0.46296296296296297,0.81,0.5681818181818182,0.7363636363636363,0.5102040816326531,0.6408163265306123,0.26283061504364014,0.9994413455264318,0.1526205298950357,0.2635866372979113,0.7216089963912964,25,81,19,29,13.004221439361572,4865104.0,122.0,0.5525112642459582,,94,80,17,16,427,102,81,42,,,,,,,,,,,,,,,,,,,,,,,,,521,93,154,98
mar,pima,2,0.8,risk_beta=2.5,0.5,3,0,5026,FedAvg-LR,0.8335185185185185,0.7121500788275926,0.7407407407407407,0.78,0.6451612903225806,0.8478260869565217,0.6896551724137931,0.7510775862068966,0.156728595495224,0.06460624954791501,1.383739004574638,0.08177816316291883,0.3395031988620758,40,78,22,14,0.9000387191772461,8848.0,,0.38411078717201164,,94,80,17,16,427,102,81,42,,,,,,,,,,,,,,,,,,,,,,,,,521,93,154,98
mar,pima,2,0.8,risk_beta=2.5,0.5,3,0,5026,FedAvg-MLP,0.8296296296296296,0.6929049109794938,0.5555555555555556,0.86,0.6818181818181818,0.7818181818181819,0.6122448979591837,0.7156462585034014,0.1650029420852661,-0.44908610870177734,0.9129425933425906,0.08248633939724462,0.6391616463661194,30,86,14,24,0.3639960289001465,112960.0,,,,94,80,17,16,427,102,81,42,,,,,,,,,,,,,,,,,,,,,,,,,521,93,154,98
mar,pima,2,0.8,risk_beta=2.5,0.5,3,0,5026,FedEns-RF,0.8225925925925927,0.6632929896237956,0.5740740740740741,0.84,0.6595744680851063,0.7850467289719626,0.6138613861386139,0.7127277945185824,0.18845690090573736,-0.6112483861471315,1.822313889341281,0.15455870659952298,0.5824489795918368,31,84,16,23,3.0390241146087646,,,,,94,80,17,16,427,102,81,42,,,,,,,,,,,,,,,,,,,,,,,,,521,93,154,98
mar,pima,2,0.8,risk_beta=2.5,0.5,3,0,5026,FedAvg-GCN,0.8592592592592592,0.718787726017899,0.8703703703703703,0.69,0.6025641025641025,0.9078947368421053,0.7121212121212122,0.7481060606060606,0.14953087270259857,-0.2590101794016479,1.3106622791309581,0.08527854723589762,0.34702473878860474,47,69,31,7,1.613783597946167,112960.0,,,,94,80,17,16,427,102,81,42,,,,,,,,,,,,,,,,,,,,,,,,,521,93,154,98
mar,pima,2,0.8,risk_beta=2.5,0.5,3,0,5026,FedMatch-tab,0.8377777777777777,0.7038386456565354,0.6296296296296297,0.85,0.6938775510204082,0.8095238095238095,0.6601941747572816,0.7447312337201042,0.16003002226352692,-0.42649198694113233,0.9352693574001688,0.07643343856582395,0.5652516484260559,34,85,15,20,0.6516633033752441,112960.0,,,,94,80,17,16,427,102,81,42,,,,,,,,,,,,,,,,,,,,,,,,,521,93,154,98
mar,pima,2,0.8,risk_beta=2.5,0.5,3,0,5026,Local-TGNN,0.5457407407407407,0.3789858410446517,0.5925925925925926,0.48,0.38095238095238093,0.6857142857142857,0.463768115942029,0.5142369991474851,0.4222630560398102,-2.810188119404462,0.044231696474073295,0.40231718745856704,0.4991239607334137,32,48,52,22,15.331550359725952,0.0,254.0,0.7340975351179433,,94,80,17,16,427,102,81,42,,,,,,,,,,,,,,,,,,,,,,,,,521,93,154,98
mar,pima,2,0.8,risk_beta=2.5,0.5,3,1,5027,FedTGNN-SS,0.7309259259259259,0.627531477442691,0.8888888888888888,0.34,0.42105263157894735,0.85,0.5714285714285714,0.5285714285714286,0.24410486221313477,0.25893453725429355,0.2116949626630773,0.23179751560212924,0.005859385710209608,48,34,66,6,14.469207048416138,4865104.0,250.0,0.6453069657615113,,449,125,97,52,72,57,13,12,,,,,,,,,,,,,,,,,,,,,,,,,521,93,154,110
mar,pima,2,0.8,risk_beta=2.5,0.5,3,1,5027,FedAvg-LR,0.7244444444444444,0.652248485600371,0.5740740740740741,0.8,0.6078431372549019,0.7766990291262136,0.5904761904761905,0.6893267651888342,0.1946377456188202,0.3022844111678776,0.597746651492695,0.09478240709316418,0.31407415866851807,31,80,20,23,1.0437285900115967,8848.0,,0.46357733175914995,,449,125,97,52,72,57,13,12,,,,,,,,,,,,,,,,,,,,,,,,,521,93,154,110
mar,pima,2,0.8,risk_beta=2.5,0.5,3,1,5027,FedAvg-MLP,0.7716666666666667,0.6874215148145466,0.7777777777777778,0.57,0.49411764705882355,0.8260869565217391,0.60431654676259,0.6394363798901708,0.19027884304523468,0.10135355467198519,0.5628165322462448,0.12377508734534312,0.17380206286907196,42,57,43,12,0.45009803771972656,112960.0,,,,449,125,97,52,72,57,13,12,,,,,,,,,,,,,,,,,,,,,,,,,521,93,154,110
mar,pima,2,0.8,risk_beta=2.5,0.5,3,1,5027,FedEns-RF,0.7700925925925926,0.616803899227857,0.6851851851851852,0.76,0.6065573770491803,0.8172043010752689,0.6434782608695652,0.7155215138544717,0.1867146530803907,-0.26546990799013676,1.2693247691987517,0.07763459268004726,0.3929545454545455,37,76,24,17,3.0804123878479004,,,,,449,125,97,52,72,57,13,12,,,,,,,,,,,,,,,,,,,,,,,,,521,93,154,110
mar,pima,2,0.8,risk_beta=2.5,0.5,3,1,5027,FedAvg-GCN,0.7962962962962963,0.720432875574339,0.6481481481481481,0.79,0.625,0.8061224489795918,0.6363636363636364,0.7171717171717171,0.1722063273191452,0.0016734409620860616,0.7734820305832916,0.06862573318376942,0.3905662000179291,35,79,21,19,1.5450782775878906,112960.0,,,,449,125,97,52,72,57,13,12,,,,,,,,,,,,,,,,,,,,,,,,,521,93,154,110
mar,pima,2,0.8,risk_beta=2.5,0.5,3,1,5027,FedMatch-tab,0.7788888888888889,0.6926851746143535,0.6851851851851852,0.67,0.5285714285714286,0.7976190476190477,0.5967741935483871,0.6625175315568023,0.18998633325099945,0.24730735605380882,0.5385493678622881,0.13167441529887064,0.24766458570957184,37,67,33,17,0.7425277233123779,112960.0,,,,449,125,97,52,72,57,13,12,,,,,,,,,,,,,,,,,,,,,,,,,521,93,154,110
mar,pima,2,0.8,risk_beta=2.5,0.5,3,1,5027,Local-TGNN,0.6342592592592593,0.5055366045432065,0.35185185185185186,0.79,0.475,0.6929824561403509,0.40425531914893614,0.571286538079141,0.2911938428878784,-0.31532338446234726,0.16732403750935743,0.2472100056127294,0.7046234011650085,19,79,21,35,15.96303415298462,0.0,112.0,0.7207792207792209,,449,125,97,52,72,57,13,12,,,,,,,,,,,,,,,,,,,,,,,,,521,93,154,110
mar,pima,2,0.8,risk_beta=2.5,0.5,3,3,5029,FedTGNN-SS,0.8047169811320755,0.7027615013712993,0.8301886792452831,0.66,0.5641025641025641,0.88,0.6717557251908397,0.713020719738277,0.20887422561645508,1.8971549750236132,0.24507899234426242,0.19662107236293794,0.008842388167977333,44,66,34,9,12.654263019561768,4865104.0,125.0,0.497124183006536,,369,90,72,36,153,92,28,26,,,,,,,,,,,,,,,,,,,,,,,,,522,93,153,100
mar,pima,2,0.8,risk_beta=2.5,0.5,3,3,5029,FedAvg-LR,0.8160377358490566,0.6437577585605637,0.7358490566037735,0.81,0.6724137931034483,0.8526315789473684,0.7027027027027027,0.7667359667359668,0.19013378024101257,0.6878205743903435,1.1537377028801872,0.14776967672838107,0.23725436627864838,39,81,19,14,0.6701180934906006,8848.0,,0.36594771241830065,,369,90,72,36,153,92,28,26,,,,,,,,,,,,,,,,,,,,,,,,,522,93,153,100
mar,pima,2,0.8,risk_beta=2.5,0.5,3,3,5029,FedAvg-MLP,0.8311320754716981,0.6948067580789508,0.8301886792452831,0.67,0.5714285714285714,0.881578947368421,0.676923076923077,0.7191433566433567,0.16330601274967194,0.13004938571156646,1.18658433846205,0.12548969043236152,0.2890031635761261,44,67,33,9,0.7147722244262695,112960.0,,,,369,90,72,36,153,92,28,26,,,,,,,,,,,,,,,,,,,,,,,,,522,93,153,100
mar,pima,2,0.8,risk_beta=2.5,0.5,3,3,5029,FedEns-RF,0.8161320754716981,0.6518021153839136,0.8679245283018868,0.68,0.5897435897435898,0.9066666666666666,0.7022900763358778,0.7397164667393674,0.18747724496732027,-0.5785955029635312,1.7648953907939147,0.12251241830065364,0.45720000000000005,46,68,32,7,2.1686325073242188,,,,,369,90,72,36,153,92,28,26,,,,,,,,,,,,,,,,,,,,,,,,,522,93,153,100
mar,pima,2,0.8,risk_beta=2.5,0.5,3,3,5029,FedAvg-GCN,0.8449056603773586,0.731926372238313,0.8867924528301887,0.68,0.5949367088607594,0.918918918918919,0.7121212121212122,0.7468652037617556,0.1523236334323883,0.06139653663295666,1.246217287671469,0.0856430035790587,0.29942214488983154,47,68,32,6,1.1649386882781982,112960.0,,,,369,90,72,36,153,92,28,26,,,,,,,,,,,,,,,,,,,,,,,,,522,93,153,100
mar,pima,2,0.8,risk_beta=2.5,0.5,3,3,5029,FedMatch-tab,0.8328301886792453,0.6847132101114375,0.8490566037735849,0.66,0.569620253164557,0.8918918918918919,0.6818181818181818,0.7202194357366771,0.16460005939006805,0.22743478618644727,1.0884941785496078,0.1224581004163019,0.25240254402160645,45,66,34,8,0.7138755321502686,112960.0,,,,369,90,72,36,153,92,28,26,,,,,,,,,,,,,,,,,,,,,,,,,522,93,153,100
mar,pima,2,0.8,risk_beta=2.5,0.5,3,3,5029,Local-TGNN,0.6586792452830188,0.46954521696795143,0.8867924528301887,0.37,0.42727272727272725,0.8604651162790697,0.5766871165644172,0.5470848170234673,0.3255252242088318,-2.5650442304198733,0.11572693980827671,0.29593048417587686,0.03646557778120041,47,37,63,6,11.573472738265991,0.0,165.0,0.6742156862745098,,369,90,72,36,153,92,28,26,,,,,,,,,,,,,,,,,,,,,,,,,522,93,153,100
mar,pima,2,0.8,risk_beta=2.5,0.5,3,2,5028,FedTGNN-SS,0.6746296296296297,0.5790383120898195,0.3888888888888889,0.87,0.6176470588235294,0.725,0.4772727272727273,0.634090909090909,0.2702198624610901,4.079120062879004,0.10386619328707414,0.2599652463890757,0.3395078182220459,21,87,13,33,13.298727989196777,4865104.0,200.0,0.5841063698206556,,85,29,16,9,436,153,89,58,,,,,,,,,,,,,,,,,,,,,,,,,521,93,154,105
mar,pima,2,0.8,risk_beta=2.5,0.5,3,2,5028,FedAvg-LR,0.8748148148148148,0.7968336044230443,0.7592592592592593,0.8,0.6721311475409836,0.8602150537634409,0.7130434782608696,0.7710295111511601,0.1460839807987213,0.5027049644158696,1.303252682414011,0.08520486539640984,0.2498176097869873,41,80,20,13,0.6877155303955078,8848.0,,0.3361162646876933,,85,29,16,9,436,153,89,58,,,,,,,,,,,,,,,,,,,,,,,,,521,93,154,105
mar,pima,2,0.8,risk_beta=2.5,0.5,3,2,5028,FedAvg-MLP,0.8229629629629629,0.7214269286959291,0.7592592592592593,0.74,0.6119402985074627,0.8505747126436781,0.6776859504132231,0.7345649003403014,0.16571658849716187,-0.18550820566480816,0.7114824220980709,0.062365286826313315,0.3701838254928589,41,74,26,13,0.7249531745910645,112960.0,,,,85,29,16,9,436,153,89,58,,,,,,,,,,,,,,,,,,,,,,,,,521,93,154,105
mar,pima,2,0.8,risk_beta=2.5,0.5,3,2,5028,FedEns-RF,0.8064814814814815,0.7408935598762129,0.7777777777777778,0.77,0.6461538461538462,0.8651685393258427,0.7058823529411765,0.7603485838779956,0.17719665319374503,-0.43267808109151734,1.7031975754238753,0.12407452071737785,0.42838095238095236,42,77,23,12,2.178772211074829,,,,,85,29,16,9,436,153,89,58,,,,,,,,,,,,,,,,,,,,,,,,,521,93,154,105
mar,pima,2,0.8,risk_beta=2.5,0.5,3,2,5028,FedAvg-GCN,0.8279629629629629,0.7582324815978769,0.7407407407407407,0.72,0.5882352941176471,0.8372093023255814,0.6557377049180327,0.7149656266525648,0.1584848314523697,0.347102501848775,0.8302414086840328,0.07822577964949919,0.23425759375095367,40,72,28,14,1.219569444656372,112960.0,,,,85,29,16,9,436,153,89,58,,,,,,,,,,,,,,,,,,,,,,,,,521,93,154,105
mar,pima,2,0.8,risk_beta=2.5,0.5,3,2,5028,FedMatch-tab,0.8327777777777777,0.7406355943803834,0.7407407407407407,0.79,0.6557377049180327,0.8494623655913979,0.6956521739130435,0.7571525118269881,0.1637517213821411,0.3314423324210272,0.6239906337736579,0.11022149408599,0.2808816730976105,40,79,21,14,0.7238850593566895,112960.0,,,,85,29,16,9,436,153,89,58,,,,,,,,,,,,,,,,,,,,,,,,,521,93,154,105
mar,pima,2,0.8,risk_beta=2.5,0.5,3,2,5028,Local-TGNN,0.6642592592592593,0.5298101708139796,0.6851851851851852,0.54,0.4457831325301205,0.7605633802816901,0.5401459854014599,0.5858624663849404,0.29481634497642517,-0.5107287798906419,0.11849029725724036,0.2689785301782094,0.09410928934812546,37,54,46,17,11.674341678619385,0.0,208.0,0.6890538033395177,,85,29,16,9,436,153,89,58,,,,,,,,,,,,,,,,,,,,,,,,,521,93,154,105
mar,pima,2,0.8,risk_beta=2.5,0.5,3,4,5030,FedTGNN-SS,0.6299999999999999,0.47204277545493983,0.5283018867924528,0.77,0.5490196078431373,0.7549019607843137,0.5384615384615384,0.6504188880426505,0.3050035536289215,3.905972735956926,0.08230886159302268,0.30693939829768696,0.021190421655774117,28,77,23,25,11.839420318603516,4865104.0,400.0,0.6017429193899781,,280,15,61,9,242,167,44,43,,,,,,,,,,,,,,,,,,,,,,,,,522,93,153,105
mar,pima,2,0.8,risk_beta=2.5,0.5,3,4,5030,FedAvg-LR,0.8271698113207547,0.6461420695649538,0.8490566037735849,0.72,0.6164383561643836,0.9,0.7142857142857143,0.7571428571428571,0.2880989909172058,3.677831021469153,0.5319900462760258,0.2982183596411464,0.007130220532417297,45,72,28,8,0.8560550212860107,8848.0,,0.38325552443199506,,280,15,61,9,242,167,44,43,,,,,,,,,,,,,,,,,,,,,,,,,522,93,153,105
mar,pima,2,0.8,risk_beta=2.5,0.5,3,4,5030,FedAvg-MLP,0.720943396226415,0.5721684441479368,0.4528301886792453,0.87,0.6486486486486487,0.75,0.5333333333333333,0.6694444444444445,0.21469949185848236,0.6845710981818268,0.8779033861824579,0.14591007304736991,0.28575196862220764,24,87,13,29,0.4218175411224365,112960.0,,,,280,15,61,9,242,167,44,43,,,,,,,,,,,,,,,,,,,,,,,,,522,93,153,105
mar,pima,2,0.8,risk_beta=2.5,0.5,3,4,5030,FedEns-RF,0.6096226415094339,0.5219153310958264,0.3584905660377358,0.83,0.5277777777777778,0.7094017094017094,0.42696629213483145,0.5959716253300885,0.24332772409704626,-0.731775179819508,1.3439558825567173,0.1817821350762528,0.5352380952380953,19,83,17,34,2.645245313644409,,,,,280,15,61,9,242,167,44,43,,,,,,,,,,,,,,,,,,,,,,,,,522,93,153,105
mar,pima,2,0.8,risk_beta=2.5,0.5,3,4,5030,FedAvg-GCN,0.760188679245283,0.5809654085269594,0.6037735849056604,0.77,0.5818181818181818,0.7857142857142857,0.5925925925925926,0.6851851851851851,0.1984901875257492,0.27623617248856713,1.1266810008352337,0.11709827106762553,0.31953108310699463,32,77,23,21,1.3447794914245605,112960.0,,,,280,15,61,9,242,167,44,43,,,,,,,,,,,,,,,,,,,,,,,,,522,93,153,105
mar,pima,2,0.8,risk_beta=2.5,0.5,3,4,5030,FedMatch-tab,0.7475471698113207,0.583661872271438,0.41509433962264153,0.89,0.6666666666666666,0.7416666666666667,0.5116279069767442,0.6603594080338266,0.21355660259723663,0.7638893788582826,0.940979593037393,0.14811045398899153,0.2891518175601959,22,89,11,31,1.1547284126281738,112960.0,,,,280,15,61,9,242,167,44,43,,,,,,,,,,,,,,,,,,,,,,,,,522,93,153,105
mar,pima,2,0.8,risk_beta=2.5,0.5,3,4,5030,Local-TGNN,0.5147169811320755,0.32915519880897826,0.5849056603773585,0.51,0.3875,0.6986301369863014,0.46616541353383456,0.5278803946281889,0.46863821148872375,-3.484837512543258,-0.0022555197054115886,0.4738939690823648,0.008124124258756638,31,51,49,22,10.725332021713257,0.0,389.0,0.6932773109243697,,280,15,61,9,242,167,44,43,,,,,,,,,,,,,,,,,,,,,,,,,522,93,153,105
mar,pima,2,0.8,risk_beta=2.5,0.5,4,0,6026,FedTGNN-SS,0.7183333333333333,0.6085943354670375,0.48148148148148145,0.87,0.6666666666666666,0.7565217391304347,0.5591397849462365,0.6842210552638159,0.23290953040122986,0.6759297540880865,0.2281540204318818,0.19773916856615575,0.6212273240089417,26,87,13,28,10.406625747680664,4865104.0,335.0,0.6804141804141804,,346,165,72,57,175,17,39,7,,,,,,,,,,,,,,,,,,,,,,,,,521,93,154,111
mar,pima,2,0.8,risk_beta=2.5,0.5,4,0,6026,FedAvg-LR,0.7450000000000001,0.6459072748958254,0.4074074074074074,0.89,0.6666666666666666,0.7355371900826446,0.5057471264367817,0.6555884953450877,0.2441239356994629,-1.2659035868150106,0.4483650899411959,0.1984900389011804,0.8506993055343628,22,89,11,32,0.59031081199646,8848.0,,0.557856557856558,,346,165,72,57,175,17,39,7,,,,,,,,,,,,,,,,,,,,,,,,,521,93,154,111
mar,pima,2,0.8,risk_beta=2.5,0.5,4,0,6026,FedAvg-MLP,0.7633333333333333,0.652934227388221,0.6851851851851852,0.66,0.5211267605633803,0.7951807228915663,0.592,0.656655737704918,0.2216414362192154,-1.0463388583115631,0.7313946774433204,0.17937922695433936,0.5687794089317322,37,66,34,17,0.36466526985168457,112960.0,,,,346,165,72,57,175,17,39,7,,,,,,,,,,,,,,,,,,,,,,,,,521,93,154,111
mar,pima,2,0.8,risk_beta=2.5,0.5,4,0,6026,FedEns-RF,0.7296296296296297,0.6224209629460719,0.6851851851851852,0.75,0.5967741935483871,0.8152173913043478,0.6379310344827587,0.7095905172413793,0.20641311496210146,-0.4853838691685504,1.2444971968746725,0.13416374166374173,0.49364864864864866,37,75,25,17,2.530310869216919,,,,,346,165,72,57,175,17,39,7,,,,,,,,,,,,,,,,,,,,,,,,,521,93,154,111
mar,pima,2,0.8,risk_beta=2.5,0.5,4,0,6026,FedAvg-GCN,0.7887037037037037,0.6641503175678418,0.7777777777777778,0.62,0.525,0.8378378378378378,0.6268656716417911,0.6697546749013553,0.19646033644676208,-0.7644654630438453,0.7362724644176124,0.13945475946386138,0.4245254099369049,42,62,38,12,1.0715363025665283,112960.0,,,,346,165,72,57,175,17,39,7,,,,,,,,,,,,,,,,,,,,,,,,,521,93,154,111
mar,pima,2,0.8,risk_beta=2.5,0.5,4,0,6026,FedMatch-tab,0.7598148148148148,0.6437345889933639,0.7037037037037037,0.66,0.5277777777777778,0.8048780487804879,0.6031746031746031,0.6642246642246642,0.21724969148635864,-0.9657565313840198,0.7238017577776824,0.1807781130849541,0.5409116148948669,38,66,34,16,0.5202982425689697,112960.0,,,,346,165,72,57,175,17,39,7,,,,,,,,,,,,,,,,,,,,,,,,,521,93,154,111
mar,pima,2,0.8,risk_beta=2.5,0.5,4,0,6026,Local-TGNN,0.5990740740740741,0.5144184637014624,0.2037037037037037,0.94,0.6470588235294118,0.6861313868613139,0.30985915492957744,0.5515540500386283,0.41929537057876587,-3.4619751749788548,0.06404273024013199,0.4130394475159611,0.9997065663337708,11,94,6,43,10.572526693344116,0.0,307.0,0.7769685269685269,,346,165,72,57,175,17,39,7,,,,,,,,,,,,,,,,,,,,,,,,,521,93,154,111
mar,pima,2,0.8,risk_beta=2.5,0.5,4,1,6027,FedTGNN-SS,0.8122222222222222,0.6865100878996497,0.8703703703703703,0.59,0.5340909090909091,0.8939393939393939,0.6619718309859155,0.6864076022399457,0.24098725616931915,3.174714444404612,0.2933136229874792,0.24215773160436324,0.003679215209558606,47,59,41,7,10.418788194656372,4865104.0,51.0,0.42075517075517077,,250,53,46,24,271,129,62,39,,,,,,,,,,,,,,,,,,,,,,,,,521,93,154,108
mar,pima,2,0.8,risk_beta=2.5,0.5,4,1,6027,FedAvg-LR,0.8407407407407407,0.7894548877343217,0.35185185185185186,0.98,0.9047619047619048,0.7368421052631579,0.5066666666666667,0.6739341917024321,0.15088598430156708,0.3262531177382357,1.2569253899613262,0.08441064037479364,0.6075195670127869,19,98,2,35,0.6825566291809082,8848.0,,0.3621933621933622,,250,53,46,24,271,129,62,39,,,,,,,,,,,,,,,,,,,,,,,,,521,93,154,108
mar,pima,2,0.8,risk_beta=2.5,0.5,4,1,6027,FedAvg-MLP,0.8755555555555556,0.8112415125684178,0.6111111111111112,0.9,0.7674418604651163,0.8108108108108109,0.6804123711340206,0.7667464699272,0.13734568655490875,0.06496198997366542,1.3550564956399236,0.05773171153548475,0.49732452630996704,33,90,10,21,0.28159618377685547,112960.0,,,,250,53,46,24,271,129,62,39,,,,,,,,,,,,,,,,,,,,,,,,,521,93,154,108
mar,pima,2,0.8,risk_beta=2.5,0.5,4,1,6027,FedEns-RF,0.768611111111111,0.7352424871709283,0.5370370370370371,0.88,0.7073170731707317,0.7787610619469026,0.6105263157894737,0.7184086978008402,0.18947643286925694,-0.3832098692600775,2.209223322690037,0.15062049062049063,0.5122222222222221,29,88,12,25,2.59665846824646,,,,,250,53,46,24,271,129,62,39,,,,,,,,,,,,,,,,,,,,,,,,,521,93,154,108
mar,pima,2,0.8,risk_beta=2.5,0.5,4,1,6027,FedAvg-GCN,0.8325925925925927,0.7513921059580437,0.5925925925925926,0.92,0.8,0.8070175438596491,0.6808510638297872,0.7703320739709684,0.1544521450996399,0.14538782923117025,1.2054843267819284,0.06468086133336091,0.4776475131511688,32,92,8,22,1.192476511001587,112960.0,,,,250,53,46,24,271,129,62,39,,,,,,,,,,,,,,,,,,,,,,,,,521,93,154,108
mar,pima,2,0.8,risk_beta=2.5,0.5,4,1,6027,FedMatch-tab,0.8794444444444445,0.8194499165377296,0.8333333333333334,0.73,0.625,0.8902439024390244,0.7142857142857143,0.7582417582417582,0.13600729405879974,0.22298007380114784,1.1692558332258178,0.08310892928827118,0.2531239688396454,45,73,27,9,0.4552173614501953,112960.0,,,,250,53,46,24,271,129,62,39,,,,,,,,,,,,,,,,,,,,,,,,,521,93,154,108
mar,pima,2,0.8,risk_beta=2.5,0.5,4,1,6027,Local-TGNN,0.7064814814814815,0.5147165701545866,0.9074074074074074,0.4,0.44954128440366975,0.8888888888888888,0.6012269938650306,0.5764755658980325,0.25048431754112244,0.34058865955252793,0.20794358324146284,0.20803206781675287,0.011399360373616219,49,40,60,5,10.525163650512695,0.0,111.0,0.6427970177970178,,250,53,46,24,271,129,62,39,,,,,,,,,,,,,,,,,,,,,,,,,521,93,154,108
mar,pima,2,0.8,risk_beta=2.5,0.5,4,2,6028,FedTGNN-SS,0.6275925925925925,0.5118971504658179,0.6111111111111112,0.57,0.4342105263157895,0.7307692307692307,0.5076923076923077,0.5740708729472774,0.26045864820480347,0.9158449665467067,0.1304134183367287,0.22919557259309215,0.05627525597810745,33,57,43,21,10.727994680404663,4865104.0,82.0,0.6193600214218771,,33,25,5,4,488,157,92,53,,,,,,,,,,,,,,,,,,,,,,,,,521,93,154,97
mar,pima,2,0.8,risk_beta=2.5,0.5,4,2,6028,FedAvg-LR,0.8516666666666667,0.7101501132844533,0.6851851851851852,0.84,0.6981132075471698,0.8316831683168316,0.6915887850467289,0.7637048402845585,0.1567419022321701,0.3119102546485403,1.2364967903994988,0.07786035479663254,0.3397485613822937,37,84,16,17,0.6632578372955322,8848.0,,0.3732762083277547,,33,25,5,4,488,157,92,53,,,,,,,,,,,,,,,,,,,,,,,,,521,93,154,97
mar,pima,2,0.8,risk_beta=2.5,0.5,4,2,6028,FedAvg-MLP,0.8212962962962964,0.6546436485610391,0.7777777777777778,0.67,0.56,0.8481012658227848,0.6511627906976745,0.6998830713264909,0.1696910858154297,0.006340372643077132,0.7370747649326024,0.0823449653077435,0.2608683705329895,42,67,33,12,0.3447268009185791,112960.0,,,,33,25,5,4,488,157,92,53,,,,,,,,,,,,,,,,,,,,,,,,,521,93,154,97
mar,pima,2,0.8,risk_beta=2.5,0.5,4,2,6028,FedEns-RF,0.7394444444444445,0.6235522562246193,0.42592592592592593,0.88,0.6571428571428571,0.7394957983193278,0.5168539325842697,0.6602534503103996,0.19448839641997923,-0.3565452202557974,1.1830181756246472,0.09575947248627663,0.5664948453608247,23,88,12,31,2.7431421279907227,,,,,33,25,5,4,488,157,92,53,,,,,,,,,,,,,,,,,,,,,,,,,521,93,154,97
mar,pima,2,0.8,risk_beta=2.5,0.5,4,2,6028,FedAvg-GCN,0.8094444444444444,0.6564978001816849,0.8518518518518519,0.63,0.5542168674698795,0.8873239436619719,0.6715328467153284,0.7041874759892431,0.17638501524925232,0.3208022746018605,0.6617221359144655,0.08644273364311689,0.1457042098045349,46,63,37,8,1.3599064350128174,112960.0,,,,33,25,5,4,488,157,92,53,,,,,,,,,,,,,,,,,,,,,,,,,521,93,154,97
mar,pima,2,0.8,risk_beta=2.5,0.5,4,2,6028,FedMatch-tab,0.8272222222222222,0.6581891988200206,0.7592592592592593,0.74,0.6119402985074627,0.8505747126436781,0.6776859504132231,0.7345649003403014,0.17231899499893188,0.3599065729151786,0.6581056911964717,0.11724670869963509,0.24396675825119019,41,74,26,13,0.5518589019775391,112960.0,,,,33,25,5,4,488,157,92,53,,,,,,,,,,,,,,,,,,,,,,,,,521,93,154,97
mar,pima,2,0.8,risk_beta=2.5,0.5,4,2,6028,Local-TGNN,0.5768518518518518,0.49677538204060123,0.6666666666666666,0.45,0.3956043956043956,0.7142857142857143,0.496551724137931,0.5243494817008674,0.29746678471565247,-0.5894800397208353,0.14780312811371518,0.25816343088525456,0.24085593223571777,36,45,55,18,18.710055351257324,0.0,196.0,0.7430713616280626,,33,25,5,4,488,157,92,53,,,,,,,,,,,,,,,,,,,,,,,,,521,93,154,97
mar,pima,2,0.8,risk_beta=2.5,0.5,4,3,6029,FedTGNN-SS,0.6554716981132075,0.5226183221856213,0.6226415094339622,0.64,0.4782608695652174,0.7619047619047619,0.5409836065573771,0.6183178902352102,0.2773323357105255,1.0715509447705787,0.11277333770177193,0.2662536372716715,0.08547139912843704,33,64,36,20,20.580161809921265,4865104.0,109.0,0.5895844576362654,,323,104,68,47,199,78,41,29,,,,,,,,,,,,,,,,,,,,,,,,,522,93,153,109
mar,pima,2,0.8,risk_beta=2.5,0.5,4,3,6029,FedAvg-LR,0.7609433962264152,0.6329679793338763,0.8301886792452831,0.53,0.4835164835164835,0.8548387096774194,0.6111111111111112,0.6327160493827161,0.18410265445709229,0.236095968907571,0.7567436573709528,0.08883442218397178,0.18014951050281525,44,53,47,9,0.9721617698669434,8848.0,,0.4221382742699527,,323,104,68,47,199,78,41,29,,,,,,,,,,,,,,,,,,,,,,,,,522,93,153,109
mar,pima,2,0.8,risk_beta=2.5,0.5,4,3,6029,FedAvg-MLP,0.7779245283018869,0.6816332045954359,0.6037735849056604,0.77,0.5818181818181818,0.7857142857142857,0.5925925925925926,0.6851851851851851,0.19589559733867645,-0.6710185749602969,0.707581871492786,0.11846198190271465,0.595849335193634,32,77,23,21,0.7144489288330078,112960.0,,,,323,104,68,47,199,78,41,29,,,,,,,,,,,,,,,,,,,,,,,,,522,93,153,109
mar,pima,2,0.8,risk_beta=2.5,0.5,4,3,6029,FedEns-RF,0.7441509433962264,0.6532635161112186,0.5094339622641509,0.78,0.5510204081632653,0.75,0.5294117647058824,0.6470588235294117,0.20464565810023475,-0.6041083269649832,1.516454425980469,0.1435015290519878,0.5075229357798166,27,78,22,26,3.0751144886016846,,,,,323,104,68,47,199,78,41,29,,,,,,,,,,,,,,,,,,,,,,,,,522,93,153,109
mar,pima,2,0.8,risk_beta=2.5,0.5,4,3,6029,FedAvg-GCN,0.7575471698113208,0.667171414916298,0.7169811320754716,0.61,0.4935064935064935,0.8026315789473685,0.5846153846153846,0.6388986013986014,0.19584926962852478,-0.20333474805330579,0.5349578807463087,0.12469870455903943,0.2860223352909088,38,61,39,15,0.9646604061126709,112960.0,,,,323,104,68,47,199,78,41,29,,,,,,,,,,,,,,,,,,,,,,,,,522,93,153,109
mar,pima,2,0.8,risk_beta=2.5,0.5,4,3,6029,FedMatch-tab,0.7796226415094341,0.681072536888418,0.660377358490566,0.71,0.546875,0.797752808988764,0.5982905982905983,0.6748066748066748,0.19324979186058044,-0.39396072114207165,0.5920186603459737,0.11346436048450036,0.39316460490226746,35,71,29,18,0.3518521785736084,112960.0,,,,323,104,68,47,199,78,41,29,,,,,,,,,,,,,,,,,,,,,,,,,522,93,153,109
mar,pima,2,0.8,risk_beta=2.5,0.5,4,3,6029,Local-TGNN,0.4867924528301886,0.33006226759372037,0.4716981132075472,0.49,0.32894736842105265,0.6363636363636364,0.3875968992248062,0.4706346078044935,0.4348437786102295,-2.8688120076532764,-0.014941953386043478,0.4022473060081597,0.6245198249816895,25,49,51,28,9.20358419418335,0.0,151.0,0.8195418840319002,,323,104,68,47,199,78,41,29,,,,,,,,,,,,,,,,,,,,,,,,,522,93,153,109
mar,pima,2,0.8,risk_beta=2.5,0.5,4,4,6030,FedTGNN-SS,0.46792452830188686,0.3433319559282195,0.4716981132075472,0.49,0.32894736842105265,0.6363636363636364,0.3875968992248062,0.4706346078044935,0.42218878865242004,-1.7370695746289049,-0.032316320912886304,0.40145773094853543,0.6215633749961853,25,49,51,28,20.748520612716675,4865104.0,115.0,0.7494553376906319,,387,121,82,56,135,61,26,15,,,,,,,,,,,,,,,,,,,,,,,,,522,93,153,108
mar,pima,2,0.8,risk_beta=2.5,0.5,4,4,6030,FedAvg-LR,0.7722641509433962,0.627692020748687,0.4716981132075472,0.84,0.6097560975609756,0.75,0.5319148936170213,0.6621838619028503,0.18973195552825928,0.5336148045947409,0.7335421631516099,0.10201206535490512,0.40535077452659607,25,84,16,28,1.3216283321380615,8848.0,,0.3999031711450012,,387,121,82,56,135,61,26,15,,,,,,,,,,,,,,,,,,,,,,,,,522,93,153,108
mar,pima,2,0.8,risk_beta=2.5,0.5,4,4,6030,FedAvg-MLP,0.699811320754717,0.6063595206054128,0.32075471698113206,0.93,0.7083333333333334,0.7209302325581395,0.44155844155844154,0.6268927578971247,0.22061197459697723,-0.6156258764871939,0.5840224530047088,0.1622263511606291,0.7584059238433838,17,93,7,36,0.4145631790161133,112960.0,,,,387,121,82,56,135,61,26,15,,,,,,,,,,,,,,,,,,,,,,,,,522,93,153,108
mar,pima,2,0.8,risk_beta=2.5,0.5,4,4,6030,FedEns-RF,0.7227358490566037,0.5300520078039678,0.5660377358490566,0.73,0.5263157894736842,0.7604166666666666,0.5454545454545454,0.6451762523191095,0.21436232163990424,-0.48699562006488284,1.2449509189456984,0.13238622609537642,0.48648148148148146,30,73,27,23,2.974591016769409,,,,,387,121,82,56,135,61,26,15,,,,,,,,,,,,,,,,,,,,,,,,,522,93,153,108
mar,pima,2,0.8,risk_beta=2.5,0.5,4,4,6030,FedAvg-GCN,0.7649056603773586,0.6295442739177622,0.7924528301886793,0.62,0.525,0.8493150684931506,0.631578947368421,0.674170976574384,0.1843542903661728,0.07123174074880693,0.8165126159993922,0.07480323317101578,0.25788435339927673,42,62,38,11,0.9060838222503662,112960.0,,,,387,121,82,56,135,61,26,15,,,,,,,,,,,,,,,,,,,,,,,,,522,93,153,108
mar,pima,2,0.8,risk_beta=2.5,0.5,4,4,6030,FedMatch-tab,0.7318867924528302,0.6240549658821268,0.39622641509433965,0.88,0.6363636363636364,0.7333333333333333,0.4883720930232558,0.6441860465116279,0.20445358753204346,-0.42532189643307033,0.5914063679364567,0.11598275840477228,0.6857978701591492,21,88,12,32,0.33499741554260254,112960.0,,,,387,121,82,56,135,61,26,15,,,,,,,,,,,,,,,,,,,,,,,,,522,93,153,108
mar,pima,2,0.8,risk_beta=2.5,0.5,4,4,6030,Local-TGNN,0.5962264150943396,0.45964508868530196,0.32075471698113206,0.9,0.6296296296296297,0.7142857142857143,0.425,0.6107300884955752,0.2992081940174103,-0.19898105598317098,0.06505284783105403,0.2648563667693559,0.9043985605239868,17,90,10,36,9.843847751617432,0.0,149.0,0.71320503510046,,387,121,82,56,135,61,26,15,,,,,,,,,,,,,,,,,,,,,,,,,522,93,153,108
mar,early,2,0.8,risk_beta=1,0.5,0,0,2026,FedTGNN-SS,0.93359375,0.9604029959321372,0.875,0.875,0.9180327868852459,0.813953488372093,0.896,0.8696867469879519,0.1684194654226303,4.3883120273961955,0.2954062361821249,0.18247046923408144,0.01959340274333954,56,35,5,8,12.020697116851807,5528336.0,256.0,0.5764620653319283,,41,34,11,10,312,183,62,52,,,,,,,,,,,,,,,,,,,,,,,,,353,63,104,73
mar,early,2,0.8,risk_beta=1,0.5,0,0,2026,FedAvg-LR,0.958984375,0.974162468195186,0.921875,0.85,0.9076923076923077,0.8717948717948718,0.9147286821705426,0.8877440879207144,0.09843116253614426,0.9611698986962767,1.0279264653704892,0.096394212038901,0.20898152887821198,59,34,6,5,0.685053825378418,16720.0,,0.5541359325605901,,41,34,11,10,312,183,62,52,,,,,,,,,,,,,,,,,,,,,,,,,353,63,104,73
mar,early,2,0.8,risk_beta=1,0.5,0,0,2026,FedAvg-MLP,0.9769531250000001,0.9856750889560498,0.75,1.0,1.0,0.7142857142857143,0.8571428571428571,0.8452380952380952,0.06366176158189774,-0.43229394947269706,0.6820289535645623,0.06524971849285069,0.9729956388473511,48,40,0,16,0.29839229583740234,194880.0,,,,41,34,11,10,312,183,62,52,,,,,,,,,,,,,,,,,,,,,,,,,353,63,104,73
mar,early,2,0.8,risk_beta=1,0.5,0,0,2026,FedEns-RF,0.9781249999999999,0.98682240215945,0.875,0.975,0.9824561403508771,0.8297872340425532,0.9256198347107438,0.9110857794243374,0.08895873616965227,0.3197025136043729,3.871120805323558,0.15531414646996844,0.49952054794520545,56,39,1,8,2.1550190448760986,,,,,41,34,11,10,312,183,62,52,,,,,,,,,,,,,,,,,,,,,,,,,353,63,104,73
mar,early,2,0.8,risk_beta=1,0.5,0,0,2026,FedAvg-GCN,0.9496093750000001,0.9701729743235287,0.65625,1.0,1.0,0.6451612903225806,0.7924528301886793,0.7883832778394377,0.09805072098970413,0.22539629838349076,0.5561881625725071,0.07804186710228138,0.9506556987762451,42,40,0,22,0.8183784484863281,194880.0,,,,41,34,11,10,312,183,62,52,,,,,,,,,,,,,,,,,,,,,,,,,353,63,104,73
mar,early,2,0.8,risk_beta=1,0.5,0,0,2026,FedMatch-tab,0.97421875,0.9840285043679804,0.78125,1.0,1.0,0.7407407407407407,0.8771929824561403,0.8641284061216872,0.07307955622673035,-0.32213836892174713,0.6105369122822643,0.08402538098967996,0.9773350954055786,50,40,0,14,0.7147901058197021,194880.0,,,,41,34,11,10,312,183,62,52,,,,,,,,,,,,,,,,,,,,,,,,,353,63,104,73
mar,early,2,0.8,risk_beta=1,0.5,0,0,2026,Local-TGNN,0.92109375,0.9518602489924878,0.6875,0.95,0.9565217391304348,0.6551724137931034,0.8,0.7877551020408163,0.16566120088100433,0.5453455863668996,0.33032414999564585,0.16322314696243173,0.9803529977798462,44,38,2,20,8.059880256652832,0.0,272.0,0.6318493150684932,,41,34,11,10,312,183,62,52,,,,,,,,,,,,,,,,,,,,,,,,,353,63,104,73
mar,early,2,0.8,risk_beta=1,0.5,0,1,2027,FedTGNN-SS,0.982421875,0.9905334477546652,0.921875,0.95,0.9672131147540983,0.8837209302325582,0.944,0.9298313253012047,0.1411224901676178,9.99999335625205,0.8698733902857675,0.14700621328889749,7.80613027018262e-06,59,38,2,5,7.611228704452515,5528336.0,265.0,0.5248520710059172,,173,118,29,25,180,99,36,27,,,,,,,,,,,,,,,,,,,,,,,,,353,63,104,65
mar,early,2,0.8,risk_beta=1,0.5,0,1,2027,FedAvg-LR,0.94296875,0.9696967009958787,0.796875,0.975,0.9807692307692307,0.75,0.8793103448275862,0.8635682158920539,0.09834467619657516,1.0359512461850247,0.9188132377519574,0.0947784958049082,0.6778421998023987,51,39,1,13,0.5752518177032471,16720.0,,0.5650887573964497,,173,118,29,25,180,99,36,27,,,,,,,,,,,,,,,,,,,,,,,,,353,63,104,65
mar,early,2,0.8,risk_beta=1,0.5,0,1,2027,FedAvg-MLP,0.9750000000000001,0.9836517807276602,1.0,0.775,0.8767123287671232,1.0,0.9343065693430657,0.903773002981392,0.06027799844741821,-0.490281242321882,0.6207342287061793,0.07556892487292108,0.2717018127441406,64,31,9,0,0.3645460605621338,194880.0,,,,173,118,29,25,180,99,36,27,,,,,,,,,,,,,,,,,,,,,,,,,353,63,104,65
mar,early,2,0.8,risk_beta=1,0.5,0,1,2027,FedEns-RF,0.97421875,0.9843616861993695,0.828125,0.95,0.9636363636363636,0.7755102040816326,0.8907563025210085,0.8723444433953357,0.0778662208693673,0.43609094987128816,2.1793546331999183,0.11315976331360943,0.5703846153846155,53,38,2,11,2.404168128967285,,,,,173,118,29,25,180,99,36,27,,,,,,,,,,,,,,,,,,,,,,,,,353,63,104,65
mar,early,2,0.8,risk_beta=1,0.5,0,1,2027,FedAvg-GCN,0.9929687500000001,0.9960277457757296,0.921875,1.0,1.0,0.8888888888888888,0.959349593495935,0.9502630320420851,0.044871825724840164,0.9332519312728317,2.392878693805317,0.07140720513864206,0.44877660274505615,59,40,0,5,0.961284875869751,194880.0,,,,173,118,29,25,180,99,36,27,,,,,,,,,,,,,,,,,,,,,,,,,353,63,104,65
mar,early,2,0.8,risk_beta=1,0.5,0,1,2027,FedMatch-tab,0.977734375,0.9855839433293496,1.0,0.775,0.8767123287671232,1.0,0.9343065693430657,0.903773002981392,0.06035536900162697,-0.43389611302387326,0.6639955793073029,0.06563145024343753,0.23486505448818207,64,31,9,0,0.47142672538757324,194880.0,,,,173,118,29,25,180,99,36,27,,,,,,,,,,,,,,,,,,,,,,,,,353,63,104,65
mar,early,2,0.8,risk_beta=1,0.5,0,1,2027,Local-TGNN,0.9332031250000001,0.9588359617186861,0.953125,0.775,0.8714285714285714,0.9117647058823529,0.9104477611940298,0.8741427995159339,0.12995074689388275,1.5821396058541557,0.4042993323999543,0.13204206293448806,0.031193874776363373,61,31,9,3,7.355983018875122,0.0,285.0,0.7034023668639053,,173,118,29,25,180,99,36,27,,,,,,,,,,,,,,,,,,,,,,,,,353,63,104,65
mar,early,2,0.8,risk_beta=1,0.5,0,2,2028,FedTGNN-SS,0.961328125,0.9797207445935272,0.859375,0.925,0.9482758620689655,0.8043478260869565,0.9016393442622951,0.8810522302706825,0.151860773563385,9.99999335625205,0.4679679324030732,0.1676532395123594,0.00021005647431593388,55,37,3,9,7.825572729110718,5528336.0,275.0,0.5248397435897435,,103,87,21,19,250,130,57,43,,,,,,,,,,,,,,,,,,,,,,,,,353,63,104,78
mar,early,2,0.8,risk_beta=1,0.5,0,2,2028,FedAvg-LR,0.9593750000000001,0.977990330426379,0.890625,0.85,0.9047619047619048,0.8292682926829268,0.8976377952755905,0.8685719840575483,0.09743941575288773,1.590037026792769,0.951504410542218,0.12330570662967288,0.1328457146883011,57,34,6,7,0.66996169090271,16720.0,,0.6461415187376726,,103,87,21,19,250,130,57,43,,,,,,,,,,,,,,,,,,,,,,,,,353,63,104,78
mar,early,2,0.8,risk_beta=1,0.5,0,2,2028,FedAvg-MLP,0.9660156249999999,0.9808501703011352,0.90625,0.9,0.9354838709677419,0.8571428571428571,0.9206349206349206,0.8993418505613627,0.08608540892601013,1.6769736843187177,0.5322069762531677,0.0959842844794576,0.21035319566726685,58,36,4,6,0.2773609161376953,194880.0,,,,103,87,21,19,250,130,57,43,,,,,,,,,,,,,,,,,,,,,,,,,353,63,104,78
mar,early,2,0.8,risk_beta=1,0.5,0,2,2028,FedEns-RF,0.9742187499999999,0.9854883205055847,0.828125,0.95,0.9636363636363636,0.7755102040816326,0.8907563025210085,0.8723444433953357,0.08392648817990442,0.4715443160552095,2.6229335102763884,0.12816752958579883,0.525,53,38,2,11,2.491081476211548,,,,,103,87,21,19,250,130,57,43,,,,,,,,,,,,,,,,,,,,,,,,,353,63,104,78
mar,early,2,0.8,risk_beta=1,0.5,0,2,2028,FedAvg-GCN,0.954296875,0.9758201265991859,0.796875,0.975,0.9807692307692307,0.75,0.8793103448275862,0.8635682158920539,0.09877868741750717,2.5718993678487014,0.4636661693073628,0.1084650005840768,0.6774585247039795,51,39,1,13,1.1324405670166016,194880.0,,,,103,87,21,19,250,130,57,43,,,,,,,,,,,,,,,,,,,,,,,,,353,63,104,78
mar,early,2,0.8,risk_beta=1,0.5,0,2,2028,FedMatch-tab,0.9601562499999999,0.9780989669626324,0.890625,0.9,0.9344262295081968,0.8372093023255814,0.912,0.8897349397590362,0.08830884844064713,1.425796104985659,0.5310974113168206,0.09607531079270232,0.26687201857566833,57,36,4,7,0.3766367435455322,194880.0,,,,103,87,21,19,250,130,57,43,,,,,,,,,,,,,,,,,,,,,,,,,353,63,104,78
mar,early,2,0.8,risk_beta=1,0.5,0,2,2028,Local-TGNN,0.91015625,0.9398810923259134,0.9375,0.775,0.8695652173913043,0.8857142857142857,0.9022556390977443,0.8644611528822055,0.13000531494617462,2.1766572534878716,0.3238188948972352,0.13012053047378475,0.01270819827914238,60,31,9,4,7.264245510101318,0.0,272.0,0.6053377712031558,,103,87,21,19,250,130,57,43,,,,,,,,,,,,,,,,,,,,,,,,,353,63,104,78
mar,early,2,0.8,risk_beta=1,0.5,0,3,2029,FedTGNN-SS,0.9167968750000001,0.9546794567315564,0.796875,0.975,0.9807692307692307,0.75,0.8793103448275862,0.8635682158920539,0.10883358865976334,0.5448928497433171,0.35064149984348275,0.08498767591439763,0.8366466760635376,51,39,1,13,7.520013093948364,5528336.0,284.0,0.6730769230769231,,218,188,35,33,135,29,32,13,,,,,,,,,,,,,,,,,,,,,,,,,353,63,104,67
mar,early,2,0.8,risk_beta=1,0.5,0,3,2029,FedAvg-LR,0.962109375,0.978819362292854,0.78125,0.925,0.9433962264150944,0.7254901960784313,0.8547008547008547,0.8339438339438339,0.07481396943330765,0.2659086856414705,1.1892222744988672,0.07518115560882367,0.7436050176620483,50,37,3,14,0.886850118637085,16720.0,,0.5924942594718714,,218,188,35,33,135,29,32,13,,,,,,,,,,,,,,,,,,,,,,,,,353,63,104,67
mar,early,2,0.8,risk_beta=1,0.5,0,3,2029,FedAvg-MLP,0.97265625,0.9853230213187447,0.875,0.925,0.9491525423728814,0.8222222222222222,0.9105691056910569,0.8905786704925873,0.06340943276882172,0.4445602793845876,0.9261760724286167,0.06560980290389405,0.6468940377235413,56,37,3,8,0.3299851417541504,194880.0,,,,218,188,35,33,135,29,32,13,,,,,,,,,,,,,,,,,,,,,,,,,353,63,104,67
mar,early,2,0.8,risk_beta=1,0.5,0,3,2029,FedEns-RF,0.967578125,0.9815425866185683,0.8125,0.975,0.9811320754716981,0.7647058823529411,0.8888888888888888,0.873015873015873,0.09379917271064311,0.02348921240502382,3.1094380939255877,0.140566159586682,0.6224626865671641,52,39,1,12,2.2711071968078613,,,,,218,188,35,33,135,29,32,13,,,,,,,,,,,,,,,,,,,,,,,,,353,63,104,67
mar,early,2,0.8,risk_beta=1,0.5,0,3,2029,FedAvg-GCN,0.8484375,0.9193683950461266,0.71875,0.975,0.9787234042553191,0.6842105263157895,0.8288288288288288,0.8164762700845175,0.23303531110286713,-1.9662249540717514,0.3485906706174065,0.23430766430325234,0.9509243965148926,46,39,1,18,0.8500313758850098,194880.0,,,,218,188,35,33,135,29,32,13,,,,,,,,,,,,,,,,,,,,,,,,,353,63,104,67
mar,early,2,0.8,risk_beta=1,0.5,0,3,2029,FedMatch-tab,0.9738281249999999,0.9855492455778541,0.890625,0.925,0.95,0.8409090909090909,0.9193548387096774,0.9001536098310292,0.06623057276010513,0.749230845606248,0.8869259844510057,0.08246872287530166,0.5165179371833801,57,37,3,7,0.35924649238586426,194880.0,,,,218,188,35,33,135,29,32,13,,,,,,,,,,,,,,,,,,,,,,,,,353,63,104,67
mar,early,2,0.8,risk_beta=1,0.5,0,3,2029,Local-TGNN,0.7687499999999999,0.8394521126456285,0.578125,0.85,0.8604651162790697,0.5573770491803278,0.6915887850467289,0.6824280558897011,0.28880754113197327,-3.115388929049196,0.1626525112613052,0.2960856688531259,0.9962218999862671,37,34,6,27,8.148547410964966,0.0,285.0,0.6626004592422503,,218,188,35,33,135,29,32,13,,,,,,,,,,,,,,,,,,,,,,,,,353,63,104,67
mar,early,2,0.8,risk_beta=1,0.5,0,4,2030,FedTGNN-SS,0.9078125,0.930708973916333,0.796875,0.95,0.9622641509433962,0.7450980392156863,0.8717948717948718,0.8534798534798536,0.1592646688222885,9.99999335625205,0.21338254579188942,0.16060482334041104,0.01777341403067112,51,38,2,13,7.955241441726685,5528336.0,284.0,0.572603121516165,,304,196,56,42,49,21,13,9,,,,,,,,,,,,,,,,,,,,,,,,,353,63,104,69
mar,early,2,0.8,risk_beta=1,0.5,0,4,2030,FedAvg-LR,0.9234374999999999,0.9601072691676358,0.890625,0.875,0.9193548387096774,0.8333333333333334,0.9047619047619048,0.8792102206736353,0.1142793595790863,1.3286667425123815,0.7533378328728213,0.12004504922347577,0.20662954449653625,57,35,5,7,0.8045649528503418,16720.0,,0.6240245261984393,,304,196,56,42,49,21,13,9,,,,,,,,,,,,,,,,,,,,,,,,,353,63,104,69
mar,early,2,0.8,risk_beta=1,0.5,0,4,2030,FedAvg-MLP,0.956640625,0.976227225702734,0.8125,0.95,0.9629629629629629,0.76,0.8813559322033898,0.8629001883239171,0.09028653055429459,2.0999785077043125,0.43089578780151433,0.09752864772991204,0.6894678473472595,52,38,2,12,0.32038044929504395,194880.0,,,,304,196,56,42,49,21,13,9,,,,,,,,,,,,,,,,,,,,,,,,,353,63,104,69
mar,early,2,0.8,risk_beta=1,0.5,0,4,2030,FedEns-RF,0.95859375,0.9739408181268474,0.953125,0.9,0.9384615384615385,0.9230769230769231,0.9457364341085271,0.9285644195859091,0.10681095327823825,0.9184097528535737,1.4222274900543832,0.1487123745819398,0.28760869565217395,61,36,4,3,2.1180994510650635,,,,,304,196,56,42,49,21,13,9,,,,,,,,,,,,,,,,,,,,,,,,,353,63,104,69
mar,early,2,0.8,risk_beta=1,0.5,0,4,2030,FedAvg-GCN,0.9246093750000001,0.9524438508970354,0.875,0.925,0.9491525423728814,0.8222222222222222,0.9105691056910569,0.8905786704925873,0.10234673321247101,2.3005043041276703,0.2745413093182818,0.09982444951310754,0.2325889766216278,56,37,3,8,0.9469780921936035,194880.0,,,,304,196,56,42,49,21,13,9,,,,,,,,,,,,,,,,,,,,,,,,,353,63,104,69
mar,early,2,0.8,risk_beta=1,0.5,0,4,2030,FedMatch-tab,0.955078125,0.9752969824452613,0.796875,0.95,0.9622641509433962,0.7450980392156863,0.8717948717948718,0.8534798534798536,0.09616033732891083,2.2764126681405514,0.41107107354014816,0.10225011663547212,0.8073297142982483,51,38,2,13,0.5164825916290283,194880.0,,,,304,196,56,42,49,21,13,9,,,,,,,,,,,,,,,,,,,,,,,,,353,63,104,69
mar,early,2,0.8,risk_beta=1,0.5,0,4,2030,Local-TGNN,0.927734375,0.9396961286418823,0.765625,0.95,0.9607843137254902,0.7169811320754716,0.8521739130434782,0.8346891070593736,0.1197374016046524,3.0301705239135948,0.423504900614652,0.12672881909216255,0.8670907616615295,49,38,2,15,8.173619031906128,0.0,282.0,0.6590022296544036,,304,196,56,42,49,21,13,9,,,,,,,,,,,,,,,,,,,,,,,,,353,63,104,69
mar,early,2,0.8,risk_beta=1,0.5,1,0,3026,FedTGNN-SS,0.94765625,0.9716621515796557,0.796875,0.975,0.9807692307692307,0.75,0.8793103448275862,0.8635682158920539,0.12326555699110031,4.044074966713242,0.3866123970225823,0.13355885223539263,0.34796199202537537,51,39,1,13,8.150730609893799,5528336.0,268.0,0.6091592702169626,,203,182,42,41,150,35,36,19,,,,,,,,,,,,,,,,,,,,,,,,,353,63,104,78
mar,early,2,0.8,risk_beta=1,0.5,1,0,3026,FedAvg-LR,0.983984375,0.990190016849289,0.90625,0.925,0.9508196721311475,0.8604651162790697,0.928,0.9097831325301204,0.08108507841825485,-1.1046433685726136,1.9977510444471689,0.12352931352618796,0.8274297714233398,58,37,3,6,0.7310895919799805,16720.0,,0.6147682445759369,,203,182,42,41,150,35,36,19,,,,,,,,,,,,,,,,,,,,,,,,,353,63,104,78
mar,early,2,0.8,risk_beta=1,0.5,1,0,3026,FedAvg-MLP,0.990234375,0.9941857622709585,0.96875,0.925,0.9538461538461539,0.9487179487179487,0.9612403100775194,0.9489745854185065,0.05053677782416344,-1.1662107151177388,1.401303258050344,0.08547584447436606,0.834981381893158,62,37,3,2,0.2978861331939697,194880.0,,,,203,182,42,41,150,35,36,19,,,,,,,,,,,,,,,,,,,,,,,,,353,63,104,78
mar,early,2,0.8,risk_beta=1,0.5,1,0,3026,FedEns-RF,0.97890625,0.9885633497971695,0.921875,0.925,0.9516129032258065,0.8809523809523809,0.9365079365079365,0.9194734804490903,0.11815344503868913,-0.5610548537787591,6.2945155267415815,0.1998742603550296,0.6173076923076923,59,37,3,5,1.9974710941314697,,,,,203,182,42,41,150,35,36,19,,,,,,,,,,,,,,,,,,,,,,,,,353,63,104,78
mar,early,2,0.8,risk_beta=1,0.5,1,0,3026,FedAvg-GCN,0.94140625,0.9639607985164734,0.6875,0.95,0.9565217391304348,0.6551724137931034,0.8,0.7877551020408163,0.1116972491145134,-0.5765972009978227,0.6612303995218088,0.11879761273471207,0.9738344550132751,44,38,2,20,1.455678939819336,194880.0,,,,203,182,42,41,150,35,36,19,,,,,,,,,,,,,,,,,,,,,,,,,353,63,104,78
mar,early,2,0.8,risk_beta=1,0.5,1,0,3026,FedMatch-tab,0.99140625,0.9949233730373694,0.96875,0.925,0.9538461538461539,0.9487179487179487,0.9612403100775194,0.9489745854185065,0.048375505954027176,-1.0796205475457827,1.3732920225191045,0.0787866538963639,0.8041932582855225,62,37,3,2,0.6368787288665771,194880.0,,,,203,182,42,41,150,35,36,19,,,,,,,,,,,,,,,,,,,,,,,,,353,63,104,78
mar,early,2,0.8,risk_beta=1,0.5,1,0,3026,Local-TGNN,0.762890625,0.8461635848116357,0.734375,0.675,0.7833333333333333,0.6136363636363636,0.7580645161290323,0.7004608294930876,0.27930036187171936,-4.214945878543846,0.1951148629714297,0.28124014117146057,0.9943947792053223,47,27,13,17,8.823997497558594,0.0,275.0,0.6280818540433926,,203,182,42,41,150,35,36,19,,,,,,,,,,,,,,,,,,,,,,,,,353,63,104,78
mar,early,2,0.8,risk_beta=1,0.5,1,1,3027,FedTGNN-SS,0.9320312500000001,0.9670692386786487,0.859375,0.925,0.9482758620689655,0.8043478260869565,0.9016393442622951,0.8810522302706825,0.14302119612693787,9.99999335625205,0.27076271161217297,0.15554602266414666,0.004039259161800146,55,37,3,9,7.664357662200928,5528336.0,279.0,0.5564734561213434,,21,11,7,4,332,206,64,49,,,,,,,,,,,,,,,,,,,,,,,,,353,63,104,71
mar,early,2,0.8,risk_beta=1,0.5,1,1,3027,FedAvg-LR,0.9281250000000001,0.9650772565617559,0.875,0.9,0.9333333333333333,0.8181818181818182,0.9032258064516129,0.880184331797235,0.09963750094175339,0.7099739412335239,0.8656017507127521,0.06891102214845328,0.38603588938713074,56,36,4,8,0.5716485977172852,16720.0,,0.6203954496208017,,21,11,7,4,332,206,64,49,,,,,,,,,,,,,,,,,,,,,,,,,353,63,104,71
mar,early,2,0.8,risk_beta=1,0.5,1,1,3027,FedAvg-MLP,0.9578125,0.9775295447445242,0.890625,0.85,0.9047619047619048,0.8292682926829268,0.8976377952755905,0.8685719840575483,0.09759252518415451,2.3713357005229274,0.5385094313296968,0.11088873951946598,0.06661767512559891,57,34,6,7,0.2747776508331299,194880.0,,,,21,11,7,4,332,206,64,49,,,,,,,,,,,,,,,,,,,,,,,,,353,63,104,71
mar,early,2,0.8,risk_beta=1,0.5,1,1,3027,FedEns-RF,0.978515625,0.9869969279893813,0.96875,0.825,0.8985507246376812,0.9428571428571428,0.9323308270676691,0.9061654135338346,0.07974917517701006,0.6704609002683434,2.22155761220945,0.12616264897074758,0.2752112676056338,62,33,7,2,2.7269527912139893,,,,,21,11,7,4,332,206,64,49,,,,,,,,,,,,,,,,,,,,,,,,,353,63,104,71
mar,early,2,0.8,risk_beta=1,0.5,1,1,3027,FedAvg-GCN,0.957421875,0.9764073446100742,0.859375,0.925,0.9482758620689655,0.8043478260869565,0.9016393442622951,0.8810522302706825,0.09719733893871307,1.0758978366249217,0.5969276610375337,0.09031275706365706,0.30567342042922974,55,37,3,9,1.009462594985962,194880.0,,,,21,11,7,4,332,206,64,49,,,,,,,,,,,,,,,,,,,,,,,,,353,63,104,71
mar,early,2,0.8,risk_beta=1,0.5,1,1,3027,FedMatch-tab,0.958984375,0.9792323453371229,0.9375,0.875,0.9230769230769231,0.8974358974358975,0.9302325581395349,0.9081542537533117,0.09021849185228348,2.0142548825469295,0.5782077332282588,0.11142634844873099,0.07245495915412903,60,35,5,4,0.38121938705444336,194880.0,,,,21,11,7,4,332,206,64,49,,,,,,,,,,,,,,,,,,,,,,,,,353,63,104,71
mar,early,2,0.8,risk_beta=1,0.5,1,1,3027,Local-TGNN,0.912890625,0.9536354046577633,0.84375,0.85,0.9,0.7727272727272727,0.8709677419354839,0.8402457757296466,0.14255714416503906,2.6180741243379773,0.32754158376163495,0.14547864039643454,0.31851065158843994,54,34,6,10,8.488924503326416,0.0,280.0,0.644907908992416,,21,11,7,4,332,206,64,49,,,,,,,,,,,,,,,,,,,,,,,,,353,63,104,71
mar,early,2,0.8,risk_beta=1,0.5,1,2,3028,FedTGNN-SS,0.9484375,0.9635187984680993,0.890625,0.975,0.9827586206896551,0.8478260869565217,0.9344262295081968,0.9207014868471216,0.17637425661087036,8.420999495680483,0.3286760316033188,0.19352863239160242,0.013263174332678318,57,39,1,7,8.555290460586548,5528336.0,286.0,0.5746694711538461,,60,54,11,10,293,163,53,41,,,,,,,,,,,,,,,,,,,,,,,,,353,63,104,64
mar,early,2,0.8,risk_beta=1,0.5,1,2,3028,FedAvg-LR,0.9265625000000001,0.9489768361404035,0.875,0.875,0.9180327868852459,0.813953488372093,0.896,0.8696867469879519,0.10900289565324783,0.7600107133036861,0.8044613373137158,0.08831379659330615,0.3224712908267975,56,35,5,8,0.7854688167572021,16720.0,,0.6539963942307693,,60,54,11,10,293,163,53,41,,,,,,,,,,,,,,,,,,,,,,,,,353,63,104,64
mar,early,2,0.8,risk_beta=1,0.5,1,2,3028,FedAvg-MLP,0.946875,0.9615987267324755,0.9375,0.875,0.9230769230769231,0.8974358974358975,0.9302325581395349,0.9081542537533117,0.09399274736642838,1.5949045135375848,0.4248606229138059,0.10103358899673018,0.1704958826303482,60,35,5,4,0.4400184154510498,194880.0,,,,60,54,11,10,293,163,53,41,,,,,,,,,,,,,,,,,,,,,,,,,353,63,104,64
mar,early,2,0.8,risk_beta=1,0.5,1,2,3028,FedEns-RF,0.957421875,0.9666765263564191,0.84375,0.975,0.9818181818181818,0.7959183673469388,0.907563025210084,0.8919837597960533,0.1015614642216609,0.4659125001487744,2.296515353419034,0.13905874399038465,0.46164062499999997,54,39,1,10,2.330018997192383,,,,,60,54,11,10,293,163,53,41,,,,,,,,,,,,,,,,,,,,,,,,,353,63,104,64
mar,early,2,0.8,risk_beta=1,0.5,1,2,3028,FedAvg-GCN,0.8980468750000001,0.9355022658273947,0.84375,0.725,0.8307692307692308,0.7435897435897436,0.8372093023255814,0.7856932587577274,0.13668200373649597,0.28836304674374874,0.4679918677780095,0.12955220043659213,0.46756285429000854,54,29,11,10,0.8183379173278809,194880.0,,,,60,54,11,10,293,163,53,41,,,,,,,,,,,,,,,,,,,,,,,,,353,63,104,64
mar,early,2,0.8,risk_beta=1,0.5,1,2,3028,FedMatch-tab,0.9455078125,0.9612528048842622,0.921875,0.875,0.921875,0.875,0.921875,0.8984375,0.09560278058052063,1.4087735598799542,0.4561478384606775,0.08922111031670985,0.26373550295829773,59,35,5,5,0.4611039161682129,194880.0,,,,60,54,11,10,293,163,53,41,,,,,,,,,,,,,,,,,,,,,,,,,353,63,104,64
mar,early,2,0.8,risk_beta=1,0.5,1,2,3028,Local-TGNN,0.89765625,0.9340849993158529,0.96875,0.75,0.8611111111111112,0.9375,0.9117647058823529,0.8725490196078431,0.14499737322330475,-0.7005701819905563,0.3650043827374991,0.15468847876092273,0.026031404733657837,62,30,10,2,8.113096237182617,0.0,273.0,0.7346754807692307,,60,54,11,10,293,163,53,41,,,,,,,,,,,,,,,,,,,,,,,,,353,63,104,64
mar,early,2,0.8,risk_beta=1,0.5,1,3,3029,FedTGNN-SS,0.9660156249999999,0.9811255585655072,0.90625,0.925,0.9508196721311475,0.8604651162790697,0.928,0.9097831325301204,0.12202128767967224,6.1069135130516,0.3242643570669756,0.13296780588391882,0.014059745706617832,58,37,3,6,8.225070476531982,5528336.0,268.0,0.5318889970788705,,251,173,58,53,102,44,21,12,,,,,,,,,,,,,,,,,,,,,,,,,353,63,104,79
mar,early,2,0.8,risk_beta=1,0.5,1,3,3029,FedAvg-LR,0.96640625,0.9824259325697717,0.84375,0.95,0.9642857142857143,0.7916666666666666,0.9,0.8818181818181818,0.07363121956586838,0.7678959715694551,0.8495092967508932,0.08050393019444668,0.7431994676589966,54,38,2,10,0.681190013885498,16720.0,,0.5981621226874392,,251,173,58,53,102,44,21,12,,,,,,,,,,,,,,,,,,,,,,,,,353,63,104,79
mar,early,2,0.8,risk_beta=1,0.5,1,3,3029,FedAvg-MLP,0.968359375,0.983182627216771,0.84375,0.95,0.9642857142857143,0.7916666666666666,0.9,0.8818181818181818,0.07368869334459305,-0.46529655617904336,0.5169332919952235,0.06869097655782336,0.9516262412071228,54,38,2,10,0.39588475227355957,194880.0,,,,251,173,58,53,102,44,21,12,,,,,,,,,,,,,,,,,,,,,,,,,353,63,104,79
mar,early,2,0.8,risk_beta=1,0.5,1,3,3029,FedEns-RF,0.9578125,0.975025664311816,0.90625,0.9,0.9354838709677419,0.8571428571428571,0.9206349206349206,0.8993418505613627,0.08522968882883661,0.3593054453275231,1.4579170805106263,0.08293086660175271,0.4234177215189874,58,36,4,6,2.102848529815674,,,,,251,173,58,53,102,44,21,12,,,,,,,,,,,,,,,,,,,,,,,,,353,63,104,79
mar,early,2,0.8,risk_beta=1,0.5,1,3,3029,FedAvg-GCN,0.9570312500000001,0.9742106801924834,0.9375,0.875,0.9230769230769231,0.8974358974358975,0.9302325581395349,0.9081542537533117,0.08461222052574158,0.691393544697118,0.4328425977532838,0.07906043636970797,0.13315650820732117,60,35,5,4,1.1113102436065674,194880.0,,,,251,173,58,53,102,44,21,12,,,,,,,,,,,,,,,,,,,,,,,,,353,63,104,79
mar,early,2,0.8,risk_beta=1,0.5,1,3,3029,FedMatch-tab,0.9695312500000001,0.9841590203468269,0.828125,0.95,0.9636363636363636,0.7755102040816326,0.8907563025210085,0.8723444433953357,0.06914819777011871,0.12896133141075627,0.5181705992965757,0.07436852232338143,0.9314314126968384,53,38,2,11,0.5005977153778076,194880.0,,,,251,173,58,53,102,44,21,12,,,,,,,,,,,,,,,,,,,,,,,,,353,63,104,79
mar,early,2,0.8,risk_beta=1,0.5,1,3,3029,Local-TGNN,0.934375,0.9638311458165527,0.90625,0.825,0.8923076923076924,0.8461538461538461,0.8992248062015504,0.867333922088117,0.14658066630363464,-2.120486756831835,0.4257660038682963,0.17136811706810617,0.7910670638084412,58,33,7,6,8.357070684432983,0.0,271.0,0.6005355404089581,,251,173,58,53,102,44,21,12,,,,,,,,,,,,,,,,,,,,,,,,,353,63,104,79
mar,early,2,0.8,risk_beta=1,0.5,1,4,3030,FedTGNN-SS,0.9453125,0.9708676887647151,0.8125,0.95,0.9629629629629629,0.76,0.8813559322033898,0.8629001883239171,0.1151684895157814,5.235017596454548,0.3555421125122707,0.12147806657370751,0.3573158383369446,52,38,2,12,8.143583536148071,5528336.0,272.0,0.6918706293706294,,173,157,35,34,180,60,31,14,,,,,,,,,,,,,,,,,,,,,,,,,353,63,104,66
mar,early,2,0.8,risk_beta=1,0.5,1,4,3030,FedAvg-LR,0.9765624999999999,0.9872372560927745,0.875,0.95,0.9655172413793104,0.8260869565217391,0.9180327868852459,0.900876858558902,0.06322498619556427,0.13768196927453524,1.8826416069909424,0.07550319133756254,0.5397846698760986,56,38,2,8,0.5945584774017334,16720.0,,0.6245629370629371,,173,157,35,34,180,60,31,14,,,,,,,,,,,,,,,,,,,,,,,,,353,63,104,66
mar,early,2,0.8,risk_beta=1,0.5,1,4,3030,FedAvg-MLP,0.990234375,0.9940723333668706,0.984375,0.85,0.9130434782608695,0.9714285714285714,0.9473684210526315,0.9270175438596491,0.04773985594511032,-0.36968582805146716,1.3839140124496807,0.06229381906226849,0.4573866128921509,63,34,6,1,0.4401829242706299,194880.0,,,,173,157,35,34,180,60,31,14,,,,,,,,,,,,,,,,,,,,,,,,,353,63,104,66
mar,early,2,0.8,risk_beta=1,0.5,1,4,3030,FedEns-RF,0.98125,0.9881813927155336,0.953125,0.95,0.9682539682539683,0.926829268292683,0.9606299212598425,0.949450763099057,0.08109594182648158,0.2561532140411969,3.3136371816647645,0.14844842657342655,0.4418939393939394,61,38,2,3,2.341848134994507,,,,,173,157,35,34,180,60,31,14,,,,,,,,,,,,,,,,,,,,,,,,,353,63,104,66
mar,early,2,0.8,risk_beta=1,0.5,1,4,3030,FedAvg-GCN,0.948046875,0.9702773794207508,0.671875,0.975,0.9772727272727273,0.65,0.7962962962962963,0.7881481481481482,0.09412749111652374,0.17459074086473128,0.5258263164595273,0.07538535087727583,0.9963415265083313,43,39,1,21,1.133683204650879,194880.0,,,,173,157,35,34,180,60,31,14,,,,,,,,,,,,,,,,,,,,,,,,,353,63,104,66
mar,early,2,0.8,risk_beta=1,0.5,1,4,3030,FedMatch-tab,0.984375,0.9917373395935207,0.953125,0.975,0.9838709677419355,0.9285714285714286,0.9682539682539683,0.9597367402245451,0.046697892248630524,-0.39413625775748096,1.4093961045550802,0.06441191077017439,0.5847732424736023,61,39,1,3,0.6034245491027832,194880.0,,,,173,157,35,34,180,60,31,14,,,,,,,,,,,,,,,,,,,,,,,,,353,63,104,66
mar,early,2,0.8,risk_beta=1,0.5,1,4,3030,Local-TGNN,0.88125,0.9260294852127036,0.828125,0.725,0.828125,0.725,0.828125,0.7765625,0.1552237868309021,0.03931885254099272,0.34549606530320165,0.18761813387615034,0.5353204607963562,53,29,11,11,8.079684734344482,0.0,283.0,0.6856060606060606,,173,157,35,34,180,60,31,14,,,,,,,,,,,,,,,,,,,,,,,,,353,63,104,66
mar,early,2,0.8,risk_beta=1,0.5,2,0,4026,FedTGNN-SS,0.955859375,0.9736841428091224,0.765625,0.975,0.98,0.7222222222222222,0.8596491228070176,0.8447181784247854,0.11155092716217041,1.1768808847426484,0.4034258880605428,0.11521411431021991,0.9267586469650269,49,39,1,15,8.395266056060791,5528336.0,270.0,0.6732104700854701,,231,105,50,36,122,112,22,21,,,,,,,,,,,,,,,,,,,,,,,,,353,63,104,72
mar,early,2,0.8,risk_beta=1,0.5,2,0,4026,FedAvg-LR,0.972265625,0.9842376220498339,0.875,0.95,0.9655172413793104,0.8260869565217391,0.9180327868852459,0.900876858558902,0.07532412558794022,0.639925068483097,1.584068377389288,0.059331328393175044,0.4260652959346771,56,38,2,8,0.8183224201202393,16720.0,,0.5402644230769231,,231,105,50,36,122,112,22,21,,,,,,,,,,,,,,,,,,,,,,,,,353,63,104,72
mar,early,2,0.8,risk_beta=1,0.5,2,0,4026,FedAvg-MLP,0.979296875,0.9877874280252839,0.96875,0.775,0.8732394366197183,0.9393939393939394,0.9185185185185185,0.8839167935058345,0.05826115608215332,-0.4154823757397102,0.950279309139263,0.061209063296421215,0.25555548071861267,62,31,9,2,0.32195043563842773,194880.0,,,,231,105,50,36,122,112,22,21,,,,,,,,,,,,,,,,,,,,,,,,,353,63,104,72
mar,early,2,0.8,risk_beta=1,0.5,2,0,4026,FedEns-RF,0.969921875,0.980777411870814,0.84375,0.925,0.9473684210526315,0.7872340425531915,0.8925619834710744,0.8715683480573763,0.09313179995400046,-0.30884607169664163,3.010823750935756,0.15542868589743594,0.6505555555555556,54,37,3,10,2.749312400817871,,,,,231,105,50,36,122,112,22,21,,,,,,,,,,,,,,,,,,,,,,,,,353,63,104,72
mar,early,2,0.8,risk_beta=1,0.5,2,0,4026,FedAvg-GCN,0.94921875,0.9714460619558376,0.953125,0.7,0.8356164383561644,0.9032258064516129,0.8905109489051095,0.8396216716356533,0.12471224367618561,-2.0026561542632133,0.6132365791961388,0.15700222431825334,0.5831177234649658,61,28,12,3,1.011115550994873,194880.0,,,,231,105,50,36,122,112,22,21,,,,,,,,,,,,,,,,,,,,,,,,,353,63,104,72
mar,early,2,0.8,risk_beta=1,0.5,2,0,4026,FedMatch-tab,0.98125,0.9891980705656573,0.921875,0.9,0.9365079365079365,0.8780487804878049,0.9291338582677166,0.9090113735783028,0.055989112704992294,-0.018974466922472812,0.9016537971118537,0.058392740105493716,0.5347880721092224,59,36,4,5,0.5148251056671143,194880.0,,,,231,105,50,36,122,112,22,21,,,,,,,,,,,,,,,,,,,,,,,,,353,63,104,72
mar,early,2,0.8,risk_beta=1,0.5,2,0,4026,Local-TGNN,0.65390625,0.6905292008883661,0.625,0.625,0.7272727272727273,0.5102040816326531,0.6722689075630253,0.617033330186007,0.24906250834465027,-4.218429384923169,0.21811271015366288,0.25786417440618753,0.9965871572494507,40,25,15,24,8.624430656433105,0.0,281.0,0.6551816239316239,,231,105,50,36,122,112,22,21,,,,,,,,,,,,,,,,,,,,,,,,,353,63,104,72
mar,early,2,0.8,risk_beta=1,0.5,2,1,4027,FedTGNN-SS,0.9351562499999999,0.9619222314029497,0.90625,0.825,0.8923076923076924,0.8461538461538461,0.8992248062015504,0.867333922088117,0.11126672476530075,3.846747072477193,0.30249904120422233,0.11964253291639931,0.007147267926484346,58,33,7,6,8.654800415039062,5528336.0,253.0,0.6306706114398423,,203,121,40,31,150,96,38,34,,,,,,,,,,,,,,,,,,,,,,,,,353,63,104,78
mar,early,2,0.8,risk_beta=1,0.5,2,1,4027,FedAvg-LR,0.9589843750000001,0.9775441834940136,0.875,0.825,0.8888888888888888,0.8048780487804879,0.8818897637795275,0.8483522892971711,0.08295946568250656,-0.4860676373089618,1.046440287700838,0.09281106364841646,0.6426642537117004,56,33,7,8,0.8470971584320068,16720.0,,0.655078895463511,,203,121,40,31,150,96,38,34,,,,,,,,,,,,,,,,,,,,,,,,,353,63,104,78
mar,early,2,0.8,risk_beta=1,0.5,2,1,4027,FedAvg-MLP,0.962109375,0.9781575265201432,0.890625,0.825,0.890625,0.825,0.890625,0.8578125,0.09354885667562485,-1.5563055898942717,0.6077848787516155,0.1008427029189009,0.8422465324401855,57,33,7,7,0.3457298278808594,194880.0,,,,203,121,40,31,150,96,38,34,,,,,,,,,,,,,,,,,,,,,,,,,353,63,104,78
mar,early,2,0.8,risk_beta=1,0.5,2,1,4027,FedEns-RF,0.950390625,0.9708454997114033,0.921875,0.825,0.8939393939393939,0.868421052631579,0.9076923076923077,0.8769230769230769,0.09491893396297982,0.005943719874413059,1.8264096017093185,0.11526380670611443,0.44153846153846155,59,33,7,5,2.4646480083465576,,,,,203,121,40,31,150,96,38,34,,,,,,,,,,,,,,,,,,,,,,,,,353,63,104,78
mar,early,2,0.8,risk_beta=1,0.5,2,1,4027,FedAvg-GCN,0.9265625,0.9548944017013179,0.890625,0.825,0.890625,0.825,0.890625,0.8578125,0.09988819807767868,-0.1408830753853712,0.44714752025124965,0.0906244157276188,0.3284720182418823,57,33,7,7,1.3120663166046143,194880.0,,,,203,121,40,31,150,96,38,34,,,,,,,,,,,,,,,,,,,,,,,,,353,63,104,78
mar,early,2,0.8,risk_beta=1,0.5,2,1,4027,FedMatch-tab,0.96328125,0.9791443011188279,0.875,0.85,0.9032258064516129,0.8095238095238095,0.8888888888888888,0.8590785907859078,0.09040907770395279,-1.5050530522840124,0.655436060774248,0.10275184055073903,0.8693404197692871,56,34,6,8,0.9866940975189209,194880.0,,,,203,121,40,31,150,96,38,34,,,,,,,,,,,,,,,,,,,,,,,,,353,63,104,78
mar,early,2,0.8,risk_beta=1,0.5,2,1,4027,Local-TGNN,0.908984375,0.9432085438887282,0.921875,0.725,0.8428571428571429,0.8529411764705882,0.8805970149253731,0.8321903993545785,0.14544892311096191,-0.9268737329103075,0.3629809192063671,0.1497125904917574,0.030228305608034134,59,29,11,5,8.420655727386475,0.0,239.0,0.7340976331360948,,203,121,40,31,150,96,38,34,,,,,,,,,,,,,,,,,,,,,,,,,353,63,104,78
mar,early,2,0.8,risk_beta=1,0.5,2,2,4028,FedTGNN-SS,0.921484375,0.9586331984720347,0.765625,0.95,0.9607843137254902,0.7169811320754716,0.8521739130434782,0.8346891070593736,0.16610178351402283,5.821248646996012,0.3341952597851077,0.18019264438995514,0.12424546480178833,49,38,2,15,8.803995370864868,5528336.0,273.0,0.603242110453649,,143,30,40,16,210,187,38,37,,,,,,,,,,,,,,,,,,,,,,,,,353,63,104,78
mar,early,2,0.8,risk_beta=1,0.5,2,2,4028,FedAvg-LR,0.9515625,0.9762235410293151,0.8125,1.0,1.0,0.7692307692307693,0.896551724137931,0.8830584707646176,0.11261215806007385,1.6287796476169418,1.1514893949869462,0.1431732514801507,0.4499722123146057,52,40,0,12,0.8396286964416504,16720.0,,0.6025641025641025,,143,30,40,16,210,187,38,37,,,,,,,,,,,,,,,,,,,,,,,,,353,63,104,78
mar,early,2,0.8,risk_beta=1,0.5,2,2,4028,FedAvg-MLP,0.9507812499999999,0.9738131133497419,0.8125,0.95,0.9629629629629629,0.76,0.8813559322033898,0.8629001883239171,0.09555268287658691,1.5600069789573705,0.6259899407438639,0.10589116969360757,0.7200648784637451,52,38,2,12,0.3456578254699707,194880.0,,,,143,30,40,16,210,187,38,37,,,,,,,,,,,,,,,,,,,,,,,,,353,63,104,78
mar,early,2,0.8,risk_beta=1,0.5,2,2,4028,FedEns-RF,0.9558593750000001,0.9780966989279181,0.875,0.975,0.9824561403508771,0.8297872340425532,0.9256198347107438,0.9110857794243374,0.09867962214888992,0.2038252378643917,3.000014323828844,0.13898668639053255,0.5348717948717949,56,39,1,8,2.7280287742614746,,,,,143,30,40,16,210,187,38,37,,,,,,,,,,,,,,,,,,,,,,,,,353,63,104,78
mar,early,2,0.8,risk_beta=1,0.5,2,2,4028,FedAvg-GCN,0.9175781249999999,0.9567855718311244,0.796875,0.95,0.9622641509433962,0.7450980392156863,0.8717948717948718,0.8534798534798536,0.13700227439403534,2.3564190211887106,0.4562812542331694,0.13109442985688263,0.5646335482597351,51,38,2,13,1.6226155757904053,194880.0,,,,143,30,40,16,210,187,38,37,,,,,,,,,,,,,,,,,,,,,,,,,353,63,104,78
mar,early,2,0.8,risk_beta=1,0.5,2,2,4028,FedMatch-tab,0.9507812499999999,0.9740937909746585,0.84375,0.95,0.9642857142857143,0.7916666666666666,0.9,0.8818181818181818,0.10215188562870026,2.104749063257573,0.5896453345694619,0.11147868278651284,0.5531107187271118,54,38,2,10,0.6862022876739502,194880.0,,,,143,30,40,16,210,187,38,37,,,,,,,,,,,,,,,,,,,,,,,,,353,63,104,78
mar,early,2,0.8,risk_beta=1,0.5,2,2,4028,Local-TGNN,0.728515625,0.7610207778050118,0.9375,0.425,0.7228915662650602,0.8095238095238095,0.8163265306122449,0.6868517898962864,0.22582370042800903,-0.8477227427637265,0.19484763794971227,0.21802166736541462,0.012692628428339958,60,17,23,4,8.575921535491943,0.0,265.0,0.7053747534516766,,143,30,40,16,210,187,38,37,,,,,,,,,,,,,,,,,,,,,,,,,353,63,104,78
mar,early,2,0.8,risk_beta=1,0.5,2,3,4029,FedTGNN-SS,0.9671875,0.981590948994788,0.828125,0.95,0.9636363636363636,0.7755102040816326,0.8907563025210085,0.8723444433953357,0.17411598563194275,9.37941494263568,0.4430752086920381,0.19763904960396197,0.006933560129255056,53,38,2,11,8.082828283309937,5528336.0,272.0,0.6036902286902287,,126,27,26,14,227,190,48,44,,,,,,,,,,,,,,,,,,,,,,,,,353,63,104,74
mar,early,2,0.8,risk_beta=1,0.5,2,3,4029,FedAvg-LR,0.97109375,0.9845025895968129,0.84375,0.95,0.9642857142857143,0.7916666666666666,0.9,0.8818181818181818,0.07573627680540085,1.1608871388062316,1.2381273365609042,0.078507085581525,0.5004714727401733,54,38,2,10,1.02219820022583,16720.0,,0.5988825363825364,,126,27,26,14,227,190,48,44,,,,,,,,,,,,,,,,,,,,,,,,,353,63,104,74
mar,early,2,0.8,risk_beta=1,0.5,2,3,4029,FedAvg-MLP,0.983203125,0.9903116855945736,0.828125,0.975,0.9814814814814815,0.78,0.8983050847457628,0.8824858757062147,0.05976434051990509,0.8457303282901651,0.8881910706244208,0.06526770127507357,0.8798263072967529,53,39,1,11,0.3922555446624756,194880.0,,,,126,27,26,14,227,190,48,44,,,,,,,,,,,,,,,,,,,,,,,,,353,63,104,74
mar,early,2,0.8,risk_beta=1,0.5,2,3,4029,FedEns-RF,0.985546875,0.991301246836811,0.875,0.95,0.9655172413793104,0.8260869565217391,0.9180327868852459,0.900876858558902,0.07868235763049952,0.6472776429562095,3.02700347520517,0.1450779625779626,0.4448648648648649,56,38,2,8,2.365417718887329,,,,,126,27,26,14,227,190,48,44,,,,,,,,,,,,,,,,,,,,,,,,,353,63,104,74
mar,early,2,0.8,risk_beta=1,0.5,2,3,4029,FedAvg-GCN,0.951953125,0.9698215766436475,0.765625,0.95,0.9607843137254902,0.7169811320754716,0.8521739130434782,0.8346891070593736,0.10984101891517639,1.2895881175378008,0.7677346771144441,0.11017558587571749,0.5124500393867493,49,38,2,15,0.7750213146209717,194880.0,,,,126,27,26,14,227,190,48,44,,,,,,,,,,,,,,,,,,,,,,,,,353,63,104,74
mar,early,2,0.8,risk_beta=1,0.5,2,3,4029,FedMatch-tab,0.98046875,0.9889433535143431,0.828125,0.975,0.9814814814814815,0.78,0.8983050847457628,0.8824858757062147,0.06090792268514633,0.632624733041706,0.8436369706651999,0.058098952106844945,0.8877260088920593,53,39,1,11,0.6720261573791504,194880.0,,,,126,27,26,14,227,190,48,44,,,,,,,,,,,,,,,,,,,,,,,,,353,63,104,74
mar,early,2,0.8,risk_beta=1,0.5,2,3,4029,Local-TGNN,0.8238281250000001,0.8579885769788995,0.75,0.8,0.8571428571428571,0.6666666666666666,0.8,0.7636363636363637,0.21713460981845856,1.965180785635851,0.24584032286031238,0.2275148306328517,0.46098417043685913,48,32,8,16,8.070187091827393,0.0,273.0,0.6786642411642412,,126,27,26,14,227,190,48,44,,,,,,,,,,,,,,,,,,,,,,,,,353,63,104,74
mar,early,2,0.8,risk_beta=1,0.5,2,4,4030,FedTGNN-SS,0.968359375,0.9838675165105084,0.90625,0.925,0.9508196721311475,0.8604651162790697,0.928,0.9097831325301204,0.11186064034700394,9.99999335625205,0.39583762394754723,0.11751944843518475,4.659043770516291e-05,58,37,3,6,8.189916133880615,5528336.0,274.0,0.5100468441814596,,274,170,60,49,79,47,18,16,,,,,,,,,,,,,,,,,,,,,,,,,353,63,104,78
mar,early,2,0.8,risk_beta=1,0.5,2,4,4030,FedAvg-LR,0.9753906250000001,0.9878698603618006,0.890625,1.0,1.0,0.851063829787234,0.9421487603305785,0.930844495107818,0.06317854672670364,0.6774478886602598,1.329329676984468,0.06581689317065935,0.5350635051727295,57,40,0,7,0.745004415512085,16720.0,,0.6129191321499013,,274,170,60,49,79,47,18,16,,,,,,,,,,,,,,,,,,,,,,,,,353,63,104,78
mar,early,2,0.8,risk_beta=1,0.5,2,4,4030,FedAvg-MLP,0.98046875,0.9904895557571343,0.765625,1.0,1.0,0.7272727272727273,0.8672566371681416,0.8546809501630181,0.045804236084222794,-0.09757763790466055,0.7415443435107109,0.044813992688432336,0.992264986038208,49,40,0,15,0.3161792755126953,194880.0,,,,274,170,60,49,79,47,18,16,,,,,,,,,,,,,,,,,,,,,,,,,353,63,104,78
mar,early,2,0.8,risk_beta=1,0.5,2,4,4030,FedEns-RF,0.97734375,0.9863757506014564,0.796875,0.95,0.9622641509433962,0.7450980392156863,0.8717948717948718,0.8534798534798536,0.07489158084888482,0.33100215694189233,2.4384323815860265,0.11762943786982248,0.5811538461538461,51,38,2,13,2.4443867206573486,,,,,274,170,60,49,79,47,18,16,,,,,,,,,,,,,,,,,,,,,,,,,353,63,104,78
mar,early,2,0.8,risk_beta=1,0.5,2,4,4030,FedAvg-GCN,0.96875,0.9836381819970371,0.875,0.975,0.9824561403508771,0.8297872340425532,0.9256198347107438,0.9110857794243374,0.06645850837230682,0.2959364411332126,0.5956305064051227,0.05642365986624588,0.6352925896644592,56,39,1,8,0.8364574909210205,194880.0,,,,274,170,60,49,79,47,18,16,,,,,,,,,,,,,,,,,,,,,,,,,353,63,104,78
mar,early,2,0.8,risk_beta=1,0.5,2,4,4030,FedMatch-tab,0.98046875,0.990455091829317,0.765625,1.0,1.0,0.7272727272727273,0.8672566371681416,0.8546809501630181,0.04324614256620407,-0.012394161165159007,0.7211908476792008,0.03856744280514812,0.9903687834739685,49,40,0,15,0.44509196281433105,194880.0,,,,274,170,60,49,79,47,18,16,,,,,,,,,,,,,,,,,,,,,,,,,353,63,104,78
mar,early,2,0.8,risk_beta=1,0.5,2,4,4030,Local-TGNN,0.8921875,0.925842687520916,0.921875,0.65,0.8082191780821918,0.8387096774193549,0.8613138686131386,0.7968541174051609,0.16911537945270538,-2.261156530864279,0.2932244935043646,0.1705282123920579,0.10124167799949646,59,26,14,5,8.071405172348022,0.0,261.0,0.6386834319526626,,274,170,60,49,79,47,18,16,,,,,,,,,,,,,,,,,,,,,,,,,353,63,104,78
mar,early,2,0.8,risk_beta=1,0.5,3,0,5026,FedTGNN-SS,0.955859375,0.9744273594974451,0.90625,0.9,0.9354838709677419,0.8571428571428571,0.9206349206349206,0.8993418505613627,0.12898097932338715,6.188646638361986,0.3373445595671517,0.15130463958932805,0.004025918431580067,58,36,4,6,8.490948915481567,5528336.0,278.0,0.5880177514792899,,150,136,24,23,203,81,41,27,,,,,,,,,,,,,,,,,,,,,,,,,353,63,104,65
mar,early,2,0.8,risk_beta=1,0.5,3,0,5026,FedAvg-LR,0.9683593749999999,0.9845804735086316,0.9375,0.975,0.9836065573770492,0.9069767441860465,0.96,0.9498795180722892,0.06288254261016846,0.5019546799224877,1.245369924833472,0.10625278673922788,0.38680753111839294,60,39,1,4,0.7865583896636963,16720.0,,0.5650147928994084,,150,136,24,23,203,81,41,27,,,,,,,,,,,,,,,,,,,,,,,,,353,63,104,65
mar,early,2,0.8,risk_beta=1,0.5,3,0,5026,FedAvg-MLP,0.96640625,0.9813942845517183,0.9375,0.95,0.967741935483871,0.9047619047619048,0.9523809523809523,0.9396051103368177,0.05367050692439079,-0.13222594718029176,0.7780052425234533,0.05014670124420753,0.6367291212081909,60,38,2,4,0.27504706382751465,194880.0,,,,150,136,24,23,203,81,41,27,,,,,,,,,,,,,,,,,,,,,,,,,353,63,104,65
mar,early,2,0.8,risk_beta=1,0.5,3,0,5026,FedEns-RF,0.974609375,0.9854498531452669,0.984375,0.875,0.9264705882352942,0.9722222222222222,0.9545454545454546,0.937799043062201,0.08484631838871189,0.0007843503702486997,3.087747203803946,0.15804585798816578,0.4242307692307692,63,35,5,1,2.394727945327759,,,,,150,136,24,23,203,81,41,27,,,,,,,,,,,,,,,,,,,,,,,,,353,63,104,65
mar,early,2,0.8,risk_beta=1,0.5,3,0,5026,FedAvg-GCN,0.929296875,0.95709639559254,0.828125,0.875,0.9137931034482759,0.7608695652173914,0.8688524590163934,0.8414029736942432,0.1086113452911377,-0.8413454540413285,0.43768310234480984,0.09642818237010106,0.838263213634491,53,35,5,11,1.3208239078521729,194880.0,,,,150,136,24,23,203,81,41,27,,,,,,,,,,,,,,,,,,,,,,,,,353,63,104,65
mar,early,2,0.8,risk_beta=1,0.5,3,0,5026,FedMatch-tab,0.966796875,0.9812733283755207,0.9375,0.95,0.967741935483871,0.9047619047619048,0.9523809523809523,0.9396051103368177,0.05625985190272331,-0.3466606318556644,0.7513079030529703,0.054929412184999526,0.6539310812950134,60,38,2,4,0.4958689212799072,194880.0,,,,150,136,24,23,203,81,41,27,,,,,,,,,,,,,,,,,,,,,,,,,353,63,104,65
mar,early,2,0.8,risk_beta=1,0.5,3,0,5026,Local-TGNN,0.9203125,0.9147061693136482,0.734375,0.875,0.9038461538461539,0.6730769230769231,0.8103448275862069,0.7856071964017991,0.1053573340177536,0.4502858970265739,0.39653177872339673,0.11648451952406993,0.9852690100669861,47,35,5,17,8.566152811050415,0.0,278.0,0.5563609467455621,,150,136,24,23,203,81,41,27,,,,,,,,,,,,,,,,,,,,,,,,,353,63,104,65
mar,early,2,0.8,risk_beta=1,0.5,3,1,5027,FedTGNN-SS,0.67109375,0.6725467385655144,0.984375,0.55,0.7777777777777778,0.9565217391304348,0.8689655172413793,0.7836891078270388,0.23925672471523285,-4.103238670790471,0.09373802039686745,0.2527371930325619,1e-06,63,22,18,1,8.500251770019531,5528336.0,294.0,0.6217948717948718,,302,191,48,38,51,26,9,7,,,,,,,,,,,,,,,,,,,,,,,,,353,63,104,57
mar,early,2,0.8,risk_beta=1,0.5,3,1,5027,FedAvg-LR,0.95859375,0.9756403263349821,0.8125,0.95,0.9629629629629629,0.76,0.8813559322033898,0.8629001883239171,0.09486370533704758,0.593892536707023,1.3189663457876024,0.10666176870178719,0.5208196043968201,52,38,2,12,0.7109856605529785,16720.0,,0.6867408906882592,,302,191,48,38,51,26,9,7,,,,,,,,,,,,,,,,,,,,,,,,,353,63,104,57
mar,early,2,0.8,risk_beta=1,0.5,3,1,5027,FedAvg-MLP,0.968359375,0.9815768327958654,0.796875,1.0,1.0,0.7547169811320755,0.8869565217391304,0.8735857877512856,0.07835452258586884,0.4995021108489236,0.6468480603028967,0.09003917133220687,0.9330403208732605,51,40,0,13,0.28523850440979004,194880.0,,,,302,191,48,38,51,26,9,7,,,,,,,,,,,,,,,,,,,,,,,,,353,63,104,57
mar,early,2,0.8,risk_beta=1,0.5,3,1,5027,FedEns-RF,0.9589843749999999,0.977696143360381,0.859375,0.975,0.9821428571428571,0.8125,0.9166666666666666,0.9015151515151515,0.10274122829213723,0.6946509994613889,2.443593680762391,0.11679908906882591,0.3907894736842105,55,39,1,9,2.386507034301758,,,,,302,191,48,38,51,26,9,7,,,,,,,,,,,,,,,,,,,,,,,,,353,63,104,57
mar,early,2,0.8,risk_beta=1,0.5,3,1,5027,FedAvg-GCN,0.98046875,0.9888244963389513,0.921875,0.925,0.9516129032258065,0.8809523809523809,0.9365079365079365,0.9194734804490903,0.06232273578643799,-0.18215124814051004,1.7183069766478996,0.08317518913043807,0.4611286222934723,59,37,3,5,1.066725492477417,194880.0,,,,302,191,48,38,51,26,9,7,,,,,,,,,,,,,,,,,,,,,,,,,353,63,104,57
mar,early,2,0.8,risk_beta=1,0.5,3,1,5027,FedMatch-tab,0.9625,0.9781159078005053,0.796875,1.0,1.0,0.7547169811320755,0.8869565217391304,0.8735857877512856,0.08373049646615982,0.5625556215166864,0.5631131254002828,0.07995107128786355,0.9618995785713196,51,40,0,13,0.40468621253967285,194880.0,,,,302,191,48,38,51,26,9,7,,,,,,,,,,,,,,,,,,,,,,,,,353,63,104,57
mar,early,2,0.8,risk_beta=1,0.5,3,1,5027,Local-TGNN,0.7078125,0.7529994541359656,0.96875,0.55,0.775,0.9166666666666666,0.8611111111111112,0.7743055555555556,0.18828733265399933,-3.5523507520319324,0.23893321477813334,0.1923441309302759,0.14282816648483276,62,22,18,2,8.490248441696167,0.0,290.0,0.712719298245614,,302,191,48,38,51,26,9,7,,,,,,,,,,,,,,,,,,,,,,,,,353,63,104,57
mar,early,2,0.8,risk_beta=1,0.5,3,2,5028,FedTGNN-SS,0.939453125,0.9661857147536632,0.796875,0.85,0.8947368421052632,0.723404255319149,0.8429752066115702,0.8122922010069346,0.19460617005825043,9.273584907411864,0.36634993781126074,0.2124905773939995,0.0001669594057602808,51,34,6,13,7.74340558052063,5528336.0,283.0,0.5763221153846154,,284,177,51,42,69,40,13,10,,,,,,,,,,,,,,,,,,,,,,,,,353,63,104,64
mar,early,2,0.8,risk_beta=1,0.5,3,2,5028,FedAvg-LR,0.9566406249999999,0.9768576923774324,0.84375,0.925,0.9473684210526315,0.7872340425531915,0.8925619834710744,0.8715683480573763,0.08884558081626892,0.7800956668957486,1.206039701366003,0.07014186701808985,0.40851473808288574,54,37,3,10,0.6655733585357666,16720.0,,0.6413762019230769,,284,177,51,42,69,40,13,10,,,,,,,,,,,,,,,,,,,,,,,,,353,63,104,64
mar,early,2,0.8,risk_beta=1,0.5,3,2,5028,FedAvg-MLP,0.9753906250000001,0.9863314629670363,0.9375,0.875,0.9230769230769231,0.8974358974358975,0.9302325581395349,0.9081542537533117,0.06384336203336716,-0.5423001706105584,0.8606664794554825,0.0479909657823065,0.6617708206176758,60,35,5,4,0.42566585540771484,194880.0,,,,284,177,51,42,69,40,13,10,,,,,,,,,,,,,,,,,,,,,,,,,353,63,104,64
mar,early,2,0.8,risk_beta=1,0.5,3,2,5028,FedEns-RF,0.97109375,0.9839807863474438,0.90625,0.9,0.9354838709677419,0.8571428571428571,0.9206349206349206,0.8993418505613627,0.0875254145695613,0.26853214278156584,3.3208501480608255,0.1337725360576923,0.44484375,58,36,4,6,2.123283863067627,,,,,284,177,51,42,69,40,13,10,,,,,,,,,,,,,,,,,,,,,,,,,353,63,104,64
mar,early,2,0.8,risk_beta=1,0.5,3,2,5028,FedAvg-GCN,0.92890625,0.9631378178077993,0.78125,1.0,1.0,0.7407407407407407,0.8771929824561403,0.8641284061216872,0.1379646211862564,-1.2569721224311874,0.6783056444369895,0.15170278662564948,0.8555824756622314,50,40,0,14,0.7854139804840088,194880.0,,,,284,177,51,42,69,40,13,10,,,,,,,,,,,,,,,,,,,,,,,,,353,63,104,64
mar,early,2,0.8,risk_beta=1,0.5,3,2,5028,FedMatch-tab,0.96796875,0.9817375592149813,0.9375,0.875,0.9230769230769231,0.8974358974358975,0.9302325581395349,0.9081542537533117,0.07307657599449158,-1.0083196530123202,0.7678045986612794,0.09633240390282413,0.7882357239723206,60,35,5,4,0.46967506408691406,194880.0,,,,284,177,51,42,69,40,13,10,,,,,,,,,,,,,,,,,,,,,,,,,353,63,104,64
mar,early,2,0.8,risk_beta=1,0.5,3,2,5028,Local-TGNN,0.80078125,0.8713077314340427,0.546875,0.825,0.8333333333333334,0.532258064516129,0.660377358490566,0.6537180910099889,0.21343597769737244,-2.983192895793537,0.2382049377934737,0.21822388128538686,0.9979069232940674,35,33,7,29,8.330454349517822,0.0,283.0,0.6557992788461539,,284,177,51,42,69,40,13,10,,,,,,,,,,,,,,,,,,,,,,,,,353,63,104,64
mar,early,2,0.8,risk_beta=1,0.5,3,3,5029,FedTGNN-SS,0.92109375,0.9552212225025856,0.84375,0.95,0.9642857142857143,0.7916666666666666,0.9,0.8818181818181818,0.11696472764015198,1.6265066559982244,0.30089183948741605,0.12184259981418458,0.3102617859840393,54,38,2,10,7.6821136474609375,5528336.0,269.0,0.6637737262737263,,115,17,21,11,238,200,56,54,,,,,,,,,,,,,,,,,,,,,,,,,353,63,104,77
mar,early,2,0.8,risk_beta=1,0.5,3,3,5029,FedAvg-LR,0.93515625,0.9632586280952898,0.75,0.975,0.9795918367346939,0.7090909090909091,0.8495575221238938,0.8353050768514205,0.1391439288854599,-1.5128523503166413,0.9541943310511326,0.1433463738156626,0.9530675411224365,48,39,1,16,0.4935598373413086,16720.0,,0.6550949050949051,,115,17,21,11,238,200,56,54,,,,,,,,,,,,,,,,,,,,,,,,,353,63,104,77
mar,early,2,0.8,risk_beta=1,0.5,3,3,5029,FedAvg-MLP,0.95703125,0.9742032464166623,0.75,0.95,0.96,0.7037037037037037,0.8421052631578947,0.8253079507278835,0.14680007100105286,-2.699021959244166,0.6894853179262493,0.1592591046713866,0.9893887639045715,48,38,2,16,0.33604860305786133,194880.0,,,,115,17,21,11,238,200,56,54,,,,,,,,,,,,,,,,,,,,,,,,,353,63,104,77
mar,early,2,0.8,risk_beta=1,0.5,3,3,5029,FedEns-RF,0.969921875,0.9828302115231833,0.671875,1.0,1.0,0.6557377049180327,0.8037383177570093,0.7979087628389008,0.12265389582008902,-0.48547364982689833,4.282478339778392,0.15989947552447553,0.7836363636363637,43,40,0,21,2.6752769947052,,,,,115,17,21,11,238,200,56,54,,,,,,,,,,,,,,,,,,,,,,,,,353,63,104,77
mar,early,2,0.8,risk_beta=1,0.5,3,3,5029,FedAvg-GCN,0.8957031249999999,0.9386855178373761,0.6875,0.975,0.9777777777777777,0.6610169491525424,0.8073394495412844,0.7976091187100361,0.20098179578781128,-2.6073259036977783,0.4333154970726219,0.20723719010129574,0.9847292304039001,44,39,1,20,1.0899899005889893,194880.0,,,,115,17,21,11,238,200,56,54,,,,,,,,,,,,,,,,,,,,,,,,,353,63,104,77
mar,early,2,0.8,risk_beta=1,0.5,3,3,5029,FedMatch-tab,0.951953125,0.9705198667471648,0.734375,0.95,0.9591836734693877,0.6909090909090909,0.831858407079646,0.815929203539823,0.14382296800613403,-2.4759990616405574,0.7428848797189294,0.15681353039466417,0.9855102300643921,47,38,2,17,0.4800148010253906,194880.0,,,,115,17,21,11,238,200,56,54,,,,,,,,,,,,,,,,,,,,,,,,,353,63,104,77
mar,early,2,0.8,risk_beta=1,0.5,3,3,5029,Local-TGNN,0.60390625,0.6719450893592325,0.8125,0.6,0.7647058823529411,0.6666666666666666,0.7878787878787878,0.7097288676236044,0.2886941730976105,-4.228109328706299,0.18107196674941398,0.2991824347095994,0.9875099658966064,52,24,16,12,7.932127475738525,0.0,268.0,0.693056943056943,,115,17,21,11,238,200,56,54,,,,,,,,,,,,,,,,,,,,,,,,,353,63,104,77
mar,early,2,0.8,risk_beta=1,0.5,3,4,5030,FedTGNN-SS,0.9515625000000001,0.9683044896423809,0.921875,0.925,0.9516129032258065,0.8809523809523809,0.9365079365079365,0.9194734804490903,0.10370826721191406,2.4478573349792883,0.34543976117787106,0.115929722177008,0.14980359375476837,59,37,3,5,7.584866523742676,5528336.0,272.0,0.66502079002079,,181,74,43,26,172,143,31,29,,,,,,,,,,,,,,,,,,,,,,,,,353,63,104,74
mar,early,2,0.8,risk_beta=1,0.5,3,4,5030,FedAvg-LR,0.9507812500000001,0.9740603325484138,0.921875,0.8,0.8805970149253731,0.8648648648648649,0.9007633587786259,0.8659660949737286,0.08367955684661865,0.6112861409629877,0.8826018596194831,0.06339158452689074,0.2238355427980423,59,32,8,5,0.7968902587890625,16720.0,,0.5728950103950105,,181,74,43,26,172,143,31,29,,,,,,,,,,,,,,,,,,,,,,,,,353,63,104,74
mar,early,2,0.8,risk_beta=1,0.5,3,4,5030,FedAvg-MLP,0.956640625,0.9740744996069066,0.875,0.875,0.9180327868852459,0.813953488372093,0.896,0.8696867469879519,0.09532273560762405,0.07233772151427698,0.45291129250914625,0.09723657494983996,0.7526817321777344,56,35,5,8,0.2556922435760498,194880.0,,,,181,74,43,26,172,143,31,29,,,,,,,,,,,,,,,,,,,,,,,,,353,63,104,74
mar,early,2,0.8,risk_beta=1,0.5,3,4,5030,FedEns-RF,0.9593749999999999,0.9776972204609211,0.90625,0.875,0.9206349206349206,0.8536585365853658,0.9133858267716536,0.8887916788179255,0.08882074792275384,0.28674821103646797,1.9195912185957102,0.10666385135135137,0.4379054054054054,58,35,5,6,2.4042818546295166,,,,,181,74,43,26,172,143,31,29,,,,,,,,,,,,,,,,,,,,,,,,,353,63,104,74
mar,early,2,0.8,risk_beta=1,0.5,3,4,5030,FedAvg-GCN,0.9353515625000001,0.9562055459622032,0.875,0.925,0.9491525423728814,0.8222222222222222,0.9105691056910569,0.8905786704925873,0.1042478159070015,-1.0798183574172084,0.5129211163676864,0.09677417587059052,0.8798413276672363,56,37,3,8,1.138181209564209,194880.0,,,,181,74,43,26,172,143,31,29,,,,,,,,,,,,,,,,,,,,,,,,,353,63,104,74
mar,early,2,0.8,risk_beta=1,0.5,3,4,5030,FedMatch-tab,0.9515625,0.9720898228714422,0.90625,0.85,0.90625,0.85,0.90625,0.878125,0.09658031910657883,0.2903357391866465,0.4415453340997854,0.09728998712335643,0.4564998149871826,58,34,6,6,0.4677422046661377,194880.0,,,,181,74,43,26,172,143,31,29,,,,,,,,,,,,,,,,,,,,,,,,,353,63,104,74
mar,early,2,0.8,risk_beta=1,0.5,3,4,5030,Local-TGNN,0.88515625,0.8961312944480075,0.78125,0.9,0.9259259259259259,0.72,0.847457627118644,0.823728813559322,0.1855294108390808,-2.7121545084196597,0.3856098737308392,0.1949937230405899,0.9884064793586731,50,36,4,14,7.475185394287109,0.0,272.0,0.6810031185031186,,181,74,43,26,172,143,31,29,,,,,,,,,,,,,,,,,,,,,,,,,353,63,104,74
mar,early,2,0.8,risk_beta=1,0.5,4,0,6026,FedTGNN-SS,0.92890625,0.9559675100986202,0.921875,0.85,0.9076923076923077,0.8717948717948718,0.9147286821705426,0.8877440879207144,0.18571604788303375,9.108290620524025,0.212394107526547,0.2012770169822034,6.764146291970974e-06,59,34,6,5,7.609913349151611,5528336.0,280.0,0.5411617492096944,,267,145,60,47,86,72,13,12,,,,,,,,,,,,,,,,,,,,,,,,,353,63,104,73
mar,early,2,0.8,risk_beta=1,0.5,4,0,6026,FedAvg-LR,0.951953125,0.9729026051928863,0.90625,0.85,0.90625,0.85,0.90625,0.878125,0.08608487993478775,0.10976511903146544,0.9033876384456773,0.0687506072796308,0.3889671266078949,58,34,6,6,0.6687314510345459,16720.0,,0.6535168598524762,,267,145,60,47,86,72,13,12,,,,,,,,,,,,,,,,,,,,,,,,,353,63,104,73
mar,early,2,0.8,risk_beta=1,0.5,4,0,6026,FedAvg-MLP,0.9496093750000001,0.9706778349248121,0.890625,0.85,0.9047619047619048,0.8292682926829268,0.8976377952755905,0.8685719840575483,0.08870971947908401,-0.26730410413116257,0.34801979240581293,0.09199013833243114,0.6767541170120239,57,34,6,7,0.37014317512512207,194880.0,,,,267,145,60,47,86,72,13,12,,,,,,,,,,,,,,,,,,,,,,,,,353,63,104,73
mar,early,2,0.8,risk_beta=1,0.5,4,0,6026,FedEns-RF,0.954296875,0.9737774574788086,0.84375,0.95,0.9642857142857143,0.7916666666666666,0.9,0.8818181818181818,0.08837190504243833,0.24876125770060797,1.7251296279457733,0.09498485247629085,0.5070547945205479,54,38,2,10,2.4305663108825684,,,,,267,145,60,47,86,72,13,12,,,,,,,,,,,,,,,,,,,,,,,,,353,63,104,73
mar,early,2,0.8,risk_beta=1,0.5,4,0,6026,FedAvg-GCN,0.9433593750000001,0.9635642277040104,0.953125,0.75,0.8591549295774648,0.9090909090909091,0.9037037037037037,0.8628107559614409,0.08876046538352966,-1.1257696277494762,0.3978393157481477,0.07813356129022747,0.3744736611843109,61,30,10,3,0.9309985637664795,194880.0,,,,267,145,60,47,86,72,13,12,,,,,,,,,,,,,,,,,,,,,,,,,353,63,104,73
mar,early,2,0.8,risk_beta=1,0.5,4,0,6026,FedMatch-tab,0.94453125,0.9671352093074947,0.828125,0.95,0.9636363636363636,0.7755102040816326,0.8907563025210085,0.8723444433953357,0.09056680649518967,0.12147025592415574,0.374584429040854,0.0825481633655727,0.8822113275527954,53,38,2,11,0.42299413681030273,194880.0,,,,267,145,60,47,86,72,13,12,,,,,,,,,,,,,,,,,,,,,,,,,353,63,104,73
mar,early,2,0.8,risk_beta=1,0.5,4,0,6026,Local-TGNN,0.8875,0.9122834944864562,0.828125,0.85,0.8983050847457628,0.7555555555555555,0.8617886178861789,0.8308943089430895,0.14527064561843872,-2.196639059822279,0.3402275352461025,0.15026221710901994,0.9785714745521545,53,34,6,11,8.132040977478027,0.0,278.0,0.6962592202318231,,267,145,60,47,86,72,13,12,,,,,,,,,,,,,,,,,,,,,,,,,353,63,104,73
mar,early,2,0.8,risk_beta=1,0.5,4,1,6027,FedTGNN-SS,0.943359375,0.9679234646434088,0.859375,0.9,0.9322033898305084,0.8,0.8943089430894309,0.8706838833094213,0.1882132738828659,7.272919226037193,0.3485929241652198,0.20172830948677775,0.002173361834138632,55,36,4,9,7.650254964828491,5528336.0,278.0,0.594951923076923,,199,148,29,26,154,69,31,20,,,,,,,,,,,,,,,,,,,,,,,,,353,63,104,60
mar,early,2,0.8,risk_beta=1,0.5,4,1,6027,FedAvg-LR,0.9703124999999999,0.9841284865204589,0.84375,0.975,0.9818181818181818,0.7959183673469388,0.907563025210084,0.8919837597960533,0.06280671805143356,0.2037013452636378,1.2818085106869213,0.06037439884116443,0.7164714336395264,54,39,1,10,0.7355587482452393,16720.0,,0.5443108974358976,,199,148,29,26,154,69,31,20,,,,,,,,,,,,,,,,,,,,,,,,,353,63,104,60
mar,early,2,0.8,risk_beta=1,0.5,4,1,6027,FedAvg-MLP,0.973828125,0.9846103608956873,0.859375,1.0,1.0,0.8163265306122449,0.9243697478991597,0.9116230761967709,0.07024503499269485,0.8906083891670122,0.8776385920697511,0.07661353753736386,0.48832467198371887,55,40,0,9,0.3088085651397705,194880.0,,,,199,148,29,26,154,69,31,20,,,,,,,,,,,,,,,,,,,,,,,,,353,63,104,60
mar,early,2,0.8,risk_beta=1,0.5,4,1,6027,FedEns-RF,0.967578125,0.981753545450309,0.90625,0.9,0.9354838709677419,0.8571428571428571,0.9206349206349206,0.8993418505613627,0.10697213982371792,-0.1728465434439797,3.7828279974405716,0.16062500000000005,0.47275,58,36,4,6,2.3361570835113525,,,,,199,148,29,26,154,69,31,20,,,,,,,,,,,,,,,,,,,,,,,,,353,63,104,60
mar,early,2,0.8,risk_beta=1,0.5,4,1,6027,FedAvg-GCN,0.96796875,0.9835856875595983,0.890625,0.975,0.9827586206896551,0.8478260869565217,0.9344262295081968,0.9207014868471216,0.07161922752857208,-0.052309518241672716,0.874351638871366,0.0790470744877194,0.5625636577606201,57,39,1,7,0.9648587703704834,194880.0,,,,199,148,29,26,154,69,31,20,,,,,,,,,,,,,,,,,,,,,,,,,353,63,104,60
mar,early,2,0.8,risk_beta=1,0.5,4,1,6027,FedMatch-tab,0.97421875,0.9850344417924142,0.859375,0.95,0.9649122807017544,0.8085106382978723,0.9090909090909091,0.8913270637408568,0.07606272399425507,1.353243916181489,0.830164629403925,0.08103620474083492,0.32679277658462524,55,38,2,9,0.4451580047607422,194880.0,,,,199,148,29,26,154,69,31,20,,,,,,,,,,,,,,,,,,,,,,,,,353,63,104,60
mar,early,2,0.8,risk_beta=1,0.5,4,1,6027,Local-TGNN,0.7312500000000001,0.7525833010461646,0.90625,0.55,0.7631578947368421,0.7857142857142857,0.8285714285714286,0.7378151260504202,0.2525752782821655,-3.3972832138349167,0.18441651439587078,0.25862514323895225,0.037138309329748154,58,22,18,6,7.943835258483887,0.0,291.0,0.655448717948718,,199,148,29,26,154,69,31,20,,,,,,,,,,,,,,,,,,,,,,,,,353,63,104,60
mar,early,2,0.8,risk_beta=1,0.5,4,2,6028,FedTGNN-SS,0.771484375,0.8816893911018484,0.546875,0.975,0.9722222222222222,0.5735294117647058,0.7,0.711111111111111,0.2619994282722473,4.787658769065587,0.1870088562495452,0.2609131289287828,0.6036544442176819,35,39,1,29,8.018340587615967,5528336.0,268.0,0.8126849112426036,,193,185,53,52,160,32,25,12,,,,,,,,,,,,,,,,,,,,,,,,,353,63,104,78
mar,early,2,0.8,risk_beta=1,0.5,4,2,6028,FedAvg-LR,0.8343749999999999,0.9107951427984843,0.84375,0.625,0.782608695652174,0.7142857142857143,0.8120300751879699,0.7393483709273183,0.29871079325675964,-3.1413981967654965,0.6829809711451962,0.3077835876208085,0.9627833366394043,54,25,15,10,0.558917760848999,16720.0,,0.6966222879684418,,193,185,53,52,160,32,25,12,,,,,,,,,,,,,,,,,,,,,,,,,353,63,104,78
mar,early,2,0.8,risk_beta=1,0.5,4,2,6028,FedAvg-MLP,0.903125,0.9480966057409725,0.875,0.8,0.875,0.8,0.875,0.8375,0.22299429774284363,-2.63278283205682,0.721731754568202,0.2539649697450491,0.9308261275291443,56,32,8,8,0.3997781276702881,194880.0,,,,193,185,53,52,160,32,25,12,,,,,,,,,,,,,,,,,,,,,,,,,353,63,104,78
mar,early,2,0.8,risk_beta=1,0.5,4,2,6028,FedEns-RF,0.8636718750000001,0.9323644726992399,0.609375,1.0,1.0,0.6153846153846154,0.7572815533980582,0.7595931576514101,0.18710077899787592,-0.6901700462238493,2.4666508663845117,0.17480522682445765,0.7841025641025642,39,40,0,25,1.876814603805542,,,,,193,185,53,52,160,32,25,12,,,,,,,,,,,,,,,,,,,,,,,,,353,63,104,78
mar,early,2,0.8,risk_beta=1,0.5,4,2,6028,FedAvg-GCN,0.7921875,0.8953976438288043,0.734375,0.875,0.9038461538461539,0.6730769230769231,0.8103448275862069,0.7856071964017991,0.26086995005607605,-1.545371470018443,0.4287292878872792,0.27043450573602545,0.8874130249023438,47,35,5,17,0.7565615177154541,194880.0,,,,193,185,53,52,160,32,25,12,,,,,,,,,,,,,,,,,,,,,,,,,353,63,104,78
mar,early,2,0.8,risk_beta=1,0.5,4,2,6028,FedMatch-tab,0.91640625,0.9550313985346421,0.84375,0.9,0.9310344827586207,0.782608695652174,0.8852459016393442,0.8612276019824628,0.21587873995304108,-2.4468987687135653,0.8574507124243426,0.2445500414961806,0.9574955701828003,54,36,4,10,0.5170063972473145,194880.0,,,,193,185,53,52,160,32,25,12,,,,,,,,,,,,,,,,,,,,,,,,,353,63,104,78
mar,early,2,0.8,risk_beta=1,0.5,4,2,6028,Local-TGNN,0.6050781249999999,0.7543752393396341,0.875,0.2,0.6363636363636364,0.5,0.7368421052631579,0.5112781954887218,0.36093929409980774,-3.205697169822826,0.09985399897108702,0.3724088014031832,0.11296532303094864,56,8,32,8,8.82897400856018,0.0,274.0,0.8211291913214991,,193,185,53,52,160,32,25,12,,,,,,,,,,,,,,,,,,,,,,,,,353,63,104,78
mar,early,2,0.8,risk_beta=1,0.5,4,3,6029,FedTGNN-SS,0.967578125,0.9776968585145545,0.9375,0.875,0.9230769230769231,0.8974358974358975,0.9302325581395349,0.9081542537533117,0.06794394552707672,2.195229816121689,0.3537972664866678,0.07110042470650606,0.045057736337184906,60,35,5,4,7.851607322692871,5528336.0,231.0,0.552601809954751,,316,187,63,52,37,30,5,4,,,,,,,,,,,,,,,,,,,,,,,,,353,63,104,68
mar,early,2,0.8,risk_beta=1,0.5,4,3,6029,FedAvg-LR,0.97109375,0.9840212050827801,0.921875,0.925,0.9516129032258065,0.8809523809523809,0.9365079365079365,0.9194734804490903,0.06638246029615402,0.08556980479147668,1.164521473910551,0.0551949510923945,0.45319366455078125,59,37,3,5,0.6210157871246338,16720.0,,0.5808116515837104,,316,187,63,52,37,30,5,4,,,,,,,,,,,,,,,,,,,,,,,,,353,63,104,68
mar,early,2,0.8,risk_beta=1,0.5,4,3,6029,FedAvg-MLP,0.981640625,0.989567204677496,0.9375,0.925,0.9523809523809523,0.9024390243902439,0.9448818897637795,0.9292310683386799,0.07193183898925781,-1.716145310236429,0.7992278631681393,0.08431589220149016,0.8969404101371765,60,37,3,4,0.29558515548706055,194880.0,,,,316,187,63,52,37,30,5,4,,,,,,,,,,,,,,,,,,,,,,,,,353,63,104,68
mar,early,2,0.8,risk_beta=1,0.5,4,3,6029,FedEns-RF,0.9839843749999999,0.9894292167436738,0.9375,0.9,0.9375,0.9,0.9375,0.91875,0.06354422146368445,0.08977562183946888,2.6852357411334924,0.0979220871040724,0.4994117647058824,60,36,4,4,2.229888916015625,,,,,316,187,63,52,37,30,5,4,,,,,,,,,,,,,,,,,,,,,,,,,353,63,104,68
mar,early,2,0.8,risk_beta=1,0.5,4,3,6029,FedAvg-GCN,0.969140625,0.9847295724502998,0.90625,0.975,0.9830508474576272,0.8666666666666667,0.943089430894309,0.9303682448589192,0.08093708008527756,-1.4332544824710511,0.7080595291110959,0.09531848723641952,0.965649425983429,58,39,1,6,1.0451037883758545,194880.0,,,,316,187,63,52,37,30,5,4,,,,,,,,,,,,,,,,,,,,,,,,,353,63,104,68
mar,early,2,0.8,risk_beta=1,0.5,4,3,6029,FedMatch-tab,0.97890625,0.9879782638252359,0.9375,0.9,0.9375,0.9,0.9375,0.91875,0.08408358693122864,-2.0569357569843767,0.795791266373905,0.09053218316358444,0.8820099830627441,60,36,4,4,0.5817782878875732,194880.0,,,,316,187,63,52,37,30,5,4,,,,,,,,,,,,,,,,,,,,,,,,,353,63,104,68
mar,early,2,0.8,risk_beta=1,0.5,4,3,6029,Local-TGNN,0.97734375,0.9861585039562755,0.890625,0.925,0.95,0.8409090909090909,0.9193548387096774,0.9001536098310292,0.0844077318906784,-2.1826031444653844,0.5429745308152902,0.08604707683508214,0.9844859838485718,57,37,3,7,8.904338598251343,0.0,274.0,0.6623303167420814,,316,187,63,52,37,30,5,4,,,,,,,,,,,,,,,,,,,,,,,,,353,63,104,68
mar,early,2,0.8,risk_beta=1,0.5,4,4,6030,FedTGNN-SS,0.971875,0.9798196420910469,0.921875,0.95,0.9672131147540983,0.8837209302325582,0.944,0.9298313253012047,0.06143193691968918,1.2350140982598392,0.523010937911923,0.056740344502031796,0.6581143736839294,59,38,2,5,7.264411449432373,5528336.0,276.0,0.5956477732793521,,304,173,67,53,49,44,9,8,,,,,,,,,,,,,,,,,,,,,,,,,353,63,104,76
mar,early,2,0.8,risk_beta=1,0.5,4,4,6030,FedAvg-LR,0.9625,0.9815738438304514,0.9375,0.95,0.967741935483871,0.9047619047619048,0.9523809523809523,0.9396051103368177,0.06118407100439072,0.8342981588658067,0.9758739242756634,0.07616232521831988,0.3343654274940491,60,38,2,4,0.7206971645355225,16720.0,,0.5887525303643725,,304,173,67,53,49,44,9,8,,,,,,,,,,,,,,,,,,,,,,,,,353,63,104,76
mar,early,2,0.8,risk_beta=1,0.5,4,4,6030,FedAvg-MLP,0.9828125,0.9891286462481427,0.875,0.975,0.9824561403508771,0.8297872340425532,0.9256198347107438,0.9110857794243374,0.050668343901634216,0.12846284794171434,0.5235527139588873,0.06126870275833289,0.9197470545768738,56,39,1,8,0.43666768074035645,194880.0,,,,304,173,67,53,49,44,9,8,,,,,,,,,,,,,,,,,,,,,,,,,353,63,104,76
mar,early,2,0.8,risk_beta=1,0.5,4,4,6030,FedEns-RF,0.978125,0.9861158724257018,0.984375,0.8,0.8873239436619719,0.9696969696969697,0.9333333333333333,0.9050228310502283,0.06518026432319413,0.26429808440310565,2.110429650185333,0.10088689271255062,0.27730263157894736,63,32,8,1,2.339951753616333,,,,,304,173,67,53,49,44,9,8,,,,,,,,,,,,,,,,,,,,,,,,,353,63,104,76
mar,early,2,0.8,risk_beta=1,0.5,4,4,6030,FedAvg-GCN,0.9667968750000001,0.9801608994352351,0.953125,0.925,0.953125,0.925,0.953125,0.9390625,0.05626237392425537,-0.2133066263645807,0.4079134486507246,0.06355939012987968,0.39359793066978455,61,37,3,3,1.0304851531982422,194880.0,,,,304,173,67,53,49,44,9,8,,,,,,,,,,,,,,,,,,,,,,,,,353,63,104,76
mar,early,2,0.8,risk_beta=1,0.5,4,4,6030,FedMatch-tab,0.9851562500000001,0.9904553919389907,0.875,0.975,0.9824561403508771,0.8297872340425532,0.9256198347107438,0.9110857794243374,0.05043533071875572,0.13111784604904633,0.5667218540800193,0.05040556149413956,0.9155578017234802,56,39,1,8,0.6157937049865723,194880.0,,,,304,173,67,53,49,44,9,8,,,,,,,,,,,,,,,,,,,,,,,,,353,63,104,76
mar,early,2,0.8,risk_beta=1,0.5,4,4,6030,Local-TGNN,0.9515625,0.9685605897312162,0.984375,0.75,0.863013698630137,0.967741935483871,0.9197080291970803,0.8823892258661458,0.11162659525871277,-2.3936031821104473,0.3801405050134083,0.11112957175534506,0.01946268416941166,63,30,10,1,9.356774806976318,0.0,274.0,0.5989372469635628,,304,173,67,53,49,44,9,8,,,,,,,,,,,,,,,,,,,,,,,,,353,63,104,76
mar,early,2,0.8,risk_beta=2.5,0.5,0,0,2026,FedTGNN-SS,0.690234375,0.7094982898521132,0.890625,0.525,0.75,0.75,0.8142857142857143,0.7159663865546219,0.24207915365695953,-3.4556006099690944,0.1306698761758187,0.25078577072753644,0.18833203613758087,57,21,19,7,9.247657775878906,5528336.0,273.0,0.5584371614301191,,41,34,11,10,312,183,60,54,,,,,,,,,,,,,,,,,,,,,,,,,353,63,104,71
mar,early,2,0.8,risk_beta=2.5,0.5,0,0,2026,FedAvg-LR,0.96953125,0.9813116207943673,0.84375,0.925,0.9473684210526315,0.7872340425531915,0.8925619834710744,0.8715683480573763,0.14031368494033813,3.0865502201877457,0.9694736152300235,0.1676245495820275,0.06107059493660927,54,37,3,10,0.9339332580566406,16720.0,,0.5582340195016251,,41,34,11,10,312,183,60,54,,,,,,,,,,,,,,,,,,,,,,,,,353,63,104,71
mar,early,2,0.8,risk_beta=2.5,0.5,0,0,2026,FedAvg-MLP,0.97421875,0.9841075118902942,0.84375,0.975,0.9818181818181818,0.7959183673469388,0.907563025210084,0.8919837597960533,0.08003714680671692,-0.08437369395123154,0.6363959127874008,0.11161723525191729,0.9162096977233887,54,39,1,10,0.43068838119506836,194880.0,,,,41,34,11,10,312,183,60,54,,,,,,,,,,,,,,,,,,,,,,,,,353,63,104,71
mar,early,2,0.8,risk_beta=2.5,0.5,0,0,2026,FedEns-RF,0.9824218749999999,0.9890631271167537,0.875,0.925,0.9491525423728814,0.8222222222222222,0.9105691056910569,0.8905786704925873,0.10317933169166679,-0.030815793030644727,7.6081323891279995,0.1800040628385699,0.5567605633802817,56,37,3,8,1.988048791885376,,,,,41,34,11,10,312,183,60,54,,,,,,,,,,,,,,,,,,,,,,,,,353,63,104,71
mar,early,2,0.8,risk_beta=2.5,0.5,0,0,2026,FedAvg-GCN,0.876171875,0.9276956870883558,0.703125,0.85,0.8823529411764706,0.6415094339622641,0.782608695652174,0.7568957456755494,0.16884231567382812,-0.9847151817529782,0.37987778515660026,0.18645003113824016,0.925477147102356,45,34,6,19,1.28529953956604,194880.0,,,,41,34,11,10,312,183,60,54,,,,,,,,,,,,,,,,,,,,,,,,,353,63,104,71
mar,early,2,0.8,risk_beta=2.5,0.5,0,0,2026,FedMatch-tab,0.963671875,0.9778339397102904,0.859375,0.85,0.9016393442622951,0.7906976744186046,0.88,0.8496385542168674,0.08224297314882278,-0.8033906889032869,0.576012681763576,0.10346004080313903,0.7352103590965271,55,34,6,9,0.7881937026977539,194880.0,,,,41,34,11,10,312,183,60,54,,,,,,,,,,,,,,,,,,,,,,,,,353,63,104,71
mar,early,2,0.8,risk_beta=2.5,0.5,0,0,2026,Local-TGNN,0.809765625,0.8639402187854319,0.578125,0.875,0.8809523809523809,0.5645161290322581,0.6981132075471698,0.6921938586755456,0.2036968171596527,-3.6976303726228497,0.3161146741144008,0.20828627201262861,0.9964205026626587,37,35,5,27,8.250948905944824,0.0,272.0,0.6665763813651138,,41,34,11,10,312,183,60,54,,,,,,,,,,,,,,,,,,,,,,,,,353,63,104,71
mar,early,2,0.8,risk_beta=2.5,0.5,0,1,2027,FedTGNN-SS,0.7033203124999999,0.8135208099309812,0.515625,0.65,0.7021276595744681,0.45614035087719296,0.5945945945945946,0.5653385344106994,0.2609260678291321,-6.982668609216821,0.19761582733933417,0.2681040844808404,0.9997038245201111,33,26,14,31,8.16917109489441,5528336.0,287.0,0.6566870629370629,,173,118,29,27,180,99,37,34,,,,,,,,,,,,,,,,,,,,,,,,,353,63,104,66
mar,early,2,0.8,risk_beta=2.5,0.5,0,1,2027,FedAvg-LR,0.8714843750000001,0.9309752283667153,0.8125,0.8,0.8666666666666667,0.7272727272727273,0.8387096774193549,0.8003072196620584,0.2575625777244568,-3.029123468903016,0.7252025069960759,0.2646954710452029,0.9647980332374573,52,32,8,12,0.6466789245605469,16720.0,,0.6572698135198136,,173,118,29,27,180,99,37,34,,,,,,,,,,,,,,,,,,,,,,,,,353,63,104,66
mar,early,2,0.8,risk_beta=2.5,0.5,0,1,2027,FedAvg-MLP,0.95703125,0.9773263261710251,0.828125,0.95,0.9636363636363636,0.7755102040816326,0.8907563025210085,0.8723444433953357,0.23126906156539917,-4.066696593819928,0.5009850007084945,0.2643427513539791,0.99874347448349,53,38,2,11,0.2696959972381592,194880.0,,,,173,118,29,27,180,99,37,34,,,,,,,,,,,,,,,,,,,,,,,,,353,63,104,66
mar,early,2,0.8,risk_beta=2.5,0.5,0,1,2027,FedEns-RF,0.88671875,0.9442048717778153,0.828125,0.875,0.9137931034482759,0.7608695652173914,0.8688524590163934,0.8414029736942432,0.1887286411426326,-1.3906660130576396,1.6904527581160564,0.20913534382284385,0.8007575757575758,53,35,5,11,2.654747247695923,,,,,173,118,29,27,180,99,37,34,,,,,,,,,,,,,,,,,,,,,,,,,353,63,104,66
mar,early,2,0.8,risk_beta=2.5,0.5,0,1,2027,FedAvg-GCN,0.8949218750000001,0.9487431946368892,0.8125,0.9,0.9285714285714286,0.75,0.8666666666666667,0.8424242424242425,0.2564135193824768,-4.776143207712243,0.5422781776927823,0.27687339842053077,0.9947616457939148,52,36,4,12,1.2724010944366455,194880.0,,,,173,118,29,27,180,99,37,34,,,,,,,,,,,,,,,,,,,,,,,,,353,63,104,66
mar,early,2,0.8,risk_beta=2.5,0.5,0,1,2027,FedMatch-tab,0.948828125,0.9725205651066409,0.796875,0.975,0.9807692307692307,0.75,0.8793103448275862,0.8635682158920539,0.2737882733345032,-5.647213896739908,0.7532568770600907,0.2924528328272013,0.9994658827781677,51,39,1,13,0.42177295684814453,194880.0,,,,173,118,29,27,180,99,37,34,,,,,,,,,,,,,,,,,,,,,,,,,353,63,104,66
mar,early,2,0.8,risk_beta=2.5,0.5,0,1,2027,Local-TGNN,0.7105468749999999,0.7100925454267647,1.0,0.275,0.6881720430107527,1.0,0.8152866242038217,0.6233295866117148,0.3062136471271515,-5.199566455809025,0.34069003279910365,0.30933596045192996,0.9507027268409729,64,11,29,0,7.884430408477783,0.0,283.0,0.6287878787878788,,173,118,29,27,180,99,37,34,,,,,,,,,,,,,,,,,,,,,,,,,353,63,104,66
mar,early,2,0.8,risk_beta=2.5,0.5,0,2,2028,FedTGNN-SS,0.851953125,0.9124154906712449,0.6875,0.85,0.88,0.6296296296296297,0.7719298245614035,0.7476670399402763,0.187591090798378,0.5087608426313425,0.2721296881549084,0.17562249037795347,0.8516789078712463,44,34,6,20,7.717270851135254,5528336.0,274.0,0.6382519723865877,,103,87,22,21,250,130,56,54,,,,,,,,,,,,,,,,,,,,,,,,,353,63,104,78
mar,early,2,0.8,risk_beta=2.5,0.5,0,2,2028,FedAvg-LR,0.955078125,0.9720919078934362,0.890625,0.9,0.9344262295081968,0.8372093023255814,0.912,0.8897349397590362,0.10724024474620819,1.6350999953925993,0.7248149471243973,0.11194735883663477,0.21848459541797638,57,36,4,7,0.7112607955932617,16720.0,,0.6855276134122288,,103,87,22,21,250,130,56,54,,,,,,,,,,,,,,,,,,,,,,,,,353,63,104,78
mar,early,2,0.8,risk_beta=2.5,0.5,0,2,2028,FedAvg-MLP,0.9359375,0.9664828404968366,0.84375,0.95,0.9642857142857143,0.7916666666666666,0.9,0.8818181818181818,0.18900689482688904,-3.5495685142366633,0.5218010387657662,0.20120318237548837,0.9945878982543945,54,38,2,10,0.61043381690979,194880.0,,,,103,87,22,21,250,130,56,54,,,,,,,,,,,,,,,,,,,,,,,,,353,63,104,78
mar,early,2,0.8,risk_beta=2.5,0.5,0,2,2028,FedEns-RF,0.9205078124999999,0.9548523595922985,0.75,0.95,0.96,0.7037037037037037,0.8421052631578947,0.8253079507278835,0.19277542339933243,-1.2041606221487555,2.834744401351078,0.21924679487179485,0.843974358974359,48,38,2,16,2.6089093685150146,,,,,103,87,22,21,250,130,56,54,,,,,,,,,,,,,,,,,,,,,,,,,353,63,104,78
mar,early,2,0.8,risk_beta=2.5,0.5,0,2,2028,FedAvg-GCN,0.88671875,0.9368262819124554,0.6875,0.975,0.9777777777777777,0.6610169491525424,0.8073394495412844,0.7976091187100361,0.21248933672904968,-2.9795717391687266,0.4187529042062759,0.2189946983081217,0.993685781955719,44,39,1,20,0.7447829246520996,194880.0,,,,103,87,22,21,250,130,56,54,,,,,,,,,,,,,,,,,,,,,,,,,353,63,104,78
mar,early,2,0.8,risk_beta=2.5,0.5,0,2,2028,FedMatch-tab,0.9171875,0.956509601341367,0.703125,1.0,1.0,0.6779661016949152,0.8256880733944955,0.8168844407376518,0.22732201218605042,-4.510210787079803,0.5365273184042285,0.2504522680090024,0.999035120010376,45,40,0,19,0.5931026935577393,194880.0,,,,103,87,22,21,250,130,56,54,,,,,,,,,,,,,,,,,,,,,,,,,353,63,104,78
mar,early,2,0.8,risk_beta=2.5,0.5,0,2,2028,Local-TGNN,0.7921874999999999,0.8255731887785686,0.75,0.8,0.8571428571428571,0.6666666666666666,0.8,0.7636363636363637,0.24559353291988373,-4.257242418059766,0.47559678630884406,0.25016969198790884,0.9941603541374207,48,32,8,16,8.135345935821533,0.0,274.0,0.6771449704142012,,103,87,22,21,250,130,56,54,,,,,,,,,,,,,,,,,,,,,,,,,353,63,104,78
mar,early,2,0.8,risk_beta=2.5,0.5,0,3,2029,FedTGNN-SS,0.970703125,0.9785342250095637,0.84375,0.975,0.9818181818181818,0.7959183673469388,0.907563025210084,0.8919837597960533,0.14295409619808197,7.597712543211668,0.4006395799913175,0.16183564872167505,0.08619415760040283,54,39,1,10,7.6211254596710205,5528336.0,272.0,0.515224358974359,,218,188,38,37,135,29,34,18,,,,,,,,,,,,,,,,,,,,,,,,,353,63,104,72
mar,early,2,0.8,risk_beta=2.5,0.5,0,3,2029,FedAvg-LR,0.983203125,0.9891167088876271,0.71875,1.0,1.0,0.6896551724137931,0.8363636363636363,0.8263450834879407,0.059896331280469894,0.3667194708267844,1.786381029058668,0.09420490995622599,0.8540815711021423,46,40,0,18,0.6198835372924805,16720.0,,0.6414262820512819,,218,188,38,37,135,29,34,18,,,,,,,,,,,,,,,,,,,,,,,,,353,63,104,72
mar,early,2,0.8,risk_beta=2.5,0.5,0,3,2029,FedAvg-MLP,0.975390625,0.9828251648468742,0.953125,0.925,0.953125,0.925,0.953125,0.9390625,0.051738135516643524,0.35448878829611,0.7777990860037111,0.046790460984294215,0.4029143452644348,61,37,3,3,0.43160486221313477,194880.0,,,,218,188,38,37,135,29,34,18,,,,,,,,,,,,,,,,,,,,,,,,,353,63,104,72
mar,early,2,0.8,risk_beta=2.5,0.5,0,3,2029,FedEns-RF,0.9765624999999999,0.9852955577878879,0.90625,0.925,0.9508196721311475,0.8604651162790697,0.928,0.9097831325301204,0.0872365837191358,0.08438502240007054,2.9486952953602596,0.17814903846153848,0.4668055555555556,58,37,3,6,2.336350679397583,,,,,218,188,38,37,135,29,34,18,,,,,,,,,,,,,,,,,,,,,,,,,353,63,104,72
mar,early,2,0.8,risk_beta=2.5,0.5,0,3,2029,FedAvg-GCN,0.90078125,0.9427362114841422,0.84375,0.95,0.9642857142857143,0.7916666666666666,0.9,0.8818181818181818,0.11547497659921646,0.025630741794848706,0.385200440079493,0.12828162701155704,0.67299485206604,54,38,2,10,0.7751317024230957,194880.0,,,,218,188,38,37,135,29,34,18,,,,,,,,,,,,,,,,,,,,,,,,,353,63,104,72
mar,early,2,0.8,risk_beta=2.5,0.5,0,3,2029,FedMatch-tab,0.978125,0.9843900142434104,0.953125,0.925,0.953125,0.925,0.953125,0.9390625,0.05865157023072243,0.9730058173257807,0.8169242054539014,0.05778553623419543,0.30450260639190674,61,37,3,3,0.45151543617248535,194880.0,,,,218,188,38,37,135,29,34,18,,,,,,,,,,,,,,,,,,,,,,,,,353,63,104,72
mar,early,2,0.8,risk_beta=2.5,0.5,0,3,2029,Local-TGNN,0.8875,0.930611560687312,0.671875,0.85,0.8775510204081632,0.6181818181818182,0.7610619469026548,0.7384257102934326,0.17797933518886566,-1.5369673952660485,0.3164531872443426,0.1810053718419602,0.9885391592979431,43,34,6,21,8.231303215026855,0.0,271.0,0.6471688034188035,,218,188,38,37,135,29,34,18,,,,,,,,,,,,,,,,,,,,,,,,,353,63,104,72
mar,early,2,0.8,risk_beta=2.5,0.5,0,4,2030,FedTGNN-SS,0.8796875000000001,0.9308225826544498,0.75,0.9,0.9230769230769231,0.6923076923076923,0.8275862068965517,0.8050974512743628,0.1791503131389618,1.1640031266134208,0.21727150524096608,0.1817972597021323,0.8644719123840332,48,36,4,16,8.025291442871094,5528336.0,276.0,0.630991124260355,,304,196,54,50,49,21,11,10,,,,,,,,,,,,,,,,,,,,,,,,,353,63,104,65
mar,early,2,0.8,risk_beta=2.5,0.5,0,4,2030,FedAvg-LR,0.9203125000000001,0.958581518125051,0.859375,0.9,0.9322033898305084,0.8,0.8943089430894309,0.8706838833094213,0.1100631132721901,0.6506196386893585,0.7477136047966554,0.0985555277707485,0.4553598165512085,55,36,4,9,0.7283542156219482,16720.0,,0.6917899408284024,,304,196,54,50,49,21,11,10,,,,,,,,,,,,,,,,,,,,,,,,,353,63,104,65
mar,early,2,0.8,risk_beta=2.5,0.5,0,4,2030,FedAvg-MLP,0.92265625,0.9614667172341314,0.875,0.825,0.8888888888888888,0.8048780487804879,0.8818897637795275,0.8483522892971711,0.22903235256671906,-3.3965483750670833,0.38726918426109413,0.25502732286874497,0.9519493579864502,56,33,7,8,0.2866213321685791,194880.0,,,,304,196,54,50,49,21,11,10,,,,,,,,,,,,,,,,,,,,,,,,,353,63,104,65
mar,early,2,0.8,risk_beta=2.5,0.5,0,4,2030,FedEns-RF,0.882421875,0.9369810077119359,0.640625,0.95,0.9534883720930233,0.6229508196721312,0.7663551401869159,0.7594151938558342,0.14090922075557577,-0.5761959346646273,1.5504064928099526,0.18883875739644967,0.8274615384615385,41,38,2,23,2.137850522994995,,,,,304,196,54,50,49,21,11,10,,,,,,,,,,,,,,,,,,,,,,,,,353,63,104,65
mar,early,2,0.8,risk_beta=2.5,0.5,0,4,2030,FedAvg-GCN,0.8796875000000001,0.9267039723217475,0.75,0.95,0.96,0.7037037037037037,0.8421052631578947,0.8253079507278835,0.21822969615459442,-2.9379151855985413,0.29333784129075663,0.22187736422683185,0.9875234961509705,48,38,2,16,1.1792452335357666,194880.0,,,,304,196,54,50,49,21,11,10,,,,,,,,,,,,,,,,,,,,,,,,,353,63,104,65
mar,early,2,0.8,risk_beta=2.5,0.5,0,4,2030,FedMatch-tab,0.90078125,0.9504305911657818,0.734375,0.975,0.9791666666666666,0.6964285714285714,0.8392857142857143,0.8258928571428572,0.24765968322753906,-4.42285035538401,0.36122073395827375,0.25256649136113435,0.9983168840408325,47,39,1,17,0.4690225124359131,194880.0,,,,304,196,54,50,49,21,11,10,,,,,,,,,,,,,,,,,,,,,,,,,353,63,104,65
mar,early,2,0.8,risk_beta=2.5,0.5,0,4,2030,Local-TGNN,0.582421875,0.6383253098404861,0.9375,0.325,0.6896551724137931,0.7647058823529411,0.7947019867549668,0.6254211688160799,0.2999809980392456,-5.603573409559539,0.14822919563879583,0.30218827432802825,0.9860160946846008,60,13,27,4,8.193299531936646,0.0,288.0,0.6317307692307692,,304,196,54,50,49,21,11,10,,,,,,,,,,,,,,,,,,,,,,,,,353,63,104,65
mar,early,2,0.8,risk_beta=2.5,0.5,1,0,3026,FedTGNN-SS,0.923828125,0.9581868367927403,0.703125,0.975,0.9782608695652174,0.6724137931034483,0.8181818181818182,0.8070500927643784,0.1957576870918274,8.695373752603093,0.35406618744645674,0.20386498808287656,0.034278783947229385,45,39,1,19,7.859999179840088,5528336.0,277.0,0.5590945512820513,,203,182,39,38,150,35,33,23,,,,,,,,,,,,,,,,,,,,,,,,,353,63,104,72
mar,early,2,0.8,risk_beta=2.5,0.5,1,0,3026,FedAvg-LR,0.9671875,0.9816572679570994,0.75,1.0,1.0,0.7142857142857143,0.8571428571428571,0.8452380952380952,0.07063063979148865,0.04116494621590178,1.5055936979139872,0.09396835301931088,0.809237003326416,48,40,0,16,0.5005207061767578,16720.0,,0.6822248931623932,,203,182,39,38,150,35,33,23,,,,,,,,,,,,,,,,,,,,,,,,,353,63,104,72
mar,early,2,0.8,risk_beta=2.5,0.5,1,0,3026,FedAvg-MLP,0.9609374999999999,0.9797135300927202,0.875,0.925,0.9491525423728814,0.8222222222222222,0.9105691056910569,0.8905786704925873,0.07209685444831848,0.0673555065736191,0.8793881092435895,0.04901737683954147,0.507919430732727,56,37,3,8,0.349625825881958,194880.0,,,,203,182,39,38,150,35,33,23,,,,,,,,,,,,,,,,,,,,,,,,,353,63,104,72
mar,early,2,0.8,risk_beta=2.5,0.5,1,0,3026,FedEns-RF,0.9609375,0.9783742237661488,0.890625,0.875,0.9193548387096774,0.8333333333333334,0.9047619047619048,0.8792102206736353,0.10513528562366455,0.01656059134570036,4.272453359462138,0.13927884615384614,0.47645833333333326,57,35,5,7,2.414851188659668,,,,,203,182,39,38,150,35,33,23,,,,,,,,,,,,,,,,,,,,,,,,,353,63,104,72
mar,early,2,0.8,risk_beta=2.5,0.5,1,0,3026,FedAvg-GCN,0.8738281250000001,0.9337030988527891,0.65625,0.975,0.9767441860465116,0.639344262295082,0.7850467289719626,0.7786619783473674,0.19910100102424622,2.6218585816600632,0.309407066463443,0.20314259576396299,0.9858611822128296,42,39,1,22,1.1543488502502441,194880.0,,,,203,182,39,38,150,35,33,23,,,,,,,,,,,,,,,,,,,,,,,,,353,63,104,72
mar,early,2,0.8,risk_beta=2.5,0.5,1,0,3026,FedMatch-tab,0.9660156249999999,0.9824782883322888,0.953125,0.875,0.9242424242424242,0.9210526315789473,0.9384615384615385,0.917948717948718,0.06886040419340134,0.3911008180843443,0.9774392318991252,0.0791541926132945,0.31279313564300537,61,35,5,3,0.584892988204956,194880.0,,,,203,182,39,38,150,35,33,23,,,,,,,,,,,,,,,,,,,,,,,,,353,63,104,72
mar,early,2,0.8,risk_beta=2.5,0.5,1,0,3026,Local-TGNN,0.7339843749999999,0.794396671633752,0.78125,0.7,0.8064516129032258,0.6666666666666666,0.7936507936507936,0.7382888114595432,0.302441269159317,-3.729878074461943,0.14123678112427454,0.30554467123986867,0.990705668926239,50,28,12,14,7.952498197555542,0.0,281.0,0.6737446581196581,,203,182,39,38,150,35,33,23,,,,,,,,,,,,,,,,,,,,,,,,,353,63,104,72
mar,early,2,0.8,risk_beta=2.5,0.5,1,1,3027,FedTGNN-SS,0.9078125,0.9512939716451736,0.859375,0.85,0.9016393442622951,0.7906976744186046,0.88,0.8496385542168674,0.2036273330450058,-1.7787120033311998,0.18969655645869993,0.22213352154134414,0.9217137694358826,55,34,6,9,7.384391784667969,5528336.0,283.0,0.6497781065088757,,21,11,5,3,332,206,60,54,,,,,,,,,,,,,,,,,,,,,,,,,353,63,104,65
mar,early,2,0.8,risk_beta=2.5,0.5,1,1,3027,FedAvg-LR,0.9312499999999999,0.9607835753208147,0.96875,0.675,0.8266666666666667,0.9310344827586207,0.8920863309352518,0.8373475132937129,0.10790833085775375,-0.32771028342312597,0.8949781284843409,0.0743678372639876,0.3269504904747009,62,27,13,2,0.6526074409484863,16720.0,,0.7250739644970414,,21,11,5,3,332,206,60,54,,,,,,,,,,,,,,,,,,,,,,,,,353,63,104,65
mar,early,2,0.8,risk_beta=2.5,0.5,1,1,3027,FedAvg-MLP,0.955859375,0.9758703153220533,0.953125,0.875,0.9242424242424242,0.9210526315789473,0.9384615384615385,0.917948717948718,0.10350801050662994,-1.88981789986115,0.4978487681035322,0.11565631529531226,0.8524172902107239,61,35,5,3,0.31708240509033203,194880.0,,,,21,11,5,3,332,206,60,54,,,,,,,,,,,,,,,,,,,,,,,,,353,63,104,65
mar,early,2,0.8,risk_beta=2.5,0.5,1,1,3027,FedEns-RF,0.9359375,0.9603356015499196,0.859375,0.9,0.9322033898305084,0.8,0.8943089430894309,0.8706838833094213,0.12226433488848429,-0.4203766017396533,1.9838071349223525,0.11021449704142007,0.6388461538461538,55,36,4,9,2.6003358364105225,,,,,21,11,5,3,332,206,60,54,,,,,,,,,,,,,,,,,,,,,,,,,353,63,104,65
mar,early,2,0.8,risk_beta=2.5,0.5,1,1,3027,FedAvg-GCN,0.876953125,0.9341901305164121,0.71875,0.95,0.9583333333333334,0.6785714285714286,0.8214285714285714,0.8065476190476191,0.21490001678466797,-2.541412945734622,0.3226739752262046,0.21553333067836672,0.9841943383216858,46,38,2,18,0.919844388961792,194880.0,,,,21,11,5,3,332,206,60,54,,,,,,,,,,,,,,,,,,,,,,,,,353,63,104,65
mar,early,2,0.8,risk_beta=2.5,0.5,1,1,3027,FedMatch-tab,0.946875,0.9715228958470155,0.953125,0.75,0.8591549295774648,0.9090909090909091,0.9037037037037037,0.8628107559614409,0.12372561544179916,-2.0803341801157385,0.5289353780534494,0.1492549999115559,0.6925767064094543,61,30,10,3,0.3656578063964844,194880.0,,,,21,11,5,3,332,206,60,54,,,,,,,,,,,,,,,,,,,,,,,,,353,63,104,65
mar,early,2,0.8,risk_beta=2.5,0.5,1,1,3027,Local-TGNN,0.8625,0.924608904171573,0.640625,0.95,0.9534883720930233,0.6229508196721312,0.7663551401869159,0.7594151938558342,0.24400989711284637,-3.847745089274358,0.309782265762928,0.2532604278172724,0.9965856075286865,41,38,2,23,8.27519154548645,0.0,288.0,0.6340236686390532,,21,11,5,3,332,206,60,54,,,,,,,,,,,,,,,,,,,,,,,,,353,63,104,65
mar,early,2,0.8,risk_beta=2.5,0.5,1,2,3028,FedTGNN-SS,0.865625,0.9206969325071461,0.859375,0.7,0.8208955223880597,0.7567567567567568,0.8396946564885496,0.7834836918806385,0.17121590673923492,0.9753066197702368,0.28823931293116,0.1966076957581278,0.24334515631198883,55,28,12,9,7.623608827590942,5528336.0,293.0,0.7061698717948719,,60,54,11,10,293,163,49,46,,,,,,,,,,,,,,,,,,,,,,,,,353,63,104,60
mar,early,2,0.8,risk_beta=2.5,0.5,1,2,3028,FedAvg-LR,0.90625,0.9414856358921797,0.765625,0.9,0.9245283018867925,0.7058823529411765,0.8376068376068376,0.8144078144078144,0.12236224114894867,-0.4747336762715274,0.800984410614702,0.11581541325610417,0.7744792103767395,49,36,4,15,0.8052597045898438,16720.0,,0.7284455128205128,,60,54,11,10,293,163,49,46,,,,,,,,,,,,,,,,,,,,,,,,,353,63,104,60
mar,early,2,0.8,risk_beta=2.5,0.5,1,2,3028,FedAvg-MLP,0.9140625,0.9489161038087259,0.71875,0.9,0.92,0.6666666666666666,0.8070175438596491,0.7864874953340799,0.15159624814987183,-2.207955650518503,0.4240438839946819,0.15011601379284492,0.9939250349998474,46,36,4,18,0.2985973358154297,194880.0,,,,60,54,11,10,293,163,49,46,,,,,,,,,,,,,,,,,,,,,,,,,353,63,104,60
mar,early,2,0.8,risk_beta=2.5,0.5,1,2,3028,FedEns-RF,0.8517578125,0.9194699978589312,0.5625,0.975,0.972972972972973,0.582089552238806,0.7128712871287128,0.7209216248727677,0.18621908854166666,-0.8040477214576616,1.9201907712005417,0.16828685897435897,0.8428333333333333,36,39,1,28,2.20967960357666,,,,,60,54,11,10,293,163,49,46,,,,,,,,,,,,,,,,,,,,,,,,,353,63,104,60
mar,early,2,0.8,risk_beta=2.5,0.5,1,2,3028,FedAvg-GCN,0.9078125,0.9424398803499128,0.875,0.775,0.8615384615384616,0.7948717948717948,0.8682170542635659,0.8265135904229222,0.17311598360538483,-2.548640995034938,0.44880805737737456,0.17432859167456624,0.9103514552116394,56,31,9,8,0.6482055187225342,194880.0,,,,60,54,11,10,293,163,49,46,,,,,,,,,,,,,,,,,,,,,,,,,353,63,104,60
mar,early,2,0.8,risk_beta=2.5,0.5,1,2,3028,FedMatch-tab,0.90390625,0.9420716952732275,0.71875,0.9,0.92,0.6666666666666666,0.8070175438596491,0.7864874953340799,0.16393564641475677,-2.6328221405695675,0.4328415441641187,0.19888797681778672,0.9958482980728149,46,36,4,18,0.7203054428100586,194880.0,,,,60,54,11,10,293,163,49,46,,,,,,,,,,,,,,,,,,,,,,,,,353,63,104,60
mar,early,2,0.8,risk_beta=2.5,0.5,1,2,3028,Local-TGNN,0.86484375,0.9271661693217241,0.71875,0.825,0.8679245283018868,0.6470588235294118,0.7863247863247863,0.7557997557997558,0.2801473140716553,-3.761239154650972,0.7642591580224312,0.2745887509764333,0.9864107966423035,46,33,7,18,8.123849630355835,0.0,293.0,0.6721153846153847,,60,54,11,10,293,163,49,46,,,,,,,,,,,,,,,,,,,,,,,,,353,63,104,60
mar,early,2,0.8,risk_beta=2.5,0.5,1,3,3029,FedTGNN-SS,0.7921875,0.8733660408466288,0.703125,0.675,0.7758620689655172,0.5869565217391305,0.7377049180327869,0.6828059473884864,0.2593229413032532,-2.821756581905388,0.19202287928859427,0.2726067891344428,0.985867440700531,45,27,13,19,7.841767311096191,5528336.0,274.0,0.6963141025641025,,251,173,56,54,102,44,16,15,,,,,,,,,,,,,,,,,,,,,,,,,353,63,104,72
mar,early,2,0.8,risk_beta=2.5,0.5,1,3,3029,FedAvg-LR,0.858984375,0.926779932627499,0.6875,0.95,0.9565217391304348,0.6551724137931034,0.8,0.7877551020408163,0.1798090636730194,-1.0302079930590522,0.5803696722521408,0.16610632213548973,0.933418333530426,44,38,2,20,0.4853029251098633,16720.0,,0.719150641025641,,251,173,56,54,102,44,16,15,,,,,,,,,,,,,,,,,,,,,,,,,353,63,104,72
mar,early,2,0.8,risk_beta=2.5,0.5,1,3,3029,FedAvg-MLP,0.9449218749999999,0.9722483474353144,0.875,0.95,0.9655172413793104,0.8260869565217391,0.9180327868852459,0.900876858558902,0.24489934742450714,-4.528097382384019,0.5395752136644261,0.281712026335299,0.9962933659553528,56,38,2,8,0.27309536933898926,194880.0,,,,251,173,56,54,102,44,16,15,,,,,,,,,,,,,,,,,,,,,,,,,353,63,104,72
mar,early,2,0.8,risk_beta=2.5,0.5,1,3,3029,FedEns-RF,0.883203125,0.9389748186905496,0.703125,0.925,0.9375,0.6607142857142857,0.8035714285714286,0.7872023809523809,0.1912619539411206,-1.2304669784725721,1.3617109183432423,0.18298076923076917,0.7938888888888889,45,37,3,19,2.4461312294006348,,,,,251,173,56,54,102,44,16,15,,,,,,,,,,,,,,,,,,,,,,,,,353,63,104,72
mar,early,2,0.8,risk_beta=2.5,0.5,1,3,3029,FedAvg-GCN,0.8761718749999999,0.9364059072226298,0.765625,0.95,0.9607843137254902,0.7169811320754716,0.8521739130434782,0.8346891070593736,0.24585917592048645,-3.693702861482788,0.4033770855728037,0.24538718937681273,0.988469660282135,49,38,2,15,1.330024242401123,194880.0,,,,251,173,56,54,102,44,16,15,,,,,,,,,,,,,,,,,,,,,,,,,353,63,104,72
mar,early,2,0.8,risk_beta=2.5,0.5,1,3,3029,FedMatch-tab,0.91328125,0.9564489015442899,0.890625,0.7,0.8260869565217391,0.8,0.8571428571428571,0.8019047619047619,0.3205752670764923,-4.9884003040681595,0.587464493506791,0.32828221293703586,0.9843994379043579,57,28,12,7,0.5382299423217773,194880.0,,,,251,173,56,54,102,44,16,15,,,,,,,,,,,,,,,,,,,,,,,,,353,63,104,72
mar,early,2,0.8,risk_beta=2.5,0.5,1,3,3029,Local-TGNN,0.31796875,0.530943992704575,0.9375,0.075,0.6185567010309279,0.42857142857142855,0.7453416149068323,0.43650059468745867,0.38281911611557007,-6.116534838154812,-0.4626291913851149,0.38116916326376105,0.9918860197067261,60,3,37,4,8.00059199333191,0.0,278.0,0.689236111111111,,251,173,56,54,102,44,16,15,,,,,,,,,,,,,,,,,,,,,,,,,353,63,104,72
mar,early,2,0.8,risk_beta=2.5,0.5,1,4,3030,FedTGNN-SS,0.875,0.9352785149253517,0.71875,0.95,0.9583333333333334,0.6785714285714286,0.8214285714285714,0.8065476190476191,0.15878258645534515,0.5485525964820073,0.29060498062678736,0.17548662488563702,0.7426900863647461,46,38,2,18,7.493963718414307,5528336.0,290.0,0.7064981389578164,,173,157,32,31,180,60,30,25,,,,,,,,,,,,,,,,,,,,,,,,,353,63,104,62
mar,early,2,0.8,risk_beta=2.5,0.5,1,4,3030,FedAvg-LR,0.9828125,0.9890592453439278,0.96875,0.875,0.9253731343283582,0.9459459459459459,0.9465648854961832,0.9278278972935461,0.09161270409822464,1.9151401355147863,1.109348205908453,0.12002963375730011,0.04932849481701851,62,35,5,2,0.5055344104766846,16720.0,,0.6574906947890818,,173,157,32,31,180,60,30,25,,,,,,,,,,,,,,,,,,,,,,,,,353,63,104,62
mar,early,2,0.8,risk_beta=2.5,0.5,1,4,3030,FedAvg-MLP,0.9703125,0.9832404866261591,0.984375,0.825,0.9,0.9705882352941176,0.9402985074626866,0.9160951996772893,0.06281862407922745,-0.7510342671159264,0.7035636339020247,0.06733126864911845,0.49685677886009216,63,33,7,1,0.2988414764404297,194880.0,,,,173,157,32,31,180,60,30,25,,,,,,,,,,,,,,,,,,,,,,,,,353,63,104,62
mar,early,2,0.8,risk_beta=2.5,0.5,1,4,3030,FedEns-RF,0.974609375,0.9853714643470342,0.96875,0.8,0.8857142857142857,0.9411764705882353,0.9253731343283582,0.8951189995966116,0.11872290732810374,-0.30308074447602246,6.54483910972356,0.19662841191066996,0.4875806451612903,62,32,8,2,2.2026233673095703,,,,,173,157,32,31,180,60,30,25,,,,,,,,,,,,,,,,,,,,,,,,,353,63,104,62
mar,early,2,0.8,risk_beta=2.5,0.5,1,4,3030,FedAvg-GCN,0.9664062500000001,0.9765575354481515,0.78125,0.95,0.9615384615384616,0.7307692307692307,0.8620689655172413,0.8440779610194902,0.12698020040988922,1.8817427311348156,0.6145340469596817,0.1383171690484652,0.3465442657470703,50,38,2,14,1.174699306488037,194880.0,,,,173,157,32,31,180,60,30,25,,,,,,,,,,,,,,,,,,,,,,,,,353,63,104,62
mar,early,2,0.8,risk_beta=2.5,0.5,1,4,3030,FedMatch-tab,0.974609375,0.9857571770582427,0.9375,0.9,0.9375,0.9,0.9375,0.91875,0.06174731254577637,-0.8900851437687466,0.9081672005773164,0.060946639913779035,0.5805878043174744,60,36,4,4,0.44819045066833496,194880.0,,,,173,157,32,31,180,60,30,25,,,,,,,,,,,,,,,,,,,,,,,,,353,63,104,62
mar,early,2,0.8,risk_beta=2.5,0.5,1,4,3030,Local-TGNN,0.819921875,0.8567669354870011,0.640625,0.875,0.8913043478260869,0.603448275862069,0.7454545454545455,0.7298701298701299,0.21409724652767181,-2.7022661837078235,0.4507193376448844,0.21929830398697123,0.9907631278038025,41,35,5,23,7.471283435821533,0.0,280.0,0.7841191066997518,,173,157,32,31,180,60,30,25,,,,,,,,,,,,,,,,,,,,,,,,,353,63,104,62
mar,early,2,0.8,risk_beta=2.5,0.5,2,0,4026,FedTGNN-SS,0.831640625,0.8810674211475458,0.765625,0.725,0.8166666666666667,0.6590909090909091,0.7903225806451613,0.7403993855606759,0.20989516377449036,-2.0881876555059082,0.21938158288797122,0.21832372662790409,0.9481443762779236,49,29,11,15,7.280273199081421,5528336.0,272.0,0.627079002079002,,231,105,48,42,122,112,26,25,,,,,,,,,,,,,,,,,,,,,,,,,353,63,104,74
mar,early,2,0.8,risk_beta=2.5,0.5,2,0,4026,FedAvg-LR,0.924609375,0.9612681789742856,0.828125,0.95,0.9636363636363636,0.7755102040816326,0.8907563025210085,0.8723444433953357,0.10498655587434769,-0.21585125758188453,0.8936122990697816,0.11336145077187282,0.6553218960762024,53,38,2,11,0.7557060718536377,16720.0,,0.6531314968814969,,231,105,48,42,122,112,26,25,,,,,,,,,,,,,,,,,,,,,,,,,353,63,104,74
mar,early,2,0.8,risk_beta=2.5,0.5,2,0,4026,FedAvg-MLP,0.9453125,0.9721702556170368,0.875,0.9,0.9333333333333333,0.8181818181818182,0.9032258064516129,0.880184331797235,0.1144825890660286,-1.4005304117424433,0.481206680259444,0.11170121930682889,0.946394681930542,56,36,4,8,0.3316037654876709,194880.0,,,,231,105,48,42,122,112,26,25,,,,,,,,,,,,,,,,,,,,,,,,,353,63,104,74
mar,early,2,0.8,risk_beta=2.5,0.5,2,0,4026,FedEns-RF,0.9580078125,0.9736512403081148,0.828125,0.925,0.9464285714285714,0.7708333333333334,0.8833333333333333,0.8621212121212121,0.12872770603893915,-0.6972608615273814,2.643614273124197,0.16954911642411644,0.6897297297297298,53,37,3,11,2.656921863555908,,,,,231,105,48,42,122,112,26,25,,,,,,,,,,,,,,,,,,,,,,,,,353,63,104,74
mar,early,2,0.8,risk_beta=2.5,0.5,2,0,4026,FedAvg-GCN,0.8636718749999999,0.9303675079291123,0.734375,0.9,0.9215686274509803,0.6792452830188679,0.8173913043478261,0.7957924263674614,0.24080601334571838,-2.76326319703754,0.3321706055391697,0.2623341502084468,0.9931640028953552,47,36,4,17,0.6143348217010498,194880.0,,,,231,105,48,42,122,112,26,25,,,,,,,,,,,,,,,,,,,,,,,,,353,63,104,74
mar,early,2,0.8,risk_beta=2.5,0.5,2,0,4026,FedMatch-tab,0.9468749999999999,0.9718563634444817,0.8125,0.975,0.9811320754716981,0.7647058823529411,0.8888888888888888,0.873015873015873,0.12702053785324097,-1.8144054666260976,0.5132902115318552,0.11597119744580525,0.9903321862220764,52,39,1,12,0.5034973621368408,194880.0,,,,231,105,48,42,122,112,26,25,,,,,,,,,,,,,,,,,,,,,,,,,353,63,104,74
mar,early,2,0.8,risk_beta=2.5,0.5,2,0,4026,Local-TGNN,0.710546875,0.7548268837322785,0.9375,0.4,0.7142857142857143,0.8,0.8108108108108109,0.6720720720720721,0.26634013652801514,-5.310232187247533,0.20219544086092925,0.2717058522393927,0.7017785906791687,60,16,24,4,7.704617738723755,0.0,269.0,0.5900467775467775,,231,105,48,42,122,112,26,25,,,,,,,,,,,,,,,,,,,,,,,,,353,63,104,74
mar,early,2,0.8,risk_beta=2.5,0.5,2,1,4027,FedTGNN-SS,0.921484375,0.9518263923477591,0.765625,0.875,0.9074074074074074,0.7,0.8305084745762712,0.8041431261770244,0.23761942982673645,9.99999335625205,0.19135376435615195,0.2523801328497939,1e-06,49,35,5,15,7.500886917114258,5528336.0,281.0,0.5335861321776815,,203,121,38,35,150,96,33,31,,,,,,,,,,,,,,,,,,,,,,,,,353,63,104,71
mar,early,2,0.8,risk_beta=2.5,0.5,2,1,4027,FedAvg-LR,0.946484375,0.9688806663796928,0.890625,0.875,0.9193548387096774,0.8333333333333334,0.9047619047619048,0.8792102206736353,0.09881583601236343,0.5082323365670746,0.7787595449594759,0.09115383100624265,0.40065276622772217,57,35,5,7,0.7838170528411865,16720.0,,0.7150595882990249,,203,121,38,35,150,96,33,31,,,,,,,,,,,,,,,,,,,,,,,,,353,63,104,71
mar,early,2,0.8,risk_beta=2.5,0.5,2,1,4027,FedAvg-MLP,0.946875,0.9671926687478429,0.8125,0.825,0.8813559322033898,0.7333333333333333,0.8455284552845529,0.8109995217599235,0.1225305125117302,-2.430286640640792,0.47454825191544736,0.14176071560583436,0.9615353941917419,52,33,7,12,0.29109740257263184,194880.0,,,,203,121,38,35,150,96,33,31,,,,,,,,,,,,,,,,,,,,,,,,,353,63,104,71
mar,early,2,0.8,risk_beta=2.5,0.5,2,1,4027,FedEns-RF,0.943359375,0.9655559282320685,0.890625,0.775,0.8636363636363636,0.8157894736842105,0.8769230769230769,0.8358974358974358,0.11216481143088214,-0.2938012403613979,2.143889169549499,0.12263271939328285,0.5197887323943662,57,31,9,7,2.2525336742401123,,,,,203,121,38,35,150,96,33,31,,,,,,,,,,,,,,,,,,,,,,,,,353,63,104,71
mar,early,2,0.8,risk_beta=2.5,0.5,2,1,4027,FedAvg-GCN,0.89609375,0.9369390434570214,0.78125,0.725,0.819672131147541,0.6744186046511628,0.8,0.7493975903614458,0.16563192009925842,-0.5992318479984767,0.36327779000216215,0.18994827776287615,0.6772580742835999,50,29,11,14,1.1743383407592773,194880.0,,,,203,121,38,35,150,96,33,31,,,,,,,,,,,,,,,,,,,,,,,,,353,63,104,71
mar,early,2,0.8,risk_beta=2.5,0.5,2,1,4027,FedMatch-tab,0.9503906249999999,0.9694312167218795,0.875,0.775,0.8615384615384616,0.7948717948717948,0.8682170542635659,0.8265135904229222,0.12227238714694977,-2.3532688617463764,0.5521689196195546,0.17395662648889884,0.8648968935012817,56,31,9,8,0.4148581027984619,194880.0,,,,203,121,38,35,150,96,33,31,,,,,,,,,,,,,,,,,,,,,,,,,353,63,104,71
mar,early,2,0.8,risk_beta=2.5,0.5,2,1,4027,Local-TGNN,0.57421875,0.6415273624583294,0.8125,0.375,0.6753246753246753,0.5555555555555556,0.7375886524822695,0.5926749232560601,0.30227020382881165,-5.00396222454879,0.10673363384651027,0.3114538179495587,0.9860960841178894,52,15,25,12,7.741473436355591,0.0,282.0,0.7119447453954496,,203,121,38,35,150,96,33,31,,,,,,,,,,,,,,,,,,,,,,,,,353,63,104,71
mar,early,2,0.8,risk_beta=2.5,0.5,2,2,4028,FedTGNN-SS,0.925,0.9627544582082693,0.859375,0.925,0.9482758620689655,0.8043478260869565,0.9016393442622951,0.8810522302706825,0.09458282589912415,0.284923735100782,0.8425330406543192,0.07641873766596503,0.5062315464019775,55,37,3,9,7.685165643692017,5528336.0,271.0,0.7927036199095022,,143,30,35,20,210,187,33,32,,,,,,,,,,,,,,,,,,,,,,,,,353,63,104,68
mar,early,2,0.8,risk_beta=2.5,0.5,2,2,4028,FedAvg-LR,0.93203125,0.9674624475101864,0.890625,0.825,0.890625,0.825,0.890625,0.8578125,0.09386542439460754,0.6950973572678703,0.9314771144207455,0.09677703993824813,0.27394455671310425,57,33,7,7,0.6009871959686279,16720.0,,0.6668552036199095,,143,30,35,20,210,187,33,32,,,,,,,,,,,,,,,,,,,,,,,,,353,63,104,68
mar,early,2,0.8,risk_beta=2.5,0.5,2,2,4028,FedAvg-MLP,0.9347656249999999,0.9665637356628852,0.75,0.975,0.9795918367346939,0.7090909090909091,0.8495575221238938,0.8353050768514205,0.11855319887399673,-0.9253537599121164,0.5313401928848029,0.12704626805722144,0.9514473676681519,48,39,1,16,0.2998037338256836,194880.0,,,,143,30,35,20,210,187,33,32,,,,,,,,,,,,,,,,,,,,,,,,,353,63,104,68
mar,early,2,0.8,risk_beta=2.5,0.5,2,2,4028,FedEns-RF,0.9501953125,0.9764216463807243,0.890625,0.95,0.9661016949152542,0.8444444444444444,0.926829268292683,0.9104734576757533,0.12363125920157372,-0.35274772635792373,4.058278520824592,0.19274957579185517,0.5996323529411764,57,38,2,7,2.6499996185302734,,,,,143,30,35,20,210,187,33,32,,,,,,,,,,,,,,,,,,,,,,,,,353,63,104,68
mar,early,2,0.8,risk_beta=2.5,0.5,2,2,4028,FedAvg-GCN,0.8832031250000001,0.9429720042321384,0.765625,1.0,1.0,0.7272727272727273,0.8672566371681416,0.8546809501630181,0.14753705263137817,-0.7429452294817979,0.6270996325490141,0.17106782340516263,0.8130812644958496,49,40,0,15,0.8763689994812012,194880.0,,,,143,30,35,20,210,187,33,32,,,,,,,,,,,,,,,,,,,,,,,,,353,63,104,68
mar,early,2,0.8,risk_beta=2.5,0.5,2,2,4028,FedMatch-tab,0.919140625,0.9578700517818972,0.75,0.975,0.9795918367346939,0.7090909090909091,0.8495575221238938,0.8353050768514205,0.12937426567077637,-1.0695367759750907,0.5148853392666325,0.1281578117945733,0.9526643753051758,48,39,1,16,1.7190287113189697,194880.0,,,,143,30,35,20,210,187,33,32,,,,,,,,,,,,,,,,,,,,,,,,,353,63,104,68
mar,early,2,0.8,risk_beta=2.5,0.5,2,2,4028,Local-TGNN,0.4033203125,0.5288300831676975,0.984375,0.2,0.6631578947368421,0.8888888888888888,0.7924528301886793,0.5594917212167886,0.2946063280105591,-5.398337422523975,0.030086223260895103,0.2999006562436429,0.05535415560007095,63,8,32,1,18.782041311264038,0.0,283.0,0.6312217194570136,,143,30,35,20,210,187,33,32,,,,,,,,,,,,,,,,,,,,,,,,,353,63,104,68
mar,early,2,0.8,risk_beta=2.5,0.5,2,3,4029,FedTGNN-SS,0.9375,0.9690604261325135,0.734375,1.0,1.0,0.7017543859649122,0.8468468468468469,0.835794557444042,0.16199900209903717,6.056661220210795,0.5098051658780289,0.1968311230414726,0.38766172528266907,47,40,0,17,7.715784788131714,5528336.0,279.0,0.7249458288190682,,126,27,25,16,227,190,46,44,,,,,,,,,,,,,,,,,,,,,,,,,353,63,104,71
mar,early,2,0.8,risk_beta=2.5,0.5,2,3,4029,FedAvg-LR,0.96953125,0.9832750772497753,0.71875,0.975,0.9787234042553191,0.6842105263157895,0.8288288288288288,0.8164762700845175,0.1087811142206192,1.8948909182284988,1.1439390409312393,0.1325293593108654,0.6244960427284241,46,39,1,18,0.8095276355743408,16720.0,,0.6187703141928494,,126,27,25,16,227,190,46,44,,,,,,,,,,,,,,,,,,,,,,,,,353,63,104,71
mar,early,2,0.8,risk_beta=2.5,0.5,2,3,4029,FedAvg-MLP,0.9800781249999999,0.9891701192624225,0.859375,1.0,1.0,0.8163265306122449,0.9243697478991597,0.9116230761967709,0.05654694885015488,1.1722667505053093,0.924355152785088,0.05779397775992178,0.7820907235145569,55,40,0,9,0.3222031593322754,194880.0,,,,126,27,25,16,227,190,46,44,,,,,,,,,,,,,,,,,,,,,,,,,353,63,104,71
mar,early,2,0.8,risk_beta=2.5,0.5,2,3,4029,FedEns-RF,0.978515625,0.9869073899615892,0.8125,0.975,0.9811320754716981,0.7647058823529411,0.8888888888888888,0.873015873015873,0.09580857864549158,0.07231689306427155,4.281658272755601,0.17653372156013,0.6056338028169014,52,39,1,12,5.299349069595337,,,,,126,27,25,16,227,190,46,44,,,,,,,,,,,,,,,,,,,,,,,,,353,63,104,71
mar,early,2,0.8,risk_beta=2.5,0.5,2,3,4029,FedAvg-GCN,0.973046875,0.9824500375290823,0.953125,0.9,0.9384615384615385,0.9230769230769231,0.9457364341085271,0.9285644195859091,0.15657393634319305,2.7172624776318366,1.1270751938098031,0.1865250621922314,0.04931487515568733,61,36,4,3,2.6355056762695312,194880.0,,,,126,27,25,16,227,190,46,44,,,,,,,,,,,,,,,,,,,,,,,,,353,63,104,71
mar,early,2,0.8,risk_beta=2.5,0.5,2,3,4029,FedMatch-tab,0.9835937499999999,0.9915813759977519,0.859375,1.0,1.0,0.8163265306122449,0.9243697478991597,0.9116230761967709,0.06371179223060608,1.8312460702988713,0.9932942211040541,0.08334943629765454,0.5192548632621765,55,40,0,9,1.4625067710876465,194880.0,,,,126,27,25,16,227,190,46,44,,,,,,,,,,,,,,,,,,,,,,,,,353,63,104,71
mar,early,2,0.8,risk_beta=2.5,0.5,2,3,4029,Local-TGNN,0.7191406250000001,0.7495738545899847,0.59375,0.75,0.7916666666666666,0.5357142857142857,0.6785714285714286,0.6517857142857143,0.25711995363235474,-1.4027886262503313,0.17991920432243078,0.2609770433404125,0.9695895910263062,38,30,10,26,14.809336185455322,0.0,275.0,0.7459371614301192,,126,27,25,16,227,190,46,44,,,,,,,,,,,,,,,,,,,,,,,,,353,63,104,71
mar,early,2,0.8,risk_beta=2.5,0.5,2,4,4030,FedTGNN-SS,0.554296875,0.6006243580813759,0.84375,0.475,0.72,0.6551724137931034,0.7769784172661871,0.6638515274736733,0.2801368534564972,-5.061482033443495,0.06254063972778419,0.28384279607472795,0.9574838876724243,54,19,21,10,8.726801633834839,5528336.0,281.0,0.6525106837606838,,274,170,59,56,79,47,13,12,,,,,,,,,,,,,,,,,,,,,,,,,353,63,104,72
mar,early,2,0.8,risk_beta=2.5,0.5,2,4,4030,FedAvg-LR,0.9480468750000001,0.9732932996690087,0.90625,0.95,0.9666666666666667,0.8636363636363636,0.9354838709677419,0.9201228878648233,0.10392022132873535,-0.8051648259803718,1.0345128546943405,0.11798191099212724,0.8094586133956909,58,38,2,6,1.7913100719451904,16720.0,,0.7529380341880342,,274,170,59,56,79,47,13,12,,,,,,,,,,,,,,,,,,,,,,,,,353,63,104,72
mar,early,2,0.8,risk_beta=2.5,0.5,2,4,4030,FedAvg-MLP,0.95234375,0.9763095138057098,0.828125,0.975,0.9814814814814815,0.78,0.8983050847457628,0.8824858757062147,0.20352910459041595,-4.294284126415781,0.5440276458950104,0.22191913559352267,0.9992782473564148,53,39,1,11,0.5839717388153076,194880.0,,,,274,170,59,56,79,47,13,12,,,,,,,,,,,,,,,,,,,,,,,,,353,63,104,72
mar,early,2,0.8,risk_beta=2.5,0.5,2,4,4030,FedEns-RF,0.9205078125,0.95870391070912,0.890625,0.8,0.8769230769230769,0.8205128205128205,0.8837209302325582,0.8469237562555196,0.1746114044971955,-1.1629298024029255,2.014474204982373,0.19373464209401703,0.7872222222222223,57,32,8,7,5.8270204067230225,,,,,274,170,59,56,79,47,13,12,,,,,,,,,,,,,,,,,,,,,,,,,353,63,104,72
mar,early,2,0.8,risk_beta=2.5,0.5,2,4,4030,FedAvg-GCN,0.8832031250000001,0.9366466793644073,0.703125,0.975,0.9782608695652174,0.6724137931034483,0.8181818181818182,0.8070500927643784,0.2287551462650299,-4.51901315061978,0.36508963589247,0.23501071190604794,0.9979616403579712,45,39,1,19,2.8512606620788574,194880.0,,,,274,170,59,56,79,47,13,12,,,,,,,,,,,,,,,,,,,,,,,,,353,63,104,72
mar,early,2,0.8,risk_beta=2.5,0.5,2,4,4030,FedMatch-tab,0.946484375,0.9715638024682991,0.796875,0.975,0.9807692307692307,0.75,0.8793103448275862,0.8635682158920539,0.2197437286376953,-4.577798020227087,0.6099137398865443,0.2322915948999043,0.9966622591018677,51,39,1,13,2.5612452030181885,194880.0,,,,274,170,59,56,79,47,13,12,,,,,,,,,,,,,,,,,,,,,,,,,353,63,104,72
mar,early,2,0.8,risk_beta=2.5,0.5,2,4,4030,Local-TGNN,0.594140625,0.6113079063158582,0.859375,0.475,0.7236842105263158,0.6785714285714286,0.7857142857142857,0.6722689075630253,0.2528393864631653,-4.105160333900849,0.19771761081443695,0.2558643780290507,0.9830797910690308,55,19,21,9,9.877821207046509,0.0,280.0,0.7128739316239316,,274,170,59,56,79,47,13,12,,,,,,,,,,,,,,,,,,,,,,,,,353,63,104,72
mar,early,2,0.8,risk_beta=2.5,0.5,3,0,5026,FedTGNN-SS,0.947265625,0.9661898141244831,0.8125,0.9,0.9285714285714286,0.75,0.8666666666666667,0.8424242424242425,0.20438145101070404,9.99999335625205,0.2785693032813756,0.20464656422308722,0.0006475555710494518,52,36,4,12,10.492126226425171,5528336.0,281.0,0.5483022836538461,,150,136,23,22,203,81,41,33,,,,,,,,,,,,,,,,,,,,,,,,,353,63,104,64
mar,early,2,0.8,risk_beta=2.5,0.5,3,0,5026,FedAvg-LR,0.9558593750000001,0.9746910381444374,0.84375,0.975,0.9818181818181818,0.7959183673469388,0.907563025210084,0.8919837597960533,0.09476570039987564,1.1702106876080136,1.0019448761327683,0.0898739666534731,0.36841651797294617,54,39,1,10,1.9449410438537598,16720.0,,0.6522686298076923,,150,136,23,22,203,81,41,33,,,,,,,,,,,,,,,,,,,,,,,,,353,63,104,64
mar,early,2,0.8,risk_beta=2.5,0.5,3,0,5026,FedAvg-MLP,0.9765625,0.9845166678134402,0.96875,0.875,0.9253731343283582,0.9459459459459459,0.9465648854961832,0.9278278972935461,0.07155554741621017,0.9095360592613589,0.6905277400247376,0.0822707651039729,0.20638138055801392,62,35,5,2,0.583777904510498,194880.0,,,,150,136,23,22,203,81,41,33,,,,,,,,,,,,,,,,,,,,,,,,,353,63,104,64
mar,early,2,0.8,risk_beta=2.5,0.5,3,0,5026,FedEns-RF,0.954296875,0.9722042495561718,0.84375,0.95,0.9642857142857143,0.7916666666666666,0.9,0.8818181818181818,0.0989248518723708,0.1335567428183109,2.536962355781579,0.1249609375,0.5121875,54,38,2,10,4.27467155456543,,,,,150,136,23,22,203,81,41,33,,,,,,,,,,,,,,,,,,,,,,,,,353,63,104,64
mar,early,2,0.8,risk_beta=2.5,0.5,3,0,5026,FedAvg-GCN,0.9093749999999999,0.9456127116918607,0.875,0.8,0.875,0.8,0.875,0.8375,0.15087297558784485,1.2808623340953917,0.30500988648445126,0.14475780940399718,0.19597691297531128,56,32,8,8,1.5372881889343262,194880.0,,,,150,136,23,22,203,81,41,33,,,,,,,,,,,,,,,,,,,,,,,,,353,63,104,64
mar,early,2,0.8,risk_beta=2.5,0.5,3,0,5026,FedMatch-tab,0.9757812499999999,0.9840071709170578,0.953125,0.875,0.9242424242424242,0.9210526315789473,0.9384615384615385,0.917948717948718,0.07267791032791138,0.9717762617688094,0.6871363967721364,0.07552261686382385,0.18334689736366272,61,35,5,3,0.8500075340270996,194880.0,,,,150,136,23,22,203,81,41,33,,,,,,,,,,,,,,,,,,,,,,,,,353,63,104,64
mar,early,2,0.8,risk_beta=2.5,0.5,3,0,5026,Local-TGNN,0.865625,0.9127901961423659,0.703125,0.825,0.8653846153846154,0.6346153846153846,0.7758620689655172,0.7466266866566716,0.21761146187782288,-2.101422613226886,0.2847834808557772,0.22751493139479023,0.9844807386398315,45,33,7,19,18.461048364639282,0.0,280.0,0.6850961538461539,,150,136,23,22,203,81,41,33,,,,,,,,,,,,,,,,,,,,,,,,,353,63,104,64
mar,early,2,0.8,risk_beta=2.5,0.5,3,1,5027,FedTGNN-SS,0.851171875,0.9082959641783215,0.640625,0.975,0.9761904761904762,0.6290322580645161,0.7735849056603774,0.7691453940066593,0.2036421149969101,-1.983059474709301,0.264455243379276,0.20422208324173252,0.9958611130714417,41,39,1,23,13.820186614990234,5528336.0,291.0,0.6964174937965261,,302,191,50,45,51,26,12,11,,,,,,,,,,,,,,,,,,,,,,,,,353,63,104,62
mar,early,2,0.8,risk_beta=2.5,0.5,3,1,5027,FedAvg-LR,0.928515625,0.9600079366378446,0.65625,1.0,1.0,0.6451612903225806,0.7924528301886793,0.7883832778394377,0.11445830762386322,-0.6655502173979048,1.1259633548410963,0.09192888499595797,0.9285199642181396,42,40,0,22,0.9998583793640137,16720.0,,0.7386786600496278,,302,191,50,45,51,26,12,11,,,,,,,,,,,,,,,,,,,,,,,,,353,63,104,62
mar,early,2,0.8,risk_beta=2.5,0.5,3,1,5027,FedAvg-MLP,0.963671875,0.9808623458145389,0.90625,0.95,0.9666666666666667,0.8636363636363636,0.9354838709677419,0.9201228878648233,0.17321017384529114,-3.161007187924533,0.7922053470201655,0.19927958114287597,0.9760609269142151,58,38,2,6,0.5547490119934082,194880.0,,,,302,191,50,45,51,26,12,11,,,,,,,,,,,,,,,,,,,,,,,,,353,63,104,62
mar,early,2,0.8,risk_beta=2.5,0.5,3,1,5027,FedEns-RF,0.9125,0.9513709013917879,0.6875,0.975,0.9777777777777777,0.6610169491525424,0.8073394495412844,0.7976091187100361,0.1642102197230449,-0.8314430032406793,2.6977757094154966,0.17101116625310175,0.799032258064516,44,39,1,20,4.053866386413574,,,,,302,191,50,45,51,26,12,11,,,,,,,,,,,,,,,,,,,,,,,,,353,63,104,62
mar,early,2,0.8,risk_beta=2.5,0.5,3,1,5027,FedAvg-GCN,0.870703125,0.9316883295997813,0.6875,1.0,1.0,0.6666666666666666,0.8148148148148148,0.8074074074074074,0.2322951853275299,-3.5278239726900322,0.4404729039231016,0.23444582176251483,0.9976838827133179,44,40,0,20,2.039790630340576,194880.0,,,,302,191,50,45,51,26,12,11,,,,,,,,,,,,,,,,,,,,,,,,,353,63,104,62
mar,early,2,0.8,risk_beta=2.5,0.5,3,1,5027,FedMatch-tab,0.94609375,0.968596389520954,0.84375,0.925,0.9473684210526315,0.7872340425531915,0.8925619834710744,0.8715683480573763,0.24060684442520142,-4.424272059319683,0.887508775314832,0.2588376302558642,0.9924333095550537,54,37,3,10,0.8480544090270996,194880.0,,,,302,191,50,45,51,26,12,11,,,,,,,,,,,,,,,,,,,,,,,,,353,63,104,62
mar,early,2,0.8,risk_beta=2.5,0.5,3,1,5027,Local-TGNN,0.625390625,0.7102897788312874,0.609375,0.6,0.7090909090909091,0.4897959183673469,0.6554621848739496,0.5973940137852893,0.3042987585067749,-5.343444202471187,0.28554950760738196,0.3052459427764497,0.9971948862075806,39,24,16,25,22.64841365814209,0.0,291.0,0.71712158808933,,302,191,50,45,51,26,12,11,,,,,,,,,,,,,,,,,,,,,,,,,353,63,104,62
mar,early,2,0.8,risk_beta=2.5,0.5,3,2,5028,FedTGNN-SS,0.787890625,0.8733408989671199,0.765625,0.65,0.7777777777777778,0.6341463414634146,0.7716535433070866,0.7068144259745309,0.23079974949359894,-2.0171805475404088,0.18517078480293533,0.23644585807162988,0.8765418529510498,49,26,14,15,15.425922632217407,5528336.0,287.0,0.6900589330024814,,284,177,50,46,69,40,12,11,,,,,,,,,,,,,,,,,,,,,,,,,353,63,104,62
mar,early,2,0.8,risk_beta=2.5,0.5,3,2,5028,FedAvg-LR,0.800390625,0.8866197495803871,0.4375,1.0,1.0,0.5263157894736842,0.6086956521739131,0.6491754122938531,0.24816054105758667,-2.9165250667020275,0.4694286161378829,0.24152745421116167,0.9956901669502258,28,40,0,36,1.3432304859161377,16720.0,,0.6726116625310173,,284,177,50,46,69,40,12,11,,,,,,,,,,,,,,,,,,,,,,,,,353,63,104,62
mar,early,2,0.8,risk_beta=2.5,0.5,3,2,5028,FedAvg-MLP,0.8953125000000001,0.9445321987848698,0.703125,0.925,0.9375,0.6607142857142857,0.8035714285714286,0.7872023809523809,0.2575932741165161,-6.012919427418419,0.4717567136003552,0.27401692928889626,0.9995211362838745,45,37,3,19,0.48175764083862305,194880.0,,,,284,177,50,46,69,40,12,11,,,,,,,,,,,,,,,,,,,,,,,,,353,63,104,62
mar,early,2,0.8,risk_beta=2.5,0.5,3,2,5028,FedEns-RF,0.849609375,0.9207168533649766,0.671875,1.0,1.0,0.6557377049180327,0.8037383177570093,0.7979087628389008,0.19371890258544783,-1.2369369412317508,1.2317153425693443,0.1888399503722084,0.877258064516129,43,40,0,21,4.202899932861328,,,,,284,177,50,46,69,40,12,11,,,,,,,,,,,,,,,,,,,,,,,,,353,63,104,62
mar,early,2,0.8,risk_beta=2.5,0.5,3,2,5028,FedAvg-GCN,0.854296875,0.9206364318712281,0.671875,1.0,1.0,0.6557377049180327,0.8037383177570093,0.7979087628389008,0.24094094336032867,-4.6241652015135575,0.4086326095561202,0.24348389407476556,0.9979731440544128,43,40,0,21,3.3625247478485107,194880.0,,,,284,177,50,46,69,40,12,11,,,,,,,,,,,,,,,,,,,,,,,,,353,63,104,62
mar,early,2,0.8,risk_beta=2.5,0.5,3,2,5028,FedMatch-tab,0.90078125,0.9475892816876756,0.703125,0.975,0.9782608695652174,0.6724137931034483,0.8181818181818182,0.8070500927643784,0.25426366925239563,-5.121555273231363,0.6013558218730573,0.272820737821838,0.9979111552238464,45,39,1,19,3.33646821975708,194880.0,,,,284,177,50,46,69,40,12,11,,,,,,,,,,,,,,,,,,,,,,,,,353,63,104,62
mar,early,2,0.8,risk_beta=2.5,0.5,3,2,5028,Local-TGNN,0.574609375,0.6696334451916145,0.8125,0.425,0.6933333333333334,0.5862068965517241,0.7482014388489209,0.6204775310186633,0.3251202702522278,-5.2654044358712415,0.21899427000750787,0.3281902238063944,0.9939963817596436,52,17,23,12,23.840029001235962,0.0,290.0,0.72037841191067,,284,177,50,46,69,40,12,11,,,,,,,,,,,,,,,,,,,,,,,,,353,63,104,62
mar,early,2,0.8,risk_beta=2.5,0.5,3,3,5029,FedTGNN-SS,0.9242187500000001,0.9573046589823395,0.8125,0.95,0.9629629629629629,0.76,0.8813559322033898,0.8629001883239171,0.1792440414428711,4.691084588000127,0.2992684933477198,0.200059752803869,0.043873608112335205,52,38,2,12,20.017224073410034,5528336.0,276.0,0.6474578503688093,,115,17,22,11,238,200,51,50,,,,,,,,,,,,,,,,,,,,,,,,,353,63,104,73
mar,early,2,0.8,risk_beta=2.5,0.5,3,3,5029,FedAvg-LR,0.9617187500000001,0.9780656007503811,0.65625,1.0,1.0,0.6451612903225806,0.7924528301886793,0.7883832778394377,0.08090745657682419,-0.3748818714438324,0.9596860944030663,0.050429661883614384,0.9586457014083862,42,40,0,22,0.7462747097015381,16720.0,,0.6379083245521601,,115,17,22,11,238,200,51,50,,,,,,,,,,,,,,,,,,,,,,,,,353,63,104,73
mar,early,2,0.8,risk_beta=2.5,0.5,3,3,5029,FedAvg-MLP,0.9625,0.9788128154674327,0.71875,1.0,1.0,0.6896551724137931,0.8363636363636363,0.8263450834879407,0.10685087740421295,-1.8459756520144892,0.8361391422587561,0.13768223701761323,0.9901379346847534,46,40,0,18,0.32180261611938477,194880.0,,,,115,17,22,11,238,200,51,50,,,,,,,,,,,,,,,,,,,,,,,,,353,63,104,73
mar,early,2,0.8,risk_beta=2.5,0.5,3,3,5029,FedEns-RF,0.970703125,0.9841744907757609,0.859375,0.975,0.9821428571428571,0.8125,0.9166666666666666,0.9015151515151515,0.12106183432993634,-0.3851946650392971,4.711657346090782,0.23727410432033721,0.6716438356164384,55,39,1,9,3.1510322093963623,,,,,115,17,22,11,238,200,51,50,,,,,,,,,,,,,,,,,,,,,,,,,353,63,104,73
mar,early,2,0.8,risk_beta=2.5,0.5,3,3,5029,FedAvg-GCN,0.907421875,0.9465595123029248,0.8125,0.9,0.9285714285714286,0.75,0.8666666666666667,0.8424242424242425,0.14367851614952087,-1.1153214317294389,0.4844004516201455,0.14297503831151587,0.8442556858062744,52,36,4,12,1.3544304370880127,194880.0,,,,115,17,22,11,238,200,51,50,,,,,,,,,,,,,,,,,,,,,,,,,353,63,104,73
mar,early,2,0.8,risk_beta=2.5,0.5,3,3,5029,FedMatch-tab,0.9597656250000001,0.9771620434883792,0.71875,1.0,1.0,0.6896551724137931,0.8363636363636363,0.8263450834879407,0.10580858588218689,-1.5874987403658107,0.8790232215089245,0.12625983386085582,0.9853909015655518,46,40,0,18,0.4146571159362793,194880.0,,,,115,17,22,11,238,200,51,50,,,,,,,,,,,,,,,,,,,,,,,,,353,63,104,73
mar,early,2,0.8,risk_beta=2.5,0.5,3,3,5029,Local-TGNN,0.8167968750000001,0.8940426581803835,0.796875,0.825,0.8793103448275862,0.717391304347826,0.8360655737704918,0.8017537171178041,0.30683577060699463,-3.488561211151471,0.38832788803742946,0.3290772136802284,0.9770382642745972,51,33,7,13,8.42887806892395,0.0,280.0,0.76159114857745,,115,17,22,11,238,200,51,50,,,,,,,,,,,,,,,,,,,,,,,,,353,63,104,73
mar,early,2,0.8,risk_beta=2.5,0.5,3,4,5030,FedTGNN-SS,0.7931640624999999,0.8720719724942952,0.671875,0.875,0.8958333333333334,0.625,0.7678571428571429,0.7485119047619048,0.2920183837413788,-2.29435661586961,0.12851148896105552,0.2973970023628611,0.9929220676422119,43,35,5,21,15.665293216705322,5528336.0,282.0,0.6535075839653305,,181,74,39,35,172,143,32,31,,,,,,,,,,,,,,,,,,,,,,,,,353,63,104,71
mar,early,2,0.8,risk_beta=2.5,0.5,3,4,5030,FedAvg-LR,0.886328125,0.9271033753887903,0.765625,0.875,0.9074074074074074,0.7,0.8305084745762712,0.8041431261770244,0.168820321559906,-1.843047978718371,0.6998914574283002,0.1863253881724981,0.9464742541313171,49,35,5,15,0.9820230007171631,16720.0,,0.7180390032502708,,181,74,39,35,172,143,32,31,,,,,,,,,,,,,,,,,,,,,,,,,353,63,104,71
mar,early,2,0.8,risk_beta=2.5,0.5,3,4,5030,FedAvg-MLP,0.9464843749999999,0.9699576505761788,0.921875,0.775,0.8676470588235294,0.8611111111111112,0.8939393939393939,0.8548644338118022,0.13697314262390137,-3.521352763614531,0.4170921722065403,0.18077582446858287,0.9529647827148438,59,31,9,5,0.522296667098999,194880.0,,,,181,74,39,35,172,143,32,31,,,,,,,,,,,,,,,,,,,,,,,,,353,63,104,71
mar,early,2,0.8,risk_beta=2.5,0.5,3,4,5030,FedEns-RF,0.9425781249999999,0.9654723370036206,0.734375,0.975,0.9791666666666666,0.6964285714285714,0.8392857142857143,0.8258928571428572,0.12201361494399768,-0.6194444112830516,2.321424033059588,0.11760631094257859,0.7540140845070422,47,39,1,17,2.439718008041382,,,,,181,74,39,35,172,143,32,31,,,,,,,,,,,,,,,,,,,,,,,,,353,63,104,71
mar,early,2,0.8,risk_beta=2.5,0.5,3,4,5030,FedAvg-GCN,0.9162109375,0.9468544598960303,0.828125,0.975,0.9814814814814815,0.78,0.8983050847457628,0.8824858757062147,0.24831897020339966,-3.717474962428039,0.5505208256718784,0.2662885258368288,0.9934996366500854,53,39,1,11,0.968106746673584,194880.0,,,,181,74,39,35,172,143,32,31,,,,,,,,,,,,,,,,,,,,,,,,,353,63,104,71
mar,early,2,0.8,risk_beta=2.5,0.5,3,4,5030,FedMatch-tab,0.9359375,0.9648201606435283,0.796875,0.975,0.9807692307692307,0.75,0.8793103448275862,0.8635682158920539,0.1779146045446396,-3.795400331953975,0.4504473074489719,0.20191306828592837,0.998223602771759,51,39,1,13,0.4855530261993408,194880.0,,,,181,74,39,35,172,143,32,31,,,,,,,,,,,,,,,,,,,,,,,,,353,63,104,71
mar,early,2,0.8,risk_beta=2.5,0.5,3,4,5030,Local-TGNN,0.541015625,0.5928515787282469,0.96875,0.325,0.6966292134831461,0.8666666666666667,0.8104575163398693,0.641592394533571,0.30673748254776,-5.329863155194993,0.1067243160036284,0.3112864889576136,0.9662403464317322,62,13,27,2,7.884645938873291,0.0,276.0,0.676056338028169,,181,74,39,35,172,143,32,31,,,,,,,,,,,,,,,,,,,,,,,,,353,63,104,71
mar,early,2,0.8,risk_beta=2.5,0.5,4,0,6026,FedTGNN-SS,0.6515625,0.6893451229984568,0.859375,0.475,0.7236842105263158,0.6785714285714286,0.7857142857142857,0.6722689075630253,0.27429911494255066,-2.995375421037839,0.08688777729728767,0.2706822552718222,0.7817899584770203,55,19,21,9,9.71118712425232,5528336.0,279.0,0.6589137214137214,,267,145,59,57,86,72,15,14,,,,,,,,,,,,,,,,,,,,,,,,,353,63,104,74
mar,early,2,0.8,risk_beta=2.5,0.5,4,0,6026,FedAvg-LR,0.930078125,0.9556996211704766,0.8125,0.85,0.896551724137931,0.7391304347826086,0.8524590163934426,0.8215783454060236,0.13290855288505554,-1.4182224484902533,0.9308737735157039,0.13688971034179515,0.8572290539741516,52,34,6,12,0.7318096160888672,16720.0,,0.749675155925156,,267,145,59,57,86,72,15,14,,,,,,,,,,,,,,,,,,,,,,,,,353,63,104,74
mar,early,2,0.8,risk_beta=2.5,0.5,4,0,6026,FedAvg-MLP,0.94921875,0.9706105388098264,0.9375,0.825,0.8955223880597015,0.8918918918918919,0.916030534351145,0.886586695747001,0.229206383228302,-4.672725252919423,0.47842086574460935,0.2606523147282692,0.982490599155426,60,33,7,4,0.298966646194458,194880.0,,,,267,145,59,57,86,72,15,14,,,,,,,,,,,,,,,,,,,,,,,,,353,63,104,74
mar,early,2,0.8,risk_beta=2.5,0.5,4,0,6026,FedEns-RF,0.8996093749999999,0.9378491708707868,0.734375,0.9,0.9215686274509803,0.6792452830188679,0.8173913043478261,0.7957924263674614,0.2086110314413946,-1.4009453654250323,1.6196941711049961,0.2116683991683992,0.8330405405405406,47,36,4,17,2.7538652420043945,,,,,267,145,59,57,86,72,15,14,,,,,,,,,,,,,,,,,,,,,,,,,353,63,104,74
mar,early,2,0.8,risk_beta=2.5,0.5,4,0,6026,FedAvg-GCN,0.9210937499999999,0.9548320932708013,0.828125,0.95,0.9636363636363636,0.7755102040816326,0.8907563025210085,0.8723444433953357,0.202207550406456,-3.167861381660413,0.544507062543885,0.21326339158874294,0.9709647297859192,53,38,2,11,0.7750482559204102,194880.0,,,,267,145,59,57,86,72,15,14,,,,,,,,,,,,,,,,,,,,,,,,,353,63,104,74
mar,early,2,0.8,risk_beta=2.5,0.5,4,0,6026,FedMatch-tab,0.92734375,0.9587846022075484,0.828125,0.925,0.9464285714285714,0.7708333333333334,0.8833333333333333,0.8621212121212121,0.2358265221118927,-4.622696373113379,0.4784879611008091,0.24618447210209876,0.9962741136550903,53,37,3,11,0.5050323009490967,194880.0,,,,267,145,59,57,86,72,15,14,,,,,,,,,,,,,,,,,,,,,,,,,353,63,104,74
mar,early,2,0.8,risk_beta=2.5,0.5,4,0,6026,Local-TGNN,0.74609375,0.819423247947768,0.859375,0.5,0.7333333333333333,0.6896551724137931,0.7913669064748201,0.6855385257011781,0.3082592189311981,-4.385700165185016,0.48283938654904507,0.3126881354009338,0.9849879145622253,55,20,20,9,8.345687627792358,0.0,277.0,0.7068607068607069,,267,145,59,57,86,72,15,14,,,,,,,,,,,,,,,,,,,,,,,,,353,63,104,74
mar,early,2,0.8,risk_beta=2.5,0.5,4,1,6027,FedTGNN-SS,0.95859375,0.9766026675323938,0.78125,1.0,1.0,0.7407407407407407,0.8771929824561403,0.8641284061216872,0.17046572268009186,7.669233698320641,0.4766991476086438,0.18302040885632428,0.04429363086819649,50,40,0,14,7.401101350784302,5528336.0,287.0,0.5437950721153846,,199,148,29,26,154,69,35,29,,,,,,,,,,,,,,,,,,,,,,,,,353,63,104,64
mar,early,2,0.8,risk_beta=2.5,0.5,4,1,6027,FedAvg-LR,0.96796875,0.9829287237425337,0.890625,0.875,0.9193548387096774,0.8333333333333334,0.9047619047619048,0.8792102206736353,0.08523055166006088,1.4050760699335576,1.0221357393518884,0.0990741353195447,0.27290284633636475,57,35,5,7,0.6550331115722656,16720.0,,0.5637019230769231,,199,148,29,26,154,69,35,29,,,,,,,,,,,,,,,,,,,,,,,,,353,63,104,64
mar,early,2,0.8,risk_beta=2.5,0.5,4,1,6027,FedAvg-MLP,0.9710937500000001,0.9838024805684079,0.84375,0.95,0.9642857142857143,0.7916666666666666,0.9,0.8818181818181818,0.06922988593578339,0.11872677612633235,0.9083359397795114,0.06896796159876081,0.7636885046958923,54,38,2,10,0.2845029830932617,194880.0,,,,199,148,29,26,154,69,35,29,,,,,,,,,,,,,,,,,,,,,,,,,353,63,104,64
mar,early,2,0.8,risk_beta=2.5,0.5,4,1,6027,FedEns-RF,0.98125,0.9894834829219052,0.875,1.0,1.0,0.8333333333333334,0.9333333333333333,0.9212121212121211,0.09811060344989485,-0.045506498779204416,5.890254877556383,0.16894230769230772,0.5121093750000001,56,40,0,8,2.4761838912963867,,,,,199,148,29,26,154,69,35,29,,,,,,,,,,,,,,,,,,,,,,,,,353,63,104,64
mar,early,2,0.8,risk_beta=2.5,0.5,4,1,6027,FedAvg-GCN,0.9480468750000001,0.9724203424043951,0.84375,0.95,0.9642857142857143,0.7916666666666666,0.9,0.8818181818181818,0.09053747355937958,0.543662725950275,0.6795639603737522,0.06730904572983631,0.38101235032081604,54,38,2,10,0.9625577926635742,194880.0,,,,199,148,29,26,154,69,35,29,,,,,,,,,,,,,,,,,,,,,,,,,353,63,104,64
mar,early,2,0.8,risk_beta=2.5,0.5,4,1,6027,FedMatch-tab,0.972265625,0.9843335453846199,0.859375,0.95,0.9649122807017544,0.8085106382978723,0.9090909090909091,0.8913270637408568,0.07031211256980896,0.6334424650473784,0.8667364138791372,0.06529847833399588,0.6369995474815369,55,38,2,9,0.4508843421936035,194880.0,,,,199,148,29,26,154,69,35,29,,,,,,,,,,,,,,,,,,,,,,,,,353,63,104,64
mar,early,2,0.8,risk_beta=2.5,0.5,4,1,6027,Local-TGNN,0.6984374999999999,0.7184767973717456,0.96875,0.4,0.7209302325581395,0.8888888888888888,0.8266666666666667,0.6891954022988506,0.23980030417442322,-4.463757233513115,0.22471456405373086,0.25145696761767167,0.5061419606208801,62,16,24,2,7.668554782867432,0.0,285.0,0.6746544471153846,,199,148,29,26,154,69,35,29,,,,,,,,,,,,,,,,,,,,,,,,,353,63,104,64
mar,early,2,0.8,risk_beta=2.5,0.5,4,2,6028,FedTGNN-SS,0.6761718750000001,0.815968365777176,0.59375,0.7,0.76,0.5185185185185185,0.6666666666666666,0.6312056737588652,0.3541986644268036,-2.9910924396369216,0.07914727782274927,0.3644350210491281,0.9816482067108154,38,28,12,26,7.67833399772644,5528336.0,228.0,0.8370058760683761,,193,185,42,41,160,32,30,20,,,,,,,,,,,,,,,,,,,,,,,,,353,63,104,72
mar,early,2,0.8,risk_beta=2.5,0.5,4,2,6028,FedAvg-LR,0.8234375,0.9075001045990596,0.734375,0.8,0.8545454545454545,0.6530612244897959,0.7899159663865546,0.75450854499103,0.2398413121700287,-1.9872205927028614,0.6856177911548531,0.23375414935155558,0.8995468616485596,47,32,8,17,0.7654852867126465,16720.0,,0.7482638888888888,,193,185,42,41,160,32,30,20,,,,,,,,,,,,,,,,,,,,,,,,,353,63,104,72
mar,early,2,0.8,risk_beta=2.5,0.5,4,2,6028,FedAvg-MLP,0.869140625,0.9291025965961082,0.875,0.7,0.8235294117647058,0.7777777777777778,0.8484848484848485,0.7926634768740032,0.2563208043575287,-2.9871971340696772,0.5388963504498272,0.2581811747871912,0.9066084623336792,56,28,12,8,0.37833261489868164,194880.0,,,,193,185,42,41,160,32,30,20,,,,,,,,,,,,,,,,,,,,,,,,,353,63,104,72
mar,early,2,0.8,risk_beta=2.5,0.5,4,2,6028,FedEns-RF,0.7970703124999999,0.8957466935808549,0.546875,0.975,0.9722222222222222,0.5735294117647058,0.7,0.711111111111111,0.1851512369791667,-0.5323567050686655,1.6436618953284805,0.14546875,0.7883333333333333,35,39,1,29,2.1050288677215576,,,,,193,185,42,41,160,32,30,20,,,,,,,,,,,,,,,,,,,,,,,,,353,63,104,72
mar,early,2,0.8,risk_beta=2.5,0.5,4,2,6028,FedAvg-GCN,0.5519531249999999,0.7204469290844228,0.75,0.3,0.631578947368421,0.42857142857142855,0.6857142857142857,0.519327731092437,0.37166836857795715,-4.45531888899869,0.07669098577751848,0.37935138880633396,0.977893590927124,48,12,28,16,0.6564850807189941,194880.0,,,,193,185,42,41,160,32,30,20,,,,,,,,,,,,,,,,,,,,,,,,,353,63,104,72
mar,early,2,0.8,risk_beta=2.5,0.5,4,2,6028,FedMatch-tab,0.837890625,0.9139369263808079,0.703125,0.9,0.9183673469387755,0.6545454545454545,0.7964601769911505,0.7771774569166279,0.28481927514076233,-3.7261940638096473,0.5763058723470611,0.29640729116419184,0.9914953708648682,45,36,4,19,0.44329309463500977,194880.0,,,,193,185,42,41,160,32,30,20,,,,,,,,,,,,,,,,,,,,,,,,,353,63,104,72
mar,early,2,0.8,risk_beta=2.5,0.5,4,2,6028,Local-TGNN,0.51875,0.6784645479731188,0.40625,0.725,0.7027027027027027,0.43283582089552236,0.5148514851485149,0.5284537799574349,0.39121758937835693,-4.711107003153441,-0.012711188438029705,0.3918441143424179,0.997140645980835,26,29,11,38,9.666456460952759,0.0,281.0,0.7521367521367521,,193,185,42,41,160,32,30,20,,,,,,,,,,,,,,,,,,,,,,,,,353,63,104,72
mar,early,2,0.8,risk_beta=2.5,0.5,4,3,6029,FedTGNN-SS,0.96953125,0.9832371233471322,0.890625,0.9,0.9344262295081968,0.8372093023255814,0.912,0.8897349397590362,0.08322212100028992,6.536559338894567,0.2980462968759638,0.0940636258903676,0.0029550804756581783,57,36,4,7,7.136661529541016,5528336.0,278.0,0.5046045503791983,,316,187,62,56,37,30,9,8,,,,,,,,,,,,,,,,,,,,,,,,,353,63,104,71
mar,early,2,0.8,risk_beta=2.5,0.5,4,3,6029,FedAvg-LR,0.9828125,0.9903563805132709,0.875,1.0,1.0,0.8333333333333334,0.9333333333333333,0.9212121212121211,0.05575060471892357,0.6572446256035227,1.6620558279257824,0.06877091344302663,0.5478708148002625,56,40,0,8,0.5843632221221924,16720.0,,0.6885157096424702,,316,187,62,56,37,30,9,8,,,,,,,,,,,,,,,,,,,,,,,,,353,63,104,71
mar,early,2,0.8,risk_beta=2.5,0.5,4,3,6029,FedAvg-MLP,0.980859375,0.9895319267206779,0.890625,0.975,0.9827586206896551,0.8478260869565217,0.9344262295081968,0.9207014868471216,0.06479917466640472,-1.0240303375560553,0.6568622292955433,0.06458021335017222,0.9345106482505798,57,39,1,7,0.2962005138397217,194880.0,,,,316,187,62,56,37,30,9,8,,,,,,,,,,,,,,,,,,,,,,,,,353,63,104,71
mar,early,2,0.8,risk_beta=2.5,0.5,4,3,6029,FedEns-RF,0.95703125,0.9770840218904115,0.84375,0.975,0.9818181818181818,0.7959183673469388,0.907563025210084,0.8919837597960533,0.0852645289396182,0.03979251680558884,1.8712152091565917,0.0829062838569881,0.6576760563380281,54,39,1,10,3.0872843265533447,,,,,316,187,62,56,37,30,9,8,,,,,,,,,,,,,,,,,,,,,,,,,353,63,104,71
mar,early,2,0.8,risk_beta=2.5,0.5,4,3,6029,FedAvg-GCN,0.983984375,0.9911217797092213,0.890625,0.975,0.9827586206896551,0.8478260869565217,0.9344262295081968,0.9207014868471216,0.05566618964076042,0.7714335878082608,0.7603664856129657,0.04559088308507436,0.5235313177108765,57,39,1,7,0.7585294246673584,194880.0,,,,316,187,62,56,37,30,9,8,,,,,,,,,,,,,,,,,,,,,,,,,353,63,104,71
mar,early,2,0.8,risk_beta=2.5,0.5,4,3,6029,FedMatch-tab,0.98203125,0.990107823734032,0.921875,0.95,0.9672131147540983,0.8837209302325582,0.944,0.9298313253012047,0.0673513188958168,-1.5594068025670398,0.7711167462191912,0.06318837096198249,0.9077630043029785,59,38,2,5,0.4503939151763916,194880.0,,,,316,187,62,56,37,30,9,8,,,,,,,,,,,,,,,,,,,,,,,,,353,63,104,71
mar,early,2,0.8,risk_beta=2.5,0.5,4,3,6029,Local-TGNN,0.94140625,0.9651196697840356,0.859375,0.9,0.9322033898305084,0.8,0.8943089430894309,0.8706838833094213,0.10374797135591507,-0.41635620651652505,0.4822847533276573,0.09743189449923542,0.7813401818275452,55,36,4,9,10.064656972885132,0.0,260.0,0.7445828819068256,,316,187,62,56,37,30,9,8,,,,,,,,,,,,,,,,,,,,,,,,,353,63,104,71
mar,early,2,0.8,risk_beta=2.5,0.5,4,4,6030,FedTGNN-SS,0.909375,0.9494297711403298,0.78125,0.975,0.9803921568627451,0.7358490566037735,0.8695652173913043,0.8541374474053296,0.13299264013767242,4.700320222009192,0.2517926047044537,0.1450035439338535,0.5828782916069031,50,39,1,14,10.0388662815094,5528336.0,270.0,0.5463056680161944,,304,173,65,61,49,44,11,10,,,,,,,,,,,,,,,,,,,,,,,,,353,63,104,76
mar,early,2,0.8,risk_beta=2.5,0.5,4,4,6030,FedAvg-LR,0.8671875000000001,0.9292129965724896,0.734375,0.875,0.9038461538461539,0.6730769230769231,0.8103448275862069,0.7856071964017991,0.20371411740779877,-1.615629119226913,0.5544787912721761,0.22690768779900214,0.9310899972915649,47,35,5,17,0.6946280002593994,16720.0,,0.6776948380566802,,304,173,65,61,49,44,11,10,,,,,,,,,,,,,,,,,,,,,,,,,353,63,104,76
mar,early,2,0.8,risk_beta=2.5,0.5,4,4,6030,FedAvg-MLP,0.94453125,0.9707299524459829,0.90625,0.925,0.9508196721311475,0.8604651162790697,0.928,0.9097831325301204,0.2341482788324356,-4.366954009939644,0.5859112912685961,0.2565667624943532,0.9791957139968872,58,37,3,6,0.29511117935180664,194880.0,,,,304,173,65,61,49,44,11,10,,,,,,,,,,,,,,,,,,,,,,,,,353,63,104,76
mar,early,2,0.8,risk_beta=2.5,0.5,4,4,6030,FedEns-RF,0.906640625,0.9516418298213725,0.8125,0.9,0.9285714285714286,0.75,0.8666666666666667,0.8424242424242425,0.18173718029179092,-1.1891917670340648,1.511336005656963,0.17065536437246964,0.7904605263157894,52,36,4,12,2.5468945503234863,,,,,304,173,65,61,49,44,11,10,,,,,,,,,,,,,,,,,,,,,,,,,353,63,104,76
mar,early,2,0.8,risk_beta=2.5,0.5,4,4,6030,FedAvg-GCN,0.9359375,0.96505174548598,0.90625,0.925,0.9508196721311475,0.8604651162790697,0.928,0.9097831325301204,0.1972503364086151,-3.1624251109705783,0.4409092948207242,0.2158109617795652,0.9542188048362732,58,37,3,6,1.0045607089996338,194880.0,,,,304,173,65,61,49,44,11,10,,,,,,,,,,,,,,,,,,,,,,,,,353,63,104,76
mar,early,2,0.8,risk_beta=2.5,0.5,4,4,6030,FedMatch-tab,0.932421875,0.9643947299406872,0.875,0.95,0.9655172413793104,0.8260869565217391,0.9180327868852459,0.900876858558902,0.2525712847709656,-4.712742353508722,0.6152340811530135,0.2709901031966393,0.9916415214538574,56,38,2,8,0.5775558948516846,194880.0,,,,304,173,65,61,49,44,11,10,,,,,,,,,,,,,,,,,,,,,,,,,353,63,104,76
mar,early,2,0.8,risk_beta=2.5,0.5,4,4,6030,Local-TGNN,0.54375,0.6001662965848558,0.953125,0.15,0.6421052631578947,0.6666666666666666,0.7672955974842768,0.5060967783339752,0.3504899740219116,-5.790314742221978,0.09292411654728619,0.3543183650337876,0.982651948928833,61,6,34,3,10.130102396011353,0.0,272.0,0.6653593117408907,,304,173,65,61,49,44,11,10,,,,,,,,,,,,,,,,,,,,,,,,,353,63,104,76
mar,gdm_early,3,0.8,risk_beta=1,0.5,0,0,2026,FedTGNN-SS,0.9839746303791895,0.9641184705190035,0.9890510948905109,0.951276102088167,0.928082191780822,0.9927360774818402,0.9575971731448764,0.9645805770937652,0.03919496014714241,1.4315071759326923,0.3845888986079274,0.04106902549446209,0.0014500637771561742,271,410,21,3,41.53659200668335,8043792.0,1842.0,0.40039525691699607,,316,16,68,12,1454,594,313,228,627,323,125,95,,,,,,,,,,,,,,,,,,,,,2397,423,705,506
mar,gdm_early,3,0.8,risk_beta=1,0.5,0,0,2026,FedAvg-LR,0.9694819381170932,0.9595020121015262,0.9087591240875912,0.9559164733178654,0.9291044776119403,0.9427917620137299,0.9188191881918819,0.9340639719761252,0.061157550662755966,0.6771231685051488,1.0470699745496779,0.040641482565419905,0.2028903067111969,249,412,19,25,1.1630942821502686,22128.0,,0.5373587867574916,,316,16,68,12,1454,594,313,228,627,323,125,95,,,,,,,,,,,,,,,,,,,,,2397,423,705,506
mar,gdm_early,3,0.8,risk_beta=1,0.5,0,0,2026,FedAvg-MLP,0.9886785103392214,0.9778960382994417,0.9525547445255474,0.9605568445475638,0.9388489208633094,0.9695550351288056,0.9456521739130435,0.9553435694740042,0.033174678683280945,-0.0691860846816364,1.073587863381665,0.02325571498549578,0.4745542109012604,261,414,17,13,0.76698899269104,261600.0,,,,316,16,68,12,1454,594,313,228,627,323,125,95,,,,,,,,,,,,,,,,,,,,,2397,423,705,506
mar,gdm_early,3,0.8,risk_beta=1,0.5,0,0,2026,FedEns-RF,0.9945805883448778,0.9913961397656031,0.9708029197080292,0.951276102088167,0.926829268292683,0.9808612440191388,0.948306595365419,0.9570743813105069,0.0289728737275033,0.21302981559115655,1.7783410598466989,0.035668082303142445,0.5312549407114624,266,410,21,8,3.710922956466675,,,,,316,16,68,12,1454,594,313,228,627,323,125,95,,,,,,,,,,,,,,,,,,,,,2397,423,705,506
mar,gdm_early,3,0.8,risk_beta=1,0.5,0,0,2026,FedAvg-GCN,0.9914728944738938,0.9822228547389101,0.9598540145985401,0.9721577726218097,0.9563636363636364,0.9744186046511628,0.9581056466302368,0.9656962611780684,0.02626572921872139,0.028194156074805025,0.992808409554649,0.011262044367373832,0.6237668991088867,263,419,12,11,3.279562473297119,261600.0,,,,316,16,68,12,1454,594,313,228,627,323,125,95,,,,,,,,,,,,,,,,,,,,,2397,423,705,506
mar,gdm_early,3,0.8,risk_beta=1,0.5,0,0,2026,FedMatch-tab,0.988466814571443,0.9771996512781249,0.9562043795620438,0.9605568445475638,0.9390681003584229,0.971830985915493,0.9475587703435805,0.9568598985906933,0.033698536455631256,-0.008168744551211431,1.0639425841555474,0.024954321584168906,0.4453529119491577,262,414,17,12,0.9509940147399902,261600.0,,,,316,16,68,12,1454,594,313,228,627,323,125,95,,,,,,,,,,,,,,,,,,,,,2397,423,705,506
mar,gdm_early,3,0.8,risk_beta=1,0.5,0,0,2026,Local-TGNN,0.9764509627923519,0.9490072007773244,0.9525547445255474,0.9535962877030162,0.9288256227758007,0.9693396226415094,0.9405405405405406,0.9509720246562352,0.059981267899274826,3.0106018858455634,0.4115897317302311,0.059683362274358054,0.010133827105164528,261,411,20,13,37.563414573669434,0.0,1875.0,0.48793064782889023,,316,16,68,12,1454,594,313,228,627,323,125,95,,,,,,,,,,,,,,,,,,,,,2397,423,705,506
mar,gdm_early,3,0.8,risk_beta=1,0.5,0,1,2027,FedTGNN-SS,0.9918370111944722,0.9845128156966254,0.9817518248175182,0.9767981438515081,0.96415770609319,0.9882629107981221,0.972875226039783,0.9776861544434621,0.023271143436431885,0.5267419289055865,0.39361333453737785,0.02593961317549997,0.04275599867105484,269,421,10,5,41.31300973892212,8043792.0,1879.0,0.37176409107876074,,759,378,139,108,378,303,72,71,1260,252,264,119,,,,,,,,,,,,,,,,,,,,,2397,423,705,475
mar,gdm_early,3,0.8,risk_beta=1,0.5,0,1,2027,FedAvg-LR,0.969261774518604,0.9275396747890098,0.9452554744525548,0.9280742459396751,0.8931034482758621,0.963855421686747,0.9184397163120568,0.932033096926714,0.059674106538295746,0.5743019212706937,1.0567640082437464,0.052672216602673766,0.15473365783691406,259,400,31,15,0.8449535369873047,22128.0,,0.5244986935423666,,759,378,139,108,378,303,72,71,1260,252,264,119,,,,,,,,,,,,,,,,,,,,,2397,423,705,475
mar,gdm_early,3,0.8,risk_beta=1,0.5,0,1,2027,FedAvg-MLP,0.9825054617508087,0.9543927131167355,0.9744525547445255,0.9698375870069605,0.9535714285714286,0.9835294117647059,0.9638989169675091,0.9702672154931004,0.029643012210726738,0.37589589295927084,1.0529821950494225,0.03475065106618489,0.2223520576953888,267,418,13,7,0.5916416645050049,261600.0,,,,759,378,139,108,378,303,72,71,1260,252,264,119,,,,,,,,,,,,,,,,,,,,,2397,423,705,475
mar,gdm_early,3,0.8,risk_beta=1,0.5,0,1,2027,FedEns-RF,0.9972818263417278,0.9956464546054604,1.0,0.9582366589327146,0.9383561643835616,1.0,0.9681978798586572,0.9734354328203239,0.02862374981395258,-0.6975246791071413,2.420757036015212,0.0915545203434117,0.3708947368421053,274,413,18,0,3.955284357070923,,,,,759,378,139,108,378,303,72,71,1260,252,264,119,,,,,,,,,,,,,,,,,,,,,2397,423,705,475
mar,gdm_early,3,0.8,risk_beta=1,0.5,0,1,2027,FedAvg-GCN,0.9846478229207242,0.9568318347606956,0.9671532846715328,0.9721577726218097,0.9566787003610109,0.9789719626168224,0.9618874773139746,0.9687202229410385,0.025065241381525993,0.09124003098049738,1.0477641016749437,0.019888189973983367,0.4327448010444641,265,419,12,9,3.286430597305298,261600.0,,,,759,378,139,108,378,303,72,71,1260,252,264,119,,,,,,,,,,,,,,,,,,,,,2397,423,705,475
mar,gdm_early,3,0.8,risk_beta=1,0.5,0,1,2027,FedMatch-tab,0.9828695784713872,0.9552210818499819,0.9817518248175182,0.9698375870069605,0.9539007092198581,0.9881796690307328,0.9676258992805755,0.9732743079541051,0.030106062069535255,0.47251340713518736,1.024357868945058,0.033963934834121794,0.1859263926744461,269,418,13,5,1.305150032043457,261600.0,,,,759,378,139,108,378,303,72,71,1260,252,264,119,,,,,,,,,,,,,,,,,,,,,2397,423,705,475
mar,gdm_early,3,0.8,risk_beta=1,0.5,0,1,2027,Local-TGNN,0.954591257811574,0.916124600205646,0.9343065693430657,0.8607888631090487,0.810126582278481,0.9537275064267352,0.8677966101694915,0.8863373294749897,0.10718969255685806,-3.731347324287535,0.33427383471797983,0.10858500092678393,0.9234382510185242,256,371,60,18,37.29008388519287,0.0,1912.0,0.46547816349384097,,759,378,139,108,378,303,72,71,1260,252,264,119,,,,,,,,,,,,,,,,,,,,,2397,423,705,475
mar,gdm_early,3,0.8,risk_beta=1,0.5,0,2,2028,FedTGNN-SS,0.9870992599115957,0.9745289834128003,0.948905109489051,0.9466357308584686,0.9187279151943463,0.966824644549763,0.933572710951526,0.9450981960384828,0.04509427770972252,1.9181463377457817,0.36337791011146503,0.04252689964326219,0.03637087717652321,260,408,23,14,39.726813554763794,8043792.0,1897.0,0.44560526156270835,,1675,675,341,243,261,244,40,39,461,14,87,10,,,,,,,,,,,,,,,,,,,,,2397,423,705,468
mar,gdm_early,3,0.8,risk_beta=1,0.5,0,2,2028,FedAvg-LR,0.9647738242417058,0.9375235164717974,0.8868613138686131,0.9535962877030162,0.9239543726235742,0.9298642533936652,0.9050279329608939,0.9233043444873198,0.06596335768699646,0.49052615444867764,0.9643132641688613,0.04476321715042525,0.2934776246547699,243,411,20,31,0.9351406097412109,22128.0,,0.548072376795781,,1675,675,341,243,261,244,40,39,461,14,87,10,,,,,,,,,,,,,,,,,,,,,2397,423,705,468
mar,gdm_early,3,0.8,risk_beta=1,0.5,0,2,2028,FedAvg-MLP,0.9834538587904551,0.9654592892765816,0.9927007299270073,0.9582366589327146,0.9379310344827586,0.9951807228915662,0.9645390070921985,0.970449172576832,0.03779370337724686,0.16496911602558048,0.8870967273107055,0.034454318225806496,0.17456063628196716,272,413,18,2,0.6253464221954346,261600.0,,,,1675,675,341,243,261,244,40,39,461,14,87,10,,,,,,,,,,,,,,,,,,,,,2397,423,705,468
mar,gdm_early,3,0.8,risk_beta=1,0.5,0,2,2028,FedEns-RF,0.9945128456991889,0.9911204387083279,0.9744525547445255,0.951276102088167,0.9270833333333334,0.9832134292565947,0.9501779359430605,0.9585795340092661,0.029142735221153914,-0.1639106117724351,1.708426695689564,0.05458586409650242,0.48913461538461533,267,410,21,7,4.129846572875977,,,,,1675,675,341,243,261,244,40,39,461,14,87,10,,,,,,,,,,,,,,,,,,,,,2397,423,705,468
mar,gdm_early,3,0.8,risk_beta=1,0.5,0,2,2028,FedAvg-GCN,0.9840550747709451,0.9545373310173199,0.9817518248175182,0.9605568445475638,0.9405594405594405,0.9880668257756563,0.9607142857142857,0.9674159663865547,0.030035268515348434,-0.4066314561253957,0.9197114347939479,0.024494619773212045,0.49049222469329834,269,414,17,5,2.873575210571289,261600.0,,,,1675,675,341,243,261,244,40,39,461,14,87,10,,,,,,,,,,,,,,,,,,,,,2397,423,705,468
mar,gdm_early,3,0.8,risk_beta=1,0.5,0,2,2028,FedMatch-tab,0.9830728064084543,0.9640946251939809,0.9708029197080292,0.9582366589327146,0.9366197183098591,0.9809976247030879,0.953405017921147,0.9614442929981322,0.03843361511826515,0.24341579108628303,0.869572186046735,0.036550640123268835,0.21845126152038574,266,413,18,8,1.0339834690093994,261600.0,,,,1675,675,341,243,261,244,40,39,461,14,87,10,,,,,,,,,,,,,,,,,,,,,2397,423,705,468
mar,gdm_early,3,0.8,risk_beta=1,0.5,0,2,2028,Local-TGNN,0.9633978017511474,0.9363075920317817,0.8248175182481752,0.962877030162413,0.9338842975206612,0.896328293736501,0.875968992248062,0.9021903126788409,0.091623455286026,-1.986404008204647,0.3354979829311399,0.09210133986474933,0.9823541641235352,226,415,16,48,39.8546097278595,0.0,1915.0,0.5347820815905922,,1675,675,341,243,261,244,40,39,461,14,87,10,,,,,,,,,,,,,,,,,,,,,2397,423,705,468
mar,gdm_early,3,0.8,risk_beta=1,0.5,0,3,2029,FedTGNN-SS,0.989678646934461,0.9788137692261198,0.9709090909090909,0.9720930232558139,0.956989247311828,0.9812206572769953,0.9638989169675091,0.9702672154931004,0.03355929255485535,2.8154023101770327,0.3951694421509214,0.03754569044343282,0.021073171868920326,267,418,12,8,40.9309937953949,8043792.0,1790.0,0.42705842620736234,,1456,635,306,215,272,164,70,62,669,133,149,67,,,,,,,,,,,,,,,,,,,,,2397,423,705,525
mar,gdm_early,3,0.8,risk_beta=1,0.5,0,3,2029,FedAvg-LR,0.9726511627906976,0.9471466838200169,0.9672727272727273,0.958139534883721,0.9366197183098591,0.9786223277909739,0.9516994633273703,0.9599860418869519,0.054280225187540054,0.5311764441170916,1.0159397188582384,0.061288524847081374,0.22985416650772095,266,412,18,9,1.0369200706481934,22128.0,,0.5112489023978386,,1456,635,306,215,272,164,70,62,669,133,149,67,,,,,,,,,,,,,,,,,,,,,2397,423,705,525
mar,gdm_early,3,0.8,risk_beta=1,0.5,0,3,2029,FedAvg-MLP,0.9850739957716702,0.969325760968005,0.9854545454545455,0.958139534883721,0.9377162629757786,0.9903846153846154,0.9609929078014184,0.9674940898345153,0.026568779721856117,0.03240752087818789,0.9776276523185726,0.018893908602284615,0.14704102277755737,271,412,18,4,0.6002640724182129,261600.0,,,,1456,635,306,215,272,164,70,62,669,133,149,67,,,,,,,,,,,,,,,,,,,,,2397,423,705,525
mar,gdm_early,3,0.8,risk_beta=1,0.5,0,3,2029,FedEns-RF,0.9966511627906977,0.9947793902889118,0.9672727272727273,0.958139534883721,0.9366197183098591,0.9786223277909739,0.9516994633273703,0.9599860418869519,0.024776790489056146,0.040690414233399155,1.7863173940254877,0.04243313745356297,0.523552380952381,266,412,18,9,4.2692461013793945,,,,,1456,635,306,215,272,164,70,62,669,133,149,67,,,,,,,,,,,,,,,,,,,,,2397,423,705,525
mar,gdm_early,3,0.8,risk_beta=1,0.5,0,3,2029,FedAvg-GCN,0.9867822410147992,0.9764073432372065,0.9890909090909091,0.9558139534883721,0.9347079037800687,0.9927536231884058,0.9611307420494699,0.9675321956692847,0.027418436482548714,-0.08641775496031677,0.8973689657098906,0.012640467819803984,0.1200885996222496,272,411,19,3,3.1142196655273438,261600.0,,,,1456,635,306,215,272,164,70,62,669,133,149,67,,,,,,,,,,,,,,,,,,,,,2397,423,705,525
mar,gdm_early,3,0.8,risk_beta=1,0.5,0,3,2029,FedMatch-tab,0.9864186046511628,0.9736736334830636,0.9854545454545455,0.958139534883721,0.9377162629757786,0.9903846153846154,0.9609929078014184,0.9674940898345153,0.026260802522301674,0.10488137688225559,0.9429968855182213,0.015352633388065699,0.15032190084457397,271,412,18,4,1.1782872676849365,261600.0,,,,1456,635,306,215,272,164,70,62,669,133,149,67,,,,,,,,,,,,,,,,,,,,,2397,423,705,525
mar,gdm_early,3,0.8,risk_beta=1,0.5,0,3,2029,Local-TGNN,0.9902663847780128,0.9812407064893868,0.9745454545454545,0.9604651162790697,0.9403508771929825,0.9833333333333333,0.9571428571428572,0.9644537815126051,0.030375096946954727,0.32934336727572516,0.4971836524210433,0.02755840077817917,0.037567585706710815,268,413,17,7,41.61015200614929,0.0,1835.0,0.4495265113137454,,1456,635,306,215,272,164,70,62,669,133,149,67,,,,,,,,,,,,,,,,,,,,,2397,423,705,525
mar,gdm_early,3,0.8,risk_beta=1,0.5,0,4,2030,FedTGNN-SS,0.9876575052854123,0.9597578727946574,0.9854545454545455,0.9697674418604652,0.954225352112676,0.9904988123515439,0.9695885509838998,0.9748060263732661,0.02930442802608013,1.1701369047819343,0.3603695962751233,0.030441459290551566,0.0003786166198551655,271,417,13,4,41.37493443489075,8043792.0,1853.0,0.3497548288065493,,905,568,201,165,100,7,19,4,1392,357,279,159,,,,,,,,,,,,,,,,,,,,,2397,423,705,499
mar,gdm_early,3,0.8,risk_beta=1,0.5,0,4,2030,FedAvg-LR,0.9467061310782241,0.9381608282767622,0.8981818181818182,0.9767441860465116,0.9610894941634242,0.9375,0.9285714285714286,0.9426456231695413,0.056074101477861404,0.6970515936374349,0.9036026733685879,0.052384497899007273,0.4537941813468933,247,420,10,28,1.1119070053100586,22128.0,,0.49505678022712085,,905,568,201,165,100,7,19,4,1392,357,279,159,,,,,,,,,,,,,,,,,,,,,2397,423,705,499
mar,gdm_early,3,0.8,risk_beta=1,0.5,0,4,2030,FedAvg-MLP,0.9861818181818182,0.9567238961519859,0.9672727272727273,0.9674418604651163,0.95,0.9788235294117648,0.9585585585585585,0.9658289868816184,0.034804463386535645,0.48111683828631213,0.912333250992156,0.02797805572866549,0.23211444914340973,266,416,14,9,0.6011743545532227,261600.0,,,,905,568,201,165,100,7,19,4,1392,357,279,159,,,,,,,,,,,,,,,,,,,,,2397,423,705,499
mar,gdm_early,3,0.8,risk_beta=1,0.5,0,4,2030,FedEns-RF,0.9970486257928118,0.995321212708387,0.9636363636363636,0.9744186046511628,0.9601449275362319,0.9766899766899767,0.9618874773139746,0.9687202229410385,0.023982536100498726,0.07590454533525501,1.717302771382583,0.046253755738427216,0.45118236472945894,265,419,11,10,4.296464681625366,,,,,905,568,201,165,100,7,19,4,1392,357,279,159,,,,,,,,,,,,,,,,,,,,,2397,423,705,499
mar,gdm_early,3,0.8,risk_beta=1,0.5,0,4,2030,FedAvg-GCN,0.9864270613107822,0.9469936680710777,0.9890909090909091,0.9651162790697675,0.9477351916376306,0.992822966507177,0.9679715302491103,0.9733725575773853,0.021908769384026527,0.10212121531373351,0.9262331456329533,0.014906851152050565,0.17522022128105164,272,415,15,3,2.9200990200042725,261600.0,,,,905,568,201,165,100,7,19,4,1392,357,279,159,,,,,,,,,,,,,,,,,,,,,2397,423,705,499
mar,gdm_early,3,0.8,risk_beta=1,0.5,0,4,2030,FedMatch-tab,0.9862748414376321,0.9539353018037358,0.9672727272727273,0.9674418604651163,0.95,0.9788235294117648,0.9585585585585585,0.9658289868816184,0.034253448247909546,0.45221340121260745,0.8973398953588719,0.02601581546643101,0.22473596036434174,266,416,14,9,1.2855494022369385,261600.0,,,,905,568,201,165,100,7,19,4,1392,357,279,159,,,,,,,,,,,,,,,,,,,,,2397,423,705,499
mar,gdm_early,3,0.8,risk_beta=1,0.5,0,4,2030,Local-TGNN,0.9806469344608877,0.9571288211843837,0.9781818181818182,0.9627906976744186,0.9438596491228071,0.9857142857142858,0.9607142857142857,0.9674159663865547,0.026423493400216103,-0.6562216124249982,0.39399332650933794,0.025663943609870093,0.011162004433572292,269,414,16,6,42.37406539916992,0.0,1870.0,0.3826418795036882,,905,568,201,165,100,7,19,4,1392,357,279,159,,,,,,,,,,,,,,,,,,,,,2397,423,705,499
mar,gdm_early,3,0.8,risk_beta=1,0.5,1,0,3026,FedTGNN-SS,0.9844445949836571,0.9524397462334536,0.9817518248175182,0.9187935034802784,0.8848684210526315,0.9875311720698254,0.9307958477508651,0.941359462336971,0.036211855709552765,-2.288078928708333,0.36254593439572286,0.035485542710566656,0.03422776237130165,269,396,35,5,40.10442352294922,8043792.0,1877.0,0.48131850419084454,,1117,277,240,116,249,240,44,43,1031,416,200,134,,,,,,,,,,,,,,,,,,,,,2397,423,705,484
mar,gdm_early,3,0.8,risk_beta=1,0.5,1,0,3026,FedAvg-LR,0.948049858587227,0.9156800902024961,0.8905109489051095,0.9373549883990719,0.9003690036900369,0.9308755760368663,0.8954128440366973,0.9147584451397359,0.0694647952914238,0.4091073674512697,0.9316950729616026,0.0427263104270959,0.2838742136955261,244,404,27,30,1.3145058155059814,22128.0,,0.5271862727858859,,1117,277,240,116,249,240,44,43,1031,416,200,134,,,,,,,,,,,,,,,,,,,,,2397,423,705,484
mar,gdm_early,3,0.8,risk_beta=1,0.5,1,0,3026,FedAvg-MLP,0.9846816942435687,0.956558922316279,0.9927007299270073,0.9443155452436195,0.918918918918919,0.9951100244498777,0.9543859649122807,0.9617167919799499,0.03699325770139694,0.08317645317527075,1.0334793239127733,0.039784050463361954,0.16595815122127533,272,407,24,2,0.6951456069946289,261600.0,,,,1117,277,240,116,249,240,44,43,1031,416,200,134,,,,,,,,,,,,,,,,,,,,,2397,423,705,484
mar,gdm_early,3,0.8,risk_beta=1,0.5,1,0,3026,FedEns-RF,0.9950124477111454,0.9922223420948626,0.9963503649635036,0.9373549883990719,0.91,0.9975308641975309,0.9512195121951219,0.9588633446143073,0.029505808167193948,-0.4332723476055519,1.9223965636575149,0.06153636949768475,0.3359917355371901,273,404,27,1,4.697251081466675,,,,,1117,277,240,116,249,240,44,43,1031,416,200,134,,,,,,,,,,,,,,,,,,,,,2397,423,705,484
mar,gdm_early,3,0.8,risk_beta=1,0.5,1,0,3026,FedAvg-GCN,0.9855792842989484,0.9665615853458852,0.9963503649635036,0.9280742459396751,0.8980263157894737,0.9975062344139651,0.9446366782006921,0.9530875698695769,0.030146410688757896,-0.052234100588256095,1.0310359550291752,0.02947303405599603,0.14931786060333252,273,400,31,1,3.0900990962982178,261600.0,,,,1117,277,240,116,249,240,44,43,1031,416,200,134,,,,,,,,,,,,,,,,,,,,,2397,423,705,484
mar,gdm_early,3,0.8,risk_beta=1,0.5,1,0,3026,FedMatch-tab,0.9844530628143682,0.9541730379989563,0.9890510948905109,0.9443155452436195,0.9186440677966101,0.9926829268292683,0.9525483304042179,0.9602218465338569,0.039245713502168655,0.19042038087019536,1.0079264539086257,0.03882004714022716,0.1253567934036255,271,407,24,3,1.3569931983947754,261600.0,,,,1117,277,240,116,249,240,44,43,1031,416,200,134,,,,,,,,,,,,,,,,,,,,,2397,423,705,484
mar,gdm_early,3,0.8,risk_beta=1,0.5,1,0,3026,Local-TGNN,0.9669542906498214,0.9452260166162688,0.9124087591240876,0.951276102088167,0.922509225092251,0.9447004608294931,0.9174311926605505,0.9327040356366336,0.06313483417034149,-1.42515420354773,0.3512878650882053,0.06251391172673265,0.9199777245521545,250,410,21,24,40.82576012611389,0.0,1885.0,0.5049982416036575,,1117,277,240,116,249,240,44,43,1031,416,200,134,,,,,,,,,,,,,,,,,,,,,2397,423,705,484
mar,gdm_early,3,0.8,risk_beta=1,0.5,1,1,3027,FedTGNN-SS,0.9942503429471439,0.9865135773728865,0.9452554744525548,0.9860788863109049,0.9773584905660377,0.9659090909090909,0.961038961038961,0.9684643714494461,0.019973544403910637,-0.1931864247745771,0.43783198939601237,0.021575520216100957,0.9493771195411682,259,425,6,15,37.57052135467529,8043792.0,1887.0,0.36817521218462973,,531,198,117,75,1053,383,207,138,813,352,164,118,,,,,,,,,,,,,,,,,,,,,2397,423,705,488
mar,gdm_early,3,0.8,risk_beta=1,0.5,1,1,3027,FedAvg-LR,0.9744694904059478,0.9642230946172249,0.9306569343065694,0.9651972157772621,0.9444444444444444,0.9563218390804598,0.9375,0.9491195150115473,0.047375522553920746,0.40014297412326155,0.9607338430478455,0.0316758450464154,0.2646607756614685,255,416,15,19,1.0831091403961182,22128.0,,0.5545154633182189,,531,198,117,75,1053,383,207,138,813,352,164,118,,,,,,,,,,,,,,,,,,,,,2397,423,705,488
mar,gdm_early,3,0.8,risk_beta=1,0.5,1,1,3027,FedAvg-MLP,0.9904228834657136,0.9814045563792881,0.9817518248175182,0.9675174013921114,0.950530035335689,0.9881516587677726,0.9658886894075404,0.9718071817494911,0.025615708902478218,0.15621398204003456,1.0110696714037097,0.02486720020017515,0.3570220172405243,269,417,14,5,0.6144356727600098,261600.0,,,,531,198,117,75,1053,383,207,138,813,352,164,118,,,,,,,,,,,,,,,,,,,,,2397,423,705,488
mar,gdm_early,3,0.8,risk_beta=1,0.5,1,1,3027,FedEns-RF,0.9949616407268786,0.9917568029817867,0.9635036496350365,0.9489559164733179,0.9230769230769231,0.9761336515513126,0.9428571428571428,0.9526050420168067,0.026873270335511883,0.06134229896725547,1.566277473361826,0.03404955819090803,0.47143442622950815,264,409,22,10,4.243735074996948,,,,,531,198,117,75,1053,383,207,138,813,352,164,118,,,,,,,,,,,,,,,,,,,,,2397,423,705,488
mar,gdm_early,3,0.8,risk_beta=1,0.5,1,1,3027,FedAvg-GCN,0.9908801463241147,0.9846680217656714,0.9708029197080292,0.9791183294663574,0.9672727272727273,0.9813953488372092,0.9690346083788707,0.9746450626098767,0.020559169352054596,-0.10892646635596984,0.8688287058059383,0.016076230896465114,0.6845657229423523,266,422,9,8,2.716679334640503,261600.0,,,,531,198,117,75,1053,383,207,138,813,352,164,118,,,,,,,,,,,,,,,,,,,,,2397,423,705,488
mar,gdm_early,3,0.8,risk_beta=1,0.5,1,1,3027,FedMatch-tab,0.990304333835758,0.9811065545236592,0.9817518248175182,0.9698375870069605,0.9539007092198581,0.9881796690307328,0.9676258992805755,0.9732743079541051,0.025608671829104424,0.1159252355948171,0.9966491752056724,0.02275393569828771,0.3797379434108734,269,418,13,5,1.0174877643585205,261600.0,,,,531,198,117,75,1053,383,207,138,813,352,164,118,,,,,,,,,,,,,,,,,,,,,2397,423,705,488
mar,gdm_early,3,0.8,risk_beta=1,0.5,1,1,3027,Local-TGNN,0.9945805883448778,0.9906648065452133,0.9525547445255474,0.9860788863109049,0.9775280898876404,0.9703196347031964,0.9648798521256932,0.9715078201940319,0.0207787174731493,-0.5715923499974378,0.5856830192361362,0.020621566570872538,0.9576922059059143,261,425,6,13,34.68968725204468,0.0,1903.0,0.4703144983141495,,531,198,117,75,1053,383,207,138,813,352,164,118,,,,,,,,,,,,,,,,,,,,,2397,423,705,488
mar,gdm_early,3,0.8,risk_beta=1,0.5,1,2,3028,FedTGNN-SS,0.9868960319745287,0.9686235271277875,0.9781021897810219,0.9651972157772621,0.9469964664310954,0.985781990521327,0.9622980251346499,0.9688395166704902,0.026167679578065872,-0.8138271248397123,0.42682912040241966,0.023761547606435098,0.08652447909116745,268,416,15,6,36.470892906188965,8043792.0,1860.0,0.4489088925259138,,465,270,97,81,415,135,74,41,1517,528,297,190,,,,,,,,,,,,,,,,,,,,,2397,423,705,468
mar,gdm_early,3,0.8,risk_beta=1,0.5,1,2,3028,FedAvg-LR,0.9831490168848545,0.9518096431847493,0.9854014598540146,0.9489559164733179,0.9246575342465754,0.9903147699757869,0.9540636042402827,0.9616289585182456,0.04814280942082405,0.8683928949112484,1.0027504898504584,0.05443060489780937,0.10651583969593048,270,409,22,4,1.0611610412597656,22128.0,,0.5232587743226041,,465,270,97,81,415,135,74,41,1517,528,297,190,,,,,,,,,,,,,,,,,,,,,2397,423,705,468
mar,gdm_early,3,0.8,risk_beta=1,0.5,1,2,3028,FedAvg-MLP,0.9881196335122868,0.9603312833182596,0.9927007299270073,0.9605568445475638,0.9411764705882353,0.9951923076923077,0.9662522202486679,0.9719100534537318,0.025319313630461693,0.042850558327864996,0.9648751479868795,0.03098027271264835,0.16076640784740448,272,414,17,2,0.8673174381256104,261600.0,,,,465,270,97,81,415,135,74,41,1517,528,297,190,,,,,,,,,,,,,,,,,,,,,2397,423,705,468
mar,gdm_early,3,0.8,risk_beta=1,0.5,1,2,3028,FedEns-RF,0.9957576168137247,0.9929428235337563,0.9708029197080292,0.9559164733178654,0.9333333333333333,0.9809523809523809,0.9516994633273703,0.9599860418869519,0.025527308370202246,0.06026757990581185,1.5874737878740648,0.038310101836697565,0.4626709401709401,266,412,19,8,3.9205141067504883,,,,,465,270,97,81,415,135,74,41,1517,528,297,190,,,,,,,,,,,,,,,,,,,,,2397,423,705,468
mar,gdm_early,3,0.8,risk_beta=1,0.5,1,2,3028,FedAvg-GCN,0.9879248734059309,0.9616690870426726,0.9890510948905109,0.9605568445475638,0.9409722222222222,0.9928057553956835,0.9644128113879004,0.9704139528637614,0.022226989269256592,-0.23311809762309743,0.9179668338408649,0.018217536719872612,0.23822647333145142,271,414,17,3,3.1233980655670166,261600.0,,,,465,270,97,81,415,135,74,41,1517,528,297,190,,,,,,,,,,,,,,,,,,,,,2397,423,705,468
mar,gdm_early,3,0.8,risk_beta=1,0.5,1,2,3028,FedMatch-tab,0.9881789083272647,0.9602065534608211,0.9927007299270073,0.9605568445475638,0.9411764705882353,0.9951923076923077,0.9662522202486679,0.9719100534537318,0.025419577956199646,0.06669706501212823,0.9471816680418682,0.027333768130881134,0.19629834592342377,272,414,17,2,0.7367749214172363,261600.0,,,,465,270,97,81,415,135,74,41,1517,528,297,190,,,,,,,,,,,,,,,,,,,,,2397,423,705,468
mar,gdm_early,3,0.8,risk_beta=1,0.5,1,2,3028,Local-TGNN,0.986447236946839,0.9647387002097756,0.9781021897810219,0.9350348027842227,0.9054054054054054,0.9853300733496333,0.9403508771929825,0.949937343358396,0.03626882657408714,0.5973384690626721,0.44766988959455006,0.035041340913438614,0.005224341526627541,268,403,28,6,34.40071129798889,0.0,1918.0,0.4304297751106262,,465,270,97,81,415,135,74,41,1517,528,297,190,,,,,,,,,,,,,,,,,,,,,2397,423,705,468
mar,gdm_early,3,0.8,risk_beta=1,0.5,1,3,3029,FedTGNN-SS,0.9809302325581395,0.9746167743070658,0.8836363636363637,0.9790697674418605,0.9642857142857143,0.9293598233995585,0.9222011385199241,0.937884261219192,0.06299566477537155,7.780964558636777,0.3486028038694431,0.06169178030806173,0.12557940185070038,243,421,9,32,36.547690629959106,8043792.0,1856.0,0.37042285295320276,,439,420,99,97,473,58,107,24,1485,454,297,173,,,,,,,,,,,,,,,,,,,,,2397,423,705,503
mar,gdm_early,3,0.8,risk_beta=1,0.5,1,3,3029,FedAvg-LR,0.9403044397463001,0.9408082515032355,0.8763636363636363,0.9651162790697675,0.94140625,0.9242761692650334,0.9077212806026366,0.9259880578212273,0.07700279355049133,1.268226517112428,0.8872977272237434,0.07177568369723379,0.20170623064041138,241,415,15,34,0.9437367916107178,22128.0,,0.48216234507846545,,439,420,99,97,473,58,107,24,1485,454,297,173,,,,,,,,,,,,,,,,,,,,,2397,423,705,503
mar,gdm_early,3,0.8,risk_beta=1,0.5,1,3,3029,FedAvg-MLP,0.9801945031712473,0.9755021658062059,0.9381818181818182,0.9651162790697675,0.945054945054945,0.9606481481481481,0.9416058394160584,0.9522414347892356,0.048049505800008774,1.102145059411505,0.9853725777646454,0.04020667004247083,0.09360785037279129,258,415,15,17,0.6561486721038818,261600.0,,,,439,420,99,97,473,58,107,24,1485,454,297,173,,,,,,,,,,,,,,,,,,,,,2397,423,705,503
mar,gdm_early,3,0.8,risk_beta=1,0.5,1,3,3029,FedEns-RF,0.9961775898520084,0.993926358855163,0.9927272727272727,0.9534883720930233,0.931740614334471,0.9951456310679612,0.9612676056338029,0.9675696698002744,0.030203310252552063,-0.06140542591677762,2.143127027857294,0.07570570900836117,0.19867793240556658,273,410,20,2,3.604672908782959,,,,,439,420,99,97,473,58,107,24,1485,454,297,173,,,,,,,,,,,,,,,,,,,,,2397,423,705,503
mar,gdm_early,3,0.8,risk_beta=1,0.5,1,3,3029,FedAvg-GCN,0.9795433403805497,0.976880284239705,0.9309090909090909,0.9697674418604652,0.9516728624535316,0.9564220183486238,0.9411764705882353,0.9521124847167504,0.04551933705806732,1.1724523469325199,0.8547649269980547,0.03508366472649237,0.11624933779239655,256,417,13,19,3.0692641735076904,261600.0,,,,439,420,99,97,473,58,107,24,1485,454,297,173,,,,,,,,,,,,,,,,,,,,,2397,423,705,503
mar,gdm_early,3,0.8,risk_beta=1,0.5,1,3,3029,FedMatch-tab,0.9773276955602538,0.9723522224201663,0.9163636363636364,0.9744186046511628,0.9581749049429658,0.9479638009049773,0.9368029739776952,0.9489060741448109,0.049056876450777054,1.1304385155313874,0.9519490053641528,0.04070865768701472,0.20823229849338531,252,419,11,23,0.9503176212310791,261600.0,,,,439,420,99,97,473,58,107,24,1485,454,297,173,,,,,,,,,,,,,,,,,,,,,2397,423,705,503
mar,gdm_early,3,0.8,risk_beta=1,0.5,1,3,3029,Local-TGNN,0.9625708245243129,0.9617362906048492,0.8327272727272728,0.9837209302325581,0.9703389830508474,0.9019189765458422,0.8962818003913894,0.9186637033102665,0.06886951625347137,3.569357235921217,0.3742173889141494,0.0719265677758116,0.7159145474433899,229,423,7,46,34.84577465057373,0.0,1885.0,0.4425672912877346,,439,420,99,97,473,58,107,24,1485,454,297,173,,,,,,,,,,,,,,,,,,,,,2397,423,705,503
mar,gdm_early,3,0.8,risk_beta=1,0.5,1,4,3030,FedTGNN-SS,0.9891416490486258,0.9829546093444117,0.9781818181818182,0.9720930232558139,0.9572953736654805,0.9858490566037735,0.9676258992805755,0.9732743079541051,0.04560156166553497,4.750360235219425,0.37821099414563686,0.05195778502309892,8.525084558641538e-05,269,418,12,6,50.48256206512451,8043792.0,1868.0,0.3761383702417137,,668,58,117,30,1388,796,294,252,341,78,79,38,,,,,,,,,,,,,,,,,,,,,2397,423,705,490
mar,gdm_early,3,0.8,risk_beta=1,0.5,1,4,3030,FedAvg-LR,0.9747315010570825,0.9573759709346318,0.9345454545454546,0.9744186046511628,0.9589552238805971,0.9588100686498856,0.9465930018416207,0.9565721641272693,0.04568115621805191,0.3092927136257761,0.8936266624501499,0.034017755249713316,0.3131110370159149,257,419,11,18,5.062245845794678,22128.0,,0.5577768128528007,,668,58,117,30,1388,796,294,252,341,78,79,38,,,,,,,,,,,,,,,,,,,,,2397,423,705,490
mar,gdm_early,3,0.8,risk_beta=1,0.5,1,4,3030,FedAvg-MLP,0.9864355179704019,0.9770112759654829,0.9854545454545455,0.9697674418604652,0.954225352112676,0.9904988123515439,0.9695885509838998,0.9748060263732661,0.028662342578172684,-0.12683613333716887,0.912520568981468,0.031660406386598616,0.1963074505329132,271,417,13,4,1.7449588775634766,261600.0,,,,668,58,117,30,1388,796,294,252,341,78,79,38,,,,,,,,,,,,,,,,,,,,,2397,423,705,490
mar,gdm_early,3,0.8,risk_beta=1,0.5,1,4,3030,FedEns-RF,0.9950866807610994,0.9918985134026307,0.96,0.9697674418604652,0.9530685920577617,0.9742990654205608,0.9565217391304348,0.9642748555792033,0.026700628579108585,0.3492482102556816,1.5849371197870334,0.04045364017947604,0.5543367346938776,264,417,13,11,6.5772013664245605,,,,,668,58,117,30,1388,796,294,252,341,78,79,38,,,,,,,,,,,,,,,,,,,,,2397,423,705,490
mar,gdm_early,3,0.8,risk_beta=1,0.5,1,4,3030,FedAvg-GCN,0.9866723044397463,0.9779329814719333,0.9818181818181818,0.9744186046511628,0.9608540925266904,0.9882075471698113,0.9712230215827338,0.9762438292925378,0.022494874894618988,-0.30809112141065303,0.8511859912228301,0.015614353376605813,0.2540057897567749,270,419,11,5,4.5033674240112305,261600.0,,,,668,58,117,30,1388,796,294,252,341,78,79,38,,,,,,,,,,,,,,,,,,,,,2397,423,705,490
mar,gdm_early,3,0.8,risk_beta=1,0.5,1,4,3030,FedMatch-tab,0.9867315010570825,0.977314239902321,0.9854545454545455,0.9697674418604652,0.954225352112676,0.9904988123515439,0.9695885509838998,0.9748060263732661,0.029445743188261986,0.046283203963948895,0.9040637454898056,0.02991277634674777,0.17457330226898193,271,417,13,4,0.9748244285583496,261600.0,,,,668,58,117,30,1388,796,294,252,341,78,79,38,,,,,,,,,,,,,,,,,,,,,2397,423,705,490
mar,gdm_early,3,0.8,risk_beta=1,0.5,1,4,3030,Local-TGNN,0.9884312896405919,0.982000738775081,0.9709090909090909,0.9744186046511628,0.960431654676259,0.9812646370023419,0.9656419529837251,0.9717357956283853,0.03188691660761833,2.26271722282891,0.5053568880064381,0.030878951834392557,0.01185782440006733,267,419,11,8,50.16272735595703,0.0,1898.0,0.41369373281227384,,668,58,117,30,1388,796,294,252,341,78,79,38,,,,,,,,,,,,,,,,,,,,,2397,423,705,490
mar,gdm_early,3,0.8,risk_beta=1,0.5,2,0,4026,FedTGNN-SS,0.9842074957237454,0.978592196864923,0.948905109489051,0.974477958236659,0.959409594095941,0.967741935483871,0.9541284403669725,0.9626133531314631,0.03768618777394295,1.6876068419660755,0.36781624336503077,0.038913362559281184,0.1544187068939209,260,420,11,14,58.81302356719971,8043792.0,1880.0,0.5076031263569258,,1453,178,295,90,701,692,139,138,243,63,56,33,,,,,,,,,,,,,,,,,,,,,2397,423,705,490
mar,gdm_early,3,0.8,risk_beta=1,0.5,2,0,4026,FedAvg-LR,0.9662387589547311,0.9523074243524419,0.9416058394160584,0.8979118329466357,0.8543046357615894,0.9602977667493796,0.8958333333333334,0.911945443645084,0.08939018845558167,1.498399591124544,1.0771239057355642,0.09369656980988827,0.0643123909831047,258,387,44,16,1.168821096420288,22128.0,,0.43759878419452886,,1453,178,295,90,701,692,139,138,243,63,56,33,,,,,,,,,,,,,,,,,,,,,2397,423,705,490
mar,gdm_early,3,0.8,risk_beta=1,0.5,2,0,4026,FedAvg-MLP,0.9815401290497401,0.9747946554045176,0.9781021897810219,0.951276102088167,0.9273356401384083,0.9855769230769231,0.9520426287744227,0.9600827075395135,0.051623888313770294,1.1721247981835263,1.2080110718502937,0.05742130681132594,0.06518669426441193,268,410,21,6,0.7540562152862549,261600.0,,,,1453,178,295,90,701,692,139,138,243,63,56,33,,,,,,,,,,,,,,,,,,,,,2397,423,705,490
mar,gdm_early,3,0.8,risk_beta=1,0.5,2,0,4026,FedEns-RF,0.9933781563838975,0.9915387649893007,0.9598540145985401,0.9675174013921114,0.9494584837545126,0.9742990654205608,0.9546279491833031,0.962762170167903,0.05827187657388618,-0.9059950001064322,2.966074927085446,0.15670481980026055,0.5671530612244898,263,417,14,11,5.3036932945251465,,,,,1453,178,295,90,701,692,139,138,243,63,56,33,,,,,,,,,,,,,,,,,,,,,2397,423,705,490
mar,gdm_early,3,0.8,risk_beta=1,0.5,2,0,4026,FedAvg-GCN,0.9829288532863651,0.9792349774376853,0.9781021897810219,0.9651972157772621,0.9469964664310954,0.985781990521327,0.9622980251346499,0.9688395166704902,0.032160982489585876,0.8950355681343302,1.0392060570641266,0.030688102744149823,0.08863215148448944,268,416,15,6,4.0766401290893555,261600.0,,,,1453,178,295,90,701,692,139,138,243,63,56,33,,,,,,,,,,,,,,,,,,,,,2397,423,705,490
mar,gdm_early,3,0.8,risk_beta=1,0.5,2,0,4026,FedMatch-tab,0.9814977898961844,0.9748265687243229,0.9781021897810219,0.9675174013921114,0.950354609929078,0.9858156028368794,0.9640287769784173,0.9703047866156723,0.05033048987388611,1.1435704692842534,1.2119490903049455,0.05771311053094713,0.11389843374490738,268,417,14,6,1.1341300010681152,261600.0,,,,1453,178,295,90,701,692,139,138,243,63,56,33,,,,,,,,,,,,,,,,,,,,,2397,423,705,490
mar,gdm_early,3,0.8,risk_beta=1,0.5,2,0,4026,Local-TGNN,0.9726319711416329,0.9657012922616584,0.916058394160584,0.9605568445475638,0.9365671641791045,0.9473684210526315,0.9261992619926199,0.9400581563419321,0.08912903070449829,-2.0414807503945798,0.5283893502412202,0.10711171383480708,0.8942225575447083,251,414,17,23,51.25393080711365,0.0,1855.0,0.5481676074685193,,1453,178,295,90,701,692,139,138,243,63,56,33,,,,,,,,,,,,,,,,,,,,,2397,423,705,490
mar,gdm_early,3,0.8,risk_beta=1,0.5,2,1,4027,FedTGNN-SS,0.9876030958389079,0.9733963848738297,0.9781021897810219,0.9489559164733179,0.9241379310344827,0.9855421686746988,0.950354609929078,0.958628841607565,0.037222813814878464,0.33562060238294533,0.30256278385680485,0.03820029421171159,1.261784382222686e-05,268,409,22,6,63.58013105392456,8043792.0,1869.0,0.4264564849111322,,414,148,87,58,316,88,61,32,1667,697,346,224,,,,,,,,,,,,,,,,,,,,,2397,423,705,494
mar,gdm_early,3,0.8,risk_beta=1,0.5,2,1,4027,FedAvg-LR,0.9708283232001625,0.9618360347449643,0.948905109489051,0.9651972157772621,0.9454545454545454,0.9674418604651163,0.9471766848816029,0.9567474597462602,0.05216618627309799,0.6592262887171573,0.9762557482384241,0.04298756180714206,0.14529308676719666,260,416,15,14,1.302546739578247,22128.0,,0.5536724380509376,,414,148,87,58,316,88,61,32,1667,697,346,224,,,,,,,,,,,,,,,,,,,,,2397,423,705,494
mar,gdm_early,3,0.8,risk_beta=1,0.5,2,1,4027,FedAvg-MLP,0.9865192135078835,0.9782277663228391,0.9744525547445255,0.9582366589327146,0.9368421052631579,0.9833333333333333,0.9552772808586762,0.9629500387842147,0.0324942022562027,0.17068267869592796,0.8393464564674821,0.023191483275211873,0.12127992510795593,267,413,18,7,0.6937315464019775,261600.0,,,,414,148,87,58,316,88,61,32,1667,697,346,224,,,,,,,,,,,,,,,,,,,,,2397,423,705,494
mar,gdm_early,3,0.8,risk_beta=1,0.5,2,1,4027,FedEns-RF,0.9964858502548817,0.9945418142355282,0.9927007299270073,0.951276102088167,0.9283276450511946,0.9951456310679612,0.9594356261022927,0.9660760574165081,0.024877901752868924,0.2841886817343757,1.4629332190113875,0.037452938811841405,0.187580971659919,272,410,21,2,5.220594167709351,,,,,414,148,87,58,316,88,61,32,1667,697,346,224,,,,,,,,,,,,,,,,,,,,,2397,423,705,494
mar,gdm_early,3,0.8,risk_beta=1,0.5,2,1,4027,FedAvg-GCN,0.9909478889698038,0.9823808626308502,0.9781021897810219,0.9396751740139211,0.9115646258503401,0.9854014598540146,0.9436619718309859,0.9528286106185808,0.030879316851496696,-0.04577406096978632,0.8551264556458098,0.01598713797986083,0.04577949270606041,268,405,26,6,6.152113914489746,261600.0,,,,414,148,87,58,316,88,61,32,1667,697,346,224,,,,,,,,,,,,,,,,,,,,,2397,423,705,494
mar,gdm_early,3,0.8,risk_beta=1,0.5,2,1,4027,FedMatch-tab,0.9852321032397919,0.9771964021723343,0.9744525547445255,0.9559164733178654,0.9335664335664335,0.9832935560859188,0.9535714285714286,0.9614915966386555,0.033635545521974564,0.21713849967212043,0.8112599895477353,0.02232059005595057,0.08989016711711884,267,412,19,7,1.2516264915466309,261600.0,,,,414,148,87,58,316,88,61,32,1667,697,346,224,,,,,,,,,,,,,,,,,,,,,2397,423,705,494
mar,gdm_early,3,0.8,risk_beta=1,0.5,2,1,4027,Local-TGNN,0.987243213033685,0.9752747586154379,0.9671532846715328,0.9559164733178654,0.9330985915492958,0.9786223277909739,0.9498207885304659,0.9584784693826038,0.04682338982820511,0.9117043502683326,0.40227897318226286,0.04739691073616556,0.008799764327704906,265,412,19,9,51.48330998420715,0.0,1882.0,0.49398024521204814,,414,148,87,58,316,88,61,32,1667,697,346,224,,,,,,,,,,,,,,,,,,,,,2397,423,705,494
mar,gdm_early,3,0.8,risk_beta=1,0.5,2,2,4028,FedTGNN-SS,0.9831701864616321,0.9551930441647707,0.9671532846715328,0.962877030162413,0.9430604982206405,0.9787735849056604,0.954954954954955,0.9628575944365418,0.03738180920481682,2.482535720535714,0.3476702376982141,0.04073789690403228,0.005309769418090582,265,415,16,9,44.295387506484985,8043792.0,1933.0,0.37838568051334004,,370,333,74,72,372,283,65,62,1655,317,302,138,,,,,,,,,,,,,,,,,,,,,2397,423,705,441
mar,gdm_early,3,0.8,risk_beta=1,0.5,2,2,4028,FedAvg-LR,0.9306399986451472,0.9184843134372975,0.8905109489051095,0.9651972157772621,0.9420849420849421,0.9327354260089686,0.9155722326454033,0.9321304720809684,0.0743803083896637,1.2060293070911734,0.8851262672074097,0.06833284850503114,0.22181332111358643,244,416,15,30,0.9663345813751221,22128.0,,0.458722117688683,,370,333,74,72,372,283,65,62,1655,317,302,138,,,,,,,,,,,,,,,,,,,,,2397,423,705,441
mar,gdm_early,3,0.8,risk_beta=1,0.5,2,2,4028,FedAvg-MLP,0.9815062577268955,0.9730362731215769,0.9854014598540146,0.9443155452436195,0.9183673469387755,0.9902676399026764,0.9507042253521126,0.9587250342912582,0.047864336520433426,0.8971610672976998,0.9821909883033405,0.04055559431196104,0.07622925937175751,270,407,24,4,0.7526881694793701,261600.0,,,,370,333,74,72,372,283,65,62,1655,317,302,138,,,,,,,,,,,,,,,,,,,,,2397,423,705,441
mar,gdm_early,3,0.8,risk_beta=1,0.5,2,2,4028,FedEns-RF,0.995520517553813,0.9929767653534105,0.9671532846715328,0.9582366589327146,0.9363957597173145,0.9786729857819905,0.9515260323159784,0.9599365214334874,0.037130754712460565,-0.7710098997852461,2.0327500443127677,0.09465058458371532,0.47359410430839,265,413,18,9,3.872788190841675,,,,,370,333,74,72,372,283,65,62,1655,317,302,138,,,,,,,,,,,,,,,,,,,,,2397,423,705,441
mar,gdm_early,3,0.8,risk_beta=1,0.5,2,2,4028,FedAvg-GCN,0.9826409470421869,0.971376816646224,0.9927007299270073,0.9535962877030162,0.9315068493150684,0.9951573849878934,0.9611307420494699,0.9675321956692847,0.03960694745182991,0.7150557020525043,0.9216511825271161,0.03854157417378526,0.06486324220895767,272,411,20,2,3.1704790592193604,261600.0,,,,370,333,74,72,372,283,65,62,1655,317,302,138,,,,,,,,,,,,,,,,,,,,,2397,423,705,441
mar,gdm_early,3,0.8,risk_beta=1,0.5,2,2,4028,FedMatch-tab,0.9813707724355175,0.9724717744706872,0.9635036496350365,0.9605568445475638,0.9395017793594306,0.9764150943396226,0.9513513513513514,0.9598862019914651,0.04690801724791527,0.8792575019490779,0.9865899971818411,0.038214136607258045,0.13419084250926971,264,414,17,10,0.8105349540710449,261600.0,,,,370,333,74,72,372,283,65,62,1655,317,302,138,,,,,,,,,,,,,,,,,,,,,2397,423,705,441
mar,gdm_early,3,0.8,risk_beta=1,0.5,2,2,4028,Local-TGNN,0.9777634765525767,0.9470945916351347,0.9562043795620438,0.9211136890951276,0.8851351351351351,0.9706601466992665,0.9192982456140351,0.9322681704260651,0.055560171604156494,-1.7050253841701404,0.3984508711334292,0.05767235198811173,0.236147940158844,262,397,34,12,37.879961013793945,0.0,1918.0,0.43856161850082825,,370,333,74,72,372,283,65,62,1655,317,302,138,,,,,,,,,,,,,,,,,,,,,2397,423,705,441
mar,gdm_early,3,0.8,risk_beta=1,0.5,2,3,4029,FedTGNN-SS,0.9819196617336152,0.9601207091748657,0.9454545454545454,0.9697674418604652,0.9523809523809523,0.9652777777777778,0.948905109489051,0.9582112554405813,0.03778639808297157,2.2534093804164397,0.3513897151856123,0.03493552960914474,0.1122598722577095,260,417,13,15,43.99035453796387,8043792.0,1690.0,0.4716011271529888,,818,54,163,30,310,170,51,38,1269,708,234,196,,,,,,,,,,,,,,,,,,,,,2397,423,705,448
mar,gdm_early,3,0.8,risk_beta=1,0.5,2,3,4029,FedAvg-LR,0.973877378435518,0.9246837182431001,0.9381818181818182,0.9488372093023256,0.9214285714285714,0.96,0.9297297297297298,0.9420578473210053,0.049459222704172134,0.04984086310377365,0.9922692765743277,0.04477858092133882,0.38730016350746155,258,408,22,17,0.9898433685302734,22128.0,,0.5410809270516718,,818,54,163,30,310,170,51,38,1269,708,234,196,,,,,,,,,,,,,,,,,,,,,2397,423,705,448
mar,gdm_early,3,0.8,risk_beta=1,0.5,2,3,4029,FedAvg-MLP,0.9864439746300211,0.9529008489948484,0.9963636363636363,0.9651162790697675,0.9480968858131488,0.9975961538461539,0.9716312056737588,0.9763593380614657,0.028864696621894836,0.12669047211632575,1.2609657713470082,0.04383428520556039,0.22918075323104858,274,415,15,1,0.6708776950836182,261600.0,,,,818,54,163,30,310,170,51,38,1269,708,234,196,,,,,,,,,,,,,,,,,,,,,2397,423,705,448
mar,gdm_early,3,0.8,risk_beta=1,0.5,2,3,4029,FedEns-RF,0.9948498942917547,0.9913625538280957,0.9927272727272727,0.9488372093023256,0.9254237288135593,0.9951219512195122,0.9578947368421052,0.9646616541353383,0.028269094957381224,0.3661010456757874,1.6273193705285185,0.04679666919959474,0.27799107142857143,273,408,22,2,3.6437177658081055,,,,,818,54,163,30,310,170,51,38,1269,708,234,196,,,,,,,,,,,,,,,,,,,,,2397,423,705,448
mar,gdm_early,3,0.8,risk_beta=1,0.5,2,3,4029,FedAvg-GCN,0.9891162790697674,0.9629213565174081,0.9927272727272727,0.9651162790697675,0.9479166666666666,0.9952038369304557,0.9698046181172292,0.9748668899322863,0.02207542397081852,0.23293541107872656,1.0576502058642412,0.01509996049687371,0.09384024888277054,273,415,15,2,3.6007418632507324,261600.0,,,,818,54,163,30,310,170,51,38,1269,708,234,196,,,,,,,,,,,,,,,,,,,,,2397,423,705,448
mar,gdm_early,3,0.8,risk_beta=1,0.5,2,3,4029,FedMatch-tab,0.9863678646934462,0.9529769389512265,0.9927272727272727,0.9651162790697675,0.9479166666666666,0.9952038369304557,0.9698046181172292,0.9748668899322863,0.029892584308981895,0.2558055166504881,1.1994862905935941,0.03988945383499277,0.2145307958126068,273,415,15,2,1.104872465133667,261600.0,,,,818,54,163,30,310,170,51,38,1269,708,234,196,,,,,,,,,,,,,,,,,,,,,2397,423,705,448
mar,gdm_early,3,0.8,risk_beta=1,0.5,2,3,4029,Local-TGNN,0.9794080338266384,0.9584187307520743,0.92,0.9651162790697675,0.9440298507462687,0.9496567505720824,0.9318600368324125,0.944592071472723,0.043867096304893494,2.930548512004773,0.41098481086369804,0.04482506160353517,0.054843440651893616,253,415,15,22,38.108076333999634,0.0,1936.0,0.4016384878419453,,818,54,163,30,310,170,51,38,1269,708,234,196,,,,,,,,,,,,,,,,,,,,,2397,423,705,448
mar,gdm_early,3,0.8,risk_beta=1,0.5,2,4,4030,FedTGNN-SS,0.9696448202959831,0.9499463761105907,0.9236363636363636,0.9720930232558139,0.9548872180451128,0.9521640091116174,0.9390018484288355,0.9505135824422659,0.06702442467212677,5.5182690375592225,0.35931828731616827,0.06873639653418676,0.0106828473508358,254,418,12,21,39.66977262496948,8043792.0,1878.0,0.5014663011791325,,1036,855,220,203,1298,71,256,45,63,6,13,3,,,,,,,,,,,,,,,,,,,,,2397,423,705,489
mar,gdm_early,3,0.8,risk_beta=1,0.5,2,4,4030,FedAvg-LR,0.9729048625792811,0.9560064969831236,0.9163636363636364,0.9697674418604652,0.9509433962264151,0.9477272727272728,0.9333333333333333,0.945977011494253,0.11936479806900024,2.769542964847695,1.1065654193597427,0.142009723774349,0.044468171894550323,252,417,13,23,0.7932522296905518,22128.0,,0.44276204150894144,,1036,855,220,203,1298,71,256,45,63,6,13,3,,,,,,,,,,,,,,,,,,,,,2397,423,705,489
mar,gdm_early,3,0.8,risk_beta=1,0.5,2,4,4030,FedAvg-MLP,0.983323467230444,0.9710622540197964,0.9636363636363636,0.9627906976744186,0.9430604982206405,0.9764150943396226,0.9532374100719424,0.961396222600374,0.05047886446118355,0.776461725761179,1.3744400867158284,0.06629579210957737,0.1482733190059662,265,414,16,10,0.7029995918273926,261600.0,,,,1036,855,220,203,1298,71,256,45,63,6,13,3,,,,,,,,,,,,,,,,,,,,,2397,423,705,489
mar,gdm_early,3,0.8,risk_beta=1,0.5,2,4,4030,FedEns-RF,0.9943255813953489,0.9899902014352364,0.9927272727272727,0.9534883720930233,0.931740614334471,0.9951456310679612,0.9612676056338029,0.9675696698002744,0.034195264655322584,0.3186104175506833,2.081746143813967,0.06980652366241714,0.24380368098159508,273,410,20,2,3.9934542179107666,,,,,1036,855,220,203,1298,71,256,45,63,6,13,3,,,,,,,,,,,,,,,,,,,,,2397,423,705,489
mar,gdm_early,3,0.8,risk_beta=1,0.5,2,4,4030,FedAvg-GCN,0.9771585623678647,0.9681121329788603,0.9563636363636364,0.9720930232558139,0.9563636363636364,0.9720930232558139,0.9563636363636364,0.9642283298097252,0.046484798192977905,1.2476834467095435,1.1106157850615384,0.054645818252618446,0.10287559032440186,263,418,12,12,3.0402419567108154,261600.0,,,,1036,855,220,203,1298,71,256,45,63,6,13,3,,,,,,,,,,,,,,,,,,,,,2397,423,705,489
mar,gdm_early,3,0.8,risk_beta=1,0.5,2,4,4030,FedMatch-tab,0.982892177589852,0.9707174297449142,0.9636363636363636,0.9604651162790697,0.9397163120567376,0.9763593380614657,0.9515260323159784,0.9599365214334874,0.05180032178759575,0.9021418239293083,1.332803280976191,0.06481468666952551,0.13829244673252106,265,413,17,10,1.2120208740234375,261600.0,,,,1036,855,220,203,1298,71,256,45,63,6,13,3,,,,,,,,,,,,,,,,,,,,,2397,423,705,489
mar,gdm_early,3,0.8,risk_beta=1,0.5,2,4,4030,Local-TGNN,0.9387568710359407,0.9357914302781829,0.8981818181818182,0.9604651162790697,0.9356060606060606,0.9365079365079365,0.9165120593692022,0.9324236531059559,0.07415042817592621,3.5350068573053153,0.481736854080221,0.07726971391020411,0.013498054817318916,247,413,17,28,39.206340074539185,0.0,1879.0,0.5967352680967093,,1036,855,220,203,1298,71,256,45,63,6,13,3,,,,,,,,,,,,,,,,,,,,,2397,423,705,489
mar,gdm_early,3,0.8,risk_beta=1,0.5,3,0,5026,FedTGNN-SS,0.9749394550104155,0.9515177321418444,0.9562043795620438,0.9651972157772621,0.9458483754512635,0.9719626168224299,0.9509981851179673,0.9597831437813352,0.04045527055859566,2.862993325889898,0.3613630767754048,0.04202692067359593,0.012755559757351875,262,416,15,12,36.024309158325195,8043792.0,1867.0,0.5278759961979966,,526,366,108,99,105,44,26,14,1766,523,351,189,,,,,,,,,,,,,,,,,,,,,2397,423,705,485
mar,gdm_early,3,0.8,risk_beta=1,0.5,3,0,5026,FedAvg-LR,0.9680000677426457,0.9240574034796705,0.9306569343065694,0.9605568445475638,0.9375,0.9561200923787528,0.9340659340659341,0.9461996336996337,0.05930321291089058,0.6652235681265837,0.9554880661840377,0.055560192048338286,0.20145943760871887,255,414,17,19,1.0263583660125732,22128.0,,0.5224727644951379,,526,366,108,99,105,44,26,14,1766,523,351,189,,,,,,,,,,,,,,,,,,,,,2397,423,705,485
mar,gdm_early,3,0.8,risk_beta=1,0.5,3,0,5026,FedAvg-MLP,0.9786102596236895,0.9518715290690919,0.9708029197080292,0.9675174013921114,0.95,0.9811764705882353,0.9602888086642599,0.9672939370424103,0.03686992824077606,0.4537650536802601,0.887270320620792,0.0365049077184699,0.15850946307182312,266,417,14,8,0.7380392551422119,261600.0,,,,526,366,108,99,105,44,26,14,1766,523,351,189,,,,,,,,,,,,,,,,,,,,,2397,423,705,485
mar,gdm_early,3,0.8,risk_beta=1,0.5,3,0,5026,FedEns-RF,0.9959100377665249,0.9934086650410496,0.9927007299270073,0.9373549883990719,0.9096989966555183,0.9950738916256158,0.9493891797556719,0.9573708144895445,0.026654326213697618,-0.13459116637736165,1.8102129060826417,0.044099495503399894,0.22060824742268043,272,404,27,2,3.256572961807251,,,,,526,366,108,99,105,44,26,14,1766,523,351,189,,,,,,,,,,,,,,,,,,,,,2397,423,705,485
mar,gdm_early,3,0.8,risk_beta=1,0.5,3,0,5026,FedAvg-GCN,0.9787542127457788,0.9557993661335461,0.9525547445255474,0.974477958236659,0.9595588235294118,0.9699769053117783,0.9560439560439561,0.9641330891330891,0.034367334097623825,0.5786707462658812,0.80178962908582,0.027211354864457415,0.43691980838775635,261,420,11,13,2.8986916542053223,261600.0,,,,526,366,108,99,105,44,26,14,1766,523,351,189,,,,,,,,,,,,,,,,,,,,,2397,423,705,485
mar,gdm_early,3,0.8,risk_beta=1,0.5,3,0,5026,FedMatch-tab,0.9786864701000897,0.9521677298764021,0.9781021897810219,0.9675174013921114,0.950354609929078,0.9858156028368794,0.9640287769784173,0.9703047866156723,0.03618795797228813,0.4701473706004015,0.8586883181714117,0.03784021656986668,0.13939513266086578,268,417,14,6,0.9205424785614014,261600.0,,,,526,366,108,99,105,44,26,14,1766,523,351,189,,,,,,,,,,,,,,,,,,,,,2397,423,705,485
mar,gdm_early,3,0.8,risk_beta=1,0.5,3,0,5026,Local-TGNN,0.9441038494758414,0.880148652143085,0.9087591240875912,0.9164733178654292,0.8736842105263158,0.9404761904761905,0.8908765652951699,0.9095980946334838,0.07241477817296982,-2.1490263163149415,0.310454200301818,0.07026406390499985,0.8487337827682495,249,395,36,25,33.02384114265442,0.0,1899.0,0.4569218395847042,,526,366,108,99,105,44,26,14,1766,523,351,189,,,,,,,,,,,,,,,,,,,,,2397,423,705,485
mar,gdm_early,3,0.8,risk_beta=1,0.5,3,1,5027,FedTGNN-SS,0.9947668806205227,0.9896613511991652,0.9817518248175182,0.9721577726218097,0.9572953736654805,0.9882075471698113,0.9693693693693693,0.9747431642168485,0.022804055362939835,0.997121367663603,0.4640341577556975,0.023643906291158097,0.008947556838393211,269,419,12,5,34.090252161026,8043792.0,1879.0,0.3776951079783608,,197,96,45,30,1426,206,295,111,774,631,149,140,,,,,,,,,,,,,,,,,,,,,2397,423,705,489
mar,gdm_early,3,0.8,risk_beta=1,0.5,3,1,5027,FedAvg-LR,0.9712601825664301,0.9525373686606717,0.927007299270073,0.9280742459396751,0.8912280701754386,0.9523809523809523,0.9087656529516994,0.924418079119798,0.06685107201337814,0.8362908251256403,1.230142579150208,0.05980877135715164,0.2064952701330185,254,400,31,20,0.9568886756896973,22128.0,,0.4779445677239699,,197,96,45,30,1426,206,295,111,774,631,149,140,,,,,,,,,,,,,,,,,,,,,2397,423,705,489
mar,gdm_early,3,0.8,risk_beta=1,0.5,3,1,5027,FedAvg-MLP,0.9926922620962962,0.9839008091714594,0.9744525547445255,0.9721577726218097,0.956989247311828,0.9835680751173709,0.9656419529837251,0.9717357956283853,0.030170835554599762,0.46645735755795664,1.4368947964119192,0.04866088000489464,0.20419807732105255,267,419,12,7,0.584425687789917,261600.0,,,,197,96,45,30,1426,206,295,111,774,631,149,140,,,,,,,,,,,,,,,,,,,,,2397,423,705,489
mar,gdm_early,3,0.8,risk_beta=1,0.5,3,1,5027,FedEns-RF,0.9973538029027724,0.9956298910554613,0.9927007299270073,0.9721577726218097,0.9577464788732394,0.995249406175772,0.974910394265233,0.9792392346913019,0.019640689972947906,0.04082426093580374,2.001754253965049,0.04684036026628374,0.4223006134969325,272,419,12,2,3.5501277446746826,,,,,197,96,45,30,1426,206,295,111,774,631,149,140,,,,,,,,,,,,,,,,,,,,,2397,423,705,489
mar,gdm_early,3,0.8,risk_beta=1,0.5,3,1,5027,FedAvg-GCN,0.994987044219012,0.98813301813327,1.0,0.9791183294663574,0.9681978798586572,1.0,0.9838420107719928,0.9866455071444958,0.016822881996631622,0.2919813836128726,1.383523264887116,0.03234288747957414,0.10928811132907867,274,422,9,0,3.0354623794555664,261600.0,,,,197,96,45,30,1426,206,295,111,774,631,149,140,,,,,,,,,,,,,,,,,,,,,2397,423,705,489
mar,gdm_early,3,0.8,risk_beta=1,0.5,3,1,5027,FedMatch-tab,0.9927261334191407,0.9838701222377289,0.9963503649635036,0.9651972157772621,0.9479166666666666,0.9976019184652278,0.9715302491103203,0.9763311622910091,0.03020368330180645,0.49553261447951585,1.4211004470891775,0.04679993989725485,0.13864532113075256,273,416,15,1,0.9150276184082031,261600.0,,,,197,96,45,30,1426,206,295,111,774,631,149,140,,,,,,,,,,,,,,,,,,,,,2397,423,705,489
mar,gdm_early,3,0.8,risk_beta=1,0.5,3,1,5027,Local-TGNN,0.9922942740528732,0.9863934063328147,0.9671532846715328,0.9791183294663574,0.9671532846715328,0.9791183294663574,0.9671532846715328,0.9731358070689451,0.025326618924736977,1.7853273478917726,0.5002093879610712,0.025679353666855084,0.04766777157783508,265,422,9,9,32.94748497009277,0.0,1890.0,0.4714818198958651,,197,96,45,30,1426,206,295,111,774,631,149,140,,,,,,,,,,,,,,,,,,,,,2397,423,705,489
mar,gdm_early,3,0.8,risk_beta=1,0.5,3,2,5028,FedTGNN-SS,0.9799397090453368,0.9566046934997035,0.9233576642335767,0.951276102088167,0.9233576642335767,0.951276102088167,0.9233576642335767,0.9373168831608718,0.06590694189071655,7.049634616988644,0.3060581644234657,0.06502548626075823,0.0003197744081262499,253,410,21,21,32.03753447532654,8043792.0,1870.0,0.4394873866594846,,356,330,76,75,646,27,134,16,1395,576,264,185,,,,,,,,,,,,,,,,,,,,,2397,423,705,474
mar,gdm_early,3,0.8,risk_beta=1,0.5,3,2,5028,FedAvg-LR,0.9234931495249548,0.906597823271418,0.8832116788321168,0.9489559164733179,0.9166666666666666,0.927437641723356,0.8996282527881041,0.9188508236417585,0.07265740633010864,0.8781744102325467,0.7170693172365662,0.06307880754800553,0.30228492617607117,242,409,22,32,0.9802417755126953,22128.0,,0.5130337851991502,,356,330,76,75,646,27,134,16,1395,576,264,185,,,,,,,,,,,,,,,,,,,,,2397,423,705,474
mar,gdm_early,3,0.8,risk_beta=1,0.5,3,2,5028,FedAvg-MLP,0.9844107236608126,0.9695172967852941,0.9306569343065694,0.9582366589327146,0.9340659340659341,0.9560185185185185,0.9323583180987203,0.9447423108454204,0.04610110819339752,0.8607841955798099,0.9059996260093087,0.03158821263845931,0.17404650151729584,255,413,18,19,0.6144387722015381,261600.0,,,,356,330,76,75,646,27,134,16,1395,576,264,185,,,,,,,,,,,,,,,,,,,,,2397,423,705,474
mar,gdm_early,3,0.8,risk_beta=1,0.5,3,2,5028,FedEns-RF,0.9934289633681643,0.9897314782988488,0.9781021897810219,0.9466357308584686,0.9209621993127147,0.9855072463768116,0.9486725663716814,0.9571765198722313,0.04323915989410883,-0.38312376442721013,2.273845914652039,0.11926297992039984,0.3492194092827004,268,408,23,6,4.181051254272461,,,,,356,330,76,75,646,27,134,16,1395,576,264,185,,,,,,,,,,,,,,,,,,,,,2397,423,705,474
mar,gdm_early,3,0.8,risk_beta=1,0.5,3,2,5028,FedAvg-GCN,0.9817772283096516,0.9734282179486196,0.9416058394160584,0.9535962877030162,0.9280575539568345,0.9625292740046838,0.9347826086956522,0.9464122833688051,0.04545926675200462,0.8325737235183375,0.8886531019210333,0.03248414041091363,0.1490132212638855,258,411,20,16,2.877362012863159,261600.0,,,,356,330,76,75,646,27,134,16,1395,576,264,185,,,,,,,,,,,,,,,,,,,,,2397,423,705,474
mar,gdm_early,3,0.8,risk_beta=1,0.5,3,2,5028,FedMatch-tab,0.9828018358256981,0.9666958958004617,0.9343065693430657,0.9559164733178654,0.9309090909090909,0.958139534883721,0.9326047358834244,0.9448157245038493,0.047167688608169556,0.9989389334802696,0.8653319615021081,0.039485883041687896,0.15151846408843994,256,412,19,18,1.0021991729736328,261600.0,,,,356,330,76,75,646,27,134,16,1395,576,264,185,,,,,,,,,,,,,,,,,,,,,2397,423,705,474
mar,gdm_early,3,0.8,risk_beta=1,0.5,3,2,5028,Local-TGNN,0.9544684742662625,0.9365682661728565,0.8503649635036497,0.9698375870069605,0.9471544715447154,0.9106753812636166,0.8961538461538462,0.9177398444252377,0.08379301428794861,3.6155044381536623,0.39631371445298613,0.09077928540699766,0.2267613559961319,233,418,13,41,35.65899920463562,0.0,1909.0,0.48785648023461115,,356,330,76,75,646,27,134,16,1395,576,264,185,,,,,,,,,,,,,,,,,,,,,2397,423,705,474
mar,gdm_early,3,0.8,risk_beta=1,0.5,3,3,5029,FedTGNN-SS,0.9802706131078224,0.976160630279137,0.9527272727272728,0.9186046511627907,0.8821548821548821,0.9681372549019608,0.916083916083916,0.9294023399035332,0.049563873559236526,1.7436723696789174,0.30621480680934937,0.05124245861888671,0.0007353825494647026,262,395,35,13,35.16784644126892,8043792.0,1885.0,0.4345690734107289,,520,487,104,103,1425,437,291,181,452,8,98,6,,,,,,,,,,,,,,,,,,,,,2397,423,705,493
mar,gdm_early,3,0.8,risk_beta=1,0.5,3,3,5029,FedAvg-LR,0.9647357293868922,0.9539550135986529,0.9272727272727272,0.9697674418604652,0.9514925373134329,0.954233409610984,0.9392265193370166,0.9505821177999962,0.0488273985683918,0.12154924183431118,1.0711421221116841,0.04322365345895711,0.3884924054145813,255,417,13,20,0.8540182113647461,22128.0,,0.5509055860054953,,520,487,104,103,1425,437,291,181,452,8,98,6,,,,,,,,,,,,,,,,,,,,,2397,423,705,493
mar,gdm_early,3,0.8,risk_beta=1,0.5,3,3,5029,FedAvg-MLP,0.9787991543340382,0.9713082423005359,0.9745454545454545,0.9674418604651163,0.950354609929078,0.983451536643026,0.9622980251346499,0.9688395166704902,0.031228793784976006,0.1832467152282787,0.9810285121152625,0.01741924225649934,0.26871728897094727,268,416,14,7,0.7469995021820068,261600.0,,,,520,487,104,103,1425,437,291,181,452,8,98,6,,,,,,,,,,,,,,,,,,,,,2397,423,705,493
mar,gdm_early,3,0.8,risk_beta=1,0.5,3,3,5029,FedEns-RF,0.9969133192389006,0.995453025359688,0.9709090909090909,0.9627906976744186,0.9434628975265018,0.981042654028436,0.956989247311828,0.9644101166136605,0.047068166631694296,-0.6360182537180086,2.946720654377496,0.15053159840605357,0.48932048681541584,267,414,16,8,3.6442224979400635,,,,,520,487,104,103,1425,437,291,181,452,8,98,6,,,,,,,,,,,,,,,,,,,,,2397,423,705,493
mar,gdm_early,3,0.8,risk_beta=1,0.5,3,3,5029,FedAvg-GCN,0.9798985200845667,0.9765175562417691,0.9709090909090909,0.9604651162790697,0.9401408450704225,0.9809976247030879,0.9552772808586762,0.9629500387842147,0.025290699675679207,0.14531274270242886,0.8828341043159169,0.008641610638046946,0.10128770768642426,267,413,17,8,2.4361588954925537,261600.0,,,,520,487,104,103,1425,437,291,181,452,8,98,6,,,,,,,,,,,,,,,,,,,,,2397,423,705,493
mar,gdm_early,3,0.8,risk_beta=1,0.5,3,3,5029,FedMatch-tab,0.9786215644820296,0.9700853622159018,0.9745454545454545,0.9651162790697675,0.9469964664310954,0.9834123222748815,0.9605734767025089,0.9673759402291887,0.03220164403319359,0.23154285718188708,0.9899278611139188,0.022061052868235186,0.2538582682609558,268,415,15,7,1.1451032161712646,261600.0,,,,520,487,104,103,1425,437,291,181,452,8,98,6,,,,,,,,,,,,,,,,,,,,,2397,423,705,493
mar,gdm_early,3,0.8,risk_beta=1,0.5,3,3,5029,Local-TGNN,0.8619534883720931,0.7155236290328901,0.9272727272727272,0.7558139534883721,0.7083333333333334,0.9420289855072463,0.8031496062992126,0.8209296418592837,0.17952784895896912,-3.806803661703706,0.20541793679976203,0.17668319015321157,0.03774808347225189,255,325,105,20,30.98682427406311,0.0,1879.0,0.479224030037547,,520,487,104,103,1425,437,291,181,452,8,98,6,,,,,,,,,,,,,,,,,,,,,2397,423,705,493
mar,gdm_early,3,0.8,risk_beta=1,0.5,3,4,5030,FedTGNN-SS,0.9881775898520084,0.9752562864261587,0.9709090909090909,0.9627906976744186,0.9434628975265018,0.981042654028436,0.956989247311828,0.9644101166136605,0.03739834204316139,1.8857732523382456,0.31612373438007274,0.0380077757700908,2.9417310543067288e-06,267,414,16,8,35.772114276885986,8043792.0,1841.0,0.4631863417982154,,477,195,101,64,132,62,30,22,1788,675,365,266,,,,,,,,,,,,,,,,,,,,,2397,423,705,496
mar,gdm_early,3,0.8,risk_beta=1,0.5,3,4,5030,FedAvg-LR,0.9602367864693446,0.9503462076841628,0.9163636363636364,0.9465116279069767,0.9163636363636364,0.9465116279069767,0.9163636363636364,0.9314376321353066,0.06229296699166298,0.6039917584819288,0.8508609672319151,0.04224372035064173,0.2133319079875946,252,407,23,23,0.7096555233001709,22128.0,,0.5513669640814459,,477,195,101,64,132,62,30,22,1788,675,365,266,,,,,,,,,,,,,,,,,,,,,2397,423,705,496
mar,gdm_early,3,0.8,risk_beta=1,0.5,3,4,5030,FedAvg-MLP,0.9846849894291755,0.9756739172021018,0.9745454545454545,0.958139534883721,0.9370629370629371,0.9832935560859188,0.9554367201426025,0.962995156302161,0.03667055442929268,-0.008278102710661506,0.8194441358361326,0.02515503578944831,0.20447126030921936,268,412,18,7,0.5878458023071289,261600.0,,,,477,195,101,64,132,62,30,22,1788,675,365,266,,,,,,,,,,,,,,,,,,,,,2397,423,705,496
mar,gdm_early,3,0.8,risk_beta=1,0.5,3,4,5030,FedEns-RF,0.9941057082452431,0.990489553720932,1.0,0.9418604651162791,0.9166666666666666,1.0,0.9565217391304348,0.9632908096849779,0.030237988814139284,0.07254362627467036,1.4171372421706172,0.03210346602608099,0.17689516129032257,275,405,25,0,3.517886161804199,,,,,477,195,101,64,132,62,30,22,1788,675,365,266,,,,,,,,,,,,,,,,,,,,,2397,423,705,496
mar,gdm_early,3,0.8,risk_beta=1,0.5,3,4,5030,FedAvg-GCN,0.9835010570824523,0.9725460602994294,0.9818181818181818,0.958139534883721,0.9375,0.988009592326139,0.9591474245115453,0.9659963804966227,0.030658980831503868,-0.41672242121134306,0.7702973233857127,0.01909988572068035,0.1567172259092331,270,412,18,5,2.438920259475708,261600.0,,,,477,195,101,64,132,62,30,22,1788,675,365,266,,,,,,,,,,,,,,,,,,,,,2397,423,705,496
mar,gdm_early,3,0.8,risk_beta=1,0.5,3,4,5030,FedMatch-tab,0.9849640591966173,0.9753263616892005,0.9818181818181818,0.9534883720930233,0.9310344827586207,0.9879518072289156,0.9557522123893806,0.9630832067864062,0.03846864029765129,0.1373555078378584,0.7800269927944805,0.02619291058748114,0.13058902323246002,270,410,20,5,0.9431092739105225,261600.0,,,,477,195,101,64,132,62,30,22,1788,675,365,266,,,,,,,,,,,,,,,,,,,,,2397,423,705,496
mar,gdm_early,3,0.8,risk_beta=1,0.5,3,4,5030,Local-TGNN,0.9792304439746301,0.9585309001894624,0.9490909090909091,0.9488372093023256,0.9222614840989399,0.966824644549763,0.9354838709677419,0.9466151749204906,0.05004624277353287,-1.1129250714629757,0.35031524719875146,0.04905879637635152,0.2595979571342468,261,408,22,14,33.55113863945007,0.0,1877.0,0.46498941889727746,,477,195,101,64,132,62,30,22,1788,675,365,266,,,,,,,,,,,,,,,,,,,,,2397,423,705,496
mar,gdm_early,3,0.8,risk_beta=1,0.5,4,0,6026,FedTGNN-SS,0.9287770758886988,0.9110793646820089,0.8576642335766423,0.8793503480278422,0.818815331010453,0.9066985645933014,0.8377896613190731,0.8653023689398663,0.11716146022081375,2.8835642042741076,0.3043075106992319,0.11225459034561262,0.016411958262324333,235,379,52,39,33.21628284454346,8043792.0,1864.0,0.6056023999883496,,42,24,9,6,896,879,166,165,1459,30,312,17,,,,,,,,,,,,,,,,,,,,,2397,423,705,487
mar,gdm_early,3,0.8,risk_beta=1,0.5,4,0,6026,FedAvg-LR,0.9551543685538639,0.9303364931449802,0.8868613138686131,0.9048723897911833,0.8556338028169014,0.9263657957244655,0.8709677419354839,0.8932303498409814,0.14047780632972717,3.0654010593755356,0.8020696317636007,0.16608780776844062,0.023224908858537674,243,390,41,31,1.0115673542022705,22128.0,,0.4659268644326969,,42,24,9,6,896,879,166,165,1459,30,312,17,,,,,,,,,,,,,,,,,,,,,2397,423,705,487
mar,gdm_early,3,0.8,risk_beta=1,0.5,4,0,6026,FedAvg-MLP,0.9752908699849273,0.9576109916599782,0.9343065693430657,0.9350348027842227,0.9014084507042254,0.9572446555819477,0.9175627240143369,0.9317860568428492,0.11471609771251678,2.316390759562822,1.237825862160659,0.16872996301621407,0.038198504596948624,256,403,28,18,0.6425628662109375,261600.0,,,,42,24,9,6,896,879,166,165,1459,30,312,17,,,,,,,,,,,,,,,,,,,,,2397,423,705,487
mar,gdm_early,3,0.8,risk_beta=1,0.5,4,0,6026,FedEns-RF,0.9922688705607399,0.9871243318803545,0.9890510948905109,0.9419953596287703,0.9155405405405406,0.9926650366748166,0.9508771929824561,0.9587719298245614,0.10709040771477286,-0.7128193854090047,5.101677885174464,0.2436116038271659,0.3656365503080082,271,406,25,3,3.2854156494140625,,,,,42,24,9,6,896,879,166,165,1459,30,312,17,,,,,,,,,,,,,,,,,,,,,2397,423,705,487
mar,gdm_early,3,0.8,risk_beta=1,0.5,4,0,6026,FedAvg-GCN,0.9846308872593019,0.970918917519566,0.9635036496350365,0.951276102088167,0.9263157894736842,0.9761904761904762,0.9445438282647585,0.9540580480924262,0.07614277303218842,1.78392898474705,1.3076835660989945,0.11038170915546147,0.07817058265209198,264,410,21,10,3.495846748352051,261600.0,,,,42,24,9,6,896,879,166,165,1459,30,312,17,,,,,,,,,,,,,,,,,,,,,2397,423,705,487
mar,gdm_early,3,0.8,risk_beta=1,0.5,4,0,6026,FedMatch-tab,0.9759767642725287,0.9581643902517217,0.9343065693430657,0.9373549883990719,0.9045936395759717,0.957345971563981,0.9192100538599641,0.9332275357224791,0.11498429626226425,2.3275945843399373,1.2400148826135875,0.1704516335806631,0.0418684296309948,256,404,27,18,0.7173252105712891,261600.0,,,,42,24,9,6,896,879,166,165,1459,30,312,17,,,,,,,,,,,,,,,,,,,,,2397,423,705,487
mar,gdm_early,3,0.8,risk_beta=1,0.5,4,0,6026,Local-TGNN,0.6971056954629362,0.621607018856095,0.8576642335766423,0.5475638051044084,0.5465116279069767,0.8581818181818182,0.6676136363636364,0.6680844385784188,0.33795106410980225,-3.203824396572856,0.13173573171668285,0.34603858320636954,0.016570985317230225,235,236,195,39,36.537564516067505,0.0,1876.0,0.7097135450798782,,42,24,9,6,896,879,166,165,1459,30,312,17,,,,,,,,,,,,,,,,,,,,,2397,423,705,487
mar,gdm_early,3,0.8,risk_beta=1,0.5,4,1,6027,FedTGNN-SS,0.9901180415601132,0.9859108570353444,0.9744525547445255,0.9767981438515081,0.9638989169675091,0.9836448598130841,0.969147005444646,0.9746782757141741,0.025612303987145424,2.4616138889579053,0.4530162542124833,0.024643804197338352,0.0043328446336090565,267,421,10,7,32.867323875427246,8043792.0,1901.0,0.3636873370915924,,1031,273,214,123,623,44,128,26,743,616,126,121,,,,,,,,,,,,,,,,,,,,,2397,423,705,468
mar,gdm_early,3,0.8,risk_beta=1,0.5,4,1,6027,FedAvg-LR,0.9754602265991499,0.9663901832794558,0.916058394160584,0.9814385150812065,0.9691119691119691,0.9484304932735426,0.9418386491557224,0.953245436322445,0.04654067009687424,0.3557498279335965,1.2539877948174336,0.044790142774581904,0.4389656186103821,251,423,8,23,0.8830068111419678,22128.0,,0.508956173849791,,1031,273,214,123,623,44,128,26,743,616,126,121,,,,,,,,,,,,,,,,,,,,,2397,423,705,468
mar,gdm_early,3,0.8,risk_beta=1,0.5,4,1,6027,FedAvg-MLP,0.9859857401730825,0.9822509462185904,0.9671532846715328,0.9791183294663574,0.9671532846715328,0.9791183294663574,0.9671532846715328,0.9731358070689451,0.030296016484498978,0.6067824658346815,1.2141736232069205,0.03941648493368998,0.24261829257011414,265,422,9,9,0.50606369972229,261600.0,,,,1031,273,214,123,623,44,128,26,743,616,126,121,,,,,,,,,,,,,,,,,,,,,2397,423,705,468
mar,gdm_early,3,0.8,risk_beta=1,0.5,4,1,6027,FedEns-RF,0.9977052178772842,0.9963411249255832,0.9927007299270073,0.9698375870069605,0.9543859649122807,0.9952380952380953,0.9731663685152058,0.9777700232705289,0.02316553075112336,-0.150079707338778,2.3703033606917803,0.07222455597987515,0.3071367521367521,272,418,13,2,3.888272285461426,,,,,1031,273,214,123,623,44,128,26,743,616,126,121,,,,,,,,,,,,,,,,,,,,,2397,423,705,468
mar,gdm_early,3,0.8,risk_beta=1,0.5,4,1,6027,FedAvg-GCN,0.9873490609175741,0.9838982075254845,0.9854014598540146,0.9767981438515081,0.9642857142857143,0.9905882352941177,0.9747292418772563,0.9791870508451702,0.021678077057003975,0.33301473109205126,1.1374540355699585,0.02458012632972804,0.24782437086105347,270,421,10,4,2.369114398956299,261600.0,,,,1031,273,214,123,623,44,128,26,743,616,126,121,,,,,,,,,,,,,,,,,,,,,2397,423,705,468
mar,gdm_early,3,0.8,risk_beta=1,0.5,4,1,6027,FedMatch-tab,0.9861296932951716,0.9828407174622387,0.9671532846715328,0.9791183294663574,0.9671532846715328,0.9791183294663574,0.9671532846715328,0.9731358070689451,0.03052285872399807,0.695974028941086,1.1973921488685852,0.04034350714415102,0.22325126826763153,265,422,9,9,0.813565731048584,261600.0,,,,1031,273,214,123,623,44,128,26,743,616,126,121,,,,,,,,,,,,,,,,,,,,,2397,423,705,468
mar,gdm_early,3,0.8,risk_beta=1,0.5,4,1,6027,Local-TGNN,0.972513421511677,0.9661233058379511,0.948905109489051,0.9767981438515081,0.9629629629629629,0.967816091954023,0.9558823529411765,0.9640843635375629,0.034245990216732025,2.4330035581608693,0.4974772373294216,0.031034141852923323,0.015104551799595356,260,421,10,14,36.1906316280365,0.0,1915.0,0.5132766563617628,,1031,273,214,123,623,44,128,26,743,616,126,121,,,,,,,,,,,,,,,,,,,,,2397,423,705,468
mar,gdm_early,3,0.8,risk_beta=1,0.5,4,2,6028,FedTGNN-SS,0.9876750723999527,0.9757655873273817,0.9963503649635036,0.9466357308584686,0.9222972972972973,0.9975550122249389,0.9578947368421052,0.9646616541353383,0.038307297974824905,-1.8273957281009379,0.35830857296186536,0.04206436786483578,0.0010428865207359195,273,408,23,1,32.28628611564636,8043792.0,1844.0,0.4264880150821438,,842,73,168,46,914,395,172,133,641,465,134,125,,,,,,,,,,,,,,,,,,,,,2397,423,705,474
mar,gdm_early,3,0.8,risk_beta=1,0.5,4,2,6028,FedAvg-LR,0.9724710823581214,0.9434856344219367,0.9781021897810219,0.9373549883990719,0.9084745762711864,0.9853658536585366,0.9420035149384886,0.9513822568747139,0.04599512368440628,-0.17625180970411505,0.710536756435327,0.04700784763017444,0.211819589138031,268,404,27,6,0.8007345199584961,22128.0,,0.5823443157674237,,842,73,168,46,914,395,172,133,641,465,134,125,,,,,,,,,,,,,,,,,,,,,2397,423,705,474
mar,gdm_early,3,0.8,risk_beta=1,0.5,4,2,6028,FedAvg-MLP,0.9821074737073856,0.9657139501946022,0.9927007299270073,0.9373549883990719,0.9096989966555183,0.9950738916256158,0.9493891797556719,0.9573708144895445,0.03921481594443321,-0.3036143807510102,0.8451032448030247,0.0399665386198049,0.10591918230056763,272,404,27,2,0.5268981456756592,261600.0,,,,842,73,168,46,914,395,172,133,641,465,134,125,,,,,,,,,,,,,,,,,,,,,2397,423,705,474
mar,gdm_early,3,0.8,risk_beta=1,0.5,4,2,6028,FedEns-RF,0.9919132216708724,0.9876777246881276,0.9927007299270073,0.9373549883990719,0.9096989966555183,0.9950738916256158,0.9493891797556719,0.9573708144895445,0.03367212571256274,-0.13574869174641846,1.6074703549792015,0.04581021635694406,0.365126582278481,272,404,27,2,4.208436012268066,,,,,842,73,168,46,914,395,172,133,641,465,134,125,,,,,,,,,,,,,,,,,,,,,2397,423,705,474
mar,gdm_early,3,0.8,risk_beta=1,0.5,4,2,6028,FedAvg-GCN,0.9840720104323674,0.9659284417260205,0.9854014598540146,0.9535962877030162,0.9310344827586207,0.9903614457831326,0.9574468085106383,0.9645390070921986,0.029866309836506844,-1.4088938955701018,0.764789686013595,0.02603229955763471,0.41919630765914917,270,411,20,4,2.680063486099243,261600.0,,,,842,73,168,46,914,395,172,133,641,465,134,125,,,,,,,,,,,,,,,,,,,,,2397,423,705,474
mar,gdm_early,3,0.8,risk_beta=1,0.5,4,2,6028,FedMatch-tab,0.9817772283096516,0.9649750924117955,0.9927007299270073,0.9419953596287703,0.9158249158249159,0.9950980392156863,0.9527145359019265,0.9602666839223577,0.03952733054757118,-0.13077899245936686,0.8368328849009145,0.03530512295716198,0.10984281450510025,272,406,25,2,0.8632018566131592,261600.0,,,,842,73,168,46,914,395,172,133,641,465,134,125,,,,,,,,,,,,,,,,,,,,,2397,423,705,474
mar,gdm_early,3,0.8,risk_beta=1,0.5,4,2,6028,Local-TGNN,0.9767473368672412,0.9617871449593649,0.9635036496350365,0.9489559164733179,0.9230769230769231,0.9761336515513126,0.9428571428571428,0.9526050420168067,0.039150670170784,-0.5593280219633393,0.43322764414353243,0.03766219741995084,0.050774723291397095,264,409,22,10,37.97661876678467,0.0,1908.0,0.4598916719035221,,842,73,168,46,914,395,172,133,641,465,134,125,,,,,,,,,,,,,,,,,,,,,2397,423,705,474
mar,gdm_early,3,0.8,risk_beta=1,0.5,4,3,6029,FedTGNN-SS,0.9921437632135306,0.9884088792655401,0.9890909090909091,0.9720930232558139,0.9577464788732394,0.9928741092636579,0.9731663685152058,0.9777700232705289,0.029061714187264442,5.384710624827528,0.4358273804662959,0.02827427356457668,1.5374782378785312e-05,272,418,12,3,32.66492176055908,8043792.0,1845.0,0.4256912426152306,,278,51,50,19,751,544,166,153,1368,337,287,136,,,,,,,,,,,,,,,,,,,,,2397,423,705,503
mar,gdm_early,3,0.8,risk_beta=1,0.5,4,3,6029,FedAvg-LR,0.9784862579281184,0.9599758213302149,0.9236363636363636,0.958139534883721,0.9338235294117647,0.9515011547344111,0.9287020109689214,0.9417554087289566,0.05247583985328674,0.8852236515894343,1.0362079739658197,0.04719474651183644,0.23430193960666656,254,412,18,21,1.3953015804290771,22128.0,,0.5138460020021713,,278,51,50,19,751,544,166,153,1368,337,287,136,,,,,,,,,,,,,,,,,,,,,2397,423,705,503
mar,gdm_early,3,0.8,risk_beta=1,0.5,4,3,6029,FedAvg-MLP,0.9897420718816067,0.9841012201639252,0.9890909090909091,0.9744186046511628,0.9611307420494699,0.9928909952606635,0.974910394265233,0.9792392346913019,0.02649628184735775,0.7054751378064594,1.0856154571139738,0.02655763748689745,0.16530795395374298,272,419,11,3,0.7761445045471191,261600.0,,,,278,51,50,19,751,544,166,153,1368,337,287,136,,,,,,,,,,,,,,,,,,,,,2397,423,705,503
mar,gdm_early,3,0.8,risk_beta=1,0.5,4,3,6029,FedEns-RF,0.9964735729386892,0.9944185825582221,0.9927272727272727,0.9534883720930233,0.931740614334471,0.9951456310679612,0.9612676056338029,0.9675696698002744,0.024994985836149865,-0.13056045337194883,1.931854889951915,0.052504321588201334,0.3584194831013916,273,410,20,2,4.957630157470703,,,,,278,51,50,19,751,544,166,153,1368,337,287,136,,,,,,,,,,,,,,,,,,,,,2397,423,705,503
mar,gdm_early,3,0.8,risk_beta=1,0.5,4,3,6029,FedAvg-GCN,0.9913234672304441,0.9866120151288772,0.9854545454545455,0.9767441860465116,0.9644128113879004,0.9905660377358491,0.9748201438848921,0.9792133506309706,0.018841953948140144,0.6985267131012035,0.9373298210280558,0.013926227509988662,0.24411025643348694,271,420,10,4,4.867539882659912,261600.0,,,,278,51,50,19,751,544,166,153,1368,337,287,136,,,,,,,,,,,,,,,,,,,,,2397,423,705,503
mar,gdm_early,3,0.8,risk_beta=1,0.5,4,3,6029,FedMatch-tab,0.9896744186046512,0.9834939697615586,0.9854545454545455,0.9744186046511628,0.9609929078014184,0.9905437352245863,0.9730700179533214,0.9777425119074931,0.026768745854496956,0.7063429353992076,1.0777688724327577,0.027059633084011405,0.1619386374950409,271,419,11,4,1.030588150024414,261600.0,,,,278,51,50,19,751,544,166,153,1368,337,287,136,,,,,,,,,,,,,,,,,,,,,2397,423,705,503
mar,gdm_early,3,0.8,risk_beta=1,0.5,4,3,6029,Local-TGNN,0.9782367864693445,0.9613262978600249,0.92,0.9511627906976744,0.9233576642335767,0.9489559164733179,0.9216757741347905,0.935866923072041,0.04728183522820473,-2.0066782937613135,0.4237417210557928,0.046343274702853016,0.9644216299057007,253,409,21,22,40.79409909248352,0.0,1857.0,0.4571901921802518,,278,51,50,19,751,544,166,153,1368,337,287,136,,,,,,,,,,,,,,,,,,,,,2397,423,705,503
mar,gdm_early,3,0.8,risk_beta=1,0.5,4,4,6030,FedTGNN-SS,0.9836109936575053,0.9638121254834412,0.9890909090909091,0.9465116279069767,0.9220338983050848,0.9926829268292683,0.9543859649122807,0.9617167919799499,0.033815596252679825,1.7641287183914314,0.35947300786340886,0.03514347227640345,7.374384586000815e-05,272,407,23,3,38.35795974731445,8043792.0,1825.0,0.4404159107152675,,268,23,60,12,1515,359,314,152,614,550,142,137,,,,,,,,,,,,,,,,,,,,,2397,423,705,516
mar,gdm_early,3,0.8,risk_beta=1,0.5,4,4,6030,FedAvg-LR,0.95661733615222,0.9387205007652665,0.9163636363636364,0.9627906976744186,0.9402985074626866,0.9473684210526315,0.9281767955801105,0.9415970483090863,0.07384289056062698,1.471259721519512,0.8323094075675993,0.08381131264704762,0.1982024610042572,252,414,16,23,0.6757762432098389,22128.0,,0.4691654296552862,,268,23,60,12,1515,359,314,152,614,550,142,137,,,,,,,,,,,,,,,,,,,,,2397,423,705,516
mar,gdm_early,3,0.8,risk_beta=1,0.5,4,4,6030,FedAvg-MLP,0.9737589852008457,0.9553571447579539,0.92,0.9558139534883721,0.9301470588235294,0.9491916859122402,0.9250457038391224,0.9387685066124929,0.05020023137331009,1.2242417150267757,0.8610724319645616,0.055053171557737576,0.10635978728532791,253,411,19,22,0.5391020774841309,261600.0,,,,268,23,60,12,1515,359,314,152,614,550,142,137,,,,,,,,,,,,,,,,,,,,,2397,423,705,516
mar,gdm_early,3,0.8,risk_beta=1,0.5,4,4,6030,FedEns-RF,0.994909090909091,0.9914509411329816,1.0,0.9372093023255814,0.9105960264900662,1.0,0.9532062391681109,0.9603966369910182,0.030851773471039016,-0.22802919241230793,2.066677523057791,0.06950918137335757,0.19284883720930232,275,403,27,0,3.194200038909912,,,,,268,23,60,12,1515,359,314,152,614,550,142,137,,,,,,,,,,,,,,,,,,,,,2397,423,705,516
mar,gdm_early,3,0.8,risk_beta=1,0.5,4,4,6030,FedAvg-GCN,0.9864947145877377,0.9710153219054618,0.9781818181818182,0.9534883720930233,0.9307958477508651,0.9855769230769231,0.9539007092198581,0.9615839243498818,0.04108898714184761,1.1143764837263794,0.9257811250215928,0.03604195019137774,0.06587939709424973,269,410,20,6,2.3466289043426514,261600.0,,,,268,23,60,12,1515,359,314,152,614,550,142,137,,,,,,,,,,,,,,,,,,,,,2397,423,705,516
mar,gdm_early,3,0.8,risk_beta=1,0.5,4,4,6030,FedMatch-tab,0.9679408033826639,0.950280748137478,0.9163636363636364,0.958139534883721,0.9333333333333333,0.9471264367816092,0.9247706422018349,0.9386858991355995,0.051150280982255936,1.295535998971788,0.8061779102441021,0.05663493108400638,0.12470230460166931,252,412,18,23,0.7302150726318359,261600.0,,,,268,23,60,12,1515,359,314,152,614,550,142,137,,,,,,,,,,,,,,,,,,,,,2397,423,705,516
mar,gdm_early,3,0.8,risk_beta=1,0.5,4,4,6030,Local-TGNN,0.9754587737843551,0.9638485983209351,0.9418181818181818,0.9255813953488372,0.8900343642611683,0.961352657004831,0.9151943462897526,0.9291611541875303,0.048520997166633606,1.088394643998363,0.4550148964596048,0.043581763353753605,0.05953468009829521,259,398,32,16,29.27895450592041,0.0,1803.0,0.49408571114409805,,268,23,60,12,1515,359,314,152,614,550,142,137,,,,,,,,,,,,,,,,,,,,,2397,423,705,516
mar,gdm_early,3,0.8,risk_beta=2.5,0.5,0,0,2026,FedTGNN-SS,0.9491506765796738,0.9423297188964174,0.9014598540145985,0.9605568445475638,0.9356060606060606,0.9387755102040817,0.9182156133828996,0.9338784488932846,0.07037615031003952,9.99999335625205,0.2759705104739546,0.07167444475914075,3.205838538633543e-06,247,414,17,27,34.860493183135986,8043792.0,1867.0,0.3752747331470736,,316,16,59,13,1454,594,303,276,627,323,133,118,,,,,,,,,,,,,,,,,,,,,2397,423,705,495
mar,gdm_early,3,0.8,risk_beta=2.5,0.5,0,0,2026,FedAvg-LR,0.9240943655054449,0.9054500612105596,0.8321167883211679,0.9443155452436195,0.9047619047619048,0.8984547461368654,0.8669201520912547,0.8938673158646319,0.11165165156126022,1.9351271023934515,0.5612218196814361,0.11077042137477416,0.11198954284191132,228,407,24,46,0.6522784233093262,22128.0,,0.5134121355397951,,316,16,59,13,1454,594,303,276,627,323,133,118,,,,,,,,,,,,,,,,,,,,,2397,423,705,495
mar,gdm_early,3,0.8,risk_beta=2.5,0.5,0,0,2026,FedAvg-MLP,0.9429606923298388,0.9397842630115151,0.8978102189781022,0.9651972157772621,0.9425287356321839,0.9369369369369369,0.9196261682242991,0.935241655540721,0.05641333758831024,0.4481164717900673,0.756326234054159,0.03378476150703768,0.37268131971359253,246,416,15,28,0.47558116912841797,261600.0,,,,316,16,59,13,1454,594,303,276,627,323,133,118,,,,,,,,,,,,,,,,,,,,,2397,423,705,495
mar,gdm_early,3,0.8,risk_beta=2.5,0.5,0,0,2026,FedEns-RF,0.9905583687570918,0.984899355095117,0.9562043795620438,0.9419953596287703,0.9128919860627178,0.9712918660287081,0.9340463458110517,0.9452328313271985,0.0415220763912497,0.24555111401522034,1.5950520248571378,0.05690856078515651,0.38801010101010097,262,406,25,12,3.6147189140319824,,,,,316,16,59,13,1454,594,303,276,627,323,133,118,,,,,,,,,,,,,,,,,,,,,2397,423,705,495
mar,gdm_early,3,0.8,risk_beta=2.5,0.5,0,0,2026,FedAvg-GCN,0.9432909377275729,0.9421366023220523,0.8941605839416058,0.9651972157772621,0.9423076923076923,0.9348314606741573,0.9176029962546817,0.9336873428761993,0.0571298711001873,1.117115630570116,0.615461481632573,0.047918242201578955,0.36719921231269836,245,416,15,29,2.161968946456909,261600.0,,,,316,16,59,13,1454,594,303,276,627,323,133,118,,,,,,,,,,,,,,,,,,,,,2397,423,705,495
mar,gdm_early,3,0.8,risk_beta=2.5,0.5,0,0,2026,FedMatch-tab,0.945729672972378,0.9417292754481085,0.8941605839416058,0.9675174013921114,0.9459459459459459,0.9349775784753364,0.9193245778611632,0.9351468955440365,0.057501599192619324,0.9863422316354368,0.7010188178493069,0.04657659352037078,0.37700551748275757,245,417,14,29,0.8706326484680176,261600.0,,,,316,16,59,13,1454,594,303,276,627,323,133,118,,,,,,,,,,,,,,,,,,,,,2397,423,705,495
mar,gdm_early,3,0.8,risk_beta=2.5,0.5,0,0,2026,Local-TGNN,0.9263044693210493,0.9050722945901456,0.8102189781021898,0.9791183294663574,0.961038961038961,0.890295358649789,0.8792079207920792,0.9059023029374761,0.08837366849184036,3.7117512510343422,0.30734654655055427,0.08561445738433313,0.7995126843452454,222,422,9,52,29.04159450531006,0.0,1836.0,0.42519234902213626,,316,16,59,13,1454,594,303,276,627,323,133,118,,,,,,,,,,,,,,,,,,,,,2397,423,705,495
mar,gdm_early,3,0.8,risk_beta=2.5,0.5,0,1,2027,FedTGNN-SS,0.961750808677833,0.9617537493792194,0.9379562043795621,0.9698375870069605,0.9518518518518518,0.960919540229885,0.9448529411764706,0.9551054544219535,0.05153712257742882,6.708771470079736,0.36598157002411297,0.0556690136762501,0.000782803341280669,257,418,13,17,28.946725845336914,8043792.0,1740.0,0.324752371547416,,759,378,144,138,378,303,78,77,1260,252,252,160,,,,,,,,,,,,,,,,,,,,,2397,423,705,474
mar,gdm_early,3,0.8,risk_beta=2.5,0.5,0,1,2027,FedAvg-LR,0.9364489305129813,0.90008208613955,0.9051094890510949,0.9071925754060325,0.8611111111111112,0.9376498800959233,0.8825622775800712,0.9023660444504129,0.09170177578926086,1.62127287579988,0.843324060054881,0.09262044892930395,0.07011216133832932,248,391,40,26,0.714301347732544,22128.0,,0.3826435646527217,,759,378,144,138,378,303,78,77,1260,252,252,160,,,,,,,,,,,,,,,,,,,,,2397,423,705,474
mar,gdm_early,3,0.8,risk_beta=2.5,0.5,0,1,2027,FedAvg-MLP,0.9654851220214407,0.9486795908130125,0.9343065693430657,0.9698375870069605,0.9516728624535316,0.9587155963302753,0.9429097605893186,0.9535771409636328,0.04469718411564827,0.7183480918134477,0.9155832884758067,0.03236779180348766,0.17093072831630707,256,418,13,18,0.49652600288391113,261600.0,,,,759,378,144,138,378,303,78,77,1260,252,252,160,,,,,,,,,,,,,,,,,,,,,2397,423,705,474
mar,gdm_early,3,0.8,risk_beta=2.5,0.5,0,1,2027,FedEns-RF,0.9965874642234152,0.9945549321785856,0.9963503649635036,0.9559164733178654,0.934931506849315,0.9975786924939467,0.9646643109540636,0.9704838142448042,0.04458210988078152,-0.7046954746218569,3.046851997652046,0.1367793338719813,0.3512025316455696,273,412,19,1,3.3092269897460938,,,,,759,378,144,138,378,303,78,77,1260,252,252,160,,,,,,,,,,,,,,,,,,,,,2397,423,705,474
mar,gdm_early,3,0.8,risk_beta=2.5,0.5,0,1,2027,FedAvg-GCN,0.9600741781970296,0.9471338209037298,0.948905109489051,0.962877030162413,0.9420289855072463,0.9673659673659674,0.9454545454545454,0.9552854122621565,0.04150589182972908,0.23701965992006224,0.9012742442825222,0.022964451345780207,0.12531176209449768,260,415,16,14,2.439728260040283,261600.0,,,,759,378,144,138,378,303,78,77,1260,252,252,160,,,,,,,,,,,,,,,,,,,,,2397,423,705,474
mar,gdm_early,3,0.8,risk_beta=2.5,0.5,0,1,2027,FedMatch-tab,0.9648669703795281,0.9504774526883403,0.9343065693430657,0.9675174013921114,0.9481481481481482,0.9586206896551724,0.9411764705882353,0.9521124847167504,0.04559637978672981,1.1256645689601474,0.8383505602294714,0.04106722556001752,0.08276522904634476,256,417,14,18,0.7590582370758057,261600.0,,,,759,378,144,138,378,303,78,77,1260,252,252,160,,,,,,,,,,,,,,,,,,,,,2397,423,705,474
mar,gdm_early,3,0.8,risk_beta=2.5,0.5,0,1,2027,Local-TGNN,0.9620556505834336,0.9556979218486471,0.8941605839416058,0.9651972157772621,0.9423076923076923,0.9348314606741573,0.9176029962546817,0.9336873428761993,0.05509243533015251,1.869214153181032,0.3384676543891316,0.05025578556047315,0.25380346179008484,245,416,15,29,30.118812799453735,0.0,1892.0,0.38000418948439413,,759,378,144,138,378,303,78,77,1260,252,252,160,,,,,,,,,,,,,,,,,,,,,2397,423,705,474
mar,gdm_early,3,0.8,risk_beta=2.5,0.5,0,2,2028,FedTGNN-SS,0.9025691398377563,0.9147376571503525,0.843065693430657,0.9443155452436195,0.9058823529411765,0.9044444444444445,0.8733459357277883,0.8986479962407387,0.08870582282543182,1.8972694485711135,0.2428672908383602,0.08293199482050241,0.7413085699081421,231,407,24,43,30.422122955322266,8043792.0,1871.0,0.461196168750457,,1675,675,358,317,261,244,42,41,461,14,85,12,,,,,,,,,,,,,,,,,,,,,2397,423,705,485
mar,gdm_early,3,0.8,risk_beta=2.5,0.5,0,2,2028,FedAvg-LR,0.9373888597219163,0.9212458511603113,0.8321167883211679,0.9303944315545244,0.8837209302325582,0.8970917225950783,0.8571428571428571,0.8852912463390823,0.08942815661430359,1.1541361679229891,0.6951151776466687,0.07212514164758489,0.23325441777706146,228,401,30,46,0.7293291091918945,22128.0,,0.47980112597791913,,1675,675,358,317,261,244,42,41,461,14,85,12,,,,,,,,,,,,,,,,,,,,,2397,423,705,485
mar,gdm_early,3,0.8,risk_beta=2.5,0.5,0,2,2028,FedAvg-MLP,0.9550273510931969,0.9465226503573119,0.9014598540145985,0.9559164733178654,0.9285714285714286,0.9384965831435079,0.9148148148148149,0.930970625798212,0.061873890459537506,0.0348276822318621,0.6700481380557872,0.045570563367759505,0.5898735523223877,247,412,19,27,0.6174561977386475,261600.0,,,,1675,675,358,317,261,244,42,41,461,14,85,12,,,,,,,,,,,,,,,,,,,,,2397,423,705,485
mar,gdm_early,3,0.8,risk_beta=2.5,0.5,0,2,2028,FedEns-RF,0.9914813623046047,0.9872656383071141,0.9671532846715328,0.9419953596287703,0.9137931034482759,0.9783132530120482,0.9397163120567376,0.9497635933806147,0.03909279404719639,-0.1541055558374017,1.8080302795547616,0.0685981574906778,0.371,265,406,25,9,3.4913101196289062,,,,,1675,675,358,317,261,244,42,41,461,14,85,12,,,,,,,,,,,,,,,,,,,,,2397,423,705,485
mar,gdm_early,3,0.8,risk_beta=2.5,0.5,0,2,2028,FedAvg-GCN,0.954502345589107,0.9465365988167369,0.8941605839416058,0.9651972157772621,0.9423076923076923,0.9348314606741573,0.9176029962546817,0.9336873428761993,0.05908533185720444,0.43422731426593775,0.640697031063059,0.04891209440398301,0.6548985242843628,245,416,15,29,2.2903363704681396,261600.0,,,,1675,675,358,317,261,244,42,41,461,14,85,12,,,,,,,,,,,,,,,,,,,,,2397,423,705,485
mar,gdm_early,3,0.8,risk_beta=2.5,0.5,0,2,2028,FedMatch-tab,0.9520297390214576,0.9446623162674979,0.9014598540145985,0.9582366589327146,0.9320754716981132,0.9386363636363636,0.9165120593692022,0.9324236531059559,0.06116889789700508,0.4044031017696112,0.6341766677528512,0.04989348136364144,0.5499365329742432,247,413,18,27,0.9295432567596436,261600.0,,,,1675,675,358,317,261,244,42,41,461,14,85,12,,,,,,,,,,,,,,,,,,,,,2397,423,705,485
mar,gdm_early,3,0.8,risk_beta=2.5,0.5,0,2,2028,Local-TGNN,0.8304062865175199,0.7207619612635012,0.8759124087591241,0.7308584686774942,0.6741573033707865,0.9025787965616046,0.7619047619047619,0.7847985347985348,0.2175247073173523,-4.305201424552354,0.1776267628446832,0.2182416486851078,0.8783376812934875,240,315,116,34,32.41370105743408,0.0,1630.0,0.5670205454412518,,1675,675,358,317,261,244,42,41,461,14,85,12,,,,,,,,,,,,,,,,,,,,,2397,423,705,485
mar,gdm_early,3,0.8,risk_beta=2.5,0.5,0,3,2029,FedTGNN-SS,0.9572938689217759,0.950306555160832,0.9236363636363636,0.9604651162790697,0.9372693726937269,0.9516129032258065,0.9304029304029304,0.9432107244607244,0.07306616753339767,9.999994317372332,0.30694022245002456,0.07526682882515241,1.6297369711537613e-06,254,413,17,21,29.957479238510132,8043792.0,1850.0,0.30762376098021804,,1456,635,293,266,272,164,68,66,669,133,142,91,,,,,,,,,,,,,,,,,,,,,2397,423,705,503
mar,gdm_early,3,0.8,risk_beta=2.5,0.5,0,3,2029,FedAvg-LR,0.9510866807610995,0.9258078331451816,0.8618181818181818,0.9395348837209302,0.9011406844106464,0.9140271493212669,0.8810408921933085,0.9038231983902323,0.09095337986946106,1.176277321302812,0.8403244412678115,0.07795532974579655,0.17515836656093597,237,404,26,38,0.8920714855194092,22128.0,,0.5297378847482481,,1456,635,293,266,272,164,68,66,669,133,142,91,,,,,,,,,,,,,,,,,,,,,2397,423,705,503
mar,gdm_early,3,0.8,risk_beta=2.5,0.5,0,3,2029,FedAvg-MLP,0.9766342494714588,0.9652944555717706,0.9127272727272727,0.9674418604651163,0.9471698113207547,0.9454545454545454,0.9296296296296296,0.9429757343550447,0.047303199768066406,-0.08450318117060873,0.9290278910881377,0.027182279331675663,0.5431572198867798,251,416,14,24,0.674868106842041,261600.0,,,,1456,635,293,266,272,164,68,66,669,133,142,91,,,,,,,,,,,,,,,,,,,,,2397,423,705,503
mar,gdm_early,3,0.8,risk_beta=2.5,0.5,0,3,2029,FedEns-RF,0.9938266384778012,0.9907289986330352,0.9781818181818182,0.9534883720930233,0.9307958477508651,0.9855769230769231,0.9539007092198581,0.9615839243498818,0.04389485762945836,-0.5362559451287398,2.340803267216305,0.11893210947083456,0.34943339960238573,269,410,20,6,3.3304953575134277,,,,,1456,635,293,266,272,164,68,66,669,133,142,91,,,,,,,,,,,,,,,,,,,,,2397,423,705,503
mar,gdm_early,3,0.8,risk_beta=2.5,0.5,0,3,2029,FedAvg-GCN,0.9821564482029599,0.9738229302415152,0.9272727272727272,0.9627906976744186,0.940959409594096,0.9539170506912442,0.9340659340659341,0.9461996336996337,0.048191048204898834,0.46945969963090506,0.8845866691545141,0.0339070807112024,0.21731391549110413,255,414,16,20,2.468456506729126,261600.0,,,,1456,635,293,266,272,164,68,66,669,133,142,91,,,,,,,,,,,,,,,,,,,,,2397,423,705,503
mar,gdm_early,3,0.8,risk_beta=2.5,0.5,0,3,2029,FedMatch-tab,0.9778350951374206,0.9655520661125783,0.9454545454545454,0.958139534883721,0.935251798561151,0.9648711943793911,0.9403254972875226,0.9509095397756167,0.048979394137859344,0.72872397936265,0.8138408297262412,0.03870845851851693,0.13907845318317413,260,412,18,15,0.9948291778564453,261600.0,,,,1456,635,293,266,272,164,68,66,669,133,142,91,,,,,,,,,,,,,,,,,,,,,2397,423,705,503
mar,gdm_early,3,0.8,risk_beta=2.5,0.5,0,3,2029,Local-TGNN,0.9469175475687104,0.9258959668386726,0.9345454545454546,0.8627906976744186,0.8132911392405063,0.9537275064267352,0.8697123519458545,0.8878476289643802,0.09978769719600677,-2.4076658097892802,0.2759543607040553,0.09907170348315243,0.015363480895757675,257,371,59,18,32.02012276649475,0.0,1805.0,0.35476784681979046,,1456,635,293,266,272,164,68,66,669,133,142,91,,,,,,,,,,,,,,,,,,,,,2397,423,705,503
mar,gdm_early,3,0.8,risk_beta=2.5,0.5,0,4,2030,FedTGNN-SS,0.9864228329809726,0.9619800752857461,0.9672727272727273,0.9813953488372092,0.9708029197080292,0.9791183294663574,0.9690346083788707,0.9746450626098767,0.06375168263912201,8.720067044499173,0.40884890300379895,0.0680070145218303,9.961482282960787e-05,266,422,8,9,32.754401445388794,8043792.0,1822.0,0.3186502218078042,,905,568,199,190,100,7,19,6,1392,357,284,215,,,,,,,,,,,,,,,,,,,,,2397,423,705,502
mar,gdm_early,3,0.8,risk_beta=2.5,0.5,0,4,2030,FedAvg-LR,0.945919661733615,0.9219832546523753,0.8581818181818182,0.9279069767441861,0.8838951310861424,0.910958904109589,0.8708487084870848,0.8951017735983811,0.07913139462471008,0.9081151172812183,0.8217683190286813,0.06599869590965991,0.3160688877105713,236,399,31,39,0.9546921253204346,22128.0,,0.4171342996807098,,905,568,199,190,100,7,19,6,1392,357,284,215,,,,,,,,,,,,,,,,,,,,,2397,423,705,502
mar,gdm_early,3,0.8,risk_beta=2.5,0.5,0,4,2030,FedAvg-MLP,0.982630021141649,0.9631869828005653,0.9272727272727272,0.9767441860465116,0.9622641509433962,0.9545454545454546,0.9444444444444444,0.9549808429118773,0.03845242038369179,-0.24144841065101375,1.1651114300172878,0.044539406615580215,0.5037757158279419,255,420,10,20,0.4525728225708008,261600.0,,,,905,568,199,190,100,7,19,6,1392,357,284,215,,,,,,,,,,,,,,,,,,,,,2397,423,705,502
mar,gdm_early,3,0.8,risk_beta=2.5,0.5,0,4,2030,FedEns-RF,0.9967526427061312,0.9950420357217606,0.9563636363636364,0.9813953488372092,0.9704797047970479,0.9723502304147466,0.9633699633699634,0.9701109076109076,0.0420373760262558,-0.6871798551791918,2.7537102553654145,0.117494264078438,0.4627290836653386,263,422,8,12,3.0888538360595703,,,,,905,568,199,190,100,7,19,6,1392,357,284,215,,,,,,,,,,,,,,,,,,,,,2397,423,705,502
mar,gdm_early,3,0.8,risk_beta=2.5,0.5,0,4,2030,FedAvg-GCN,0.9842790697674418,0.9642684392258143,0.9745454545454545,0.9790697674418605,0.9675090252707581,0.9836448598130841,0.9710144927536232,0.9761832370528023,0.03039485588669777,-0.20438227028331551,1.2721798577421948,0.056530925800614314,0.3094572424888611,268,421,9,7,3.3021607398986816,261600.0,,,,905,568,199,190,100,7,19,6,1392,357,284,215,,,,,,,,,,,,,,,,,,,,,2397,423,705,502
mar,gdm_early,3,0.8,risk_beta=2.5,0.5,0,4,2030,FedMatch-tab,0.9838139534883721,0.9668922982763117,0.9272727272727272,0.9767441860465116,0.9622641509433962,0.9545454545454546,0.9444444444444444,0.9549808429118773,0.03683032840490341,-0.09353922252125521,1.1262085318011568,0.03481541614160469,0.4951309561729431,255,420,10,20,0.7315492630004883,261600.0,,,,905,568,199,190,100,7,19,6,1392,357,284,215,,,,,,,,,,,,,,,,,,,,,2397,423,705,502
mar,gdm_early,3,0.8,risk_beta=2.5,0.5,0,4,2030,Local-TGNN,0.775323467230444,0.5330053065423647,0.9272727272727272,0.7,0.6640625,0.9376947040498442,0.7738998482549317,0.7877488588811277,0.20848959684371948,-5.732361899970554,0.1313588519261591,0.20935463086629272,0.27668946981430054,255,301,129,20,35.408974409103394,0.0,1861.0,0.4492173151366166,,905,568,199,190,100,7,19,6,1392,357,284,215,,,,,,,,,,,,,,,,,,,,,2397,423,705,502
mar,gdm_early,3,0.8,risk_beta=2.5,0.5,1,0,3026,FedTGNN-SS,0.980130235236337,0.9472058866594049,0.9854014598540146,0.9048723897911833,0.8681672025723473,0.9898477157360406,0.9230769230769231,0.9342657342657343,0.0528714545071125,2.2660025995510384,0.3169034813678754,0.0509064788712149,1.254477410839172e-05,270,390,41,4,34.16339159011841,8043792.0,1801.0,0.3270454202504904,,1117,277,223,161,249,240,48,47,1031,416,199,179,,,,,,,,,,,,,,,,,,,,,2397,423,705,470
mar,gdm_early,3,0.8,risk_beta=2.5,0.5,1,0,3026,FedAvg-LR,0.9270327027622064,0.9011270514597527,0.9014598540145985,0.8723897911832946,0.8178807947019867,0.9330024813895782,0.8576388888888888,0.8796587729816147,0.09412921965122223,0.925599575073383,0.8136839097539211,0.0700550339798978,0.13465473055839539,247,376,55,27,0.8137884140014648,22128.0,,0.46531160404406213,,1117,277,223,161,249,240,48,47,1031,416,199,179,,,,,,,,,,,,,,,,,,,,,2397,423,705,470
mar,gdm_early,3,0.8,risk_beta=2.5,0.5,1,0,3026,FedAvg-MLP,0.9845546767829018,0.9569519839411611,1.0,0.9443155452436195,0.9194630872483222,1.0,0.958041958041958,0.9647011699517666,0.040552668273448944,-0.5463667205105707,1.2009233638900836,0.07894180804913772,0.23826898634433746,274,407,24,0,0.4030117988586426,261600.0,,,,1117,277,223,161,249,240,48,47,1031,416,199,179,,,,,,,,,,,,,,,,,,,,,2397,423,705,470
mar,gdm_early,3,0.8,risk_beta=2.5,0.5,1,0,3026,FedEns-RF,0.9925229054820736,0.9874880481172539,0.9817518248175182,0.9443155452436195,0.9180887372013652,0.9878640776699029,0.9488536155202821,0.957226333264293,0.04010627072437386,-0.3651473153120562,2.220525618001088,0.09226390523615507,0.38603191489361705,269,407,24,5,3.5472822189331055,,,,,1117,277,223,161,249,240,48,47,1031,416,199,179,,,,,,,,,,,,,,,,,,,,,2397,423,705,470
mar,gdm_early,3,0.8,risk_beta=2.5,0.5,1,0,3026,FedAvg-GCN,0.9847155655664132,0.9690787704834274,0.9890510948905109,0.9535962877030162,0.9312714776632303,0.9927536231884058,0.95929203539823,0.9660365502434938,0.03684374317526817,-0.20861470566833923,1.121946475561137,0.05742561660759837,0.33295515179634094,271,411,20,3,2.2638702392578125,261600.0,,,,1117,277,223,161,249,240,48,47,1031,416,199,179,,,,,,,,,,,,,,,,,,,,,2397,423,705,470
mar,gdm_early,3,0.8,risk_beta=2.5,0.5,1,0,3026,FedMatch-tab,0.9841482209087675,0.9569209773022403,0.9927007299270073,0.9396751740139211,0.912751677852349,0.995085995085995,0.951048951048951,0.9588180316103944,0.0417218953371048,-0.22382654237690447,1.0947014129775252,0.06324701410130407,0.2081957757472992,272,405,26,2,0.7999064922332764,261600.0,,,,1117,277,223,161,249,240,48,47,1031,416,199,179,,,,,,,,,,,,,,,,,,,,,2397,423,705,470
mar,gdm_early,3,0.8,risk_beta=2.5,0.5,1,0,3026,Local-TGNN,0.9659169813877081,0.9330667133861972,0.8759124087591241,0.9582366589327146,0.9302325581395349,0.9239373601789709,0.9022556390977443,0.9215150632846352,0.0975901260972023,-1.3614431077566047,0.3011739844575099,0.10874205807633433,0.9453136920928955,240,413,18,34,32.08587861061096,0.0,1888.0,0.41314018409536746,,1117,277,223,161,249,240,48,47,1031,416,199,179,,,,,,,,,,,,,,,,,,,,,2397,423,705,470
mar,gdm_early,3,0.8,risk_beta=2.5,0.5,1,1,3027,FedTGNN-SS,0.9908505089166256,0.974014654797944,0.9890510948905109,0.9651972157772621,0.9475524475524476,0.9928400954653938,0.9678571428571429,0.9733403361344538,0.056074317544698715,8.911030055196024,0.3949153910104896,0.057974011373065466,1e-06,271,416,15,3,33.37381100654602,8043792.0,1869.0,0.2957889149378511,,531,198,111,90,1053,383,201,176,813,352,169,153,,,,,,,,,,,,,,,,,,,,,2397,423,705,481
mar,gdm_early,3,0.8,risk_beta=2.5,0.5,1,1,3027,FedAvg-LR,0.8991566040611716,0.8948528847901484,0.864963503649635,0.9605568445475638,0.9330708661417323,0.917960088691796,0.8977272727272727,0.9182513914656771,0.09138461947441101,1.829683298472434,0.557927691363824,0.0989437227883766,0.21477746963500977,237,414,17,37,0.8439064025878906,22128.0,,0.41565001990533906,,531,198,111,90,1053,383,201,176,813,352,169,153,,,,,,,,,,,,,,,,,,,,,2397,423,705,481
mar,gdm_early,3,0.8,risk_beta=2.5,0.5,1,1,3027,FedAvg-MLP,0.9880180195437533,0.9780446308062173,0.9671532846715328,0.9419953596287703,0.9137931034482759,0.9783132530120482,0.9397163120567376,0.9497635933806147,0.04161742702126503,-0.026430641544537867,1.0957130239054347,0.040900982905786934,0.2660495340824127,265,406,25,9,0.5023436546325684,261600.0,,,,531,198,111,90,1053,383,201,176,813,352,169,153,,,,,,,,,,,,,,,,,,,,,2397,423,705,481
mar,gdm_early,3,0.8,risk_beta=2.5,0.5,1,1,3027,FedEns-RF,0.9923027418835841,0.9872985097875979,0.9708029197080292,0.9443155452436195,0.9172413793103448,0.980722891566265,0.9432624113475178,0.9527186761229314,0.03705109715356564,0.0005782655019153011,1.7292510182553726,0.059864805886082444,0.3455301455301456,266,407,24,8,3.7599239349365234,,,,,531,198,111,90,1053,383,201,176,813,352,169,153,,,,,,,,,,,,,,,,,,,,,2397,423,705,481
mar,gdm_early,3,0.8,risk_beta=2.5,0.5,1,1,3027,FedAvg-GCN,0.9873744644097074,0.9784428969364481,0.948905109489051,0.9582366589327146,0.935251798561151,0.9672131147540983,0.9420289855072463,0.9523664741056046,0.04186859726905823,0.1379961316133524,0.9393357237352553,0.033399057087111994,0.2656806409358978,260,413,18,14,2.303142786026001,261600.0,,,,531,198,111,90,1053,383,201,176,813,352,169,153,,,,,,,,,,,,,,,,,,,,,2397,423,705,481
mar,gdm_early,3,0.8,risk_beta=2.5,0.5,1,1,3027,FedMatch-tab,0.987476078378241,0.9775846716928978,0.9744525547445255,0.9211136890951276,0.8870431893687708,0.9826732673267327,0.928695652173913,0.9397969278833638,0.04464656859636307,0.3219158635575929,0.9888215187399118,0.04099476238620196,0.14960359036922455,267,397,34,7,0.6815743446350098,261600.0,,,,531,198,111,90,1053,383,201,176,813,352,169,153,,,,,,,,,,,,,,,,,,,,,2397,423,705,481
mar,gdm_early,3,0.8,risk_beta=2.5,0.5,1,1,3027,Local-TGNN,0.949294629701763,0.9524873763142386,0.8868613138686131,0.962877030162413,0.9382239382239382,0.9304932735426009,0.9118198874296435,0.9291140486179004,0.07679863274097443,-1.3644112061040425,0.3414002509016516,0.07956958971306655,0.9579788446426392,243,415,16,31,31.56029725074768,0.0,1878.0,0.41582990519160734,,531,198,111,90,1053,383,201,176,813,352,169,153,,,,,,,,,,,,,,,,,,,,,2397,423,705,481
mar,gdm_early,3,0.8,risk_beta=2.5,0.5,1,2,3028,FedTGNN-SS,0.9873829322404186,0.9599992950569396,0.9890510948905109,0.9698375870069605,0.954225352112676,0.9928741092636579,0.9713261648745519,0.9762734110757736,0.07627987116575241,6.74169537851961,0.3763859726399384,0.08175682771475391,1e-06,271,418,13,3,31.510300397872925,8043792.0,1819.0,0.34876189610232167,,465,270,101,96,415,135,76,64,1517,528,291,248,,,,,,,,,,,,,,,,,,,,,2397,423,705,468
mar,gdm_early,3,0.8,risk_beta=2.5,0.5,1,2,3028,FedAvg-LR,0.9674665944078447,0.9377105852306041,0.8941605839416058,0.951276102088167,0.9210526315789473,0.9339407744874715,0.9074074074074074,0.9249680715197957,0.07401774823665619,1.0643172275131458,1.0105777835283747,0.07321347133487674,0.18546302616596222,245,410,21,29,0.9540870189666748,22128.0,,0.534075892586531,,465,270,101,96,415,135,76,64,1517,528,291,248,,,,,,,,,,,,,,,,,,,,,2397,423,705,468
mar,gdm_early,3,0.8,risk_beta=2.5,0.5,1,2,3028,FedAvg-MLP,0.9876030958389079,0.9603398994550721,0.9744525547445255,0.9698375870069605,0.9535714285714286,0.9835294117647059,0.9638989169675091,0.9702672154931004,0.03150930628180504,-0.43728926062860785,1.1414912660004108,0.06032202697180687,0.38492730259895325,267,418,13,7,0.6144886016845703,261600.0,,,,465,270,101,96,415,135,76,64,1517,528,291,248,,,,,,,,,,,,,,,,,,,,,2397,423,705,468
mar,gdm_early,3,0.8,risk_beta=2.5,0.5,1,2,3028,FedEns-RF,0.9941529628939659,0.9885235702081341,0.9781021897810219,0.9535962877030162,0.9305555555555556,0.9856115107913669,0.9537366548042705,0.96153813872289,0.03771839563276592,-0.469174636503173,2.271679816154084,0.09799204400800143,0.4238034188034188,268,411,20,6,2.8601772785186768,,,,,465,270,101,96,415,135,76,64,1517,528,291,248,,,,,,,,,,,,,,,,,,,,,2397,423,705,468
mar,gdm_early,3,0.8,risk_beta=2.5,0.5,1,2,3028,FedAvg-GCN,0.9875184175317968,0.9603673253656688,0.9854014598540146,0.9675174013921114,0.9507042253521126,0.9904988123515439,0.967741935483871,0.9733075874602454,0.02687346190214157,-0.36850101534710966,1.0678211104638875,0.03564376601460556,0.4857710897922516,270,417,14,4,2.7191355228424072,261600.0,,,,465,270,101,96,415,135,76,64,1517,528,291,248,,,,,,,,,,,,,,,,,,,,,2397,423,705,468
mar,gdm_early,3,0.8,risk_beta=2.5,0.5,1,2,3028,FedMatch-tab,0.9870865581655291,0.9592718964288742,0.9781021897810219,0.9698375870069605,0.9537366548042705,0.9858490566037735,0.9657657657657658,0.9717717717717718,0.03227865695953369,-0.10059361660766666,1.0300274690202769,0.04794484807825681,0.32483455538749695,268,418,13,6,0.8570804595947266,261600.0,,,,465,270,101,96,415,135,76,64,1517,528,291,248,,,,,,,,,,,,,,,,,,,,,2397,423,705,468
mar,gdm_early,3,0.8,risk_beta=2.5,0.5,1,2,3028,Local-TGNN,0.9770818161803309,0.9561195201268802,0.9562043795620438,0.9535962877030162,0.9290780141843972,0.9716312056737588,0.9424460431654677,0.9524876585850757,0.04285625368356705,-0.7940312935207794,0.3899557548786446,0.04085056442496572,0.3005554974079132,262,411,20,12,34.93220114707947,0.0,1860.0,0.3352215554343214,,465,270,101,96,415,135,76,64,1517,528,291,248,,,,,,,,,,,,,,,,,,,,,2397,423,705,468
mar,gdm_early,3,0.8,risk_beta=2.5,0.5,1,3,3029,FedTGNN-SS,0.9535306553911206,0.9499521619742397,0.8690909090909091,0.9697674418604652,0.9484126984126984,0.9205298013245033,0.9070208728652751,0.9257641170668391,0.08073492348194122,9.99999335625205,0.30316236018042647,0.08399655491366309,0.00015100318705663085,239,417,13,36,34.4760468006134,8043792.0,1870.0,0.3342379504993487,,439,420,88,87,473,58,101,41,1485,454,301,241,,,,,,,,,,,,,,,,,,,,,2397,423,705,490
mar,gdm_early,3,0.8,risk_beta=2.5,0.5,1,3,3029,FedAvg-LR,0.9089386892177589,0.9104264832928303,0.7927272727272727,0.9813953488372092,0.9646017699115044,0.8810020876826722,0.8702594810379242,0.8993761651614263,0.10753998160362244,2.456855375708281,0.5268024159471302,0.12158467809781959,0.15316033363342285,218,422,8,57,1.0500035285949707,22128.0,,0.3925951657258648,,439,420,88,87,473,58,101,41,1485,454,301,241,,,,,,,,,,,,,,,,,,,,,2397,423,705,490
mar,gdm_early,3,0.8,risk_beta=2.5,0.5,1,3,3029,FedAvg-MLP,0.9273742071881607,0.9389196449450649,0.8727272727272727,0.9651162790697675,0.9411764705882353,0.9222222222222223,0.9056603773584906,0.9244210977701544,0.06491702049970627,1.1648290127367873,0.78521532570663,0.051846926912982406,0.18931011855602264,240,415,15,35,0.6303908824920654,261600.0,,,,439,420,88,87,473,58,101,41,1485,454,301,241,,,,,,,,,,,,,,,,,,,,,2397,423,705,490
mar,gdm_early,3,0.8,risk_beta=2.5,0.5,1,3,3029,FedEns-RF,0.9904016913319238,0.9893521713320029,0.9818181818181818,0.958139534883721,0.9375,0.988009592326139,0.9591474245115453,0.9659963804966227,0.04161530644737269,-0.027305480682300008,2.560356314449908,0.1020189318280504,0.27883673469387754,270,412,18,5,3.291857957839966,,,,,439,420,88,87,473,58,101,41,1485,454,301,241,,,,,,,,,,,,,,,,,,,,,2397,423,705,490
mar,gdm_early,3,0.8,risk_beta=2.5,0.5,1,3,3029,FedAvg-GCN,0.9427568710359409,0.9440618486556367,0.8472727272727273,0.986046511627907,0.9748953974895398,0.9098712446351931,0.9066147859922179,0.9265216787103947,0.0635889545083046,1.5962135550118415,0.7008438457685529,0.05365320661811963,0.5962616801261902,233,424,6,42,2.406643867492676,261600.0,,,,439,420,88,87,473,58,101,41,1485,454,301,241,,,,,,,,,,,,,,,,,,,,,2397,423,705,490
mar,gdm_early,3,0.8,risk_beta=2.5,0.5,1,3,3029,FedMatch-tab,0.9298435517970401,0.9408350468947294,0.8690909090909091,0.9790697674418605,0.9637096774193549,0.9212253829321663,0.9139579349904398,0.9316125638875536,0.06482711434364319,1.2920883036814093,0.7740624411444803,0.05495046026317786,0.27534493803977966,239,421,9,36,0.9661819934844971,261600.0,,,,439,420,88,87,473,58,101,41,1485,454,301,241,,,,,,,,,,,,,,,,,,,,,2397,423,705,490
mar,gdm_early,3,0.8,risk_beta=2.5,0.5,1,3,3029,Local-TGNN,0.9244312896405921,0.9295989223347957,0.8,0.9767441860465116,0.9565217391304348,0.8842105263157894,0.8712871287128713,0.8997319621464909,0.08167289197444916,2.7012478109268736,0.27604547289686293,0.07172329725684425,0.5749986171722412,220,420,10,55,31.396134853363037,0.0,1852.0,0.3955015197568389,,439,420,88,87,473,58,101,41,1485,454,301,241,,,,,,,,,,,,,,,,,,,,,2397,423,705,490
mar,gdm_early,3,0.8,risk_beta=2.5,0.5,1,4,3030,FedTGNN-SS,0.9499450317124736,0.939868405647498,0.9090909090909091,0.8534883720930233,0.7987220447284346,0.9362244897959183,0.8503401360544217,0.8716420874919311,0.09455809742212296,-0.6503546136767421,0.47408937382474214,0.08038125548591005,0.2543492317199707,250,367,63,25,35.034680128097534,8043792.0,1798.0,0.6492403246208729,,668,58,127,47,1388,796,297,285,341,78,75,46,,,,,,,,,,,,,,,,,,,,,2397,423,705,499
mar,gdm_early,3,0.8,risk_beta=2.5,0.5,1,4,3030,FedAvg-LR,0.975061310782241,0.9609641979421021,0.9127272727272727,0.9790697674418605,0.9653846153846154,0.946067415730337,0.9383177570093458,0.9503017356475301,0.047389302402734756,0.5744915188620221,1.0702615002174118,0.04483365409393259,0.427619993686676,251,421,9,24,0.8216361999511719,22128.0,,0.6065592177262327,,668,58,127,47,1388,796,297,285,341,78,75,46,,,,,,,,,,,,,,,,,,,,,2397,423,705,499
mar,gdm_early,3,0.8,risk_beta=2.5,0.5,1,4,3030,FedAvg-MLP,0.9810063424947145,0.9740962184505515,0.9636363636363636,0.9744186046511628,0.9601449275362319,0.9766899766899767,0.9618874773139746,0.9687202229410385,0.03639556095004082,-0.7392536662374722,1.163411081355741,0.06970401629805567,0.41391968727111816,265,419,11,10,0.6436192989349365,261600.0,,,,668,58,127,47,1388,796,297,285,341,78,75,46,,,,,,,,,,,,,,,,,,,,,2397,423,705,499
mar,gdm_early,3,0.8,risk_beta=2.5,0.5,1,4,3030,FedEns-RF,0.9938858350951374,0.9902449123075278,0.9563636363636364,0.9720930232558139,0.9563636363636364,0.9720930232558139,0.9563636363636364,0.9642283298097252,0.044419889048837743,-0.5659804452166297,2.607453360627401,0.12063383504597847,0.5177054108216433,263,418,12,12,3.3282203674316406,,,,,668,58,127,47,1388,796,297,285,341,78,75,46,,,,,,,,,,,,,,,,,,,,,2397,423,705,499
mar,gdm_early,3,0.8,risk_beta=2.5,0.5,1,4,3030,FedAvg-GCN,0.9836532769556023,0.9757319542095644,0.9745454545454545,0.9744186046511628,0.9605734767025089,0.9835680751173709,0.9675090252707581,0.9732404939437902,0.028836259618401527,-0.7543480151031174,1.0576938606333122,0.048115357270477506,0.514883279800415,268,419,11,7,2.793052911758423,261600.0,,,,668,58,127,47,1388,796,297,285,341,78,75,46,,,,,,,,,,,,,,,,,,,,,2397,423,705,499
mar,gdm_early,3,0.8,risk_beta=2.5,0.5,1,4,3030,FedMatch-tab,0.9818181818181818,0.9747095122509076,0.9672727272727273,0.9744186046511628,0.9602888086642599,0.9789719626168224,0.9637681159420289,0.9702290463160028,0.03352164104580879,-0.1375870369145582,1.1202481712088181,0.04800570277457541,0.29252761602401733,266,419,11,9,0.8364894390106201,261600.0,,,,668,58,127,47,1388,796,297,285,341,78,75,46,,,,,,,,,,,,,,,,,,,,,2397,423,705,499
mar,gdm_early,3,0.8,risk_beta=2.5,0.5,1,4,3030,Local-TGNN,0.8868076109936576,0.7733491019562784,0.9272727272727272,0.8,0.7478005865102639,0.945054945054945,0.827922077922078,0.8472104092381171,0.1381620317697525,-3.196631241587636,0.28419090444505624,0.13529789622688124,0.3592664897441864,255,344,86,20,33.12217879295349,0.0,1866.0,0.5565911965775523,,668,58,127,47,1388,796,297,285,341,78,75,46,,,,,,,,,,,,,,,,,,,,,2397,423,705,499
mar,gdm_early,3,0.8,risk_beta=2.5,0.5,2,0,4026,FedTGNN-SS,0.9851474249326808,0.979808975228114,0.9635036496350365,0.9350348027842227,0.9041095890410958,0.9757869249394673,0.9328621908127208,0.9439192470651282,0.054800793528556824,4.360198741924323,0.37784985579412006,0.05448432973394473,9.944343037204817e-05,264,403,28,10,30.87791419029236,8043792.0,1876.0,0.4054488842760768,,1453,178,294,130,701,692,150,149,243,63,48,38,,,,,,,,,,,,,,,,,,,,,2397,423,705,492
mar,gdm_early,3,0.8,risk_beta=2.5,0.5,2,0,4026,FedAvg-LR,0.9508696462140329,0.9395736158121026,0.9051094890510949,0.9095127610208816,0.8641114982578397,0.937799043062201,0.8841354723707665,0.9037874063856188,0.1110907569527626,2.0355201912607632,0.9356127760567602,0.12017682368820864,0.05510608106851578,248,392,39,26,1.0377418994903564,22128.0,,0.3865868073574353,,1453,178,294,130,701,692,150,149,243,63,48,38,,,,,,,,,,,,,,,,,,,,,2397,423,705,492
mar,gdm_early,3,0.8,risk_beta=2.5,0.5,2,0,4026,FedAvg-MLP,0.9772300032177755,0.968939849888012,0.9562043795620438,0.9605568445475638,0.9390681003584229,0.971830985915493,0.9475587703435805,0.9568598985906933,0.05240318924188614,1.0019812578848293,1.141506593198666,0.050701269803317725,0.10505294054746628,262,414,17,12,0.647275447845459,261600.0,,,,1453,178,294,130,701,692,150,149,243,63,48,38,,,,,,,,,,,,,,,,,,,,,2397,423,705,492
mar,gdm_early,3,0.8,risk_beta=2.5,0.5,2,0,4026,FedEns-RF,0.9935475129981202,0.9920930810270446,0.9817518248175182,0.9466357308584686,0.9212328767123288,0.9878934624697336,0.950530035335689,0.958677339942726,0.05834714608093798,-0.8854669873844138,2.9877935776616296,0.15674009686905382,0.4541463414634147,269,408,23,5,4.018285036087036,,,,,1453,178,294,130,701,692,150,149,243,63,48,38,,,,,,,,,,,,,,,,,,,,,2397,423,705,492
mar,gdm_early,3,0.8,risk_beta=2.5,0.5,2,0,4026,FedAvg-GCN,0.9800582586752926,0.9762199440886035,0.9598540145985401,0.9675174013921114,0.9494584837545126,0.9742990654205608,0.9546279491833031,0.962762170167903,0.03858494758605957,0.565703684218859,1.203990011942645,0.042488578559024964,0.18176990747451782,263,417,14,11,3.093548059463501,261600.0,,,,1453,178,294,130,701,692,150,149,243,63,48,38,,,,,,,,,,,,,,,,,,,,,2397,423,705,492
mar,gdm_early,3,0.8,risk_beta=2.5,0.5,2,0,4026,FedMatch-tab,0.976789676020797,0.9682853957773477,0.9525547445255474,0.951276102088167,0.925531914893617,0.9692671394799054,0.9388489208633094,0.949518137246643,0.05391316115856171,1.0569007320031958,1.1213416116119963,0.055110951338676696,0.08431072533130646,261,410,21,13,0.9893903732299805,261600.0,,,,1453,178,294,130,701,692,150,149,243,63,48,38,,,,,,,,,,,,,,,,,,,,,2397,423,705,492
mar,gdm_early,3,0.8,risk_beta=2.5,0.5,2,0,4026,Local-TGNN,0.9556031635815536,0.9405605350053111,0.8905109489051095,0.951276102088167,0.9207547169811321,0.9318181818181818,0.9053803339517625,0.9234134735200834,0.10289022326469421,-2.6217935324150057,0.3174588198391262,0.10661699877728224,0.9531004428863525,244,410,21,30,32.029123067855835,0.0,1874.0,0.44328115089661535,,1453,178,294,130,701,692,150,149,243,63,48,38,,,,,,,,,,,,,,,,,,,,,2397,423,705,492
mar,gdm_early,3,0.8,risk_beta=2.5,0.5,2,1,4027,FedTGNN-SS,0.9742112215692584,0.9480024244534595,0.9525547445255474,0.9582366589327146,0.9354838709677419,0.9694835680751174,0.9439421338155516,0.953884719183155,0.0538870133459568,4.689776127525434,0.35304735412138033,0.06134044232758435,0.0018139872699975967,261,413,18,13,32.08535432815552,8043792.0,1560.0,0.3147556307308822,,414,148,89,78,316,88,58,42,1667,697,331,282,,,,,,,,,,,,,,,,,,,,,2397,423,705,478
mar,gdm_early,3,0.8,risk_beta=2.5,0.5,2,1,4027,FedAvg-LR,0.9468389587955358,0.9295275832358032,0.8978102189781022,0.9373549883990719,0.9010989010989011,0.9351851851851852,0.8994515539305301,0.9178601917972465,0.09220737218856812,1.5883304655122428,0.8597066184768132,0.09636427741629856,0.09744096547365189,246,404,27,28,0.890869140625,22128.0,,0.3949464375797501,,414,148,89,78,316,88,58,42,1667,697,331,282,,,,,,,,,,,,,,,,,,,,,2397,423,705,478
mar,gdm_early,3,0.8,risk_beta=2.5,0.5,2,1,4027,FedAvg-MLP,0.9681694243568681,0.9653363409127388,0.948905109489051,0.951276102088167,0.9252669039145908,0.9669811320754716,0.9369369369369369,0.9480006322111585,0.03954287990927696,0.045359581755354254,1.043799095542188,0.01796020622371782,0.19393286108970642,260,410,21,14,0.5760054588317871,261600.0,,,,414,148,89,78,316,88,58,42,1667,697,331,282,,,,,,,,,,,,,,,,,,,,,2397,423,705,478
mar,gdm_early,3,0.8,risk_beta=2.5,0.5,2,1,4027,FedEns-RF,0.9963418971327925,0.9942089312473246,0.9927007299270073,0.9489559164733179,0.9251700680272109,0.9951338199513382,0.9577464788732394,0.9646214579639356,0.03132246317183965,0.07081501972749009,2.1925795340038574,0.06731055817680053,0.1968096234309623,272,409,22,2,3.36800217628479,,,,,414,148,89,78,316,88,58,42,1667,697,331,282,,,,,,,,,,,,,,,,,,,,,2397,423,705,478
mar,gdm_early,3,0.8,risk_beta=2.5,0.5,2,1,4027,FedAvg-GCN,0.9744525547445255,0.9687113570798912,0.9744525547445255,0.9466357308584686,0.9206896551724137,0.983132530120482,0.9468085106382979,0.9556737588652482,0.03688386455178261,0.0428619972617529,0.9997119146629287,0.02437030875408056,0.15248815715312958,267,408,23,7,2.3598709106445312,261600.0,,,,414,148,89,78,316,88,58,42,1667,697,331,282,,,,,,,,,,,,,,,,,,,,,2397,423,705,478
mar,gdm_early,3,0.8,risk_beta=2.5,0.5,2,1,4027,FedMatch-tab,0.9697783121919827,0.9673076724518289,0.948905109489051,0.9489559164733179,0.9219858156028369,0.966903073286052,0.935251798561151,0.9465486159082102,0.03909644857048988,0.276865001320714,0.9624666299704971,0.01598111924761577,0.15771661698818207,260,409,22,14,0.7158522605895996,261600.0,,,,414,148,89,78,316,88,58,42,1667,697,331,282,,,,,,,,,,,,,,,,,,,,,2397,423,705,478
mar,gdm_early,3,0.8,risk_beta=2.5,0.5,2,1,4027,Local-TGNN,0.8804892712584891,0.7563202587383258,0.8467153284671532,0.8422273781902552,0.7733333333333333,0.8962962962962963,0.8083623693379791,0.838391710984779,0.1504981517791748,-2.9006841783972153,0.2278953537501852,0.14432334174659658,0.813714325428009,232,363,68,42,55.51391625404358,0.0,1385.0,0.5436096026588326,,414,148,89,78,316,88,58,42,1667,697,331,282,,,,,,,,,,,,,,,,,,,,,2397,423,705,478
mar,gdm_early,3,0.8,risk_beta=2.5,0.5,2,2,4028,FedTGNN-SS,0.9134333666401342,0.9380218765563834,0.8941605839416058,0.9721577726218097,0.953307392996109,0.9352678571428571,0.9227871939736346,0.9380716402177616,0.05627445876598358,9.8445833348588,0.32259242470514077,0.05328790543638898,0.018178489059209824,245,419,12,29,31.42838478088379,8043792.0,1900.0,0.3257404160545894,,370,333,73,72,372,283,68,67,1655,317,308,207,,,,,,,,,,,,,,,,,,,,,2397,423,705,449
mar,gdm_early,3,0.8,risk_beta=2.5,0.5,2,2,4028,FedAvg-LR,0.9304621742002134,0.9227183031713798,0.8941605839416058,0.9651972157772621,0.9423076923076923,0.9348314606741573,0.9176029962546817,0.9336873428761993,0.09632813185453415,1.753267336472965,0.8867722108314597,0.11336540199208556,0.1599694788455963,245,416,15,29,0.7475986480712891,22128.0,,0.34707229619801294,,370,333,73,72,372,283,68,67,1655,317,308,207,,,,,,,,,,,,,,,,,,,,,2397,423,705,449
mar,gdm_early,3,0.8,risk_beta=2.5,0.5,2,2,4028,FedAvg-MLP,0.9613189493115654,0.9580940540765996,0.9124087591240876,0.9443155452436195,0.9124087591240876,0.9443155452436195,0.9124087591240876,0.9283621521838535,0.052255112677812576,-0.05421177612385687,1.0175221412620872,0.011261081938625241,0.23784862458705902,250,407,24,24,0.3978126049041748,261600.0,,,,370,333,73,72,372,283,68,67,1655,317,308,207,,,,,,,,,,,,,,,,,,,,,2397,423,705,449
mar,gdm_early,3,0.8,risk_beta=2.5,0.5,2,2,4028,FedEns-RF,0.9948600267583451,0.9925194363458887,0.9452554744525548,0.9698375870069605,0.9522058823529411,0.9653579676674365,0.9487179487179487,0.9581552706552706,0.055920102954923855,-0.8353285539994051,3.1988817356646417,0.14746061381478148,0.4957683741648107,259,418,13,15,6.01682186126709,,,,,370,333,73,72,372,283,68,67,1655,317,308,207,,,,,,,,,,,,,,,,,,,,,2397,423,705,449
mar,gdm_early,3,0.8,risk_beta=2.5,0.5,2,2,4028,FedAvg-GCN,0.918886649618101,0.940527282180091,0.8978102189781022,0.9651972157772621,0.9425287356321839,0.9369369369369369,0.9196261682242991,0.935241655540721,0.054130371659994125,0.3393598423985711,0.7609960252638388,0.02328450115437202,0.2774897813796997,246,416,15,28,5.951267242431641,261600.0,,,,370,333,73,72,372,283,68,67,1655,317,308,207,,,,,,,,,,,,,,,,,,,,,2397,423,705,449
mar,gdm_early,3,0.8,risk_beta=2.5,0.5,2,2,4028,FedMatch-tab,0.9576777821057801,0.9562602768738186,0.9051094890510949,0.962877030162413,0.9393939393939394,0.9410430839002267,0.9219330855018587,0.9368839739435899,0.05259844660758972,0.5441203268123622,0.8744124928660889,0.03212674938353663,0.29779261350631714,248,415,16,26,1.7254972457885742,261600.0,,,,370,333,73,72,372,283,68,67,1655,317,308,207,,,,,,,,,,,,,,,,,,,,,2397,423,705,449
mar,gdm_early,3,0.8,risk_beta=2.5,0.5,2,2,4028,Local-TGNN,0.931292021609904,0.9329926064270886,0.8905109489051095,0.8839907192575406,0.8299319727891157,0.927007299270073,0.8591549295774648,0.882071526546452,0.17810453474521637,-3.5122260545935213,0.2487689209040052,0.18744081116185674,0.9558557271957397,244,381,50,30,51.51120448112488,0.0,1926.0,0.45430665466205433,,370,333,73,72,372,283,68,67,1655,317,308,207,,,,,,,,,,,,,,,,,,,,,2397,423,705,449
mar,gdm_early,3,0.8,risk_beta=2.5,0.5,2,3,4029,FedTGNN-SS,0.9285496828752643,0.9297790022948076,0.8945454545454545,0.9697674418604652,0.9498069498069498,0.9349775784753364,0.9213483146067416,0.9367015545636448,0.06452266871929169,6.297214742556437,0.28814006195253045,0.06919542006563714,0.010532752610743046,246,417,13,29,53.72662162780762,8043792.0,1909.0,0.3821411102959159,,818,54,163,42,310,170,60,56,1269,708,241,230,,,,,,,,,,,,,,,,,,,,,2397,423,705,464
mar,gdm_early,3,0.8,risk_beta=2.5,0.5,2,3,4029,FedAvg-LR,0.9038731501057082,0.8710926153843054,0.8690909090909091,0.8767441860465116,0.8184931506849316,0.9128329297820823,0.8430335097001763,0.8687290917421404,0.09192221611738205,0.29596669824108657,0.5551120132143261,0.053179866984380895,0.315560519695282,239,377,53,36,1.3797993659973145,22128.0,,0.4852959158718513,,818,54,163,42,310,170,60,56,1269,708,241,230,,,,,,,,,,,,,,,,,,,,,2397,423,705,464
mar,gdm_early,3,0.8,risk_beta=2.5,0.5,2,3,4029,FedAvg-MLP,0.9219365750528541,0.9224064000839718,0.8945454545454545,0.9744186046511628,0.9571984435797666,0.9352678571428571,0.924812030075188,0.9396269717574117,0.0627620667219162,-0.10259523639579816,0.9889933464983591,0.05738110880479743,0.5234702825546265,246,419,11,29,0.7222030162811279,261600.0,,,,818,54,163,42,310,170,60,56,1269,708,241,230,,,,,,,,,,,,,,,,,,,,,2397,423,705,464
mar,gdm_early,3,0.8,risk_beta=2.5,0.5,2,3,4029,FedEns-RF,0.9933446088794926,0.9898047745844881,0.9781818181818182,0.9511627906976744,0.9275862068965517,0.9855421686746988,0.952212389380531,0.9601298633293187,0.04628671301568785,-0.5378838170380185,2.521393323378247,0.12249854793348007,0.36504310344827584,269,409,21,6,4.574863433837891,,,,,818,54,163,42,310,170,60,56,1269,708,241,230,,,,,,,,,,,,,,,,,,,,,2397,423,705,464
mar,gdm_early,3,0.8,risk_beta=2.5,0.5,2,3,4029,FedAvg-GCN,0.9203128964059196,0.93065589466258,0.9018181818181819,0.9697674418604652,0.9501915708812261,0.9391891891891891,0.9253731343283582,0.9398032719696712,0.05257919058203697,0.842510021674726,0.6693227336811504,0.03350719508338481,0.24827027320861816,248,417,13,27,3.1479134559631348,261600.0,,,,818,54,163,42,310,170,60,56,1269,708,241,230,,,,,,,,,,,,,,,,,,,,,2397,423,705,464
mar,gdm_early,3,0.8,risk_beta=2.5,0.5,2,3,4029,FedMatch-tab,0.9177928118393234,0.918782462117618,0.8945454545454545,0.9720930232558139,0.9534883720930233,0.9351230425055929,0.9230769230769231,0.9381633190071046,0.06189334765076637,0.11719055026744721,0.8774813116065435,0.05906547400968294,0.48947688937187195,246,418,12,29,1.0499176979064941,261600.0,,,,818,54,163,42,310,170,60,56,1269,708,241,230,,,,,,,,,,,,,,,,,,,,,2397,423,705,464
mar,gdm_early,3,0.8,risk_beta=2.5,0.5,2,3,4029,Local-TGNN,0.9381902748414377,0.9205569109111127,0.8836363636363637,0.9627906976744186,0.9382239382239382,0.9282511210762332,0.9101123595505618,0.9276589195013083,0.06390371173620224,3.0243458453234733,0.3375739384139988,0.0636302699731227,0.29460248351097107,243,414,16,32,40.372504472732544,0.0,1825.0,0.4066535216434336,,818,54,163,42,310,170,60,56,1269,708,241,230,,,,,,,,,,,,,,,,,,,,,2397,423,705,464
mar,gdm_early,3,0.8,risk_beta=2.5,0.5,2,4,4030,FedTGNN-SS,0.9035856236786468,0.8909792928069294,0.7745454545454545,0.913953488372093,0.852,0.8637362637362638,0.8114285714285714,0.8497820823244552,0.11620958149433136,2.5531485446423017,0.2767151464259503,0.10708331820284224,0.08763453364372253,213,393,37,62,40.654139280319214,8043792.0,1902.0,0.6433444698435027,,1036,855,211,209,1298,71,257,58,63,6,16,5,,,,,,,,,,,,,,,,,,,,,2397,423,705,484
mar,gdm_early,3,0.8,risk_beta=2.5,0.5,2,4,4030,FedAvg-LR,0.9508921775898521,0.9380261139620268,0.8763636363636363,0.9372093023255814,0.8992537313432836,0.9221967963386728,0.8876611418047882,0.9086517935090839,0.13864825665950775,3.669306158092651,0.7679695779672973,0.15658012212828756,0.018170084804296494,241,403,27,34,0.6672353744506836,22128.0,,0.39625901178125555,,1036,855,211,209,1298,71,257,58,63,6,16,5,,,,,,,,,,,,,,,,,,,,,2397,423,705,484
mar,gdm_early,3,0.8,risk_beta=2.5,0.5,2,4,4030,FedAvg-MLP,0.9665961945031711,0.9593205134516402,0.9163636363636364,0.9697674418604652,0.9509433962264151,0.9477272727272728,0.9333333333333333,0.945977011494253,0.06744487583637238,0.5371912243852072,1.663123497532807,0.07565008040438306,0.277275025844574,252,417,13,23,0.5283224582672119,261600.0,,,,1036,855,211,209,1298,71,257,58,63,6,16,5,,,,,,,,,,,,,,,,,,,,,2397,423,705,484
mar,gdm_early,3,0.8,risk_beta=2.5,0.5,2,4,4030,FedEns-RF,0.982782241014799,0.9792879703304214,0.92,0.9627906976744186,0.9405204460966543,0.9495412844036697,0.9301470588235294,0.9431335756011412,0.1329732641390143,-1.221796635479457,4.329854401236099,0.25894960729148353,0.6165599173553719,253,414,16,22,3.981292724609375,,,,,1036,855,211,209,1298,71,257,58,63,6,16,5,,,,,,,,,,,,,,,,,,,,,2397,423,705,484
mar,gdm_early,3,0.8,risk_beta=2.5,0.5,2,4,4030,FedAvg-GCN,0.9478816067653277,0.9510536696564101,0.9090909090909091,0.9744186046511628,0.9578544061302682,0.9436936936936937,0.9328358208955224,0.945822944772704,0.06617714464664459,0.9666934383050247,1.2573324553481162,0.06598105271551626,0.2038041353225708,250,419,11,25,2.260951519012451,261600.0,,,,1036,855,211,209,1298,71,257,58,63,6,16,5,,,,,,,,,,,,,,,,,,,,,2397,423,705,484
mar,gdm_early,3,0.8,risk_beta=2.5,0.5,2,4,4030,FedMatch-tab,0.9673911205073995,0.9586941294129868,0.92,0.958139534883721,0.933579335793358,0.9493087557603687,0.9267399267399268,0.9402218152218152,0.07076457142829895,0.975271932540841,1.3960168531281456,0.07466754839352681,0.15438425540924072,253,412,18,22,0.7014434337615967,261600.0,,,,1036,855,211,209,1298,71,257,58,63,6,16,5,,,,,,,,,,,,,,,,,,,,,2397,423,705,484
mar,gdm_early,3,0.8,risk_beta=2.5,0.5,2,4,4030,Local-TGNN,0.7389090909090908,0.6216910571303078,0.9636363636363636,0.5465116279069767,0.5760869565217391,0.9591836734693877,0.7210884353741497,0.708692365835223,0.3139752149581909,-4.9683858672131676,0.1433534109007248,0.3215521227201804,0.004626383539289236,265,235,195,10,33.83951807022095,0.0,1835.0,0.5997289138971924,,1036,855,211,209,1298,71,257,58,63,6,16,5,,,,,,,,,,,,,,,,,,,,,2397,423,705,484
mar,gdm_early,3,0.8,risk_beta=2.5,0.5,3,0,5026,FedTGNN-SS,0.9782842481413112,0.9531764119316221,0.9635036496350365,0.9675174013921114,0.9496402877697842,0.9765807962529274,0.9565217391304348,0.9642748555792033,0.09152970463037491,9.6051108256559,0.3529656347934822,0.10114910482026057,1e-06,264,417,14,10,39.17230224609375,8043792.0,1882.0,0.3211568770079409,,526,366,105,103,105,44,24,19,1766,523,339,272,,,,,,,,,,,,,,,,,,,,,2397,423,705,468
mar,gdm_early,3,0.8,risk_beta=2.5,0.5,3,0,5026,FedAvg-LR,0.9369400646942265,0.880349098243241,0.8284671532846716,0.9419953596287703,0.9007936507936508,0.8962472406181016,0.8631178707224335,0.8908349534607642,0.09319982677698135,1.4582182470124436,0.687088178045894,0.08655332701399604,0.24088293313980103,227,406,25,47,0.8724522590637207,22128.0,,0.41684548705825303,,526,366,105,103,105,44,24,19,1766,523,339,272,,,,,,,,,,,,,,,,,,,,,2397,423,705,468
mar,gdm_early,3,0.8,risk_beta=2.5,0.5,3,0,5026,FedAvg-MLP,0.963334293020814,0.9339579385941145,0.916058394160584,0.9675174013921114,0.9471698113207547,0.9477272727272728,0.9313543599257885,0.9444372258871193,0.05108972638845444,-0.2940894030495952,0.907074186510828,0.0435692902997876,0.44789132475852966,251,417,14,23,0.6599266529083252,261600.0,,,,526,366,105,103,105,44,24,19,1766,523,339,272,,,,,,,,,,,,,,,,,,,,,2397,423,705,468
mar,gdm_early,3,0.8,risk_beta=2.5,0.5,3,0,5026,FedEns-RF,0.9941741324707436,0.9904844062753957,0.9817518248175182,0.9466357308584686,0.9212328767123288,0.9878934624697336,0.950530035335689,0.958677339942726,0.04471020967244627,-0.5434655954682766,2.8086545456213807,0.11941393889798145,0.34618589743589745,269,408,23,5,3.727471113204956,,,,,526,366,105,103,105,44,24,19,1766,523,339,272,,,,,,,,,,,,,,,,,,,,,2397,423,705,468
mar,gdm_early,3,0.8,risk_beta=2.5,0.5,3,0,5026,FedAvg-GCN,0.9718359950547868,0.9417903194263748,0.9635036496350365,0.9721577726218097,0.9565217391304348,0.9766899766899767,0.96,0.9672093023255814,0.042555857449769974,-0.1981800370861129,0.8993681492548878,0.06026307071248692,0.2889372706413269,264,419,12,10,2.7284274101257324,261600.0,,,,526,366,105,103,105,44,24,19,1766,523,339,272,,,,,,,,,,,,,,,,,,,,,2397,423,705,468
mar,gdm_early,3,0.8,risk_beta=2.5,0.5,3,0,5026,FedMatch-tab,0.9612427388351653,0.9293115233063838,0.9051094890510949,0.9721577726218097,0.9538461538461539,0.9415730337078652,0.9288389513108615,0.9427299779385357,0.05098232999444008,0.07713975805682767,0.7790898002597836,0.021935424467561953,0.4535101354122162,248,419,12,26,0.7881317138671875,261600.0,,,,526,366,105,103,105,44,24,19,1766,523,339,272,,,,,,,,,,,,,,,,,,,,,2397,423,705,468
mar,gdm_early,3,0.8,risk_beta=2.5,0.5,3,0,5026,Local-TGNN,0.9025691398377564,0.8408776697631822,0.8613138686131386,0.8538283062645011,0.7892976588628763,0.9064039408866995,0.8237347294938918,0.8515328366704824,0.15755252540111542,-4.594798330992743,0.2157612526098859,0.16142361000120797,0.9814807772636414,236,368,63,38,33.04552125930786,0.0,1916.0,0.423125416742438,,526,366,105,103,105,44,24,19,1766,523,339,272,,,,,,,,,,,,,,,,,,,,,2397,423,705,468
mar,gdm_early,3,0.8,risk_beta=2.5,0.5,3,1,5027,FedTGNN-SS,0.9897454570088233,0.9852882766802179,0.927007299270073,0.9860788863109049,0.9769230769230769,0.9550561797752809,0.951310861423221,0.9608152480632086,0.04520905017852783,5.7502545086794425,0.4511999624077195,0.051586574496262104,0.14874032139778137,254,425,6,20,33.800869941711426,8043792.0,1873.0,0.3860432536555468,,197,96,40,36,1426,206,299,153,774,631,147,145,,,,,,,,,,,,,,,,,,,,,2397,423,705,486
mar,gdm_early,3,0.8,risk_beta=2.5,0.5,3,1,5027,FedAvg-LR,0.9480159872643825,0.9448350911238449,0.8832116788321168,0.9373549883990719,0.8996282527881041,0.926605504587156,0.8913443830570903,0.9116468166727205,0.08055774867534637,1.5849379048458183,0.8772583495115804,0.0881255641738151,0.15761511027812958,242,404,27,32,0.859083890914917,22128.0,,0.40201091556489515,,197,96,40,36,1426,206,299,153,774,631,147,145,,,,,,,,,,,,,,,,,,,,,2397,423,705,486
mar,gdm_early,3,0.8,risk_beta=2.5,0.5,3,1,5027,FedAvg-MLP,0.9823784442901418,0.9769726597620738,0.9233576642335767,0.9837587006960556,0.9730769230769231,0.952808988764045,0.947565543071161,0.9578010363757632,0.04017408564686775,0.2508330058420401,1.3580672882113614,0.04385993664569041,0.3240329623222351,253,424,7,21,0.5761995315551758,261600.0,,,,197,96,40,36,1426,206,299,153,774,631,147,145,,,,,,,,,,,,,,,,,,,,,2397,423,705,486
mar,gdm_early,3,0.8,risk_beta=2.5,0.5,3,1,5027,FedEns-RF,0.9979677206293291,0.9967345452995671,0.9817518248175182,0.974477958236659,0.9607142857142857,0.9882352941176471,0.9711191335740073,0.9762137723944803,0.043084510117303715,-0.7694985322590229,3.669839065250757,0.14484941482065203,0.4565329218106996,269,420,11,5,3.62723970413208,,,,,197,96,40,36,1426,206,299,153,774,631,147,145,,,,,,,,,,,,,,,,,,,,,2397,423,705,486
mar,gdm_early,3,0.8,risk_beta=2.5,0.5,3,1,5027,FedAvg-GCN,0.9750537707250158,0.9755776497232337,0.9416058394160584,0.9837587006960556,0.9735849056603774,0.9636363636363636,0.9573283858998145,0.9654609782541552,0.03337544575333595,0.18692938900821293,1.178332883215576,0.026674820606907224,0.3815532624721527,258,424,7,16,2.3610479831695557,261600.0,,,,197,96,40,36,1426,206,299,153,774,631,147,145,,,,,,,,,,,,,,,,,,,,,2397,423,705,486
mar,gdm_early,3,0.8,risk_beta=2.5,0.5,3,1,5027,FedMatch-tab,0.9812691584669839,0.9760390352758297,0.9343065693430657,0.9814385150812065,0.9696969696969697,0.9591836734693877,0.9516728624535316,0.9609281743460318,0.0421118326485157,0.5126618564499583,1.2278135255292193,0.028283383829373836,0.29145073890686035,256,423,8,18,0.6105561256408691,261600.0,,,,197,96,40,36,1426,206,299,153,774,631,147,145,,,,,,,,,,,,,,,,,,,,,2397,423,705,486
mar,gdm_early,3,0.8,risk_beta=2.5,0.5,3,1,5027,Local-TGNN,0.9236286348163328,0.9060024203800754,0.7372262773722628,0.91415313225058,0.8451882845188284,0.8454935622317596,0.7875243664717348,0.8330041007386545,0.1771586388349533,-3.607398129030543,0.27839510181269134,0.17904633588507665,0.9883456230163574,202,394,37,72,31.36241626739502,0.0,1879.0,0.5591819163529171,,197,96,40,36,1426,206,299,153,774,631,147,145,,,,,,,,,,,,,,,,,,,,,2397,423,705,486
mar,gdm_early,3,0.8,risk_beta=2.5,0.5,3,2,5028,FedTGNN-SS,0.9340440665910207,0.9356580528444636,0.8832116788321168,0.9605568445475638,0.9343629343629344,0.9282511210762332,0.9080675422138836,0.9260976251548323,0.10304052382707596,9.99999335625205,0.2581185324238961,0.10715283102963569,1e-06,242,414,17,32,30.499496698379517,8043792.0,1910.0,0.3779513421312506,,356,330,70,69,646,27,126,20,1395,576,278,251,,,,,,,,,,,,,,,,,,,,,2397,423,705,474
mar,gdm_early,3,0.8,risk_beta=2.5,0.5,3,2,5028,FedAvg-LR,0.9178789777634766,0.8989296916118511,0.8905109489051095,0.9535962877030162,0.9242424242424242,0.9319727891156463,0.9070631970260223,0.924861873742369,0.08107398450374603,1.1158267028962583,0.6567853330962488,0.06943275036805487,0.18319030106067657,244,411,20,30,0.7531270980834961,22128.0,,0.5162073196277344,,356,330,70,69,646,27,126,20,1395,576,278,251,,,,,,,,,,,,,,,,,,,,,2397,423,705,474
mar,gdm_early,3,0.8,risk_beta=2.5,0.5,3,2,5028,FedAvg-MLP,0.9672040916557997,0.9475679474500074,0.9343065693430657,0.9303944315545244,0.8951048951048951,0.9570405727923628,0.9142857142857143,0.92890756302521,0.052417412400245667,0.6628515606688634,0.7796605355106486,0.04068346250247447,0.08484875410795212,256,401,30,18,0.5418963432312012,261600.0,,,,356,330,70,69,646,27,126,20,1395,576,278,251,,,,,,,,,,,,,,,,,,,,,2397,423,705,474
mar,gdm_early,3,0.8,risk_beta=2.5,0.5,3,2,5028,FedEns-RF,0.9915406371195827,0.9869886579997098,0.9781021897810219,0.9443155452436195,0.9178082191780822,0.9854721549636803,0.9469964664310954,0.9557257213672065,0.04153176853060842,-0.12926239815619053,2.1550853289230143,0.10130765777897477,0.36677215189873424,268,407,24,6,3.384920597076416,,,,,356,330,70,69,646,27,126,20,1395,576,278,251,,,,,,,,,,,,,,,,,,,,,2397,423,705,474
mar,gdm_early,3,0.8,risk_beta=2.5,0.5,3,2,5028,FedAvg-GCN,0.9572628584009348,0.9409800156902717,0.9014598540145985,0.9675174013921114,0.946360153256705,0.9391891891891891,0.9233644859813084,0.9382536715620828,0.05571914464235306,0.8271811330551233,0.6710632024274377,0.04196364167311512,0.5428981184959412,247,417,14,27,2.5451595783233643,261600.0,,,,356,330,70,69,646,27,126,20,1395,576,278,251,,,,,,,,,,,,,,,,,,,,,2397,423,705,474
mar,gdm_early,3,0.8,risk_beta=2.5,0.5,3,2,5028,FedMatch-tab,0.9609548325909868,0.945737907928139,0.9306569343065694,0.9396751740139211,0.9074733096085409,0.9551886792452831,0.918918918918919,0.9331436699857752,0.05463419854640961,1.1409991462737505,0.7294786096035202,0.04628788614183241,0.05622011423110962,255,405,26,19,0.854698896408081,261600.0,,,,356,330,70,69,646,27,126,20,1395,576,278,251,,,,,,,,,,,,,,,,,,,,,2397,423,705,474
mar,gdm_early,3,0.8,risk_beta=2.5,0.5,3,2,5028,Local-TGNN,0.9371432926312938,0.9151376415750568,0.843065693430657,0.9443155452436195,0.9058823529411765,0.9044444444444445,0.8733459357277883,0.8986479962407387,0.09308521449565887,3.5699962387015995,0.3040338762763416,0.09225415173036228,0.23053425550460815,231,407,24,43,38.81627559661865,0.0,1890.0,0.3649759104647335,,356,330,70,69,646,27,126,20,1395,576,278,251,,,,,,,,,,,,,,,,,,,,,2397,423,705,474
mar,gdm_early,3,0.8,risk_beta=2.5,0.5,3,3,5029,FedTGNN-SS,0.9805327695560253,0.9759238866102757,0.9563636363636364,0.9162790697674419,0.8795986622073578,0.9704433497536946,0.9163763066202091,0.9294800193388126,0.057779017835855484,5.9531419814784705,0.3549506893688645,0.06396790607138833,1e-06,263,394,36,12,30.201377868652344,8043792.0,1903.0,0.38974921400892004,,520,487,97,96,1425,437,292,239,452,8,96,7,,,,,,,,,,,,,,,,,,,,,2397,423,705,485
mar,gdm_early,3,0.8,risk_beta=2.5,0.5,3,3,5029,FedAvg-LR,0.9545623678646933,0.9405565973575449,0.9236363636363636,0.9604651162790697,0.9372693726937269,0.9516129032258065,0.9304029304029304,0.9432107244607244,0.07700411975383759,1.1861701004164837,1.0402096995370027,0.08028192612084938,0.15867979824543,254,413,17,21,0.8139567375183105,22128.0,,0.4450566644732032,,520,487,97,96,1425,437,292,239,452,8,96,7,,,,,,,,,,,,,,,,,,,,,2397,423,705,485
mar,gdm_early,3,0.8,risk_beta=2.5,0.5,3,3,5029,FedAvg-MLP,0.975492600422833,0.9710459937273005,0.9345454545454546,0.9627906976744186,0.9413919413919414,0.9583333333333334,0.9379562043795621,0.9492565244635629,0.04297231137752533,-0.28732187357985717,1.3015269533531284,0.04623096058449003,0.3320685923099518,257,414,16,18,0.5777249336242676,261600.0,,,,520,487,97,96,1425,437,292,239,452,8,96,7,,,,,,,,,,,,,,,,,,,,,2397,423,705,485
mar,gdm_early,3,0.8,risk_beta=2.5,0.5,3,3,5029,FedEns-RF,0.9960761099365749,0.9947351413605344,0.9745454545454545,0.958139534883721,0.9370629370629371,0.9832935560859188,0.9554367201426025,0.962995156302161,0.04505640902832583,-0.4546224564972582,3.3123562199395504,0.14169104335746144,0.4010309278350515,268,412,18,7,2.9027936458587646,,,,,520,487,97,96,1425,437,292,239,452,8,96,7,,,,,,,,,,,,,,,,,,,,,2397,423,705,485
mar,gdm_early,3,0.8,risk_beta=2.5,0.5,3,3,5029,FedAvg-GCN,0.9796194503171247,0.9808344088825018,0.9745454545454545,0.9697674418604652,0.9537366548042705,0.9834905660377359,0.9640287769784173,0.9703047866156723,0.0320894755423069,-0.19766195181347748,1.1908827336485706,0.04075898601019634,0.2716412842273712,268,417,13,7,2.6245763301849365,261600.0,,,,520,487,97,96,1425,437,292,239,452,8,96,7,,,,,,,,,,,,,,,,,,,,,2397,423,705,485
mar,gdm_early,3,0.8,risk_beta=2.5,0.5,3,3,5029,FedMatch-tab,0.9767103594080339,0.9711047387338345,0.9418181818181818,0.9651162790697675,0.9452554744525548,0.962877030162413,0.9435336976320583,0.9537645259356575,0.040064487606287,0.0806717726417225,1.2023434292783994,0.040401057640077384,0.2864847481250763,259,415,15,16,0.830327033996582,261600.0,,,,520,487,97,96,1425,437,292,239,452,8,96,7,,,,,,,,,,,,,,,,,,,,,2397,423,705,485
mar,gdm_early,3,0.8,risk_beta=2.5,0.5,3,3,5029,Local-TGNN,0.8226892177589852,0.7309973277176823,0.9163636363636364,0.6651162790697674,0.6363636363636364,0.9255663430420712,0.7511177347242921,0.7625683396219566,0.22314071655273438,-3.86409645496514,0.2042559905872115,0.2109141478856616,0.22513163089752197,252,286,144,23,40.879501819610596,0.0,1558.0,0.5778591796446589,,520,487,97,96,1425,437,292,239,452,8,96,7,,,,,,,,,,,,,,,,,,,,,2397,423,705,485
mar,gdm_early,3,0.8,risk_beta=2.5,0.5,3,4,5030,FedTGNN-SS,0.9398731501057082,0.9301316622899645,0.7527272727272727,0.9883720930232558,0.9764150943396226,0.8620689655172413,0.8501026694045175,0.8855063726220854,0.09003220498561859,4.376887218686025,0.29823836165530065,0.08915350864780078,0.8882703185081482,207,425,5,68,38.750253200531006,8043792.0,1887.0,0.37613399728383884,,477,195,93,79,132,62,25,23,1788,675,352,322,,,,,,,,,,,,,,,,,,,,,2397,423,705,470
mar,gdm_early,3,0.8,risk_beta=2.5,0.5,3,4,5030,FedAvg-LR,0.8908837209302326,0.8930842413571547,0.88,0.8162790697674419,0.7538940809968847,0.9140625,0.8120805369127517,0.837244199660307,0.11421211063861847,1.8219694913675575,0.4611897537632355,0.10399648640569008,0.0628899335861206,242,351,79,33,1.2399556636810303,22128.0,,0.4093903727176701,,477,195,93,79,132,62,25,23,1788,675,352,322,,,,,,,,,,,,,,,,,,,,,2397,423,705,470
mar,gdm_early,3,0.8,risk_beta=2.5,0.5,3,4,5030,FedAvg-MLP,0.9493446088794925,0.9437132192297005,0.9090909090909091,0.8883720930232558,0.8389261744966443,0.9385749385749386,0.8726003490401396,0.8926920502667843,0.06925737857818604,-0.43872735849198274,0.8164635120483132,0.04013784321170328,0.3612963557243347,250,382,48,25,0.9998247623443604,261600.0,,,,477,195,93,79,132,62,25,23,1788,675,352,322,,,,,,,,,,,,,,,,,,,,,2397,423,705,470
mar,gdm_early,3,0.8,risk_beta=2.5,0.5,3,4,5030,FedEns-RF,0.9914164904862579,0.9860494117023467,0.9745454545454545,0.9534883720930233,0.9305555555555556,0.9832134292565947,0.9520426287744227,0.9600827075395135,0.04262234080582658,-0.25328550566845487,2.098406070849859,0.08249948694733668,0.3822021276595745,268,410,20,7,3.5743472576141357,,,,,477,195,93,79,132,62,25,23,1788,675,352,322,,,,,,,,,,,,,,,,,,,,,2397,423,705,470
mar,gdm_early,3,0.8,risk_beta=2.5,0.5,3,4,5030,FedAvg-GCN,0.9716871035940803,0.9549919874444158,0.9054545454545454,0.9465116279069767,0.9154411764705882,0.9399538106235565,0.9104204753199269,0.9268208981466378,0.060145020484924316,-0.5691529444064063,0.9584967302357928,0.06674597955553244,0.5484498739242554,249,407,23,26,3.6232855319976807,261600.0,,,,477,195,93,79,132,62,25,23,1788,675,352,322,,,,,,,,,,,,,,,,,,,,,2397,423,705,470
mar,gdm_early,3,0.8,risk_beta=2.5,0.5,3,4,5030,FedMatch-tab,0.945801268498943,0.9418488409793553,0.9018181818181819,0.8976744186046511,0.8493150684931506,0.9346246973365617,0.8747795414462081,0.8952782641987862,0.067128486931324,-0.19887001114425554,0.7542438951630493,0.04359116647788819,0.3278059959411621,248,386,44,27,0.9381341934204102,261600.0,,,,477,195,93,79,132,62,25,23,1788,675,352,322,,,,,,,,,,,,,,,,,,,,,2397,423,705,470
mar,gdm_early,3,0.8,risk_beta=2.5,0.5,3,4,5030,Local-TGNN,0.8395560253699789,0.7076543254200129,0.7854545454545454,0.8209302325581396,0.7372013651877133,0.8567961165048543,0.7605633802816901,0.7995215951289686,0.21955758333206177,-3.825366873071785,0.17409516855280527,0.22059923629375527,0.9668418765068054,216,353,77,59,40.18252110481262,0.0,1883.0,0.5586419194205523,,477,195,93,79,132,62,25,23,1788,675,352,322,,,,,,,,,,,,,,,,,,,,,2397,423,705,470
mar,gdm_early,3,0.8,risk_beta=2.5,0.5,4,0,6026,FedTGNN-SS,0.945009907361932,0.938008039511466,0.9014598540145985,0.9582366589327146,0.9320754716981132,0.9386363636363636,0.9165120593692022,0.9324236531059559,0.0704372227191925,4.315082266685729,0.43631199298501616,0.07000693783695737,0.01834453083574772,247,413,18,27,40.724390506744385,8043792.0,1915.0,0.5413437047205064,,42,24,9,7,896,879,165,164,1459,30,291,24,,,,,,,,,,,,,,,,,,,,,2397,423,705,465
mar,gdm_early,3,0.8,risk_beta=2.5,0.5,4,0,6026,FedAvg-LR,0.9400731620573441,0.9245752548903774,0.8175182481751825,0.9675174013921114,0.9411764705882353,0.892933618843683,0.875,0.9018652561247216,0.13119597733020782,2.6878747664225573,0.8013780087566548,0.1617007146596063,0.12337756901979446,224,417,14,50,1.1329329013824463,22128.0,,0.4509723175474719,,42,24,9,7,896,879,165,164,1459,30,291,24,,,,,,,,,,,,,,,,,,,,,2397,423,705,465
mar,gdm_early,3,0.8,risk_beta=2.5,0.5,4,0,6026,FedAvg-MLP,0.9559249411485766,0.9481775662626521,0.916058394160584,0.9234338747099768,0.8838028169014085,0.9453681710213777,0.899641577060932,0.9169569387652078,0.09789159148931503,2.3067641493439566,0.9472954721879168,0.14479506548679041,0.047828882932662964,251,398,33,23,0.7579560279846191,261600.0,,,,42,24,9,7,896,879,165,164,1459,30,291,24,,,,,,,,,,,,,,,,,,,,,2397,423,705,465
mar,gdm_early,3,0.8,risk_beta=2.5,0.5,4,0,6026,FedEns-RF,0.9813369011126729,0.9785482694701122,0.9525547445255474,0.9443155452436195,0.9157894736842105,0.969047619047619,0.9338103756708408,0.9451660574006377,0.061114561665227565,-0.298761482412396,2.583360697476682,0.13869654541294896,0.3179354838709677,261,407,24,13,4.07571005821228,,,,,42,24,9,7,896,879,165,164,1459,30,291,24,,,,,,,,,,,,,,,,,,,,,2397,423,705,465
mar,gdm_early,3,0.8,risk_beta=2.5,0.5,4,0,6026,FedAvg-GCN,0.9567547885582672,0.9514448567023589,0.9343065693430657,0.9234338747099768,0.8858131487889274,0.9567307692307693,0.9094138543516874,0.9246006697968591,0.07600268721580505,1.8095661931757225,0.9641828704072841,0.10021073183718514,0.044662635773420334,256,398,33,18,3.1176178455352783,261600.0,,,,42,24,9,7,896,879,165,164,1459,30,291,24,,,,,,,,,,,,,,,,,,,,,2397,423,705,465
mar,gdm_early,3,0.8,risk_beta=2.5,0.5,4,0,6026,FedMatch-tab,0.9540196792385728,0.9482648499436112,0.916058394160584,0.9211136890951276,0.8807017543859649,0.9452380952380952,0.8980322003577818,0.9155260884280095,0.09562300145626068,2.4096099685299834,0.9088177450733791,0.1410907354219057,0.039870742708444595,251,397,34,23,0.8422627449035645,261600.0,,,,42,24,9,7,896,879,165,164,1459,30,291,24,,,,,,,,,,,,,,,,,,,,,2397,423,705,465
mar,gdm_early,3,0.8,risk_beta=2.5,0.5,4,0,6026,Local-TGNN,0.9096313106508376,0.9076058467172887,0.8175182481751825,0.9071925754060325,0.8484848484848485,0.8866213151927438,0.8327137546468402,0.8647513727362641,0.10669918358325958,0.5608155802151367,0.41688713235986147,0.08935703457537907,0.4242751896381378,224,391,40,50,38.20209813117981,0.0,1894.0,0.657167696179364,,42,24,9,7,896,879,165,164,1459,30,291,24,,,,,,,,,,,,,,,,,,,,,2397,423,705,465
mar,gdm_early,3,0.8,risk_beta=2.5,0.5,4,1,6027,FedTGNN-SS,0.987611563669619,0.9844299792202315,0.9781021897810219,0.9698375870069605,0.9537366548042705,0.9858490566037735,0.9657657657657658,0.9717717717717718,0.04209350049495697,6.624445996550429,0.4539382168995301,0.048408178717446196,0.00012688346032518893,268,418,13,6,38.866257667541504,8043792.0,1916.0,0.34013386141045715,,1031,273,203,160,623,44,128,35,743,616,131,130,,,,,,,,,,,,,,,,,,,,,2397,423,705,462
mar,gdm_early,3,0.8,risk_beta=2.5,0.5,4,1,6027,FedAvg-LR,0.9600487747048961,0.9525219058856025,0.8978102189781022,0.974477958236659,0.9571984435797666,0.9375,0.9265536723163842,0.9410925358168951,0.07666086405515671,1.2999111234316965,1.137336154814472,0.08549714520943502,0.19724076986312866,246,420,11,28,1.155879259109497,22128.0,,0.43341162383715576,,1031,273,203,160,623,44,128,35,743,616,131,130,,,,,,,,,,,,,,,,,,,,,2397,423,705,462
mar,gdm_early,3,0.8,risk_beta=2.5,0.5,4,1,6027,FedAvg-MLP,0.9833945839754772,0.9808570029666492,0.9744525547445255,0.9675174013921114,0.9501779359430605,0.9834905660377359,0.9621621621621622,0.9688003793266952,0.03467301279306412,0.049253357658308315,1.534387558280945,0.06722410148974005,0.23737993836402893,267,417,14,7,0.5395286083221436,261600.0,,,,1031,273,203,160,623,44,128,35,743,616,131,130,,,,,,,,,,,,,,,,,,,,,2397,423,705,462
mar,gdm_early,3,0.8,risk_beta=2.5,0.5,4,1,6027,FedEns-RF,0.998281030365641,0.9972984537304003,0.9927007299270073,0.9721577726218097,0.9577464788732394,0.995249406175772,0.974910394265233,0.9792392346913019,0.04688785079691372,-0.6793066565979814,4.325020656680659,0.15864740106229466,0.42063852813852814,272,419,12,2,4.154541492462158,,,,,1031,273,203,160,623,44,128,35,743,616,131,130,,,,,,,,,,,,,,,,,,,,,2397,423,705,462
mar,gdm_early,3,0.8,risk_beta=2.5,0.5,4,1,6027,FedAvg-GCN,0.9870272833505512,0.983691937733059,0.9781021897810219,0.9767981438515081,0.9640287769784173,0.9859484777517564,0.9710144927536232,0.9761832370528023,0.02986554056406021,-0.09794810915154335,1.3905106624602641,0.04704295439077606,0.36613908410072327,268,421,10,6,3.162125587463379,261600.0,,,,1031,273,203,160,623,44,128,35,743,616,131,130,,,,,,,,,,,,,,,,,,,,,2397,423,705,462
mar,gdm_early,3,0.8,risk_beta=2.5,0.5,4,1,6027,FedMatch-tab,0.9842837062001456,0.9812415109847957,0.9598540145985401,0.974477958236659,0.9598540145985401,0.974477958236659,0.9598540145985401,0.9671659864175995,0.03475121408700943,0.38363143939948136,1.3974701282098099,0.05283817282699523,0.22956596314907074,263,420,11,11,0.694206714630127,261600.0,,,,1031,273,203,160,623,44,128,35,743,616,131,130,,,,,,,,,,,,,,,,,,,,,2397,423,705,462
mar,gdm_early,3,0.8,risk_beta=2.5,0.5,4,1,6027,Local-TGNN,0.9629363049773909,0.9586443240935967,0.8065693430656934,0.9907192575406032,0.9822222222222222,0.8895833333333333,0.8857715430861723,0.9116014685793101,0.12707264721393585,-3.0132774980803565,0.40397062073073564,0.14052323615508724,0.9883095026016235,221,427,4,53,37.42246723175049,0.0,1917.0,0.48855116514690977,,1031,273,203,160,623,44,128,35,743,616,131,130,,,,,,,,,,,,,,,,,,,,,2397,423,705,462
mar,gdm_early,3,0.8,risk_beta=2.5,0.5,4,2,6028,FedTGNN-SS,0.9659169813877081,0.9540190059912327,0.8868613138686131,0.9605568445475638,0.9346153846153846,0.9303370786516854,0.9101123595505618,0.9276589195013083,0.07450895011425018,4.43080056150373,0.3445672506283435,0.0764818616366635,0.12467112392187119,243,414,17,31,36.32163071632385,8043792.0,1860.0,0.4550207576543851,,842,73,175,60,914,395,186,172,641,465,131,128,,,,,,,,,,,,,,,,,,,,,2397,423,705,492
mar,gdm_early,3,0.8,risk_beta=2.5,0.5,4,2,6028,FedAvg-LR,0.9676528866834894,0.9429318442561427,0.9343065693430657,0.9350348027842227,0.9014084507042254,0.9572446555819477,0.9175627240143369,0.9317860568428492,0.06342794001102448,0.5244086588938216,0.7093074209978124,0.04498275394769426,0.21812660992145538,256,403,28,18,0.7835474014282227,22128.0,,0.5544210920832613,,842,73,175,60,914,395,186,172,641,465,131,128,,,,,,,,,,,,,,,,,,,,,2397,423,705,492
mar,gdm_early,3,0.8,risk_beta=2.5,0.5,4,2,6028,FedAvg-MLP,0.9742662624688807,0.9590735336053056,0.9452554744525548,0.9396751740139211,0.9087719298245615,0.9642857142857143,0.9266547406082289,0.9392380636061122,0.05005113407969475,-0.6213545871118555,0.900007983438279,0.04217633326002893,0.3137013018131256,259,405,26,15,0.7919735908508301,261600.0,,,,842,73,175,60,914,395,186,172,641,465,131,128,,,,,,,,,,,,,,,,,,,,,2397,423,705,492
mar,gdm_early,3,0.8,risk_beta=2.5,0.5,4,2,6028,FedEns-RF,0.990253526851491,0.9846250069006545,0.9927007299270073,0.9350348027842227,0.9066666666666666,0.9950617283950617,0.9477351916376306,0.955925012086758,0.04396955856071005,-0.4169085279284083,1.8711353721732105,0.08887884160756498,0.3236280487804878,272,403,28,2,3.727339506149292,,,,,842,73,175,60,914,395,186,172,641,465,131,128,,,,,,,,,,,,,,,,,,,,,2397,423,705,492
mar,gdm_early,3,0.8,risk_beta=2.5,0.5,4,2,6028,FedAvg-GCN,0.9833522448219215,0.9675630179599483,0.9744525547445255,0.9350348027842227,0.9050847457627119,0.9829268292682927,0.9384885764499121,0.948435726988333,0.04169530048966408,-0.7826394175148429,0.7670464775129324,0.03995232508643298,0.11811885982751846,267,403,28,7,3.074282646179199,261600.0,,,,842,73,175,60,914,395,186,172,641,465,131,128,,,,,,,,,,,,,,,,,,,,,2397,423,705,492
mar,gdm_early,3,0.8,risk_beta=2.5,0.5,4,2,6028,FedMatch-tab,0.9724541466966993,0.956148756865217,0.9452554744525548,0.9280742459396751,0.8931034482758621,0.963855421686747,0.9184397163120568,0.932033096926714,0.05171157792210579,-0.2177883768694792,0.826767385260133,0.02307362047862923,0.2099003791809082,259,400,31,15,0.7444581985473633,261600.0,,,,842,73,175,60,914,395,186,172,641,465,131,128,,,,,,,,,,,,,,,,,,,,,2397,423,705,492
mar,gdm_early,3,0.8,risk_beta=2.5,0.5,4,2,6028,Local-TGNN,0.9087591240875913,0.8307304351442844,0.9452554744525548,0.777262180974478,0.7295774647887324,0.9571428571428572,0.8235294117647058,0.8407019658055284,0.15009665489196777,-3.36711231663025,0.2681131234366509,0.15116829663838743,0.0077201989479362965,259,335,96,15,33.88653302192688,0.0,1886.0,0.5010119356512713,,842,73,175,60,914,395,186,172,641,465,131,128,,,,,,,,,,,,,,,,,,,,,2397,423,705,492
mar,gdm_early,3,0.8,risk_beta=2.5,0.5,4,3,6029,FedTGNN-SS,0.9742536997885834,0.9744382148993425,0.9381818181818182,0.9651162790697675,0.945054945054945,0.9606481481481481,0.9416058394160584,0.9522414347892356,0.0581568144261837,8.684342861034676,0.39051703331736914,0.055050607876033136,8.840274676913396e-05,258,415,15,17,33.221065282821655,8043792.0,1865.0,0.3542934644401119,,278,51,55,31,751,544,158,154,1368,337,289,201,,,,,,,,,,,,,,,,,,,,,2397,423,705,502
mar,gdm_early,3,0.8,risk_beta=2.5,0.5,4,3,6029,FedAvg-LR,0.9622241014799154,0.9475694667434913,0.8836363636363637,0.9488372093023256,0.9169811320754717,0.9272727272727272,0.9,0.9189655172413793,0.07720740139484406,1.2764961748175956,0.8734852658619399,0.07579892072298212,0.20892249047756195,243,408,22,32,0.6227459907531738,22128.0,,0.4752691362210732,,278,51,55,31,751,544,158,154,1368,337,289,201,,,,,,,,,,,,,,,,,,,,,2397,423,705,502
mar,gdm_early,3,0.8,risk_beta=2.5,0.5,4,3,6029,FedAvg-MLP,0.9576236786469344,0.9596970088344028,0.9018181818181819,0.9767441860465116,0.9612403100775194,0.9395973154362416,0.9305816135084428,0.9441961659332407,0.04600009322166443,0.5226153735627065,0.7728187151871331,0.0258672674523389,0.42475876212120056,248,420,10,27,0.6310210227966309,261600.0,,,,278,51,55,31,751,544,158,154,1368,337,289,201,,,,,,,,,,,,,,,,,,,,,2397,423,705,502
mar,gdm_early,3,0.8,risk_beta=2.5,0.5,4,3,6029,FedEns-RF,0.9855475687103594,0.984720448560515,0.9163636363636364,0.9744186046511628,0.9581749049429658,0.9479638009049773,0.9368029739776952,0.9489060741448109,0.05427244142907897,-0.709298060088675,2.3844809797608044,0.12792750981888049,0.5809760956175299,252,419,11,23,2.843904972076416,,,,,278,51,55,31,751,544,158,154,1368,337,289,201,,,,,,,,,,,,,,,,,,,,,2397,423,705,502
mar,gdm_early,3,0.8,risk_beta=2.5,0.5,4,3,6029,FedAvg-GCN,0.9672389006342494,0.9630852530070109,0.9018181818181819,0.9790697674418605,0.9649805447470817,0.9397321428571429,0.9323308270676691,0.9456642745816706,0.047803450375795364,0.791789338993045,0.7329887699659094,0.04438979056075956,0.4739556312561035,248,421,9,27,1.728651762008667,261600.0,,,,278,51,55,31,751,544,158,154,1368,337,289,201,,,,,,,,,,,,,,,,,,,,,2397,423,705,502
mar,gdm_early,3,0.8,risk_beta=2.5,0.5,4,3,6029,FedMatch-tab,0.9570655391120507,0.9584932720136272,0.8945454545454545,0.9767441860465116,0.9609375,0.9354120267260579,0.9265536723163842,0.9410925358168951,0.047101445496082306,0.6199319649038947,0.7349695317347614,0.03279848444335003,0.4486427307128906,246,420,10,29,0.6700389385223389,261600.0,,,,278,51,55,31,751,544,158,154,1368,337,289,201,,,,,,,,,,,,,,,,,,,,,2397,423,705,502
mar,gdm_early,3,0.8,risk_beta=2.5,0.5,4,3,6029,Local-TGNN,0.8342959830866807,0.6173756543119662,0.9345454545454546,0.7488372093023256,0.7041095890410959,0.9470588235294117,0.803125,0.8197443181818181,0.1761792153120041,-5.775422313080433,0.16824962276469452,0.17705138692011435,0.1703798770904541,257,322,108,18,24.388558387756348,0.0,1834.0,0.47115368313978123,,278,51,55,31,751,544,158,154,1368,337,289,201,,,,,,,,,,,,,,,,,,,,,2397,423,705,502
mar,gdm_early,3,0.8,risk_beta=2.5,0.5,4,4,6030,FedTGNN-SS,0.9866215644820296,0.9785077857438936,0.9818181818181818,0.9674418604651163,0.9507042253521126,0.9881235154394299,0.9660107334525939,0.9718420294760032,0.08086089044809341,8.976342850531237,0.4038798232471016,0.09115991274403502,1.397818095938419e-06,270,416,14,5,30.959762811660767,8043792.0,1816.0,0.35489605793092227,,268,23,55,16,1515,359,328,230,614,550,140,139,,,,,,,,,,,,,,,,,,,,,2397,423,705,523
mar,gdm_early,3,0.8,risk_beta=2.5,0.5,4,4,6030,FedAvg-LR,0.9472473572938689,0.9327498269696866,0.8654545454545455,0.9325581395348838,0.8913857677902621,0.9155251141552512,0.8782287822878229,0.901095957964188,0.1050625741481781,2.1783911591848715,0.8044097091568644,0.11302322719166887,0.05706607177853584,238,401,29,37,0.7420263290405273,22128.0,,0.39159649051435386,,268,23,55,16,1515,359,328,230,614,550,140,139,,,,,,,,,,,,,,,,,,,,,2397,423,705,523
mar,gdm_early,3,0.8,risk_beta=2.5,0.5,4,4,6030,FedAvg-MLP,0.9559323467230444,0.9475142573917905,0.9272727272727272,0.9627906976744186,0.940959409594096,0.9539170506912442,0.9340659340659341,0.9461996336996337,0.04999546706676483,0.4019124314413172,1.0399709463364726,0.040683821403811174,0.20496608316898346,255,414,16,20,0.34709715843200684,261600.0,,,,268,23,55,16,1515,359,328,230,614,550,140,139,,,,,,,,,,,,,,,,,,,,,2397,423,705,523
mar,gdm_early,3,0.8,risk_beta=2.5,0.5,4,4,6030,FedEns-RF,0.995644820295983,0.9928663142312202,0.9890909090909091,0.9511627906976744,0.9283276450511946,0.9927184466019418,0.9577464788732394,0.9646214579639356,0.04256768235473573,-0.5247157281558704,2.8785570536532648,0.12142749820321926,0.366376673040153,272,409,21,3,2.257140636444092,,,,,268,23,55,16,1515,359,328,230,614,550,140,139,,,,,,,,,,,,,,,,,,,,,2397,423,705,523
mar,gdm_early,3,0.8,risk_beta=2.5,0.5,4,4,6030,FedAvg-GCN,0.9861057082452431,0.9723514969845484,0.9818181818181818,0.9372093023255814,0.9090909090909091,0.9877450980392157,0.9440559440559441,0.9529348932690221,0.042942266911268234,0.46158598193346667,1.1679065302301175,0.044491225227396534,0.11678393930196762,270,403,27,5,2.6377437114715576,261600.0,,,,268,23,55,16,1515,359,328,230,614,550,140,139,,,,,,,,,,,,,,,,,,,,,2397,423,705,523
mar,gdm_early,3,0.8,risk_beta=2.5,0.5,4,4,6030,FedMatch-tab,0.9539112050739957,0.9464144870037354,0.9236363636363636,0.9627906976744186,0.9407407407407408,0.9517241379310345,0.9321100917431193,0.9446677626345654,0.05101976916193962,0.7297047390570996,0.9219572128138062,0.04330077966846895,0.19398589432239532,254,414,16,21,0.7840597629547119,261600.0,,,,268,23,55,16,1515,359,328,230,614,550,140,139,,,,,,,,,,,,,,,,,,,,,2397,423,705,523
mar,gdm_early,3,0.8,risk_beta=2.5,0.5,4,4,6030,Local-TGNN,0.9733446088794926,0.9681072447852712,0.92,0.9395348837209302,0.9068100358422939,0.9483568075117371,0.9133574007220217,0.9286413171834407,0.05345067381858826,1.7670184639009885,0.4431483314681293,0.04649626345948335,0.0729488804936409,253,404,26,22,23.034207105636597,0.0,1771.0,0.46035149098897526,,268,23,55,16,1515,359,328,230,614,550,140,139,,,,,,,,,,,,,,,,,,,,,2397,423,705,523
