experiment,dataset,n_silos,rho,setting,alpha,repeat,fold,seed,method,auroc,auprc,sensitivity,specificity,ppv,npv,f1_pos,macro_f1,brier,cal_intercept,cal_slope,ece,threshold,tp,tn,fp,fn,train_time_s,comm_bytes,n_pseudo,mia_auc,silo0_n,silo0_pos,silo0_labeled,silo0_labeled_pos,silo1_n,silo1_pos,silo1_labeled,silo1_labeled_pos,silo2_n,silo2_pos,silo2_labeled,silo2_labeled_pos,silo3_n,silo3_pos,silo3_labeled,silo3_labeled_pos,silo4_n,silo4_pos,silo4_labeled,silo4_labeled_pos,silo5_n,silo5_pos,silo5_labeled,silo5_labeled_pos,silo6_n,silo6_pos,silo6_labeled,silo6_labeled_pos,silo7_n,silo7_pos,silo7_labeled,silo7_labeled_pos,n_train,n_val,n_test,n_labeled
recal,pima,2,0.8,recal,0.5,0,0,2026,FedTGNN-SS,0.8035185185185185,0.7060189524559758,0.7407407407407407,0.66,0.5405405405405406,0.825,0.625,0.6791666666666667,0.2186693400144577,-0.7967077111763067,0.24383137489786152,0.22049820049387683,0.1887732446193695,40,66,34,14,13.951140642166138,4865104,220.0,0.6188930117501545,358,119,72,24,163,63,33,13,,,,,,,,,,,,,,,,,,,,,,,,,521,93,154,105
recal,pima,2,0.8,recal,0.5,0,0,2026,FedAvg-LR,0.8516666666666667,0.714094552581791,0.7222222222222222,0.85,0.7222222222222222,0.85,0.7222222222222222,0.7861111111111111,0.1526319831609726,-0.40645530100204946,0.9981304924258951,0.06650193683899842,0.5077196359634399,39,85,15,15,0.5227644443511963,8848,,0.4922696351267779,358,119,72,24,163,63,33,13,,,,,,,,,,,,,,,,,,,,,,,,,521,93,154,105
recal,pima,2,0.8,recal,0.5,0,1,2027,FedTGNN-SS,0.7664814814814815,0.6337056635545101,0.6111111111111112,0.76,0.5789473684210527,0.7835051546391752,0.5945945945945946,0.6830840993277542,0.2120542675256729,-0.1411766497330202,0.2307051782397657,0.18687014862314447,0.3884018361568451,33,76,24,21,13.41258955001831,4865104,353.0,0.6607930904047409,234,7,46,1,287,175,57,35,,,,,,,,,,,,,,,,,,,,,,,,,521,93,154,103
recal,pima,2,0.8,recal,0.5,0,1,2027,FedAvg-LR,0.7731481481481481,0.6886014944398661,0.5740740740740741,0.87,0.7045454545454546,0.7909090909090909,0.6326530612244898,0.7306122448979593,0.2609580159187317,-1.6945503161046656,0.5962781024938416,0.2708280524843699,0.8400514721870422,31,87,13,23,0.6519207954406738,8848,,0.5542806707855251,234,7,46,1,287,175,57,35,,,,,,,,,,,,,,,,,,,,,,,,,521,93,154,103
recal,pima,2,0.8,recal,0.5,0,2,2028,FedTGNN-SS,0.752962962962963,0.6153894833205937,0.7222222222222222,0.64,0.52,0.810126582278481,0.6046511627906976,0.6598674808366896,0.25316891074180603,1.1374750195459236,0.12481282993563246,0.25164342732713013,0.01416847575455904,39,64,36,15,12.802654027938843,4865104,279.0,0.6621191308691308,430,120,86,24,91,62,18,12,,,,,,,,,,,,,,,,,,,,,,,,,521,93,154,104
recal,pima,2,0.8,recal,0.5,0,2,2028,FedAvg-LR,0.822037037037037,0.7067345389814234,0.7962962962962963,0.67,0.5657894736842105,0.8589743589743589,0.6615384615384615,0.7071737251512532,0.16677038371562958,-0.30599885648153535,0.6234195118276428,0.10354151586433509,0.3195456266403198,43,67,33,11,0.7572438716888428,8848,,0.5346528471528472,430,120,86,24,91,62,18,12,,,,,,,,,,,,,,,,,,,,,,,,,521,93,154,104
recal,pima,2,0.8,recal,0.5,0,3,2029,FedTGNN-SS,0.7547169811320755,0.6565625737788159,0.5849056603773585,0.76,0.5636363636363636,0.7755102040816326,0.5740740740740741,0.6708754208754208,0.22846725583076477,1.9900604988776114,0.15178066773629145,0.20957720196909374,0.08650760352611542,31,76,24,22,11.317540168762207,4865104,338.0,0.5411324786324786,314,171,63,34,208,11,41,2,,,,,,,,,,,,,,,,,,,,,,,,,522,93,153,104
recal,pima,2,0.8,recal,0.5,0,3,2029,FedAvg-LR,0.7830188679245282,0.6428413478312358,0.660377358490566,0.73,0.5645161290322581,0.8021978021978022,0.6086956521739131,0.6865467789665377,0.21288591623306274,-1.057873374691692,0.7470843166715374,0.1798805368978993,0.5995568633079529,35,73,27,18,0.9088985919952393,8848,,0.5370789341377576,314,171,63,34,208,11,41,2,,,,,,,,,,,,,,,,,,,,,,,,,522,93,153,104
recal,pima,2,0.8,recal,0.5,0,4,2030,FedTGNN-SS,0.8643396226415094,0.7686585701735196,0.6415094339622641,0.92,0.8095238095238095,0.8288288288288288,0.7157894736842105,0.7939136941880769,0.1660265177488327,0.7744617134801347,0.22787691000545782,0.17045808986462407,0.8601471185684204,34,92,8,19,11.773504972457886,4865104,394.0,0.583239064856712,149,115,30,23,373,67,74,13,,,,,,,,,,,,,,,,,,,,,,,,,522,93,153,104
recal,pima,2,0.8,recal,0.5,0,4,2030,FedAvg-LR,0.8528301886792453,0.7241768148523515,0.7547169811320755,0.79,0.6557377049180327,0.8586956521739131,0.7017543859649122,0.7623355263157894,0.1672459989786148,0.3631333690218419,0.5406985398741151,0.13155736603768045,0.25939664244651794,40,79,21,13,1.1618444919586182,8848,,0.5167797888386123,149,115,30,23,373,67,74,13,,,,,,,,,,,,,,,,,,,,,,,,,522,93,153,104
recal,pima,2,0.8,recal,0.5,1,0,3026,FedTGNN-SS,0.7425925925925926,0.6364506189285075,0.6851851851851852,0.63,0.5,0.7875,0.578125,0.6390625,0.25533801317214966,-0.0018908739394860375,0.15136874472738046,0.23647151869878946,0.11644705384969711,37,63,37,17,12.124800205230713,4865104,308.0,0.6037087912087912,100,5,20,1,421,177,84,35,,,,,,,,,,,,,,,,,,,,,,,,,521,93,154,104
recal,pima,2,0.8,recal,0.5,1,0,3026,FedAvg-LR,0.857962962962963,0.7700222249658359,0.8703703703703703,0.67,0.5875,0.9054054054054054,0.7014925373134329,0.7358037399210842,0.15996041893959045,-0.7859723123645611,1.0035761781901784,0.13645819603622733,0.40375974774360657,47,67,33,7,1.1481668949127197,8848,,0.4753996003996004,100,5,20,1,421,177,84,35,,,,,,,,,,,,,,,,,,,,,,,,,521,93,154,104
recal,pima,2,0.8,recal,0.5,1,1,3027,FedTGNN-SS,0.820925925925926,0.6893702063159732,0.8518518518518519,0.67,0.5822784810126582,0.8933333333333333,0.6917293233082706,0.7287218045112782,0.23068057000637054,0.9674050014820328,0.18989122278591472,0.23038587833500723,0.012343335896730423,46,67,33,8,12.3370521068573,4865104,358.0,0.5230364873222016,267,163,54,33,254,19,51,4,,,,,,,,,,,,,,,,,,,,,,,,,521,93,154,105
recal,pima,2,0.8,recal,0.5,1,1,3027,FedAvg-LR,0.8157407407407407,0.6539009287582602,0.42592592592592593,0.91,0.71875,0.7459016393442623,0.5348837209302325,0.6773517703750261,0.18336893618106842,-0.8307775659299522,0.7061932889435363,0.1443064394709352,0.8315626978874207,23,91,9,31,0.6065504550933838,8848,,0.482312925170068,267,163,54,33,254,19,51,4,,,,,,,,,,,,,,,,,,,,,,,,,521,93,154,105
recal,pima,2,0.8,recal,0.5,1,2,3028,FedTGNN-SS,0.7807407407407407,0.6438204903920629,0.9074074074074074,0.5,0.494949494949495,0.9090909090909091,0.6405228758169934,0.642842083069787,0.26430651545524597,-2.156894757524144,0.19035020157729776,0.25499543806465413,0.04741659015417099,49,50,50,5,11.89922285079956,4865104,215.0,0.6745681502963057,469,167,93,33,52,15,10,3,,,,,,,,,,,,,,,,,,,,,,,,,521,93,154,103
recal,pima,2,0.8,recal,0.5,1,2,3028,FedAvg-LR,0.8209259259259258,0.6667571081531295,0.8333333333333334,0.64,0.5555555555555556,0.8767123287671232,0.6666666666666666,0.7032755298651252,0.172970250248909,-0.5554435426313651,0.6803518529471533,0.10609118592042428,0.32492783665657043,45,64,36,9,0.7076375484466553,8848,,0.5445088891690834,469,167,93,33,52,15,10,3,,,,,,,,,,,,,,,,,,,,,,,,,521,93,154,103
recal,pima,2,0.8,recal,0.5,1,3,3029,FedTGNN-SS,0.749056603773585,0.5874953998651622,0.8113207547169812,0.61,0.524390243902439,0.8591549295774648,0.6370370370370371,0.675243664717349,0.29613596200942993,-3.2336466537944513,0.21376461558540477,0.29929038637555117,0.6511238813400269,43,61,39,10,11.46822476387024,4865104,346.0,0.6612619406737054,179,5,36,1,343,177,68,35,,,,,,,,,,,,,,,,,,,,,,,,,522,93,153,104
recal,pima,2,0.8,recal,0.5,1,3,3029,FedAvg-LR,0.7537735849056604,0.6610700043947239,0.6415094339622641,0.67,0.5074626865671642,0.7790697674418605,0.5666666666666667,0.6435483870967742,0.26581642031669617,-1.6141961923353636,0.664731293130343,0.26558704912857295,0.6785780787467957,34,67,33,19,0.6962096691131592,8848,,0.5523504273504274,179,5,36,1,343,177,68,35,,,,,,,,,,,,,,,,,,,,,,,,,522,93,153,104
recal,pima,2,0.8,recal,0.5,1,4,3030,FedTGNN-SS,0.7873584905660377,0.6909960653974287,0.8679245283018868,0.55,0.5054945054945055,0.8870967741935484,0.6388888888888888,0.6589506172839505,0.24704445898532867,-1.1141164271162936,0.15662472561718757,0.23420682718088615,0.005213716067373753,46,55,45,7,9.972110271453857,4865104,368.0,0.6089429361488186,301,16,60,3,221,166,44,33,,,,,,,,,,,,,,,,,,,,,,,,,522,93,153,104
recal,pima,2,0.8,recal,0.5,1,4,3030,FedAvg-LR,0.8092452830188679,0.6755578286267672,0.7735849056603774,0.72,0.5942028985507246,0.8571428571428571,0.6721311475409836,0.7273699215965788,0.19437216222286224,0.9570829434994126,0.6594292760588186,0.16576520114942314,0.14403313398361206,41,72,28,12,0.7924525737762451,8848,,0.5049648064353947,301,16,60,3,221,166,44,33,,,,,,,,,,,,,,,,,,,,,,,,,522,93,153,104
recal,pima,2,0.8,recal,0.5,2,1,4027,FedTGNN-SS,0.8021296296296296,0.6798256886793917,0.7592592592592593,0.69,0.5694444444444444,0.8414634146341463,0.6507936507936508,0.7045177045177045,0.23791469633579254,-0.7570498742799745,0.15917803163369032,0.2567181806684798,0.08812882751226425,41,69,31,13,9.687451839447021,4865104,276.0,0.6397040459540461,193,92,38,18,328,90,66,18,,,,,,,,,,,,,,,,,,,,,,,,,521,93,154,104
recal,pima,2,0.8,recal,0.5,2,1,4027,FedAvg-LR,0.7944444444444445,0.6808542194680548,0.6851851851851852,0.72,0.5692307692307692,0.8089887640449438,0.6218487394957983,0.6918767507002801,0.1920531690120697,-0.7626514829527407,0.6922731559546833,0.13212348782009892,0.5147110223770142,37,72,28,17,0.6912825107574463,8848,,0.5462037962037962,193,92,38,18,328,90,66,18,,,,,,,,,,,,,,,,,,,,,,,,,521,93,154,104
recal,pima,2,0.8,recal,0.5,2,0,4026,FedTGNN-SS,0.8550925925925926,0.6980149917397909,0.46296296296296297,0.94,0.8064516129032258,0.7642276422764228,0.5882352941176471,0.7156423107359535,0.1867300271987915,-1.7385990726276142,0.24185607433037629,0.17969780722512052,0.9908657670021057,25,94,6,29,10.169331550598145,4865104,241.0,0.5761738261738262,165,16,33,3,356,166,71,33,,,,,,,,,,,,,,,,,,,,,,,,,521,93,154,104
recal,pima,2,0.8,recal,0.5,2,0,4026,FedAvg-LR,0.8190740740740741,0.6595007456554325,0.5555555555555556,0.89,0.7317073170731707,0.7876106194690266,0.631578947368421,0.7336298492710649,0.1908392459154129,-1.0397530079311252,0.7728262886078467,0.16415369542097893,0.7659765481948853,30,89,11,24,0.874701976776123,8848,,0.5227897102897103,165,16,33,3,356,166,71,33,,,,,,,,,,,,,,,,,,,,,,,,,521,93,154,104
recal,pima,2,0.8,recal,0.5,2,2,4028,FedTGNN-SS,0.7727777777777778,0.6357943284395643,0.5185185185185185,0.88,0.7,0.7719298245614035,0.5957446808510638,0.70908729369656,0.22183485329151154,1.2131267905660128,0.14393454395803662,0.21978205563379571,0.6176571249961853,28,88,12,26,22.12026810646057,4865104,376.0,0.6421391108891109,175,147,35,29,346,35,69,7,,,,,,,,,,,,,,,,,,,,,,,,,521,93,154,104
recal,pima,2,0.8,recal,0.5,2,2,4028,FedAvg-LR,0.8425925925925926,0.7175972535020481,0.6851851851851852,0.82,0.6727272727272727,0.8282828282828283,0.6788990825688074,0.7515098427919413,0.19698885083198547,1.3409669173891923,0.5407980356707349,0.18992270074494472,0.14486224949359894,37,82,18,17,1.5076367855072021,8848,,0.46684565434565434,175,147,35,29,346,35,69,7,,,,,,,,,,,,,,,,,,,,,,,,,521,93,154,104
recal,pima,2,0.8,recal,0.5,2,3,4029,FedTGNN-SS,0.7218867924528303,0.6096697413320271,0.6415094339622641,0.7,0.53125,0.7865168539325843,0.5811965811965812,0.6609686609686609,0.27101197838783264,-0.42245442532815053,0.15196851072491213,0.24272065028986511,0.33746060729026794,34,70,30,19,22.337242126464844,4865104,339.0,0.6485042735042735,249,140,50,28,273,42,54,8,,,,,,,,,,,,,,,,,,,,,,,,,522,93,153,104
recal,pima,2,0.8,recal,0.5,2,3,4029,FedAvg-LR,0.7526415094339622,0.5975043146927927,0.5471698113207547,0.74,0.5272727272727272,0.7551020408163265,0.5370370370370371,0.6422558922558923,0.2050468772649765,0.19899950426266155,0.47888530522410905,0.13005714612751226,0.3671625554561615,29,74,26,24,1.0185878276824951,8848,,0.5437405731523378,249,140,50,28,273,42,54,8,,,,,,,,,,,,,,,,,,,,,,,,,522,93,153,104
recal,pima,2,0.8,recal,0.5,2,4,4030,FedTGNN-SS,0.7326415094339622,0.5570537978455006,0.8490566037735849,0.46,0.45454545454545453,0.8518518518518519,0.5921052631578947,0.594753930280246,0.24591568112373352,0.6666338306933163,0.1996437505158955,0.2109544900751192,0.014623405411839485,45,46,54,8,23.026508331298828,4865104,351.0,0.6432306255835668,202,153,41,31,320,29,64,6,,,,,,,,,,,,,,,,,,,,,,,,,522,93,153,105
recal,pima,2,0.8,recal,0.5,2,4,4030,FedAvg-LR,0.8105660377358491,0.7246043754455825,0.9433962264150944,0.43,0.4672897196261682,0.9347826086956522,0.625,0.6070205479452055,0.17806075513362885,0.8270241595573172,0.8184165641816926,0.11527641438970378,0.050966113805770874,50,43,57,3,0.6761879920959473,8848,,0.492436974789916,202,153,41,31,320,29,64,6,,,,,,,,,,,,,,,,,,,,,,,,,522,93,153,105
recal,pima,2,0.8,recal,0.5,3,0,5026,FedTGNN-SS,0.7996296296296297,0.6617069686518657,0.8333333333333334,0.6,0.5294117647058824,0.8695652173913043,0.6474820143884892,0.6787705929930612,0.23507529497146606,-1.5453426624995836,0.2251494814284714,0.2200423405783904,0.1318737119436264,45,60,40,9,12.834717035293579,4865104,279.0,0.6361138861138862,94,80,19,16,427,102,85,20,,,,,,,,,,,,,,,,,,,,,,,,,521,93,154,104
recal,pima,2,0.8,recal,0.5,3,0,5026,FedAvg-LR,0.8446296296296296,0.7226497171533619,0.5,0.88,0.6923076923076923,0.7652173913043478,0.5806451612903226,0.6996249062265567,0.16108883917331696,-0.5764286276303736,0.9417678861735745,0.09668573398481717,0.7149369716644287,27,88,12,27,0.6554837226867676,8848,,0.4921953046953047,94,80,19,16,427,102,85,20,,,,,,,,,,,,,,,,,,,,,,,,,521,93,154,104
recal,pima,2,0.8,recal,0.5,3,1,5027,FedTGNN-SS,0.7440740740740741,0.6389702284477774,0.5740740740740741,0.77,0.5740740740740741,0.77,0.5740740740740741,0.672037037037037,0.2561423182487488,0.6563819689853893,0.15453869962529734,0.246593816341929,0.3179798722267151,31,77,23,23,13.064653635025024,4865104,280.0,0.6530656843156843,449,125,90,25,72,57,14,11,,,,,,,,,,,,,,,,,,,,,,,,,521,93,154,104
recal,pima,2,0.8,recal,0.5,3,1,5027,FedAvg-LR,0.7783333333333334,0.6856947576171997,0.7592592592592593,0.72,0.5942028985507246,0.8470588235294118,0.6666666666666666,0.7225225225225225,0.1824539452791214,-0.2694655965153805,0.6823389203937965,0.11535424030349627,0.3610525131225586,41,72,28,13,0.8856053352355957,8848,,0.5584415584415585,449,125,90,25,72,57,14,11,,,,,,,,,,,,,,,,,,,,,,,,,521,93,154,104
recal,pima,2,0.8,recal,0.5,3,2,5028,FedTGNN-SS,0.8227777777777777,0.742219215770723,0.7962962962962963,0.63,0.5375,0.8513513513513513,0.6417910447761194,0.6829644879053011,0.2206355184316635,-1.6593937019532048,0.1908504618038627,0.21362061546994493,0.1252928227186203,43,63,37,11,12.528132677078247,4865104,235.0,0.6035868893011751,85,29,17,6,436,153,88,31,,,,,,,,,,,,,,,,,,,,,,,,,521,93,154,105
recal,pima,2,0.8,recal,0.5,3,2,5028,FedAvg-LR,0.865,0.7637888236754634,0.7407407407407407,0.77,0.6349206349206349,0.8461538461538461,0.6837606837606838,0.7450217031368864,0.16328053176403046,-1.134018146152013,0.6504493855438234,0.1263920667690116,0.5775176286697388,40,77,23,14,0.9893083572387695,8848,,0.45182436611008037,85,29,17,6,436,153,88,31,,,,,,,,,,,,,,,,,,,,,,,,,521,93,154,105
recal,pima,2,0.8,recal,0.5,3,3,5029,FedTGNN-SS,0.7684905660377359,0.613788744745275,0.5283018867924528,0.75,0.5283018867924528,0.75,0.5283018867924528,0.6391509433962264,0.2390962541103363,-0.6536806492472497,0.255001360666617,0.21022839544742716,0.6881288290023804,28,75,25,25,13.06516408920288,4865104,222.0,0.601401458019105,369,90,74,18,153,92,30,18,,,,,,,,,,,,,,,,,,,,,,,,,522,93,153,104
recal,pima,2,0.8,recal,0.5,3,3,5029,FedAvg-LR,0.8018867924528302,0.6171709094281557,0.7358490566037735,0.73,0.5909090909090909,0.8390804597701149,0.6554621848739496,0.7181054239877769,0.17727291584014893,-0.2629340801796643,0.963943559332293,0.07873670659423652,0.3871766924858093,39,73,27,14,0.5797829627990723,8848,,0.5140774258421318,369,90,74,18,153,92,30,18,,,,,,,,,,,,,,,,,,,,,,,,,522,93,153,104
recal,pima,2,0.8,recal,0.5,3,4,5030,FedTGNN-SS,0.7371698113207548,0.537500296616301,0.5283018867924528,0.84,0.6363636363636364,0.7706422018348624,0.5773195876288659,0.6905736694125191,0.22477447986602783,0.24672432785339526,0.16373013911388737,0.18592345992139742,0.5935981273651123,28,84,16,25,12.705845594406128,4865104,349.0,0.7096845148315736,280,15,56,3,242,167,48,33,,,,,,,,,,,,,,,,,,,,,,,,,522,93,153,104
recal,pima,2,0.8,recal,0.5,3,4,5030,FedAvg-LR,0.8060377358490566,0.6120362367446452,0.660377358490566,0.79,0.625,0.8144329896907216,0.6422018348623854,0.7221161458575887,0.19855870306491852,0.6425782943025262,0.48843608710195024,0.1488051654077044,0.24432776868343353,35,79,21,18,0.6731727123260498,8848,,0.5638511814982403,280,15,56,3,242,167,48,33,,,,,,,,,,,,,,,,,,,,,,,,,522,93,153,104
recal,pima,2,0.8,recal,0.5,4,0,6026,FedTGNN-SS,0.7472222222222222,0.6450796126011255,0.7037037037037037,0.66,0.5277777777777778,0.8048780487804879,0.6031746031746031,0.6642246642246642,0.2483091503381729,1.3455997724925493,0.14289259646306696,0.23834656230960186,0.01953067071735859,38,66,34,16,12.394827127456665,4865104,326.0,0.6280282217782218,346,165,69,33,175,17,35,3,,,,,,,,,,,,,,,,,,,,,,,,,521,93,154,104
recal,pima,2,0.8,recal,0.5,4,0,6026,FedAvg-LR,0.8066666666666666,0.701410056995942,0.8888888888888888,0.49,0.48484848484848486,0.8909090909090909,0.6274509803921569,0.629854522454143,0.18406261503696442,-0.7252546207941376,0.5957342405980304,0.11503074134325053,0.21599654853343964,48,49,51,6,0.6461400985717773,8848,,0.5229145854145854,346,165,69,33,175,17,35,3,,,,,,,,,,,,,,,,,,,,,,,,,521,93,154,104
recal,pima,2,0.8,recal,0.5,4,1,6027,FedTGNN-SS,0.8105555555555556,0.7274415826091738,0.6111111111111112,0.74,0.559322033898305,0.7789473684210526,0.584070796460177,0.671522577717268,0.24467109143733978,-2.0331800224948195,0.2971956301301862,0.22577959744187143,0.8124697804450989,33,74,26,21,12.459795475006104,4865104,267.0,0.6652097902097903,250,53,50,11,271,129,54,26,,,,,,,,,,,,,,,,,,,,,,,,,521,93,154,104
recal,pima,2,0.8,recal,0.5,4,1,6027,FedAvg-LR,0.8731481481481482,0.818705906419984,0.8333333333333334,0.68,0.5844155844155844,0.8831168831168831,0.6870229007633588,0.7276922413421314,0.16354066133499146,-0.9047889521682196,1.3432101061855393,0.16340517591346396,0.49454373121261597,45,68,32,9,0.6682453155517578,8848,,0.49644105894105883,250,53,50,11,271,129,54,26,,,,,,,,,,,,,,,,,,,,,,,,,521,93,154,104
recal,pima,2,0.8,recal,0.5,4,3,6029,FedTGNN-SS,0.6713207547169812,0.5516120375399391,0.6415094339622641,0.58,0.4473684210526316,0.7532467532467533,0.5271317829457365,0.5912495072920773,0.2560858428478241,1.3390174545319549,0.13088707431244703,0.24065995892035022,0.026416447013616562,34,58,42,19,12.550100803375244,4865104,264.0,0.6477124183006536,323,104,65,21,199,78,40,16,,,,,,,,,,,,,,,,,,,,,,,,,522,93,153,105
recal,pima,2,0.8,recal,0.5,4,3,6029,FedAvg-LR,0.7571698113207547,0.6470630323001842,0.5471698113207547,0.85,0.6590909090909091,0.7798165137614679,0.5979381443298969,0.70566763675825,0.2040775567293167,-0.4816051025316018,0.5272163444416189,0.15308820602356218,0.640436053276062,29,85,15,24,0.5319812297821045,8848,,0.5338313103018985,323,104,65,21,199,78,40,16,,,,,,,,,,,,,,,,,,,,,,,,,522,93,153,105
recal,pima,2,0.8,recal,0.5,4,2,6028,FedTGNN-SS,0.7757407407407407,0.5757887516779194,0.6296296296296297,0.75,0.576271186440678,0.7894736842105263,0.6017699115044248,0.685500340367597,0.21638604998588562,-0.8683534551056818,0.26220318495924727,0.1885495511935903,0.6137723922729492,34,75,25,20,12.758734703063965,4865104,246.0,0.6433566433566433,33,25,7,5,488,157,97,31,,,,,,,,,,,,,,,,,,,,,,,,,521,93,154,104
recal,pima,2,0.8,recal,0.5,4,2,6028,FedAvg-LR,0.8579629629629629,0.7512132391622101,0.6851851851851852,0.83,0.6851851851851852,0.83,0.6851851851851852,0.7575925925925926,0.15649181604385376,-0.5445932123513616,0.9202690747435669,0.09494244650780381,0.5244854688644409,37,83,17,17,0.8994743824005127,8848,,0.5003121878121878,33,25,7,5,488,157,97,31,,,,,,,,,,,,,,,,,,,,,,,,,521,93,154,104
recal,pima,2,0.8,recal,0.5,4,4,6030,FedTGNN-SS,0.7338679245283019,0.5584271277736723,0.5660377358490566,0.75,0.5454545454545454,0.7653061224489796,0.5555555555555556,0.6565656565656566,0.27299296855926514,-0.7290534045731705,0.11062671963251619,0.2607121629080449,0.6331540942192078,30,75,25,23,10.584208726882935,4865104,264.0,0.6279851684263449,387,121,77,24,135,61,27,12,,,,,,,,,,,,,,,,,,,,,,,,,522,93,153,104
recal,pima,2,0.8,recal,0.5,4,4,6030,FedAvg-LR,0.7767924528301886,0.6218112945791096,0.5660377358490566,0.78,0.5769230769230769,0.7722772277227723,0.5714285714285714,0.673773987206823,0.19417011737823486,-0.6395827530106121,0.7637965035418861,0.12156740308197495,0.5942196249961853,30,78,22,23,0.5731103420257568,8848,,0.49893162393162394,387,121,77,24,135,61,27,12,,,,,,,,,,,,,,,,,,,,,,,,,522,93,153,104
recal,pima,2,0.8,recal,0.5,5,0,7026,FedTGNN-SS,0.8072222222222222,0.7570935081342094,0.9259259259259259,0.41,0.45871559633027525,0.9111111111111111,0.6134969325153374,0.5895070869473239,0.1860325038433075,0.6746019730043994,0.24412297097721614,0.1630000340776494,0.0011495002545416355,50,41,59,4,10.493896961212158,4865104,228.0,0.5943743756243757,151,27,30,5,370,155,74,31,,,,,,,,,,,,,,,,,,,,,,,,,521,93,154,104
recal,pima,2,0.8,recal,0.5,5,0,7026,FedAvg-LR,0.8581481481481482,0.7663585064828363,0.9074074074074074,0.71,0.6282051282051282,0.9342105263157895,0.7424242424242424,0.7746212121212122,0.1746315211057663,-0.955802078292912,1.129187903857469,0.16809313076657134,0.4590071439743042,49,71,29,5,0.8245837688446045,8848,,0.5084915084915085,151,27,30,5,370,155,74,31,,,,,,,,,,,,,,,,,,,,,,,,,521,93,154,104
recal,pima,2,0.8,recal,0.5,5,1,7027,FedTGNN-SS,0.7446296296296295,0.6417279037698203,0.7777777777777778,0.58,0.5,0.8285714285714286,0.6086956521739131,0.6455242966751918,0.2543870508670807,-1.4616894738464015,0.15772855299503882,0.2292487476166193,0.14949166774749756,42,58,42,12,10.003950119018555,4865104,386.0,0.6408279220779222,269,16,54,3,252,166,50,33,,,,,,,,,,,,,,,,,,,,,,,,,521,93,154,104
recal,pima,2,0.8,recal,0.5,5,1,7027,FedAvg-LR,0.8268518518518518,0.7240139426630499,0.7222222222222222,0.76,0.6190476190476191,0.8351648351648352,0.6666666666666666,0.7312390924956369,0.17759038507938385,-0.800511762128234,0.8368452143373649,0.12995484161686585,0.5136234164237976,39,76,24,15,0.7991330623626709,8848,,0.5132992007992008,269,16,54,3,252,166,50,33,,,,,,,,,,,,,,,,,,,,,,,,,521,93,154,104
recal,pima,2,0.8,recal,0.5,5,2,7028,FedTGNN-SS,0.7831481481481481,0.695846960892947,0.7222222222222222,0.64,0.52,0.810126582278481,0.6046511627906976,0.6598674808366896,0.24237966537475586,0.699499796811673,0.132494638211007,0.2392925976037786,0.015395496971905231,39,64,36,15,10.263015985488892,4865104,336.0,0.636988011988012,459,160,92,32,62,22,12,4,,,,,,,,,,,,,,,,,,,,,,,,,521,93,154,104
recal,pima,2,0.8,recal,0.5,5,2,7028,FedAvg-LR,0.7824074074074074,0.6904704494613669,0.8333333333333334,0.57,0.5113636363636364,0.8636363636363636,0.6338028169014085,0.6602749024266079,0.18871791660785675,-0.05243296473712565,0.5190930735913163,0.12425083841209288,0.15895235538482666,45,57,43,9,0.5729095935821533,8848,,0.547077922077922,459,160,92,32,62,22,12,4,,,,,,,,,,,,,,,,,,,,,,,,,521,93,154,104
recal,pima,2,0.8,recal,0.5,5,3,7029,FedTGNN-SS,0.7360377358490566,0.5860090730667371,0.5471698113207547,0.76,0.5471698113207547,0.76,0.5471698113207547,0.6535849056603773,0.25869032740592957,0.7461572353776085,0.17858388784752197,0.24670275553963544,0.20293517410755157,29,76,24,24,9.788153171539307,4865104,298.0,0.6235294117647059,239,33,48,7,283,149,57,30,,,,,,,,,,,,,,,,,,,,,,,,,522,93,153,105
recal,pima,2,0.8,recal,0.5,5,3,7029,FedAvg-LR,0.8126415094339622,0.6585662099888756,0.8490566037735849,0.54,0.4945054945054945,0.8709677419354839,0.625,0.6458333333333333,0.20738308131694794,-1.258893883424374,0.6465282164635479,0.19719884685831135,0.4445226490497589,45,54,46,8,0.6226296424865723,8848,,0.5066293183940243,239,33,48,7,283,149,57,30,,,,,,,,,,,,,,,,,,,,,,,,,522,93,153,105
recal,pima,2,0.8,recal,0.5,5,4,7030,FedTGNN-SS,0.7315094339622641,0.5340727041095303,0.9245283018867925,0.37,0.4375,0.9024390243902439,0.593939393939394,0.5593810444874274,0.3055289685726166,-3.0832273797166114,0.12850725075420552,0.3034742754561449,0.001657939632423222,49,37,63,4,10.008461475372314,4865104,357.0,0.7188297541238718,255,23,51,5,267,159,54,32,,,,,,,,,,,,,,,,,,,,,,,,,522,93,153,105
recal,pima,2,0.8,recal,0.5,5,4,7030,FedAvg-LR,0.7964150943396227,0.6313818463229981,0.7924528301886793,0.66,0.5526315789473685,0.8571428571428571,0.6511627906976745,0.6984627512810406,0.2138597071170807,-1.3211936906745356,0.5965088575935191,0.1785744965758199,0.5143709778785706,42,66,34,11,0.7302055358886719,8848,,0.576657329598506,255,23,51,5,267,159,54,32,,,,,,,,,,,,,,,,,,,,,,,,,522,93,153,105
recal,pima,2,0.8,recal,0.5,6,0,8026,FedTGNN-SS,0.7764814814814816,0.6358493954833154,0.6296296296296297,0.71,0.5396825396825397,0.7802197802197802,0.5811965811965812,0.6623260392893902,0.22753241658210754,0.6940442344203821,0.24723489681468735,0.1936346697923425,0.2004665732383728,34,71,29,20,11.303035974502563,4865104,382.0,0.6176323676323677,246,170,49,34,275,12,55,2,,,,,,,,,,,,,,,,,,,,,,,,,521,93,154,104
recal,pima,2,0.8,recal,0.5,6,0,8026,FedAvg-LR,0.8590740740740741,0.7685234073904901,0.9259259259259259,0.58,0.5434782608695652,0.9354838709677419,0.684931506849315,0.7004904447826822,0.14823542535305023,0.1049779525188593,0.9111114146919118,0.07262879549586154,0.15571396052837372,50,58,42,4,0.6216464042663574,8848,,0.499000999000999,246,170,49,34,275,12,55,2,,,,,,,,,,,,,,,,,,,,,,,,,521,93,154,104
recal,pima,2,0.8,recal,0.5,6,1,8027,FedTGNN-SS,0.7935185185185184,0.6929196230499922,0.6111111111111112,0.83,0.66,0.7980769230769231,0.6346153846153846,0.7241704374057315,0.20675364136695862,-0.3822162320991298,0.2109760272510523,0.19352788670448123,0.6394839882850647,33,83,17,21,11.301796436309814,4865104,245.0,0.5733147804576376,384,129,77,26,137,53,28,11,,,,,,,,,,,,,,,,,,,,,,,,,521,93,154,105
recal,pima,2,0.8,recal,0.5,6,1,8027,FedAvg-LR,0.8361111111111111,0.7481040649711185,0.8148148148148148,0.65,0.5569620253164557,0.8666666666666667,0.6616541353383458,0.7022556390977444,0.16105252504348755,-0.4713332544901721,0.7288374534337694,0.09030527597317449,0.28375130891799927,44,65,35,10,0.6619458198547363,8848,,0.45077303648732225,384,129,77,26,137,53,28,11,,,,,,,,,,,,,,,,,,,,,,,,,521,93,154,105
recal,pima,2,0.8,recal,0.5,6,2,8028,FedTGNN-SS,0.758888888888889,0.5947102638113452,0.7777777777777778,0.65,0.5454545454545454,0.8441558441558441,0.6412213740458015,0.6878423254409798,0.25314491987228394,-1.564839804101618,0.19761116319524372,0.24786313094029372,0.37375739216804504,42,65,35,12,11.37863802909851,4865104,279.0,0.623747680890538,395,84,79,17,126,98,26,20,,,,,,,,,,,,,,,,,,,,,,,,,521,93,154,105
recal,pima,2,0.8,recal,0.5,6,2,8028,FedAvg-LR,0.8181481481481482,0.7065954183876089,0.8703703703703703,0.58,0.5280898876404494,0.8923076923076924,0.6573426573426573,0.6801864801864801,0.17505288124084473,-0.7524858730185949,0.6850089109202827,0.1330505473805325,0.3138483464717865,47,58,42,7,0.7716100215911865,8848,,0.5361162646876931,395,84,79,17,126,98,26,20,,,,,,,,,,,,,,,,,,,,,,,,,521,93,154,105
recal,pima,2,0.8,recal,0.5,6,3,8029,FedTGNN-SS,0.7090566037735848,0.6091662212566076,0.3584905660377358,0.87,0.59375,0.71900826446281,0.4470588235294118,0.6171945701357466,0.2988429367542267,-0.43066357907504943,0.13830492185058152,0.29406391810991017,0.9418719410896301,19,87,13,34,10.460806131362915,4865104,292.0,0.6753393665158371,406,150,81,30,116,32,23,6,,,,,,,,,,,,,,,,,,,,,,,,,522,93,153,104
recal,pima,2,0.8,recal,0.5,6,3,8029,FedAvg-LR,0.7464150943396226,0.6488808835304704,0.7735849056603774,0.48,0.44086021505376344,0.8,0.5616438356164384,0.5808219178082192,0.2212974727153778,-0.5504399602739372,0.4604517967452065,0.1829642756702074,0.21326075494289398,41,48,52,12,0.659893274307251,8848,,0.5933257918552036,406,150,81,30,116,32,23,6,,,,,,,,,,,,,,,,,,,,,,,,,522,93,153,104
recal,pima,2,0.8,recal,0.5,6,4,8030,FedTGNN-SS,0.7258490566037736,0.6294888941479163,0.5849056603773585,0.71,0.5166666666666667,0.7634408602150538,0.5486725663716814,0.6422119308542344,0.2601691484451294,-0.11601638579383766,0.14969573425538052,0.25395259046866225,0.33824899792671204,31,71,29,22,10.157697439193726,4865104,321.0,0.6570827048768225,149,132,29,26,373,50,75,10,,,,,,,,,,,,,,,,,,,,,,,,,522,93,153,104
recal,pima,2,0.8,recal,0.5,6,4,8030,FedAvg-LR,0.8392452830188679,0.7205243888843709,0.5094339622641509,0.94,0.8181818181818182,0.7833333333333333,0.627906976744186,0.7412262156448203,0.15486858785152435,0.3017321566615293,0.8585383163927576,0.07431347741215837,0.5292708873748779,27,94,6,26,0.7374691963195801,8848,,0.5040849673202614,149,132,29,26,373,50,75,10,,,,,,,,,,,,,,,,,,,,,,,,,522,93,153,104
recal,pima,2,0.8,recal,0.5,7,0,9026,FedTGNN-SS,0.7348148148148148,0.6053427902603091,0.8148148148148148,0.58,0.5116279069767442,0.8529411764705882,0.6285714285714286,0.6595238095238095,0.2776602804660797,-0.1404571216422379,0.15836878134517549,0.27492904384293915,0.012901422567665577,44,58,42,10,10.059736251831055,4865104,247.0,0.6117192331478045,384,154,77,31,137,28,28,6,,,,,,,,,,,,,,,,,,,,,,,,,521,93,154,105
recal,pima,2,0.8,recal,0.5,7,0,9026,FedAvg-LR,0.7887037037037037,0.6309834715111308,0.6481481481481481,0.73,0.5645161290322581,0.7934782608695652,0.603448275862069,0.6819324712643677,0.20192688703536987,-0.9693851201093715,0.6024609123546217,0.1571877110120538,0.5896015167236328,35,73,27,19,0.8243176937103271,8848,,0.5580705009276437,384,154,77,31,137,28,28,6,,,,,,,,,,,,,,,,,,,,,,,,,521,93,154,105
recal,pima,2,0.8,recal,0.5,7,1,9027,FedTGNN-SS,0.7753703703703704,0.6695106457179855,0.6111111111111112,0.8,0.6226415094339622,0.7920792079207921,0.616822429906542,0.7064211652020272,0.2304239571094513,-0.8125891535462931,0.20340586170249758,0.2265047654509544,0.6411936283111572,33,80,20,21,9.941128253936768,4865104,200.0,0.6369820655534941,490,159,98,32,31,23,7,5,,,,,,,,,,,,,,,,,,,,,,,,,521,93,154,105
recal,pima,2,0.8,recal,0.5,7,1,9027,FedAvg-LR,0.8074074074074074,0.6871272947107795,0.8148148148148148,0.58,0.5116279069767442,0.8529411764705882,0.6285714285714286,0.6595238095238095,0.1711137741804123,-0.4010244677782665,0.7418026905455625,0.08310516580165207,0.284636914730072,44,58,42,10,0.5642657279968262,8848,,0.5464440321583178,490,159,98,32,31,23,7,5,,,,,,,,,,,,,,,,,,,,,,,,,521,93,154,105
recal,pima,2,0.8,recal,0.5,7,2,9028,FedTGNN-SS,0.6031481481481482,0.4782786621600897,0.7962962962962963,0.31,0.38392857142857145,0.7380952380952381,0.5180722891566265,0.4773460037332428,0.35564231872558594,0.3883170118488471,0.06791429991427235,0.36501177831540826,0.0016535903559997678,43,31,69,11,9.422367334365845,4865104,352.0,0.6771978021978022,261,170,52,34,260,12,52,2,,,,,,,,,,,,,,,,,,,,,,,,,521,93,154,104
recal,pima,2,0.8,recal,0.5,7,2,9028,FedAvg-LR,0.8090740740740742,0.6473547027847998,0.7592592592592593,0.68,0.5616438356164384,0.8395061728395061,0.6456692913385826,0.698525253404098,0.19183634221553802,-0.9044203480001193,0.6354445169029463,0.1405410117336682,0.4794141352176666,41,68,32,13,0.5651266574859619,8848,,0.5275974025974026,261,170,52,34,260,12,52,2,,,,,,,,,,,,,,,,,,,,,,,,,521,93,154,104
recal,pima,2,0.8,recal,0.5,7,3,9029,FedTGNN-SS,0.7275471698113207,0.5906802293312119,0.5094339622641509,0.81,0.5869565217391305,0.7570093457943925,0.5454545454545454,0.6640316205533596,0.2506329417228699,1.0170941041176516,0.1522404741620859,0.23088715118325612,0.34864571690559387,27,81,19,26,9.494847536087036,4865104,417.0,0.6364768129474012,344,9,69,2,178,173,36,35,,,,,,,,,,,,,,,,,,,,,,,,,522,93,153,105
recal,pima,2,0.8,recal,0.5,7,3,9029,FedAvg-LR,0.5671698113207546,0.4031648828937481,0.4716981132075472,0.61,0.390625,0.6853932584269663,0.42735042735042733,0.5364265364265364,0.3261639475822449,3.521172256520544,0.08487895755911452,0.32762472745445037,0.016951901838183403,25,61,39,28,0.5773866176605225,8848,,0.5093681917211329,344,9,69,2,178,173,36,35,,,,,,,,,,,,,,,,,,,,,,,,,522,93,153,105
recal,pima,2,0.8,recal,0.5,7,4,9030,FedTGNN-SS,0.7615094339622641,0.6562501747756462,0.49056603773584906,0.85,0.6341463414634146,0.7589285714285714,0.5531914893617021,0.6775391409072662,0.23953072726726532,-0.5401715879793249,0.2172442308921917,0.23080760352557006,0.8089562058448792,26,85,15,27,8.414300680160522,4865104,345.0,0.6117395676219206,361,56,72,11,161,126,32,25,,,,,,,,,,,,,,,,,,,,,,,,,522,93,153,104
recal,pima,2,0.8,recal,0.5,7,4,9030,FedAvg-LR,0.8371698113207546,0.724408292402229,0.9056603773584906,0.59,0.5393258426966292,0.921875,0.676056338028169,0.6977842665750601,0.16240139305591583,0.3570102880126504,0.8690751963624669,0.09221864282305724,0.12689919769763947,48,59,41,5,0.7490229606628418,8848,,0.5231900452488688,361,56,72,11,161,126,32,25,,,,,,,,,,,,,,,,,,,,,,,,,522,93,153,104
recal,pima,2,0.8,recal,0.5,8,0,10026,FedTGNN-SS,0.8151851851851852,0.693778542623981,0.6851851851851852,0.77,0.6166666666666667,0.8191489361702128,0.6491228070175439,0.7214686200036173,0.19522370398044586,0.06721825331072871,0.2965290978640679,0.16390643211976663,0.31216856837272644,37,77,23,17,8.468300342559814,4865104,250.0,0.6038342609771181,327,99,66,20,194,83,39,17,,,,,,,,,,,,,,,,,,,,,,,,,521,93,154,105
recal,pima,2,0.8,recal,0.5,8,0,10026,FedAvg-LR,0.8162962962962963,0.6686778654659794,0.7592592592592593,0.74,0.6119402985074627,0.8505747126436781,0.6776859504132231,0.7345649003403014,0.17938867211341858,-0.7231577547080102,0.8879632758451788,0.12085629791601914,0.49542951583862305,41,74,26,13,0.7000298500061035,8848,,0.5036487322201608,327,99,66,20,194,83,39,17,,,,,,,,,,,,,,,,,,,,,,,,,521,93,154,105
recal,pima,2,0.8,recal,0.5,8,1,10027,FedTGNN-SS,0.7687037037037037,0.6758711582112666,0.6481481481481481,0.76,0.5932203389830508,0.8,0.6194690265486725,0.699478103017926,0.24687343835830688,-0.6773140511508697,0.18005222826225045,0.2505016029969632,0.5334091782569885,35,76,24,19,8.709216356277466,4865104,293.0,0.5953421578421578,321,150,64,30,200,32,40,6,,,,,,,,,,,,,,,,,,,,,,,,,521,93,154,104
recal,pima,2,0.8,recal,0.5,8,1,10027,FedAvg-LR,0.8827777777777779,0.7785562148308529,0.8518518518518519,0.77,0.6666666666666666,0.9058823529411765,0.7479674796747967,0.7901999560536146,0.16961564123630524,-1.2413151534958555,1.0590434060940417,0.18728255843380828,0.5751107335090637,46,77,23,8,0.692575216293335,8848,,0.4384990009990011,321,150,64,30,200,32,40,6,,,,,,,,,,,,,,,,,,,,,,,,,521,93,154,104
recal,pima,2,0.8,recal,0.5,8,2,10028,FedTGNN-SS,0.678888888888889,0.5208295498320108,0.5925925925925926,0.69,0.5079365079365079,0.7582417582417582,0.5470085470085471,0.6347608180068913,0.30034539103507996,-1.4472276880462733,0.11405408913486574,0.2920751707906556,0.509867787361145,32,69,31,22,10.41365098953247,4865104,332.0,0.7045763760049474,152,109,31,22,369,73,74,15,,,,,,,,,,,,,,,,,,,,,,,,,521,93,154,105
recal,pima,2,0.8,recal,0.5,8,2,10028,FedAvg-LR,0.7307407407407407,0.5640910340334823,0.42592592592592593,0.82,0.5609756097560976,0.7256637168141593,0.4842105263157895,0.627081788979491,0.23184283077716827,-0.8044549487440741,0.3698942444378679,0.14667411675894418,0.7572058439254761,23,82,18,31,0.72257399559021,8848,,0.5972170686456401,152,109,31,22,369,73,74,15,,,,,,,,,,,,,,,,,,,,,,,,,521,93,154,105
recal,pima,2,0.8,recal,0.5,8,3,10029,FedTGNN-SS,0.7379245283018868,0.6182688855527133,0.7735849056603774,0.6,0.5061728395061729,0.8333333333333334,0.6119402985074627,0.654807358556057,0.23299871385097504,1.930847905092446,0.17092898990393943,0.22192138631895086,0.008116827346384525,41,60,40,12,10.371387958526611,4865104,289.0,0.6589366515837105,74,32,14,6,448,150,90,30,,,,,,,,,,,,,,,,,,,,,,,,,522,93,153,104
recal,pima,2,0.8,recal,0.5,8,3,10029,FedAvg-LR,0.7916981132075472,0.6668199349371927,0.8490566037735849,0.6,0.5294117647058824,0.8823529411764706,0.6521739130434783,0.6832298136645962,0.18308444321155548,-0.3579123803289351,0.6602536993502423,0.10037172317894455,0.2710718512535095,45,60,40,8,0.771885871887207,8848,,0.5742835595776772,74,32,14,6,448,150,90,30,,,,,,,,,,,,,,,,,,,,,,,,,522,93,153,104
recal,pima,2,0.8,recal,0.5,8,4,10030,FedTGNN-SS,0.8030188679245283,0.7237091397644055,0.4716981132075472,0.91,0.7352941176470589,0.7647058823529411,0.5747126436781609,0.7028814359943316,0.2287198305130005,-0.14924521991039036,0.18588865251166403,0.23522047884153577,0.9405068159103394,25,91,9,28,9.93164873123169,4865104,378.0,0.5926344896933132,332,27,66,5,190,155,38,31,,,,,,,,,,,,,,,,,,,,,,,,,522,93,153,104
recal,pima,2,0.8,recal,0.5,8,4,10030,FedAvg-LR,0.8558490566037735,0.7845932982721636,0.6415094339622641,0.8,0.6296296296296297,0.8080808080808081,0.6355140186915887,0.7197670595970507,0.2070988416671753,1.901906994549323,0.9726845753781546,0.20998084844619622,0.08169571310281754,34,80,20,19,0.8502521514892578,8848,,0.49446958270487684,332,27,66,5,190,155,38,31,,,,,,,,,,,,,,,,,,,,,,,,,522,93,153,104
recal,pima,2,0.8,recal,0.5,9,0,11026,FedTGNN-SS,0.8140740740740741,0.6957620801912981,0.42592592592592593,0.9,0.696969696969697,0.743801652892562,0.5287356321839081,0.6716076350964789,0.20079831779003143,0.23499997141229872,0.2977507089747539,0.18625003119398442,0.8169772624969482,23,90,10,31,8.734998941421509,4865104,256.0,0.6307442557442557,208,35,42,7,313,147,62,29,,,,,,,,,,,,,,,,,,,,,,,,,521,93,154,104
recal,pima,2,0.8,recal,0.5,9,0,11026,FedAvg-LR,0.8214814814814815,0.6952960225288041,0.5740740740740741,0.83,0.6458333333333334,0.7830188679245284,0.6078431372549019,0.7068341899866742,0.1770554631948471,-0.6643683267324817,0.817882591620023,0.1277585312869255,0.586272120475769,31,83,17,23,0.5109360218048096,8848,,0.556381118881119,208,35,42,7,313,147,62,29,,,,,,,,,,,,,,,,,,,,,,,,,521,93,154,104
recal,pima,2,0.8,recal,0.5,9,1,11027,FedTGNN-SS,0.7566666666666666,0.5741167947704259,0.6481481481481481,0.77,0.603448275862069,0.8020833333333334,0.625,0.7053571428571428,0.2394971251487732,-1.1174769444897192,0.1264326959657476,0.22312980689495412,0.5733388066291809,35,77,23,19,8.767471551895142,4865104,307.0,0.6540959040959041,321,137,64,27,200,45,40,9,,,,,,,,,,,,,,,,,,,,,,,,,521,93,154,104
recal,pima,2,0.8,recal,0.5,9,1,11027,FedAvg-LR,0.8344444444444444,0.6996843507222733,0.9074074074074074,0.47,0.4803921568627451,0.9038461538461539,0.6282051282051282,0.6233130904183536,0.16462886333465576,-0.6340579550495932,0.9878235317196872,0.14801348431350347,0.258163183927536,49,47,53,5,0.452345609664917,8848,,0.4601648351648352,321,137,64,27,200,45,40,9,,,,,,,,,,,,,,,,,,,,,,,,,521,93,154,104
recal,pima,2,0.8,recal,0.5,9,2,11028,FedTGNN-SS,0.7594444444444444,0.6466475811146527,0.7592592592592593,0.5,0.45054945054945056,0.7936507936507936,0.5655172413793104,0.5895070869473239,0.22560015320777893,0.20097891857462535,0.19824308499494753,0.22448114927422685,0.02400786615908146,41,50,50,13,8.833906173706055,4865104,391.0,0.6756338899196043,295,9,59,2,226,173,46,35,,,,,,,,,,,,,,,,,,,,,,,,,521,93,154,105
recal,pima,2,0.8,recal,0.5,9,2,11028,FedAvg-LR,0.83,0.7244791894593438,0.6111111111111112,0.86,0.7021276595744681,0.8037383177570093,0.6534653465346535,0.7421916104653944,0.16184073686599731,0.5275637147723766,1.0048384948566889,0.08924502337520775,0.3320404291152954,33,86,14,21,0.5487120151519775,8848,,0.5008658008658009,295,9,59,2,226,173,46,35,,,,,,,,,,,,,,,,,,,,,,,,,521,93,154,105
recal,early,2,0.8,recal,0.5,0,0,2026,FedTGNN-SS,0.964453125,0.9790869652348926,0.6875,1.0,1.0,0.6666666666666666,0.8148148148148148,0.8074074074074074,0.11369435489177704,6.389932984176694,0.33625417969798665,0.11949387106757899,0.9894019961357117,44,40,0,20,7.940568208694458,5528336,260.0,0.5778710725893824,41,34,8,7,312,183,63,37,,,,,,,,,,,,,,,,,,,,,,,,,353,63,104,71
recal,early,2,0.8,recal,0.5,0,0,2026,FedAvg-LR,0.9703125,0.9804097127970182,0.78125,0.925,0.9433962264150944,0.7254901960784313,0.8547008547008547,0.8339438339438339,0.08151166141033173,0.853149313660928,1.252763659500172,0.07973744842008901,0.6721636652946472,50,37,3,14,0.588639497756958,16720,,0.5688651137594799,41,34,8,7,312,183,63,37,,,,,,,,,,,,,,,,,,,,,,,,,353,63,104,71
recal,pima,2,0.8,recal,0.5,9,3,11029,FedTGNN-SS,0.8271698113207547,0.7472632034308407,0.8113207547169812,0.72,0.6056338028169014,0.8780487804878049,0.6935483870967742,0.7423785891527828,0.19480165839195251,0.551343913721952,0.20622415744045358,0.18713137393001636,0.02222740650177002,43,72,28,10,10.071846008300781,4865104,255.0,0.5697167755991286,90,44,18,9,432,138,87,28,,,,,,,,,,,,,,,,,,,,,,,,,522,93,153,105
recal,pima,2,0.8,recal,0.5,9,3,11029,FedAvg-LR,0.810188679245283,0.6942359045171803,0.8301886792452831,0.56,0.5,0.8615384615384616,0.624113475177305,0.6514506769825918,0.18152111768722534,-0.6047357868084906,0.6912508243862485,0.12022673304564034,0.30132898688316345,44,56,44,9,1.164954423904419,8848,,0.5030189853719266,90,44,18,9,432,138,87,28,,,,,,,,,,,,,,,,,,,,,,,,,522,93,153,105
recal,pima,2,0.8,recal,0.5,9,4,11030,FedTGNN-SS,0.8188679245283019,0.67306255909496,0.8490566037735849,0.7,0.6,0.8974358974358975,0.703125,0.7448209269662922,0.21004608273506165,-1.8483144120847497,0.21786456341184826,0.19331277723673707,0.4138815999031067,45,70,30,8,10.43875789642334,4865104,286.0,0.609979889391654,403,72,80,14,119,110,24,22,,,,,,,,,,,,,,,,,,,,,,,,,522,93,153,104
recal,pima,2,0.8,recal,0.5,9,4,11030,FedAvg-LR,0.8230188679245284,0.694860749664603,0.9245283018867925,0.54,0.5157894736842106,0.9310344827586207,0.6621621621621622,0.6728532329798153,0.17488501965999603,0.43419218631218415,0.6551718262628067,0.12799804711263943,0.09824205189943314,49,54,46,4,0.9920439720153809,8848,,0.5216189039718451,403,72,80,14,119,110,24,22,,,,,,,,,,,,,,,,,,,,,,,,,522,93,153,104
recal,early,2,0.8,recal,0.5,0,1,2027,FedTGNN-SS,0.98125,0.9888570896760691,0.9375,0.95,0.967741935483871,0.9047619047619048,0.9523809523809523,0.9396051103368177,0.11884032934904099,9.935187611314685,0.3209562834963482,0.1287126674388464,9.476883133174852e-05,60,38,2,4,8.070989608764648,5528336,281.0,0.55613488624052,173,118,35,24,180,99,36,20,,,,,,,,,,,,,,,,,,,,,,,,,353,63,104,71
recal,early,2,0.8,recal,0.5,0,1,2027,FedAvg-LR,0.971875,0.9859708202043176,0.890625,1.0,1.0,0.851063829787234,0.9421487603305785,0.930844495107818,0.056789178401231766,0.5461395358633013,1.0233857247035303,0.05351611456045737,0.6462767124176025,57,40,0,7,0.9725441932678223,16720,,0.4560536294691224,173,118,35,24,180,99,36,20,,,,,,,,,,,,,,,,,,,,,,,,,353,63,104,71
recal,early,2,0.8,recal,0.5,0,2,2028,FedTGNN-SS,0.9410156249999999,0.9704650160157242,0.921875,0.775,0.8676470588235294,0.8611111111111112,0.8939393939393939,0.8548644338118022,0.1199202910065651,5.617794974631509,0.31990101071905064,0.1354996216944598,0.0005368755664676428,59,31,9,5,7.974958181381226,5528336,282.0,0.5993818681318681,103,87,20,17,250,130,50,26,,,,,,,,,,,,,,,,,,,,,,,,,353,63,104,70
recal,early,2,0.8,recal,0.5,0,2,2028,FedAvg-LR,0.926171875,0.9656447575405833,0.859375,0.925,0.9482758620689655,0.8043478260869565,0.9016393442622951,0.8810522302706825,0.10938369482755661,1.5000145733620962,0.8391264513393444,0.11730332446929355,0.2985047399997711,55,37,3,9,0.5172502994537354,16720,,0.560989010989011,103,87,20,17,250,130,50,26,,,,,,,,,,,,,,,,,,,,,,,,,353,63,104,70
recal,early,2,0.8,recal,0.5,0,3,2029,FedTGNN-SS,0.9472656249999999,0.9716739620700269,0.890625,0.925,0.95,0.8409090909090909,0.9193548387096774,0.9001536098310292,0.136380136013031,7.522565671153714,0.34436650604331664,0.14240971883051454,0.002732859691604972,57,37,3,7,7.653749942779541,5528336,276.0,0.6189057421451788,218,188,44,38,135,29,27,6,,,,,,,,,,,,,,,,,,,,,,,,,353,63,104,71
recal,early,2,0.8,recal,0.5,0,3,2029,FedAvg-LR,0.979296875,0.9878442467413016,0.890625,0.925,0.95,0.8409090909090909,0.9193548387096774,0.9001536098310292,0.0553208626806736,0.3475921208989368,1.217747408172083,0.07529035361053851,0.5687462687492371,57,37,3,7,0.5106072425842285,16720,,0.5420503791982665,218,188,44,38,135,29,27,6,,,,,,,,,,,,,,,,,,,,,,,,,353,63,104,71
recal,early,2,0.8,recal,0.5,0,4,2030,FedTGNN-SS,0.951171875,0.9718646231619765,0.859375,0.875,0.9166666666666666,0.7954545454545454,0.8870967741935484,0.8602150537634409,0.16486875712871552,9.174298380319204,0.18721606542153438,0.1695059508369573,0.004316005390137434,55,35,5,9,7.294040203094482,5528336,282.0,0.5800379198266523,304,196,61,39,49,21,10,4,,,,,,,,,,,,,,,,,,,,,,,,,353,63,104,71
recal,early,2,0.8,recal,0.5,0,4,2030,FedAvg-LR,0.955859375,0.9708015241127734,0.875,0.9,0.9333333333333333,0.8181818181818182,0.9032258064516129,0.880184331797235,0.08759575337171555,0.3339716365714404,0.9117888679470554,0.0842177962096265,0.5595206022262573,56,36,4,8,0.5980489253997803,16720,,0.53284127843987,304,196,61,39,49,21,10,4,,,,,,,,,,,,,,,,,,,,,,,,,353,63,104,71
recal,early,2,0.8,recal,0.5,1,0,3026,FedTGNN-SS,0.8421875,0.9106232169483408,0.75,0.7,0.8,0.6363636363636364,0.7741935483870968,0.7204301075268817,0.2140062153339386,-1.3780676615780665,0.3620751403216799,0.23435370924954227,0.9013029932975769,48,28,12,16,7.0961596965789795,5528336,272.0,0.585989010989011,203,182,40,36,150,35,30,7,,,,,,,,,,,,,,,,,,,,,,,,,353,63,104,70
recal,early,2,0.8,recal,0.5,1,0,3026,FedAvg-LR,0.9109375,0.9562791351715327,0.859375,0.775,0.859375,0.775,0.859375,0.8171875,0.1346636563539505,-0.9523287589816056,0.741977399179336,0.12463727625660025,0.7101846933364868,55,31,9,9,0.5628223419189453,16720,,0.4739697802197802,203,182,40,36,150,35,30,7,,,,,,,,,,,,,,,,,,,,,,,,,353,63,104,70
recal,early,2,0.8,recal,0.5,1,1,3027,FedTGNN-SS,0.9390625,0.9686768622367234,0.78125,0.925,0.9433962264150944,0.7254901960784313,0.8547008547008547,0.8339438339438339,0.12360717356204987,3.841396608860657,0.3441184598141204,0.13221252855146304,0.8900530934333801,50,37,3,14,7.092460632324219,5528336,268.0,0.6190934065934065,21,11,4,2,332,206,66,41,,,,,,,,,,,,,,,,,,,,,,,,,353,63,104,70
recal,early,2,0.8,recal,0.5,1,1,3027,FedAvg-LR,0.950390625,0.9744136501675911,0.921875,0.875,0.921875,0.875,0.921875,0.8984375,0.08069372177124023,0.049492820099385236,0.822982064937481,0.07177252580340095,0.4313015639781952,59,35,5,5,0.7247178554534912,16720,,0.49052197802197806,21,11,4,2,332,206,66,41,,,,,,,,,,,,,,,,,,,,,,,,,353,63,104,70
recal,early,2,0.8,recal,0.5,1,2,3028,FedTGNN-SS,0.9523437499999999,0.9711421483860282,0.921875,0.875,0.921875,0.875,0.921875,0.8984375,0.13362190127372742,6.668408498476387,0.2645063104340034,0.13916388329100582,0.0012603423092514277,59,35,5,5,7.646369457244873,5528336,268.0,0.6227654387865657,60,54,12,11,293,163,59,33,,,,,,,,,,,,,,,,,,,,,,,,,353,63,104,71
recal,early,2,0.8,recal,0.5,1,2,3028,FedAvg-LR,0.9664062499999999,0.9812327255593836,0.9375,0.925,0.9523809523809523,0.9024390243902439,0.9448818897637795,0.9292310683386799,0.07265032827854156,0.31341919585017125,1.2757944828025682,0.09699539102327365,0.40883177518844604,60,37,3,4,0.7063701152801514,16720,,0.6003521126760563,60,54,12,11,293,163,59,33,,,,,,,,,,,,,,,,,,,,,,,,,353,63,104,71
recal,early,2,0.8,recal,0.5,1,3,3029,FedTGNN-SS,0.9707031250000001,0.9817801010970166,0.890625,0.95,0.9661016949152542,0.8444444444444444,0.926829268292683,0.9104734576757533,0.09286919236183167,4.390163955354759,0.31683955604826053,0.09404954274829765,0.13753364980220795,57,38,2,7,7.727916240692139,5528336,276.0,0.5824652777777778,251,173,51,35,102,44,21,9,,,,,,,,,,,,,,,,,,,,,,,,,353,63,104,72
recal,early,2,0.8,recal,0.5,1,3,3029,FedAvg-LR,0.955078125,0.9758684298132454,0.921875,0.85,0.9076923076923077,0.8717948717948718,0.9147286821705426,0.8877440879207144,0.08229000866413116,0.3897112562751215,0.7244080542404665,0.08137865701260473,0.3184100091457367,59,34,6,5,0.7702977657318115,16720,,0.5110176282051282,251,173,51,35,102,44,21,9,,,,,,,,,,,,,,,,,,,,,,,,,353,63,104,72
recal,early,2,0.8,recal,0.5,1,4,3030,FedTGNN-SS,0.9703124999999999,0.9827533455498196,0.875,0.95,0.9655172413793104,0.8260869565217391,0.9180327868852459,0.900876858558902,0.09129375964403152,1.8812601871674315,0.37944381506502783,0.09144728860029808,0.8768873810768127,56,38,2,8,7.918942213058472,5528336,266.0,0.6098214285714285,173,157,34,31,180,60,36,12,,,,,,,,,,,,,,,,,,,,,,,,,353,63,104,70
recal,early,2,0.8,recal,0.5,1,4,3030,FedAvg-LR,0.9125,0.9516192864894865,0.890625,0.825,0.890625,0.825,0.890625,0.8578125,0.1117197573184967,0.021184430187268476,0.7777334007855369,0.09598401224670502,0.3343087136745453,57,33,7,7,1.1350409984588623,16720,,0.5401098901098901,173,157,34,31,180,60,36,12,,,,,,,,,,,,,,,,,,,,,,,,,353,63,104,70
recal,early,2,0.8,recal,0.5,2,0,4026,FedTGNN-SS,0.953125,0.975708550603875,0.890625,0.875,0.9193548387096774,0.8333333333333334,0.9047619047619048,0.8792102206736353,0.09786948561668396,-0.7181791795968406,0.43079596382508334,0.10236067945907752,0.6123998165130615,57,35,5,7,8.128750562667847,5528336,262.0,0.6342032967032967,231,105,46,21,122,112,24,22,,,,,,,,,,,,,,,,,,,,,,,,,353,63,104,70
recal,early,2,0.8,recal,0.5,2,0,4026,FedAvg-LR,0.95546875,0.9772070164409604,0.8125,0.975,0.9811320754716981,0.7647058823529411,0.8888888888888888,0.873015873015873,0.07983608543872833,0.447303600920438,1.0389073499009567,0.05982759021795713,0.6551594734191895,52,39,1,12,0.6781125068664551,16720,,0.49464285714285716,231,105,46,21,122,112,24,22,,,,,,,,,,,,,,,,,,,,,,,,,353,63,104,70
recal,early,2,0.8,recal,0.5,2,1,4027,FedTGNN-SS,0.947265625,0.9635885383257373,0.890625,0.85,0.9047619047619048,0.8292682926829268,0.8976377952755905,0.8685719840575483,0.1531277596950531,5.162023720944832,0.31484883019773297,0.15464707917103976,0.007894777692854404,57,34,6,7,8.310917377471924,5528336,276.0,0.604945054945055,203,121,40,24,150,96,30,19,,,,,,,,,,,,,,,,,,,,,,,,,353,63,104,70
recal,early,2,0.8,recal,0.5,2,1,4027,FedAvg-LR,0.928125,0.9564564908773583,0.9375,0.725,0.8450704225352113,0.8787878787878788,0.8888888888888888,0.8417047184170472,0.1080518439412117,0.2865165831391968,0.7583965036996005,0.08621596333642419,0.3195177912712097,60,29,11,4,0.8184635639190674,16720,,0.5985576923076923,203,121,40,24,150,96,30,19,,,,,,,,,,,,,,,,,,,,,,,,,353,63,104,70
recal,early,2,0.8,recal,0.5,2,2,4028,FedTGNN-SS,0.923046875,0.9619784138586339,0.765625,0.975,0.98,0.7222222222222222,0.8596491228070176,0.8447181784247854,0.12575311958789825,4.58550953937621,0.35951820445502636,0.12610489337776715,0.7649028301239014,49,39,1,15,7.329968690872192,5528336,264.0,0.6642063921993498,143,30,29,6,210,187,42,37,,,,,,,,,,,,,,,,,,,,,,,,,353,63,104,71
recal,early,2,0.8,recal,0.5,2,2,4028,FedAvg-LR,0.94921875,0.9736467682597263,0.921875,0.9,0.9365079365079365,0.8780487804878049,0.9291338582677166,0.9090113735783028,0.07820617407560349,0.030232356300230908,0.8392395677921262,0.07574631560307284,0.5102213025093079,59,36,4,5,0.9200437068939209,16720,,0.5577600216684724,143,30,29,6,210,187,42,37,,,,,,,,,,,,,,,,,,,,,,,,,353,63,104,71
recal,early,2,0.8,recal,0.5,2,3,4029,FedTGNN-SS,0.9558593749999998,0.9779657079405341,0.875,0.975,0.9824561403508771,0.8297872340425532,0.9256198347107438,0.9110857794243374,0.12399353086948395,4.522891459651166,0.5587833798023325,0.15346262859664142,0.0409105122089386,56,39,1,8,9.412900924682617,5528336,269.0,0.6149725274725275,126,27,25,5,227,190,45,38,,,,,,,,,,,,,,,,,,,,,,,,,353,63,104,70
recal,early,2,0.8,recal,0.5,2,3,4029,FedAvg-LR,0.9640625,0.9807250530274321,0.890625,0.975,0.9827586206896551,0.8478260869565217,0.9344262295081968,0.9207014868471216,0.07622577250003815,0.7171274564569943,1.0768596725135329,0.10277243288090598,0.41775617003440857,57,39,1,7,0.526669979095459,16720,,0.5506181318681319,126,27,25,5,227,190,45,38,,,,,,,,,,,,,,,,,,,,,,,,,353,63,104,70
recal,early,2,0.8,recal,0.5,2,4,4030,FedTGNN-SS,0.95625,0.9783502743947455,0.90625,0.85,0.90625,0.85,0.90625,0.878125,0.0865088626742363,3.0450363539522534,0.309537761973918,0.08654483504450092,0.042017266154289246,58,34,6,6,8.642800092697144,5528336,248.0,0.5573489010989011,274,170,55,34,79,47,15,9,,,,,,,,,,,,,,,,,,,,,,,,,353,63,104,70
recal,early,2,0.8,recal,0.5,2,4,4030,FedAvg-LR,0.9519531250000001,0.9760691346137076,0.828125,0.975,0.9814814814814815,0.78,0.8983050847457628,0.8824858757062147,0.07731267809867859,0.06644614319026464,0.8105602586982721,0.09826797741250351,0.7711141109466553,53,39,1,11,0.5983357429504395,16720,,0.5078983516483517,274,170,55,34,79,47,15,9,,,,,,,,,,,,,,,,,,,,,,,,,353,63,104,70
recal,early,2,0.8,recal,0.5,3,0,5026,FedTGNN-SS,0.9496093750000001,0.9662540046620128,0.9375,0.875,0.9230769230769231,0.8974358974358975,0.9302325581395349,0.9081542537533117,0.08109617978334427,-0.740330027834629,0.3746881855962529,0.09623923886997197,0.6408342123031616,60,35,5,4,8.563446044921875,5528336,283.0,0.5725961538461539,150,136,30,27,203,81,40,16,,,,,,,,,,,,,,,,,,,,,,,,,353,63,104,70
recal,early,2,0.8,recal,0.5,3,0,5026,FedAvg-LR,0.95,0.9692634843446917,0.765625,0.975,0.98,0.7222222222222222,0.8596491228070176,0.8447181784247854,0.09705204516649246,0.82876059376575,1.1277987103566411,0.0827906166848082,0.5724436640739441,49,39,1,15,0.8623330593109131,16720,,0.4816620879120879,150,136,30,27,203,81,40,16,,,,,,,,,,,,,,,,,,,,,,,,,353,63,104,70
recal,early,2,0.8,recal,0.5,3,1,5027,FedTGNN-SS,0.938671875,0.9687633101780393,0.828125,0.975,0.9814814814814815,0.78,0.8983050847457628,0.8824858757062147,0.10971605777740479,8.680788217171479,0.2467203993699668,0.10779851421718306,0.2083326280117035,53,39,1,11,7.952394723892212,5528336,283.0,0.5878434065934066,302,191,60,38,51,26,10,5,,,,,,,,,,,,,,,,,,,,,,,,,353,63,104,70
recal,early,2,0.8,recal,0.5,3,1,5027,FedAvg-LR,0.928515625,0.9650558752741132,0.828125,0.9,0.9298245614035088,0.7659574468085106,0.8760330578512396,0.8518096323738957,0.10045242309570312,0.6564017343796472,0.7882510328062657,0.07580542499915913,0.49042731523513794,53,36,4,11,0.6040375232696533,16720,,0.5925824175824176,302,191,60,38,51,26,10,5,,,,,,,,,,,,,,,,,,,,,,,,,353,63,104,70
recal,early,2,0.8,recal,0.5,3,2,5028,FedTGNN-SS,0.9453125,0.9643223594392152,0.8125,0.9,0.9285714285714286,0.75,0.8666666666666667,0.8424242424242425,0.1623784601688385,9.99999335625205,0.19999797271685318,0.1673231630512209,0.005997063126415014,52,36,4,12,7.706578969955444,5528336,258.0,0.5975961538461538,284,177,56,35,69,40,14,8,,,,,,,,,,,,,,,,,,,,,,,,,353,63,104,70
recal,early,2,0.8,recal,0.5,3,2,5028,FedAvg-LR,0.960546875,0.9753180178598742,0.796875,0.925,0.9444444444444444,0.74,0.864406779661017,0.8433145009416196,0.08605309575796127,0.45469548898738005,0.9339767484163795,0.06609535356983542,0.6393022537231445,51,37,3,13,0.8754119873046875,16720,,0.5603021978021978,284,177,56,35,69,40,14,8,,,,,,,,,,,,,,,,,,,,,,,,,353,63,104,70
recal,early,2,0.8,recal,0.5,3,3,5029,FedTGNN-SS,0.939453125,0.9590237251564862,0.703125,0.975,0.9782608695652174,0.6724137931034483,0.8181818181818182,0.8070500927643784,0.14122872054576874,3.623964830466307,0.2929251384514927,0.14650753427010316,0.897731602191925,45,39,1,19,7.317651271820068,5528336,280.0,0.6130823401950163,115,17,23,3,238,200,48,40,,,,,,,,,,,,,,,,,,,,,,,,,353,63,104,71
recal,early,2,0.8,recal,0.5,3,3,5029,FedAvg-LR,0.965625,0.9779550636167664,0.8125,0.95,0.9629629629629629,0.76,0.8813559322033898,0.8629001883239171,0.07435841113328934,0.07049634622466767,1.0839661660837359,0.08871097930778678,0.7899404168128967,52,38,2,12,1.0463871955871582,16720,,0.560807150595883,115,17,23,3,238,200,48,40,,,,,,,,,,,,,,,,,,,,,,,,,353,63,104,71
recal,early,2,0.8,recal,0.5,3,4,5030,FedTGNN-SS,0.9500000000000001,0.9713868241461686,0.859375,0.975,0.9821428571428571,0.8125,0.9166666666666666,0.9015151515151515,0.08261951059103012,1.6029463645847069,0.3859798774902693,0.09462049882858993,0.9170963764190674,55,39,1,9,8.210728883743286,5528336,256.0,0.5526814734561215,181,74,36,15,172,143,35,29,,,,,,,,,,,,,,,,,,,,,,,,,353,63,104,71
recal,early,2,0.8,recal,0.5,3,4,5030,FedAvg-LR,0.9578125,0.9764967134043208,0.84375,0.95,0.9642857142857143,0.7916666666666666,0.9,0.8818181818181818,0.08767831325531006,-0.27806036338269396,0.8717497819549505,0.10841104875390346,0.7989960312843323,54,38,2,10,0.8939609527587891,16720,,0.44975622968580725,181,74,36,15,172,143,35,29,,,,,,,,,,,,,,,,,,,,,,,,,353,63,104,71
recal,early,2,0.8,recal,0.5,4,0,6026,FedTGNN-SS,0.961328125,0.9764832993456394,0.953125,0.85,0.9104477611940298,0.918918918918919,0.9312977099236641,0.9072072965202735,0.09967803955078125,1.3466021013011462,0.25879533352110606,0.11199762167794128,0.10407888144254684,61,34,6,3,9.113600492477417,5528336,279.0,0.5770604395604395,267,145,53,29,86,72,17,14,,,,,,,,,,,,,,,,,,,,,,,,,353,63,104,70
recal,early,2,0.8,recal,0.5,4,0,6026,FedAvg-LR,0.953125,0.9747866856347305,0.890625,0.9,0.9344262295081968,0.8372093023255814,0.912,0.8897349397590362,0.08349064737558365,0.31111820105833704,0.837137413841603,0.08200928103178742,0.48672401905059814,57,36,4,7,3.6433145999908447,16720,,0.4653159340659341,267,145,53,29,86,72,17,14,,,,,,,,,,,,,,,,,,,,,,,,,353,63,104,70
recal,early,2,0.8,recal,0.5,4,1,6027,FedTGNN-SS,0.93046875,0.9472169026365931,0.78125,0.95,0.9615384615384616,0.7307692307692307,0.8620689655172413,0.8440779610194902,0.14042812585830688,9.99999335625205,0.2389435025321685,0.1475540829594068,0.4990212023258209,50,38,2,14,10.949758052825928,5528336,279.0,0.529861863488624,199,148,40,30,154,69,31,14,,,,,,,,,,,,,,,,,,,,,,,,,353,63,104,71
recal,early,2,0.8,recal,0.5,4,1,6027,FedAvg-LR,0.954296875,0.9789124101232398,0.859375,0.975,0.9821428571428571,0.8125,0.9166666666666666,0.9015151515151515,0.07226231694221497,1.0132037718111115,0.8716751768776053,0.08514464890154509,0.48121845722198486,55,39,1,9,1.9453861713409424,16720,,0.44982394366197187,199,148,40,30,154,69,31,14,,,,,,,,,,,,,,,,,,,,,,,,,353,63,104,71
recal,early,2,0.8,recal,0.5,4,2,6028,FedTGNN-SS,0.850390625,0.9124921931881808,0.625,0.925,0.9302325581395349,0.6065573770491803,0.7476635514018691,0.7401684093643008,0.2551139295101166,4.946361137754923,0.21744583264238396,0.2506111781112849,0.836816132068634,40,37,3,24,14.098103284835815,5528336,272.0,0.7606310942578548,193,185,39,37,160,32,32,6,,,,,,,,,,,,,,,,,,,,,,,,,353,63,104,71
recal,early,2,0.8,recal,0.5,4,2,6028,FedAvg-LR,0.91015625,0.9379713716979398,0.703125,0.9,0.9183673469387755,0.6545454545454545,0.7964601769911505,0.7771774569166279,0.11969399452209473,0.22118818597350448,0.7008420550116359,0.0970319097216886,0.8437331914901733,45,36,4,19,0.9111549854278564,16720,,0.6134209100758397,193,185,39,37,160,32,32,6,,,,,,,,,,,,,,,,,,,,,,,,,353,63,104,71
recal,early,2,0.8,recal,0.5,4,3,6029,FedTGNN-SS,0.986328125,0.9916637362708152,0.90625,0.975,0.9830508474576272,0.8666666666666667,0.943089430894309,0.9303682448589192,0.0689365342259407,3.0065993722664714,0.3816832905254633,0.07339704471926847,0.8021182417869568,58,39,1,6,10.316026449203491,5528336,251.0,0.5471153846153847,316,187,63,37,37,30,7,6,,,,,,,,,,,,,,,,,,,,,,,,,353,63,104,70
recal,early,2,0.8,recal,0.5,4,3,6029,FedAvg-LR,0.955859375,0.9750936392460818,0.84375,0.925,0.9473684210526315,0.7872340425531915,0.8925619834710744,0.8715683480573763,0.07777287065982819,0.2314044328110966,1.0166338301570137,0.11316985619039488,0.5493206977844238,54,37,3,10,1.0788021087646484,16720,,0.5161401098901099,316,187,63,37,37,30,7,6,,,,,,,,,,,,,,,,,,,,,,,,,353,63,104,70
recal,early,2,0.8,recal,0.5,4,4,6030,FedTGNN-SS,0.967578125,0.9853398666798865,0.96875,0.75,0.8611111111111112,0.9375,0.9117647058823529,0.8725490196078431,0.07781153172254562,7.744004403569338,0.35205394246892896,0.08302239713576944,4.0827282646205276e-05,62,30,10,2,10.081528425216675,5528336,281.0,0.5298618634886241,304,173,61,35,49,44,10,9,,,,,,,,,,,,,,,,,,,,,,,,,353,63,104,71
recal,early,2,0.8,recal,0.5,4,4,6030,FedAvg-LR,0.960546875,0.9823407882357691,0.921875,0.9,0.9365079365079365,0.8780487804878049,0.9291338582677166,0.9090113735783028,0.05721749737858772,0.23088322107445094,1.2296184081183075,0.08007853134320334,0.30918455123901367,59,36,4,5,1.145643949508667,16720,,0.5472643553629469,304,173,61,35,49,44,10,9,,,,,,,,,,,,,,,,,,,,,,,,,353,63,104,71
recal,early,2,0.8,recal,0.5,5,0,7026,FedTGNN-SS,0.9410156250000001,0.9676263727930803,0.78125,0.925,0.9433962264150944,0.7254901960784313,0.8547008547008547,0.8339438339438339,0.12206629663705826,2.8663658685068882,0.4164826175313468,0.1318891107892761,0.7252246737480164,50,37,3,14,13.02409839630127,5528336,268.0,0.545138888888889,76,13,16,3,277,204,56,41,,,,,,,,,,,,,,,,,,,,,,,,,353,63,104,72
recal,early,2,0.8,recal,0.5,5,0,7026,FedAvg-LR,0.909375,0.9500640827787238,0.828125,0.875,0.9137931034482759,0.7608695652173914,0.8688524590163934,0.8414029736942432,0.12297112494707108,0.4504749451687277,0.5886194506504443,0.11753637157380582,0.44382593035697937,53,35,5,11,1.199986457824707,16720,,0.5273103632478632,76,13,16,3,277,204,56,41,,,,,,,,,,,,,,,,,,,,,,,,,353,63,104,72
recal,early,2,0.8,recal,0.5,5,1,7027,FedTGNN-SS,0.958203125,0.9748655307835821,0.734375,0.975,0.9791666666666666,0.6964285714285714,0.8392857142857143,0.8258928571428572,0.13551189005374908,9.810311122872134,0.25533103300184457,0.13741714678382355,0.83201664686203,47,39,1,17,13.353965997695923,5528336,271.0,0.5042659804983749,116,74,23,15,237,143,48,29,,,,,,,,,,,,,,,,,,,,,,,,,353,63,104,71
recal,early,2,0.8,recal,0.5,5,1,7027,FedAvg-LR,0.959375,0.9765173315812821,0.78125,0.95,0.9615384615384616,0.7307692307692307,0.8620689655172413,0.8440779610194902,0.09794768691062927,1.2115849824101272,0.9023582482211301,0.09664033847646071,0.575447678565979,50,38,2,14,0.9911632537841797,16720,,0.5180796316359697,116,74,23,15,237,143,48,29,,,,,,,,,,,,,,,,,,,,,,,,,353,63,104,71
recal,early,2,0.8,recal,0.5,5,2,7028,FedTGNN-SS,0.8875,0.9416127475923711,0.71875,0.95,0.9583333333333334,0.6785714285714286,0.8214285714285714,0.8065476190476191,0.18441468477249146,0.7961392834741322,0.19242762702493177,0.1952821986946779,0.9648186564445496,46,38,2,18,13.023902416229248,5528336,279.0,0.6507990249187432,214,83,43,17,139,134,28,27,,,,,,,,,,,,,,,,,,,,,,,,,353,63,104,71
recal,early,2,0.8,recal,0.5,5,2,7028,FedAvg-LR,0.938671875,0.9674525933276787,0.796875,0.95,0.9622641509433962,0.7450980392156863,0.8717948717948718,0.8534798534798536,0.13845427334308624,1.446434201021623,1.5725504022552392,0.16265760064841459,0.2524605095386505,51,38,2,13,0.9821672439575195,16720,,0.5361592632719394,214,83,43,17,139,134,28,27,,,,,,,,,,,,,,,,,,,,,,,,,353,63,104,71
recal,early,2,0.8,recal,0.5,5,3,7029,FedTGNN-SS,0.854296875,0.9205348236419549,0.59375,0.975,0.9743589743589743,0.6,0.7378640776699029,0.740360610263523,0.2125708907842636,0.723097927785708,0.1716280079002121,0.22618316776620653,0.9952176809310913,38,39,1,26,12.598960638046265,5528336,268.0,0.6279117009750813,135,27,27,5,218,190,44,38,,,,,,,,,,,,,,,,,,,,,,,,,353,63,104,71
recal,early,2,0.8,recal,0.5,5,3,7029,FedAvg-LR,0.8464843750000001,0.9047536699570156,0.703125,0.85,0.8823529411764706,0.6415094339622641,0.782608695652174,0.7568957456755494,0.1902061551809311,-0.8836265570792871,0.42755432384239184,0.17023761427173245,0.9429638981819153,45,34,6,19,0.6988353729248047,16720,,0.585184182015168,135,27,27,5,218,190,44,38,,,,,,,,,,,,,,,,,,,,,,,,,353,63,104,71
recal,early,2,0.8,recal,0.5,5,4,7030,FedTGNN-SS,0.978515625,0.9890295766201165,0.921875,0.95,0.9672131147540983,0.8837209302325582,0.944,0.9298313253012047,0.06284971535205841,4.126807358524117,0.5194373506647008,0.07943575945011197,0.08654920756816864,59,38,2,5,11.554242610931396,5528336,259.0,0.5149038461538462,268,157,53,31,85,60,17,12,,,,,,,,,,,,,,,,,,,,,,,,,353,63,104,70
recal,early,2,0.8,recal,0.5,5,4,7030,FedAvg-LR,0.97734375,0.9889685394719274,0.953125,0.9,0.9384615384615385,0.9230769230769231,0.9457364341085271,0.9285644195859091,0.06251896917819977,1.283331284363717,1.1311402133456734,0.0866252205406244,0.16210687160491943,61,36,4,3,0.5820236206054688,16720,,0.392239010989011,268,157,53,31,85,60,17,12,,,,,,,,,,,,,,,,,,,,,,,,,353,63,104,70
recal,early,2,0.8,recal,0.5,6,0,8026,FedTGNN-SS,0.9648437499999999,0.9785825289993274,0.796875,0.95,0.9622641509433962,0.7450980392156863,0.8717948717948718,0.8534798534798536,0.09077079594135284,1.733511639225059,0.3993925515409606,0.08438990060060929,0.9375119209289551,51,38,2,13,11.484068393707275,5528336,275.0,0.483274647887324,234,119,47,24,119,98,24,20,,,,,,,,,,,,,,,,,,,,,,,,,353,63,104,71
recal,early,2,0.8,recal,0.5,6,0,8026,FedAvg-LR,0.95703125,0.97805938181355,0.84375,0.975,0.9818181818181818,0.7959183673469388,0.907563025210084,0.8919837597960533,0.06237650662660599,0.3594666255974386,0.955371263453552,0.06489296669427021,0.8388859629631042,54,39,1,10,0.6571447849273682,16720,,0.45801733477789813,234,119,47,24,119,98,24,20,,,,,,,,,,,,,,,,,,,,,,,,,353,63,104,71
recal,early,2,0.8,recal,0.5,6,1,8027,FedTGNN-SS,0.93359375,0.9666442729139844,0.875,0.875,0.9180327868852459,0.813953488372093,0.896,0.8696867469879519,0.12391754984855652,-1.1180240615143888,0.49204116698247097,0.13787495559797838,0.795746922492981,56,35,5,8,8.733752250671387,5528336,280.0,0.6472101841820151,124,9,25,2,229,208,46,42,,,,,,,,,,,,,,,,,,,,,,,,,353,63,104,71
recal,early,2,0.8,recal,0.5,6,1,8027,FedAvg-LR,0.9421875,0.9666231340481878,0.90625,0.8,0.8787878787878788,0.8421052631578947,0.8923076923076924,0.8564102564102565,0.13858824968338013,-1.8302662513570547,0.9384279251363529,0.1635183711321308,0.8445032835006714,58,32,8,6,0.6846621036529541,16720,,0.5396803900325027,124,9,25,2,229,208,46,42,,,,,,,,,,,,,,,,,,,,,,,,,353,63,104,71
recal,early,2,0.8,recal,0.5,6,2,8028,FedTGNN-SS,0.908984375,0.9518442530237825,0.8125,0.85,0.896551724137931,0.7391304347826086,0.8524590163934426,0.8215783454060236,0.1462254673242569,2.6130682291320246,0.35159826259409016,0.15111391731681156,0.14493533968925476,52,34,6,12,8.745253562927246,5528336,272.0,0.6056338028169014,208,199,42,40,145,18,29,4,,,,,,,,,,,,,,,,,,,,,,,,,353,63,104,71
recal,early,2,0.8,recal,0.5,6,2,8028,FedAvg-LR,0.933203125,0.9642756539170032,0.8125,0.875,0.9122807017543859,0.7446808510638298,0.859504132231405,0.8320509166904151,0.10672357678413391,-0.45570915477982266,0.7161859548231339,0.08282250108627173,0.8010117411613464,52,35,5,12,0.5260648727416992,16720,,0.5172670639219935,208,199,42,40,145,18,29,4,,,,,,,,,,,,,,,,,,,,,,,,,353,63,104,71
recal,early,2,0.8,recal,0.5,6,3,8029,FedTGNN-SS,0.950390625,0.9710075764774285,0.796875,0.9,0.9272727272727272,0.7346938775510204,0.8571428571428571,0.8330658105939004,0.1578340232372284,3.728422545305851,0.23123443916981987,0.1661267789761321,0.9000964164733887,51,36,4,13,8.830147504806519,5528336,277.0,0.5993364030335862,280,149,56,30,73,68,15,14,,,,,,,,,,,,,,,,,,,,,,,,,353,63,104,71
recal,early,2,0.8,recal,0.5,6,3,8029,FedAvg-LR,0.97265625,0.98555627299279,0.828125,1.0,1.0,0.7843137254901961,0.905982905982906,0.8925518925518925,0.061124227941036224,0.49083272890255025,1.316576030819027,0.050537690018805176,0.7596727013587952,53,40,0,11,0.6445572376251221,16720,,0.48374864572047677,280,149,56,30,73,68,15,14,,,,,,,,,,,,,,,,,,,,,,,,,353,63,104,71
recal,early,2,0.8,recal,0.5,6,4,8030,FedTGNN-SS,0.917578125,0.9445041731760653,0.71875,0.975,0.9787234042553191,0.6842105263157895,0.8288288288288288,0.8164762700845175,0.14935371279716492,5.724856469308433,0.2491475113842982,0.1531104636289036,0.9422672986984253,46,39,1,18,8.677319526672363,5528336,261.0,0.6346153846153846,89,50,18,10,264,167,52,33,,,,,,,,,,,,,,,,,,,,,,,,,353,63,104,70
recal,early,2,0.8,recal,0.5,6,4,8030,FedAvg-LR,0.8984375,0.9457602673171464,0.859375,0.725,0.8333333333333334,0.7631578947368421,0.8461538461538461,0.7948717948717949,0.13560035824775696,0.7379039137829098,0.676236019613773,0.11485890514002399,0.19085487723350525,55,29,11,9,0.6927587985992432,16720,,0.5949862637362637,89,50,18,10,264,167,52,33,,,,,,,,,,,,,,,,,,,,,,,,,353,63,104,70
recal,early,2,0.8,recal,0.5,7,0,9026,FedTGNN-SS,0.965625,0.9781101476392754,0.90625,0.9,0.9354838709677419,0.8571428571428571,0.9206349206349206,0.8993418505613627,0.13179482519626617,7.592019553233043,0.3490958218588406,0.15613556037155485,0.0013918052427470684,58,36,4,6,9.013847351074219,5528336,267.0,0.6004120879120879,185,135,37,27,168,82,33,16,,,,,,,,,,,,,,,,,,,,,,,,,353,63,104,70
recal,early,2,0.8,recal,0.5,7,0,9026,FedAvg-LR,0.954296875,0.9762685109503053,0.921875,0.9,0.9365079365079365,0.8780487804878049,0.9291338582677166,0.9090113735783028,0.09289396554231644,0.8475042956880959,1.2942868135969128,0.10251840433249108,0.30153441429138184,59,36,4,5,0.7546272277832031,16720,,0.5759615384615385,185,135,37,27,168,82,33,16,,,,,,,,,,,,,,,,,,,,,,,,,353,63,104,70
recal,early,2,0.8,recal,0.5,7,1,9027,FedTGNN-SS,0.9574218750000001,0.9769669162179266,0.9375,0.975,0.9836065573770492,0.9069767441860465,0.96,0.9498795180722892,0.06764949858188629,4.697043861911984,0.3776406643825559,0.08503941794893205,0.068519227206707,60,39,1,4,9.293864727020264,5528336,274.0,0.5458104395604395,247,145,49,29,106,72,21,14,,,,,,,,,,,,,,,,,,,,,,,,,353,63,104,70
recal,early,2,0.8,recal,0.5,7,1,9027,FedAvg-LR,0.95859375,0.9791765876108469,0.921875,0.875,0.921875,0.875,0.921875,0.8984375,0.07699991762638092,0.7498049376451082,0.9426989806136907,0.06044754224757735,0.25241973996162415,59,35,5,5,0.5585548877716064,16720,,0.4677197802197802,247,145,49,29,106,72,21,14,,,,,,,,,,,,,,,,,,,,,,,,,353,63,104,70
recal,early,2,0.8,recal,0.5,7,2,9028,FedTGNN-SS,0.9749999999999999,0.9884362325736356,0.90625,1.0,1.0,0.8695652173913043,0.9508196721311475,0.9405261151353412,0.0575515553355217,2.1800757735883045,0.7116561050302562,0.07290110828426594,0.3889813721179962,58,40,0,6,9.330652236938477,5528336,273.0,0.6487676056338029,258,204,52,41,95,13,19,3,,,,,,,,,,,,,,,,,,,,,,,,,353,63,104,71
recal,early,2,0.8,recal,0.5,7,2,9028,FedAvg-LR,0.99453125,0.9966111169223719,0.953125,0.975,0.9838709677419355,0.9285714285714286,0.9682539682539683,0.9597367402245451,0.04261062666773796,-0.5116182441156869,2.634257122721241,0.07049983646720648,0.6915335655212402,61,39,1,3,0.7310020923614502,16720,,0.5394095341278441,258,204,52,41,95,13,19,3,,,,,,,,,,,,,,,,,,,,,,,,,353,63,104,71
recal,early,2,0.8,recal,0.5,7,3,9029,FedTGNN-SS,0.94140625,0.967109594024647,0.8125,0.925,0.9454545454545454,0.7551020408163265,0.8739495798319328,0.8527051269946181,0.13942305743694305,3.394689158166534,0.28853000978759985,0.15681505513090926,0.5039991736412048,52,37,3,12,9.444628953933716,5528336,256.0,0.5897664835164835,216,176,43,35,137,41,27,8,,,,,,,,,,,,,,,,,,,,,,,,,353,63,104,70
recal,early,2,0.8,recal,0.5,7,3,9029,FedAvg-LR,0.95078125,0.9732846010039827,0.90625,0.875,0.9206349206349206,0.8536585365853658,0.9133858267716536,0.8887916788179255,0.08200320601463318,-0.2919805132444064,0.8259008911291525,0.08219678714298284,0.5666019916534424,58,35,5,6,0.7116622924804688,16720,,0.5479395604395604,216,176,43,35,137,41,27,8,,,,,,,,,,,,,,,,,,,,,,,,,353,63,104,70
recal,early,2,0.8,recal,0.5,7,4,9030,FedTGNN-SS,0.9011718750000001,0.9420643215812698,0.640625,0.975,0.9761904761904762,0.6290322580645161,0.7735849056603774,0.7691453940066593,0.1838598996400833,-2.2715321963545003,0.33217198131080616,0.19461609180479383,0.9957674741744995,41,39,1,23,9.415133714675903,5528336,272.0,0.6035346695557964,211,194,42,39,142,23,29,5,,,,,,,,,,,,,,,,,,,,,,,,,353,63,104,71
recal,early,2,0.8,recal,0.5,7,4,9030,FedAvg-LR,0.97890625,0.9865394452732401,0.796875,0.975,0.9807692307692307,0.75,0.8793103448275862,0.8635682158920539,0.09793783724308014,-1.511972623411918,1.6288787759112067,0.13195810377454528,0.9400664567947388,51,39,1,13,0.7806756496429443,16720,,0.5335184182015169,211,194,42,39,142,23,29,5,,,,,,,,,,,,,,,,,,,,,,,,,353,63,104,71
recal,early,2,0.8,recal,0.5,8,0,10026,FedTGNN-SS,0.9488281249999999,0.9571321575911882,0.96875,0.85,0.9117647058823529,0.9444444444444444,0.9393939393939394,0.9170653907496014,0.10166510939598083,2.9039065888187587,0.32201928754995807,0.11562702582719232,0.013548084534704685,62,34,6,2,9.579744577407837,5528336,279.0,0.6716346153846153,188,131,37,26,165,86,33,17,,,,,,,,,,,,,,,,,,,,,,,,,353,63,104,70
recal,early,2,0.8,recal,0.5,8,0,10026,FedAvg-LR,0.94765625,0.9710933899666531,0.84375,0.9,0.9310344827586207,0.782608695652174,0.8852459016393442,0.8612276019824628,0.09175676852464676,0.7048169914741436,0.9842011075369786,0.07882886555475684,0.5298461318016052,54,36,4,10,1.149186134338379,16720,,0.5399038461538461,188,131,37,26,165,86,33,17,,,,,,,,,,,,,,,,,,,,,,,,,353,63,104,70
recal,early,2,0.8,recal,0.5,8,1,10027,FedTGNN-SS,0.9414062500000001,0.9671775662157671,0.9375,0.8,0.8823529411764706,0.8888888888888888,0.9090909090909091,0.8755980861244019,0.11318214982748032,1.0194722284945554,0.21049134221848842,0.1148352487406765,0.000561671971809119,60,32,8,4,9.715513944625854,5528336,282.0,0.6078296703296704,52,11,10,2,301,206,60,41,,,,,,,,,,,,,,,,,,,,,,,,,353,63,104,70
recal,early,2,0.8,recal,0.5,8,1,10027,FedAvg-LR,0.960546875,0.9785348995097528,0.75,0.975,0.9795918367346939,0.7090909090909091,0.8495575221238938,0.8353050768514205,0.07242118567228317,0.21937972200578135,0.9882690779056019,0.04856898091160334,0.8216578960418701,48,39,1,16,0.5436515808105469,16720,,0.5885302197802198,52,11,10,2,301,206,60,41,,,,,,,,,,,,,,,,,,,,,,,,,353,63,104,70
recal,early,2,0.8,recal,0.5,8,2,10028,FedTGNN-SS,0.9234375,0.9587802555424351,0.8125,0.85,0.896551724137931,0.7391304347826086,0.8524590163934426,0.8215783454060236,0.13968780636787415,2.959641296153988,0.27935949985333924,0.13267846806691244,0.2786810100078583,52,34,6,12,9.668589115142822,5528336,273.0,0.6301462621885157,151,29,30,6,202,188,41,38,,,,,,,,,,,,,,,,,,,,,,,,,353,63,104,71
recal,early,2,0.8,recal,0.5,8,2,10028,FedAvg-LR,0.9234375,0.961156887518378,0.859375,0.875,0.9166666666666666,0.7954545454545454,0.8870967741935484,0.8602150537634409,0.11453709006309509,-0.3673897302744738,0.804793352971338,0.06661866132456523,0.6798824071884155,55,35,5,9,0.6312737464904785,16720,,0.5587757313109426,151,29,30,6,202,188,41,38,,,,,,,,,,,,,,,,,,,,,,,,,353,63,104,71
recal,early,2,0.8,recal,0.5,8,3,10029,FedTGNN-SS,0.934765625,0.9674054412856093,0.890625,0.825,0.890625,0.825,0.890625,0.8578125,0.10429423302412033,-0.05174161289189541,0.3267073299451058,0.0806706094254668,0.45622676610946655,57,33,7,7,11.11786675453186,5528336,273.0,0.6208694474539546,150,143,30,29,203,74,41,15,,,,,,,,,,,,,,,,,,,,,,,,,353,63,104,71
recal,early,2,0.8,recal,0.5,8,3,10029,FedAvg-LR,0.97734375,0.9856560217834315,0.921875,0.95,0.9672131147540983,0.8837209302325582,0.944,0.9298313253012047,0.07499794661998749,0.7622406780963433,1.793256592240508,0.10878191322374803,0.32096582651138306,59,38,2,5,0.5654616355895996,16720,,0.5243770314192849,150,143,30,29,203,74,41,15,,,,,,,,,,,,,,,,,,,,,,,,,353,63,104,71
recal,early,2,0.8,recal,0.5,8,4,10030,FedTGNN-SS,0.9703125,0.9813182978073127,0.78125,0.95,0.9615384615384616,0.7307692307692307,0.8620689655172413,0.8440779610194902,0.14590203762054443,9.742990548111448,0.26197253050613856,0.1539185395197889,0.3279569745063782,50,38,2,14,10.691521167755127,5528336,279.0,0.5587912087912088,220,155,44,31,133,62,26,12,,,,,,,,,,,,,,,,,,,,,,,,,353,63,104,70
recal,early,2,0.8,recal,0.5,8,4,10030,FedAvg-LR,0.9558593750000001,0.974128451210359,0.765625,0.925,0.9423076923076923,0.7115384615384616,0.8448275862068966,0.8245877061469266,0.08345197141170502,0.4534468244811249,0.9264930796795622,0.06538171980243462,0.8122694492340088,49,37,3,15,0.5820555686950684,16720,,0.5596840659340659,220,155,44,31,133,62,26,12,,,,,,,,,,,,,,,,,,,,,,,,,353,63,104,70
recal,early,2,0.8,recal,0.5,9,0,11026,FedTGNN-SS,0.93125,0.9556569174061438,0.8125,0.825,0.8813559322033898,0.7333333333333333,0.8455284552845529,0.8109995217599235,0.1662585437297821,4.151220749772911,0.2537928305379376,0.1795047014915886,0.12073609977960587,52,33,7,12,10.659597396850586,5528336,272.0,0.5980769230769231,237,111,47,22,116,106,23,21,,,,,,,,,,,,,,,,,,,,,,,,,353,63,104,70
recal,early,2,0.8,recal,0.5,9,0,11026,FedAvg-LR,0.964453125,0.9793823680049325,0.796875,0.95,0.9622641509433962,0.7450980392156863,0.8717948717948718,0.8534798534798536,0.07586640864610672,-0.03183006843583537,1.1958560173249684,0.057590311500602044,0.7220006585121155,51,38,2,13,0.7899787425994873,16720,,0.5514423076923077,237,111,47,22,116,106,23,21,,,,,,,,,,,,,,,,,,,,,,,,,353,63,104,70
recal,early,2,0.8,recal,0.5,9,1,11027,FedTGNN-SS,0.934375,0.935257422194955,0.921875,0.85,0.9076923076923077,0.8717948717948718,0.9147286821705426,0.8877440879207144,0.12001103907823563,5.410125293930264,0.27265257844908597,0.12012231585462221,0.0033083148300647736,59,34,6,5,10.854248523712158,5528336,270.0,0.5887730227518959,125,68,25,14,228,149,46,30,,,,,,,,,,,,,,,,,,,,,,,,,353,63,104,71
recal,early,2,0.8,recal,0.5,9,1,11027,FedAvg-LR,0.969140625,0.9825137268561057,0.953125,0.925,0.953125,0.925,0.953125,0.9390625,0.05809001252055168,0.1008093391581897,0.9470330341985962,0.06407898422688818,0.5652655363082886,61,37,3,3,0.7839024066925049,16720,,0.46268959913326113,125,68,25,14,228,149,46,30,,,,,,,,,,,,,,,,,,,,,,,,,353,63,104,71
recal,early,2,0.8,recal,0.5,9,2,11028,FedTGNN-SS,0.9605468749999999,0.9827195951977172,0.9375,0.975,0.9836065573770492,0.9069767441860465,0.96,0.9498795180722892,0.07132457941770554,6.091408691280905,0.34830482963775194,0.07770977476432633,0.018877578899264336,60,39,1,4,10.768664121627808,5528336,274.0,0.5861998916576382,203,158,41,32,150,59,30,12,,,,,,,,,,,,,,,,,,,,,,,,,353,63,104,71
recal,early,2,0.8,recal,0.5,9,2,11028,FedAvg-LR,0.976953125,0.9892907592410646,0.921875,0.975,0.9833333333333333,0.8863636363636364,0.9516129032258065,0.9400921658986175,0.04862186685204506,-0.17455681604010845,1.324134983605513,0.07965221556906518,0.6141166090965271,59,39,1,5,0.6245207786560059,16720,,0.5313515709642471,203,158,41,32,150,59,30,12,,,,,,,,,,,,,,,,,,,,,,,,,353,63,104,71
recal,early,2,0.8,recal,0.5,9,3,11029,FedTGNN-SS,0.9906250000000001,0.9940624856949589,0.953125,0.975,0.9838709677419355,0.9285714285714286,0.9682539682539683,0.9597367402245451,0.048582322895526886,1.6827592735953216,0.6039850614920679,0.05394551186159686,0.2857908606529236,61,39,1,3,10.457625389099121,5528336,250.0,0.5910752979414952,340,209,68,42,13,8,3,2,,,,,,,,,,,,,,,,,,,,,,,,,353,63,104,71
recal,early,2,0.8,recal,0.5,9,3,11029,FedAvg-LR,0.976953125,0.9867675701417375,0.890625,0.925,0.95,0.8409090909090909,0.9193548387096774,0.9001536098310292,0.056908927857875824,0.239884838168142,1.4063777108041031,0.06740347396295805,0.4746331572532654,57,37,3,7,0.6915721893310547,16720,,0.49349945828819064,340,209,68,42,13,8,3,2,,,,,,,,,,,,,,,,,,,,,,,,,353,63,104,71
recal,early,2,0.8,recal,0.5,9,4,11030,FedTGNN-SS,0.9542968750000002,0.974257013707306,0.890625,0.9,0.9344262295081968,0.8372093023255814,0.912,0.8897349397590362,0.1464998722076416,7.595621418740042,0.23010587665345214,0.15169061730221772,0.002664359286427498,57,36,4,7,9.866621255874634,5528336,281.0,0.5710319609967497,320,212,64,42,33,5,7,1,,,,,,,,,,,,,,,,,,,,,,,,,353,63,104,71
recal,early,2,0.8,recal,0.5,9,4,11030,FedAvg-LR,0.93515625,0.9625291019876213,0.84375,0.9,0.9310344827586207,0.782608695652174,0.8852459016393442,0.8612276019824628,0.10770129412412643,-0.37586508676076924,0.7379202864913895,0.08040169536924133,0.7660706043243408,54,36,4,10,1.125772476196289,16720,,0.5331121343445286,320,212,64,42,33,5,7,1,,,,,,,,,,,,,,,,,,,,,,,,,353,63,104,71
recal,gdm_early,3,0.8,recal,0.5,0,0,2026,FedTGNN-SS,0.9858883601199044,0.9597971057419306,0.9963503649635036,0.9419953596287703,0.9161073825503355,0.9975429975429976,0.9545454545454546,0.9617596007810805,0.034519318491220474,-4.324661479191338,0.3306839967036637,0.03611881508135258,0.0028752184007316828,273,406,25,1,52.92656087875366,8043792,1891.0,0.5199748817966904,316,16,63,3,1454,594,291,119,627,323,126,65,,,,,,,,,,,,,,,,,,,,,2397,423,705,480
recal,gdm_early,3,0.8,recal,0.5,0,0,2026,FedAvg-LR,0.9737412569647907,0.9620488575756087,0.9452554744525548,0.9582366589327146,0.9350180505415162,0.9649532710280374,0.9401088929219601,0.9508460646216319,0.043244894593954086,-0.3122131438489983,0.9186173377326293,0.050415815645498595,0.4458644986152649,259,413,18,15,2.2489867210388184,22128,,0.504450354609929,316,16,63,3,1454,594,291,119,627,323,126,65,,,,,,,,,,,,,,,,,,,,,2397,423,705,480
recal,gdm_early,3,0.8,recal,0.5,0,1,2027,FedTGNN-SS,0.9893898081189562,0.9809467758433562,0.9854014598540146,0.9791183294663574,0.967741935483871,0.9906103286384976,0.976491862567812,0.9806613338510005,0.018206166103482246,-3.1368297761277995,0.35426336173898565,0.017970931919081893,0.3373453617095947,270,422,9,4,52.64838528633118,8043792,1853.0,0.4763416075650118,759,378,152,76,378,303,76,61,1260,252,252,50,,,,,,,,,,,,,,,,,,,,,2397,423,705,480
recal,gdm_early,3,0.8,recal,0.5,0,1,2027,FedAvg-LR,0.9797534167696919,0.958064816264661,0.9635036496350365,0.9373549883990719,0.9072164948453608,0.9758454106280193,0.9345132743362832,0.9453631460438812,0.03807289898395538,0.3076837133431956,0.7913414388789878,0.026638171187740704,0.14888985455036163,264,404,27,10,2.2919230461120605,22128,,0.5174482860520095,759,378,152,76,378,303,76,61,1260,252,252,50,,,,,,,,,,,,,,,,,,,,,2397,423,705,480
recal,gdm_early,3,0.8,recal,0.5,0,2,2028,FedTGNN-SS,0.9875903940928412,0.976733467937046,0.9416058394160584,0.9605568445475638,0.9381818181818182,0.9627906976744186,0.9398907103825137,0.9507815921250548,0.04283222556114197,-2.4667954712441977,0.34641935677832125,0.041992827189478554,0.9126380085945129,258,414,17,16,60.34931206703186,8043792,1893.0,0.5286338263817942,1675,675,335,135,261,244,52,49,461,14,92,3,,,,,,,,,,,,,,,,,,,,,2397,423,705,479
recal,gdm_early,3,0.8,recal,0.5,0,2,2028,FedAvg-LR,0.9788769962910902,0.9456361130654395,0.9817518248175182,0.9651972157772621,0.9471830985915493,0.9881235154394299,0.96415770609319,0.970341763844717,0.032110922038555145,-0.27363041945903893,0.75247040833172,0.04383156646492211,0.4134501516819,269,416,15,5,1.7232849597930908,22128,,0.5102311257199543,1675,675,335,135,261,244,52,49,461,14,92,3,,,,,,,,,,,,,,,,,,,,,2397,423,705,479
recal,gdm_early,3,0.8,recal,0.5,0,3,2029,FedTGNN-SS,0.9865496828752642,0.9647452760972358,0.9781818181818182,0.9627906976744186,0.9438596491228071,0.9857142857142858,0.9607142857142857,0.9674159663865547,0.029515516012907028,-2.4375530089577477,0.312187480716262,0.030163374565977685,0.10516499727964401,269,414,16,6,71.99883246421814,8043792,1904.0,0.4928605200945627,1456,635,291,127,272,164,55,33,669,133,134,27,,,,,,,,,,,,,,,,,,,,,2397,423,705,480
recal,gdm_early,3,0.8,recal,0.5,0,3,2029,FedAvg-LR,0.9802875264270613,0.954544678503644,0.9818181818181818,0.9534883720930233,0.9310344827586207,0.9879518072289156,0.9557522123893806,0.9630832067864062,0.034797217696905136,-0.4606812757789803,0.6105080222821834,0.03911369760514152,0.18618164956569672,270,410,20,5,2.005601406097412,22128,,0.49674940898345155,1456,635,291,127,272,164,55,33,669,133,134,27,,,,,,,,,,,,,,,,,,,,,2397,423,705,480
recal,gdm_early,3,0.8,recal,0.5,0,4,2030,FedTGNN-SS,0.9826807610993658,0.9479302570167129,0.9854545454545455,0.9720930232558139,0.9575971731448764,0.990521327014218,0.9713261648745519,0.9762734110757736,0.02296159602701664,-2.6696208299078914,0.35005183295761494,0.022954656609254782,0.07234732061624527,271,418,12,4,73.18039178848267,8043792,1880.0,0.47652319400642595,905,568,181,114,100,7,20,1,1392,357,278,71,,,,,,,,,,,,,,,,,,,,,2397,423,705,479
recal,gdm_early,3,0.8,recal,0.5,0,4,2030,FedAvg-LR,0.9821310782241015,0.9620594567161712,0.96,0.9744186046511628,0.96,0.9744186046511628,0.96,0.9672093023255814,0.03294776380062103,0.022718792207712987,0.8945320367621581,0.03109084421121483,0.3818175494670868,264,419,11,11,2.004739284515381,22128,,0.49398125527473025,905,568,181,114,100,7,20,1,1392,357,278,71,,,,,,,,,,,,,,,,,,,,,2397,423,705,479
recal,gdm_early,3,0.8,recal,0.5,1,0,3026,FedTGNN-SS,0.9823699764594306,0.9622692549988399,0.9781021897810219,0.9327146171693735,0.9023569023569024,0.9852941176470589,0.9387040280210157,0.9484938495289823,0.05184048041701317,-5.937780023835151,0.3892814519200209,0.053919311215876495,0.9371815323829651,268,402,29,6,70.73105382919312,8043792,1885.0,0.5551163031729816,1117,277,223,55,249,240,50,48,1031,416,206,83,,,,,,,,,,,,,,,,,,,,,2397,423,705,479
recal,gdm_early,3,0.8,recal,0.5,1,0,3026,FedAvg-LR,0.9677799041441563,0.9415703583076351,0.9562043795620438,0.9582366589327146,0.9357142857142857,0.971764705882353,0.9458483754512635,0.9554008232396505,0.042340248823165894,-0.8065492319736043,0.7748490351292981,0.05049271051448288,0.604070782661438,262,413,18,12,1.4603724479675293,22128,,0.5391299841573017,1117,277,223,55,249,240,50,48,1031,416,206,83,,,,,,,,,,,,,,,,,,,,,2397,423,705,479
recal,gdm_early,3,0.8,recal,0.5,1,1,3027,FedTGNN-SS,0.9896777143631345,0.9756103800772264,0.9854014598540146,0.9791183294663574,0.967741935483871,0.9906103286384976,0.976491862567812,0.9806613338510005,0.024332143366336823,-7.055271493866992,0.392312448271102,0.025309904912694758,0.9982182383537292,270,422,9,4,53.85465669631958,8043792,1876.0,0.4945375295508274,531,198,107,40,1053,383,211,77,813,352,162,70,,,,,,,,,,,,,,,,,,,,,2397,423,705,480
recal,gdm_early,3,0.8,recal,0.5,1,1,3027,FedAvg-LR,0.9817772283096516,0.9614555972445344,0.948905109489051,0.9698375870069605,0.9523809523809523,0.9675925925925926,0.9506398537477148,0.9596768214277391,0.031162353232502937,-0.19629778472312465,0.8321246565508621,0.02274880781241341,0.5604433417320251,260,418,13,14,1.259805679321289,22128,,0.48573581560283685,531,198,107,40,1053,383,211,77,813,352,162,70,,,,,,,,,,,,,,,,,,,,,2397,423,705,480
recal,gdm_early,3,0.8,recal,0.5,1,2,3028,FedTGNN-SS,0.9877131776381526,0.9702869370352754,0.9890510948905109,0.962877030162413,0.9442508710801394,0.992822966507177,0.966131907308378,0.9718763187896424,0.02688612788915634,-5.227716984120068,0.3450653082561314,0.0275692823056069,0.14576900005340576,271,415,16,3,53.19172024726868,8043792,1910.0,0.4875280732860521,465,270,93,54,415,135,83,27,1517,528,304,106,,,,,,,,,,,,,,,,,,,,,2397,423,705,480
recal,gdm_early,3,0.8,recal,0.5,1,2,3028,FedAvg-LR,0.9813623046048063,0.9458040768304816,0.9598540145985401,0.9559164733178654,0.9326241134751773,0.9739952718676123,0.9460431654676259,0.9554571799235085,0.036411479115486145,-0.6786646512457601,0.7097730680860325,0.037852711827619685,0.3344658613204956,263,412,19,11,1.2825267314910889,22128,,0.49569001182033096,465,270,93,54,415,135,83,27,1517,528,304,106,,,,,,,,,,,,,,,,,,,,,2397,423,705,480
recal,gdm_early,3,0.8,recal,0.5,1,3,3029,FedTGNN-SS,0.9807061310782241,0.9591774015257248,0.92,0.9744186046511628,0.9583333333333334,0.9501133786848073,0.9387755102040817,0.9504440122777009,0.04291165992617607,1.5644744167830893,0.32443976850945705,0.042750637605456075,0.7619879245758057,253,419,11,22,47.58075523376465,8043792,1864.0,0.5246808510638298,439,420,88,84,473,58,95,12,1485,454,297,91,,,,,,,,,,,,,,,,,,,,,2397,423,705,480
recal,gdm_early,3,0.8,recal,0.5,1,3,3029,FedAvg-LR,0.9758816067653276,0.9709335575534155,0.96,0.9744186046511628,0.96,0.9744186046511628,0.96,0.9672093023255814,0.03966596722602844,0.24375754520127457,1.1111298787389132,0.0470656510997326,0.23297591507434845,264,419,11,11,0.9590489864349365,22128,,0.5107919621749409,439,420,88,84,473,58,95,12,1485,454,297,91,,,,,,,,,,,,,,,,,,,,,2397,423,705,480
recal,gdm_early,3,0.8,recal,0.5,1,4,3030,FedTGNN-SS,0.9884651162790697,0.9825004396876541,0.9818181818181818,0.9697674418604652,0.9540636042402827,0.9881516587677726,0.967741935483871,0.9733075874602454,0.026986699551343918,-2.4699044058016355,0.3409923496456966,0.02763671565073101,0.00936497189104557,270,417,13,5,49.81564712524414,8043792,1851.0,0.48998670212765955,668,58,134,12,1388,796,277,159,341,78,69,16,,,,,,,,,,,,,,,,,,,,,2397,423,705,480
recal,gdm_early,3,0.8,recal,0.5,1,4,3030,FedAvg-LR,0.9821945031712472,0.9672518391037217,0.9636363636363636,0.9720930232558139,0.9566787003610109,0.9766355140186916,0.9601449275362319,0.9672519509476032,0.0275551900267601,-0.2779567563603851,0.8078156272554421,0.030979375266436973,0.5643050670623779,265,418,12,10,1.1617920398712158,22128,,0.49944444444444447,668,58,134,12,1388,796,277,159,341,78,69,16,,,,,,,,,,,,,,,,,,,,,2397,423,705,480
recal,gdm_early,3,0.8,recal,0.5,2,0,4026,FedTGNN-SS,0.9858417870509932,0.9772148820270034,0.927007299270073,0.9767981438515081,0.9621212121212122,0.9546485260770975,0.9442379182156134,0.9549171242454214,0.05033257603645325,-4.61896346046767,0.38852978651837256,0.05607211647442945,0.9979514479637146,254,421,10,20,50.085726737976074,8043792,1818.0,0.547145390070922,1453,178,291,36,701,692,140,138,243,63,49,13,,,,,,,,,,,,,,,,,,,,,2397,423,705,480
recal,gdm_early,3,0.8,recal,0.5,2,0,4026,FedAvg-LR,0.9635290531271699,0.9573593671012002,0.9343065693430657,0.9605568445475638,0.9377289377289377,0.9583333333333334,0.9360146252285192,0.9477292129618842,0.062354810535907745,1.3778595119671868,0.9032580687905767,0.07071448689366275,0.1065104678273201,256,414,17,18,1.201305627822876,22128,,0.47497488179669034,1453,178,291,36,701,692,140,138,243,63,49,13,,,,,,,,,,,,,,,,,,,,,2397,423,705,480
recal,gdm_early,3,0.8,recal,0.5,2,1,4027,FedTGNN-SS,0.9926753264348739,0.9802535086642811,1.0,0.9489559164733179,0.9256756756756757,1.0,0.9614035087719298,0.9676065162907268,0.02419695444405079,-6.309831062148396,0.393619083657242,0.025221215391652126,0.0006522682961076498,274,409,22,0,51.07669949531555,8043792,1903.0,0.4611746453900709,414,148,83,30,316,88,64,18,1667,697,333,139,,,,,,,,,,,,,,,,,,,,,2397,423,705,480
recal,gdm_early,3,0.8,recal,0.5,2,1,4027,FedAvg-LR,0.9848849221806357,0.9633175643723874,0.9963503649635036,0.925754060324826,0.8950819672131147,0.9975,0.9430051813471503,0.9516469950057052,0.032224591821432114,-0.600096994393616,0.8389858962837504,0.04781685711432854,0.19234904646873474,273,399,32,1,1.224395751953125,22128,,0.4937810283687944,414,148,83,30,316,88,64,18,1667,697,333,139,,,,,,,,,,,,,,,,,,,,,2397,423,705,480
recal,gdm_early,3,0.8,recal,0.5,2,3,4029,FedTGNN-SS,0.9917589852008456,0.9814550816620804,0.9781818181818182,0.9674418604651163,0.950530035335689,0.985781990521327,0.96415770609319,0.970341763844717,0.026766695082187653,-5.26954917955608,0.3859895164783298,0.026850341809071372,0.9283849596977234,269,416,14,6,43.03356432914734,8043792,1868.0,0.5188031914893617,818,54,164,11,310,170,62,34,1269,708,254,142,,,,,,,,,,,,,,,,,,,,,2397,423,705,480
recal,gdm_early,3,0.8,recal,0.5,2,3,4029,FedAvg-LR,0.9802536997885836,0.9499463147614002,0.9818181818181818,0.9627906976744186,0.9440559440559441,0.9880668257756563,0.9625668449197861,0.9689159312938154,0.03473755717277527,-0.6292730193179306,0.9085128804951307,0.05200292941526317,0.37990596890449524,270,414,16,5,0.920379638671875,22128,,0.5119015957446809,818,54,164,11,310,170,62,34,1269,708,254,142,,,,,,,,,,,,,,,,,,,,,2397,423,705,480
recal,gdm_early,3,0.8,recal,0.5,2,2,4028,FedTGNN-SS,0.981811099632496,0.965623304099007,0.9781021897810219,0.9559164733178654,0.9337979094076655,0.9856459330143541,0.9554367201426025,0.962995156302161,0.02980809286236763,-3.089978330643874,0.3855236053543337,0.030875484138918753,0.10762625187635422,268,412,19,6,44.39272975921631,8043792,1884.0,0.5080466903073286,370,333,74,67,372,283,75,57,1655,317,331,63,,,,,,,,,,,,,,,,,,,,,2397,423,705,480
recal,gdm_early,3,0.8,recal,0.5,2,2,4028,FedAvg-LR,0.9761291852253289,0.9607664625826925,0.9452554744525548,0.9698375870069605,0.9522058823529411,0.9653579676674365,0.9487179487179487,0.9581552706552706,0.04846597835421562,0.406372705455963,1.0745982576351776,0.061294903400096475,0.283401221036911,259,418,13,15,0.992671012878418,22128,,0.4832904846335698,370,333,74,67,372,283,75,57,1655,317,331,63,,,,,,,,,,,,,,,,,,,,,2397,423,705,480
recal,gdm_early,3,0.8,recal,0.5,2,4,4030,FedTGNN-SS,0.9807991543340381,0.968668073949247,0.96,0.9651162790697675,0.946236559139785,0.9741784037558685,0.9530685920577617,0.9613473801410304,0.0383322574198246,1.2001142356741186,0.4118365488096816,0.03816874124545683,0.0889071449637413,264,415,15,11,44.883575439453125,8043792,1847.0,0.5591234161251075,1036,855,207,171,1298,71,259,14,63,6,12,1,,,,,,,,,,,,,,,,,,,,,2397,423,705,478
recal,gdm_early,3,0.8,recal,0.5,2,4,4030,FedAvg-LR,0.9731966173361521,0.941739131049897,0.9636363636363636,0.958139534883721,0.9363957597173145,0.976303317535545,0.9498207885304659,0.9584784693826038,0.05531040579080582,1.3114132770428528,0.7768139820709278,0.06002526082468369,0.07979220151901245,265,412,18,10,1.2881298065185547,22128,,0.5112406896347073,1036,855,207,171,1298,71,259,14,63,6,12,1,,,,,,,,,,,,,,,,,,,,,2397,423,705,478
recal,gdm_early,3,0.8,recal,0.5,3,0,5026,FedTGNN-SS,0.982035497146341,0.9691582995959612,0.9671532846715328,0.9582366589327146,0.9363957597173145,0.9786729857819905,0.9515260323159784,0.9599365214334874,0.03842754289507866,-0.031162724479842654,0.34072859067598926,0.04019158904453912,0.01507959421724081,265,413,18,9,41.356239795684814,8043792,1887.0,0.522089243498818,526,366,105,73,105,44,21,9,1766,523,354,105,,,,,,,,,,,,,,,,,,,,,2397,423,705,480
recal,gdm_early,3,0.8,recal,0.5,3,0,5026,FedAvg-LR,0.9756719223669279,0.9438639783321564,0.9744525547445255,0.9698375870069605,0.9535714285714286,0.9835294117647059,0.9638989169675091,0.9702672154931004,0.03414548560976982,-0.1070574179320898,0.734350460136195,0.045328534959901315,0.25908705592155457,267,418,13,7,0.9052987098693848,22128,,0.5102585697399526,526,366,105,73,105,44,21,9,1766,523,354,105,,,,,,,,,,,,,,,,,,,,,2397,423,705,480
recal,gdm_early,3,0.8,recal,0.5,3,1,5027,FedTGNN-SS,0.9910283333615594,0.9793349155451476,0.9963503649635036,0.9767981438515081,0.9646643109540636,0.9976303317535545,0.9802513464991023,0.9836778420654948,0.016847824677824974,-1.5796631698981558,0.4130432153170605,0.01633141910019892,0.13595058023929596,273,421,10,1,41.12229800224304,8043792,1849.0,0.4597669494662343,197,96,39,19,1426,206,285,41,774,631,155,126,,,,,,,,,,,,,,,,,,,,,2397,423,705,479
recal,gdm_early,3,0.8,recal,0.5,3,1,5027,FedAvg-LR,0.9802022117973818,0.967336067460687,0.9379562043795621,0.951276102088167,0.9244604316546763,0.9601873536299765,0.9311594202898551,0.9434351880004054,0.04956499859690666,0.8473319573156739,1.06641804503193,0.05272909610776613,0.15172138810157776,257,410,21,17,1.1022639274597168,22128,,0.4877655872903064,197,96,39,19,1426,206,285,41,774,631,155,126,,,,,,,,,,,,,,,,,,,,,2397,423,705,479
recal,gdm_early,3,0.8,recal,0.5,3,2,5028,FedTGNN-SS,0.9771453249106644,0.9370655351829985,0.9708029197080292,0.9373549883990719,0.9078498293515358,0.9805825242718447,0.9382716049382716,0.9483766091120777,0.042389966547489166,-1.8170222969947756,0.3155971808459739,0.04325941980251685,0.1841108202934265,266,404,27,8,37.396669149398804,8043792,1870.0,0.5195990464768505,356,330,71,66,646,27,129,5,1395,576,279,115,,,,,,,,,,,,,,,,,,,,,2397,423,705,479
recal,gdm_early,3,0.8,recal,0.5,3,2,5028,FedAvg-LR,0.9767388690365302,0.9517322702172256,0.9671532846715328,0.9466357308584686,0.9201388888888888,0.9784172661870504,0.9430604982206405,0.9526623245820184,0.04538711532950401,-0.1526440086942943,0.9927945465683915,0.04704772077553662,0.28019753098487854,265,408,23,9,0.8886213302612305,22128,,0.5019647907135136,356,330,71,66,646,27,129,5,1395,576,279,115,,,,,,,,,,,,,,,,,,,,,2397,423,705,479
recal,gdm_early,3,0.8,recal,0.5,3,3,5029,FedTGNN-SS,0.9837970401691332,0.9770508902916123,0.9745454545454545,0.913953488372093,0.8786885245901639,0.9825,0.9241379310344827,0.9355629414208558,0.04883435368537903,-1.4710320084825979,0.33399547358796733,0.050123788806748504,0.007475495804101229,268,393,37,7,40.59414982795715,8043792,1902.0,0.5398552009456264,520,487,104,97,1425,437,285,87,452,8,91,2,,,,,,,,,,,,,,,,,,,,,2397,423,705,480
recal,gdm_early,3,0.8,recal,0.5,3,3,5029,FedAvg-LR,0.9760676532769557,0.9643756626992496,0.9381818181818182,0.9697674418604652,0.9520295202952029,0.9608294930875576,0.945054945054945,0.9551663614163615,0.03866594284772873,0.05921191366056732,0.7356981125455717,0.028811045736074452,0.4082084596157074,258,417,13,17,1.462296485900879,22128,,0.48313977541371156,520,487,104,97,1425,437,285,87,452,8,91,2,,,,,,,,,,,,,,,,,,,,,2397,423,705,480
recal,gdm_early,3,0.8,recal,0.5,3,4,5030,FedTGNN-SS,0.9891670190274842,0.9817536264639392,0.9527272727272728,0.9767441860465116,0.9632352941176471,0.9699769053117783,0.9579524680073126,0.9656506256606667,0.030213626101613045,-2.936523053902554,0.3619926587412213,0.03190137895165961,0.9832167625427246,262,420,10,13,42.93264293670654,8043792,1896.0,0.5017352936821688,477,195,95,39,132,62,26,12,1788,675,358,135,,,,,,,,,,,,,,,,,,,,,2397,423,705,479
recal,gdm_early,3,0.8,recal,0.5,3,4,5030,FedAvg-LR,0.9817589852008456,0.9555157012131968,0.9781818181818182,0.9488372093023256,0.9243986254295533,0.9855072463768116,0.950530035335689,0.958677339942726,0.035104092210531235,-0.33195981793400375,0.7221846835909901,0.02407752634785698,0.23728489875793457,269,408,22,6,1.8348116874694824,22128,,0.5220864981714268,477,195,95,39,132,62,26,12,1788,675,358,135,,,,,,,,,,,,,,,,,,,,,2397,423,705,479
recal,gdm_early,3,0.8,recal,0.5,4,0,6026,FedTGNN-SS,0.95381221738615,0.938076629226277,0.8795620437956204,0.9095127610208816,0.8607142857142858,0.9223529411764706,0.8700361010830325,0.8929619757751611,0.0796656385064125,1.7851777106379547,0.3290813067149526,0.07674978657870006,0.08418663591146469,241,392,39,33,45.6710090637207,8043792,1869.0,0.614264184397163,42,24,9,5,896,879,179,176,1459,30,292,6,,,,,,,,,,,,,,,,,,,,,2397,423,705,480
recal,gdm_early,3,0.8,recal,0.5,4,0,6026,FedAvg-LR,0.9332565583348859,0.9257626171334861,0.8978102189781022,0.9605568445475638,0.935361216730038,0.9366515837104072,0.9162011173184358,0.9323273627829292,0.11393661051988602,2.735486404482319,0.7233180312831686,0.13334241481167627,0.07247821986675262,246,414,17,28,0.965975284576416,22128,,0.5150960401891252,42,24,9,5,896,879,179,176,1459,30,292,6,,,,,,,,,,,,,,,,,,,,,2397,423,705,480
recal,gdm_early,3,0.8,recal,0.5,4,1,6027,FedTGNN-SS,0.9811844801598727,0.9779145229126774,0.9817518248175182,0.9791183294663574,0.9676258992805755,0.9882903981264637,0.9746376811594203,0.9791603324212019,0.02970867045223713,2.326056356150043,0.3786869953772065,0.030604882789313358,0.005995378363877535,269,422,9,5,59.62180519104004,8043792,1829.0,0.47984190307328606,1031,273,207,55,623,44,125,9,743,616,148,123,,,,,,,,,,,,,,,,,,,,,2397,423,705,480
recal,gdm_early,3,0.8,recal,0.5,4,1,6027,FedAvg-LR,0.9819211814317409,0.9718729795688741,0.9598540145985401,0.9767981438515081,0.9633699633699634,0.9745370370370371,0.9616087751371115,0.9686375277771305,0.04719213396310806,0.9009880959567543,1.0461153100297982,0.05341417782061489,0.229307621717453,263,421,10,11,1.497760534286499,22128,,0.49803191489361703,1031,273,207,55,623,44,125,9,743,616,148,123,,,,,,,,,,,,,,,,,,,,,2397,423,705,480
recal,gdm_early,3,0.8,recal,0.5,4,2,6028,FedTGNN-SS,0.9853464189543921,0.9735042697071512,0.9927007299270073,0.9489559164733179,0.9251700680272109,0.9951338199513382,0.9577464788732394,0.9646214579639356,0.03257150202989578,-5.052103994727775,0.3164335009315399,0.034531075392638375,0.004687545355409384,272,409,22,2,59.81263995170593,8043792,1770.0,0.5003959810874705,842,73,169,15,914,395,183,79,641,465,128,93,,,,,,,,,,,,,,,,,,,,,2397,423,705,480
recal,gdm_early,3,0.8,recal,0.5,4,2,6028,FedAvg-LR,0.9765356410994631,0.9471234476500515,0.9890510948905109,0.9373549883990719,0.9093959731543624,0.9926289926289926,0.9475524475524476,0.9558764624397083,0.035251226276159286,-0.6706291709509996,0.58856519042417,0.0443608370312351,0.2439129799604416,271,404,27,3,0.9591963291168213,22128,,0.502322695035461,842,73,169,15,914,395,183,79,641,465,128,93,,,,,,,,,,,,,,,,,,,,,2397,423,705,480
recal,gdm_early,3,0.8,recal,0.5,4,3,6029,FedTGNN-SS,0.9939027484143763,0.9926641197604209,0.9309090909090909,0.9883720930232558,0.9808429118773946,0.9572072072072072,0.9552238805970149,0.9638819631818026,0.022593794390559196,-2.49838092049194,0.4258608868591376,0.022597572558513232,0.9968847632408142,256,425,5,19,68.14150285720825,8043792,1856.0,0.49711119024303396,278,51,55,10,751,544,150,109,1368,337,273,67,,,,,,,,,,,,,,,,,,,,,2397,423,705,478
recal,gdm_early,3,0.8,recal,0.5,4,3,6029,FedAvg-LR,0.9842875264270613,0.9720676968183972,0.9672727272727273,0.9697674418604652,0.953405017921147,0.9788732394366197,0.9602888086642599,0.9672939370424103,0.03137069195508957,0.02071973519979397,0.943177262963371,0.040186075118522284,0.37593063712120056,266,417,13,9,1.7170631885528564,22128,,0.49997180925250007,278,51,55,10,751,544,150,109,1368,337,273,67,,,,,,,,,,,,,,,,,,,,,2397,423,705,478
recal,gdm_early,3,0.8,recal,0.5,4,4,6030,FedTGNN-SS,0.9874756871035941,0.9691081662316713,0.9563636363636364,0.9883720930232558,0.9813432835820896,0.9725400457665904,0.9686924493554327,0.974542303109089,0.023481152951717377,-0.9681327979357576,0.4406654019275163,0.024087639669854687,0.9587870240211487,263,425,5,12,68.05122709274292,8043792,1869.0,0.5375029550827424,268,23,54,5,1515,359,303,72,614,550,123,110,,,,,,,,,,,,,,,,,,,,,2397,423,705,480
recal,gdm_early,3,0.8,recal,0.5,4,4,6030,FedAvg-LR,0.9704778012684989,0.9370333081272325,0.9672727272727273,0.9604651162790697,0.9399293286219081,0.9786729857819905,0.953405017921147,0.9614442929981322,0.040271032601594925,-0.09026643748148432,0.8742564923697671,0.041893011336842326,0.3083026111125946,266,413,17,9,1.1306633949279785,22128,,0.4965617612293144,268,23,54,5,1515,359,303,72,614,550,123,110,,,,,,,,,,,,,,,,,,,,,2397,423,705,480
recal,gdm_early,3,0.8,recal,0.5,5,0,7026,FedTGNN-SS,0.9887377851541992,0.9811722785532447,0.9781021897810219,0.9675174013921114,0.950354609929078,0.9858156028368794,0.9640287769784173,0.9703047866156723,0.02493288554251194,-1.9163518365523853,0.4775608156437967,0.02262488925459643,0.42653343081474304,268,417,14,6,68.99979710578918,8043792,1872.0,0.5306045395993426,149,34,30,7,1701,869,340,174,547,30,109,6,,,,,,,,,,,,,,,,,,,,,2397,423,705,479
recal,gdm_early,3,0.8,recal,0.5,5,0,7026,FedAvg-LR,0.9818195674632072,0.9693419631477539,0.9197080291970803,0.974477958236659,0.9581749049429658,0.9502262443438914,0.9385474860335196,0.9503733993741481,0.03104333020746708,-0.3441041385542299,0.8710560380135378,0.04028561929016248,0.7341400384902954,252,420,11,22,2.644899368286133,22128,,0.5188765009846164,149,34,30,7,1701,869,340,174,547,30,109,6,,,,,,,,,,,,,,,,,,,,,2397,423,705,479
recal,gdm_early,3,0.8,recal,0.5,5,1,7027,FedTGNN-SS,0.9914093857435602,0.9791078680914076,0.9854014598540146,0.9582366589327146,0.9375,0.9904076738609112,0.9608540925266904,0.9674553481501377,0.027377424761652946,-7.659809276642841,0.3501967295154545,0.02759301713081607,0.05770810693502426,270,413,18,4,73.21992897987366,8043792,1851.0,0.48434237995824636,534,314,107,63,778,162,155,32,1085,457,217,91,,,,,,,,,,,,,,,,,,,,,2397,423,705,479
recal,gdm_early,3,0.8,recal,0.5,5,1,7027,FedAvg-LR,0.9782207394109776,0.9524243212016505,0.9635036496350365,0.9675174013921114,0.9496402877697842,0.9765807962529274,0.9565217391304348,0.9642748555792033,0.03705810010433197,-0.1555273242017284,0.9419972520648717,0.04350958130461103,0.34054872393608093,264,417,14,10,1.8336968421936035,22128,,0.503084143976073,534,314,107,63,778,162,155,32,1085,457,217,91,,,,,,,,,,,,,,,,,,,,,2397,423,705,479
recal,gdm_early,3,0.8,recal,0.5,5,2,7028,FedTGNN-SS,0.9889664165833996,0.9809799053891319,0.9781021897810219,0.962877030162413,0.9436619718309859,0.9857482185273159,0.9605734767025089,0.9673759402291887,0.030562181025743484,-4.673194415756446,0.3500257410226633,0.030818789521833333,0.7517113089561462,268,415,16,6,67.47729539871216,8043792,1894.0,0.4908349250062926,887,270,177,54,349,146,70,29,1161,517,232,103,,,,,,,,,,,,,,,,,,,,,2397,423,705,479
recal,gdm_early,3,0.8,recal,0.5,5,2,7028,FedAvg-LR,0.9731400409843006,0.9428232503375337,0.9708029197080292,0.9164733178654292,0.8807947019867549,0.9801488833746899,0.9236111111111112,0.9354266586730615,0.047807566821575165,-0.35213953328303216,0.6933147000070569,0.045805713278076345,0.2968635857105255,266,395,36,8,1.274984359741211,22128,,0.5114644871851819,887,270,177,54,349,146,70,29,1161,517,232,103,,,,,,,,,,,,,,,,,,,,,2397,423,705,479
recal,gdm_early,3,0.8,recal,0.5,5,3,7029,FedTGNN-SS,0.9831416490486259,0.9555604949192668,0.96,0.9720930232558139,0.9565217391304348,0.9743589743589743,0.9582577132486388,0.9657411965544708,0.03607305511832237,1.7278983568246857,0.3063363039653709,0.03811833468919737,0.06796407699584961,264,418,12,11,65.14802408218384,8043792,1899.0,0.4854602525947971,253,25,51,5,785,360,157,72,1359,547,271,109,,,,,,,,,,,,,,,,,,,,,2397,423,705,479
recal,gdm_early,3,0.8,recal,0.5,5,3,7029,FedAvg-LR,0.9702283298097252,0.9270595143822052,0.9636363636363636,0.9674418604651163,0.9498207885304659,0.9765258215962441,0.9566787003610109,0.9643206585917203,0.036910321563482285,-0.22794336956658603,0.7302574074842823,0.03983815475664239,0.34770914912223816,265,416,14,10,1.2615704536437988,22128,,0.5158737914390205,253,25,51,5,785,360,157,72,1359,547,271,109,,,,,,,,,,,,,,,,,,,,,2397,423,705,479
recal,gdm_early,3,0.8,recal,0.5,5,4,7030,FedTGNN-SS,0.988029598308668,0.9752991321030396,0.9927272727272727,0.9697674418604652,0.9545454545454546,0.9952267303102625,0.9732620320855615,0.9777970937812966,0.04599027708172798,2.6381309723380704,0.4145681001863174,0.04994226733143342,0.0058804890140891075,273,417,13,2,58.66349172592163,8043792,1880.0,0.5141725273746995,1331,35,266,7,93,21,18,4,973,876,194,175,,,,,,,,,,,,,,,,,,,,,2397,423,705,478
recal,gdm_early,3,0.8,recal,0.5,5,4,7030,FedAvg-LR,0.9816490486257928,0.9720179271470442,0.8981818181818182,0.9767441860465116,0.9610894941634242,0.9375,0.9285714285714286,0.9426456231695413,0.09045273065567017,2.0815381183800357,1.2193372016847481,0.10802560529493273,0.09444890916347504,247,420,10,28,1.0698604583740234,22128,,0.49504287961067095,1331,35,266,7,93,21,18,4,973,876,194,175,,,,,,,,,,,,,,,,,,,,,2397,423,705,478
