dataset,method,repeat,fold,recalibration,auroc,brier,cal_intercept,cal_slope,ece
early,FedAvg-LR,0,0,None,0.9703125,0.08151166148050357,0.853149292942789,1.252763640991458,0.07973743593942306
early,FedAvg-LR,0,0,Platt scaling,0.9703125,0.06994184018634132,-0.05143355772641389,1.6225311575134342,0.08802807231068696
early,FedAvg-LR,0,0,Temperature scaling,0.9703125,0.08224518215593758,0.6009209233209618,1.7540743462565713,0.11944276057593634
early,FedAvg-LR,0,1,None,0.971875,0.056789182061564164,0.5461395185704178,1.0233857460882907,0.053516132753269254
early,FedAvg-LR,0,1,Platt scaling,0.971875,0.05630515884238971,-0.1124136787738943,1.1685634304956545,0.04807660687369959
early,FedAvg-LR,0,1,Temperature scaling,0.971875,0.05647243297041096,0.36197538850696565,1.23262193516227,0.04946760601785352
early,FedAvg-LR,0,2,None,0.926171875,0.10938368996193974,1.5000145764188881,0.839126371919359,0.11730333673750004
early,FedAvg-LR,0,2,Platt scaling,0.926171875,0.09922615216841724,-0.10747276988273431,0.7995871339232621,0.09656461889182297
early,FedAvg-LR,0,2,Temperature scaling,0.926171875,0.10954106206067671,1.019198711494409,1.1856973099907024,0.1220179653161262
early,FedAvg-LR,0,3,None,0.979296875,0.055320865748026686,0.34759211894310976,1.2177473960108407,0.07529029873557683
early,FedAvg-LR,0,3,Platt scaling,0.979296875,0.0546768260277941,0.11084059097375366,1.2809197996813035,0.10065261293147239
early,FedAvg-LR,0,3,Temperature scaling,0.979296875,0.05588279826343442,0.31531903331962224,1.328861919789056,0.08473534001980833
early,FedAvg-LR,0,4,None,0.955859375,0.08759575357189453,0.33397166518574434,0.911788923843417,0.08421779582980765
early,FedAvg-LR,0,4,Platt scaling,0.955859375,0.08695623737402801,0.20888654707966442,0.8495307339737713,0.09354623383947877
early,FedAvg-LR,0,4,Temperature scaling,0.955859375,0.08816523105846218,0.3585493694963615,0.862546149385643,0.08000380736085415
early,FedAvg-LR,1,0,None,0.9109375,0.13466366857180875,-0.9523288172133875,0.7419772510014419,0.12463725248076918
early,FedAvg-LR,1,0,Platt scaling,0.9109375,0.11522174486481719,-0.11087441768906353,0.7444039529843633,0.08752810668019406
early,FedAvg-LR,1,0,Temperature scaling,0.9109375,0.13216222928350424,-0.8802703712055927,0.8118450181902829,0.13530956036311734
early,FedAvg-LR,1,1,None,0.950390625,0.0806937226682014,0.04949285394779825,0.822982076583652,0.07177249686538459
early,FedAvg-LR,1,1,Platt scaling,0.950390625,0.07981051563965476,-0.4863364509315639,0.48973906716919524,0.0716078876489718
early,FedAvg-LR,1,1,Temperature scaling,0.950390625,0.08155020805981894,0.2925365217677659,0.538965959892974,0.08015690899106494
early,FedAvg-LR,1,2,None,0.9664062499999999,0.07265033827854754,0.31341920569924964,1.275794519059488,0.09699543228846157
early,FedAvg-LR,1,2,Platt scaling,0.9664062499999999,0.0715184908621005,0.08257688335612122,0.6555900603671595,0.08142001958852389
early,FedAvg-LR,1,2,Temperature scaling,0.9664062499999999,0.07310875937825781,0.6101219038415173,0.7603018273278368,0.0742403842711391
early,FedAvg-LR,1,3,None,0.955078125,0.08229000333957973,0.3897112477288036,0.7244080166312454,0.0813786459134616
early,FedAvg-LR,1,3,Platt scaling,0.955078125,0.08052307508532958,-0.2944995111845681,1.037004929754366,0.07430380433374405
early,FedAvg-LR,1,3,Temperature scaling,0.955078125,0.08011147098298561,0.16064888989847398,1.1214568447893731,0.06693552569851628
early,FedAvg-LR,1,4,None,0.9125,0.11171974714543763,0.02118441828741529,0.7777333719450253,0.09598396142692314
early,FedAvg-LR,1,4,Platt scaling,0.9125,0.11650290656437824,-0.5963319717940385,0.6098151951540182,0.12171367120018226
early,FedAvg-LR,1,4,Temperature scaling,0.9125,0.11209847563451386,0.03322513247150326,0.742730475056334,0.0876305518468214
early,FedAvg-LR,2,0,None,0.95546875,0.07983608142413175,0.44730361372944,1.0389073502498605,0.059827563365384494
early,FedAvg-LR,2,0,Platt scaling,0.95546875,0.08032542157274515,-0.16894873526986237,0.7497158253564492,0.05654378081486693
early,FedAvg-LR,2,0,Temperature scaling,0.95546875,0.08068637524449983,0.5954752618083453,0.8842643087228101,0.05386277085584534
early,FedAvg-LR,2,1,None,0.928125,0.10805184451176052,0.2865165848792422,0.7583965247471284,0.08621597236538461
early,FedAvg-LR,2,1,Platt scaling,0.928125,0.11667462411778405,-0.9061323351275774,1.047251457339377,0.128000257679336
early,FedAvg-LR,2,1,Temperature scaling,0.928125,0.1078306570378053,0.1959879465117392,1.4253669306725385,0.11048850457988733
early,FedAvg-LR,2,2,None,0.94921875,0.07820618207052178,0.03023236723133145,0.8392395437099981,0.07574634390769239
early,FedAvg-LR,2,2,Platt scaling,0.94921875,0.07799923970408898,-0.008180991174363408,0.8183933591024137,0.07667266879188578
early,FedAvg-LR,2,2,Temperature scaling,0.94921875,0.07801662858761227,0.03300694479949,0.8204269652287608,0.06900367024722975
early,FedAvg-LR,2,3,None,0.9640625,0.07622576982518531,0.7171274513750583,1.0768596787685807,0.10277243083461543
early,FedAvg-LR,2,3,Platt scaling,0.9640625,0.08620246179755037,0.9030614535456364,1.3306485456509216,0.10272462080366326
early,FedAvg-LR,2,3,Temperature scaling,0.9640625,0.07705049422956511,0.5542759150018522,1.3161971214211516,0.08630400278599469
early,FedAvg-LR,2,4,None,0.9519531250000001,0.07731267334792855,0.06644612358249838,0.8105603226350503,0.09826795991634611
early,FedAvg-LR,2,4,Platt scaling,0.9519531250000001,0.0800484850736549,0.22415784797558794,1.2319665401699695,0.06922982687745229
early,FedAvg-LR,2,4,Temperature scaling,0.9519531250000001,0.08069209010337548,-0.06654858186864808,1.2797063734461755,0.09628437451994361
early,FedAvg-LR,3,0,None,0.95,0.09705204593190968,0.828760612986517,1.12779873763566,0.08279062784038463
early,FedAvg-LR,3,0,Platt scaling,0.95,0.08350704331601819,-0.09378405903400541,1.2690065350409054,0.073760988310898
early,FedAvg-LR,3,0,Temperature scaling,0.95,0.09490751930545888,0.5802171397874256,1.502572455791553,0.08489365422249699
early,FedAvg-LR,3,1,None,0.928515625,0.10045242835891463,0.656401733718752,0.7882510272323898,0.07580537280192311
early,FedAvg-LR,3,1,Platt scaling,0.928515625,0.10778807768952547,-0.3905691567873625,0.7281358986413594,0.10564943378659736
early,FedAvg-LR,3,1,Temperature scaling,0.928515625,0.1001959260399441,0.49201201916601556,0.9803244769281013,0.09664313438853048
early,FedAvg-LR,3,2,None,0.960546875,0.08605310184761115,0.4546954795647728,0.9339767286237828,0.06609539437692304
early,FedAvg-LR,3,2,Platt scaling,0.960546875,0.08103910136319283,0.07376347361642525,1.137333755282213,0.053941492110674796
early,FedAvg-LR,3,2,Temperature scaling,0.960546875,0.08467422616000657,0.3575247996821615,1.148249236295049,0.0736091401988702
early,FedAvg-LR,3,3,None,0.965625,0.0743584062965609,0.07049636836732516,1.0839662053236427,0.08871098596153842
early,FedAvg-LR,3,3,Platt scaling,0.965625,0.09163461843377446,0.8973475605302199,1.2261207142529433,0.10311400865510095
early,FedAvg-LR,3,3,Temperature scaling,0.965625,0.07592071393758164,0.039394398230579025,1.345979933839632,0.09682831371350094
early,FedAvg-LR,3,4,None,0.9578125,0.0876783124271509,-0.2780603502624875,0.8717497997908742,0.10841110131730769
early,FedAvg-LR,3,4,Platt scaling,0.9578125,0.08799477321661167,-0.2689812576225067,0.8537306752653242,0.10864578022389812
early,FedAvg-LR,3,4,Temperature scaling,0.9578125,0.08806785685423903,-0.27952235646473533,0.8527118661393572,0.10857146112763581
early,FedAvg-LR,4,0,None,0.953125,0.08349065281934766,0.3111182005973823,0.8371373894798241,0.08200928209134613
early,FedAvg-LR,4,0,Platt scaling,0.953125,0.0945748979666255,-1.0120629441210893,0.8676478962263321,0.11507736464004195
early,FedAvg-LR,4,0,Temperature scaling,0.953125,0.08214516982625217,0.2065709059907755,1.154858715381224,0.07263929485181299
early,FedAvg-LR,4,1,None,0.954296875,0.07226232304880678,1.0132037648409213,0.8716751145904319,0.08514463871730772
early,FedAvg-LR,4,1,Platt scaling,0.954296875,0.06803849951840853,0.3447542621025586,0.6058673719962671,0.06226590602786691
early,FedAvg-LR,4,1,Temperature scaling,0.954296875,0.07157911250982195,1.1874934866556954,0.7555052736016113,0.08066886316094028
early,FedAvg-LR,4,2,None,0.91015625,0.1196940040913778,0.22118818304574125,0.700842034681405,0.0970319035673077
early,FedAvg-LR,4,2,Platt scaling,0.91015625,0.12512398846015643,0.4673229168575512,1.043052988749052,0.09285490350044383
early,FedAvg-LR,4,2,Temperature scaling,0.91015625,0.11713721199691832,0.08547398350967528,1.0806945862102046,0.08971384554790256
early,FedAvg-LR,4,3,None,0.955859375,0.0777728797023821,0.23140444560149975,1.016633811874909,0.11316988756634618
early,FedAvg-LR,4,3,Platt scaling,0.955859375,0.07671971901726199,0.12652115464266786,0.7747085896904273,0.07207819612809328
early,FedAvg-LR,4,3,Temperature scaling,0.955859375,0.0772719065411638,0.3011793761276899,0.7874247739808515,0.09406109031795934
early,FedAvg-LR,4,4,None,0.960546875,0.057217495696958845,0.23088320928384545,1.229618432275514,0.08007854132692309
early,FedAvg-LR,4,4,Platt scaling,0.960546875,0.059356960097973234,0.2613005513741071,0.5317397992105038,0.041481285166155554
early,FedAvg-LR,4,4,Temperature scaling,0.960546875,0.05648847128646601,0.9575799743335932,0.6833291970300492,0.04992622417618074
early,FedAvg-LR,5,0,None,0.909375,0.12297112281376006,0.45047494448833447,0.5886194759000392,0.11753635285961542
early,FedAvg-LR,5,0,Platt scaling,0.909375,0.11878379347751646,-0.38158070820309253,0.7855825684465667,0.10183985879934056
early,FedAvg-LR,5,0,Temperature scaling,0.909375,0.11692167205814472,0.21173268751223087,0.8761956486909557,0.07845635658361938
early,FedAvg-LR,5,1,None,0.959375,0.0979476935686482,1.2115849983394,0.9023582297655333,0.09664031212500004
early,FedAvg-LR,5,1,Platt scaling,0.959375,0.09402046224154281,1.2128665408687906,0.7526834699848775,0.10905841170213096
early,FedAvg-LR,5,1,Temperature scaling,0.959375,0.10205658024441465,1.5067410165451647,0.7616161139015037,0.10364585193689205
early,FedAvg-LR,5,2,None,0.938671875,0.13845428081798544,1.446434198204956,1.572550785055917,0.162657623201923
early,FedAvg-LR,5,2,Platt scaling,0.938671875,0.09531624387130846,-0.08702068913578906,1.141070037367744,0.11465388950533956
early,FedAvg-LR,5,2,Temperature scaling,0.938671875,0.13422594419188785,1.0837602524495968,2.0778336940859585,0.15472642611637832
early,FedAvg-LR,5,3,None,0.8464843750000001,0.19020616549354183,-0.8836265509705837,0.42755417108682814,0.17023758509615391
early,FedAvg-LR,5,3,Platt scaling,0.8464843750000001,0.15916202198849558,-0.036238608473528444,0.852719226896123,0.12390873602526972
early,FedAvg-LR,5,3,Temperature scaling,0.8464843750000001,0.16102270813667138,-0.3207814081319197,0.9223586699073277,0.1374107547395183
early,FedAvg-LR,5,4,None,0.97734375,0.06251897456552624,1.2833312713081124,1.13114039386585,0.08662525015855772
early,FedAvg-LR,5,4,Platt scaling,0.97734375,0.055807280866696764,-0.7189586022578435,0.9551606464036748,0.06802090639942923
early,FedAvg-LR,5,4,Temperature scaling,0.97734375,0.06729354806511709,0.7657854161509686,1.8417422559462953,0.09303765737793726
early,FedAvg-LR,6,0,None,0.95703125,0.06237650755083794,0.3594666430293152,0.9553712717793106,0.0648929496961538
early,FedAvg-LR,6,0,Platt scaling,0.95703125,0.0649290820339492,0.6178104237516696,1.0424550127644603,0.09174240861185655
early,FedAvg-LR,6,0,Temperature scaling,0.95703125,0.06298141389202393,0.2944619744215649,1.0649764307735583,0.07823929146043783
early,FedAvg-LR,6,1,None,0.9421875,0.13858825170660255,-1.8302662304039374,0.9384281887930226,0.1635183772307693
early,FedAvg-LR,6,1,Platt scaling,0.9421875,0.09632778801396559,-0.4842225917956875,0.9581726759153771,0.0530840323951158
early,FedAvg-LR,6,1,Temperature scaling,0.9421875,0.13159916623351878,-1.2846162455902765,1.2986808367334435,0.1459025163359564
early,FedAvg-LR,6,2,None,0.933203125,0.10672357772399023,-0.45570914497745363,0.7161859390038541,0.08282248800000001
early,FedAvg-LR,6,2,Platt scaling,0.933203125,0.113077514758909,-0.7728314289199416,0.5041749557519872,0.09177284217344464
early,FedAvg-LR,6,2,Temperature scaling,0.933203125,0.11129479419559521,-0.5884611896581687,0.5158321336236269,0.09956447377303933
early,FedAvg-LR,6,3,None,0.97265625,0.0611242257358542,0.4908327133286759,1.3165760420563495,0.050537662579807636
early,FedAvg-LR,6,3,Platt scaling,0.97265625,0.06022305086724423,0.2914688856133379,1.389262592394245,0.052333344456669637
early,FedAvg-LR,6,3,Temperature scaling,0.97265625,0.061396815112151795,0.44599125729696726,1.3882697317382229,0.06219597580907648
early,FedAvg-LR,6,4,None,0.8984375,0.1356003758164396,0.7379039148407696,0.6762359958244641,0.11485889782211539
early,FedAvg-LR,6,4,Platt scaling,0.8984375,0.12513082729988334,-0.05762849434195966,1.155686392988215,0.06276054584326045
early,FedAvg-LR,6,4,Temperature scaling,0.8984375,0.12607026240997407,0.36026011957533144,1.20334350027087,0.10132792612238592
early,FedAvg-LR,7,0,None,0.954296875,0.09289396432721604,0.8475042844449916,1.2942869018259857,0.1025184396730769
early,FedAvg-LR,7,0,Platt scaling,0.954296875,0.08114878926137033,0.2852512582120488,1.2846110726376905,0.06640985543773754
early,FedAvg-LR,7,0,Temperature scaling,0.954296875,0.09316852647433022,0.7701290324836068,1.4062150851854525,0.10138862385411881
early,FedAvg-LR,7,1,None,0.95859375,0.07699991918724744,0.7498049221220232,0.9426991067125654,0.06044755646442301
early,FedAvg-LR,7,1,Platt scaling,0.95859375,0.07490571667196438,0.3858623797977246,1.0752329896532382,0.05512355488743756
early,FedAvg-LR,7,1,Temperature scaling,0.95859375,0.07707682747112535,0.6102128663471484,1.101085650131514,0.07658357575086058
early,FedAvg-LR,7,2,None,0.99453125,0.0426106264317602,-0.5116182688584832,2.634257753464807,0.07049982159903842
early,FedAvg-LR,7,2,Platt scaling,0.99453125,0.05535093414173306,-0.663506958171488,3.4505042139716506,0.11347433682251135
early,FedAvg-LR,7,2,Temperature scaling,0.99453125,0.04806855630786695,-0.37745906892465736,3.4000006248020833,0.12042214514353101
early,FedAvg-LR,7,3,None,0.95078125,0.08200321186912016,-0.2919805498664775,0.8259010433456707,0.08219678417692312
early,FedAvg-LR,7,3,Platt scaling,0.95078125,0.08158108965654223,0.3733553186801126,0.73835351203821,0.08791999616186949
early,FedAvg-LR,7,3,Temperature scaling,0.95078125,0.08194616661516299,-0.30694927199295224,0.7915533098305435,0.08290292288880381
early,FedAvg-LR,7,4,None,0.97890625,0.09793784651408528,-1.511972676960699,1.6288786912033628,0.13195810363461533
early,FedAvg-LR,7,4,Platt scaling,0.97890625,0.06657997624348076,0.14152422590011707,2.153011100200563,0.10088459711901475
early,FedAvg-LR,7,4,Temperature scaling,0.97890625,0.10175487937432247,-0.6840597304389071,3.31545582330647,0.14379708378331293
early,FedAvg-LR,8,0,None,0.94765625,0.09175677041766495,0.7048169766178725,0.9842010309631817,0.07882884578173081
early,FedAvg-LR,8,0,Platt scaling,0.94765625,0.08966456560323663,-0.2876542390324287,1.157212960090774,0.05590018808492485
early,FedAvg-LR,8,0,Temperature scaling,0.94765625,0.09258611906375049,0.4496211670843385,1.4371085691209933,0.08466172089427046
early,FedAvg-LR,8,1,None,0.960546875,0.07242119314099403,0.21937970800362963,0.9882690520678604,0.048568936019230756
early,FedAvg-LR,8,1,Platt scaling,0.960546875,0.08204141054063295,0.5139637832959556,1.504820747692264,0.08600109545490703
early,FedAvg-LR,8,1,Temperature scaling,0.960546875,0.07843975941814149,0.13999090741112785,1.5890883141962742,0.0760472419698508
early,FedAvg-LR,8,2,None,0.9234375,0.11453708364466203,-0.3673897371666283,0.8047934381697494,0.06661867264423078
early,FedAvg-LR,8,2,Platt scaling,0.9234375,0.11998254942895889,-0.6651242831429811,0.8880447678289751,0.08055339042447854
early,FedAvg-LR,8,2,Temperature scaling,0.9234375,0.11250799009640655,-0.33755805181887616,0.9249574761226383,0.06838321043271084
early,FedAvg-LR,8,3,None,0.97734375,0.07499793667098692,0.7622406711877141,1.793256913530148,0.10878191081249998
early,FedAvg-LR,8,3,Platt scaling,0.97734375,0.05914370486010039,-0.5796330365770987,1.4131486066752472,0.08680498538000142
early,FedAvg-LR,8,3,Temperature scaling,0.97734375,0.07694315995308035,0.6482025210102018,2.0885462139568807,0.12467508527348263
early,FedAvg-LR,8,4,None,0.9558593750000001,0.08345197293252908,0.453446798442554,0.9264930250679964,0.06538169833653847
early,FedAvg-LR,8,4,Platt scaling,0.9558593750000001,0.09058063442555227,0.8853004270698616,0.5454969491246772,0.0920742177704138
early,FedAvg-LR,8,4,Temperature scaling,0.9558593750000001,0.09118415189189064,0.9264958743821199,0.5513723626953642,0.0927332882206946
early,FedAvg-LR,9,0,None,0.964453125,0.0758664020302923,-0.03183003911459862,1.1958561157386396,0.05759029854423073
early,FedAvg-LR,9,0,Platt scaling,0.964453125,0.07675873938974259,-0.28470409383783435,1.0944066625615068,0.06158026442477679
early,FedAvg-LR,9,0,Temperature scaling,0.964453125,0.07552749343149881,-0.028269679502237573,1.1264074339787165,0.05651438361825052
early,FedAvg-LR,9,1,None,0.969140625,0.058090016790637196,0.10080931737171514,0.947033072384995,0.06407898349615387
early,FedAvg-LR,9,1,Platt scaling,0.969140625,0.05888074225899095,-0.13692849017507785,1.040355875614589,0.0701262099450929
early,FedAvg-LR,9,1,Temperature scaling,0.969140625,0.05909803911013596,0.09410234630951869,1.085938752885632,0.06058566151880462
early,FedAvg-LR,9,2,None,0.976953125,0.04862185982509805,-0.17455678988927006,1.3241350059043864,0.07965221227884615
early,FedAvg-LR,9,2,Platt scaling,0.976953125,0.05529118349281196,0.02412930045723252,1.8988015336654447,0.10256846646718992
early,FedAvg-LR,9,2,Temperature scaling,0.976953125,0.056741520017312905,-0.1728617313764236,1.896683274457009,0.11717573083094587
early,FedAvg-LR,9,3,None,0.976953125,0.05690893327825853,0.23988481549528864,1.406377847774458,0.06740341656730774
early,FedAvg-LR,9,3,Platt scaling,0.976953125,0.06088300426598181,-0.26087237730516777,1.7961478339234662,0.07685236547294971
early,FedAvg-LR,9,3,Temperature scaling,0.976953125,0.061507539836622015,0.18396932067519295,1.914715044119774,0.09106409063125996
early,FedAvg-LR,9,4,None,0.93515625,0.10770129002088936,-0.3758651011215047,0.7379201168263323,0.08040169311057692
early,FedAvg-LR,9,4,Platt scaling,0.93515625,0.10928222872343471,0.1574084108555589,0.6343696525836766,0.09189076942085406
early,FedAvg-LR,9,4,Temperature scaling,0.93515625,0.11152931312123539,-0.4306580230050024,0.6316002219310914,0.11632389766974956
early,FedTGNN-SS,0,0,None,0.964453125,0.11369435586365206,6.3899329895231975,0.33624927591036313,0.11949388646095602
early,FedTGNN-SS,0,0,Platt scaling,0.9644531249999999,0.07647290545169111,0.21714732315746943,1.4408039803641315,0.05460550571620645
early,FedTGNN-SS,0,0,Temperature scaling,0.9644531249999999,0.09585541800735123,1.0774220201706848,1.4887868027277773,0.11128044368287775
early,FedTGNN-SS,0,1,None,0.98125,0.1188403288869916,9.935187542779527,0.32093750549843225,0.12871265835668608
early,FedTGNN-SS,0,1,Platt scaling,0.9787109374999999,0.05728290773727315,-0.11655476643624565,1.3854915351608355,0.07094274774049768
early,FedTGNN-SS,0,1,Temperature scaling,0.9787109374999999,0.0801880887374424,0.9487708708046743,1.8122371752972593,0.1307772005835807
early,FedTGNN-SS,0,2,None,0.9410156249999999,0.11992029574132376,5.6177949945594285,0.3198965500601675,0.13549965869622022
early,FedTGNN-SS,0,2,Platt scaling,0.9410156249999999,0.09758092527140357,-0.11901659765747823,0.6520008756408854,0.09784163356721673
early,FedTGNN-SS,0,2,Temperature scaling,0.9410156249999999,0.10591858014494439,1.3345671756411408,1.062117037716791,0.11394652607617085
early,FedTGNN-SS,0,3,None,0.9472656249999999,0.13638013089589607,7.522565666361581,0.3443660142403141,0.1424097522652505
early,FedTGNN-SS,0,3,Platt scaling,0.9472656249999999,0.07805982331207656,0.24680928235094504,1.2711984107761318,0.07160079620644152
early,FedTGNN-SS,0,3,Temperature scaling,0.9472656249999999,0.11336582133875214,1.2315112408641467,1.5941406755468144,0.14288450512026746
early,FedTGNN-SS,0,4,None,0.951171875,0.16486876663933064,9.174298317455943,0.18719406694705096,0.16950599848141723
early,FedTGNN-SS,0,4,Platt scaling,0.9375,0.10811282781020272,-0.28013991737404575,0.5078479487927026,0.10013526844525256
early,FedTGNN-SS,0,4,Temperature scaling,0.9375,0.11941881195766196,1.0860784808966168,0.9108536427305771,0.1484097561983545
early,FedTGNN-SS,1,0,None,0.8421875,0.21400622053216548,-1.3780676021238434,0.3620750654583013,0.23435371129525961
early,FedTGNN-SS,1,0,Platt scaling,0.8421875,0.1709934475380827,0.2182864514435082,0.7002557603157201,0.19324293764909414
early,FedTGNN-SS,1,0,Temperature scaling,0.8421875,0.16465550825394729,-0.3358155570364387,0.8812688410981797,0.16392739395773248
early,FedTGNN-SS,1,1,None,0.9390625,0.12360718630712816,3.841396640436375,0.34411810116952024,0.13221251384059324
early,FedTGNN-SS,1,1,Platt scaling,0.9390625,0.08657963789797554,-0.08964702519070046,0.7297982680779278,0.056033068461353516
early,FedTGNN-SS,1,1,Temperature scaling,0.9390625,0.10168934919824166,1.1060858240932456,0.9237904365482776,0.09725263355900853
early,FedTGNN-SS,1,2,None,0.9523437499999999,0.13362190070547836,6.668408463773348,0.26449382217217315,0.1391638993781563
early,FedTGNN-SS,1,2,Platt scaling,0.94609375,0.08210345634151661,-0.10808374437933507,0.6864275523816208,0.05452712810513832
early,FedTGNN-SS,1,2,Temperature scaling,0.94609375,0.10547967423870865,1.2509928973257727,1.0699607831658535,0.11450575090238753
early,FedTGNN-SS,1,3,None,0.9707031250000001,0.09286919518029593,4.3901639679040185,0.3168379656355024,0.09404954762973435
early,FedTGNN-SS,1,3,Platt scaling,0.970703125,0.06721151435875164,-0.63627646287914,0.8877188098913372,0.060782376778983925
early,FedTGNN-SS,1,3,Temperature scaling,0.970703125,0.07686578901512553,0.933330900685163,1.2104288186795191,0.09656839022183507
early,FedTGNN-SS,1,4,None,0.9703124999999999,0.09129375819430223,1.881260159426419,0.3794408388786871,0.0914472423180865
early,FedTGNN-SS,1,4,Platt scaling,0.9703124999999999,0.07760214042408836,-0.09925629937708441,1.3424002337116183,0.07775582226475941
early,FedTGNN-SS,1,4,Temperature scaling,0.9703124999999999,0.07928522236609631,0.45303178544840456,1.387552100332851,0.07547099453619666
early,FedTGNN-SS,2,0,None,0.953125,0.09786948755944999,-0.7181792200817609,0.4307951787958216,0.1023607029018211
early,FedTGNN-SS,2,0,Platt scaling,0.953125,0.09288830204240636,-0.45327279306427537,0.8655192257291869,0.07386905844317593
early,FedTGNN-SS,2,0,Temperature scaling,0.953125,0.08996482143699815,-0.2974484711212646,0.8538546013063457,0.11008401214688991
early,FedTGNN-SS,2,1,None,0.947265625,0.15312775733328635,5.162023712987994,0.31484824374135967,0.1546471193636808
early,FedTGNN-SS,2,1,Platt scaling,0.947265625,0.0886152276888526,-1.0269182036656002,0.7280752991792181,0.09464902084329233
early,FedTGNN-SS,2,1,Temperature scaling,0.947265625,0.12324499128691115,0.7760789221701536,1.7584927572078757,0.20225962676341058
early,FedTGNN-SS,2,2,None,0.923046875,0.12575312193739946,4.585509538073883,0.3595069489591731,0.12610488457029714
early,FedTGNN-SS,2,2,Platt scaling,0.9230468749999999,0.09781127103854567,0.0913353363631246,0.9280922521584486,0.06560316702249919
early,FedTGNN-SS,2,2,Temperature scaling,0.9230468749999999,0.10973957811151672,0.9467359303454259,1.192863054448429,0.10601677057109082
early,FedTGNN-SS,2,3,None,0.9558593749999998,0.12399352930971243,4.52289145845071,0.5587833442770992,0.15346268648091166
early,FedTGNN-SS,2,3,Platt scaling,0.9558593749999998,0.0808399869828684,0.8019742628029393,1.2375529447710865,0.09506735189741501
early,FedTGNN-SS,2,3,Temperature scaling,0.9558593749999998,0.1146819976818657,1.469330215423938,1.521940215466976,0.1543306694609281
early,FedTGNN-SS,2,4,None,0.95625,0.08650885735937117,3.0450363593948064,0.3095399938647175,0.08654482647747092
early,FedTGNN-SS,2,4,Platt scaling,0.95625,0.08281156237307702,-0.3894793102098924,1.2284344570145644,0.09442324642720129
early,FedTGNN-SS,2,4,Temperature scaling,0.95625,0.07871548138582135,0.5089884141884147,1.3989191607479625,0.09931614212847466
early,FedTGNN-SS,3,0,None,0.9496093750000001,0.08109618224605601,-0.7403300017907599,0.37468830362827554,0.09623927749986536
early,FedTGNN-SS,3,0,Platt scaling,0.9496093750000001,0.08596454248084884,-0.30869996980775666,1.3589755100506236,0.07009824305332889
early,FedTGNN-SS,3,0,Temperature scaling,0.9496093750000001,0.08419577148016778,-0.04463786764582078,1.3633999373755357,0.08399309614087559
early,FedTGNN-SS,3,1,None,0.938671875,0.10971605950838002,8.680788202304145,0.24671203933831912,0.10779850014366206
early,FedTGNN-SS,3,1,Platt scaling,0.938671875,0.09517822849723431,-0.10526439498915044,0.8421526682534459,0.06297217338473307
early,FedTGNN-SS,3,1,Temperature scaling,0.938671875,0.10298593902398154,1.1496363816831865,1.201934246189444,0.12006148258461372
early,FedTGNN-SS,3,2,None,0.9453125,0.16237845262030787,9.99999335625205,0.19998263626912358,0.16732313966972515
early,FedTGNN-SS,3,2,Platt scaling,0.9226562500000001,0.11446794165632872,0.3036797541366463,0.7976663668304447,0.06902494562636377
early,FedTGNN-SS,3,2,Temperature scaling,0.9226562500000001,0.13489300053053246,1.3330374308705122,1.0218674074185274,0.1506511228889343
early,FedTGNN-SS,3,3,None,0.939453125,0.1412287155989305,3.623964808093002,0.29290968328659067,0.14650753721483797
early,FedTGNN-SS,3,3,Platt scaling,0.936328125,0.09818998499152908,0.4394739676279955,1.1784721537731409,0.05311868032989516
early,FedTGNN-SS,3,3,Temperature scaling,0.936328125,0.11464232542908076,0.950844742026426,1.1956228851376618,0.10785538904503804
early,FedTGNN-SS,3,4,None,0.9500000000000001,0.0826195066406054,1.6029463582151748,0.3859794862695061,0.09462046793567314
early,FedTGNN-SS,3,4,Platt scaling,0.9500000000000001,0.08152099354728418,-0.035935671314268496,0.8585463665349364,0.08107468830736111
early,FedTGNN-SS,3,4,Temperature scaling,0.9500000000000001,0.07989619262329531,0.5404207761458698,0.8993670115587596,0.08538863907278463
early,FedTGNN-SS,4,0,None,0.961328125,0.09967804063095348,1.3466020986023932,0.2587849101679357,0.11199760666617911
early,FedTGNN-SS,4,0,Platt scaling,0.9587890625,0.08283171944336297,-1.2870182765410942,0.5583721584997507,0.08206781615119474
early,FedTGNN-SS,4,0,Temperature scaling,0.9587890625,0.08236590243953754,0.5249044485251532,0.8173246371377526,0.07922182182066945
early,FedTGNN-SS,4,1,None,0.93046875,0.14042812778856184,9.99999335625205,0.2389728071783732,0.14755406580106922
early,FedTGNN-SS,4,1,Platt scaling,0.93359375,0.06980961723468358,0.445088279508928,0.5126314350485099,0.06645409547704163
early,FedTGNN-SS,4,1,Temperature scaling,0.93359375,0.11932124497779781,1.8695763991869352,0.9005150390290201,0.13121079719269377
early,FedTGNN-SS,4,2,None,0.850390625,0.25511391957900864,4.946361130329492,0.21743452393199925,0.25061119315700964
early,FedTGNN-SS,4,2,Platt scaling,0.850390625,0.18318165336003076,0.9196905719462926,0.7340489027164082,0.17657845185577453
early,FedTGNN-SS,4,2,Temperature scaling,0.850390625,0.19187887407765278,1.1636986099546232,0.7395555093859457,0.17720240369503923
early,FedTGNN-SS,4,3,None,0.986328125,0.0689365390048234,3.0065993790895846,0.3816770113311738,0.07339702834060954
early,FedTGNN-SS,4,3,Platt scaling,0.986328125,0.051356473744788494,0.14504461861776716,1.4009501997791993,0.08968631098234447
early,FedTGNN-SS,4,3,Temperature scaling,0.986328125,0.05508767430725773,0.6305638048443623,1.4161225392448016,0.10339035314694124
early,FedTGNN-SS,4,4,None,0.967578125,0.0778115304940067,7.74400436697281,0.35202926027917936,0.08302239442972398
early,FedTGNN-SS,4,4,Platt scaling,0.96953125,0.0527489914750893,-0.37474285604898966,0.8711320417840062,0.045626622822452646
early,FedTGNN-SS,4,4,Temperature scaling,0.96953125,0.06556297493574154,0.9650183832085056,1.6172695386658114,0.07869238601483211
early,FedTGNN-SS,5,0,None,0.9410156250000001,0.12206628889051466,2.866365862561295,0.41648263561411164,0.13188907972697117
early,FedTGNN-SS,5,0,Platt scaling,0.9410156250000001,0.09541912838373173,-0.23120270312576915,1.250787095793906,0.07673352047224594
early,FedTGNN-SS,5,0,Temperature scaling,0.9410156250000001,0.10297298500923949,0.7037659936209854,1.4998406002538975,0.13715740945070404
early,FedTGNN-SS,5,1,None,0.958203125,0.13551190516727202,9.810311074246238,0.25532183602252734,0.13741717223509517
early,FedTGNN-SS,5,1,Platt scaling,0.950390625,0.09971013930019448,1.0511537852878268,0.8692195419078683,0.08206128978727993
early,FedTGNN-SS,5,1,Temperature scaling,0.950390625,0.12094441594471535,1.8518547392661608,0.9478413792125737,0.13629855017664852
early,FedTGNN-SS,5,2,None,0.8875,0.18441468398215496,0.7961392395794139,0.1924062073184267,0.19528218655104262
early,FedTGNN-SS,5,2,Platt scaling,0.8875,0.15504880600360235,-0.5427016424454995,0.8299743156537036,0.13850127326292339
early,FedTGNN-SS,5,2,Temperature scaling,0.8875,0.14115442771755204,0.45205457073927646,0.9554818836938245,0.14938707226780576
early,FedTGNN-SS,5,3,None,0.854296875,0.21257088586797612,0.7230979503322392,0.1716271734724427,0.22618314996387012
early,FedTGNN-SS,5,3,Platt scaling,0.854296875,0.16051264188297998,0.10102096329460344,1.303520299910198,0.1269225778633888
early,FedTGNN-SS,5,3,Temperature scaling,0.854296875,0.1632192372675039,0.41878523940085205,1.253370417397809,0.13038365687500583
early,FedTGNN-SS,5,4,None,0.978515625,0.0628497229785864,4.126807345895444,0.5194361115766309,0.07943575534484205
early,FedTGNN-SS,5,4,Platt scaling,0.978515625,0.053062917941659106,-0.3663392078450118,1.116725300360165,0.09563089031171705
early,FedTGNN-SS,5,4,Temperature scaling,0.978515625,0.0629970745465118,0.9969116901340238,1.5667972695974002,0.09971327579157041
early,FedTGNN-SS,6,0,None,0.9648437499999999,0.09077080100861984,1.7335116468993823,0.39939160954445563,0.08438987221991341
early,FedTGNN-SS,6,0,Platt scaling,0.9648437499999999,0.07892413565660668,0.46003830931536316,1.1005570071602953,0.05245732006586896
early,FedTGNN-SS,6,0,Temperature scaling,0.9648437499999999,0.07943084727811724,0.5002436571848288,1.098541094332403,0.05396222642030189
early,FedTGNN-SS,6,1,None,0.93359375,0.12391755309401321,-1.1180239334423197,0.49204083783778496,0.13787495845475436
early,FedTGNN-SS,6,1,Platt scaling,0.93359375,0.12989963089350764,-0.8255034482109164,1.4348144739264914,0.15563423447060237
early,FedTGNN-SS,6,1,Temperature scaling,0.93359375,0.10981953826969634,-0.32190635811766166,1.416994073263696,0.11749117865046485
early,FedTGNN-SS,6,2,None,0.908984375,0.14622546816815726,2.6130682317286573,0.3516034755381702,0.15111394813110582
early,FedTGNN-SS,6,2,Platt scaling,0.908984375,0.12139715539168591,-0.18755941457255276,1.1263848261682172,0.0889835213895841
early,FedTGNN-SS,6,2,Temperature scaling,0.908984375,0.12589569900395445,0.6014735214618221,1.3767923071109727,0.10268739327363319
early,FedTGNN-SS,6,3,None,0.950390625,0.15783402315500292,3.7284225669122217,0.23121145752994132,0.16612678366966793
early,FedTGNN-SS,6,3,Platt scaling,0.9466796875000001,0.10626314196963006,0.2736336103622081,0.7575792150837394,0.09964880160803913
early,FedTGNN-SS,6,3,Temperature scaling,0.9466796875000001,0.11333815949933855,1.013956560179879,0.786758973860818,0.12075371870116239
early,FedTGNN-SS,6,4,None,0.917578125,0.14935370586477012,5.7248564635126415,0.24913831960338176,0.15311048474885952
early,FedTGNN-SS,6,4,Platt scaling,0.917578125,0.10810873099088258,0.017499093480859398,1.1695774125043215,0.05931129627987055
early,FedTGNN-SS,6,4,Temperature scaling,0.917578125,0.12705108945544427,0.886190400043548,1.344391271406877,0.12620112742130785
early,FedTGNN-SS,7,0,None,0.965625,0.13179481987423633,7.592019536174789,0.3490958966605652,0.15613556867085757
early,FedTGNN-SS,7,0,Platt scaling,0.9646484375,0.07479752225778104,0.25464364049867383,1.7097385200030812,0.11039327604574203
early,FedTGNN-SS,7,0,Temperature scaling,0.9646484375,0.10999523627127729,1.0680366227217213,1.957545795071306,0.160649122358997
early,FedTGNN-SS,7,1,None,0.9574218750000001,0.06764949942582713,4.697043871324498,0.37764009655851394,0.08503939794082051
early,FedTGNN-SS,7,1,Platt scaling,0.9576171874999999,0.052647603042859675,0.2891310639722527,0.909332208703091,0.04524380361236155
early,FedTGNN-SS,7,1,Temperature scaling,0.9576171874999999,0.07214554221514598,1.4742956963531468,0.9820997312884211,0.09457602930184679
early,FedTGNN-SS,7,2,None,0.9749999999999999,0.057551552683494385,2.18007576775411,0.71165581668822,0.07290107479956405
early,FedTGNN-SS,7,2,Platt scaling,0.9749999999999999,0.06524915807531216,-0.8916233368260146,1.4828483832581798,0.1398749362512939
early,FedTGNN-SS,7,2,Temperature scaling,0.9749999999999999,0.05810257741588042,0.465247597204658,2.0529560107920948,0.13197097164333452
early,FedTGNN-SS,7,3,None,0.94140625,0.13942305047555578,3.3946891465911704,0.2885063605060493,0.15681505453652883
early,FedTGNN-SS,7,3,Platt scaling,0.9414062500000001,0.09457509939004963,0.21569472029991335,1.095983861894429,0.08102539116608122
early,FedTGNN-SS,7,3,Temperature scaling,0.9414062500000001,0.10365321506840679,0.7187468017434717,1.1611882464704364,0.11934245731466486
early,FedTGNN-SS,7,4,None,0.9011718750000001,0.1838599206102659,-2.2715320674497725,0.3321738334941966,0.19461616667643272
early,FedTGNN-SS,7,4,Platt scaling,0.9011718750000001,0.12932820062942169,-0.06451976518084157,1.4921803388220423,0.11508593004106332
early,FedTGNN-SS,7,4,Temperature scaling,0.9011718750000001,0.1304218425869251,-0.1287674849440353,1.532312839911114,0.11851653987421072
early,FedTGNN-SS,8,0,None,0.9488281249999999,0.10166512112498452,2.9039065699989286,0.32202584420561664,0.11562702083169221
early,FedTGNN-SS,8,0,Platt scaling,0.948828125,0.08467337167977276,-1.6238282572141651,0.6825591979524666,0.10616582014410482
early,FedTGNN-SS,8,0,Temperature scaling,0.948828125,0.08833105417863922,0.5235885076675234,1.413438834764407,0.11529353449190427
early,FedTGNN-SS,8,1,None,0.9414062500000001,0.11318215113489337,1.0194723465215523,0.2104902452952507,0.11483525894550309
early,FedTGNN-SS,8,1,Platt scaling,0.941796875,0.09140899064270637,-0.12117268041119379,1.237317525873222,0.06864700038885231
early,FedTGNN-SS,8,1,Temperature scaling,0.941796875,0.09441260339976,0.48292873390829116,1.2502123426571317,0.07040180569377572
early,FedTGNN-SS,8,2,None,0.9234375,0.13968780719414778,2.9596412556053453,0.2793366847936602,0.13267846672235423
early,FedTGNN-SS,8,2,Platt scaling,0.9234375,0.11852642218089288,-0.45615131262510467,1.2610211598269336,0.08480624026537556
early,FedTGNN-SS,8,2,Temperature scaling,0.9234375,0.11690262000344566,0.4780883234141116,1.5303190706171599,0.1008207218726678
early,FedTGNN-SS,8,3,None,0.934765625,0.10429423280549412,-0.05174161899758722,0.3266744053926306,0.08067058002561257
early,FedTGNN-SS,8,3,Platt scaling,0.934765625,0.1137920961668675,-0.6682207428220588,0.6070952842741373,0.1087725981032584
early,FedTGNN-SS,8,3,Temperature scaling,0.934765625,0.10056202093425151,-0.15735786275435398,0.6619880552328627,0.08113535477019015
early,FedTGNN-SS,8,4,None,0.9703125,0.14590204065151013,9.742990489194598,0.2619444932879701,0.15391852030185876
early,FedTGNN-SS,8,4,Platt scaling,0.9484375,0.08950397192812803,1.5006109633120752,0.6309189317952634,0.0973211759999468
early,FedTGNN-SS,8,4,Temperature scaling,0.9484375,0.11818311613850799,2.2709262328599635,0.8400432564384951,0.13539308683955376
early,FedTGNN-SS,9,0,None,0.93125,0.16625854110033342,4.151220717241449,0.25379342098736585,0.17950472009697213
early,FedTGNN-SS,9,0,Platt scaling,0.93125,0.12816954127995334,0.1823236873203711,0.5218798164343625,0.11789480517451584
early,FedTGNN-SS,9,0,Temperature scaling,0.93125,0.13898071850753937,1.2694349475460642,0.6300035398285602,0.1270725049355094
early,FedTGNN-SS,9,1,None,0.934375,0.12001103772743585,5.410125285484588,0.27264284749844614,0.12012231246201681
early,FedTGNN-SS,9,1,Platt scaling,0.934375,0.07729477697257198,-0.556751084757317,0.5545355075607923,0.05787656484481683
early,FedTGNN-SS,9,1,Temperature scaling,0.934375,0.09877351236371827,0.9976960543608754,1.0425813643095074,0.08904977004688386
early,FedTGNN-SS,9,2,None,0.9605468749999999,0.07132457614461049,6.0914086746861535,0.3482792226828582,0.07770974711432319
early,FedTGNN-SS,9,2,Platt scaling,0.961328125,0.05659513382067029,-0.22695105858662354,1.3473117774223422,0.06805376408944556
early,FedTGNN-SS,9,2,Temperature scaling,0.961328125,0.06536299841514359,0.6985817196690921,1.7663015707671144,0.10777905469687027
early,FedTGNN-SS,9,3,None,0.9906250000000001,0.048582318908602866,1.6827592737581918,0.6039834845483041,0.053945489639624936
early,FedTGNN-SS,9,3,Platt scaling,0.990625,0.04213815539104501,-0.3826064341461776,1.7845743971749428,0.06680101856485736
early,FedTGNN-SS,9,3,Temperature scaling,0.990625,0.04775455304265797,0.6520659642151319,1.898756666066475,0.07973732985123977
early,FedTGNN-SS,9,4,None,0.9542968750000002,0.14649987452062255,7.5956214171470435,0.23007968757397476,0.1516906146898724
early,FedTGNN-SS,9,4,Platt scaling,0.953125,0.09010306285719104,0.053676702250923344,0.7480467955062314,0.10006113946432062
early,FedTGNN-SS,9,4,Temperature scaling,0.953125,0.10950259781919007,1.2314796093232523,1.045722770294497,0.10603410445002528
gdm_early,FedAvg-LR,0,0,None,0.9737412569647907,0.043244891981475166,-0.31221315892775825,0.9186176416031007,0.050415808885106425
gdm_early,FedAvg-LR,0,0,Platt scaling,0.9737412569647907,0.044549914357108325,0.11181980954718676,0.8458444033969724,0.04717461747702214
gdm_early,FedAvg-LR,0,0,Temperature scaling,0.9737412569647907,0.04220791891087801,-0.2608886278709316,0.8153796420518139,0.04041629018703091
gdm_early,FedAvg-LR,0,1,None,0.9797534167696919,0.03807290039426466,0.3076836999934289,0.7912863937692897,0.026638193021828363
gdm_early,FedAvg-LR,0,1,Platt scaling,0.9798042237539587,0.03593237425359236,-0.5718497269423973,0.7367612819867431,0.0257595434812914
gdm_early,FedAvg-LR,0,1,Temperature scaling,0.9798042237539587,0.0383780132538187,0.1965770735098107,0.8877907201938439,0.03323714945442396
gdm_early,FedAvg-LR,0,2,None,0.9788769962910902,0.0321109218283215,-0.2736304267024786,0.7524252598712365,0.04383156114656166
gdm_early,FedAvg-LR,0,2,Platt scaling,0.9789320371907126,0.037642958648940905,0.042911458770041516,0.9339697544261355,0.06579020853240658
gdm_early,FedAvg-LR,0,2,Temperature scaling,0.9789320371907126,0.03423524837577017,-0.2928366394699081,0.8972814926314352,0.058607188284102836
gdm_early,FedAvg-LR,0,3,None,0.9802875264270613,0.03479721625644811,-0.4606813757963565,0.6104680617942064,0.03911367487758301
gdm_early,FedAvg-LR,0,3,Platt scaling,0.9802325581395348,0.04371371664704519,0.1567740533509188,1.1446312014051385,0.06309383205258079
gdm_early,FedAvg-LR,0,3,Temperature scaling,0.9802325581395348,0.03881727694246319,-0.5310388937537479,1.079203362547035,0.0605947768153514
gdm_early,FedAvg-LR,0,4,None,0.9821310782241015,0.032947765154445585,0.02271878921507696,0.8944540641329051,0.031090821724459587
gdm_early,FedAvg-LR,0,4,Platt scaling,0.982139534883721,0.036940428171561616,0.33357834210614445,1.0429176156930926,0.04420015757636718
gdm_early,FedAvg-LR,0,4,Temperature scaling,0.982139534883721,0.0340637668642936,-0.0362178149779918,1.0073037305516788,0.03544413812888186
gdm_early,FedAvg-LR,1,0,None,0.9677799041441563,0.04234024755747218,-0.8065492280920032,0.7748491349627398,0.0504927119890113
gdm_early,FedAvg-LR,1,0,Platt scaling,0.9677799041441563,0.04227358713117588,-0.40287144667061864,0.8334879295455939,0.04829988278262279
gdm_early,FedAvg-LR,1,0,Temperature scaling,0.9677799041441563,0.04286824072263453,-0.7905626662091516,0.8038849361819672,0.05214451585963613
gdm_early,FedAvg-LR,1,1,None,0.9817772283096516,0.03116235328442654,-0.19629779713419793,0.8321120333898563,0.022748812349373003
gdm_early,FedAvg-LR,1,1,Platt scaling,0.9817772283096516,0.035729533668432754,0.29120249838495016,1.0626824718359995,0.03988501470193232
gdm_early,FedAvg-LR,1,1,Temperature scaling,0.9817772283096516,0.03363487757936937,-0.2075712895381411,1.0712892055879497,0.0356441752622061
gdm_early,FedAvg-LR,1,2,None,0.9813623046048063,0.036411483065170176,-0.6786646379762717,0.7097130742327546,0.037852740471645344
gdm_early,FedAvg-LR,1,2,Platt scaling,0.9814088776737175,0.04736348777366784,-0.06086123559107937,1.2801260914815407,0.07953999217547439
gdm_early,FedAvg-LR,1,2,Temperature scaling,0.9814088776737175,0.04485948713485509,-0.7207730781099242,1.164142666433461,0.08211681416107952
gdm_early,FedAvg-LR,1,3,None,0.9758816067653276,0.039665965603790425,0.24375752976885368,1.1111297405397742,0.047065652894468096
gdm_early,FedAvg-LR,1,3,Platt scaling,0.9758816067653276,0.04365653817945016,0.5238667506109062,1.1404807576803926,0.04883322389718032
gdm_early,FedAvg-LR,1,3,Temperature scaling,0.9758816067653276,0.03965967011824555,0.2443914338134092,1.1104245407495659,0.04702435808004724
gdm_early,FedAvg-LR,1,4,None,0.9821945031712472,0.027555191385702036,-0.2779567558922823,0.8078427740429891,0.030979390268141824
gdm_early,FedAvg-LR,1,4,Platt scaling,0.9821945031712473,0.03644456217631928,0.3109620581074566,1.1241267200294762,0.05546156221893349
gdm_early,FedAvg-LR,1,4,Temperature scaling,0.9821945031712473,0.030654758858685488,-0.3635942955156861,1.0633070107830662,0.052360725045288575
gdm_early,FedAvg-LR,2,0,None,0.9635290531271699,0.062354806474933355,1.3778595086909582,0.9032580481676312,0.0707145142032057
gdm_early,FedAvg-LR,2,0,Platt scaling,0.9635290531271699,0.04666128996455909,0.07461587501130162,0.9184490610385585,0.028552587146465122
gdm_early,FedAvg-LR,2,0,Temperature scaling,0.9635290531271699,0.062328045555921904,0.8653382654345931,1.1830487801776655,0.059859974091497556
gdm_early,FedAvg-LR,2,1,None,0.9848849221806357,0.03222459349293735,-0.6000970002470261,0.8389879085883634,0.047816844451500654
gdm_early,FedAvg-LR,2,1,Platt scaling,0.9848849221806357,0.0428729661592665,-0.2686720789207546,1.4810154880098736,0.09252501515258071
gdm_early,FedAvg-LR,2,1,Temperature scaling,0.9848849221806357,0.04241983683053764,-0.6244829471130642,1.4138968613189868,0.09401209789523335
gdm_early,FedAvg-LR,2,2,None,0.9761291852253289,0.04846597736626904,0.4063727043449739,1.0745982787972852,0.06129487245675743
gdm_early,FedAvg-LR,2,2,Platt scaling,0.9761291852253289,0.040224808759871104,-0.018524723496494443,0.8311928137634358,0.04233288733011356
gdm_early,FedAvg-LR,2,2,Temperature scaling,0.9761291852253289,0.04761468833307195,0.5353185059480191,0.9399533349190021,0.05092578432982954
gdm_early,FedAvg-LR,2,3,None,0.9802536997885836,0.03473755878375385,-0.6292730189522372,0.9084444302806063,0.052002923568652486
gdm_early,FedAvg-LR,2,3,Platt scaling,0.9802536997885836,0.03356547339382119,-0.003533722505388581,0.6835891514565097,0.034018794487141825
gdm_early,FedAvg-LR,2,3,Temperature scaling,0.9802536997885836,0.03102732088431913,-0.6383658662549625,0.6570452864062167,0.03515385566906633
gdm_early,FedAvg-LR,2,4,None,0.9731966173361521,0.05531040470153186,1.3114132760097532,0.7768170266569557,0.06002527160338294
gdm_early,FedAvg-LR,2,4,Platt scaling,0.9731966173361521,0.04390714309843988,0.21545710681110905,0.9779471542469936,0.04343349724769975
gdm_early,FedAvg-LR,2,4,Temperature scaling,0.9731966173361521,0.055328211891034415,0.7481295156222894,1.1074854615208436,0.06928012448723443
gdm_early,FedAvg-LR,3,0,None,0.9756719223669279,0.03414548586096129,-0.10705742072293466,0.7343079851345299,0.0453285444993901
gdm_early,FedAvg-LR,3,0,Platt scaling,0.975680390197639,0.04532491877205736,0.2896876369372048,1.0775284502235347,0.0786523029316902
gdm_early,FedAvg-LR,3,0,Temperature scaling,0.975680390197639,0.03845422757393574,-0.2613759554508138,1.021820494016565,0.0719453657334305
gdm_early,FedAvg-LR,3,1,None,0.9802022117973818,0.04956499871916863,0.847331959627441,1.0664182205188149,0.05272908315221275
gdm_early,FedAvg-LR,3,1,Platt scaling,0.9802022117973818,0.04371848717890593,-0.03577859595707308,1.2286795466147296,0.04409741493594493
gdm_early,FedAvg-LR,3,1,Temperature scaling,0.9802022117973818,0.051317969116096616,0.4994231737275132,1.410107599398862,0.04952843019808868
gdm_early,FedAvg-LR,3,2,None,0.9767388690365302,0.04538711687460545,-0.15264401425489194,0.9927929852887762,0.0470477237755177
gdm_early,FedAvg-LR,3,2,Platt scaling,0.9767388690365302,0.04867724096780578,0.29617513254857875,0.950046179490827,0.044799573855493116
gdm_early,FedAvg-LR,3,2,Temperature scaling,0.9767388690365302,0.04475984529181351,-0.11421107925731953,0.9122069675801114,0.0436234747286625
gdm_early,FedAvg-LR,3,3,None,0.9760676532769557,0.0386659469035704,0.05921192095935198,0.7356972655211518,0.02881105982345817
gdm_early,FedAvg-LR,3,3,Platt scaling,0.9760676532769557,0.0386578835254856,0.00148226724367977,0.773333157902967,0.03114592870701866
gdm_early,FedAvg-LR,3,3,Temperature scaling,0.9760676532769557,0.03876731216883079,0.020338871245175277,0.7749648278927639,0.03134040621618308
gdm_early,FedAvg-LR,3,4,None,0.9817589852008456,0.035104094706127714,-0.3319598139104152,0.7221399450099684,0.024077522125397186
gdm_early,FedAvg-LR,3,4,Platt scaling,0.981830866807611,0.04400654634398437,0.1488928119002177,1.268180285797851,0.06413867801440143
gdm_early,FedAvg-LR,3,4,Temperature scaling,0.981830866807611,0.04053431945062439,-0.40675349157201574,1.2259167419721149,0.06672276027390531
gdm_early,FedAvg-LR,4,0,None,0.9332565583348859,0.11393660468946408,2.7354864078301375,0.7233180064177809,0.1333424061172482
gdm_early,FedAvg-LR,4,0,Platt scaling,0.9332565583348859,0.06843477164274461,-0.13575090365838302,1.0507607192982324,0.07059356458035332
gdm_early,FedAvg-LR,4,0,Temperature scaling,0.9332565583348859,0.10565948748892653,0.8442158652581672,1.7221455176006393,0.1346544562051911
gdm_early,FedAvg-LR,4,1,None,0.9819211814317409,0.0471921288519473,0.9009880946790466,1.0461152786174344,0.05341417205350642
gdm_early,FedAvg-LR,4,1,Platt scaling,0.9819211814317409,0.034824355513649145,0.11135667041477738,0.9753630586717013,0.04068280619869253
gdm_early,FedAvg-LR,4,1,Temperature scaling,0.9819211814317409,0.047227327245747804,0.7510592496425568,1.1582812081962834,0.06145237021096921
gdm_early,FedAvg-LR,4,2,None,0.9765356410994631,0.035251224618256354,-0.6706292365625532,0.5885395566131132,0.04436082616136572
gdm_early,FedAvg-LR,4,2,Platt scaling,0.9767515707825969,0.0416171252168329,-0.2888263221262114,0.890957109025666,0.06919883159626118
gdm_early,FedAvg-LR,4,2,Temperature scaling,0.9767515707825969,0.04083984318394478,-0.5557479910910746,0.8728200094129377,0.06996946673753021
gdm_early,FedAvg-LR,4,3,None,0.9842875264270613,0.03137069050691908,0.02071973386669448,0.943177372771897,0.04018608611082269
gdm_early,FedAvg-LR,4,3,Platt scaling,0.9842875264270613,0.04430569540749548,0.36651652911642335,1.480284465296517,0.07711686503054375
gdm_early,FedAvg-LR,4,3,Temperature scaling,0.9842875264270613,0.035846341049827674,-0.19804938383470322,1.3651769461586716,0.0687614835785889
gdm_early,FedAvg-LR,4,4,None,0.9704778012684989,0.04027103639328653,-0.0902664362756233,0.8742571668932482,0.04189304682307234
gdm_early,FedAvg-LR,4,4,Platt scaling,0.9704778012684989,0.03838082236783508,-0.17716461198378947,0.7719292105724751,0.037465805633611154
gdm_early,FedAvg-LR,4,4,Temperature scaling,0.9704778012684989,0.038880072900132095,-0.05030520505714518,0.7778978206057174,0.03416094295399322
gdm_early,FedAvg-LR,5,0,None,0.9818195674632072,0.031043328986471663,-0.3441041225649095,0.8710568102123595,0.04028560452004682
gdm_early,FedAvg-LR,5,0,Platt scaling,0.9818195674632072,0.039124345239010955,0.272022230680666,1.1458531026357157,0.05779263012716574
gdm_early,FedAvg-LR,5,0,Temperature scaling,0.9818195674632072,0.03445345597837201,-0.39009267554756943,1.119480978799368,0.05527618209632046
gdm_early,FedAvg-LR,5,1,None,0.9782207394109776,0.037058102938931435,-0.15552731776961257,0.941998325742021,0.04350958214812763
gdm_early,FedAvg-LR,5,1,Platt scaling,0.9782207394109776,0.03643298558698712,-0.15610587520303557,0.8940644160216987,0.041795477232230066
gdm_early,FedAvg-LR,5,1,Temperature scaling,0.9782207394109776,0.03653140807565692,-0.1352496413297774,0.896883430698596,0.04053338381718894
gdm_early,FedAvg-LR,5,2,None,0.9731400409843006,0.04780756982086806,-0.35213952921035563,0.6933165048987207,0.04580571969512057
gdm_early,FedAvg-LR,5,2,Platt scaling,0.9731400409843006,0.04956189208551481,-0.16822337596923814,0.7697367818324616,0.05115356141932182
gdm_early,FedAvg-LR,5,2,Temperature scaling,0.9731400409843006,0.04884621922722272,-0.3707468813832278,0.7568204483942518,0.05232735422674625
gdm_early,FedAvg-LR,5,3,None,0.9702283298097252,0.03691032106846767,-0.22794337252978356,0.7302299186751511,0.03983814825988141
gdm_early,FedAvg-LR,5,3,Platt scaling,0.9702494714587737,0.03948262662993188,-0.19343804894000596,0.8956193794647034,0.04627644219103914
gdm_early,FedAvg-LR,5,3,Temperature scaling,0.9702494714587737,0.039009978008008324,-0.3001802700531456,0.8812864008081531,0.047919344106340384
gdm_early,FedAvg-LR,5,4,None,0.9816490486257928,0.09045273082707418,2.0815381163797637,1.2193372083458196,0.10802560716510641
gdm_early,FedAvg-LR,5,4,Platt scaling,0.9816490486257928,0.04975864943292342,0.16453201764540593,1.257275109272324,0.04362033163342801
gdm_early,FedAvg-LR,5,4,Temperature scaling,0.9816490486257928,0.08319969436135256,1.0056531135173072,2.024714086093273,0.1156358528060348
gdm_early,FedAvg-LR,6,0,None,0.9694226633021152,0.06984224177930452,2.0327103272889535,0.667202151610163,0.08063475904326384
gdm_early,FedAvg-LR,6,0,Platt scaling,0.9694226633021152,0.056957498037010744,0.18742220521019468,1.175162461260835,0.04809033725258145
gdm_early,FedAvg-LR,6,0,Temperature scaling,0.9694226633021152,0.06768553908780013,0.6327737457537995,1.3134710615021525,0.07541085366905201
gdm_early,FedAvg-LR,6,1,None,0.9899063457923349,0.026524086959743592,-0.4550766111856944,1.2264415897870486,0.043260364601205685
gdm_early,FedAvg-LR,6,1,Platt scaling,0.9899063457923349,0.030478524552290057,0.2174913798585918,1.3185810844125756,0.05227180438604373
gdm_early,FedAvg-LR,6,1,Temperature scaling,0.9899063457923349,0.02707980086606386,-0.4489013700632339,1.2746938909031742,0.04596645636881432
gdm_early,FedAvg-LR,6,2,None,0.9707267092316291,0.056943267886447324,0.7422459827666456,0.846975766471925,0.03991554625982979
gdm_early,FedAvg-LR,6,2,Platt scaling,0.9707267092316291,0.05235931991756181,-0.4191003719843219,0.9630664894674861,0.03743007790371618
gdm_early,FedAvg-LR,6,2,Temperature scaling,0.9707267092316291,0.05766242894276622,0.27139871556635375,1.2246323104132195,0.04815907316488696
gdm_early,FedAvg-LR,6,3,None,0.9819957716701903,0.03485464034892668,-0.5500372335660405,0.7733866152936998,0.03473034507238721
gdm_early,FedAvg-LR,6,3,Platt scaling,0.9819957716701901,0.03801478107367218,-0.1859686520731666,1.0133240401175263,0.05795617466969804
gdm_early,FedAvg-LR,6,3,Temperature scaling,0.9819957716701901,0.03675124304591814,-0.49321285507903684,0.9844348176647072,0.056867210478443765
gdm_early,FedAvg-LR,6,4,None,0.9834418604651164,0.03475565593343684,0.2744659684196248,1.083230857948806,0.03156447906718437
gdm_early,FedAvg-LR,6,4,Platt scaling,0.9834376321353065,0.04755210511295539,0.3891880534275544,1.737856146554259,0.07630804504162296
gdm_early,FedAvg-LR,6,4,Temperature scaling,0.9834376321353065,0.041489553532120166,-0.01908513731986224,1.6529700327942933,0.06940499560544693
gdm_early,FedAvg-LR,7,0,None,0.9788939319525124,0.043026743106239114,-0.9210512803696456,0.7164413933990558,0.06992079371219857
gdm_early,FedAvg-LR,7,0,Platt scaling,0.9788939319525124,0.04089737129860321,-0.6548500362795013,0.4351113695299282,0.04177568443723096
gdm_early,FedAvg-LR,7,0,Temperature scaling,0.9788939319525124,0.03841764391817986,-1.2665283674783772,0.4249105930810542,0.041963150688824044
gdm_early,FedAvg-LR,7,1,None,0.9813538367740952,0.03971691540506645,0.22095067881923525,0.9867509413337159,0.06012630082998583
gdm_early,FedAvg-LR,7,1,Platt scaling,0.9813538367740952,0.03624255307172538,-0.24652295908835453,1.031140736698761,0.05916952904787766
gdm_early,FedAvg-LR,7,1,Temperature scaling,0.9813538367740952,0.040645793010536016,0.11869270292965442,1.1144735889214101,0.06688238667323966
gdm_early,FedAvg-LR,7,2,None,0.9788304232221788,0.0375283950183394,0.05886809177397742,1.0022472070575734,0.0373138807610993
gdm_early,FedAvg-LR,7,2,Platt scaling,0.9788304232221788,0.035663808443427925,-0.3198611359526159,0.9226232826204444,0.03986919383639023
gdm_early,FedAvg-LR,7,2,Temperature scaling,0.9788304232221788,0.037523251958447405,0.059418010280220444,1.0015318295243125,0.03728605761577558
gdm_early,FedAvg-LR,7,3,None,0.9671458773784356,0.041212574410505194,0.03778245323326241,0.8844271710811002,0.037496860252226934
gdm_early,FedAvg-LR,7,3,Platt scaling,0.9671458773784356,0.04110038112786466,0.17793517704037093,0.8267244580185764,0.033625364299768395
gdm_early,FedAvg-LR,7,3,Temperature scaling,0.9671458773784356,0.04040416832196933,0.06939060269692719,0.8200182376615364,0.03689853496901049
gdm_early,FedAvg-LR,7,4,None,0.9772431289640592,0.04791888995996699,0.899651175409393,0.8414779896899307,0.05087635951753049
gdm_early,FedAvg-LR,7,4,Platt scaling,0.9772431289640592,0.03788464900752674,0.08999099884677014,0.8435294869725783,0.04118900710482732
gdm_early,FedAvg-LR,7,4,Temperature scaling,0.9772431289640592,0.048637275461231304,0.7482530890886729,0.9590786377131229,0.050326523131979564
gdm_early,FedAvg-LR,8,0,None,0.9714888139956306,0.04156340636907407,-0.21380303561048108,0.47628257763447035,0.03324999609991854
gdm_early,FedAvg-LR,8,0,Platt scaling,0.9713829661117416,0.04513180222709211,-0.21463811218332157,0.7793801343442157,0.05071799701132193
gdm_early,FedAvg-LR,8,0,Temperature scaling,0.9713829661117416,0.04529658961590775,-0.1793838128990471,0.7817967346205633,0.05202923651040217
gdm_early,FedAvg-LR,8,1,None,0.9798465629075144,0.03757764192080119,0.07456549923699772,0.8423272209723974,0.051559411238482296
gdm_early,FedAvg-LR,8,1,Platt scaling,0.9798465629075144,0.03556015103644726,-0.2075278336790306,0.8534733987878632,0.052511439352183845
gdm_early,FedAvg-LR,8,1,Temperature scaling,0.9798465629075144,0.03811159887884627,0.02456905630738035,0.8966431203226183,0.055452956424611156
gdm_early,FedAvg-LR,8,2,None,0.980684878147916,0.04069368214477045,0.40128250720547537,0.8084194776544892,0.03977706982681703
gdm_early,FedAvg-LR,8,2,Platt scaling,0.980684878147916,0.037887170888461115,-0.300525580634229,0.9786581142800483,0.0497599507866399
gdm_early,FedAvg-LR,8,2,Temperature scaling,0.980684878147916,0.04227987582333818,0.18140087721872353,1.0923917540848707,0.057631020722248225
gdm_early,FedAvg-LR,8,3,None,0.9758646934460887,0.04946992546996853,1.072549104845091,1.0500815943689619,0.05220001865148081
gdm_early,FedAvg-LR,8,3,Platt scaling,0.9758646934460887,0.038879602188308764,0.27046512956788127,1.1320970583551135,0.04668475708267557
gdm_early,FedAvg-LR,8,3,Temperature scaling,0.9758646934460887,0.04972136874353796,0.72151818475648,1.3046878773959667,0.060735600310398326
gdm_early,FedAvg-LR,8,4,None,0.9779957716701904,0.04289063746172098,-0.16593759454000329,0.8588361016543601,0.04956444554353196
gdm_early,FedAvg-LR,8,4,Platt scaling,0.9779957716701904,0.049860278788808735,-0.050040741864427876,1.3031535568182409,0.07075483278295296
gdm_early,FedAvg-LR,8,4,Temperature scaling,0.9779957716701904,0.048351076878725224,-0.31708684262333986,1.2620436775136687,0.06694706925509403
gdm_early,FedAvg-LR,9,0,None,0.976721933375108,0.06275344927811657,0.8273821828901413,1.0432674761925393,0.07247643408973048
gdm_early,FedAvg-LR,9,0,Platt scaling,0.976721933375108,0.04658962849001873,-0.05433924644437878,0.9346272104479785,0.0499503920137158
gdm_early,FedAvg-LR,9,0,Temperature scaling,0.976721933375108,0.06259495038166754,0.6967743094582503,1.1442647733798255,0.07376853640801644
gdm_early,FedAvg-LR,9,1,None,0.9842667705387234,0.032242256699615876,0.030477446628610322,0.8991080781407227,0.03947931587806528
gdm_early,FedAvg-LR,9,1,Platt scaling,0.9842667705387234,0.03735022736950456,0.19631120704615088,1.1914511862722386,0.053777185154068
gdm_early,FedAvg-LR,9,1,Temperature scaling,0.9842667705387234,0.034558489696423986,-0.09255785076424179,1.1584068088072048,0.04995075194633522
gdm_early,FedAvg-LR,9,2,None,0.9811506088370282,0.03153769246726152,-0.585649078352871,0.8875045961086288,0.040258203842765974
gdm_early,FedAvg-LR,9,2,Platt scaling,0.9811506088370282,0.035472729204540185,-0.028369111020097763,1.0998392311900058,0.0564491471553292
gdm_early,FedAvg-LR,9,2,Temperature scaling,0.9811506088370282,0.03420429313373916,-0.5588528130704951,1.0605010064520388,0.05478567117017174
gdm_early,FedAvg-LR,9,3,None,0.9810909090909091,0.031115495778625032,-0.4710401795466552,0.7954259341915567,0.02879196560619436
gdm_early,FedAvg-LR,9,3,Platt scaling,0.9810824524312897,0.03735001378004269,0.41394488249303535,0.9988804121496961,0.04207645818525034
gdm_early,FedAvg-LR,9,3,Temperature scaling,0.9810824524312897,0.032936400807093806,-0.5254474157247415,0.9381456944142289,0.04089765716448437
gdm_early,FedAvg-LR,9,4,None,0.9700718816067653,0.037132297556964206,-0.005107996716847623,0.6128640521948582,0.03769327759316633
gdm_early,FedAvg-LR,9,4,Platt scaling,0.9700718816067653,0.04108737208808644,-0.03989181031353506,0.8710312449449739,0.061662359675154745
gdm_early,FedAvg-LR,9,4,Temperature scaling,0.9700718816067653,0.04084891138101297,-0.07221455297167408,0.869559004031599,0.06061731895369446
gdm_early,FedTGNN-SS,0,0,None,0.9858883601199044,0.03451931942014509,-4.3246926176865434,0.3306172430945021,0.03611876612178455
gdm_early,FedTGNN-SS,0,0,Platt scaling,0.9870950259962402,0.032145769171306245,-0.4705131567888569,0.8266079117185647,0.021044072078828018
gdm_early,FedTGNN-SS,0,0,Temperature scaling,0.9870950259962402,0.03186578053113126,-1.148982878363588,0.8389216807384323,0.03270408298565812
gdm_early,FedTGNN-SS,0,1,None,0.9893898081189562,0.018206166902993644,-3.1368466463669367,0.3541599574498381,0.01797092566543962
gdm_early,FedTGNN-SS,0,1,Platt scaling,0.9888732704455773,0.017549072136000904,-0.4865010920823623,0.9569059658583332,0.010264932899070971
gdm_early,FedTGNN-SS,0,1,Temperature scaling,0.9888732704455773,0.017584158203522566,-0.5505430475363909,0.9534414289821102,0.010777088994534317
gdm_early,FedTGNN-SS,0,2,None,0.9875903940928412,0.042832227402317895,-2.466797850368083,0.3463634109604143,0.04199286685477749
gdm_early,FedTGNN-SS,0,2,Platt scaling,0.9869849441969956,0.037891003149226034,0.23398454433159183,0.9021725854978263,0.016753344045575203
gdm_early,FedTGNN-SS,0,2,Temperature scaling,0.9869849441969956,0.03708773001570111,-0.66727957539065,0.9576247656462723,0.03107941339626026
gdm_early,FedTGNN-SS,0,3,None,0.9865496828752642,0.029515517687147448,-2.437574960342223,0.3120471946867246,0.0301633819338538
gdm_early,FedTGNN-SS,0,3,Platt scaling,0.9862579281183932,0.028060815001295744,0.48885085586314464,1.0986072275997383,0.02393941188486263
gdm_early,FedTGNN-SS,0,3,Temperature scaling,0.9862579281183932,0.02600797431824891,-0.5011554831440254,1.1746128779409104,0.03078855763904305
gdm_early,FedTGNN-SS,0,4,None,0.9826807610993658,0.02296159608509199,-2.669627068272583,0.3499670776167858,0.0229546760556849
gdm_early,FedTGNN-SS,0,4,Platt scaling,0.9833572938689218,0.022871491537913326,0.06424178839759927,1.024040433233818,0.014134833201557307
gdm_early,FedTGNN-SS,0,4,Temperature scaling,0.9833572938689218,0.022165973010027446,-0.4965160922076692,1.018527758253069,0.0201602527690489
gdm_early,FedTGNN-SS,1,0,None,0.9823699764594306,0.05184047852575402,-5.93781157468342,0.3892357067029728,0.053919358464777356
gdm_early,FedTGNN-SS,1,0,Platt scaling,0.9818153335478517,0.03670452979535559,-0.38977097412848194,1.0710793263152534,0.018324041296156186
gdm_early,FedTGNN-SS,1,0,Temperature scaling,0.9818153335478517,0.045123821214028394,-1.297511565610001,1.1338029700229828,0.05118691741871491
gdm_early,FedTGNN-SS,1,1,None,0.9896777143631345,0.024332146011651477,-7.056071868289206,0.39212064376362354,0.025309914330461945
gdm_early,FedTGNN-SS,1,1,Platt scaling,0.9890468609751554,0.0185930808325529,0.6812771209504833,0.9511095515854008,0.0175645512019152
gdm_early,FedTGNN-SS,1,1,Temperature scaling,0.9890468609751554,0.023033699112375332,-1.0688779916818134,1.3026741214864839,0.0387556518570656
gdm_early,FedTGNN-SS,1,2,None,0.9877131776381526,0.026886128302694906,-5.227799423199076,0.3449076767010265,0.027569266836457162
gdm_early,FedTGNN-SS,1,2,Platt scaling,0.9860915880569716,0.02607719621226755,0.1400896329959479,1.022913745480184,0.01459350163885509
gdm_early,FedTGNN-SS,1,2,Temperature scaling,0.9860915880569716,0.025154110518258565,-0.897786925277254,1.0660781569005808,0.0329474451212095
gdm_early,FedTGNN-SS,1,3,None,0.9807061310782241,0.04291166070099061,1.564474355324884,0.32436505468492643,0.042750652505003615
gdm_early,FedTGNN-SS,1,3,Platt scaling,0.9819788583509514,0.0415819554483549,1.3931106318702144,0.8308447596607693,0.031104306982169996
gdm_early,FedTGNN-SS,1,3,Temperature scaling,0.9819788583509514,0.03654259699136796,-0.17723298104113103,0.9632044185632821,0.024903085340121065
gdm_early,FedTGNN-SS,1,4,None,0.9884651162790697,0.02698670005482783,-2.4699131866171435,0.3409427891071458,0.027636697732497568
gdm_early,FedTGNN-SS,1,4,Platt scaling,0.986938689217759,0.02407974166350162,0.42368029791467654,1.0111994480172863,0.012401845118136908
gdm_early,FedTGNN-SS,1,4,Temperature scaling,0.986938689217759,0.023427475282466977,-0.33953243452734355,1.047510639458277,0.015707536516625976
gdm_early,FedTGNN-SS,2,0,None,0.9858417870509932,0.05033258012451288,-4.618985533127336,0.3884556400021126,0.056072113232489396
gdm_early,FedTGNN-SS,2,0,Platt scaling,0.9858206174742155,0.03429728004132551,0.04021528049842191,1.0495811607587666,0.02028303784452303
gdm_early,FedTGNN-SS,2,0,Temperature scaling,0.9858206174742155,0.044374200501909274,-1.0893150157274056,1.176754476006005,0.04913892728488336
gdm_early,FedTGNN-SS,2,1,None,0.9926753264348739,0.024196955876363068,-6.310105576052602,0.3934920102777352,0.025221192883752467
gdm_early,FedTGNN-SS,2,1,Platt scaling,0.9930225074940302,0.020873593069118124,-0.6582324166341994,1.266302630708942,0.023157766612234846
gdm_early,FedTGNN-SS,2,1,Temperature scaling,0.9930225074940302,0.02143925023643297,-0.9628434427975464,1.2484854489057775,0.029970968311827075
gdm_early,FedTGNN-SS,2,2,None,0.981811099632496,0.02980809461726137,-3.0899811351418642,0.3854869521618936,0.03087544571017995
gdm_early,FedTGNN-SS,2,2,Platt scaling,0.9818746083628296,0.028641203097428913,0.3494373935375815,0.8002345611730869,0.019968515219051852
gdm_early,FedTGNN-SS,2,2,Temperature scaling,0.9818746083628296,0.028875750376805513,-0.7140846828800109,0.8711055178982744,0.01654246346486872
gdm_early,FedTGNN-SS,2,3,None,0.9917589852008456,0.026766695297349118,-5.269596588891752,0.38592159607858345,0.026850337054219485
gdm_early,FedTGNN-SS,2,3,Platt scaling,0.9913953488372093,0.0234748900962696,-0.27710314409975867,1.0207174972073478,0.015598586645282537
gdm_early,FedTGNN-SS,2,3,Temperature scaling,0.9913953488372093,0.024229882007859537,-1.0701513736610697,1.0358780206768887,0.03033288354772474
gdm_early,FedTGNN-SS,2,4,None,0.9807991543340381,0.03833225455114024,1.2001141778542326,0.41181306167222537,0.038168726615045154
gdm_early,FedTGNN-SS,2,4,Platt scaling,0.9806088794926004,0.04090765002990134,0.6133408517776878,1.0293267440207916,0.03221957795057961
gdm_early,FedTGNN-SS,2,4,Temperature scaling,0.9806088794926004,0.03766700307238511,0.16254994292206706,1.0369485394932183,0.028056269068114578
gdm_early,FedTGNN-SS,3,0,None,0.982035497146341,0.03842754437314028,-0.031163241772361006,0.3406634301033649,0.04019158936609141
gdm_early,FedTGNN-SS,3,0,Platt scaling,0.9809219774078276,0.03505836265086744,0.5254308551388351,0.977891613533549,0.020345080421430333
gdm_early,FedTGNN-SS,3,0,Temperature scaling,0.9809219774078276,0.03364330048290107,-0.3605211981353185,0.9838618085191357,0.026518040325907127
gdm_early,FedTGNN-SS,3,1,None,0.9910283333615594,0.01684782693414844,-1.5796653915221408,0.4129069778823145,0.016331416905817863
gdm_early,FedTGNN-SS,3,1,Platt scaling,0.989885176215557,0.02184814003709092,0.276198576837365,1.043323885081838,0.030634387643622994
gdm_early,FedTGNN-SS,3,1,Temperature scaling,0.989885176215557,0.01897291365894748,-0.47330101066528457,1.0771804254637027,0.03025892973220006
gdm_early,FedTGNN-SS,3,2,None,0.9771453249106644,0.04238996662079424,-1.8170233722505582,0.3155138906212475,0.04325942954776767
gdm_early,FedTGNN-SS,3,2,Platt scaling,0.9773908920012871,0.042175219990292175,-0.10506304685398078,1.031727070203598,0.03228661343239557
gdm_early,FedTGNN-SS,3,2,Temperature scaling,0.9773908920012871,0.04180692192615486,-0.41103119044229175,1.0190088394500805,0.03624935961297379
gdm_early,FedTGNN-SS,3,3,None,0.9837970401691332,0.048834355003235845,-1.4710330889115097,0.33393288447691377,0.05012380124165175
gdm_early,FedTGNN-SS,3,3,Platt scaling,0.9823424947145878,0.03834692467284231,-0.0669469995946764,0.9968839042430427,0.02253512383971944
gdm_early,FedTGNN-SS,3,3,Temperature scaling,0.9823424947145878,0.03981472285447783,-0.5078840909338636,0.9779025713459575,0.029814945949375473
gdm_early,FedTGNN-SS,3,4,None,0.9891670190274842,0.030213625298907528,-2.9365341171243466,0.3619226738403298,0.03190138050898554
gdm_early,FedTGNN-SS,3,4,Platt scaling,0.9884735729386892,0.026364134250139563,0.14420052426896135,1.1413374994780419,0.020199890538185307
gdm_early,FedTGNN-SS,3,4,Temperature scaling,0.9884735729386892,0.026778772370766295,-0.5241825223543545,1.1523562404312695,0.02584803449753043
gdm_early,FedTGNN-SS,4,0,None,0.95381221738615,0.07966563887066927,1.7851777080127007,0.3290704400631021,0.07674978686167129
gdm_early,FedTGNN-SS,4,0,Platt scaling,0.9535581824648159,0.07254799774299626,0.1092849921705343,0.9487495545077012,0.03781293700124394
gdm_early,FedTGNN-SS,4,0,Temperature scaling,0.9535581824648159,0.07337602238456639,0.27297385383521405,0.9709834360203973,0.0391373753843461
gdm_early,FedTGNN-SS,4,1,None,0.9811844801598727,0.029708670513274364,2.3260563334701025,0.37866989659663947,0.030604905476434928
gdm_early,FedTGNN-SS,4,1,Platt scaling,0.9812183514827173,0.026426405981272848,-0.05553989339375552,0.9691201101519046,0.026656382981375244
gdm_early,FedTGNN-SS,4,1,Temperature scaling,0.9812183514827173,0.027079822506110275,0.09417202988184502,0.9854895699745109,0.02463058158299909
gdm_early,FedTGNN-SS,4,2,None,0.9853464189543921,0.032571501868946535,-5.0521982318702285,0.3163263899456763,0.03453110377187853
gdm_early,FedTGNN-SS,4,2,Platt scaling,0.9835088996900773,0.029756493780016866,-0.5302447300294205,0.979385394165898,0.024409851090134462
gdm_early,FedTGNN-SS,4,2,Temperature scaling,0.9835088996900773,0.02988078805285082,-0.8832522620101723,0.9707907040749799,0.03086459035933658
gdm_early,FedTGNN-SS,4,3,None,0.9939027484143763,0.022593797061209207,-2.4983848666511776,0.4258319210917332,0.02259759489905494
gdm_early,FedTGNN-SS,4,3,Platt scaling,0.9939027484143763,0.02117839962710486,0.8339807326236919,1.065179410826425,0.021043388849917848
gdm_early,FedTGNN-SS,4,3,Temperature scaling,0.9939027484143763,0.01974646883796718,-0.5263672688686878,1.1568554100652053,0.01926173726448867
gdm_early,FedTGNN-SS,4,4,None,0.9874756871035941,0.02348115307741402,-0.9681336833632802,0.44060153532625473,0.024087609303941396
gdm_early,FedTGNN-SS,4,4,Platt scaling,0.9884270613107822,0.022263516736297673,-0.30417341070502707,1.0751858630403561,0.015338894192473083
gdm_early,FedTGNN-SS,4,4,Temperature scaling,0.9884270613107822,0.02222163245036527,-0.277521224908678,1.0761613024687322,0.01580975230939768
gdm_early,FedTGNN-SS,5,0,None,0.9887377851541992,0.024932885932788553,-1.9163533217543764,0.47754387303929047,0.022624858779539365
gdm_early,FedTGNN-SS,5,0,Platt scaling,0.9892035158433112,0.023599843816730897,-0.18724854599433038,1.1556914869305857,0.02971058054704872
gdm_early,FedTGNN-SS,5,0,Temperature scaling,0.9892035158433112,0.024262100186776863,-0.489176431404065,1.1617890218241878,0.025336010235293464
gdm_early,FedTGNN-SS,5,1,None,0.9914093857435602,0.027377424297298888,-7.661272843529163,0.3501059391580608,0.02759301707077595
gdm_early,FedTGNN-SS,5,1,Platt scaling,0.9922053618304063,0.023610800204526314,-0.2972602198698279,0.9697180046041274,0.010846535044755327
gdm_early,FedTGNN-SS,5,1,Temperature scaling,0.9922053618304063,0.026155859635004663,-1.3598239758851447,1.0021695741887877,0.028027970597531447
gdm_early,FedTGNN-SS,5,2,None,0.9889664165833996,0.03056217962095806,-4.673230285470605,0.3499842286795372,0.030818811441557792
gdm_early,FedTGNN-SS,5,2,Platt scaling,0.9886234694395989,0.02610491914910442,-0.14121449027902072,0.9690153066154091,0.008322065795436527
gdm_early,FedTGNN-SS,5,2,Temperature scaling,0.9886234694395989,0.027325336756922988,-0.7528365534827978,0.9649024030224806,0.01667771295990276
gdm_early,FedTGNN-SS,5,3,None,0.9831416490486259,0.036073056000511895,1.7278982437009491,0.3062765026619043,0.038118308174859575
gdm_early,FedTGNN-SS,5,3,Platt scaling,0.9835010570824525,0.03070287051864559,-0.18694011125079132,0.8509805786107042,0.027660248190363855
gdm_early,FedTGNN-SS,5,3,Temperature scaling,0.9835010570824525,0.031148737104443196,-0.07290722426276747,0.8588920164023647,0.024352920039954963
gdm_early,FedTGNN-SS,5,4,None,0.988029598308668,0.045990281598241166,2.638130972489923,0.4145444718265833,0.04994227138693573
gdm_early,FedTGNN-SS,5,4,Platt scaling,0.9878731501057082,0.032303512129999275,0.04263942643317242,0.9879215003241447,0.04619187649562544
gdm_early,FedTGNN-SS,5,4,Temperature scaling,0.9878731501057082,0.03807380431582747,0.505248343116227,1.0891262271144693,0.04818195021951873
gdm_early,FedTGNN-SS,6,0,None,0.9582451267634258,0.08796933118676332,3.175996635656099,0.4527821432182205,0.0911735913882812
gdm_early,FedTGNN-SS,6,0,Platt scaling,0.9582451267634258,0.06488785653033956,0.01939130282331845,1.0096243935518887,0.05024920733616659
gdm_early,FedTGNN-SS,6,0,Temperature scaling,0.9582451267634258,0.07685363041837978,0.5670119886892305,1.2216034810734964,0.07291733150145407
gdm_early,FedTGNN-SS,6,1,None,0.9942588107778548,0.02371121619503127,-5.127613630757063,0.3773102878331852,0.025181788040005156
gdm_early,FedTGNN-SS,6,1,Platt scaling,0.9942588107778548,0.020449736852520144,-0.17483515199262975,1.0973893086955886,0.011013904616821245
gdm_early,FedTGNN-SS,6,1,Temperature scaling,0.9942588107778548,0.02160241165425209,-0.8037503008972233,1.101098363801664,0.021751464152077286
gdm_early,FedTGNN-SS,6,2,None,0.9834199874676105,0.040506218821575464,-0.4651554562455909,0.55462856649827,0.034858358538962526
gdm_early,FedTGNN-SS,6,2,Platt scaling,0.9834199874676105,0.0388987285062525,-0.029893861444279485,1.028076348801292,0.020935691959573816
gdm_early,FedTGNN-SS,6,2,Temperature scaling,0.9834199874676105,0.03853869932817961,-0.17928131993611918,1.0325478826900514,0.027609164062215665
gdm_early,FedTGNN-SS,6,3,None,0.9866807610993658,0.033869825373537554,-3.642677047614748,0.31051395587830827,0.03482014602010071
gdm_early,FedTGNN-SS,6,3,Platt scaling,0.9850993657505286,0.03148521167525055,-0.24225913531849308,1.0073599568107001,0.02625257607708678
gdm_early,FedTGNN-SS,6,3,Temperature scaling,0.9850993657505286,0.03086050707045919,-0.7460545164544953,0.9975636340951312,0.04111113264949424
gdm_early,FedTGNN-SS,6,4,None,0.9932389006342495,0.01460432249067148,1.527602193922335,0.42811460721067324,0.015129034013314155
gdm_early,FedTGNN-SS,6,4,Platt scaling,0.9929725158562367,0.016170461521289817,0.7552848051841297,1.2217879203262174,0.02129391483660434
gdm_early,FedTGNN-SS,6,4,Temperature scaling,0.9929725158562367,0.014905509054312042,-0.19753907032728765,1.2744926514893926,0.019500012948310906
gdm_early,FedTGNN-SS,7,0,None,0.9854014598540146,0.03369356200657544,-6.407383303752713,0.31655339620519635,0.03401451646136419
gdm_early,FedTGNN-SS,7,0,Platt scaling,0.9848425830270802,0.03188806022248086,-1.4920738601505341,0.7569955700614942,0.025922339960762757
gdm_early,FedTGNN-SS,7,0,Temperature scaling,0.9848425830270802,0.03193331513982839,-1.625183409227641,0.7529851480516224,0.026686311856117743
gdm_early,FedTGNN-SS,7,1,None,0.989974088438024,0.03110316360383722,-4.269204055964851,0.3479482078344116,0.031982059554375795
gdm_early,FedTGNN-SS,7,1,Platt scaling,0.9896565447863567,0.026357128904426264,-0.5409081828832212,1.01739547359531,0.018600986412630856
gdm_early,FedTGNN-SS,7,1,Temperature scaling,0.9896565447863567,0.026502229211540697,-0.6438153198715096,1.014869993066076,0.020334316991073614
gdm_early,FedTGNN-SS,7,2,None,0.9931791623621862,0.023718350253417585,-1.8444314054996775,0.3913496463868775,0.02458878441939881
gdm_early,FedTGNN-SS,7,2,Platt scaling,0.9927811743187629,0.022325999471150437,0.137118234023883,0.9080444258686101,0.01373511359661916
gdm_early,FedTGNN-SS,7,2,Temperature scaling,0.9927811743187629,0.021708320673742343,-0.48100534567393927,0.9084284059799391,0.015139498558501703
gdm_early,FedTGNN-SS,7,3,None,0.9863002114164904,0.026901712545602117,-1.3038733453102453,0.3543515941443722,0.028084668430973955
gdm_early,FedTGNN-SS,7,3,Platt scaling,0.9860042283298096,0.026539797364613586,0.1953283421101044,1.0808688816888297,0.01416232856434537
gdm_early,FedTGNN-SS,7,3,Temperature scaling,0.9860042283298096,0.025645664256492732,-0.18672525274725044,1.084679235722538,0.020549866792518766
gdm_early,FedTGNN-SS,7,4,None,0.9829894291754757,0.03786058404042886,2.2684103905491755,0.36728505931921307,0.038849958306896096
gdm_early,FedTGNN-SS,7,4,Platt scaling,0.9828837209302326,0.03517933942971478,0.515008379858524,0.8938599964618278,0.020603244791332243
gdm_early,FedTGNN-SS,7,4,Temperature scaling,0.9828837209302326,0.03398371710886083,0.19989936087824453,0.8893742371078297,0.01750224226141018
gdm_early,FedTGNN-SS,8,0,None,0.9785425169780007,0.04729710029835253,-1.2531674879379697,0.3209224016639493,0.049920953508398924
gdm_early,FedTGNN-SS,8,0,Platt scaling,0.9787669144918454,0.0417765826783263,-0.5809875002919075,0.9077508445136486,0.04695021521519004
gdm_early,FedTGNN-SS,8,0,Temperature scaling,0.9787669144918454,0.041961058427785386,-0.5080476412294967,0.9163073678233048,0.04672640212330427
gdm_early,FedTGNN-SS,8,1,None,0.9843937879993903,0.02519156970023752,-1.9803130156924504,0.3534764344857395,0.026538904218082228
gdm_early,FedTGNN-SS,8,1,Platt scaling,0.984249834877301,0.02514293260826008,-0.6976183824444456,1.0609440576932583,0.03246760040479222
gdm_early,FedTGNN-SS,8,1,Temperature scaling,0.984249834877301,0.025454974102624657,-0.38593394228879613,1.103655274470029,0.028696708739233617
gdm_early,FedTGNN-SS,8,2,None,0.9858587227124155,0.03174505701290222,0.8020360718868493,0.37848681609255636,0.03442652051271826
gdm_early,FedTGNN-SS,8,2,Platt scaling,0.9858925940352601,0.03137237311914859,0.20607065307305686,0.878913408134622,0.027338177735385584
gdm_early,FedTGNN-SS,8,2,Temperature scaling,0.9858925940352601,0.029685830082548367,-0.12906632933097276,0.8667438984672965,0.0315408923904795
gdm_early,FedTGNN-SS,8,3,None,0.9892600422832981,0.023233220903226652,1.2552660974693586,0.4526498634701958,0.021189190771917096
gdm_early,FedTGNN-SS,8,3,Platt scaling,0.9892600422832981,0.026152809418531944,0.5550650116594434,1.159633700458974,0.022849544027463104
gdm_early,FedTGNN-SS,8,3,Temperature scaling,0.9892600422832981,0.024487636385998292,0.2183311576359849,1.1693998980160754,0.021096847712563302
gdm_early,FedTGNN-SS,8,4,None,0.9836532769556025,0.03524388578632599,-5.5914355713243165,0.32316611973372916,0.034619007419428395
gdm_early,FedTGNN-SS,8,4,Platt scaling,0.9809344608879492,0.03483175560655437,0.28094367136917414,1.0165045002667086,0.020758149366349666
gdm_early,FedTGNN-SS,8,4,Temperature scaling,0.9809344608879492,0.03570794743582243,-0.9916775376444611,1.1556095534657826,0.04870860322547629
gdm_early,FedTGNN-SS,9,0,None,0.9764340271309295,0.05016520289017741,0.2040134985135638,0.5647512201079091,0.03506454455872275
gdm_early,FedTGNN-SS,9,0,Platt scaling,0.9764340271309295,0.04779935408885138,0.13905211321831915,0.983983584521367,0.03210815170871826
gdm_early,FedTGNN-SS,9,0,Temperature scaling,0.9764340271309295,0.0476799932711481,0.11125321233194325,0.9848245371551301,0.032672098607290444
gdm_early,FedTGNN-SS,9,1,None,0.9887674225616881,0.02773094963637087,-1.2101072436523552,0.36087447439035736,0.02614595271712742
gdm_early,FedTGNN-SS,9,1,Platt scaling,0.9880645926126645,0.026007582686695823,0.006489071484401449,1.0458745813918862,0.012228661264012841
gdm_early,FedTGNN-SS,9,1,Temperature scaling,0.9880645926126645,0.025865941418636285,-0.24705379534168825,1.0427970388602883,0.015338140331722218
gdm_early,FedTGNN-SS,9,2,None,0.9910410351076262,0.029567370294853314,-2.312947112573372,0.42186537739637553,0.027790029135959893
gdm_early,FedTGNN-SS,9,2,Platt scaling,0.9910113977001372,0.025725563486728772,0.032396308617438814,1.0910827961002347,0.018195788049858747
gdm_early,FedTGNN-SS,9,2,Temperature scaling,0.9910113977001372,0.02721936935608111,-0.8264990520983537,1.1187608047954551,0.03285128771242206
gdm_early,FedTGNN-SS,9,3,None,0.9902536997885836,0.022131978477924818,0.2155779856779127,0.44972142174935503,0.0200273165935871
gdm_early,FedTGNN-SS,9,3,Platt scaling,0.9901606765327695,0.025112918789971756,0.4199148404677808,1.1104715254585933,0.020914643635282983
gdm_early,FedTGNN-SS,9,3,Temperature scaling,0.9901606765327695,0.022848099976564687,-0.1269042301224874,1.0934765971292062,0.02091809209356892
gdm_early,FedTGNN-SS,9,4,None,0.9837124735729387,0.03161781878110964,-3.6209697631725186,0.3724069145323511,0.031241643771908224
gdm_early,FedTGNN-SS,9,4,Platt scaling,0.9835264270613108,0.028722840624555195,-0.20426472275908297,1.0331457540286575,0.015981845245836443
gdm_early,FedTGNN-SS,9,4,Temperature scaling,0.9835264270613108,0.029214761902966326,-0.6030568144046059,1.027388782905352,0.02030123244268127
pima,FedAvg-LR,0,0,None,0.8516666666666667,0.15263197608029191,-0.40645529569683353,0.9981304625444409,0.06650192703896105
pima,FedAvg-LR,0,0,Platt scaling,0.8516666666666667,0.1577091750910616,0.17465676098024793,1.422446229121489,0.10104258036527437
pima,FedAvg-LR,0,0,Temperature scaling,0.8516666666666667,0.1581205397545575,-0.43183760805392957,1.3651404394817435,0.11152301031402746
pima,FedAvg-LR,0,1,None,0.7731481481481481,0.26095800916251655,-1.6945503033904772,0.5962780836035128,0.27082805107142854
pima,FedAvg-LR,0,1,Platt scaling,0.7731481481481481,0.17627926302998442,-0.020823594551744474,1.2383994523236477,0.06622147800916532
pima,FedAvg-LR,0,1,Temperature scaling,0.7731481481481481,0.22592948106176447,-0.8691607475830095,2.108456469856831,0.2030460178596867
pima,FedAvg-LR,0,2,None,0.822037037037037,0.16677037841166328,-0.30599886056935827,0.6234191736851873,0.10354150843506492
pima,FedAvg-LR,0,2,Platt scaling,0.822037037037037,0.16322532262466696,-0.07937624571989627,1.3251759180753444,0.06390317028744436
pima,FedAvg-LR,0,2,Temperature scaling,0.822037037037037,0.16628362458552512,-0.4092296990873865,1.1962010084203232,0.10535928789780642
pima,FedAvg-LR,0,3,None,0.7830188679245282,0.2128859160476032,-1.057873386628768,0.7470842866668539,0.17988052095424834
pima,FedAvg-LR,0,3,Platt scaling,0.7830188679245282,0.18231564924434004,0.09624498352119894,1.4181972443450386,0.1058705495721745
pima,FedAvg-LR,0,3,Temperature scaling,0.7830188679245282,0.2176683474287156,-0.7169569389527097,2.589890353197155,0.17995430130551768
pima,FedAvg-LR,0,4,None,0.8528301886792453,0.16724600041648124,0.36313336839169924,0.5406985730807319,0.13155737430882353
pima,FedAvg-LR,0,4,Platt scaling,0.8528301886792453,0.1539052741737489,-0.02412165200436312,1.269734445753793,0.0701983660160022
pima,FedAvg-LR,0,4,Temperature scaling,0.8528301886792453,0.15324193558285393,-0.10274010245134281,1.2228621136330116,0.07223610996608712
pima,FedAvg-LR,1,0,None,0.857962962962963,0.15996042359692175,-0.7859722946032329,1.003576290904583,0.13645821172727274
pima,FedAvg-LR,1,0,Platt scaling,0.857962962962963,0.1457256616859127,0.1012991475339478,1.3306958135011284,0.09384857555753702
pima,FedAvg-LR,1,0,Temperature scaling,0.857962962962963,0.16234935642794504,-0.697725183507864,1.403729782736127,0.1381411838040516
pima,FedAvg-LR,1,1,None,0.8157407407407407,0.18336893098881005,-0.8307775710557106,0.7061933050249989,0.14430644346753246
pima,FedAvg-LR,1,1,Platt scaling,0.8157407407407407,0.18142107626717907,0.6191925270194042,0.6267821193221711,0.12664138253544505
pima,FedAvg-LR,1,1,Temperature scaling,0.8157407407407407,0.18072322418307532,-0.7572415872359421,0.8707988815722707,0.1313420108102101
pima,FedAvg-LR,1,2,None,0.8209259259259258,0.17297025147208656,-0.5554435386890986,0.680351959118972,0.10609120050649355
pima,FedAvg-LR,1,2,Platt scaling,0.8209259259259258,0.16949268580914353,-0.2632580178470901,0.6462395546594163,0.09895575783425248
pima,FedAvg-LR,1,2,Temperature scaling,0.8209259259259258,0.17469770423928171,-0.5594814734209032,0.6146867088190214,0.10909040749804023
pima,FedAvg-LR,1,3,None,0.7537735849056604,0.26581642507507436,-1.614196153061325,0.6647313122238662,0.2655870619607843
pima,FedAvg-LR,1,3,Platt scaling,0.7537735849056604,0.1858832566032635,-0.1934928769595495,0.7442095058034445,0.0738290087561091
pima,FedAvg-LR,1,3,Temperature scaling,0.7537735849056604,0.23935786592142208,-1.1043554243442346,1.2747843502320062,0.23503094588545426
pima,FedAvg-LR,1,4,None,0.8092452830188679,0.1943721715224441,0.9570829348063512,0.6594292257077842,0.16576520062418298
pima,FedAvg-LR,1,4,Platt scaling,0.8092452830188679,0.17563598945695638,-0.15962541932123364,0.6495970757707991,0.08119505007481796
pima,FedAvg-LR,1,4,Temperature scaling,0.8092452830188679,0.17838094875510158,0.4249469635763635,1.0103811591195613,0.11353740056575733
pima,FedAvg-LR,2,0,None,0.8190740740740741,0.19083924934816598,-1.0397529930678315,0.7728263700171435,0.1641537038376624
pima,FedAvg-LR,2,0,Platt scaling,0.8190740740740741,0.16953068064376395,0.17366923942261747,1.200803759760777,0.08789647633923683
pima,FedAvg-LR,2,0,Temperature scaling,0.8190740740740741,0.1959356389658773,-0.779327113989224,1.5317469939958053,0.16784595234474464
pima,FedAvg-LR,2,1,None,0.7944444444444445,0.19205316093456212,-0.762651478827217,0.6922731724543825,0.1321234890564935
pima,FedAvg-LR,2,1,Platt scaling,0.7944444444444445,0.1719973100843434,-0.0877201107838846,0.8762526039928286,0.06576669248468749
pima,FedAvg-LR,2,1,Temperature scaling,0.7944444444444445,0.1887995257735154,-0.7180272651459171,0.833670171791016,0.12178146665505697
pima,FedAvg-LR,2,2,None,0.8425925925925926,0.19698885265068636,1.340966918203475,0.5407980402857562,0.18992269722461036
pima,FedAvg-LR,2,2,Platt scaling,0.8425925925925926,0.17240677865339424,0.5982974163933765,0.9322690790319672,0.12501930565469246
pima,FedAvg-LR,2,2,Temperature scaling,0.8425925925925926,0.17130477850668183,0.5635193684706328,0.923016399632822,0.14075616106701164
pima,FedAvg-LR,2,3,None,0.7526415094339622,0.2050468873457076,0.19899951815747977,0.4788853035917176,0.13005715164575163
pima,FedAvg-LR,2,3,Platt scaling,0.7526415094339622,0.20271102856578452,-0.10137700947008166,0.5139027355232192,0.12862043830281356
pima,FedAvg-LR,2,3,Temperature scaling,0.7526415094339622,0.19908103693909618,0.10289038301736177,0.5591966716317665,0.11039383785515126
pima,FedAvg-LR,2,4,None,0.8105660377358491,0.17806075547731098,0.8270241558653504,0.8184165086951322,0.11527641771764706
pima,FedAvg-LR,2,4,Platt scaling,0.8105660377358491,0.16391776238403705,-0.0750906764103403,1.2534331048668783,0.07245195667986432
pima,FedAvg-LR,2,4,Temperature scaling,0.8105660377358491,0.1689296313135638,0.1669185301290034,1.585312543162563,0.060745098062615056
pima,FedAvg-LR,3,0,None,0.8446296296296296,0.16108884132635629,-0.576428627396779,0.941767856949856,0.09668573318181822
pima,FedAvg-LR,3,0,Platt scaling,0.8446296296296296,0.16147855105551348,0.30342057193746774,1.292147407034039,0.10334404033885572
pima,FedAvg-LR,3,0,Temperature scaling,0.8446296296296296,0.1656641253980928,-0.546891774884408,1.4300639919327753,0.10874068532064399
pima,FedAvg-LR,3,1,None,0.7783333333333334,0.18245393328250648,-0.2694655938429663,0.6823389035881712,0.11535423819805195
pima,FedAvg-LR,3,1,Platt scaling,0.7783333333333334,0.1745766224685194,0.09172668088021353,1.0271682968045088,0.07522826481975287
pima,FedAvg-LR,3,1,Temperature scaling,0.7783333333333334,0.1791072568767391,-0.3354790960754302,0.9720699624260876,0.10953694793100217
pima,FedAvg-LR,3,2,None,0.865,0.16328054816727863,-1.1340181399178735,0.6504492538348755,0.12639205498831163
pima,FedAvg-LR,3,2,Platt scaling,0.865,0.1399595422317403,-0.01301617705325363,1.1949111263696885,0.04980631596910192
pima,FedAvg-LR,3,2,Temperature scaling,0.865,0.16187428559445305,-0.8299190953230317,1.2708274077521047,0.15062935820633497
pima,FedAvg-LR,3,3,None,0.8018867924528302,0.17727291769392595,-0.26293408473117347,0.9639434675522509,0.07873670580392156
pima,FedAvg-LR,3,3,Platt scaling,0.8018867924528302,0.17729293651780548,-0.025186035371071655,0.9568471241475652,0.09273058869198753
pima,FedAvg-LR,3,3,Temperature scaling,0.8018867924528302,0.1771238301300305,-0.24357307194707034,0.9051234718589877,0.06974090301694343
pima,FedAvg-LR,3,4,None,0.8060377358490566,0.1985587010268412,0.6425783012091437,0.4884361419500805,0.14880516257058823
pima,FedAvg-LR,3,4,Platt scaling,0.8060377358490566,0.17993470044279541,0.08837556557390261,0.8776498105026596,0.10560361689404699
pima,FedAvg-LR,3,4,Temperature scaling,0.8060377358490566,0.1802438957983988,0.10451637301234308,0.8857670833321932,0.11068197881713276
pima,FedAvg-LR,4,0,None,0.8066666666666666,0.1840626127555186,-0.7252546105998108,0.5957342182439982,0.11503073561688312
pima,FedAvg-LR,4,0,Platt scaling,0.8066666666666666,0.16822501667054648,-0.1886117102872808,0.8948539197230622,0.0554297373266087
pima,FedAvg-LR,4,0,Temperature scaling,0.8066666666666666,0.179572215520034,-0.6660553089116605,0.8320365481446328,0.10671234712259488
pima,FedAvg-LR,4,1,None,0.8731481481481482,0.16354065634629378,-0.9047889493968732,1.3432101233617986,0.16340515857792207
pima,FedAvg-LR,4,1,Platt scaling,0.8731481481481482,0.13819009611064798,-0.11100100558037752,1.054345282183518,0.10541995976014676
pima,FedAvg-LR,4,1,Temperature scaling,0.8731481481481482,0.16482374536131178,-1.0169407594571884,1.0723332131590941,0.16837223895400003
pima,FedAvg-LR,4,2,None,0.8579629629629629,0.15649181151809352,-0.5445932189212831,0.9202690661522163,0.09494245021428573
pima,FedAvg-LR,4,2,Platt scaling,0.8579629629629629,0.1531505522948497,0.04202875105696729,1.3760235580474565,0.09170843988903063
pima,FedAvg-LR,4,2,Temperature scaling,0.8579629629629629,0.15846027292668596,-0.5307205885078,1.2782742171965489,0.10242722853622369
pima,FedAvg-LR,4,3,None,0.7571698113207547,0.2040775601601808,-0.4816051077944389,0.5272163272152337,0.15308819342483662
pima,FedAvg-LR,4,3,Platt scaling,0.7571698113207547,0.19377210000833478,-0.27313445301244815,0.6170803902687749,0.125437146140716
pima,FedAvg-LR,4,3,Temperature scaling,0.7571698113207547,0.199559830163687,-0.48082919884503605,0.598518553913575,0.15716392585436853
pima,FedAvg-LR,4,4,None,0.7767924528301886,0.1941701276402841,-0.639582751691966,0.7637965636953027,0.12156740586274507
pima,FedAvg-LR,4,4,Platt scaling,0.7767924528301886,0.18136336001492634,0.10328094779805727,0.8989290032252941,0.10594499009647088
pima,FedAvg-LR,4,4,Temperature scaling,0.7767924528301886,0.1933718315318441,-0.6130207196488029,0.9639955655671497,0.12843259884812194
pima,FedAvg-LR,5,0,None,0.8581481481481482,0.17463152346547345,-0.9558020730642717,1.1291879452578486,0.16809314682467527
pima,FedAvg-LR,5,0,Platt scaling,0.8581481481481482,0.15082690524056613,0.024380386395726174,1.4211800827290733,0.09148962546058441
pima,FedAvg-LR,5,0,Temperature scaling,0.8581481481481482,0.17929589218801892,-0.8126462957555732,1.678088701459127,0.16941714715818765
pima,FedAvg-LR,5,1,None,0.8268518518518518,0.1775903893161669,-0.8005117471564178,0.8368452777101578,0.12995483353896103
pima,FedAvg-LR,5,1,Platt scaling,0.8268518518518518,0.16991830259370033,-0.1091518158821383,0.6607267099762414,0.08452118484999738
pima,FedAvg-LR,5,1,Temperature scaling,0.8268518518518518,0.1807529102849144,-0.8691279408187729,0.6802024224031387,0.13872985529976767
pima,FedAvg-LR,5,2,None,0.7824074074074074,0.1887179022982625,-0.05243297029751213,0.51909309674122,0.12425084284675325
pima,FedAvg-LR,5,2,Platt scaling,0.7824074074074074,0.1768670101101798,0.239989743078517,1.1899178635916243,0.05646691026431012
pima,FedAvg-LR,5,2,Temperature scaling,0.7824074074074074,0.1775045794016031,-0.294685286115305,1.111824372793987,0.08809311691694488
pima,FedAvg-LR,5,3,None,0.8126415094339622,0.2073830799766527,-1.2588938909008869,0.6465313695886604,0.19719881567973857
pima,FedAvg-LR,5,3,Platt scaling,0.8126415094339622,0.16941799449704148,-0.05859985729530599,0.9334283588604072,0.0757720702819496
pima,FedAvg-LR,5,3,Temperature scaling,0.8126415094339622,0.20639653358639684,-0.925881324302128,1.264496309726188,0.19290259162881576
pima,FedAvg-LR,5,4,None,0.7964150943396227,0.2138597011147345,-1.321193692840505,0.5965088616280705,0.17857448505882353
pima,FedAvg-LR,5,4,Platt scaling,0.7964150943396227,0.177612735993088,-0.37328968752744884,1.007454149323614,0.07739685730737413
pima,FedAvg-LR,5,4,Temperature scaling,0.7964150943396227,0.20341544462296965,-0.9668443310471627,0.9965973824939948,0.1763663730884594
pima,FedAvg-LR,6,0,None,0.8590740740740741,0.14823543864436373,0.10497794811810301,0.911111339606408,0.07262879265194806
pima,FedAvg-LR,6,0,Platt scaling,0.8590740740740741,0.16047274789587315,0.0552144408036564,2.263639009748022,0.096420905692289
pima,FedAvg-LR,6,0,Temperature scaling,0.8590740740740741,0.15382943353027292,-0.19042950997239083,1.8399515648680895,0.08248125262883624
pima,FedAvg-LR,6,1,None,0.8361111111111111,0.16105252729368538,-0.47133324823676137,0.7288374962101553,0.09030527159090908
pima,FedAvg-LR,6,1,Platt scaling,0.8361111111111111,0.16022578289392378,0.13883571962348745,1.6776258837016356,0.07089170538504351
pima,FedAvg-LR,6,1,Temperature scaling,0.8361111111111111,0.1660529359680342,-0.49284399004497714,1.5924563131712723,0.13281695307902583
pima,FedAvg-LR,6,2,None,0.8181481481481482,0.1750528777262513,-0.752485858738968,0.6850089353109258,0.13305054407792205
pima,FedAvg-LR,6,2,Platt scaling,0.8181481481481482,0.1614731061610913,-0.10608943511550362,0.8729133688780955,0.07616260522129992
pima,FedAvg-LR,6,2,Temperature scaling,0.8181481481481482,0.1744965912364955,-0.7067411515146652,0.827682633962634,0.139982378651795
pima,FedAvg-LR,6,3,None,0.7464150943396226,0.22129749497131138,-0.5504399782078913,0.4604518103717091,0.1829642784117647
pima,FedAvg-LR,6,3,Platt scaling,0.7464150943396226,0.19415068473430871,0.03957252795424414,0.677890140177392,0.09645449615898384
pima,FedAvg-LR,6,3,Temperature scaling,0.7464150943396226,0.2063919299757785,-0.5090134576842387,0.6427663832243367,0.15706913496747055
pima,FedAvg-LR,6,4,None,0.8392452830188679,0.15486858701753634,0.30173214913145535,0.8585384302615275,0.07431348194444444
pima,FedAvg-LR,6,4,Platt scaling,0.8392452830188679,0.15423046117451097,0.13896073736581002,1.0321590591508458,0.0811544355233647
pima,FedAvg-LR,6,4,Temperature scaling,0.8392452830188679,0.15470719369883898,0.16325095207011794,1.0444009288685991,0.07988193708701881
pima,FedAvg-LR,7,0,None,0.7887037037037037,0.20192689234247185,-0.9693851185685821,0.6024609021061444,0.15718772600519482
pima,FedAvg-LR,7,0,Platt scaling,0.7887037037037037,0.1785812718713356,0.09145907951867939,0.8559552183128281,0.1068279970252489
pima,FedAvg-LR,7,0,Temperature scaling,0.7887037037037037,0.19735602102125607,-0.7905251244653398,0.935005904830055,0.14471639864058905
pima,FedAvg-LR,7,1,None,0.8074074074074074,0.17111377351685658,-0.40102447556769993,0.7418027234880457,0.08310517599350647
pima,FedAvg-LR,7,1,Platt scaling,0.8074074074074074,0.1685871028553165,0.04175838200301055,1.2695809656074597,0.08113821481380715
pima,FedAvg-LR,7,1,Temperature scaling,0.8074074074074074,0.17363427358996755,-0.44404726646489845,1.1735460190382936,0.11194133744584045
pima,FedAvg-LR,7,2,None,0.8090740740740742,0.19183636075383023,-0.9044203536450118,0.6354442954573408,0.1405410097792208
pima,FedAvg-LR,7,2,Platt scaling,0.8090740740740742,0.17605228424310945,0.21814828008496087,1.1428223838467713,0.08720305087537202
pima,FedAvg-LR,7,2,Temperature scaling,0.8090740740740742,0.19402004622660737,-0.6818811278617166,1.5070627014373825,0.14276315287091113
pima,FedAvg-LR,7,3,None,0.5671698113207546,0.3261639571077805,3.521172253485275,0.08487891255379527,0.3276247256131635
pima,FedAvg-LR,7,3,Platt scaling,0.5671698113207546,0.2264343950174787,-0.03704436270021244,17.790395924904658,0.008434205487309221
pima,FedAvg-LR,7,3,Temperature scaling,0.5671698113207546,0.22641209836773094,-0.18737217074671544,0.8585202984897738,0.04303126800992155
pima,FedAvg-LR,7,4,None,0.8371698113207546,0.1624013920984143,0.3570102896557414,0.869075240964145,0.09221864330392156
pima,FedAvg-LR,7,4,Platt scaling,0.8371698113207546,0.1601416696912643,0.2836518026600813,1.0797866141997152,0.11028970092736776
pima,FedAvg-LR,7,4,Temperature scaling,0.8371698113207546,0.15896016375146488,0.2099338342323732,1.061587035860176,0.07715711711714215
pima,FedAvg-LR,8,0,None,0.8162962962962963,0.17938866180359472,-0.7231577448328962,0.8879633081843376,0.12085630537662338
pima,FedAvg-LR,8,0,Platt scaling,0.8162962962962963,0.16834980495003915,-0.10995785658489204,0.6807198738778033,0.08484519333803354
pima,FedAvg-LR,8,0,Temperature scaling,0.8162962962962963,0.18046137176527316,-0.7906659851638701,0.673532719303149,0.14497957718156115
pima,FedAvg-LR,8,1,None,0.8827777777777779,0.16961563111016853,-1.241315136988627,1.0590434253738659,0.18728255383116882
pima,FedAvg-LR,8,1,Platt scaling,0.8827777777777779,0.1398938009779124,-0.1004976777534874,1.4857660725420943,0.09761144160738851
pima,FedAvg-LR,8,1,Temperature scaling,0.8827777777777779,0.17844689080034737,-0.9229687602375869,1.8790107306313535,0.2051254164122775
pima,FedAvg-LR,8,2,None,0.7307407407407407,0.23184283126754462,-0.8044549725194936,0.3698942935615757,0.14667411776298703
pima,FedAvg-LR,8,2,Platt scaling,0.7307407407407407,0.2063377652095912,0.02665969501978753,0.5591064480881939,0.09829475717438865
pima,FedAvg-LR,8,2,Temperature scaling,0.7307407407407407,0.21728870675352926,-0.6862157805370457,0.5661124346821903,0.13004074457091286
pima,FedAvg-LR,8,3,None,0.7916981132075472,0.18308446445082005,-0.35791238763060773,0.660253694711498,0.10037172666666669
pima,FedAvg-LR,8,3,Platt scaling,0.7916981132075472,0.17235002583359826,-0.059962015708632646,0.9421426687697595,0.07526513810560992
pima,FedAvg-LR,8,3,Temperature scaling,0.7916981132075472,0.17754718173606374,-0.3929966132463973,0.8998704169045464,0.11219503505975706
pima,FedAvg-LR,8,4,None,0.8558490566037735,0.20709883432465134,1.9019069926868155,0.972684548330678,0.20998084800718958
pima,FedAvg-LR,8,4,Platt scaling,0.8558490566037735,0.15261615966865982,0.10304611489697243,0.7927915747381986,0.09790205929077651
pima,FedAvg-LR,8,4,Temperature scaling,0.8558490566037735,0.17828108385197347,0.7336151935461019,1.8608018049374546,0.15825999772246876
pima,FedAvg-LR,9,0,None,0.8214814814814815,0.17705546014109041,-0.6643683322221009,0.8178826293627647,0.12775852953246755
pima,FedAvg-LR,9,0,Platt scaling,0.8214814814814815,0.1701551534010031,0.21407234910271009,1.1193088531641573,0.10356435071277709
pima,FedAvg-LR,9,0,Temperature scaling,0.8214814814814815,0.17910570020109323,-0.6276351541081112,1.200734716499791,0.13554980022871904
pima,FedAvg-LR,9,1,None,0.8344444444444444,0.16462886339180877,-0.6340579574705535,0.9878235533939234,0.14801349166883118
pima,FedAvg-LR,9,1,Platt scaling,0.8344444444444444,0.15444699784329555,-0.043489810133309215,1.0282596762205463,0.06491170977928543
pima,FedAvg-LR,9,1,Temperature scaling,0.8344444444444444,0.16451844997502207,-0.6364231394714018,0.9708333626322762,0.13964234350686383
pima,FedAvg-LR,9,2,None,0.83,0.16184073275009633,0.5275637108582799,1.004838542383214,0.08924502322727272
pima,FedAvg-LR,9,2,Platt scaling,0.83,0.15280707283051145,-0.018438421771961637,0.9874379420589271,0.07139471214234488
pima,FedAvg-LR,9,2,Temperature scaling,0.83,0.16059118767531885,0.31933478644666463,1.2483367870228586,0.08961994110736445
pima,FedAvg-LR,9,3,None,0.810188679245283,0.1815211124321285,-0.604735771456756,0.6912508180335524,0.12022673225490196
pima,FedAvg-LR,9,3,Platt scaling,0.810188679245283,0.16947675430431824,-0.0888449733894328,0.8632933673678741,0.06706207821287125
pima,FedAvg-LR,9,3,Temperature scaling,0.810188679245283,0.17880338091876005,-0.599200598122542,0.8272072347981911,0.1040436705824718
pima,FedAvg-LR,9,4,None,0.8230188679245284,0.17488502702469083,0.43419219794200636,0.6551718260833495,0.12799804827843136
pima,FedAvg-LR,9,4,Platt scaling,0.8230188679245284,0.17127500628339953,-0.4274323909036625,0.6703000479187208,0.09370625464148305
pima,FedAvg-LR,9,4,Temperature scaling,0.8230188679245284,0.16676985663664526,0.19188298840278564,0.8965327646355808,0.10952321354825464
pima,FedTGNN-SS,0,0,None,0.8035185185185185,0.2186693258509154,-0.7967076944120172,0.24383139262133108,0.2204982164093918
pima,FedTGNN-SS,0,0,Platt scaling,0.8035185185185185,0.17700327424763826,0.07266844336390904,1.8780696374348955,0.06651315106297248
pima,FedTGNN-SS,0,0,Temperature scaling,0.8035185185185185,0.17941550687770136,-0.4040204679738926,1.6342995101900972,0.1233442196697944
pima,FedTGNN-SS,0,1,None,0.7664814814814815,0.2120542693437595,-0.14117665405765448,0.230701349973924,0.1868701455675583
pima,FedTGNN-SS,0,1,Platt scaling,0.7664814814814815,0.18798503399223818,-0.03391623891528563,1.4767425712705813,0.05119956288306598
pima,FedTGNN-SS,0,1,Temperature scaling,0.7664814814814815,0.19207346248154508,-0.36713349581303417,1.3053258915699284,0.08645233932424247
pima,FedTGNN-SS,0,2,None,0.752962962962963,0.2531689124861053,1.1374750099678472,0.12480452554684239,0.2516434366273396
pima,FedTGNN-SS,0,2,Platt scaling,0.7535185185185185,0.1876567721190656,0.1044055100872738,0.850704829390671,0.08065455887325869
pima,FedTGNN-SS,0,2,Temperature scaling,0.7535185185185185,0.19000814739042868,-0.24257759642932375,0.7827489474505099,0.09480492224085559
pima,FedTGNN-SS,0,3,None,0.7547169811320755,0.2284672486039483,1.990060485956194,0.1517779509456423,0.2095772006097325
pima,FedTGNN-SS,0,3,Platt scaling,0.7579245283018868,0.1887854830651686,0.0521137404380556,1.978100568554692,0.091674010456034
pima,FedTGNN-SS,0,3,Temperature scaling,0.7579245283018868,0.18480858760075863,-0.22460119730702877,1.4874391995667422,0.07361938154899593
pima,FedTGNN-SS,0,4,None,0.8643396226415094,0.16602652697013912,0.7744617147326146,0.22786795146080518,0.17045808838581766
pima,FedTGNN-SS,0,4,Platt scaling,0.8643396226415094,0.14677146873453403,-0.03706311097216167,1.5653488073419153,0.08061564760288462
pima,FedTGNN-SS,0,4,Temperature scaling,0.8643396226415094,0.1479358948978043,-0.41326502888245925,1.4020967872383945,0.100575384299773
pima,FedTGNN-SS,1,0,None,0.7425925925925926,0.2553379949664634,-0.001890902502622115,0.15136213887495226,0.23647149787171784
pima,FedTGNN-SS,1,0,Platt scaling,0.7427777777777778,0.18787023682714804,-0.022159698853784576,1.004334999988122,0.0489431629457293
pima,FedTGNN-SS,1,0,Temperature scaling,0.7427777777777778,0.1935245590880586,-0.3507497659132343,0.8832366120224463,0.08987313519057391
pima,FedTGNN-SS,1,1,None,0.820925925925926,0.23068056966554004,0.9674049974558208,0.1898894091655534,0.23038586180100817
pima,FedTGNN-SS,1,1,Platt scaling,0.820925925925926,0.16975837884074954,0.37184554709175904,0.9501481110996428,0.09118969444007845
pima,FedTGNN-SS,1,1,Temperature scaling,0.820925925925926,0.166267548375817,0.10493028096996952,0.920493237459927,0.051914019367384094
pima,FedTGNN-SS,1,2,None,0.7807407407407407,0.26430652574692737,-2.156894837509207,0.1903580262615437,0.2549954551673899
pima,FedTGNN-SS,1,2,Platt scaling,0.7807407407407408,0.18162890435751763,-0.1880925847187619,0.9199426499151783,0.06022710433969011
pima,FedTGNN-SS,1,2,Temperature scaling,0.7807407407407408,0.19481936794028487,-0.6651718671066377,0.8995763198249043,0.11796686627743352
pima,FedTGNN-SS,1,3,None,0.749056603773585,0.29613597951799747,-3.233646738157597,0.2137646834685256,0.2992903748918105
pima,FedTGNN-SS,1,3,Platt scaling,0.749056603773585,0.1962104723561131,-0.09226627601513271,0.6588818115262634,0.08663171399349899
pima,FedTGNN-SS,1,3,Temperature scaling,0.749056603773585,0.22846425307901913,-1.0312636921296796,0.8896508320340689,0.19590104405489478
pima,FedTGNN-SS,1,4,None,0.7873584905660377,0.24704444314943821,-1.114116539419781,0.15661159861919818,0.23420681512590938
pima,FedTGNN-SS,1,4,Platt scaling,0.7873584905660377,0.17534257807501807,-0.17791983359255223,0.9810418192167237,0.07031489422090549
pima,FedTGNN-SS,1,4,Temperature scaling,0.7873584905660377,0.18286176606717344,-0.4922961819629881,0.9240385652681534,0.10762846280221611
pima,FedTGNN-SS,2,0,None,0.8550925925925926,0.18673003282533396,-1.7385990640641948,0.24184000127752814,0.17969781958956915
pima,FedTGNN-SS,2,0,Platt scaling,0.8551851851851853,0.1533663721562386,0.1397584461597372,1.3342389958242908,0.09794718402671916
pima,FedTGNN-SS,2,0,Temperature scaling,0.8551851851851853,0.1660860944904169,-0.6671888699187037,1.4164446020180284,0.1661125188290768
pima,FedTGNN-SS,2,1,None,0.8021296296296296,0.23791470747395652,-0.7570498275586944,0.15916752789408634,0.2567182049903587
pima,FedTGNN-SS,2,1,Platt scaling,0.8027777777777777,0.16874205133927817,-0.06850513439228167,0.9545600767871056,0.09986471682910715
pima,FedTGNN-SS,2,1,Temperature scaling,0.8027777777777777,0.17521450306170255,-0.4219392309350601,0.9089675695486248,0.11110618196321112
pima,FedTGNN-SS,2,2,None,0.7727777777777778,0.22183486628398624,1.2131267769983511,0.1438822809032779,0.2197820301399523
pima,FedTGNN-SS,2,2,Platt scaling,0.7734259259259259,0.1803866503217286,0.18285368368022561,1.013777032754116,0.05397632168930564
pima,FedTGNN-SS,2,2,Temperature scaling,0.7734259259259259,0.18118327862220618,-0.30565766309659587,0.9249058925148207,0.06481325396869603
pima,FedTGNN-SS,2,3,None,0.7218867924528303,0.27101198066175797,-0.42245441988515753,0.15196410709510727,0.24272063848413178
pima,FedTGNN-SS,2,3,Platt scaling,0.7218867924528303,0.2021327105568142,-0.13643247765584238,0.6752137037911086,0.12633385477111073
pima,FedTGNN-SS,2,3,Temperature scaling,0.7218867924528303,0.21105979982237355,-0.48828354961037074,0.6325793260937754,0.1335681900191573
pima,FedTGNN-SS,2,4,None,0.7326415094339622,0.24591569888175105,0.6666338311529106,0.19964380592975553,0.21095449516249143
pima,FedTGNN-SS,2,4,Platt scaling,0.7326415094339623,0.19374699589465283,-0.11281044918895598,1.0549947115132168,0.06181146150063236
pima,FedTGNN-SS,2,4,Temperature scaling,0.7326415094339623,0.1942739408299258,-0.15941768356572233,1.0242232085103615,0.057647591049423325
pima,FedTGNN-SS,3,0,None,0.7996296296296297,0.23507530022521175,-1.545342620901416,0.22514880438620838,0.22004235221655688
pima,FedTGNN-SS,3,0,Platt scaling,0.7996296296296297,0.17266308580208237,0.006342639778791572,1.2220126391080093,0.04520830766823519
pima,FedTGNN-SS,3,0,Temperature scaling,0.7996296296296297,0.18209014382094552,-0.5468391875496245,1.174769579276063,0.10264401371034712
pima,FedTGNN-SS,3,1,None,0.7440740740740741,0.25614231448373054,0.6563819812566145,0.15453237333302197,0.2465937966880657
pima,FedTGNN-SS,3,1,Platt scaling,0.7440740740740741,0.187224791816418,0.08985028289788745,1.238575889184697,0.07861842158480012
pima,FedTGNN-SS,3,1,Temperature scaling,0.7440740740740741,0.1897083619801608,-0.2800554982579564,1.1138007267593286,0.0857684952775627
pima,FedTGNN-SS,3,2,None,0.8227777777777777,0.22063552108916035,-1.6593937603259614,0.19083539920219822,0.21362061413112046
pima,FedTGNN-SS,3,2,Platt scaling,0.8225925925925925,0.15685424223206848,-0.13278927611162528,0.9888369912531604,0.051118742620174684
pima,FedTGNN-SS,3,2,Temperature scaling,0.8225925925925925,0.1702362669041732,-0.6544487060642113,0.9403227487803985,0.10479030133363657
pima,FedTGNN-SS,3,3,None,0.7684905660377359,0.23909624610104546,-0.6536806529150402,0.2550012277155848,0.21022839767280893
pima,FedTGNN-SS,3,3,Platt scaling,0.7684905660377359,0.1817897165916387,-0.07437941420109334,1.2962687435952445,0.03709958653651947
pima,FedTGNN-SS,3,3,Temperature scaling,0.7684905660377359,0.18675957308080035,-0.4013821696190891,1.2104569426063165,0.08401624541765065
pima,FedTGNN-SS,3,4,None,0.7371698113207548,0.2247744935419146,0.24672431974636438,0.16369525637920304,0.18592347879562088
pima,FedTGNN-SS,3,4,Platt scaling,0.7372641509433961,0.20073279180946713,0.15686653256599795,0.8531792328509996,0.11568849170239656
pima,FedTGNN-SS,3,4,Temperature scaling,0.7372641509433961,0.2023709077909952,-0.35610885486074734,0.8099429278516139,0.13800781642132406
pima,FedTGNN-SS,4,0,None,0.7472222222222222,0.2483091735199968,1.3455997743905546,0.14289080228198153,0.2383465730398415
pima,FedTGNN-SS,4,0,Platt scaling,0.7502777777777777,0.1847972225982735,-0.0183747091914606,0.9579399262815066,0.060546523478146916
pima,FedTGNN-SS,4,0,Temperature scaling,0.7502777777777777,0.185017942807031,-0.049561300802263994,0.9415964915486991,0.05637262606794579
pima,FedTGNN-SS,4,1,None,0.8105555555555556,0.24467109669558018,-2.0331800692100908,0.29719578779636946,0.22577963203052545
pima,FedTGNN-SS,4,1,Platt scaling,0.8105555555555556,0.16450486772631814,-0.032541404340075956,1.124372615938986,0.1381131307390678
pima,FedTGNN-SS,4,1,Temperature scaling,0.8105555555555556,0.1838233348516013,-0.7494233145108212,1.1755877306226898,0.15119469740810712
pima,FedTGNN-SS,4,2,None,0.7757407407407407,0.2163860695447218,-0.8683534750762254,0.26220303080202256,0.18854954347654243
pima,FedTGNN-SS,4,2,Platt scaling,0.7757407407407407,0.18144125611289855,0.004160312713883469,1.0733576788906591,0.09114952799869833
pima,FedTGNN-SS,4,2,Temperature scaling,0.7757407407407407,0.18582896352348685,-0.42820278481131796,1.0036450854354424,0.11740788922548999
pima,FedTGNN-SS,4,3,None,0.6713207547169812,0.25608583618485325,1.3390174492877347,0.1308884116016641,0.24065995886534655
pima,FedTGNN-SS,4,3,Platt scaling,0.6713207547169812,0.22487895042375658,-0.23224833833779798,0.3947463762702105,0.13197890868369913
pima,FedTGNN-SS,4,3,Temperature scaling,0.6713207547169812,0.21393352622387646,0.08034338021508046,0.4683485234600002,0.12055887555008021
pima,FedTGNN-SS,4,4,None,0.7338679245283019,0.2729929682177645,-0.7290533860355723,0.11060807592624163,0.26071217599373164
pima,FedTGNN-SS,4,4,Platt scaling,0.7306603773584905,0.19568788630480546,0.2209817773386363,0.8041953330965821,0.09843733728114289
pima,FedTGNN-SS,4,4,Temperature scaling,0.7306603773584905,0.1979056318742132,-0.3318296210736243,0.8005728425165491,0.08046166804174047
pima,FedTGNN-SS,5,0,None,0.8072222222222222,0.18603250290774673,0.6746019762812959,0.2441161881811438,0.16300004347170038
pima,FedTGNN-SS,5,0,Platt scaling,0.8072222222222222,0.1645715308372827,0.10026326928950584,1.6416881261668084,0.06661152785719117
pima,FedTGNN-SS,5,0,Temperature scaling,0.8072222222222222,0.16440421460405502,-0.2634512408663654,1.4347178028754188,0.08986804226574557
pima,FedTGNN-SS,5,1,None,0.7446296296296295,0.25438704126137407,-1.4616895419080298,0.15772531946999535,0.22924873194283762
pima,FedTGNN-SS,5,1,Platt scaling,0.7446296296296295,0.19135339679709815,0.06672145197227895,0.843021837715301,0.06454579502580253
pima,FedTGNN-SS,5,1,Temperature scaling,0.7446296296296295,0.20951983866459012,-0.6897412568228531,0.9082119210216886,0.15073312027391667
pima,FedTGNN-SS,5,2,None,0.7831481481481481,0.24237967086425063,0.6994997746911572,0.13248521943530842,0.2392926098881259
pima,FedTGNN-SS,5,2,Platt scaling,0.7786111111111111,0.17554163074291193,0.021204001202838167,1.0919891626059988,0.03611083227868814
pima,FedTGNN-SS,5,2,Temperature scaling,0.7786111111111111,0.17839404642035198,-0.2674786503403306,1.0005534159023333,0.0678388812383875
pima,FedTGNN-SS,5,3,None,0.7360377358490566,0.2586903265668135,0.7461572250736227,0.17856106586982154,0.24670276530357482
pima,FedTGNN-SS,5,3,Platt scaling,0.736132075471698,0.19130778449049743,0.07158228494038026,1.0732856033148166,0.08516718063964789
pima,FedTGNN-SS,5,3,Temperature scaling,0.736132075471698,0.19311900596656567,-0.2868578780314162,0.9767493948632071,0.08644276787516499
pima,FedTGNN-SS,5,4,None,0.7315094339622641,0.3055290010054226,-3.0832274416367413,0.12849454502784316,0.3034742900028133
pima,FedTGNN-SS,5,4,Platt scaling,0.7316037735849057,0.20176954626735735,-0.12324143917809785,2.132327366150551,0.0945093518640905
pima,FedTGNN-SS,5,4,Temperature scaling,0.7316037735849057,0.21674931963208358,-0.6197085878707546,1.7590550515149255,0.14016025547798105
pima,FedTGNN-SS,6,0,None,0.7764814814814816,0.22753241833921486,0.6940442314506433,0.24723491040946444,0.19363467837100726
pima,FedTGNN-SS,6,0,Platt scaling,0.7764814814814816,0.1823991074704115,0.11288278965721751,1.4732898222688409,0.09126815629487883
pima,FedTGNN-SS,6,0,Temperature scaling,0.7764814814814816,0.179951715273613,-0.11953030099181389,1.2232751889371805,0.11595193639617639
pima,FedTGNN-SS,6,1,None,0.7935185185185184,0.20675365134651597,-0.3822162231840547,0.2109745753035234,0.19352787571142843
pima,FedTGNN-SS,6,1,Platt scaling,0.7936111111111109,0.17738689770095145,0.08225363940734907,1.4588450856721549,0.07174104947179094
pima,FedTGNN-SS,6,1,Temperature scaling,0.7936111111111109,0.1811908369660316,-0.3965100458759199,1.3059372485773384,0.11014431947866272
pima,FedTGNN-SS,6,2,None,0.758888888888889,0.2531449251971543,-1.564839837791827,0.19760791044176715,0.24786311976236228
pima,FedTGNN-SS,6,2,Platt scaling,0.758888888888889,0.19009823959146896,0.09035711949088854,0.7117116494825159,0.08456008783652545
pima,FedTGNN-SS,6,2,Temperature scaling,0.758888888888889,0.20085679125277767,-0.5654536475740701,0.7313732520830687,0.09643346597653962
pima,FedTGNN-SS,6,3,None,0.7090566037735848,0.29884295679415107,-0.4306636283168868,0.1383049513742271,0.2940638945213052
pima,FedTGNN-SS,6,3,Platt scaling,0.7090566037735848,0.21313689984671325,0.10692567098429821,0.5032768353611525,0.13497563234713833
pima,FedTGNN-SS,6,3,Temperature scaling,0.7090566037735848,0.2201950524772666,-0.27683736838885975,0.4916691601938468,0.13373184176809277
pima,FedTGNN-SS,6,4,None,0.7258490566037736,0.26016913415094456,-0.1160163751003681,0.14969466661791248,0.25395258444124424
pima,FedTGNN-SS,6,4,Platt scaling,0.7265094339622642,0.19135659549431053,0.07491042569607134,0.9138162431889281,0.06165353113893209
pima,FedTGNN-SS,6,4,Temperature scaling,0.7265094339622642,0.19769245752249634,-0.32149265663175314,0.8298811563241583,0.07316831664077417
pima,FedTGNN-SS,7,0,None,0.7348148148148148,0.277660292227819,-0.14045712768320287,0.1583643952303238,0.2749290501776299
pima,FedTGNN-SS,7,0,Platt scaling,0.7348148148148148,0.19585450969790774,-0.2247843241229627,1.1196727810027638,0.08562115634072338
pima,FedTGNN-SS,7,0,Temperature scaling,0.7348148148148148,0.20082720334581927,-0.4198781066907905,1.0024422961155195,0.09804203221604794
pima,FedTGNN-SS,7,1,None,0.7753703703703704,0.23042397130680017,-0.8125891439084181,0.20337865426715557,0.22650473763179252
pima,FedTGNN-SS,7,1,Platt scaling,0.7752777777777777,0.17746632602716306,-0.03466324675502063,0.9862847629040373,0.048297727751411806
pima,FedTGNN-SS,7,1,Temperature scaling,0.7752777777777777,0.1868811158651565,-0.4903035347354066,0.9327758191009793,0.10076462616022291
pima,FedTGNN-SS,7,2,None,0.6031481481481482,0.3556423152470383,0.3883170198199714,0.06791932144912152,0.3650117796702786
pima,FedTGNN-SS,7,2,Platt scaling,0.6031481481481482,0.2214014843312357,0.16612818376527203,1.120961411196642,0.06387255299004214
pima,FedTGNN-SS,7,2,Temperature scaling,0.6031481481481482,0.2338408105067725,-0.5009699562027541,1.187094424504549,0.11740357088146991
pima,FedTGNN-SS,7,3,None,0.7275471698113207,0.25063291115335473,1.0170941011051668,0.15224070349186133,0.23088713183498769
pima,FedTGNN-SS,7,3,Platt scaling,0.7286792452830189,0.2045274327581949,0.008594297663781484,2.731535525057854,0.07270418548443695
pima,FedTGNN-SS,7,3,Temperature scaling,0.7286792452830189,0.2011281487500445,-0.32774599745982325,1.662396415857832,0.10094969173853839
pima,FedTGNN-SS,7,4,None,0.7615094339622641,0.23953073750654963,-0.5401715753300625,0.2172442373087104,0.23080760764318328
pima,FedTGNN-SS,7,4,Platt scaling,0.7616981132075471,0.18165076734955812,0.002099093847595888,1.279312290278084,0.05729946052863694
pima,FedTGNN-SS,7,4,Temperature scaling,0.7616981132075471,0.18807689406862946,-0.39746458503893867,1.2227929025887663,0.10572084386057505
pima,FedTGNN-SS,8,0,None,0.8151851851851852,0.1952237073287817,0.0672182598700977,0.2965302509602644,0.16390643630737356
pima,FedTGNN-SS,8,0,Platt scaling,0.8151851851851852,0.1647973523189473,-0.0385469714342607,0.9582599537982402,0.04693618515437905
pima,FedTGNN-SS,8,0,Temperature scaling,0.8151851851851852,0.16627493853491246,-0.21073945868456226,0.9152439475133558,0.042179478844360754
pima,FedTGNN-SS,8,1,None,0.7687037037037037,0.24687345925650708,-0.6773140985355821,0.18004832159152317,0.2505015825412209
pima,FedTGNN-SS,8,1,Platt scaling,0.7687037037037037,0.18079010436304416,-0.12948899895068197,1.371421776852775,0.05861873358481363
pima,FedTGNN-SS,8,1,Temperature scaling,0.7687037037037037,0.18686534920314574,-0.43365458474330154,1.1856326317400396,0.10316043160667904
pima,FedTGNN-SS,8,2,None,0.678888888888889,0.3003453736185077,-1.4472277061553425,0.114081779873917,0.2920751418236045
pima,FedTGNN-SS,8,2,Platt scaling,0.678888888888889,0.21515345932882657,0.0898049091638372,0.5504786768872275,0.1069314653543199
pima,FedTGNN-SS,8,2,Temperature scaling,0.678888888888889,0.22969974434597665,-0.6110037892849595,0.5621438215386318,0.13535796308711012
pima,FedTGNN-SS,8,3,None,0.7379245283018868,0.23299869935304104,1.9308478934346556,0.17093088491212366,0.2219213926224955
pima,FedTGNN-SS,8,3,Platt scaling,0.7383018867924528,0.19159201512015978,0.22863960764807378,0.7131226845286607,0.11908906646356718
pima,FedTGNN-SS,8,3,Temperature scaling,0.7383018867924528,0.1909779401001712,0.12252375835414657,0.6948973972422082,0.06546308109508839
pima,FedTGNN-SS,8,4,None,0.8030188679245283,0.22871984432325485,-0.14924523699495226,0.18588489571228595,0.2352204877762333
pima,FedTGNN-SS,8,4,Platt scaling,0.8030188679245283,0.16729536498709818,0.04757845193364781,0.9308029643945657,0.07391506119292883
pima,FedTGNN-SS,8,4,Temperature scaling,0.8030188679245283,0.17134559980248953,-0.2857026782974428,0.893835837199158,0.07635581061765064
pima,FedTGNN-SS,9,0,None,0.8140740740740741,0.20079831323160757,0.23499998430507688,0.2977505714682847,0.1862500225628616
pima,FedTGNN-SS,9,0,Platt scaling,0.8140740740740742,0.16477239577034725,0.2377190258188091,1.0199632274289039,0.05566720527963869
pima,FedTGNN-SS,9,0,Temperature scaling,0.8140740740740742,0.16278278612191105,-0.057061910102448564,0.9809699058687548,0.08523171763087103
pima,FedTGNN-SS,9,1,None,0.7566666666666666,0.2394971231570815,-1.11747700590365,0.12639116339480388,0.2231297984228137
pima,FedTGNN-SS,9,1,Platt scaling,0.7589814814814814,0.18986252263890527,-0.35646195335013303,0.6758668721456037,0.1275348524856284
pima,FedTGNN-SS,9,1,Temperature scaling,0.7589814814814814,0.19616529004827524,-0.5827272649211718,0.6294874626686691,0.12127336693296517
pima,FedTGNN-SS,9,2,None,0.7594444444444444,0.22560016823444684,0.20097892751249175,0.19821007050501052,0.22448111378599675
pima,FedTGNN-SS,9,2,Platt scaling,0.759537037037037,0.17992524054119896,-0.07309684169291916,0.9408047314076686,0.054557163547094153
pima,FedTGNN-SS,9,2,Temperature scaling,0.759537037037037,0.1849219146699757,-0.3692688965399377,0.858174397995378,0.1254396194946386
pima,FedTGNN-SS,9,3,None,0.8271698113207547,0.19480165941047822,0.5513439202187729,0.2062165996433649,0.18713136690393312
pima,FedTGNN-SS,9,3,Platt scaling,0.8271698113207547,0.15519025930693287,-0.08258693693887086,1.131993155297624,0.06611100129899376
pima,FedTGNN-SS,9,3,Temperature scaling,0.8271698113207547,0.15591106547871728,-0.18063986869214063,1.100926295510579,0.052402969108400886
pima,FedTGNN-SS,9,4,None,0.8188679245283019,0.21004606868211448,-1.8483143628382654,0.2178632338799249,0.1933127731354856
pima,FedTGNN-SS,9,4,Platt scaling,0.8173584905660377,0.16614364264904305,-0.3199342522504705,1.0682035132335974,0.08311645522319612
pima,FedTGNN-SS,9,4,Temperature scaling,0.8173584905660377,0.17287243937788388,-0.5585733557919133,1.037133726793285,0.09486264090255685
