dataset,rho,method,auroc_mean,auprc_mean,sensitivity_mean,specificity_mean,ppv_mean,npv_mean,f1_pos_mean,macro_f1_mean,brier_mean,cal_intercept_mean,cal_slope_mean,ece_mean,train_time_s_mean,comm_bytes_mean,auroc_sd,auprc_sd,sensitivity_sd,specificity_sd,ppv_sd,npv_sd,f1_pos_sd,macro_f1_sd,brier_sd,cal_intercept_sd,cal_slope_sd,ece_sd,train_time_s_sd,comm_bytes_sd,n_runs
early,0.1,Cent-GRAND,0.9523515625000001,0.9723810024401373,0.8709375,0.9055,0.9396627567589897,0.82073687284154,0.901769783939654,0.8795784526182205,0.09005000665783879,0.5256643532920058,0.740505175745718,0.08988420400141664,2.672417917251587,0.0,0.03423361407344387,0.02013698282068589,0.06813047043192576,0.08766966058879837,0.05008635858352334,0.07434846617267452,0.04375469696341425,0.05210792116316255,0.035391845474429,0.8391000311118769,0.35716492655529075,0.03491416687373631,0.1964676887278899,0.0,50
early,0.1,Cent-LR,0.971109375,0.9840827882642594,0.90375,0.9309999999999999,0.956525072104586,0.8630547235975855,0.9279802503680717,0.9106095595318057,0.06294764958322045,0.4165174741069638,1.207581802986152,0.06620805496135006,0.44572360038757325,0.0,0.013962486254286815,0.007642146240230688,0.05219206337741244,0.06399936224172031,0.03721409555368396,0.061474627640609666,0.02971130892244297,0.036149499012762445,0.01551915469559306,0.38337914254117395,0.8700789388421366,0.016634094790291556,0.0702802342848758,0.0,50
early,0.1,Cent-XGB,0.9874140625,0.99284867319504,0.9403125,0.963,0.9767607513446328,0.9133671967745128,0.9575188192117053,0.9468230117246719,0.03514966226182874,0.4072137710699319,1.7220781570435946,0.04238952823063855,0.22068054676055904,0.0,0.00975822104533131,0.005494783362885777,0.04112113645706316,0.04048179232944214,0.024534721980531013,0.0552324876279452,0.02335442000967857,0.028365222530499896,0.016623147506967,0.6767038832166684,2.5734015974565363,0.013003270255119125,0.03136106835715315,0.0,50
early,0.1,FedAvg-GCN,0.9532734374999999,0.9728049952123804,0.8646875,0.9055,0.9401867614793166,0.8158379220597313,0.8981113989082139,0.8754584110556817,0.086294881850481,0.3519324530289586,1.0056340876075895,0.08387449187656432,0.6310300254821777,194880.0,0.031220678407491584,0.018010587737969274,0.07126166325054933,0.09412459176809324,0.04878252215344551,0.07628784014231489,0.04040552902842016,0.04929861872777154,0.03198677446536947,0.5885498844157978,0.8031518805783705,0.032012722240196814,0.07476210239386905,0.0,50
early,0.1,FedAvg-LR,0.9692734375000001,0.9830627111831124,0.893125,0.929,0.955019972086363,0.8515082893446929,0.9211609059592285,0.9033069366668879,0.06465347677469249,0.24496520437217664,1.244090308639139,0.06595728188000902,0.47833417892456054,16720.0,0.014904800691239306,0.008152721614321162,0.060995932868762745,0.06172685057276659,0.03641193209424234,0.06812418342567912,0.031887136033061744,0.03601758007369338,0.01666146284804514,0.4639497230916147,1.1930983334248497,0.01720198798466925,0.06703335036258216,0.0,50
early,0.1,FedAvg-MLP,0.9872187499999999,0.9925855776691455,0.9340625,0.9495,0.9688518276949588,0.9039423707585855,0.9502109779227453,0.937168815231164,0.04324700957164164,-0.08294281922357984,2.5924373806181857,0.06186295993052993,0.3021445608139038,194880.0,0.010954865041631375,0.006000930536741336,0.04191320028843382,0.05725212766744114,0.03290076062533561,0.055631995259888954,0.024165409483583183,0.03085124345984722,0.018405597159821995,0.5296204027271104,4.102020295176279,0.025691659224606818,0.048860755230462447,0.0,50
early,0.1,FedAvg-SAGE,0.9775703124999999,0.9864057055070513,0.9034375,0.9405,0.9619842985489362,0.8647316781015814,0.9303956930921167,0.9145428545998187,0.058405868150293784,0.6237436000295233,1.226889001846623,0.0653525867255834,0.541168966293335,379200.0,0.017326463464786685,0.012537686693454642,0.05635353991063192,0.05172780012838788,0.03163713723416743,0.0661596712958194,0.031167454413682228,0.03542642903225629,0.02375167175033957,0.8013136463686019,1.6539347155366655,0.02241924886314204,0.06056707112344235,0.0,50
early,0.1,FedEns-RF,0.9910625000000001,0.994611420659234,0.9428125,0.95,0.9694675606323809,0.9191458251861423,0.9546194459035274,0.9430838972500335,0.045163796411257486,0.29452567103886845,4.395933805042109,0.09590822117852364,1.7730995321273804,,0.009048318094959764,0.005269415750817603,0.054731669480590946,0.05175491695067654,0.03035643674266805,0.07103377688162013,0.028088051961311335,0.03312613223007529,0.016879042483199623,0.32034918095110887,4.58756519990282,0.025069499050144488,0.17472766222098876,,50
early,0.1,FedEns-SVM,0.987234375,0.9921636375162393,0.931875,0.9434999999999999,0.9656445647786598,0.902795258430615,0.9470338676116308,0.93335018927487,0.04736650307690162,-0.15388630092252475,2.8943879009141344,0.08301031357361952,0.035117754936218215,,0.01227537532482951,0.008192186814978927,0.05097502764960065,0.06161309495056837,0.03545483605645238,0.06542832734559853,0.025574165698700465,0.031198797404495035,0.021480836603371883,0.402908519088995,2.9916347551100895,0.03212127223737262,0.013607602523876647,,50
early,0.1,FedEns-XGB,0.980109375,0.9885214393014428,0.9196875,0.95,0.96856991948172,0.8883357685756907,0.9419491804008919,0.9286579725724183,0.051739648778524765,0.11455420106499363,2.111647931948286,0.07168270504577523,0.4228322982788086,,0.015609415059140435,0.00899359876920168,0.06226118276122393,0.05125964319431187,0.031065227102998073,0.0747921657970489,0.03441288152701636,0.038813698352446996,0.023124838361593437,0.47889281169077125,2.3409881834743733,0.025335366739174397,0.06929012291136268,,50
early,0.1,FedMatch-tab,0.986609375,0.9922442868413605,0.9275,0.9540000000000001,0.9716490927622723,0.8958920523034298,0.9479880210405284,0.9349130151787908,0.04385937646031375,-0.11466470088103428,2.5158097500022105,0.06009424713296955,0.38297064781188966,194880.0,0.011260447246618469,0.006146189023633137,0.04494983740407811,0.05876275371772323,0.03369501595356523,0.05725423568666183,0.025261449727969346,0.03190123852442639,0.01851472090891345,0.5271336870872687,4.092164749683827,0.02530871741374701,0.05396287256468504,0.0,50
early,0.1,FedProx-LR,0.969078125,0.9829471409736023,0.894375,0.9259999999999999,0.9534049624376412,0.8532920769163057,0.9208804000718753,0.9028340892461065,0.0647571355104446,0.2520317401556929,1.2014561127552246,0.06867765204228743,0.6457118082046509,16720.0,0.014928547398306036,0.008089758463455797,0.06294167915213096,0.06164414002968976,0.03629620303463255,0.06933149223135775,0.031387952816454304,0.0348090265368992,0.01644715310051506,0.4588461000028681,1.0460875121450002,0.018144628311323827,0.08171534626179842,0.0,50
early,0.1,FedST-XGB,0.980359375,0.9889035497036919,0.913125,0.9505,0.9688637544142125,0.8817957893877094,0.9382569654544186,0.924847506587519,0.052245944291928685,0.12546262653494905,2.6288867943859815,0.06986206776399904,1.3108189630508422,,0.01535785660716778,0.008567923769134931,0.06945946549563115,0.05236498674433798,0.03159143850608687,0.0827202909093524,0.03759296839167642,0.04144161948770496,0.023373601881676757,0.48236514999428015,4.015121640940689,0.026292591207774985,0.22065372792000704,,50
early,0.1,FedTGNN-SS,0.96497265625,0.9804500892556259,0.874375,0.9295,0.9546319439412243,0.8326451364690876,0.9099372370852301,0.8920721604735239,0.09182755660265679,3.5468554823772287,0.4139819500713905,0.09939183568056106,5.603840441703796,5528336.0,0.0249693268987984,0.013359852709081995,0.07966967837930077,0.06520963056456729,0.038549470025077276,0.08400114889273676,0.044856200728628046,0.04673794613413178,0.03681760401458006,2.3002119371734837,0.2481628485956328,0.037380303581076184,0.20004670946291458,0.0,50
early,0.1,Local-GCN,0.9354140624999999,0.9600342023021082,0.840625,0.899,0.9351023246561323,0.7917692140332658,0.8806016376758106,0.858141432030046,0.09844727493822569,0.2446093874116894,0.8998457255428545,0.09123840906048335,0.608291597366333,0.0,0.05254448462035434,0.03879851931236295,0.09892196342035867,0.09871108119669449,0.05380367756607629,0.09174504764935099,0.06054180295809762,0.06267848404030608,0.04141977888082005,0.6117288388644969,1.0303721145950406,0.0423973980212629,0.08614260806613103,0.0,50
early,0.1,Local-LR,0.9588515624999999,0.9761849119677616,0.8690625,0.9065000000000001,0.9402320773618346,0.8219877679744441,0.9003852918508541,0.8791155839367554,0.07780728682875629,0.28862446927093743,0.9315795373966749,0.07587001078009888,0.8844418001174926,0.0,0.025248462641762583,0.016556365940356005,0.0784044746110234,0.07854057835908515,0.04666752540349298,0.08415359325649821,0.04546002682555362,0.050157049043499456,0.02715953968409875,0.5248612495026843,0.3283611524361903,0.028098895123355967,0.07917255585905282,0.0,50
early,0.1,Local-TGNN,0.9521640625000001,0.9699267234128309,0.89,0.905,0.9405337260127135,0.8431061284279404,0.9127901304621129,0.8910043395792183,0.08551050379872317,1.4865270877878485,0.49978501807277115,0.0906688276160723,5.629047813415528,0.0,0.039601448653190485,0.02871286337568704,0.05922207750734277,0.0890711708095709,0.050683068807185414,0.07062760455663906,0.03920454957799909,0.048484742160976556,0.03680122552181302,1.593410536022022,0.24583077543486084,0.035730408185954354,0.17668016578044873,0.0,50
early,0.1,RSCFed-tab,0.986515625,0.9922114645792642,0.9275,0.9465,0.9670389109751771,0.8954760855534459,0.9457191774257965,0.9318077662922538,0.044216752666979976,-0.1213302908772,2.256909884312131,0.05917446008668493,0.37208230018615723,194880.0,0.011272940223468237,0.0060764118239008715,0.04539105172311623,0.05976356476541026,0.03420669932623181,0.05817493838389068,0.0246527206268262,0.03107441645964566,0.01876755315093462,0.5714528769717805,3.824400354138924,0.02639416424749211,0.0592032078746413,0.0,50
early,0.3,Cent-GRAND,0.95078125,0.9716970508579535,0.85875,0.9155,0.94469893542245,0.8084008559283185,0.8976233161804541,0.8765351233487076,0.09134443975985045,0.6385451329885174,0.7283131332805951,0.09066980049685715,2.7855609607696534,0.0,0.034803538215552605,0.02005054854576301,0.06688686000117156,0.07641354992568332,0.04569143151481374,0.07307033789091139,0.04174599797086837,0.0478743404015115,0.03690356809180795,0.8799541768825003,0.3773308464862045,0.03418896823726533,0.2294026344277064,0.0,50
early,0.3,Cent-LR,0.9685859375,0.9827986210374803,0.8984375,0.927,0.9544653503776958,0.8565870349387784,0.9239062138945353,0.9055227451570196,0.06596184950321908,0.4385846674316574,1.1804744087885921,0.07101641482995963,0.42826486587524415,0.0,0.015713257198611004,0.008472162400634711,0.05303394808266396,0.0719339265987779,0.040399446512301325,0.06018054065665505,0.028043559549138442,0.034288329818322194,0.017193003255905243,0.3677488276901169,0.8926506578344037,0.014940878670336468,0.06999429180577116,0.0,50
early,0.3,Cent-XGB,0.9838632812500001,0.9909120173508913,0.9353125,0.9525,0.970170898658313,0.9061123944966428,0.9516003796506115,0.939339318407635,0.043159382324665735,0.5018436867296583,1.1135584671130878,0.051401709401263596,0.2141600656509399,0.0,0.010449946257217705,0.006010039210189175,0.04453222899926363,0.04410388941153025,0.02660295467022511,0.05608069212174256,0.02539176866957294,0.029546752698134403,0.01728699752580722,0.6705216529961758,0.6766815076642425,0.01615519899319825,0.03661924990802445,0.0,50
early,0.3,FedAvg-GCN,0.9514765625,0.9722390560499039,0.8640625,0.9129999999999999,0.9437990260642934,0.8153101952626869,0.8997030693377757,0.8786524725506801,0.08872869007289404,0.36566899558280797,1.0232510410594096,0.08744003664415612,0.6299448347091675,194880.0,0.03351033876030674,0.018367193580840838,0.07227801276201865,0.07909565379323694,0.04480436917373322,0.0778094335417547,0.04325391307336462,0.0493959897857605,0.03330913019623977,0.5931069639222799,0.8801476045396658,0.030227160264860737,0.08459873494903805,0.0,50
early,0.3,FedAvg-LR,0.9663671875,0.9815314006666981,0.8915625,0.9175,0.9476357670389542,0.8489717772003357,0.9167741002199777,0.8975792201744835,0.06717149883508677,0.26311418274800735,1.0507549266091207,0.07147667325424169,0.4998618507385254,16720.0,0.017055684018010712,0.009544042640277464,0.0647252151465355,0.06413673212881417,0.037188079145259435,0.07380276699624592,0.034817432892874846,0.03893636610442003,0.018787485280508914,0.48628491765011345,0.4616119326250668,0.018212596699503644,0.0988877732716837,0.0,50
early,0.3,FedAvg-MLP,0.984296875,0.9910716730237611,0.9253125,0.9384999999999999,0.9627133514418946,0.8919708555315463,0.9422652051852113,0.92698598912383,0.047354783248156264,-0.042195989800925,1.8108570110900715,0.06086608835066163,0.3159892988204956,194880.0,0.011914813929548603,0.0064620359620894095,0.04631790554121041,0.07270467239287376,0.0422963443079346,0.05868358590512321,0.02684601694693649,0.03426758580542069,0.019473207540337333,0.535430410834719,2.2317143782981845,0.023391106251791804,0.06513531425407813,0.0,50
early,0.3,FedAvg-SAGE,0.975796875,0.9864913540295628,0.900625,0.9359999999999999,0.9595422811508861,0.8617908077255407,0.9273707540993387,0.9109091801446625,0.06299355670809742,0.67768671735331,0.891095489994079,0.0688705271437692,0.5189826345443725,379200.0,0.017004797726731156,0.009262457493948217,0.061354294795033855,0.05828326325378671,0.03535275537942083,0.07088145103861265,0.0331655030841027,0.03732567280989572,0.02507756720402863,0.7252787836922877,0.5396647346905907,0.023845290615435968,0.06803145979884702,0.0,50
early,0.3,FedEns-RF,0.98775,0.9925571905634861,0.9378125,0.94,0.9635623069190595,0.911745989148181,0.9489299334530815,0.9357068131234709,0.052521233527654386,0.3188404116825533,4.388683135279253,0.10683061987091888,1.714848189353943,,0.011352635561122947,0.006687963033081194,0.055891894389243676,0.05646924393157821,0.032380285200817864,0.06820988578955656,0.02729573727855717,0.03106456888738805,0.016228872598547064,0.2887798518918173,4.806588181998307,0.025432727981406382,0.229332518249543,,50
early,0.3,FedEns-SVM,0.9843828125,0.9908083794654019,0.9265625,0.9395,0.9630985292678944,0.893424899431983,0.943244000330211,0.9281124815072337,0.053233444958793,-0.08318022901109857,2.5175394172288623,0.0891179675512597,0.028483915328979443,,0.01291065765229749,0.0077293399420434675,0.04555431167847891,0.07285889353638951,0.040037845695210836,0.057143432205931655,0.027854799501894952,0.03617006933859117,0.022841071051845668,0.33936112410818836,1.7437163257768342,0.03631221789066964,0.008323223899834755,,50
early,0.3,FedEns-XGB,0.9747499999999999,0.9857365916932628,0.913125,0.9405,0.9625175413290892,0.877980811753201,0.935663129822496,0.9205264636040722,0.06061948921905435,0.155328914358362,2.0543942746103214,0.08070219944289785,0.41204917907714844,,0.01556124588986277,0.008660244194066117,0.058562172613594955,0.05507184546812741,0.03196704889583961,0.06936472739843591,0.03212736338360065,0.03633541582173081,0.023644583282358217,0.4279503361134305,1.9143392137688293,0.03157035229226808,0.0759685885027077,,50
early,0.3,FedMatch-tab,0.98390625,0.9908903059048424,0.924375,0.9395,0.9634222720112122,0.8914733250156222,0.9420193306095729,0.9268171648291631,0.047932280153036064,-0.03567464603430999,1.9423207942685905,0.05903422947686447,0.3845337343215942,194880.0,0.011984133656737615,0.006391380230514809,0.04728350906597179,0.07197824217733283,0.04119663499608922,0.060168221055665036,0.02509381266336385,0.032055944682578885,0.01911691541855308,0.5580378047267722,3.0077698300057794,0.022674332465102934,0.06787183333522577,0.0,50
early,0.3,FedProx-LR,0.9657265625,0.9811734301067702,0.884375,0.9275,0.9543885760026596,0.8411825254550592,0.9158466619775233,0.8971842066551526,0.06730744849890466,0.26670856456598274,1.04786229176421,0.07194309550552411,0.6691648244857789,16720.0,0.017095542280610616,0.00956949865724972,0.0631345340345132,0.07165143802763885,0.04241561140620853,0.06940251868486146,0.0330790490373551,0.03752382653693806,0.01896527946495264,0.4731545094090734,0.4679959875812139,0.019275990360625963,0.12937849739901106,0.0,50
early,0.3,FedST-XGB,0.9745781250000001,0.985534968726941,0.9078125,0.943,0.9639115458412081,0.8723898825792731,0.9333040162645689,0.9183238101888017,0.06072855150516748,0.1637449660943085,2.3054907864110556,0.08109398498623287,1.7405385208129882,,0.015730390346865658,0.008846883310794406,0.06393832851518974,0.054641689996872224,0.03238227457722363,0.07420318942001997,0.03537427220548765,0.03924854702137751,0.02439235369552646,0.4478349611074518,3.1669190434371544,0.029397225640596724,0.24596034938294448,,50
early,0.3,FedTGNN-SS,0.96458203125,0.9797897460832408,0.8746875,0.9205,0.9494486107319874,0.8310530274116698,0.9077288725255016,0.8883935145543377,0.09559150144457813,4.062535688881451,0.39344728159935305,0.10312878463536501,5.712316207885742,5528336.0,0.023881308071883555,0.012956957120649058,0.07572789319265366,0.07243751705815862,0.04244471106507231,0.07954734098935842,0.04154461672182035,0.043814321197293005,0.03239354918531297,1.8703812563202906,0.1653410400618964,0.03267470506109241,0.32341241085044464,0.0,50
early,0.3,Local-GCN,0.9334375,0.9603585293555623,0.8375,0.8945000000000001,0.9323587894923752,0.7870071137981121,0.8778944849406521,0.8543787231934467,0.10124542944133279,0.24831846855811293,0.7942541844747211,0.09448979365236408,0.5801564025878906,0.0,0.0476220629509416,0.02990857788671149,0.09470180105176974,0.10230631277029323,0.05578134520871765,0.09208422860159937,0.055600738240929336,0.06072794232278643,0.044105245259567785,0.5993355921898881,0.43632666418030197,0.04631471977375513,0.08458929761961818,0.0,50
early,0.3,Local-LR,0.95484375,0.9741345066667583,0.8771875,0.8915000000000001,0.9332347325180925,0.8309080946460533,0.9010268453997411,0.8774120448647531,0.07971653871238228,0.2826506014536502,0.9469108169212305,0.0790499782773594,0.8745557689666748,0.0,0.026622690283187766,0.01740330286887056,0.07563045498119968,0.09551284773072496,0.053489201998939674,0.08472552076320916,0.039137257289845594,0.04581031318532075,0.026437794091037952,0.4992230595293792,0.36504437709083726,0.027861295360199483,0.09438881827696026,0.0,50
early,0.3,Local-TGNN,0.9485703125,0.9665346384478487,0.8615625,0.9079999999999999,0.9429000249797806,0.8133165860089819,0.896905471975291,0.8745422168839393,0.09806353203952309,1.7080450609485047,0.48429247181593205,0.10587923670106994,5.659639759063721,0.0,0.04450184271692229,0.03354409185484828,0.08035776289443329,0.10978178727059663,0.06209016804099391,0.08702738430685793,0.05076091549447361,0.06003891505373923,0.045913133467695294,1.370137424239369,0.20940591927382082,0.04543023840073941,0.17251163534478225,0.0,50
early,0.3,RSCFed-tab,0.9836015625000001,0.9906895223155626,0.9221875,0.937,0.9619867580194752,0.8886865666347458,0.9400473404435913,0.9244089879180362,0.04793320484459396,-0.008684197683868782,1.8379761485585058,0.058222919898644906,0.3615938138961792,194880.0,0.01218116423897964,0.006560395539993327,0.04925808781876562,0.07340827957529097,0.042188832816699315,0.0610354508968629,0.025380172493149906,0.03206530390919307,0.01920083774220843,0.5703576631554212,2.5589544603384375,0.0224905946455048,0.06590957777319525,0.0,50
early,0.5,Cent-GRAND,0.94926953125,0.9700103989423432,0.86,0.9055,0.9389463706725287,0.8088591897046459,0.8951746634664545,0.872918832296173,0.09653642810881134,0.6588484525840188,0.6738303694450988,0.09834378300216763,2.8170792150497435,0.0,0.03422426279772223,0.020378846918743605,0.07503188097912318,0.08810505093353048,0.049810072592926476,0.07946968690626442,0.047659995101851135,0.05582673822717863,0.04027632195803546,1.0759416522604544,0.5031559035474652,0.04303571940734117,0.1935240353064258,0.0,50
early,0.5,Cent-LR,0.96621875,0.9815923440725821,0.8840625,0.934,0.956977506421189,0.8416655014280343,0.9172351925641287,0.8999856956113819,0.07019876345992083,0.43800220830244496,1.1076934365189914,0.07479944471878783,0.41734335899353026,0.0,0.014927270734839602,0.008036371028682038,0.06592119140128845,0.047315700461940544,0.029528379147283106,0.07185246584102595,0.03585203344324361,0.0379806745100709,0.017601362507842618,0.47778616950494374,0.587635067650193,0.01578871552206671,0.06261203613691249,0.0,50
early,0.5,Cent-XGB,0.9793789062499999,0.9882656188193784,0.9209375,0.941,0.9631967606990437,0.8863181801421454,0.9404794561508849,0.925488216735862,0.05145000185817476,0.4452663874123121,1.0177129362359887,0.05892756181840709,0.19883115768432613,0.0,0.01178414272382726,0.007041888311801084,0.046865432697114344,0.05841442371503107,0.03465424775367571,0.06013250631611292,0.026468390626961505,0.03210539951523263,0.01924290476779807,0.7456906898579057,0.4758926519158112,0.016830261353473607,0.0317263623871581,0.0,50
early,0.5,FedAvg-GCN,0.9500859375,0.9708330528810337,0.8559375,0.9045000000000001,0.9393336737912819,0.8060349320194201,0.8926365635890592,0.8696740247594513,0.09055729076266285,0.3545080986029579,0.8841434964138368,0.0885958724798491,0.6079210186004639,194880.0,0.029502550783455806,0.017228434206210466,0.07650032617144019,0.0997049217870985,0.05203401792274062,0.08238006963229678,0.04430224306207367,0.05444450325907075,0.03369365314829845,0.7178207272443743,0.44662636787793447,0.029715237849275086,0.08690376488529424,0.0,50
early,0.5,FedAvg-LR,0.962953125,0.9795090792568889,0.8728125,0.9315000000000001,0.9551766674482876,0.8285344713075091,0.9100446907006982,0.8920022870330796,0.07254334144294257,0.2655359485576694,1.0280239656244354,0.07428253594176983,0.48685977935791014,16720.0,0.015504630426179907,0.008578591631570225,0.06858238495988395,0.05219908905296319,0.03167500090071478,0.0722948312761901,0.036657693039693844,0.03846089464317331,0.01571132655931252,0.5026896047318897,0.5127152390075863,0.017348736413808234,0.08369079556970335,0.0,50
early,0.5,FedAvg-MLP,0.9790703125,0.988221403829374,0.9228125,0.9295,0.956819891510268,0.8874486116706883,0.9382120161719686,0.9216772382521173,0.054285979866981464,-0.0003398748642934324,1.157827207714863,0.0628822620100198,0.26977772712707515,194880.0,0.013910228682296421,0.007473339081618179,0.043673630502575694,0.06789284774930422,0.038351019475845155,0.05318815430540078,0.02325895474312509,0.029314278591111433,0.01805535985050968,0.6453476150945554,0.652049443874378,0.0183825024433646,0.04887305008245975,0.0,50
early,0.5,FedAvg-SAGE,0.97050390625,0.9826366703872307,0.8915625,0.9345,0.9583552491559854,0.8493483176795139,0.9220338833522702,0.9045734638746248,0.06891843251883979,0.8750909956487145,0.8129402163514352,0.07301979569977933,0.519803433418274,379200.0,0.01883147266858611,0.012794093959461982,0.05832773372662164,0.0630617611099287,0.03709217165727631,0.06386727821702062,0.03220190251926608,0.03692558230137023,0.025388240923502076,0.9832536196360394,0.5984968895626886,0.02579725478828232,0.09096074553459264,0.0,50
early,0.5,FedEns-RF,0.9825,0.9895915525126004,0.930625,0.9215000000000001,0.9517221152229438,0.8988930459382377,0.9397517399904918,0.9234380646538789,0.06155159941550861,0.3068636102544304,2.759798250690943,0.10954503140309546,1.5646062088012695,,0.01182061382806841,0.00681013047429215,0.05062192923415459,0.057810828023257835,0.03219087569807952,0.06443371365714744,0.025350639554561454,0.030114053744707246,0.016041085093644415,0.26763717867257175,1.6072034521898773,0.028000061684090315,0.1440355648274703,,50
early,0.5,FedEns-SVM,0.9786953125,0.9870052334329942,0.9234375,0.932,0.9581050064163215,0.8894550533643251,0.9390614922551923,0.9232859776950556,0.061985479938855406,-0.07930754707593418,2.29036674000424,0.10029406928336676,0.02460412502288814,,0.015491137765528008,0.011825635502247758,0.05053228313692756,0.0622781777878209,0.036618243783318724,0.062462476044981355,0.026941755850789017,0.032723898797823926,0.023475941439491502,0.36434362248266056,1.833074335349035,0.035450186072507564,0.008938752223816002,,50
early,0.5,FedEns-XGB,0.9699453124999999,0.9832966659137534,0.8828125,0.9305,0.9576457452488277,0.8438497731799768,0.9152026670746171,0.8970736749420247,0.06936299820592233,0.1652305830199874,1.893905456236156,0.08697753209547511,0.40228637218475344,,0.01690616328099811,0.009386032281538467,0.08123589457624038,0.09053272043514297,0.04721654942111026,0.08246711267492463,0.04454595305895112,0.05014501380976886,0.02214534494071678,0.45191541736279567,1.84638816241146,0.0287428724088269,0.05766722732878485,,50
early,0.5,FedMatch-tab,0.9794296875,0.9884251532095919,0.92,0.9329999999999999,0.9590937193790322,0.8839594913970498,0.9377757931891939,0.9212983058894341,0.05393086995929474,-0.0047255873347710605,1.1828639160406624,0.06349492691546817,0.3781408786773682,194880.0,0.013774693102257636,0.007414091488281931,0.04548754454994985,0.07481951071527713,0.04184497312065101,0.05450881132930111,0.026900628703029533,0.03448919839901856,0.01839960970102751,0.6529460930848957,0.7992542912296543,0.020276042864155398,0.059937947829078,0.0,50
early,0.5,FedProx-LR,0.9627890625000001,0.979509001708777,0.8784375,0.9275,0.953441673156226,0.8347236284060274,0.9121779692353539,0.8936504780795275,0.07263813264667983,0.2707832527992349,1.0209942315193448,0.07281268296834936,0.6122068119049072,16720.0,0.01527098353602954,0.00827184661626205,0.0678725605135335,0.06272917167946535,0.03620894581502672,0.07185002140417726,0.03607942702816468,0.03882933268894855,0.015169324913715837,0.5022962997809743,0.48354999734145643,0.017052823459277704,0.08961806799161465,0.0,50
early,0.5,FedST-XGB,0.96707421875,0.9815637837847884,0.8875,0.925,0.9529111369195193,0.8474158635333697,0.9164132109811767,0.8981721162302045,0.0713932972553996,0.1353280758767575,1.7178164660132436,0.08187391231424987,2.020344195365906,,0.01956820841562398,0.010910782757989812,0.07219179298569744,0.06719602757938133,0.038201362568102,0.07861531690888358,0.035915545286755605,0.0379443278071307,0.023702454614494443,0.505090914855591,1.782607589034514,0.030658263597321416,0.4986643191755102,,50
early,0.5,FedTGNN-SS,0.9600937500000001,0.9759595103830234,0.8840625,0.912,0.9428557201150352,0.8381987104372186,0.9108526479608113,0.8907615425177182,0.1015403555333614,3.9374171152215136,0.36537114195347975,0.10846822888462222,5.550419354438782,5528336.0,0.02378363140581306,0.01677898755994587,0.06516098710940027,0.057196403483336,0.03435522658107611,0.07245874293912363,0.039121728487435024,0.041700113206327986,0.03586160442537972,2.1830385741175165,0.12054176709626203,0.03758270409624968,0.17661005749318434,0.0,50
early,0.5,Local-GCN,0.9318359375,0.9590971697090304,0.836875,0.8935,0.930804761807374,0.7834688661875705,0.8777176340678716,0.8536242964449275,0.10458454333245751,0.2867975875461333,0.7777921113452941,0.0991307750634419,0.5889119100570679,0.0,0.04659068551483084,0.02732351790211509,0.08749088873845606,0.10187151771937521,0.05624544394052694,0.08773902616166018,0.05472528320871913,0.06211972982846416,0.042659828748232646,0.7342361564847973,0.46880733576463385,0.0425379730703158,0.08483336584977456,0.0,50
early,0.5,Local-LR,0.9497031250000001,0.9706186663866965,0.86875,0.8945000000000001,0.9319176435412426,0.8177399356240009,0.8971933735050848,0.8738984364625548,0.08771339453756806,0.32312152465690985,0.8861671997828597,0.08206602685583322,0.8286331367492675,0.0,0.028776529117135317,0.018850605154865367,0.06748310918674544,0.07462320315411013,0.04329093931203951,0.0766911312146827,0.040145629658225906,0.04520903798373368,0.02516965007724381,0.5679072379873712,0.2303718530607097,0.026113280004382778,0.10259203457102768,0.0,50
early,0.5,Local-TGNN,0.941453125,0.9611559927989313,0.8621875,0.893,0.9318327878741983,0.8121926684500178,0.8925292647386182,0.8690587754215743,0.10866648219525808,1.7100011375398738,0.4295370520959763,0.11486568827034292,5.598693356513977,0.0,0.04302253706827173,0.031138502145428418,0.0814466076907856,0.09105952303133308,0.052357247507803954,0.08849164246601765,0.04933015433843674,0.05548242365996997,0.044827253201264676,1.5767439937361873,0.1271980164200527,0.04650774961614551,0.22116481083738215,0.0,50
early,0.5,RSCFed-tab,0.979171875,0.9883249394626601,0.92375,0.9375,0.9612293469827792,0.8890451293475101,0.9410523216015997,0.9256917534038357,0.05388241056352849,0.01974347074009976,1.086221281688617,0.06324909942869379,0.36764504909515383,194880.0,0.013792051088588298,0.007373668998180081,0.043010328908962586,0.06045111028503841,0.03444943103824002,0.05342899098114174,0.024190671016113146,0.029985555017537083,0.0181356410469635,0.70393516201272,0.5814986352608347,0.01877042750922286,0.06425151686375002,0.0,50
early,0.7,Cent-GRAND,0.9418125,0.9662132631271728,0.8503125,0.905,0.9401086615369866,0.8001781223770311,0.8889501443767693,0.866243655775736,0.10342150732874866,0.8688368576742129,0.5430990344327921,0.10531818058028312,2.7824101209640504,0.0,0.03528365519810882,0.021634943319233962,0.0866859223809184,0.10630625761526584,0.056379820080869975,0.0838957389175422,0.05319329086007209,0.06124605291754046,0.03960156003590347,1.3125491400486866,0.2901296600831975,0.04183619645744104,0.19409123928526673,0.0,50
early,0.7,Cent-LR,0.959375,0.9774632240884235,0.8765625,0.909,0.942670442348798,0.8302337880093134,0.9059014436788395,0.8846181226596537,0.07861103661358351,0.5337776044271966,1.047877471079085,0.07869024576261062,0.4181452751159668,0.0,0.017645050459657304,0.010136880921470595,0.06631004811389711,0.07672505909986353,0.04415247188007621,0.07277558298738411,0.03340048286894378,0.03714992271714408,0.020585805493376047,0.46357129591285356,0.3174482645727224,0.02137339115806336,0.07203024601865377,0.0,50
early,0.7,Cent-XGB,0.9675546875000001,0.9812819672504919,0.9009375,0.9125,0.9462554143520694,0.862842422594911,0.9201758091528363,0.9011590581077001,0.06926368035376068,0.538541791730659,0.9204399770464708,0.07296766471619213,0.19567850589752195,0.0,0.01554851336742075,0.009500570628979521,0.07420725273461054,0.07427369408244791,0.04236299206533066,0.08007829947023183,0.03821678993379308,0.04124943631687866,0.02243429079789325,0.6200495435740624,0.28717189028912654,0.02180658311839521,0.031637331901987864,0.0,50
early,0.7,FedAvg-GCN,0.94569140625,0.9688516076456654,0.8609375,0.9009999999999999,0.9365762490469349,0.8113407132219405,0.8938849701995486,0.8716660552043131,0.09508785255253312,0.3918805339300597,0.8521574199967508,0.09255256579508284,0.636807222366333,194880.0,0.03144436946987206,0.01744809363760829,0.08092864727805042,0.08096358465888433,0.04733600232119702,0.07706346975635832,0.04882458552219911,0.05019129398189254,0.0332923571371524,0.7503225896042529,0.5056617192624165,0.032037699058808926,0.0780146477080655,0.0,50
early,0.7,FedAvg-LR,0.957765625,0.9768687813907211,0.8725,0.9125,0.9450592063817134,0.827423780040956,0.9043294160292057,0.8836051194602743,0.08183124318718907,0.31633875938455114,1.0185779646943038,0.08382648954597799,0.4934754991531372,16720.0,0.018315925708692095,0.009570063837711017,0.07317616603451019,0.07828682220279633,0.04517471705503618,0.07727728203049018,0.03628345458132064,0.03924328521440422,0.021134325477011502,0.6742469770476426,0.27393559965584785,0.02692502124273744,0.05461132067425412,0.0,50
early,0.7,FedAvg-MLP,0.9718046875,0.9843026147160363,0.899375,0.9279999999999999,0.9544738115914704,0.860705976769089,0.9239805260155225,0.9068024550556588,0.06383810494095082,0.19034670554862884,1.0466018150618888,0.06959632832440543,0.26734263896942134,194880.0,0.016293245796885777,0.008715898644930145,0.06837502098645352,0.05925558614844608,0.034706620881686474,0.07371116420297794,0.03785024880200964,0.03938331410054833,0.02236805436144928,0.8796378969607546,0.5494017483764004,0.023418053203549546,0.040010216023974456,0.0,50
early,0.7,FedAvg-SAGE,0.9631796875,0.9794101666358062,0.8815625,0.9285,0.95405163771798,0.8361738278994915,0.9145027011326539,0.895889208985546,0.0785839137807488,1.0040739694705938,0.6749702535669706,0.08345261245294328,0.5173848533630371,379200.0,0.021659235935171838,0.011939975590524154,0.06121852715969277,0.0652721930355758,0.03981678386889591,0.06277256631286886,0.03742610974881823,0.04026644575163818,0.02925850503005493,1.224938554170703,0.3200894743477976,0.030919042791518515,0.069554639189275,0.0,50
early,0.7,FedEns-RF,0.9749843749999999,0.9853429172490002,0.91125,0.9175,0.9487341571231215,0.8745240222517237,0.9276853134725787,0.9097855959034237,0.07666979450326453,0.30546886614734,2.72997870393,0.12778116144619206,1.6176630115509034,,0.014548465190709733,0.008210536500372193,0.063483963707059,0.06191048508342754,0.03572034816172299,0.07575781781719775,0.0322380780719763,0.03678661773016316,0.019351378316980805,0.2928670734515646,1.0912355963111078,0.024105021937059965,0.1525100619552104,,50
early,0.7,FedEns-SVM,0.9746640625,0.9855409116946664,0.893125,0.932,0.9576899777517494,0.853581373237919,0.9219106009952048,0.9044058296959784,0.07787522406603316,-0.0733251882419333,2.7712785906244948,0.12888861187754852,0.01837956905364986,,0.013905732710081876,0.007829276847241603,0.06802434756941736,0.0745804592233058,0.04285181837674242,0.07307492022240833,0.03749918273948144,0.04135573673433979,0.025585113606436016,0.30909377790337256,2.1451520574999705,0.04343257873253625,0.006856782977780399,,50
early,0.7,FedEns-XGB,0.95049609375,0.9723062389154897,0.8590625,0.9129999999999999,0.9438593094213276,0.8130193164416262,0.8962446527543174,0.8757581777883285,0.0906448591703511,0.17400074923510023,1.8202089355713325,0.10872975972349055,0.3936639308929443,,0.031416127354608456,0.019770094900260913,0.08118926792233877,0.07057345283389467,0.041578741491620975,0.08308575978363117,0.043575345039752696,0.04402004019977544,0.03017096171808263,0.4309114043441469,1.3161291880544437,0.03358195593312531,0.0461886302492708,,50
early,0.7,FedMatch-tab,0.9714609375000001,0.9841222189365537,0.898125,0.9305,0.9558256360828189,0.8583035952864562,0.9242232894776765,0.9070604346038874,0.06397819545119997,0.1756570235891633,1.0321456024715627,0.0707406963415157,0.37739548206329343,194880.0,0.01565872675389326,0.00843234451917405,0.06338971320171688,0.05698415461820083,0.03353326276629022,0.06909372225332092,0.03475839198422921,0.03693468527942084,0.021592641604876853,0.8554054976421984,0.5709248679422673,0.02044240249884791,0.04760659401418807,0.0,50
early,0.7,FedProx-LR,0.9582421875,0.9771226839272462,0.8715625,0.914,0.9455522202263894,0.8261810807899727,0.9041580833573762,0.8837284324299073,0.08102390818297858,0.32651842778463286,1.0317993518834345,0.08226489859848064,0.646918044090271,16720.0,0.01814109651242149,0.009519038816651252,0.07351107636413906,0.07391390468729447,0.04325196898629044,0.076975075265189,0.037580390447354575,0.04011731568802241,0.020738937507925402,0.655501345536222,0.29105907005677445,0.025826917045383067,0.09353649459318944,0.0,50
early,0.7,FedST-XGB,0.9477851562499999,0.970771877761804,0.868125,0.903,0.9375090831238003,0.818358357879986,0.8989790408235101,0.8770940293944947,0.0945345282477059,0.1975808360640915,1.539417256648128,0.10952370390312982,2.17969247341156,,0.032883686456447056,0.0207131903857949,0.0709498466509683,0.06769529570970562,0.04111245841222685,0.07181955174854938,0.04054489153682881,0.04280094179944057,0.03262379897773385,0.5799914862958218,1.0772729572547795,0.043720970214294365,0.5172226357249086,,50
early,0.7,FedTGNN-SS,0.9534609374999999,0.9724627331005807,0.8509375,0.92,0.9477786427907988,0.8042096767485498,0.8937687497344836,0.8737366287486722,0.11310687392950054,4.085466102625661,0.3587706701848758,0.11997883175515826,5.455048899650574,5528336.0,0.028984356735444507,0.018482646747523552,0.07810650291233036,0.0699854212223765,0.042037796344608795,0.0811179210944335,0.042152192772510505,0.043575879979209364,0.03350484060198911,2.8272392393966883,0.11274261561256796,0.03493296953948466,0.20607665692802052,0.0,50
early,0.7,Local-GCN,0.921875,0.9528586585370256,0.8359375,0.8595,0.911390445809662,0.781081272969728,0.8658579542194481,0.8380509026131595,0.11739009819924828,0.27822995474621054,0.6186399670332654,0.11203466826727468,0.5698307132720948,0.0,0.05237711442370563,0.0323303860149888,0.11148430740330174,0.11993727101944512,0.0639093526932396,0.09984270272931055,0.07127284229548622,0.07392978752299126,0.05027323954724436,0.8260018024855847,0.29753613313262944,0.05593520656377666,0.07910574780895747,0.0,50
early,0.7,Local-LR,0.937,0.963294482246328,0.8571875,0.8604999999999999,0.9125728376647523,0.8022314435031318,0.8802672585863373,0.8520632280061308,0.10130795449018473,0.25983077065918825,0.9066242821154641,0.09376212112498107,0.8377345943450928,0.0,0.038093288553398726,0.02297266695822892,0.08440983313481275,0.09911470370129713,0.05327238867543838,0.09037034925082381,0.046231928249431495,0.052829253216686405,0.03625159684550376,0.5109659301429073,0.29231526510435785,0.03992935488177073,0.08725637270920734,0.0,50
early,0.7,Local-TGNN,0.9140781250000001,0.9409063065346502,0.8446875,0.8434999999999999,0.9035348997643422,0.7856668878732535,0.8677719892084588,0.8363591731863336,0.13632640868425366,1.2960866346211402,0.41335038896402965,0.1419963951161704,5.5949769210815425,0.0,0.07175527614618352,0.057235668397315004,0.10361615798297609,0.13995352727215693,0.07588254173814944,0.11281844500562381,0.06982747317298171,0.08183261365082949,0.06924440187099568,1.8508879920568821,0.1705957703805835,0.06976138947892391,0.2543917507914914,0.0,50
early,0.7,RSCFed-tab,0.9713046875000001,0.984034368067647,0.8959375,0.9279999999999999,0.9540689752682958,0.856390750404142,0.9219042866648134,0.9047076471561099,0.06469494014978404,0.17106809489382122,0.9698679193268321,0.07181436592157783,0.36363806247711183,194880.0,0.015932718073250696,0.008584325112927747,0.0718881698227127,0.05882349939975223,0.03526831035901905,0.07493926243686974,0.04206135656293669,0.04355516114225891,0.022533257729732546,0.9642697166048055,0.5086574034929892,0.02282584038376505,0.05280517895560394,0.0,50
early,0.8,Cent-GRAND,0.93206640625,0.9581388179494001,0.849375,0.8825,0.9245293769915939,0.7966276196684974,0.8816962501307932,0.8565479517212994,0.11419064745306966,1.1023003231749993,0.3904203347618184,0.11738112734379959,2.6912087345123292,0.0,0.03950667606857056,0.02483322499212605,0.09005029773659265,0.10054063043042319,0.05355481534657689,0.09055843290267347,0.055534773573593973,0.06245596306066763,0.046889800286947454,1.633059192881654,0.1879017803801732,0.04988391236838157,0.2526410707474131,0.0,50
early,0.8,Cent-LR,0.9564921875,0.9759117871822667,0.87125,0.9009999999999999,0.9377228454308159,0.8250491161665282,0.9002922684126899,0.8779502523028833,0.08093636900186534,0.43844302777902316,1.0746930689993464,0.08013663420095464,0.43145660400390623,0.0,0.0182384461090854,0.010601800735280711,0.07312167487643245,0.0809635846588843,0.04333133826694686,0.08064594074760056,0.034768347893992635,0.03837743823996698,0.01968731619097305,0.3634122090478704,0.36682473294909673,0.021077888658250728,0.0778848567399829,0.0,50
early,0.8,Cent-XGB,0.95072265625,0.9726466582388329,0.8646875,0.907,0.9410702219575745,0.8192777991635515,0.8976764840000471,0.8764932436355768,0.08441284488886591,0.42148679974604847,0.8927566936014505,0.08495737714621306,0.20130665779113766,0.0,0.024868373407188574,0.013952581910047793,0.08343617431875086,0.07938539422542742,0.0442971852436879,0.08213654038274958,0.0446755247252419,0.04480414282333191,0.02896953642985818,0.5713826208223037,0.2956994933425784,0.028855523570538787,0.04057141626783544,0.0,50
early,0.8,FedAvg-GCN,0.9382421875,0.9639893449342233,0.830625,0.9145,0.942747256260582,0.7830570610116393,0.8794451653515633,0.8590564042851018,0.10322745889425272,0.5225652979971269,0.7523948087718064,0.09888818677631203,0.6036803531646728,194880.0,0.03443548369876285,0.019713330421184016,0.09172776450242447,0.07611249729773661,0.0447699918855565,0.08793644214972092,0.05471525949395503,0.054595300272747616,0.034953399544571544,0.8530496360143885,0.7007362348909789,0.03419732934200591,0.07865165115147178,0.0,50
early,0.8,FedAvg-LR,0.9500703125,0.9723669433288006,0.856875,0.9115000000000001,0.9411818759999346,0.8053430049042852,0.8953371806047502,0.873881920280183,0.08883185893297191,0.24626330213821881,1.0246539625522368,0.08916331809121537,0.4953089475631714,16720.0,0.025788458765282588,0.015305955212518048,0.0635561277734179,0.06251734453211316,0.03775477404750526,0.06852999016756624,0.0380302465002897,0.041988971058081866,0.027882080321197714,0.660971915945015,0.3556836421842569,0.027548980778637922,0.06778681374336692,0.0,50
early,0.8,FedAvg-MLP,0.9640859374999999,0.9800895372018084,0.87375,0.9239999999999999,0.9502548535618901,0.8294310236201509,0.908048458066293,0.8894598097225733,0.07462349198758599,0.23140595580039425,0.8045799042634563,0.07902006927635875,0.2603300809860229,194880.0,0.01999924171722993,0.010296893509414673,0.07528908995549441,0.05554920598635309,0.032700083255178924,0.0773220137758789,0.04330915164195247,0.04453195651474148,0.02421006270828389,0.7940335034397756,0.4194048390975072,0.02523354802853136,0.039421452787594916,0.0,50
early,0.8,FedAvg-SAGE,0.9533515625,0.9734063840117849,0.85625,0.9215000000000001,0.9480413393704374,0.8094108157688531,0.8972558851897143,0.8777086576934306,0.09284897882491344,1.5460402302980187,0.5208723444318641,0.09731758192732318,0.5163110494613647,379200.0,0.025734715898560516,0.014445712132989771,0.07809310573453528,0.06408898469459218,0.03927409656781409,0.08052472313075525,0.04543236257934086,0.04774588913827882,0.03072388821402199,1.4217533811247085,0.2897352025113432,0.03392057394725071,0.07352437179589111,0.0,50
early,0.8,FedEns-RF,0.96426171875,0.9792558985153421,0.8815625,0.9229999999999999,0.9500461741167012,0.8383750217886317,0.9123490391580396,0.8938835029381154,0.08811684898102438,0.29903977414455474,2.662730250423343,0.13786271998981062,1.6446522188186645,,0.02268675957763316,0.012704553428111493,0.0726108900814359,0.05529143565818178,0.033476746001554404,0.07821961540568617,0.0405687977587512,0.04323843729906504,0.018863910527532862,0.24776101443310597,1.3847636807372423,0.03128630475995377,0.16337954601612475,,50
early,0.8,FedEns-SVM,0.9650468750000001,0.978178323308304,0.87875,0.9259999999999999,0.9531988868671597,0.8355556831338804,0.9119581744332437,0.8930008162544726,0.0921279016498986,-0.09234319934917407,3.0857719599567583,0.14021734932400925,0.016217017173767046,,0.025149926120780947,0.01998172842421623,0.0697029273899934,0.07541720693608862,0.04180619347830776,0.07231016117656593,0.038280972564056014,0.04155240859982481,0.03100096279456156,0.3046671209095511,2.910470751010599,0.05315826102038915,0.007570475297671791,,50
early,0.8,FedEns-XGB,0.93484765625,0.9640006485161317,0.829375,0.9179999999999999,0.944661538139445,0.7810266950896342,0.8799746701662983,0.8598829354899573,0.10594831006842183,0.11422925098388324,1.8762163019610572,0.12032950791849382,0.392379732131958,,0.037421092152416756,0.020325128010962666,0.08533911569946896,0.06488608542386151,0.03985567474494299,0.0820972787204206,0.04883850149533033,0.0482469058333276,0.034743442686575865,0.3333053093929241,0.9987266693598695,0.04377102285691245,0.04588300602795141,,50
early,0.8,FedMatch-tab,0.963453125,0.9797357577946525,0.8753125,0.9225,0.9495208956358862,0.8312723204720406,0.9085933947706097,0.889801264897204,0.07425638727843757,0.25724777721877085,0.8051499360263452,0.08144780737867288,0.36111131191253665,194880.0,0.02082948718217329,0.0106269370071413,0.07359236547616575,0.055615755365705136,0.03257127584233159,0.07772859812917662,0.040648304380706386,0.0419724871921568,0.024118434899693245,0.8015162938944573,0.4312551484401733,0.025705683104548512,0.050063290118641024,0.0,50
early,0.8,FedProx-LR,0.95059375,0.972645508457003,0.8640625,0.9059999999999999,0.938843472829279,0.8131253483284117,0.8979498587368704,0.8758444089280226,0.0881960183382034,0.24078758302223544,1.0264059117855928,0.09022764390692684,0.6347387886047363,16720.0,0.02541327237619567,0.015016511576282721,0.06339049920162021,0.0700874089830633,0.040986100383052525,0.06877836034523954,0.03621727621888822,0.04067043728879557,0.0272926668766651,0.6428392484081059,0.34384380038059337,0.028933929203489753,0.07497242179893163,0.0,50
early,0.8,FedST-XGB,0.9347226562500001,0.9633048642444163,0.8415625,0.9055,0.9373211140610576,0.7902529660875487,0.8841106392552311,0.8620459812485479,0.11176349991114247,0.1474825190750061,1.7354219118711154,0.119962596687333,2.174788737297058,,0.032724365023815725,0.018126887469111317,0.07569630535325123,0.06687064881896532,0.04015988991445425,0.0768569875646238,0.04134882691252611,0.04280133785041724,0.03944185244716868,0.5138329269052706,1.5062767815214155,0.04958797203612388,0.6043451209731067,,50
early,0.8,FedTGNN-SS,0.942796875,0.9666033451581003,0.8415625,0.91,0.940230327861111,0.7947779361556324,0.8843943370897486,0.8640161490205577,0.12477127030491825,4.179068052509623,0.33090369106443773,0.1319614723559621,5.485090689659119,5528336.0,0.03157211616620547,0.018774037438378664,0.09417473937840125,0.0686978002202548,0.04166369104310691,0.09298074096897244,0.05480226137600695,0.05511963494955461,0.042037271197010256,3.277032295820209,0.10684040462105954,0.04304450092428826,0.1769513599175551,0.0,50
early,0.8,Local-GCN,0.9087578125,0.9442489675946169,0.805,0.875,0.9176677288661409,0.7484609507178733,0.8522330574132871,0.8258794094193601,0.12839224249124523,0.34369898326980675,0.5121826909216659,0.12710583702025285,0.6027546167373657,0.0,0.05744083044327364,0.03613337994038687,0.10603218971190798,0.12433496561092292,0.06630499387961368,0.09479458667784155,0.07093778885252862,0.07592746740671186,0.053273137248010416,0.8865724529262407,0.2707372109039297,0.05460026785074436,0.07778621293902625,0.0,50
early,0.8,Local-LR,0.921828125,0.9516158220369699,0.820625,0.8775,0.9182262595045069,0.7677386556777293,0.862186822317033,0.8374108612027815,0.1096265863627195,0.2621946401399652,0.8953439256655273,0.09513880063958748,0.8586251592636108,0.0,0.05263780485998932,0.04208765212502156,0.10254455539830837,0.08795435968589108,0.05219919341848252,0.0948701921548484,0.06348059487994974,0.061650406385685474,0.03783163081339288,0.4500093153903484,0.25663559038730416,0.036908029916749026,0.10475500693165926,0.0,50
early,0.8,Local-TGNN,0.892078125,0.9202364059367703,0.8225,0.8334999999999999,0.8974184250751722,0.7646067073500018,0.8500958817855578,0.8182300662151607,0.15619917839765546,0.9702431014165838,0.37660625543093773,0.16299769061420538,5.50150357246399,0.0,0.0853871611843442,0.07932981181382742,0.12155488440811167,0.1414763627765776,0.07458509183464501,0.11443511976861263,0.07614147925703471,0.07913663310128795,0.06806053402242894,1.9371407306548578,0.13171161096766273,0.0703079400276917,0.30487969753108085,0.0,50
early,0.8,RSCFed-tab,0.964109375,0.980030027518826,0.8853125,0.9205,0.9492331054504956,0.8443192828720578,0.9135791069564145,0.8950634605883344,0.07401612743735309,0.3079080570669448,0.7534534447229195,0.08262078810322024,0.3437812614440918,194880.0,0.0194402599917264,0.00992080919799763,0.07632557834329705,0.061172639609017164,0.034664678464749535,0.08234111609203162,0.0411165476097107,0.04266984459499829,0.024012172758749846,0.9396955599582693,0.4115125465355627,0.026035092689032247,0.05057581280967739,0.0,50
gdm_diag,0.1,Cent-GRAND,0.9957284314296612,0.9934892240851165,0.9672143331121433,0.9699696037698521,0.9548057126088841,0.9795009030309717,0.9602619458663291,0.9673397158135398,0.021501285334428098,-0.24249097034632236,1.0089402710161548,0.016075214185525148,16.43099684715271,0.0,0.0017983698992432263,0.0030582884581876932,0.03016604088807564,0.018012821050512343,0.025808336903962732,0.018350277427990325,0.00807350096820305,0.0064741095248181035,0.0034391428442665556,0.4086413309819305,0.08170045267457518,0.004450526671848356,1.9879486621144504,0.0,15
gdm_diag,0.1,Cent-LR,0.9854731067437315,0.9761682842929281,0.9740066357000664,0.9629968164895052,0.9441844636945981,0.9832517031128721,0.9586550720792049,0.9657882575756098,0.027995766450961388,-0.40604368447428846,0.9423394370109116,0.0306001082443176,0.5170058091481526,0.0,0.003818174059066226,0.0050839975360241025,0.01524476735588958,0.012348122828188684,0.016699121361515277,0.009531578231285904,0.006830677343758582,0.0057711659776921885,0.003134640860337328,0.20585592983896112,0.09638583052592618,0.006465009680077962,0.09382481576628893,0.0,15
gdm_diag,0.1,Cent-XGB,0.9976663976557989,0.9966842724423978,0.9696456536164566,0.9715174733358514,0.9569675743039271,0.9809064965293463,0.9627132788569999,0.9693376299142112,0.021865985915064768,-0.4260875154228892,0.6582024968769203,0.020745815393111967,0.27871704101562494,0.0,0.00124038551192913,0.0014424281827223094,0.02544911423716267,0.01644774660389344,0.02376676678539692,0.015406268740574908,0.006662419042428571,0.005412185355333647,0.0036936917373354724,0.7864041449615398,0.05670147931162263,0.004545587691033762,0.04350739385328593,0.0,15
gdm_diag,0.1,FedAvg-GCN,0.9935640650518924,0.9906321904390403,0.9650139349701393,0.9719775535531213,0.9572629973995187,0.9779561273776646,0.960673369527892,0.9677195112663846,0.0229713850965102,0.06416444126327277,1.0020678379880936,0.018758974846707813,2.2795581181844073,276960.0,0.0031349257903045056,0.003823385670851263,0.024281327299995274,0.015289509205538324,0.02190121580455255,0.014957372600153614,0.00849881720125938,0.0068966486578715975,0.005411293727033536,0.5801100314288106,0.11178582129430462,0.00973291021587925,0.2915142306855694,0.0,15
gdm_diag,0.1,FedAvg-LR,0.9840449169593438,0.9749305112468759,0.971576199955762,0.9617565064119858,0.9424850079796694,0.9817525450512172,0.9565041230725891,0.9640066595880185,0.030419352029760635,-0.13975691543719734,0.8839699379394886,0.03283076876329681,0.8619969526926676,23604.0,0.005015112210532281,0.005272300755594537,0.017739038202734442,0.014625949806317373,0.019676492819610623,0.011076839317108348,0.006631130967550893,0.005695428287028401,0.007153205057679843,0.7023907396448181,0.09420499099118161,0.010560198571631978,0.12185192397246676,0.0,15
gdm_diag,0.1,FedAvg-MLP,0.9925689653443495,0.9883064917198574,0.97011900022119,0.9701199661864421,0.9545882894919193,0.9810333068888847,0.961933838585558,0.9686646789216116,0.024108646810054736,0.1346808912419223,0.9975027432806207,0.019878470442383285,0.7164393901824951,276960.0,0.0028418461560762794,0.003840575345536864,0.020514725736766336,0.01387488907957449,0.019852146467294954,0.01251930599353486,0.006557544767399835,0.00539581346942371,0.0066512155837829086,0.5637933209006258,0.13247907787623683,0.013976934058573209,0.10663157788174794,0.0,15
gdm_diag,0.1,FedAvg-SAGE,0.9908363138533961,0.9852658007451033,0.9672010617120106,0.9664037122969837,0.9491061374435076,0.9791790406549185,0.9576577096020853,0.9651112560054064,0.027783607318997337,-0.03252655707422107,0.8350298350197725,0.02167830975642578,1.945380703608195,538080.0,0.0033458560757812675,0.00469935147208562,0.023125595916845442,0.015700750513259146,0.021748324400473078,0.014399638270702808,0.009211892848662683,0.007587836989532308,0.007712639778122588,0.6447127416218101,0.07268123668519949,0.010067866562505079,0.1860959783989245,0.0,15
gdm_diag,0.1,FedEns-RF,0.9981373572560351,0.997196204260996,0.9621198849811988,0.9744632097699599,0.9613477540355849,0.9763985895065402,0.9610077757767699,0.9680692917862056,0.01775962192826318,-0.22109220223693743,1.738140068594998,0.02469151745875142,3.434157371520996,,0.0007132609615652671,0.0009377137909980208,0.029431636741601864,0.01825263260130688,0.026483342945574858,0.017870671443390954,0.00628293806616946,0.00499920623395557,0.0031437757403239407,0.37862834804906653,0.152186126661628,0.010722039228768835,0.4294656978419989,,15
gdm_diag,0.1,FedEns-SVM,0.9980134282775873,0.9968516058170063,0.9686644547666445,0.9715167538984514,0.9569860442446256,0.9802966560380174,0.9622351516612,0.96894227462867,0.01853757364972362,0.041208433685926193,1.4831989205855212,0.02578701943797154,0.35232237180074055,,0.0005847444968890477,0.0009834287804545555,0.024575445444063777,0.017245726670805414,0.024629061195516954,0.015131507760947209,0.005941857306047353,0.004923228758964528,0.0030053866011105226,0.2739730851966657,0.21739271982774647,0.007215071577918923,0.14529025315352317,,15
gdm_diag,0.1,FedEns-XGB,0.9973697621773642,0.9961579280123314,0.974740101747401,0.9651687979999639,0.9476536331099265,0.9838750744732951,0.9606356798215807,0.9674534488846238,0.020084075366099432,-0.228595646086518,1.1889327560308929,0.024050273616281783,0.7280619780222575,,0.0017879977479777808,0.0022250862435373676,0.01947544244302694,0.014911287486783506,0.02133127928280564,0.012065242277510506,0.00604150889298162,0.005029321697459988,0.005964444470506433,0.5670607706610684,0.22066968414458993,0.018660470367305493,0.15737104019215373,,15
gdm_diag,0.1,FedMatch-tab,0.9926062252889575,0.9883763245322325,0.9718230479982305,0.9687278548175328,0.9527024461108623,0.9821371173427382,0.9617564849539147,0.9684840676261272,0.023930766930182725,0.11028814935747976,1.0076352863803166,0.02018169720518457,0.9338358243306478,276960.0,0.002934166959858593,0.003890374451538065,0.022292746919333667,0.01446896290370679,0.02055686973239844,0.013640310105191457,0.006305174636508883,0.005141411491972786,0.006238975750443832,0.5405943409883354,0.12445594394005106,0.012425562606426412,0.21588705127839922,0.0,15
gdm_diag,0.1,FedProx-LR,0.9842580523371135,0.9752113417952047,0.9713337757133378,0.9645472040864044,0.946164083677545,0.981598191047003,0.9583830178377897,0.9656465256122815,0.030149747058749145,-0.1437676111672956,0.891728283770282,0.03269889281661934,1.0421391646067302,23604.0,0.004988541806020231,0.005432983653088124,0.017287537351717994,0.009672208989817646,0.013529645840840977,0.010788809038066382,0.005750080260527454,0.0046604799487340535,0.006747397184823376,0.6764902595798211,0.09673921940252977,0.009751054428771944,0.17958805960401414,0.0,15
gdm_diag,0.1,FedST-XGB,0.9973828102320468,0.9960840490428845,0.9752417606724176,0.9656396697782335,0.9486347240881943,0.9843433078947066,0.9612043902444228,0.9679368605955495,0.020114452655027686,-0.2529073450615449,1.1747289598847062,0.023718458685306587,2.444726896286011,,0.0016259032929904166,0.0021590866663368817,0.02493546842384235,0.017032641482009964,0.024380146450091674,0.015223036791114971,0.0068687646423137,0.005619691628389458,0.006078075238520062,0.5882928104800942,0.21294033202532497,0.018716835237433487,0.3928250296724293,,15
gdm_diag,0.1,FedTGNN-SS,0.9917711251412543,0.9864354151477147,0.9725538597655385,0.964860878792784,0.9466651192868171,0.9822893839862143,0.9592879165197549,0.9663594215893192,0.029388236999511666,-3.1600496755350713,0.4521786883947969,0.0290265375593276,34.76274031003316,8168148.0,0.0029893004644027036,0.004761226760369924,0.012593567244272087,0.011215702155878651,0.016018003134707103,0.007972471775588352,0.007621290081921283,0.006369177349180786,0.008837973541504092,2.472157638360855,0.07493762415712919,0.009213046201450288,4.400419235160816,0.0,15
gdm_diag,0.1,Local-GCN,0.9811264399844498,0.9678890389610159,0.9509294403892944,0.9602187089695858,0.9384809218447525,0.9692685881788355,0.9440996334074276,0.9542959321713443,0.03918382773796713,0.027857239763217596,0.8399711966779938,0.030598721644328093,2.3258480072021483,0.0,0.013099080896796476,0.019959985878229423,0.04934189459465033,0.013873162625271496,0.02106149233011206,0.029452096818826195,0.030263773199029027,0.023795695868862682,0.023433141286888216,0.7382643776181151,0.16068114180049345,0.02385546618449792,0.3622281978108631,0.0,15
gdm_diag,0.1,Local-LR,0.9828618366279639,0.9735396857386533,0.9659871709798717,0.9588219212575766,0.9378122251498602,0.9781995230947814,0.9513758822478816,0.9598212748794542,0.0319435918082793,-0.4068037881347929,0.8760833628527577,0.02970006896266555,1.4978215217590332,0.0,0.005091944165096428,0.006433209732019411,0.024826339204549897,0.014546194174202375,0.019308996216145232,0.015395253504244975,0.013481281274139197,0.011066013528516487,0.0062183792406026945,0.26323448286387896,0.12146031975911949,0.0076752735142214335,0.15668949324522746,0.0,15
gdm_diag,0.1,Local-TGNN,0.9882179440123743,0.9780880711796485,0.9647794735677947,0.967645461249303,0.9510383000437398,0.9778105571524359,0.9572819615362553,0.9648697732371153,0.028334847216804758,-0.3598659876258496,0.5721428576114219,0.027177111171207937,33.641074148813885,0.0,0.005475382034283682,0.00960813805194097,0.02887703225855141,0.017700767196370704,0.024614736621836372,0.017392737101879743,0.012112308779049112,0.009867398487833157,0.008848749858440202,1.2010780078691408,0.0770321860863991,0.00890732705488589,2.1081078910241677,0.0,15
gdm_diag,0.1,RSCFed-tab,0.9920232736041557,0.9868621190681418,0.9735244414952444,0.9670260256479433,0.9502721757220114,0.98321960781993,0.9613332387102992,0.9681041681362698,0.02355937846004958,-0.2423382898152301,0.9351929551111087,0.019525635535135175,0.603401517868042,184640.0,0.002932213564957121,0.004838717683799491,0.023773873291334856,0.013926997232601804,0.019642657502731826,0.014590764477309934,0.006403192042674804,0.005163244607608273,0.003824420157602258,0.6758099220093905,0.0887906706071939,0.009934436229182853,0.08140216510614398,0.0,15
gdm_diag,0.3,Cent-GRAND,0.9954189519551517,0.9927283486654834,0.9708498119884982,0.9699652871454523,0.9546954421541273,0.9816573937462256,0.9621721355643962,0.9688598767742842,0.0218569446355104,-0.25689060889857324,0.991012988503938,0.016689392523421685,15.828520727157592,0.0,0.002016202044262779,0.0030359658866100357,0.026100142824069757,0.016499381439433063,0.023486425056378428,0.016118004205087348,0.00834040504749554,0.006786842719101995,0.0043608237123034296,0.3936526398626576,0.10474250354051168,0.002824502071463177,0.800310331389512,0.0,15
gdm_diag,0.3,Cent-LR,0.9852094961726657,0.97624810644573,0.9725494359654944,0.9660947139337038,0.9483314625860001,0.9823128391579314,0.9601757111044964,0.9671309252861234,0.027796060095230685,-0.3814801589564444,0.9622119882544227,0.028911532288324694,0.4912274837493896,0.0,0.0042175443280832,0.005337366163799463,0.013609524151393899,0.008456446423655287,0.011918605801430967,0.00857354372996553,0.006950098836609139,0.005723419714841433,0.003263751740593891,0.19880392061043273,0.10601832770548404,0.005909930195404176,0.06608978342619871,0.0,15
gdm_diag,0.3,Cent-XGB,0.9975918025478993,0.9960548267856474,0.9752382216323823,0.9661011888703034,0.949363344748582,0.9844373243122029,0.9615087109670448,0.9682163917624372,0.02142185351500904,-0.4702083083813182,0.6775444499778577,0.020224671270417518,0.25682044029235834,0.0,0.0013696678545102236,0.0031276836468856896,0.0278774553017759,0.016870002050081958,0.024000796008274452,0.016980300902552793,0.006813288676151029,0.005473370942009127,0.0035558251269420848,0.7722559649337856,0.056977277796732374,0.004175080330637837,0.04973965595069251,0.0,15
gdm_diag,0.3,FedAvg-GCN,0.9928302616089454,0.9891419580847794,0.9703658482636585,0.9698116872605623,0.9539964116383892,0.981163519607179,0.961807414473678,0.9685648876117595,0.02313094337781266,0.07225960112462061,0.9776288515042836,0.01730646771002318,2.322405465443929,276960.0,0.0030488201238047298,0.0037515398877701793,0.021043765136308328,0.012655069689503626,0.01809225353290839,0.013112305355133289,0.008413849234348977,0.006832600117095301,0.005301655747564335,0.5511732625332351,0.12038973010856183,0.009271709896966499,0.16366415504429033,0.0,15
gdm_diag,0.3,FedAvg-LR,0.9837539929784199,0.9747399418199187,0.9725503207255032,0.9645472040864044,0.9461545085354885,0.9822999064269798,0.9590329552906447,0.9661569187849499,0.031180177504817608,-0.068832136525173,0.8927166415838139,0.0326763829130494,0.8272253195444743,23604.0,0.005410220874889669,0.005482425770166995,0.013738210370802932,0.0094302831679706,0.013267035904531045,0.008630750637744223,0.006403237128929396,0.005291749701932656,0.008268849201765445,0.6963357068504062,0.10523700728066744,0.011141143119549125,0.07847425207535354,0.0,15
gdm_diag,0.3,FedAvg-MLP,0.9921105816339877,0.9875854668655157,0.9708489272284894,0.9671778269393335,0.950162650342894,0.9813874367664965,0.9601096010745549,0.9671091666942206,0.024151469767093606,0.18099851411453965,1.0028308742355514,0.018746982938951214,0.6132972081502278,276960.0,0.002810601074605837,0.003503926327854554,0.019708532129277104,0.0129550541140676,0.01845269525820125,0.01217608320095525,0.008563659084450686,0.007067438706540421,0.007009649269796641,0.5337826037708687,0.14564716140596878,0.014193483701022214,0.10148934760219447,0.0,15
gdm_diag,0.3,FedAvg-SAGE,0.9904975663669365,0.9846170611768039,0.9623561159035611,0.9687314520045324,0.9520932202101631,0.9763016442595338,0.9567143663957267,0.9645132144024519,0.028613214567303605,0.022058331216478363,0.8122729806639298,0.022717174538664345,1.8877943674723308,538080.0,0.003574752721955715,0.0041603699150050185,0.032324221624008324,0.013658540337140113,0.019663742181014517,0.019310637555255118,0.015667577803518948,0.012464148161691163,0.00847384517638432,0.6667816952905518,0.08056176694766899,0.00965011009292977,0.1781682271973342,0.0,15
gdm_diag,0.3,FedEns-RF,0.9980335015835798,0.9970732584195001,0.9691537270515374,0.9678026583211928,0.9518722350115346,0.9807708443805183,0.959626606108719,0.9667688527505859,0.018970813445159433,-0.2379335786587806,1.778888616254158,0.02932591024319492,3.087811501820882,,0.0008934210088640414,0.0010850976475347347,0.03206305353082527,0.018750315150353386,0.027021526260673976,0.019445732847797624,0.007171284375717206,0.005699607359137728,0.005258490475241431,0.4148632843770777,0.18907818119879352,0.020550420580517856,0.23936054507755297,,15
gdm_diag,0.3,FedEns-SVM,0.9977903958950152,0.9964942915018246,0.9727945144879452,0.969968884332452,0.9548196632387833,0.9828534113970111,0.9632023847794212,0.9696728847371238,0.01897045138956146,0.01840403013627233,1.5129315186357866,0.029783570671867796,0.25802523295084634,,0.0008459228913136372,0.001392531546246714,0.023845222802090157,0.016902090220265717,0.023982926526430724,0.014731910761255337,0.006105692975423281,0.0050931761504200215,0.0035503249870227995,0.3098486512410828,0.24052207774755055,0.011422167348448234,0.059252659185352684,,15
gdm_diag,0.3,FedEns-XGB,0.9971649218507543,0.9956437479875159,0.9696359212563591,0.9687314520045324,0.9528077679121838,0.9807923458768636,0.9606548338954719,0.9675860279801685,0.021450556862137194,-0.2381083401640932,1.2376410181236979,0.028216451619556826,0.6909950415293376,,0.0019394553483099378,0.0029085853471961113,0.02329347499211009,0.016735969827756603,0.02427463633540415,0.014276170836448486,0.007665843601277873,0.0063515163088134225,0.010135167385039319,0.5371323068712285,0.27707977486002483,0.030701040955781536,0.09843709945024393,,15
gdm_diag,0.3,FedMatch-tab,0.9920107468766326,0.9873795135177074,0.9723087812430878,0.9665587510566737,0.9494170060636592,0.9823346385444739,0.9603964327092982,0.9673198017517307,0.0240707265834013,0.14215123350915437,1.003692247778301,0.018453602129659484,0.7784274419148763,276960.0,0.00290307765073303,0.0036532014095292066,0.020768615662322357,0.01367575985839016,0.019389771982953826,0.01268233928883347,0.008321078544521346,0.006867450294326975,0.006668930196289833,0.5141648653267265,0.14488060244318995,0.012910363122342991,0.13802782518554627,0.0,15
gdm_diag,0.3,FedProx-LR,0.9838323245109517,0.9747337844062542,0.9706038487060386,0.9647026025647942,0.9463494310059258,0.9811238719658361,0.9581313601819949,0.9654452191567038,0.030980576574802347,-0.09009452992452044,0.8971318986161955,0.03351491300763456,1.004056692123413,23604.0,0.005252401443616037,0.0054337528152216,0.01671529629152226,0.010088135628791387,0.014133859233005946,0.010444547333749235,0.006455349419652909,0.005271457346295666,0.007690333497039273,0.6863076812714676,0.10092920581171119,0.010053394453592221,0.1107627453327198,0.0,15
gdm_diag,0.3,FedST-XGB,0.9971441641196638,0.995659308360822,0.9706020791860207,0.9671796255328332,0.9503526950781176,0.9813006037428215,0.9599960496629265,0.9670108344462583,0.021930518453035786,-0.3082444757745273,1.1837397917596832,0.02792653326628079,2.678344949086507,,0.0016829321505064314,0.002478348803412144,0.02049733632144343,0.014624457792859273,0.020685466290715396,0.01266979274535847,0.006310858279815974,0.0052205532089602096,0.010031112432086877,0.5903478637543109,0.3041949148930501,0.03183078583322144,0.36619581435323595,,15
gdm_diag,0.3,FedTGNN-SS,0.991136884243847,0.9863639328153178,0.9681822605618227,0.9653249159157539,0.9473830746909393,0.979603270869592,0.9574002599086968,0.9648462774408516,0.03011079356074328,-2.8869441679810834,0.4166584085344709,0.030283500930345538,30.31587198575338,8168148.0,0.004654291296491993,0.006166762591368124,0.019028649070173542,0.015815305319661053,0.022342221055804825,0.01186577320218053,0.012744233724042282,0.010666565141468083,0.009730745895761384,2.2313583298695967,0.06302173259930975,0.009751511917575551,1.2947170547473772,0.0,15
gdm_diag,0.3,Local-GCN,0.9802252349017415,0.9667919004215338,0.9465498783454988,0.9572751308476771,0.9340138377175188,0.9660919901597789,0.9399089307493008,0.9507157099901508,0.040481563533345824,0.09528181666907597,0.8359751523054529,0.02916502998018936,2.129122002919515,0.0,0.01510148736456405,0.022913130037444867,0.04606797929398655,0.021967903189263237,0.03430091496944671,0.0285957959115188,0.03628072727436817,0.0293670232580391,0.0252030885764107,0.744295443776767,0.1595110995661361,0.02431730321066133,0.1842269099952667,0.0,15
gdm_diag,0.3,Local-LR,0.9817260614586918,0.9725408269553241,0.9616173412961735,0.9642385654418245,0.9450570690127366,0.9754450217619247,0.9530969513769603,0.9614167455204534,0.033628167584538425,-0.3623142915451304,0.8950360371868947,0.03308785442113167,1.4011810461680094,0.0,0.006860874427058559,0.007692657819520799,0.02268851049740413,0.010656695888729226,0.015491279575904309,0.014220550378784624,0.014304044143310856,0.011673697859199788,0.008343393183820937,0.3326773642576935,0.14789931928079647,0.005962584076606522,0.12108427341741511,0.0,15
gdm_diag,0.3,Local-TGNN,0.9887938916852621,0.9808552520478081,0.9599168325591684,0.967491501645713,0.9502872998461842,0.9745716019695116,0.9546982400264931,0.9627750860852126,0.03059725997348622,-0.263159613068697,0.5346419312288337,0.029216842546037413,30.35623033841451,0.0,0.005098491480545848,0.008162002127019691,0.02465844025507496,0.017314440621669005,0.024301265482193753,0.015074202979926267,0.0149877033305325,0.012338250676990967,0.011393017295701023,1.2295680988448476,0.0835768817990007,0.012586871291685583,0.9352272674849454,0.0,15
gdm_diag,0.3,RSCFed-tab,0.9914672305585499,0.9860384123670985,0.9788639681486396,0.9647029622834943,0.9467791544902168,0.9863318369844528,0.962407917801975,0.9688688551950816,0.02352683395147319,-0.1287251796549729,0.9442878553053506,0.019089165251948606,0.5358485539754232,184640.0,0.003237881534612916,0.005019016251447309,0.011781808653550753,0.01109519424029668,0.015542550950505456,0.00749189892572634,0.0065055749549574205,0.005489269712960768,0.004561748014273549,0.5837087635870738,0.10972143179502356,0.011249139343900802,0.04820779431605445,0.0,15
gdm_diag,0.5,Cent-GRAND,0.9947709267994764,0.9910852700094903,0.974734793187348,0.9647018831273944,0.9469886862783041,0.9839127833278278,0.9602661188873737,0.9671530058361656,0.022305185596148122,-0.27817544079232565,0.9436281068450127,0.016611153649135353,16.44184031486511,0.0,0.003144228336498399,0.005684011159109349,0.02196063770971615,0.014915763187420597,0.021156106611235903,0.01367841948033677,0.007578600426612449,0.006257557602914859,0.004635652875714449,0.49399853314741576,0.11483132229588403,0.004370780585998531,0.9203292989441602,0.0,15
gdm_diag,0.5,Cent-LR,0.9844435488443393,0.9750728872515773,0.9715832780358328,0.965322397884854,0.947164642388029,0.9817150291776308,0.959081882739463,0.9662356063577868,0.028940773631135584,-0.4039091168332061,0.9355975690182028,0.029850337760386408,0.5154218037923177,0.0,0.005209484033091499,0.0062042677314817374,0.015503396065379432,0.007718279377076913,0.010775464088130857,0.00973939911165551,0.0060034023544357756,0.004857989178080134,0.003106409875808166,0.23437610295743314,0.12389530183527059,0.007972422023294356,0.08555121747300855,0.0,15
gdm_diag,0.5,Cent-XGB,0.9976715118675006,0.9964430488136021,0.9701331563813316,0.9681152538714725,0.9519604627755096,0.9812105046940023,0.9603863634396198,0.9673780632836073,0.0222897081325451,-0.3689455322827277,0.6950772469770754,0.02128123700109042,0.2558135032653808,0.0,0.0010302595779014313,0.001582742700512106,0.027459182449306802,0.016458033906956295,0.023020015930365834,0.01696454548186748,0.007272915947172363,0.005855844662069062,0.00445966320021766,0.8254598714808142,0.0698704935326329,0.005047414668048461,0.06495747926103015,0.0,15
gdm_diag,0.5,FedAvg-GCN,0.992318121688826,0.9877152359885139,0.9698739216987391,0.9688810949837227,0.9527690721485891,0.9809486898846321,0.9608346524650698,0.9677674291693656,0.023691225424408876,0.031891237620723,0.945916668168643,0.017613865252601786,2.3830061276753742,276960.0,0.003379833014019705,0.004311542815317084,0.024219472583881935,0.013355610696786598,0.01884609673130702,0.015041729305917413,0.006751284969789226,0.00539679271494912,0.006388330721064544,0.6450617036588256,0.12034936821624352,0.011579000126621622,0.30888507944076116,0.0,15
gdm_diag,0.5,FedAvg-LR,0.9831331967142238,0.9736997518807831,0.9691537270515372,0.9643932444828144,0.9459220857449465,0.9802750613307584,0.9571277271750123,0.9646389065794305,0.03221823337177431,-0.09966793278636028,0.8754137322929798,0.03374741567223909,0.7179076353708903,23604.0,0.00707844822802319,0.008247920976635046,0.020661877049383864,0.011057684046173522,0.015081545615898619,0.012820677341456031,0.007190918573665769,0.005796774522348718,0.01093974106079517,0.7603027593665338,0.12130046001230682,0.01593999181232273,0.08977631427707554,0.0,15
gdm_diag,0.5,FedAvg-MLP,0.9918282662347561,0.986336562728055,0.9778986949789868,0.9650169967085739,0.9474566936190887,0.9858180171813525,0.9621493435537941,0.9686634490764298,0.02486163564026352,0.13204118340856955,0.9693309006667534,0.020002648086720767,0.5966912587483724,276960.0,0.0028099113588470667,0.00434723428185255,0.016875469396733546,0.014490453643870945,0.020250083608226995,0.010511812276615943,0.0075872384449128015,0.00642656727829078,0.008429199599455517,0.619267969032994,0.14393151529006382,0.01620142281092745,0.052171463272038615,0.0,15
gdm_diag,0.5,FedAvg-SAGE,0.9896426498435755,0.9828755679929887,0.9640504313205044,0.9696580873756722,0.9533285877838724,0.977205985669075,0.9583770558144985,0.9658357219053346,0.02890200155476724,0.017123458257342915,0.7732568442178073,0.023941283446470174,1.9215449651082357,538080.0,0.00375356632719412,0.005602113506778329,0.023834708458333406,0.010856031735526048,0.015197857753610934,0.014815808692703412,0.010444930533635268,0.00839612062106073,0.009008908984269521,0.8199419599206378,0.08695599440286038,0.011850405526360087,0.2173260050889085,0.0,15
gdm_diag,0.5,FedEns-RF,0.9977579515168176,0.996598217527205,0.9783729263437292,0.9636223673087645,0.9457240124627334,0.9862717729604253,0.9613159294851684,0.9679693701287518,0.020247032247462927,-0.17877586537303383,1.9068433055454694,0.033588212797129695,2.991701014836629,,0.0010007606198177137,0.0013829201230280968,0.02337877625501558,0.015891851058069756,0.0226292548336931,0.014266164675765147,0.008131592823003918,0.0067172929245617385,0.005093576283211961,0.4215331977345741,0.2585489857025194,0.01763145820147468,0.2620857173602079,,15
gdm_diag,0.5,FedEns-SVM,0.9973239189578832,0.9953750003101224,0.9781331563813315,0.9670249464918433,0.9503116240913067,0.9861125728178751,0.9636822217638705,0.9700067015333061,0.021037286591237558,0.05900045059101792,1.6122321711523329,0.033479227234631724,0.1638354301452636,,0.001008913427236913,0.0025842288324912344,0.022349511046496563,0.011836415452582015,0.01671088792090147,0.01380100665792583,0.006245140148774171,0.005004336618282387,0.004843035076185023,0.45470182631826983,0.2095421498714659,0.01500794288995225,0.028197616759701272,,15
gdm_diag,0.5,FedEns-XGB,0.9952426155187254,0.9929419535099093,0.9642769298827694,0.973062824870951,0.9587272547611871,0.977525782207012,0.9610586604930631,0.9680868255076455,0.02463282901770838,-0.18726238053546423,1.2566649761086859,0.03533961799234478,0.6835052967071533,,0.0028640512955350143,0.00355714410997267,0.025441569500167245,0.013471544252353909,0.019480653543334902,0.015182516067334981,0.00874081226501897,0.00690276758977005,0.009671627786996803,0.670581150685241,0.2790578323498476,0.030329289094111263,0.0586581268485863,,15
gdm_diag,0.5,FedMatch-tab,0.9916821153483721,0.9861501273273495,0.9759619553196195,0.9659479487041135,0.9487903281110778,0.9846212576820634,0.9618518407682966,0.9684484395053786,0.024717135851581848,0.10709478733507972,0.9740631448688278,0.019951081185890025,0.8772022406260173,276960.0,0.002851007874428911,0.004285354301860735,0.018128803689500362,0.015443742483561526,0.021545350981346908,0.01133730809959731,0.007776369621050866,0.006582857122313944,0.00810830707527442,0.5862248926889466,0.1435895561221086,0.015156358559532363,0.22721084661135407,0.0,15
gdm_diag,0.5,FedProx-LR,0.9832195257649593,0.9737696938393643,0.9720610484406105,0.9628432166046151,0.9437844601104822,0.9819932689351873,0.9575334923830783,0.9648857896573638,0.03197693464656665,-0.11252056702960056,0.8799433379561028,0.03413231017142883,0.9586267153422038,23604.0,0.006909769409953202,0.008109947430269328,0.014803356608353196,0.011419078731901114,0.01537625430524515,0.009359530598167265,0.006744666444879283,0.005660510744203137,0.010378480935286953,0.7452529810281964,0.12004143759841358,0.015207134133409406,0.08284884964603861,0.0,15
gdm_diag,0.5,FedST-XGB,0.9949483654693776,0.9923818636659327,0.9662313647423136,0.9696580873756723,0.9540092642525148,0.9788219435734272,0.9594906558016897,0.9667318907064865,0.025100503588331973,-0.28990480752031383,1.140006705758826,0.03617757087246612,3.525849962234497,,0.0034165311704811756,0.004544587322492702,0.029010680455590077,0.015103266794093007,0.021444494308654784,0.01763980449099792,0.006864196712272823,0.005296121921288894,0.010550432603590709,0.7632353422285684,0.2874209033523533,0.03369623168546007,0.641741882229272,,15
gdm_diag,0.5,FedTGNN-SS,0.989572195181457,0.9837331026577103,0.9657518248175182,0.9659475889854134,0.9485295146983047,0.978164231325007,0.9566483499824033,0.9642388487874111,0.029408963645497898,-2.6773097303223117,0.40665151749709955,0.029816878872089465,28.771734952926636,8168148.0,0.004756440417697936,0.006845760251867021,0.020500909357519012,0.01939605281948423,0.026409111873762815,0.012527625896913707,0.012489260700411736,0.010673643459374282,0.009017508247297135,2.511903687255631,0.05741337882607769,0.009291773876035362,1.2547282814264626,0.0,15
gdm_diag,0.5,Local-GCN,0.9780168067594366,0.9636604848852535,0.9494713558947135,0.9530973578661487,0.928101717246207,0.9682902904741916,0.9380176328464999,0.9491891576379429,0.043260105575124365,0.009333274103281546,0.7836564423050831,0.03389532467231467,2.157147836685181,0.0,0.01703701454821355,0.023389320848688087,0.05456077716240169,0.015877183943044094,0.024144976192301746,0.03261520119933552,0.03428152922137997,0.026947815876961122,0.028210109496213796,0.809485674382447,0.15792702162587208,0.028989514329787434,0.2204289048117386,0.0,15
gdm_diag,0.5,Local-LR,0.9798987065558662,0.9696056777378061,0.9618553417385535,0.9547930718178386,0.9320435767419993,0.9755118234061252,0.9463127761466927,0.9555879595899267,0.037955355768402387,-0.3926670762137669,0.8704182060050868,0.034225507674663855,1.3627602418263753,0.0,0.007806536691418869,0.009505362806751358,0.028477278141367704,0.01861891672370472,0.025544988051724317,0.017346037479136885,0.018562234953722723,0.015297216777266129,0.01077434259048973,0.43942099814831553,0.14561437743293268,0.007801803492279206,0.12668739113926614,0.0,15
gdm_diag,0.5,Local-TGNN,0.9856647392213078,0.9762766066857258,0.9584693651846936,0.9602179895321858,0.9400401195693481,0.9734753215121329,0.9486776864904792,0.9576196608694042,0.03703915029764171,-0.5126955443670762,0.4935823745507788,0.036984226671782285,29.47401377360026,0.0,0.009450594342200127,0.013133258628361276,0.02816074941553856,0.02513832630111144,0.03419551148368649,0.01749822293424258,0.02287650435737255,0.01912127056740901,0.014624180659350908,1.7129069758757072,0.06104359627094292,0.015123720816441377,1.6313452226908924,0.0,15
gdm_diag,0.5,RSCFed-tab,0.9911884125130405,0.985101560213835,0.975216102632161,0.9659421932049137,0.9484815794889678,0.9840815983777123,0.961448420473252,0.9681406062226465,0.023798165470361655,-0.15736042643682202,0.9186185934719865,0.019540859197066,0.5669140179951986,184640.0,0.003124501089842461,0.005166102417839796,0.01578303008766941,0.012074108819089581,0.017129735929679573,0.009861294758922376,0.007191918964873628,0.006000687997113119,0.004270936502114721,0.5883915162131558,0.1031795145209382,0.009399542766223654,0.08508226387064884,0.0,15
gdm_diag,0.7,Cent-GRAND,0.9929588892153888,0.988223749002299,0.9708613138686132,0.967801938883793,0.9514505562855644,0.9816251663273476,0.9605256859172552,0.9674833560121865,0.023751004536946556,-0.2770675070208362,0.8336080003793325,0.01893223398001793,15.815607388814291,0.0,0.004092270811388216,0.0074486496492884935,0.026936081005408705,0.015545870818048566,0.02220640862627925,0.01650883033363032,0.008000369122265167,0.006444895477484052,0.004592282727181362,0.7107753563967674,0.10186834994605445,0.0040621093793792055,0.9032819856347093,0.0,15
gdm_diag,0.7,Cent-LR,0.9832613190101797,0.9736321437473232,0.9740030966600309,0.9643921653267145,0.9459284635659216,0.9832237754383795,0.9596470542995206,0.9666563848802863,0.029941643029451317,-0.2834855794229902,0.8988574991890311,0.03046214041381575,0.4434538682301839,0.0,0.004797604689180137,0.005692459847661539,0.013546936709511003,0.007426511877194601,0.010283350671248494,0.008555424638934392,0.005148360799235122,0.00418568822943557,0.003442811087174421,0.3080082933253268,0.10671404093968614,0.00902851270648207,0.05839750446839108,0.0,15
gdm_diag,0.7,Cent-XGB,0.9966720881359031,0.9947001809181877,0.9805609378456094,0.9617651396607853,0.9427622531177122,0.9874364890955069,0.9610906324903196,0.9677146616573651,0.02310311583181218,-0.1765796295858663,0.7089471708035473,0.02106880924909925,0.24274576505025225,0.0,0.0012347227983320293,0.0023713515007887185,0.01500922891673111,0.012844992189816643,0.01791131412724532,0.009552059102855457,0.008443324531262793,0.007068984640191855,0.004569931756449098,0.8620575490143948,0.04433986764495436,0.004297211673196086,0.056345425759940004,0.0,15
gdm_diag,0.7,FedAvg-GCN,0.9907010050700404,0.9845126883322227,0.9662419818624198,0.9710512779006817,0.9557034294247105,0.978676952624701,0.9605517224069238,0.9676207570082384,0.02419873736798759,0.048100339864256325,0.8411547116332382,0.0181479607099539,2.365795071919759,276960.0,0.003635451239530118,0.005841586337857521,0.024990989187169056,0.012085116436971246,0.01745608194667888,0.015179094373483866,0.008112218132649342,0.006413160506453027,0.005378059359190026,0.7957908039489576,0.10544581845163144,0.007565128647741957,0.15299148660873965,0.0,15
gdm_diag,0.7,FedAvg-LR,0.982747830710651,0.9729638556246608,0.9727909754479097,0.9625360168348351,0.943194838512388,0.9823918939687264,0.9576627413914127,0.9649891935661341,0.03303981820742285,-0.0049045440820494335,0.8405503333179436,0.035132203059662824,0.7182528972625732,23604.0,0.004993002097292982,0.005475605693006251,0.01402018660299214,0.009390502819802568,0.013202293936064974,0.008920416147672618,0.009067896177929453,0.007509939524162494,0.010769720616702292,0.7759206917726562,0.11677592661739575,0.013831974896927566,0.08853044533824712,0.0,15
gdm_diag,0.7,FedAvg-MLP,0.9903049496493476,0.9842606107602648,0.9713470471134704,0.9681116566844727,0.9514265908907498,0.9816617866765981,0.9610571295136164,0.9678991333676219,0.02586117473741368,0.2134786572542095,0.9105590060714387,0.02051286615616248,0.4907169500986735,276960.0,0.003074000128346076,0.005265721277022407,0.016930265382643098,0.011309237969417437,0.016131327774769767,0.010563883252218905,0.006342308917051473,0.005226031352067169,0.007167671596359522,0.635399343741134,0.11944844012116049,0.012907852826543982,0.054923489826586895,0.0,15
gdm_diag,0.7,FedAvg-SAGE,0.9881638627286229,0.9806371179656216,0.9652545896925459,0.9684170578607528,0.9516351499658324,0.9779417084331757,0.9580989071573858,0.9655615921082006,0.031152127807338982,0.11745572239872852,0.6512833047542708,0.028635227742481586,1.9320899963378906,538080.0,0.004106119858746386,0.006386288076186984,0.024128802029915627,0.01285436245437523,0.0178188096960873,0.01495714884856726,0.012191862622662416,0.009911881624787065,0.009281176733976399,1.1479520647572115,0.0942163182850398,0.012145664158769155,0.12270741230871735,0.0,15
gdm_diag,0.7,FedEns-RF,0.9969837556930944,0.9952758612458148,0.9757080291970802,0.9637748880375546,0.9456010592576336,0.9845018354181043,0.9600614212178109,0.9669653460417178,0.02226482090433459,-0.04288855753825267,1.841053380553815,0.03733927817078688,2.9466543992360434,,0.0012359657272146254,0.0020550836419916184,0.021226218268587144,0.013693829980422458,0.019027110636252793,0.013242303359629828,0.0062327190404803615,0.005104622813647163,0.005181284710303363,0.4660194175030662,0.21187147357771113,0.01983914736450543,0.203984545048004,,15
gdm_diag,0.7,FedEns-SVM,0.9966565339852477,0.9942732442377886,0.9788666224286663,0.965322757603554,0.9476659901191361,0.9864434372372132,0.962801626721922,0.9692393033489977,0.02267991937599577,0.07869658974926678,1.6455233311671458,0.040453064599148984,0.12478160858154291,,0.001506830625758553,0.003105699296787962,0.018689837881823133,0.009658179555266553,0.013640938695164816,0.0116727874918048,0.00690054386917128,0.005591472686036533,0.004156311265299102,0.4694886821268873,0.20692173086385193,0.012969605929541555,0.02176088007344253,,15
gdm_diag,0.7,FedEns-XGB,0.9945447873161993,0.9910099860073314,0.9730298606502986,0.9677972625406931,0.9511660097032365,0.9827283764396475,0.9617314411445798,0.9684149668747416,0.026625024448957455,0.04862972863884769,1.3610138611261187,0.041933622814094934,0.6851988633473715,,0.0028295515650767805,0.005463516572919419,0.01643942061279081,0.013676840267404792,0.01947052877780013,0.01025987666380799,0.008863399496892757,0.007403358348100265,0.010596500487824165,0.7500793335301164,0.32906278973646863,0.03283790001124504,0.060210607608825496,,15
gdm_diag,0.7,FedMatch-tab,0.990294222240968,0.9841997500258551,0.970862198628622,0.9670281839601432,0.9498647621806906,0.9813804154197112,0.9599822277027489,0.9670087958455319,0.025687755147616006,0.17797091365307088,0.9140764585031179,0.020991722148893686,0.7845767656962077,276960.0,0.0032354200901730137,0.005463717884840791,0.019193296030973694,0.011567942119358526,0.016359809315026043,0.011963973149663562,0.006579965604657987,0.005359866728480625,0.006731973960591033,0.6163298102923779,0.12715947965065139,0.011245967742142076,0.10573050639899574,0.0,15
gdm_diag,0.7,FedProx-LR,0.9829723745705709,0.9733170506248942,0.9723070117230701,0.9631543732800949,0.9439966393513142,0.9820898537146001,0.9578582464705799,0.965174903153575,0.032619801039497014,-0.004561171176321762,0.8469951529134697,0.0344484014013874,0.9317113240559896,23604.0,0.004908068623632998,0.005566986866969652,0.01359568973949336,0.007323713251636733,0.010387960094198578,0.00864922397843846,0.007641750880569765,0.006265824684665417,0.00948935794164389,0.738234300854415,0.11560498572416411,0.014066314739495751,0.11257139304486441,0.0,15
gdm_diag,0.7,FedST-XGB,0.9933498311643453,0.988583457603517,0.974978102189781,0.9664069497652835,0.9492183485025719,0.9840181737812405,0.9616389202361628,0.9683234322436266,0.028437874596710315,-0.10623243530109176,1.1133374213441363,0.041531459014807835,4.082513332366943,,0.003612971264926389,0.006898471544013653,0.01990056884039697,0.012332972730669288,0.017452639351848445,0.01241475805435741,0.007370361388574259,0.0060471444333508005,0.011227796283331346,0.9376885322128924,0.31543220522770943,0.033930372338074034,0.5099908686687022,,15
gdm_diag,0.7,FedTGNN-SS,0.9880120599143362,0.9800976439465702,0.9625941163459412,0.9662573067860933,0.949205091910703,0.9764425246878405,0.9551771622280383,0.9630994667933842,0.032882029314835824,-2.4625006264987297,0.3651910312751481,0.033023161422103445,27.7290016969045,8168148.0,0.0049196783675610435,0.006747516120360583,0.030756580705739407,0.02243694831983708,0.030376176449886477,0.018744022493393443,0.01656500161719201,0.013860888955652111,0.009466441608568694,2.744107695384952,0.037711703575523434,0.009726601674235042,0.846905159569616,0.0,15
gdm_diag,0.7,Local-GCN,0.9766931782881287,0.9628272541617807,0.9451139128511392,0.9568190075361067,0.9338126312372766,0.9652199700809219,0.9388815293968029,0.9498318358647619,0.04197328016161914,0.018947348188080266,0.7409379223430267,0.03260952800573956,2.1013076941172284,0.0,0.014856372665189322,0.02117211388620937,0.04993213730994059,0.02861607899621969,0.042251514761155406,0.0308228197424266,0.04044607412827437,0.0331225932572971,0.025400140840308876,0.9073366350065151,0.1530716437760538,0.02419778029211758,0.19284611522052506,0.0,15
gdm_diag,0.7,Local-LR,0.9758753057206146,0.9658635560824318,0.9419500110595002,0.9602190686882858,0.938248090744093,0.9635733170106542,0.9395337543201313,0.9505985062252937,0.040675318986177406,-0.19425166336791044,0.8429113622851058,0.03419102350086954,1.3476217905680339,0.0,0.010863068063745136,0.01212076680885685,0.04264236591737627,0.014633073166651295,0.02166849102694591,0.025606910170453488,0.024512994380257964,0.019349208306040696,0.01269681569600156,0.5595285524115768,0.1428301639571933,0.011793393540542575,0.10335250641921921,0.0,15
gdm_diag,0.7,Local-TGNN,0.9860661203788008,0.9770727158478666,0.9616226498562265,0.9642418029101243,0.9451661606858422,0.9754980754446186,0.9530827723177608,0.9614112543672857,0.03873231224715706,-0.45824742633123344,0.4993515646155826,0.03920726080714603,28.050511153539023,0.0,0.005599585629520356,0.008350176019822981,0.02584345562084398,0.012660970257665358,0.018806629298500493,0.015923001207452735,0.016400646965203537,0.013343222997296319,0.01477054705541653,1.7580994073864038,0.060968313093078805,0.015470141193903827,1.0452615554625988,0.0,15
gdm_diag,0.7,RSCFed-tab,0.9897067424639558,0.9829137003849999,0.975222295952223,0.9665616288062735,0.949258113137487,0.9840918117728368,0.9618833551192493,0.9685241703432517,0.0253420612464348,-0.08173209055081924,0.8659308548528573,0.02088383823785106,0.5250872929890951,184640.0,0.003254324403303646,0.005212020368343635,0.01636010862942965,0.009982355143692829,0.013811471978866343,0.01034131775499854,0.00644534855874501,0.005264855697613467,0.0046790913384943565,0.7367248194053284,0.12345635447760588,0.0076404228394593866,0.061559440996341676,0.0,15
gdm_diag,0.8,Cent-GRAND,0.9911764838256139,0.981071028687707,0.970362309223623,0.9664040720156837,0.9491394388627581,0.981125777364953,0.9592768927837787,0.9664171301275161,0.02506425343453881,-0.780830297707109,0.7460663575675958,0.02102201024585576,14.901419353485107,0.0,0.0024383994279385955,0.006529409283247348,0.02126755858395756,0.013760825917484577,0.01964199922034768,0.013044858726177616,0.0073583230457626905,0.005993140968374248,0.004239805717608451,0.9733240326255496,0.08906108693287819,0.006003645151196795,2.438350520068487,0.0,15
gdm_diag,0.8,Cent-LR,0.9833385851642914,0.9731056220215185,0.9740110595001106,0.9639335239842443,0.9454632076416088,0.9831746876201155,0.95937845686114,0.9663847065983944,0.030470960835615738,-0.4764991208263239,0.9070202320036646,0.03429752789825268,0.421980094909668,0.0,0.003790331962650248,0.004713176530439615,0.01115789417772681,0.013282374349891234,0.018441793025925742,0.007041328729809716,0.009553947830422379,0.008145850927361984,0.004167343870241122,0.3575537279048869,0.1526851825294631,0.01002037840024035,0.09170863845281163,0.0,15
gdm_diag,0.8,Cent-XGB,0.9956154086066076,0.9927127865272125,0.966728599867286,0.9688882893577222,0.9530378880823233,0.9790906503698197,0.9592166530303196,0.9664591699497956,0.023659713193774173,-0.4725964394543861,0.7555610941638636,0.0204765584569393,0.19645110766092932,0.0,0.0016751903507788535,0.0032946547100692466,0.02828310141090888,0.017603237321504255,0.024848334518236415,0.017169704483655523,0.009199990373682352,0.007435087966438962,0.00393033179026483,0.8691524773917715,0.08119245271340955,0.004697172359545476,0.03592728653537251,0.0,15
gdm_diag,0.8,FedAvg-GCN,0.9901501227823518,0.9818426210954699,0.9715770847157709,0.965940754330114,0.9483144323403718,0.9818431008526297,0.9595323801899632,0.9666209932484412,0.026147070899605693,-0.39730717862667725,0.7875531991026854,0.021100069962851395,2.404395357767741,276960.0,0.0032070720045145585,0.005808694253756227,0.0203259167637034,0.011260732808822256,0.01598821323464652,0.01260103117765492,0.007282414202307175,0.005869873810306311,0.005880876088915392,1.0630006945247512,0.16097068952720572,0.008539271037388699,0.2763592951497432,0.0,15
gdm_diag,0.8,FedAvg-LR,0.9825168972536337,0.9713231034346989,0.9679318734793187,0.9654785158006439,0.9473395956603118,0.9794017088490587,0.9573535842495081,0.9648349288959924,0.03419677143295599,-0.11224822940741055,0.8454545910547897,0.03806771287082494,0.6813326040903728,23604.0,0.004558883988432175,0.006575765710368247,0.01391189189599846,0.010478229810389693,0.01496573399862515,0.008603668315480754,0.005770126742486029,0.0048139635983476545,0.009254968401943273,0.8044924164957107,0.12594663532328312,0.014243808192449081,0.06398025715057375,0.0,15
gdm_diag,0.8,FedAvg-MLP,0.9896390694561789,0.9819310936230327,0.975460296394603,0.9640795697764347,0.9458184453697762,0.98417221775336,0.9602209237917827,0.96707801826396,0.02741449897487953,-0.11419325632790378,0.8745354670136626,0.02334609862095528,0.4766117254892985,276960.0,0.002802564336601215,0.0047160066621529315,0.012509099952039986,0.012136377198939398,0.016893897817948693,0.007865793235809269,0.005348005189245773,0.004599022661224842,0.007720085294667822,0.9090599115758745,0.19935259256840537,0.01301105729567923,0.10366767757642686,0.0,15
gdm_diag,0.8,FedAvg-SAGE,0.9873808017604685,0.9770912567558996,0.9669595222295952,0.967800140290293,0.9506803616776073,0.9790267912518693,0.9584615710511003,0.9658592022278465,0.031779770801464664,-0.27847392320479164,0.613910753437905,0.029495817883761367,1.8829697291056315,538080.0,0.00385837003943848,0.007575692129070097,0.026206164056427235,0.010694082605699219,0.014889086734565477,0.016012019533400593,0.012800556679582069,0.010183252328362532,0.013888031489248274,1.1817708488086638,0.1168660328206998,0.01802761815244621,0.17524257712953067,0.0,15
gdm_diag,0.8,FedEns-RF,0.9962208771257134,0.9937978197313193,0.9764193762441937,0.9609863486753358,0.9417218574522094,0.985067484335658,0.9582867334937835,0.9654839417235143,0.025157826845745426,-0.04769152782128868,1.9430862042005108,0.044006229734249815,2.911451228459676,,0.001278959436829548,0.0023214517994721217,0.027344313275596308,0.013479384794125656,0.018809413993006757,0.01657839953448021,0.00850820504933011,0.006685660843615658,0.007289509524547899,0.39767908866601387,0.3321988843432198,0.024130397574008717,0.22657945921056205,,15
gdm_diag,0.8,FedEns-SVM,0.9955135719514321,0.9917907460277384,0.9820181375801814,0.9634644507994747,0.9450214901853826,0.9883743743059781,0.9630442008055365,0.9693743273731036,0.02575451985607686,-0.05413664190096117,1.8525089731372621,0.0498088775056456,0.08845038414001459,,0.001853775360006872,0.0037485444537637565,0.014884573176318345,0.007957501493892858,0.010868370309116008,0.00945123613373285,0.006670378398339682,0.005436741379242846,0.006938225789210818,0.5023570426192826,0.4634118387048014,0.024263359424457176,0.017294684766113816,,15
gdm_diag,0.8,FedEns-XGB,0.9927828611106406,0.9877536364855858,0.9703552311435524,0.9631518552491952,0.944095661469025,0.9810180559243451,0.9568089676359387,0.964353989830265,0.034356571725649175,0.009582713851155951,1.5586722140777047,0.05484382770309912,0.6672399838765463,,0.002699510751540508,0.005195055119510284,0.021747957726275226,0.009891988154394325,0.013682760156064127,0.0134950467984958,0.009276733464753509,0.007434390509151371,0.019246649618933413,0.6229088462167105,0.529531840189683,0.04610817556838749,0.06725430408688751,,15
gdm_diag,0.8,FedMatch-tab,0.9895013964544889,0.981720375317712,0.9744923689449237,0.9645457652116044,0.9465902717174579,0.9836030739417024,0.960078815076005,0.9669718981119182,0.027069323634107866,-0.13962149836022858,0.881361316071727,0.02370388207507996,0.7585516134897868,276960.0,0.0028128548438940094,0.004787016570985269,0.014434230754906175,0.013870514937993544,0.01954767910803567,0.008995457203631459,0.005550467170974739,0.00481108692057298,0.0073868015290185825,0.8724371321574323,0.1998703143476937,0.011896210868583798,0.12379738385483564,0.0,15
gdm_diag,0.8,FedProx-LR,0.9827461676836001,0.9715381383243316,0.9681751824817518,0.9636198492778647,0.9447139771807544,0.979510271920607,0.9561213803432955,0.9637707062198013,0.03377960436046119,-0.11177254382768403,0.8530417612593203,0.037395027949877604,0.8753672917683919,23604.0,0.004414575531186228,0.006573702819662512,0.013300273832911123,0.01185747931101204,0.016675875511475743,0.008262663528157793,0.006812438497442721,0.005752154107272265,0.008518562843635894,0.7822801261721971,0.1288825765266322,0.013564883267625612,0.09426202381084217,0.0,15
gdm_diag,0.8,FedST-XGB,0.9919697937118284,0.9853059394034492,0.9759557619995576,0.9614539829853055,0.9421959973874826,0.9845177319094309,0.9585067879110949,0.9656162546293132,0.035576201885473585,-0.1528026669103491,1.21412324478181,0.053595410615971256,3.894682502746582,,0.0036004011312793724,0.008628411969647516,0.016490816865080592,0.013350269706941443,0.018493403073879897,0.010345453009799527,0.005487530855093572,0.004679454325233782,0.019503310300354702,0.9002443586493265,0.4160817903475504,0.04911326011683338,0.5282598379297129,,15
gdm_diag,0.8,FedTGNN-SS,0.9882480804143873,0.9785210558420726,0.9613802256138022,0.9688864907642223,0.9522891256016454,0.9756154872032431,0.9563954153110343,0.9642314080145274,0.03309738847116624,-3.159816216310448,0.3743973623905296,0.03404367337836967,27.96738535563151,8168148.0,0.004682655811923688,0.009768926034665514,0.027358070876305252,0.013234125617086421,0.019169207061382018,0.016760551072614923,0.011471859950704225,0.009216793110061907,0.012538421563121288,2.3069995481841232,0.04884106584877155,0.013363650947610585,1.1631472305762698,0.0,15
gdm_diag,0.8,Local-GCN,0.9755535263108389,0.9595052851471836,0.9443866401238664,0.9503142142844295,0.9243097494497192,0.9651483866496832,0.9333438901542499,0.9453213196143011,0.0474879458546638,-0.1890337276215789,0.6699758449693983,0.0373547175041362,2.098908789952596,0.0,0.016423415815849985,0.01899294444103402,0.057076904894268914,0.02154880737462321,0.030869246128718802,0.03399898794665063,0.03575405577687155,0.02832153556728477,0.026445609346978163,0.9069732249699859,0.143145412452189,0.02693619371372461,0.1873669032508129,0.0,15
gdm_diag,0.8,Local-LR,0.9742074029654927,0.9628788574903017,0.9307746073877461,0.9560355402075577,0.9310275028553012,0.9567547639665956,0.9302749302070966,0.9432152526071387,0.04692919279138243,-0.3174855897898798,0.8553022475199785,0.037524448709813356,1.2973100026448567,0.0,0.012280483917258556,0.012833149778245075,0.051984181498342524,0.013217864578133807,0.020061994869042362,0.030640343778227188,0.03165463373693496,0.024815857716696556,0.016898669470213224,0.46618695269261307,0.1350529500689385,0.012159870263039106,0.09163741781202757,0.0,15
gdm_diag,0.8,Local-TGNN,0.9848386535669386,0.97608034992277,0.9594275602742756,0.9600564758358964,0.9399360713606543,0.9742155906649586,0.9489855018786297,0.9578998954483315,0.04647225514054295,-0.5927941382506293,0.4914497514659217,0.04804210439195574,27.166443157196046,0.0,0.006446054867952299,0.007589542587458982,0.029703671330657034,0.02296692833365786,0.030964088367292034,0.018003350742768088,0.018718740593981667,0.01562994111684645,0.02129616801168171,1.9216203677281236,0.05464046288508242,0.022703143888654867,2.67303726290441,0.0,15
gdm_diag,0.8,RSCFed-tab,0.989296111886026,0.9811245669445374,0.973282902012829,0.9650119606467741,0.9469686817245886,0.9828336665455929,0.9597432168895673,0.9667474006878438,0.026834207524855873,-0.46432987994412056,0.8287237585867031,0.025815943274602918,0.5275862693786622,184640.0,0.002828295172131533,0.004917949977589967,0.01625343361355654,0.010284946991158873,0.014407447404470681,0.010177578684817732,0.005191858471131346,0.004242975128787707,0.005229547698371686,0.8637358105523745,0.17651982611356065,0.01220205450215003,0.08780713100637151,0.0,15
gdm_early,0.1,Cent-GRAND,0.9927091561325122,0.9808190382424787,0.9768276045122761,0.965353909242972,0.9478623871988111,0.9851598126761583,0.9618361761906516,0.9684313956796481,0.022661792282015036,-0.2452646444433938,1.017700721122774,0.016250144954123455,19.80770873069763,0.0,0.0030367919757282053,0.011315523342757594,0.01807193669298587,0.013546438230042961,0.0189902035285574,0.011268336461348978,0.007877844690632385,0.006562454398823813,0.00408726325514339,0.3731929535769793,0.10475617725902747,0.004111589463831203,2.3842854213721303,0.0,50
gdm_early,0.1,Cent-LR,0.9804200777328957,0.9594756976896739,0.9754471134704711,0.9644268062375222,0.9460798785211274,0.9841214976388807,0.9604249493541482,0.9672737251007484,0.031449775137007197,-0.38439315763050047,0.9445297218420771,0.04206377848723885,0.694404444694519,0.0,0.004565520276498499,0.012720664073896805,0.01274906059729028,0.008972548912025705,0.012649080506474567,0.008110751212885136,0.007066221319828885,0.005857784811575698,0.004020522978342069,0.18078210877503853,0.13545250374238646,0.006546444698576547,0.14190174789917218,0.0,50
gdm_early,0.1,Cent-XGB,0.9977653582255809,0.9963623237100674,0.9741303251493032,0.9686062698969405,0.9526855033581346,0.9835748828046086,0.9628842374273581,0.9693698536691661,0.021545962747186377,-0.34763983932191167,0.6623053287870425,0.020766353254033046,0.34581541538238525,0.0,0.0008019819445211645,0.0016010010578229382,0.020387901520890657,0.0155077907476766,0.021833920439420496,0.012605018676587898,0.007377397565449333,0.006159758554864342,0.0036408714365625014,0.9137274278060731,0.05739761429525253,0.003969684237797811,0.09721179211136514,0.0,50
gdm_early,0.1,FedAvg-GCN,0.9897969343989458,0.9765854691905663,0.9766142003981421,0.9660988506987536,0.9488668761984941,0.985011126567799,0.9622739052264538,0.9688093468372948,0.025715518184006164,0.19243151042216908,1.069554731146931,0.022615781689155144,2.74998140335083,261600.0,0.0036527032205519844,0.01018076092200331,0.017635010683719914,0.012998763504991809,0.01830591873599219,0.01097845013125518,0.00806149664874418,0.006675405879733503,0.008554194623750698,0.5681253131094288,0.16995098980701537,0.01968392024786011,0.3538464932867659,0.0,50
gdm_early,0.1,FedAvg-LR,0.9800288506561459,0.9603319249223056,0.9715113470471134,0.9614085145416285,0.9416275477315496,0.9816445650143608,0.9561426272194516,0.9637376777945932,0.03699051391333337,0.005555118727610073,0.9413218725432436,0.04686244437156623,0.9325320529937744,22128.0,0.00507405178359713,0.012352325509582757,0.01902264932903127,0.010990363195051898,0.015414209218387756,0.011940761841676622,0.010546715628512431,0.00859912485125676,0.012581440127947152,0.6520122723916413,0.14293671143563988,0.015598182688782984,0.1444734470521236,0.0,50
gdm_early,0.1,FedAvg-MLP,0.9881172277861857,0.9727381221472864,0.9779944260119443,0.9650296228349431,0.9471913160708215,0.9858054775261276,0.9621811569754252,0.9687066991388826,0.03015563853085037,0.25468045528604405,1.1409479729415428,0.03155792427685186,0.792040410041809,261600.0,0.00400119925126415,0.011224861120743427,0.01566776965856915,0.011232171267363353,0.016007446382300505,0.009889611451115842,0.009500057064029928,0.00784365641294528,0.016191597284617422,0.5183035216077415,0.27809168654162625,0.03320760427160075,0.10657885146436485,0.0,50
gdm_early,0.1,FedAvg-SAGE,0.9869756341547677,0.9728862040571292,0.9712899800928997,0.9590357740247127,0.9387826957379366,0.9815111662133983,0.9544024093237471,0.9621845610217922,0.03510742353275414,0.3298803305447834,0.8620569182103337,0.029970773885607774,2.2550363111495972,507360.0,0.005283955861843334,0.011713168334458457,0.022887298329895375,0.02043826926507571,0.02695771722692415,0.014331189091969001,0.017563682311238657,0.014896257313981035,0.016664424718750657,0.7746251068060096,0.11633221171389367,0.0227912881665482,0.2672427173929213,0.0,50
gdm_early,0.1,FedEns-RF,0.9979692282884552,0.9968768731800993,0.9819288652952887,0.9641017644202233,0.9462464809289933,0.9883612719579616,0.9635211584408997,0.9697490420520134,0.019363866216830138,-0.09993425303942347,1.8431218661358173,0.02993144453466179,3.8464850902557375,,0.000805536241864146,0.0012467919593980013,0.014401841427593001,0.012582202568662108,0.01794622229800453,0.00898283371708632,0.005929312747668588,0.005031210656975316,0.004760262183069044,0.3792409598341496,0.4331548329633399,0.01808105378339671,0.4165607342325664,,50
gdm_early,0.1,FedEns-SVM,0.99734217871448,0.9949693498965202,0.9798935633709356,0.9663775967193655,0.9495913535532128,0.9871965155089106,0.9641491174821206,0.9703343879056386,0.020242377629387902,0.15758705852336172,1.597293436750232,0.029365237944900025,0.3679124927520752,,0.001359733124909525,0.004033727726392026,0.019821878713031184,0.014040551528394772,0.01971617774319616,0.012322881651769497,0.0067213425858952975,0.005590398524243327,0.005148213354264997,0.32330252894700806,0.48552720103817765,0.013765652504510898,0.08811478486228692,,50
gdm_early,0.1,FedEns-XGB,0.9971117677017315,0.9952457271014216,0.9780674187126742,0.9646591485458371,0.9470276202110408,0.9859494968155499,0.9619746817683148,0.9685093371480268,0.02191208040795228,-0.06138877264995044,1.3487605433397918,0.028454862268752327,0.837592544555664,,0.0013892204976566098,0.0026898398897774677,0.01743253704794357,0.01479999347302797,0.020717096457707883,0.010815299492258122,0.007525072944483772,0.0063561336448569455,0.007341402891773847,0.5575016646301068,0.6485883871847197,0.024150722440529664,0.15996379984370235,,50
gdm_early,0.1,FedMatch-tab,0.9880379291202109,0.9726259131551477,0.9789398805573988,0.9648900879512222,0.9469649535118354,0.9863686974806662,0.9625670188623066,0.9690118212110046,0.030073882415890648,0.24248816939494908,1.1395852705705447,0.031702554842496754,1.0324013757705688,261600.0,0.0038126995118848237,0.01096504523902357,0.013763053908126774,0.010547869746431118,0.01516126615699934,0.008745287888221664,0.009669096235773679,0.008003700100347436,0.015817555195031988,0.5078676175023014,0.2787685533133785,0.03281042083797713,0.127048204217295,0.0,50
gdm_early,0.1,FedProx-LR,0.980116165833567,0.960429774026066,0.9716562707365627,0.9620126261263693,0.9424659768053594,0.981732433565889,0.9566634226686301,0.9641781777181943,0.03669679094105954,-0.004099764697739616,0.9400563747513732,0.046192787064014765,1.1822127962112428,22128.0,0.005039689844332462,0.01229649204315015,0.018380934503829334,0.010487047901511129,0.014849396240224622,0.011547062637783833,0.010387930005681396,0.008463135390463242,0.012078986517158288,0.6415266809824915,0.14331810419319918,0.01493131550039934,0.172132080959585,0.0,50
gdm_early,0.1,FedST-XGB,0.9970533360950755,0.9950339700380744,0.975371201061712,0.9666095073652404,0.9496495823059999,0.9842389172468482,0.9620389210148538,0.9686252449116752,0.022236512860650478,-0.06157057184679579,1.3399504022670166,0.0285213938010232,2.6108436393737793,,0.0014188206013488977,0.0029581242912496567,0.016992168375132007,0.01401396392488859,0.019750563826076848,0.010556046253982296,0.0070489074877204475,0.00592788587097567,0.007416368995340771,0.5673853404925826,0.6954873175989669,0.024970066512073473,0.4061534313992346,,50
gdm_early,0.1,FedTGNN-SS,0.9877179406464862,0.973263143082482,0.9726017252820172,0.9604794690551988,0.9406496091823263,0.9822944254609098,0.9561076993158626,0.9636295152520519,0.030987416803836775,-3.072825077576212,0.4191444986856015,0.031124599870804542,39.38906328201294,8043792.0,0.006877899727216218,0.014882613451773377,0.017792909028290938,0.01621229007678318,0.02276582184664802,0.011258734809691112,0.013484132782632713,0.011373772775070519,0.010212668625590194,2.6513266899446006,0.059630192364157564,0.010260414266116395,4.087367202277434,0.0,50
gdm_early,0.1,Local-GCN,0.9690780426700613,0.9462784567544145,0.9449000663570007,0.9424588571736902,0.9151528070687259,0.9640808890052167,0.9291102966938334,0.9409588063535714,0.05088456768542523,0.3893093324829212,0.7892826836037264,0.040894406725738346,2.804992446899414,0.0,0.026792977566471993,0.03640726614155658,0.04990838300753191,0.04695717614687493,0.06179703419318583,0.03217608440110167,0.052071262365087335,0.04447593460410937,0.035729205811831616,0.5865946759838885,0.1912921813482359,0.03293426815374776,0.44998851662550393,0.0,50
gdm_early,0.1,Local-LR,0.9754133090180679,0.9554444675493748,0.9628382216323823,0.9590867101926294,0.9381980122399126,0.9761344269895348,0.9500313832374995,0.958704549232079,0.03696120653301473,-0.3185910955609679,0.8396301925355991,0.03982118993743933,1.776795778274536,0.0,0.01123116923211874,0.014470157284817053,0.02130362109727721,0.017636928881121155,0.023356162460583637,0.0132400395154855,0.014205579145446281,0.011976051880920751,0.008248046784142206,0.27278381566290705,0.1392580634598796,0.008086503725847115,0.29784534493077597,0.0,50
gdm_early,0.1,Local-TGNN,0.9812144879449062,0.9631009431342289,0.9626200398142004,0.9590400906491123,0.9383836222624534,0.9759269702410448,0.9499899314154753,0.9586126256152682,0.03746831519529219,0.22411040703278687,0.5515648708704123,0.03476005161550315,41.298852558135984,0.0,0.011844128986430915,0.01977617883394577,0.02457731462899851,0.023754289700038563,0.03221089595502142,0.015506058635409192,0.022635238472355334,0.019135269614874332,0.019247861533384272,1.2649537025683022,0.07085954465673884,0.019756469315143552,5.359796037268901,0.0,50
gdm_early,0.1,RSCFed-tab,0.9875869464146722,0.9716374059387977,0.9795227604512275,0.9647966330329681,0.9468356494234845,0.9867189230811035,0.9628024276888456,0.9691958755293524,0.03253009550273414,0.0698416261147752,1.0286816358696533,0.03739823332849013,0.6770775270462036,174400.0,0.0036409604279604465,0.010948871779070845,0.011423359608448262,0.009854405464246577,0.01407015435434618,0.007273525500954784,0.008302484664102622,0.006921883731704424,0.02127897864949585,1.046694808952366,0.20554370374330058,0.039447140401873096,0.11704171604825317,0.0,50
gdm_early,0.3,Cent-GRAND,0.9923974891353078,0.97988976822396,0.9755198407431983,0.9662368747639346,0.9489696438636119,0.9843331096240813,0.9617959638723944,0.9684396441178383,0.022715493589639615,-0.25624641710658574,0.9878904621578584,0.015769491611920407,18.451604027748107,0.0,0.0033888064120152716,0.012949282431227475,0.01848980801983641,0.011916504163860761,0.016616370807166422,0.011528434972612203,0.007091488704127075,0.005835045479635102,0.004217084791230911,0.39771950116016963,0.10408864979703758,0.0041485958309613906,3.242100032877549,0.0,50
gdm_early,0.3,Cent-LR,0.9803663113646057,0.9598338600732735,0.9744254810882548,0.9648909512761021,0.9467199618742191,0.9834832457358743,0.960248167708101,0.9671453744262614,0.0314822386205196,-0.37725878839780724,0.9406206234136119,0.04230237860586621,0.6168506288528443,0.0,0.004611571153870473,0.012847809756603497,0.013271562627825802,0.009420010703805692,0.013439319332250307,0.008392481571229885,0.007514446798012684,0.00622188667087837,0.004190677856071975,0.18570602112973109,0.12820451464066,0.007768104488527733,0.14346531766219622,0.0,50
gdm_early,0.3,Cent-XGB,0.9975878505956716,0.9961607629503056,0.975877903118779,0.9679555387686828,0.9517671196660308,0.9846529744514889,0.9632944217008785,0.9696818033815207,0.021818070169538212,-0.39402583236802935,0.6757636443883039,0.02074565793694395,0.30846031665802,0.0,0.0009624263275209511,0.0018481644546885043,0.01956027642524311,0.014994504282587801,0.021248933830306328,0.012043582941229767,0.007180944265267326,0.006019040577270967,0.0038032028023892743,0.9432727972129411,0.05495943024199045,0.004261443569456235,0.05959275911051787,0.0,50
gdm_early,0.3,FedAvg-GCN,0.9891879432040216,0.9755765108702671,0.9755185136031851,0.9670267091134732,0.9499690503275171,0.984309924547454,0.9623673617744248,0.9689337954594532,0.025853059384971813,0.1973755060299739,1.049735693404503,0.021983079907847588,2.756625928878784,261600.0,0.004264141491773651,0.011976180057336097,0.018158811155015,0.010308548744869105,0.014478034117678848,0.011347172778806808,0.00820820706799487,0.006685253852121902,0.009272193289638339,0.5622229936399056,0.17486747931164456,0.020990766067749893,0.6567178937646398,0.0,50
gdm_early,0.3,FedAvg-LR,0.9797794021038387,0.9602239054215006,0.968957398805574,0.9610387956617924,0.9410877281338389,0.9799788383095787,0.9546087774865855,0.9624639996195787,0.037713213600218246,0.0268504304556584,0.9338241515750881,0.04655441900091704,0.9297820806503296,22128.0,0.005572431379996142,0.012784652219645105,0.018397419307876237,0.014460015008858162,0.020383954837390566,0.011616674207026511,0.013317686282021526,0.011067435628866086,0.014568500919956815,0.6760826966162823,0.13748491332385054,0.017935330185805613,0.19490275397202084,0.0,50
gdm_early,0.3,FedAvg-MLP,0.9879133697880904,0.9729921729522485,0.9782128732581288,0.9647037176927643,0.9467204089833341,0.9859180500887412,0.962062143507577,0.968595267244671,0.030331094227731184,0.2735394285364556,1.1289664891208606,0.03143029335415951,0.8570212650299073,261600.0,0.004196042188258941,0.011230090637206527,0.014340881683666552,0.011220726035804707,0.015950368201964722,0.009097491252761037,0.009386150084659584,0.007790397775469108,0.01628831794004475,0.511518869589532,0.28217232220802574,0.0330590615573613,0.5007008212662524,0.0,50
gdm_early,0.3,FedAvg-SAGE,0.9865926730456703,0.9725126101994027,0.9728976775049767,0.9583879566179248,0.9379795472864568,0.9824128015304363,0.9548205589552249,0.9624614084254071,0.03518124306574459,0.33396908392817487,0.8413855412720317,0.02944603864220462,2.1869151973724366,507360.0,0.00536387882055002,0.01196483150332787,0.017834942220452406,0.021228873638952254,0.028531674269287287,0.011367492515068193,0.01752087223152682,0.014989907080311534,0.017029462927691502,0.7846244808238602,0.1219813169697364,0.022413827349115612,0.658956325453358,0.0,50
gdm_early,0.3,FedEns-RF,0.9977578004063199,0.9965245643343139,0.9772658261446583,0.9644256191658124,0.9467999425404986,0.9855241842001776,0.9613719127588556,0.9680248448081451,0.020668852027785015,-0.09955089201552796,1.8737200831224308,0.03375580068915192,3.9140681505203245,,0.0010475038543417922,0.001687307704172595,0.02118977229235781,0.015727365481394015,0.0221350024450728,0.013043620222697198,0.008010949872676636,0.0066834364185403,0.006765379250584564,0.3952638290339467,0.4419157310960976,0.024245790028546828,1.1262335777676764,,50
gdm_early,0.3,FedEns-SVM,0.9970893607919245,0.9943600036823781,0.9791684140676842,0.9666582852209572,0.9500819861699834,0.9867794871710808,0.9639874208097164,0.9702096858655981,0.021107970596846395,0.15725704608016072,1.6059876508791833,0.03182397699778786,0.27160533905029294,,0.001520134172768925,0.005133972623610248,0.021175335162789147,0.015128009252362882,0.021277708888274825,0.013119668834903939,0.006622023554239967,0.005512905181205301,0.006543215726768727,0.35110476692185294,0.43578865660343324,0.0166080001974249,0.07756492993620591,,50
gdm_early,0.3,FedEns-XGB,0.9968025386076689,0.9948308884454364,0.9749332448573323,0.9646587168833972,0.9470730686260797,0.9840790102393518,0.960339118299321,0.9672045620471024,0.023746901309311272,-0.07771183195256516,1.4444030915582595,0.033258131038459454,0.8377922296524047,,0.001541399961569206,0.002630680698058437,0.02246723155821552,0.015975624329346377,0.022318805831998904,0.01381553777788651,0.007399358164679831,0.006147311438677167,0.01104892120472919,0.5323495134360153,0.875354004226606,0.03237469682827477,0.32122733011845167,,50
gdm_early,0.3,FedMatch-tab,0.9878808100846028,0.9731745573019096,0.9783591240875913,0.964936707494739,0.947063263513505,0.9860305085968539,0.962300041482084,0.9687990431366842,0.030273468233644917,0.26078691630996054,1.1270594744014384,0.03159727041163075,1.010084114074707,261600.0,0.00418220191131771,0.011280628501439646,0.015112340119936571,0.011024036330143578,0.015646487883780934,0.009574429409008697,0.00917665819224476,0.00759028068894243,0.016035840872506268,0.5123130991980521,0.2813484619967821,0.032747244373700655,0.25350940220016777,0.0,50
gdm_early,0.3,FedProx-LR,0.9798248217389157,0.9602091878839032,0.969541605839416,0.9607135380132736,0.9406382740406957,0.9803231577345549,0.9546770228523667,0.9625031633041158,0.0372991225868463,0.018366900445645932,0.9330976968512572,0.045963827205835035,1.2767925071716308,22128.0,0.005572706345181147,0.012868838265395628,0.017326003290388244,0.014311574432505327,0.020112209641366792,0.010952718946546605,0.013017654473339628,0.010856512973724978,0.01377304878111507,0.6599467377407313,0.13839579687143613,0.01684301315006498,0.5009114623731122,0.0,50
gdm_early,0.3,FedST-XGB,0.9966976760283877,0.9946994761780992,0.9745682813536828,0.964984298278746,0.9474087940619687,0.9838017470168746,0.9603936427428171,0.9672600830197797,0.023968959756455632,-0.09278079840792076,1.3483517401678982,0.03220865150044411,3.433650326728821,,0.0015212241296711974,0.002499234787464281,0.021274905206913976,0.015151857997212673,0.02135415334312051,0.013107231330777784,0.007989141597304537,0.006611814015002415,0.011143590678139227,0.5949393473074402,0.6940093071559282,0.03230289586256311,1.0146077626319694,,50
gdm_early,0.3,FedTGNN-SS,0.9876671815833382,0.9729438647153396,0.9730380889183808,0.9619641720174823,0.9427219541850366,0.9826314023693271,0.9573939559650708,0.9647350995354981,0.03087057180702682,-2.7645054175186643,0.418456820245294,0.030616021943243473,35.95220792770386,8043792.0,0.0066333694221166915,0.01572489183371552,0.019970770091795972,0.015239516864594,0.021550880487733032,0.012636478047760934,0.01401720374884239,0.011671230697833492,0.012383420758590422,2.6959516407072104,0.07358858122131248,0.012089623768973032,6.639291230253937,0.0,50
gdm_early,0.3,Local-GCN,0.9679984379347931,0.9456376674198073,0.9400846715328467,0.942599147466681,0.915414491703074,0.9611796397276419,0.926703774911839,0.9390417444543228,0.05179450314491982,0.36883393921764884,0.7778938710393064,0.04184805442563234,2.604639139175415,0.0,0.028696405720868512,0.03969939101769531,0.05562273627036999,0.050417551429410803,0.06744728857726372,0.03546699397933716,0.0565879361261187,0.04806277479199395,0.037471905891204575,0.5856419447829967,0.19818053896730037,0.034662868737932784,0.6493958712535922,0.0,50
gdm_early,0.3,Local-LR,0.9753378795341697,0.9553867066451492,0.9604281353682813,0.9593173258511843,0.9380957501110093,0.9746223558965975,0.9488697819811178,0.9578307183067867,0.03836604468524451,-0.3298616032629918,0.8462118607748724,0.04137779856124452,1.675292077064514,0.0,0.012641114510886198,0.015766882222773986,0.02518089427019047,0.015199331854320569,0.02112549412325521,0.015608685394459778,0.01727595152478731,0.014211807066358412,0.01020421085576362,0.2885908075983586,0.1469608803488883,0.00872821394415776,0.47124575392593043,0.0,50
gdm_early,0.3,Local-TGNN,0.9803996528397075,0.963421074138311,0.9607925680159256,0.9574122915879782,0.9360988953274412,0.9747813934163294,0.9478715995289468,0.95683971722358,0.03881130930036302,0.21171381006760925,0.5176526236877322,0.03705696107019791,35.41290003299713,0.0,0.014713100442066099,0.02144406186306417,0.028553464456362698,0.026389391931458096,0.03612422242774501,0.018027435142555854,0.026460132001684063,0.022172835563754857,0.022132512859497386,1.3574595305289752,0.07409565250017103,0.02163208622408305,4.847397348315818,0.0,50
gdm_early,0.3,RSCFed-tab,0.9872952951107031,0.9716521445437988,0.9802484406104844,0.9639132358495657,0.9456821103023286,0.9871823186956735,0.9625353655051009,0.9689441819816216,0.03303456136956806,0.10331274236323715,1.012609112026436,0.03714017460526273,0.6498104906082154,174400.0,0.003996180564379279,0.011084100620735728,0.011365897953280165,0.011318742998783536,0.015873813983801593,0.0072502322645667605,0.008838518433747238,0.0074366006353062,0.022972205759065216,1.057871206103018,0.21270968455462327,0.04038035561856672,0.1597753576448101,0.0,50
gdm_early,0.5,Cent-GRAND,0.9915174126118975,0.9768273214042645,0.9772695421366955,0.9646135002428102,0.9469697467935542,0.9854551221318498,0.9615316197359326,0.9681492016508286,0.022939162999391506,-0.32405180375313797,0.949526058645163,0.016524499691864227,16.165545539855955,0.0,0.003842988120994539,0.013736366060004638,0.018478684521153383,0.01539132967029532,0.021461228621906102,0.011453642767174097,0.008136444045800151,0.006872345166415015,0.004242589299591351,0.4310373909932967,0.1191685229007067,0.004439991862906994,1.1933427090199622,0.0,50
gdm_early,0.5,Cent-LR,0.980238084269488,0.9593235356648917,0.9737706702057067,0.9650296228349431,0.9468819456518834,0.9830581983082968,0.9600206913364622,0.966963929481669,0.031892841644585085,-0.3787448144571306,0.9407147547070616,0.042615429148500646,0.4761992168426514,0.0,0.004957565550541312,0.012670858989344776,0.012405400885211698,0.009278518220264226,0.01311242953773135,0.00787834058304776,0.006975999313970597,0.0058036923484873736,0.004026328345290554,0.18154015006031743,0.16163332096022492,0.008215613909085782,0.06968929060016504,0.0,50
gdm_early,0.5,Cent-XGB,0.9973130674740024,0.9958014457544414,0.977199203715992,0.9640563319484162,0.9461603882796074,0.9854714653589487,0.9610333111040775,0.9677539287008183,0.022597000114619677,-0.46827511256312776,0.695434769767674,0.021331502588906655,0.24957885265350338,0.0,0.0010986114500915205,0.0018396599185110905,0.02153150519168326,0.01435524062092442,0.020183394578600602,0.013301686354732587,0.007107368999122803,0.005882362292535902,0.00402151239498151,0.8640847787891932,0.06106258574735586,0.004507475725302133,0.047498869375500345,0.0,50
gdm_early,0.5,FedAvg-GCN,0.9885798559795649,0.9736224398581311,0.9747177173191771,0.9670746236443101,0.9501408650226444,0.9838292395102058,0.9620101481787464,0.96863661970476,0.02625107478350397,0.15986435277172886,1.0193815362446355,0.022806854602517444,2.411507887840271,261600.0,0.004158887416718535,0.011698118884889875,0.018818933534817815,0.012437585096907516,0.01735261154633338,0.011729763324872532,0.008595625380948302,0.007081530787293738,0.008976379008189714,0.589465794595154,0.18930126535114536,0.01998098574444222,0.3092224771739133,0.0,50
gdm_early,0.5,FedAvg-LR,0.9793980112234383,0.959820183968247,0.9683015262110153,0.962430367452652,0.9430114220375789,0.9796161512723327,0.9552722588068134,0.9630608089604351,0.03836020510643716,0.04655154963365702,0.9180869738575842,0.04689081105378498,0.7805080604553223,22128.0,0.005782860056214623,0.01223267394982799,0.01869054752973937,0.012824976224349196,0.017940324753731245,0.011569705176039771,0.011414167945234902,0.009378604994158398,0.013792382419634815,0.6931437226556089,0.1488741069330898,0.017046013973599186,0.10586415354510617,0.0,50
gdm_early,0.5,FedAvg-MLP,0.9873339176864555,0.9710092023675613,0.977121698739217,0.9632656342739978,0.9445966030341271,0.98523242068813,0.9604130630407465,0.9672303707347374,0.030751460082828946,0.25460322014504494,1.1038755890790164,0.03141570523060219,0.5984959840774536,261600.0,0.0042929858806689935,0.011407498342197215,0.01691504942385243,0.011109614741792036,0.015706142756788093,0.010656456065266044,0.010049665652624296,0.008271189994152755,0.015807394254227884,0.5118981516424593,0.2840111731046721,0.0315415246461078,0.11192852221706513,0.0,50
gdm_early,0.5,FedAvg-SAGE,0.9863792915272175,0.970691705070299,0.9704841406768413,0.9601501106135002,0.940205616319155,0.980947162156895,0.9548178424543663,0.9625581027140817,0.03552133593708272,0.33472851909387913,0.8101336730513568,0.031073145477398388,1.888921308517456,507360.0,0.00544782567638207,0.012059029595175685,0.020991119590587415,0.019665555800056116,0.02654417600046252,0.013164814145288114,0.017891241070141114,0.015126435403968843,0.016878587985547033,0.8604700457617114,0.12427401377574208,0.022433750493278625,0.2572109533642316,0.0,50
gdm_early,0.5,FedEns-RF,0.9973294185450362,0.9957502357606987,0.9782126078301261,0.9630798035935898,0.9446039767456986,0.9860145832485628,0.9608368891714869,0.9675632358363231,0.022691235554109603,-0.06286881958273492,1.945486771541665,0.03996037988439133,3.0200787115097047,,0.0014289506889969582,0.0025514802733233397,0.018602400535620654,0.01280010016355071,0.017864613012176154,0.011532407353934371,0.008053755056963017,0.006664929385282609,0.008066726232711385,0.3717810606223286,0.4824149744691859,0.02897050436984873,0.352811611801258,,50
gdm_early,0.5,FedEns-SVM,0.9965173610573095,0.9930405650851588,0.9848456536164565,0.9634976528354826,0.9454688949853569,0.9902555399257369,0.9645316894327525,0.9705616295651872,0.02359331647751547,0.1657386044185984,1.7658410578824806,0.03839387111014789,0.17288893699645994,,0.0018653530533195867,0.006499206641581245,0.01625791512148349,0.011955538773115955,0.016611871092962572,0.01022664575438963,0.007314915530085513,0.0060915786370089944,0.009894091495707372,0.3971942500149138,0.7490558455796065,0.026356218567926443,0.04909781564346611,,50
gdm_early,0.5,FedEns-XGB,0.9954394318869717,0.9923613354081042,0.9763920371599204,0.9634053849889387,0.945000518809142,0.9848304393162794,0.9601700621131909,0.9670235000748986,0.026289557743081077,-0.017942523223844146,1.4777012301224746,0.0404902942305852,0.6768214416503906,,0.00262393678332346,0.004488782014940876,0.01689233345246703,0.013300438124476888,0.018405165019908406,0.010604416020026906,0.007171783313096497,0.006024470378424519,0.011907886458149776,0.5547553120504789,0.708988194889946,0.03756829369523023,0.11115711787193142,,50
gdm_early,0.5,FedMatch-tab,0.9873667324302627,0.971182160293645,0.9785802256138022,0.9639155020773755,0.9455342716997798,0.986171585020323,0.961625271889518,0.9682372767556953,0.03075016569346185,0.24154603998477137,1.1023688833235719,0.031798382025238416,0.8071949052810669,261600.0,0.004190622831089789,0.01117587391019401,0.016539442744039942,0.009552735406730998,0.013425610844148896,0.010421285303844889,0.009068973050176189,0.007423234920822273,0.015803545829790218,0.5139550797351978,0.28448264189446043,0.03158093802499021,0.10643818075815778,0.0,50
gdm_early,0.5,FedProx-LR,0.9796409216723511,0.9599956891256441,0.968808493696085,0.9617801759024442,0.9421377773050716,0.9799409582755197,0.9550540038858832,0.9628622286968203,0.038089975751936386,0.03150046159660637,0.9248170037049426,0.047218604415417295,0.9992040252685547,22128.0,0.005507157902439821,0.012121866780217391,0.019223275284783972,0.013276059770237375,0.01854951490524758,0.01189813284251563,0.011662663831370036,0.009588942325634545,0.013373736454491431,0.6809037101381544,0.1497469333161987,0.016701836863352495,0.1291345203932458,0.0,50
gdm_early,0.5,FedST-XGB,0.9948658509702613,0.9913026121354407,0.9777013934970139,0.9608499433443047,0.9416128530420386,0.9856640997369867,0.9589806861779441,0.9659639906689749,0.02823721963691539,-0.05738260736904859,1.3603926918388112,0.04077028205142499,3.4545498847961427,,0.002941057213194846,0.005516902893756409,0.017016700870344507,0.01530512507153313,0.0213679046827355,0.010569684426669036,0.006999004779838121,0.005983806826416018,0.014188063325773681,0.6713811020519592,0.7708292432687336,0.04108523148493753,0.5745137571303249,,50
gdm_early,0.5,FedTGNN-SS,0.9873560626341628,0.9737914902687104,0.9696175182481751,0.9614554578319754,0.9421531603671793,0.9804555582227323,0.9553367235566302,0.9630169585855326,0.031466436609625774,-2.8474056225022064,0.3978614802809073,0.03172551186496539,29.621318016052246,8043792.0,0.0056466840239576275,0.011007133840512263,0.02056820597061176,0.01998016129073955,0.02699502159406024,0.012919482055195535,0.0160903669417183,0.01371885041615923,0.010604575511213719,2.894436293564272,0.06062882110793131,0.010574846614451227,1.948789684800415,0.0,50
gdm_early,0.5,Local-GCN,0.9665465072274994,0.9431383879943135,0.9373913735899138,0.9401828090433281,0.9116450545502489,0.959601472351588,0.923381368793505,0.9363413014890797,0.05423118773847812,0.358163560038259,0.7397863658212483,0.044460934368193324,2.3210655546188352,0.0,0.029192423608226516,0.03851327008261714,0.05719328936711752,0.049235803852329355,0.0628518004821456,0.03561023785097147,0.054606672817353305,0.04646260270989684,0.03864620803940685,0.632907158768701,0.19350926799531434,0.03815086144642749,0.34050594310207283,0.0,50
gdm_early,0.5,Local-LR,0.9716844675573059,0.9523393817487091,0.956561911081619,0.9560212593751686,0.9332951526312372,0.9722081779212918,0.9444057448854204,0.9541435444295006,0.042168133109807916,-0.2942227633769826,0.808096731572748,0.04168083703237852,1.4216392850875854,0.0,0.016085244715497108,0.015383651451478126,0.029529690710671564,0.01712057388652244,0.023707859683338627,0.01799494445528405,0.01921555930761391,0.015725920306390754,0.01226691348144733,0.40052789011996603,0.14953063222463459,0.010476282332200994,0.17232447617461957,0.0,50
gdm_early,0.5,Local-TGNN,0.9795260270617547,0.962585316873739,0.9597056403450565,0.9541165488587925,0.9319286358282062,0.9740148690558053,0.9450270677868186,0.9543445606180289,0.04372140668332572,0.23571027454856594,0.48711505436730534,0.04330473709233755,30.117905464172363,0.0,0.016685664288966253,0.023235425470085194,0.032732441073396526,0.03301546907417806,0.04310532127923155,0.020688510072644006,0.031557011755849185,0.026994591969678,0.027141878255450023,1.655057320710462,0.06391821212276362,0.026810094861534094,2.1120702106161646,0.0,50
gdm_early,0.5,RSCFed-tab,0.9869983482753248,0.9705527711409089,0.978211811546118,0.9644715912156694,0.9463298494972655,0.9859159680480627,0.961873500022422,0.9684444733673927,0.033765629604458766,0.1199163858197784,1.0110379483790815,0.03822296557227369,0.563243989944458,174400.0,0.003942811293736331,0.01113339873929071,0.01530343619658381,0.010478169232195527,0.015013023732513366,0.009695347502438223,0.010013340564187552,0.008256651908747864,0.02474528960503343,1.0538782634704755,0.2159336223352367,0.04142041717603728,0.10913240264229271,0.0,50
gdm_early,0.7,Cent-GRAND,0.9893836834748511,0.9732899792090416,0.9787941605839415,0.9645645065558733,0.946692827663213,0.986365476775581,0.9622481925773603,0.9687442762890254,0.023676414452493143,-0.41913785543686183,0.8688160034338168,0.01805470705703425,16.522618741989135,0.0,0.00433557475563743,0.014390501143409009,0.016015044788329623,0.011856653802214104,0.01650860287813401,0.010046188385898021,0.006590122015701076,0.005495131645163358,0.004052527055325306,0.5923042440969897,0.10878658553500374,0.004016388962766739,1.3726974742527653,0.0,50
gdm_early,0.7,Cent-LR,0.9790394367950911,0.9569795582095857,0.9750091572660915,0.9635444882102197,0.9449300315530174,0.9838486103186106,0.9595712639249792,0.9665433668971906,0.033205922730267,-0.34534679875803015,0.909761820878505,0.04331374865574824,0.4621052026748657,0.0,0.004595030120107818,0.012916954378744357,0.013295122119335067,0.0115709757971549,0.016078119439230123,0.00842041042912286,0.007893239817284127,0.006649575702496905,0.004377030211227714,0.21514778775319188,0.13950049814570317,0.00893636371682711,0.05471431720959266,0.0,50
gdm_early,0.7,Cent-XGB,0.9963857553256658,0.9942762230014769,0.9788687458526875,0.9642400043166244,0.9464670736546168,0.9864685535023692,0.9620680386713099,0.9685747751513586,0.022974503021687222,-0.35179795119700286,0.7282013845716109,0.0208287953581786,0.22791608333587643,0.0,0.0015741965267340485,0.002674575488147742,0.017884324456966187,0.014646769165664285,0.020478296244558384,0.011130166316332776,0.007344849139437659,0.006214302920027351,0.0033523045361358614,0.86457415427809,0.05768844221347182,0.003817839128550113,0.0346147740177554,0.0,50
gdm_early,0.7,FedAvg-GCN,0.9868436028002345,0.9704124531912504,0.9765358991373589,0.9662828468137916,0.948974051662678,0.9849049318088661,0.9623718667072615,0.9688967185692315,0.026330447867512655,0.0940302960347437,0.9444284551901556,0.021178233818494475,2.3864279699325563,261600.0,0.0037861981035384406,0.012342930148028954,0.015049327678421657,0.011162104979341761,0.01570854612593807,0.009426453604595484,0.0075243702462491945,0.00623830514009741,0.006967856291473667,0.614153454251516,0.15201911287800665,0.0162368020462884,0.42280286887184615,0.0,50
gdm_early,0.7,FedAvg-LR,0.9783234289723194,0.9575105590213998,0.9680098208360982,0.9607113797010737,0.9405871180931163,0.9794113183343689,0.9538597565962074,0.961860506094412,0.039114626608788915,0.06415621707605283,0.8774308085917858,0.04656655558029594,0.7922349834442138,22128.0,0.005673307995030088,0.013186580910762784,0.019699641016073428,0.013944357207679961,0.019345036316543048,0.012262260697119092,0.012360405768981252,0.0102379477281339,0.013123514234701749,0.6752047029861581,0.14057103521898945,0.01680160975616601,0.18001828465951505,0.0,50
gdm_early,0.7,FedAvg-MLP,0.9862368702152952,0.9696908802580012,0.9781417385534174,0.9640538498893865,0.9457061575109301,0.98585142127845,0.9615292323359285,0.9681522077014322,0.03129934325814241,0.25450732318216684,1.055044335082615,0.03183189935574026,0.5338567495346069,261600.0,0.003759632940007294,0.011383181584597514,0.013212492665369632,0.009374590924643472,0.013221310583906616,0.008423507290214148,0.0074982238038595736,0.006218465550363913,0.015184544806132974,0.5139942453933464,0.24950091715827757,0.02902674191307578,0.1219172722579203,0.0,50
gdm_early,0.7,FedAvg-SAGE,0.9846925867740505,0.967753541859106,0.9674988719309887,0.9602921275562509,0.9399916150338286,0.9790435080023265,0.9533169142805691,0.9613943998967949,0.03709289344027634,0.3865507590249577,0.7261851900887344,0.0337097795719003,1.9410038948059083,507360.0,0.0055785927920454885,0.012132308148948046,0.02234198202994384,0.016976825629154493,0.023784925014599757,0.014142095779341234,0.01789090993250914,0.014941425904617906,0.016832647066570307,1.006429872544402,0.13108165714161119,0.02091542231571875,0.26549388140927926,0.0,50
gdm_early,0.7,FedEns-RF,0.9964100002466949,0.9941830760428972,0.9796023888520239,0.960015000269789,0.9404491673146462,0.986890037358485,0.959298975566033,0.9662102175467991,0.024978378539341456,0.018301585951367084,1.9041213184188164,0.044943774984337284,3.046695952415466,,0.0017181103303330282,0.0030541347320130557,0.018806991132035693,0.014248110717699337,0.01987426628034076,0.011666436464947236,0.007654537298714656,0.006406280339995114,0.007559248816474621,0.3599278473379773,0.4141016622634856,0.027095536351931373,0.4204372920242737,,50
gdm_early,0.7,FedEns-SVM,0.9956816076088884,0.9912942108859822,0.9848432647644326,0.9630318890627529,0.9447024699416916,0.9902076822271703,0.9641866437418959,0.9702696846942795,0.02546460837237953,0.13873861813506694,1.863452461777178,0.04663367651717877,0.11804131031036372,,0.002137450367941965,0.0063137819322451995,0.014147628712520679,0.010506805799533519,0.014587895226918977,0.00899313543645992,0.006499745077800839,0.00541161027002393,0.010567535725888212,0.3986656526900636,0.6367306851463842,0.02827465944182115,0.02750540301077482,,50
gdm_early,0.7,FedEns-XGB,0.9937476290099072,0.9889385567358023,0.9785807564698075,0.9614540549290455,0.9425155920651214,0.9862105694830621,0.9598904118589491,0.9667094926370277,0.03049400384718646,0.0775488221218184,1.6061175150179958,0.050038243172656344,0.6834226322174072,,0.0035953704506978576,0.007414304938793204,0.016149691492813915,0.01576799478853271,0.02188408300333149,0.010105532696868908,0.00808322231586377,0.006922045758632929,0.015794400245444894,0.5571656878885927,0.7464012678900035,0.04576817700411558,0.12011268040075754,,50
gdm_early,0.7,FedMatch-tab,0.9862913740002365,0.969900264416021,0.978434505640345,0.9641931689418874,0.9459305184081966,0.9860447867489671,0.9617812626228759,0.9683600653325203,0.031053390875458674,0.23978846377195118,1.0527541370619626,0.031784649628313566,0.809541015625,261600.0,0.0036916324606650563,0.01129491219525669,0.012914887519315668,0.009160169567741938,0.012847081208471112,0.008196955618924362,0.006499607003387435,0.005399770519238307,0.014307919701311903,0.5077438227208427,0.247518797546105,0.0283537432176979,0.12938023465542703,0.0,50
gdm_early,0.7,FedProx-LR,0.9784776126431838,0.9576616903628336,0.9688820172528202,0.9605244698645659,0.9404026239256925,0.9799300951126834,0.9542062076610185,0.9621145646972599,0.0387215024605393,0.04466696728979064,0.8816709988107267,0.04642389634436534,1.0040558671951294,22128.0,0.005459253751578477,0.013040940729791952,0.017618710274954083,0.014826872037582933,0.02011962813363079,0.011025900042147511,0.01229873463091446,0.010296943619419801,0.012380952289320438,0.6582078464011396,0.14202741479185804,0.016134160294383505,0.16620595002087502,0.0,50
gdm_early,0.7,FedST-XGB,0.9926287106293761,0.9867905165881286,0.978647909754479,0.9587121351103437,0.9387317162257388,0.9862609733678666,0.9579063691292184,0.9650145042739641,0.03269760514766017,-0.0487022898066533,1.3871223649091542,0.0505440867976934,3.9852456045150757,,0.00426242864993143,0.008619407507678466,0.01782317478768867,0.016697168970912675,0.022880847568726277,0.01105250984386708,0.00850481889711876,0.0073130205126845415,0.017497906276533026,0.7892754695160212,0.8587170271973621,0.044176073956927735,0.8566581349472849,,50
gdm_early,0.7,FedTGNN-SS,0.9858084972923171,0.9707241687840767,0.9704849369608494,0.9639613662116224,0.9454367696349746,0.9810528819517501,0.9575472991662444,0.9649328969207034,0.032446551099419546,-2.423780436680429,0.3680337545161608,0.03300852718062307,29.30686580657959,8043792.0,0.006431112964641428,0.012964331794138315,0.02079054473677966,0.015111089833660045,0.020967083055124704,0.01289473906059058,0.014269332642366427,0.011836418626945839,0.011414852334705888,2.904921972688645,0.051365781912395214,0.01197882135134874,3.5814596603293194,0.0,50
gdm_early,0.7,Local-GCN,0.9625238057975889,0.9387908327643127,0.9358816191108161,0.9354589111314953,0.9083205483148771,0.9582247229678825,0.9203361003454417,0.9329097263693343,0.05620524730533357,0.355130234472055,0.6905366511273624,0.0445733732182717,2.2853995418548583,0.0,0.03282781975162181,0.043463728227483824,0.05013035734901244,0.06867217211506062,0.07436947825851206,0.03208217340955128,0.056177910841382926,0.051809469097132355,0.040052637573733375,0.6573999305598275,0.17093049073665514,0.03868534913315658,0.34803529658180904,0.0,50
gdm_early,0.7,Local-LR,0.9646690222226312,0.9447650006003115,0.9384942269409423,0.9545820968003023,0.9303729512608304,0.9613823001626729,0.9335983409031647,0.945615035346663,0.048341070972382987,-0.14452432676238788,0.7816720101009702,0.04359017002175669,1.4010330581665038,0.0,0.01947523241927945,0.02196805332306818,0.044350264126384965,0.02007961683829676,0.0271319025385983,0.025858736075302834,0.0253525778577303,0.020041223085018673,0.016023250924249704,0.4796170054327364,0.1663387956333141,0.01168036719345231,0.2189200183835125,0.0,50
gdm_early,0.7,Local-TGNN,0.9769074743031771,0.9595322181500879,0.9497236894492369,0.9492457778017591,0.9257929095716406,0.9671850808800606,0.9368394387130791,0.9472797235064082,0.04773241892457004,0.3902104353455075,0.47137746449575935,0.046501233953999056,28.77905282020569,0.0,0.020018284579042964,0.02756772655562149,0.03179168348766701,0.046507387405879314,0.058223164879628815,0.021706332791339936,0.04096148122980481,0.036444981554642555,0.02935420379550805,1.8126908601380523,0.0612026184599684,0.02766050540081169,1.3959981863663626,0.0,50
gdm_early,0.7,RSCFed-tab,0.9856932416220124,0.9682941787968518,0.979379694757797,0.9636358927318837,0.9451549326622439,0.9866245267768257,0.9618564307334186,0.9684012523837292,0.03375380937010046,0.12432780147479167,0.9635570199183192,0.0392059630700948,0.5442940616607665,174400.0,0.0036071028883593614,0.011401871891212109,0.011822037705747666,0.009067185398853768,0.012835090025891085,0.0075422997013189,0.006969391086919426,0.005805391680236067,0.01861022443351434,1.0576467206362317,0.20394152211940367,0.03371055370075747,0.14470944412312475,0.0,50
gdm_early,0.8,Cent-GRAND,0.9878290139932604,0.9662864362028775,0.9761751824817518,0.9640072303458694,0.9457585320798101,0.9847171549994667,0.9604665967601936,0.9673024271072144,0.02484999708831305,-0.6427538584305931,0.7787441281247518,0.018810086277359715,15.994187560081482,0.0,0.004351412312392142,0.014958730857912597,0.01888231090294011,0.011557306091723934,0.01610392177190707,0.011691252065432806,0.00750317448494398,0.006131494857927589,0.0042855584300174505,0.687819012860857,0.11047253713271617,0.00524227650068988,0.885168440699391,0.0,50
gdm_early,0.8,Cent-LR,0.9792090427566731,0.9563711352230316,0.9688836098208361,0.9630329682188529,0.9437173522964488,0.9799627640951378,0.9559922318783878,0.963676132299666,0.034573244862258386,-0.36884914512783906,0.9052700258656696,0.04555749926520573,0.4553962182998657,0.0,0.005044814761597778,0.012458654965846234,0.01698078817207305,0.009101026763984632,0.012896924493392407,0.010678147207073689,0.009331064594872429,0.0076082996132264494,0.0048635918293326265,0.23946733328517872,0.1548517602494782,0.011017077702279443,0.0763742850364372,0.0,50
gdm_early,0.8,Cent-XGB,0.9956756816870468,0.9925565411942732,0.9756655607166556,0.9627085738952139,0.9441350798501327,0.9843686034990443,0.9593130897845544,0.9662924837057483,0.023993058968335337,-0.43306854375757065,0.7660628945020782,0.020937687903708656,0.22232117176055904,0.0,0.0018911769267332618,0.003983970630684816,0.016999405394970638,0.015298128827811192,0.021524455166206897,0.01055065973841864,0.007776150005645127,0.00660296597527189,0.004495322520164669,0.6652561523274697,0.07928844747972028,0.005041626541876253,0.0404234998931087,0.0,50
gdm_early,0.8,FedAvg-GCN,0.9858824730605723,0.9674521352974057,0.9785059057730591,0.9644248637565425,0.9462590976255136,0.9861074158590702,0.9619805735183394,0.9685332742000118,0.02792345788329835,0.00643393986937944,0.8631320077468594,0.023172607270716683,2.40032274723053,261600.0,0.003894700412791612,0.011389790247936564,0.014380910321993104,0.009161698249233654,0.012850118097853282,0.009061557785728543,0.007595221089891512,0.006251676414656374,0.007695515074777777,0.7344110196684289,0.18462013947099812,0.012983716202622252,0.18764468848324492,0.0,50
gdm_early,0.8,FedAvg-LR,0.9768379749646526,0.9549709189754235,0.9606433974784339,0.9588075325095775,0.9375292349432613,0.9747188049603246,0.9486651270744817,0.9576170785403874,0.042897271290421445,0.1390535079402694,0.8578041364250949,0.04783257568894438,0.7225894784927368,22128.0,0.008206998876936579,0.012990786275056019,0.02038035835739853,0.015649124220086023,0.02140653169063488,0.012561489132190915,0.01330055470591451,0.011067884426872263,0.015462964358108854,0.7723461850576359,0.15885529782643906,0.01962258725126962,0.08687590265434822,0.0,50
gdm_early,0.8,FedAvg-MLP,0.9852306221377881,0.9668176693964636,0.976899800928998,0.9621969459882372,0.9429292937383057,0.9850540186727875,0.9594911706712033,0.9664626435716724,0.032989000435918514,0.18646505588074969,0.9875970195164565,0.0318467904474348,0.4957097482681274,261600.0,0.004485166189113023,0.010901092489726061,0.01696544124332418,0.009456889775082302,0.01334355785538075,0.010763852556951723,0.010607282455375016,0.008694500520743942,0.013139802617960416,0.6060515615119377,0.2491475790584493,0.02275698857173792,0.07376610928880582,0.0,50
gdm_early,0.8,FedAvg-SAGE,0.9837856632200149,0.9646237477588467,0.9679378898473788,0.9562978470835806,0.9348735227394782,0.9792152966822526,0.9507618252893972,0.9591042483138049,0.03963751414790745,0.3778192343563696,0.6740260420374095,0.036567337763764855,1.8749535465240479,507360.0,0.00520454858332774,0.01236396291709472,0.021068409730235663,0.023661095408662316,0.03154362288885191,0.013169603012307476,0.020491563446546412,0.01753291904589723,0.019803653038918363,1.1950813188238802,0.13247315717641375,0.022911044493543038,0.1494005288887801,0.0,50
gdm_early,0.8,FedEns-RF,0.9948825637712688,0.9911984682439633,0.9835349701393497,0.955091350563859,0.9335941673576698,0.9892931031059198,0.9576976191721848,0.9647431582290465,0.02870998522483891,0.02484469016471956,1.9301717291959286,0.053627084203693096,2.880498323440552,,0.002875762821586387,0.005715433318736424,0.014770315477038868,0.012808917999023582,0.017471413384257416,0.009420830522673824,0.00738731151486936,0.0062649461794323106,0.010009662906615707,0.29817655779683955,0.4364368136819294,0.03316677248186574,0.2495062505805666,,50
gdm_early,0.8,FedEns-SVM,0.99401607645266,0.9880289388846373,0.9860119442601194,0.9605714131549128,0.9412580797221551,0.990906754432295,0.9629728503005016,0.9692042703288558,0.030214737973294662,0.0698275677903288,2.018133515042895,0.05799813748921467,0.08950366497039791,,0.0031054575973353204,0.007527562306271081,0.012616262271865535,0.01090116805632392,0.015109005089935772,0.008087638444563125,0.007573188033980831,0.006349967575738244,0.01667412156611342,0.36913848122705556,1.0803214268603774,0.042557406956922395,0.019300891896320775,,50
gdm_early,0.8,FedEns-XGB,0.9918812232545895,0.9857696984160436,0.975227604512276,0.9585759456105326,0.9381733825873626,0.9839763543860964,0.9560550956115975,0.9635157548885974,0.03844471810667873,0.09855592640541477,1.834975292879998,0.06441713533564393,0.6613163709640503,,0.00493124549537402,0.00927424671870625,0.016423905445749377,0.016098347568842826,0.02177276524336112,0.010270464002893371,0.010316853672842635,0.008879789908685118,0.024098408549784324,0.4679255078787393,1.0575982922337757,0.055574754605385454,0.06203946774593296,,50
gdm_early,0.8,FedMatch-tab,0.9853635805984059,0.9672198206883097,0.9784302587923025,0.9614990557384125,0.9420424921206846,0.9860247957971023,0.9597659770367085,0.9666574751119836,0.032946389429271174,0.17260184028058276,0.9850172417317288,0.032319781873295865,0.7698850393295288,261600.0,0.004325448815206229,0.010643123106237815,0.016114527936982943,0.00950911652288839,0.01330056268853171,0.010195643892657442,0.009796117405722091,0.008040573100813617,0.01312320373920582,0.6177768354436322,0.2505011752775902,0.02378852486154508,0.09739162570518294,0.0,50
gdm_early,0.8,FedProx-LR,0.9771478525506125,0.9552796901794868,0.96195700066357,0.9582973075055307,0.9369113177690339,0.9755280322449635,0.9489849612600841,0.9578442481946584,0.04243722837418312,0.12357108810202037,0.861126257923129,0.04750152337314649,0.9342513084411621,22128.0,0.007712271363034105,0.012867559614677483,0.020099086636505652,0.016321755236948652,0.022179826100789165,0.012429600298486998,0.013664951949665398,0.01143021602228502,0.014595780903566967,0.7518101021893702,0.1596669149926031,0.018661676421871623,0.09658522249321054,0.0,50
gdm_early,0.8,FedST-XGB,0.990090720323807,0.9822058452719107,0.9777011280690112,0.9539320131657044,0.9318501323849852,0.9854678851799578,0.9539547731934087,0.9616325900937465,0.04169312757404144,0.01752968338653,1.549780591320863,0.06316861872787599,4.10392961025238,,0.005815863359155972,0.011162070120770598,0.014921146533675054,0.0176022209600881,0.023580609317313563,0.009542505588853476,0.012052106329264208,0.010401494812226367,0.02705790853991104,0.7650410631321145,1.3109760428510593,0.054494319203331504,0.786180004219849,,50
gdm_early,0.8,FedTGNN-SS,0.9852940403865756,0.9704774676054987,0.9699007299270073,0.9617806075648844,0.9422762877414702,0.980627019383538,0.9556419747301971,0.963321413523833,0.03395921677350993,-2.079187975322911,0.3780571574681407,0.03417394247121158,28.064045300483702,8043792.0,0.007423237299789181,0.013848400326184977,0.023957504214516843,0.01744801926881284,0.025174265242136982,0.015135409560876653,0.019234068562829384,0.015913194960445597,0.013719855672097148,2.8035449808761292,0.05703724465774177,0.01398758994078138,1.271440537047445,0.0,50
gdm_early,0.8,Local-GCN,0.9603120786791445,0.9368871939181211,0.9346911745189118,0.9311753089084336,0.8994548333389293,0.957487152478246,0.9157194929247104,0.9296704060336792,0.05888357155025001,0.2722662314649094,0.6418782535482243,0.048453381405350646,2.137712249755859,0.0,0.030834055558077,0.039553055023151394,0.056328118853505006,0.05125800293602647,0.0660672781081125,0.036019597233404414,0.05524910043998016,0.04725987358514511,0.03859849619339178,0.6950621757683081,0.18058403690071723,0.036682020912597355,0.220815873188702,0.0,50
gdm_early,0.8,Local-LR,0.9614310764617902,0.9419086884176958,0.9210739216987391,0.9452956348135758,0.9156854679318502,0.9499152675935639,0.9178134913500535,0.9325862542086901,0.0561534190177917,-0.12200693914818041,0.7842478468480995,0.0476097234065862,1.3023295545578002,0.0,0.021617172603059405,0.02234126085860482,0.047712106641489026,0.03048915404200238,0.04326048738882761,0.029544944710957397,0.040004728929817907,0.0330163203293971,0.02244642525786879,0.43085283337117664,0.1853196751341271,0.016964488038429544,0.1347738029448282,0.0,50
gdm_early,0.8,Local-TGNN,0.9745371117479031,0.9559095048067722,0.9459328467153284,0.9435344520584903,0.9179458487470007,0.9647677468380591,0.9307524626990313,0.9421218539243265,0.055285613238811454,0.36120096072293445,0.470894571532511,0.054884654057405335,28.145082583427428,0.0,0.026887493307606945,0.03683827438683303,0.0385392614353499,0.04985365029950804,0.060983843948555695,0.02540191438298563,0.044008884493820365,0.03911403113216864,0.038096331770485166,1.7427112753420317,0.0702925850467278,0.038586833374291814,0.990549721366516,0.0,50
gdm_early,0.8,RSCFed-tab,0.98464435153979,0.9663623516830665,0.9757329794293298,0.9601528085037501,0.940038470566091,0.9842982433766578,0.9573902583192881,0.9646963049582383,0.03678059589117761,0.08266099075936781,0.8888907875725187,0.03994104430917646,0.5095405340194702,174400.0,0.0049014544568424185,0.010816677338433245,0.018365007240410323,0.011002178390617887,0.015496581160749456,0.011516375097737709,0.011490715417952277,0.009450270499439478,0.020629111781161908,1.1664467165026784,0.21775875931675912,0.03397656587960614,0.0802268579445186,0.0,50
pima,0.1,Cent-GRAND,0.8109401118099231,0.6894217059458825,0.6985953878406709,0.7364,0.6033894731023738,0.8292430354045053,0.6332108784756165,0.70269200712855,0.17346476733684535,0.16659632916600983,0.6835201747298402,0.1025132743383863,3.679705762863159,0.0,0.03256115889843361,0.05357217702860156,0.14496918326199387,0.11158889565119397,0.07120271922912093,0.05280360038335814,0.05590137837866406,0.03766712404087674,0.019131908151089,0.25297198662182285,0.17404941884192246,0.0296962029226439,0.2750965422239679,0.0,50
pima,0.1,Cent-LR,0.8343910552061495,0.7172987153721,0.732858141160028,0.7432000000000001,0.6208878048665876,0.8480043022623627,0.659390932308834,0.7216769380142827,0.16770185172557828,-0.6393166188892402,0.9353422248078614,0.1177335579181876,0.43792531013488767,0.0,0.031241118169476542,0.05983636341865506,0.13628414314541382,0.1107569503047837,0.07075733010323168,0.05590046056901529,0.04996714374729197,0.03818626100595857,0.0157609839620817,0.148711789790047,0.21780654713176742,0.01833817040856155,0.05975514394502781,0.0,50
pima,0.1,Cent-XGB,0.7942427672955975,0.6578091058477598,0.680125786163522,0.7440000000000001,0.5964384265234769,0.8189004894053298,0.626297588304836,0.7005940393877027,0.20681200087070462,0.13099549917938805,0.3282406123214167,0.17764006041826336,0.26907614707946775,0.0,0.0300734076518283,0.047562571338847094,0.123057287107906,0.08349508112115692,0.05258476659948866,0.04508904568357095,0.050361522648385226,0.029270596556781735,0.021467838899705213,0.3423158534034013,0.05362311369087879,0.027142082409468065,0.036004734662822724,0.0,50
pima,0.1,FedAvg-GCN,0.8218481481481481,0.699977030874531,0.7253249475890985,0.7204,0.599937505544321,0.8395624819362779,0.6431965470870802,0.7045118218904999,0.16806781023740766,0.2262392833141641,1.0413444803046545,0.09100938718974037,0.726024923324585,112960.0,0.031485435937185925,0.06018946102412927,0.13258854151864852,0.12343650768136398,0.07377039012870633,0.050378170215575516,0.04629370508955784,0.04312902861740276,0.02138587643261209,0.42313440811595093,0.2604829719866704,0.03924465447196167,0.07503302201787808,0.0,50
pima,0.1,FedAvg-LR,0.8324267645003494,0.7135369479895869,0.7208315863032844,0.7464,0.6175505952156158,0.8406687803500561,0.6525630712279353,0.7184468403856117,0.17346148490905758,-0.37097066405985274,0.8811577035770085,0.1281533691397556,0.5093368101119995,8848.0,0.030996385102759757,0.059241067255163024,0.13730592865465868,0.10074741096587313,0.06739795991033098,0.049643881253748995,0.060681937297813016,0.04086356078133477,0.021976501391149015,0.7431310626188782,0.21554502431623826,0.04030445280925325,0.07374811686062692,0.0,50
pima,0.1,FedAvg-MLP,0.838359678546471,0.7107603748499067,0.737058001397624,0.7364,0.6149884861113368,0.8499402485416021,0.6559518340959771,0.7183484055289197,0.1657619461417198,0.30245388335484763,0.9879313950081768,0.099842965168618,0.31462206840515133,112960.0,0.026057051016870666,0.05455036387907153,0.1494165002336332,0.1100604657560969,0.06634639314044306,0.05642856195420998,0.06544824604813962,0.0419218130033644,0.02209640116148082,0.4961755177412558,0.29759903593558446,0.04110219304233099,0.047520794897492176,0.0,50
pima,0.1,FedAvg-SAGE,0.8328281621243886,0.7143266817551903,0.7456883298392732,0.7368000000000001,0.612274984361892,0.8506134016447804,0.6630879414968868,0.7236800244665987,0.16639162123203274,0.4119908670076375,0.8811061190400431,0.09992832784610119,0.5898722124099731,215360.0,0.03250146351724761,0.05949879445033769,0.12810412991634448,0.09163904345700191,0.06045479823041983,0.049087547950059554,0.06344164121654605,0.04400765698460224,0.02393421130347743,0.5249062995973464,0.2040242877862919,0.04273118328066194,0.08328843898916567,0.0,50
pima,0.1,FedEns-RF,0.8271056953179594,0.6994919552695619,0.7675192173305381,0.7212000000000001,0.6072911878386595,0.8591253263034341,0.6704225173050198,0.7241238787320907,0.16401500451374315,-0.14981302227958493,1.2825175131987145,0.08533647744847286,1.728440089225769,,0.028373320048724723,0.05415906919339725,0.10766697217419294,0.10139113997438888,0.06297177886389278,0.047442142516868485,0.04216608762717628,0.04105599390081599,0.012234148875999256,0.22192206543343856,0.32953622879671246,0.01886559274115476,0.1983197379000542,,50
pima,0.1,FedEns-SVM,0.8221577218728161,0.6866893170868483,0.7841160027952481,0.6945999999999999,0.5871255420217387,0.8651688509216057,0.6632771908852167,0.713871317995296,0.16994060649504175,0.051930828482548194,1.8841263623551965,0.09493220942962294,0.0834606027603149,,0.027838602280802427,0.050615951636610756,0.12303871469417914,0.09322367221486445,0.05102816575066003,0.052049508447257115,0.054800412426781006,0.0396663999090075,0.013970263313785175,0.13819948459785542,2.2030805200139594,0.02886278926159687,0.0693438041371698,,50
pima,0.1,FedEns-XGB,0.8017479385045422,0.6692964475213963,0.7170510132774284,0.7090000000000001,0.5824970192101252,0.8315767414224351,0.6319816804010593,0.6950066548818898,0.18438996716737294,0.18491599184165852,0.7201945764756903,0.11889323908473068,0.4635703706741333,,0.029696967976572338,0.04592867588495392,0.12475670969877986,0.10812407838465311,0.06390224228653722,0.04788141219155689,0.04437948350770025,0.035190797087038414,0.017515394632861562,0.2508601691372366,0.9580740395244769,0.031067805812203482,0.054518472247621845,,50
pima,0.1,FedMatch-tab,0.8381523410202655,0.710125934586783,0.7505660377358491,0.7302,0.6133059200674936,0.8547091578049685,0.6614612254497543,0.7207676278223186,0.16571589946746823,0.31340806934171395,0.9724253659788098,0.09727750618151627,0.38593349933624266,112960.0,0.026345055012672307,0.054302791901862046,0.1410071221930801,0.10564650336603379,0.06673137413844278,0.053504847735723615,0.0592918168644863,0.038779946910242405,0.021707342395796133,0.4657089232955085,0.296332527490913,0.04119657122099028,0.053793961417759176,0.0,50
pima,0.1,FedProx-LR,0.8324192872117401,0.7136474367590963,0.7282879105520615,0.7404000000000001,0.6155106336669094,0.8435364563848364,0.6540541283428102,0.7180563687488296,0.1730598840117454,-0.36671974616360814,0.8837231511104241,0.12782978071807208,0.6379532432556152,8848.0,0.031236646541354614,0.059393149664742385,0.13751657137449935,0.10279680770077144,0.07139506696145874,0.0509091436503944,0.05908439059734249,0.03992492844827642,0.02174733001755543,0.731958860243371,0.21443370146833593,0.03977728251310274,0.07658999284400261,0.0,50
pima,0.1,FedST-XGB,0.8047628930817611,0.6711232786749349,0.7432983927323549,0.708,0.5897182460853695,0.8456721111927357,0.6472768247751012,0.7050985461317971,0.18381179955824706,0.18924608259670223,0.6950441740166959,0.12078009353605966,1.9213166761398315,,0.02944887303233911,0.05016292006630017,0.1279209836706483,0.10997216716524418,0.06311295942784183,0.05068176369561437,0.048516134495850155,0.04085500624636302,0.017063460169169337,0.24839252732603384,0.7901889045337221,0.0329045020775468,0.36907857988433923,,50
pima,0.1,FedTGNN-SS,0.8009212089447938,0.6748230568544686,0.6991544374563243,0.7214,0.595010246338856,0.827271712598707,0.6251487952167541,0.6919795557685091,0.21597600162029262,-1.0021563615114213,0.2974793912204051,0.1934669248084895,7.039424724578858,4865104.0,0.041747333546062054,0.05817699989158933,0.15919640799907606,0.14205503388849416,0.08322511878562189,0.055231464487973066,0.07636041135580551,0.06245384100352501,0.031285951061412076,0.9637644165616748,0.09456992778842091,0.04173776970024789,0.2729921705533049,0.0,50
pima,0.1,Local-GCN,0.762600069881202,0.6412362233766885,0.70638714185884,0.6648000000000001,0.5507714984796938,0.8199786439222924,0.5994976194992869,0.6597877002244565,0.1999680235981941,0.11957157985802866,0.5941541065497625,0.13193184506958944,0.7101052808761597,0.0,0.06095691513512645,0.07648246117757876,0.16761776627327574,0.15129697786209773,0.08758687947766598,0.059251849610465215,0.08510854954929781,0.06923184870320458,0.04458545942754441,0.270552939671184,0.2929736994568325,0.0733537459321616,0.0839416383124154,0.0,50
pima,0.1,Local-LR,0.8124680642907057,0.692943966599184,0.7299231306778476,0.7248,0.6009276847363367,0.8411544628528373,0.6483427682494729,0.7098361383666942,0.1785723069310188,-0.6185634942881887,0.7687581969690805,0.12179163288258979,0.8851216316223145,0.0,0.0434889968253019,0.0643031776454636,0.12471004781695563,0.10776467180758227,0.06887804200364354,0.04918167022527415,0.04911152864081136,0.0409199812016669,0.025344510460699184,0.23035354536875524,0.2324202045687963,0.035919771969716796,0.11318619992746529,0.0,50
pima,0.1,Local-TGNN,0.7508960866526904,0.620669566428773,0.700188679245283,0.6766,0.5512250709256504,0.8185784668479463,0.6030702137479418,0.6668133293069356,0.21115247339010235,-0.11023133109356756,0.31377738438926206,0.16102292440390148,7.062424120903015,0.0,0.05536520776341095,0.06104727854014559,0.1516303025730932,0.12716067290909513,0.0700048097463077,0.057169952563161736,0.062466531048203086,0.04603314691957837,0.0337941117352172,0.4900989998962167,0.12794930455209405,0.046693603104615754,0.3613504795402173,0.0,50
pima,0.1,RSCFed-tab,0.8378120894479385,0.7101042501391771,0.7474353598881901,0.7336,0.6155561052540343,0.8548079615622542,0.660549402546996,0.7210095744414937,0.16677684187889097,0.3613448550970486,0.9052191034273216,0.10006312494435052,0.37856134414672854,112960.0,0.026065178627285746,0.05400572220006369,0.14961643573638783,0.10811482935532302,0.06621000449142006,0.056958420922847565,0.06553096024703282,0.04177593307706417,0.021814870444233046,0.5024222363004739,0.2663987638062306,0.04017259061310845,0.05759538524164524,0.0,50
pima,0.3,Cent-GRAND,0.8092259958071278,0.6831024486944631,0.7206708595387841,0.71,0.5866712518852707,0.8360422192468694,0.6318423867683314,0.6955209363336476,0.17580188065767285,0.16620919830622238,0.6505057184914013,0.10896926648325865,3.6563570070266724,0.0,0.03304676313048694,0.05756098072046772,0.1495240145324162,0.11489125293076059,0.06799056543403942,0.0549892310022864,0.0634394729808773,0.041936479329217444,0.02025283856591748,0.25827690158554156,0.18481480094442332,0.03079807120552846,0.23374090537372938,0.0,50
pima,0.3,Cent-LR,0.83245143256464,0.7132293133929586,0.7451921733053808,0.7295999999999999,0.6083941723993448,0.849590995694456,0.6607757546407624,0.7196696479396572,0.16875807881355281,-0.6347624100197624,0.9195350513065677,0.118094194763265,0.4557098531723022,0.0,0.031771024388135866,0.06066938150205231,0.11705355285578947,0.09983578353210532,0.06558303305050148,0.05036336552818767,0.04310678849214266,0.03734505659469462,0.016277453804257786,0.1596021102315734,0.21749994499081832,0.0247308606673419,0.06569942723190218,0.0,50
pima,0.3,Cent-XGB,0.7894686233403214,0.6526355710092835,0.7339622641509433,0.6906,0.5699025803352183,0.8371039831954369,0.631796378597444,0.6906760204164902,0.2076681604981422,0.19289673993881165,0.3217060610985877,0.18124917080381692,0.26120147705078123,0.0,0.03101314340818537,0.04731613725322441,0.1277529922191207,0.103596745674204,0.05300373031864342,0.04990679693815399,0.04952274246192544,0.03665311040755128,0.02137861267827844,0.40599202786975364,0.05128735658455793,0.02777802967356666,0.03555022695319657,0.0,50
pima,0.3,FedAvg-GCN,0.8194554856743536,0.6959367097681656,0.7175611460517121,0.7348,0.6125896266621979,0.8380841066761797,0.646014055549778,0.7100873577517305,0.16970080316066738,0.23928860972444743,1.0113998460248816,0.09444980319905268,0.7350658798217773,112960.0,0.03180644298158087,0.05885347312779779,0.13639295786356123,0.12157537344615241,0.084844829477774,0.0515116007101879,0.04917632367020792,0.041391970170149964,0.020866905068057735,0.4345652882099109,0.26157359093016236,0.038087458017633344,0.09033682856547758,0.0,50
pima,0.3,FedAvg-LR,0.8294478686233403,0.7084715552276816,0.7251083158630328,0.748,0.6185469354412603,0.8426962065257765,0.6570790711079753,0.7218803175344989,0.17464493423700328,-0.3623989135611816,0.8608098076075654,0.12464645655970871,0.5124697113037109,8848.0,0.03280296594746042,0.060663156118004845,0.12812850618495414,0.09383006784956015,0.06331910665790721,0.051465566296359365,0.052250985317659294,0.03685454322511106,0.02309438793861853,0.7699173654188164,0.2195996373533753,0.043787176410510116,0.061292367969600935,0.0,50
pima,0.3,FedAvg-MLP,0.8341812718378756,0.7044386124588623,0.7674982529699511,0.7206,0.608566732367024,0.8624088793973128,0.6664940968562558,0.7220091340644378,0.16785379305481907,0.30798520074264735,0.9678031637498209,0.10114805148184951,0.32360277652740477,112960.0,0.02764561546187998,0.05236925291700592,0.13825866211675966,0.10444039409331689,0.062051518919929896,0.05560085601477554,0.0587808110782193,0.03957820346191111,0.022463104769835335,0.4983027244063316,0.3036316732427459,0.03984108323713153,0.04665892881337359,0.0,50
pima,0.3,FedAvg-SAGE,0.8309842767295598,0.7087743068683535,0.7494898672257163,0.7342,0.6120278334340238,0.85143283662832,0.6647376782560176,0.7239348890579878,0.16838815629482265,0.44957121357566143,0.8460986521654408,0.10318140337506128,0.5961020708084106,215360.0,0.03328481595032621,0.05926591721371892,0.12276734927281305,0.0951280554766863,0.0649777820252935,0.048644334024411234,0.06363367142034476,0.04738144854028442,0.023857876696378868,0.5471697896831089,0.20417501250520181,0.042315260107584594,0.07902685565444753,0.0,50
pima,0.3,FedEns-RF,0.8252625786163521,0.6913713521631473,0.776848357791754,0.7143999999999999,0.602263474971794,0.8638872059567756,0.6717790628488371,0.7233536761616616,0.16534665355440886,-0.15261424238432325,1.2871630057661059,0.0902166265810539,1.7626485681533814,,0.02720663363490382,0.053192960975306416,0.10936178257208737,0.10250256343235559,0.053356168545926994,0.04827562513546336,0.04529090782750513,0.04478410786956864,0.010727666528284656,0.21618232212247637,0.322231461855857,0.02213075065120166,0.2207250051580122,,50
pima,0.3,FedEns-SVM,0.8148004192872118,0.682932850491647,0.7893011879804332,0.695,0.5909864629838288,0.8693162595542568,0.6660525430807032,0.7156585263032927,0.17114871424250716,0.05640397310302951,1.6272019042222816,0.09508826424042731,0.05359678745269771,,0.05022846044954037,0.05299365315246574,0.13115085163435036,0.10190531820052877,0.05643083468174763,0.05401107709537667,0.06016721195480126,0.04426836643518666,0.014878867577399686,0.13975186331661615,0.5939956826561944,0.028222026374611686,0.017135473832847064,,50
pima,0.3,FedEns-XGB,0.8001458420684835,0.6603608631075608,0.746219426974144,0.6926000000000001,0.5755418338266263,0.8439723653779961,0.6413096891638788,0.697515090352606,0.1853891344662097,0.19683881554284088,0.6835062208107706,0.12215528091247962,0.4568359470367432,,0.030455269014831234,0.04943411258355498,0.11972252059512108,0.1020766018882937,0.0541552396103239,0.05149433360851679,0.03945362613881671,0.03402113814875412,0.015554232133915337,0.25979378604127656,0.6324271436596689,0.03178567078095166,0.07734990606391401,,50
pima,0.3,FedMatch-tab,0.8340650593990216,0.7041984455136792,0.7693361285814116,0.7212000000000001,0.6094040871327381,0.8637660458522114,0.6670776982980737,0.7228635097738575,0.16802532196044917,0.33240857211928243,0.944220370479141,0.10169932600144758,0.3817746210098267,112960.0,0.028429871252093276,0.0537545505193568,0.14379663984861835,0.10239260177356166,0.06225067093791374,0.05735721711238844,0.06423279137102982,0.04128515357033996,0.02263347695172844,0.4707114014536648,0.2960202399431934,0.04063731901601947,0.06763836779255775,0.0,50
pima,0.3,FedProx-LR,0.8299003494060098,0.7090941437497804,0.7335988819007687,0.7442,0.6184858904633578,0.8465212855212855,0.6601241675518463,0.7230775231680514,0.17443390220403668,-0.365824778495175,0.860900345821693,0.12425035293088876,0.6794105291366577,8848.0,0.03241494997643106,0.06012258791551465,0.1292661764652831,0.09574818163137246,0.06519015543289985,0.05134002914000111,0.051977738254264876,0.03684081352661288,0.022749182090109916,0.758585021929999,0.21887450730335373,0.0425033822447851,0.08956777118262417,0.0,50
pima,0.3,FedST-XGB,0.7973333333333333,0.6551339757430725,0.724577218728162,0.7106,0.5820201232310545,0.8354048055593778,0.6354523606116936,0.6988631809894517,0.18891807858397894,0.2334428442646628,0.6391502408165917,0.12577211852887504,2.6333204555511474,,0.029640441080264313,0.05193878188207104,0.13058490170091855,0.09107991557093235,0.052567499337940075,0.04925849043987066,0.05728014589068481,0.03505306478124368,0.017495816566573678,0.2746808639609913,0.7167072340101773,0.03299310650152776,0.5664077895583347,,50
pima,0.3,FedTGNN-SS,0.7941231306778477,0.6659948770571742,0.7243885394828792,0.6768000000000001,0.5657850983383129,0.8312311059362372,0.6184207138760406,0.676892494277563,0.2178669652342796,-0.8689580268606563,0.3044965152605386,0.19214582506219322,6.986794500350952,4865104.0,0.047395757467286366,0.07070320843531741,0.15157070330551514,0.13323969501064842,0.09028895463644633,0.06030090680591221,0.06232001781214046,0.05159438531995065,0.0368443196690355,1.0402798745066772,0.12222821146611469,0.049768032910886266,0.42362094699275316,0.0,50
pima,0.3,Local-GCN,0.7598591893780573,0.6356473274099933,0.6948916841369672,0.6731999999999999,0.5552750095149078,0.815493860529065,0.5992330746784513,0.6607091718156716,0.20107846707105634,0.13658150882180442,0.5748643623029772,0.13383874058334663,0.7292564153671265,0.0,0.06128286572301266,0.07594230956394296,0.15901138533821363,0.1597247632648112,0.08996291238888472,0.059113813031828714,0.07351726600819829,0.06942920978975474,0.04292889037616777,0.29221257240430176,0.28393164954314853,0.07227457296362404,0.087020886396309,0.0,50
pima,0.3,Local-LR,0.810196925227114,0.6877146564567842,0.7234241788958771,0.7226,0.6027756027519119,0.8395150387713369,0.6424497510303585,0.7047175881296565,0.1795702591538429,-0.620657618083146,0.7582992284550604,0.12099283395478161,0.9318961238861084,0.0,0.040559201731733406,0.06374742928633924,0.13967727551910428,0.12381371787768056,0.08465374086097154,0.05427171510827528,0.05568727308580434,0.0459968710601575,0.0216765665300906,0.218082902031902,0.249015565493264,0.029911318689914115,0.12703407856243293,0.0,50
pima,0.3,Local-TGNN,0.734911320754717,0.5964054134214704,0.637833682739343,0.7006,0.5505664574488889,0.7895003284242496,0.5764348796939887,0.655191436469343,0.2214069131016731,0.04341528045973576,0.2709121961062404,0.18048267599856038,7.041155896186829,0.0,0.05937024231810839,0.060980832348524805,0.14093827571845266,0.12570470742731854,0.07873277477705981,0.048428626624625916,0.058816312003286804,0.046504364846865986,0.03233966740030937,0.576629522491539,0.1292692600569658,0.04701845568528195,0.3788953086584565,0.0,50
pima,0.3,RSCFed-tab,0.8337842767295598,0.7037905191397642,0.7651991614255764,0.7216,0.611462548218309,0.8627202591320838,0.664609544738021,0.7210078106701171,0.16891672104597089,0.37844974101096446,0.8768320890822702,0.10228678885127629,0.3733165502548218,112960.0,0.028157945241411058,0.05371381734874501,0.150256324586059,0.11016425584238346,0.06968842155682703,0.05926520194001157,0.06385967331943765,0.04129439251405461,0.022457033311074816,0.4997967917503501,0.26782732675527426,0.041433040540838406,0.05705604535941035,0.0,50
pima,0.5,Cent-GRAND,0.8027359888190077,0.677526118146421,0.7051222921034241,0.7120000000000001,0.5852718602023628,0.8280597147562193,0.6250884054850461,0.690694673253864,0.17943331807851787,0.15404122230971495,0.5979814340265552,0.11445554986171905,3.584681363105774,0.0,0.03558209055020413,0.05712657996448531,0.1427671278872479,0.1217726218350062,0.07776262215271257,0.054816724451605334,0.05533529931388049,0.04297613172822986,0.02195466265992972,0.30169624753894086,0.16296865947027778,0.03146439259253777,0.22870782334029202,0.0,50
pima,0.5,Cent-LR,0.8290457023060798,0.7083784843994912,0.7585604472396925,0.6994,0.5948875849907157,0.8546743503489458,0.6529886378690611,0.70540541234239,0.17063896536827083,-0.641799841255742,0.8967683392669241,0.11539036757754854,0.4187088346481323,0.0,0.029772089259463064,0.0564651251829247,0.13325840368484396,0.1346713308278298,0.08361294677480492,0.05410784443276996,0.04702558294689483,0.049396319575266995,0.015676086321965155,0.18224836064709274,0.22621812315362236,0.023064432886381082,0.0556705454348245,0.0,50
pima,0.5,Cent-XGB,0.7844288609364081,0.6482791647455829,0.7081970649895178,0.7040000000000001,0.5724741752005208,0.8252428445126203,0.6225297282635495,0.6876147695755119,0.20744920462369915,0.1683869439561333,0.32335553493572133,0.17592636224318647,0.2228342771530151,0.0,0.03590116742815834,0.05817981123321621,0.1327384752814672,0.10843976979627627,0.0643990087438148,0.04830032026708755,0.06724920605454528,0.047895565822338455,0.023607768878451875,0.4353910671787094,0.05976596616434316,0.02883603581041018,0.031129073116414684,0.0,50
pima,0.5,FedAvg-GCN,0.8150916142557653,0.6903657058326668,0.7086582809224319,0.7290000000000001,0.6032857568789791,0.8339320255137805,0.6368787972802012,0.7024950797340443,0.17200077116489407,0.2410622973455243,0.930539142027299,0.09853962664664363,0.7057681608200074,112960.0,0.03187251284825471,0.05331370612737157,0.1414663646359245,0.12418304462135145,0.07668663015887447,0.05392752621335976,0.04762948025419864,0.03851501259704708,0.020400306903271333,0.4529846263487596,0.2590034308881712,0.038451247521597225,0.09118350520035028,0.0,50
pima,0.5,FedAvg-LR,0.8255217330538085,0.7020040801776801,0.7345981830887491,0.7170000000000001,0.5993298163247897,0.8430852756908975,0.6477663160508267,0.7067411067409175,0.1771767947077751,-0.36307747309727384,0.8321571088966789,0.1284806935036536,0.46999199867248537,8848.0,0.030416437408887387,0.054808639960877245,0.12883815413240363,0.12294432122895706,0.07713398982658118,0.051643011541428314,0.04707840998395672,0.046336201405264475,0.022432533932852435,0.8039792266821216,0.19242120082179745,0.04410245990679444,0.056616160706150324,0.0,50
pima,0.5,FedAvg-MLP,0.8280412299091544,0.6982025697147769,0.7512858141160028,0.7222,0.6060537539637534,0.8536821348100451,0.657930545104763,0.7161765601191331,0.17070058703422542,0.3222589638581956,0.8883207190743488,0.10484010959960952,0.2783168840408325,112960.0,0.02872810911649279,0.04885975708793163,0.1411722712816458,0.11093829871802147,0.06743559644840315,0.05432358712271269,0.06423615371157765,0.04579989770760179,0.02168973877461858,0.5218711745629253,0.2865495035459153,0.04017604695953086,0.05221235872890529,0.0,50
pima,0.5,FedAvg-SAGE,0.8236301886792452,0.7021103840316382,0.7431726065688329,0.72,0.5996395031838972,0.8456810353245675,0.6541174160094649,0.7128490533760548,0.1721599784493446,0.47079733492028686,0.7598052229837736,0.1071011743571806,0.5530677461624145,215360.0,0.032222556232711815,0.05070872118186617,0.11898844830416803,0.10384446768792141,0.07389395962266262,0.046292963306304426,0.05880166786670176,0.04699244957527676,0.022179431830620776,0.597437332278949,0.1906477369854798,0.041156347425886176,0.08446972566393374,0.0,50
pima,0.5,FedEns-RF,0.8177665618448637,0.685415556350879,0.7385883997204752,0.7304,0.6039896920670915,0.8456386740851787,0.6555531043723047,0.7170763364341489,0.16793950898933027,-0.14723834598297147,1.2984622912372625,0.08543485878363674,1.670848708152771,,0.029468215331946098,0.050904714143556476,0.12270365622492904,0.08831668435065868,0.05598986243767429,0.04955072841718919,0.055271667907443485,0.03778561419183329,0.012181332316560135,0.21015115051823616,0.38490558039721967,0.0253629194035619,0.24534963292199796,,50
pima,0.5,FedEns-SVM,0.8071232704402516,0.6733576033784634,0.7486303284416492,0.6944,0.5859600341983711,0.8500483389276803,0.6379637100579767,0.6962959664921767,0.17477697786678198,0.05620584104386502,1.8362838483135013,0.09151694899819844,0.04067514419555659,,0.04907213758283339,0.06092560852510012,0.16550284359866418,0.11928631308660653,0.07972288609999725,0.06109263278292698,0.08050243438835188,0.049214973021757875,0.01516046372343344,0.11977722654445268,1.2725250103591468,0.030734496955485732,0.01307958521378777,,50
pima,0.5,FedEns-XGB,0.7889148846960167,0.6534274205863381,0.694744933612858,0.7116,0.578762906382319,0.8207056104331103,0.6184709807972477,0.6864991302585202,0.18792671053715548,0.20239651822431312,0.7301963357402127,0.11612568658131678,0.4301965093612671,,0.03178810072810681,0.05419952730879146,0.13654312590890458,0.1147554631663809,0.06883231302685638,0.04825299029779969,0.05558791110128814,0.04120992188327656,0.015349480544909382,0.25137659492177283,1.030307811515832,0.031218571241071146,0.06623450720145087,,50
pima,0.5,FedMatch-tab,0.8281164220824598,0.6993261816278137,0.753508036338225,0.7254,0.6083231271726217,0.8548326414178472,0.6607257451060924,0.7191842983901079,0.1707783421874046,0.3327584088813636,0.8578026201350002,0.10332145906000909,0.3911798715591431,112960.0,0.02857459451815687,0.049187059630227944,0.13948869378424575,0.1044169428741508,0.06581657855933089,0.05382139345901364,0.06573089748621551,0.04528804582442949,0.02149022256978083,0.501621554595968,0.2648614611482865,0.038211419609761155,0.06527583268510807,0.0,50
pima,0.5,FedProx-LR,0.8258481481481482,0.7022872489621519,0.7413766596785465,0.7142000000000001,0.5993071812540962,0.8457448856741773,0.650576339510899,0.7079913639045569,0.17695552408695217,-0.36355267297514976,0.834126358639261,0.12980899717951566,0.6094021368026733,8848.0,0.02998441746337936,0.05471833920607288,0.1258184792287296,0.12237596802894106,0.07816526166235256,0.05023567650047439,0.04552987330651963,0.046063222303744024,0.02216627336184883,0.7960728742287404,0.19248809006113765,0.04366254583995184,0.10440663360219266,0.0,50
pima,0.5,FedST-XGB,0.7934874912648497,0.6589500259494676,0.6886233403214536,0.722,0.592308391806521,0.8225167019321462,0.6175331925464821,0.6885512053947977,0.18997432725352298,0.26203088104267186,0.6485557596033158,0.12438735042086417,2.930961599349976,,0.03490574233888559,0.0601764226277729,0.15708106925699095,0.12351980754981307,0.0797256868130153,0.05258222234252585,0.05729307517082032,0.03521630393343616,0.01669632212403492,0.32091970573249884,0.9991873108980074,0.034207883648691595,0.591231442193897,,50
pima,0.5,FedTGNN-SS,0.7857352900069882,0.656101231298113,0.7273165618448637,0.6779999999999999,0.5609167037816046,0.833013421582571,0.6216770572422026,0.6795698043699011,0.22153616696596143,-0.6330256534893407,0.2660200189977151,0.1983266885074045,6.98540608882904,4865104.0,0.04226116714876795,0.05973302452812949,0.13993383021371844,0.12310606013034583,0.06889762300588119,0.057218199438962995,0.057351432302221395,0.04801745552178218,0.030912707996929314,0.9433319788658279,0.08503676707140558,0.040950496959393526,0.27540744914068355,0.0,50
pima,0.5,Local-GCN,0.7573206848357792,0.6318486208922584,0.6706079664570231,0.693,0.5606997410477187,0.8097824980803351,0.5897071817380628,0.6612498779526724,0.20452341228723522,0.1423339019329973,0.5345479801718146,0.1418478503112349,0.6985722208023071,0.0,0.06055290313724298,0.07231864294148146,0.17947788234645526,0.15022771830437542,0.08474930057665937,0.06332747682019675,0.08185340334077872,0.06019186193731046,0.04396120761434635,0.2827369664459438,0.28347148678186423,0.07111132207219925,0.07706950405013444,0.0,50
pima,0.5,Local-LR,0.8006727463312369,0.6743429516390982,0.7069392033542976,0.715,0.5882334016821745,0.8289493210576839,0.6281324847162759,0.6933085344585831,0.18437201827764507,-0.5692311840908009,0.6874075686295781,0.12665460478578303,0.8178551054000854,0.0,0.047144223984996285,0.06442463058596326,0.14086849303911003,0.12327586452955906,0.07356951625762863,0.05417300821900263,0.05307602979417098,0.04405469260586342,0.024215573853502616,0.3627379518575825,0.2302193027716055,0.030491592411170304,0.10700870714200349,0.0,50
pima,0.5,Local-TGNN,0.7233236547868622,0.585126029474415,0.6457651991614256,0.6906,0.5430039873710016,0.7932539135945699,0.572994197004269,0.6512533002858557,0.23336719483137128,0.1944036187324172,0.2334513351558493,0.1976641911095598,6.9252501964569095,0.0,0.06372837049172372,0.05943495120968954,0.16284851866729108,0.12331161787131334,0.07647522366738199,0.05695000036362972,0.08068769651928889,0.051460029545506276,0.03923121228538951,0.6977474217525225,0.11412285668680375,0.05483410652424297,0.2615256954928322,0.0,50
pima,0.5,RSCFed-tab,0.8287293501048218,0.6986256221748911,0.7516142557651991,0.726,0.609748826361961,0.8537999465599665,0.6603603278318217,0.7188790538635517,0.17170942664146419,0.3831090722257995,0.8019360008866792,0.11004371323680072,0.3617165851593018,112960.0,0.027880125727977934,0.04871253013719246,0.13783256408721004,0.10703804397102396,0.06884511889696396,0.05281181080699169,0.0621552661973822,0.04420541512994873,0.021942978776082134,0.5340120411896713,0.24282916490557643,0.03805669649394146,0.06882283206016891,0.0,50
pima,0.7,Cent-GRAND,0.7897206848357792,0.6630987466728494,0.6841788958770091,0.715,0.5819634691116922,0.8159075235671431,0.6151851757689959,0.6843601328864363,0.18925925165414806,0.17336442629874732,0.4930222024973671,0.12938390696353275,3.5718024730682374,0.0,0.03484758450203381,0.05600834429929589,0.13094223038526664,0.12391982266360614,0.08403165144355189,0.04619012527463184,0.0508167286279292,0.044158502170095336,0.020794342511308985,0.3568255123786958,0.14404714255420506,0.033264077307161015,0.230390161046374,0.0,50
pima,0.7,Cent-LR,0.8278156533892382,0.7073802156558172,0.7212788259958072,0.7408,0.6140491974531568,0.8402739495550132,0.6519754936881239,0.7158067124328426,0.17222204148769374,-0.647576112892037,0.8808771808509688,0.11918479873625262,0.42196824550628664,0.0,0.03319460107464212,0.05896235526804609,0.1301967863284037,0.11199198222030296,0.07613175507400893,0.05173378729799382,0.053245032357656916,0.044050803189446555,0.018183643033806932,0.20815171435089197,0.26191690402736245,0.024204786185466405,0.06270082606969216,0.0,50
pima,0.7,Cent-XGB,0.7777649895178197,0.6442480586300551,0.688490566037736,0.691,0.5658032292090428,0.8171181406639333,0.6007709263477073,0.6685215220198731,0.21352184474468228,0.11627112944535883,0.3289589205996132,0.1837196514428888,0.20917043209075925,0.0,0.03528878520810483,0.05322836354614607,0.16518655441454877,0.14123724432200407,0.07863481283810538,0.053478873627053634,0.0695202469008205,0.04873278704201678,0.02512404672578997,0.4737551879649122,0.06240026186093898,0.03488556192780375,0.04240841874164791,0.0,50
pima,0.7,FedAvg-GCN,0.8090001397624039,0.6810897800645179,0.7153598881900769,0.7143999999999999,0.5922644096971742,0.8340201381953787,0.6323460319262741,0.69637785263473,0.17471202522516247,0.21516312210891597,0.8675624190323207,0.10085638830008678,0.732040524482727,112960.0,0.03478134696065681,0.05892119540188184,0.14429078697059006,0.1206472341251171,0.0839448850589876,0.054006681741157796,0.05950860127869494,0.04292973485595409,0.01902893058442662,0.4288578145316282,0.28748006249961555,0.03252077283631236,0.08948168826101861,0.0,50
pima,0.7,FedAvg-LR,0.8212623340321454,0.6957841273507068,0.6953179594689028,0.7468,0.6148569003158039,0.8294699938686896,0.638185235330962,0.7077832801219495,0.18039169430732724,-0.37479622797179546,0.7971758509132575,0.13169715860360048,0.4685855579376221,8848.0,0.03633134813766591,0.061679051561577374,0.14191608506161782,0.1191712881459597,0.084345853752567,0.05353784137283507,0.05749526384485451,0.04476369198205587,0.023907279982325728,0.790670926194415,0.24707009152042583,0.042930313557219144,0.06384479939787717,0.0,50
pima,0.7,FedAvg-MLP,0.8232898672257163,0.6906610421583084,0.7559888190076869,0.7071999999999999,0.5929331803220492,0.8547019463078273,0.6516233972056767,0.7083425764794663,0.17359157398343084,0.2894436095577387,0.845979360123073,0.10764673283532183,0.27667499542236323,112960.0,0.03362747457941546,0.06086063877928611,0.15115599264636692,0.11485643212288983,0.07032215531339439,0.05910542920467478,0.07627755469326808,0.05398604923531979,0.02432448599529942,0.5206942197487326,0.31491515097786305,0.04170628783496879,0.048288536149207674,0.0,50
pima,0.7,FedAvg-SAGE,0.8129090845562544,0.6877549561103831,0.7099231306778476,0.7314,0.599114293117767,0.832709812571212,0.6374242072314718,0.7047600008669217,0.17942164897918697,0.48759838291119656,0.6658645713177989,0.12007018493624239,0.5912305164337158,215360.0,0.03472791819122993,0.05812569697679085,0.13853056018105395,0.1016398202537986,0.06933989364562117,0.05252720526558655,0.06463533743013787,0.04260495041524516,0.022929570059508814,0.5614614815039385,0.18504634923921878,0.03929231061583216,0.08063179328590532,0.0,50
pima,0.7,FedEns-RF,0.8109396575821104,0.6726540315813474,0.747099930118798,0.7086,0.5898343425712169,0.848214907865112,0.6493074065267664,0.7067826490142789,0.17144980746679145,-0.16359065841813614,1.3185003086709108,0.09047287147290448,1.6799592924118043,,0.035016061631853126,0.05775662598935394,0.1315527050161264,0.10905924246640877,0.06339802710952996,0.05484138272637327,0.060058332640196076,0.0467915592155052,0.014252108591721295,0.23332096619754264,0.3169556382685475,0.018407856876478067,0.17984447140746487,,50
pima,0.7,FedEns-SVM,0.7971602375960866,0.6578303355441597,0.7600209643605871,0.677,0.5669220849612219,0.8532164675804107,0.6334035541918581,0.6892643576402537,0.1792956424558725,0.015029715988328847,1.6526372402832683,0.09935913366394242,0.027099347114562945,,0.07414577980033094,0.07978355007590222,0.16701821620934085,0.11671087597747082,0.05432377505979836,0.05991309142921011,0.105005992350169,0.060592207262127044,0.013935934448901368,0.17204733271587544,1.1612592560941124,0.03070354950695949,0.009470353970876417,,50
pima,0.7,FedEns-XGB,0.7811825995807128,0.6463476099088975,0.678784067085954,0.7095999999999999,0.5781175600619722,0.8124342876962839,0.6086287765663764,0.6758888530381839,0.18871756796859615,0.10362336206975556,0.6962462278002749,0.11288541516710002,0.4146840476989746,,0.05552742467693335,0.06883842572588994,0.14419622890789205,0.15299673199124222,0.07642152393285807,0.04652563193397149,0.05334578698542114,0.06776772883697015,0.022773342892704822,0.3001810225854226,0.3913098397612926,0.041386040428740827,0.06021311208572928,,50
pima,0.7,FedMatch-tab,0.8231733752620545,0.6919526701690031,0.7606429070580013,0.7044,0.5926308061958838,0.8562499254294923,0.653468299880492,0.708858659602517,0.1741733101010322,0.3238843808166852,0.8080539755626972,0.11409884013705299,0.36974865436553955,112960.0,0.03312344396660089,0.06010339667679037,0.1471840937673543,0.11492961466276048,0.0714625737745684,0.056914089502970076,0.0697280584783612,0.04990455937718687,0.02414686337330627,0.4976384671599577,0.2885166778626194,0.04111430418306878,0.06031096304522794,0.0,50
pima,0.7,FedProx-LR,0.8216881201956673,0.6961883335969107,0.693570929419986,0.7522,0.6160718220259469,0.8287230053632393,0.6396328657783268,0.710650886685391,0.180081815123558,-0.3748570753468281,0.8043480208071065,0.13136004132787757,0.6305839014053345,8848.0,0.03597401410769614,0.061691187779255016,0.13802041944410776,0.10606678681522376,0.07800889431422159,0.053321732449959844,0.057633871423824444,0.041321761392935384,0.02379258006913691,0.7882996250588329,0.25529869252132914,0.043577541895619236,0.09099191260289048,0.0,50
pima,0.7,FedST-XGB,0.7776183088749127,0.6426464493277284,0.6867924528301887,0.7054,0.5691378144989971,0.8152312997669275,0.6091452460489113,0.6787142063619187,0.1980720499166376,0.20050021965553408,0.5651035105708292,0.13132700101283215,3.267821202278137,,0.05253737615199002,0.06124563287589776,0.14085149829988636,0.1179624637634483,0.06828871020655886,0.045803223545836096,0.07056098564185177,0.04828253415195589,0.024608908280832145,0.43407137046090966,0.5075921785731808,0.05228623009227325,0.6514632381602913,,50
pima,0.7,FedTGNN-SS,0.7706634870719776,0.6367712290440081,0.7272117400419288,0.6446,0.5390403853115154,0.8257469271232758,0.6055972675322951,0.6587261533339859,0.23675457805395123,-0.5323660199660043,0.20616332524389488,0.222181314227373,6.897970480918884,4865104.0,0.03981625312484951,0.05399786494919222,0.141373683112597,0.1375323338605975,0.07329804335848798,0.05307470528437702,0.054249663131176185,0.05212065351503635,0.027412904571246455,0.9970235722936142,0.05950786734077701,0.03549178179593854,0.34649930380808325,0.0,50
pima,0.7,Local-GCN,0.746820894479385,0.6155393595639537,0.653654786862334,0.6973999999999999,0.5559437108785601,0.8022420849175469,0.5793262744938487,0.6570818448049063,0.21212098598480222,0.1396416430057736,0.45060610805873685,0.15321888492435945,0.7163449430465698,0.0,0.05954789370006931,0.0715068613273502,0.1802469180649858,0.13272358878665147,0.08528021911412773,0.06346270394550686,0.08462091436597899,0.0506525029714948,0.04260597490334188,0.36674353584558284,0.23363626815910138,0.06543565929952654,0.07587939842454011,0.0,50
pima,0.7,Local-LR,0.7831445143256464,0.6551393120745523,0.656345213137666,0.7454000000000001,0.5915761824141889,0.808715777074565,0.610694115913779,0.6901003498943048,0.19492338091135022,-0.5527536940655353,0.6143611323434452,0.14151769946032133,0.866478910446167,0.0,0.05087656589312811,0.05878010908044854,0.14008077107290035,0.1015433957699357,0.06696797948319659,0.05046603672136868,0.07059751582977002,0.04730785304490281,0.02839133316537906,0.40938453552263354,0.25575850038538317,0.039522402964908235,0.10434527464951798,0.0,50
pima,0.7,Local-TGNN,0.7022141160027953,0.5608324907956025,0.6807267645003495,0.613,0.5044395502182648,0.7916911945715651,0.5612957710243727,0.6187106305815554,0.26192439854145044,0.367445189362074,0.1701132397871724,0.24466983622831492,6.874939870834351,0.0,0.0639243429979242,0.06017175241166153,0.15951575259842632,0.15861968377736937,0.0749207914644692,0.05764898837174708,0.06273319386481949,0.0568329531492092,0.04308067708985781,1.043411285968721,0.08252065591744183,0.055529572608262356,0.2649951015353198,0.0,50
pima,0.7,RSCFed-tab,0.8237510132774284,0.6904913102110839,0.7648008385744235,0.703,0.5920938897297627,0.8582992898788983,0.6550564992571754,0.7096718143706008,0.17490190461277957,0.3526006329724062,0.7654995300677042,0.11569199462239174,0.3466809797286987,112960.0,0.032525421188439874,0.06035035950518833,0.14833089522697054,0.11423659658795862,0.07110835070090085,0.05871788269982272,0.07229609507435245,0.052472049030986775,0.024849559397218907,0.5339459524739545,0.27145959039033984,0.044250785853761465,0.05435952705880113,0.0,50
pima,0.8,Cent-GRAND,0.7809126484975542,0.6609948412469439,0.6688609364081063,0.7248,0.5835520245723689,0.8122673657288728,0.6086435667752635,0.6828285689800402,0.19654686033725735,0.20765899461571444,0.4035491947206915,0.14749691402874002,3.624550504684448,0.0,0.04357832375347722,0.06517532184967689,0.1441383959093443,0.12098642190640355,0.07873750924583159,0.05395947247898712,0.05709675587642096,0.042451856474488445,0.027674078531601583,0.43615165157185914,0.14122456515245216,0.04313321729363139,0.2528330641808177,0.0,50
pima,0.8,Cent-LR,0.8189588399720474,0.6995308928436701,0.7177148846960167,0.721,0.5977785732319562,0.8354565492069337,0.6389041282007546,0.7019726862716402,0.17659980386495586,-0.6394152596290698,0.8064268048919396,0.12067386652886934,0.4334189796447754,0.0,0.033866265225233075,0.056053046323425115,0.136420751180695,0.12216165268919334,0.08124652679365052,0.05187042735607034,0.052224510874828683,0.04478679170758033,0.019122399842393015,0.22792765829464848,0.2145137613596778,0.02525573365128061,0.06287891171852021,0.0,50
pima,0.8,Cent-XGB,0.7778215234102026,0.6410618292941769,0.70916142557652,0.6859999999999999,0.5615081544840538,0.8239352946144947,0.6130381332549462,0.6763590336100401,0.210254653096199,0.1605105549126589,0.34116132545481315,0.17706597897852436,0.21087728977203365,0.0,0.03489171935675297,0.0531137998470417,0.14277560006181647,0.11892374507581377,0.06551772949309086,0.050521979663156164,0.06222561350954151,0.04352622756859364,0.02157442809939113,0.482402860106665,0.057141783147671245,0.0245410548442288,0.03623532468267161,0.0,50
pima,0.8,FedAvg-GCN,0.8032077568134172,0.6784049505625614,0.7292941998602376,0.6976,0.5769748189656841,0.8373268936797182,0.6316218155050989,0.6921918659193309,0.1787983179092407,0.27312635272958175,0.786705190570234,0.10547519501002371,0.7432734298706055,112960.0,0.04057385350540695,0.06461002684126094,0.1412945046267396,0.11276777655239738,0.06219534174418969,0.05209987932845486,0.05668131775648403,0.0396192437883045,0.024699902639909014,0.47107570840601776,0.2466228010298472,0.04162992204110382,0.09129883046087302,0.0,50
pima,0.8,FedAvg-LR,0.8101754716981132,0.6870622810648659,0.7271767994409504,0.7058,0.5875228891866195,0.8379135512236513,0.6365560633893972,0.6965896789237286,0.18784121125936504,-0.33163856020610893,0.736256684838704,0.14092955918231462,0.4881327724456787,8848.0,0.04922316277672723,0.06656264848965852,0.14093163654977298,0.1257157467447568,0.0844781724796942,0.05728518696414573,0.05920258853208254,0.05125859656593174,0.03185826752765739,0.9182687796916238,0.21570016359263447,0.051451574288482696,0.06169425887316727,0.0,50
pima,0.8,FedAvg-MLP,0.8148858839972047,0.6849254599110275,0.7463591893780572,0.7042,0.5912820507721296,0.849551711051259,0.6445561644239537,0.7024834647239159,0.17952781587839123,0.36296011143388546,0.7630302099752203,0.11873965490359834,0.2683796453475952,112960.0,0.033261335318926284,0.06076189154939418,0.15314883575225396,0.12137124697322978,0.07198024226560255,0.05801103691661771,0.06488480054373752,0.04600181773618774,0.025003344401286112,0.5562111120736735,0.28807871801894375,0.043382070570779876,0.039062672262362146,0.0,50
pima,0.8,FedAvg-SAGE,0.8048163522012578,0.6790253620721021,0.7458211041229909,0.698,0.5859951862959271,0.8450881953259551,0.6453980160339866,0.7002716936052482,0.18553708553314205,0.5136411231726589,0.56455501535041,0.13070676563153802,0.5994231176376342,215360.0,0.041794441988180636,0.06645510074899745,0.11957641807686656,0.12409673645990857,0.07459340154171784,0.049333563128445536,0.04233791184968056,0.046429110446906854,0.02882002005420694,0.6361930183047183,0.16772433070256992,0.04607314407505627,0.07865009320926913,0.0,50
pima,0.8,FedEns-RF,0.7980491614255766,0.6552948092478098,0.7631446540880503,0.6706,0.5656510035748754,0.8470720313884506,0.641568448621656,0.6913784993236897,0.17546615862637194,-0.17947947697944577,1.2736335537916221,0.0926410734160442,1.7012319469451904,,0.03862670479548212,0.06918514273744109,0.1082056403175024,0.11254767697219137,0.06621738702192245,0.04540078157982707,0.04387153937292531,0.046327652925332315,0.013808492552917457,0.22497853038479768,0.273059852794071,0.025577604047814766,0.21639293917675856,,50
pima,0.8,FedEns-SVM,0.7834897973445143,0.6455555422331599,0.7653179594689028,0.6614,0.5676541423014364,0.8431022648989048,0.6388992161612379,0.6837620345118972,0.18497193814174445,0.04649434893771349,1.8960734625048206,0.09577388800591664,0.022911605834960883,,0.07703328932971255,0.08272487415011207,0.13050525397906218,0.15641402411157224,0.08109532074688384,0.07113018587524916,0.05622039625081534,0.0773794237044045,0.015159275780270253,0.14961365345174493,1.519577000480534,0.03206496265222001,0.009397463672348132,,50
pima,0.8,FedEns-XGB,0.7681812019566736,0.6249865263378246,0.6846051712089448,0.7070000000000001,0.5675554268748699,0.8145814329473617,0.6055923369779691,0.6775537679276034,0.1933286654183281,0.12641727787641555,0.6929309952534887,0.1111100530629471,0.4119520950317383,,0.053978741354924635,0.06987898398191608,0.14717499726456906,0.1127802631452066,0.06501466521365705,0.048679217320004436,0.09887869097944879,0.058598783425035175,0.01934874068389448,0.2685600992830203,0.44673725481859966,0.03988867411227204,0.057362502236405634,,50
pima,0.8,FedMatch-tab,0.815570929419986,0.6854078807525906,0.7579105520614955,0.687,0.5762050841142239,0.8521873803733356,0.6430637544105794,0.6975896069764815,0.17970527559518812,0.38577818743608516,0.7357566897263268,0.11892279604117842,0.3673842906951904,112960.0,0.03341626697337365,0.0592933857633424,0.1426238407806739,0.10993968661897101,0.058902917795485586,0.057227307801794566,0.0566954942736264,0.038647627580381504,0.024608482036970733,0.5419679721963666,0.2678801896612689,0.0423274528551755,0.07089799478027055,0.0,50
pima,0.8,FedProx-LR,0.8102461215932913,0.6876178920081554,0.7272816212438853,0.7076,0.5895258732019864,0.8372366231584237,0.6381320978710298,0.697894673327547,0.18755897372961042,-0.33447533242866767,0.736728191165224,0.140931753387616,0.631910753250122,8848.0,0.04909718664986754,0.06699917962542515,0.1332640171296768,0.12622558361593608,0.08136758942681285,0.05393533116964969,0.05218409145156314,0.049117578335876384,0.03159343026790155,0.9117301265513386,0.213798522052655,0.0502129533857422,0.102208584719556,0.0,50
pima,0.8,FedST-XGB,0.7610254367575122,0.6205168273386502,0.6558350803633823,0.721,0.5721845724030917,0.8051721387934826,0.5916555292597733,0.6721522726244008,0.2051233316607357,0.27098502324244683,0.5298811259121528,0.13507157036206194,3.185550847053528,,0.05795522922108351,0.0684218548069526,0.16494983372404864,0.11667589856573826,0.06770172171460598,0.050370194572669724,0.10273519231085636,0.05582448190165152,0.022976556728690565,0.4339054014390335,0.5209524719871218,0.05255160152494314,0.8544578661066583,,50
pima,0.8,FedTGNN-SS,0.7653349406009784,0.6401523536641364,0.6762893081761007,0.6928,0.562348587067363,0.8077040155410999,0.5990033721196457,0.6668559396567829,0.24143448472023007,-0.28162000136351145,0.18577321773664848,0.2301111583916624,6.782736339569092,4865104.0,0.04670131959266177,0.06461353915811897,0.13839103523400667,0.14062600566533826,0.08531775519179338,0.05005434643747033,0.05094605137602003,0.05134587215826702,0.03401817904858185,1.1999346989771689,0.05136626807191616,0.03876978671125241,0.2864702264494488,0.0,50
pima,0.8,Local-GCN,0.7403658280922432,0.6067410832934153,0.6714255765199161,0.6796,0.5491814557047839,0.8077349183140536,0.5822118017373378,0.6528262248304751,0.2193000981211662,0.21278485507835174,0.38234143630880896,0.16970769172455763,0.712914137840271,0.0,0.06282575368405073,0.07832982372838126,0.182949386702432,0.1525157736907557,0.07771222133879094,0.059918924421963775,0.08728816874971039,0.059405428458729925,0.04481821787797846,0.39992447267760994,0.20185823988569107,0.07061523618018445,0.08040424133424343,0.0,50
pima,0.8,Local-LR,0.765407966457023,0.6363180547045063,0.6617120894479385,0.7067999999999999,0.5603105021233249,0.8065263635330537,0.587734422601553,0.6656842824368896,0.2033141884207725,-0.5169292310642051,0.544819146694467,0.146969428211011,0.8861590242385864,0.0,0.06429876478318988,0.07868210184982005,0.17837012763847865,0.1252986636083594,0.07235312826357648,0.05851645796163817,0.10201087264045458,0.0597171802452759,0.0360811921236994,0.4175607517880441,0.2439383817681239,0.04595318150603606,0.09141270085664062,0.0,50
pima,0.8,Local-TGNN,0.700829070580014,0.5655446043976574,0.6254507337526206,0.6606000000000001,0.5147200841980836,0.7702405339915893,0.549080678050011,0.6256690079189672,0.27502083122730253,0.5125633565769274,0.150704143853216,0.26232139573834645,6.854473018646241,0.0,0.07748957931606905,0.08626962512411178,0.1477434131253568,0.14092131253479942,0.0874458661668465,0.06119417900269251,0.08046940161064228,0.06849132785074533,0.05066808993083493,1.0709002705370445,0.07386353110616556,0.06044468184579915,0.31790747029458605,0.0,50
pima,0.8,RSCFed-tab,0.8158900768693222,0.6853029939261799,0.7651572327044025,0.6812,0.5765495820175496,0.8571953862898308,0.6430204769343983,0.6957709118188324,0.18086593389511105,0.436328949498265,0.6943102651296682,0.12401399550985313,0.3459798908233643,112960.0,0.03259420201208599,0.058479783639867014,0.15747604875527108,0.12270156261999175,0.06434663471250272,0.06143646510218587,0.06597987813185249,0.046027851793100566,0.02496292147159362,0.563986875772608,0.25235748475055475,0.04118985499444686,0.06623138178403083,0.0,50
