dataset,rho,metric,baseline,n_pairs,proposed_mean,baseline_mean,diff,ci_low,ci_high,p_corrected_t,p_wilcoxon,rank_biserial,better_direction,p_corrected_t_holm,p_wilcoxon_holm,sig_better,sig_worse
early,0.1,auroc,Cent-GRAND,50,0.9649726562499998,0.9523515625000001,0.012621093749999987,-0.007691794469821043,0.032933981969821016,0.21773769444155502,1.0981064933856007e-05,0.7216326530612245,higher,1.0,0.0005161100518912323,False,False
early,0.1,auprc,Cent-GRAND,50,0.9804500892556259,0.972381002440137,0.00806908681548873,-0.0045376827517533535,0.02067585638273081,0.2044009891907651,1.7496796758109667e-06,0.7286274509803922,higher,1.0,7.523622605987157e-05,False,False
early,0.1,macro_f1,Cent-GRAND,50,0.8920721604735239,0.8795784526182205,0.012493707855303323,-0.030048406118661428,0.05503582182926807,0.5577892421643983,0.021290171380317944,0.37795918367346937,higher,1.0,0.7238658269308101,False,False
early,0.1,brier,Cent-GRAND,50,0.0918275566026568,0.09005000665783879,0.0017775499448180146,-0.02635149779248299,0.02990659768211902,0.8994676578773607,0.35217499509373695,0.15294117647058825,lower,1.0,1.0,False,False
early,0.1,auroc,Cent-LR,50,0.9649726562499998,0.971109375,-0.006136718749999992,-0.032803791001009525,0.020530353501009544,0.6458054099316497,0.23845823245328934,-0.19346938775510203,higher,1.0,1.0,False,False
early,0.1,auprc,Cent-LR,50,0.9804500892556259,0.9840827882642594,-0.003632699008633351,-0.017433950393538997,0.010168552376272294,0.5992277117569983,0.10316599771973678,-0.26588235294117646,higher,1.0,1.0,False,False
early,0.1,macro_f1,Cent-LR,50,0.8920721604735239,0.9106095595318057,-0.018537399058281702,-0.08004020795567224,0.04296540983910883,0.5475089900868747,0.055465717070337206,-0.31137254901960787,higher,1.0,1.0,False,False
early,0.1,brier,Cent-LR,50,0.0918275566026568,0.06294764958322045,0.02887990701943635,-0.010146938354595084,0.06790675239346779,0.14339866813078272,4.56562391448756e-07,0.7615686274509804,lower,1.0,1.5066558917808948e-05,False,False
early,0.1,auroc,Cent-XGB,50,0.9649726562499998,0.9874140625000001,-0.02244140625,-0.04957830712588454,0.00469549462588454,0.1029265768436617,1.721604520888027e-08,-0.9160784313725491,higher,1.0,1.3772836167104218e-06,False,False
early,0.1,auprc,Cent-XGB,50,0.9804500892556259,0.9928486731950399,-0.01239858393941397,-0.026612831773882583,0.0018156638950546436,0.0858772494653579,4.3806736016449577e-11,-0.9247058823529412,higher,1.0,3.504538881315966e-09,False,False
early,0.1,macro_f1,Cent-XGB,50,0.8920721604735239,0.9468230117246719,-0.054750851251148036,-0.10943964733982389,-6.205516247218684e-05,0.049750590266521934,6.337863567296154e-11,-0.92,higher,1.0,5.387184032201731e-09,False,False
early,0.1,brier,Cent-XGB,50,0.0918275566026568,0.03514966226182874,0.05667789434082806,0.014818854036009417,0.0985369346456467,0.00898420125588813,1.9539925233402755e-13,0.9780392156862745,lower,0.6738150941916098,1.2505552149377763e-11,False,False
early,0.1,auroc,FedAvg-GCN,50,0.9649726562499998,0.9532734374999999,0.01169921875,-0.005999360807013028,0.02939779830701303,0.1902061951412041,1.1720878353026532e-05,0.712156862745098,higher,1.0,0.0005391604042392204,False,False
early,0.1,auprc,FedAvg-GCN,50,0.9804500892556259,0.9728049952123804,0.007645094043245597,-0.0028008222820514557,0.01809101036854265,0.1477501412177759,7.239255257474042e-07,0.7505882352941177,higher,1.0,3.5472350761622806e-05,False,False
early,0.1,macro_f1,FedAvg-GCN,50,0.8920721604735239,0.8754584110556817,0.01661374941784219,-0.027801253784984187,0.061028752620668564,0.4558294247737614,0.004949636105666606,0.46598639455782315,higher,1.0,0.18313653590966442,False,False
early,0.1,brier,FedAvg-GCN,50,0.0918275566026568,0.086294881850481,0.005532674752175804,-0.021376274568580475,0.032441624072932086,0.6812750159229382,0.02616696817119646,0.36,lower,1.0,0.3140036180543575,False,False
early,0.1,auroc,FedAvg-LR,50,0.9649726562499998,0.9692734375000001,-0.004300781250000003,-0.030774212738691402,0.022172650238691395,0.7454602387069921,0.5084349777055182,-0.10745098039215686,higher,1.0,1.0,False,False
early,0.1,auprc,FedAvg-LR,50,0.9804500892556259,0.9830627111831126,-0.002612621927486434,-0.01625253170456358,0.011027287849590716,0.7019631746371893,0.2653376709882824,-0.18274509803921568,higher,1.0,1.0,False,False
early,0.1,macro_f1,FedAvg-LR,50,0.8920721604735239,0.9033069366668879,-0.011234776193363938,-0.06468778607438244,0.04221823368765456,0.6746001774644499,0.21188992543607288,-0.20489795918367346,higher,1.0,1.0,False,False
early,0.1,brier,FedAvg-LR,50,0.0918275566026568,0.06465347677469249,0.027174079827964305,-0.012228725595322072,0.06657688525125069,0.17205268442510332,1.859966783257505e-06,0.7270588235294118,lower,1.0,5.765897028098266e-05,False,False
early,0.1,auroc,FedAvg-MLP,50,0.9649726562499998,0.9872187499999999,-0.02224609375,-0.04536289567383215,0.0008707081738321479,0.05891418596929799,1.7538981411248973e-09,-0.9780392156862745,higher,1.0,1.4732744385449136e-07,False,False
early,0.1,auprc,FedAvg-MLP,50,0.9804500892556259,0.9925855776691455,-0.012135488413519486,-0.024197052088138906,-7.392473890006565e-05,0.0486655803527404,3.6770586575585185e-13,-0.9733333333333334,higher,1.0,3.0887292723491555e-11,False,False
early,0.1,macro_f1,FedAvg-MLP,50,0.8920721604735239,0.9371688152311638,-0.045096654757640006,-0.0994378935688095,0.009244584053529487,0.10175385771759544,1.3128738096041043e-07,-0.8661224489795918,higher,1.0,1.0371703095872425e-05,False,False
early,0.1,brier,FedAvg-MLP,50,0.0918275566026568,0.04324700957164163,0.04858054703101516,0.013516074878997385,0.08364501918303294,0.007604730946627067,1.2434497875801753e-14,0.9937254901960785,lower,0.5779595519436571,9.947598300641403e-13,False,False
early,0.1,auroc,FedAvg-SAGE,50,0.9649726562499998,0.9775703125000001,-0.012597656249999999,-0.029672722354134727,0.00447740985413473,0.1445772636857901,8.910119983155836e-07,-0.806530612244898,higher,1.0,4.8114647909041516e-05,False,False
early,0.1,auprc,FedAvg-SAGE,50,0.9804500892556259,0.9864057055070513,-0.005955616251425329,-0.01711384317771337,0.005202610674862709,0.28870709494901997,8.237842195057965e-07,-0.7474509803921568,higher,1.0,3.8717858316772436e-05,False,False
early,0.1,macro_f1,FedAvg-SAGE,50,0.8920721604735239,0.9145428545998187,-0.022470694126294682,-0.06639996789133809,0.021458579638748726,0.309026912676714,9.915398697479816e-05,-0.6094117647058823,higher,1.0,0.005056853335714706,False,False
early,0.1,brier,FedAvg-SAGE,50,0.0918275566026568,0.058405868150293784,0.03342168845236301,0.004955616440733997,0.061887760463992025,0.02233277483203828,1.9539925233402755e-13,0.9780392156862745,lower,1.0,1.2505552149377763e-11,False,False
early,0.1,auroc,FedEns-RF,50,0.9649726562499998,0.9910625000000001,-0.026089843750000005,-0.049823548368762766,-0.0023561391312372434,0.03187568709999856,1.467277903847994e-09,-0.9827450980392157,higher,1.0,1.247186218270795e-07,False,False
early,0.1,auprc,FedEns-RF,50,0.9804500892556259,0.9946114206592338,-0.014161331403607902,-0.0269469038333393,-0.0013757589738765015,0.03065904961646332,6.590283874174929e-13,-0.9686274509803922,higher,1.0,5.404032776823442e-11,False,False
early,0.1,macro_f1,FedEns-RF,50,0.8920721604735239,0.9430838972500336,-0.05101173677650968,-0.10562901474863398,0.0036055411956146186,0.06649066292786644,4.582984923106555e-08,-0.9064625850340136,higher,1.0,3.758047636947375e-06,False,False
early,0.1,brier,FedEns-RF,50,0.0918275566026568,0.04516379641125748,0.04666376019139931,0.014864375043334002,0.07846314533946462,0.0048755156233433305,2.4868995751603507e-14,0.9905882352941177,lower,0.38816237384887814,1.8900436771218665e-12,False,False
early,0.1,auroc,FedEns-SVM,50,0.9649726562499998,0.987234375,-0.022261718750000003,-0.04797756749409306,0.0034541299940930546,0.0881989135537732,1.8518641318694988e-08,-0.923265306122449,higher,1.0,1.4259353815395141e-06,False,False
early,0.1,auprc,FedEns-SVM,50,0.9804500892556259,0.9921636375162393,-0.011713548260613276,-0.025710439618931987,0.002283343097705434,0.09898111843171983,2.81308842886574e-09,-0.8635294117647059,higher,1.0,1.828507478762731e-07,False,False
early,0.1,macro_f1,FedEns-SVM,50,0.8920721604735239,0.93335018927487,-0.041278028801346144,-0.0900760113231426,0.007519953720450306,0.09549153200576377,2.8609673616100563e-07,-0.8599290780141844,higher,1.0,2.1457255212075422e-05,False,False
early,0.1,brier,FedEns-SVM,50,0.0918275566026568,0.04736650307690162,0.044461053525755176,0.010397633773076516,0.07852447327843384,0.011584783138277039,2.433608869978343e-13,0.9764705882352941,lower,0.8225196028176698,1.5088374993865727e-11,False,False
early,0.1,auroc,FedEns-XGB,50,0.9649726562499998,0.980109375,-0.015136718750000007,-0.03735869382528685,0.007085256325286837,0.1772914161422192,3.3094007257600304e-06,-0.763265306122449,higher,1.0,0.00016547003628800152,False,False
early,0.1,auprc,FedEns-XGB,50,0.9804500892556259,0.9885214393014428,-0.00807135004581675,-0.019973255598337673,0.0038305555067041745,0.17917430694564773,1.0633089786438177e-06,-0.7411764705882353,higher,1.0,4.891221301761561e-05,False,False
early,0.1,macro_f1,FedEns-XGB,50,0.8920721604735239,0.9286579725724182,-0.036585812098894485,-0.08355419956664467,0.010382575368855708,0.12393701662407519,2.0039570713947796e-07,-0.7803921568627451,higher,1.0,1.563086515687928e-05,False,False
early,0.1,brier,FedEns-XGB,50,0.0918275566026568,0.051739648778524765,0.04008790782413203,0.00879015613811613,0.07138565951014794,0.01312852453153498,1.1368683772161603e-12,0.9639215686274509,lower,0.8965495754155359,6.59383658785373e-11,False,False
early,0.1,auroc,FedMatch-tab,50,0.9649726562499998,0.9866093749999999,-0.021636718750000002,-0.04499889619812539,0.001725458698125383,0.06872726345025047,2.0966238319648654e-09,-0.9733333333333334,higher,1.0,1.7192315422111896e-07,False,False
early,0.1,auprc,FedMatch-tab,50,0.9804500892556259,0.9922442868413605,-0.011794197585734453,-0.02404695777009319,0.00045856259862428646,0.05885324660540502,3.6770586575585185e-13,-0.9733333333333334,higher,1.0,3.0887292723491555e-11,False,False
early,0.1,macro_f1,FedMatch-tab,50,0.8920721604735239,0.9349130151787908,-0.04284085470526687,-0.09655054937756179,0.010868839967028046,0.11538156033506629,3.540554272288629e-07,-0.8274509803921568,higher,1.0,2.6200101614935856e-05,False,False
early,0.1,brier,FedMatch-tab,50,0.0918275566026568,0.043859376460313744,0.047968180142343046,0.012459041378491353,0.08347731890619474,0.009134363366636613,1.7763568394002505e-14,0.9921568627450981,lower,0.6759428891311093,1.4033219031261979e-12,False,False
early,0.1,auroc,FedProx-LR,50,0.9649726562499998,0.9690781249999999,-0.004105468750000003,-0.029450387817799156,0.021239450317799148,0.7461744246537685,0.43421333220619673,-0.12705882352941175,higher,1.0,1.0,False,False
early,0.1,auprc,FedProx-LR,50,0.9804500892556259,0.9829471409736023,-0.0024970517179762107,-0.0154813062231667,0.010487202787214277,0.7008224594286692,0.2571237847552261,-0.18588235294117647,higher,1.0,1.0,False,False
early,0.1,macro_f1,FedProx-LR,50,0.8920721604735239,0.9028340892461066,-0.010761928772582655,-0.05922849080255598,0.03770463325739067,0.6574017445543833,0.12645662829965967,-0.2534013605442177,higher,1.0,1.0,False,False
early,0.1,brier,FedProx-LR,50,0.0918275566026568,0.0647571355104446,0.0270704210922122,-0.011997641511996879,0.06613848369642128,0.1700753297840641,1.859966783257505e-06,0.7270588235294118,lower,1.0,5.765897028098266e-05,False,False
early,0.1,auroc,FedST-XGB,50,0.9649726562499998,0.9803593749999999,-0.015386718750000004,-0.03745159311751724,0.006678155617517233,0.167409566062069,1.3213333341804284e-06,-0.7858823529411765,higher,1.0,7.00306667115627e-05,False,False
early,0.1,auprc,FedST-XGB,50,0.9804500892556259,0.9889035497036918,-0.008453460448065876,-0.020236744227875726,0.003329823331743977,0.15575034653346043,2.0039570713947796e-07,-0.7803921568627451,higher,1.0,1.0620972478392332e-05,False,False
early,0.1,macro_f1,FedST-XGB,50,0.8920721604735239,0.9248475065875192,-0.032775346113995206,-0.08556498288523359,0.020014290657243188,0.2180785252848057,4.4629631647933606e-05,-0.6768707482993197,higher,1.0,0.0023207408456925476,False,False
early,0.1,brier,FedST-XGB,50,0.0918275566026568,0.052245944291928685,0.039581612310728105,0.007813233903000934,0.07134999071845527,0.0156657355818639,2.6343371928305714e-12,0.956078431372549,lower,1.0,1.5015721999134257e-10,False,False
early,0.1,auroc,Local-GCN,50,0.9649726562499998,0.9354140624999999,0.029558593749999987,-0.010547054950102643,0.06966424245010261,0.14498384406377982,1.7725342129356253e-08,0.9152941176470588,higher,1.0,1.3973733364280134e-06,False,False
early,0.1,auprc,Local-GCN,50,0.9804500892556259,0.9600342023021082,0.020415886953517797,-0.014390806927689206,0.055222580834724797,0.24420293796475948,2.022026990289305e-11,0.9341176470588235,higher,1.0,1.6378418621343371e-09,False,False
early,0.1,macro_f1,Local-GCN,50,0.8920721604735239,0.858141432030046,0.03393072844347792,-0.016670721798381638,0.08453217868533748,0.18401154645804602,1.4543591948523726e-06,0.7333333333333333,higher,1.0,9.889642524996134e-05,False,False
early,0.1,brier,Local-GCN,50,0.0918275566026568,0.0984472749382257,-0.006619718335568905,-0.03787089464111538,0.02463145796997757,0.6722091098849498,0.22231487615329293,-0.2,lower,1.0,1.0,False,False
early,0.1,auroc,Local-LR,50,0.9649726562499998,0.9588515624999999,0.006121093749999997,-0.015566977032084147,0.02780916453208414,0.5731887763503175,0.018491847360254974,0.3827450980392157,higher,1.0,0.4068206419256094,False,False
early,0.1,auprc,Local-LR,50,0.9804500892556259,0.9761849119677616,0.004265177287864392,-0.009778459304524848,0.018308813880253634,0.5444664243588653,0.01330480151673541,0.3992156862745098,higher,1.0,0.2660960303347082,False,False
early,0.1,macro_f1,Local-LR,50,0.8920721604735239,0.8791155839367555,0.012956576536768507,-0.04196587694118984,0.06787903001472685,0.6375540782762631,0.12799334338745183,0.24862745098039216,higher,1.0,1.0,False,False
early,0.1,brier,Local-LR,50,0.0918275566026568,0.07780728682875629,0.014020269773900506,-0.014974000601905643,0.043014540149706654,0.3359543432913918,0.0013303578723942167,0.5105882352941177,lower,1.0,0.02793751532027855,False,False
early,0.1,auroc,Local-TGNN,50,0.9649726562499998,0.9521640625000001,0.012808593750000001,-0.01403386615742091,0.039651053657420915,0.3423057553486686,0.00019406363314082592,0.6054901960784314,higher,1.0,0.006210036260506429,False,False
early,0.1,auprc,Local-TGNN,50,0.9804500892556259,0.9699267234128309,0.010523365842795073,-0.012409981549454292,0.03345671323504444,0.36097978406080256,1.1645574410579229e-05,0.6768627450980392,higher,1.0,0.00046582297642316917,False,False
early,0.1,macro_f1,Local-TGNN,50,0.8920721604735239,0.8910043395792183,0.00106782089430558,-0.03780413458397343,0.039939776372584584,0.9562008489297,0.9960316199591498,0.0008163265306122449,higher,1.0,1.0,False,False
early,0.1,brier,Local-TGNN,50,0.0918275566026568,0.08551050379872319,0.006317052803933625,-0.022042978343587177,0.03467708395145443,0.6563982556472757,0.037166605079788084,0.3380392156862745,lower,1.0,0.37166605079788084,False,False
early,0.1,auroc,RSCFed-tab,50,0.9649726562499998,0.986515625,-0.021542968750000006,-0.044945036272141234,0.0018590987721412225,0.07035858984387815,1.8081319684053082e-09,-0.9772549019607844,higher,1.0,1.5007495337764057e-07,False,False
early,0.1,auprc,RSCFed-tab,50,0.9804500892556259,0.9922114645792642,-0.011761375323638266,-0.02394421283443638,0.0004214621871598493,0.058139636650610345,2.433608869978343e-13,-0.9764705882352941,higher,1.0,2.0685675394815917e-11,False,False
early,0.1,macro_f1,RSCFed-tab,50,0.8920721604735239,0.9318077662922538,-0.039735605818729806,-0.09229189852786299,0.012820686890403374,0.13509975815620595,1.302586740840289e-06,-0.7942857142857143,higher,1.0,8.987848511797995e-05,False,False
early,0.1,brier,RSCFed-tab,50,0.0918275566026568,0.044216752666979976,0.047610803935676814,0.011746728957264231,0.08347487891408939,0.010320856688896237,1.7763568394002505e-14,0.9921568627450981,lower,0.7534225382894253,1.4033219031261979e-12,False,False
early,0.3,auroc,Cent-GRAND,50,0.96458203125,0.9507812500000001,0.013800781250000005,-0.010288572170402854,0.037890134670402864,0.25520197395486716,1.9379349884130747e-05,0.6941176470588235,higher,1.0,0.0007751739953652299,False,False
early,0.3,auprc,Cent-GRAND,50,0.9797897460832408,0.9716970508579535,0.008092695225287234,-0.007204473849622689,0.023389864300197155,0.2929344432628209,2.5552926345540072e-05,0.6533333333333333,higher,1.0,0.0009454582747849827,False,False
early,0.3,macro_f1,Cent-GRAND,50,0.8883935145543377,0.8765351233487079,0.011858391205629957,-0.03169417178105817,0.055410954192318077,0.58675062954118,0.022436016948996086,0.3746938775510204,higher,1.0,0.7403885593168709,False,False
early,0.3,brier,Cent-GRAND,50,0.09559150144457813,0.09134443975985046,0.004247061684727671,-0.025873058449717518,0.03436718181917286,0.7780958593688664,0.1406841997467243,0.2407843137254902,lower,1.0,1.0,False,False
early,0.3,auroc,Cent-LR,50,0.96458203125,0.9685859375,-0.00400390625,-0.030597589673759147,0.02258977717375915,0.7635068524101518,0.5208883224956274,-0.10431372549019607,higher,1.0,1.0,False,False
early,0.3,auprc,Cent-LR,50,0.9797897460832408,0.9827986210374804,-0.003008874954239491,-0.016753283696128767,0.010735533787649782,0.6619231187119834,0.16888071753563239,-0.22509803921568627,higher,1.0,1.0,False,False
early,0.3,macro_f1,Cent-LR,50,0.8883935145543377,0.9055227451570197,-0.017129230602681834,-0.07231815099192386,0.038059689786560186,0.535703882019954,0.04944640680060175,-0.3192156862745098,higher,1.0,1.0,False,False
early,0.3,brier,Cent-LR,50,0.09559150144457813,0.0659618495032191,0.029629651941359043,-0.0027635837341201085,0.06202288761683819,0.07210901605294391,4.057499225496031e-09,0.8572549019607844,lower,1.0,1.6229996901984123e-07,False,False
early,0.3,auroc,Cent-XGB,50,0.96458203125,0.9838632812499999,-0.01928125,-0.045150097722644444,0.006587597722644441,0.14059235763661043,4.120776978878938e-07,-0.8227450980392157,higher,1.0,2.4312584175385735e-05,False,False
early,0.3,auprc,Cent-XGB,50,0.9797897460832408,0.9909120173508913,-0.011122271267650499,-0.024764316472003396,0.002519773936702401,0.1077459242579537,8.970399534291573e-09,-0.8431372549019608,higher,1.0,5.382239720574944e-07,False,False
early,0.3,macro_f1,Cent-XGB,50,0.8883935145543377,0.9393393184076347,-0.050945803853297195,-0.10297170351179483,0.0010800958052004442,0.05475759336693611,3.121726299407503e-08,-0.9273049645390071,higher,1.0,2.5910328285082277e-06,False,False
early,0.3,brier,Cent-XGB,50,0.09559150144457813,0.043159382324665735,0.052432119119912406,0.019600285448703646,0.08526395279112117,0.0023487825787785474,8.881784197001252e-15,0.9952941176470588,lower,0.19964651919617654,7.371880883511039e-13,False,False
early,0.3,auroc,FedAvg-GCN,50,0.96458203125,0.9514765625000001,0.01310546875,-0.010732952643834203,0.0369438901438342,0.27464653963607477,2.8143301337843616e-05,0.6873469387755102,higher,1.0,0.001097588752175901,False,False
early,0.3,auprc,FedAvg-GCN,50,0.9797897460832408,0.9722390560499039,0.007550690033336844,-0.005721004100136602,0.02082238416681029,0.2584645184543867,1.2288898243895119e-05,0.6752941176470588,higher,1.0,0.00047926703151190964,False,False
early,0.3,macro_f1,FedAvg-GCN,50,0.8883935145543377,0.8786524725506802,0.009741042003657519,-0.03944288094567121,0.05892496495298624,0.6923566619308681,0.14812872327055948,0.23979591836734693,higher,1.0,1.0,False,False
early,0.3,brier,FedAvg-GCN,50,0.09559150144457813,0.08872869007289404,0.006862811371684081,-0.02088709527833288,0.03461271802170104,0.6214210275447563,0.019067043399514816,0.3788235294117647,lower,1.0,0.2669386075932074,False,False
early,0.3,auroc,FedAvg-LR,50,0.96458203125,0.9663671874999998,-0.0017851562499999884,-0.027172716196398456,0.023602403696398478,0.8882078326927164,0.85825570733173,-0.029019607843137254,higher,1.0,1.0,False,False
early,0.3,auprc,FedAvg-LR,50,0.9797897460832408,0.9815314006666981,-0.0017416545834573838,-0.014957140674666993,0.011473831507752226,0.7922438357180733,0.35718707191412413,-0.15137254901960784,higher,1.0,1.0,False,False
early,0.3,macro_f1,FedAvg-LR,50,0.8883935145543377,0.8975792201744835,-0.009185705620145779,-0.05875787316432715,0.0403864619240356,0.7112204704723432,0.24248135167977392,-0.19183673469387755,higher,1.0,1.0,False,False
early,0.3,brier,FedAvg-LR,50,0.09559150144457813,0.06717149883508679,0.02842000260949135,-0.005230232823863212,0.06207023804284591,0.09599741614312984,3.094002387626915e-08,0.8196078431372549,lower,1.0,1.0829008356694203e-06,False,False
early,0.3,auroc,FedAvg-MLP,50,0.96458203125,0.984296875,-0.019714843750000002,-0.04379297667038956,0.0043632891703895595,0.10628542283959537,3.734627369362356e-08,-0.9124149659863946,higher,1.0,2.7636242533281434e-06,False,False
early,0.3,auprc,FedAvg-MLP,50,0.9797897460832408,0.9910716730237611,-0.01128192694052042,-0.024094345152710674,0.0015304912716698343,0.08302926593323304,3.134559278805682e-10,-0.8980392156862745,higher,1.0,2.256882680740091e-08,False,False
early,0.3,macro_f1,FedAvg-MLP,50,0.8883935145543377,0.92698598912383,-0.038592474569492365,-0.08733533243356625,0.010150383294581525,0.11802010426610698,4.27072918636795e-07,-0.8384353741496599,higher,1.0,3.074925014184924e-05,False,False
early,0.3,brier,FedAvg-MLP,50,0.09559150144457813,0.04735478324815627,0.04823671819642186,0.01656967797929293,0.0799037584135508,0.003573960410991813,5.329070518200751e-15,0.9968627450980392,lower,0.2930647537013287,4.476419235288631e-13,False,False
early,0.3,auroc,FedAvg-SAGE,50,0.96458203125,0.9757968749999999,-0.011214843749999998,-0.02752247918146967,0.005092791681469675,0.17324133505662376,4.647947143865063e-07,-0.8188235294117647,higher,1.0,2.6493298720030857e-05,False,False
early,0.3,auprc,FedAvg-SAGE,50,0.9797897460832408,0.9864913540295629,-0.00670160794632207,-0.01505615140625283,0.001652935513608689,0.11338884490088828,2.5633326572460646e-09,-0.8650980392156863,higher,1.0,1.7174328803548633e-07,False,False
early,0.3,macro_f1,FedAvg-SAGE,50,0.8883935145543377,0.9109091801446625,-0.02251566559032481,-0.06683170460457073,0.021800373423921115,0.3122664264132416,0.0001309003700148817,-0.6277551020408163,higher,1.0,0.006414118130729203,False,False
early,0.3,brier,FedAvg-SAGE,50,0.09559150144457813,0.06299355670809742,0.03259794473648071,0.007580032321102631,0.057615857151858796,0.011720482550477498,1.7763568394002505e-15,1.0,lower,0.8225196028176698,1.509903313490213e-13,False,False
early,0.3,auroc,FedEns-RF,50,0.96458203125,0.98775,-0.02316796875,-0.049047782295693336,0.0027118447956933356,0.07817889782915978,1.1300339885759677e-08,-0.9371428571428572,higher,1.0,9.153275307465338e-07,False,False
early,0.3,auprc,FedEns-RF,50,0.9797897460832408,0.9925571905634861,-0.012767444480245384,-0.026869038895445563,0.0013341499349547956,0.07495532390104818,2.2601653881793027e-10,-0.9027450980392157,higher,1.0,1.649920733370891e-08,False,False
early,0.3,macro_f1,FedEns-RF,50,0.8883935145543377,0.9357068131234708,-0.04731329856913323,-0.09613498308299256,0.001508385944726097,0.05721826402656456,1.4432899320127035e-10,-0.9090196078431373,higher,1.0,1.212363542890671e-08,False,False
early,0.3,brier,FedEns-RF,50,0.09559150144457813,0.05252123352765439,0.04307026791692374,0.014014210839279603,0.07212632499456788,0.004490961408953778,2.4868995751603507e-14,0.9905882352941177,lower,0.363767874125256,1.8900436771218665e-12,False,False
early,0.3,auroc,FedEns-SVM,50,0.96458203125,0.9843828125,-0.01980078124999999,-0.045895949367939594,0.006294386867939615,0.13372603905604682,5.861750947115927e-07,-0.8117647058823529,higher,1.0,3.282580530384919e-05,False,False
early,0.3,auprc,FedEns-SVM,50,0.9797897460832408,0.9908083794654019,-0.011018633382161178,-0.025369961104418963,0.0033326943400966078,0.1292874138781542,6.220717985172541e-08,-0.8054901960784314,higher,1.0,3.483602071696623e-06,False,False
early,0.3,macro_f1,FedEns-SVM,50,0.8883935145543377,0.9281124815072336,-0.03971896695289607,-0.09187031588849857,0.012432381982706436,0.13232109086859944,1.2262650260360681e-06,-0.8044217687074829,higher,1.0,8.583855182252477e-05,False,False
early,0.3,brier,FedEns-SVM,50,0.09559150144457813,0.05323344495879299,0.042358056485785126,0.010449088798366764,0.0742670241732035,0.010324571897432777,2.433608869978343e-13,0.9764705882352941,lower,0.7534225382894253,1.5088374993865727e-11,False,False
early,0.3,auroc,FedEns-XGB,50,0.96458203125,0.9747499999999999,-0.01016796875,-0.035444103929761925,0.015108166429761921,0.42276636609712837,0.004350995766185919,-0.47278911564625853,higher,1.0,0.1131258899208339,False,False
early,0.3,auprc,FedEns-XGB,50,0.9797897460832408,0.9857365916932627,-0.005946845610022031,-0.019409879698992296,0.007516188478948233,0.3790587237488332,0.0013800985654270903,-0.5090196078431373,higher,1.0,0.04002285839738562,False,False
early,0.3,macro_f1,FedEns-XGB,50,0.8883935145543377,0.9205264636040722,-0.032132949049734544,-0.08296253830273939,0.018696640203270304,0.2099436072894118,1.3063920384126877e-05,-0.7227891156462585,higher,1.0,0.0007838352230476126,False,False
early,0.3,brier,FedEns-XGB,50,0.09559150144457813,0.06061948921905435,0.03497201222552378,0.006129341458957514,0.06381468299209003,0.018504243278453878,4.218847493575595e-12,0.9513725490196079,lower,1.0,2.2781776465308212e-10,False,False
early,0.3,auroc,FedMatch-tab,50,0.96458203125,0.98390625,-0.019324218750000004,-0.04333636859832703,0.0046879310983270195,0.11224639770617016,6.250052680537722e-08,-0.8881632653061224,higher,1.0,4.437537403181782e-06,False,False
early,0.3,auprc,FedMatch-tab,50,0.9797897460832408,0.9908903059048424,-0.011100559821601706,-0.02385371425817254,0.001652594614969128,0.08652363664727489,3.134559278805682e-10,-0.8980392156862745,higher,1.0,2.256882680740091e-08,False,False
early,0.3,macro_f1,FedMatch-tab,50,0.8883935145543377,0.9268171648291631,-0.03842365027482547,-0.08738411664866211,0.010536816099011158,0.12120901063854037,3.9387389112470416e-07,-0.8409863945578231,higher,1.0,2.8752794052103403e-05,False,False
early,0.3,brier,FedMatch-tab,50,0.09559150144457813,0.047932280153036064,0.04765922129154207,0.016545867895895593,0.07877257468718854,0.003406089655164872,8.881784197001252e-15,0.9952941176470588,lower,0.2861115310338493,7.371880883511039e-13,False,False
early,0.3,auroc,FedProx-LR,50,0.96458203125,0.9657265624999998,-0.001144531250000005,-0.02689457177598058,0.024605509275980573,0.9291908284473098,0.9576558115861533,-0.008627450980392156,higher,1.0,1.0,False,False
early,0.3,auprc,FedProx-LR,50,0.9797897460832408,0.9811734301067702,-0.0013836840235294634,-0.01481241979216476,0.012045051745105834,0.8368174353507668,0.5024899674262855,-0.11058823529411765,higher,1.0,1.0,False,False
early,0.3,macro_f1,FedProx-LR,50,0.8883935145543377,0.8971842066551529,-0.008790692100814991,-0.05532950859286414,0.03774812439123416,0.7058917684521926,0.2571237847552261,-0.18588235294117647,higher,1.0,1.0,False,False
early,0.3,brier,FedProx-LR,50,0.09559150144457813,0.06730744849890466,0.028284052945673474,-0.0058158875011107905,0.06238399339245774,0.1019278100207311,6.710043898294771e-08,0.803921568627451,lower,1.0,2.281414925420222e-06,False,False
early,0.3,auroc,FedST-XGB,50,0.96458203125,0.9745781250000002,-0.00999609375,-0.035358966660372165,0.01536677916037216,0.43216672698168224,0.007675812622053603,-0.43755102040816324,higher,1.0,0.18421950292928646,False,False
early,0.3,auprc,FedST-XGB,50,0.9797897460832408,0.985534968726941,-0.005745222643700241,-0.01911144954281201,0.007621004255411527,0.3919183110408705,0.002356807144249018,-0.48549019607843136,higher,1.0,0.06363379289472348,False,False
early,0.3,macro_f1,FedST-XGB,50,0.8883935145543377,0.9183238101888017,-0.029930295634464,-0.07866541764196656,0.01880482637303856,0.22302798445530553,1.1033688904760197e-05,-0.6784313725490196,higher,1.0,0.000673055023190372,False,False
early,0.3,brier,FedST-XGB,50,0.09559150144457813,0.06072855150516748,0.034862949939410644,0.005866735596874062,0.06385916428194723,0.01945653711052448,2.6343371928305714e-12,0.956078431372549,lower,1.0,1.5015721999134257e-10,False,False
early,0.3,auroc,Local-GCN,50,0.96458203125,0.9334375000000001,0.03114453125,-0.008472462319447174,0.07076152481944717,0.1205850958867938,2.4776690398120343e-08,0.9058823529411765,higher,1.0,1.883028470257146e-06,False,False
early,0.3,auprc,Local-GCN,50,0.9797897460832408,0.9603585293555623,0.019431216727678436,-0.007531648138713903,0.046394081594070775,0.15392107825394444,9.07522945681194e-11,0.9152941176470588,higher,1.0,7.169431270881432e-09,False,False
early,0.3,macro_f1,Local-GCN,50,0.8883935145543377,0.8543787231934467,0.034014791360891,-0.016502741886295594,0.0845323246080776,0.18223379495988132,2.1499046276574063e-07,0.7788235294117647,higher,1.0,1.655426563296203e-05,False,False
early,0.3,brier,Local-GCN,50,0.09559150144457813,0.10124542944133279,-0.005653927996754646,-0.04416418145002416,0.032856325456514866,0.7692112529130648,0.652772195247282,-0.07450980392156863,lower,1.0,1.0,False,False
early,0.3,auroc,Local-LR,50,0.96458203125,0.95484375,0.009738281249999991,-0.016408958706232414,0.035885521206232396,0.4577684968014214,0.0017613700322497551,0.508235294117647,higher,1.0,0.049318360902993144,False,False
early,0.3,auprc,Local-LR,50,0.9797897460832408,0.9741345066667586,0.005655239416482431,-0.01092045608371556,0.022230934916680423,0.49618387899273775,0.004459422606641894,0.4556862745098039,higher,1.0,0.11148556516604735,False,False
early,0.3,macro_f1,Local-LR,50,0.8883935145543377,0.8774120448647531,0.010981469689584635,-0.04337932344940586,0.06534226282857512,0.6865423329789517,0.1329605561585705,0.24549019607843137,higher,1.0,1.0,False,False
early,0.3,brier,Local-LR,50,0.09559150144457813,0.07971653871238228,0.01587496273219585,-0.011565387922118295,0.04331531338650999,0.2506261310612046,4.6469730756726335e-05,0.6345098039215686,lower,1.0,0.001254682730431611,False,False
early,0.3,auroc,Local-TGNN,50,0.96458203125,0.9485703125,0.01601171875,-0.02038256008155983,0.05240599758155983,0.3809513821280421,5.6800758430599165e-05,0.6541176470588236,higher,1.0,0.00204482730350157,False,False
early,0.3,auprc,Local-TGNN,50,0.9797897460832408,0.9665346384478487,0.013255107635392055,-0.01666762375564105,0.04317783902642516,0.37770994260202806,1.4422642710343325e-05,0.6705882352941176,higher,1.0,0.0005480604229930464,False,False
early,0.3,macro_f1,Local-TGNN,50,0.8883935145543377,0.8745422168839393,0.01385129767039838,-0.038517973050944974,0.06622056839174173,0.5974611642366376,0.03127134980704323,0.35346938775510206,higher,1.0,1.0,False,False
early,0.3,brier,Local-TGNN,50,0.09559150144457813,0.09806353203952309,-0.002472030594944954,-0.04034895974087378,0.035404898550983874,0.8961900696688776,0.6736344940466168,0.06980392156862746,lower,1.0,1.0,False,False
early,0.3,auroc,RSCFed-tab,50,0.96458203125,0.9836015625000001,-0.019019531250000003,-0.04307483246511808,0.005035769965118078,0.11851805784013751,6.792532572733854e-08,-0.8857142857142857,higher,1.0,4.686847475186359e-06,False,False
early,0.3,auprc,RSCFed-tab,50,0.9797897460832408,0.9906895223155626,-0.010899776232321946,-0.02362105423376793,0.0018215017691240367,0.09140775353055214,3.489741828843762e-10,-0.8964705882352941,higher,1.0,2.4428192801906334e-08,False,False
early,0.3,macro_f1,RSCFed-tab,50,0.8883935145543377,0.9244089879180362,-0.03601547336369849,-0.08495756841832547,0.012926621690928494,0.14559275286123402,2.7300561772413507e-06,-0.769795918367347,higher,1.0,0.0001829137638751705,False,False
early,0.3,brier,RSCFed-tab,50,0.09559150144457813,0.047933204844593964,0.04765829659998417,0.016498713464389057,0.07881787973557929,0.003450569734899261,8.881784197001252e-15,0.9952941176470588,lower,0.28639728799663866,7.371880883511039e-13,False,False
early,0.5,auroc,Cent-GRAND,50,0.9600937499999997,0.9492695312500001,0.010824218749999998,-0.014240956789932828,0.035889394289932826,0.3897227941509538,0.0001729372165206912,0.6101960784313726,higher,1.0,0.005706928145182809,False,False
early,0.5,auprc,Cent-GRAND,50,0.9759595103830234,0.9700103989423434,0.005949111440680217,-0.010313772663098669,0.022211995544459105,0.46576984753700573,0.000251529064962952,0.5764705882352941,higher,1.0,0.007797401013851513,False,False
early,0.5,macro_f1,Cent-GRAND,50,0.8907615425177182,0.872918832296173,0.017842710221545335,-0.023063175703930572,0.05874859614702124,0.3850054886103635,0.0004023949851339492,0.5867346938775511,higher,1.0,0.016900589375625868,False,False
early,0.5,brier,Cent-GRAND,50,0.1015403555333614,0.09653642810881134,0.005003927424550053,-0.034182510766075876,0.04419036561517598,0.7985515667468195,0.027545164283727885,0.3568627450980392,lower,1.0,0.3140036180543575,False,False
early,0.5,auroc,Cent-LR,50,0.9600937499999997,0.96621875,-0.006125000000000007,-0.029820818475358002,0.017570818475357984,0.6057898140729946,0.07253422255198594,-0.2917647058823529,higher,1.0,1.0,False,False
early,0.5,auprc,Cent-LR,50,0.9759595103830234,0.9815923440725821,-0.005632833689558669,-0.021877917535141803,0.010612250156024466,0.4892195316092902,0.01958777690517799,-0.3772549019607843,higher,1.0,0.3525799842932038,False,False
early,0.5,macro_f1,Cent-LR,50,0.8907615425177182,0.8999856956113819,-0.009224153093663529,-0.05577539348235815,0.0373270872950311,0.6922136932506207,0.20827143449080732,-0.20653061224489797,higher,1.0,1.0,False,False
early,0.5,brier,Cent-LR,50,0.1015403555333614,0.07019876345992083,0.03134159207344056,-0.005557449100671762,0.06824063324755289,0.094169534664588,8.22989321136447e-09,0.8447058823529412,lower,1.0,3.209658352432143e-07,False,False
early,0.5,auroc,Cent-XGB,50,0.9600937499999997,0.9793789062499999,-0.01928515625,-0.04592133968789948,0.007351027187899477,0.15205298754350127,5.265138623702691e-06,-0.7551020408163265,higher,1.0,0.00025799179256143185,False,False
early,0.5,auprc,Cent-XGB,50,0.9759595103830234,0.9882656188193784,-0.012306108436354936,-0.02975298523096681,0.005140768358256937,0.1626795325632291,5.215646012857178e-07,-0.7584313725490196,higher,1.0,2.607823006428589e-05,False,False
early,0.5,macro_f1,Cent-XGB,50,0.8907615425177182,0.925488216735862,-0.034726674218143815,-0.08475067122062631,0.01529732278433868,0.16929299733423764,3.313557345542431e-06,-0.763265306122449,higher,1.0,0.00021869478480580044,False,False
early,0.5,brier,Cent-XGB,50,0.1015403555333614,0.05145000185817476,0.05009035367518663,0.008124734225290059,0.09205597312508321,0.020307253108164766,2.433608869978343e-13,0.9764705882352941,lower,1.0,1.5088374993865727e-11,False,False
early,0.5,auroc,FedAvg-GCN,50,0.9600937499999997,0.9500859375,0.010007812499999992,-0.010675417299133861,0.030691042299133844,0.33564945901996407,0.00033513788849095247,0.5827450980392157,higher,1.0,0.010389274543219527,False,False
early,0.5,auprc,FedAvg-GCN,50,0.9759595103830234,0.9708330528810337,0.005126457501989772,-0.008641367139485014,0.018894282143464558,0.4578760107532279,0.0014846473444478647,0.5058823529411764,higher,1.0,0.04157012564454021,False,False
early,0.5,macro_f1,FedAvg-GCN,50,0.8907615425177182,0.8696740247594513,0.021087517758266852,-0.025014063242292127,0.06718909875882584,0.362489683173838,0.0002633034879499733,0.5929411764705882,higher,1.0,0.011585353469798824,False,False
early,0.5,brier,FedAvg-GCN,50,0.1015403555333614,0.09055729076266285,0.010983064770698546,-0.023111249039893568,0.04507737858129066,0.5204204849141585,0.0006983914307809869,0.5372549019607843,lower,1.0,0.015364611477181711,False,False
early,0.5,auroc,FedAvg-LR,50,0.9600937499999997,0.9629531250000001,-0.0028593750000000086,-0.02471373790718418,0.018994987907184166,0.7937083048593166,0.3367748707320549,-0.156078431372549,higher,1.0,1.0,False,False
early,0.5,auprc,FedAvg-LR,50,0.9759595103830234,0.9795090792568889,-0.0035495688738654894,-0.018588611657718558,0.011489473909987578,0.6373878221438307,0.10110987171644048,-0.26745098039215687,higher,1.0,1.0,False,False
early,0.5,macro_f1,FedAvg-LR,50,0.8907615425177182,0.8920022870330796,-0.0012407445153613005,-0.052972969444733446,0.05049148041401085,0.961754674854009,0.6666519727454681,-0.07137254901960784,higher,1.0,1.0,False,False
early,0.5,brier,FedAvg-LR,50,0.1015403555333614,0.07254334144294257,0.02899701409041882,-0.006701942612772127,0.06469597079360977,0.10902554186242658,1.9077969426462005e-08,0.8290196078431372,lower,1.0,7.058848687790942e-07,False,False
early,0.5,auroc,FedAvg-MLP,50,0.9600937499999997,0.9790703124999999,-0.018976562500000002,-0.038660683383700045,0.0007075583837000375,0.058479287157150096,6.09813797387626e-08,-0.88,higher,1.0,4.390659341190907e-06,False,False
early,0.5,auprc,FedAvg-MLP,50,0.9759595103830234,0.988221403829374,-0.012261893446350414,-0.02635026161486314,0.0018264747221623124,0.08654503130625814,2.0232171493717033e-10,-0.9043137254901961,higher,1.0,1.4971806905350604e-08,False,False
early,0.5,macro_f1,FedAvg-MLP,50,0.8907615425177182,0.9216772382521173,-0.030915695734399104,-0.07758504432090364,0.015753652852105435,0.18927565149786765,5.342015966597199e-06,-0.746938775510204,higher,1.0,0.0003312049899290264,False,False
early,0.5,brier,FedAvg-MLP,50,0.1015403555333614,0.05428597986698147,0.04725437566637993,0.010419824711322065,0.0840889266214378,0.012993472107471536,5.861977570020827e-14,0.9858823529411764,lower,0.8965495754155359,4.279243626115203e-12,False,False
early,0.5,auroc,FedAvg-SAGE,50,0.9600937499999997,0.9705039062499999,-0.010410156250000002,-0.026019769203726253,0.005199456703726249,0.1863621554998183,1.3382497803303881e-05,-0.7074509803921568,higher,1.0,0.0006022124011486747,False,False
early,0.5,auprc,FedAvg-SAGE,50,0.9759595103830234,0.9826366703872309,-0.006677160004207288,-0.018597030852553653,0.005242710844139077,0.2657740404493408,1.3667570399888973e-06,-0.7349019607843137,higher,1.0,6.013730975951148e-05,False,False
early,0.5,macro_f1,FedAvg-SAGE,50,0.8907615425177182,0.9045734638746248,-0.013811921356906565,-0.051648086293385354,0.024024243579572224,0.4666964143469363,0.0011808973495020985,-0.5434397163120568,higher,1.0,0.04841679132958604,False,False
early,0.5,brier,FedAvg-SAGE,50,0.1015403555333614,0.06891843251883979,0.03262192301452161,0.001026440681478967,0.06421740534756426,0.04327235760629243,3.6148861681795097e-12,0.9529411764705882,lower,1.0,1.9881873924987303e-10,False,False
early,0.5,auroc,FedEns-RF,50,0.9600937499999997,0.9825,-0.02240625000000001,-0.043555547679917844,-0.0012569523200821747,0.03830457731107724,1.7688270081367258e-08,-0.9152941176470588,higher,1.0,1.3973733364280134e-06,False,False
early,0.5,auprc,FedEns-RF,50,0.9759595103830234,0.9895915525126004,-0.013632042129576982,-0.029551308232708358,0.0022872239735543948,0.09158825599945149,1.616786704516926e-10,-0.9074509803921569,higher,1.0,1.2610936295232023e-08,False,False
early,0.5,macro_f1,FedEns-RF,50,0.8907615425177182,0.923438064653879,-0.032676522136160666,-0.07590554742593361,0.010552503153612273,0.13518299940018508,2.649707155910619e-07,-0.7741176470588236,higher,1.0,2.0137774384920704e-05,False,False
early,0.5,brier,FedEns-RF,50,0.1015403555333614,0.06155159941550861,0.039988756117852776,0.006670461422737771,0.07330705081296779,0.01966061950181563,3.0020430585864233e-13,0.9749019607843137,lower,1.0,1.7712054045659897e-11,False,False
early,0.5,auroc,FedEns-SVM,50,0.9600937499999997,0.9786953124999997,-0.0186015625,-0.041244340978478816,0.004041215978478816,0.10515237450232491,4.56005120045546e-07,-0.8196078431372549,higher,1.0,2.644829696264167e-05,False,False
early,0.5,auprc,FedEns-SVM,50,0.9759595103830234,0.9870052334329942,-0.011045723049970747,-0.029622661152160557,0.007531215052219063,0.23788547211134672,3.094002387626915e-08,-0.8196078431372549,higher,1.0,1.7945213848236108e-06,False,False
early,0.5,macro_f1,FedEns-SVM,50,0.8907615425177182,0.9232859776950556,-0.032524435177337316,-0.08326884465374827,0.01821997429907364,0.20378523907950016,1.3689999365717922e-05,-0.7210884353741497,higher,1.0,0.0008077099625773574,False,False
early,0.5,brier,FedEns-SVM,50,0.1015403555333614,0.061985479938855406,0.03955487559450599,0.005729226482295284,0.07338052470671669,0.02284833860783255,6.616929226765933e-12,0.9466666666666667,lower,1.0,3.440803197918285e-10,False,False
early,0.5,auroc,FedEns-XGB,50,0.9600937499999997,0.9699453125,-0.009851562500000004,-0.03133570139075404,0.011632576390754032,0.36130871986155705,0.0016763270390739628,-0.5105882352941177,higher,1.0,0.048613484133144924,False,False
early,0.5,auprc,FedEns-XGB,50,0.9759595103830234,0.9832966659137534,-0.007337155530730031,-0.023455080125630787,0.008780769064170725,0.36478016964616683,0.0004506016805585489,-0.5545098039215687,higher,1.0,0.013518050416756466,False,False
early,0.5,macro_f1,FedEns-XGB,50,0.8907615425177182,0.8970736749420247,-0.0063121324243064734,-0.05820996569610959,0.045585700847496635,0.8079285918727234,0.14780413771427342,-0.23755102040816325,higher,1.0,1.0,False,False
early,0.5,brier,FedEns-XGB,50,0.1015403555333614,0.06936299820592233,0.03217735732743907,-0.004560344915061652,0.06891505956993979,0.0846284001912619,1.4492140820721033e-09,0.8745098039215686,lower,1.0,5.941777736495624e-08,False,False
early,0.5,auroc,FedMatch-tab,50,0.9600937499999997,0.9794296874999999,-0.0193359375,-0.039685611141886346,0.0010137361418863441,0.06206595015914831,6.606825167651431e-08,-0.8865306122448979,higher,1.0,4.624777617356002e-06,False,False
early,0.5,auprc,FedMatch-tab,50,0.9759595103830234,0.9884251532095919,-0.012465642826568417,-0.02695860831919189,0.002027322666055058,0.09020150704510856,1.8094681308866711e-10,-0.9058823529411765,higher,1.0,1.37519577947387e-08,False,False
early,0.5,macro_f1,FedMatch-tab,50,0.8907615425177182,0.9212983058894342,-0.030536763371715805,-0.07622792217760577,0.015154395434174156,0.1854409277245838,4.969907924920669e-06,-0.7419607843137255,higher,1.0,0.00031310419927000217,False,False
early,0.5,brier,FedMatch-tab,50,0.1015403555333614,0.05393086995929474,0.04760948557406665,0.01044212648825188,0.08477684465988142,0.013122296673042906,7.638334409421077e-14,0.984313725490196,lower,0.8965495754155359,5.423217430688965e-12,False,False
early,0.5,auroc,FedProx-LR,50,0.9600937499999997,0.9627890625000001,-0.002695312500000009,-0.02475506282521196,0.019364437825211942,0.8070679914044369,0.3641406853083612,-0.14745098039215687,higher,1.0,1.0,False,False
early,0.5,auprc,FedProx-LR,50,0.9759595103830234,0.9795090017087769,-0.0035494913257535666,-0.018697324842084816,0.011598342190577683,0.63980861634965,0.11619549807268115,-0.2564705882352941,higher,1.0,1.0,False,False
early,0.5,macro_f1,FedProx-LR,50,0.8907615425177182,0.8936504780795275,-0.0028889355618092714,-0.05432136241612108,0.04854349129250253,0.9105893269338662,0.5148085516941183,-0.10745098039215686,higher,1.0,1.0,False,False
early,0.5,brier,FedProx-LR,50,0.1015403555333614,0.07263813264667984,0.028902222886681567,-0.007109084208073803,0.06491352998143693,0.11319780163923475,2.6378053519238165e-08,0.8227450980392157,lower,1.0,9.496099266925739e-07,False,False
early,0.5,auroc,FedST-XGB,50,0.9600937499999997,0.9670742187500001,-0.00698046875,-0.02926895850466703,0.015308021004667032,0.5320283783950772,0.020507990589788926,-0.3764705882352941,higher,1.0,0.43066780238556746,False,False
early,0.5,auprc,FedST-XGB,50,0.9759595103830234,0.9815637837847881,-0.005604273401764859,-0.022540564095840696,0.011332017292310976,0.5091843384912289,0.011529687649083797,-0.40705882352941175,higher,1.0,0.24641142849807807,False,False
early,0.5,macro_f1,FedST-XGB,50,0.8907615425177182,0.8981721162302047,-0.007410573712486328,-0.049940110932596156,0.035118963507623495,0.7277200231104108,0.15872079700104436,-0.22901960784313727,higher,1.0,1.0,False,False
early,0.5,brier,FedST-XGB,50,0.1015403555333614,0.07139329725539961,0.030147058277961793,-0.006466321725044768,0.06676043828096835,0.10438544395120296,1.260182003193222e-08,0.8368627450980393,lower,1.0,4.788691612134244e-07,False,False
early,0.5,auroc,Local-GCN,50,0.9600937499999997,0.9318359374999998,0.028257812499999993,-0.010480602894924446,0.06699622789492443,0.1490668749066736,7.584425616204083e-08,0.8824489795918368,higher,1.0,5.0147243863753e-06,False,False
early,0.5,auprc,Local-GCN,50,0.9759595103830234,0.9590971697090305,0.016862340673993174,-0.008821630442966358,0.04254631179095271,0.1931841676126089,8.403119267086367e-08,0.7992156862745098,higher,1.0,4.621715596897502e-06,False,False
early,0.5,macro_f1,Local-GCN,50,0.8907615425177182,0.8536242964449275,0.037137246072790814,-0.012033825048321775,0.0863083171939034,0.13549985206979576,1.1297758276218413e-07,0.8619607843137255,higher,1.0,9.038206620974732e-06,False,False
early,0.5,brier,Local-GCN,50,0.1015403555333614,0.10458454333245751,-0.0030441877990961073,-0.04271230017271216,0.03662392457451995,0.8780715401153019,0.8332778036429911,-0.03529411764705882,lower,1.0,1.0,False,False
early,0.5,auroc,Local-LR,50,0.9600937499999997,0.9497031249999999,0.010390624999999992,-0.01495544572688068,0.035736695726880666,0.4140306080656118,0.0010647956484885434,0.5371428571428571,higher,1.0,0.0319438694546563,False,False
early,0.5,auprc,Local-LR,50,0.9759595103830234,0.9706186663866962,0.005340843996327103,-0.014812201554632486,0.02549388954728669,0.5967409735844909,0.005579489549422334,0.4447058823529412,higher,1.0,0.13390774918613602,False,False
early,0.5,macro_f1,Local-LR,50,0.8907615425177182,0.8738984364625548,0.01686310605516341,-0.03455096718053121,0.06827717929085803,0.5129089828489963,0.006873043951985706,0.4392156862745098,higher,1.0,0.24055653831949972,False,False
early,0.5,brier,Local-LR,50,0.1015403555333614,0.08771339453756806,0.013826960995793343,-0.020040373707197433,0.04769429569878412,0.4159354269306616,0.002356807144249018,0.48549019607843136,lower,1.0,0.04242252859648232,False,False
early,0.5,auroc,Local-TGNN,50,0.9600937499999997,0.941453125,0.018640625000000008,-0.0151918309570694,0.052473080957069415,0.273607670196723,2.9313045066465934e-06,0.7673469387755102,higher,1.0,0.00014949652983897626,False,False
early,0.5,auprc,Local-TGNN,50,0.9759595103830234,0.9611559927989315,0.01480351758409208,-0.012526162573664906,0.042133197741849066,0.28169251593624,2.0039570713947796e-07,0.7803921568627451,higher,1.0,1.0620972478392332e-05,False,False
early,0.5,macro_f1,Local-TGNN,50,0.8907615425177182,0.8690587754215744,0.021702767096143934,-0.025669096374068372,0.06907463056635624,0.361738977010054,0.0002993734074072502,0.593469387755102,higher,1.0,0.012873056518511759,False,False
early,0.5,brier,Local-TGNN,50,0.1015403555333614,0.10866648219525811,-0.007126126661896702,-0.04411202842530021,0.029859775101506808,0.7002938648585175,0.2910353177271219,-0.17333333333333334,lower,1.0,1.0,False,False
early,0.5,auroc,RSCFed-tab,50,0.9600937499999997,0.979171875,-0.019078125000000005,-0.03938772848061737,0.0012314784806173595,0.06499245922789476,7.395338813144573e-08,-0.901595744680851,higher,1.0,5.0147243863753e-06,False,False
early,0.5,auprc,RSCFed-tab,50,0.9759595103830234,0.9883249394626601,-0.012365429079636638,-0.026866254156330947,0.002135395997057671,0.09291462790865318,1.8094681308866711e-10,-0.9058823529411765,higher,1.0,1.37519577947387e-08,False,False
early,0.5,macro_f1,RSCFed-tab,50,0.8907615425177182,0.9256917534038357,-0.03493021088611739,-0.07967108304788852,0.009810661275653734,0.12310222980196192,4.945666454148068e-08,-0.8101960784313725,higher,1.0,4.005989827859935e-06,False,False
early,0.5,brier,RSCFed-tab,50,0.1015403555333614,0.053882410563528486,0.047657944969832895,0.010433840464095415,0.08488204947557038,0.013165936635707795,7.638334409421077e-14,0.984313725490196,lower,0.8965495754155359,5.423217430688965e-12,False,False
early,0.7,auroc,Cent-GRAND,50,0.9534609374999999,0.9418125,0.011648437499999999,-0.009184377459950108,0.03248125245995011,0.2666442433805938,3.600532246721925e-05,0.6713725490196079,higher,1.0,0.0013321969312871124,False,False
early,0.7,auprc,Cent-GRAND,50,0.9724627331005807,0.9662132631271728,0.006249469973407977,-0.009513170072729466,0.02201211001954542,0.42944370861492615,0.000202796732962085,0.5843137254901961,higher,1.0,0.00648949545478672,False,False
early,0.7,macro_f1,Cent-GRAND,50,0.8737366287486722,0.866243655775736,0.007492972972936265,-0.04087829324128939,0.05586423918716192,0.7568975654875766,0.4407571178182137,0.12653061224489795,higher,1.0,1.0,False,False
early,0.7,brier,Cent-GRAND,50,0.11310687392950054,0.10342150732874866,0.00968536660075188,-0.022020251546078534,0.04139098474758229,0.5421337032366544,0.005579489549422334,0.4447058823529412,lower,1.0,0.08927183279075734,False,False
early,0.7,auroc,Cent-LR,50,0.9534609374999999,0.959375,-0.005914062500000001,-0.04176455987188826,0.029936434871888264,0.7416739509581396,0.5373710713345683,-0.10122448979591837,higher,1.0,1.0,False,False
early,0.7,auprc,Cent-LR,50,0.9724627331005807,0.9774632240884235,-0.0050004909878426165,-0.02796852480978308,0.017967542834097846,0.6636602159960365,0.20103473802823935,-0.20941176470588235,higher,1.0,1.0,False,False
early,0.7,macro_f1,Cent-LR,50,0.8737366287486722,0.8846181226596537,-0.010881493910981406,-0.07027573686768394,0.048512749045721136,0.7143322254560384,0.10511758904425997,-0.2687074829931973,higher,1.0,1.0,False,False
early,0.7,brier,Cent-LR,50,0.11310687392950054,0.07861103661358353,0.03449583731591702,0.00042438115859636666,0.06856729347323767,0.047320552540626795,1.1727507853720454e-11,0.9403921568627451,lower,1.0,5.629203769785818e-10,False,False
early,0.7,auroc,Cent-XGB,50,0.9534609374999999,0.9675546875,-0.01409375,-0.05056176687767489,0.022374266877674888,0.4411053876475492,0.004581612838282498,-0.46530612244897956,higher,1.0,0.11454032095706244,False,False
early,0.7,auprc,Cent-XGB,50,0.9724627331005807,0.9812819672504921,-0.008819234149911205,-0.03221250217413603,0.014574033874313616,0.4523141474528475,0.003099259960384515,-0.47294117647058825,higher,1.0,0.08058075896999739,False,False
early,0.7,macro_f1,Cent-XGB,50,0.8737366287486722,0.9011590581077003,-0.027422429359028014,-0.09220568489200581,0.037360826173949785,0.3991053312565474,0.001235703558341683,-0.5137254901960784,higher,1.0,0.049428142333667324,False,False
early,0.7,brier,Cent-XGB,50,0.11310687392950054,0.06926368035376068,0.04384319357573986,0.004749110007064392,0.08293727714441533,0.02872306591787929,7.65609797781508e-12,0.9450980392156862,lower,1.0,3.9046099686856905e-10,False,False
early,0.7,auroc,FedAvg-GCN,50,0.9534609374999999,0.94569140625,0.007769531250000008,-0.006186227547130364,0.02172529004713038,0.2686877128588285,2.908964445424839e-05,0.6792156862745098,higher,1.0,0.0011054064892614388,False,False
early,0.7,auprc,FedAvg-GCN,50,0.9724627331005807,0.9688516076456655,0.0036111254549153647,-0.006678763545402071,0.013901014455232799,0.48400083170127123,0.00015581408102782746,0.5937254901960785,higher,1.0,0.005141864673918306,False,False
early,0.7,macro_f1,FedAvg-GCN,50,0.8737366287486722,0.8716660552043131,0.0020705735443592023,-0.035566581780634224,0.03970772886935263,0.9124208666129914,0.6741068270823557,0.06972789115646258,higher,1.0,1.0,False,False
early,0.7,brier,FedAvg-GCN,50,0.11310687392950054,0.09508785255253312,0.01801902137696743,-0.009400764692840638,0.045438807446775496,0.1927697234247774,7.518488965629899e-06,0.6894117647058824,lower,1.0,0.00021051769103763718,False,False
early,0.7,auroc,FedAvg-LR,50,0.9534609374999999,0.957765625,-0.004304687499999995,-0.038063440399609946,0.029454065399609958,0.7988325787416036,0.6922555636055199,-0.06431372549019608,higher,1.0,1.0,False,False
early,0.7,auprc,FedAvg-LR,50,0.9724627331005807,0.9768687813907212,-0.004406048290140359,-0.025742593352585434,0.016930496772304716,0.6799663897340777,0.24908489906916564,-0.18901960784313726,higher,1.0,1.0,False,False
early,0.7,macro_f1,FedAvg-LR,50,0.8737366287486722,0.8836051194602744,-0.009868490711602156,-0.06392825943378787,0.04419127801058355,0.7153152399279785,0.12191043956726834,-0.25387755102040815,higher,1.0,1.0,False,False
early,0.7,brier,FedAvg-LR,50,0.11310687392950054,0.08183124318718907,0.031275630742311475,-0.0027374752072174477,0.0652887366918404,0.07066635577251583,2.2601653881793027e-10,0.9027450980392157,lower,1.0,1.0622777324442723e-08,False,False
early,0.7,auroc,FedAvg-MLP,50,0.9534609374999999,0.9718046875000002,-0.018343750000000002,-0.04999865246750092,0.013311152467500916,0.2498470211843736,7.409900912028768e-06,-0.7355102040816327,higher,1.0,0.00035567524377738084,False,False
early,0.7,auprc,FedAvg-MLP,50,0.9724627331005807,0.9843026147160363,-0.011839881615455582,-0.03229925486523412,0.008619491634322955,0.25048409171253905,3.9920236538648624e-07,-0.7647058823529411,higher,1.0,2.0359320634710798e-05,False,False
early,0.7,macro_f1,FedAvg-MLP,50,0.8737366287486722,0.9068024550556588,-0.0330658263069866,-0.09318851004605265,0.027056857432079445,0.27446538229021844,3.801371960321376e-06,-0.7082352941176471,higher,1.0,0.00024708917742088943,False,False
early,0.7,brier,FedAvg-MLP,50,0.11310687392950054,0.06383810494095082,0.04926876898854971,0.015714221629109494,0.08282331634798992,0.004852029673110977,1.7763568394002505e-14,0.9921568627450981,lower,0.38816237384887814,1.4033219031261979e-12,False,False
early,0.7,auroc,FedAvg-SAGE,50,0.9534609374999999,0.9631796875,-0.009718749999999998,-0.029329479037961077,0.00989197903796108,0.324185770544364,0.00010404619957524607,-0.6305882352941177,higher,1.0,0.0035375707855583665,False,False
early,0.7,auprc,FedAvg-SAGE,50,0.9724627331005807,0.9794101666358062,-0.006947433535225343,-0.020126102385330837,0.006231235314880151,0.2946152207064699,2.2310435863204248e-06,-0.7223529411764706,higher,1.0,9.370383062545784e-05,False,False
early,0.7,macro_f1,FedAvg-SAGE,50,0.8737366287486722,0.895889208985546,-0.0221525802368739,-0.05870063712317595,0.014395476649428147,0.2290385993613949,3.2685495505149176e-05,-0.6887755102040817,higher,1.0,0.0017977022527832047,False,False
early,0.7,brier,FedAvg-SAGE,50,0.11310687392950054,0.0785839137807488,0.034522960148751745,0.007147757816104865,0.06189816248139862,0.014513835551382056,1.2434497875801753e-13,0.9811764705882353,lower,0.9433993108398336,8.455458555545192e-12,False,False
early,0.7,auroc,FedEns-RF,50,0.9534609374999999,0.9749843750000001,-0.021523437499999996,-0.05163105933424308,0.008584184334243086,0.1571828650770382,2.370132556847648e-07,-0.8481632653061224,higher,1.0,1.4694821852455418e-05,False,False
early,0.7,auprc,FedEns-RF,50,0.9724627331005807,0.9853429172490002,-0.012880184148419582,-0.03296846219378659,0.007208093896947421,0.20362365169362098,7.546860913976161e-09,-0.8462745098039216,higher,1.0,4.67905376666522e-07,False,False
early,0.7,macro_f1,FedEns-RF,50,0.8737366287486722,0.9097855959034237,-0.03604896715475151,-0.07782278185948506,0.005724847549982037,0.08917494459791665,4.4587072187728465e-07,-0.8285714285714286,higher,1.0,3.165682125328721e-05,False,False
early,0.7,brier,FedEns-RF,50,0.11310687392950054,0.07666979450326453,0.036437079426236016,0.005647241405875261,0.06722691744659677,0.021343485591963755,8.842704346534447e-12,0.9435294117647058,lower,1.0,4.4213521732672234e-10,False,False
early,0.7,auroc,FedEns-SVM,50,0.9534609374999999,0.9746640624999999,-0.021203125000000003,-0.052787214043062025,0.010380964043062019,0.18351460439735726,6.807182902195701e-07,-0.8070588235294117,higher,1.0,3.743950596207635e-05,False,False
early,0.7,auprc,FedEns-SVM,50,0.9724627331005807,0.9855409116946666,-0.013078178594085636,-0.032756150979965794,0.006599793791794524,0.18785627798201382,4.440531498062228e-09,-0.855686274509804,higher,1.0,2.841940158759826e-07,False,False
early,0.7,macro_f1,FedEns-SVM,50,0.8737366287486722,0.9044058296959784,-0.030669200947306175,-0.08595514347786166,0.024616741583249318,0.27037954619892524,2.3103200062738022e-05,-0.6946938775510204,higher,1.0,0.0013168824035760672,False,False
early,0.7,brier,FedEns-SVM,50,0.11310687392950054,0.07787522406603316,0.03523164986346738,0.0058016934717229525,0.0646616062552118,0.01995893297633699,1.0192735544478637e-11,0.9419607843137255,lower,1.0,4.994440416794532e-10,False,False
early,0.7,auroc,FedEns-XGB,50,0.9534609374999999,0.9504960937499999,0.002964843749999999,-0.029034186451517247,0.034963873951517246,0.8530601333080352,0.49561961854323144,0.11183673469387755,higher,1.0,1.0,False,False
early,0.7,auprc,FedEns-XGB,50,0.9724627331005807,0.9723062389154897,0.00015649418509097846,-0.023277709843175686,0.02359069821335764,0.9893472093056034,0.8632650227005474,-0.029019607843137254,higher,1.0,1.0,False,False
early,0.7,macro_f1,FedEns-XGB,50,0.8737366287486722,0.8757581777883288,-0.0020215490396564206,-0.05133312101050249,0.04729002293118965,0.9346774550208298,0.7160933233749613,-0.0603921568627451,higher,1.0,1.0,False,False
early,0.7,brier,FedEns-XGB,50,0.11310687392950054,0.0906448591703511,0.022462014759149437,-0.014588886274032774,0.059512915792331644,0.22894364424448263,4.6469730756726335e-05,0.6345098039215686,lower,1.0,0.001254682730431611,False,False
early,0.7,auroc,FedMatch-tab,50,0.9534609374999999,0.9714609375000001,-0.018000000000000006,-0.04984119899506838,0.01384119899506837,0.2614724947334649,1.3666205210160794e-05,-0.7066666666666667,higher,1.0,0.0006022124011486747,False,False
early,0.7,auprc,FedMatch-tab,50,0.9724627331005807,0.9841222189365537,-0.011659485835972943,-0.032237470864583506,0.00891849919263762,0.2603958342325575,1.1326234101716182e-06,-0.7396078431372549,higher,1.0,5.096805345772282e-05,False,False
early,0.7,macro_f1,FedMatch-tab,50,0.8737366287486722,0.9070604346038874,-0.033323805855215216,-0.0933904620012351,0.026742850290804664,0.27034316324814145,1.4943422351077606e-05,-0.7035294117647058,higher,1.0,0.0008667184963625012,False,False
early,0.7,brier,FedMatch-tab,50,0.11310687392950054,0.06397819545119997,0.049128678478300575,0.015468742512805125,0.08278861444379602,0.005091555024897084,3.375077994860476e-14,0.9890196078431372,lower,0.3971412919419725,2.497557716196752e-12,False,False
early,0.7,auroc,FedProx-LR,50,0.9534609374999999,0.9582421875,-0.004781250000000003,-0.03853579162651479,0.028973291626514786,0.7771107253118371,0.6152498591645932,-0.08333333333333333,higher,1.0,1.0,False,False
early,0.7,auprc,FedProx-LR,50,0.9724627331005807,0.9771226839272461,-0.004659950826665402,-0.026107541305147662,0.016787639651816857,0.6643024309886886,0.1976349682926415,-0.21098039215686273,higher,1.0,1.0,False,False
early,0.7,macro_f1,FedProx-LR,50,0.8737366287486722,0.8837284324299073,-0.009991803681235019,-0.06634759845971432,0.046363991097244275,0.7231493404497412,0.14231459792438458,-0.24081632653061225,higher,1.0,1.0,False,False
early,0.7,brier,FedProx-LR,50,0.11310687392950054,0.08102390818297858,0.03208296574652196,-0.002511533960132123,0.06667746545317604,0.06836433439133273,4.3148595807451784e-10,0.8933333333333333,lower,1.0,1.9416868113353303e-08,False,False
early,0.7,auroc,FedST-XGB,50,0.9534609374999999,0.9477851562499998,0.005675781250000009,-0.025812086950596776,0.037163649450596796,0.7187363947456982,0.1941538112194463,0.21098039215686273,higher,1.0,1.0,False,False
early,0.7,auprc,FedST-XGB,50,0.9724627331005807,0.970771877761804,0.001690855338776831,-0.021310226415482313,0.024691937093035975,0.883163747744551,0.5852066143769612,0.09019607843137255,higher,1.0,1.0,False,False
early,0.7,macro_f1,FedST-XGB,50,0.8737366287486722,0.8770940293944947,-0.003357400645822359,-0.05113997848543255,0.044425177193787836,0.8882900459095838,0.39349457563481494,-0.1403921568627451,higher,1.0,1.0,False,False
early,0.7,brier,FedST-XGB,50,0.11310687392950054,0.09453452824770588,0.018572345681794646,-0.018183600590365327,0.05532829195395462,0.3148959985425741,0.0004885945525092694,0.5513725490196079,lower,1.0,0.011726269260222466,False,False
early,0.7,auroc,Local-GCN,50,0.9534609374999999,0.921875,0.031585937499999994,-0.006939595614336602,0.07011147061433659,0.1058354459132961,4.1779933805864713e-08,0.8909803921568628,higher,1.0,3.049935167828124e-06,False,False
early,0.7,auprc,Local-GCN,50,0.9724627331005807,0.9528586585370256,0.01960407456355519,-0.008398551907620445,0.04760670103473083,0.1657792464447141,1.192391962945294e-09,0.8776470588235294,higher,1.0,8.227504544322528e-08,False,False
early,0.7,macro_f1,Local-GCN,50,0.8737366287486722,0.8380509026131597,0.03568572613551268,-0.022263313356157305,0.09363476562718266,0.22179120280690093,4.120918948102154e-06,0.7636054421768708,higher,1.0,0.00026373881267853787,False,False
early,0.7,brier,Local-GCN,50,0.11310687392950054,0.11739009819924828,-0.004283224269747736,-0.04535238674645667,0.0367859382069612,0.8348609134624921,0.9466061989829431,-0.011764705882352941,lower,1.0,1.0,False,False
early,0.7,auroc,Local-LR,50,0.9534609374999999,0.9370000000000002,0.016460937499999998,-0.011497704348069345,0.04441957934806934,0.24245528059827848,1.6654278185090472e-05,0.6996078431372549,higher,1.0,0.0007161339619588903,False,False
early,0.7,auprc,Local-LR,50,0.9724627331005807,0.963294482246328,0.009168250854252777,-0.012258780162803863,0.030595281871309415,0.3940526514580507,7.155652345502972e-05,0.6203921568627451,higher,1.0,0.0024329217974710104,False,False
early,0.7,macro_f1,Local-LR,50,0.8737366287486722,0.8520632280061307,0.021673400742541468,-0.025669143350294812,0.06901594483537775,0.36208878729394717,0.001642125243437951,0.516734693877551,higher,1.0,0.06404288449408009,False,False
early,0.7,brier,Local-LR,50,0.11310687392950054,0.10130795449018475,0.0117989194393158,-0.018587940107725708,0.04218577898635731,0.43896850813077054,0.0036632546526647047,0.46509803921568627,lower,1.0,0.06227532909529998,False,False
early,0.7,auroc,Local-TGNN,50,0.9534609374999999,0.914078125,0.039382812499999996,-0.020023716845133953,0.09878934184513394,0.18895014168365856,3.5447552647136113e-08,0.8956862745098039,higher,1.0,2.6585664485352085e-06,False,False
early,0.7,auprc,Local-TGNN,50,0.9724627331005807,0.9409063065346502,0.031556426565930475,-0.024370569277734976,0.08748342240959592,0.262358186017192,1.0490046520317264e-07,0.7945098039215687,higher,1.0,5.664625120971323e-06,False,False
early,0.7,macro_f1,Local-TGNN,50,0.8737366287486722,0.8363591731863336,0.03737745556233864,-0.024422713218933988,0.09917762434361127,0.23003186596438793,2.4929161588173582e-05,0.6989795918367347,higher,1.0,0.0013960330489377205,False,False
early,0.7,brier,Local-TGNN,50,0.11310687392950054,0.13632640868425366,-0.023219534754753114,-0.08010286247606721,0.03366379296656099,0.41601773736886616,0.02122367163684835,-0.37254901960784315,lower,1.0,0.27590773127902857,False,False
early,0.7,auroc,RSCFed-tab,50,0.9534609374999999,0.9713046875000001,-0.01784375,-0.04906654833633667,0.013379048336336671,0.2563515345795479,1.7774435220723718e-05,-0.6972549019607843,higher,1.0,0.0007287518440496724,False,False
early,0.7,auprc,RSCFed-tab,50,0.9724627331005807,0.984034368067647,-0.011571634967066256,-0.031666969958763294,0.008523700024630784,0.2528058291858291,7.239255257474042e-07,-0.7505882352941177,higher,1.0,3.5472350761622806e-05,False,False
early,0.7,macro_f1,RSCFed-tab,50,0.8737366287486722,0.9047076471561099,-0.030971018407437673,-0.09699212939985945,0.03505009258498411,0.35045551063085983,3.633577416550793e-05,-0.6423529411764706,higher,1.0,0.001962131804937428,False,False
early,0.7,brier,RSCFed-tab,50,0.11310687392950054,0.06469494014978404,0.048411933779716504,0.01463681917643312,0.0821870483829999,0.005875299384383003,5.861977570020827e-14,0.9858823529411764,lower,0.4523980525974913,4.279243626115203e-12,False,False
early,0.8,auroc,Cent-GRAND,50,0.9427968750000001,0.9320664062499999,0.010730468749999984,-0.025442556234782372,0.046903493734782344,0.553834983455572,0.011792957210177576,0.4175170068027211,higher,1.0,0.27123801583408425,False,False
early,0.8,auprc,Cent-GRAND,50,0.9666033451581005,0.9581388179494,0.008464527208700326,-0.014478556913047084,0.031407611330447734,0.46198696527713884,0.007380741603101981,0.43058823529411766,higher,1.0,0.16975705687134557,False,False
early,0.8,macro_f1,Cent-GRAND,50,0.8640161490205576,0.8565479517212995,0.0074681972992582035,-0.051841053416987595,0.066777448015504,0.8012921279988071,0.1998187439650413,0.21258503401360543,higher,1.0,1.0,False,False
early,0.8,brier,Cent-GRAND,50,0.12477127030491825,0.11419064745306966,0.010580622851848605,-0.03777565091435884,0.058936896618056046,0.6620831508005613,0.0018425334424101436,0.4964705882352941,lower,1.0,0.03500813540579273,False,False
early,0.8,auroc,Cent-LR,50,0.9427968750000001,0.9564921875,-0.0136953125,-0.04552291098357905,0.01813228598357905,0.39140961247373,0.002141920219019758,-0.4988235294117647,higher,1.0,0.057831845913533464,False,False
early,0.8,auprc,Cent-LR,50,0.9666033451581005,0.9759117871822667,-0.009308442024166322,-0.027187751837980983,0.00857086778964834,0.30058488289206964,5.639617199193481e-05,-0.6282352941176471,higher,1.0,0.0019738660197177182,False,False
early,0.8,macro_f1,Cent-LR,50,0.8640161490205576,0.8779502523028831,-0.013934103282325664,-0.07509231071947979,0.04722410415482846,0.649080114237856,0.1296272121245807,-0.24627450980392157,higher,1.0,1.0,False,False
early,0.8,brier,Cent-LR,50,0.12477127030491825,0.08093636900186535,0.04383490130305292,0.0036247163531740734,0.08404508625293176,0.03325820875376207,4.218847493575595e-12,0.9513725490196079,lower,1.0,2.2781776465308212e-10,False,False
early,0.8,auroc,Cent-XGB,50,0.9427968750000001,0.95072265625,-0.007925781249999994,-0.040568630156828586,0.0247170676568286,0.6277750660972855,0.0645089554349926,-0.3003921568627451,higher,1.0,1.0,False,False
early,0.8,auprc,Cent-XGB,50,0.9666033451581005,0.9726466582388328,-0.006043313080732442,-0.025211007205409294,0.013124381043944408,0.5292938174069666,0.016637745581261854,-0.38666666666666666,higher,1.0,0.3161171660439752,False,False
early,0.8,macro_f1,Cent-XGB,50,0.8640161490205576,0.8764932436355768,-0.012477094615019162,-0.06585629802861326,0.04090210879857493,0.6406337299435189,0.08226751834101265,-0.2831372549019608,higher,1.0,1.0,False,False
early,0.8,brier,Cent-XGB,50,0.12477127030491825,0.08441284488886591,0.04035842541605235,-0.0005937340861248905,0.0813105849182296,0.0532830524873303,1.3149694666481082e-09,0.876078431372549,lower,1.0,5.5228717599220545e-08,False,False
early,0.8,auroc,FedAvg-GCN,50,0.9427968750000001,0.9382421875,0.004554687499999983,-0.020421791035669247,0.029531166035669215,0.7155963423709367,0.07104258262386867,0.29333333333333333,higher,1.0,1.0,False,False
early,0.8,auprc,FedAvg-GCN,50,0.9666033451581005,0.9639893449342233,0.002614000223877069,-0.012461655554060237,0.017689656001814377,0.7289990454361585,0.06780369678404519,0.2972549019607843,higher,1.0,1.0,False,False
early,0.8,macro_f1,FedAvg-GCN,50,0.8640161490205576,0.8590564042851018,0.004959744735455842,-0.04775208663399655,0.05767157610490824,0.8508077673568727,0.5117637478221086,0.1099290780141844,higher,1.0,1.0,False,False
early,0.8,brier,FedAvg-GCN,50,0.12477127030491825,0.10322745889425271,0.021543811410665536,-0.012001225838059331,0.0550888486593904,0.20289206898869905,2.5156639491541455e-06,0.7192156862745098,lower,1.0,7.295425452547022e-05,False,False
early,0.8,auroc,FedAvg-LR,50,0.9427968750000001,0.9500703125,-0.007273437499999997,-0.036179850007173095,0.0216329750071731,0.6153697585161965,0.07496541837176689,-0.2922448979591837,higher,1.0,1.0,False,False
early,0.8,auprc,FedAvg-LR,50,0.9666033451581005,0.9723669433288006,-0.005763598170700235,-0.023374148332350263,0.01184695199094979,0.5138116232114331,0.023585311964122724,-0.36627450980392157,higher,1.0,0.4009503033900863,False,False
early,0.8,macro_f1,FedAvg-LR,50,0.8640161490205576,0.8738819202801831,-0.009865771259625383,-0.055337237370467335,0.03560569485121658,0.6647445078660362,0.12432832661958342,-0.2522448979591837,higher,1.0,1.0,False,False
early,0.8,brier,FedAvg-LR,50,0.12477127030491825,0.08883185893297192,0.035939411371946346,-0.0023816424038777192,0.0742604651477704,0.06541131026479588,4.3148595807451784e-10,0.8933333333333333,lower,1.0,1.9416868113353303e-08,False,False
early,0.8,auroc,FedAvg-MLP,50,0.9427968750000001,0.9640859374999999,-0.0212890625,-0.05449940576153969,0.011921280761539695,0.20372214413707374,3.44771178626711e-07,-0.8282352941176471,higher,1.0,2.103104189622937e-05,False,False
early,0.8,auprc,FedAvg-MLP,50,0.9666033451581005,0.9800895372018084,-0.013486192043708059,-0.03322938228575259,0.0062569981983364754,0.1760953940607236,1.4492140820721033e-09,-0.8745098039215686,higher,1.0,9.854655758090303e-08,False,False
early,0.8,macro_f1,FedAvg-MLP,50,0.8640161490205576,0.8894598097225733,-0.02544366070201565,-0.09116733792173679,0.04028001651770549,0.4403279780411896,0.005773517845892141,-0.4530612244897959,higher,1.0,0.20784664245211706,False,False
early,0.8,brier,FedAvg-MLP,50,0.12477127030491825,0.07462349198758599,0.05014777831733227,0.0056661353181508695,0.09462942131651367,0.027933019674028194,1.2434497875801753e-13,0.9811764705882353,lower,1.0,8.455458555545192e-12,False,False
early,0.8,auroc,FedAvg-SAGE,50,0.9427968750000001,0.9533515625,-0.010554687500000009,-0.03534192144647352,0.014232546446473508,0.39632876139697293,5.970927947148671e-05,-0.6587755102040816,higher,1.0,0.002089824781502035,False,False
early,0.8,auprc,FedAvg-SAGE,50,0.9666033451581005,0.9734063840117849,-0.006803038853684534,-0.021109493507967717,0.007503415800598651,0.34396634936822706,3.38235121510877e-06,-0.7113725490196079,higher,1.0,0.00013867639981945956,False,False
early,0.8,macro_f1,FedAvg-SAGE,50,0.8640161490205576,0.8777086576934306,-0.013692508672872911,-0.05841588415229908,0.03103086680655326,0.5412356738230809,0.03453081197041463,-0.3427450980392157,higher,1.0,1.0,False,False
early,0.8,brier,FedAvg-SAGE,50,0.12477127030491825,0.09284897882491347,0.0319222914800048,0.0021057728143623645,0.061738810145647235,0.03639269429885419,9.769962616701378e-14,0.9827450980392157,lower,1.0,6.7412742055239505e-12,False,False
early,0.8,auroc,FedEns-RF,50,0.9427968750000001,0.9642617187500001,-0.021464843750000007,-0.04901973939055977,0.006090051890559757,0.1239185065644265,1.0983990526984436e-07,-0.8627450980392157,higher,1.0,7.029753937270039e-06,False,False
early,0.8,auprc,FedEns-RF,50,0.9666033451581005,0.9792558985153421,-0.0126525533572417,-0.029793608137274268,0.0044885014227908655,0.1443843657908573,1.0642100534141719e-08,-0.84,higher,1.0,6.278839315143614e-07,False,False
early,0.8,macro_f1,FedEns-RF,50,0.8640161490205576,0.8938835029381154,-0.029867353917557727,-0.08755371071894162,0.02781900288382617,0.30323025533779807,0.00025655038305573007,-0.6,higher,1.0,0.011544767237507853,False,False
early,0.8,brier,FedEns-RF,50,0.12477127030491825,0.08811684898102438,0.03665442132389387,-0.0006858489954800415,0.07399469164326777,0.05419001203504354,2.2601653881793027e-10,0.9027450980392157,lower,1.0,1.0622777324442723e-08,False,False
early,0.8,auroc,FedEns-SVM,50,0.9427968750000001,0.9650468750000002,-0.022249999999999995,-0.05484960241474099,0.010349602414740994,0.176441604205592,1.431736905499615e-07,-0.8549019607843137,higher,1.0,9.019942504647574e-06,False,False
early,0.8,auprc,FedEns-SVM,50,0.9666033451581005,0.978178323308304,-0.011574978150203565,-0.036611623676799016,0.013461667376391883,0.357407375379036,4.578190981874286e-08,-0.8117647058823529,higher,1.0,2.609568859668343e-06,False,False
early,0.8,macro_f1,FedEns-SVM,50,0.8640161490205576,0.8930008162544725,-0.028984667233915015,-0.08033352758710169,0.022364193119271656,0.26217251848795564,0.00015068204538464785,-0.6220408163265306,higher,1.0,0.007089122930926703,False,False
early,0.8,brier,FedEns-SVM,50,0.12477127030491825,0.0921279016498986,0.032643368655019656,-0.01012602586950119,0.0754127631795405,0.13151311383566922,5.572207957271758e-07,0.7568627450980392,lower,1.0,1.7831065463269624e-05,False,False
early,0.8,auroc,FedEns-XGB,50,0.9427968750000001,0.93484765625,0.007949218750000007,-0.021322788809265397,0.037221226309265415,0.587728930527327,0.0456817840473183,0.3247058823529412,higher,1.0,0.8679538968990477,False,False
early,0.8,auprc,FedEns-XGB,50,0.9666033451581005,0.9640006485161314,0.002602696641968818,-0.016369891218262385,0.021575284502200018,0.7839551045413248,0.18444897927691706,0.2172549019607843,higher,1.0,1.0,False,False
early,0.8,macro_f1,FedEns-XGB,50,0.8640161490205576,0.8598829354899574,0.004133213530600315,-0.04749904135603511,0.055765468417235745,0.8728583853252647,0.645875956795086,0.07607843137254902,higher,1.0,1.0,False,False
early,0.8,brier,FedEns-XGB,50,0.12477127030491825,0.10594831006842183,0.01882296023649642,-0.02284084742315,0.06048676789614284,0.3683799721488656,0.0005966978973450665,0.5435294117647059,lower,1.0,0.01372405163893653,False,False
early,0.8,auroc,FedMatch-tab,50,0.9427968750000001,0.963453125,-0.02065624999999999,-0.05435132059671495,0.013038820596714972,0.22385094063407007,1.4562001042209389e-06,-0.7827450980392157,higher,1.0,7.572240541948882e-05,False,False
early,0.8,auprc,FedMatch-tab,50,0.9666033451581005,0.9797357577946525,-0.01313241263655215,-0.032925589268212194,0.0066607639951078955,0.18859360606254416,4.440531498062228e-09,-0.855686274509804,higher,1.0,2.841940158759826e-07,False,False
early,0.8,macro_f1,FedMatch-tab,50,0.8640161490205576,0.889801264897204,-0.025785115876646444,-0.08850564100185666,0.03693540924856377,0.4127185641457806,0.0018425334424101436,-0.4964705882352941,higher,1.0,0.07001627081158546,False,False
early,0.8,brier,FedMatch-tab,50,0.12477127030491825,0.07425638727843757,0.05051488302648069,0.005889770144907491,0.09513999590805389,0.027330511044584376,1.5631940186722204e-13,0.9796078431372549,lower,1.0,1.0317080523236655e-11,False,False
early,0.8,auroc,FedProx-LR,50,0.9427968750000001,0.95059375,-0.0077968749999999965,-0.03649711379154399,0.020903363791543998,0.5875890701306004,0.050036735111712,-0.3184313725490196,higher,1.0,0.900661232010816,False,False
early,0.8,auprc,FedProx-LR,50,0.9666033451581005,0.972645508457003,-0.006042163298902552,-0.023549190116587716,0.011464863518782613,0.4912327164838217,0.011200519477185367,-0.40862745098039216,higher,1.0,0.24641142849807807,False,False
early,0.8,macro_f1,FedProx-LR,50,0.8640161490205576,0.8758444089280227,-0.011828259907465034,-0.06144080710367564,0.03778428728874557,0.6339929626341958,0.07395602411280144,-0.2909803921568627,higher,1.0,1.0,False,False
early,0.8,brier,FedProx-LR,50,0.12477127030491825,0.0881960183382034,0.03657525196671487,-0.001907484016862998,0.07505798795029274,0.06200005601567373,5.897913268881894e-10,0.8886274509803922,lower,1.0,2.5361027056192142e-08,False,False
early,0.8,auroc,FedST-XGB,50,0.9427968750000001,0.9347226562500001,0.00807421874999999,-0.018317414670876227,0.03446585217087621,0.5415271224646063,0.03166382674029229,0.3526530612244898,higher,1.0,0.6332765348058458,False,False
early,0.8,auprc,FedST-XGB,50,0.9666033451581005,0.9633048642444164,0.003298480913684101,-0.013150098366062794,0.019747060193430994,0.6887115562150552,0.13045894629165566,0.24705882352941178,higher,1.0,1.0,False,False
early,0.8,macro_f1,FedST-XGB,50,0.8640161490205576,0.8620459812485479,0.0019701677720097097,-0.06041983537954846,0.06436017092356788,0.9496592647307203,0.7209620046208256,0.05803921568627451,higher,1.0,1.0,False,False
early,0.8,brier,FedST-XGB,50,0.12477127030491825,0.11176349991114248,0.013007770393775786,-0.028548143041808825,0.054563683829360395,0.5322483773454216,0.011200519477185367,0.40862745098039216,lower,1.0,0.1680077921577805,False,False
early,0.8,auroc,Local-GCN,50,0.9427968750000001,0.9087578125,0.034039062499999995,-0.013334308362583702,0.08141243336258369,0.1551211392559271,9.126569855185764e-08,0.8682352941176471,higher,1.0,5.9322704058707465e-06,False,False
early,0.8,auprc,Local-GCN,50,0.9666033451581005,0.9442489675946171,0.022354377563483466,-0.010324767554693252,0.05503352268166019,0.1754902371370461,8.22989321136447e-09,0.8447058823529412,higher,1.0,5.020234858932326e-07,False,False
early,0.8,macro_f1,Local-GCN,50,0.8640161490205576,0.8258794094193601,0.038136739601197484,-0.034293541099100974,0.11056702030149594,0.2951973076782369,0.00014769006106097297,0.6292517006802721,higher,1.0,0.007089122930926703,False,False
early,0.8,brier,Local-GCN,50,0.12477127030491825,0.12839224249124523,-0.003620972186326982,-0.05453296259158009,0.047291018218926124,0.886935227269961,0.6806447467771797,0.06823529411764706,lower,1.0,1.0,False,False
early,0.8,auroc,Local-LR,50,0.9427968750000001,0.921828125,0.020968750000000008,-0.015718939093811765,0.05765643909381178,0.25631060310319526,1.666560277023768e-05,0.6996078431372549,higher,1.0,0.0007161339619588903,False,False
early,0.8,auprc,Local-LR,50,0.9666033451581005,0.9516158220369699,0.014987523121130431,-0.022469852205892902,0.05244489844815377,0.42523731035414225,4.6469730756726335e-05,0.6345098039215686,higher,1.0,0.001672910307242148,False,False
early,0.8,macro_f1,Local-LR,50,0.8640161490205576,0.8374108612027815,0.02660528781777613,-0.023681187402186797,0.07689176303773906,0.2928963708546899,0.00011374680137699045,0.6047058823529412,higher,1.0,0.005687340068849522,False,False
early,0.8,brier,Local-LR,50,0.12477127030491825,0.1096265863627195,0.015144683942198757,-0.021107917559615295,0.05139728544401281,0.40526116421665465,0.001715436079566146,0.4996078431372549,lower,1.0,0.03430872159132292,False,False
early,0.8,auroc,Local-TGNN,50,0.9427968750000001,0.892078125,0.05071874999999999,-0.024819302347688033,0.12625680234768802,0.1834440199928736,7.374594685846029e-08,0.8745098039215686,higher,1.0,5.0147243863753e-06,False,False
early,0.8,auprc,Local-TGNN,50,0.9666033451581005,0.9202364059367705,0.04636693922133007,-0.03175935053904034,0.12449322898170048,0.2387473210327806,1.616786704516926e-10,0.9074509803921569,higher,1.0,1.2610936295232023e-08,False,False
early,0.8,macro_f1,Local-TGNN,50,0.8640161490205576,0.8182300662151607,0.045786082805396845,-0.03470135814310676,0.12627352375390044,0.2585239348908366,3.737202715487217e-05,0.676734693877551,higher,1.0,0.001980717439208225,False,False
early,0.8,brier,Local-TGNN,50,0.12477127030491825,0.15619917839765546,-0.03142790809273719,-0.09068336376134353,0.027827547575869152,0.2917204138982805,0.0001858580190070569,-0.5874509803921568,lower,1.0,0.004646450475176422,False,False
early,0.8,auroc,RSCFed-tab,50,0.9427968750000001,0.964109375,-0.0213125,-0.05449947370852044,0.011874473708520437,0.20292021200582663,3.628992249739861e-07,-0.8266666666666667,higher,1.0,2.1773953498439164e-05,False,False
early,0.8,auprc,RSCFed-tab,50,0.9666033451581005,0.980030027518826,-0.013426682360725443,-0.033232114577010585,0.006378749855559701,0.1793171174951594,2.5633326572460646e-09,-0.8650980392156863,higher,1.0,1.7174328803548633e-07,False,False
early,0.8,macro_f1,RSCFed-tab,50,0.8640161490205576,0.8950634605883345,-0.031047311567776764,-0.09491516845315491,0.03282054531760138,0.33342179634853736,0.0002409992117797799,-0.5780392156862745,higher,1.0,0.011085963741869875,False,False
early,0.8,brier,RSCFed-tab,50,0.12477127030491825,0.0740161274373531,0.05075514286756516,0.006308878351157218,0.0952014073839731,0.026065827673025586,1.5631940186722204e-13,0.9796078431372549,lower,1.0,1.0317080523236655e-11,False,False
gdm_diag,0.1,auroc,Cent-GRAND,15,0.9917711251412542,0.9957284314296613,-0.00395730628840687,-0.00712196245053074,-0.0007926501262829999,0.017875792769341453,0.00018310546875,-0.9666666666666667,higher,1.0,0.00897216796875,False,False
gdm_diag,0.1,auprc,Cent-GRAND,15,0.9864354151477147,0.9934892240851166,-0.007053808937401847,-0.013741658045371316,-0.0003659598294323777,0.040123436027079,0.00030517578125,-0.95,higher,1.0,0.01556396484375,False,False
gdm_diag,0.1,macro_f1,Cent-GRAND,15,0.9663594215893191,0.9673397158135402,-0.0009802942242206792,-0.010783304197480515,0.008822715749039155,0.8332675279798643,0.803955078125,-0.08333333333333333,higher,1.0,1.0,False,False
gdm_diag,0.1,brier,Cent-GRAND,15,0.029388236999511663,0.021501285334428098,0.007886951665083568,-0.0013484444789694516,0.017122347809136587,0.08836490360889335,6.103515625e-05,1.0,lower,1.0,0.00518798828125,False,False
gdm_diag,0.1,auroc,Cent-LR,15,0.9917711251412542,0.9854731067437313,0.0062980183975228565,0.002920944829551325,0.009675091965494388,0.0013163459269853114,6.103515625e-05,1.0,higher,0.1039913282318396,0.00518798828125,False,False
gdm_diag,0.1,auprc,Cent-LR,15,0.9864354151477147,0.9761682842929282,0.010267130854786581,0.002769756850394124,0.017764504859179037,0.010817808314526901,0.0001220703125,0.9833333333333333,higher,0.7031575404442486,0.00732421875,False,False
gdm_diag,0.1,macro_f1,Cent-LR,15,0.9663594215893191,0.9657882575756099,0.0005711640137094243,-0.006944736295091247,0.008087064322510096,0.8728547645332179,0.45428466796875,0.23333333333333334,higher,1.0,1.0,False,False
gdm_diag,0.1,brier,Cent-LR,15,0.029388236999511663,0.027995766450961388,0.0013924705485502803,-0.00734754111417625,0.01013248221127681,0.7376438619597425,0.846923828125,0.06666666666666667,lower,1.0,1.0,False,False
gdm_diag,0.1,auroc,Cent-XGB,15,0.9917711251412542,0.997666397655799,-0.005895272514544603,-0.009449048078378382,-0.002341496950710825,0.0031508857940989424,6.103515625e-05,-1.0,higher,0.23316554876332174,0.00518798828125,False,False
gdm_diag,0.1,auprc,Cent-XGB,15,0.9864354151477147,0.9966842724423978,-0.010248857294683092,-0.015942449626878005,-0.00455526496248818,0.0017304414045108249,6.103515625e-05,-1.0,higher,0.13578408883899679,0.00518798828125,False,False
gdm_diag,0.1,macro_f1,Cent-XGB,15,0.9663594215893191,0.9693376299142112,-0.0029782083248919957,-0.012468607550253495,0.006512190900469505,0.5118662323050639,0.0946044921875,-0.5,higher,1.0,1.0,False,False
gdm_diag,0.1,brier,Cent-XGB,15,0.029388236999511663,0.02186598591506477,0.0075222510844469,-0.004216780611839572,0.01926128278073337,0.19093293832129618,0.0001220703125,0.9833333333333333,lower,1.0,0.0093994140625,False,False
gdm_diag,0.1,auroc,FedAvg-GCN,15,0.9917711251412542,0.9935640650518924,-0.0017929399106381952,-0.004482394568021775,0.0008965147467453851,0.17470085200788454,0.0067138671875,-0.7666666666666667,higher,1.0,0.201416015625,False,False
gdm_diag,0.1,auprc,FedAvg-GCN,15,0.9864354151477147,0.9906321904390404,-0.0041967752913255755,-0.011008490680901397,0.002614940098250247,0.2075481359920358,0.01507568359375,-0.7,higher,1.0,0.482421875,False,False
gdm_diag,0.1,macro_f1,FedAvg-GCN,15,0.9663594215893191,0.9677195112663846,-0.0013600896770652978,-0.010751582272697544,0.008031402918566948,0.7606724585176917,0.803955078125,-0.08333333333333333,higher,1.0,1.0,False,False
gdm_diag,0.1,brier,FedAvg-GCN,15,0.029388236999511663,0.0229713850965102,0.006416851903001467,-0.004416585095965118,0.01725028890196805,0.2246498418541434,0.0042724609375,0.8,lower,1.0,0.22216796875,False,False
gdm_diag,0.1,auroc,FedAvg-LR,15,0.9917711251412542,0.9840449169593438,0.00772620818191044,0.0032858622717256277,0.012166554092095251,0.0022317312103805292,6.103515625e-05,1.0,higher,0.17407503440968128,0.00518798828125,False,False
gdm_diag,0.1,auprc,FedAvg-LR,15,0.9864354151477147,0.9749305112468758,0.011504903900838767,0.0036353892128605965,0.019374418588816937,0.007297695449756532,6.103515625e-05,1.0,higher,0.5108386814829573,0.00518798828125,False,False
gdm_diag,0.1,macro_f1,FedAvg-LR,15,0.9663594215893191,0.9640066595880186,0.0023527620013008566,-0.006134738888370484,0.010840262890972197,0.5616359815030173,0.1353759765625,0.45,higher,1.0,1.0,False,False
gdm_diag,0.1,brier,FedAvg-LR,15,0.029388236999511663,0.030419352029760635,-0.0010311150302489659,-0.013303377382712115,0.011241147322214184,0.8595741386960245,0.48870849609375,-0.21666666666666667,lower,1.0,1.0,False,False
gdm_diag,0.1,auroc,FedAvg-MLP,15,0.9917711251412542,0.9925689653443495,-0.0007978402030952421,-0.0033550116574360064,0.001759331251245522,0.5142679485858505,0.15142822265625,-0.43333333333333335,higher,1.0,1.0,False,False
gdm_diag,0.1,auprc,FedAvg-MLP,15,0.9864354151477147,0.9883064917198574,-0.0018710765721427084,-0.00860311484017924,0.004860961695893824,0.5606145076786048,0.207763671875,-0.38333333333333336,higher,1.0,1.0,False,False
gdm_diag,0.1,macro_f1,FedAvg-MLP,15,0.9663594215893191,0.9686646789216117,-0.0023052573322923948,-0.01106280443580486,0.00645228977122007,0.5812970177351289,0.27685546875,-0.3333333333333333,higher,1.0,1.0,False,False
gdm_diag,0.1,brier,FedAvg-MLP,15,0.029388236999511663,0.024108646810054733,0.005279590189456934,-0.007216932945266845,0.017776113324180713,0.3801932333476999,0.01507568359375,0.7,lower,1.0,0.64825439453125,False,False
gdm_diag,0.1,auroc,FedAvg-SAGE,15,0.9917711251412542,0.9908363138533961,0.0009348112878581726,-0.0012344656537189153,0.0031040882294352604,0.37100911768192046,0.063720703125,0.55,higher,1.0,1.0,False,False
gdm_diag,0.1,auprc,FedAvg-SAGE,15,0.9864354151477147,0.9852658007451033,0.0011696144026114444,-0.004738743144157912,0.007077971949380801,0.6775950206702922,0.389404296875,0.26666666666666666,higher,1.0,1.0,False,False
gdm_diag,0.1,macro_f1,FedAvg-SAGE,15,0.9663594215893191,0.9651112560054064,0.001248165583912823,-0.007921967819518571,0.010418298987344218,0.7746203890904724,0.42120361328125,0.25,higher,1.0,1.0,False,False
gdm_diag,0.1,brier,FedAvg-SAGE,15,0.029388236999511663,0.027783607318997337,0.0016046296805143274,-0.008544713410190502,0.011753972771219156,0.7395710373634287,0.30279541015625,0.31666666666666665,lower,1.0,1.0,False,False
gdm_diag,0.1,auroc,FedEns-RF,15,0.9917711251412542,0.9981373572560351,-0.006366232114780867,-0.009662961969002258,-0.0030695022605594768,0.0009974893778507568,6.103515625e-05,-1.0,higher,0.0807966396059113,0.00518798828125,False,False
gdm_diag,0.1,auprc,FedEns-RF,15,0.9864354151477147,0.9971962042609961,-0.010760789113281303,-0.01617299293409709,-0.0053485852924655165,0.0007859519645303879,6.103515625e-05,-1.0,higher,0.06680591698508297,0.00518798828125,False,False
gdm_diag,0.1,macro_f1,FedEns-RF,15,0.9663594215893191,0.9680692917862058,-0.001709870196886413,-0.012522108574655109,0.009102368180882284,0.7395073491830159,0.67877197265625,-0.13333333333333333,higher,1.0,1.0,False,False
gdm_diag,0.1,brier,FedEns-RF,15,0.029388236999511663,0.017759621928263185,0.011628615071248488,0.0016682067430195888,0.021589023399477388,0.025270414163384103,6.103515625e-05,1.0,lower,1.0,0.00518798828125,False,False
gdm_diag,0.1,auroc,FedEns-SVM,15,0.9917711251412542,0.9980134282775873,-0.006242303136332968,-0.009548464983391597,-0.002936141289274339,0.0011943461659925324,6.103515625e-05,-1.0,higher,0.0955476932794026,0.00518798828125,False,False
gdm_diag,0.1,auprc,FedEns-SVM,15,0.9864354151477147,0.9968516058170064,-0.010416190669291633,-0.01595543862537714,-0.004876942713206125,0.001233320237682215,6.103515625e-05,-1.0,higher,0.10113225948994163,0.00518798828125,False,False
gdm_diag,0.1,macro_f1,FedEns-SVM,15,0.9663594215893191,0.9689422746286701,-0.002582853039350811,-0.010454979677975429,0.005289273599273806,0.4931541197789565,0.1688232421875,-0.4166666666666667,higher,1.0,1.0,False,False
gdm_diag,0.1,brier,FedEns-SVM,15,0.029388236999511663,0.01853757364972362,0.010850663349788046,0.0009292756019371098,0.02077205109763898,0.03424445801367439,6.103515625e-05,1.0,lower,1.0,0.00518798828125,False,False
gdm_diag,0.1,auroc,FedEns-XGB,15,0.9917711251412542,0.9973697621773643,-0.005598637036109892,-0.008877266521290453,-0.002320007550929331,0.0025607816570707063,6.103515625e-05,-1.0,higher,0.19461940593737367,0.00518798828125,False,False
gdm_diag,0.1,auprc,FedEns-XGB,15,0.9864354151477147,0.9961579280123315,-0.009722512864616718,-0.014929348972581814,-0.004515676756651621,0.0013035349676460825,6.103515625e-05,-1.0,higher,0.10558633237933268,0.00518798828125,False,False
gdm_diag,0.1,macro_f1,FedEns-XGB,15,0.9663594215893191,0.9674534488846238,-0.0010940272953045968,-0.009187210552313477,0.006999155961704283,0.7761197572547653,0.7197265625,-0.11666666666666667,higher,1.0,1.0,False,False
gdm_diag,0.1,brier,FedEns-XGB,15,0.029388236999511663,0.020084075366099425,0.009304161633412232,-0.0028629591331890535,0.021471282400013517,0.12324925614585919,0.00152587890625,0.8666666666666667,lower,1.0,0.0885009765625,False,False
gdm_diag,0.1,auroc,FedMatch-tab,15,0.9917711251412542,0.9926062252889574,-0.0008351001477031087,-0.0033960006968421913,0.001725800401435974,0.4957548601100831,0.1876220703125,-0.4,higher,1.0,1.0,False,False
gdm_diag,0.1,auprc,FedMatch-tab,15,0.9864354151477147,0.9883763245322323,-0.001940909384517727,-0.008572549858195118,0.004690731089159664,0.5402895248646303,0.1688232421875,-0.4166666666666667,higher,1.0,1.0,False,False
gdm_diag,0.1,macro_f1,FedMatch-tab,15,0.9663594215893191,0.9684840676261273,-0.0021246460368079313,-0.011247425781622918,0.006998133708007056,0.6251788067104443,0.45428466796875,-0.23333333333333334,higher,1.0,1.0,False,False
gdm_diag,0.1,brier,FedMatch-tab,15,0.029388236999511663,0.02393076693018272,0.005457470069328942,-0.006726114739930106,0.01764105487858799,0.35298917790963374,0.012451171875,0.7166666666666667,lower,1.0,0.560302734375,False,False
gdm_diag,0.1,auroc,FedProx-LR,15,0.9917711251412542,0.9842580523371134,0.007513072804140804,0.0030997993357862836,0.011926346272495326,0.0026183937084235023,6.103515625e-05,1.0,higher,0.19637952813176268,0.00518798828125,False,False
gdm_diag,0.1,auprc,FedProx-LR,15,0.9864354151477147,0.9752113417952046,0.011224073352510012,0.0031680518293495004,0.019280094875670523,0.009776930270972494,0.0001220703125,0.9833333333333333,higher,0.6456921537083682,0.00732421875,False,False
gdm_diag,0.1,macro_f1,FedProx-LR,15,0.9663594215893191,0.9656465256122815,0.0007128959770378158,-0.0067230280530518275,0.00814882000712746,0.8400440235615088,0.48870849609375,0.21666666666666667,higher,1.0,1.0,False,False
gdm_diag,0.1,brier,FedProx-LR,15,0.029388236999511663,0.030149747058749152,-0.0007615100592374795,-0.01254014145896011,0.011017121340485152,0.891690196398067,0.5994873046875,-0.16666666666666666,lower,1.0,1.0,False,False
gdm_diag,0.1,auroc,FedST-XGB,15,0.9917711251412542,0.9973828102320469,-0.005611685090792536,-0.008868246805492194,-0.002355123376092878,0.00239678410959135,6.103515625e-05,-1.0,higher,0.18455237643853398,0.00518798828125,False,False
gdm_diag,0.1,auprc,FedST-XGB,15,0.9864354151477147,0.9960840490428845,-0.009648633895169796,-0.015059321239761399,-0.004237946550578194,0.0018579786827578717,6.103515625e-05,-1.0,higher,0.1430643585723561,0.00518798828125,False,False
gdm_diag,0.1,macro_f1,FedST-XGB,15,0.9663594215893191,0.9679368605955493,-0.001577439006230219,-0.01072272985467129,0.007567851842210852,0.716958558151306,0.30279541015625,-0.31666666666666665,higher,1.0,1.0,False,False
gdm_diag,0.1,brier,FedST-XGB,15,0.029388236999511663,0.02011445265502769,0.00927378434448398,-0.0025022910500236643,0.021049859738991622,0.11334910593086096,0.00201416015625,0.85,lower,1.0,0.11279296875,False,False
gdm_diag,0.1,auroc,Local-GCN,15,0.9917711251412542,0.9811264399844497,0.010644685156804567,-0.0033955997912658523,0.024684970104874984,0.12622403311851155,6.103515625e-05,1.0,higher,1.0,0.00518798828125,False,False
gdm_diag,0.1,auprc,Local-GCN,15,0.9864354151477147,0.9678890389610157,0.018546376186698788,-0.004377659423616936,0.04147041179701451,0.10465216493057274,6.103515625e-05,1.0,higher,1.0,0.00518798828125,False,False
gdm_diag,0.1,macro_f1,Local-GCN,15,0.9663594215893191,0.9542959321713445,0.012063489417974875,-0.016412360742115946,0.04053933957806569,0.37892889129856294,0.02557373046875,0.65,higher,1.0,1.0,False,False
gdm_diag,0.1,brier,Local-GCN,15,0.029388236999511663,0.03918382773796713,-0.00979559073845546,-0.038490693772446405,0.01889951229553549,0.47614908737817285,0.1688232421875,-0.4166666666666667,lower,1.0,1.0,False,False
gdm_diag,0.1,auroc,Local-LR,15,0.9917711251412542,0.9828618366279639,0.00890928851329038,0.0047034535406481285,0.013115123485932632,0.0004595051277690108,6.103515625e-05,1.0,higher,0.03813892560482789,0.00518798828125,True,False
gdm_diag,0.1,auprc,Local-LR,15,0.9864354151477147,0.9735396857386532,0.012895729409061378,0.005413390794273717,0.02037806802384904,0.0023937738882314104,0.0001220703125,0.9833333333333333,higher,0.17713926772912436,0.00732421875,False,False
gdm_diag,0.1,macro_f1,Local-LR,15,0.9663594215893191,0.9598212748794542,0.006538146709864975,-0.006569001353007818,0.019645294772737767,0.30277770656737957,0.030327342511675306,0.6571428571428571,higher,1.0,1.0,False,False
gdm_diag,0.1,brier,Local-LR,15,0.029388236999511663,0.031943591808279305,-0.0025553548087676333,-0.010667724963123225,0.005557015345587958,0.5103026704472301,0.0946044921875,-0.5,lower,1.0,1.0,False,False
gdm_diag,0.1,auroc,Local-TGNN,15,0.9917711251412542,0.9882179440123743,0.0035531811288800935,-0.0020825017463281963,0.009188864004088384,0.19773811495248986,0.0042724609375,0.8,higher,1.0,0.145263671875,False,False
gdm_diag,0.1,auprc,Local-TGNN,15,0.9864354151477147,0.9780880711796485,0.008347343968066223,-0.0033395467870474833,0.02003423472317993,0.14782551482670375,0.00030517578125,0.95,higher,1.0,0.01556396484375,False,False
gdm_diag,0.1,macro_f1,Local-TGNN,15,0.9663594215893191,0.9648697732371154,0.001489648352203917,-0.010859888515636995,0.013839185220044828,0.7996220714129637,0.7298909084206947,0.10476190476190476,higher,1.0,1.0,False,False
gdm_diag,0.1,brier,Local-TGNN,15,0.029388236999511663,0.028334847216804758,0.001053389782706907,-0.01164246472171294,0.013749244287126752,0.86130720974954,0.67877197265625,0.13333333333333333,lower,1.0,1.0,False,False
gdm_diag,0.1,auroc,RSCFed-tab,15,0.9917711251412542,0.9920232736041557,-0.000252148462901373,-0.0024656513597709267,0.001961354433968181,0.8105267466921399,0.638671875,-0.15,higher,1.0,1.0,False,False
gdm_diag,0.1,auprc,RSCFed-tab,15,0.9864354151477147,0.9868621190681418,-0.00042670392042706655,-0.006991788886448492,0.006138381045594359,0.891117677064751,0.803955078125,-0.08333333333333333,higher,1.0,1.0,False,False
gdm_diag,0.1,macro_f1,RSCFed-tab,15,0.9663594215893191,0.9681041681362698,-0.001744746546950567,-0.010867991977498019,0.007378498883596886,0.6878869414362817,0.389404296875,-0.26666666666666666,higher,1.0,1.0,False,False
gdm_diag,0.1,brier,RSCFed-tab,15,0.029388236999511663,0.023559378460049577,0.005828858539462089,-0.004500775917481534,0.01615849299640571,0.24621294055225484,0.00201416015625,0.85,lower,1.0,0.11279296875,False,False
gdm_diag,0.3,auroc,Cent-GRAND,15,0.991136884243847,0.9954189519551517,-0.0042820677113045635,-0.008691962207740468,0.0001278267851313403,0.05610666071516384,6.103515625e-05,-1.0,higher,1.0,0.00518798828125,False,False
gdm_diag,0.3,auprc,Cent-GRAND,15,0.9863639328153178,0.9927283486654835,-0.00636441585016565,-0.012735689738746832,6.858038415533986e-06,0.0502152832654561,0.00042724609375,-0.9333333333333333,higher,1.0,0.02093505859375,False,False
gdm_diag,0.3,macro_f1,Cent-GRAND,15,0.9648462774408516,0.9688598767742842,-0.004013599333432586,-0.01854307217169874,0.010515873504833566,0.5629819047511284,0.27685546875,-0.3333333333333333,higher,1.0,1.0,False,False
gdm_diag,0.3,brier,Cent-GRAND,15,0.030110793560743285,0.0218569446355104,0.00825384892523288,-0.0008899925289722072,0.017397690379437968,0.07331957802997571,6.103515625e-05,1.0,lower,1.0,0.00518798828125,False,False
gdm_diag,0.3,auroc,Cent-LR,15,0.991136884243847,0.985209496172666,0.005927388071181279,0.0019214879811736462,0.009933288161188911,0.006767081069758186,0.0006533107814151376,1.0,higher,0.4669285938133148,0.02417249891236009,False,False
gdm_diag,0.3,auprc,Cent-LR,15,0.9863639328153178,0.97624810644573,0.010115826369587862,0.0022074601835216767,0.018024192555654045,0.015847134573987006,6.103515625e-05,1.0,higher,0.9983694781611814,0.00518798828125,False,False
gdm_diag,0.3,macro_f1,Cent-LR,15,0.9648462774408516,0.9671309252861232,-0.0022846478452717145,-0.01357865296369664,0.009009357273153211,0.6709971877803065,0.638671875,-0.15,higher,1.0,1.0,False,False
gdm_diag,0.3,brier,Cent-LR,15,0.030110793560743285,0.027796060095230685,0.0023147334655125936,-0.007401011669613737,0.012030478600638923,0.6173236963474201,0.359130859375,0.2833333333333333,lower,1.0,1.0,False,False
gdm_diag,0.3,auroc,Cent-XGB,15,0.991136884243847,0.9975918025478994,-0.00645491830405213,-0.012019248098353537,-0.0008905885097507229,0.026060320057019446,6.103515625e-05,-1.0,higher,1.0,0.00518798828125,False,False
gdm_diag,0.3,auprc,Cent-XGB,15,0.9863639328153178,0.9960548267856475,-0.009690893970329644,-0.017165694147174716,-0.002216093793484572,0.014730167430855786,6.103515625e-05,-1.0,higher,0.9427307155747703,0.00518798828125,False,False
gdm_diag,0.3,macro_f1,Cent-XGB,15,0.9648462774408516,0.9682163917624372,-0.0033701143215855303,-0.016352999701162156,0.009612771057991097,0.5864909850067659,0.30279541015625,-0.31666666666666665,higher,1.0,1.0,False,False
gdm_diag,0.3,brier,Cent-XGB,15,0.030110793560743285,0.02142185351500904,0.00868894004573424,-0.0039877923716597295,0.02136567246312821,0.16365177059167535,0.00152587890625,0.8666666666666667,lower,1.0,0.0885009765625,False,False
gdm_diag,0.3,auroc,FedAvg-GCN,15,0.991136884243847,0.9928302616089454,-0.0016933773650982624,-0.0054705366049417215,0.002083781874745197,0.35258940050722076,0.063720703125,-0.55,higher,1.0,1.0,False,False
gdm_diag,0.3,auprc,FedAvg-GCN,15,0.9863639328153178,0.9891419580847794,-0.0027780252694615815,-0.009945615617583291,0.004389565078660129,0.4197681380250802,0.083251953125,-0.5166666666666667,higher,1.0,1.0,False,False
gdm_diag,0.3,macro_f1,FedAvg-GCN,15,0.9648462774408516,0.9685648876117596,-0.0037186101709079616,-0.015452360962031755,0.00801514062021583,0.5077678369439578,0.1876220703125,-0.4,higher,1.0,1.0,False,False
gdm_diag,0.3,brier,FedAvg-GCN,15,0.030110793560743285,0.02313094337781266,0.0069798501829306196,-0.0014489561304309104,0.01540865649629215,0.09744804521341303,0.0006103515625,0.9166666666666666,lower,1.0,0.0396728515625,False,False
gdm_diag,0.3,auroc,FedAvg-LR,15,0.991136884243847,0.9837539929784199,0.0073828912654272235,0.004181238753455836,0.01058454377739861,0.00021512331106236118,6.103515625e-05,1.0,higher,0.0182854814403007,0.00518798828125,True,False
gdm_diag,0.3,auprc,FedAvg-LR,15,0.9863639328153178,0.9747399418199191,0.011623990995399059,0.005172195638408601,0.018075786352389517,0.0017187859346708455,6.103515625e-05,1.0,higher,0.13578408883899679,0.00518798828125,False,False
gdm_diag,0.3,macro_f1,FedAvg-LR,15,0.9648462774408516,0.96615691878495,-0.0013106413440983364,-0.011733296265312778,0.009112013577116105,0.791321553137891,0.846923828125,0.06666666666666667,higher,1.0,1.0,False,False
gdm_diag,0.3,brier,FedAvg-LR,15,0.030110793560743285,0.0311801775048176,-0.0010693839440743269,-0.01052090751970428,0.008382139631555626,0.8117802532536322,0.52447509765625,-0.2,lower,1.0,1.0,False,False
gdm_diag,0.3,auroc,FedAvg-MLP,15,0.991136884243847,0.9921105816339877,-0.0009736973901405932,-0.004954054604275547,0.0030066598239943607,0.6080211908407687,0.30279541015625,-0.31666666666666665,higher,1.0,1.0,False,False
gdm_diag,0.3,auprc,FedAvg-MLP,15,0.9863639328153178,0.9875854668655156,-0.0012215340501979292,-0.007636860338501549,0.0051937922381056914,0.6891679751880794,0.389404296875,-0.26666666666666666,higher,1.0,1.0,False,False
gdm_diag,0.3,macro_f1,FedAvg-MLP,15,0.9648462774408516,0.9671091666942205,-0.002262889253369016,-0.013562386031970151,0.00903660752523212,0.6740782491195688,0.67877197265625,-0.13333333333333333,higher,1.0,1.0,False,False
gdm_diag,0.3,brier,FedAvg-MLP,15,0.030110793560743285,0.024151469767093606,0.005959323793649673,-0.003348881666405337,0.015267529253704682,0.19130221382627616,0.00335693359375,0.8166666666666667,lower,1.0,0.1812744140625,False,False
gdm_diag,0.3,auroc,FedAvg-SAGE,15,0.991136884243847,0.9904975663669365,0.0006393178769106352,-0.0021237345918697003,0.0034023703456909707,0.6274093502810119,0.27685546875,0.3333333333333333,higher,1.0,1.0,False,False
gdm_diag,0.3,auprc,FedAvg-SAGE,15,0.9863639328153178,0.984617061176804,0.0017468716385138658,-0.003569491848875588,0.007063235125903319,0.49252890205777505,0.10699462890625,0.48333333333333334,higher,1.0,1.0,False,False
gdm_diag,0.3,macro_f1,FedAvg-SAGE,15,0.9648462774408516,0.9645132144024519,0.00033306303839974273,-0.012366118327391309,0.013032244404190796,0.9559363109288608,0.93408203125,-0.03333333333333333,higher,1.0,1.0,False,False
gdm_diag,0.3,brier,FedAvg-SAGE,15,0.030110793560743285,0.028613214567303605,0.0014975789934396732,-0.006980289038086514,0.009975447024965861,0.7104701948748442,0.1353759765625,0.45,lower,1.0,1.0,False,False
gdm_diag,0.3,auroc,FedEns-RF,15,0.991136884243847,0.9980335015835797,-0.0068966173397327175,-0.012372188089406346,-0.0014210465900590889,0.017208994706150855,6.103515625e-05,-1.0,higher,1.0,0.00518798828125,False,False
gdm_diag,0.3,auprc,FedEns-RF,15,0.9863639328153178,0.9970732584195001,-0.010709325604182304,-0.01814371096375864,-0.003274940244605967,0.007995978550045869,6.103515625e-05,-1.0,higher,0.551722519953165,0.00518798828125,False,False
gdm_diag,0.3,macro_f1,FedEns-RF,15,0.9648462774408516,0.9667688527505859,-0.0019225753097342313,-0.015430281025463444,0.011585130405994983,0.7646511194225271,0.93408203125,-0.03333333333333333,higher,1.0,1.0,False,False
gdm_diag,0.3,brier,FedEns-RF,15,0.030110793560743285,0.018970813445159433,0.011139980115583847,-0.0006348746947540101,0.022914834925921702,0.061902393512484714,0.00030517578125,0.95,lower,1.0,0.0213623046875,False,False
gdm_diag,0.3,auroc,FedEns-SVM,15,0.991136884243847,0.9977903958950152,-0.006653511651168143,-0.011847875169894963,-0.0014591481324413222,0.01572880351387653,6.103515625e-05,-1.0,higher,0.9594570143464684,0.00518798828125,False,False
gdm_diag,0.3,auprc,FedEns-SVM,15,0.9863639328153178,0.9964942915018246,-0.010130358686506772,-0.016823415396944562,-0.003437301976068983,0.005856015099291752,6.103515625e-05,-1.0,higher,0.41577707204971437,0.00518798828125,False,False
gdm_diag,0.3,macro_f1,FedEns-SVM,15,0.9648462774408516,0.9696728847371238,-0.004826607296272208,-0.016273204036084756,0.00661998944354034,0.38109474056269854,0.08428387967828298,-0.5238095238095238,higher,1.0,1.0,False,False
gdm_diag,0.3,brier,FedEns-SVM,15,0.030110793560743285,0.018970451389561462,0.01114034217118182,-9.646062372858921e-06,0.0222903304047365,0.05017295855337548,0.00018310546875,0.9666666666666667,lower,1.0,0.01336669921875,False,False
gdm_diag,0.3,auroc,FedEns-XGB,15,0.991136884243847,0.9971649218507542,-0.0060280376069072735,-0.011629282618426029,-0.0004267925953885185,0.03677302405545379,6.103515625e-05,-1.0,higher,1.0,0.00518798828125,False,False
gdm_diag,0.3,auprc,FedEns-XGB,15,0.9863639328153178,0.9956437479875159,-0.009279815172198062,-0.016788136102694945,-0.00177149424170118,0.018998598673254676,6.103515625e-05,-1.0,higher,1.0,0.00518798828125,False,False
gdm_diag,0.3,macro_f1,FedEns-XGB,15,0.9648462774408516,0.9675860279801686,-0.002739750539316891,-0.01658341921657546,0.01110391813794168,0.6776758431722628,0.4703377962613965,-0.21904761904761905,higher,1.0,1.0,False,False
gdm_diag,0.3,brier,FedEns-XGB,15,0.030110793560743285,0.02145055686213719,0.008660236698606086,-0.00737896134962855,0.02469943474684072,0.2662141592719477,0.01507568359375,0.7,lower,1.0,0.64825439453125,False,False
gdm_diag,0.3,auroc,FedMatch-tab,15,0.991136884243847,0.9920107468766325,-0.0008738626327855122,-0.004996028216809981,0.0032483029512389567,0.6563127547124916,0.359130859375,-0.2833333333333333,higher,1.0,1.0,False,False
gdm_diag,0.3,auprc,FedMatch-tab,15,0.9863639328153178,0.9873795135177076,-0.0010155807023895624,-0.007688029940572715,0.00565686853579359,0.748914815809961,0.48870849609375,-0.21666666666666667,higher,1.0,1.0,False,False
gdm_diag,0.3,macro_f1,FedMatch-tab,15,0.9648462774408516,0.9673198017517307,-0.002473524310879068,-0.01414888018067964,0.009201831558921503,0.6565124252675846,0.5994873046875,-0.16666666666666666,higher,1.0,1.0,False,False
gdm_diag,0.3,brier,FedMatch-tab,15,0.030110793560743285,0.0240707265834013,0.006040066977341981,-0.0034910244852430607,0.015571158439927024,0.1955765608396414,0.00537109375,0.7833333333333333,lower,1.0,0.27392578125,False,False
gdm_diag,0.3,auroc,FedProx-LR,15,0.991136884243847,0.9838323245109518,0.007304559732895329,0.004087423677783885,0.010521695788006772,0.0002479131245051389,6.103515625e-05,1.0,higher,0.020824702458431668,0.00518798828125,True,False
gdm_diag,0.3,auprc,FedProx-LR,15,0.9863639328153178,0.9747337844062542,0.011630148409063571,0.005065677601970609,0.018194619216156532,0.0019512793585532502,6.103515625e-05,1.0,higher,0.14634595189149377,0.00518798828125,False,False
gdm_diag,0.3,macro_f1,FedProx-LR,15,0.9648462774408516,0.9654452191567037,-0.0005989417158520786,-0.011781914816430891,0.010584031384726732,0.9101784262541797,0.638671875,0.15,higher,1.0,1.0,False,False
gdm_diag,0.3,brier,FedProx-LR,15,0.030110793560743285,0.030980576574802347,-0.0008697830140590664,-0.010115032015701126,0.008375465987582991,0.8429918742890626,0.48870849609375,-0.21666666666666667,lower,1.0,1.0,False,False
gdm_diag,0.3,auroc,FedST-XGB,15,0.991136884243847,0.9971441641196639,-0.006007279875816647,-0.01185112509280184,-0.0001634346588314543,0.04469874678913115,6.103515625e-05,-1.0,higher,1.0,0.00518798828125,False,False
gdm_diag,0.3,auprc,FedST-XGB,15,0.9863639328153178,0.995659308360822,-0.009295375545504244,-0.01704684684808784,-0.0015439042429206493,0.022152082761688893,6.103515625e-05,-1.0,higher,1.0,0.00518798828125,False,False
gdm_diag,0.3,macro_f1,FedST-XGB,15,0.9648462774408516,0.9670108344462585,-0.0021645570054067715,-0.01539889261577731,0.011069778604963767,0.7309660913641735,0.8752911852109797,0.047619047619047616,higher,1.0,1.0,False,False
gdm_diag,0.3,brier,FedST-XGB,15,0.030110793560743285,0.02193051845303579,0.008180275107707493,-0.007967829129708417,0.024328379345123403,0.2956105819454046,0.01806640625,0.6833333333333333,lower,1.0,0.74072265625,False,False
gdm_diag,0.3,auroc,Local-GCN,15,0.991136884243847,0.9802252349017416,0.010911649342105615,-0.00430888565524783,0.02613218433945906,0.14643533631147695,0.0001220703125,0.9833333333333333,higher,1.0,0.0068359375,False,False
gdm_diag,0.3,auprc,Local-GCN,15,0.9863639328153178,0.9667919004215338,0.019572032393783977,-0.005293943542326873,0.04443800832989483,0.1135205938846344,0.0001220703125,0.9833333333333333,higher,1.0,0.00732421875,False,False
gdm_diag,0.3,macro_f1,Local-GCN,15,0.9648462774408516,0.9507157099901508,0.014130567450700833,-0.01846714428265149,0.04672827918405316,0.3682657032290474,0.00537109375,0.7833333333333333,higher,1.0,0.43505859375,False,False
gdm_diag,0.3,brier,Local-GCN,15,0.030110793560743285,0.040481563533345824,-0.010370769972602539,-0.03758331996113304,0.016841780015927958,0.4274012952029871,0.072998046875,-0.5333333333333333,lower,1.0,1.0,False,False
gdm_diag,0.3,auroc,Local-LR,15,0.991136884243847,0.9817260614586919,0.009410822785155334,0.00459473741348156,0.014226908156829109,0.0009062675243807515,6.103515625e-05,1.0,higher,0.07431393699922162,0.00518798828125,False,False
gdm_diag,0.3,auprc,Local-LR,15,0.9863639328153178,0.9725408269553242,0.013823105859993735,0.00637044606182779,0.021275765658159678,0.001373755470165123,6.103515625e-05,1.0,higher,0.10990043761320983,0.00518798828125,False,False
gdm_diag,0.3,macro_f1,Local-LR,15,0.9648462774408516,0.9614167455204534,0.003429531920398247,-0.006045455343625564,0.012904519184422057,0.45047773233130256,0.083251953125,0.5166666666666667,higher,1.0,1.0,False,False
gdm_diag,0.3,brier,Local-LR,15,0.030110793560743285,0.033628167584538425,-0.00351737402379514,-0.011963677487948916,0.004928929440358637,0.3868601393475388,0.083251953125,-0.5166666666666667,lower,1.0,1.0,False,False
gdm_diag,0.3,auroc,Local-TGNN,15,0.991136884243847,0.9887938916852621,0.002342992558584981,-0.002453887481861011,0.007139872599030973,0.3125722580406209,0.03533935546875,0.6166666666666667,higher,1.0,0.74212646484375,False,False
gdm_diag,0.3,auprc,Local-TGNN,15,0.9863639328153178,0.9808552520478081,0.005508680767509774,-0.0037084225139543845,0.014725784048973931,0.22071746140602763,0.00537109375,0.7833333333333333,higher,1.0,0.18798828125,False,False
gdm_diag,0.3,macro_f1,Local-TGNN,15,0.9648462774408516,0.9627750860852126,0.0020711913556390755,-0.011018789745199393,0.015161172456477544,0.7393727951931709,0.5097974849608639,0.2,higher,1.0,1.0,False,False
gdm_diag,0.3,brier,Local-TGNN,15,0.030110793560743285,0.03059725997348622,-0.00048646641274294026,-0.015543487880994186,0.014570555055508305,0.9457353463894584,0.52447509765625,0.2,lower,1.0,1.0,False,False
gdm_diag,0.3,auroc,RSCFed-tab,15,0.991136884243847,0.9914672305585499,-0.00033034631470282665,-0.004244496429224466,0.0035838037998188127,0.8589496969062415,0.52447509765625,-0.2,higher,1.0,1.0,False,False
gdm_diag,0.3,auprc,RSCFed-tab,15,0.9863639328153178,0.9860384123670983,0.00032552044821926676,-0.006314254159105335,0.006965295055543868,0.9177485013992247,0.890380859375,0.05,higher,1.0,1.0,False,False
gdm_diag,0.3,macro_f1,RSCFed-tab,15,0.9648462774408516,0.9688688551950815,-0.0040225777542299244,-0.015753042574143332,0.007707887065683481,0.4741869488018437,0.1353759765625,-0.45,higher,1.0,1.0,False,False
gdm_diag,0.3,brier,RSCFed-tab,15,0.030110793560743285,0.023526833951473192,0.006583959609270092,-0.0035256712116743744,0.01669359043021456,0.18422167133813566,0.00335693359375,0.8166666666666667,lower,1.0,0.1812744140625,False,False
gdm_diag,0.5,auroc,Cent-GRAND,15,0.9895721951814569,0.9947709267994763,-0.005198731618019381,-0.008890258253813283,-0.0015072049822254792,0.009171516731278563,0.0001220703125,-0.9833333333333333,higher,0.5961485875331066,0.0068359375,False,False
gdm_diag,0.5,auprc,Cent-GRAND,15,0.9837331026577103,0.9910852700094904,-0.007352167351780007,-0.016717284586987888,0.002012949883427875,0.11437876466314205,0.00152587890625,-0.8666666666666667,higher,1.0,0.06256103515625,False,False
gdm_diag,0.5,macro_f1,Cent-GRAND,15,0.9642388487874111,0.9671530058361657,-0.002914157048754573,-0.013173964701172425,0.007345650603663279,0.5521521972423586,0.1688232421875,-0.4166666666666667,higher,1.0,1.0,False,False
gdm_diag,0.5,brier,Cent-GRAND,15,0.0294089636454979,0.022305185596148122,0.00710377804934978,-0.0007154583474165066,0.014923014446116066,0.07168162219370164,6.103515625e-05,1.0,lower,1.0,0.00518798828125,False,False
gdm_diag,0.5,auroc,Cent-LR,15,0.9895721951814569,0.9844435488443392,0.005128646337117789,-4.643357855834036e-05,0.010303726252793919,0.051821048013742786,0.00018310546875,0.9666666666666667,higher,1.0,0.00897216796875,False,False
gdm_diag,0.5,auprc,Cent-LR,15,0.9837331026577103,0.9750728872515774,0.008660215406133102,-0.001630920136883849,0.018951350949150052,0.09263989953313989,0.0006103515625,0.9166666666666666,higher,1.0,0.0286865234375,False,False
gdm_diag,0.5,macro_f1,Cent-LR,15,0.9642388487874111,0.9662356063577868,-0.001996757570375829,-0.015258577856634644,0.011265062715882984,0.7515220128863661,0.846923828125,-0.06666666666666667,higher,1.0,1.0,False,False
gdm_diag,0.5,brier,Cent-LR,15,0.0294089636454979,0.028940773631135584,0.0004681900143623132,-0.008936725100079037,0.009873105128803664,0.9164859453107903,0.76153564453125,-0.1,lower,1.0,1.0,False,False
gdm_diag,0.5,auroc,Cent-XGB,15,0.9895721951814569,0.9976715118675007,-0.008099316686043653,-0.01316125917135829,-0.0030373742007290157,0.00404897648272205,6.103515625e-05,-1.0,higher,0.2915263067559876,0.00518798828125,False,False
gdm_diag,0.5,auprc,Cent-XGB,15,0.9837331026577103,0.9964430488136021,-0.012709946155891863,-0.020377561361225684,-0.005042330950558042,0.003167864949349819,6.103515625e-05,-1.0,higher,0.2312541413025368,0.00518798828125,False,False
gdm_diag,0.5,macro_f1,Cent-XGB,15,0.9642388487874111,0.9673780632836073,-0.00313921449619623,-0.014922794989635765,0.008644365997243306,0.5767981862642008,0.27685546875,-0.3333333333333333,higher,1.0,1.0,False,False
gdm_diag,0.5,brier,Cent-XGB,15,0.0294089636454979,0.022289708132545098,0.0071192555129528,-0.0031715976243441944,0.017410108650249792,0.16003141722434341,0.0006103515625,0.9166666666666666,lower,1.0,0.0396728515625,False,False
gdm_diag,0.5,auroc,FedAvg-GCN,15,0.9895721951814569,0.9923181216888259,-0.0027459265073690674,-0.006662198017546471,0.0011703450028083362,0.15484497848203035,0.00537109375,-0.7833333333333333,higher,1.0,0.16650390625,False,False
gdm_diag,0.5,auprc,FedAvg-GCN,15,0.9837331026577103,0.9877152359885137,-0.0039821333308035275,-0.012561122265068812,0.004596855603461757,0.3363646665863002,0.05535888671875,-0.5666666666666667,higher,1.0,1.0,False,False
gdm_diag,0.5,macro_f1,FedAvg-GCN,15,0.9642388487874111,0.9677674291693656,-0.0035285803819546566,-0.01433211676754505,0.007274956003635737,0.4950831628008068,0.10699462890625,-0.48333333333333334,higher,1.0,1.0,False,False
gdm_diag,0.5,brier,FedAvg-GCN,15,0.0294089636454979,0.023691225424408876,0.005717738221089026,-0.0032369793065685952,0.014672455748746649,0.19241644018063747,0.0006103515625,0.9166666666666666,lower,1.0,0.0396728515625,False,False
gdm_diag,0.5,auroc,FedAvg-LR,15,0.9895721951814569,0.9831331967142238,0.006438998467233141,-7.144036640521767e-05,0.012949437300871499,0.05223540274121471,0.0001220703125,0.9833333333333333,higher,1.0,0.0068359375,False,False
gdm_diag,0.5,auprc,FedAvg-LR,15,0.9837331026577103,0.9736997518807831,0.010033350776927241,-0.0016110933579133162,0.0216777949117678,0.08583002519398425,0.0008544921875,0.9,higher,1.0,0.039306640625,False,False
gdm_diag,0.5,macro_f1,FedAvg-LR,15,0.9642388487874111,0.9646389065794304,-0.00040005779201945924,-0.013332440627578187,0.012532325043539268,0.9480388933169754,0.93408203125,-0.03333333333333333,higher,1.0,1.0,False,False
gdm_diag,0.5,brier,FedAvg-LR,15,0.0294089636454979,0.03221823337177431,-0.002809269726276414,-0.017287307622741468,0.011668768170188639,0.6835970857301353,0.359130859375,-0.2833333333333333,lower,1.0,1.0,False,False
gdm_diag,0.5,auroc,FedAvg-MLP,15,0.9895721951814569,0.9918282662347561,-0.002256071053298991,-0.0066627685399744405,0.002150626433376458,0.29070751315634075,0.041259765625,-0.6,higher,1.0,0.8251953125,False,False
gdm_diag,0.5,auprc,FedAvg-MLP,15,0.9837331026577103,0.986336562728055,-0.0026034600703446356,-0.01154367311568779,0.006336752974998518,0.5422931856712346,0.12054443359375,-0.4666666666666667,higher,1.0,1.0,False,False
gdm_diag,0.5,macro_f1,FedAvg-MLP,15,0.9642388487874111,0.96866344907643,-0.004424600289018676,-0.015174705435271049,0.006325504857233696,0.3922688699693995,0.01507568359375,-0.7,higher,1.0,1.0,False,False
gdm_diag,0.5,brier,FedAvg-MLP,15,0.0294089636454979,0.02486163564026352,0.004547328005234378,-0.006401334977817727,0.015495990988286482,0.38809022189446474,0.04791259765625,0.5833333333333334,lower,1.0,1.0,False,False
gdm_diag,0.5,auroc,FedAvg-SAGE,15,0.9895721951814569,0.9896426498435755,-7.045466211851685e-05,-0.0033235609122136416,0.003182651587976608,0.9636068498003891,0.7197265625,-0.11666666666666667,higher,1.0,1.0,False,False
gdm_diag,0.5,auprc,FedAvg-SAGE,15,0.9837331026577103,0.9828755679929885,0.0008575346647217152,-0.0051668469972887335,0.006881916326732164,0.7646314949856149,0.42120361328125,0.25,higher,1.0,1.0,False,False
gdm_diag,0.5,macro_f1,FedAvg-SAGE,15,0.9642388487874111,0.9658357219053347,-0.001596873117923603,-0.01741599420631856,0.014222247970471353,0.8317155517572313,0.890380859375,-0.05,higher,1.0,1.0,False,False
gdm_diag,0.5,brier,FedAvg-SAGE,15,0.0294089636454979,0.02890200155476724,0.0005069620907306604,-0.009609722475397077,0.010623646656858398,0.9159344920336573,0.76153564453125,0.1,lower,1.0,1.0,False,False
gdm_diag,0.5,auroc,FedEns-RF,15,0.9895721951814569,0.9977579515168177,-0.00818575633536065,-0.013755434554343549,-0.0026160781163777503,0.007060791505400404,6.103515625e-05,-1.0,higher,0.48013382236722746,0.00518798828125,False,False
gdm_diag,0.5,auprc,FedEns-RF,15,0.9837331026577103,0.996598217527205,-0.012865114869494694,-0.020981212200058913,-0.004749017538930473,0.004314798113125065,6.103515625e-05,-1.0,higher,0.3106654641450047,0.00518798828125,False,False
gdm_diag,0.5,macro_f1,FedEns-RF,15,0.9642388487874111,0.967969370128752,-0.003730521341340761,-0.016933162797629003,0.009472120114947483,0.5541954636536418,0.207763671875,-0.38333333333333336,higher,1.0,1.0,False,False
gdm_diag,0.5,brier,FedEns-RF,15,0.0294089636454979,0.020247032247462927,0.009161931398034975,-0.001411353453815177,0.019735216249885126,0.08424928204023487,0.00018310546875,0.9666666666666667,lower,1.0,0.01336669921875,False,False
gdm_diag,0.5,auroc,FedEns-SVM,15,0.9895721951814569,0.9973239189578833,-0.0077517237764262266,-0.013209434049936922,-0.0022940135029155314,0.008713630125575815,6.103515625e-05,-1.0,higher,0.5750995882880038,0.00518798828125,False,False
gdm_diag,0.5,auprc,FedEns-SVM,15,0.9837331026577103,0.9953750003101224,-0.011641897652412006,-0.01997754677354823,-0.0033062485312757833,0.009637196324005495,6.103515625e-05,-1.0,higher,0.6456921537083682,0.00518798828125,False,False
gdm_diag,0.5,macro_f1,FedEns-SVM,15,0.9642388487874111,0.9700067015333061,-0.005767852745895115,-0.016000596887805175,0.004464891396014943,0.2467065143594794,0.00201416015625,-0.85,higher,1.0,0.16717529296875,False,False
gdm_diag,0.5,brier,FedEns-SVM,15,0.0294089636454979,0.021037286591237558,0.00837167705426034,-0.0002304559135358434,0.016973810022056522,0.05562095493778212,6.103515625e-05,1.0,lower,1.0,0.00518798828125,False,False
gdm_diag,0.5,auroc,FedEns-XGB,15,0.9895721951814569,0.9952426155187252,-0.005670420337268419,-0.011072556752797141,-0.0002682839217396961,0.04095320559782375,0.0001220703125,-0.9833333333333333,higher,1.0,0.0068359375,False,False
gdm_diag,0.5,auprc,FedEns-XGB,15,0.9837331026577103,0.9929419535099093,-0.009208850852199054,-0.017841689710674756,-0.0005760119937233531,0.0382169665379858,6.103515625e-05,-1.0,higher,1.0,0.00518798828125,False,False
gdm_diag,0.5,macro_f1,FedEns-XGB,15,0.9642388487874111,0.9680868255076455,-0.0038479767202343586,-0.016844222006458288,0.009148268565989572,0.5356461783467514,0.1353759765625,-0.45,higher,1.0,1.0,False,False
gdm_diag,0.5,brier,FedEns-XGB,15,0.0294089636454979,0.02463282901770838,0.004776134627789519,-0.009596799306004006,0.019149068561583046,0.4877325242260362,0.01025390625,0.7333333333333333,lower,1.0,0.48193359375,False,False
gdm_diag,0.5,auroc,FedMatch-tab,15,0.9895721951814569,0.9916821153483721,-0.00210992016691521,-0.0065934385711891395,0.0023735982373587193,0.3299458114143403,0.04791259765625,-0.5833333333333334,higher,1.0,0.91033935546875,False,False
gdm_diag,0.5,auprc,FedMatch-tab,15,0.9837331026577103,0.9861501273273495,-0.0024170246696392597,-0.011484917542825122,0.006650868203546604,0.5765977820380835,0.12054443359375,-0.4666666666666667,higher,1.0,1.0,False,False
gdm_diag,0.5,macro_f1,FedMatch-tab,15,0.9642388487874111,0.9684484395053787,-0.004209590717967582,-0.015224029391351944,0.00680484795541678,0.4261156872076258,0.05535888671875,-0.5666666666666667,higher,1.0,1.0,False,False
gdm_diag,0.5,brier,FedMatch-tab,15,0.0294089636454979,0.024717135851581848,0.0046918277939160535,-0.006079195373584761,0.015462850961416868,0.36600329021482364,0.03533935546875,0.6166666666666667,lower,1.0,1.0,False,False
gdm_diag,0.5,auroc,FedProx-LR,15,0.9895721951814569,0.9832195257649594,0.006352669416497703,9.98689049873814e-06,0.012695351942496668,0.04968662915047161,0.0001220703125,0.9833333333333333,higher,1.0,0.0068359375,False,False
gdm_diag,0.5,auprc,FedProx-LR,15,0.9837331026577103,0.9737696938393643,0.009963408818346025,-0.001504731087442937,0.021431548724134986,0.08352102423278922,0.0008544921875,0.9,higher,1.0,0.039306640625,False,False
gdm_diag,0.5,macro_f1,FedProx-LR,15,0.9642388487874111,0.9648857896573637,-0.0006469408699527316,-0.01407076153711313,0.012776879797207666,0.9191395529989751,0.803955078125,-0.08333333333333333,higher,1.0,1.0,False,False
gdm_diag,0.5,brier,FedProx-LR,15,0.0294089636454979,0.03197693464656665,-0.0025679710010687528,-0.01648749329799936,0.011351551295861854,0.6983013334293052,0.33026123046875,-0.3,lower,1.0,1.0,False,False
gdm_diag,0.5,auroc,FedST-XGB,15,0.9895721951814569,0.9949483654693776,-0.005376170287920516,-0.01105260073671172,0.0003002601608706884,0.061654413624106265,0.00018310546875,-0.9666666666666667,higher,1.0,0.00897216796875,False,False
gdm_diag,0.5,auprc,FedST-XGB,15,0.9837331026577103,0.9923818636659327,-0.008648761008222323,-0.01768736929575587,0.0003898472793112222,0.059330442761739675,0.00018310546875,-0.9666666666666667,higher,1.0,0.01007080078125,False,False
gdm_diag,0.5,macro_f1,FedST-XGB,15,0.9642388487874111,0.9667318907064865,-0.0024930419190754226,-0.014797699744887425,0.00981161590673658,0.670508987687798,0.27685546875,-0.3333333333333333,higher,1.0,1.0,False,False
gdm_diag,0.5,brier,FedST-XGB,15,0.0294089636454979,0.025100503588331977,0.0043084600571659274,-0.011439545834661884,0.02005646594899374,0.5666891834070005,0.012451171875,0.7166666666666667,lower,1.0,0.560302734375,False,False
gdm_diag,0.5,auroc,Local-GCN,15,0.9895721951814569,0.9780168067594366,0.011555388422020382,-0.007893895137586439,0.0310046719816272,0.22331053631869932,0.0006103515625,0.9166666666666666,higher,1.0,0.0238037109375,False,False
gdm_diag,0.5,auprc,Local-GCN,15,0.9837331026577103,0.9636604848852536,0.020072617772456804,-0.008899446479728283,0.04904468202464189,0.1594575216493184,0.00042724609375,0.9333333333333333,higher,1.0,0.02093505859375,False,False
gdm_diag,0.5,macro_f1,Local-GCN,15,0.9642388487874111,0.9491891576379429,0.015049691149468162,-0.01513678678966516,0.04523616908860149,0.3030254344336371,0.01507568359375,0.7,higher,1.0,1.0,False,False
gdm_diag,0.5,brier,Local-GCN,15,0.0294089636454979,0.043260105575124365,-0.013851141929626469,-0.046986726944936066,0.019284443085683126,0.38511598378381884,0.02557373046875,-0.65,lower,1.0,0.94622802734375,False,False
gdm_diag,0.5,auroc,Local-LR,15,0.9895721951814569,0.9798987065558662,0.009673488625590854,0.0015405058455267295,0.01780647140565498,0.023070781759401332,0.0001220703125,0.9833333333333333,higher,1.0,0.0068359375,False,False
gdm_diag,0.5,auprc,Local-LR,15,0.9837331026577103,0.9696056777378061,0.014127424919904175,0.0015132473545085897,0.026741602485299762,0.030745957625359466,0.00018310546875,0.9666666666666667,higher,1.0,0.01007080078125,False,False
gdm_diag,0.5,macro_f1,Local-LR,15,0.9642388487874111,0.9555879595899267,0.008650889197484328,-0.004739927414305527,0.022041705809274184,0.1875472532622994,0.0067138671875,0.7666666666666667,higher,1.0,0.537109375,False,False
gdm_diag,0.5,brier,Local-LR,15,0.0294089636454979,0.037955355768402387,-0.008546392122904487,-0.018269488267658084,0.00117670402184911,0.0803261924769805,0.00042724609375,-0.9333333333333333,lower,1.0,0.029052734375,False,False
gdm_diag,0.5,auroc,Local-TGNN,15,0.9895721951814569,0.985664739221308,0.003907455960149149,-0.0044212956864611895,0.012236207606759489,0.331379488400175,0.02557373046875,0.65,higher,1.0,0.58819580078125,False,False
gdm_diag,0.5,auprc,Local-TGNN,15,0.9837331026577103,0.9762766066857257,0.007456495971984567,-0.005633872887557506,0.02054686483152664,0.241991861974905,0.03533935546875,0.6166666666666667,higher,1.0,0.88348388671875,False,False
gdm_diag,0.5,macro_f1,Local-TGNN,15,0.9642388487874111,0.9576196608694043,0.006619187918006849,-0.011289432890133313,0.024527808726147012,0.4411613194946957,0.1876220703125,0.4,higher,1.0,1.0,False,False
gdm_diag,0.5,brier,Local-TGNN,15,0.0294089636454979,0.03703915029764171,-0.007630186652143806,-0.023546072428661,0.00828569912437339,0.3212818139187271,0.063720703125,-0.55,lower,1.0,1.0,False,False
gdm_diag,0.5,auroc,RSCFed-tab,15,0.9895721951814569,0.9911884125130405,-0.001616217331583562,-0.006415814400110485,0.003183379736943361,0.48204001978867644,0.27685546875,-0.3333333333333333,higher,1.0,1.0,False,False
gdm_diag,0.5,auprc,RSCFed-tab,15,0.9837331026577103,0.985101560213835,-0.0013684575561246914,-0.01156362686825652,0.008826711756007136,0.7776515824899061,0.42120361328125,-0.25,higher,1.0,1.0,False,False
gdm_diag,0.5,macro_f1,RSCFed-tab,15,0.9642388487874111,0.9681406062226465,-0.0039017574352354645,-0.015041162581729897,0.007237647711258968,0.4649460668475154,0.12054443359375,-0.4666666666666667,higher,1.0,1.0,False,False
gdm_diag,0.5,brier,RSCFed-tab,15,0.0294089636454979,0.023798165470361652,0.0056107981751362486,-0.0036240039648278875,0.014845600315100384,0.21356260807720873,0.0006103515625,0.9166666666666666,lower,1.0,0.0396728515625,False,False
gdm_diag,0.7,auroc,Cent-GRAND,15,0.988012059914336,0.9929588892153888,-0.004946829301052605,-0.00883522926321136,-0.0010584293388938497,0.016315957900611286,6.103515625e-05,-1.0,higher,0.9789574740366771,0.00518798828125,False,False
gdm_diag,0.7,auprc,Cent-GRAND,15,0.9800976439465703,0.988223749002299,-0.008126105055728795,-0.01917479347767982,0.002922583366222229,0.13701397552124053,0.00537109375,-0.7833333333333333,higher,1.0,0.18798828125,False,False
gdm_diag,0.7,macro_f1,Cent-GRAND,15,0.9630994667933841,0.9674833560121866,-0.004383889218802306,-0.0199457624633977,0.011177984025793088,0.5553751104447888,0.359130859375,-0.2833333333333333,higher,1.0,1.0,False,False
gdm_diag,0.7,brier,Cent-GRAND,15,0.032882029314835824,0.02375100453694656,0.009131024777889274,0.0019492798546605229,0.016312769701118023,0.01636959884439441,6.103515625e-05,1.0,lower,1.0,0.00518798828125,False,False
gdm_diag,0.7,auroc,Cent-LR,15,0.988012059914336,0.9832613190101795,0.004750740904156421,0.0004076242348025902,0.009093857573510254,0.03421769074323496,0.00030517578125,0.95,higher,1.0,0.01312255859375,False,False
gdm_diag,0.7,auprc,Cent-LR,15,0.9800976439465703,0.9736321437473233,0.006465500199247009,-0.0021793488593316998,0.015110349257825718,0.1310085676431581,0.0042724609375,0.8,higher,1.0,0.1580810546875,False,False
gdm_diag,0.7,macro_f1,Cent-LR,15,0.9630994667933841,0.9666563848802862,-0.0035569180869020685,-0.01933047811446883,0.012216641940664692,0.6361137774374751,0.42120361328125,-0.25,higher,1.0,1.0,False,False
gdm_diag,0.7,brier,Cent-LR,15,0.032882029314835824,0.029941643029451313,0.002940386285384506,-0.006695422840356246,0.012576195411125257,0.5234060996507683,0.22930908203125,0.36666666666666664,lower,1.0,1.0,False,False
gdm_diag,0.7,auroc,Cent-XGB,15,0.988012059914336,0.9966720881359031,-0.008660028221567032,-0.0148984296743319,-0.002421626768802165,0.009989929234367279,6.103515625e-05,-1.0,higher,0.6293655417651386,0.00518798828125,False,False
gdm_diag,0.7,auprc,Cent-XGB,15,0.9800976439465703,0.9947001809181877,-0.014602536971617492,-0.021947839888278534,-0.00725723405495645,0.0007867206835423914,6.103515625e-05,-1.0,higher,0.06680591698508297,0.00518798828125,False,False
gdm_diag,0.7,macro_f1,Cent-XGB,15,0.9630994667933841,0.9677146616573651,-0.0046151948639808985,-0.0210706030717177,0.011840213343755903,0.5570954591730495,0.22930908203125,-0.36666666666666664,higher,1.0,1.0,False,False
gdm_diag,0.7,brier,Cent-XGB,15,0.032882029314835824,0.023103115831812182,0.009778913483023646,-0.00048360053250267633,0.020041427498549966,0.06027055278844823,0.0008544921875,0.9,lower,1.0,0.05126953125,False,False
gdm_diag,0.7,auroc,FedAvg-GCN,15,0.988012059914336,0.9907010050700407,-0.0026889451557044067,-0.006898823686046594,0.0015209333746377804,0.1922816828372398,0.00836181640625,-0.75,higher,1.0,0.22576904296875,False,False
gdm_diag,0.7,auprc,FedAvg-GCN,15,0.9800976439465703,0.9845126883322226,-0.004415044385652597,-0.010760072970121042,0.0019299841988158492,0.15778316589823793,0.00836181640625,-0.75,higher,1.0,0.27593994140625,False,False
gdm_diag,0.7,macro_f1,FedAvg-GCN,15,0.9630994667933841,0.9676207570082382,-0.004521290214854205,-0.019749402230511665,0.010706821800803257,0.534532185376448,0.359130859375,-0.2833333333333333,higher,1.0,1.0,False,False
gdm_diag,0.7,brier,FedAvg-GCN,15,0.032882029314835824,0.02419873736798759,0.008683291946848241,0.0007168375585626611,0.016649746335133823,0.034763345732493976,6.103515625e-05,1.0,lower,1.0,0.00518798828125,False,False
gdm_diag,0.7,auroc,FedAvg-LR,15,0.988012059914336,0.982747830710651,0.00526422920368507,0.0015231081993030732,0.009005350208067068,0.009216938994411233,0.00018310546875,0.9666666666666667,higher,0.5961485875331066,0.00897216796875,False,False
gdm_diag,0.7,auprc,FedAvg-LR,15,0.9800976439465703,0.9729638556246608,0.007133788321909444,-0.0006841130616151159,0.014951689705434004,0.07057931427663673,0.00115966796875,0.8833333333333333,higher,1.0,0.04986572265625,False,False
gdm_diag,0.7,macro_f1,FedAvg-LR,15,0.9630994667933841,0.964989193566134,-0.0018897267727498188,-0.01585907106777434,0.012079617522274702,0.7759625159720361,0.93408203125,0.03333333333333333,higher,1.0,1.0,False,False
gdm_diag,0.7,brier,FedAvg-LR,15,0.032882029314835824,0.03303981820742285,-0.0001577888925870204,-0.012928223934363119,0.012612646149189078,0.9792321404054574,0.890380859375,0.05,lower,1.0,1.0,False,False
gdm_diag,0.7,auroc,FedAvg-MLP,15,0.988012059914336,0.9903049496493476,-0.002292889735011472,-0.006213863963183615,0.0016280844931606713,0.23029995522043825,0.01025390625,-0.7333333333333333,higher,1.0,0.2666015625,False,False
gdm_diag,0.7,auprc,FedAvg-MLP,15,0.9800976439465703,0.9842606107602648,-0.004162966813694576,-0.011602478496993592,0.0032765448696044407,0.24998897933890912,0.02557373046875,-0.65,higher,1.0,0.74163818359375,False,False
gdm_diag,0.7,macro_f1,FedAvg-MLP,15,0.9630994667933841,0.9678991333676218,-0.004799666574237656,-0.020688584152645417,0.011089251004170107,0.5275395620600702,0.33026123046875,-0.3,higher,1.0,1.0,False,False
gdm_diag,0.7,brier,FedAvg-MLP,15,0.032882029314835824,0.02586117473741368,0.007020854577422146,-0.002377283681555444,0.016418992836399735,0.1314144256975089,0.00042724609375,0.9333333333333333,lower,1.0,0.029052734375,False,False
gdm_diag,0.7,auroc,FedAvg-SAGE,15,0.988012059914336,0.988163862728623,-0.00015180281428681664,-0.004601102203427169,0.004297496574853537,0.9427007967967144,0.803955078125,-0.08333333333333333,higher,1.0,1.0,False,False
gdm_diag,0.7,auprc,FedAvg-SAGE,15,0.9800976439465703,0.9806371179656216,-0.0005394740190513965,-0.006268568874666124,0.005189620836563331,0.8428520661293974,0.33026123046875,-0.3,higher,1.0,1.0,False,False
gdm_diag,0.7,macro_f1,FedAvg-SAGE,15,0.9630994667933841,0.9655615921082007,-0.0024621253148164584,-0.017717811068169782,0.012793560438536867,0.7343780190012078,0.846923828125,-0.06666666666666667,higher,1.0,1.0,False,False
gdm_diag,0.7,brier,FedAvg-SAGE,15,0.032882029314835824,0.031152127807338982,0.0017299015074968462,-0.005430954981227745,0.008890757996221438,0.6124569762701565,0.12054443359375,0.4666666666666667,lower,1.0,1.0,False,False
gdm_diag,0.7,auroc,FedEns-RF,15,0.988012059914336,0.9969837556930944,-0.008971695778758308,-0.01448518877073163,-0.003458202786784984,0.0036058030151189246,6.103515625e-05,-1.0,higher,0.2632236201036815,0.00518798828125,False,False
gdm_diag,0.7,auprc,FedEns-RF,15,0.9800976439465703,0.9952758612458145,-0.015178217299244496,-0.02303562543079553,-0.007320809167693463,0.0009948529163088602,6.103515625e-05,-1.0,higher,0.0825727920536354,0.00518798828125,False,False
gdm_diag,0.7,macro_f1,FedEns-RF,15,0.9630994667933841,0.9669653460417178,-0.003865879248333548,-0.01926297863730783,0.011531220140640737,0.5986837357094474,0.27685546875,-0.3333333333333333,higher,1.0,1.0,False,False
gdm_diag,0.7,brier,FedEns-RF,15,0.032882029314835824,0.022264820904334594,0.010617208410501233,0.002022726886918992,0.019211689934083474,0.019045251714334188,0.0001220703125,0.9833333333333333,lower,1.0,0.0093994140625,False,False
gdm_diag,0.7,auroc,FedEns-SVM,15,0.988012059914336,0.9966565339852479,-0.008644474070911557,-0.014186700527082048,-0.003102247614741065,0.00480847730243718,6.103515625e-05,-1.0,higher,0.34140188847303976,0.00518798828125,False,False
gdm_diag,0.7,auprc,FedEns-SVM,15,0.9800976439465703,0.9942732442377884,-0.014175600291218338,-0.022140339445322135,-0.00621086113711454,0.001885387103038629,6.103515625e-05,-1.0,higher,0.1432894198309358,0.00518798828125,False,False
gdm_diag,0.7,macro_f1,FedEns-SVM,15,0.9630994667933841,0.9692393033489977,-0.006139836555613513,-0.02019409097287734,0.007914417861650314,0.3646491414956058,0.063720703125,-0.55,higher,1.0,1.0,False,False
gdm_diag,0.7,brier,FedEns-SVM,15,0.032882029314835824,0.02267991937599577,0.010202109938840059,0.0007141415888925647,0.019690078288787553,0.03691215887271884,0.00042724609375,0.9333333333333333,lower,1.0,0.029052734375,False,False
gdm_diag,0.7,auroc,FedEns-XGB,15,0.988012059914336,0.9945447873161993,-0.00653272740186317,-0.013232571374492807,0.00016711657076646635,0.055215369579913666,0.00018310546875,-0.9666666666666667,higher,1.0,0.00897216796875,False,False
gdm_diag,0.7,auprc,FedEns-XGB,15,0.9800976439465703,0.9910099860073314,-0.010912342060761141,-0.018544485962226177,-0.0032801981592961047,0.008369649923376327,0.0001220703125,-0.9833333333333333,higher,0.5691361947895902,0.00732421875,False,False
gdm_diag,0.7,macro_f1,FedEns-XGB,15,0.9630994667933841,0.9684149668747416,-0.005315500081357371,-0.02308858129986808,0.012457581137153338,0.5315898002990423,0.22930908203125,-0.36666666666666664,higher,1.0,1.0,False,False
gdm_diag,0.7,brier,FedEns-XGB,15,0.032882029314835824,0.026625024448957455,0.006257004865878376,-0.0057032221663074634,0.018217231898064214,0.2807184180454311,0.03533935546875,0.6166666666666667,lower,1.0,1.0,False,False
gdm_diag,0.7,auroc,FedMatch-tab,15,0.988012059914336,0.990294222240968,-0.002282162326631861,-0.006173709974549817,0.0016093853212860959,0.2290431114834864,0.012451171875,-0.7166666666666667,higher,1.0,0.298828125,False,False
gdm_diag,0.7,auprc,FedMatch-tab,15,0.9800976439465703,0.9841997500258551,-0.00410210607928488,-0.01189805156032061,0.0036938394017508504,0.27805473729531854,0.02557373046875,-0.65,higher,1.0,0.74163818359375,False,False
gdm_diag,0.7,macro_f1,FedMatch-tab,15,0.9630994667933841,0.9670087958455319,-0.003909329052147707,-0.020239508121638,0.01242085001734259,0.6156457373704605,0.638671875,-0.15,higher,1.0,1.0,False,False
gdm_diag,0.7,brier,FedMatch-tab,15,0.032882029314835824,0.02568775514761601,0.007194274167219821,-0.0021157177060491033,0.016504266040488744,0.11967309217414418,0.0001220703125,0.9833333333333333,lower,1.0,0.0093994140625,False,False
gdm_diag,0.7,auroc,FedProx-LR,15,0.988012059914336,0.9829723745705709,0.005039685343765266,0.0013533070824419645,0.008726063605088567,0.010924829808630371,0.00018310546875,0.9666666666666667,higher,0.6773394481350831,0.00897216796875,False,False
gdm_diag,0.7,auprc,FedProx-LR,15,0.9800976439465703,0.9733170506248943,0.006780593321676065,-0.000809875949537236,0.014371062592889366,0.07602028672899301,0.00152587890625,0.8666666666666667,higher,1.0,0.06256103515625,False,False
gdm_diag,0.7,macro_f1,FedProx-LR,15,0.9630994667933841,0.965174903153575,-0.002075436360190904,-0.017038200158733013,0.012887327438351203,0.7704563164009692,0.97796630859375,0.016666666666666666,higher,1.0,1.0,False,False
gdm_diag,0.7,brier,FedProx-LR,15,0.032882029314835824,0.03261980103949702,0.0002622282753388126,-0.01147904393884999,0.012003500489527615,0.9624714387796525,0.93408203125,0.03333333333333333,lower,1.0,1.0,False,False
gdm_diag,0.7,auroc,FedST-XGB,15,0.988012059914336,0.9933498311643454,-0.0053377712500092345,-0.013033174022820742,0.0023576315228022726,0.15900714315135428,0.0067138671875,-0.7666666666666667,higher,1.0,0.201416015625,False,False
gdm_diag,0.7,auprc,FedST-XGB,15,0.9800976439465703,0.9885834576035168,-0.008485813656946806,-0.01801730317851747,0.0010456758646238597,0.0769076625224109,0.0008544921875,-0.9,higher,1.0,0.039306640625,False,False
gdm_diag,0.7,macro_f1,FedST-XGB,15,0.9630994667933841,0.9683234322436266,-0.005223965450242396,-0.02349665342104509,0.013048722520560298,0.5495954249357191,0.27685546875,-0.3333333333333333,higher,1.0,1.0,False,False
gdm_diag,0.7,brier,FedST-XGB,15,0.032882029314835824,0.02843787459671031,0.0044441547181255136,-0.008461981316183944,0.017350290752434973,0.47238367924601793,0.1353759765625,0.45,lower,1.0,1.0,False,False
gdm_diag,0.7,auroc,Local-GCN,15,0.988012059914336,0.9766931782881286,0.011318881626207327,-0.005216957845689494,0.02785472109810415,0.16417843789081413,0.0042724609375,0.8,higher,1.0,0.145263671875,False,False
gdm_diag,0.7,auprc,Local-GCN,15,0.9800976439465703,0.9628272541617807,0.017270389784789543,-0.006987194070108834,0.04152797363968792,0.14903376305044042,0.00115966796875,0.8833333333333333,higher,1.0,0.04986572265625,False,False
gdm_diag,0.7,macro_f1,Local-GCN,15,0.9630994667933841,0.9498318358647618,0.01326763092862225,-0.02276038093667998,0.04929564279392448,0.4427961957541722,0.012451171875,0.7166666666666667,higher,1.0,0.97119140625,False,False
gdm_diag,0.7,brier,Local-GCN,15,0.032882029314835824,0.04197328016161914,-0.009091250846783312,-0.0343327686158728,0.01615026692230617,0.45266950881304036,0.1876220703125,-0.4,lower,1.0,1.0,False,False
gdm_diag,0.7,auroc,Local-LR,15,0.988012059914336,0.9758753057206145,0.01213675419372154,0.001374564230729878,0.022898944156713202,0.029780712874845624,0.0006533107814151376,1.0,higher,1.0,0.02417249891236009,False,False
gdm_diag,0.7,auprc,Local-LR,15,0.9800976439465703,0.9658635560824317,0.014234087864138519,0.001590934491660716,0.02687724123661632,0.030012927867449045,0.00018310546875,0.9666666666666667,higher,1.0,0.01007080078125,False,False
gdm_diag,0.7,macro_f1,Local-LR,15,0.9630994667933841,0.9505985062252937,0.012500960568090417,-0.010297898342607702,0.03529981947878853,0.25919839586688304,0.00335693359375,0.8166666666666667,higher,1.0,0.2752685546875,False,False
gdm_diag,0.7,brier,Local-LR,15,0.032882029314835824,0.0406753189861774,-0.00779328967134158,-0.019015492467316965,0.0034289131246338037,0.1585483248550495,0.00115966796875,-0.8833333333333333,lower,1.0,0.06842041015625,False,False
gdm_diag,0.7,auroc,Local-TGNN,15,0.988012059914336,0.9860661203788007,0.0019459395355353756,-0.0024203527606908347,0.006312231831761586,0.35535147728105915,0.0301513671875,0.6333333333333333,higher,1.0,0.663330078125,False,False
gdm_diag,0.7,auprc,Local-TGNN,15,0.9800976439465703,0.9770727158478666,0.0030249280987036348,-0.004642212482662727,0.010692068680069998,0.4116796257963942,0.01507568359375,0.7,higher,1.0,0.482421875,False,False
gdm_diag,0.7,macro_f1,Local-TGNN,15,0.9630994667933841,0.9614112543672856,0.001688212426098564,-0.0164849319087853,0.019861356760982427,0.8449380809342363,0.1353759765625,0.45,higher,1.0,1.0,False,False
gdm_diag,0.7,brier,Local-TGNN,15,0.032882029314835824,0.03873231224715707,-0.005850282932321234,-0.017669627085124123,0.005969061220481655,0.30638098798304975,0.083251953125,-0.5166666666666667,lower,1.0,1.0,False,False
gdm_diag,0.7,auroc,RSCFed-tab,15,0.988012059914336,0.9897067424639557,-0.0016946825496197526,-0.005525674409896606,0.002136309310657101,0.3588284876727084,0.04791259765625,-0.5833333333333334,higher,1.0,0.91033935546875,False,False
gdm_diag,0.7,auprc,RSCFed-tab,15,0.9800976439465703,0.9829137003849998,-0.0028160564384296888,-0.010529056722386982,0.004896943845527605,0.4466294197940066,0.12054443359375,-0.4666666666666667,higher,1.0,1.0,False,False
gdm_diag,0.7,macro_f1,RSCFed-tab,15,0.9630994667933841,0.9685241703432518,-0.005424703549867519,-0.020527758130680796,0.009678351030945758,0.45388902464647857,0.1353759765625,-0.45,higher,1.0,1.0,False,False
gdm_diag,0.7,brier,RSCFed-tab,15,0.032882029314835824,0.025342061246434802,0.007539968068401026,-0.001478654099708934,0.016558590236510986,0.09457527995619866,0.0006103515625,0.9166666666666666,lower,1.0,0.0396728515625,False,False
gdm_diag,0.8,auroc,Cent-GRAND,15,0.9882480804143873,0.9911764838256137,-0.0029284034112265324,-0.006953973370689218,0.0010971665482361528,0.14102106910063905,0.0067138671875,-0.7666666666666667,higher,1.0,0.201416015625,False,False
gdm_diag,0.8,auprc,Cent-GRAND,15,0.9785210558420726,0.9810710286877068,-0.002549972845634385,-0.013089158854176363,0.007989213162907594,0.6119116695083257,0.30279541015625,-0.31666666666666665,higher,1.0,1.0,False,False
gdm_diag,0.8,macro_f1,Cent-GRAND,15,0.9642314080145274,0.9664171301275161,-0.002185722112988538,-0.012302849264404102,0.007931405038427026,0.650225230983347,0.30279541015625,-0.31666666666666665,higher,1.0,1.0,False,False
gdm_diag,0.8,brier,Cent-GRAND,15,0.033097388471166236,0.025064253434538806,0.008033135036627434,-0.005424093056520434,0.0214903631297753,0.22124469858129955,0.00018310546875,0.9666666666666667,lower,1.0,0.01336669921875,False,False
gdm_diag,0.8,auroc,Cent-LR,15,0.9882480804143873,0.9833385851642913,0.004909495250095963,-0.00024924951837935333,0.010068240018571279,0.06055415190981131,0.00201416015625,0.85,higher,1.0,0.07049560546875,False,False
gdm_diag,0.8,auprc,Cent-LR,15,0.9785210558420726,0.9731056220215185,0.005415433820554161,-0.00629890713242322,0.01712977477353154,0.3382624077044265,0.041259765625,0.6,higher,1.0,0.990234375,False,False
gdm_diag,0.8,macro_f1,Cent-LR,15,0.9642314080145274,0.9663847065983944,-0.0021532985838668434,-0.01365275922179386,0.009346162054060173,0.6940303843419384,0.7775646168566407,-0.08571428571428572,higher,1.0,1.0,False,False
gdm_diag,0.8,brier,Cent-LR,15,0.033097388471166236,0.030470960835615738,0.0026264276355505,-0.009776323985613697,0.015029179256714697,0.6566583708187613,0.846923828125,0.06666666666666667,lower,1.0,1.0,False,False
gdm_diag,0.8,auroc,Cent-XGB,15,0.9882480804143873,0.9956154086066077,-0.007367328192220309,-0.0124388301976837,-0.002295826186756918,0.007591678046555093,6.103515625e-05,-1.0,higher,0.5086424291191912,0.00518798828125,False,False
gdm_diag,0.8,auprc,Cent-XGB,15,0.9785210558420726,0.9927127865272125,-0.014191730685139887,-0.025897130203403937,-0.0024863311668758374,0.020962702734920527,6.103515625e-05,-1.0,higher,1.0,0.00518798828125,False,False
gdm_diag,0.8,macro_f1,Cent-XGB,15,0.9642314080145274,0.9664591699497956,-0.002227761935268102,-0.014520430396165122,0.010064906525628917,0.7033504902785735,0.52447509765625,-0.2,higher,1.0,1.0,False,False
gdm_diag,0.8,brier,Cent-XGB,15,0.033097388471166236,0.023659713193774176,0.009437675277392065,-0.005937722939775337,0.024813073494559468,0.20915064173260273,0.00537109375,0.7833333333333333,lower,1.0,0.27392578125,False,False
gdm_diag,0.8,auroc,FedAvg-GCN,15,0.9882480804143873,0.9901501227823517,-0.0019020423679644886,-0.0075963906376069505,0.0037923059016779738,0.4855194903315934,0.25238037109375,-0.35,higher,1.0,1.0,False,False
gdm_diag,0.8,auprc,FedAvg-GCN,15,0.9785210558420726,0.9818426210954699,-0.003321565253397322,-0.01740755909892563,0.010764428592130986,0.6208986456467187,0.638671875,-0.15,higher,1.0,1.0,False,False
gdm_diag,0.8,macro_f1,FedAvg-GCN,15,0.9642314080145274,0.9666209932484411,-0.002389585233913727,-0.01191791016616876,0.0071387396983413065,0.5991030721841893,0.207763671875,-0.38333333333333336,higher,1.0,1.0,False,False
gdm_diag,0.8,brier,FedAvg-GCN,15,0.033097388471166236,0.026147070899605697,0.0069503175715605455,-0.007110611232606087,0.02101124637572718,0.30701655809050954,0.01025390625,0.7333333333333333,lower,1.0,0.48193359375,False,False
gdm_diag,0.8,auroc,FedAvg-LR,15,0.9882480804143873,0.9825168972536334,0.005731183160753665,0.00032534817150570595,0.011137018150001624,0.039244672599767785,0.00030517578125,0.95,higher,1.0,0.01312255859375,False,False
gdm_diag,0.8,auprc,FedAvg-LR,15,0.9785210558420726,0.9713231034346987,0.00719795240737382,-0.006144024728969956,0.020539929543717597,0.26659131176188766,0.02557373046875,0.65,higher,1.0,0.74163818359375,False,False
gdm_diag,0.8,macro_f1,FedAvg-LR,15,0.9642314080145274,0.9648349288959925,-0.000603520881464914,-0.010862516413885642,0.009655474650955813,0.9013879223701324,0.97796630859375,-0.016666666666666666,higher,1.0,1.0,False,False
gdm_diag,0.8,brier,FedAvg-LR,15,0.033097388471166236,0.03419677143295599,-0.001099382961789754,-0.015413809400938592,0.013215043477359086,0.8715152834092279,0.52447509765625,-0.2,lower,1.0,1.0,False,False
gdm_diag,0.8,auroc,FedAvg-MLP,15,0.9882480804143873,0.9896390694561792,-0.0013909890417916164,-0.006985276310657749,0.004203298227074516,0.6021971579085745,0.27685546875,-0.3333333333333333,higher,1.0,1.0,False,False
gdm_diag,0.8,auprc,FedAvg-MLP,15,0.9785210558420726,0.9819310936230327,-0.003410037780960044,-0.017008698550614446,0.010188622988694359,0.5991388059298774,0.33026123046875,-0.3,higher,1.0,1.0,False,False
gdm_diag,0.8,macro_f1,FedAvg-MLP,15,0.9642314080145274,0.9670780182639601,-0.002846610249432476,-0.016193949837285435,0.010500729338420481,0.6543854520012284,0.42120361328125,-0.25,higher,1.0,1.0,False,False
gdm_diag,0.8,brier,FedAvg-MLP,15,0.033097388471166236,0.02741449897487953,0.005682889496286706,-0.009184185524198751,0.020549964516772164,0.4260468100378609,0.02154541015625,0.6666666666666666,lower,1.0,0.84027099609375,False,False
gdm_diag,0.8,auroc,FedAvg-SAGE,15,0.9882480804143873,0.9873808017604687,0.0008672786539187793,-0.003422654506087733,0.005157211813925292,0.6711835535584366,0.25238037109375,0.35,higher,1.0,1.0,False,False
gdm_diag,0.8,auprc,FedAvg-SAGE,15,0.9785210558420726,0.9770912567558996,0.0014297990861730817,-0.008790936250269254,0.011650534422615417,0.7685566277807113,0.52447509765625,0.2,higher,1.0,1.0,False,False
gdm_diag,0.8,macro_f1,FedAvg-SAGE,15,0.9642314080145274,0.9658592022278466,-0.001627794213318971,-0.01126925534248692,0.00801366691584898,0.7226771666922662,0.27685546875,-0.3333333333333333,higher,1.0,1.0,False,False
gdm_diag,0.8,brier,FedAvg-SAGE,15,0.033097388471166236,0.031779770801464664,0.0013176176697015799,-0.019228078097351213,0.02186331343675437,0.892556696567547,0.389404296875,0.26666666666666666,lower,1.0,1.0,False,False
gdm_diag,0.8,auroc,FedEns-RF,15,0.9882480804143873,0.9962208771257135,-0.007972796711326098,-0.013313201075208152,-0.002632392347444044,0.006395116825869162,6.103515625e-05,-1.0,higher,0.4476581778108414,0.00518798828125,False,False
gdm_diag,0.8,auprc,FedEns-RF,15,0.9785210558420726,0.9937978197313193,-0.015276763889246599,-0.027348888454884993,-0.0032046393236082066,0.016785281166151744,6.103515625e-05,-1.0,higher,1.0,0.00518798828125,False,False
gdm_diag,0.8,macro_f1,FedEns-RF,15,0.9642314080145274,0.9654839417235141,-0.001252533708986725,-0.014612454443570896,0.012107387025597445,0.843527856759327,0.97796630859375,-0.016666666666666666,higher,1.0,1.0,False,False
gdm_diag,0.8,brier,FedEns-RF,15,0.033097388471166236,0.025157826845745426,0.007939561625420812,-0.006510341943707346,0.02238946519454897,0.25825502734997025,0.0067138671875,0.7666666666666667,lower,1.0,0.3289794921875,False,False
gdm_diag,0.8,auroc,FedEns-SVM,15,0.9882480804143873,0.9955135719514322,-0.007265491537044737,-0.013035813620078414,-0.001495169454011059,0.017238739345199157,0.0001220703125,-0.9833333333333333,higher,1.0,0.0068359375,False,False
gdm_diag,0.8,auprc,FedEns-SVM,15,0.9785210558420726,0.9917907460277384,-0.01326969018566575,-0.025381286087186018,-0.0011580942841454833,0.03397196091494516,0.00018310546875,-0.9666666666666667,higher,1.0,0.01007080078125,False,False
gdm_diag,0.8,macro_f1,FedEns-SVM,15,0.9642314080145274,0.9693743273731037,-0.005142919358576085,-0.013969725921570229,0.003683887204418059,0.23191372728014858,0.02154541015625,-0.6666666666666666,higher,1.0,1.0,False,False
gdm_diag,0.8,brier,FedEns-SVM,15,0.033097388471166236,0.025754519856076862,0.0073428686150893785,-0.008454021954304187,0.023139759184482942,0.33570371506294283,0.0301513671875,0.6333333333333333,lower,1.0,1.0,False,False
gdm_diag,0.8,auroc,FedEns-XGB,15,0.9882480804143873,0.9927828611106407,-0.004534780696253319,-0.008992410051532139,-7.715134097449877e-05,0.04665418863801523,0.0006103515625,-0.9166666666666666,higher,1.0,0.0238037109375,False,False
gdm_diag,0.8,auprc,FedEns-XGB,15,0.9785210558420726,0.9877536364855857,-0.009232580643513125,-0.02227928193465345,0.003814120647627199,0.15132610388264825,0.0042724609375,-0.8,higher,1.0,0.1580810546875,False,False
gdm_diag,0.8,macro_f1,FedEns-XGB,15,0.9642314080145274,0.9643539898302649,-0.00012258181573742514,-0.012447759260252265,0.012202595628777414,0.9832824340198905,0.97796630859375,0.016666666666666666,higher,1.0,1.0,False,False
gdm_diag,0.8,brier,FedEns-XGB,15,0.033097388471166236,0.034356571725649175,-0.001259183254482933,-0.02261358203849791,0.020095215529532046,0.9011586935968591,0.638671875,0.15,lower,1.0,1.0,False,False
gdm_diag,0.8,auroc,FedMatch-tab,15,0.9882480804143873,0.9895013964544888,-0.001253316040101482,-0.006768903109854877,0.004262271029651913,0.6335435701451778,0.30279541015625,-0.31666666666666665,higher,1.0,1.0,False,False
gdm_diag,0.8,auprc,FedMatch-tab,15,0.9785210558420726,0.981720375317712,-0.003199319475639332,-0.016513904673967274,0.010115265722688609,0.6143399102299749,0.359130859375,-0.2833333333333333,higher,1.0,1.0,False,False
gdm_diag,0.8,macro_f1,FedMatch-tab,15,0.9642314080145274,0.9669718981119181,-0.0027404900973906133,-0.01573123607208428,0.010250255877303051,0.6578708829294398,0.389404296875,-0.26666666666666666,higher,1.0,1.0,False,False
gdm_diag,0.8,brier,FedMatch-tab,15,0.033097388471166236,0.027069323634107863,0.0060280648370583745,-0.008482475304388708,0.02053860497850546,0.38798481296888465,0.01806640625,0.6833333333333333,lower,1.0,0.74072265625,False,False
gdm_diag,0.8,auroc,FedProx-LR,15,0.9882480804143873,0.9827461676836001,0.005501912730787284,0.00014683411545254356,0.010856991346122025,0.044797267694291924,0.00030517578125,0.95,higher,1.0,0.01312255859375,False,False
gdm_diag,0.8,auprc,FedProx-LR,15,0.9785210558420726,0.9715381383243317,0.006982917517741102,-0.006408998630420295,0.020374833665902498,0.28224006113998185,0.0301513671875,0.6333333333333333,higher,1.0,0.783935546875,False,False
gdm_diag,0.8,macro_f1,FedProx-LR,15,0.9642314080145274,0.9637707062198013,0.00046070179472616307,-0.010569970923895647,0.011491374513347972,0.9298913619098382,0.67877197265625,0.13333333333333333,higher,1.0,1.0,False,False
gdm_diag,0.8,brier,FedProx-LR,15,0.033097388471166236,0.03377960436046119,-0.0006822158892949536,-0.014291926760058521,0.012927494981468614,0.9159083376076889,0.5614013671875,-0.18333333333333332,lower,1.0,1.0,False,False
gdm_diag,0.8,auroc,FedST-XGB,15,0.9882480804143873,0.9919697937118285,-0.0037217132974410056,-0.009097212650812671,0.0016537860559306602,0.15972627345156876,0.01025390625,-0.7333333333333333,higher,1.0,0.2666015625,False,False
gdm_diag,0.8,auprc,FedST-XGB,15,0.9785210558420726,0.9853059394034491,-0.0067848835613765575,-0.02130802543414535,0.007738258311392234,0.3333504873860832,0.02154541015625,-0.6666666666666666,higher,1.0,0.6463623046875,False,False
gdm_diag,0.8,macro_f1,FedST-XGB,15,0.9642314080145274,0.9656162546293133,-0.001384846614785662,-0.01223104618496608,0.009461352955394756,0.78820097493348,0.5994873046875,-0.16666666666666666,higher,1.0,1.0,False,False
gdm_diag,0.8,brier,FedST-XGB,15,0.033097388471166236,0.035576201885473585,-0.0024788134143073465,-0.02349749313197538,0.01853986630336069,0.8039885818433122,0.890380859375,-0.05,lower,1.0,1.0,False,False
gdm_diag,0.8,auroc,Local-GCN,15,0.9882480804143873,0.9755535263108389,0.012694554103548354,-0.005044432164679594,0.030433540371776303,0.1471005585733095,0.00030517578125,0.95,higher,1.0,0.01312255859375,False,False
gdm_diag,0.8,auprc,Local-GCN,15,0.9785210558420726,0.9595052851471835,0.01901577069488908,-0.007160524662663488,0.04519206605244165,0.1415272699576547,0.00201416015625,0.85,higher,1.0,0.07855224609375,False,False
gdm_diag,0.8,macro_f1,Local-GCN,15,0.9642314080145274,0.9453213196143011,0.01891008840022646,-0.008453390035041086,0.04627356683549401,0.16044440963997608,0.00018310546875,0.9666666666666667,higher,1.0,0.015380859375,False,False
gdm_diag,0.8,brier,Local-GCN,15,0.033097388471166236,0.04748794585466381,-0.014390557383497569,-0.04194152266179235,0.013160407894797214,0.28144705807020093,0.00836181640625,-0.75,lower,1.0,0.4013671875,False,False
gdm_diag,0.8,auroc,Local-LR,15,0.9882480804143873,0.9742074029654927,0.014040677448894567,0.0007211900967606134,0.02736016480102852,0.04021691024264066,6.103515625e-05,1.0,higher,1.0,0.00518798828125,False,False
gdm_diag,0.8,auprc,Local-LR,15,0.9785210558420726,0.9628788574903017,0.015642198351770935,-0.004632945183712631,0.0359173418872545,0.12022296439944588,0.00262451171875,0.8333333333333334,higher,1.0,0.0997314453125,False,False
gdm_diag,0.8,macro_f1,Local-LR,15,0.9642314080145274,0.9432152526071385,0.021016155407388912,-0.0019053862654723336,0.04393769708025016,0.06938828228095968,6.103515625e-05,1.0,higher,1.0,0.00518798828125,False,False
gdm_diag,0.8,brier,Local-LR,15,0.033097388471166236,0.04692919279138243,-0.013831804320216192,-0.03189900676824141,0.004235398127809027,0.12285467706296313,0.0001220703125,-0.9833333333333333,lower,1.0,0.0093994140625,False,False
gdm_diag,0.8,auroc,Local-TGNN,15,0.9882480804143873,0.9848386535669387,0.003409426847448775,-0.0015832436971980391,0.00840209739209559,0.16511082609985397,0.0042724609375,0.8,higher,1.0,0.145263671875,False,False
gdm_diag,0.8,auprc,Local-TGNN,15,0.9785210558420726,0.9760803499227702,0.002440705919302529,-0.008336145762269454,0.013217557600874513,0.6346626967102177,0.0946044921875,0.5,higher,1.0,1.0,False,False
gdm_diag,0.8,macro_f1,Local-TGNN,15,0.9642314080145274,0.9578998954483315,0.006331512566196003,-0.004314732596446043,0.01697775772883805,0.2228763731654095,0.00836181640625,0.75,higher,1.0,0.66058349609375,False,False
gdm_diag,0.8,brier,Local-TGNN,15,0.033097388471166236,0.04647225514054295,-0.013374866669376706,-0.036557500297749845,0.00980776695899643,0.2362908605375296,0.00030517578125,-0.95,lower,1.0,0.0213623046875,False,False
gdm_diag,0.8,auroc,RSCFed-tab,15,0.9882480804143873,0.9892961118860257,-0.0010480314716386774,-0.006714703812773754,0.0046186408694964,0.6975908019940312,0.45428466796875,-0.23333333333333334,higher,1.0,1.0,False,False
gdm_diag,0.8,auprc,RSCFed-tab,15,0.9785210558420726,0.9811245669445374,-0.0026035111024648025,-0.01656185950053986,0.011354837295610255,0.695160187042527,0.52447509765625,-0.2,higher,1.0,1.0,False,False
gdm_diag,0.8,macro_f1,RSCFed-tab,15,0.9642314080145274,0.9667474006878438,-0.0025159926733162806,-0.012412532826500023,0.007380547479867461,0.5941503071595505,0.359130859375,-0.2833333333333333,higher,1.0,1.0,False,False
gdm_diag,0.8,brier,RSCFed-tab,15,0.033097388471166236,0.026834207524855876,0.006263180946310367,-0.007790546681380512,0.020316908574001244,0.3553655527629903,0.02154541015625,0.6666666666666666,lower,1.0,0.84027099609375,False,False
gdm_early,0.1,auroc,Cent-GRAND,50,0.987717940646486,0.9927091561325122,-0.004991215486026069,-0.012348542234735242,0.002366111262683105,0.17902043331806047,2.5226754019058717e-10,-0.9011764705882352,higher,1.0,1.1099771768385835e-08,False,False
gdm_early,0.1,auprc,Cent-GRAND,50,0.973263143082482,0.9808190382424787,-0.007555895159996801,-0.026198007768955946,0.011086217448962345,0.41929534390635986,0.0005734773907004609,-0.5450980392156862,higher,1.0,0.016630844330313366,False,False
gdm_early,0.1,macro_f1,Cent-GRAND,50,0.9636295152520518,0.968431395679648,-0.004801880427596197,-0.016471650207739733,0.006867889352547338,0.41230212801265653,0.0002857006608838475,-0.571764705882353,higher,1.0,0.017999141635682392,False,False
gdm_early,0.1,brier,Cent-GRAND,50,0.03098741680383678,0.022661792282015036,0.008325624521821737,-0.0010101341403417254,0.017661383183985198,0.07928624663418547,2.4868995751603507e-14,0.9905882352941177,lower,1.0,1.9397816686250735e-12,False,False
gdm_early,0.1,auroc,Cent-LR,50,0.987717940646486,0.9804200777328959,0.007297862913590425,0.0002828121280087949,0.014312913699172055,0.04177427986846156,3.489741828843762e-10,0.8964705882352941,higher,1.0,1.5005889864028177e-08,False,False
gdm_early,0.1,auprc,Cent-LR,50,0.973263143082482,0.9594756976896736,0.013787445392808163,-0.0029262077857338947,0.03050109857135022,0.10375926199113489,1.260182003193222e-08,0.8368627450980393,higher,1.0,5.544800814050177e-07,False,False
gdm_early,0.1,macro_f1,Cent-LR,50,0.9636295152520518,0.9672737251007484,-0.003644209848696571,-0.015560019066959273,0.008271599369566132,0.5416702948078913,0.03539143616493412,-0.3411764705882353,higher,1.0,1.0,False,False
gdm_early,0.1,brier,Cent-LR,50,0.03098741680383678,0.031449775137007197,-0.0004623583331704221,-0.009930456041606589,0.009005739375265746,0.9222261008935484,0.04944640680060175,-0.3192156862745098,lower,1.0,1.0,False,False
gdm_early,0.1,auroc,Cent-XGB,50,0.987717940646486,0.997765358225581,-0.010047417579094848,-0.017414195025435297,-0.0026806401327544,0.008528458250271362,1.7763568394002505e-15,-1.0,higher,0.5628782445179099,1.509903313490213e-13,False,False
gdm_early,0.1,auprc,Cent-XGB,50,0.973263143082482,0.9963623237100674,-0.023099180627585474,-0.0390092215862149,-0.0071891396689560474,0.0053111003421277125,1.7763568394002505e-15,-1.0,higher,0.3823992246331953,1.509903313490213e-13,False,False
gdm_early,0.1,macro_f1,Cent-XGB,50,0.9636295152520518,0.9693698536691661,-0.005740338417114115,-0.01779776872500515,0.00631709189077692,0.3434028837415956,0.00013091293773367284,-0.6277551020408163,higher,1.0,0.00877116682815608,False,False
gdm_early,0.1,brier,Cent-XGB,50,0.03098741680383678,0.021545962747186377,0.009441454056650396,-0.0013011118070244514,0.020184019920325244,0.08359496447165851,7.65609797781508e-12,0.9450980392156862,lower,1.0,5.435829564248706e-10,False,False
gdm_early,0.1,auroc,FedAvg-GCN,50,0.987717940646486,0.9897969343989458,-0.0020789937524595924,-0.008840012587043302,0.004682025082124118,0.5394774316165588,0.01531204751384152,-0.39137254901960783,higher,1.0,0.3674891403321965,False,False
gdm_early,0.1,auprc,FedAvg-GCN,50,0.973263143082482,0.9765854691905663,-0.0033223261080844034,-0.02006927177014855,0.013424619553979743,0.6918701826478725,0.12316903051698347,-0.25176470588235295,higher,1.0,1.0,False,False
gdm_early,0.1,macro_f1,FedAvg-GCN,50,0.9636295152520518,0.9688093468372948,-0.005179831585243,-0.01700813620078049,0.00664847303029449,0.3831389448433599,0.000251529064962952,-0.5764705882352941,higher,1.0,0.016292776064734053,False,False
gdm_early,0.1,brier,FedAvg-GCN,50,0.03098741680383678,0.02571551818400616,0.005271898619830611,-0.002302898853034644,0.012846696092695866,0.16822409388725562,7.798730550234723e-08,0.8007843137254902,lower,1.0,4.055339886122056e-06,False,False
gdm_early,0.1,auroc,FedAvg-LR,50,0.987717940646486,0.9800288506561458,0.007689089990340239,0.0014950945106081597,0.013883085470072318,0.016028557959590944,1.4432899320127035e-10,0.9090196078431373,higher,0.8815706877775019,6.639133687258436e-09,False,False
gdm_early,0.1,auprc,FedAvg-LR,50,0.973263143082482,0.9603319249223055,0.012931218160176427,-0.0027055088715965316,0.028567945191949384,0.10292367346439031,6.220717985172541e-08,0.8054901960784314,higher,1.0,2.550494373920742e-06,False,False
gdm_early,0.1,macro_f1,FedAvg-LR,50,0.9636295152520518,0.9637376777945932,-0.00010816254254132796,-0.00880498938105501,0.008588664295972354,0.9801619661283502,0.8407540567937097,0.03372549019607843,higher,1.0,1.0,False,False
gdm_early,0.1,brier,FedAvg-LR,50,0.03098741680383678,0.03699051391333337,-0.006003097109496596,-0.015763765338714975,0.003757571119721785,0.2223703732951771,1.2841054282120012e-06,-0.7364705882352941,lower,1.0,5.264832255669205e-05,False,False
gdm_early,0.1,auroc,FedAvg-MLP,50,0.987717940646486,0.9881172277861857,-0.0003992871396996356,-0.0064358218528537126,0.005637247573454442,0.8947982352046042,0.6051405400941228,0.08549019607843138,higher,1.0,1.0,False,False
gdm_early,0.1,auprc,FedAvg-MLP,50,0.973263143082482,0.9727381221472864,0.0005250209351955237,-0.015700770075599526,0.01675081194599057,0.948419297876708,0.44326672141018975,0.12627450980392158,higher,1.0,1.0,False,False
gdm_early,0.1,macro_f1,FedAvg-MLP,50,0.9636295152520518,0.9687066991388826,-0.005077183886830856,-0.012659494941718513,0.0025051271680568005,0.1846157846238283,6.403891610776941e-07,-0.8171428571428572,higher,1.0,4.7388797919749365e-05,False,False
gdm_early,0.1,brier,FedAvg-MLP,50,0.03098741680383678,0.03015563853085037,0.0008317782729864037,-0.013390705344665027,0.015054261890637835,0.906923148406082,0.055465717070337206,0.31137254901960787,lower,1.0,1.0,False,False
gdm_early,0.1,auroc,FedAvg-SAGE,50,0.987717940646486,0.9869756341547677,0.0007423064917182831,-0.0055473578338410745,0.007031970817277641,0.813513588871146,0.07395602411280144,0.2909803921568627,higher,1.0,1.0,False,False
gdm_early,0.1,auprc,FedAvg-SAGE,50,0.973263143082482,0.972886204057129,0.00037693902535281156,-0.012581581577668212,0.013335459628373835,0.9536241304338667,0.5852066143769612,0.09019607843137255,higher,1.0,1.0,False,False
gdm_early,0.1,macro_f1,FedAvg-SAGE,50,0.9636295152520518,0.9621845610217921,0.0014449542302596985,-0.012708652515598015,0.015598560976117412,0.8382975608650425,0.813509850898606,0.0391156462585034,higher,1.0,1.0,False,False
gdm_early,0.1,brier,FedAvg-SAGE,50,0.03098741680383678,0.03510742353275414,-0.004120006728917366,-0.016943804138197297,0.008703790680362564,0.5215293112500546,0.13807290852462017,-0.24235294117647058,lower,1.0,1.0,False,False
gdm_early,0.1,auroc,FedEns-RF,50,0.987717940646486,0.9979692282884552,-0.010251287641969104,-0.017519036693291207,-0.002983538590647001,0.006648693211267113,1.7763568394002505e-15,-1.0,higher,0.47205721799996503,1.509903313490213e-13,False,False
gdm_early,0.1,auprc,FedEns-RF,50,0.973263143082482,0.9968768731800995,-0.023613730097617473,-0.03958697789312067,-0.0076404823021142786,0.0045911501318086105,1.7763568394002505e-15,-1.0,higher,0.3441584757677719,1.509903313490213e-13,False,False
gdm_early,0.1,macro_f1,FedEns-RF,50,0.9636295152520518,0.9697490420520133,-0.0061195267999614895,-0.017370057368251878,0.005131003768328899,0.2797067008917425,2.245877567640177e-06,-0.7763265306122449,higher,1.0,0.00016371797647243692,False,False
gdm_early,0.1,brier,FedEns-RF,50,0.03098741680383678,0.01936386621683014,0.011623550587006632,0.0029384948566260356,0.020308606317387227,0.009754900495923065,3.552713678800501e-15,0.9984313725490196,lower,0.8194116416575374,2.948752353404416e-13,False,False
gdm_early,0.1,auroc,FedEns-SVM,50,0.987717940646486,0.99734217871448,-0.00962423806799406,-0.016974272548385166,-0.002274203587602954,0.011338041127202545,1.7763568394002505e-15,-1.0,higher,0.7142965910137604,1.509903313490213e-13,False,False
gdm_early,0.1,auprc,FedEns-SVM,50,0.973263143082482,0.9949693498965202,-0.021706206814038235,-0.03781347859835256,-0.005598935029723907,0.009292502756858856,1.7763568394002505e-15,-1.0,higher,0.6133051819526845,1.509903313490213e-13,False,False
gdm_early,0.1,macro_f1,FedEns-SVM,50,0.9636295152520518,0.9703343879056385,-0.006704872653586753,-0.019021066373863665,0.005611321066690158,0.279302841276516,8.53065594451054e-06,-0.7306122448979592,higher,1.0,0.0005971459161157378,False,False
gdm_early,0.1,brier,FedEns-SVM,50,0.03098741680383678,0.020242377629387902,0.010745039174448872,0.002760530386078876,0.018729547962818865,0.009384047613038812,1.7763568394002505e-15,1.0,lower,0.7976440471082991,1.509903313490213e-13,False,False
gdm_early,0.1,auroc,FedEns-XGB,50,0.987717940646486,0.9971117677017315,-0.009393827055245456,-0.01680238243662279,-0.0019852716738681195,0.014017847635668879,1.7763568394002505e-15,-1.0,higher,0.813035162868795,1.509903313490213e-13,False,False
gdm_early,0.1,auprc,FedEns-XGB,50,0.973263143082482,0.9952457271014216,-0.02198258401893963,-0.0382040977448805,-0.005761070292998761,0.008930786924550712,1.7763568394002505e-15,-1.0,higher,0.5983627239448976,1.509903313490213e-13,False,False
gdm_early,0.1,macro_f1,FedEns-XGB,50,0.9636295152520518,0.9685093371480268,-0.004879821895974996,-0.016206915253126414,0.006447271461176422,0.39084948552170995,0.0002857006608838475,-0.571764705882353,higher,1.0,0.017999141635682392,False,False
gdm_early,0.1,brier,FedEns-XGB,50,0.03098741680383678,0.021912080407952277,0.009075336395884493,5.157610555212716e-05,0.01809909668621686,0.048754600149143304,1.3149694666481082e-09,0.876078431372549,lower,1.0,8.152810693218271e-08,False,False
gdm_early,0.1,auroc,FedMatch-tab,50,0.987717940646486,0.988037929120211,-0.0003199884737248926,-0.0065093114760153515,0.005869334528565566,0.9176766061499616,0.43191110415215306,0.12941176470588237,higher,1.0,1.0,False,False
gdm_early,0.1,auprc,FedMatch-tab,50,0.973263143082482,0.9726259131551476,0.0006372299273342374,-0.015624232327411426,0.0168986921820799,0.9375535934168521,0.4262959591146398,0.13098039215686275,higher,1.0,1.0,False,False
gdm_early,0.1,macro_f1,FedMatch-tab,50,0.9636295152520518,0.9690118212110046,-0.005382305958952802,-0.012795698655388045,0.002031086737482441,0.15094588708144072,2.5633326572460646e-09,-0.8650980392156863,higher,1.0,2.0506661257968517e-07,False,False
gdm_early,0.1,brier,FedMatch-tab,50,0.03098741680383678,0.030073882415890655,0.0009135343879461236,-0.012941648213401895,0.014768716989294143,0.8951311932247012,0.056738698656332076,0.30980392156862746,lower,1.0,1.0,False,False
gdm_early,0.1,auroc,FedProx-LR,50,0.987717940646486,0.980116165833567,0.007601774812919111,0.001364302107439686,0.013839247518398535,0.017943630610018614,1.4432899320127035e-10,0.9090196078431373,higher,0.9338972105734678,6.639133687258436e-09,False,False
gdm_early,0.1,auprc,FedProx-LR,50,0.973263143082482,0.960429774026066,0.012833369056415968,-0.002816762009353024,0.02848350012218496,0.10577475617001574,9.051156624195755e-08,0.7976470588235294,higher,1.0,3.620462649678302e-06,False,False
gdm_early,0.1,macro_f1,FedProx-LR,50,0.9636295152520518,0.9641781777181941,-0.0005486624661424177,-0.009092812147599938,0.007995487215315102,0.8978504010482818,0.8229019354214293,-0.036734693877551024,higher,1.0,1.0,False,False
gdm_early,0.1,brier,FedProx-LR,50,0.03098741680383678,0.03669679094105955,-0.005709374137222771,-0.014924510998069821,0.0035057627236242794,0.21903059391279764,1.6455253124547653e-06,-0.7301960784313726,lower,1.0,6.417548718573585e-05,False,False
gdm_early,0.1,auroc,FedST-XGB,50,0.987717940646486,0.9970533360950755,-0.009335395448589356,-0.016750439683786034,-0.0019203512133926784,0.014670374720483692,1.7763568394002505e-15,-1.0,higher,0.8362113590675704,1.509903313490213e-13,False,False
gdm_early,0.1,auprc,FedST-XGB,50,0.973263143082482,0.9950339700380744,-0.0217708269555924,-0.038036767417890416,-0.005504886493294385,0.009750254351535117,1.7763568394002505e-15,-1.0,higher,0.6337665328497826,1.509903313490213e-13,False,False
gdm_early,0.1,macro_f1,FedST-XGB,50,0.9636295152520518,0.9686252449116753,-0.004995729659623411,-0.016997209314718275,0.007005749995471451,0.4069320544301765,0.0005086665780176247,-0.5498039215686275,higher,1.0,0.02899399494700461,False,False
gdm_early,0.1,brier,FedST-XGB,50,0.03098741680383678,0.022236512860650485,0.008750903943186294,-0.00029058025752714406,0.01779238814389973,0.057526413830501354,3.3822118439275073e-09,0.8603921568627451,lower,1.0,2.0293271063565044e-07,False,False
gdm_early,0.1,auroc,Local-GCN,50,0.987717940646486,0.9690780426700613,0.018639897976424763,-0.006402321513330658,0.043682117466180184,0.14111790298855137,5.329070518200751e-15,0.9968627450980392,higher,1.0,3.517186542012496e-13,False,False
gdm_early,0.1,auprc,Local-GCN,50,0.973263143082482,0.9462784567544147,0.0269846863280675,-0.005701656288234391,0.05967102894436939,0.10349717982316112,4.218847493575595e-12,0.9513725490196079,higher,1.0,2.404743071338089e-10,False,False
gdm_early,0.1,macro_f1,Local-GCN,50,0.9636295152520518,0.9409588063535717,0.02267070889848035,-0.019841411845044718,0.06518282964200542,0.28912327955224826,2.7300561772413507e-06,0.769795918367347,higher,1.0,0.0001938339885841359,False,False
gdm_early,0.1,brier,Local-GCN,50,0.03098741680383678,0.05088456768542523,-0.019897150881588457,-0.0548498512738852,0.015055549510708283,0.25819414939947527,1.507920117660433e-07,-0.7866666666666666,lower,1.0,7.388808576536121e-06,False,False
gdm_early,0.1,auroc,Local-LR,50,0.987717940646486,0.9754133090180679,0.01230463162841825,0.0012668204905106808,0.02334244276632582,0.029644962154730482,3.863753761379485e-11,0.9262745098039216,higher,1.0,1.8932393430759475e-09,False,False
gdm_early,0.1,auprc,Local-LR,50,0.973263143082482,0.9554444675493747,0.01781867553310718,-0.00017891083800857313,0.035816261904222935,0.052231591995904,8.008242957657785e-10,0.883921568627451,higher,1.0,4.0842039084054704e-08,False,False
gdm_early,0.1,macro_f1,Local-LR,50,0.9636295152520518,0.958704549232079,0.00492496601997289,-0.00913444382592312,0.018984375865868902,0.4847973572686658,0.001204280237910216,0.5314285714285715,higher,1.0,0.06548835091557237,False,False
gdm_early,0.1,brier,Local-LR,50,0.03098741680383678,0.03696120653301473,-0.005973789729177958,-0.014924119890872799,0.002976540432516883,0.18601789278854827,4.578190981874286e-08,-0.8117647058823529,lower,1.0,2.5637869498496e-06,False,False
gdm_early,0.1,auroc,Local-TGNN,50,0.987717940646486,0.9812144879449062,0.006503452701579923,-0.004249368530939248,0.017256273934099096,0.23003029303330388,9.785132704109856e-10,0.8807843137254902,higher,1.0,3.718350427561745e-08,False,False
gdm_early,0.1,auprc,Local-TGNN,50,0.973263143082482,0.9631009431342289,0.01016219994825305,-0.007774275707840599,0.028098675604346698,0.2604239257445444,3.457260659445183e-05,0.643921568627451,higher,1.0,0.0010717508044280066,False,False
gdm_early,0.1,macro_f1,Local-TGNN,50,0.9636295152520518,0.9586126256152683,0.00501688963678367,-0.009394917236592599,0.019428696510159937,0.4875145644660929,0.009747807101173898,0.42857142857142855,higher,1.0,0.43865131955282544,False,False
gdm_early,0.1,brier,Local-TGNN,50,0.03098741680383678,0.03746831519529219,-0.006480898391455412,-0.022051113725626507,0.009089316942715683,0.40695730634311,0.0027053239960554976,-0.4792156862745098,lower,1.0,0.07304374789349843,False,False
gdm_early,0.1,auroc,RSCFed-tab,50,0.987717940646486,0.9875869464146722,0.00013099423181398118,-0.0064013666979948584,0.00666335516162282,0.9680190936593038,0.08760075247442067,0.2784313725490196,higher,1.0,1.0,False,False
gdm_early,0.1,auprc,RSCFed-tab,50,0.973263143082482,0.971637405938798,0.001625737143684225,-0.01599401793467372,0.019245492222042172,0.8536656417026269,0.20795951830847592,0.20627450980392156,higher,1.0,1.0,False,False
gdm_early,0.1,macro_f1,RSCFed-tab,50,0.9636295152520518,0.9691958755293524,-0.005566360277300495,-0.014345562206178837,0.0032128416515778474,0.20862036830760963,2.8391607465039215e-07,-0.7725490196078432,higher,1.0,2.1577621673429803e-05,False,False
gdm_early,0.1,brier,RSCFed-tab,50,0.03098741680383678,0.03253009550273414,-0.0015426786988973701,-0.02299797042241584,0.019912613024621103,0.8857042466989976,0.3325668996889135,0.1592156862745098,lower,1.0,1.0,False,False
gdm_early,0.3,auroc,Cent-GRAND,50,0.9876671815833382,0.9923974891353076,-0.0047303075519695235,-0.011912606263232366,0.002451991159293318,0.19180507058166843,3.3822118439275073e-09,-0.8603921568627451,higher,1.0,1.1837741453746276e-07,False,False
gdm_early,0.3,auprc,Cent-GRAND,50,0.9729438647153396,0.97988976822396,-0.006945903508620422,-0.026847720997887375,0.012955913980646534,0.4863968710339736,0.0054056035788701,-0.4462745098039216,higher,1.0,0.1513569002083628,False,False
gdm_early,0.3,macro_f1,Cent-GRAND,50,0.9647350995354982,0.9684396441178386,-0.00370454458234021,-0.01619875464144865,0.00878966547676823,0.5540239958926771,0.09660096699594527,-0.2755102040816326,higher,1.0,1.0,False,False
gdm_early,0.3,brier,Cent-GRAND,50,0.030870571807026823,0.022715493589639618,0.008155078217387203,-0.0038825332851617645,0.020192689719936173,0.1796087554287884,1.7763568394002505e-14,0.9921568627450981,lower,1.0,1.4210854715202004e-12,False,False
gdm_early,0.3,auroc,Cent-LR,50,0.9876671815833382,0.9803663113646058,0.0073008702187324585,0.000658713791987571,0.013943026645477346,0.031890892085746386,5.897913268881894e-10,0.8886274509803922,higher,1.0,2.4771235729303953e-08,False,False
gdm_early,0.3,auprc,Cent-LR,50,0.9729438647153396,0.9598338600732735,0.013110004642065987,-0.004743396375730223,0.0309634056598622,0.1464328087327613,2.0039570713947796e-07,0.7803921568627451,higher,1.0,7.615036871300163e-06,False,False
gdm_early,0.3,macro_f1,Cent-LR,50,0.9647350995354982,0.9671453744262613,-0.0024102748907632574,-0.014283156357332233,0.00946260657580572,0.6850821558696304,0.39349457563481494,-0.1403921568627451,higher,1.0,1.0,False,False
gdm_early,0.3,brier,Cent-LR,50,0.030870571807026823,0.0314822386205196,-0.0006116668134927722,-0.0125233666549971,0.011300033028011556,0.9182318830071514,0.002049094724295486,-0.49176470588235294,lower,1.0,0.05737465228027361,False,False
gdm_early,0.3,auroc,Cent-XGB,50,0.9876671815833382,0.9975878505956718,-0.00992066901233339,-0.016997859040869603,-0.0028434789837971765,0.006968664585988884,1.7763568394002505e-15,-1.0,higher,0.48083785643323296,1.509903313490213e-13,False,False
gdm_early,0.3,auprc,Cent-XGB,50,0.9729438647153396,0.9961607629503056,-0.023216898234966202,-0.0402907930124535,-0.006143003457478903,0.008714915298411622,1.7763568394002505e-15,-1.0,higher,0.5926142402919903,1.509903313490213e-13,False,False
gdm_early,0.3,macro_f1,Cent-XGB,50,0.9647350995354982,0.9696818033815207,-0.00494670384602248,-0.017424224560788282,0.007530816868743323,0.42947180522040224,0.001909205638362721,-0.4949019607843137,higher,1.0,0.09927869319486149,False,False
gdm_early,0.3,brier,Cent-XGB,50,0.030870571807026823,0.021818070169538215,0.009052501637488606,-0.0032903393445551012,0.021395342619532312,0.14691376182761942,1.7687185049908294e-11,0.9356862745098039,lower,1.0,1.2204157684436723e-09,False,False
gdm_early,0.3,auroc,FedAvg-GCN,50,0.9876671815833382,0.9891879432040216,-0.0015207616206834086,-0.008200100721047853,0.0051585774796810355,0.6493031686843124,0.11848533640686121,-0.2549019607843137,higher,1.0,1.0,False,False
gdm_early,0.3,auprc,FedAvg-GCN,50,0.9729438647153396,0.9755765108702671,-0.00263264615492754,-0.019901408525014513,0.014636116215159431,0.7606267048484342,0.3422827758111566,-0.156078431372549,higher,1.0,1.0,False,False
gdm_early,0.3,macro_f1,FedAvg-GCN,50,0.9647350995354982,0.9689337954594531,-0.004198695923955118,-0.015278747033574559,0.006881355185664323,0.45000080902484824,0.001103434970243059,-0.5355102040816326,higher,1.0,0.061792358333611304,False,False
gdm_early,0.3,brier,FedAvg-GCN,50,0.030870571807026823,0.025853059384971813,0.005017512422055008,-0.004519830757963336,0.014554855602073351,0.29559571712978483,3.9920236538648624e-07,0.7647058823529411,lower,1.0,1.7564904077005394e-05,False,False
gdm_early,0.3,auroc,FedAvg-LR,50,0.9876671815833382,0.9797794021038386,0.007887779479499389,0.002247565645359703,0.013527993313639075,0.007092858804093977,1.6058265828178264e-12,0.9607843137254902,higher,0.48231439867839043,9.15321152206161e-11,False,False
gdm_early,0.3,auprc,FedAvg-LR,50,0.9729438647153396,0.9602239054215006,0.012719959293838855,-0.00367328092403443,0.02911319951171214,0.1253652623804359,2.649707155910619e-07,0.7741176470588236,higher,1.0,9.80391647686929e-06,False,False
gdm_early,0.3,macro_f1,FedAvg-LR,50,0.9647350995354982,0.9624639996195787,0.0022710999159193633,-0.006402692013202265,0.010944891845040992,0.6011391412976255,0.01531204751384152,0.39137254901960783,higher,1.0,0.6737300906090269,False,False
gdm_early,0.3,brier,FedAvg-LR,50,0.030870571807026823,0.03771321360021825,-0.006842641793191428,-0.0188333346598401,0.005148051073457244,0.25703763325090484,2.649707155910619e-07,-0.7741176470588236,lower,1.0,1.2188652917188847e-05,False,False
gdm_early,0.3,auroc,FedAvg-MLP,50,0.9876671815833382,0.9879133697880904,-0.0002461882047522468,-0.00595944509693335,0.005467068687428856,0.9313471364074623,0.6947463342363385,0.06509803921568627,higher,1.0,1.0,False,False
gdm_early,0.3,auprc,FedAvg-MLP,50,0.9729438647153396,0.9729921729522486,-4.83082369090182e-05,-0.01572812327197228,0.015631506798154247,0.995085196956684,0.5462652589115535,0.0996078431372549,higher,1.0,1.0,False,False
gdm_early,0.3,macro_f1,FedAvg-MLP,50,0.9647350995354982,0.968595267244671,-0.0038601677091728436,-0.01228661728142983,0.004566281863084144,0.36177524904104763,0.00032407658280853013,-0.5670588235294117,higher,1.0,0.019120518385703278,False,False
gdm_early,0.3,brier,FedAvg-MLP,50,0.030870571807026823,0.030331094227731184,0.0005394775792956374,-0.01380869762573508,0.014887652784326355,0.9400783258579433,0.12080975020940343,0.25333333333333335,lower,1.0,1.0,False,False
gdm_early,0.3,auroc,FedAvg-SAGE,50,0.9876671815833382,0.9865926730456703,0.0010745085376678931,-0.004172224955558671,0.006321242030894457,0.6824621940996147,0.020665866669398625,0.37411764705882355,higher,1.0,0.45464906672676975,False,False
gdm_early,0.3,auprc,FedAvg-SAGE,50,0.9729438647153396,0.9725126101994028,0.00043125451593676087,-0.011734682738172826,0.012597191770046349,0.943500822049779,0.6185935400423848,0.08235294117647059,higher,1.0,1.0,False,False
gdm_early,0.3,macro_f1,FedAvg-SAGE,50,0.9647350995354982,0.9624614084254073,0.002273691110090972,-0.009596923950756288,0.014144306170938233,0.7019676294182424,0.46470209994046485,0.12,higher,1.0,1.0,False,False
gdm_early,0.3,brier,FedAvg-SAGE,50,0.030870571807026823,0.035181243065744605,-0.004310671258717777,-0.016410070647478073,0.00778872813004252,0.4774177467106146,0.020120643634562896,-0.3756862745098039,lower,1.0,0.5030160908640724,False,False
gdm_early,0.3,auroc,FedEns-RF,50,0.9876671815833382,0.9977578004063199,-0.010090618822981583,-0.016837902002441264,-0.0033433356435219027,0.0041737801596381935,1.7763568394002505e-15,-1.0,higher,0.3213810722921409,1.509903313490213e-13,False,False
gdm_early,0.3,auprc,FedEns-RF,50,0.9729438647153396,0.9965245643343139,-0.023580699618974386,-0.04013626713285927,-0.007025132105089503,0.00617027356088584,1.7763568394002505e-15,-1.0,higher,0.42574887570112296,1.509903313490213e-13,False,False
gdm_early,0.3,macro_f1,FedEns-RF,50,0.9647350995354982,0.9680248448081451,-0.0032897452726470353,-0.01628569259326614,0.009706202047972068,0.6132480216853132,0.20795951830847592,-0.20627450980392156,higher,1.0,1.0,False,False
gdm_early,0.3,brier,FedEns-RF,50,0.030870571807026823,0.020668852027785015,0.010201719779241804,0.00035163049686971586,0.02005180906161389,0.04265224362631524,3.6770586575585185e-13,0.9733333333333334,lower,1.0,2.757793993168889e-11,False,False
gdm_early,0.3,auroc,FedEns-SVM,50,0.9876671815833382,0.9970893607919246,-0.009422179208586217,-0.015983080297606585,-0.0028612781195658495,0.005788067195550748,1.7763568394002505e-15,-1.0,higher,0.4283169724707554,1.509903313490213e-13,False,False
gdm_early,0.3,auprc,FedEns-SVM,50,0.9729438647153396,0.9943600036823783,-0.021416138967038617,-0.03816158460900526,-0.004670693325071976,0.013258545095787147,5.329070518200751e-15,-0.9968627450980392,higher,0.8220297959388031,3.4638958368304884e-13,False,False
gdm_early,0.3,macro_f1,FedEns-SVM,50,0.9647350995354982,0.9702096858655981,-0.0054745863300998685,-0.01770241076370147,0.006753238103501732,0.37267087582512176,0.0002506580933036008,-0.6071428571428571,higher,1.0,0.016292776064734053,False,False
gdm_early,0.3,brier,FedEns-SVM,50,0.030870571807026823,0.021107970596846392,0.009762601210180423,0.0005356725624224741,0.01898952985793837,0.038545780653801806,1.2434497875801753e-14,0.9937254901960785,lower,1.0,1.007194327939942e-12,False,False
gdm_early,0.3,auroc,FedEns-XGB,50,0.9876671815833382,0.9968025386076689,-0.009135357024330562,-0.016023496514120605,-0.0022472175345405188,0.010390416475750126,5.329070518200751e-15,-0.9968627450980392,higher,0.6649866544480081,3.517186542012496e-13,False,False
gdm_early,0.3,auprc,FedEns-XGB,50,0.9729438647153396,0.9948308884454364,-0.021887023730096926,-0.03859736364018504,-0.005176683820008812,0.011316077644280548,3.552713678800501e-15,-0.9984313725490196,higher,0.7242289692339551,2.3803181647963356e-13,False,False
gdm_early,0.3,macro_f1,FedEns-XGB,50,0.9647350995354982,0.9672045620471021,-0.002469462511604128,-0.01404173070494695,0.009102805681738695,0.6699242231050829,0.21148488261323095,-0.20470588235294118,higher,1.0,1.0,False,False
gdm_early,0.3,brier,FedEns-XGB,50,0.030870571807026823,0.023746901309311275,0.007123670497715547,-0.003087363963821424,0.017334704959252517,0.167227837332935,1.0642100534141719e-08,0.84,lower,1.0,6.278839315143614e-07,False,False
gdm_early,0.3,auroc,FedMatch-tab,50,0.9876671815833382,0.9878808100846028,-0.0002136285012645578,-0.006103782078100215,0.005676525075571099,0.9421945121345217,0.5918179227766114,0.08862745098039215,higher,1.0,1.0,False,False
gdm_early,0.3,auprc,FedMatch-tab,50,0.9729438647153396,0.9731745573019094,-0.00023069258657007596,-0.01624551248769779,0.01578412731455764,0.977023790198893,0.6666519727454681,0.07137254901960784,higher,1.0,1.0,False,False
gdm_early,0.3,macro_f1,FedMatch-tab,50,0.9647350995354982,0.9687990431366843,-0.004063943601186091,-0.01336881186368514,0.0052409246613129585,0.38439466139724465,0.0015871064433715836,-0.5183673469387755,higher,1.0,0.08411664149869393,False,False
gdm_early,0.3,brier,FedMatch-tab,50,0.030870571807026823,0.030273468233644917,0.0005971035733819036,-0.013505835578235821,0.01470004272499963,0.9325418633876073,0.12799334338745183,0.24862745098039216,lower,1.0,1.0,False,False
gdm_early,0.3,auroc,FedProx-LR,50,0.9876671815833382,0.9798248217389157,0.007842359844422466,0.0021818574352303697,0.013502862253614563,0.007605159252882309,1.6058265828178264e-12,0.9607843137254902,higher,0.5095456699431147,9.15321152206161e-11,False,False
gdm_early,0.3,auprc,FedProx-LR,50,0.9729438647153396,0.9602091878839031,0.012734676831436406,-0.0038406797108551417,0.029310033373727954,0.1290382326479177,2.649707155910619e-07,0.7741176470588236,higher,1.0,9.80391647686929e-06,False,False
gdm_early,0.3,macro_f1,FedProx-LR,50,0.9647350995354982,0.9625031633041158,0.0022319362313823698,-0.007104294031081886,0.011568166493846626,0.6330718901479502,0.025537891202960256,0.36653061224489797,higher,1.0,1.0,False,False
gdm_early,0.3,brier,FedProx-LR,50,0.030870571807026823,0.0372991225868463,-0.006428550779819479,-0.01766718613452848,0.004810084574889523,0.2559353524492625,3.7312124412380854e-07,-0.7662745098039215,lower,1.0,1.6790455985571384e-05,False,False
gdm_early,0.3,auroc,FedST-XGB,50,0.9876671815833382,0.9966976760283877,-0.009030494445049402,-0.01600463100013441,-0.002056357889964393,0.012220886611930834,5.329070518200751e-15,-0.9968627450980392,higher,0.7332531967158501,3.517186542012496e-13,False,False
gdm_early,0.3,auprc,FedST-XGB,50,0.9729438647153396,0.9946994761780992,-0.02175561146275974,-0.03857108723965755,-0.0049401356858619315,0.012288169611870424,3.552713678800501e-15,-0.9984313725490196,higher,0.7741546855478367,2.3803181647963356e-13,False,False
gdm_early,0.3,macro_f1,FedST-XGB,50,0.9647350995354982,0.9672600830197797,-0.0025249834842815135,-0.014933433357561044,0.009883466388998017,0.6843754409655051,0.4547879869752496,-0.12313725490196079,higher,1.0,1.0,False,False
gdm_early,0.3,brier,FedST-XGB,50,0.030870571807026823,0.023968959756455632,0.006901612050571187,-0.003593546816764625,0.017396770917907,0.1924733676682775,1.757493883758343e-08,0.8305882352941176,lower,1.0,1.019346452579839e-06,False,False
gdm_early,0.3,auroc,Local-GCN,50,0.9876671815833382,0.9679984379347931,0.01966874364854511,-0.0073679265910200735,0.046705413888110295,0.1501435700653667,1.7763568394002505e-14,0.9921568627450981,higher,1.0,1.0835776720341528e-12,False,False
gdm_early,0.3,auprc,Local-GCN,50,0.9729438647153396,0.9456376674198073,0.027306197295532256,-0.00891122853904451,0.06352362313010902,0.13616598351524944,4.3806736016449577e-11,0.9247058823529412,higher,1.0,2.365563744888277e-09,False,False
gdm_early,0.3,macro_f1,Local-GCN,50,0.9647350995354982,0.9390417444543228,0.02569335508117546,-0.019616630834629115,0.07100334099698004,0.26001632343849795,1.0642100534141719e-08,0.84,higher,1.0,8.407259421971958e-07,False,False
gdm_early,0.3,brier,Local-GCN,50,0.030870571807026823,0.05179450314491982,-0.020923931337893,-0.0557285111937169,0.013880648517930892,0.2327984626090596,5.3406212785489515e-08,-0.8086274509803921,lower,1.0,2.883935490416434e-06,False,False
gdm_early,0.3,auroc,Local-LR,50,0.9876671815833382,0.9753378795341697,0.012329302049168472,0.0012140710770758255,0.023444533021261118,0.03042673914259071,5.453415496958769e-13,0.9701960784313726,higher,1.0,3.162980988236086e-11,False,False
gdm_early,0.3,auprc,Local-LR,50,0.9729438647153396,0.9553867066451492,0.01755715807019024,0.0004124603108434273,0.034701855829537054,0.04493760442002666,4.057499225496031e-09,0.8572549019607844,higher,1.0,1.866449643728174e-07,False,False
gdm_early,0.3,macro_f1,Local-LR,50,0.9647350995354982,0.9578307183067867,0.00690438122871156,-0.0037397627351518073,0.017548525192574927,0.19848817855964368,9.745764195656648e-08,0.796078431372549,higher,1.0,7.504238430655619e-06,False,False
gdm_early,0.3,brier,Local-LR,50,0.030870571807026823,0.03836604468524451,-0.007495472878217692,-0.016815961141074573,0.0018250153846391887,0.11249669530108332,4.945666454148068e-08,-0.8101960784313725,lower,1.0,2.7201165497814372e-06,False,False
gdm_early,0.3,auroc,Local-TGNN,50,0.9876671815833382,0.9803996528397078,0.007267528743630596,-0.0052667366127438385,0.01980179410000503,0.24958809691215356,1.370373858833318e-08,0.8352941176470589,higher,1.0,4.5222337341499497e-07,False,False
gdm_early,0.3,auprc,Local-TGNN,50,0.9729438647153396,0.963421074138311,0.009522790577028525,-0.007330868406086256,0.026376449560143306,0.26170349026664624,4.788532343980023e-06,0.7019607843137254,higher,1.0,0.0001628100996953208,False,False
gdm_early,0.3,macro_f1,Local-TGNN,50,0.9647350995354982,0.9568397172235801,0.007895382311918123,-0.008444971985124644,0.02423573660896089,0.336320796295751,4.878706765687468e-05,0.6329411764705882,higher,1.0,0.0033175206006674784,False,False
gdm_early,0.3,brier,Local-TGNN,50,0.030870571807026823,0.03881130930036302,-0.007940737493336198,-0.026241889923648728,0.010360414936976332,0.3874935313798372,0.00043263448054275955,-0.556078431372549,lower,1.0,0.014276937857911065,False,False
gdm_early,0.3,auroc,RSCFed-tab,50,0.9876671815833382,0.9872952951107032,0.0003718864726350435,-0.0058673497485455745,0.006611122693815661,0.9051474305514551,0.10316599771973678,0.26588235294117646,higher,1.0,1.0,False,False
gdm_early,0.3,auprc,RSCFed-tab,50,0.9729438647153396,0.9716521445437989,0.0012917201715407134,-0.015433518167017346,0.018016958510098772,0.8772987837364606,0.19427670053532076,0.21254901960784314,higher,1.0,1.0,False,False
gdm_early,0.3,macro_f1,RSCFed-tab,50,0.9647350995354982,0.9689441819816217,-0.004209082446123475,-0.01384818325101591,0.005430018358768958,0.3844886531420369,0.0002857006608838475,-0.571764705882353,higher,1.0,0.017999141635682392,False,False
gdm_early,0.3,brier,RSCFed-tab,50,0.030870571807026823,0.03303456136956806,-0.0021639895625412404,-0.025044386270175308,0.020716407145092826,0.8500455478989987,0.6051405400941228,0.08549019607843138,lower,1.0,1.0,False,False
gdm_early,0.5,auroc,Cent-GRAND,50,0.9873560626341629,0.9915174126118974,-0.004161349977734787,-0.01065415057651092,0.0023314506210413448,0.20380509023050483,9.745764195656648e-08,-0.796078431372549,higher,1.0,3.1186445426101272e-06,False,False
gdm_early,0.5,auprc,Cent-GRAND,50,0.9737914902687104,0.9768273214042644,-0.0030358311355541457,-0.02148504194865801,0.015413379677549717,0.7422982816660868,0.28229295463063053,-0.17647058823529413,higher,1.0,1.0,False,False
gdm_early,0.5,macro_f1,Cent-GRAND,50,0.9630169585855326,0.9681492016508285,-0.00513224306529609,-0.01953024351913944,0.00926575738854726,0.47719178936763174,0.00734472971460848,-0.44,higher,1.0,0.3378575668719901,False,False
gdm_early,0.5,brier,Cent-GRAND,50,0.031466436609625774,0.022939162999391513,0.008527273610234264,-0.0021221718594172535,0.01917671907988578,0.11401559448439491,4.4941828036826337e-13,0.971764705882353,lower,1.0,3.325695274725149e-11,False,False
gdm_early,0.5,auroc,Cent-LR,50,0.9873560626341629,0.9802380842694882,0.007117978364674644,0.0012955191183070258,0.012940437611042263,0.01761058790005163,8.060396794462577e-11,0.9168627450980392,higher,0.9338972105734678,3.868990461342037e-09,False,False
gdm_early,0.5,auprc,Cent-LR,50,0.9737914902687104,0.9593235356648918,0.01446795460381857,0.0005128018459639658,0.028423107361673174,0.042451511066698686,9.785132704109856e-10,0.8807843137254902,higher,1.0,4.892566352054928e-08,False,False
gdm_early,0.5,macro_f1,Cent-LR,50,0.9630169585855326,0.9669639294816689,-0.003946970896136468,-0.018367415362148504,0.010473473569875569,0.5847947017525591,0.039015525521861605,-0.3349019607843137,higher,1.0,1.0,False,False
gdm_early,0.5,brier,Cent-LR,50,0.031466436609625774,0.03189284164458508,-0.00042640503495930784,-0.01139352952106895,0.010540719451150335,0.9380405493545899,0.056738698656332076,-0.30980392156862746,lower,1.0,1.0,False,False
gdm_early,0.5,auroc,Cent-XGB,50,0.9873560626341629,0.9973130674740025,-0.009957004839839632,-0.016179475348239897,-0.0037345343314393667,0.0023061265316448613,3.552713678800501e-15,-0.9984313725490196,higher,0.18910237559487864,2.3803181647963356e-13,False,False
gdm_early,0.5,auprc,Cent-XGB,50,0.9737914902687104,0.9958014457544414,-0.022009955485731068,-0.034375874724629024,-0.009644036246833111,0.0007945702461685151,1.7763568394002505e-15,-1.0,higher,0.06594933043198675,1.509903313490213e-13,False,False
gdm_early,0.5,macro_f1,Cent-XGB,50,0.9630169585855326,0.967753928700818,-0.004736970115285735,-0.019257115042896157,0.009783174812324685,0.5151528378326312,0.023585311964122724,-0.36627450980392157,higher,1.0,0.9905831024931544,False,False
gdm_early,0.5,brier,Cent-XGB,50,0.031466436609625774,0.022597000114619677,0.008869436495006095,-0.002619809432475381,0.02035868242248757,0.12725421323195127,5.453415496958769e-13,0.9701960784313726,lower,1.0,3.980993312779901e-11,False,False
gdm_early,0.5,auroc,FedAvg-GCN,50,0.9873560626341629,0.988579855979565,-0.00122379334540216,-0.006955011515131383,0.0045074248243270635,0.6697263162920228,0.08054833435456032,-0.2847058823529412,higher,1.0,1.0,False,False
gdm_early,0.5,auprc,FedAvg-GCN,50,0.9737914902687104,0.9736224398581309,0.00016905041057929448,-0.015711856145938154,0.01604995696709674,0.9830200721809172,0.7740531775538848,0.04784313725490196,higher,1.0,1.0,False,False
gdm_early,0.5,macro_f1,FedAvg-GCN,50,0.9630169585855326,0.96863661970476,-0.005619661119227506,-0.01892935252528595,0.00769003028683094,0.4002915644630749,0.0002857006608838475,-0.571764705882353,higher,1.0,0.017999141635682392,False,False
gdm_early,0.5,brier,FedAvg-GCN,50,0.031466436609625774,0.026251074783503973,0.005215361826121805,-0.003384969875773549,0.013815693528017158,0.2288176534779761,1.8673260271384606e-07,0.7819607843137255,lower,1.0,8.776432327550765e-06,False,False
gdm_early,0.5,auroc,FedAvg-LR,50,0.9873560626341629,0.9793980112234385,0.007958051410724476,0.0028307425708119288,0.013085360250637022,0.0030365688276146803,3.375077994860476e-14,0.9890196078431372,higher,0.2429255062091744,1.9912960169676808e-12,False,False
gdm_early,0.5,auprc,FedAvg-LR,50,0.9737914902687104,0.959820183968247,0.013971306300463343,0.0006543666646968149,0.02728824593622987,0.040140259559760846,5.318447904301138e-10,0.8901960784313725,higher,1.0,2.818777389279603e-08,False,False
gdm_early,0.5,macro_f1,FedAvg-LR,50,0.9630169585855326,0.9630608089604348,-4.385037490253429e-05,-0.011042033862829356,0.010954333113024288,0.9936397189640219,0.4547879869752496,0.12313725490196079,higher,1.0,1.0,False,False
gdm_early,0.5,brier,FedAvg-LR,50,0.031466436609625774,0.03836020510643716,-0.006893768496811384,-0.017567071748157862,0.0037795347545350926,0.2003769604296589,5.3406212785489515e-08,-0.8086274509803921,lower,1.0,2.883935490416434e-06,False,False
gdm_early,0.5,auroc,FedAvg-MLP,50,0.9873560626341629,0.9873339176864556,2.214494770729214e-05,-0.004856527122938053,0.004900817018352637,0.9927590494103645,0.8332778036429911,0.03529411764705882,higher,1.0,1.0,False,False
gdm_early,0.5,auprc,FedAvg-MLP,50,0.9737914902687104,0.9710092023675613,0.0027822879011490764,-0.010970032172421948,0.0165346079747201,0.6860976079393394,0.06780369678404519,0.2972549019607843,higher,1.0,1.0,False,False
gdm_early,0.5,macro_f1,FedAvg-MLP,50,0.9630169585855326,0.9672303707347374,-0.004213412149204794,-0.01705107346614292,0.008624249167733331,0.5126263474560467,0.03049993330528615,-0.3551020408163265,higher,1.0,1.0,False,False
gdm_early,0.5,brier,FedAvg-MLP,50,0.031466436609625774,0.030751460082828946,0.0007149765267968301,-0.012249905682779519,0.013679858736373177,0.9122098850962326,0.09130577606126522,0.2752941176470588,lower,1.0,1.0,False,False
gdm_early,0.5,auroc,FedAvg-SAGE,50,0.9873560626341629,0.9863792915272174,0.0009767711069452712,-0.0037487107093731524,0.005702252923263694,0.6796733650365367,0.05809775069378956,0.3110204081632653,higher,1.0,1.0,False,False
gdm_early,0.5,auprc,FedAvg-SAGE,50,0.9737914902687104,0.970691705070299,0.003099785198411373,-0.007101829179024494,0.01330139957584724,0.5442769718395313,0.055465717070337206,0.31137254901960787,higher,1.0,1.0,False,False
gdm_early,0.5,macro_f1,FedAvg-SAGE,50,0.9630169585855326,0.9625581027140815,0.00045885587145094275,-0.012854012698274239,0.013771724441176122,0.9450612051306984,0.7615907712277643,0.04979591836734694,higher,1.0,1.0,False,False
gdm_early,0.5,brier,FedAvg-SAGE,50,0.031466436609625774,0.035521335937082725,-0.004054899327456947,-0.017211038724396385,0.009101240069482493,0.5385366677963658,0.174987615360088,-0.22196078431372548,lower,1.0,1.0,False,False
gdm_early,0.5,auroc,FedEns-RF,50,0.9873560626341629,0.9973294185450361,-0.009973355910873456,-0.015507382237470176,-0.004439329584276736,0.0006935263821822279,7.555220876380673e-10,-1.0,higher,0.05894974248548937,3.097640559316076e-08,False,False
gdm_early,0.5,auprc,FedEns-RF,50,0.9737914902687104,0.9957502357606985,-0.021958745491988337,-0.03303850039209648,-0.0108789905918802,0.0002255164908463433,1.7763568394002505e-15,-1.0,higher,0.01916890172193918,1.509903313490213e-13,False,True
gdm_early,0.5,macro_f1,FedEns-RF,50,0.9630169585855326,0.9675632358363231,-0.004546277250790549,-0.01989655268822168,0.010803998186640578,0.5544659899069909,0.04944640680060175,-0.3192156862745098,higher,1.0,1.0,False,False
gdm_early,0.5,brier,FedEns-RF,50,0.031466436609625774,0.022691235554109603,0.008775201055516171,4.051697168235002e-05,0.017509885139349993,0.048987190984934,2.994404724177002e-11,0.9294117647058824,lower,1.0,2.0361952124403615e-09,False,False
gdm_early,0.5,auroc,FedEns-SVM,50,0.9873560626341629,0.9965173610573096,-0.009161298423146707,-0.014556782468775058,-0.003765814377518356,0.0013005153054527169,7.555220876380673e-10,-1.0,higher,0.10924328565802821,3.097640559316076e-08,False,False
gdm_early,0.5,auprc,FedEns-SVM,50,0.9737914902687104,0.9930405650851588,-0.019249074816448587,-0.03118294895691031,-0.007315200675986865,0.0021415446307339304,5.453415496958769e-13,-0.9701960784313726,higher,0.16704048119724657,3.2175151432056737e-11,False,False
gdm_early,0.5,macro_f1,FedEns-SVM,50,0.9630169585855326,0.9705616295651871,-0.0075446709796545995,-0.021109949469815675,0.0060206075105064755,0.2691555719944663,2.2427120064717388e-06,-0.7925531914893617,higher,1.0,0.00016371797647243692,False,False
gdm_early,0.5,brier,FedEns-SVM,50,0.031466436609625774,0.02359331647751547,0.007873120132110303,0.00024001134308969559,0.01550622892113091,0.04347554444165074,2.8132163265581767e-10,0.899607843137255,lower,1.0,1.8567227755283966e-08,False,False
gdm_early,0.5,auroc,FedEns-XGB,50,0.9873560626341629,0.9954394318869717,-0.008083369252808998,-0.013758734316513602,-0.0024080041891043936,0.006171808611537654,5.329070518200751e-15,-0.9968627450980392,higher,0.45054202864224874,3.517186542012496e-13,False,False
gdm_early,0.5,auprc,FedEns-XGB,50,0.9737914902687104,0.9923613354081045,-0.018569845139394005,-0.02932321484034882,-0.00781647543843919,0.0010942537370161093,1.7763568394002505e-15,-1.0,higher,0.08972880643532095,1.509903313490213e-13,False,False
gdm_early,0.5,macro_f1,FedEns-XGB,50,0.9630169585855326,0.9670235000748986,-0.0040065414893660535,-0.018940001093100726,0.01092691811436862,0.5922215012788374,0.06930163067169381,-0.29568627450980395,higher,1.0,1.0,False,False
gdm_early,0.5,brier,FedEns-XGB,50,0.031466436609625774,0.02628955774308108,0.005176878866544694,-0.005787186385583491,0.016140944118672878,0.3473499669653933,7.946967700789287e-06,0.687843137254902,lower,1.0,0.00028609083722841433,False,False
gdm_early,0.5,auroc,FedMatch-tab,50,0.9873560626341629,0.9873667324302626,-1.0669796099991302e-05,-0.004980331113903864,0.004958991521703882,0.9965750309587929,0.8707939059443142,0.027450980392156862,higher,1.0,1.0,False,False
gdm_early,0.5,auprc,FedMatch-tab,50,0.9737914902687104,0.971182160293645,0.0026093299750653133,-0.011113729672483906,0.016332389622614532,0.7040359868951067,0.09908592454842413,0.2690196078431373,higher,1.0,1.0,False,False
gdm_early,0.5,macro_f1,FedMatch-tab,50,0.9630169585855326,0.9682372767556953,-0.005220318170162703,-0.017791288593963867,0.00735065225363846,0.40804288927505045,0.001190697289374043,-0.5152941176470588,higher,1.0,0.06548835091557237,False,False
gdm_early,0.5,brier,FedMatch-tab,50,0.031466436609625774,0.03075016569346185,0.0007162709161639221,-0.012326615774144201,0.013759157606472045,0.9125754187764391,0.08226751834101265,0.2831372549019608,lower,1.0,1.0,False,False
gdm_early,0.5,auroc,FedProx-LR,50,0.9873560626341629,0.9796409216723511,0.0077151409618116664,0.0022387606811785166,0.013191521242444815,0.006710392280141053,4.218847493575595e-12,0.9513725490196079,higher,0.47205721799996503,2.2781776465308212e-10,False,False
gdm_early,0.5,auprc,FedProx-LR,50,0.9737914902687104,0.9599956891256441,0.013795801143066262,0.0002825437457195327,0.02730905854041299,0.045573837408559636,9.785132704109856e-10,0.8807843137254902,higher,1.0,4.892566352054928e-08,False,False
gdm_early,0.5,macro_f1,FedProx-LR,50,0.9630169585855326,0.96286222869682,0.00015472988871237714,-0.010912604694830352,0.011222064472255107,0.9777001689186026,0.2571237847552261,0.18588235294117647,higher,1.0,1.0,False,False
gdm_early,0.5,brier,FedProx-LR,50,0.031466436609625774,0.038089975751936386,-0.006623539142310611,-0.016917451821391843,0.003670373536770624,0.20205861984183823,9.051156624195755e-08,-0.7976470588235294,lower,1.0,4.525578312097878e-06,False,False
gdm_early,0.5,auroc,FedST-XGB,50,0.9873560626341629,0.9948658509702613,-0.007509788336098475,-0.012620318835535264,-0.002399257836661687,0.004821250621745048,1.7763568394002505e-14,-0.9921568627450981,higher,0.36641504725262364,1.0835776720341528e-12,False,False
gdm_early,0.5,auprc,FedST-XGB,50,0.9737914902687104,0.9913026121354407,-0.017511121866730425,-0.027795391457252232,-0.007226852276208619,0.0012642629469041772,1.7763568394002505e-15,-1.0,higher,0.10240529869923835,1.509903313490213e-13,False,False
gdm_early,0.5,macro_f1,FedST-XGB,50,0.9630169585855326,0.9659639906689749,-0.002947032083442427,-0.01739735148818812,0.011503287321303264,0.6837114586981365,0.40060209941233316,-0.13795918367346938,higher,1.0,1.0,False,False
gdm_early,0.5,brier,FedST-XGB,50,0.031466436609625774,0.02823721963691539,0.0032292169727103862,-0.008481422456364998,0.014939856401785771,0.5820021549652529,0.0005966978973450665,0.5435294117647059,lower,1.0,0.019094332715042128,False,False
gdm_early,0.5,auroc,Local-GCN,50,0.9873560626341629,0.9665465072274994,0.020809555406663377,-0.007640206146334226,0.04925931695966098,0.1479803923032033,1.7763568394002505e-15,1.0,higher,1.0,1.509903313490213e-13,False,False
gdm_early,0.5,auprc,Local-GCN,50,0.9737914902687104,0.9431383879943137,0.030653102274396767,-0.006892556828121111,0.06819876137691465,0.10727226427162496,5.329070518200751e-15,0.9968627450980392,higher,1.0,3.4638958368304884e-13,False,False
gdm_early,0.5,macro_f1,Local-GCN,50,0.9630169585855326,0.9363413014890797,0.02667565709645287,-0.017224632106354987,0.07057594629926073,0.22789044597450542,3.094002387626915e-08,0.8196078431372549,higher,1.0,2.413321862348994e-06,False,False
gdm_early,0.5,brier,Local-GCN,50,0.031466436609625774,0.05423118773847813,-0.02276475112885235,-0.059170742695555265,0.01364124043785057,0.21485900568582386,1.2871659293978155e-10,-0.9105882352941177,lower,1.0,8.624011726965364e-09,False,False
gdm_early,0.5,auroc,Local-LR,50,0.9873560626341629,0.9716844675573059,0.015671595076856913,0.001039213634838514,0.030303976518875314,0.036326422204693024,1.7763568394002505e-15,1.0,higher,1.0,1.509903313490213e-13,False,False
gdm_early,0.5,auprc,Local-LR,50,0.9737914902687104,0.9523393817487091,0.021452108520001213,0.0076791682008168285,0.0352250488391856,0.002943743588384268,2.4868995751603507e-14,0.9905882352941177,higher,0.22666825630558862,1.566746732351021e-12,False,False
gdm_early,0.5,macro_f1,Local-LR,50,0.9630169585855326,0.9541435444295006,0.008873414156031928,-0.00603594356432496,0.023782771876388817,0.23744690989647302,1.1645574410579229e-05,0.6768627450980392,higher,1.0,0.0008035446343299668,False,False
gdm_early,0.5,brier,Local-LR,50,0.031466436609625774,0.042168133109807916,-0.010701696500182142,-0.020300255490010626,-0.001103137510353661,0.02962316971106308,3.375077994860476e-14,-0.9890196078431372,lower,1.0,2.5988100560425664e-12,False,False
gdm_early,0.5,auroc,Local-TGNN,50,0.9873560626341629,0.9795260270617548,0.007830035572407999,-0.007288671426696048,0.022948742571512047,0.30309210104251183,3.3822118439275073e-09,0.8603921568627451,higher,1.0,1.1837741453746276e-07,False,False
gdm_early,0.5,auprc,Local-TGNN,50,0.9737914902687104,0.962585316873739,0.011206173394971342,-0.008604955499372473,0.03101730228931516,0.2611852084873585,7.239255257474042e-07,0.7505882352941177,higher,1.0,2.5337393401159147e-05,False,False
gdm_early,0.5,macro_f1,Local-TGNN,50,0.9630169585855326,0.9543445606180289,0.008672397967503638,-0.01229948447890599,0.029644280413913267,0.4099993281911544,0.002935639543916354,0.4931972789115646,higher,1.0,0.1448155120169936,False,False
gdm_early,0.5,brier,Local-TGNN,50,0.031466436609625774,0.04372140668332572,-0.01225497007369995,-0.034600795459516,0.0100908553121161,0.2758031283491548,1.6455253124547653e-06,-0.7301960784313726,lower,1.0,6.417548718573585e-05,False,False
gdm_early,0.5,auroc,RSCFed-tab,50,0.9873560626341629,0.986998348275325,0.00035771435883788613,-0.004840807120722867,0.005556235838398639,0.8905854890636623,0.32777522027848605,0.1607843137254902,higher,1.0,1.0,False,False
gdm_early,0.5,auprc,RSCFed-tab,50,0.9737914902687104,0.9705527711409089,0.0032387191278015126,-0.011287947589494706,0.017765385845097733,0.6561029767559321,0.05178623002471738,0.31607843137254904,higher,1.0,1.0,False,False
gdm_early,0.5,macro_f1,RSCFed-tab,50,0.9630169585855326,0.9684444733673927,-0.005427514781860152,-0.017424816120687272,0.0065697865569669675,0.3677363429696439,0.00021108466415340483,-0.6081632653061224,higher,1.0,0.013931587834124718,False,False
gdm_early,0.5,brier,RSCFed-tab,50,0.031466436609625774,0.033765629604458766,-0.0022991929948329914,-0.02736533013307876,0.022766944143412775,0.85451658026895,0.16888071753563239,0.22509803921568627,lower,1.0,1.0,False,False
gdm_early,0.7,auroc,Cent-GRAND,50,0.985808497292317,0.9893836834748511,-0.0035751861825340093,-0.01034821716673602,0.0031978448016680024,0.2939966354197419,5.6804637029728156e-06,-0.6972549019607843,higher,1.0,0.00015337251998026602,False,False
gdm_early,0.7,auprc,Cent-GRAND,50,0.970724168784077,0.9732899792090417,-0.002565810424964847,-0.0198744398518491,0.014742819001919406,0.767041243763895,0.35718707191412413,-0.15137254901960784,higher,1.0,1.0,False,False
gdm_early,0.7,macro_f1,Cent-GRAND,50,0.9649328969207035,0.9687442762890255,-0.003811379368322021,-0.016334174046663076,0.008711415310019035,0.5436134028593378,0.07719592312590784,-0.28784313725490196,higher,1.0,1.0,False,False
gdm_early,0.7,brier,Cent-GRAND,50,0.032446551099419546,0.023676414452493143,0.008770136646926406,-0.0020946779532387168,0.01963495124709153,0.11119098882760887,1.7763568394002505e-14,0.9921568627450981,lower,1.0,1.4210854715202004e-12,False,False
gdm_early,0.7,auroc,Cent-LR,50,0.985808497292317,0.9790394367950911,0.006769060497225993,0.0006408745106123324,0.012897246483839653,0.031096005465991432,1.192391962945294e-09,0.8776470588235294,higher,1.0,4.4118502628975875e-08,False,False
gdm_early,0.7,auprc,Cent-LR,50,0.970724168784077,0.9569795582095857,0.013744610574491126,-0.0006927406716204006,0.028181961820602654,0.06158136675224653,1.757493883758343e-08,0.8305882352941176,higher,1.0,7.557223700160876e-07,False,False
gdm_early,0.7,macro_f1,Cent-LR,50,0.9649328969207035,0.9665433668971908,-0.001610469976487212,-0.013624256796738538,0.010403316843764113,0.7887628979033307,0.34720763934942456,-0.15428571428571428,higher,1.0,1.0,False,False
gdm_early,0.7,brier,Cent-LR,50,0.032446551099419546,0.033205922730267005,-0.0007593716308474525,-0.012271755259533602,0.010753011997838697,0.8950888267116989,0.056738698656332076,-0.30980392156862746,lower,1.0,1.0,False,False
gdm_early,0.7,auroc,Cent-XGB,50,0.985808497292317,0.9963857553256658,-0.01057725803334867,-0.01757790974640985,-0.0035766063202874896,0.0038303032323620213,7.555220876380673e-10,-1.0,higher,0.29876365212423767,3.097640559316076e-08,False,False
gdm_early,0.7,auprc,Cent-XGB,50,0.970724168784077,0.9942762230014769,-0.023552054217400115,-0.03752749360685007,-0.009576614827950155,0.0014023909312034905,1.7763568394002505e-15,-1.0,higher,0.11219127449627925,1.509903313490213e-13,False,False
gdm_early,0.7,macro_f1,Cent-XGB,50,0.9649328969207035,0.9685747751513584,-0.00364187823065516,-0.017555671414030943,0.010271914952720625,0.6012622352890729,0.14231459792438458,-0.24081632653061225,higher,1.0,1.0,False,False
gdm_early,0.7,brier,Cent-XGB,50,0.032446551099419546,0.022974503021687225,0.009472048077732326,-0.0032075376385552936,0.022151633794019944,0.13971676801726884,4.792291008470784e-10,0.8917647058823529,lower,1.0,3.1149891555060094e-08,False,False
gdm_early,0.7,auroc,FedAvg-GCN,50,0.985808497292317,0.9868436028002344,-0.0010351055079174797,-0.007402259678210429,0.00533204866237547,0.7452894215600376,0.6922623665188363,-0.06431372549019608,higher,1.0,1.0,False,False
gdm_early,0.7,auprc,FedAvg-GCN,50,0.970724168784077,0.9704124531912506,0.0003117155928263005,-0.014589816603166699,0.0152132477888193,0.9666400187038539,0.7594325529338448,0.050980392156862744,higher,1.0,1.0,False,False
gdm_early,0.7,macro_f1,FedAvg-GCN,50,0.9649328969207035,0.9688967185692315,-0.003963821648528218,-0.015830074456847268,0.007902431159790831,0.5051935135421942,0.03048635454688231,-0.35058823529411764,higher,1.0,1.0,False,False
gdm_early,0.7,brier,FedAvg-GCN,50,0.032446551099419546,0.026330447867512655,0.006116103231906894,-0.0032996091549556787,0.015531815618769467,0.19787108467264203,8.403119267086367e-08,0.7992156862745098,lower,1.0,4.285590826214047e-06,False,False
gdm_early,0.7,auroc,FedAvg-LR,50,0.985808497292317,0.9783234289723194,0.007485068319997787,0.0023540202751742246,0.01261611636482135,0.005113406220675248,2.994404724177002e-11,0.9294117647058824,higher,0.3835054665506436,1.4972023620885011e-09,False,False
gdm_early,0.7,auprc,FedAvg-LR,50,0.970724168784077,0.9575105590213999,0.013213609762676898,-9.565722491788539e-05,0.026522876750271682,0.05160501285120953,2.5633326572460646e-09,0.8650980392156863,higher,1.0,1.2047663489056504e-07,False,False
gdm_early,0.7,macro_f1,FedAvg-LR,50,0.9649328969207035,0.961860506094412,0.0030723908262914735,-0.009866745570770405,0.01601152722335335,0.6353607399482734,0.02757179663855687,0.3616326530612245,higher,1.0,1.0,False,False
gdm_early,0.7,brier,FedAvg-LR,50,0.032446551099419546,0.039114626608788915,-0.00666807550936937,-0.01900798747928849,0.005671836460549751,0.28283352200980094,8.87296791773906e-06,-0.6847058823529412,lower,1.0,0.00031055387712086713,False,False
gdm_early,0.7,auroc,FedAvg-MLP,50,0.985808497292317,0.9862368702152952,-0.00042837292297808193,-0.005774119873836568,0.004917374027880404,0.8727286459666073,0.6675059879756977,0.06980392156862746,higher,1.0,1.0,False,False
gdm_early,0.7,auprc,FedAvg-MLP,50,0.970724168784077,0.9696908802580012,0.0010332885260755308,-0.011284478043997126,0.013351055096148187,0.8668246530370283,0.2653376709882824,0.18274509803921568,higher,1.0,1.0,False,False
gdm_early,0.7,macro_f1,FedAvg-MLP,50,0.9649328969207035,0.9681522077014322,-0.003219310780728746,-0.014083365701870555,0.0076447441404130624,0.5542558778445855,0.060701401498306495,-0.3050980392156863,higher,1.0,1.0,False,False
gdm_early,0.7,brier,FedAvg-MLP,50,0.032446551099419546,0.03129934325814242,0.0011472078412771303,-0.01235491357278657,0.014649329255340831,0.8651285000297437,0.20103473802823935,0.20941176470588235,lower,1.0,1.0,False,False
gdm_early,0.7,auroc,FedAvg-SAGE,50,0.985808497292317,0.9846925867740507,0.0011159105182666806,-0.0036443486947757026,0.005876169731309064,0.6396677617879452,0.02420949942225903,0.36470588235294116,higher,1.0,0.5083994878674396,False,False
gdm_early,0.7,auprc,FedAvg-SAGE,50,0.970724168784077,0.967753541859106,0.002970626924970743,-0.0067270939353354375,0.012668347785276923,0.541022267390324,0.00594215911497642,0.4415686274509804,higher,1.0,0.16043829610436333,False,False
gdm_early,0.7,macro_f1,FedAvg-SAGE,50,0.9649328969207035,0.9613943998967949,0.0035384970239084866,-0.006181202391595524,0.013258196439412496,0.4679008225181499,0.02165710921509865,0.38475177304964536,higher,1.0,0.931255696249242,False,False
gdm_early,0.7,brier,FedAvg-SAGE,50,0.032446551099419546,0.03709289344027634,-0.0046463423408567945,-0.015396368870655926,0.0061036841889423364,0.3893155671310533,0.004178445711550793,-0.4588235294117647,lower,1.0,0.10863958850032063,False,False
gdm_early,0.7,auroc,FedEns-RF,50,0.985808497292317,0.9964100002466949,-0.010601502954377798,-0.01701194861558272,-0.0041910572931728755,0.0016881399447725531,1.7763568394002505e-15,-1.0,higher,0.1401156154161219,1.509903313490213e-13,False,False
gdm_early,0.7,auprc,FedEns-RF,50,0.970724168784077,0.9941830760428971,-0.02345890725882045,-0.036431745399340694,-0.010486069118300205,0.0006680171605529853,1.7763568394002505e-15,-1.0,higher,0.05611344148645077,1.509903313490213e-13,False,False
gdm_early,0.7,macro_f1,FedEns-RF,50,0.9649328969207035,0.966210217546799,-0.0012773206260957015,-0.014293266025121156,0.011738624772929753,0.8444791405379934,0.9089255587031547,0.018775510204081632,higher,1.0,1.0,False,False
gdm_early,0.7,brier,FedEns-RF,50,0.032446551099419546,0.024978378539341463,0.0074681725600780876,-0.00146977361728392,0.016406118737440096,0.09949599390567987,8.008242957657785e-10,0.883921568627451,lower,1.0,5.1252754929009825e-08,False,False
gdm_early,0.7,auroc,FedEns-SVM,50,0.985808497292317,0.9956816076088884,-0.009873110316571215,-0.016112734709735295,-0.003633485923407135,0.002555402293262461,1.7763568394002505e-15,-1.0,higher,0.20698758575425935,1.509903313490213e-13,False,False
gdm_early,0.7,auprc,FedEns-SVM,50,0.970724168784077,0.9912942108859822,-0.0205700421019054,-0.03415903526613618,-0.006981048937674622,0.003770045961067839,1.7763568394002505e-15,-1.0,higher,0.28652349304115576,1.509903313490213e-13,False,False
gdm_early,0.7,macro_f1,FedEns-SVM,50,0.9649328969207035,0.9702696846942795,-0.005336787773576193,-0.01664891046244043,0.005975334915288043,0.3477466321032706,0.000437493068402498,-0.5771428571428572,higher,1.0,0.025374597967344883,False,False
gdm_early,0.7,brier,FedEns-SVM,50,0.032446551099419546,0.02546460837237953,0.0069819427270400155,-0.0018885908745821219,0.015852476328662154,0.12014659372088438,1.7568968502246207e-09,0.8713725490196078,lower,1.0,1.0717070786370186e-07,False,False
gdm_early,0.7,auroc,FedEns-XGB,50,0.985808497292317,0.9937476290099073,-0.007939131717590064,-0.014274671451014862,-0.0016035919841652663,0.015111210426619845,1.382811416141004e-09,-0.984313725490196,higher,0.8462277838907113,4.9781210981076144e-08,False,False
gdm_early,0.7,auprc,FedEns-XGB,50,0.970724168784077,0.9889385567358022,-0.018214387951725527,-0.030904635452107886,-0.00552414045134317,0.005813468302374103,1.7763568394002505e-15,-1.0,higher,0.4069427811661872,1.509903313490213e-13,False,False
gdm_early,0.7,macro_f1,FedEns-XGB,50,0.9649328969207035,0.9667094926370277,-0.001776595716324345,-0.014436387451954077,0.010883196019305388,0.779122650569055,0.4375680954084249,-0.12784313725490196,higher,1.0,1.0,False,False
gdm_early,0.7,brier,FedEns-XGB,50,0.032446551099419546,0.030494003847186462,0.0019525472522330897,-0.011573580971022485,0.015478675475488663,0.7729717272099285,0.03996834652842374,0.3333333333333333,lower,1.0,0.9592403166821697,False,False
gdm_early,0.7,auroc,FedMatch-tab,50,0.985808497292317,0.9862913740002365,-0.00048287670791940184,-0.006047388717748419,0.005081635301909615,0.8622800667005859,0.7391025844658843,0.05411764705882353,higher,1.0,1.0,False,False
gdm_early,0.7,auprc,FedMatch-tab,50,0.970724168784077,0.969900264416021,0.0008239043680558123,-0.01194293440418407,0.013590743140295694,0.8973446835876825,0.28229295463063053,0.17647058823529413,higher,1.0,1.0,False,False
gdm_early,0.7,macro_f1,FedMatch-tab,50,0.9649328969207035,0.9683600653325202,-0.0034271684118168744,-0.014493769668705851,0.007639432845072103,0.5366058749677092,0.09371485753250737,-0.27510204081632655,higher,1.0,1.0,False,False
gdm_early,0.7,brier,FedMatch-tab,50,0.032446551099419546,0.031053390875458674,0.001393160223960874,-0.011575101164199674,0.01436142161212142,0.829973139471235,0.174987615360088,0.22196078431372548,lower,1.0,1.0,False,False
gdm_early,0.7,auroc,FedProx-LR,50,0.985808497292317,0.9784776126431838,0.007330884649133383,0.002160386693221098,0.012501382605045668,0.006391425126446143,8.060396794462577e-11,0.9168627450980392,higher,0.4601826091041223,3.868990461342037e-09,False,False
gdm_early,0.7,auprc,FedProx-LR,50,0.970724168784077,0.9576616903628338,0.01306247842124319,-0.0003388344856202676,0.026463791328106646,0.055844241098088325,5.802245794939154e-09,0.8509803921568627,higher,1.0,2.611010607722619e-07,False,False
gdm_early,0.7,macro_f1,FedProx-LR,50,0.9649328969207035,0.9621145646972598,0.002818332223443489,-0.010661623582644077,0.016298288029531056,0.6762100846057392,0.040936850021453114,0.3355102040816327,higher,1.0,1.0,False,False
gdm_early,0.7,brier,FedProx-LR,50,0.032446551099419546,0.0387215024605393,-0.006274951361119754,-0.01796903439118745,0.005419131668947942,0.2861699536382368,1.0451820186219152e-05,-0.68,lower,1.0,0.00035536188633145116,False,False
gdm_early,0.7,auroc,FedST-XGB,50,0.985808497292317,0.9926287106293762,-0.006820213337058964,-0.012894612232352361,-0.0007458144417655677,0.028547246528067744,6.616929226765933e-12,-0.9466666666666667,higher,1.0,3.5069724901859445e-10,False,False
gdm_early,0.7,auprc,FedST-XGB,50,0.970724168784077,0.9867905165881287,-0.016066347804051768,-0.02875934406131403,-0.003373351546789508,0.014175434083771582,1.5631940186722204e-13,-0.9796078431372549,higher,0.8505260450262949,9.535483513900544e-12,False,False
gdm_early,0.7,macro_f1,FedST-XGB,50,0.9649328969207035,0.9650145042739641,-8.160735326067536e-05,-0.012975285077129481,0.012812070370608131,0.9899035376311044,0.49032624846387485,0.11372549019607843,higher,1.0,1.0,False,False
gdm_early,0.7,brier,FedST-XGB,50,0.032446551099419546,0.03269760514766017,-0.00025105404824062613,-0.015363110325235694,0.014861002228754442,0.9735034059901181,0.2954728324166016,0.17176470588235293,lower,1.0,1.0,False,False
gdm_early,0.7,auroc,Local-GCN,50,0.985808497292317,0.9625238057975889,0.023284691494728216,-0.008950884902253566,0.055520267891709996,0.15299284081111114,1.7763568394002505e-15,1.0,higher,1.0,1.509903313490213e-13,False,False
gdm_early,0.7,auprc,Local-GCN,50,0.970724168784077,0.9387908327643127,0.031933336019763996,-0.010482598929078844,0.07434927096860683,0.1367204949855324,2.4868995751603507e-14,0.9905882352941177,higher,1.0,1.566746732351021e-12,False,False
gdm_early,0.7,macro_f1,Local-GCN,50,0.9649328969207035,0.9329097263693343,0.03202317055136903,-0.01815777053584129,0.08220411163857935,0.20572967871925377,7.94031507211912e-13,0.9670588235294117,higher,1.0,6.511058359137678e-11,False,False
gdm_early,0.7,brier,Local-GCN,50,0.032446551099419546,0.056205247305333564,-0.02375869620591402,-0.060903159844604454,0.013385767432776415,0.20470041924667706,1.34718902700115e-11,-0.9388235294117647,lower,1.0,9.43032318900805e-10,False,False
gdm_early,0.7,auroc,Local-LR,50,0.985808497292317,0.9646690222226313,0.021139475069685942,0.0029876338474535344,0.03929131629191835,0.023382505775382124,1.7763568394002505e-15,1.0,higher,1.0,1.509903313490213e-13,False,False
gdm_early,0.7,auprc,Local-LR,50,0.970724168784077,0.9447650006003114,0.025959168183765265,0.008127637371573793,0.04379069899595674,0.0051976599065472915,1.7763568394002505e-15,1.0,higher,0.3794291731779523,1.509903313490213e-13,False,False
gdm_early,0.7,macro_f1,Local-LR,50,0.9649328969207035,0.9456150353466629,0.019317861574040317,0.0016700616948445227,0.03696566145323611,0.03257201806717364,1.7763568394002505e-15,1.0,higher,1.0,1.509903313490213e-13,False,False
gdm_early,0.7,brier,Local-LR,50,0.032446551099419546,0.048341070972382987,-0.01589451987296344,-0.027788403063903643,-0.00400063668202324,0.009856349172255512,3.552713678800501e-15,-0.9984313725490196,lower,0.8194116416575374,2.948752353404416e-13,False,False
gdm_early,0.7,auroc,Local-TGNN,50,0.985808497292317,0.9769074743031771,0.00890102298913995,-0.009462958602455199,0.0272650045807351,0.3348202624298669,3.801371960321376e-06,0.7082352941176471,higher,1.0,0.00010643841488899852,False,False
gdm_early,0.7,auprc,Local-TGNN,50,0.970724168784077,0.9595322181500877,0.011191950633988914,-0.012038808933468656,0.03442271020144649,0.3377196243547967,0.0002857006608838475,0.571764705882353,higher,1.0,0.008571019826515425,False,False
gdm_early,0.7,macro_f1,Local-TGNN,50,0.9649328969207035,0.9472797235064082,0.017653173414295165,-0.015200220531200983,0.05050656735979131,0.2855138652580565,2.8391607465039215e-07,0.7725490196078432,higher,1.0,2.1577621673429803e-05,False,False
gdm_early,0.7,brier,Local-TGNN,50,0.032446551099419546,0.04773241892457003,-0.015285867825150488,-0.03930448285748653,0.008732747207185552,0.2069459722265631,1.7394549622906652e-07,-0.7835294117647059,lower,1.0,8.349383818995193e-06,False,False
gdm_early,0.7,auroc,RSCFed-tab,50,0.985808497292317,0.9856932416220124,0.00011525567030469252,-0.005979665911650268,0.006210177252259653,0.9698410493266235,0.20447619481721802,0.20784313725490197,higher,1.0,1.0,False,False
gdm_early,0.7,auprc,RSCFed-tab,50,0.970724168784077,0.9682941787968516,0.0024299899872249186,-0.011899109307853406,0.01675908928230324,0.7347167998358886,0.06633200503891068,0.2988235294117647,higher,1.0,1.0,False,False
gdm_early,0.7,macro_f1,RSCFed-tab,50,0.9649328969207035,0.9684012523837292,-0.0034683554630258653,-0.014748493172870955,0.0078117822468192245,0.5395070497063464,0.043975372036140215,-0.3270588235294118,higher,1.0,1.0,False,False
gdm_early,0.7,brier,RSCFed-tab,50,0.032446551099419546,0.03375380937010046,-0.0013072582706809106,-0.02050036138918237,0.017885844847820548,0.8916913605013284,0.5918179227766114,0.08862745098039215,lower,1.0,1.0,False,False
gdm_early,0.8,auroc,Cent-GRAND,50,0.9852940403865756,0.9878290139932602,-0.002534973606684685,-0.0092887847541681,0.00421883754079873,0.45429480506417086,0.0017779629774352657,-0.4980392156862745,higher,1.0,0.04622703741331691,False,False
gdm_early,0.8,auprc,Cent-GRAND,50,0.9704774676054988,0.9662864362028776,0.00419103140262123,-0.012287812202270935,0.020669875007513393,0.6115824565447608,0.022974872408266123,0.367843137254902,higher,1.0,0.5513969377983869,False,False
gdm_early,0.8,macro_f1,Cent-GRAND,50,0.9633214135238329,0.9673024271072144,-0.0039810135833814745,-0.020364083489004415,0.012402056322241468,0.6275029202473171,0.38817752503383396,-0.1419607843137255,higher,1.0,1.0,False,False
gdm_early,0.8,brier,Cent-GRAND,50,0.03395921677350994,0.024849997088313053,0.00910921968519688,-0.004789490728585918,0.023007930098979678,0.1939393516843519,8.008242957657785e-10,0.883921568627451,lower,1.0,5.1252754929009825e-08,False,False
gdm_early,0.8,auroc,Cent-LR,50,0.9852940403865756,0.9792090427566731,0.006084997629902493,-0.0009253510193937917,0.013095346279198778,0.08737445630551126,2.0109681383138145e-07,0.8447058823529412,higher,1.0,6.032904414941444e-06,False,False
gdm_early,0.8,auprc,Cent-LR,50,0.9704774676054988,0.9563711352230315,0.01410633238246698,-0.002080415875342025,0.030293080640275985,0.08615325442815952,4.945666454148068e-08,0.8101960784313725,higher,1.0,2.0771799107421884e-06,False,False
gdm_early,0.8,macro_f1,Cent-LR,50,0.9633214135238329,0.9636761322996661,-0.000354718775833025,-0.01683935507662181,0.016129917524955757,0.9656840983932508,0.5559596010650714,0.09568627450980392,higher,1.0,1.0,False,False
gdm_early,0.8,brier,Cent-LR,50,0.03395921677350994,0.03457324486225839,-0.0006140280887484555,-0.014763138059829468,0.013535081882332557,0.9308604748223647,0.1406841997467243,-0.2407843137254902,lower,1.0,1.0,False,False
gdm_early,0.8,auroc,Cent-XGB,50,0.9852940403865756,0.9956756816870467,-0.010381641300471159,-0.018454890681220873,-0.002308391919721443,0.012792602327980226,1.7763568394002505e-15,-1.0,higher,0.7547635373508333,1.509903313490213e-13,False,False
gdm_early,0.8,auprc,Cent-XGB,50,0.9704774676054988,0.9925565411942732,-0.022079073588774544,-0.03740895993694944,-0.006749187240599648,0.0056585912409296306,1.7763568394002505e-15,-1.0,higher,0.4017599781060038,1.509903313490213e-13,False,False
gdm_early,0.8,macro_f1,Cent-XGB,50,0.9633214135238329,0.9662924837057486,-0.0029710701819153497,-0.019564151758477713,0.013622011394647013,0.7205249996035297,0.7018365959451138,-0.06352941176470588,higher,1.0,1.0,False,False
gdm_early,0.8,brier,Cent-XGB,50,0.03395921677350994,0.023993058968335337,0.009966157805174595,-0.005084333424927,0.02501664903527619,0.1894460546555142,2.070065541204258e-08,0.8274509803921568,lower,1.0,1.179937358486427e-06,False,False
gdm_early,0.8,auroc,FedAvg-GCN,50,0.9852940403865756,0.9858824730605723,-0.0005884326739966417,-0.007552612713428904,0.006375747365435621,0.8658685635701796,0.6666519727454681,0.07137254901960784,higher,1.0,1.0,False,False
gdm_early,0.8,auprc,FedAvg-GCN,50,0.9704774676054988,0.9674521352974058,0.0030253323080929873,-0.012623306343662086,0.01867397095984806,0.6993225781187111,0.05060520369320898,0.3176470588235294,higher,1.0,1.0,False,False
gdm_early,0.8,macro_f1,FedAvg-GCN,50,0.9633214135238329,0.9685332742000119,-0.005211860676178863,-0.020677263684357797,0.01025354233200007,0.5014454308365364,0.06646482620734323,-0.30122448979591837,higher,1.0,1.0,False,False
gdm_early,0.8,brier,FedAvg-GCN,50,0.03395921677350994,0.027923457883298353,0.00603575889021158,-0.0036699278671748527,0.015741445647598013,0.21734112382173706,6.78354924232849e-07,0.7521568627450981,lower,1.0,2.916926174201251e-05,False,False
gdm_early,0.8,auroc,FedAvg-LR,50,0.9852940403865756,0.9768379749646526,0.008456065421922995,0.001987325987312551,0.01492480485653344,0.011467238319892787,1.7687185049908294e-11,0.9356862745098039,higher,0.7142965910137604,9.197336225952313e-10,False,False
gdm_early,0.8,auprc,FedAvg-LR,50,0.9704774676054988,0.9549709189754236,0.015506548630075197,0.0011485324188931032,0.02986456484125729,0.03485736010244639,5.318447904301138e-10,0.8901960784313725,higher,1.0,2.818777389279603e-08,False,False
gdm_early,0.8,macro_f1,FedAvg-LR,50,0.9633214135238329,0.9576170785403871,0.005704334983445691,-0.010820419198272226,0.02222908916516361,0.4911433874448069,0.002896310240339872,0.476078431372549,higher,1.0,0.1448155120169936,False,False
gdm_early,0.8,brier,FedAvg-LR,50,0.03395921677350994,0.042897271290421445,-0.00893805451691151,-0.02173173772052933,0.0038556286867063114,0.16664024576770883,9.364108866094512e-07,-0.744313725490196,lower,1.0,3.932925723759695e-05,False,False
gdm_early,0.8,auroc,FedAvg-MLP,50,0.9852940403865756,0.9852306221377881,6.341824878744795e-05,-0.005301338318906749,0.005428174816481645,0.981143927340585,0.1976349682926415,0.21098039215686273,higher,1.0,1.0,False,False
gdm_early,0.8,auprc,FedAvg-MLP,50,0.9704774676054988,0.9668176693964639,0.0036597982090349566,-0.00953475188380259,0.016854348301872504,0.5797918338569061,0.017101069545240932,0.38509803921568625,higher,1.0,0.4275267386310233,False,False
gdm_early,0.8,macro_f1,FedAvg-MLP,50,0.9633214135238329,0.9664626435716721,-0.003141230047839372,-0.017434798944784165,0.011152338849105421,0.660696351099456,0.18768390417341507,-0.21568627450980393,higher,1.0,1.0,False,False
gdm_early,0.8,brier,FedAvg-MLP,50,0.03395921677350994,0.03298900043591852,0.0009702163375914123,-0.009793299330143168,0.011733732005325993,0.857003465179194,0.4547879869752496,0.12313725490196079,lower,1.0,1.0,False,False
gdm_early,0.8,auroc,FedAvg-SAGE,50,0.9852940403865756,0.9837856632200147,0.0015083771665607326,-0.004504206678573503,0.0075209610116949675,0.6164208646955658,0.002614123910062105,0.4807843137254902,higher,1.0,0.06535309775155262,False,False
gdm_early,0.8,auprc,FedAvg-SAGE,50,0.9704774676054988,0.9646237477588465,0.005853719846651963,-0.003459550171473304,0.015166989864777231,0.21253449955528245,6.010637926934237e-06,0.6956862745098039,higher,1.0,0.00019835105158882982,False,False
gdm_early,0.8,macro_f1,FedAvg-SAGE,50,0.9633214135238329,0.9591042483138049,0.004217165210028011,-0.00786670557187236,0.01630103599192838,0.48641830662418434,0.004459422606641894,0.4556862745098039,higher,1.0,0.20959286251216902,False,False
gdm_early,0.8,brier,FedAvg-SAGE,50,0.03395921677350994,0.03963751414790745,-0.005678297374397517,-0.01825557653945476,0.006898981790659725,0.3687053328052687,0.001654895925714328,-0.5011764705882353,lower,1.0,0.047991981845715515,False,False
gdm_early,0.8,auroc,FedEns-RF,50,0.9852940403865756,0.9948825637712688,-0.009588523384693282,-0.015791593436668704,-0.0033854533327178594,0.0031473897608342767,1.7763568394002505e-15,-1.0,higher,0.24864379110590787,1.509903313490213e-13,False,False
gdm_early,0.8,auprc,FedEns-RF,50,0.9704774676054988,0.9911984682439633,-0.020721000638464656,-0.03353162786252711,-0.007910373414402207,0.0020863159849169497,1.7763568394002505e-15,-1.0,higher,0.16481896280843902,1.509903313490213e-13,False,False
gdm_early,0.8,macro_f1,FedEns-RF,50,0.9633214135238329,0.9647431582290464,-0.001421744705213579,-0.01806914739978405,0.015225657989356893,0.8644395370098482,0.452640171506663,0.12326530612244897,higher,1.0,1.0,False,False
gdm_early,0.8,brier,FedEns-RF,50,0.03395921677350994,0.028709985224838905,0.005249231548671021,-0.00438645085907174,0.014884913956413781,0.278975554823703,7.518488965629899e-06,0.6894117647058824,lower,1.0,0.00027818409172830627,False,False
gdm_early,0.8,auroc,FedEns-SVM,50,0.9852940403865756,0.9940160764526599,-0.008722036066084323,-0.015168767638576462,-0.002275304493592184,0.009035378762679307,1.7763568394002505e-15,-1.0,higher,0.587299619574155,1.509903313490213e-13,False,False
gdm_early,0.8,auprc,FedEns-SVM,50,0.9704774676054988,0.9880289388846373,-0.01755147127913859,-0.031337831057122026,-0.0037651115011551554,0.013657148895335447,1.7687185049908294e-11,-0.9356862745098039,higher,0.8330860826154622,9.904823627948645e-10,False,False
gdm_early,0.8,macro_f1,FedEns-SVM,50,0.9633214135238329,0.9692042703288557,-0.0058828568050228154,-0.020750802428416027,0.008985088818370398,0.43036905092138084,0.002797437349769575,-0.4906122448979592,higher,1.0,0.14266930483824833,False,False
gdm_early,0.8,brier,FedEns-SVM,50,0.03395921677350994,0.03021473797329467,0.0037444788002152667,-0.008859363993869208,0.01634832159429974,0.5532393741620767,0.0007549339759211904,0.5341176470588235,lower,1.0,0.023402953253556902,False,False
gdm_early,0.8,auroc,FedEns-XGB,50,0.9852940403865756,0.9918812232545896,-0.006587182868013819,-0.012652845985048768,-0.0005215197509788718,0.03390633262999414,1.6058265828178264e-12,-0.9607843137254902,higher,1.0,9.15321152206161e-11,False,False
gdm_early,0.8,auprc,FedEns-XGB,50,0.9704774676054988,0.9857696984160436,-0.015292230810544856,-0.030212907524160268,-0.00037155409692944154,0.044768324217917106,2.3080204414327454e-11,-0.9325490196078431,higher,1.0,1.26941124278801e-09,False,False
gdm_early,0.8,macro_f1,FedEns-XGB,50,0.9633214135238329,0.9635157548885975,-0.00019434136476443876,-0.013993029686177452,0.013604346956648576,0.9775354885341107,0.4151920088524754,0.13411764705882354,higher,1.0,1.0,False,False
gdm_early,0.8,brier,FedEns-XGB,50,0.03395921677350994,0.038444718106678724,-0.004485501333168796,-0.02120924701964074,0.012238244353303148,0.5923335039996612,0.26120880915335754,-0.1843137254901961,lower,1.0,1.0,False,False
gdm_early,0.8,auroc,FedMatch-tab,50,0.9852940403865756,0.9853635805984061,-6.954021183038783e-05,-0.005499491811699084,0.005360411388038308,0.9795722831371333,0.22231487615329293,0.2,higher,1.0,1.0,False,False
gdm_early,0.8,auprc,FedMatch-tab,50,0.9704774676054988,0.9672198206883094,0.0032576469171890364,-0.010017118477515047,0.01653241231189312,0.6241076563110411,0.033687793845592395,0.34431372549019607,higher,1.0,0.7748192584486251,False,False
gdm_early,0.8,macro_f1,FedMatch-tab,50,0.9633214135238329,0.9666574751119836,-0.0033360615881507117,-0.017748534627898032,0.011076411451596609,0.6438795083248454,0.20447619481721802,-0.20784313725490197,higher,1.0,1.0,False,False
gdm_early,0.8,brier,FedMatch-tab,50,0.03395921677350994,0.032946389429271174,0.0010128273442387523,-0.009568301779986308,0.011593956468463814,0.848257688581243,0.4262959591146398,0.13098039215686275,lower,1.0,1.0,False,False
gdm_early,0.8,auroc,FedProx-LR,50,0.9852940403865756,0.9771478525506125,0.008146187835962968,0.0018797170214269361,0.014412658650499,0.011904149728032035,2.630606843467831e-11,0.9309803921568628,higher,0.7261531334099541,1.3416094901685938e-09,False,False
gdm_early,0.8,auprc,FedProx-LR,50,0.9704774676054988,0.9552796901794869,0.015197777426011853,0.0006844126974400143,0.029711142154583692,0.04050211125713331,1.3149694666481082e-09,0.876078431372549,higher,1.0,6.31185343991092e-08,False,False
gdm_early,0.8,macro_f1,FedProx-LR,50,0.9633214135238329,0.9578442481946584,0.005477165329174496,-0.011258789572726847,0.02221312023107584,0.5138265014703992,0.0032054206503495664,0.47137254901960784,higher,1.0,0.15386019121677919,False,False
gdm_early,0.8,brier,FedProx-LR,50,0.03395921677350994,0.042437228374183136,-0.008478011600673198,-0.020858890359923346,0.0039028671585769528,0.17505076763820088,1.4543591948523726e-06,-0.7333333333333333,lower,1.0,5.8174367794094906e-05,False,False
gdm_early,0.8,auroc,FedST-XGB,50,0.9852940403865756,0.990090720323807,-0.004796679937231363,-0.011394567254219652,0.0018012073797569264,0.15040795372936466,3.7312124412380854e-07,-0.7662745098039215,higher,1.0,1.0820516079590448e-05,False,False
gdm_early,0.8,auprc,FedST-XGB,50,0.9704774676054988,0.9822058452719107,-0.01172837766641197,-0.027528470346234436,0.004071715013410497,0.14218735298330698,1.2141019567479816e-07,-0.7913725490196079,higher,1.0,4.734997631317128e-06,False,False
gdm_early,0.8,macro_f1,FedST-XGB,50,0.9633214135238329,0.9616325900937465,0.0016888234300865613,-0.011571655631451488,0.01494930249162461,0.7990726027678612,0.055465717070337206,0.31137254901960787,higher,1.0,1.0,False,False
gdm_early,0.8,brier,FedST-XGB,50,0.03395921677350994,0.041693127574041436,-0.007733910800531513,-0.027161383243887793,0.011693561642824767,0.42757536000350066,0.0010251160635235124,-0.5215686274509804,lower,1.0,0.03075348190570537,False,False
gdm_early,0.8,auroc,Local-GCN,50,0.9852940403865756,0.9603120786791444,0.024981961707431177,-0.004468483370397257,0.05443240678525961,0.09459066269824438,5.329070518200751e-15,0.9968627450980392,higher,1.0,3.517186542012496e-13,False,False
gdm_early,0.8,auprc,Local-GCN,50,0.9704774676054988,0.9368871939181213,0.03359027368737749,-0.0050227039397659,0.07220325131452088,0.08669746302373472,9.521272659185342e-13,0.9654901960784313,higher,1.0,5.5223381423274986e-11,False,False
gdm_early,0.8,macro_f1,Local-GCN,50,0.9633214135238329,0.9296704060336792,0.033651007490153796,-0.010276511309030019,0.07757852628933762,0.13012788376840648,4.4941828036826337e-13,0.971764705882353,higher,1.0,3.730171727056586e-11,False,False
gdm_early,0.8,brier,Local-GCN,50,0.03395921677350994,0.05888357155025001,-0.024924354776740078,-0.05977231388598655,0.009923604332506393,0.15698501856874694,9.769962616701378e-14,-0.9827450980392157,lower,1.0,7.425171588693047e-12,False,False
gdm_early,0.8,auroc,Local-LR,50,0.9852940403865756,0.9614310764617902,0.023862963924785454,0.004401262251334411,0.0433246655982365,0.01729439278839755,1.7763568394002505e-15,1.0,higher,0.9338972105734678,1.509903313490213e-13,False,False
gdm_early,0.8,auprc,Local-LR,50,0.9704774676054988,0.9419086884176957,0.028568779187802856,0.009244963534145285,0.047892594841460426,0.0045887796769036255,3.0020430585864233e-13,0.9749019607843137,higher,0.3441584757677719,1.801225835151854e-11,False,False
gdm_early,0.8,macro_f1,Local-LR,50,0.9633214135238329,0.9325862542086902,0.030735159315142802,0.003457422065220709,0.05801289656506489,0.028016756311356663,8.881784197001252e-15,0.9952941176470588,higher,1.0,7.460698725481052e-13,False,False
gdm_early,0.8,brier,Local-LR,50,0.03395921677350994,0.056153419017791716,-0.02219420224428178,-0.03905328284213669,-0.005335121646426872,0.010932432667756046,1.7763568394002505e-15,-1.0,lower,0.8964594787559957,1.509903313490213e-13,False,False
gdm_early,0.8,auroc,Local-TGNN,50,0.9852940403865756,0.9745371117479031,0.010756928638672501,-0.013652290217088551,0.03516614749443355,0.38015748810293926,1.0490046520317264e-07,0.7945098039215687,higher,1.0,3.251914421298352e-06,False,False
gdm_early,0.8,auprc,Local-TGNN,50,0.9704774676054988,0.9559095048067722,0.014567962798726413,-0.01884434106815988,0.04798026666561271,0.38520378436228425,8.398093875428003e-06,0.6862745098039216,higher,1.0,0.0002687390040136961,False,False
gdm_early,0.8,macro_f1,Local-TGNN,50,0.9633214135238329,0.9421218539243265,0.021199559599506576,-0.009552405009385905,0.05195152420839906,0.1722210148288979,1.1368683772161603e-12,0.9639215686274509,higher,1.0,9.208633855450898e-11,False,False
gdm_early,0.8,brier,Local-TGNN,50,0.03395921677350994,0.055285613238811454,-0.021326396465301524,-0.053997631061042994,0.011344838130439946,0.195712147256033,2.6343371928305714e-12,-0.956078431372549,lower,1.0,1.8967227788380114e-10,False,False
gdm_early,0.8,auroc,RSCFed-tab,50,0.9852940403865756,0.98464435153979,0.0006496888467856188,-0.0053150863150107095,0.006614464008581947,0.8276489556107802,0.01958777690517799,0.3772549019607843,higher,1.0,0.45051886881909375,False,False
gdm_early,0.8,auprc,RSCFed-tab,50,0.9704774676054988,0.9663623516830667,0.004115115922432049,-0.010587057532131926,0.018817289376996022,0.5763554646968244,0.011200519477185367,0.40862745098039216,higher,1.0,0.29121350640681953,False,False
gdm_early,0.8,macro_f1,RSCFed-tab,50,0.9633214135238329,0.9646963049582383,-0.0013748914344054496,-0.016193032308926485,0.013443249440115587,0.8528561308640588,0.6922623665188363,-0.06431372549019608,higher,1.0,1.0,False,False
gdm_early,0.8,brier,RSCFed-tab,50,0.03395921677350994,0.03678059589117762,-0.0028213791176676783,-0.022223634341857527,0.016580876106522167,0.7713503465190954,0.6806447467771797,-0.06823529411764706,lower,1.0,1.0,False,False
pima,0.1,auroc,Cent-GRAND,50,0.8009212089447939,0.8109401118099231,-0.010018902865129282,-0.040497675422665365,0.020459869692406797,0.5119739628358917,0.013831867883496909,-0.4,higher,1.0,0.304301093436932,False,False
pima,0.1,auprc,Cent-GRAND,50,0.6748230568544686,0.6894217059458825,-0.014598649091413922,-0.05073399327253636,0.021536695089708513,0.4207946984087319,0.004606102327862516,-0.4541176470588235,higher,1.0,0.142789172163738,False,False
pima,0.1,macro_f1,Cent-GRAND,50,0.6919795557685093,0.70269200712855,-0.010712451360040797,-0.0683632502656169,0.04693834754553532,0.7104528367972592,0.3724861917482851,-0.14666666666666667,higher,1.0,1.0,False,False
pima,0.1,brier,Cent-GRAND,50,0.21597600162029265,0.1734647673368454,0.042511234283447275,0.015782137991944358,0.06924033057495019,0.0024389286916815674,5.329070518200751e-15,0.9968627450980392,lower,0.13901893542584934,3.3573144264664734e-13,False,False
pima,0.1,auroc,Cent-LR,50,0.8009212089447939,0.8343910552061495,-0.033469846261355685,-0.0789491238442944,0.012009431321583032,0.1455622762207695,1.0642100534141719e-08,-0.84,higher,1.0,5.746734288436528e-07,False,False
pima,0.1,auprc,Cent-LR,50,0.6748230568544686,0.7172987153721,-0.04247565851763146,-0.10359058429776297,0.01863926726250005,0.16880400503941856,3.9920236538648624e-07,-0.7647058823529411,higher,1.0,2.6746558480894578e-05,False,False
pima,0.1,macro_f1,Cent-LR,50,0.6919795557685093,0.7216769380142826,-0.02969738224577344,-0.10047785664168313,0.04108309215013625,0.4032372600932872,0.0017574635911406268,-0.5134693877551021,higher,1.0,0.0720560072367657,False,False
pima,0.1,brier,Cent-LR,50,0.21597600162029265,0.1677018517255783,0.04827414989471437,0.015771619132954072,0.08077668065647467,0.0044187151699806105,1.2434497875801753e-14,0.9937254901960785,lower,0.19442346747914685,6.838973831690964e-13,False,False
pima,0.1,auroc,Cent-XGB,50,0.8009212089447939,0.7942427672955975,0.006678441649196367,-0.03793001822181903,0.05128690152021177,0.764795392440456,0.06780369678404519,0.2972549019607843,higher,1.0,1.0,False,False
pima,0.1,auprc,Cent-XGB,50,0.6748230568544686,0.6578091058477598,0.01701395100670882,-0.044649481224278136,0.07867738323769577,0.5817760862535948,0.017575449774248852,0.3835294117647059,higher,1.0,0.42181079458197246,False,False
pima,0.1,macro_f1,Cent-XGB,50,0.6919795557685093,0.7005940393877027,-0.008614483619193534,-0.08438418438076409,0.06715521714237702,0.8202281271837499,0.6947463342363385,-0.06509803921568627,higher,1.0,1.0,False,False
pima,0.1,brier,Cent-XGB,50,0.21597600162029265,0.20681200087070462,0.009164000749588024,-0.024763017819994793,0.04309101931917084,0.589724818179511,0.04944640680060175,0.3192156862745098,lower,1.0,0.197785627202407,False,False
pima,0.1,auroc,FedAvg-GCN,50,0.8009212089447939,0.8218481481481481,-0.02092693920335429,-0.0556158840420118,0.01376200563530322,0.23120128985611393,3.9997516745107394e-05,-0.6674509803921569,higher,1.0,0.0013599155693336514,False,False
pima,0.1,auprc,FedAvg-GCN,50,0.6748230568544686,0.699977030874531,-0.025153974020062423,-0.07112714870943605,0.02081920066931121,0.2769106193891344,6.508990648690371e-05,-0.6235294117647059,higher,1.0,0.0026686861659630523,False,False
pima,0.1,macro_f1,FedAvg-GCN,50,0.6919795557685093,0.7045118218904999,-0.012532266121990581,-0.07661021688930134,0.05154568464532017,0.6960023876322357,0.27798803015155293,-0.1780392156862745,higher,1.0,1.0,False,False
pima,0.1,brier,FedAvg-GCN,50,0.21597600162029265,0.1680678102374077,0.047908191382884976,0.016553328765167054,0.0792630540006029,0.0034809362066790433,9.769962616701378e-14,0.9827450980392157,lower,0.16793799490006178,3.7125857943465235e-12,False,False
pima,0.1,auroc,FedAvg-LR,50,0.8009212089447939,0.8324267645003494,-0.03150555555555556,-0.07237485108333083,0.00936373997221971,0.127780236569428,3.2798249301668024e-07,-0.8298039215686275,higher,1.0,1.5415177171783972e-05,False,False
pima,0.1,auprc,FedAvg-LR,50,0.6748230568544686,0.7135369479895869,-0.0387138911351183,-0.09465765481432699,0.01722987254409039,0.170613923271003,5.215646012857178e-07,-0.7584313725490196,higher,1.0,3.390169908357166e-05,False,False
pima,0.1,macro_f1,FedAvg-LR,50,0.6919795557685093,0.7184468403856117,-0.026467284617102536,-0.09755214755288,0.04461757831867492,0.4578963729126726,0.0050721514649119115,-0.44941176470588234,higher,1.0,0.1775253012719169,False,False
pima,0.1,brier,FedAvg-LR,50,0.21597600162029265,0.1734614849090576,0.04251451671123505,0.009379736996810474,0.07564929642565962,0.012980442364640299,3.375077994860476e-14,0.9890196078431372,lower,0.4521894891831104,1.4512835377900046e-12,False,False
pima,0.1,auroc,FedAvg-MLP,50,0.8009212089447939,0.838359678546471,-0.03743846960167715,-0.07483199596199314,-4.494324136116584e-05,0.04973585264815513,7.65609797781508e-12,-0.9450980392156862,higher,1.0,5.74207348336131e-10,False,False
pima,0.1,auprc,FedAvg-MLP,50,0.6748230568544686,0.7107603748499067,-0.035937317995438096,-0.0892266122062659,0.01735197621538971,0.18156201144424422,1.0633089786438177e-06,-0.7411764705882353,higher,1.0,6.273522973998524e-05,False,False
pima,0.1,macro_f1,FedAvg-MLP,50,0.6919795557685093,0.7183484055289198,-0.02636884976041044,-0.09295368376487043,0.04021598424404954,0.42996967706681544,0.0017779629774352657,-0.4980392156862745,higher,1.0,0.0720560072367657,False,False
pima,0.1,brier,FedAvg-MLP,50,0.21597600162029265,0.1657619461417198,0.05021405547857285,0.01740923730360392,0.08301887365354177,0.0034273060183686076,1.2434497875801753e-13,0.9811764705882353,lower,0.16793799490006178,4.476419235288631e-12,False,False
pima,0.1,auroc,FedAvg-SAGE,50,0.8009212089447939,0.8328281621243886,-0.03190695317959469,-0.06493128042784019,0.0011173740686508185,0.05794932894724132,2.76827355018384e-08,-0.9027450980392157,higher,1.0,1.4118195105937585e-06,False,False
pima,0.1,auprc,FedAvg-SAGE,50,0.6748230568544686,0.7143266817551904,-0.039503624900721714,-0.08486126662693724,0.005854016825493816,0.08634142664393041,2.3344064459251967e-09,-0.8666666666666667,higher,1.0,1.7974929633624015e-07,False,False
pima,0.1,macro_f1,FedAvg-SAGE,50,0.6919795557685093,0.7236800244665987,-0.03170046869808947,-0.10071783262022962,0.037316895224050683,0.3605191939238235,0.0001778852638985029,-0.5890196078431372,higher,1.0,0.009605804250519157,False,False
pima,0.1,brier,FedAvg-SAGE,50,0.21597600162029265,0.16639162123203274,0.049584380388259894,0.0181237061274747,0.08104505464904509,0.002648554992398113,3.375077994860476e-14,0.9890196078431372,lower,0.14472977296563758,1.4512835377900046e-12,False,False
pima,0.1,auroc,FedEns-RF,50,0.8009212089447939,0.8271056953179594,-0.026184486373165613,-0.06635599624963147,0.013987023503300246,0.19634583133344896,2.1002898957789284e-06,-0.7239215686274509,higher,1.0,8.35502739986917e-05,False,False
pima,0.1,auprc,FedEns-RF,50,0.6748230568544686,0.699491955269562,-0.02466889841509331,-0.07693929335747836,0.02760149652729174,0.3475726532189141,0.0004153236253312542,-0.5576470588235294,higher,1.0,0.014951650511925152,False,False
pima,0.1,macro_f1,FedEns-RF,50,0.6919795557685093,0.7241238787320906,-0.032144322963581405,-0.10419417249872404,0.03990552657156122,0.3743417748925953,0.00032407658280853013,-0.5670588235294117,higher,1.0,0.016851982306043567,False,False
pima,0.1,brier,FedEns-RF,50,0.21597600162029265,0.16401500451374315,0.05196099710654949,0.022127145220179258,0.08179484899291972,0.0010012216915477772,3.552713678800501e-15,0.9984313725490196,lower,0.07108674009989219,2.3803181647963356e-13,False,False
pima,0.1,auroc,FedEns-SVM,50,0.8009212089447939,0.8221577218728163,-0.02123651292802236,-0.058904841764884246,0.016431815908839527,0.26274814206142005,0.00012202226564764846,-0.624313725490196,higher,1.0,0.0039047125007247506,False,False
pima,0.1,auprc,FedEns-SVM,50,0.6748230568544686,0.6866893170868483,-0.011866260232379766,-0.07969606076824497,0.05596354030348543,0.7266767072630665,0.24122024636948858,-0.19215686274509805,higher,1.0,1.0,False,False
pima,0.1,macro_f1,FedEns-SVM,50,0.6919795557685093,0.713871317995296,-0.02189176222678676,-0.08437704556672646,0.040593521113152925,0.48473048740461605,0.010261609457190346,-0.41333333333333333,higher,1.0,0.3181098931729007,False,False
pima,0.1,brier,FedEns-SVM,50,0.21597600162029265,0.16994060649504178,0.046035395125250886,0.016847808723293525,0.07522298152720824,0.002631173870020087,1.7763568394002505e-15,1.0,lower,0.14472977296563758,1.509903313490213e-13,False,False
pima,0.1,auroc,FedEns-XGB,50,0.8009212089447939,0.8017479385045422,-0.0008267295597484314,-0.04006626660674392,0.038412807487247055,0.966400260959692,0.8393538643386231,0.03294117647058824,higher,1.0,1.0,False,False
pima,0.1,auprc,FedEns-XGB,50,0.6748230568544686,0.669296447521396,0.005526609333072392,-0.04775416751120672,0.058807386177351505,0.8357452001921358,0.4042577575813002,0.13725490196078433,higher,1.0,1.0,False,False
pima,0.1,macro_f1,FedEns-XGB,50,0.6919795557685093,0.6950066548818897,-0.003027099113380667,-0.08366864093863267,0.07761444271187133,0.9401758686946147,0.8258163298101913,-0.03686274509803922,higher,1.0,1.0,False,False
pima,0.1,brier,FedEns-XGB,50,0.21597600162029265,0.18438996716737296,0.03158603445291971,0.00044834664908625227,0.06272372225675316,0.04691395159729999,2.5226754019058717e-10,0.9011764705882352,lower,0.9805506909326146,5.045350803811743e-09,False,False
pima,0.1,auroc,FedMatch-tab,50,0.8009212089447939,0.8381523410202654,-0.037231132075471685,-0.07432391188610586,-0.0001383522648375074,0.049184196274688764,5.364849624720586e-09,-0.9482352941176471,higher,1.0,3.1652612785851455e-07,False,False
pima,0.1,auprc,FedMatch-tab,50,0.6748230568544686,0.710125934586783,-0.03530287773231435,-0.08752621477949868,0.016920459314869983,0.18053644971721797,6.78354924232849e-07,-0.7521568627450981,higher,1.0,4.205800530243664e-05,False,False
pima,0.1,macro_f1,FedMatch-tab,50,0.6919795557685093,0.7207676278223186,-0.02878807205380937,-0.09688540674481423,0.03930926263719549,0.399709521457288,0.0009149367393188612,-0.5262745098039215,higher,1.0,0.04051080615819913,False,False
pima,0.1,brier,FedMatch-tab,50,0.21597600162029265,0.16571589946746826,0.0502601021528244,0.017932993870736165,0.08258721043491263,0.0029913051534110092,4.440892098500626e-14,0.9874509803921568,lower,0.14956525767055046,1.7319479184152442e-12,False,False
pima,0.1,auroc,FedProx-LR,50,0.8009212089447939,0.8324192872117402,-0.03149807826694619,-0.07284489607894798,0.0098487395450556,0.13222572808276992,3.4514971748135725e-07,-0.8282352941176471,higher,1.0,1.5876887004142433e-05,False,False
pima,0.1,auprc,FedProx-LR,50,0.6748230568544686,0.713647436759096,-0.03882437990462763,-0.09503251436414278,0.017383754554887533,0.17139666319269778,5.215646012857178e-07,-0.7584313725490196,higher,1.0,3.390169908357166e-05,False,False
pima,0.1,macro_f1,FedProx-LR,50,0.6919795557685093,0.7180563687488296,-0.026076812980320444,-0.09793860677493729,0.04578498081429641,0.46933634795705703,0.00784436585604098,-0.42745098039215684,higher,1.0,0.25101970739331136,False,False
pima,0.1,brier,FedProx-LR,50,0.21597600162029265,0.1730598840117454,0.04291611760854723,0.009804873599609631,0.07602736161748483,0.012141801223492324,3.375077994860476e-14,0.9890196078431372,lower,0.4371048440457237,1.4512835377900046e-12,False,False
pima,0.1,auroc,FedST-XGB,50,0.8009212089447939,0.8047628930817611,-0.0038416841369671496,-0.04466929239765976,0.03698592412372546,0.8508021691977963,0.6118509675549912,-0.08392156862745098,higher,1.0,1.0,False,False
pima,0.1,auprc,FedST-XGB,50,0.6748230568544686,0.6711232786749349,0.0036997781795337615,-0.05218637211833154,0.05958592847739907,0.8947081747079405,0.6806447467771797,0.06823529411764706,higher,1.0,1.0,False,False
pima,0.1,macro_f1,FedST-XGB,50,0.6919795557685093,0.7050985461317971,-0.013118990363287848,-0.09752401245763562,0.0712860317310599,0.7561027222518021,0.16001685587048975,-0.22980392156862745,higher,1.0,1.0,False,False
pima,0.1,brier,FedST-XGB,50,0.21597600162029265,0.18381179955824706,0.032164202062045594,0.0025705333104338868,0.0617578708136573,0.033768183509471236,3.40367733997482e-11,0.927843137254902,lower,0.8104364042273097,8.168825615939568e-10,False,False
pima,0.1,auroc,Local-GCN,50,0.8009212089447939,0.762600069881202,0.03832113906359189,-0.016532546717663764,0.09317482484484754,0.1666544267151403,1.1726374680253285e-05,0.712156862745098,higher,1.0,0.00042214948848911827,False,False
pima,0.1,auprc,Local-GCN,50,0.6748230568544686,0.6412362233766885,0.033586833477780055,-0.028844379149731418,0.09601804610529152,0.2849386107867938,0.00014253035612021847,0.5968627450980392,higher,1.0,0.00555868388868852,False,False
pima,0.1,macro_f1,Local-GCN,50,0.6919795557685093,0.6597877002244565,0.03219185554405267,-0.05297569001281213,0.11735940110091747,0.4511419770455023,0.002799360749817126,0.4776470588235294,higher,1.0,0.10357634774323365,False,False
pima,0.1,brier,Local-GCN,50,0.21597600162029265,0.19996802359819413,0.01600797802209855,-0.02813650510346888,0.06015246114766598,0.4696379534854397,0.006730459669450184,0.43529411764705883,lower,1.0,0.04711321768615129,False,False
pima,0.1,auroc,Local-LR,50,0.8009212089447939,0.8124680642907056,-0.011546855345911948,-0.05273555705421211,0.029641846362388216,0.5757554696024009,0.029727315082014982,-0.35215686274509805,higher,1.0,0.5507012503804685,False,False
pima,0.1,auprc,Local-LR,50,0.6748230568544686,0.6929439665991839,-0.018120909744715377,-0.07302237932311195,0.036780559833681205,0.5102564894061853,0.011200519477185367,-0.40862745098039216,higher,1.0,0.32481506483837563,False,False
pima,0.1,macro_f1,Local-LR,50,0.6919795557685093,0.709836138366694,-0.017856582598184904,-0.08795896427095998,0.05224579907459018,0.6110329980031384,0.11619549807268115,-0.2564705882352941,higher,1.0,1.0,False,False
pima,0.1,brier,Local-LR,50,0.21597600162029265,0.1785723069310188,0.03740369468927384,0.008273014952308456,0.06653437442623922,0.012919699690946012,1.6058265828178264e-12,0.9607843137254902,lower,0.4521894891831104,4.978062406735262e-11,False,False
pima,0.1,auroc,Local-TGNN,50,0.8009212089447939,0.7508960866526904,0.05002512229210342,-0.00017663184323591513,0.10022687642744277,0.05078024493626484,1.1467804483800137e-10,0.912156862745098,higher,1.0,7.912785093822094e-09,False,False
pima,0.1,auprc,Local-TGNN,50,0.6748230568544686,0.6206695664287729,0.05415349042569562,-0.009782947871511037,0.11808992872290228,0.09507594908547294,8.403119267086367e-08,0.7992156862745098,higher,1.0,5.7981522942895936e-06,False,False
pima,0.1,macro_f1,Local-TGNN,50,0.6919795557685093,0.6668133293069354,0.025166226461573696,-0.044903683636256825,0.09523613655940422,0.47387434249272903,0.0008806696990912855,0.527843137254902,higher,1.0,0.04051080615819913,False,False
pima,0.1,brier,Local-TGNN,50,0.21597600162029265,0.21115247339010237,0.004823528230190277,-0.0299192942753492,0.039566350735729755,0.7814191107879159,0.32777522027848605,0.1607843137254902,lower,1.0,0.6555504405569721,False,False
pima,0.1,auroc,RSCFed-tab,50,0.8009212089447939,0.8378120894479386,-0.036890880503144645,-0.07463105306799894,0.0008492920617096597,0.05517416447104737,1.34718902700115e-11,-0.9388235294117647,higher,1.0,9.69976099440828e-10,False,False
pima,0.1,auprc,RSCFed-tab,50,0.6748230568544686,0.7101042501391771,-0.03528119328470852,-0.08722447096020597,0.016662084390788916,0.17850229557122507,4.56562391448756e-07,-0.7615686274509804,higher,1.0,3.0133117835617895e-05,False,False
pima,0.1,macro_f1,RSCFed-tab,50,0.6919795557685093,0.7210095744414936,-0.029030018672984444,-0.09726156991444213,0.039201532568473245,0.39671220030683324,0.0008806696990912855,-0.527843137254902,higher,1.0,0.04051080615819913,False,False
pima,0.1,brier,RSCFed-tab,50,0.21597600162029265,0.16677684187889097,0.049199159741401675,0.016742510235254686,0.08165580924754867,0.0037256452139045387,9.769962616701378e-14,0.9827450980392157,lower,0.17137967983960878,3.7125857943465235e-12,False,False
pima,0.3,auroc,Cent-GRAND,50,0.7941231306778477,0.8092259958071278,-0.015102865129280229,-0.04974038368730663,0.019534653428746166,0.3851818823067182,0.006525205201144857,-0.43686274509803924,higher,1.0,0.15660492482747657,False,False
pima,0.3,auprc,Cent-GRAND,50,0.6659948770571742,0.6831024486944629,-0.017107571637288852,-0.06342285150939929,0.02920770823482158,0.4614606470326474,0.01407853473248366,-0.396078431372549,higher,1.0,0.3519633683120915,False,False
pima,0.3,macro_f1,Cent-GRAND,50,0.6768924942775633,0.6955209363336475,-0.018628442056084424,-0.08432974824099769,0.04707286412882884,0.5714304633586007,0.0021224348550905603,-0.49019607843137253,higher,1.0,0.08277495934853185,False,False
pima,0.3,brier,Cent-GRAND,50,0.21786696523427962,0.1758018806576728,0.04206508457660675,0.015447547875139897,0.0686826212780736,0.0025844602315292426,1.7763568394002505e-15,1.0,lower,0.14472977296563758,1.509903313490213e-13,False,False
pima,0.3,auroc,Cent-LR,50,0.7941231306778477,0.8324514325646402,-0.03832830188679244,-0.08974415858005853,0.013087554806473653,0.14053478863348862,1.1287300338835848e-07,-0.7929411764705883,higher,1.0,5.530777166029566e-06,False,False
pima,0.3,auprc,Cent-LR,50,0.6659948770571742,0.7132293133929588,-0.04723443633578439,-0.11786789735877241,0.02339902468720363,0.18518502714911653,2.8338981969966426e-06,-0.716078431372549,higher,1.0,0.00015019660444082206,False,False
pima,0.3,macro_f1,Cent-LR,50,0.6768924942775633,0.719669647939657,-0.04277715366209397,-0.10187846722007736,0.016324159895889423,0.15217902719261844,6.354784893858323e-07,-0.7537254901960785,higher,1.0,4.638992972516576e-05,False,False
pima,0.3,brier,Cent-LR,50,0.21786696523427962,0.16875807881355281,0.04910888642072678,0.010762903775763388,0.08745486906569017,0.0131403872714613,1.9539925233402755e-13,0.9780392156862745,lower,0.4521894891831104,6.838973831690964e-12,False,False
pima,0.3,auroc,Cent-XGB,50,0.7941231306778477,0.7894686233403214,0.004654507337526208,-0.05146130918752277,0.06077032386257519,0.8683050016238859,0.31832456588976044,0.16392156862745097,higher,1.0,1.0,False,False
pima,0.3,auprc,Cent-XGB,50,0.6659948770571742,0.6526355710092834,0.013359306047890792,-0.06320529723833897,0.08992390933412055,0.7273622391459471,0.20795951830847592,0.20627450980392156,higher,1.0,1.0,False,False
pima,0.3,macro_f1,Cent-XGB,50,0.6768924942775633,0.6906760204164903,-0.013783526138927114,-0.08397306335718713,0.05640601107933291,0.6948270492511835,0.18125476399734453,-0.2188235294117647,higher,1.0,1.0,False,False
pima,0.3,brier,Cent-XGB,50,0.21786696523427962,0.20766816049814224,0.010198804736137386,-0.033538246924714396,0.05393585639698917,0.641432285446811,0.13549845162767582,0.24392156862745099,lower,1.0,0.40649535488302746,False,False
pima,0.3,auroc,FedAvg-GCN,50,0.7941231306778477,0.8194554856743536,-0.02533235499650593,-0.06370675244845267,0.01304204245544081,0.1907924765753996,7.111603951059919e-06,-0.6909803921568628,higher,1.0,0.000263129346189217,False,False
pima,0.3,auprc,FedAvg-GCN,50,0.6659948770571742,0.6959367097681656,-0.029941832710991358,-0.08250127419717918,0.022617608775196467,0.25785070718073033,6.508990648690371e-05,-0.6235294117647059,higher,1.0,0.0026686861659630523,False,False
pima,0.3,macro_f1,FedAvg-GCN,50,0.6768924942775633,0.7100873577517305,-0.03319486347416742,-0.09464887103275879,0.02825914408442396,0.2830172910789265,9.915398697479816e-05,-0.6094117647058823,higher,1.0,0.005651777257563495,False,False
pima,0.3,brier,FedAvg-GCN,50,0.21786696523427962,0.16970080316066738,0.04816616207361221,0.019485915169537873,0.07684640897768655,0.001451586073225748,1.7763568394002505e-15,1.0,lower,0.09580468083289938,1.509903313490213e-13,False,False
pima,0.3,auroc,FedAvg-LR,50,0.7941231306778477,0.8294478686233404,-0.03532473794549265,-0.08123753959124819,0.010588063700262891,0.12850503983192219,3.9920236538648624e-07,-0.7647058823529411,higher,1.0,1.796410644239188e-05,False,False
pima,0.3,auprc,FedAvg-LR,50,0.6659948770571742,0.7084715552276818,-0.04247667817050736,-0.10630343491490199,0.021350078573887266,0.18727653936678593,3.586156610779767e-06,-0.7098039215686275,higher,1.0,0.0001757216739282086,False,False
pima,0.3,macro_f1,FedAvg-LR,50,0.6768924942775633,0.7218803175344988,-0.044987823256935754,-0.10507002265708071,0.015094376143209201,0.13881722685209955,5.951474850718341e-07,-0.7552941176470588,higher,1.0,4.4040913895315725e-05,False,False
pima,0.3,brier,FedAvg-LR,50,0.21786696523427962,0.17464493423700334,0.0432220309972763,0.008375955432081368,0.07806810656247123,0.01610967342624553,2.433608869978343e-13,0.9764705882352941,lower,0.4832902027873659,8.274270157926367e-12,False,False
pima,0.3,auroc,FedAvg-MLP,50,0.7941231306778477,0.8341812718378756,-0.04005814116002795,-0.08419851795341565,0.00408223563335975,0.07429592140546387,7.237197507947712e-10,-0.8854901960784314,higher,1.0,4.77655035524549e-08,False,False
pima,0.3,auprc,FedAvg-MLP,50,0.6659948770571742,0.7044386124588625,-0.03844373540168806,-0.0976824294146198,0.020794958611243683,0.19827881213109044,3.1893934604454444e-06,-0.7129411764705882,higher,1.0,0.00016265906648271766,False,False
pima,0.3,macro_f1,FedAvg-MLP,50,0.6768924942775633,0.7220091340644378,-0.04511663978687461,-0.10460541944778459,0.014372139874035378,0.1339189859110962,1.8673260271384606e-07,-0.7819607843137255,higher,1.0,1.4751875614393839e-05,False,False
pima,0.3,brier,FedAvg-MLP,50,0.21786696523427962,0.16785379305481904,0.05001317217946053,0.01795080004360907,0.082075544315312,0.0029051970067896257,5.329070518200751e-15,0.9968627450980392,lower,0.14816504734627092,3.3573144264664734e-13,False,False
pima,0.3,auroc,FedAvg-SAGE,50,0.7941231306778477,0.8309842767295597,-0.03686114605171208,-0.0753342052718706,0.001611913168446437,0.05999596056509307,1.2871659293978155e-10,-0.9105882352941177,higher,1.0,8.752728319905145e-09,False,False
pima,0.3,auprc,FedAvg-SAGE,50,0.6659948770571742,0.7087743068683536,-0.042779429811179256,-0.09014411840044881,0.004585258778090288,0.07564185583752084,1.158324636207908e-08,-0.8384313725490196,higher,1.0,8.57160230793852e-07,False,False
pima,0.3,macro_f1,FedAvg-SAGE,50,0.6768924942775633,0.7239348890579879,-0.0470423947804246,-0.09859568270264175,0.004510893141792552,0.07276998991309659,4.8571529021046445e-09,-0.8541176470588235,higher,1.0,4.031436908746855e-07,False,False
pima,0.3,brier,FedAvg-SAGE,50,0.21786696523427962,0.16838815629482265,0.04947880893945694,0.021821696354678396,0.07713592152423548,0.0007516502765206282,1.7763568394002505e-15,1.0,lower,0.055622120462526486,1.509903313490213e-13,False,False
pima,0.3,auroc,FedEns-RF,50,0.7941231306778477,0.8252625786163521,-0.031139447938504528,-0.0828359341021544,0.020557038225145343,0.23190515345912804,3.835908666400679e-05,-0.6690196078431373,higher,1.0,0.0013425680332402377,False,False
pima,0.3,auprc,FedEns-RF,50,0.6659948770571742,0.6913713521631473,-0.02537647510597309,-0.09485266175882939,0.04409971154688322,0.466442961973158,0.006525205201144857,-0.43686274509803924,higher,1.0,0.1957561560343457,False,False
pima,0.3,macro_f1,FedEns-RF,50,0.6768924942775633,0.7233536761616616,-0.04646118188409843,-0.11850006824002415,0.0255777044718273,0.201023922985011,2.36936675790389e-06,-0.7207843137254902,higher,1.0,0.0001658556730532723,False,False
pima,0.3,brier,FedEns-RF,50,0.21786696523427962,0.16534665355440886,0.052520311679870736,0.015899860934147955,0.08914076242559352,0.005849195510340486,8.881784197001252e-15,0.9952941176470588,lower,0.2398170159239599,5.240252676230739e-13,False,False
pima,0.3,auroc,FedEns-SVM,50,0.7941231306778477,0.8148004192872116,-0.02067728860936407,-0.0685679372556715,0.027213360036943354,0.3898126441710493,0.00040583008699464487,-0.5804081632653061,higher,1.0,0.011769072522844702,False,False
pima,0.3,auprc,FedEns-SVM,50,0.6659948770571742,0.6829328504916468,-0.01693797343447264,-0.08997473238564535,0.05609878551670008,0.6432512140350531,0.11171837302823029,-0.2596078431372549,higher,1.0,1.0,False,False
pima,0.3,macro_f1,FedEns-SVM,50,0.6768924942775633,0.7156585263032926,-0.038766032025729584,-0.09503126112639568,0.01749919707493651,0.1724562850562292,3.801371960321376e-06,-0.7082352941176471,higher,1.0,0.00026229466526217493,False,False
pima,0.3,brier,FedEns-SVM,50,0.21786696523427962,0.1711487142425072,0.046718250991772445,0.013665803756215712,0.07977069822732918,0.0065440972313153415,1.7763568394002505e-14,0.9921568627450981,lower,0.2552197920212983,9.059419880941277e-13,False,False
pima,0.3,auroc,FedEns-XGB,50,0.7941231306778477,0.8001458420684837,-0.006022711390635926,-0.0626964604338256,0.05065103765255374,0.8317784305824749,0.5954627753180415,-0.08627450980392157,higher,1.0,1.0,False,False
pima,0.3,auprc,FedEns-XGB,50,0.6659948770571742,0.6603608631075608,0.005634013949613501,-0.06640568831341188,0.0776737162126389,0.8757622160095219,0.5210251168620434,0.10588235294117647,higher,1.0,1.0,False,False
pima,0.3,macro_f1,FedEns-XGB,50,0.6768924942775633,0.6975150903526058,-0.020622596075042843,-0.09256973588736968,0.051324543737284,0.5672411732111742,0.022974872408266123,-0.367843137254902,higher,1.0,0.5513969377983869,False,False
pima,0.3,brier,FedEns-XGB,50,0.21786696523427962,0.1853891344662097,0.03247783076806988,-0.00760348160036331,0.07255914313650307,0.10986302561084196,3.623269506647375e-08,0.8164705882352942,lower,1.0,5.7972312106358e-07,False,False
pima,0.3,auroc,FedMatch-tab,50,0.7941231306778477,0.8340650593990216,-0.03994192872117401,-0.08267964702193717,0.0027957895795891474,0.06632288035106941,1.9837293688799505e-08,-0.912156862745098,higher,1.0,1.0315392718175742e-06,False,False
pima,0.3,auprc,FedMatch-tab,50,0.6659948770571742,0.7041984455136792,-0.03820356845650492,-0.0956500709214971,0.01924293400848727,0.18758330764776712,7.239255257474042e-07,-0.7505882352941177,higher,1.0,4.415945707059166e-05,False,False
pima,0.3,macro_f1,FedMatch-tab,50,0.6768924942775633,0.7228635097738575,-0.04597101549629437,-0.10501395155028209,0.01307192055769335,0.12409833514327973,7.235236054725647e-08,-0.8023529411764706,higher,1.0,5.788188843780517e-06,False,False
pima,0.3,brier,FedMatch-tab,50,0.21786696523427962,0.16802532196044917,0.049841643273830415,0.01818610150798837,0.08149718503967246,0.002672533561366061,5.329070518200751e-15,0.9968627450980392,lower,0.14472977296563758,3.3573144264664734e-13,False,False
pima,0.3,auroc,FedProx-LR,50,0.7941231306778477,0.8299003494060098,-0.03577721872816212,-0.08184219423661446,0.01028775678029021,0.12501318763852265,2.0887568499672924e-06,-0.7709803921568628,higher,1.0,8.35502739986917e-05,False,False
pima,0.3,auprc,FedProx-LR,50,0.6659948770571742,0.7090941437497804,-0.0430992666926061,-0.1073887463076528,0.02119021292244059,0.18411097835767928,3.006746544187422e-06,-0.7145098039215686,higher,1.0,0.00015635082029774594,False,False
pima,0.3,macro_f1,FedProx-LR,50,0.6768924942775633,0.7230775231680515,-0.046185028890488276,-0.10744210510951933,0.015072047328542781,0.1361648276599434,3.9920236538648624e-07,-0.7647058823529411,higher,1.0,2.9940177403986468e-05,False,False
pima,0.3,brier,FedProx-LR,50,0.21786696523427962,0.17443390220403665,0.04343306303024292,0.008415083552749274,0.07845104250773657,0.016114724324151255,3.6770586575585185e-13,0.9733333333333334,lower,0.4832902027873659,1.2134293569943111e-11,False,False
pima,0.3,auroc,FedST-XGB,50,0.7941231306778477,0.7973333333333332,-0.0032102026554856698,-0.057148311431934086,0.05072790612096275,0.9052869101500333,0.8461976142515027,-0.03183673469387755,higher,1.0,1.0,False,False
pima,0.3,auprc,FedST-XGB,50,0.6659948770571742,0.6551339757430723,0.010860901314101829,-0.062021273092614466,0.08374307572081813,0.7658504400006326,0.26120880915335754,0.1843137254901961,higher,1.0,1.0,False,False
pima,0.3,macro_f1,FedST-XGB,50,0.6768924942775633,0.6988631809894517,-0.021970686711888555,-0.09513647192548855,0.051195098501711445,0.5489940618293939,0.01407853473248366,-0.396078431372549,higher,1.0,0.3941989725095425,False,False
pima,0.3,brier,FedST-XGB,50,0.21786696523427962,0.1889180785839789,0.02894888665030066,-0.012512834094104051,0.07041060739470537,0.16689198511909809,1.7496796758109667e-06,0.7286274509803922,lower,1.0,2.62451951371645e-05,False,False
pima,0.3,auroc,Local-GCN,50,0.7941231306778477,0.7598591893780573,0.03426394129979036,-0.022464227971864502,0.09099211057144521,0.23064687263313388,8.03387522345117e-05,0.6407843137254902,higher,1.0,0.0026511788237388863,False,False
pima,0.3,auprc,Local-GCN,50,0.6659948770571742,0.6356473274099933,0.030347549647180908,-0.03712674354205911,0.09782184283642092,0.3705047207964215,0.001235703558341683,0.5137254901960784,higher,1.0,0.04324962454195891,False,False
pima,0.3,macro_f1,Local-GCN,50,0.6768924942775633,0.6607091718156716,0.01618332246189157,-0.05542964759791193,0.08779629252169506,0.6517404571096538,0.0857934137886982,0.28,higher,1.0,1.0,False,False
pima,0.3,brier,Local-GCN,50,0.21786696523427962,0.20107846707105637,0.016788498163223264,-0.021986673044773402,0.055563669371219926,0.38849572425964973,0.002799360749817126,0.4776470588235294,lower,1.0,0.022394885998537006,False,False
pima,0.3,auroc,Local-LR,50,0.7941231306778477,0.810196925227114,-0.016073794549266253,-0.06055999602475868,0.028412406926226173,0.47123075580078233,0.015599199204924842,-0.39294117647058824,higher,1.0,0.3275831833034217,False,False
pima,0.3,auprc,Local-LR,50,0.6659948770571742,0.6877146564567844,-0.021719779399609996,-0.08673395221133849,0.043294393412118506,0.5051477763746889,0.011200519477185367,-0.40862745098039216,higher,1.0,0.32481506483837563,False,False
pima,0.3,macro_f1,Local-LR,50,0.6768924942775633,0.7047175881296565,-0.02782509385209339,-0.09085725503881437,0.035207067334627584,0.37935192000448353,0.0008156048825487261,-0.5309803921568628,higher,1.0,0.038333429479790126,False,False
pima,0.3,brier,Local-LR,50,0.21786696523427962,0.17957025915384292,0.0382967060804367,0.005743709081586466,0.07084970307928692,0.022079286097158174,1.0192735544478637e-11,0.9419607843137255,lower,0.5519821524289543,2.752038597009232e-10,False,False
pima,0.3,auroc,Local-TGNN,50,0.7941231306778477,0.734911320754717,0.05921180992313068,-0.0009560318706702542,0.11937965171693161,0.05360762702724262,5.610267805877811e-11,0.9215686274509803,higher,1.0,3.983290142173246e-09,False,False
pima,0.3,auprc,Local-TGNN,50,0.6659948770571742,0.5964054134214704,0.0695894636357039,4.056752221008597e-05,0.1391383597491977,0.04987165531283679,4.3148595807451784e-10,0.8933333333333333,higher,1.0,3.365590472981239e-08,False,False
pima,0.3,macro_f1,Local-TGNN,50,0.6768924942775633,0.655191436469343,0.02170105780822012,-0.04474377614510296,0.0881458917615432,0.5146806880736651,0.01407853473248366,0.396078431372549,higher,1.0,0.3941989725095425,False,False
pima,0.3,brier,Local-TGNN,50,0.21786696523427962,0.22140691310167313,-0.0035399478673935024,-0.03728450327328149,0.030204607538494483,0.833907443533229,0.4042577575813002,-0.13725490196078433,lower,1.0,0.6555504405569721,False,False
pima,0.3,auroc,RSCFed-tab,50,0.7941231306778477,0.8337842767295599,-0.03966114605171209,-0.08384857044792973,0.004526278344505565,0.0774235339861403,1.7568968502246207e-09,-0.8713725490196078,higher,1.0,1.0892760471392648e-07,False,False
pima,0.3,auprc,RSCFed-tab,50,0.6659948770571742,0.7037905191397644,-0.037795642082590016,-0.09477709410871372,0.019185809943533694,0.18871440706826886,1.5471859846627467e-06,-0.731764705882353,higher,1.0,8.818960112577656e-05,False,False
pima,0.3,macro_f1,RSCFed-tab,50,0.6768924942775633,0.721007810670117,-0.044115316392553956,-0.1113592519719078,0.02312861918679989,0.19350609562926294,1.9767201369091936e-06,-0.7254901960784313,higher,1.0,0.00014232384985746194,False,False
pima,0.3,brier,RSCFed-tab,50,0.21786696523427962,0.1689167210459709,0.04895024418830871,0.01696236158000841,0.08093812679660901,0.003435366683537549,5.329070518200751e-15,0.9968627450980392,lower,0.16793799490006178,3.3573144264664734e-13,False,False
pima,0.5,auroc,Cent-GRAND,50,0.7857352900069882,0.8027359888190077,-0.017000698812019568,-0.055223722635988376,0.021222325011949237,0.3757918962716312,0.0005734773907004609,-0.5450980392156862,higher,1.0,0.016057366939612905,False,False
pima,0.5,auprc,Cent-GRAND,50,0.656101231298113,0.677526118146421,-0.021424886848308046,-0.07354952884058225,0.03069975514396616,0.41280826939023824,0.0017779629774352657,-0.4980392156862745,higher,1.0,0.06045074123279903,False,False
pima,0.5,macro_f1,Cent-GRAND,50,0.6795698043699011,0.690694673253864,-0.011124868883962842,-0.06326052038753915,0.04101078261961347,0.6699412470492004,0.09371485753250737,-0.27510204081632655,higher,1.0,1.0,False,False
pima,0.5,brier,Cent-GRAND,50,0.22153616696596146,0.17943331807851792,0.04210284888744354,0.016838107784494745,0.06736758999039233,0.0015668820612467042,1.7763568394002505e-14,0.9921568627450981,lower,0.10184733398103578,9.059419880941277e-13,False,False
pima,0.5,auroc,Cent-LR,50,0.7857352900069882,0.8290457023060795,-0.043310412299091536,-0.0959789477414941,0.009358123143311026,0.10482408032098961,8.970399534291573e-09,-0.8431372549019608,higher,1.0,5.023423739203281e-07,False,False
pima,0.5,auprc,Cent-LR,50,0.656101231298113,0.7083784843994911,-0.05227725310137818,-0.12484822533617038,0.020293719133414018,0.15409206636560024,2.670359481982132e-06,-0.7176470588235294,higher,1.0,0.00014419941202703512,False,False
pima,0.5,macro_f1,Cent-LR,50,0.6795698043699011,0.7054054123423902,-0.02583560797248895,-0.08575488563922373,0.034083669694245824,0.39045249653708214,0.0021224348550905603,-0.49019607843137253,higher,1.0,0.08277495934853185,False,False
pima,0.5,brier,Cent-LR,50,0.22153616696596146,0.17063896536827086,0.05089720159769058,0.017156648184210158,0.084637755011171,0.0038822631406349134,3.552713678800501e-15,0.9984313725490196,lower,0.1747018413285711,2.3803181647963356e-13,False,False
pima,0.5,auroc,Cent-XGB,50,0.7857352900069882,0.7844288609364081,0.001306429070580004,-0.05199485919702204,0.05460771733818205,0.9609161200625709,0.7232586770768918,0.058823529411764705,higher,1.0,1.0,False,False
pima,0.5,auprc,Cent-XGB,50,0.656101231298113,0.6482791647455829,0.007822066552530127,-0.07247215686114086,0.0881162899662011,0.8456014357403411,0.5720861414815896,0.09333333333333334,higher,1.0,1.0,False,False
pima,0.5,macro_f1,Cent-XGB,50,0.6795698043699011,0.6876147695755122,-0.008044965205610854,-0.08447659566647964,0.06838666525525794,0.8333573767296191,0.5024899674262855,-0.11058823529411765,higher,1.0,1.0,False,False
pima,0.5,brier,Cent-XGB,50,0.22153616696596146,0.2074492046236992,0.014086962342262263,-0.026292124776863816,0.05446604946138834,0.4865717721994395,0.0069413795797625966,0.4337254901960784,lower,1.0,0.04711321768615129,False,False
pima,0.5,auroc,FedAvg-GCN,50,0.7857352900069882,0.8150916142557653,-0.02935632424877709,-0.0721240140834041,0.013411365585849929,0.17403479094514637,1.859966783257505e-06,-0.7270588235294118,higher,1.0,7.625863811355771e-05,False,False
pima,0.5,auprc,FedAvg-GCN,50,0.656101231298113,0.6903657058326668,-0.034264474534553814,-0.09381850915664673,0.025289560087539104,0.2532010609141986,2.6885878247284722e-05,-0.6517647058823529,higher,1.0,0.001156092764633243,False,False
pima,0.5,macro_f1,FedAvg-GCN,50,0.6795698043699011,0.7024950797340443,-0.02292527536414328,-0.0880256939799606,0.04217514325167404,0.4824984864944715,0.019150523176083956,-0.38448979591836735,higher,1.0,0.4787630794020989,False,False
pima,0.5,brier,FedAvg-GCN,50,0.22153616696596146,0.1720007711648941,0.049535395801067354,0.020760048487247437,0.07831074311488727,0.0011304501573110844,2.4868995751603507e-14,0.9905882352941177,lower,0.0791315110117759,1.1937117960769683e-12,False,False
pima,0.5,auroc,FedAvg-LR,50,0.7857352900069882,0.8255217330538085,-0.0397864430468204,-0.08680834847520758,0.007235462381566783,0.09540417077549004,1.675882220255969e-07,-0.8501960784313726,higher,1.0,8.044234657228652e-06,False,False
pima,0.5,auprc,FedAvg-LR,50,0.656101231298113,0.7020040801776801,-0.045902848879567026,-0.11305999537809784,0.02125429761896379,0.17582645049529114,8.87296791773906e-06,-0.6847058823529412,higher,1.0,0.00039928355629825774,False,False
pima,0.5,macro_f1,FedAvg-LR,50,0.6795698043699011,0.7067411067409174,-0.02717130237101636,-0.08939011940283871,0.03504751466080598,0.3844476005102114,0.0050721514649119115,-0.44941176470588234,higher,1.0,0.1775253012719169,False,False
pima,0.5,brier,FedAvg-LR,50,0.22153616696596146,0.1771767947077751,0.04435937225818634,0.012453465999698654,0.07626527851667403,0.00741008256456431,1.2434497875801753e-14,0.9937254901960785,lower,0.2741730548888795,6.838973831690964e-13,False,False
pima,0.5,auroc,FedAvg-MLP,50,0.7857352900069882,0.8280412299091543,-0.04230593990216632,-0.08816737993385107,0.003555500129518434,0.069795661458199,1.0206946399193839e-10,-0.9137254901960784,higher,1.0,7.1448624794356874e-09,False,False
pima,0.5,auprc,FedAvg-MLP,50,0.656101231298113,0.698202569714777,-0.04210133841666391,-0.10508826587851461,0.020885589045186788,0.18538659263381718,3.801371960321376e-06,-0.7082352941176471,higher,1.0,0.00018246585409542604,False,False
pima,0.5,macro_f1,FedAvg-MLP,50,0.6795698043699011,0.7161765601191331,-0.03660675574923203,-0.10562285672528536,0.032409345226821304,0.29169439251650375,2.3068974657647345e-05,-0.6564705882352941,higher,1.0,0.0014994833527470774,False,False
pima,0.5,brier,FedAvg-MLP,50,0.22153616696596146,0.1707005870342254,0.05083557993173599,0.019988381800328487,0.0816827780631435,0.0017465708803885778,1.7763568394002505e-14,0.9921568627450981,lower,0.1100339654644804,9.059419880941277e-13,False,False
pima,0.5,auroc,FedAvg-SAGE,50,0.7857352900069882,0.8236301886792452,-0.03789489867225718,-0.08174412229897227,0.005954324954457919,0.08872499632504842,9.63547991972843e-08,-0.8666666666666667,higher,1.0,4.817739959864215e-06,False,False
pima,0.5,auprc,FedAvg-SAGE,50,0.656101231298113,0.7021103840316383,-0.046009152733525134,-0.10107730441891614,0.009058998951865876,0.09952090998560166,4.2364032282193875e-08,-0.8133333333333334,higher,1.0,3.007846292035765e-06,False,False
pima,0.5,macro_f1,FedAvg-SAGE,50,0.6795698043699011,0.7128490533760548,-0.03327924900615372,-0.09410820538547135,0.027549707373163902,0.2769531942482384,0.00016000874791502557,-0.6195918367346939,higher,1.0,0.008800481135326407,False,False
pima,0.5,brier,FedAvg-SAGE,50,0.22153616696596146,0.17215997844934455,0.04937618851661682,0.02024843356528258,0.07850394346795106,0.0013223126909141837,8.881784197001252e-15,0.9952941176470588,lower,0.09075122196385967,5.240252676230739e-13,False,False
pima,0.5,auroc,FedEns-RF,50,0.7857352900069882,0.8177665618448638,-0.032031271837875616,-0.07777934453024193,0.013716800854490702,0.16572783844418626,3.19708795758212e-06,-0.7568627450980392,higher,1.0,0.00012148934238812057,False,False
pima,0.5,auprc,FedEns-RF,50,0.656101231298113,0.685415556350879,-0.029314325052765967,-0.09841591433809482,0.03978726423256288,0.3980825401138874,0.0017779629774352657,-0.4980392156862745,higher,1.0,0.06045074123279903,False,False
pima,0.5,macro_f1,FedEns-RF,50,0.6795698043699011,0.7170763364341489,-0.0375065320642478,-0.1012103257089685,0.026197261580472905,0.24245194494989644,4.834856894007243e-05,-0.6669387755102041,higher,1.0,0.002949262705344418,False,False
pima,0.5,brier,FedEns-RF,50,0.22153616696596146,0.16793950898933022,0.05359665797663115,0.023556006598332423,0.08363730935492988,0.0007742887696903168,1.7763568394002505e-15,1.0,lower,0.05652308018739313,1.509903313490213e-13,False,False
pima,0.5,auroc,FedEns-SVM,50,0.7857352900069882,0.8071232704402516,-0.02138798043326344,-0.07290255898472496,0.03012659811819808,0.40813779321437643,0.0008823671477066918,-0.5403921568627451,higher,1.0,0.02382391298808068,False,False
pima,0.5,auprc,FedEns-SVM,50,0.656101231298113,0.6733576033784634,-0.01725637208035036,-0.0863595967369076,0.05184685257620689,0.6180355723583841,0.01855822259070905,-0.3803921568627451,higher,1.0,0.42683911958630816,False,False
pima,0.5,macro_f1,FedEns-SVM,50,0.6795698043699011,0.6962959664921766,-0.016726162122275606,-0.07453696372281418,0.04108463947826298,0.563621195077791,0.010261609457190346,-0.41333333333333333,higher,1.0,0.3181098931729007,False,False
pima,0.5,brier,FedEns-SVM,50,0.22153616696596146,0.17477697786678198,0.04675918909917944,0.02033386920814951,0.07318450899020937,0.0008463939699655859,1.7763568394002505e-15,1.0,lower,0.06094036583752219,1.509903313490213e-13,False,False
pima,0.5,auroc,FedEns-XGB,50,0.7857352900069882,0.7889148846960168,-0.003179594689028633,-0.04777973726782477,0.041420547889767505,0.8866685194283042,0.5210251168620434,-0.10588235294117647,higher,1.0,1.0,False,False
pima,0.5,auprc,FedEns-XGB,50,0.656101231298113,0.6534274205863382,0.002673810711774929,-0.06290022922244914,0.068247850645999,0.9350271763943734,0.7376605378038441,0.05568627450980392,higher,1.0,1.0,False,False
pima,0.5,macro_f1,FedEns-XGB,50,0.6795698043699011,0.6864991302585202,-0.006929325888619078,-0.07679323134085457,0.06293457956361641,0.8428402828755517,0.6321732707310517,-0.0792156862745098,higher,1.0,1.0,False,False
pima,0.5,brier,FedEns-XGB,50,0.22153616696596146,0.18792671053715548,0.03360945642880593,0.0014505131613931146,0.06576839969621875,0.04088019670502087,2.630606843467831e-11,0.9309803921568628,lower,0.8993643275104591,6.576517108669577e-10,False,False
pima,0.5,auroc,FedMatch-tab,50,0.7857352900069882,0.8281164220824597,-0.04238113207547169,-0.08767381451653074,0.002911550365587351,0.06600521658092255,1.0677453640053683e-08,-0.9294117647058824,higher,1.0,5.746734288436528e-07,False,False
pima,0.5,auprc,FedMatch-tab,50,0.656101231298113,0.6993261816278137,-0.04322495032970066,-0.10641174777536122,0.019961847115959906,0.1754743697173942,3.801371960321376e-06,-0.7082352941176471,higher,1.0,0.00018246585409542604,False,False
pima,0.5,macro_f1,FedMatch-tab,50,0.6795698043699011,0.7191842983901077,-0.03961449402020671,-0.1103876369753031,0.031158648934889677,0.26613772082358345,1.1033688904760197e-05,-0.6784313725490196,higher,1.0,0.000728223467714173,False,False
pima,0.5,brier,FedMatch-tab,50,0.22153616696596146,0.17077834218740462,0.05075782477855682,0.02014288601711771,0.08137276353999594,0.0016474382182818735,1.2434497875801753e-14,0.9937254901960785,lower,0.1054360459700399,6.838973831690964e-13,False,False
pima,0.5,auroc,FedProx-LR,50,0.7857352900069882,0.8258481481481482,-0.04011285814116006,-0.0870080477509308,0.006782331468610681,0.091938671832861,4.057499225496031e-09,-0.8572549019607844,higher,1.0,2.4750745275525787e-07,False,False
pima,0.5,auprc,FedProx-LR,50,0.656101231298113,0.7022872489621519,-0.04618601766403882,-0.11340820155720656,0.02103616622912892,0.17363416706663418,6.725303951071737e-06,-0.6925490196078431,higher,1.0,0.0003093639817492999,False,False
pima,0.5,macro_f1,FedProx-LR,50,0.6795698043699011,0.7079913639045569,-0.028421559534655784,-0.08993225444847261,0.03308913537916105,0.3576781859733194,0.001715436079566146,-0.4996078431372549,higher,1.0,0.07204831534177814,False,False
pima,0.5,brier,FedProx-LR,50,0.22153616696596146,0.1769555240869522,0.044580642879009244,0.01270604349803843,0.07645524225998006,0.007087666064131597,8.881784197001252e-15,0.9952941176470588,lower,0.2693313104370007,5.240252676230739e-13,False,False
pima,0.5,auroc,FedST-XGB,50,0.7857352900069882,0.7934874912648499,-0.0077522012578616325,-0.05140632620908503,0.03590192369336176,0.7227251180518306,0.1255634661063354,-0.25019607843137254,higher,1.0,1.0,False,False
pima,0.5,auprc,FedST-XGB,50,0.656101231298113,0.6589500259494676,-0.0028487946513546035,-0.07476606285272645,0.06906847355001726,0.9368768224185753,0.5984627102635613,-0.08705882352941176,higher,1.0,1.0,False,False
pima,0.5,macro_f1,FedST-XGB,50,0.6795698043699011,0.6885512053947977,-0.008981401024896649,-0.07317373449905866,0.05521093244926536,0.7797658111581491,0.24513084584396871,-0.19058823529411764,higher,1.0,1.0,False,False
pima,0.5,brier,FedST-XGB,50,0.22153616696596146,0.189974327253523,0.03156183971243845,0.00048056231065421104,0.06264311711422269,0.04669289004441022,1.4432899320127035e-10,0.9090196078431373,lower,0.9805506909326146,3.0309088572266774e-09,False,False
pima,0.5,auroc,Local-GCN,50,0.7857352900069882,0.7573206848357793,0.028414605171208942,-0.029595463407693177,0.08642467375011106,0.3297868851656302,0.001654895925714328,0.5011764705882353,higher,1.0,0.04302729406857253,False,False
pima,0.5,auprc,Local-GCN,50,0.656101231298113,0.6318486208922584,0.024252610405854674,-0.05101682363520117,0.09952204444691053,0.5203265169551996,0.019067043399514816,0.3788235294117647,higher,1.0,0.42683911958630816,False,False
pima,0.5,macro_f1,Local-GCN,50,0.6795698043699011,0.6612498779526724,0.018319926417228644,-0.04986664606090359,0.08650649889536087,0.5916979181189055,0.09709384967839618,0.27058823529411763,higher,1.0,1.0,False,False
pima,0.5,brier,Local-GCN,50,0.22153616696596146,0.20452341228723525,0.017012754678726188,-0.020874328095972196,0.05489983745342457,0.3712714967375635,0.0007549339759211904,0.5341176470588235,lower,1.0,0.006794405783290713,False,False
pima,0.5,auroc,Local-LR,50,0.7857352900069882,0.8006727463312368,-0.014937456324248775,-0.06611380942715767,0.03623889677866011,0.5601927278848569,0.038081706053025854,-0.33647058823529413,higher,1.0,0.6473890029014395,False,False
pima,0.5,auprc,Local-LR,50,0.656101231298113,0.6743429516390982,-0.0182417203409852,-0.08815940446927033,0.051675963787299925,0.6024310946073145,0.07082612042920822,-0.29411764705882354,higher,1.0,1.0,False,False
pima,0.5,macro_f1,Local-LR,50,0.6795698043699011,0.6933085344585831,-0.013738730088681997,-0.0643147480539085,0.0368372878765445,0.5876174553602199,0.037166605079788084,-0.3380392156862745,higher,1.0,0.8548319168351259,False,False
pima,0.5,brier,Local-LR,50,0.22153616696596146,0.1843720182776451,0.03716414868831634,0.011429210826368295,0.06289908655026438,0.005540988754680075,1.2434497875801753e-14,0.9937254901960785,lower,0.23272152769656312,6.838973831690964e-13,False,False
pima,0.5,auroc,Local-TGNN,50,0.7857352900069882,0.7233236547868622,0.062411635220125786,0.004548121521108436,0.12027514891914313,0.03508175782921614,7.65609797781508e-12,0.9450980392156862,higher,1.0,5.74207348336131e-10,False,False
pima,0.5,auprc,Local-TGNN,50,0.656101231298113,0.5851260294744152,0.07097520182369793,0.004759162107525042,0.13719124153987083,0.03618464014154061,5.610267805877811e-11,0.9215686274509803,higher,1.0,4.488214244702249e-09,False,False
pima,0.5,macro_f1,Local-TGNN,50,0.6795698043699011,0.6512533002858557,0.028316504084045412,-0.02552528778198607,0.0821582959500769,0.2957506684627187,0.000367116559868208,0.5623529411764706,higher,1.0,0.01872294455327861,False,False
pima,0.5,brier,Local-TGNN,50,0.22153616696596146,0.23336719483137128,-0.01183102786540985,-0.04346303143528661,0.019800975704466914,0.45587293707159143,0.013686934524772099,-0.3976470588235294,lower,1.0,0.06843467262386049,False,False
pima,0.5,auroc,RSCFed-tab,50,0.7857352900069882,0.8287293501048218,-0.04299406009783367,-0.08791857070807507,0.0019304505124077276,0.06027315336439081,3.0890845437170356e-12,-0.9545098039215686,higher,1.0,2.347704253224947e-10,False,False
pima,0.5,auprc,RSCFed-tab,50,0.656101231298113,0.698625622174891,-0.04252439087677807,-0.10387979090399038,0.01883100915043425,0.16996713192968713,3.38235121510877e-06,-0.7113725490196079,higher,1.0,0.0001691175607554385,False,False
pima,0.5,macro_f1,RSCFed-tab,50,0.6795698043699011,0.7188790538635517,-0.039309249493650694,-0.10892482483048782,0.030306325843186432,0.26200894737567754,4.028586058524297e-06,-0.7066666666666667,higher,1.0,0.0002739438519796522,False,False
pima,0.5,brier,RSCFed-tab,50,0.22153616696596146,0.17170942664146424,0.04982674032449722,0.019373653042621477,0.08027982760637296,0.0018713014596580106,2.4868995751603507e-14,0.9905882352941177,lower,0.11602069049879665,1.1937117960769683e-12,False,False
pima,0.7,auroc,Cent-GRAND,50,0.7706634870719776,0.7897206848357793,-0.019057197763801527,-0.053457209843385624,0.01534281431578257,0.2710194668812707,0.0001835323528324913,-0.6078431372549019,higher,1.0,0.00568950293780723,False,False
pima,0.7,auprc,Cent-GRAND,50,0.6367712290440081,0.6630987466728494,-0.026327517628841352,-0.07678282850692436,0.02412779324924166,0.2995097888452552,0.0002624791416003802,-0.5749019607843138,higher,1.0,0.009974207380814448,False,False
pima,0.7,macro_f1,Cent-GRAND,50,0.6587261533339859,0.6843601328864364,-0.025633979552450406,-0.08103709087027774,0.02976913176537694,0.35703658657424914,0.0006457255474483503,-0.5403921568627451,higher,1.0,0.032286277372417516,False,False
pima,0.7,brier,Cent-GRAND,50,0.23675457805395125,0.18925925165414806,0.04749532639980316,0.021479493649359593,0.07351115915024672,0.0006006135896713514,3.552713678800501e-15,0.9984313725490196,lower,0.045046019225351355,2.3803181647963356e-13,False,True
pima,0.7,auroc,Cent-LR,50,0.7706634870719776,0.8278156533892385,-0.05715216631726065,-0.1013871591117399,-0.012917173522781399,0.012400396116350918,5.861977570020827e-14,-0.9858823529411764,higher,0.9796312931917225,4.7482018317168695e-12,False,False
pima,0.7,auprc,Cent-LR,50,0.6367712290440081,0.7073802156558172,-0.07060898661180909,-0.13309504643695988,-0.00812292678665829,0.027589293835657426,1.5448975432263978e-11,-0.9372549019607843,higher,1.0,1.2822649608779102e-09,False,False
pima,0.7,macro_f1,Cent-LR,50,0.6587261533339859,0.7158067124328427,-0.057080559098856794,-0.11696250533406218,0.0028013871363485876,0.061265748438482585,8.060396794462577e-11,-0.9168627450980392,higher,1.0,6.85133727529319e-09,False,False
pima,0.7,brier,Cent-LR,50,0.23675457805395125,0.1722220414876938,0.06453253656625747,0.033688612416066285,0.09537646071644866,0.00011067869211589632,1.7763568394002505e-15,1.0,lower,0.009075652753503497,1.509903313490213e-13,False,True
pima,0.7,auroc,Cent-XGB,50,0.7706634870719776,0.7777649895178197,-0.007101502445842074,-0.05375933987529865,0.0395563349836145,0.7610031173917546,0.20795951830847592,-0.20627450980392156,higher,1.0,1.0,False,False
pima,0.7,auprc,Cent-XGB,50,0.6367712290440081,0.6442480586300551,-0.007476829586046983,-0.07392900028057424,0.05897534110848028,0.8220593033626348,0.47831983611594175,-0.11686274509803922,higher,1.0,1.0,False,False
pima,0.7,macro_f1,Cent-XGB,50,0.6587261533339859,0.6685215220198731,-0.00979536868588722,-0.07867607337452075,0.059085336002746305,0.7762534829272054,0.25308251223662737,-0.18745098039215685,higher,1.0,1.0,False,False
pima,0.7,brier,Cent-XGB,50,0.23675457805395125,0.2135218447446823,0.023232733309268953,-0.010563821495843773,0.05702928811438168,0.1734106931565418,1.7496796758109667e-06,0.7286274509803922,lower,1.0,2.62451951371645e-05,False,False
pima,0.7,auroc,FedAvg-GCN,50,0.7706634870719776,0.8090001397624039,-0.038336652690426264,-0.07668470966683472,1.14042859821889e-05,0.050065545432700885,7.65609797781508e-12,-0.9450980392156862,higher,1.0,5.74207348336131e-10,False,False
pima,0.7,auprc,FedAvg-GCN,50,0.6367712290440081,0.6810897800645178,-0.044318551020509814,-0.09829034364393877,0.009653241602919131,0.105309158824977,5.7649630846867694e-08,-0.8070588235294117,higher,1.0,4.035474159280739e-06,False,False
pima,0.7,macro_f1,FedAvg-GCN,50,0.6587261533339859,0.6963778526347301,-0.03765169930074406,-0.1011921179491985,0.025888719347710386,0.23946894292550086,7.111603951059919e-06,-0.6909803921568628,higher,1.0,0.0004764774647210146,False,False
pima,0.7,brier,FedAvg-GCN,50,0.23675457805395125,0.1747120252251625,0.06204255282878876,0.034505302113109565,0.08957980354446796,3.823991820978045e-05,1.7763568394002505e-15,1.0,lower,0.003212153129621558,1.509903313490213e-13,False,True
pima,0.7,auroc,FedAvg-LR,50,0.7706634870719776,0.8212623340321454,-0.050598846960167705,-0.08839403743944434,-0.012803656480891074,0.009733233924826508,1.5588051849655002e-09,-0.9811764705882353,higher,0.7883919479109471,9.820472665282651e-08,False,False
pima,0.7,auprc,FedAvg-LR,50,0.6367712290440081,0.6957841273507068,-0.059012898306698834,-0.1138341314995577,-0.004191665113839969,0.03542936463953283,2.994404724177002e-11,-0.9294117647058824,higher,1.0,2.4254678265833718e-09,False,False
pima,0.7,macro_f1,FedAvg-LR,50,0.6587261533339859,0.7077832801219495,-0.049057126787963694,-0.10877378703351112,0.01065953345758374,0.10516259749262229,5.802245794939154e-09,-0.8509803921568627,higher,1.0,4.757841551850106e-07,False,False
pima,0.7,brier,FedAvg-LR,50,0.23675457805395125,0.18039169430732727,0.056362883746623994,0.022971100847108794,0.0897546666461392,0.0013802936177339702,1.7763568394002505e-15,1.0,lower,0.092479672388176,1.509903313490213e-13,False,False
pima,0.7,auroc,FedAvg-MLP,50,0.7706634870719776,0.8232898672257163,-0.05262638015373864,-0.087533011012788,-0.01771974929468928,0.003900858281124268,8.881784197001252e-15,-0.9952941176470588,higher,0.3315729538955628,7.460698725481052e-13,False,False
pima,0.7,auprc,FedAvg-MLP,50,0.6367712290440081,0.6906610421583084,-0.053889813114300286,-0.11221777166860826,0.0044381454400076875,0.06937552667760896,4.8571529021046445e-09,-0.8541176470588235,higher,1.0,3.6428646765784833e-07,False,False
pima,0.7,macro_f1,FedAvg-MLP,50,0.6587261533339859,0.7083425764794663,-0.04961642314548051,-0.12293102419153792,0.023698177900576906,0.18005435270840242,1.9767201369091936e-06,-0.7254901960784313,higher,1.0,0.00014232384985746194,False,False
pima,0.7,brier,FedAvg-MLP,50,0.23675457805395125,0.17359157398343086,0.0631630040705204,0.032666761214539757,0.09365924692650104,0.0001269270823541129,1.7763568394002505e-15,1.0,lower,0.010084212291621472,1.509903313490213e-13,False,True
pima,0.7,auroc,FedAvg-SAGE,50,0.7706634870719776,0.8129090845562544,-0.042245597484276726,-0.07473030370560022,-0.009760891262953236,0.011872809294639087,5.329070518200751e-15,-0.9968627450980392,higher,0.949824743571127,4.5297099404706387e-13,False,False
pima,0.7,auprc,FedAvg-SAGE,50,0.6367712290440081,0.6877549561103831,-0.05098372706637507,-0.09490423702687223,-0.007063217105877914,0.023811644712073272,4.218847493575595e-12,-0.9513725490196079,higher,1.0,3.5860203695392556e-10,False,False
pima,0.7,macro_f1,FedAvg-SAGE,50,0.6587261533339859,0.7047600008669217,-0.04603384753293578,-0.10512785358561233,0.013060158519740767,0.12391438279815159,4.945666454148068e-08,-0.8101960784313725,higher,1.0,4.005989827859935e-06,False,False
pima,0.7,brier,FedAvg-SAGE,50,0.23675457805395125,0.17942164897918697,0.057332929074764255,0.029865368426758257,0.08480048972277025,0.00011429343014296367,1.7763568394002505e-15,1.0,lower,0.009257767841580057,1.509903313490213e-13,False,True
pima,0.7,auroc,FedEns-RF,50,0.7706634870719776,0.8109396575821103,-0.04027617051013276,-0.07999317690946822,-0.0005591641107972958,0.04698072765348099,4.3148595807451784e-10,-0.8933333333333333,higher,1.0,2.8909559190992695e-08,False,False
pima,0.7,auprc,FedEns-RF,50,0.6367712290440081,0.6726540315813473,-0.03588280253733938,-0.0987233025484574,0.02695769747377865,0.25674879718636295,5.374574670646837e-05,-0.6298039215686274,higher,1.0,0.0022573213616716714,False,False
pima,0.7,macro_f1,FedEns-RF,50,0.6587261533339859,0.7067826490142789,-0.04805649568029304,-0.11438647424417331,0.018273482883587218,0.15178418983144829,2.649707155910619e-07,-0.7741176470588236,higher,1.0,2.0137774384920704e-05,False,False
pima,0.7,brier,FedEns-RF,50,0.23675457805395125,0.17144980746679145,0.06530477058715978,0.03709345818429385,0.0935160829900257,2.5238557270253995e-05,1.7763568394002505e-15,1.0,lower,0.0021452773679715895,1.509903313490213e-13,False,True
pima,0.7,auroc,FedEns-SVM,50,0.7706634870719776,0.7971602375960866,-0.026496750524109,-0.09541226432653294,0.042418763278314946,0.44344368431354014,5.86528749032599e-07,-0.8117647058823529,higher,1.0,2.580726495743436e-05,False,False
pima,0.7,auprc,FedEns-SVM,50,0.6367712290440081,0.6578303355441597,-0.021059106500151577,-0.09788143968257253,0.055763226682269365,0.5842193046450054,0.0017779629774352657,-0.4980392156862745,higher,1.0,0.06045074123279903,False,False
pima,0.7,macro_f1,FedEns-SVM,50,0.6587261533339859,0.6892643576402537,-0.030538204306267854,-0.10191502746547082,0.040838618852935105,0.394093947570745,3.288899332076767e-05,-0.6454901960784314,higher,1.0,0.002072006579208363,False,False
pima,0.7,brier,FedEns-SVM,50,0.23675457805395125,0.1792956424558725,0.05745893559807871,0.03184933869362897,0.08306853250252844,4.07193301214053e-05,1.7763568394002505e-15,1.0,lower,0.0033797044000766397,1.509903313490213e-13,False,True
pima,0.7,auroc,FedEns-XGB,50,0.7706634870719776,0.7811825995807129,-0.010519112508735154,-0.0644163391150746,0.0433781140976043,0.6966050078778174,0.056738698656332076,-0.30980392156862746,higher,1.0,0.9078191785013132,False,False
pima,0.7,auprc,FedEns-XGB,50,0.6367712290440081,0.6463476099088973,-0.009576380864889355,-0.08370172734872916,0.06454896561895046,0.7962442699848371,0.27798803015155293,-0.1780392156862745,higher,1.0,1.0,False,False
pima,0.7,macro_f1,FedEns-XGB,50,0.6587261533339859,0.6758888530381837,-0.017162699704197974,-0.10141751602665164,0.06709211661825568,0.6840665135792199,0.014890897756602683,-0.39294117647058824,higher,1.0,0.3941989725095425,False,False
pima,0.7,brier,FedEns-XGB,50,0.23675457805395125,0.1887175679685961,0.04803701008535508,0.015572341808637834,0.08050167836207234,0.004557228787270285,8.881784197001252e-15,0.9952941176470588,lower,0.19596083785262228,5.240252676230739e-13,False,False
pima,0.7,auroc,FedMatch-tab,50,0.7706634870719776,0.8231733752620545,-0.05250988819007686,-0.08752140055368277,-0.01749837582647095,0.004075441375947514,1.2434497875801753e-14,-0.9937254901960785,higher,0.3423370755795912,1.0320633236915455e-12,False,False
pima,0.7,auprc,FedMatch-tab,50,0.6367712290440081,0.6919526701690029,-0.05518144112499496,-0.11427296326734271,0.003910081017352789,0.0665343338340928,3.0854181432005134e-09,-0.8619607843137255,higher,1.0,2.3449177888323902e-07,False,False
pima,0.7,macro_f1,FedMatch-tab,50,0.6587261533339859,0.708858659602517,-0.05013250626853126,-0.11458659236330744,0.01432157982624492,0.12447661658216262,2.0039570713947796e-07,-0.7803921568627451,higher,1.0,1.563086515687928e-05,False,False
pima,0.7,brier,FedMatch-tab,50,0.23675457805395125,0.17417331010103226,0.062581267952919,0.03238142036997363,0.09278111553586438,0.0001260526536452684,1.7763568394002505e-15,1.0,lower,0.010084212291621472,1.509903313490213e-13,False,True
pima,0.7,auroc,FedProx-LR,50,0.7706634870719776,0.8216881201956674,-0.05102463312368971,-0.0887834027008083,-0.013265863546571124,0.009112124882097537,1.467919472803521e-09,-0.9827450980392157,higher,0.747194240331998,9.394684625942534e-08,False,False
pima,0.7,auprc,FedProx-LR,50,0.6367712290440081,0.6961883335969107,-0.059417104552902666,-0.11397117907498905,-0.0048630300308162774,0.03341323715329568,2.630606843467831e-11,-0.9309803921568628,higher,1.0,2.1570976116436213e-09,False,False
pima,0.7,macro_f1,FedProx-LR,50,0.6587261533339859,0.710650886685391,-0.051924733351405274,-0.11201459628693376,0.008165129584123215,0.08875764314222143,1.7568968502246207e-09,-0.8713725490196078,higher,1.0,1.4757933541886814e-07,False,False
pima,0.7,brier,FedProx-LR,50,0.23675457805395125,0.180081815123558,0.05667276293039323,0.023258457436681527,0.09008706842410494,0.0013152351009255024,1.7763568394002505e-15,1.0,lower,0.09075122196385967,1.509903313490213e-13,False,False
pima,0.7,auroc,FedST-XGB,50,0.7706634870719776,0.7776183088749126,-0.006954821802935009,-0.05993808773876244,0.04602844413289242,0.7930511402191082,0.30905100446984335,-0.16705882352941176,higher,1.0,1.0,False,False
pima,0.7,auprc,FedST-XGB,50,0.6367712290440081,0.6426464493277284,-0.005875220283720384,-0.07462963957775552,0.06287919901031476,0.8643627531363808,0.42072286282100535,-0.13254901960784313,higher,1.0,1.0,False,False
pima,0.7,macro_f1,FedST-XGB,50,0.6587261533339859,0.6787142063619186,-0.01998805302793288,-0.09455942837541617,0.054583322319550404,0.5925706386292676,0.062164902145899634,-0.30612244897959184,higher,1.0,1.0,False,False
pima,0.7,brier,FedST-XGB,50,0.23675457805395125,0.1980720499166376,0.03868252813731363,0.002479612315790164,0.0748854439588371,0.03675034939445173,2.3080204414327454e-11,0.9325490196078431,lower,0.8452580360723898,6.000853147725138e-10,False,False
pima,0.7,auroc,Local-GCN,50,0.7706634870719776,0.7468208944793849,0.023842592592592596,-0.03372112917493792,0.0814063143601231,0.40924674701989133,0.009674503529771172,0.4164705882352941,higher,1.0,0.22251358118473696,False,False
pima,0.7,auprc,Local-GCN,50,0.6367712290440081,0.6155393595639537,0.02123186948005437,-0.05018452818280862,0.09264826714291736,0.5529644614022804,0.0362699414949752,0.3396078431372549,higher,1.0,0.7616687713944792,False,False
pima,0.7,macro_f1,Local-GCN,50,0.6587261533339859,0.6570818448049063,0.0016443085290795511,-0.06112261700513751,0.06441123406329662,0.9582288442788165,0.893447016970665,-0.022745098039215685,higher,1.0,1.0,False,False
pima,0.7,brier,Local-GCN,50,0.23675457805395125,0.21212098598480225,0.024633592069149016,-0.020355701888946788,0.06962288602724481,0.2765648419936615,7.155652345502972e-05,0.6203921568627451,lower,1.0,0.0007871217580053269,False,False
pima,0.7,auroc,Local-LR,50,0.7706634870719776,0.7831445143256466,-0.012481027253668755,-0.06134991822265226,0.036387863715314744,0.6100885361095626,0.02898427633581413,-0.3537254901960784,higher,1.0,0.5507012503804685,False,False
pima,0.7,auprc,Local-LR,50,0.6367712290440081,0.6551393120745524,-0.018368083030544297,-0.07463601411393295,0.037899848052844354,0.5148896282580929,0.012931948668784443,-0.40078431372549017,higher,1.0,0.3362306653883955,False,False
pima,0.7,macro_f1,Local-LR,50,0.6587261533339859,0.6901003498943047,-0.03137419656031898,-0.08736603411902599,0.024617640998388035,0.2656353067757042,0.00012454807471407037,-0.6015686274509804,higher,1.0,0.0069746921839879406,False,False
pima,0.7,brier,Local-LR,50,0.23675457805395125,0.19492338091135025,0.041831197142601015,0.008470301931055718,0.07519209235414631,0.015051296879518034,3.6148861681795097e-12,0.9529411764705882,lower,0.4816415001445771,1.0483169887720578e-10,False,False
pima,0.7,auroc,Local-TGNN,50,0.7706634870719776,0.702214116002795,0.06844937106918239,0.005443392203546921,0.13145534993481786,0.03384113066798087,4.4941828036826337e-13,0.971764705882353,higher,1.0,3.595346242946107e-11,False,False
pima,0.7,auprc,Local-TGNN,50,0.6367712290440081,0.5608324907956025,0.0759387382484056,0.009135135733729094,0.1427423407630821,0.026719126033045913,1.34718902700115e-11,0.9388235294117647,higher,1.0,1.131638782680966e-09,False,False
pima,0.7,macro_f1,Local-TGNN,50,0.6587261533339859,0.6187106305815554,0.04001552275243045,-0.029101964722498624,0.10913301022735952,0.25028445445068354,4.4254613142058474e-05,0.636078431372549,higher,1.0,0.0027437860148076254,False,False
pima,0.7,brier,Local-TGNN,50,0.23675457805395125,0.2619243985414505,-0.025169820487499245,-0.06985593315067365,0.01951629217567516,0.26318141895440894,2.6885878247284722e-05,-0.6517647058823529,lower,1.0,0.00032263053896741667,False,False
pima,0.7,auroc,RSCFed-tab,50,0.7706634870719776,0.8237510132774284,-0.053087526205450736,-0.08892025295598682,-0.017254799454914642,0.004510375053869438,1.2434497875801753e-14,-0.9937254901960785,higher,0.37436112947116335,1.0320633236915455e-12,False,False
pima,0.7,auprc,RSCFed-tab,50,0.6367712290440081,0.6904913102110839,-0.05372008116707592,-0.11413777020417355,0.006697607870021716,0.08015620761095815,1.260182003193222e-08,-0.8368627450980393,higher,1.0,9.199328623310521e-07,False,False
pima,0.7,macro_f1,RSCFed-tab,50,0.6587261533339859,0.7096718143706008,-0.05094566103661493,-0.1189527714174064,0.017061449344176534,0.13863614964799575,2.4721383162784605e-07,-0.7756862745098039,higher,1.0,1.9035465035344146e-05,False,False
pima,0.7,brier,RSCFed-tab,50,0.23675457805395125,0.17490190461277955,0.061852673441171666,0.031360901460463095,0.09234444542188024,0.0001672593425923604,1.7763568394002505e-15,1.0,lower,0.012711710037019392,1.509903313490213e-13,False,True
pima,0.8,auroc,Cent-GRAND,50,0.7653349406009784,0.780912648497554,-0.015577707896575805,-0.0626836010724016,0.03152818527925,0.5094490768236384,0.02237794255729675,-0.36941176470588233,higher,1.0,0.44755885114593497,False,False
pima,0.8,auprc,Cent-GRAND,50,0.6401523536641363,0.6609948412469439,-0.020842487582807566,-0.07930107153597107,0.037616096370355935,0.47709467971413183,0.01186723909238907,-0.4054901960784314,higher,1.0,0.32481506483837563,False,False
pima,0.8,macro_f1,Cent-GRAND,50,0.6668559396567829,0.6828285689800402,-0.015972629323257236,-0.07740994183889555,0.04546468319238107,0.6037081551532919,0.054216182330456775,-0.3129411764705882,higher,1.0,1.0,False,False
pima,0.8,brier,Cent-GRAND,50,0.2414344847202301,0.19654686033725738,0.04488762438297272,0.00856657139314989,0.08120867737279555,0.016477466929497833,1.6058265828178264e-12,0.9607843137254902,lower,0.4832902027873659,4.978062406735262e-11,False,False
pima,0.8,auroc,Cent-LR,50,0.7653349406009784,0.8189588399720474,-0.05362389937106917,-0.10284956223351836,-0.004398236508619979,0.03338118545838348,1.008731019424161e-08,-0.9309803921568628,higher,1.0,5.548020606832885e-07,False,False
pima,0.8,auprc,Cent-LR,50,0.6401523536641363,0.6995308928436701,-0.059378539179533806,-0.1278897179202196,0.009132639561151991,0.08783667029225666,3.094002387626915e-08,-0.8196078431372549,higher,1.0,2.227681719091379e-06,False,False
pima,0.8,macro_f1,Cent-LR,50,0.6668559396567829,0.7019726862716402,-0.03511674661485726,-0.10390608172538987,0.03367258849567536,0.3099851154700062,7.861200783665367e-05,-0.6172549019607844,higher,1.0,0.004638108462362567,False,False
pima,0.8,brier,Cent-LR,50,0.2414344847202301,0.17659980386495586,0.0648346808552742,0.03304205499405579,0.09662730671649261,0.00015601440873152294,1.7763568394002505e-15,1.0,lower,0.012112218407128929,1.509903313490213e-13,False,True
pima,0.8,auroc,Cent-XGB,50,0.7653349406009784,0.7778215234102028,-0.012486582809224323,-0.06944918182124112,0.04447601620279247,0.6615033870587066,0.09396295844853142,-0.27215686274509804,higher,1.0,1.0,False,False
pima,0.8,auprc,Cent-XGB,50,0.6401523536641363,0.6410618292941769,-0.0009094756300405737,-0.06888081962118522,0.06706186836110409,0.9786577349581193,0.9237813566146151,0.01647058823529412,higher,1.0,1.0,False,False
pima,0.8,macro_f1,Cent-XGB,50,0.6668559396567829,0.67635903361004,-0.009503093953257123,-0.07351901118887197,0.054512823282357716,0.7667208884347284,0.3840882494738521,-0.14285714285714285,higher,1.0,1.0,False,False
pima,0.8,brier,Cent-XGB,50,0.2414344847202301,0.210254653096199,0.031179831624031075,-0.003572070308304226,0.06593173355636638,0.07753685053722002,2.5633326572460646e-09,0.8650980392156863,lower,1.0,4.870332048767523e-08,False,False
pima,0.8,auroc,FedAvg-GCN,50,0.7653349406009784,0.8032077568134172,-0.03787281621243885,-0.08670099563734979,0.010955363212472098,0.12550445752923464,6.165889541117274e-07,-0.8101960784313725,higher,1.0,2.6513325026804277e-05,False,False
pima,0.8,auprc,FedAvg-GCN,50,0.6401523536641363,0.6784049505625613,-0.03825259689842517,-0.10487546437538937,0.02837027057853904,0.2541667576820321,2.3068974657647345e-05,-0.6564705882352941,higher,1.0,0.0010150348849364832,False,False
pima,0.8,macro_f1,FedAvg-GCN,50,0.6668559396567829,0.6921918659193309,-0.025335926262547947,-0.08460840235426201,0.03393654982916612,0.3945289988924641,0.0014315119741414861,-0.5074509803921569,higher,1.0,0.0615550148880839,False,False
pima,0.8,brier,FedAvg-GCN,50,0.2414344847202301,0.17879831790924072,0.06263616681098938,0.023790838585532603,0.10148149503644616,0.002148096575000699,2.4868995751603507e-14,0.9905882352941177,lower,0.13103389107504262,1.1937117960769683e-12,False,False
pima,0.8,auroc,FedAvg-LR,50,0.7653349406009784,0.8101754716981133,-0.044840531097134866,-0.10228929053696334,0.012608228342693602,0.12319207430603653,8.22989321136447e-09,-0.8447058823529412,higher,1.0,4.773338062591392e-07,False,False
pima,0.8,auprc,FedAvg-LR,50,0.6401523536641363,0.6870622810648661,-0.046909927400729697,-0.12095656021179385,0.02713670541033445,0.2089883558350448,1.3667570399888973e-06,-0.7349019607843137,higher,1.0,7.927190831935604e-05,False,False
pima,0.8,macro_f1,FedAvg-LR,50,0.6668559396567829,0.6965896789237286,-0.02973373926694558,-0.10721535164786616,0.047747873113975,0.4443038722860338,0.0036632546526647047,-0.46509803921568627,higher,1.0,0.13187716749592937,False,False
pima,0.8,brier,FedAvg-LR,50,0.2414344847202301,0.1878412112593651,0.05359327346086503,0.010136318779468433,0.09705022814226164,0.016693389231739575,9.07522945681194e-11,0.9152941176470588,lower,0.4832902027873659,1.9965504804986267e-09,False,False
pima,0.8,auroc,FedAvg-MLP,50,0.7653349406009784,0.8148858839972049,-0.0495509433962264,-0.09261610038369757,-0.006485786408755231,0.025008928237384195,6.590283874174929e-13,-0.9686274509803922,higher,1.0,5.140421421856445e-11,False,False
pima,0.8,auprc,FedAvg-MLP,50,0.6401523536641363,0.6849254599110276,-0.044773106246891146,-0.10697849765401889,0.017432285160236594,0.15442714553097509,7.723469384046666e-07,-0.7490196078431373,higher,1.0,4.634081630428e-05,False,False
pima,0.8,macro_f1,FedAvg-MLP,50,0.6668559396567829,0.7024834647239159,-0.03562752506713298,-0.10287227540298272,0.03161722526871676,0.2922255963082809,5.639617199193481e-05,-0.6282352941176471,higher,1.0,0.0033837703195160884,False,False
pima,0.8,brier,FedAvg-MLP,50,0.2414344847202301,0.1795278158783912,0.061906668841838854,0.023147434133731527,0.10066590354994617,0.0023457993112706334,2.4868995751603507e-14,0.9905882352941177,lower,0.13840215936496736,1.1937117960769683e-12,False,False
pima,0.8,auroc,FedAvg-SAGE,50,0.7653349406009784,0.8048163522012579,-0.03948141160027953,-0.08525299295955505,0.006290169758995989,0.08931223833153751,4.057499225496031e-09,-0.8572549019607844,higher,1.0,2.4750745275525787e-07,False,False
pima,0.8,auprc,FedAvg-SAGE,50,0.6401523536641363,0.6790253620721022,-0.03887300840796574,-0.0984372468795997,0.02069123006366823,0.19580257533797038,2.1002898957789284e-06,-0.7239215686274509,higher,1.0,0.00011551594426784106,False,False
pima,0.8,macro_f1,FedAvg-SAGE,50,0.6668559396567829,0.7002716936052482,-0.03341575394846523,-0.10187623241173172,0.035044724514801256,0.33147062950410844,0.00021178724761483636,-0.5827450980392157,higher,1.0,0.011224724123586327,False,False
pima,0.8,brier,FedAvg-SAGE,50,0.2414344847202301,0.18553708553314208,0.05589739918708801,0.0169118990455059,0.09488289932867013,0.00586130048419122,3.6148861681795097e-12,0.9529411764705882,lower,0.2398170159239599,1.0483169887720578e-10,False,False
pima,0.8,auroc,FedEns-RF,50,0.7653349406009784,0.7980491614255765,-0.03271422082459818,-0.07995200928986584,0.014523567640669484,0.1702935062348294,1.7496796758109667e-06,-0.7286274509803922,higher,1.0,7.34865463840606e-05,False,False
pima,0.8,auprc,FedEns-RF,50,0.6401523536641363,0.6552948092478097,-0.015142455583673487,-0.08135593893964929,0.051071027772302324,0.6478555839504874,0.08054833435456032,-0.2847058823529412,higher,1.0,1.0,False,False
pima,0.8,macro_f1,FedEns-RF,50,0.6668559396567829,0.6913784993236898,-0.02452255966690667,-0.08911118832420378,0.04006606899039045,0.44913221622682437,0.00594215911497642,-0.4415686274509804,higher,1.0,0.19609125079422185,False,False
pima,0.8,brier,FedEns-RF,50,0.2414344847202301,0.17546615862637194,0.06596832609385814,0.033631316698108614,0.09830533548960765,0.00015528485137344781,1.7763568394002505e-15,1.0,lower,0.012112218407128929,1.509903313490213e-13,False,True
pima,0.8,auroc,FedEns-SVM,50,0.7653349406009784,0.7834897973445143,-0.018154856743535987,-0.10134844323121375,0.06503872974414177,0.6629238198030168,0.00024884995130389627,-0.5952941176470589,higher,1.0,0.007465498539116888,False,False
pima,0.8,auprc,FedEns-SVM,50,0.6401523536641363,0.6455555422331599,-0.005403188569023621,-0.09259124888126023,0.08178487174321299,0.9013998433341799,0.3374027667706141,-0.15764705882352942,higher,1.0,1.0,False,False
pima,0.8,macro_f1,FedEns-SVM,50,0.6668559396567829,0.6837620345118974,-0.016906094855114337,-0.10944497515632776,0.07563278544609908,0.7151007232000479,0.010879562807692977,-0.41019607843137257,higher,1.0,0.3181098931729007,False,False
pima,0.8,brier,FedEns-SVM,50,0.2414344847202301,0.18497193814174445,0.05646254657848562,0.021179902081020455,0.09174519107595079,0.002304486860193435,3.552713678800501e-15,0.9984313725490196,lower,0.1382692116116061,2.3803181647963356e-13,False,False
pima,0.8,auroc,FedEns-XGB,50,0.7653349406009784,0.7681812019566736,-0.0028462613556953166,-0.0698642765482974,0.06417175383690675,0.9323334237073635,0.3667452279809501,-0.14666666666666667,higher,1.0,1.0,False,False
pima,0.8,auprc,FedEns-XGB,50,0.6401523536641363,0.6249865263378247,0.01516582732631165,-0.07033089366550559,0.10066254831812889,0.7230203016677175,0.19095974436218555,0.21411764705882352,higher,1.0,1.0,False,False
pima,0.8,macro_f1,FedEns-XGB,50,0.6668559396567829,0.6775537679276031,-0.010697828270820397,-0.09260341332561059,0.07120775678396979,0.7940563857136503,0.14874176207376877,-0.23607843137254902,higher,1.0,1.0,False,False
pima,0.8,brier,FedEns-XGB,50,0.2414344847202301,0.1933286654183281,0.04810581930190196,0.008984633791577996,0.08722700481222592,0.016994720244869813,7.94031507211912e-13,0.9670588235294117,lower,0.4832902027873659,2.5409008230781183e-11,False,False
pima,0.8,auroc,FedMatch-tab,50,0.7653349406009784,0.8155709294199859,-0.05023598881900769,-0.09296039042140226,-0.0075115872166131165,0.022146558028277814,6.590283874174929e-13,-0.9686274509803922,higher,1.0,5.140421421856445e-11,False,False
pima,0.8,auprc,FedMatch-tab,50,0.6401523536641363,0.6854078807525904,-0.0452555270884543,-0.1062727476196024,0.015761693442693785,0.14251010151970603,5.572207957271758e-07,-0.7568627450980392,higher,1.0,3.510491013081207e-05,False,False
pima,0.8,macro_f1,FedMatch-tab,50,0.6668559396567829,0.6975896069764816,-0.030733667319698572,-0.09215325837654433,0.03068592373714718,0.31956318707300463,9.040639391599825e-05,-0.6125490196078431,higher,1.0,0.0052435708471278986,False,False
pima,0.8,brier,FedMatch-tab,50,0.2414344847202301,0.17970527559518815,0.06172920912504196,0.023068559621396936,0.10038985862868699,0.0023528023024672012,2.4868995751603507e-14,0.9905882352941177,lower,0.13840215936496736,1.1937117960769683e-12,False,False
pima,0.8,auroc,FedProx-LR,50,0.7653349406009784,0.8102461215932916,-0.04491118099231306,-0.10243570848098038,0.01261334649635426,0.12309831084655631,8.22989321136447e-09,-0.8447058823529412,higher,1.0,4.773338062591392e-07,False,False
pima,0.8,auprc,FedProx-LR,50,0.6401523536641363,0.6876178920081553,-0.047465538344019134,-0.12171778524464152,0.026786708556603256,0.204966780985104,1.7496796758109667e-06,-0.7286274509803922,higher,1.0,9.798206184541414e-05,False,False
pima,0.8,macro_f1,FedProx-LR,50,0.6668559396567829,0.6978946733275468,-0.03103873367076399,-0.1078343994497885,0.045756932108260526,0.42059618819966627,0.0007549339759211904,-0.5341176470588235,higher,1.0,0.03623683084421714,False,False
pima,0.8,brier,FedProx-LR,50,0.2414344847202301,0.18755897372961045,0.05387551099061966,0.010717793103894,0.0970332288773453,0.01547829708053743,7.151434999741468e-11,0.9184313725490196,lower,0.4816415001445771,1.6448300499405377e-09,False,False
pima,0.8,auroc,FedST-XGB,50,0.7653349406009784,0.7610254367575122,0.004309503843466116,-0.0701551703409532,0.07877417802788544,0.9078898120574578,0.9237813566146151,0.01647058823529412,higher,1.0,1.0,False,False
pima,0.8,auprc,FedST-XGB,50,0.6401523536641363,0.6205168273386503,0.019635526325486066,-0.06691047110563342,0.10618152375660556,0.6504533484818048,0.10316599771973678,0.26588235294117646,higher,1.0,1.0,False,False
pima,0.8,macro_f1,FedST-XGB,50,0.6668559396567829,0.6721522726244008,-0.005296332967617858,-0.08821339358160751,0.07762072764637179,0.8983880934971397,0.4490067617286915,-0.12470588235294118,higher,1.0,1.0,False,False
pima,0.8,brier,FedST-XGB,50,0.2414344847202301,0.2051233316607357,0.03631115305949436,-0.006369772624782728,0.07899207874377145,0.0936547221719714,1.757493883758343e-08,0.8305882352941176,lower,1.0,2.9877396023891833e-07,False,False
pima,0.8,auroc,Local-GCN,50,0.7653349406009784,0.7403658280922433,0.024969112508735146,-0.03257400672559075,0.08251223174306105,0.38746391656752177,0.0020406023145530493,0.5011764705882353,higher,1.0,0.051015057863826235,False,False
pima,0.8,auprc,Local-GCN,50,0.6401523536641363,0.6067410832934153,0.03341127037072097,-0.03362789495213895,0.10045043569358089,0.32148584555566945,0.00035222154756553437,0.563921568627451,higher,1.0,0.013032197259924772,False,False
pima,0.8,macro_f1,Local-GCN,50,0.6668559396567829,0.6528262248304751,0.014029714826307695,-0.05569584305036419,0.08375527270297958,0.6877124542463291,0.05060520369320898,0.3176470588235294,higher,1.0,1.0,False,False
pima,0.8,brier,Local-GCN,50,0.2414344847202301,0.21930009812116624,0.02213438659906387,-0.02639875869493998,0.07066753189306772,0.36389262366715636,0.0004885945525092694,0.5513725490196079,lower,1.0,0.004885945525092694,False,False
pima,0.8,auroc,Local-LR,50,0.7653349406009784,0.7654079664570229,-7.302585604472167e-05,-0.06091289609915919,0.06076684438706975,0.9980852298636957,0.8482444441392172,-0.03215686274509804,higher,1.0,1.0,False,False
pima,0.8,auprc,Local-LR,50,0.6401523536641363,0.6363180547045063,0.003834298959629977,-0.06944320348032323,0.07711180139958318,0.9166840768401593,0.5852066143769612,0.09019607843137255,higher,1.0,1.0,False,False
pima,0.8,macro_f1,Local-LR,50,0.6668559396567829,0.6656842824368896,0.0011716572198933284,-0.0671735744666366,0.06951688890642327,0.9726578036023495,0.7887529519630228,-0.04470588235294118,higher,1.0,1.0,False,False
pima,0.8,brier,Local-LR,50,0.2414344847202301,0.2033141884207725,0.03812029629945756,-0.0003752397913662428,0.07661583239028136,0.05218741461388617,2.5633326572460646e-09,0.8650980392156863,lower,0.9915608776638373,4.870332048767523e-08,False,False
pima,0.8,auroc,Local-TGNN,50,0.7653349406009784,0.700829070580014,0.06450587002096436,-0.011146071997214665,0.1401578120391434,0.09294191258233647,1.080529443697742e-09,0.8792156862745099,higher,1.0,7.023441384035323e-08,False,False
pima,0.8,auprc,Local-TGNN,50,0.6401523536641363,0.5655446043976574,0.07460774926647887,0.0022325808944646114,0.14698291763849314,0.04359199423027905,6.337863567296154e-11,0.92,higher,1.0,5.006912218163961e-09,False,False
pima,0.8,macro_f1,Local-TGNN,50,0.6668559396567829,0.6256690079189672,0.041186931737815805,-0.032851801786035695,0.1152256652616673,0.2690588194691652,2.3068974657647345e-05,0.6564705882352941,higher,1.0,0.0014994833527470774,False,False
pima,0.8,brier,Local-TGNN,50,0.2414344847202301,0.27502083122730253,-0.033586346507072457,-0.08743213373096255,0.020259440716817637,0.2159812872835536,1.2965142769161275e-05,-0.6737254901960784,lower,1.0,0.00016854685599909658,False,False
pima,0.8,auroc,RSCFed-tab,50,0.7653349406009784,0.8158900768693222,-0.05055513626834382,-0.09284858838083043,-0.0082616841558572,0.02013519443938723,5.453415496958769e-13,-0.9701960784313726,higher,1.0,4.3081982425974275e-11,False,False
pima,0.8,auprc,RSCFed-tab,50,0.6401523536641363,0.6853029939261798,-0.045150640262043636,-0.10629268418140912,0.01599140365732185,0.14421864213566676,3.486415511844143e-07,-0.7678431372549019,higher,1.0,2.3707625480540173e-05,False,False
pima,0.8,macro_f1,RSCFed-tab,50,0.6668559396567829,0.6957709118188323,-0.028914972162049492,-0.09456233675485518,0.03673239243075618,0.3804066255842604,0.0006983914307809869,-0.5372549019607843,higher,1.0,0.034221180108268356,False,False
pima,0.8,brier,RSCFed-tab,50,0.2414344847202301,0.18086593389511108,0.06056855082511902,0.021858561800306722,0.09927853984993132,0.0028267709366536593,3.375077994860476e-14,0.9890196078431372,lower,0.1469920887059903,1.4512835377900046e-12,False,False
