experiment,dataset,n_silos,rho,setting,alpha,repeat,fold,seed,method,auroc,auprc,sensitivity,specificity,ppv,npv,f1_pos,macro_f1,brier,cal_intercept,cal_slope,ece,threshold,tp,tn,fp,fn,train_time_s,comm_bytes,n_pseudo,mia_auc,silo0_n,silo0_pos,silo0_labeled,silo0_labeled_pos,silo1_n,silo1_pos,silo1_labeled,silo1_labeled_pos,silo2_n,silo2_pos,silo2_labeled,silo2_labeled_pos,silo3_n,silo3_pos,silo3_labeled,silo3_labeled_pos,silo4_n,silo4_pos,silo4_labeled,silo4_labeled_pos,silo5_n,silo5_pos,silo5_labeled,silo5_labeled_pos,silo6_n,silo6_pos,silo6_labeled,silo6_labeled_pos,silo7_n,silo7_pos,silo7_labeled,silo7_labeled_pos,n_train,n_val,n_test,n_labeled
sweep,pima,2,0.8,sweep,0.5,0,0,2026,tau0=0.8,0.8112962962962963,0.7284044826999694,0.7592592592592593,0.7,0.5774647887323944,0.8433734939759037,0.656,0.7105136612021858,0.23826643824577332,-1.0243259465506296,0.1920908230485451,0.2334824954885264,0.1536983847618103,41,70,30,13,6.729375600814819,4865104,245,0.5974335188620903,358,119,72,24,163,63,33,13,,,,,,,,,,,,,,,,,,,,,,,,,521,93,154,105
sweep,pima,2,0.8,sweep,0.5,0,0,2026,tau0=0.85,0.8162962962962963,0.7260379320316123,0.7222222222222222,0.75,0.609375,0.8333333333333334,0.6610169491525424,0.7252453166815344,0.21793043613433838,-0.5914870109880342,0.20987299786116448,0.2144112790777505,0.3443581163883209,39,75,25,15,7.257416009902954,4865104,234,0.6195423623995052,358,119,72,24,163,63,33,13,,,,,,,,,,,,,,,,,,,,,,,,,521,93,154,105
sweep,pima,2,0.8,sweep,0.5,0,0,2026,tau0=0.9,0.8035185185185185,0.7060189524559758,0.7407407407407407,0.66,0.5405405405405406,0.825,0.625,0.6791666666666667,0.2186693400144577,-0.7967077111763067,0.24383137489786152,0.22049820049387683,0.1887732446193695,40,66,34,14,6.592590570449829,4865104,220,0.6188930117501545,358,119,72,24,163,63,33,13,,,,,,,,,,,,,,,,,,,,,,,,,521,93,154,105
sweep,pima,2,0.8,sweep,0.5,0,0,2026,tau0=0.95,0.8098148148148148,0.7296905642328011,0.7777777777777778,0.61,0.5185185185185185,0.8356164383561644,0.6222222222222222,0.6637122671804753,0.23021143674850464,-1.3870771068911698,0.21437618445825024,0.23644028187959226,0.038631338626146317,42,61,39,12,6.521291494369507,4865104,216,0.6153370439084724,358,119,72,24,163,63,33,13,,,,,,,,,,,,,,,,,,,,,,,,,521,93,154,105
sweep,pima,2,0.8,sweep,0.5,0,0,2026,tau_decay=0.0,0.8174074074074075,0.7317021269337312,0.7037037037037037,0.79,0.6440677966101694,0.8315789473684211,0.672566371681416,0.7414113909689131,0.2089158147573471,-1.1942062184693714,0.20357955632143923,0.20478259831328283,0.6257139444351196,38,79,21,16,6.788520336151123,4865104,61,0.6061224489795918,358,119,72,24,163,63,33,13,,,,,,,,,,,,,,,,,,,,,,,,,521,93,154,105
sweep,pima,2,0.8,sweep,0.5,0,0,2026,tau_decay=0.03,0.8035185185185185,0.7060189524559758,0.7407407407407407,0.66,0.5405405405405406,0.825,0.625,0.6791666666666667,0.2186693400144577,-0.7967077111763067,0.24383137489786152,0.22049820049387683,0.1887732446193695,40,66,34,14,6.626965045928955,4865104,220,0.6188930117501545,358,119,72,24,163,63,33,13,,,,,,,,,,,,,,,,,,,,,,,,,521,93,154,105
sweep,pima,2,0.8,sweep,0.5,0,0,2026,tau_decay=0.1,0.807037037037037,0.7092720031613637,0.7037037037037037,0.73,0.5846153846153846,0.8202247191011236,0.6386554621848739,0.7055711173358232,0.23311544954776764,-0.846092060595953,0.19286345218730042,0.21956507958375016,0.4546579122543335,38,73,27,16,6.4899396896362305,4865104,259,0.5958256029684601,358,119,72,24,163,63,33,13,,,,,,,,,,,,,,,,,,,,,,,,,521,93,154,105
sweep,pima,2,0.8,sweep,0.5,0,0,2026,k=5,0.7718518518518518,0.6842522325092112,0.6851851851851852,0.71,0.5606060606060606,0.8068181818181818,0.6166666666666667,0.6859929078014184,0.2291259467601776,0.22804133487935255,0.16479690404688196,0.23242723350352668,0.13233529031276703,37,71,29,17,5.0091986656188965,4865104,248,0.6478664192949908,358,119,72,24,163,63,33,13,,,,,,,,,,,,,,,,,,,,,,,,,521,93,154,105
sweep,pima,2,0.8,sweep,0.5,0,0,2026,k=10,0.8035185185185185,0.7060189524559758,0.7407407407407407,0.66,0.5405405405405406,0.825,0.625,0.6791666666666667,0.2186693400144577,-0.7967077111763067,0.24383137489786152,0.22049820049387683,0.1887732446193695,40,66,34,14,6.410688400268555,4865104,220,0.6188930117501545,358,119,72,24,163,63,33,13,,,,,,,,,,,,,,,,,,,,,,,,,521,93,154,105
sweep,pima,2,0.8,sweep,0.5,0,0,2026,k=15,0.822962962962963,0.6982466306462896,0.6851851851851852,0.78,0.6271186440677966,0.8210526315789474,0.6548672566371682,0.727433628318584,0.2088487297296524,-0.8927744683939767,0.2501009388024265,0.21112010981161872,0.5769728422164917,37,78,22,17,9.312331914901733,4865104,247,0.6196969696969696,358,119,72,24,163,63,33,13,,,,,,,,,,,,,,,,,,,,,,,,,521,93,154,105
sweep,pima,2,0.8,sweep,0.5,0,0,2026,k=20,0.8292592592592591,0.7044828612248755,0.7407407407407407,0.77,0.6349206349206349,0.8461538461538461,0.6837606837606838,0.7450217031368864,0.18967479467391968,-0.010194687910085683,0.23332047474734605,0.18617342223788236,0.1990450769662857,40,77,23,14,10.854753732681274,4865104,221,0.6310451453308595,358,119,72,24,163,63,33,13,,,,,,,,,,,,,,,,,,,,,,,,,521,93,154,105
sweep,pima,2,0.8,sweep,0.5,0,0,2026,agr_every=2,0.7912962962962963,0.6780423057116616,0.7222222222222222,0.69,0.5571428571428572,0.8214285714285714,0.6290322580645161,0.689516129032258,0.2270316332578659,-0.16886868172904426,0.19204194048346837,0.20867695342507456,0.17053420841693878,39,69,31,15,6.615575075149536,4865104,231,0.6382189239332097,358,119,72,24,163,63,33,13,,,,,,,,,,,,,,,,,,,,,,,,,521,93,154,105
sweep,pima,2,0.8,sweep,0.5,0,0,2026,agr_every=3,0.8068518518518519,0.706562067499538,0.6851851851851852,0.75,0.5967741935483871,0.8152173913043478,0.6379310344827587,0.7095905172413793,0.2214086949825287,-0.4812870684129587,0.20997233647460486,0.21236407577797967,0.3145303726196289,37,75,25,17,6.753461599349976,4865104,247,0.6444341372912801,358,119,72,24,163,63,33,13,,,,,,,,,,,,,,,,,,,,,,,,,521,93,154,105
sweep,pima,2,0.8,sweep,0.5,0,0,2026,agr_every=5,0.8035185185185185,0.7060189524559758,0.7407407407407407,0.66,0.5405405405405406,0.825,0.625,0.6791666666666667,0.2186693400144577,-0.7967077111763067,0.24383137489786152,0.22049820049387683,0.1887732446193695,40,66,34,14,6.545413017272949,4865104,220,0.6188930117501545,358,119,72,24,163,63,33,13,,,,,,,,,,,,,,,,,,,,,,,,,521,93,154,105
sweep,pima,2,0.8,sweep,0.5,0,0,2026,blend=0.0,0.7974074074074073,0.7006721278447924,0.7407407407407407,0.63,0.5194805194805194,0.8181818181818182,0.6106870229007634,0.6612757148402122,0.2229202538728714,-0.7902060901110963,0.2344040209270328,0.22528217678478396,0.12869079411029816,40,63,37,14,6.787035942077637,4865104,220,0.6228509585652443,358,119,72,24,163,63,33,13,,,,,,,,,,,,,,,,,,,,,,,,,521,93,154,105
sweep,pima,2,0.8,sweep,0.5,0,0,2026,blend=0.25,0.7957407407407407,0.6962475583470377,0.7407407407407407,0.72,0.5882352941176471,0.8372093023255814,0.6557377049180327,0.7149656266525648,0.2234354317188263,-0.8977061496851102,0.2276668241796153,0.2218717523282031,0.33517956733703613,40,72,28,14,7.117342948913574,4865104,221,0.623222016079159,358,119,72,24,163,63,33,13,,,,,,,,,,,,,,,,,,,,,,,,,521,93,154,105
sweep,pima,2,0.8,sweep,0.5,0,0,2026,blend=0.5,0.8035185185185185,0.7060189524559758,0.7407407407407407,0.66,0.5405405405405406,0.825,0.625,0.6791666666666667,0.2186693400144577,-0.7967077111763067,0.24383137489786152,0.22049820049387683,0.1887732446193695,40,66,34,14,6.458806037902832,4865104,220,0.6188930117501545,358,119,72,24,163,63,33,13,,,,,,,,,,,,,,,,,,,,,,,,,521,93,154,105
sweep,pima,2,0.8,sweep,0.5,0,0,2026,blend=0.75,0.8074074074074074,0.7137366766020771,0.7407407407407407,0.66,0.5405405405405406,0.825,0.625,0.6791666666666667,0.22004583477973938,-0.8680134452508816,0.2415558065025053,0.22487141104269917,0.20825548470020294,40,66,34,14,6.5047900676727295,4865104,219,0.6172850958565244,358,119,72,24,163,63,33,13,,,,,,,,,,,,,,,,,,,,,,,,,521,93,154,105
sweep,pima,2,0.8,sweep,0.5,0,0,2026,blend=1.0,0.8101851851851852,0.7120801806451476,0.7962962962962963,0.61,0.524390243902439,0.8472222222222222,0.6323529411764706,0.6708276333789329,0.224925696849823,-1.2890584158819811,0.2216821340495563,0.2340331891092,0.07515032589435577,43,61,39,11,6.532866716384888,4865104,219,0.6090599876314162,358,119,72,24,163,63,33,13,,,,,,,,,,,,,,,,,,,,,,,,,521,93,154,105
sweep,pima,2,0.8,sweep,0.5,0,0,2026,noise_std=0.01,0.8185185185185184,0.7358568350034516,0.7222222222222222,0.72,0.582089552238806,0.8275862068965517,0.6446280991735537,0.7073407875546913,0.2259954959154129,-1.1555396975842713,0.2387849336343484,0.2339279898865656,0.3890273869037628,39,72,28,15,6.571359395980835,4865104,230,0.6134199134199134,358,119,72,24,163,63,33,13,,,,,,,,,,,,,,,,,,,,,,,,,521,93,154,105
sweep,pima,2,0.8,sweep,0.5,0,0,2026,noise_std=0.05,0.8035185185185185,0.7060189524559758,0.7407407407407407,0.66,0.5405405405405406,0.825,0.625,0.6791666666666667,0.2186693400144577,-0.7967077111763067,0.24383137489786152,0.22049820049387683,0.1887732446193695,40,66,34,14,6.823383331298828,4865104,220,0.6188930117501545,358,119,72,24,163,63,33,13,,,,,,,,,,,,,,,,,,,,,,,,,521,93,154,105
sweep,pima,2,0.8,sweep,0.5,0,0,2026,noise_std=0.1,0.8085185185185185,0.702418614331005,0.7222222222222222,0.69,0.5571428571428572,0.8214285714285714,0.6290322580645161,0.689516129032258,0.23161378502845764,-1.151276803472095,0.21048648676651935,0.23815710528741602,0.1708492636680603,39,69,31,15,6.593435764312744,4865104,223,0.6132962275819419,358,119,72,24,163,63,33,13,,,,,,,,,,,,,,,,,,,,,,,,,521,93,154,105
sweep,pima,2,0.8,sweep,0.5,0,0,2026,eta=0.2,0.8018518518518518,0.7139109210592514,0.7592592592592593,0.69,0.5694444444444444,0.8414634146341463,0.6507936507936508,0.7045177045177045,0.22274425625801086,-1.3157810490308894,0.18926776724436642,0.22356026045155603,0.20813865959644318,41,69,31,13,7.013346910476685,4865104,187,0.6139146567717996,358,119,72,24,163,63,33,13,,,,,,,,,,,,,,,,,,,,,,,,,521,93,154,105
sweep,pima,2,0.8,sweep,0.5,0,0,2026,eta=0.5,0.7968518518518518,0.7106903907871187,0.7407407407407407,0.72,0.5882352941176471,0.8372093023255814,0.6557377049180327,0.7149656266525648,0.22687429189682007,-1.1150952493776043,0.19512139924327307,0.22814359449382338,0.28495344519615173,40,72,28,14,6.762620449066162,4865104,226,0.6172541743970315,358,119,72,24,163,63,33,13,,,,,,,,,,,,,,,,,,,,,,,,,521,93,154,105
sweep,pima,2,0.8,sweep,0.5,0,0,2026,eta=0.8,0.8035185185185185,0.7060189524559758,0.7407407407407407,0.66,0.5405405405405406,0.825,0.625,0.6791666666666667,0.2186693400144577,-0.7967077111763067,0.24383137489786152,0.22049820049387683,0.1887732446193695,40,66,34,14,7.041074514389038,4865104,220,0.6188930117501545,358,119,72,24,163,63,33,13,,,,,,,,,,,,,,,,,,,,,,,,,521,93,154,105
sweep,pima,2,0.8,sweep,0.5,0,0,2026,eta=1.0,0.81,0.71380786656007,0.7407407407407407,0.74,0.6060606060606061,0.8409090909090909,0.6666666666666666,0.7269503546099291,0.22214455902576447,-1.0166759029847383,0.22948504200519707,0.22487223069123052,0.4391261339187622,40,74,26,14,7.002356052398682,4865104,234,0.6107606679035251,358,119,72,24,163,63,33,13,,,,,,,,,,,,,,,,,,,,,,,,,521,93,154,105
sweep,pima,2,0.8,sweep,0.5,0,0,2026,rounds=5,0.7979629629629629,0.7163540419665523,0.7592592592592593,0.69,0.5694444444444444,0.8414634146341463,0.6507936507936508,0.7045177045177045,0.1998477280139923,0.3487973087434176,0.2312637897658546,0.16564074774309026,0.09857873618602753,41,69,31,13,3.5209624767303467,2468464,11,0.6132034632034633,358,119,72,24,163,63,33,13,,,,,,,,,,,,,,,,,,,,,,,,,521,93,154,105
sweep,pima,2,0.8,sweep,0.5,0,0,2026,rounds=10,0.8035185185185185,0.7060189524559758,0.7407407407407407,0.66,0.5405405405405406,0.825,0.625,0.6791666666666667,0.2186693400144577,-0.7967077111763067,0.24383137489786152,0.22049820049387683,0.1887732446193695,40,66,34,14,6.58081579208374,4865104,220,0.6188930117501545,358,119,72,24,163,63,33,13,,,,,,,,,,,,,,,,,,,,,,,,,521,93,154,105
sweep,pima,2,0.8,sweep,0.5,0,0,2026,rounds=20,0.7914814814814816,0.6745023706127231,0.7592592592592593,0.68,0.5616438356164384,0.8395061728395061,0.6456692913385826,0.698525253404098,0.2466781884431839,-0.9899388238051106,0.16485105081565166,0.25449239570562815,0.1944703608751297,41,68,32,13,12.55823564529419,9658384,298,0.6419294990723562,358,119,72,24,163,63,33,13,,,,,,,,,,,,,,,,,,,,,,,,,521,93,154,105
sweep,pima,2,0.8,sweep,0.5,0,1,2027,tau0=0.8,0.7101851851851853,0.5550720046150113,0.9444444444444444,0.23,0.3984375,0.8846153846153846,0.5604395604395604,0.4627594627594628,0.266387939453125,-0.11120593178212819,0.16393751813053176,0.24095509080337238,0.0018608884420245886,51,23,77,3,6.6714723110198975,4865104,366,0.6799899129996217,234,7,46,1,287,175,57,35,,,,,,,,,,,,,,,,,,,,,,,,,521,93,154,103
sweep,pima,2,0.8,sweep,0.5,0,1,2027,tau0=0.85,0.7464814814814814,0.5936672391073718,0.9074074074074074,0.32,0.4188034188034188,0.8648648648648649,0.5730994152046783,0.5201263499381056,0.2448437660932541,-0.8166216660238359,0.1628261231112196,0.2217853820169127,0.002870189491659403,49,32,68,5,7.24448299407959,4865104,361,0.6540474089017778,234,7,46,1,287,175,57,35,,,,,,,,,,,,,,,,,,,,,,,,,521,93,154,103
sweep,pima,2,0.8,sweep,0.5,0,1,2027,tau0=0.9,0.7664814814814815,0.6337056635545101,0.6111111111111112,0.76,0.5789473684210527,0.7835051546391752,0.5945945945945946,0.6830840993277542,0.2120542675256729,-0.1411766497330202,0.2307051782397657,0.18687014862314447,0.3884018361568451,33,76,24,21,6.473252773284912,4865104,353,0.6607930904047409,234,7,46,1,287,175,57,35,,,,,,,,,,,,,,,,,,,,,,,,,521,93,154,103
sweep,pima,2,0.8,sweep,0.5,0,1,2027,tau0=0.95,0.7487037037037038,0.630282909682056,0.5370370370370371,0.79,0.58,0.7596153846153846,0.5576923076923077,0.6661010558069382,0.24803493916988373,-0.6812684864499365,0.21190727317993774,0.23694259629814654,0.7554490566253662,29,79,21,25,6.476562261581421,4865104,356,0.649602824360106,234,7,46,1,287,175,57,35,,,,,,,,,,,,,,,,,,,,,,,,,521,93,154,103
sweep,pima,2,0.8,sweep,0.5,0,1,2027,tau_decay=0.0,0.7194444444444444,0.5762977399845215,0.9259259259259259,0.29,0.4132231404958678,0.8787878787878788,0.5714285714285714,0.5037593984962405,0.2769708037376404,-1.3308175695245565,0.15904307368526194,0.2652808751717403,0.004096160177141428,50,29,71,4,6.797075033187866,4865104,187,0.6911486571680746,234,7,46,1,287,175,57,35,,,,,,,,,,,,,,,,,,,,,,,,,521,93,154,103
sweep,pima,2,0.8,sweep,0.5,0,1,2027,tau_decay=0.03,0.7664814814814815,0.6337056635545101,0.6111111111111112,0.76,0.5789473684210527,0.7835051546391752,0.5945945945945946,0.6830840993277542,0.2120542675256729,-0.1411766497330202,0.2307051782397657,0.18687014862314447,0.3884018361568451,33,76,24,21,6.795289754867554,4865104,353,0.6607930904047409,234,7,46,1,287,175,57,35,,,,,,,,,,,,,,,,,,,,,,,,,521,93,154,103
sweep,pima,2,0.8,sweep,0.5,0,1,2027,tau_decay=0.1,0.7572222222222221,0.6118623309853635,0.9629629629629629,0.29,0.42276422764227645,0.9354838709677419,0.5875706214689266,0.51515935653599,0.24876591563224792,-1.4680809545257698,0.18834460313658635,0.24175964339406458,0.0038175571244210005,52,29,71,2,6.573737621307373,4865104,367,0.6571680746438029,234,7,46,1,287,175,57,35,,,,,,,,,,,,,,,,,,,,,,,,,521,93,154,103
sweep,pima,2,0.8,sweep,0.5,0,1,2027,k=5,0.7951851851851852,0.6758246181404546,0.6296296296296297,0.79,0.6181818181818182,0.797979797979798,0.6238532110091743,0.7089115301277027,0.2744821608066559,-3.3229124539763175,0.19012069193113346,0.2650791516213061,0.9572851061820984,34,79,21,20,4.954298973083496,4865104,351,0.6043058882864709,234,7,46,1,287,175,57,35,,,,,,,,,,,,,,,,,,,,,,,,,521,93,154,103
sweep,pima,2,0.8,sweep,0.5,0,1,2027,k=10,0.7664814814814815,0.6337056635545101,0.6111111111111112,0.76,0.5789473684210527,0.7835051546391752,0.5945945945945946,0.6830840993277542,0.2120542675256729,-0.1411766497330202,0.2307051782397657,0.18687014862314447,0.3884018361568451,33,76,24,21,6.481979846954346,4865104,353,0.6607930904047409,234,7,46,1,287,175,57,35,,,,,,,,,,,,,,,,,,,,,,,,,521,93,154,103
sweep,pima,2,0.8,sweep,0.5,0,1,2027,k=15,0.7605555555555554,0.6209015894546298,0.9074074074074074,0.29,0.4083333333333333,0.8529411764705882,0.5632183908045977,0.49802710585006005,0.23607639968395233,-1.1570914477622805,0.18427387302754325,0.2068375753988693,0.0016449802787974477,49,29,71,5,9.345381736755371,4865104,349,0.6642920186609507,234,7,46,1,287,175,57,35,,,,,,,,,,,,,,,,,,,,,,,,,521,93,154,103
sweep,pima,2,0.8,sweep,0.5,0,1,2027,k=20,0.7455555555555555,0.5968926047472024,0.5,0.8,0.574468085106383,0.7476635514018691,0.5346534653465347,0.6538001626249581,0.24359998106956482,-1.0835863973023006,0.18601194542644647,0.20761554142726318,0.8421610593795776,27,80,20,27,10.695598125457764,4865104,354,0.6661833312318749,234,7,46,1,287,175,57,35,,,,,,,,,,,,,,,,,,,,,,,,,521,93,154,103
sweep,pima,2,0.8,sweep,0.5,0,1,2027,agr_every=2,0.7414814814814816,0.6405664090229009,0.7962962962962963,0.52,0.4725274725274725,0.8253968253968254,0.593103448275862,0.6155701290459065,0.2320634126663208,0.472456942365943,0.2309968079262202,0.20815291885867135,0.04298574849963188,43,52,48,11,6.674988031387329,4865104,347,0.6492876055982852,234,7,46,1,287,175,57,35,,,,,,,,,,,,,,,,,,,,,,,,,521,93,154,103
sweep,pima,2,0.8,sweep,0.5,0,1,2027,agr_every=3,0.7751851851851852,0.6697353408468779,0.5740740740740741,0.79,0.5961538461538461,0.7745098039215687,0.5849056603773585,0.6835419390995703,0.24009206891059875,-1.4000140548827158,0.21182426490784914,0.21626592292027041,0.8173496127128601,31,79,21,23,6.752173900604248,4865104,339,0.6317614424410541,234,7,46,1,287,175,57,35,,,,,,,,,,,,,,,,,,,,,,,,,521,93,154,103
sweep,pima,2,0.8,sweep,0.5,0,1,2027,agr_every=5,0.7664814814814815,0.6337056635545101,0.6111111111111112,0.76,0.5789473684210527,0.7835051546391752,0.5945945945945946,0.6830840993277542,0.2120542675256729,-0.1411766497330202,0.2307051782397657,0.18687014862314447,0.3884018361568451,33,76,24,21,6.707492828369141,4865104,353,0.6607930904047409,234,7,46,1,287,175,57,35,,,,,,,,,,,,,,,,,,,,,,,,,521,93,154,103
sweep,pima,2,0.8,sweep,0.5,0,1,2027,blend=0.0,0.7555555555555555,0.6113547613257038,0.9629629629629629,0.27,0.416,0.9310344827586207,0.5810055865921788,0.4998051188774848,0.21784093976020813,-0.052357706315356495,0.2263288157560121,0.18974777620721173,0.0030099868308752775,52,27,73,2,6.640815734863281,4865104,354,0.6627474467280292,234,7,46,1,287,175,57,35,,,,,,,,,,,,,,,,,,,,,,,,,521,93,154,103
sweep,pima,2,0.8,sweep,0.5,0,1,2027,blend=0.25,0.7674074074074074,0.6295016488502513,0.9629629629629629,0.27,0.416,0.9310344827586207,0.5810055865921788,0.4998051188774848,0.21026675403118134,-0.10900158250560438,0.23580760559722436,0.1626249909787983,0.0025280325207859278,52,27,73,2,7.141064643859863,4865104,353,0.6565376371201613,234,7,46,1,287,175,57,35,,,,,,,,,,,,,,,,,,,,,,,,,521,93,154,103
sweep,pima,2,0.8,sweep,0.5,0,1,2027,blend=0.5,0.7664814814814815,0.6337056635545101,0.6111111111111112,0.76,0.5789473684210527,0.7835051546391752,0.5945945945945946,0.6830840993277542,0.2120542675256729,-0.1411766497330202,0.2307051782397657,0.18687014862314447,0.3884018361568451,33,76,24,21,6.536931037902832,4865104,353,0.6607930904047409,234,7,46,1,287,175,57,35,,,,,,,,,,,,,,,,,,,,,,,,,521,93,154,103
sweep,pima,2,0.8,sweep,0.5,0,1,2027,blend=0.75,0.77,0.6324217522150124,0.5925925925925926,0.75,0.5614035087719298,0.7731958762886598,0.5765765765765766,0.6689989481867654,0.20848432183265686,-0.3862343424731482,0.21942612675356898,0.1783879188361106,0.5038664937019348,32,75,25,22,6.719389200210571,4865104,327,0.6600996091287354,234,7,46,1,287,175,57,35,,,,,,,,,,,,,,,,,,,,,,,,,521,93,154,103
sweep,pima,2,0.8,sweep,0.5,0,1,2027,blend=1.0,0.7620370370370371,0.6315293160361063,0.9259259259259259,0.25,0.4,0.8620689655172413,0.5586592178770949,0.4731280585509506,0.20957112312316895,-0.10212526555919471,0.22711343764658243,0.17846884958252507,0.0016045216470956802,50,25,75,4,6.736572265625,4865104,294,0.6575778590341698,234,7,46,1,287,175,57,35,,,,,,,,,,,,,,,,,,,,,,,,,521,93,154,103
sweep,pima,2,0.8,sweep,0.5,0,1,2027,noise_std=0.01,0.7574074074074074,0.6274625608212699,0.9629629629629629,0.26,0.4126984126984127,0.9285714285714286,0.5777777777777777,0.49201388888888886,0.21423862874507904,-0.044998253736100995,0.2395642088031257,0.1856329882057843,0.002113783499225974,52,26,74,2,6.733147382736206,4865104,352,0.6510528306644813,234,7,46,1,287,175,57,35,,,,,,,,,,,,,,,,,,,,,,,,,521,93,154,103
sweep,pima,2,0.8,sweep,0.5,0,1,2027,noise_std=0.05,0.7664814814814815,0.6337056635545101,0.6111111111111112,0.76,0.5789473684210527,0.7835051546391752,0.5945945945945946,0.6830840993277542,0.2120542675256729,-0.1411766497330202,0.2307051782397657,0.18687014862314447,0.3884018361568451,33,76,24,21,6.979183197021484,4865104,353,0.6607930904047409,234,7,46,1,287,175,57,35,,,,,,,,,,,,,,,,,,,,,,,,,521,93,154,103
sweep,pima,2,0.8,sweep,0.5,0,1,2027,noise_std=0.1,0.7685185185185185,0.6339709221728996,0.8888888888888888,0.3,0.4067796610169492,0.8333333333333334,0.5581395348837209,0.4996580027359781,0.21202825009822845,-0.5123471290237657,0.23911453770441055,0.17699512930030561,0.011729512363672256,48,30,70,6,6.669442176818848,4865104,351,0.6542365401588702,234,7,46,1,287,175,57,35,,,,,,,,,,,,,,,,,,,,,,,,,521,93,154,103
sweep,pima,2,0.8,sweep,0.5,0,1,2027,eta=0.2,0.7077777777777777,0.5686425101990724,0.4444444444444444,0.85,0.6153846153846154,0.7391304347826086,0.5161290322580645,0.6534133533383346,0.3006436824798584,-1.4018865957709898,0.1470660145580096,0.3019383758693547,0.9590241312980652,24,85,15,30,6.968496561050415,4865104,346,0.6753561972008574,234,7,46,1,287,175,57,35,,,,,,,,,,,,,,,,,,,,,,,,,521,93,154,103
sweep,pima,2,0.8,sweep,0.5,0,1,2027,eta=0.5,0.7459259259259259,0.6244709732843007,0.9074074074074074,0.33,0.4224137931034483,0.868421052631579,0.5764705882352941,0.5273657289002558,0.2294461578130722,-0.3921792476740098,0.23023563063764133,0.18801418220164712,0.013789074495434761,49,33,67,5,6.701730251312256,4865104,353,0.6490354305888287,234,7,46,1,287,175,57,35,,,,,,,,,,,,,,,,,,,,,,,,,521,93,154,103
sweep,pima,2,0.8,sweep,0.5,0,1,2027,eta=0.8,0.7664814814814815,0.6337056635545101,0.6111111111111112,0.76,0.5789473684210527,0.7835051546391752,0.5945945945945946,0.6830840993277542,0.2120542675256729,-0.1411766497330202,0.2307051782397657,0.18687014862314447,0.3884018361568451,33,76,24,21,7.00204873085022,4865104,353,0.6607930904047409,234,7,46,1,287,175,57,35,,,,,,,,,,,,,,,,,,,,,,,,,521,93,154,103
sweep,pima,2,0.8,sweep,0.5,0,1,2027,eta=1.0,0.7433333333333333,0.5853426202484403,0.6111111111111112,0.77,0.5892857142857143,0.7857142857142857,0.6,0.6888888888888889,0.22837819159030914,-0.41912955442075156,0.20192732491347842,0.18291212536104312,0.5429206490516663,33,77,23,21,7.0761940479278564,4865104,355,0.6681376875551632,234,7,46,1,287,175,57,35,,,,,,,,,,,,,,,,,,,,,,,,,521,93,154,103
sweep,pima,2,0.8,sweep,0.5,0,1,2027,rounds=5,0.7139814814814814,0.5810922079280119,0.6851851851851852,0.62,0.49333333333333335,0.7848101265822784,0.5736434108527132,0.6331904205101555,0.29017260670661926,-1.4506082092028874,0.12729504432406036,0.29636001122462285,0.3792072832584381,37,62,38,17,3.52632737159729,2468464,294,0.6542365401588702,234,7,46,1,287,175,57,35,,,,,,,,,,,,,,,,,,,,,,,,,521,93,154,103
sweep,pima,2,0.8,sweep,0.5,0,1,2027,rounds=10,0.7664814814814815,0.6337056635545101,0.6111111111111112,0.76,0.5789473684210527,0.7835051546391752,0.5945945945945946,0.6830840993277542,0.2120542675256729,-0.1411766497330202,0.2307051782397657,0.18687014862314447,0.3884018361568451,33,76,24,21,6.543752908706665,4865104,353,0.6607930904047409,234,7,46,1,287,175,57,35,,,,,,,,,,,,,,,,,,,,,,,,,521,93,154,103
sweep,pima,2,0.8,sweep,0.5,0,1,2027,rounds=20,0.7703703703703704,0.6562891213484064,0.5555555555555556,0.8,0.6,0.7692307692307693,0.5769230769230769,0.6806184012066365,0.23128078877925873,-1.2858746704382837,0.2500327317664993,0.20407271951243472,0.8136491775512695,30,80,20,24,12.70805549621582,9658384,369,0.6318244861934181,234,7,46,1,287,175,57,35,,,,,,,,,,,,,,,,,,,,,,,,,521,93,154,103
sweep,pima,2,0.8,sweep,0.5,0,2,2028,tau0=0.8,0.7553703703703704,0.6016482071221863,0.6666666666666666,0.75,0.5901639344262295,0.8064516129032258,0.6260869565217392,0.7016445145302996,0.24430762231349945,1.3380940422519467,0.15190438247779675,0.24940976721851468,0.07539642602205276,36,75,25,18,6.751163005828857,4865104,340,0.6653346653346653,430,120,86,24,91,62,18,12,,,,,,,,,,,,,,,,,,,,,,,,,521,93,154,104
sweep,pima,2,0.8,sweep,0.5,0,2,2028,tau0=0.85,0.7740740740740741,0.6359746402722709,0.8703703703703703,0.57,0.5222222222222223,0.890625,0.6527777777777778,0.673949864498645,0.2521457076072693,-0.6104674395399667,0.1278634963921571,0.25846869667822664,0.002387212822213769,47,57,43,7,7.471259355545044,4865104,301,0.6496628371628371,430,120,86,24,91,62,18,12,,,,,,,,,,,,,,,,,,,,,,,,,521,93,154,104
sweep,pima,2,0.8,sweep,0.5,0,2,2028,tau0=0.9,0.752962962962963,0.6153894833205937,0.7222222222222222,0.64,0.52,0.810126582278481,0.6046511627906976,0.6598674808366896,0.25316891074180603,1.1374750195459236,0.12481282993563246,0.25164342732713013,0.01416847575455904,39,64,36,15,6.6025214195251465,4865104,279,0.6621191308691308,430,120,86,24,91,62,18,12,,,,,,,,,,,,,,,,,,,,,,,,,521,93,154,104
sweep,pima,2,0.8,sweep,0.5,0,2,2028,tau0=0.95,0.7574074074074074,0.6390307143071525,0.6481481481481481,0.71,0.546875,0.7888888888888889,0.5932203389830508,0.6702943800178411,0.25433751940727234,0.47550991856925295,0.1334219370773304,0.25506956800637015,0.1258089244365692,35,71,29,19,6.683300971984863,4865104,239,0.666083916083916,430,120,86,24,91,62,18,12,,,,,,,,,,,,,,,,,,,,,,,,,521,93,154,104
sweep,pima,2,0.8,sweep,0.5,0,2,2028,tau_decay=0.0,0.7814814814814814,0.6469559247894188,0.6851851851851852,0.71,0.5606060606060606,0.8068181818181818,0.6166666666666667,0.6859929078014184,0.2377547174692154,1.5567225853475295,0.14996229354354337,0.234639573963238,0.018270906060934067,37,71,29,17,6.72038197517395,4865104,59,0.6442307692307693,430,120,86,24,91,62,18,12,,,,,,,,,,,,,,,,,,,,,,,,,521,93,154,104
sweep,pima,2,0.8,sweep,0.5,0,2,2028,tau_decay=0.03,0.752962962962963,0.6153894833205937,0.7222222222222222,0.64,0.52,0.810126582278481,0.6046511627906976,0.6598674808366896,0.25316891074180603,1.1374750195459236,0.12481282993563246,0.25164342732713013,0.01416847575455904,39,64,36,15,6.719849109649658,4865104,279,0.6621191308691308,430,120,86,24,91,62,18,12,,,,,,,,,,,,,,,,,,,,,,,,,521,93,154,104
sweep,pima,2,0.8,sweep,0.5,0,2,2028,tau_decay=0.1,0.7652777777777777,0.6298190917637807,0.8333333333333334,0.44,0.44554455445544555,0.8301886792452831,0.5806451612903226,0.5779042799915666,0.22710879147052765,0.6703647172658757,0.1403281968623773,0.23248729971237478,0.0006336584920063615,45,44,56,9,6.611259460449219,4865104,342,0.6516920579420579,430,120,86,24,91,62,18,12,,,,,,,,,,,,,,,,,,,,,,,,,521,93,154,104
sweep,pima,2,0.8,sweep,0.5,0,2,2028,k=5,0.7416666666666667,0.613921798873307,0.6666666666666666,0.68,0.5294117647058824,0.7906976744186046,0.5901639344262295,0.6606733650625771,0.25922417640686035,0.474866032870457,0.11720621220777096,0.24541168341824376,0.11213695257902145,36,68,32,18,5.073740243911743,4865104,290,0.6571553446553446,430,120,86,24,91,62,18,12,,,,,,,,,,,,,,,,,,,,,,,,,521,93,154,104
sweep,pima,2,0.8,sweep,0.5,0,2,2028,k=10,0.752962962962963,0.6153894833205937,0.7222222222222222,0.64,0.52,0.810126582278481,0.6046511627906976,0.6598674808366896,0.25316891074180603,1.1374750195459236,0.12481282993563246,0.25164342732713013,0.01416847575455904,39,64,36,15,6.67521595954895,4865104,279,0.6621191308691308,430,120,86,24,91,62,18,12,,,,,,,,,,,,,,,,,,,,,,,,,521,93,154,104
sweep,pima,2,0.8,sweep,0.5,0,2,2028,k=15,0.7357407407407407,0.5861567873203988,0.6111111111111112,0.73,0.55,0.776595744680851,0.5789473684210527,0.6657623440043408,0.27268123626708984,0.581245121483864,0.10559301345263765,0.26329101401973853,0.18831391632556915,33,73,27,21,10.096524953842163,4865104,269,0.6542832167832168,430,120,86,24,91,62,18,12,,,,,,,,,,,,,,,,,,,,,,,,,521,93,154,104
sweep,pima,2,0.8,sweep,0.5,0,2,2028,k=20,0.7325925925925926,0.6326395055182098,0.7592592592592593,0.6,0.5061728395061729,0.821917808219178,0.6074074074074074,0.6505245129522585,0.27733519673347473,0.15083726376887605,0.14655681507466473,0.27838147596105356,0.05171956121921539,41,60,40,13,11.829157829284668,4865104,253,0.7198738761238762,430,120,86,24,91,62,18,12,,,,,,,,,,,,,,,,,,,,,,,,,521,93,154,104
sweep,pima,2,0.8,sweep,0.5,0,2,2028,agr_every=2,0.7696296296296296,0.6543868998381159,0.8518518518518519,0.62,0.5476190476190477,0.8857142857142857,0.6666666666666666,0.6980392156862745,0.25057750940322876,0.24298422745645404,0.1670991730718009,0.24334962085469974,0.016287971287965775,46,62,38,8,6.879985570907593,4865104,325,0.674669080919081,430,120,86,24,91,62,18,12,,,,,,,,,,,,,,,,,,,,,,,,,521,93,154,104
sweep,pima,2,0.8,sweep,0.5,0,2,2028,agr_every=3,0.7858333333333333,0.6575672808621683,0.8333333333333334,0.66,0.569620253164557,0.88,0.6766917293233082,0.7154887218045113,0.25200188159942627,-0.7434046614352293,0.13852230840766264,0.24785703547637572,0.022000707685947418,45,66,34,9,6.538597106933594,4865104,300,0.6649288211788211,430,120,86,24,91,62,18,12,,,,,,,,,,,,,,,,,,,,,,,,,521,93,154,104
sweep,pima,2,0.8,sweep,0.5,0,2,2028,agr_every=5,0.752962962962963,0.6153894833205937,0.7222222222222222,0.64,0.52,0.810126582278481,0.6046511627906976,0.6598674808366896,0.25316891074180603,1.1374750195459236,0.12481282993563246,0.25164342732713013,0.01416847575455904,39,64,36,15,6.641640663146973,4865104,279,0.6621191308691308,430,120,86,24,91,62,18,12,,,,,,,,,,,,,,,,,,,,,,,,,521,93,154,104
sweep,pima,2,0.8,sweep,0.5,0,2,2028,blend=0.0,0.7583333333333333,0.632616651445545,0.7222222222222222,0.64,0.52,0.810126582278481,0.6046511627906976,0.6598674808366896,0.2495621293783188,0.994099561235336,0.1293979899931038,0.2524946233281842,0.019567133858799934,39,64,36,15,7.160558223724365,4865104,277,0.6643668831168831,430,120,86,24,91,62,18,12,,,,,,,,,,,,,,,,,,,,,,,,,521,93,154,104
sweep,pima,2,0.8,sweep,0.5,0,2,2028,blend=0.25,0.7588888888888888,0.6260676460663309,0.7592592592592593,0.66,0.5466666666666666,0.8354430379746836,0.6356589147286822,0.6865445411632238,0.2535548210144043,0.8560996281664551,0.11925369022876994,0.25611482895668836,0.016864510253071785,41,66,34,13,6.998316526412964,4865104,280,0.6574050949050949,430,120,86,24,91,62,18,12,,,,,,,,,,,,,,,,,,,,,,,,,521,93,154,104
sweep,pima,2,0.8,sweep,0.5,0,2,2028,blend=0.5,0.752962962962963,0.6153894833205937,0.7222222222222222,0.64,0.52,0.810126582278481,0.6046511627906976,0.6598674808366896,0.25316891074180603,1.1374750195459236,0.12481282993563246,0.25164342732713013,0.01416847575455904,39,64,36,15,7.183252334594727,4865104,279,0.6621191308691308,430,120,86,24,91,62,18,12,,,,,,,,,,,,,,,,,,,,,,,,,521,93,154,104
sweep,pima,2,0.8,sweep,0.5,0,2,2028,blend=0.75,0.7429629629629629,0.5990286856657675,0.6666666666666666,0.67,0.5217391304347826,0.788235294117647,0.5853658536585366,0.6548450889914305,0.25860652327537537,0.8952498078742797,0.13514445983449272,0.2595267265841558,0.052275773137807846,36,67,33,18,6.6685097217559814,4865104,275,0.6709228271728271,430,120,86,24,91,62,18,12,,,,,,,,,,,,,,,,,,,,,,,,,521,93,154,104
sweep,pima,2,0.8,sweep,0.5,0,2,2028,blend=1.0,0.7590740740740741,0.6261718640421512,0.7222222222222222,0.67,0.5416666666666666,0.8170731707317073,0.6190476190476191,0.6776556776556777,0.25528475642204285,0.8710476751493642,0.11986691793987685,0.2561116931996272,0.01942979358136654,39,67,33,15,6.67779278755188,4865104,275,0.6614947552447552,430,120,86,24,91,62,18,12,,,,,,,,,,,,,,,,,,,,,,,,,521,93,154,104
sweep,pima,2,0.8,sweep,0.5,0,2,2028,noise_std=0.01,0.7647222222222222,0.630750519955983,0.7407407407407407,0.68,0.5555555555555556,0.8292682926829268,0.6349206349206349,0.6910866910866911,0.24537359178066254,0.6476159132912739,0.11716629990297091,0.24747768076523752,0.016752487048506737,40,68,32,14,6.8586320877075195,4865104,282,0.6397664835164835,430,120,86,24,91,62,18,12,,,,,,,,,,,,,,,,,,,,,,,,,521,93,154,104
sweep,pima,2,0.8,sweep,0.5,0,2,2028,noise_std=0.05,0.752962962962963,0.6153894833205937,0.7222222222222222,0.64,0.52,0.810126582278481,0.6046511627906976,0.6598674808366896,0.25316891074180603,1.1374750195459236,0.12481282993563246,0.25164342732713013,0.01416847575455904,39,64,36,15,6.857980012893677,4865104,279,0.6621191308691308,430,120,86,24,91,62,18,12,,,,,,,,,,,,,,,,,,,,,,,,,521,93,154,104
sweep,pima,2,0.8,sweep,0.5,0,2,2028,noise_std=0.1,0.7483333333333334,0.602946963519015,0.6851851851851852,0.7,0.5522388059701493,0.8045977011494253,0.6115702479338843,0.6801166747690812,0.2532626688480377,0.6021444417565761,0.13279453163749577,0.2442467820697597,0.06589982658624649,37,70,30,17,7.189199447631836,4865104,281,0.6714847652347652,430,120,86,24,91,62,18,12,,,,,,,,,,,,,,,,,,,,,,,,,521,93,154,104
sweep,pima,2,0.8,sweep,0.5,0,2,2028,eta=0.2,0.7844444444444445,0.667104555885522,0.7037037037037037,0.7,0.5588235294117647,0.813953488372093,0.6229508196721312,0.687819495857571,0.23809552192687988,2.266990254783955,0.1356559576944386,0.2450667894747737,0.009666576981544495,38,70,30,16,6.951528072357178,4865104,270,0.628153096903097,430,120,86,24,91,62,18,12,,,,,,,,,,,,,,,,,,,,,,,,,521,93,154,104
sweep,pima,2,0.8,sweep,0.5,0,2,2028,eta=0.5,0.7637037037037038,0.6020383417590524,0.6481481481481481,0.75,0.5833333333333334,0.7978723404255319,0.6140350877192983,0.693615482003979,0.2505381107330322,1.8542196425224937,0.1381703718417449,0.2563443407174442,0.04116739332675934,35,75,25,19,7.213195323944092,4865104,279,0.6438561438561439,430,120,86,24,91,62,18,12,,,,,,,,,,,,,,,,,,,,,,,,,521,93,154,104
sweep,pima,2,0.8,sweep,0.5,0,2,2028,eta=0.8,0.752962962962963,0.6153894833205937,0.7222222222222222,0.64,0.52,0.810126582278481,0.6046511627906976,0.6598674808366896,0.25316891074180603,1.1374750195459236,0.12481282993563246,0.25164342732713013,0.01416847575455904,39,64,36,15,7.307415246963501,4865104,279,0.6621191308691308,430,120,86,24,91,62,18,12,,,,,,,,,,,,,,,,,,,,,,,,,521,93,154,104
sweep,pima,2,0.8,sweep,0.5,0,2,2028,eta=1.0,0.7659259259259259,0.6409773985081503,0.6851851851851852,0.66,0.5211267605633803,0.7951807228915663,0.592,0.656655737704918,0.23876462876796722,0.44355357254332406,0.13486652037275848,0.24234554158257587,0.034242212772369385,37,66,34,17,6.692294359207153,4865104,281,0.6654907592407593,430,120,86,24,91,62,18,12,,,,,,,,,,,,,,,,,,,,,,,,,521,93,154,104
sweep,pima,2,0.8,sweep,0.5,0,2,2028,rounds=5,0.7867592592592593,0.6723944147072314,0.7777777777777778,0.6,0.5121951219512195,0.8333333333333334,0.6176470588235294,0.6576607387140903,0.24922408163547516,-0.9900867445145031,0.14484792467351917,0.2385523691591988,0.02559587173163891,42,60,40,12,3.6687963008880615,2468464,0,0.6170704295704296,430,120,86,24,91,62,18,12,,,,,,,,,,,,,,,,,,,,,,,,,521,93,154,104
sweep,pima,2,0.8,sweep,0.5,0,2,2028,rounds=10,0.752962962962963,0.6153894833205937,0.7222222222222222,0.64,0.52,0.810126582278481,0.6046511627906976,0.6598674808366896,0.25316891074180603,1.1374750195459236,0.12481282993563246,0.25164342732713013,0.01416847575455904,39,64,36,15,7.28767991065979,4865104,279,0.6621191308691308,430,120,86,24,91,62,18,12,,,,,,,,,,,,,,,,,,,,,,,,,521,93,154,104
sweep,pima,2,0.8,sweep,0.5,0,2,2028,rounds=20,0.7723148148148149,0.6499645405115939,0.7962962962962963,0.63,0.5375,0.8513513513513513,0.6417910447761194,0.6829644879053011,0.2388841211795807,1.972015616247641,0.1391026087380359,0.24525271579865124,0.0012639801716431975,43,63,37,11,12.666517734527588,9658384,392,0.6611513486513487,430,120,86,24,91,62,18,12,,,,,,,,,,,,,,,,,,,,,,,,,521,93,154,104
sweep,pima,2,0.8,sweep,0.5,0,3,2029,tau0=0.8,0.7488679245283019,0.6610995102336636,0.4528301886792453,0.89,0.6857142857142857,0.7542372881355932,0.5454545454545454,0.6809841534612177,0.23346705734729767,0.8466783305346332,0.1660903926103639,0.22785874279642027,0.7320498824119568,24,89,11,29,6.759754419326782,4865104,351,0.5705128205128205,314,171,63,34,208,11,41,2,,,,,,,,,,,,,,,,,,,,,,,,,522,93,153,104
sweep,pima,2,0.8,sweep,0.5,0,3,2029,tau0=0.85,0.7584905660377359,0.6313138577728299,0.3018867924528302,0.96,0.8,0.7218045112781954,0.4383561643835616,0.6311952495737551,0.2277359813451767,0.8719084560964109,0.17487234328904153,0.22399679843482434,0.9616624116897583,16,96,4,37,6.972545385360718,4865104,341,0.5576294620412268,314,171,63,34,208,11,41,2,,,,,,,,,,,,,,,,,,,,,,,,,522,93,153,104
sweep,pima,2,0.8,sweep,0.5,0,3,2029,tau0=0.9,0.7547169811320755,0.6565625737788159,0.5849056603773585,0.76,0.5636363636363636,0.7755102040816326,0.5740740740740741,0.6708754208754208,0.22846725583076477,1.9900604988776114,0.15178066773629145,0.20957720196909374,0.08650760352611542,31,76,24,22,6.793731212615967,4865104,338,0.5411324786324786,314,171,63,34,208,11,41,2,,,,,,,,,,,,,,,,,,,,,,,,,522,93,153,104
sweep,pima,2,0.8,sweep,0.5,0,3,2029,tau0=0.95,0.7981132075471697,0.6507749232876667,0.5660377358490566,0.8,0.6,0.7766990291262136,0.5825242718446602,0.6853508058730691,0.24184343218803406,-0.3529205374352966,0.1760717878436052,0.2483342534990287,0.6533949375152588,30,80,20,23,6.548791408538818,4865104,302,0.5627199597787833,314,171,63,34,208,11,41,2,,,,,,,,,,,,,,,,,,,,,,,,,522,93,153,104
sweep,pima,2,0.8,sweep,0.5,0,3,2029,tau_decay=0.0,0.770377358490566,0.6634108279467364,0.6037735849056604,0.75,0.5614035087719298,0.78125,0.5818181818181818,0.6735621521335806,0.23135295510292053,1.570459184811564,0.18511240523966163,0.20634778267612647,0.1481374204158783,32,75,25,21,6.683680534362793,4865104,183,0.5566239316239316,314,171,63,34,208,11,41,2,,,,,,,,,,,,,,,,,,,,,,,,,522,93,153,104
sweep,pima,2,0.8,sweep,0.5,0,3,2029,tau_decay=0.03,0.7547169811320755,0.6565625737788159,0.5849056603773585,0.76,0.5636363636363636,0.7755102040816326,0.5740740740740741,0.6708754208754208,0.22846725583076477,1.9900604988776114,0.15178066773629145,0.20957720196909374,0.08650760352611542,31,76,24,22,6.694706439971924,4865104,338,0.5411324786324786,314,171,63,34,208,11,41,2,,,,,,,,,,,,,,,,,,,,,,,,,522,93,153,104
sweep,pima,2,0.8,sweep,0.5,0,3,2029,tau_decay=0.1,0.790188679245283,0.645905168954508,0.5849056603773585,0.81,0.62,0.7864077669902912,0.6019417475728155,0.6999856521115309,0.22906112670898438,0.14490783103748142,0.15204651302128022,0.20768050387428674,0.5082417726516724,31,81,19,22,6.750320672988892,4865104,349,0.5743149824032177,314,171,63,34,208,11,41,2,,,,,,,,,,,,,,,,,,,,,,,,,522,93,153,104
sweep,pima,2,0.8,sweep,0.5,0,3,2029,k=5,0.8139622641509433,0.687439419344856,0.49056603773584906,0.86,0.65,0.7610619469026548,0.5591397849462365,0.6833257610177192,0.23990915715694427,-0.9240662121922147,0.16468433515047665,0.25265957660108707,0.9352017045021057,26,86,14,27,4.921923398971558,4865104,339,0.547668426344897,314,171,63,34,208,11,41,2,,,,,,,,,,,,,,,,,,,,,,,,,522,93,153,104
sweep,pima,2,0.8,sweep,0.5,0,3,2029,k=10,0.7547169811320755,0.6565625737788159,0.5849056603773585,0.76,0.5636363636363636,0.7755102040816326,0.5740740740740741,0.6708754208754208,0.22846725583076477,1.9900604988776114,0.15178066773629145,0.20957720196909374,0.08650760352611542,31,76,24,22,6.564069986343384,4865104,338,0.5411324786324786,314,171,63,34,208,11,41,2,,,,,,,,,,,,,,,,,,,,,,,,,522,93,153,104
sweep,pima,2,0.8,sweep,0.5,0,3,2029,k=15,0.7730188679245283,0.6578596254324767,0.6037735849056604,0.8,0.6153846153846154,0.7920792079207921,0.6095238095238096,0.702771855010661,0.23479905724525452,0.981110640716356,0.1560520278951534,0.22034240470213048,0.24431629478931427,32,80,20,21,8.863952875137329,4865104,329,0.54653720462544,314,171,63,34,208,11,41,2,,,,,,,,,,,,,,,,,,,,,,,,,522,93,153,104
sweep,pima,2,0.8,sweep,0.5,0,3,2029,k=20,0.7532075471698113,0.5754885513357058,0.18867924528301888,0.91,0.5263157894736842,0.6791044776119403,0.2777777777777778,0.5277777777777778,0.23869378864765167,0.8145491609638197,0.19492599497540608,0.22486102130580568,0.8785234093666077,10,91,9,43,10.5745689868927,4865104,335,0.6243401206636501,314,171,63,34,208,11,41,2,,,,,,,,,,,,,,,,,,,,,,,,,522,93,153,104
sweep,pima,2,0.8,sweep,0.5,0,3,2029,agr_every=2,0.7786792452830189,0.6782784503315383,0.6037735849056604,0.78,0.5925925925925926,0.7878787878787878,0.5981308411214953,0.6910252195557225,0.23418186604976654,0.5073269984048382,0.20438765207176765,0.21782449172091445,0.3263727128505707,32,78,22,21,6.90388560295105,4865104,344,0.5824220713926596,314,171,63,34,208,11,41,2,,,,,,,,,,,,,,,,,,,,,,,,,522,93,153,104
sweep,pima,2,0.8,sweep,0.5,0,3,2029,agr_every=3,0.759811320754717,0.6727825078101366,0.49056603773584906,0.82,0.5909090909090909,0.7522935779816514,0.5360824742268041,0.6603857347210575,0.2365555614233017,0.9535769470864432,0.19812310038993936,0.21675556294279158,0.48041728138923645,26,82,18,27,7.09732985496521,4865104,333,0.6011814982403219,314,171,63,34,208,11,41,2,,,,,,,,,,,,,,,,,,,,,,,,,522,93,153,104
sweep,pima,2,0.8,sweep,0.5,0,3,2029,agr_every=5,0.7547169811320755,0.6565625737788159,0.5849056603773585,0.76,0.5636363636363636,0.7755102040816326,0.5740740740740741,0.6708754208754208,0.22846725583076477,1.9900604988776114,0.15178066773629145,0.20957720196909374,0.08650760352611542,31,76,24,22,6.619762420654297,4865104,338,0.5411324786324786,314,171,63,34,208,11,41,2,,,,,,,,,,,,,,,,,,,,,,,,,522,93,153,104
sweep,pima,2,0.8,sweep,0.5,0,3,2029,blend=0.0,0.7624528301886793,0.6483643411632686,0.6226415094339622,0.75,0.5689655172413793,0.7894736842105263,0.5945945945945946,0.681912681912682,0.22658269107341766,1.745002890638485,0.1574933241065695,0.22487882384726038,0.08363305032253265,33,75,25,20,6.727245807647705,4865104,340,0.5429864253393666,314,171,63,34,208,11,41,2,,,,,,,,,,,,,,,,,,,,,,,,,522,93,153,104
sweep,pima,2,0.8,sweep,0.5,0,3,2029,blend=0.25,0.7641509433962265,0.6488162024248086,0.6415094339622641,0.74,0.5666666666666667,0.7956989247311828,0.6017699115044248,0.6843046448713834,0.23189540207386017,0.8940194860359595,0.14724769095017815,0.22260371824495157,0.13626405596733093,34,74,26,19,6.416227102279663,4865104,338,0.5539529914529915,314,171,63,34,208,11,41,2,,,,,,,,,,,,,,,,,,,,,,,,,522,93,153,104
sweep,pima,2,0.8,sweep,0.5,0,3,2029,blend=0.5,0.7547169811320755,0.6565625737788159,0.5849056603773585,0.76,0.5636363636363636,0.7755102040816326,0.5740740740740741,0.6708754208754208,0.22846725583076477,1.9900604988776114,0.15178066773629145,0.20957720196909374,0.08650760352611542,31,76,24,22,6.905323505401611,4865104,338,0.5411324786324786,314,171,63,34,208,11,41,2,,,,,,,,,,,,,,,,,,,,,,,,,522,93,153,104
sweep,pima,2,0.8,sweep,0.5,0,3,2029,blend=0.75,0.7669811320754718,0.6612255150516003,0.660377358490566,0.72,0.5555555555555556,0.8,0.603448275862069,0.6806715063520872,0.2320939600467682,1.2426956090937484,0.1535768721390204,0.2308727811072387,0.10183476656675339,35,72,28,18,6.534180402755737,4865104,334,0.5504964806435395,314,171,63,34,208,11,41,2,,,,,,,,,,,,,,,,,,,,,,,,,522,93,153,104
sweep,pima,2,0.8,sweep,0.5,0,3,2029,blend=1.0,0.7756603773584906,0.6912369341689687,0.6037735849056604,0.75,0.5614035087719298,0.78125,0.5818181818181818,0.6735621521335806,0.22347897291183472,1.2939761752118901,0.15309999328318827,0.22130945343158995,0.15248946845531464,32,75,25,21,6.642777681350708,4865104,303,0.545405982905983,314,171,63,34,208,11,41,2,,,,,,,,,,,,,,,,,,,,,,,,,522,93,153,104
sweep,pima,2,0.8,sweep,0.5,0,3,2029,noise_std=0.01,0.749433962264151,0.6366801408390053,0.5094339622641509,0.84,0.627906976744186,0.7636363636363637,0.5625,0.68125,0.2288476824760437,1.9504747180330915,0.15963003167767933,0.20328959759349136,0.26494723558425903,27,84,16,26,6.64260458946228,4865104,342,0.5492395676219206,314,171,63,34,208,11,41,2,,,,,,,,,,,,,,,,,,,,,,,,,522,93,153,104
sweep,pima,2,0.8,sweep,0.5,0,3,2029,noise_std=0.05,0.7547169811320755,0.6565625737788159,0.5849056603773585,0.76,0.5636363636363636,0.7755102040816326,0.5740740740740741,0.6708754208754208,0.22846725583076477,1.9900604988776114,0.15178066773629145,0.20957720196909374,0.08650760352611542,31,76,24,22,7.024046182632446,4865104,338,0.5411324786324786,314,171,63,34,208,11,41,2,,,,,,,,,,,,,,,,,,,,,,,,,522,93,153,104
sweep,pima,2,0.8,sweep,0.5,0,3,2029,noise_std=0.1,0.7632075471698114,0.6465704160578025,0.6792452830188679,0.67,0.5217391304347826,0.7976190476190477,0.5901639344262295,0.6592124019957235,0.2460811287164688,0.779244801257985,0.14204861147536124,0.2545039198586559,0.05022810399532318,36,67,33,17,6.8621985912323,4865104,341,0.5575980392156863,314,171,63,34,208,11,41,2,,,,,,,,,,,,,,,,,,,,,,,,,522,93,153,104
sweep,pima,2,0.8,sweep,0.5,0,3,2029,eta=0.2,0.7749056603773585,0.6494072219124589,0.5849056603773585,0.8,0.6078431372549019,0.7843137254901961,0.5961538461538461,0.6941165270373191,0.24894621968269348,0.10493411202582802,0.14063207327160407,0.24693062598969226,0.5138418078422546,31,80,20,22,6.534715414047241,4865104,305,0.5702928607340372,314,171,63,34,208,11,41,2,,,,,,,,,,,,,,,,,,,,,,,,,522,93,153,104
sweep,pima,2,0.8,sweep,0.5,0,3,2029,eta=0.5,0.770566037735849,0.6572399485394073,0.5283018867924528,0.8,0.5833333333333334,0.7619047619047619,0.5544554455445545,0.6674716252113017,0.24441379308700562,0.7819732325319461,0.15224114630551222,0.24278410796222147,0.4354351758956909,28,80,20,25,6.523663520812988,4865104,346,0.5589492207139266,314,171,63,34,208,11,41,2,,,,,,,,,,,,,,,,,,,,,,,,,522,93,153,104
sweep,pima,2,0.8,sweep,0.5,0,3,2029,eta=0.8,0.7547169811320755,0.6565625737788159,0.5849056603773585,0.76,0.5636363636363636,0.7755102040816326,0.5740740740740741,0.6708754208754208,0.22846725583076477,1.9900604988776114,0.15178066773629145,0.20957720196909374,0.08650760352611542,31,76,24,22,6.822084903717041,4865104,338,0.5411324786324786,314,171,63,34,208,11,41,2,,,,,,,,,,,,,,,,,,,,,,,,,522,93,153,104
sweep,pima,2,0.8,sweep,0.5,0,3,2029,eta=1.0,0.7771698113207547,0.6637988362042063,0.5849056603773585,0.8,0.6078431372549019,0.7843137254901961,0.5961538461538461,0.6941165270373191,0.24026374518871307,-0.39234883757599753,0.12746501805876612,0.25124120519319976,0.6695409417152405,31,80,20,22,7.491453647613525,4865104,328,0.5553355957767723,314,171,63,34,208,11,41,2,,,,,,,,,,,,,,,,,,,,,,,,,522,93,153,104
sweep,pima,2,0.8,sweep,0.5,0,3,2029,rounds=5,0.7622641509433962,0.6344868076107654,0.41509433962264153,0.89,0.6666666666666666,0.7416666666666667,0.5116279069767442,0.6603594080338266,0.2524394690990448,0.5108953218655423,0.18061632765441,0.24828513326987722,0.9253015518188477,22,89,11,31,3.7259981632232666,2468464,190,0.5913147310206134,314,171,63,34,208,11,41,2,,,,,,,,,,,,,,,,,,,,,,,,,522,93,153,104
sweep,pima,2,0.8,sweep,0.5,0,3,2029,rounds=10,0.7547169811320755,0.6565625737788159,0.5849056603773585,0.76,0.5636363636363636,0.7755102040816326,0.5740740740740741,0.6708754208754208,0.22846725583076477,1.9900604988776114,0.15178066773629145,0.20957720196909374,0.08650760352611542,31,76,24,22,6.592517375946045,4865104,338,0.5411324786324786,314,171,63,34,208,11,41,2,,,,,,,,,,,,,,,,,,,,,,,,,522,93,153,104
sweep,pima,2,0.8,sweep,0.5,0,3,2029,rounds=20,0.7939622641509434,0.6525849625631055,0.4528301886792453,0.89,0.6857142857142857,0.7542372881355932,0.5454545454545454,0.6809841534612177,0.2342536747455597,-0.22034302098586506,0.18595607152376034,0.2249727086498846,0.9399346113204956,24,89,11,29,12.274177074432373,9658384,361,0.5895864756158874,314,171,63,34,208,11,41,2,,,,,,,,,,,,,,,,,,,,,,,,,522,93,153,104
sweep,pima,2,0.8,sweep,0.5,0,4,2030,tau0=0.8,0.879245283018868,0.7879309124376387,0.7735849056603774,0.8,0.6721311475409836,0.8695652173913043,0.7192982456140351,0.7763157894736843,0.15924879908561707,0.4048173380121198,0.288801281858687,0.1499508619795438,0.13925322890281677,41,80,20,12,6.663508653640747,4865104,406,0.5754776269482151,149,115,30,23,373,67,74,13,,,,,,,,,,,,,,,,,,,,,,,,,522,93,153,104
sweep,pima,2,0.8,sweep,0.5,0,4,2030,tau0=0.85,0.8624528301886792,0.7531774404040993,0.8490566037735849,0.7,0.6,0.8974358974358975,0.703125,0.7448209269662922,0.18376049399375916,-0.6532035364744952,0.20641518397125472,0.18506568081043906,0.049102868884801865,45,70,30,8,6.870405435562134,4865104,399,0.5878267973856209,149,115,30,23,373,67,74,13,,,,,,,,,,,,,,,,,,,,,,,,,522,93,153,104
sweep,pima,2,0.8,sweep,0.5,0,4,2030,tau0=0.9,0.8643396226415094,0.7686585701735196,0.6415094339622641,0.92,0.8095238095238095,0.8288288288288288,0.7157894736842105,0.7939136941880769,0.1660265177488327,0.7744617134801347,0.22787691000545782,0.17045808986462407,0.8601471185684204,34,92,8,19,6.779550075531006,4865104,394,0.583239064856712,149,115,30,23,373,67,74,13,,,,,,,,,,,,,,,,,,,,,,,,,522,93,153,104
sweep,pima,2,0.8,sweep,0.5,0,4,2030,tau0=0.95,0.8639622641509435,0.7755991547878749,0.7547169811320755,0.8,0.6666666666666666,0.8602150537634409,0.7079646017699115,0.7684900729056812,0.17548036575317383,0.39920533334800634,0.26796776104233416,0.16175111252327568,0.12586146593093872,40,80,20,13,6.560292720794678,4865104,381,0.5759175465057819,149,115,30,23,373,67,74,13,,,,,,,,,,,,,,,,,,,,,,,,,522,93,153,104
sweep,pima,2,0.8,sweep,0.5,0,4,2030,tau_decay=0.0,0.8747169811320754,0.778342983529777,0.7735849056603774,0.82,0.6949152542372882,0.8723404255319149,0.7321428571428571,0.7887518409425626,0.17050668597221375,0.4070458015627931,0.25099797306163896,0.18022482419763905,0.09417223185300827,41,82,18,12,6.770181179046631,4865104,212,0.5515020110608345,149,115,30,23,373,67,74,13,,,,,,,,,,,,,,,,,,,,,,,,,522,93,153,104
sweep,pima,2,0.8,sweep,0.5,0,4,2030,tau_decay=0.03,0.8643396226415094,0.7686585701735196,0.6415094339622641,0.92,0.8095238095238095,0.8288288288288288,0.7157894736842105,0.7939136941880769,0.1660265177488327,0.7744617134801347,0.22787691000545782,0.17045808986462407,0.8601471185684204,34,92,8,19,6.703497648239136,4865104,394,0.583239064856712,149,115,30,23,373,67,74,13,,,,,,,,,,,,,,,,,,,,,,,,,522,93,153,104
sweep,pima,2,0.8,sweep,0.5,0,4,2030,tau_decay=0.1,0.8656603773584906,0.7795692545653145,0.5660377358490566,0.94,0.8333333333333334,0.8034188034188035,0.6741573033707865,0.7702583751876975,0.16341076791286469,0.7767287139938225,0.30649016341592755,0.1512143072714798,0.8897157907485962,30,94,6,23,6.885051488876343,4865104,400,0.5683132227249874,149,115,30,23,373,67,74,13,,,,,,,,,,,,,,,,,,,,,,,,,522,93,153,104
sweep,pima,2,0.8,sweep,0.5,0,4,2030,k=5,0.8376415094339622,0.736842277089562,0.5471698113207547,0.88,0.7073170731707317,0.7857142857142857,0.6170212765957447,0.7236049779205138,0.19390352070331573,0.35025231857356093,0.19355959733290326,0.1811581056297215,0.8607489466667175,29,88,12,24,4.9804158210754395,4865104,381,0.5939228255404727,149,115,30,23,373,67,74,13,,,,,,,,,,,,,,,,,,,,,,,,,522,93,153,104
sweep,pima,2,0.8,sweep,0.5,0,4,2030,k=10,0.8643396226415094,0.7686585701735196,0.6415094339622641,0.92,0.8095238095238095,0.8288288288288288,0.7157894736842105,0.7939136941880769,0.1660265177488327,0.7744617134801347,0.22787691000545782,0.17045808986462407,0.8601471185684204,34,92,8,19,6.809741497039795,4865104,394,0.583239064856712,149,115,30,23,373,67,74,13,,,,,,,,,,,,,,,,,,,,,,,,,522,93,153,104
sweep,pima,2,0.8,sweep,0.5,0,4,2030,k=15,0.860943396226415,0.7625253397305409,0.9245283018867925,0.57,0.532608695652174,0.9344262295081968,0.6758620689655173,0.691968301563504,0.17097339034080505,-0.4085469087251246,0.27621934449022406,0.14607153660039496,0.026545772328972816,49,57,43,4,8.991059303283691,4865104,408,0.6341126194067371,149,115,30,23,373,67,74,13,,,,,,,,,,,,,,,,,,,,,,,,,522,93,153,104
sweep,pima,2,0.8,sweep,0.5,0,4,2030,k=20,0.8328301886792453,0.7410365682552847,0.7735849056603774,0.67,0.5540540540540541,0.8481012658227848,0.6456692913385826,0.697136321646945,0.17834250628948212,-0.29365151055832306,0.32722271612693227,0.16321397048049893,0.18768852949142456,41,67,33,12,10.916131258010864,4865104,401,0.6392031171442937,149,115,30,23,373,67,74,13,,,,,,,,,,,,,,,,,,,,,,,,,522,93,153,104
sweep,pima,2,0.8,sweep,0.5,0,4,2030,agr_every=2,0.8647169811320754,0.7577796306407398,0.7358490566037735,0.83,0.6964285714285714,0.8556701030927835,0.7155963302752294,0.7791179620919294,0.17420370876789093,-0.7176158576845657,0.25794154361698624,0.16210975282478562,0.5674837231636047,39,83,17,14,6.757791996002197,4865104,371,0.5947712418300654,149,115,30,23,373,67,74,13,,,,,,,,,,,,,,,,,,,,,,,,,522,93,153,104
sweep,pima,2,0.8,sweep,0.5,0,4,2030,agr_every=3,0.8805660377358491,0.7760043285045782,0.7924528301886793,0.75,0.6268656716417911,0.872093023255814,0.7,0.7532258064516129,0.16839057207107544,0.47283538153271076,0.2885590156634051,0.15923107576136497,0.058083292096853256,42,75,25,11,7.118529558181763,4865104,376,0.5598919054801408,149,115,30,23,373,67,74,13,,,,,,,,,,,,,,,,,,,,,,,,,522,93,153,104
sweep,pima,2,0.8,sweep,0.5,0,4,2030,agr_every=5,0.8643396226415094,0.7686585701735196,0.6415094339622641,0.92,0.8095238095238095,0.8288288288288288,0.7157894736842105,0.7939136941880769,0.1660265177488327,0.7744617134801347,0.22787691000545782,0.17045808986462407,0.8601471185684204,34,92,8,19,6.6219642162323,4865104,394,0.583239064856712,149,115,30,23,373,67,74,13,,,,,,,,,,,,,,,,,,,,,,,,,522,93,153,104
sweep,pima,2,0.8,sweep,0.5,0,4,2030,blend=0.0,0.8691509433962263,0.772108930000647,0.8679245283018868,0.74,0.6388888888888888,0.9135802469135802,0.736,0.7768397790055248,0.1644878089427948,1.144566624842847,0.21162145227048776,0.15208383448105425,0.014203364960849285,46,74,26,7,6.948517799377441,4865104,404,0.5686588738059326,149,115,30,23,373,67,74,13,,,,,,,,,,,,,,,,,,,,,,,,,522,93,153,104
sweep,pima,2,0.8,sweep,0.5,0,4,2030,blend=0.25,0.868679245283019,0.770906629146219,0.8679245283018868,0.74,0.6388888888888888,0.9135802469135802,0.736,0.7768397790055248,0.16548556089401245,1.2899652790670053,0.22462950888997513,0.1664104043853049,0.01464091520756483,46,74,26,7,6.526472330093384,4865104,403,0.5694758672699849,149,115,30,23,373,67,74,13,,,,,,,,,,,,,,,,,,,,,,,,,522,93,153,104
sweep,pima,2,0.8,sweep,0.5,0,4,2030,blend=0.5,0.8643396226415094,0.7686585701735196,0.6415094339622641,0.92,0.8095238095238095,0.8288288288288288,0.7157894736842105,0.7939136941880769,0.1660265177488327,0.7744617134801347,0.22787691000545782,0.17045808986462407,0.8601471185684204,34,92,8,19,7.0741894245147705,4865104,394,0.583239064856712,149,115,30,23,373,67,74,13,,,,,,,,,,,,,,,,,,,,,,,,,522,93,153,104
sweep,pima,2,0.8,sweep,0.5,0,4,2030,blend=0.75,0.8750943396226415,0.7760551353612613,0.8113207547169812,0.8,0.6825396825396826,0.8888888888888888,0.7413793103448276,0.7917422867513612,0.16556422412395477,1.5901840612293023,0.25193746417989304,0.1630303030285765,0.030787641182541847,43,80,20,10,6.398157358169556,4865104,373,0.5544243338360986,149,115,30,23,373,67,74,13,,,,,,,,,,,,,,,,,,,,,,,,,522,93,153,104
sweep,pima,2,0.8,sweep,0.5,0,4,2030,blend=1.0,0.8652830188679245,0.7814953118503766,0.6981132075471698,0.85,0.7115384615384616,0.8415841584158416,0.7047619047619048,0.7752665245202559,0.16266527771949768,1.422071591857254,0.2700099386595813,0.14610004367830318,0.15087974071502686,37,85,15,16,6.576489210128784,4865104,345,0.5737493715434892,149,115,30,23,373,67,74,13,,,,,,,,,,,,,,,,,,,,,,,,,522,93,153,104
sweep,pima,2,0.8,sweep,0.5,0,4,2030,noise_std=0.01,0.8744339622641509,0.7739702875467076,0.6226415094339622,0.92,0.8048780487804879,0.8214285714285714,0.7021276595744681,0.7850260939381775,0.16035979986190796,1.51996733658895,0.2517904543643358,0.1636676306172816,0.6647125482559204,33,92,8,20,6.768477201461792,4865104,395,0.5603946706887883,149,115,30,23,373,67,74,13,,,,,,,,,,,,,,,,,,,,,,,,,522,93,153,104
sweep,pima,2,0.8,sweep,0.5,0,4,2030,noise_std=0.05,0.8643396226415094,0.7686585701735196,0.6415094339622641,0.92,0.8095238095238095,0.8288288288288288,0.7157894736842105,0.7939136941880769,0.1660265177488327,0.7744617134801347,0.22787691000545782,0.17045808986462407,0.8601471185684204,34,92,8,19,7.463627338409424,4865104,394,0.583239064856712,149,115,30,23,373,67,74,13,,,,,,,,,,,,,,,,,,,,,,,,,522,93,153,104
sweep,pima,2,0.8,sweep,0.5,0,4,2030,noise_std=0.1,0.8733962264150944,0.7867752039098319,0.5849056603773585,0.92,0.7948717948717948,0.8070175438596491,0.6739130434782609,0.7668630637952052,0.16135196387767792,0.980481134435323,0.24411124990164115,0.1468225337254504,0.8412521481513977,31,92,8,22,6.656538248062134,4865104,392,0.5684389140271494,149,115,30,23,373,67,74,13,,,,,,,,,,,,,,,,,,,,,,,,,522,93,153,104
sweep,pima,2,0.8,sweep,0.5,0,4,2030,eta=0.2,0.870188679245283,0.7776232316108962,0.8113207547169812,0.79,0.671875,0.8876404494382022,0.7350427350427351,0.7855107855107855,0.15716955065727234,0.8940173351044646,0.3319484261194154,0.14785751163521235,0.07961174100637436,43,79,21,10,6.938275575637817,4865104,383,0.5846530920060331,149,115,30,23,373,67,74,13,,,,,,,,,,,,,,,,,,,,,,,,,522,93,153,104
sweep,pima,2,0.8,sweep,0.5,0,4,2030,eta=0.5,0.8715094339622641,0.7881988473280297,0.8679245283018868,0.75,0.647887323943662,0.9146341463414634,0.7419354838709677,0.7830556540233959,0.16074249148368835,1.3531973575865492,0.3006755371995463,0.15694808597779936,0.023435140028595924,46,75,25,7,6.982264995574951,4865104,387,0.5740007541478129,149,115,30,23,373,67,74,13,,,,,,,,,,,,,,,,,,,,,,,,,522,93,153,104
sweep,pima,2,0.8,sweep,0.5,0,4,2030,eta=0.8,0.8643396226415094,0.7686585701735196,0.6415094339622641,0.92,0.8095238095238095,0.8288288288288288,0.7157894736842105,0.7939136941880769,0.1660265177488327,0.7744617134801347,0.22787691000545782,0.17045808986462407,0.8601471185684204,34,92,8,19,6.9836266040802,4865104,394,0.583239064856712,149,115,30,23,373,67,74,13,,,,,,,,,,,,,,,,,,,,,,,,,522,93,153,104
sweep,pima,2,0.8,sweep,0.5,0,4,2030,eta=1.0,0.8724528301886793,0.778302070921924,0.8113207547169812,0.77,0.6515151515151515,0.8850574712643678,0.7226890756302521,0.7731092436974789,0.15809932351112366,0.8942529495663235,0.29705311395243333,0.15725427281014087,0.053487371653318405,43,77,23,10,6.883802652359009,4865104,393,0.5778971845148316,149,115,30,23,373,67,74,13,,,,,,,,,,,,,,,,,,,,,,,,,522,93,153,104
sweep,pima,2,0.8,sweep,0.5,0,4,2030,rounds=5,0.8824528301886793,0.7683368521738719,0.7358490566037735,0.84,0.7090909090909091,0.8571428571428571,0.7222222222222222,0.7853535353535354,0.15460874140262604,-0.9906277530043067,0.35936668183955767,0.1287027885954754,0.5477847456932068,39,84,16,14,3.6135354042053223,2468464,212,0.5560897435897436,149,115,30,23,373,67,74,13,,,,,,,,,,,,,,,,,,,,,,,,,522,93,153,104
sweep,pima,2,0.8,sweep,0.5,0,4,2030,rounds=10,0.8643396226415094,0.7686585701735196,0.6415094339622641,0.92,0.8095238095238095,0.8288288288288288,0.7157894736842105,0.7939136941880769,0.1660265177488327,0.7744617134801347,0.22787691000545782,0.17045808986462407,0.8601471185684204,34,92,8,19,6.607212781906128,4865104,394,0.583239064856712,149,115,30,23,373,67,74,13,,,,,,,,,,,,,,,,,,,,,,,,,522,93,153,104
sweep,pima,2,0.8,sweep,0.5,0,4,2030,rounds=20,0.8885849056603774,0.7938160947219607,0.6415094339622641,0.87,0.723404255319149,0.8207547169811321,0.68,0.7623300970873786,0.17204716801643372,-0.43879055164414904,0.22299000663759252,0.1665513977816243,0.8525643348693848,34,87,13,19,12.951348781585693,9658384,398,0.5891779788838611,149,115,30,23,373,67,74,13,,,,,,,,,,,,,,,,,,,,,,,,,522,93,153,104
sweep,pima,2,0.8,sweep,0.5,1,0,3026,tau0=0.8,0.7361111111111112,0.6012346668514671,0.7592592592592593,0.62,0.5189873417721519,0.8266666666666667,0.6165413533834586,0.6625563909774436,0.2578452527523041,-0.35337184564780744,0.21271130605326008,0.24708187212417654,0.17915579676628113,41,62,38,13,7.034015417098999,4865104,319,0.5829795204795205,100,5,20,1,421,177,84,35,,,,,,,,,,,,,,,,,,,,,,,,,521,93,154,104
sweep,pima,2,0.8,sweep,0.5,1,0,3026,tau0=0.85,0.7640740740740741,0.6430936705733921,0.9074074074074074,0.44,0.4666666666666667,0.8979591836734694,0.6163522012578616,0.6034781140517496,0.25889959931373596,-1.4329475236787899,0.16725109002971772,0.2677153025257897,0.007543145678937435,49,44,56,5,6.94996452331543,4865104,320,0.5896915584415584,100,5,20,1,421,177,84,35,,,,,,,,,,,,,,,,,,,,,,,,,521,93,154,104
sweep,pima,2,0.8,sweep,0.5,1,0,3026,tau0=0.9,0.7425925925925926,0.6364506189285075,0.6851851851851852,0.63,0.5,0.7875,0.578125,0.6390625,0.25533801317214966,-0.0018908739394860375,0.15136874472738046,0.23647151869878946,0.11644705384969711,37,63,37,17,6.668599367141724,4865104,308,0.6037087912087912,100,5,20,1,421,177,84,35,,,,,,,,,,,,,,,,,,,,,,,,,521,93,154,104
sweep,pima,2,0.8,sweep,0.5,1,0,3026,tau0=0.95,0.7542592592592593,0.6444595051689079,0.6296296296296297,0.75,0.576271186440678,0.7894736842105263,0.6017699115044248,0.685500340367597,0.2505726218223572,0.19707901992799468,0.14780363614862635,0.23819352519492823,0.23521535098552704,34,75,25,20,6.780749797821045,4865104,274,0.5812312687312687,100,5,20,1,421,177,84,35,,,,,,,,,,,,,,,,,,,,,,,,,521,93,154,104
sweep,pima,2,0.8,sweep,0.5,1,0,3026,tau_decay=0.0,0.7951851851851851,0.6893550862803619,0.8518518518518519,0.6,0.5348837209302325,0.8823529411764706,0.6571428571428571,0.6857142857142857,0.21714988350868225,0.5837067867996637,0.19804317751354855,0.21049723325466568,0.018673336133360863,46,60,40,8,6.55997109413147,4865104,80,0.5572864635364635,100,5,20,1,421,177,84,35,,,,,,,,,,,,,,,,,,,,,,,,,521,93,154,104
sweep,pima,2,0.8,sweep,0.5,1,0,3026,tau_decay=0.03,0.7425925925925926,0.6364506189285075,0.6851851851851852,0.63,0.5,0.7875,0.578125,0.6390625,0.25533801317214966,-0.0018908739394860375,0.15136874472738046,0.23647151869878946,0.11644705384969711,37,63,37,17,6.820533514022827,4865104,308,0.6037087912087912,100,5,20,1,421,177,84,35,,,,,,,,,,,,,,,,,,,,,,,,,521,93,154,104
sweep,pima,2,0.8,sweep,0.5,1,0,3026,tau_decay=0.1,0.8146296296296296,0.6999010024867377,0.6666666666666666,0.76,0.6,0.8085106382978723,0.631578947368421,0.7075420510037982,0.21501204371452332,-1.1981513407111235,0.23689221656708348,0.2043891999048072,0.5897420048713684,36,76,24,18,6.5801684856414795,4865104,315,0.5756118881118881,100,5,20,1,421,177,84,35,,,,,,,,,,,,,,,,,,,,,,,,,521,93,154,104
sweep,pima,2,0.8,sweep,0.5,1,0,3026,k=5,0.7813888888888889,0.6493980594596651,0.6666666666666666,0.71,0.5538461538461539,0.797752808988764,0.6050420168067226,0.678182384064737,0.27182307839393616,-3.1326563000743897,0.1275043919189974,0.28510040307550555,0.8377532958984375,36,71,29,18,4.946721076965332,4865104,288,0.5560689310689311,100,5,20,1,421,177,84,35,,,,,,,,,,,,,,,,,,,,,,,,,521,93,154,104
sweep,pima,2,0.8,sweep,0.5,1,0,3026,k=10,0.7425925925925926,0.6364506189285075,0.6851851851851852,0.63,0.5,0.7875,0.578125,0.6390625,0.25533801317214966,-0.0018908739394860375,0.15136874472738046,0.23647151869878946,0.11644705384969711,37,63,37,17,7.002092123031616,4865104,308,0.6037087912087912,100,5,20,1,421,177,84,35,,,,,,,,,,,,,,,,,,,,,,,,,521,93,154,104
sweep,pima,2,0.8,sweep,0.5,1,0,3026,k=15,0.7907407407407407,0.6944530844238923,0.6666666666666666,0.74,0.5806451612903226,0.8043478260869565,0.6206896551724138,0.6957614942528736,0.22427581250667572,0.5652091125431096,0.19217514689153825,0.21456471066196242,0.18897181749343872,36,74,26,18,9.008954286575317,4865104,311,0.5895666833166833,100,5,20,1,421,177,84,35,,,,,,,,,,,,,,,,,,,,,,,,,521,93,154,104
sweep,pima,2,0.8,sweep,0.5,1,0,3026,k=20,0.7801851851851853,0.6675359556111669,0.48148148148148145,0.88,0.6842105263157895,0.7586206896551724,0.5652173913043478,0.6900161030595813,0.2115103006362915,1.0034744985742923,0.2049880795290987,0.2045986995270306,0.5788792967796326,26,88,12,28,11.566084384918213,4865104,311,0.5763923576423576,100,5,20,1,421,177,84,35,,,,,,,,,,,,,,,,,,,,,,,,,521,93,154,104
sweep,pima,2,0.8,sweep,0.5,1,0,3026,agr_every=2,0.7661111111111112,0.660615826012214,0.6666666666666666,0.7,0.5454545454545454,0.7954545454545454,0.6,0.6723404255319149,0.22644464671611786,-0.20010002378718583,0.22678868401197294,0.19340618384106978,0.2754829227924347,36,70,30,18,7.199278354644775,4865104,334,0.6419517982017983,100,5,20,1,421,177,84,35,,,,,,,,,,,,,,,,,,,,,,,,,521,93,154,104
sweep,pima,2,0.8,sweep,0.5,1,0,3026,agr_every=3,0.8307407407407408,0.7304939334663905,0.8888888888888888,0.55,0.5161290322580645,0.9016393442622951,0.6530612244897959,0.6681455190771961,0.20464830100536346,-1.4676115191280075,0.20331403910944204,0.19770899609747258,0.025756334885954857,48,55,45,6,6.5456976890563965,4865104,329,0.5716471028971029,100,5,20,1,421,177,84,35,,,,,,,,,,,,,,,,,,,,,,,,,521,93,154,104
sweep,pima,2,0.8,sweep,0.5,1,0,3026,agr_every=5,0.7425925925925926,0.6364506189285075,0.6851851851851852,0.63,0.5,0.7875,0.578125,0.6390625,0.25533801317214966,-0.0018908739394860375,0.15136874472738046,0.23647151869878946,0.11644705384969711,37,63,37,17,6.936315298080444,4865104,308,0.6037087912087912,100,5,20,1,421,177,84,35,,,,,,,,,,,,,,,,,,,,,,,,,521,93,154,104
sweep,pima,2,0.8,sweep,0.5,1,0,3026,blend=0.0,0.7677777777777778,0.6602279681809275,0.7592592592592593,0.64,0.5324675324675324,0.8311688311688312,0.6259541984732825,0.674559020140596,0.24552887678146362,-0.19868190136815023,0.16096970506071656,0.22227014854018176,0.08854694664478302,41,64,36,13,6.557847023010254,4865104,308,0.5917207792207793,100,5,20,1,421,177,84,35,,,,,,,,,,,,,,,,,,,,,,,,,521,93,154,104
sweep,pima,2,0.8,sweep,0.5,1,0,3026,blend=0.25,0.7761111111111111,0.6723426927220447,0.7777777777777778,0.61,0.5185185185185185,0.8356164383561644,0.6222222222222222,0.6637122671804753,0.2507496178150177,-1.0430829796813952,0.15336448492786758,0.24788298734838699,0.08501636236906052,42,61,39,12,7.158525705337524,4865104,307,0.5891296203796205,100,5,20,1,421,177,84,35,,,,,,,,,,,,,,,,,,,,,,,,,521,93,154,104
sweep,pima,2,0.8,sweep,0.5,1,0,3026,blend=0.5,0.7425925925925926,0.6364506189285075,0.6851851851851852,0.63,0.5,0.7875,0.578125,0.6390625,0.25533801317214966,-0.0018908739394860375,0.15136874472738046,0.23647151869878946,0.11644705384969711,37,63,37,17,6.497520923614502,4865104,308,0.6037087912087912,100,5,20,1,421,177,84,35,,,,,,,,,,,,,,,,,,,,,,,,,521,93,154,104
sweep,pima,2,0.8,sweep,0.5,1,0,3026,blend=0.75,0.7611111111111111,0.6569074516645703,0.7592592592592593,0.61,0.5125,0.8243243243243243,0.6119402985074627,0.6565448618974095,0.24886411428451538,0.2531207314899774,0.16413383047594482,0.24272065857643044,0.04159330949187279,41,61,39,13,6.894142150878906,4865104,306,0.5856955544455544,100,5,20,1,421,177,84,35,,,,,,,,,,,,,,,,,,,,,,,,,521,93,154,104
sweep,pima,2,0.8,sweep,0.5,1,0,3026,blend=1.0,0.7494444444444444,0.6534593329021289,0.4444444444444444,0.85,0.6153846153846154,0.7391304347826086,0.5161290322580645,0.6534133533383346,0.243958979845047,0.6434473923493429,0.17378056911655335,0.2205531093981359,0.6497890949249268,24,85,15,30,6.794873237609863,4865104,297,0.5978396603396603,100,5,20,1,421,177,84,35,,,,,,,,,,,,,,,,,,,,,,,,,521,93,154,104
sweep,pima,2,0.8,sweep,0.5,1,0,3026,noise_std=0.01,0.7574074074074074,0.630956173074153,0.7777777777777778,0.58,0.5,0.8285714285714286,0.6086956521739131,0.6455242966751918,0.2632666230201721,-0.9357577113480035,0.15041293980049467,0.2512031341237681,0.07755548506975174,42,58,42,12,7.732390880584717,4865104,308,0.6086101398601399,100,5,20,1,421,177,84,35,,,,,,,,,,,,,,,,,,,,,,,,,521,93,154,104
sweep,pima,2,0.8,sweep,0.5,1,0,3026,noise_std=0.05,0.7425925925925926,0.6364506189285075,0.6851851851851852,0.63,0.5,0.7875,0.578125,0.6390625,0.25533801317214966,-0.0018908739394860375,0.15136874472738046,0.23647151869878946,0.11644705384969711,37,63,37,17,6.658072471618652,4865104,308,0.6037087912087912,100,5,20,1,421,177,84,35,,,,,,,,,,,,,,,,,,,,,,,,,521,93,154,104
sweep,pima,2,0.8,sweep,0.5,1,0,3026,noise_std=0.1,0.7614814814814814,0.6364889736546847,0.8333333333333334,0.55,0.5,0.859375,0.625,0.6478658536585367,0.2544936537742615,-0.10276048117716892,0.1497014455537255,0.2516589458523826,0.02521306276321411,45,55,45,9,6.824022054672241,4865104,307,0.5994005994005994,100,5,20,1,421,177,84,35,,,,,,,,,,,,,,,,,,,,,,,,,521,93,154,104
sweep,pima,2,0.8,sweep,0.5,1,0,3026,eta=0.2,0.7970370370370371,0.6789322238807085,0.7222222222222222,0.69,0.5571428571428572,0.8214285714285714,0.6290322580645161,0.689516129032258,0.22739039361476898,-0.3351251050964661,0.1726154822836797,0.20779166601646643,0.20593911409378052,39,69,31,15,7.100656032562256,4865104,272,0.5835414585414584,100,5,20,1,421,177,84,35,,,,,,,,,,,,,,,,,,,,,,,,,521,93,154,104
sweep,pima,2,0.8,sweep,0.5,1,0,3026,eta=0.5,0.7775925925925926,0.6655014335429481,0.7962962962962963,0.61,0.524390243902439,0.8472222222222222,0.6323529411764706,0.6708276333789329,0.2565269470214844,-0.3010544630895365,0.1461343121559499,0.25721972416360656,0.029285581782460213,43,61,39,11,7.210980653762817,4865104,290,0.5839785214785214,100,5,20,1,421,177,84,35,,,,,,,,,,,,,,,,,,,,,,,,,521,93,154,104
sweep,pima,2,0.8,sweep,0.5,1,0,3026,eta=0.8,0.7425925925925926,0.6364506189285075,0.6851851851851852,0.63,0.5,0.7875,0.578125,0.6390625,0.25533801317214966,-0.0018908739394860375,0.15136874472738046,0.23647151869878946,0.11644705384969711,37,63,37,17,7.138893365859985,4865104,308,0.6037087912087912,100,5,20,1,421,177,84,35,,,,,,,,,,,,,,,,,,,,,,,,,521,93,154,104
sweep,pima,2,0.8,sweep,0.5,1,0,3026,eta=1.0,0.7557407407407408,0.6459520869980189,0.6296296296296297,0.71,0.5396825396825397,0.7802197802197802,0.5811965811965812,0.6623260392893902,0.26113787293434143,-0.35185289904432143,0.15170955586916807,0.2516843222758987,0.3647567629814148,34,71,29,20,6.854378938674927,4865104,314,0.616727022977023,100,5,20,1,421,177,84,35,,,,,,,,,,,,,,,,,,,,,,,,,521,93,154,104
sweep,pima,2,0.8,sweep,0.5,1,0,3026,rounds=5,0.772962962962963,0.6747258106100847,0.8148148148148148,0.5,0.46808510638297873,0.8333333333333334,0.5945945945945946,0.6097972972972974,0.25025543570518494,-1.6521840822720641,0.15791621883748672,0.24870061243025515,0.04260553792119026,44,50,50,10,3.4784176349639893,2468464,43,0.5945929070929071,100,5,20,1,421,177,84,35,,,,,,,,,,,,,,,,,,,,,,,,,521,93,154,104
sweep,pima,2,0.8,sweep,0.5,1,0,3026,rounds=10,0.7425925925925926,0.6364506189285075,0.6851851851851852,0.63,0.5,0.7875,0.578125,0.6390625,0.25533801317214966,-0.0018908739394860375,0.15136874472738046,0.23647151869878946,0.11644705384969711,37,63,37,17,7.0617451667785645,4865104,308,0.6037087912087912,100,5,20,1,421,177,84,35,,,,,,,,,,,,,,,,,,,,,,,,,521,93,154,104
sweep,pima,2,0.8,sweep,0.5,1,0,3026,rounds=20,0.7583333333333334,0.6114465256380736,0.7962962962962963,0.65,0.5512820512820513,0.8552631578947368,0.6515151515151515,0.6950757575757576,0.23811261355876923,-0.15414119108408958,0.1509239198319082,0.24258661414073274,0.029872754588723183,43,65,35,11,12.873990058898926,9658384,374,0.6111388611388611,100,5,20,1,421,177,84,35,,,,,,,,,,,,,,,,,,,,,,,,,521,93,154,104
sweep,pima,2,0.8,sweep,0.5,1,1,3027,tau0=0.8,0.7935185185185185,0.6592030996631244,0.7407407407407407,0.68,0.5555555555555556,0.8292682926829268,0.6349206349206349,0.6910866910866911,0.24652235209941864,1.5059975971611983,0.22232104096823913,0.22880107631253727,0.02413603849709034,40,68,32,14,6.633868932723999,4865104,374,0.5541743970315399,267,163,54,33,254,19,51,4,,,,,,,,,,,,,,,,,,,,,,,,,521,93,154,105
sweep,pima,2,0.8,sweep,0.5,1,1,3027,tau0=0.85,0.7909259259259259,0.6620820160385044,0.7407407407407407,0.65,0.5333333333333333,0.8227848101265823,0.6201550387596899,0.6732060109999567,0.23606671392917633,2.3536645990744343,0.23128533552430422,0.2155733925786305,0.010817969217896461,40,65,35,14,6.743074417114258,4865104,373,0.5363017934446506,267,163,54,33,254,19,51,4,,,,,,,,,,,,,,,,,,,,,,,,,521,93,154,105
sweep,pima,2,0.8,sweep,0.5,1,1,3027,tau0=0.9,0.820925925925926,0.6893702063159732,0.8518518518518519,0.67,0.5822784810126582,0.8933333333333333,0.6917293233082706,0.7287218045112782,0.23068057000637054,0.9674050014820328,0.18989122278591472,0.23038587833500723,0.012343335896730423,46,67,33,8,6.521550178527832,4865104,358,0.5230364873222016,267,163,54,33,254,19,51,4,,,,,,,,,,,,,,,,,,,,,,,,,521,93,154,105
sweep,pima,2,0.8,sweep,0.5,1,1,3027,tau0=0.95,0.8094444444444445,0.6769346261782382,0.7037037037037037,0.72,0.5757575757575758,0.8181818181818182,0.6333333333333333,0.699645390070922,0.22523172199726105,1.3093972958487246,0.2470965554769113,0.21812422094600542,0.07123599201440811,38,72,28,16,6.594752550125122,4865104,325,0.5228818800247372,267,163,54,33,254,19,51,4,,,,,,,,,,,,,,,,,,,,,,,,,521,93,154,105
sweep,pima,2,0.8,sweep,0.5,1,1,3027,tau_decay=0.0,0.8177777777777778,0.6814584529809821,0.7777777777777778,0.7,0.5833333333333334,0.8536585365853658,0.6666666666666666,0.717948717948718,0.23533743619918823,-0.30238825422948123,0.17991228757107,0.23451309357225508,0.09048422425985336,42,70,30,12,6.819875478744507,4865104,143,0.5388682745825603,267,163,54,33,254,19,51,4,,,,,,,,,,,,,,,,,,,,,,,,,521,93,154,105
sweep,pima,2,0.8,sweep,0.5,1,1,3027,tau_decay=0.03,0.820925925925926,0.6893702063159732,0.8518518518518519,0.67,0.5822784810126582,0.8933333333333333,0.6917293233082706,0.7287218045112782,0.23068057000637054,0.9674050014820328,0.18989122278591472,0.23038587833500723,0.012343335896730423,46,67,33,8,7.063779830932617,4865104,358,0.5230364873222016,267,163,54,33,254,19,51,4,,,,,,,,,,,,,,,,,,,,,,,,,521,93,154,105
sweep,pima,2,0.8,sweep,0.5,1,1,3027,tau_decay=0.1,0.8074074074074074,0.6523063849784101,0.8333333333333334,0.68,0.5844155844155844,0.8831168831168831,0.6870229007633588,0.7276922413421314,0.2294863909482956,1.2651776587428267,0.21741268673471348,0.21194728269157087,0.030579831451177597,45,68,32,9,6.7566163539886475,4865104,362,0.5288188002473717,267,163,54,33,254,19,51,4,,,,,,,,,,,,,,,,,,,,,,,,,521,93,154,105
sweep,pima,2,0.8,sweep,0.5,1,1,3027,k=5,0.7977777777777778,0.6446925221539532,0.7962962962962963,0.69,0.581081081081081,0.8625,0.671875,0.7192708333333333,0.24502459168434143,1.5111933843365553,0.22201035219576704,0.23473600319937446,0.034793686121702194,43,69,31,11,5.344996690750122,4865104,331,0.5414347557204701,267,163,54,33,254,19,51,4,,,,,,,,,,,,,,,,,,,,,,,,,521,93,154,105
sweep,pima,2,0.8,sweep,0.5,1,1,3027,k=10,0.820925925925926,0.6893702063159732,0.8518518518518519,0.67,0.5822784810126582,0.8933333333333333,0.6917293233082706,0.7287218045112782,0.23068057000637054,0.9674050014820328,0.18989122278591472,0.23038587833500723,0.012343335896730423,46,67,33,8,6.893993377685547,4865104,358,0.5230364873222016,267,163,54,33,254,19,51,4,,,,,,,,,,,,,,,,,,,,,,,,,521,93,154,105
sweep,pima,2,0.8,sweep,0.5,1,1,3027,k=15,0.787962962962963,0.6215238902309774,0.6111111111111112,0.74,0.559322033898305,0.7789473684210526,0.584070796460177,0.671522577717268,0.24541346728801727,1.333950490646127,0.21527655953149866,0.2201102494274254,0.15724892914295197,33,74,26,21,8.545494318008423,4865104,364,0.5478664192949907,267,163,54,33,254,19,51,4,,,,,,,,,,,,,,,,,,,,,,,,,521,93,154,105
sweep,pima,2,0.8,sweep,0.5,1,1,3027,k=20,0.7981481481481482,0.652765435603685,0.6666666666666666,0.74,0.5806451612903226,0.8043478260869565,0.6206896551724138,0.6957614942528736,0.2399783432483673,1.5551289378919175,0.22513876832384075,0.22814627372744406,0.07180009037256241,36,74,26,18,10.815322637557983,4865104,364,0.5431972789115647,267,163,54,33,254,19,51,4,,,,,,,,,,,,,,,,,,,,,,,,,521,93,154,105
sweep,pima,2,0.8,sweep,0.5,1,1,3027,agr_every=2,0.8037037037037037,0.6417858270212616,0.7037037037037037,0.75,0.6031746031746031,0.8241758241758241,0.6495726495726496,0.7174564818543876,0.22725966572761536,-0.8590101472973778,0.16451182928778368,0.22639267643695912,0.34220942854881287,38,75,25,16,6.712549209594727,4865104,351,0.5378169449598021,267,163,54,33,254,19,51,4,,,,,,,,,,,,,,,,,,,,,,,,,521,93,154,105
sweep,pima,2,0.8,sweep,0.5,1,1,3027,agr_every=3,0.8112962962962963,0.6647298671859991,0.8148148148148148,0.65,0.5569620253164557,0.8666666666666667,0.6616541353383458,0.7022556390977444,0.23313085734844208,-0.4194690192429366,0.21042659036533534,0.2322201738738781,0.040170468389987946,44,65,35,10,6.6136229038238525,4865104,341,0.49378478664192954,267,163,54,33,254,19,51,4,,,,,,,,,,,,,,,,,,,,,,,,,521,93,154,105
sweep,pima,2,0.8,sweep,0.5,1,1,3027,agr_every=5,0.820925925925926,0.6893702063159732,0.8518518518518519,0.67,0.5822784810126582,0.8933333333333333,0.6917293233082706,0.7287218045112782,0.23068057000637054,0.9674050014820328,0.18989122278591472,0.23038587833500723,0.012343335896730423,46,67,33,8,7.004570960998535,4865104,358,0.5230364873222016,267,163,54,33,254,19,51,4,,,,,,,,,,,,,,,,,,,,,,,,,521,93,154,105
sweep,pima,2,0.8,sweep,0.5,1,1,3027,blend=0.0,0.8251851851851852,0.6863703232320839,0.7777777777777778,0.72,0.6,0.8571428571428571,0.6774193548387096,0.7300140252454418,0.22178874909877777,1.7739302235871444,0.22021928269660293,0.20909164561708637,0.0304248183965683,42,72,28,12,6.806751489639282,4865104,359,0.5249536178107608,267,163,54,33,254,19,51,4,,,,,,,,,,,,,,,,,,,,,,,,,521,93,154,105
sweep,pima,2,0.8,sweep,0.5,1,1,3027,blend=0.25,0.8331481481481482,0.7110678950098768,0.8333333333333334,0.67,0.5769230769230769,0.881578947368421,0.6818181818181818,0.7215909090909091,0.21148060262203217,1.2458266475748898,0.1895689747291308,0.19494753043385005,0.009830845519900322,45,67,33,9,7.037936210632324,4865104,359,0.5195114409400123,267,163,54,33,254,19,51,4,,,,,,,,,,,,,,,,,,,,,,,,,521,93,154,105
sweep,pima,2,0.8,sweep,0.5,1,1,3027,blend=0.5,0.820925925925926,0.6893702063159732,0.8518518518518519,0.67,0.5822784810126582,0.8933333333333333,0.6917293233082706,0.7287218045112782,0.23068057000637054,0.9674050014820328,0.18989122278591472,0.23038587833500723,0.012343335896730423,46,67,33,8,7.046630859375,4865104,358,0.5230364873222016,267,163,54,33,254,19,51,4,,,,,,,,,,,,,,,,,,,,,,,,,521,93,154,105
sweep,pima,2,0.8,sweep,0.5,1,1,3027,blend=0.75,0.8207407407407408,0.6719526624548458,0.8148148148148148,0.67,0.5714285714285714,0.8701298701298701,0.6717557251908397,0.7144089360417476,0.2322046309709549,1.5925585181161406,0.21847375827120066,0.22553591132647802,0.013887331821024418,44,67,33,10,6.700106620788574,4865104,349,0.5340754483611627,267,163,54,33,254,19,51,4,,,,,,,,,,,,,,,,,,,,,,,,,521,93,154,105
sweep,pima,2,0.8,sweep,0.5,1,1,3027,blend=1.0,0.8077777777777777,0.6656883191073677,0.8518518518518519,0.69,0.5974025974025974,0.8961038961038961,0.7022900763358778,0.7409755466425152,0.24725420773029327,2.257186874974466,0.2027348491355944,0.24535702645488372,0.0056676240637898445,46,69,31,8,6.551126718521118,4865104,312,0.5269635126777984,267,163,54,33,254,19,51,4,,,,,,,,,,,,,,,,,,,,,,,,,521,93,154,105
sweep,pima,2,0.8,sweep,0.5,1,1,3027,noise_std=0.01,0.8083333333333333,0.6478378316824152,0.7777777777777778,0.7,0.5833333333333334,0.8536585365853658,0.6666666666666666,0.717948717948718,0.23141247034072876,0.8948219261509939,0.20285758620621278,0.21035911106540783,0.040680911391973495,42,70,30,12,6.792752504348755,4865104,360,0.5434446505875077,267,163,54,33,254,19,51,4,,,,,,,,,,,,,,,,,,,,,,,,,521,93,154,105
sweep,pima,2,0.8,sweep,0.5,1,1,3027,noise_std=0.05,0.820925925925926,0.6893702063159732,0.8518518518518519,0.67,0.5822784810126582,0.8933333333333333,0.6917293233082706,0.7287218045112782,0.23068057000637054,0.9674050014820328,0.18989122278591472,0.23038587833500723,0.012343335896730423,46,67,33,8,6.839039087295532,4865104,358,0.5230364873222016,267,163,54,33,254,19,51,4,,,,,,,,,,,,,,,,,,,,,,,,,521,93,154,105
sweep,pima,2,0.8,sweep,0.5,1,1,3027,noise_std=0.1,0.8224074074074075,0.6833221861802211,0.8148148148148148,0.7,0.5945945945945946,0.875,0.6875,0.7326388888888888,0.22178028523921967,1.9472510054668155,0.21951644832185976,0.2117688563930524,0.008270803838968277,44,70,30,10,6.6248908042907715,4865104,362,0.5444032158317873,267,163,54,33,254,19,51,4,,,,,,,,,,,,,,,,,,,,,,,,,521,93,154,105
sweep,pima,2,0.8,sweep,0.5,1,1,3027,eta=0.2,0.7914814814814815,0.6626461038774398,0.7407407407407407,0.66,0.5405405405405406,0.825,0.625,0.6791666666666667,0.23517878353595734,2.674713672970917,0.2144144624157919,0.21699197497218847,0.006177402567118406,40,66,34,14,6.714869737625122,4865104,337,0.5473716759431045,267,163,54,33,254,19,51,4,,,,,,,,,,,,,,,,,,,,,,,,,521,93,154,105
sweep,pima,2,0.8,sweep,0.5,1,1,3027,eta=0.5,0.8129629629629629,0.6877889315100494,0.8518518518518519,0.68,0.5897435897435898,0.8947368421052632,0.696969696969697,0.7348484848484849,0.2478983998298645,3.4035627618521627,0.24103782011919578,0.24903929683488685,0.0019470396218821406,46,68,32,8,6.94964337348938,4865104,352,0.5199134199134199,267,163,54,33,254,19,51,4,,,,,,,,,,,,,,,,,,,,,,,,,521,93,154,105
sweep,pima,2,0.8,sweep,0.5,1,1,3027,eta=0.8,0.820925925925926,0.6893702063159732,0.8518518518518519,0.67,0.5822784810126582,0.8933333333333333,0.6917293233082706,0.7287218045112782,0.23068057000637054,0.9674050014820328,0.18989122278591472,0.23038587833500723,0.012343335896730423,46,67,33,8,6.902971982955933,4865104,358,0.5230364873222016,267,163,54,33,254,19,51,4,,,,,,,,,,,,,,,,,,,,,,,,,521,93,154,105
sweep,pima,2,0.8,sweep,0.5,1,1,3027,eta=1.0,0.8262962962962963,0.6903956685961989,0.7962962962962963,0.72,0.6056338028169014,0.8674698795180723,0.688,0.7374426229508196,0.2206427901983261,1.1771893411771668,0.20163516028930167,0.22299996678802098,0.026050956919789314,43,72,28,11,7.3853089809417725,4865104,363,0.5336425479282623,267,163,54,33,254,19,51,4,,,,,,,,,,,,,,,,,,,,,,,,,521,93,154,105
sweep,pima,2,0.8,sweep,0.5,1,1,3027,rounds=5,0.8227777777777777,0.6611047616908906,0.5925925925925926,0.82,0.64,0.7884615384615384,0.6153846153846154,0.7096530920060332,0.20786438882350922,1.7645094824515881,0.2241845463386494,0.19781908460638742,0.13698838651180267,32,82,18,22,3.9756436347961426,2468464,116,0.5281694495980209,267,163,54,33,254,19,51,4,,,,,,,,,,,,,,,,,,,,,,,,,521,93,154,105
sweep,pima,2,0.8,sweep,0.5,1,1,3027,rounds=10,0.820925925925926,0.6893702063159732,0.8518518518518519,0.67,0.5822784810126582,0.8933333333333333,0.6917293233082706,0.7287218045112782,0.23068057000637054,0.9674050014820328,0.18989122278591472,0.23038587833500723,0.012343335896730423,46,67,33,8,6.69210958480835,4865104,358,0.5230364873222016,267,163,54,33,254,19,51,4,,,,,,,,,,,,,,,,,,,,,,,,,521,93,154,105
sweep,pima,2,0.8,sweep,0.5,1,1,3027,rounds=20,0.8172222222222222,0.6849619964956537,0.7407407407407407,0.68,0.5555555555555556,0.8292682926829268,0.6349206349206349,0.6910866910866911,0.22018058598041534,0.6963483810482533,0.18159867386993128,0.19614578585152498,0.05451807379722595,40,68,32,14,12.629895448684692,9658384,368,0.5404143475572046,267,163,54,33,254,19,51,4,,,,,,,,,,,,,,,,,,,,,,,,,521,93,154,105
sweep,pima,2,0.8,sweep,0.5,1,3,3029,tau0=0.8,0.7516981132075472,0.6446790939876632,0.8301886792452831,0.45,0.4444444444444444,0.8333333333333334,0.5789473684210527,0.5816814764183185,0.32076209783554077,-3.916395190513938,0.17778452210593268,0.32556893291816213,0.2662486732006073,44,45,55,9,6.371390342712402,4865104,334,0.6664467068878833,179,5,36,1,343,177,68,35,,,,,,,,,,,,,,,,,,,,,,,,,522,93,153,104
sweep,pima,2,0.8,sweep,0.5,1,3,3029,tau0=0.85,0.7310377358490566,0.598379634619178,0.7547169811320755,0.62,0.5128205128205128,0.8266666666666667,0.6106870229007634,0.659629225736096,0.27336010336875916,-1.76217764115701,0.14438208396533622,0.2445699651695155,0.2114628553390503,40,62,38,13,6.776635408401489,4865104,343,0.6403657616892912,179,5,36,1,343,177,68,35,,,,,,,,,,,,,,,,,,,,,,,,,522,93,153,104
sweep,pima,2,0.8,sweep,0.5,1,3,3029,tau0=0.9,0.749056603773585,0.5874953998651622,0.8113207547169812,0.61,0.524390243902439,0.8591549295774648,0.6370370370370371,0.675243664717349,0.29613596200942993,-3.2336466537944513,0.21376461558540477,0.29929038637555117,0.6511238813400269,43,61,39,10,6.5430543422698975,4865104,346,0.6612619406737054,179,5,36,1,343,177,68,35,,,,,,,,,,,,,,,,,,,,,,,,,522,93,153,104
sweep,pima,2,0.8,sweep,0.5,1,3,3029,tau0=0.95,0.7715094339622641,0.6561353639537353,0.6226415094339622,0.68,0.5076923076923077,0.7727272727272727,0.559322033898305,0.641363144608727,0.3001871109008789,-4.002407541807654,0.19412535494076918,0.2809345998308238,0.9646159410476685,33,68,32,20,6.823110818862915,4865104,278,0.6409313725490196,179,5,36,1,343,177,68,35,,,,,,,,,,,,,,,,,,,,,,,,,522,93,153,104
sweep,pima,2,0.8,sweep,0.5,1,3,3029,tau_decay=0.0,0.7528301886792453,0.6126854493969096,0.6792452830188679,0.7,0.5454545454545454,0.8045977011494253,0.6050420168067226,0.6768525592055004,0.31756871938705444,-4.398821588177259,0.16749795908723206,0.3086598603894898,0.9636555314064026,36,70,30,17,6.625703573226929,4865104,117,0.6640585721468074,179,5,36,1,343,177,68,35,,,,,,,,,,,,,,,,,,,,,,,,,522,93,153,104
sweep,pima,2,0.8,sweep,0.5,1,3,3029,tau_decay=0.03,0.749056603773585,0.5874953998651622,0.8113207547169812,0.61,0.524390243902439,0.8591549295774648,0.6370370370370371,0.675243664717349,0.29613596200942993,-3.2336466537944513,0.21376461558540477,0.29929038637555117,0.6511238813400269,43,61,39,10,7.011462450027466,4865104,346,0.6612619406737054,179,5,36,1,343,177,68,35,,,,,,,,,,,,,,,,,,,,,,,,,522,93,153,104
sweep,pima,2,0.8,sweep,0.5,1,3,3029,tau_decay=0.1,0.7439622641509434,0.6109822750932813,0.7924528301886793,0.57,0.49411764705882355,0.8382352941176471,0.6086956521739131,0.6436335403726708,0.3111235499382019,-3.470367509758496,0.16175358987539645,0.3113230604410561,0.5047414302825928,42,57,43,11,6.7111897468566895,4865104,349,0.665095525389643,179,5,36,1,343,177,68,35,,,,,,,,,,,,,,,,,,,,,,,,,522,93,153,104
sweep,pima,2,0.8,sweep,0.5,1,3,3029,k=5,0.7088679245283018,0.5413944876175433,0.6415094339622641,0.67,0.5074626865671642,0.7790697674418605,0.5666666666666667,0.6435483870967742,0.310916006565094,-2.9303044150551854,0.15968213219467695,0.30002542200431326,0.8878350257873535,34,67,33,19,5.251507043838501,4865104,329,0.6803670186023127,179,5,36,1,343,177,68,35,,,,,,,,,,,,,,,,,,,,,,,,,522,93,153,104
sweep,pima,2,0.8,sweep,0.5,1,3,3029,k=10,0.749056603773585,0.5874953998651622,0.8113207547169812,0.61,0.524390243902439,0.8591549295774648,0.6370370370370371,0.675243664717349,0.29613596200942993,-3.2336466537944513,0.21376461558540477,0.29929038637555117,0.6511238813400269,43,61,39,10,6.5267064571380615,4865104,346,0.6612619406737054,179,5,36,1,343,177,68,35,,,,,,,,,,,,,,,,,,,,,,,,,522,93,153,104
sweep,pima,2,0.8,sweep,0.5,1,3,3029,k=15,0.7986792452830189,0.6947629319518808,0.8490566037735849,0.57,0.5113636363636364,0.8769230769230769,0.6382978723404256,0.6646034816247582,0.28431522846221924,-3.411969019115703,0.21831543646049087,0.29162863892764823,0.5059190392494202,45,57,43,8,8.566332340240479,4865104,335,0.6562657114127702,179,5,36,1,343,177,68,35,,,,,,,,,,,,,,,,,,,,,,,,,522,93,153,104
sweep,pima,2,0.8,sweep,0.5,1,3,3029,k=20,0.7515094339622641,0.6517463368568377,0.7547169811320755,0.65,0.5333333333333333,0.8333333333333334,0.625,0.6776685393258427,0.27558526396751404,-2.128130085872296,0.26596680685825336,0.25858139295398797,0.6796116232872009,40,65,35,13,10.584018468856812,4865104,349,0.7189542483660131,179,5,36,1,343,177,68,35,,,,,,,,,,,,,,,,,,,,,,,,,522,93,153,104
sweep,pima,2,0.8,sweep,0.5,1,3,3029,agr_every=2,0.7213207547169812,0.587801299161288,0.7169811320754716,0.61,0.4935064935064935,0.8026315789473685,0.5846153846153846,0.6388986013986014,0.32995110750198364,-3.0725917290285687,0.21330705495627958,0.33370486080792605,0.7468476295471191,38,61,39,15,6.830704927444458,4865104,324,0.6873114630467572,179,5,36,1,343,177,68,35,,,,,,,,,,,,,,,,,,,,,,,,,522,93,153,104
sweep,pima,2,0.8,sweep,0.5,1,3,3029,agr_every=3,0.7722641509433963,0.6250172624590945,0.8113207547169812,0.63,0.5375,0.863013698630137,0.6466165413533834,0.6874701203876743,0.26987946033477783,-3.02815431524553,0.19566971049888846,0.2583985875050227,0.5951322317123413,43,63,37,10,6.546081066131592,4865104,329,0.6487242332830568,179,5,36,1,343,177,68,35,,,,,,,,,,,,,,,,,,,,,,,,,522,93,153,104
sweep,pima,2,0.8,sweep,0.5,1,3,3029,agr_every=5,0.749056603773585,0.5874953998651622,0.8113207547169812,0.61,0.524390243902439,0.8591549295774648,0.6370370370370371,0.675243664717349,0.29613596200942993,-3.2336466537944513,0.21376461558540477,0.29929038637555117,0.6511238813400269,43,61,39,10,7.33867883682251,4865104,346,0.6612619406737054,179,5,36,1,343,177,68,35,,,,,,,,,,,,,,,,,,,,,,,,,522,93,153,104
sweep,pima,2,0.8,sweep,0.5,1,3,3029,blend=0.0,0.739811320754717,0.5687650913735526,0.8301886792452831,0.58,0.5116279069767442,0.8656716417910447,0.6330935251798561,0.6638521518114849,0.2985681891441345,-3.1518935753591135,0.20056873210169512,0.2969495701828813,0.6342449188232422,44,58,42,9,7.243557453155518,4865104,347,0.6636500754147813,179,5,36,1,343,177,68,35,,,,,,,,,,,,,,,,,,,,,,,,,522,93,153,104
sweep,pima,2,0.8,sweep,0.5,1,3,3029,blend=0.25,0.7437735849056604,0.5877379384029568,0.8301886792452831,0.54,0.4888888888888889,0.8571428571428571,0.6153846153846154,0.6389806512505899,0.3027701675891876,-3.215012091654678,0.20601445888660175,0.29531630535238707,0.53207927942276,44,54,46,9,7.027113676071167,4865104,346,0.6595336852689794,179,5,36,1,343,177,68,35,,,,,,,,,,,,,,,,,,,,,,,,,522,93,153,104
sweep,pima,2,0.8,sweep,0.5,1,3,3029,blend=0.5,0.749056603773585,0.5874953998651622,0.8113207547169812,0.61,0.524390243902439,0.8591549295774648,0.6370370370370371,0.675243664717349,0.29613596200942993,-3.2336466537944513,0.21376461558540477,0.29929038637555117,0.6511238813400269,43,61,39,10,6.514594793319702,4865104,346,0.6612619406737054,179,5,36,1,343,177,68,35,,,,,,,,,,,,,,,,,,,,,,,,,522,93,153,104
sweep,pima,2,0.8,sweep,0.5,1,3,3029,blend=0.75,0.7337735849056605,0.5780027578337953,0.5283018867924528,0.75,0.5283018867924528,0.75,0.5283018867924528,0.6391509433962264,0.30809563398361206,-3.1754425849110994,0.19556986680189156,0.30780039405072823,0.9599785208702087,28,75,25,25,6.810628175735474,4865104,318,0.6699974861739567,179,5,36,1,343,177,68,35,,,,,,,,,,,,,,,,,,,,,,,,,522,93,153,104
sweep,pima,2,0.8,sweep,0.5,1,3,3029,blend=1.0,0.730754716981132,0.6089382629844206,0.6981132075471698,0.64,0.5068493150684932,0.8,0.5873015873015873,0.6492063492063492,0.31992989778518677,-3.9251896670783952,0.1594733502773979,0.31566489859198044,0.8713263273239136,37,64,36,16,6.993687629699707,4865104,262,0.6610105580693816,179,5,36,1,343,177,68,35,,,,,,,,,,,,,,,,,,,,,,,,,522,93,153,104
sweep,pima,2,0.8,sweep,0.5,1,3,3029,noise_std=0.01,0.7747169811320754,0.654018886076716,0.7547169811320755,0.65,0.5333333333333333,0.8333333333333334,0.625,0.6776685393258427,0.29956963658332825,-4.02747811858998,0.18094023846149587,0.3067327201415121,0.8067448735237122,40,65,35,13,6.7144012451171875,4865104,355,0.6394544997486173,179,5,36,1,343,177,68,35,,,,,,,,,,,,,,,,,,,,,,,,,522,93,153,104
sweep,pima,2,0.8,sweep,0.5,1,3,3029,noise_std=0.05,0.749056603773585,0.5874953998651622,0.8113207547169812,0.61,0.524390243902439,0.8591549295774648,0.6370370370370371,0.675243664717349,0.29613596200942993,-3.2336466537944513,0.21376461558540477,0.29929038637555117,0.6511238813400269,43,61,39,10,6.424983263015747,4865104,346,0.6612619406737054,179,5,36,1,343,177,68,35,,,,,,,,,,,,,,,,,,,,,,,,,522,93,153,104
sweep,pima,2,0.8,sweep,0.5,1,3,3029,noise_std=0.1,0.7347169811320755,0.5632126391003366,0.7735849056603774,0.68,0.5616438356164384,0.85,0.6507936507936508,0.7031746031746031,0.30758973956108093,-3.5699997603088067,0.1979398211249237,0.3096768840952636,0.8598370552062988,41,68,32,12,7.083962440490723,4865104,346,0.6690548014077425,179,5,36,1,343,177,68,35,,,,,,,,,,,,,,,,,,,,,,,,,522,93,153,104
sweep,pima,2,0.8,sweep,0.5,1,3,3029,eta=0.2,0.7562264150943396,0.6176939901000666,0.8490566037735849,0.49,0.46875,0.8596491228070176,0.6040268456375839,0.6141153336468175,0.322907030582428,-4.516873094440413,0.16336706538423978,0.3288894088975355,0.3619842529296875,45,49,51,8,6.769217491149902,4865104,296,0.6534062342885872,179,5,36,1,343,177,68,35,,,,,,,,,,,,,,,,,,,,,,,,,522,93,153,104
sweep,pima,2,0.8,sweep,0.5,1,3,3029,eta=0.5,0.7275471698113207,0.5616567497821953,0.7547169811320755,0.59,0.49382716049382713,0.8194444444444444,0.5970149253731343,0.6415307185005206,0.3158204257488251,-4.154966535072876,0.1528014669721776,0.32143754771381033,0.6333820223808289,40,59,41,13,7.153340101242065,4865104,322,0.6588109602815485,179,5,36,1,343,177,68,35,,,,,,,,,,,,,,,,,,,,,,,,,522,93,153,104
sweep,pima,2,0.8,sweep,0.5,1,3,3029,eta=0.8,0.749056603773585,0.5874953998651622,0.8113207547169812,0.61,0.524390243902439,0.8591549295774648,0.6370370370370371,0.675243664717349,0.29613596200942993,-3.2336466537944513,0.21376461558540477,0.29929038637555117,0.6511238813400269,43,61,39,10,6.794490337371826,4865104,346,0.6612619406737054,179,5,36,1,343,177,68,35,,,,,,,,,,,,,,,,,,,,,,,,,522,93,153,104
sweep,pima,2,0.8,sweep,0.5,1,3,3029,eta=1.0,0.7032075471698114,0.5724174737828343,0.7358490566037735,0.52,0.4482758620689655,0.7878787878787878,0.5571428571428572,0.5918244406196214,0.3195781707763672,-2.5720671732130658,0.17506280699812893,0.32498310540431463,0.46182847023010254,39,52,48,14,6.7800867557525635,4865104,358,0.6929361488185019,179,5,36,1,343,177,68,35,,,,,,,,,,,,,,,,,,,,,,,,,522,93,153,104
sweep,pima,2,0.8,sweep,0.5,1,3,3029,rounds=5,0.6043396226415095,0.4730990816465305,0.3584905660377358,0.77,0.4523809523809524,0.6936936936936937,0.4,0.5649289099526067,0.30195027589797974,-0.1918550598018873,0.0961810953268132,0.25975650159362096,0.6758383512496948,19,77,23,34,3.3081700801849365,2468464,77,0.6837606837606838,179,5,36,1,343,177,68,35,,,,,,,,,,,,,,,,,,,,,,,,,522,93,153,104
sweep,pima,2,0.8,sweep,0.5,1,3,3029,rounds=10,0.749056603773585,0.5874953998651622,0.8113207547169812,0.61,0.524390243902439,0.8591549295774648,0.6370370370370371,0.675243664717349,0.29613596200942993,-3.2336466537944513,0.21376461558540477,0.29929038637555117,0.6511238813400269,43,61,39,10,7.093355655670166,4865104,346,0.6612619406737054,179,5,36,1,343,177,68,35,,,,,,,,,,,,,,,,,,,,,,,,,522,93,153,104
sweep,pima,2,0.8,sweep,0.5,1,3,3029,rounds=20,0.659433962264151,0.5301965120658292,0.39622641509433965,0.84,0.5675675675675675,0.7241379310344828,0.4666666666666667,0.6222222222222222,0.3395930230617523,-2.306132293981687,0.15136107478287347,0.3358595674139222,0.9564120769500732,21,84,16,32,12.105529069900513,9658384,359,0.6961412770236299,179,5,36,1,343,177,68,35,,,,,,,,,,,,,,,,,,,,,,,,,522,93,153,104
sweep,pima,2,0.8,sweep,0.5,1,2,3028,tau0=0.8,0.7861111111111111,0.6115949796947951,0.8148148148148148,0.63,0.5432098765432098,0.863013698630137,0.6518518518518519,0.6900877756369086,0.244340717792511,-2.3270472701658362,0.1919020086884464,0.24730536082227314,0.15621206164360046,44,63,37,10,6.9352803230285645,4865104,262,0.6473017273988149,469,167,93,33,52,15,10,3,,,,,,,,,,,,,,,,,,,,,,,,,521,93,154,103
sweep,pima,2,0.8,sweep,0.5,1,2,3028,tau0=0.85,0.7507407407407407,0.5766233126258755,0.8888888888888888,0.46,0.47058823529411764,0.8846153846153846,0.6153846153846154,0.6103238866396761,0.2620834410190582,-1.1416658384024696,0.23114319931934454,0.2562604881339259,0.04933065548539162,48,46,54,6,6.6909730434417725,4865104,229,0.6927877947295423,469,167,93,33,52,15,10,3,,,,,,,,,,,,,,,,,,,,,,,,,521,93,154,103
sweep,pima,2,0.8,sweep,0.5,1,2,3028,tau0=0.9,0.7807407407407407,0.6438204903920629,0.9074074074074074,0.5,0.494949494949495,0.9090909090909091,0.6405228758169934,0.642842083069787,0.26430651545524597,-2.156894757524144,0.19035020157729776,0.25499543806465413,0.04741659015417099,49,50,50,5,7.007861375808716,4865104,215,0.6745681502963057,469,167,93,33,52,15,10,3,,,,,,,,,,,,,,,,,,,,,,,,,521,93,154,103
sweep,pima,2,0.8,sweep,0.5,1,2,3028,tau0=0.95,0.767962962962963,0.6024843080395447,0.8703703703703703,0.47,0.47,0.8703703703703703,0.6103896103896104,0.6103896103896104,0.2453819364309311,-1.263195442196936,0.21558999564953987,0.21699573566483987,0.05348406359553337,47,47,53,7,6.820428848266602,4865104,183,0.6824801412180053,469,167,93,33,52,15,10,3,,,,,,,,,,,,,,,,,,,,,,,,,521,93,154,103
sweep,pima,2,0.8,sweep,0.5,1,2,3028,tau_decay=0.0,0.7587037037037037,0.6130529870012092,0.8148148148148148,0.53,0.4835164835164835,0.8412698412698413,0.6068965517241379,0.6286016500951979,0.2510584592819214,-1.3193283838133705,0.20302882694434973,0.22973217365223092,0.09436438977718353,44,53,47,10,7.055612325668335,4865104,26,0.683646450636742,469,167,93,33,52,15,10,3,,,,,,,,,,,,,,,,,,,,,,,,,521,93,154,103
sweep,pima,2,0.8,sweep,0.5,1,2,3028,tau_decay=0.03,0.7807407407407407,0.6438204903920629,0.9074074074074074,0.5,0.494949494949495,0.9090909090909091,0.6405228758169934,0.642842083069787,0.26430651545524597,-2.156894757524144,0.19035020157729776,0.25499543806465413,0.04741659015417099,49,50,50,5,7.049709796905518,4865104,215,0.6745681502963057,469,167,93,33,52,15,10,3,,,,,,,,,,,,,,,,,,,,,,,,,521,93,154,103
sweep,pima,2,0.8,sweep,0.5,1,2,3028,tau_decay=0.1,0.7772222222222221,0.5986380683632133,0.7037037037037037,0.68,0.5428571428571428,0.8095238095238095,0.6129032258064516,0.6760168302945302,0.2582738399505615,-2.1127580654824913,0.1871563465981577,0.24746506321304418,0.4384678304195404,38,68,32,16,7.20023250579834,4865104,270,0.6588072122052704,469,167,93,33,52,15,10,3,,,,,,,,,,,,,,,,,,,,,,,,,521,93,154,103
sweep,pima,2,0.8,sweep,0.5,1,2,3028,k=5,0.7633333333333334,0.6145740959660697,0.6111111111111112,0.72,0.5409836065573771,0.7741935483870968,0.5739130434782609,0.6600135165577833,0.24665582180023193,-0.22784375286170463,0.23890995301143395,0.21928182285424178,0.34312060475349426,33,72,28,21,5.1957409381866455,4865104,231,0.6646072374227714,469,167,93,33,52,15,10,3,,,,,,,,,,,,,,,,,,,,,,,,,521,93,154,103
sweep,pima,2,0.8,sweep,0.5,1,2,3028,k=10,0.7807407407407407,0.6438204903920629,0.9074074074074074,0.5,0.494949494949495,0.9090909090909091,0.6405228758169934,0.642842083069787,0.26430651545524597,-2.156894757524144,0.19035020157729776,0.25499543806465413,0.04741659015417099,49,50,50,5,6.965520620346069,4865104,215,0.6745681502963057,469,167,93,33,52,15,10,3,,,,,,,,,,,,,,,,,,,,,,,,,521,93,154,103
sweep,pima,2,0.8,sweep,0.5,1,2,3028,k=15,0.7722222222222223,0.6077631170011999,0.9444444444444444,0.38,0.45132743362831856,0.926829268292683,0.6107784431137725,0.574892767656177,0.25309351086616516,-1.4151038821831852,0.24126258319960658,0.22907744672197794,0.030153553932905197,51,38,62,3,9.010678768157959,4865104,197,0.6737485815155718,469,167,93,33,52,15,10,3,,,,,,,,,,,,,,,,,,,,,,,,,521,93,154,103
sweep,pima,2,0.8,sweep,0.5,1,2,3028,k=20,0.7703703703703704,0.5697871541863353,0.7592592592592593,0.58,0.4939759036144578,0.8169014084507042,0.5985401459854015,0.6384513595424084,0.2727316617965698,-2.7845416674379044,0.17571288416477934,0.2902573745746117,0.1307229995727539,41,58,42,13,12.579290390014648,4865104,196,0.6603202622620098,469,167,93,33,52,15,10,3,,,,,,,,,,,,,,,,,,,,,,,,,521,93,154,103
sweep,pima,2,0.8,sweep,0.5,1,2,3028,agr_every=2,0.705,0.5354477275977452,0.5185185185185185,0.76,0.5384615384615384,0.7450980392156863,0.5283018867924528,0.6403885671586027,0.26953160762786865,-0.3992011358776476,0.13531753985511552,0.2543067624369128,0.6136594414710999,28,76,24,26,6.9104766845703125,4865104,221,0.7151368049426302,469,167,93,33,52,15,10,3,,,,,,,,,,,,,,,,,,,,,,,,,521,93,154,103
sweep,pima,2,0.8,sweep,0.5,1,2,3028,agr_every=3,0.7362962962962962,0.5439455156693194,0.6481481481481481,0.72,0.5555555555555556,0.7912087912087912,0.5982905982905983,0.6761086499306395,0.25483280420303345,1.4316523704848523,0.1795463445245474,0.25615387210356333,0.08620452880859375,35,72,28,19,7.1926658153533936,4865104,270,0.671542050182827,469,167,93,33,52,15,10,3,,,,,,,,,,,,,,,,,,,,,,,,,521,93,154,103
sweep,pima,2,0.8,sweep,0.5,1,2,3028,agr_every=5,0.7807407407407407,0.6438204903920629,0.9074074074074074,0.5,0.494949494949495,0.9090909090909091,0.6405228758169934,0.642842083069787,0.26430651545524597,-2.156894757524144,0.19035020157729776,0.25499543806465413,0.04741659015417099,49,50,50,5,7.012866735458374,4865104,215,0.6745681502963057,469,167,93,33,52,15,10,3,,,,,,,,,,,,,,,,,,,,,,,,,521,93,154,103
sweep,pima,2,0.8,sweep,0.5,1,2,3028,blend=0.0,0.7644444444444445,0.5934230166680103,0.9259259259259259,0.44,0.4716981132075472,0.9166666666666666,0.625,0.6097972972972974,0.2571541368961334,-1.3661898424692553,0.22388118563763118,0.24335875233345025,0.032619405537843704,50,44,56,4,7.389933347702026,4865104,214,0.6800214348758039,469,167,93,33,52,15,10,3,,,,,,,,,,,,,,,,,,,,,,,,,521,93,154,103
sweep,pima,2,0.8,sweep,0.5,1,2,3028,blend=0.25,0.7688888888888888,0.6076617824813886,0.8703703703703703,0.47,0.47,0.8703703703703703,0.6103896103896104,0.6103896103896104,0.2669580280780792,-1.8929438540978833,0.18718422240788055,0.2561372498824418,0.038859833031892776,47,47,53,7,7.550046920776367,4865104,214,0.6782246879334257,469,167,93,33,52,15,10,3,,,,,,,,,,,,,,,,,,,,,,,,,521,93,154,103
sweep,pima,2,0.8,sweep,0.5,1,2,3028,blend=0.5,0.7807407407407407,0.6438204903920629,0.9074074074074074,0.5,0.494949494949495,0.9090909090909091,0.6405228758169934,0.642842083069787,0.26430651545524597,-2.156894757524144,0.19035020157729776,0.25499543806465413,0.04741659015417099,49,50,50,5,6.77781867980957,4865104,215,0.6745681502963057,469,167,93,33,52,15,10,3,,,,,,,,,,,,,,,,,,,,,,,,,521,93,154,103
sweep,pima,2,0.8,sweep,0.5,1,2,3028,blend=0.75,0.7648148148148148,0.6092585048006236,0.9259259259259259,0.46,0.4807692307692308,0.92,0.6329113924050633,0.6231223628691983,0.25096893310546875,-1.1454509698066637,0.22674204048188334,0.2277146345609194,0.048658642917871475,50,46,54,4,6.9368438720703125,4865104,216,0.6804627411423528,469,167,93,33,52,15,10,3,,,,,,,,,,,,,,,,,,,,,,,,,521,93,154,103
sweep,pima,2,0.8,sweep,0.5,1,2,3028,blend=1.0,0.7751851851851852,0.6419311058782065,0.9074074074074074,0.49,0.49,0.9074074074074074,0.6363636363636364,0.6363636363636364,0.262287437915802,-1.944878763896307,0.18967760194764957,0.2570485239848495,0.051650047302246094,49,49,51,5,7.016196966171265,4865104,218,0.6772475097717817,469,167,93,33,52,15,10,3,,,,,,,,,,,,,,,,,,,,,,,,,521,93,154,103
sweep,pima,2,0.8,sweep,0.5,1,2,3028,noise_std=0.01,0.7785185185185185,0.6495616222995455,0.8148148148148148,0.59,0.5176470588235295,0.855072463768116,0.6330935251798561,0.665659188625431,0.25326037406921387,-1.9424745649680955,0.19307534866215129,0.2430140437776005,0.1372283697128296,44,59,41,10,6.975721836090088,4865104,228,0.6722985752111965,469,167,93,33,52,15,10,3,,,,,,,,,,,,,,,,,,,,,,,,,521,93,154,103
sweep,pima,2,0.8,sweep,0.5,1,2,3028,noise_std=0.05,0.7807407407407407,0.6438204903920629,0.9074074074074074,0.5,0.494949494949495,0.9090909090909091,0.6405228758169934,0.642842083069787,0.26430651545524597,-2.156894757524144,0.19035020157729776,0.25499543806465413,0.04741659015417099,49,50,50,5,6.866503715515137,4865104,215,0.6745681502963057,469,167,93,33,52,15,10,3,,,,,,,,,,,,,,,,,,,,,,,,,521,93,154,103
sweep,pima,2,0.8,sweep,0.5,1,2,3028,noise_std=0.1,0.7718518518518518,0.6157983350218235,0.8703703703703703,0.51,0.4895833333333333,0.8793103448275862,0.6266666666666667,0.6361181434599157,0.2450924664735794,-1.4315496612514413,0.22942304963260102,0.2383806745146776,0.06242245435714722,47,51,49,7,7.357105493545532,4865104,222,0.6697137813642668,469,167,93,33,52,15,10,3,,,,,,,,,,,,,,,,,,,,,,,,,521,93,154,103
sweep,pima,2,0.8,sweep,0.5,1,2,3028,eta=0.2,0.7664814814814815,0.6449074666430125,0.7962962962962963,0.53,0.4777777777777778,0.828125,0.5972222222222222,0.6217818428184282,0.2615956962108612,-1.447560046759055,0.17556449803302812,0.27135327682140975,0.08295293152332306,43,53,47,11,7.399362802505493,4865104,183,0.6840562350271089,469,167,93,33,52,15,10,3,,,,,,,,,,,,,,,,,,,,,,,,,521,93,154,103
sweep,pima,2,0.8,sweep,0.5,1,2,3028,eta=0.5,0.7768518518518518,0.6265527535749005,0.8518518518518519,0.49,0.4742268041237113,0.8596491228070176,0.609271523178808,0.6167376724174294,0.25279104709625244,-1.5084944014202897,0.1956855196451002,0.24217206965406216,0.04181411862373352,46,49,51,8,7.147172927856445,4865104,199,0.6827007943512798,469,167,93,33,52,15,10,3,,,,,,,,,,,,,,,,,,,,,,,,,521,93,154,103
sweep,pima,2,0.8,sweep,0.5,1,2,3028,eta=0.8,0.7807407407407407,0.6438204903920629,0.9074074074074074,0.5,0.494949494949495,0.9090909090909091,0.6405228758169934,0.642842083069787,0.26430651545524597,-2.156894757524144,0.19035020157729776,0.25499543806465413,0.04741659015417099,49,50,50,5,6.830007791519165,4865104,215,0.6745681502963057,469,167,93,33,52,15,10,3,,,,,,,,,,,,,,,,,,,,,,,,,521,93,154,103
sweep,pima,2,0.8,sweep,0.5,1,2,3028,eta=1.0,0.7858333333333334,0.6294416556807505,0.8333333333333334,0.61,0.5357142857142857,0.8714285714285714,0.6521739130434783,0.6849104859335038,0.24973073601722717,-2.142889574066066,0.2018108840067264,0.24127501962319406,0.1926124542951584,45,61,39,9,7.163518905639648,4865104,226,0.6714159626780986,469,167,93,33,52,15,10,3,,,,,,,,,,,,,,,,,,,,,,,,,521,93,154,103
sweep,pima,2,0.8,sweep,0.5,1,2,3028,rounds=5,0.7511111111111112,0.5766057116619148,0.8333333333333334,0.54,0.4945054945054945,0.8571428571428571,0.6206896551724138,0.6416331711444891,0.25832223892211914,-1.02455250087473,0.1882902202819561,0.23459726568408212,0.09356711804866791,45,54,46,9,3.655451536178589,2468464,11,0.6346614550498045,469,167,93,33,52,15,10,3,,,,,,,,,,,,,,,,,,,,,,,,,521,93,154,103
sweep,pima,2,0.8,sweep,0.5,1,2,3028,rounds=10,0.7807407407407407,0.6438204903920629,0.9074074074074074,0.5,0.494949494949495,0.9090909090909091,0.6405228758169934,0.642842083069787,0.26430651545524597,-2.156894757524144,0.19035020157729776,0.25499543806465413,0.04741659015417099,49,50,50,5,7.233929872512817,4865104,215,0.6745681502963057,469,167,93,33,52,15,10,3,,,,,,,,,,,,,,,,,,,,,,,,,521,93,154,103
sweep,pima,2,0.8,sweep,0.5,1,2,3028,rounds=20,0.7883333333333333,0.6511042405883166,0.6851851851851852,0.77,0.6166666666666667,0.8191489361702128,0.6491228070175439,0.7214686200036173,0.218475341796875,1.268858561094475,0.23394031389775113,0.2103919898909698,0.07461343705654144,37,77,23,17,13.339601039886475,9658384,311,0.7107237422771404,469,167,93,33,52,15,10,3,,,,,,,,,,,,,,,,,,,,,,,,,521,93,154,103
sweep,pima,2,0.8,sweep,0.5,1,4,3030,tau0=0.8,0.781132075471698,0.6887773947394656,0.7358490566037735,0.69,0.5571428571428572,0.8313253012048193,0.6341463414634146,0.6941223510595762,0.24306339025497437,-2.0564344092855436,0.1569744081111932,0.2346759125334667,0.37587931752204895,39,69,31,14,6.879756927490234,4865104,412,0.6206636500754148,301,16,60,3,221,166,44,33,,,,,,,,,,,,,,,,,,,,,,,,,522,93,153,104
sweep,pima,2,0.8,sweep,0.5,1,4,3030,tau0=0.85,0.7754716981132076,0.6549793047155572,0.7547169811320755,0.67,0.547945205479452,0.8375,0.6349206349206349,0.6896825396825397,0.27417483925819397,-2.417250820180215,0.1246615923964921,0.275457398661601,0.2177736461162567,40,67,33,13,6.65051794052124,4865104,393,0.6006158873805932,301,16,60,3,221,166,44,33,,,,,,,,,,,,,,,,,,,,,,,,,522,93,153,104
sweep,pima,2,0.8,sweep,0.5,1,4,3030,tau0=0.9,0.7873584905660377,0.6909960653974287,0.8679245283018868,0.55,0.5054945054945055,0.8870967741935484,0.6388888888888888,0.6589506172839505,0.24704445898532867,-1.1141164271162936,0.15662472561718757,0.23420682718088615,0.005213716067373753,46,55,45,7,6.893866777420044,4865104,368,0.6089429361488186,301,16,60,3,221,166,44,33,,,,,,,,,,,,,,,,,,,,,,,,,522,93,153,104
sweep,pima,2,0.8,sweep,0.5,1,4,3030,tau0=0.95,0.7530188679245283,0.6361063812428025,0.8490566037735849,0.51,0.4787234042553192,0.864406779661017,0.6122448979591837,0.626877165960724,0.29163026809692383,-1.6568759612361226,0.11145756322142192,0.2898780333785207,0.004695634823292494,45,51,49,8,7.421451807022095,4865104,354,0.6149761186525893,301,16,60,3,221,166,44,33,,,,,,,,,,,,,,,,,,,,,,,,,522,93,153,104
sweep,pima,2,0.8,sweep,0.5,1,4,3030,tau_decay=0.0,0.7647169811320754,0.6711606313668664,0.7735849056603774,0.59,0.5,0.8309859154929577,0.6074074074074074,0.6487329434697855,0.26127615571022034,-2.0246762425977423,0.1369974142078557,0.2620579235840077,0.15944477915763855,41,59,41,12,6.793406248092651,4865104,228,0.6154788838612368,301,16,60,3,221,166,44,33,,,,,,,,,,,,,,,,,,,,,,,,,522,93,153,104
sweep,pima,2,0.8,sweep,0.5,1,4,3030,tau_decay=0.03,0.7873584905660377,0.6909960653974287,0.8679245283018868,0.55,0.5054945054945055,0.8870967741935484,0.6388888888888888,0.6589506172839505,0.24704445898532867,-1.1141164271162936,0.15662472561718757,0.23420682718088615,0.005213716067373753,46,55,45,7,6.8791344165802,4865104,368,0.6089429361488186,301,16,60,3,221,166,44,33,,,,,,,,,,,,,,,,,,,,,,,,,522,93,153,104
sweep,pima,2,0.8,sweep,0.5,1,4,3030,tau_decay=0.1,0.7752830188679245,0.6921287226867588,0.8301886792452831,0.58,0.5116279069767442,0.8656716417910447,0.6330935251798561,0.6638521518114849,0.25328272581100464,-2.3768507742175995,0.1459379254381866,0.2457974468650041,0.08793529123067856,44,58,42,9,7.030832290649414,4865104,414,0.6260369532428356,301,16,60,3,221,166,44,33,,,,,,,,,,,,,,,,,,,,,,,,,522,93,153,104
sweep,pima,2,0.8,sweep,0.5,1,4,3030,k=5,0.7669811320754718,0.6507886851180539,0.8113207547169812,0.58,0.5058823529411764,0.8529411764705882,0.6231884057971014,0.6568322981366459,0.24100589752197266,-0.03590432104428061,0.16477238659334245,0.22251806345470004,0.037197716534137726,43,58,42,10,4.824435234069824,4865104,382,0.6119909502262444,301,16,60,3,221,166,44,33,,,,,,,,,,,,,,,,,,,,,,,,,522,93,153,104
sweep,pima,2,0.8,sweep,0.5,1,4,3030,k=10,0.7873584905660377,0.6909960653974287,0.8679245283018868,0.55,0.5054945054945055,0.8870967741935484,0.6388888888888888,0.6589506172839505,0.24704445898532867,-1.1141164271162936,0.15662472561718757,0.23420682718088615,0.005213716067373753,46,55,45,7,6.897057056427002,4865104,368,0.6089429361488186,301,16,60,3,221,166,44,33,,,,,,,,,,,,,,,,,,,,,,,,,522,93,153,104
sweep,pima,2,0.8,sweep,0.5,1,4,3030,k=15,0.7639622641509434,0.639826824604539,0.8679245283018868,0.52,0.48936170212765956,0.8813559322033898,0.6258503401360545,0.63996919522526,0.2604976296424866,-0.9479423654522166,0.15944144517661898,0.25188747128423034,0.003386746160686016,46,52,48,7,8.903790712356567,4865104,359,0.6333270487682252,301,16,60,3,221,166,44,33,,,,,,,,,,,,,,,,,,,,,,,,,522,93,153,104
sweep,pima,2,0.8,sweep,0.5,1,4,3030,k=20,0.7677358490566037,0.6702674557667292,0.7924528301886793,0.67,0.56,0.8589743589743589,0.65625,0.7045294943820224,0.2737008333206177,-1.417697702724467,0.15757105093518545,0.26410358384543775,0.09047939628362656,42,67,33,11,10.638113260269165,4865104,370,0.652526395173454,301,16,60,3,221,166,44,33,,,,,,,,,,,,,,,,,,,,,,,,,522,93,153,104
sweep,pima,2,0.8,sweep,0.5,1,4,3030,agr_every=2,0.7777358490566038,0.6750563846356404,0.7735849056603774,0.71,0.5857142857142857,0.8554216867469879,0.6666666666666666,0.721311475409836,0.2509649395942688,-0.5229517441563697,0.1685729479619342,0.25032172880433745,0.11169230937957764,41,71,29,12,7.092286586761475,4865104,374,0.6093514328808447,301,16,60,3,221,166,44,33,,,,,,,,,,,,,,,,,,,,,,,,,522,93,153,104
sweep,pima,2,0.8,sweep,0.5,1,4,3030,agr_every=3,0.7706603773584906,0.6356134326143705,0.8301886792452831,0.6,0.5238095238095238,0.8695652173913043,0.6423357664233577,0.6761974690104954,0.2612578868865967,-1.9764911828116436,0.14034180960910744,0.2517665771682278,0.06962797790765762,44,60,40,9,7.011221647262573,4865104,363,0.5919117647058824,301,16,60,3,221,166,44,33,,,,,,,,,,,,,,,,,,,,,,,,,522,93,153,104
sweep,pima,2,0.8,sweep,0.5,1,4,3030,agr_every=5,0.7873584905660377,0.6909960653974287,0.8679245283018868,0.55,0.5054945054945055,0.8870967741935484,0.6388888888888888,0.6589506172839505,0.24704445898532867,-1.1141164271162936,0.15662472561718757,0.23420682718088615,0.005213716067373753,46,55,45,7,7.023504018783569,4865104,368,0.6089429361488186,301,16,60,3,221,166,44,33,,,,,,,,,,,,,,,,,,,,,,,,,522,93,153,104
sweep,pima,2,0.8,sweep,0.5,1,4,3030,blend=0.0,0.7777358490566038,0.7073332912595155,0.8301886792452831,0.56,0.5,0.8615384615384616,0.624113475177305,0.6514506769825918,0.25342047214508057,-2.6478941193163363,0.148230118736825,0.2424693267512458,0.0747850239276886,44,56,44,9,6.6697163581848145,4865104,405,0.6247486173956762,301,16,60,3,221,166,44,33,,,,,,,,,,,,,,,,,,,,,,,,,522,93,153,104
sweep,pima,2,0.8,sweep,0.5,1,4,3030,blend=0.25,0.790754716981132,0.7134550954213759,0.8490566037735849,0.56,0.5056179775280899,0.875,0.6338028169014085,0.6583648230848507,0.2421046942472458,-2.3585109497786942,0.15251763270061178,0.23347652886135906,0.049112800508737564,45,56,44,8,6.547927141189575,4865104,405,0.6150703871292107,301,16,60,3,221,166,44,33,,,,,,,,,,,,,,,,,,,,,,,,,522,93,153,104
sweep,pima,2,0.8,sweep,0.5,1,4,3030,blend=0.5,0.7873584905660377,0.6909960653974287,0.8679245283018868,0.55,0.5054945054945055,0.8870967741935484,0.6388888888888888,0.6589506172839505,0.24704445898532867,-1.1141164271162936,0.15662472561718757,0.23420682718088615,0.005213716067373753,46,55,45,7,7.010191917419434,4865104,368,0.6089429361488186,301,16,60,3,221,166,44,33,,,,,,,,,,,,,,,,,,,,,,,,,522,93,153,104
sweep,pima,2,0.8,sweep,0.5,1,4,3030,blend=0.75,0.7850943396226415,0.6844475238833168,0.9056603773584906,0.48,0.48,0.9056603773584906,0.6274509803921569,0.6274509803921569,0.2594694495201111,-1.4531418249017114,0.14926993004790093,0.2622007728596918,0.0017273386474698782,48,48,52,5,7.472163438796997,4865104,323,0.5985734037204626,301,16,60,3,221,166,44,33,,,,,,,,,,,,,,,,,,,,,,,,,522,93,153,104
sweep,pima,2,0.8,sweep,0.5,1,4,3030,blend=1.0,0.7845283018867925,0.6842028171268426,0.8113207547169812,0.6,0.5180722891566265,0.8571428571428571,0.6323529411764706,0.6691176470588236,0.2558092474937439,-1.1441096812044242,0.15008812637480506,0.2438019045987745,0.021940914914011955,43,60,40,10,6.615898847579956,4865104,285,0.5998931623931624,301,16,60,3,221,166,44,33,,,,,,,,,,,,,,,,,,,,,,,,,522,93,153,104
sweep,pima,2,0.8,sweep,0.5,1,4,3030,noise_std=0.01,0.7907547169811321,0.6945444805919643,0.8679245283018868,0.54,0.5,0.8852459016393442,0.6344827586206897,0.6526451060184194,0.24001571536064148,-0.9520871313369305,0.16192595990468753,0.22576763440727016,0.008278249762952328,46,54,46,7,6.869770050048828,4865104,366,0.6171442936148819,301,16,60,3,221,166,44,33,,,,,,,,,,,,,,,,,,,,,,,,,522,93,153,104
sweep,pima,2,0.8,sweep,0.5,1,4,3030,noise_std=0.05,0.7873584905660377,0.6909960653974287,0.8679245283018868,0.55,0.5054945054945055,0.8870967741935484,0.6388888888888888,0.6589506172839505,0.24704445898532867,-1.1141164271162936,0.15662472561718757,0.23420682718088615,0.005213716067373753,46,55,45,7,6.843676328659058,4865104,368,0.6089429361488186,301,16,60,3,221,166,44,33,,,,,,,,,,,,,,,,,,,,,,,,,522,93,153,104
sweep,pima,2,0.8,sweep,0.5,1,4,3030,noise_std=0.1,0.7891509433962264,0.7091205722277191,0.8301886792452831,0.59,0.5176470588235295,0.8676470588235294,0.6376811594202898,0.6700310559006211,0.25452086329460144,-2.5141563716765973,0.14655269168868965,0.2592733691330829,0.0985785722732544,44,59,41,9,6.710558176040649,4865104,368,0.6075603318250377,301,16,60,3,221,166,44,33,,,,,,,,,,,,,,,,,,,,,,,,,522,93,153,104
sweep,pima,2,0.8,sweep,0.5,1,4,3030,eta=0.2,0.7929245283018868,0.6835700461945311,0.6226415094339622,0.8,0.6226415094339622,0.8,0.6226415094339622,0.7113207547169811,0.24741560220718384,-2.100937804374149,0.14220226870668623,0.24823986748659532,0.8455788493156433,33,80,20,20,6.941153287887573,4865104,349,0.5877325289089995,301,16,60,3,221,166,44,33,,,,,,,,,,,,,,,,,,,,,,,,,522,93,153,104
sweep,pima,2,0.8,sweep,0.5,1,4,3030,eta=0.5,0.7885849056603774,0.6815500394636884,0.5660377358490566,0.8,0.6,0.7766990291262136,0.5825242718446602,0.6853508058730691,0.23915080726146698,-1.1676123813687993,0.14528500876268083,0.22612267226175542,0.885161817073822,30,80,20,23,6.630204916000366,4865104,358,0.6018099547511313,301,16,60,3,221,166,44,33,,,,,,,,,,,,,,,,,,,,,,,,,522,93,153,104
sweep,pima,2,0.8,sweep,0.5,1,4,3030,eta=0.8,0.7873584905660377,0.6909960653974287,0.8679245283018868,0.55,0.5054945054945055,0.8870967741935484,0.6388888888888888,0.6589506172839505,0.24704445898532867,-1.1141164271162936,0.15662472561718757,0.23420682718088615,0.005213716067373753,46,55,45,7,6.753239154815674,4865104,368,0.6089429361488186,301,16,60,3,221,166,44,33,,,,,,,,,,,,,,,,,,,,,,,,,522,93,153,104
sweep,pima,2,0.8,sweep,0.5,1,4,3030,eta=1.0,0.7913207547169812,0.6955947449891667,0.8867924528301887,0.52,0.49473684210526314,0.896551724137931,0.6351351351351351,0.6466814916182004,0.22716940939426422,-0.467164210881851,0.1941970651727047,0.2027628280258938,0.009425750002264977,47,52,48,6,6.902608156204224,4865104,373,0.6374748617395676,301,16,60,3,221,166,44,33,,,,,,,,,,,,,,,,,,,,,,,,,522,93,153,104
sweep,pima,2,0.8,sweep,0.5,1,4,3030,rounds=5,0.7635849056603773,0.660102707883071,0.8679245283018868,0.44,0.45098039215686275,0.8627450980392157,0.5935483870967742,0.5881649220252083,0.22202874720096588,1.1489718794533046,0.2224168749098887,0.19492377981153966,0.0029243340250104666,46,44,56,7,4.057036638259888,2468464,292,0.590026395173454,301,16,60,3,221,166,44,33,,,,,,,,,,,,,,,,,,,,,,,,,522,93,153,104
sweep,pima,2,0.8,sweep,0.5,1,4,3030,rounds=10,0.7873584905660377,0.6909960653974287,0.8679245283018868,0.55,0.5054945054945055,0.8870967741935484,0.6388888888888888,0.6589506172839505,0.24704445898532867,-1.1141164271162936,0.15662472561718757,0.23420682718088615,0.005213716067373753,46,55,45,7,6.565599679946899,4865104,368,0.6089429361488186,301,16,60,3,221,166,44,33,,,,,,,,,,,,,,,,,,,,,,,,,522,93,153,104
sweep,pima,2,0.8,sweep,0.5,1,4,3030,rounds=20,0.7862264150943395,0.6962434036220614,0.8301886792452831,0.59,0.5176470588235295,0.8676470588235294,0.6376811594202898,0.6700310559006211,0.2411455661058426,-1.1954159024828308,0.1711684211687753,0.2176970780881889,0.04754436016082764,44,59,41,9,13.000161409378052,9658384,373,0.6167986425339367,301,16,60,3,221,166,44,33,,,,,,,,,,,,,,,,,,,,,,,,,522,93,153,104
sweep,pima,2,0.8,sweep,0.5,2,0,4026,tau0=0.8,0.8488888888888888,0.7571744043800339,0.5370370370370371,0.9,0.7435897435897436,0.782608695652174,0.6236559139784946,0.730432608152038,0.16750258207321167,-0.5599515420643368,0.3800834156095601,0.14997551406358745,0.7551329135894775,29,90,10,25,6.788559198379517,4865104,284,0.5676823176823177,165,16,33,3,356,166,71,33,,,,,,,,,,,,,,,,,,,,,,,,,521,93,154,104
sweep,pima,2,0.8,sweep,0.5,2,0,4026,tau0=0.85,0.869074074074074,0.7522139753308343,0.7407407407407407,0.83,0.7017543859649122,0.8556701030927835,0.7207207207207207,0.781680157314675,0.17111782729625702,-1.3703557018589094,0.3987227396873727,0.1600398217243227,0.767569899559021,40,83,17,14,7.247368574142456,4865104,297,0.5656218781218781,165,16,33,3,356,166,71,33,,,,,,,,,,,,,,,,,,,,,,,,,521,93,154,104
sweep,pima,2,0.8,sweep,0.5,2,0,4026,tau0=0.9,0.8550925925925926,0.6980149917397909,0.46296296296296297,0.94,0.8064516129032258,0.7642276422764228,0.5882352941176471,0.7156423107359535,0.1867300271987915,-1.7385990726276142,0.24185607433037629,0.17969780722512052,0.9908657670021057,25,94,6,29,7.190304279327393,4865104,241,0.5761738261738262,165,16,33,3,356,166,71,33,,,,,,,,,,,,,,,,,,,,,,,,,521,93,154,104
sweep,pima,2,0.8,sweep,0.5,2,0,4026,tau0=0.95,0.8726851851851852,0.7309977342112404,0.5740740740740741,0.91,0.775,0.7982456140350878,0.6595744680851063,0.7550208789023662,0.16002529859542847,-1.4768273394633038,0.3368107808714923,0.15471783934717442,0.9287629127502441,31,91,9,23,6.707471132278442,4865104,214,0.5881618381618382,165,16,33,3,356,166,71,33,,,,,,,,,,,,,,,,,,,,,,,,,521,93,154,104
sweep,pima,2,0.8,sweep,0.5,2,0,4026,tau_decay=0.0,0.8090740740740741,0.6827221159916166,0.6296296296296297,0.85,0.6938775510204082,0.8095238095238095,0.6601941747572816,0.7447312337201042,0.20703165233135223,-1.635612326591806,0.2158150259230257,0.1839278902277931,0.8939138054847717,34,85,15,20,7.31246018409729,4865104,33,0.619443056943057,165,16,33,3,356,166,71,33,,,,,,,,,,,,,,,,,,,,,,,,,521,93,154,104
sweep,pima,2,0.8,sweep,0.5,2,0,4026,tau_decay=0.03,0.8550925925925926,0.6980149917397909,0.46296296296296297,0.94,0.8064516129032258,0.7642276422764228,0.5882352941176471,0.7156423107359535,0.1867300271987915,-1.7385990726276142,0.24185607433037629,0.17969780722512052,0.9908657670021057,25,94,6,29,6.865996599197388,4865104,241,0.5761738261738262,165,16,33,3,356,166,71,33,,,,,,,,,,,,,,,,,,,,,,,,,521,93,154,104
sweep,pima,2,0.8,sweep,0.5,2,0,4026,tau_decay=0.1,0.835925925925926,0.7308582770719796,0.5185185185185185,0.89,0.717948717948718,0.7739130434782608,0.6021505376344086,0.7150287571892973,0.20864561200141907,-1.2297836124229136,0.31160687253321695,0.20139934645070656,0.9279794096946716,28,89,11,26,6.965993404388428,4865104,322,0.5517607392607393,165,16,33,3,356,166,71,33,,,,,,,,,,,,,,,,,,,,,,,,,521,93,154,104
sweep,pima,2,0.8,sweep,0.5,2,0,4026,k=5,0.8281481481481481,0.7067510203424775,0.8888888888888888,0.63,0.5647058823529412,0.9130434782608695,0.6906474820143885,0.7181048060959516,0.22089046239852905,-2.1630010499507786,0.20776614554730982,0.2107833559540185,0.17831873893737793,48,63,37,6,4.812456130981445,4865104,313,0.5715222277722277,165,16,33,3,356,166,71,33,,,,,,,,,,,,,,,,,,,,,,,,,521,93,154,104
sweep,pima,2,0.8,sweep,0.5,2,0,4026,k=10,0.8550925925925926,0.6980149917397909,0.46296296296296297,0.94,0.8064516129032258,0.7642276422764228,0.5882352941176471,0.7156423107359535,0.1867300271987915,-1.7385990726276142,0.24185607433037629,0.17969780722512052,0.9908657670021057,25,94,6,29,6.878525018692017,4865104,241,0.5761738261738262,165,16,33,3,356,166,71,33,,,,,,,,,,,,,,,,,,,,,,,,,521,93,154,104
sweep,pima,2,0.8,sweep,0.5,2,0,4026,k=15,0.8644444444444443,0.7746144641234788,0.48148148148148145,0.94,0.8125,0.7704918032786885,0.6046511627906976,0.7257490048187722,0.15658076107501984,-0.44036940019985127,0.45679889422264025,0.14031761676653637,0.909123420715332,26,94,6,28,9.155612230300903,4865104,254,0.5638736263736264,165,16,33,3,356,166,71,33,,,,,,,,,,,,,,,,,,,,,,,,,521,93,154,104
sweep,pima,2,0.8,sweep,0.5,2,0,4026,k=20,0.8459259259259259,0.7394103252834713,0.42592592592592593,0.94,0.7931034482758621,0.752,0.5542168674698795,0.6948862115127176,0.19587378203868866,-1.8788061951840453,0.2849631318156137,0.19067706751891156,0.9883478283882141,23,94,6,31,11.825916051864624,4865104,246,0.580201048951049,165,16,33,3,356,166,71,33,,,,,,,,,,,,,,,,,,,,,,,,,521,93,154,104
sweep,pima,2,0.8,sweep,0.5,2,0,4026,agr_every=2,0.862037037037037,0.7637748452439403,0.7592592592592593,0.82,0.6949152542372882,0.8631578947368421,0.7256637168141593,0.7833446789199001,0.20023596286773682,-2.098419859157117,0.25585293635472406,0.19407474925717363,0.8142412304878235,41,82,18,13,6.712855577468872,4865104,290,0.5771728271728271,165,16,33,3,356,166,71,33,,,,,,,,,,,,,,,,,,,,,,,,,521,93,154,104
sweep,pima,2,0.8,sweep,0.5,2,0,4026,agr_every=3,0.8352777777777777,0.7077467751485651,0.7777777777777778,0.74,0.6176470588235294,0.8604651162790697,0.6885245901639344,0.7421117574475586,0.19665904343128204,-1.5643162904318677,0.2043008514402055,0.1854095639685145,0.4347172975540161,42,74,26,12,6.956929445266724,4865104,309,0.5720841658341658,165,16,33,3,356,166,71,33,,,,,,,,,,,,,,,,,,,,,,,,,521,93,154,104
sweep,pima,2,0.8,sweep,0.5,2,0,4026,agr_every=5,0.8550925925925926,0.6980149917397909,0.46296296296296297,0.94,0.8064516129032258,0.7642276422764228,0.5882352941176471,0.7156423107359535,0.1867300271987915,-1.7385990726276142,0.24185607433037629,0.17969780722512052,0.9908657670021057,25,94,6,29,7.130633592605591,4865104,241,0.5761738261738262,165,16,33,3,356,166,71,33,,,,,,,,,,,,,,,,,,,,,,,,,521,93,154,104
sweep,pima,2,0.8,sweep,0.5,2,0,4026,blend=0.0,0.8559259259259259,0.7100395099033554,0.6481481481481481,0.9,0.7777777777777778,0.8256880733944955,0.7070707070707071,0.7841573631047316,0.18746092915534973,-1.7583433378411712,0.24503048413364298,0.16911106501016523,0.9247711300849915,35,90,10,19,7.035117149353027,4865104,240,0.5740509490509491,165,16,33,3,356,166,71,33,,,,,,,,,,,,,,,,,,,,,,,,,521,93,154,104
sweep,pima,2,0.8,sweep,0.5,2,0,4026,blend=0.25,0.8562962962962963,0.7092938075998846,0.46296296296296297,0.93,0.78125,0.7622950819672131,0.5813953488372093,0.7096165933375236,0.1873466670513153,-1.7877628041964921,0.2389643267647973,0.16755099568588586,0.9898208379745483,25,93,7,29,7.340102910995483,4865104,240,0.5747065434565435,165,16,33,3,356,166,71,33,,,,,,,,,,,,,,,,,,,,,,,,,521,93,154,104
sweep,pima,2,0.8,sweep,0.5,2,0,4026,blend=0.5,0.8550925925925926,0.6980149917397909,0.46296296296296297,0.94,0.8064516129032258,0.7642276422764228,0.5882352941176471,0.7156423107359535,0.1867300271987915,-1.7385990726276142,0.24185607433037629,0.17969780722512052,0.9908657670021057,25,94,6,29,6.7340216636657715,4865104,241,0.5761738261738262,165,16,33,3,356,166,71,33,,,,,,,,,,,,,,,,,,,,,,,,,521,93,154,104
sweep,pima,2,0.8,sweep,0.5,2,0,4026,blend=0.75,0.860925925925926,0.7138336174293306,0.6296296296296297,0.91,0.7906976744186046,0.8198198198198198,0.7010309278350515,0.7817950847706063,0.17167748510837555,-1.3657385950471927,0.3107216154951931,0.16008188425526992,0.8980767726898193,34,91,9,20,6.805556297302246,4865104,240,0.578484015984016,165,16,33,3,356,166,71,33,,,,,,,,,,,,,,,,,,,,,,,,,521,93,154,104
sweep,pima,2,0.8,sweep,0.5,2,0,4026,blend=1.0,0.8592592592592593,0.7543166087135564,0.7037037037037037,0.83,0.6909090909090909,0.8383838383838383,0.6972477064220184,0.7657092803466876,0.171822190284729,-1.1506076796592488,0.44356636547488315,0.14384529299356721,0.7386561036109924,38,83,17,16,6.764519929885864,4865104,223,0.5881618381618381,165,16,33,3,356,166,71,33,,,,,,,,,,,,,,,,,,,,,,,,,521,93,154,104
sweep,pima,2,0.8,sweep,0.5,2,0,4026,noise_std=0.01,0.845,0.6801754725150713,0.8703703703703703,0.66,0.5802469135802469,0.9041095890410958,0.6962962962962963,0.7296510383215585,0.18874415755271912,-1.7715536411780273,0.22476974239431335,0.17059830241147184,0.20245273411273956,47,66,34,7,6.7384631633758545,4865104,240,0.5769542957042957,165,16,33,3,356,166,71,33,,,,,,,,,,,,,,,,,,,,,,,,,521,93,154,104
sweep,pima,2,0.8,sweep,0.5,2,0,4026,noise_std=0.05,0.8550925925925926,0.6980149917397909,0.46296296296296297,0.94,0.8064516129032258,0.7642276422764228,0.5882352941176471,0.7156423107359535,0.1867300271987915,-1.7385990726276142,0.24185607433037629,0.17969780722512052,0.9908657670021057,25,94,6,29,6.8954408168792725,4865104,241,0.5761738261738262,165,16,33,3,356,166,71,33,,,,,,,,,,,,,,,,,,,,,,,,,521,93,154,104
sweep,pima,2,0.8,sweep,0.5,2,0,4026,noise_std=0.1,0.8587037037037036,0.7179220762910277,0.8333333333333334,0.7,0.6,0.8860759493670886,0.6976744186046512,0.739898661816292,0.18902651965618134,-2.0370731404255347,0.2366472914717152,0.18351454636106243,0.4374314546585083,45,70,30,9,6.656375169754028,4865104,243,0.5747689810189811,165,16,33,3,356,166,71,33,,,,,,,,,,,,,,,,,,,,,,,,,521,93,154,104
sweep,pima,2,0.8,sweep,0.5,2,0,4026,eta=0.2,0.8180555555555555,0.6586230733781611,0.7962962962962963,0.7,0.589041095890411,0.8641975308641975,0.6771653543307087,0.725323008657067,0.2044285386800766,-1.5949347468726038,0.19209518190823494,0.19037038082402058,0.272009015083313,43,70,30,11,6.96472430229187,4865104,207,0.5940309690309691,165,16,33,3,356,166,71,33,,,,,,,,,,,,,,,,,,,,,,,,,521,93,154,104
sweep,pima,2,0.8,sweep,0.5,2,0,4026,eta=0.5,0.8148148148148149,0.6564387869806947,0.7592592592592593,0.75,0.6212121212121212,0.8522727272727273,0.6833333333333333,0.7406028368794326,0.19269898533821106,-0.8214857754988297,0.226126986208017,0.17785240583992623,0.36775654554367065,41,75,25,13,6.779247045516968,4865104,232,0.6015234765234766,165,16,33,3,356,166,71,33,,,,,,,,,,,,,,,,,,,,,,,,,521,93,154,104
sweep,pima,2,0.8,sweep,0.5,2,0,4026,eta=0.8,0.8550925925925926,0.6980149917397909,0.46296296296296297,0.94,0.8064516129032258,0.7642276422764228,0.5882352941176471,0.7156423107359535,0.1867300271987915,-1.7385990726276142,0.24185607433037629,0.17969780722512052,0.9908657670021057,25,94,6,29,6.9441587924957275,4865104,241,0.5761738261738262,165,16,33,3,356,166,71,33,,,,,,,,,,,,,,,,,,,,,,,,,521,93,154,104
sweep,pima,2,0.8,sweep,0.5,2,0,4026,eta=1.0,0.8583333333333334,0.7346241079034231,0.6111111111111112,0.94,0.8461538461538461,0.8173913043478261,0.7096774193548387,0.7920480120030008,0.15393458306789398,-0.6421329862513733,0.4144901577422782,0.12718322986809463,0.8182165622711182,33,94,6,21,6.709031581878662,4865104,250,0.5952172827172827,165,16,33,3,356,166,71,33,,,,,,,,,,,,,,,,,,,,,,,,,521,93,154,104
sweep,pima,2,0.8,sweep,0.5,2,0,4026,rounds=5,0.7864814814814814,0.6345878776013792,0.7592592592592593,0.7,0.5774647887323944,0.8433734939759037,0.656,0.7105136612021858,0.20606598258018494,-1.0627591058233752,0.22188927783874907,0.16953142761410056,0.3759862184524536,41,70,30,13,3.951925754547119,2468464,8,0.5781718281718282,165,16,33,3,356,166,71,33,,,,,,,,,,,,,,,,,,,,,,,,,521,93,154,104
sweep,pima,2,0.8,sweep,0.5,2,0,4026,rounds=10,0.8550925925925926,0.6980149917397909,0.46296296296296297,0.94,0.8064516129032258,0.7642276422764228,0.5882352941176471,0.7156423107359535,0.1867300271987915,-1.7385990726276142,0.24185607433037629,0.17969780722512052,0.9908657670021057,25,94,6,29,6.833105564117432,4865104,241,0.5761738261738262,165,16,33,3,356,166,71,33,,,,,,,,,,,,,,,,,,,,,,,,,521,93,154,104
sweep,pima,2,0.8,sweep,0.5,2,0,4026,rounds=20,0.7975925925925926,0.6818080920289378,0.8148148148148148,0.65,0.5569620253164557,0.8666666666666667,0.6616541353383458,0.7022556390977444,0.21603408455848694,-2.1615668280732026,0.15809603423282467,0.21493722553751976,0.07118051499128342,44,65,35,10,12.8278968334198,9658384,356,0.6210976523476524,165,16,33,3,356,166,71,33,,,,,,,,,,,,,,,,,,,,,,,,,521,93,154,104
sweep,pima,2,0.8,sweep,0.5,2,1,4027,tau0=0.8,0.7883333333333334,0.663381027996856,0.7592592592592593,0.6,0.5061728395061729,0.821917808219178,0.6074074074074074,0.6505245129522585,0.25615713000297546,-1.3135356303345023,0.13411525276488048,0.2517157669191237,0.022595657035708427,41,60,40,13,6.674306869506836,4865104,290,0.6476648351648352,193,92,38,18,328,90,66,18,,,,,,,,,,,,,,,,,,,,,,,,,521,93,154,104
sweep,pima,2,0.8,sweep,0.5,2,1,4027,tau0=0.85,0.792037037037037,0.6743018254626989,0.7777777777777778,0.64,0.5384615384615384,0.8421052631578947,0.6363636363636364,0.6818181818181819,0.2288564145565033,-0.6391396730079073,0.17019012832523175,0.22254783983112542,0.018229683861136436,42,64,36,12,7.509785413742065,4865104,281,0.6470716783216783,193,92,38,18,328,90,66,18,,,,,,,,,,,,,,,,,,,,,,,,,521,93,154,104
sweep,pima,2,0.8,sweep,0.5,2,1,4027,tau0=0.9,0.8021296296296296,0.6798256886793917,0.7592592592592593,0.69,0.5694444444444444,0.8414634146341463,0.6507936507936508,0.7045177045177045,0.23791469633579254,-0.7570498742799745,0.15917803163369032,0.2567181806684798,0.08812882751226425,41,69,31,13,6.854568243026733,4865104,276,0.6397040459540461,193,92,38,18,328,90,66,18,,,,,,,,,,,,,,,,,,,,,,,,,521,93,154,104
sweep,pima,2,0.8,sweep,0.5,2,1,4027,tau0=0.95,0.8069444444444445,0.685261243172077,0.7777777777777778,0.62,0.525,0.8378378378378378,0.6268656716417911,0.6697546749013553,0.23493508994579315,-1.408634047742317,0.150127267251684,0.22687459278355848,0.013400128111243248,42,62,38,12,6.928874731063843,4865104,244,0.6348026973026973,193,92,38,18,328,90,66,18,,,,,,,,,,,,,,,,,,,,,,,,,521,93,154,104
sweep,pima,2,0.8,sweep,0.5,2,1,4027,tau_decay=0.0,0.8041666666666667,0.6783298264904467,0.7407407407407407,0.72,0.5882352941176471,0.8372093023255814,0.6557377049180327,0.7149656266525648,0.23199701309204102,-0.8428917665850085,0.1571071977537286,0.2300878900357268,0.11728574335575104,40,72,28,14,7.244349241256714,4865104,70,0.6339597902097901,193,92,38,18,328,90,66,18,,,,,,,,,,,,,,,,,,,,,,,,,521,93,154,104
sweep,pima,2,0.8,sweep,0.5,2,1,4027,tau_decay=0.03,0.8021296296296296,0.6798256886793917,0.7592592592592593,0.69,0.5694444444444444,0.8414634146341463,0.6507936507936508,0.7045177045177045,0.23791469633579254,-0.7570498742799745,0.15917803163369032,0.2567181806684798,0.08812882751226425,41,69,31,13,6.425100564956665,4865104,276,0.6397040459540461,193,92,38,18,328,90,66,18,,,,,,,,,,,,,,,,,,,,,,,,,521,93,154,104
sweep,pima,2,0.8,sweep,0.5,2,1,4027,tau_decay=0.1,0.794074074074074,0.6761792457940812,0.8333333333333334,0.59,0.5232558139534884,0.8676470588235294,0.6428571428571429,0.6726190476190477,0.24581463634967804,-1.220101971158149,0.19150144402631197,0.25270984631467175,0.02814963459968567,45,59,41,9,6.804240942001343,4865104,312,0.6546266233766234,193,92,38,18,328,90,66,18,,,,,,,,,,,,,,,,,,,,,,,,,521,93,154,104
sweep,pima,2,0.8,sweep,0.5,2,1,4027,k=5,0.7814814814814814,0.6335169458606568,0.7037037037037037,0.64,0.5135135135135135,0.8,0.59375,0.6524305555555556,0.2571914494037628,-1.1058401189146456,0.16251494624937377,0.2604403175389418,0.10753392428159714,38,64,36,16,5.233897924423218,4865104,274,0.6338349150849151,193,92,38,18,328,90,66,18,,,,,,,,,,,,,,,,,,,,,,,,,521,93,154,104
sweep,pima,2,0.8,sweep,0.5,2,1,4027,k=10,0.8021296296296296,0.6798256886793917,0.7592592592592593,0.69,0.5694444444444444,0.8414634146341463,0.6507936507936508,0.7045177045177045,0.23791469633579254,-0.7570498742799745,0.15917803163369032,0.2567181806684798,0.08812882751226425,41,69,31,13,6.802578687667847,4865104,276,0.6397040459540461,193,92,38,18,328,90,66,18,,,,,,,,,,,,,,,,,,,,,,,,,521,93,154,104
sweep,pima,2,0.8,sweep,0.5,2,1,4027,k=15,0.8096296296296297,0.7262104060550817,0.6851851851851852,0.77,0.6166666666666667,0.8191489361702128,0.6491228070175439,0.7214686200036173,0.21754151582717896,-0.24429596186575708,0.17751771776083802,0.20905463305580152,0.23188655078411102,37,77,23,17,8.780834913253784,4865104,263,0.6446366133866134,193,92,38,18,328,90,66,18,,,,,,,,,,,,,,,,,,,,,,,,,521,93,154,104
sweep,pima,2,0.8,sweep,0.5,2,1,4027,k=20,0.8272222222222223,0.7255846374212845,0.8333333333333334,0.61,0.5357142857142857,0.8714285714285714,0.6521739130434783,0.6849104859335038,0.21644112467765808,-0.9987801545025092,0.20255867073444717,0.20393095544067685,0.046800389885902405,45,61,39,9,11.479716777801514,4865104,267,0.6507867132867133,193,92,38,18,328,90,66,18,,,,,,,,,,,,,,,,,,,,,,,,,521,93,154,104
sweep,pima,2,0.8,sweep,0.5,2,1,4027,agr_every=2,0.7835185185185186,0.6682040863762612,0.7222222222222222,0.67,0.5416666666666666,0.8170731707317073,0.6190476190476191,0.6776556776556777,0.23635977506637573,-0.0019190529427088076,0.21389623159280022,0.22280461868488943,0.13754092156887054,39,67,33,15,6.6234660148620605,4865104,302,0.6854707792207793,193,92,38,18,328,90,66,18,,,,,,,,,,,,,,,,,,,,,,,,,521,93,154,104
sweep,pima,2,0.8,sweep,0.5,2,1,4027,agr_every=3,0.7892592592592593,0.6533262501498924,0.8518518518518519,0.56,0.5111111111111111,0.875,0.6388888888888888,0.6609078590785908,0.23353737592697144,-0.9537373099967509,0.22037580413271707,0.2233897646913281,0.025780418887734413,46,56,44,8,6.82247257232666,4865104,307,0.6965534465534465,193,92,38,18,328,90,66,18,,,,,,,,,,,,,,,,,,,,,,,,,521,93,154,104
sweep,pima,2,0.8,sweep,0.5,2,1,4027,agr_every=5,0.8021296296296296,0.6798256886793917,0.7592592592592593,0.69,0.5694444444444444,0.8414634146341463,0.6507936507936508,0.7045177045177045,0.23791469633579254,-0.7570498742799745,0.15917803163369032,0.2567181806684798,0.08812882751226425,41,69,31,13,7.155968904495239,4865104,276,0.6397040459540461,193,92,38,18,328,90,66,18,,,,,,,,,,,,,,,,,,,,,,,,,521,93,154,104
sweep,pima,2,0.8,sweep,0.5,2,1,4027,blend=0.0,0.7989814814814814,0.6717677601707097,0.7592592592592593,0.64,0.5324675324675324,0.8311688311688312,0.6259541984732825,0.674559020140596,0.23665951192378998,-0.7442787280106163,0.16003417918423768,0.24060801859316117,0.02331368252635002,41,64,36,13,6.854565858840942,4865104,280,0.6414210789210789,193,92,38,18,328,90,66,18,,,,,,,,,,,,,,,,,,,,,,,,,521,93,154,104
sweep,pima,2,0.8,sweep,0.5,2,1,4027,blend=0.25,0.7887037037037037,0.661535821699007,0.7407407407407407,0.67,0.547945205479452,0.8271604938271605,0.6299212598425197,0.6851263757776134,0.23706351220607758,-0.42601594420799654,0.17647979985399148,0.24142905161413664,0.10711629688739777,40,67,33,14,7.2574310302734375,4865104,276,0.6520354645354646,193,92,38,18,328,90,66,18,,,,,,,,,,,,,,,,,,,,,,,,,521,93,154,104
sweep,pima,2,0.8,sweep,0.5,2,1,4027,blend=0.5,0.8021296296296296,0.6798256886793917,0.7592592592592593,0.69,0.5694444444444444,0.8414634146341463,0.6507936507936508,0.7045177045177045,0.23791469633579254,-0.7570498742799745,0.15917803163369032,0.2567181806684798,0.08812882751226425,41,69,31,13,6.86722731590271,4865104,276,0.6397040459540461,193,92,38,18,328,90,66,18,,,,,,,,,,,,,,,,,,,,,,,,,521,93,154,104
sweep,pima,2,0.8,sweep,0.5,2,1,4027,blend=0.75,0.788148148148148,0.6633423459011856,0.7592592592592593,0.64,0.5324675324675324,0.8311688311688312,0.6259541984732825,0.674559020140596,0.23723870515823364,-0.46854300123624687,0.17948669252419647,0.24139460338908547,0.047221340239048004,41,64,36,13,6.9556403160095215,4865104,275,0.6513486513486514,193,92,38,18,328,90,66,18,,,,,,,,,,,,,,,,,,,,,,,,,521,93,154,104
sweep,pima,2,0.8,sweep,0.5,2,1,4027,blend=1.0,0.7924074074074073,0.6694126770221002,0.7407407407407407,0.66,0.5405405405405406,0.825,0.625,0.6791666666666667,0.23492877185344696,-0.5071757579930534,0.17885887941063452,0.2386519898745146,0.08548403531312943,40,66,34,14,6.9472815990448,4865104,275,0.6487887112887112,193,92,38,18,328,90,66,18,,,,,,,,,,,,,,,,,,,,,,,,,521,93,154,104
sweep,pima,2,0.8,sweep,0.5,2,1,4027,noise_std=0.01,0.8012962962962963,0.6842957926678117,0.7407407407407407,0.65,0.5333333333333333,0.8227848101265823,0.6201550387596899,0.6732060109999567,0.23380836844444275,-0.6691136712225846,0.1620453978074106,0.2311709409083736,0.03692237287759781,40,65,35,14,6.759869337081909,4865104,278,0.639266983016983,193,92,38,18,328,90,66,18,,,,,,,,,,,,,,,,,,,,,,,,,521,93,154,104
sweep,pima,2,0.8,sweep,0.5,2,1,4027,noise_std=0.05,0.8021296296296296,0.6798256886793917,0.7592592592592593,0.69,0.5694444444444444,0.8414634146341463,0.6507936507936508,0.7045177045177045,0.23791469633579254,-0.7570498742799745,0.15917803163369032,0.2567181806684798,0.08812882751226425,41,69,31,13,6.8798558712005615,4865104,276,0.6397040459540461,193,92,38,18,328,90,66,18,,,,,,,,,,,,,,,,,,,,,,,,,521,93,154,104
sweep,pima,2,0.8,sweep,0.5,2,1,4027,noise_std=0.1,0.7885185185185186,0.6686695972277346,0.7962962962962963,0.63,0.5375,0.8513513513513513,0.6417910447761194,0.6829644879053011,0.23644836246967316,-0.32493171232292695,0.17196436397340428,0.22868623409734723,0.017374107614159584,43,63,37,11,6.5521557331085205,4865104,287,0.6534090909090909,193,92,38,18,328,90,66,18,,,,,,,,,,,,,,,,,,,,,,,,,521,93,154,104
sweep,pima,2,0.8,sweep,0.5,2,1,4027,eta=0.2,0.7944444444444445,0.6803435664229733,0.8148148148148148,0.55,0.4943820224719101,0.8461538461538461,0.6153846153846154,0.641025641025641,0.22631612420082092,-0.06947497858822071,0.1827474360673375,0.21641669357074542,0.007670025806874037,44,55,45,10,6.8228232860565186,4865104,256,0.6477897102897103,193,92,38,18,328,90,66,18,,,,,,,,,,,,,,,,,,,,,,,,,521,93,154,104
sweep,pima,2,0.8,sweep,0.5,2,1,4027,eta=0.5,0.7922222222222223,0.6720596539688444,0.8148148148148148,0.58,0.5116279069767442,0.8529411764705882,0.6285714285714286,0.6595238095238095,0.23528379201889038,-0.3055770330024238,0.17294518685745278,0.23421873213941014,0.010951485484838486,44,58,42,10,6.893292665481567,4865104,270,0.6477272727272727,193,92,38,18,328,90,66,18,,,,,,,,,,,,,,,,,,,,,,,,,521,93,154,104
sweep,pima,2,0.8,sweep,0.5,2,1,4027,eta=0.8,0.8021296296296296,0.6798256886793917,0.7592592592592593,0.69,0.5694444444444444,0.8414634146341463,0.6507936507936508,0.7045177045177045,0.23791469633579254,-0.7570498742799745,0.15917803163369032,0.2567181806684798,0.08812882751226425,41,69,31,13,6.726598024368286,4865104,276,0.6397040459540461,193,92,38,18,328,90,66,18,,,,,,,,,,,,,,,,,,,,,,,,,521,93,154,104
sweep,pima,2,0.8,sweep,0.5,2,1,4027,eta=1.0,0.788888888888889,0.651848684623625,0.7592592592592593,0.67,0.5540540540540541,0.8375,0.640625,0.6925347222222222,0.23458734154701233,-0.4528191209776996,0.1788992679522424,0.23527510065960328,0.08094172924757004,41,67,33,13,6.9064085483551025,4865104,285,0.6436376123876124,193,92,38,18,328,90,66,18,,,,,,,,,,,,,,,,,,,,,,,,,521,93,154,104
sweep,pima,2,0.8,sweep,0.5,2,1,4027,rounds=5,0.8055555555555555,0.7321355423587403,0.6666666666666666,0.78,0.6206896551724138,0.8125,0.6428571428571429,0.7193877551020409,0.24430648982524872,-2.0105917162241647,0.19639054516151647,0.23332169563690952,0.8365692496299744,36,78,22,18,3.925309419631958,2468464,15,0.6004620379620379,193,92,38,18,328,90,66,18,,,,,,,,,,,,,,,,,,,,,,,,,521,93,154,104
sweep,pima,2,0.8,sweep,0.5,2,1,4027,rounds=10,0.8021296296296296,0.6798256886793917,0.7592592592592593,0.69,0.5694444444444444,0.8414634146341463,0.6507936507936508,0.7045177045177045,0.23791469633579254,-0.7570498742799745,0.15917803163369032,0.2567181806684798,0.08812882751226425,41,69,31,13,7.021484613418579,4865104,276,0.6397040459540461,193,92,38,18,328,90,66,18,,,,,,,,,,,,,,,,,,,,,,,,,521,93,154,104
sweep,pima,2,0.8,sweep,0.5,2,1,4027,rounds=20,0.7281481481481481,0.574072289301555,0.6481481481481481,0.55,0.4375,0.7432432432432432,0.5223880597014925,0.5772859838737348,0.24704395234584808,0.589359670507297,0.13552173833085898,0.24875818789247178,0.02433968335390091,35,55,45,19,12.806193590164185,9658384,366,0.6983016983016982,193,92,38,18,328,90,66,18,,,,,,,,,,,,,,,,,,,,,,,,,521,93,154,104
sweep,pima,2,0.8,sweep,0.5,2,2,4028,tau0=0.8,0.7748148148148148,0.641308718512398,0.5555555555555556,0.86,0.6818181818181818,0.7818181818181819,0.6122448979591837,0.7156462585034014,0.225637286901474,1.592402505388666,0.14883074394106777,0.22034224523715187,0.2687009274959564,30,86,14,24,6.8320958614349365,4865104,391,0.6599962537462537,175,147,35,29,346,35,69,7,,,,,,,,,,,,,,,,,,,,,,,,,521,93,154,104
sweep,pima,2,0.8,sweep,0.5,2,2,4028,tau0=0.85,0.8032407407407407,0.6878530250740307,0.46296296296296297,0.87,0.6578947368421053,0.75,0.5434782608695652,0.6745169082125604,0.22543275356292725,1.6899901569326528,0.15733301059572655,0.22350199980201663,0.7165259122848511,25,87,13,29,6.814709901809692,4865104,387,0.6267482517482518,175,147,35,29,346,35,69,7,,,,,,,,,,,,,,,,,,,,,,,,,521,93,154,104
sweep,pima,2,0.8,sweep,0.5,2,2,4028,tau0=0.9,0.7727777777777778,0.6357943284395643,0.5185185185185185,0.88,0.7,0.7719298245614035,0.5957446808510638,0.70908729369656,0.22183485329151154,1.2131267905660128,0.14393454395803662,0.21978205563379571,0.6176571249961853,28,88,12,26,7.025249004364014,4865104,376,0.6421391108891109,175,147,35,29,346,35,69,7,,,,,,,,,,,,,,,,,,,,,,,,,521,93,154,104
sweep,pima,2,0.8,sweep,0.5,2,2,4028,tau0=0.95,0.7560185185185184,0.6166092957243862,0.46296296296296297,0.89,0.6944444444444444,0.7542372881355932,0.5555555555555556,0.6860346585117227,0.22720684111118317,1.1441532281265319,0.1448653494430601,0.22996374292226582,0.8915632367134094,25,89,11,29,6.770974636077881,4865104,367,0.6716408591408591,175,147,35,29,346,35,69,7,,,,,,,,,,,,,,,,,,,,,,,,,521,93,154,104
sweep,pima,2,0.8,sweep,0.5,2,2,4028,tau_decay=0.0,0.7726851851851853,0.6307117407378435,0.5,0.87,0.675,0.7631578947368421,0.574468085106383,0.6937760986279579,0.22118505835533142,1.3818189783953307,0.15469631354197394,0.21049110143892952,0.7539929151535034,27,87,13,27,6.718496561050415,4865104,249,0.6652410089910089,175,147,35,29,346,35,69,7,,,,,,,,,,,,,,,,,,,,,,,,,521,93,154,104
sweep,pima,2,0.8,sweep,0.5,2,2,4028,tau_decay=0.03,0.7727777777777778,0.6357943284395643,0.5185185185185185,0.88,0.7,0.7719298245614035,0.5957446808510638,0.70908729369656,0.22183485329151154,1.2131267905660128,0.14393454395803662,0.21978205563379571,0.6176571249961853,28,88,12,26,6.756584644317627,4865104,376,0.6421391108891109,175,147,35,29,346,35,69,7,,,,,,,,,,,,,,,,,,,,,,,,,521,93,154,104
sweep,pima,2,0.8,sweep,0.5,2,2,4028,tau_decay=0.1,0.7983333333333333,0.6625310305667977,0.6666666666666666,0.79,0.631578947368421,0.8144329896907216,0.6486486486486487,0.7253395527507203,0.22146587073802948,1.800434994441322,0.15117682193703805,0.22226480075291224,0.08405165374279022,36,79,21,18,6.952554225921631,4865104,390,0.6222527472527473,175,147,35,29,346,35,69,7,,,,,,,,,,,,,,,,,,,,,,,,,521,93,154,104
sweep,pima,2,0.8,sweep,0.5,2,2,4028,k=5,0.7937962962962963,0.6701525101920834,0.6851851851851852,0.8,0.6491228070175439,0.8247422680412371,0.6666666666666666,0.739424703891709,0.21753603219985962,0.1090812639771214,0.14585843079779426,0.21230075716391786,0.3460969626903534,37,80,20,17,5.316073179244995,4865104,376,0.5897852147852148,175,147,35,29,346,35,69,7,,,,,,,,,,,,,,,,,,,,,,,,,521,93,154,104
sweep,pima,2,0.8,sweep,0.5,2,2,4028,k=10,0.7727777777777778,0.6357943284395643,0.5185185185185185,0.88,0.7,0.7719298245614035,0.5957446808510638,0.70908729369656,0.22183485329151154,1.2131267905660128,0.14393454395803662,0.21978205563379571,0.6176571249961853,28,88,12,26,7.463650226593018,4865104,376,0.6421391108891109,175,147,35,29,346,35,69,7,,,,,,,,,,,,,,,,,,,,,,,,,521,93,154,104
sweep,pima,2,0.8,sweep,0.5,2,2,4028,k=15,0.7746296296296296,0.6541905664594481,0.5,0.86,0.6585365853658537,0.7610619469026548,0.5684210526315789,0.6879663948603905,0.23369553685188293,1.335603181715817,0.1702039994310105,0.22431642839733462,0.40729087591171265,27,86,14,27,8.611708402633667,4865104,375,0.683223026973027,175,147,35,29,346,35,69,7,,,,,,,,,,,,,,,,,,,,,,,,,521,93,154,104
sweep,pima,2,0.8,sweep,0.5,2,2,4028,k=20,0.7559259259259259,0.6272764289865705,0.4074074074074074,0.87,0.6285714285714286,0.7310924369747899,0.4943820224719101,0.6444512852085578,0.2455117404460907,1.4399599393551183,0.1520654627356518,0.23537895675482495,0.6552073359489441,22,87,13,32,11.296437501907349,4865104,379,0.6830044955044955,175,147,35,29,346,35,69,7,,,,,,,,,,,,,,,,,,,,,,,,,521,93,154,104
sweep,pima,2,0.8,sweep,0.5,2,2,4028,agr_every=2,0.7788888888888889,0.6566516704407876,0.5,0.86,0.6585365853658537,0.7610619469026548,0.5684210526315789,0.6879663948603905,0.23703354597091675,2.5274775021931197,0.1530689794341342,0.23673146346874246,0.25932082533836365,27,86,14,27,6.840036153793335,4865104,371,0.6230332167832168,175,147,35,29,346,35,69,7,,,,,,,,,,,,,,,,,,,,,,,,,521,93,154,104
sweep,pima,2,0.8,sweep,0.5,2,2,4028,agr_every=3,0.782962962962963,0.6493083359540992,0.6296296296296297,0.8,0.6296296296296297,0.8,0.6296296296296297,0.7148148148148148,0.22456632554531097,1.5747669262225585,0.15497351050607713,0.21921647930300078,0.17777647078037262,34,80,20,20,6.8230674266815186,4865104,369,0.6480082417582418,175,147,35,29,346,35,69,7,,,,,,,,,,,,,,,,,,,,,,,,,521,93,154,104
sweep,pima,2,0.8,sweep,0.5,2,2,4028,agr_every=5,0.7727777777777778,0.6357943284395643,0.5185185185185185,0.88,0.7,0.7719298245614035,0.5957446808510638,0.70908729369656,0.22183485329151154,1.2131267905660128,0.14393454395803662,0.21978205563379571,0.6176571249961853,28,88,12,26,7.05995512008667,4865104,376,0.6421391108891109,175,147,35,29,346,35,69,7,,,,,,,,,,,,,,,,,,,,,,,,,521,93,154,104
sweep,pima,2,0.8,sweep,0.5,2,2,4028,blend=0.0,0.7760185185185186,0.6408196349289844,0.5,0.87,0.675,0.7631578947368421,0.574468085106383,0.6937760986279579,0.2268141657114029,1.0218146467118783,0.14153398434941464,0.21878396269756478,0.6520000696182251,27,87,13,27,6.7085723876953125,4865104,390,0.6451673326673326,175,147,35,29,346,35,69,7,,,,,,,,,,,,,,,,,,,,,,,,,521,93,154,104
sweep,pima,2,0.8,sweep,0.5,2,2,4028,blend=0.25,0.7817592592592594,0.6530228302719191,0.5185185185185185,0.89,0.717948717948718,0.7739130434782608,0.6021505376344086,0.7150287571892973,0.22332730889320374,0.7084084858922749,0.14128174415160769,0.2103427984364718,0.7472820281982422,28,89,11,26,6.852841854095459,4865104,390,0.6372377622377622,175,147,35,29,346,35,69,7,,,,,,,,,,,,,,,,,,,,,,,,,521,93,154,104
sweep,pima,2,0.8,sweep,0.5,2,2,4028,blend=0.5,0.7727777777777778,0.6357943284395643,0.5185185185185185,0.88,0.7,0.7719298245614035,0.5957446808510638,0.70908729369656,0.22183485329151154,1.2131267905660128,0.14393454395803662,0.21978205563379571,0.6176571249961853,28,88,12,26,7.018836975097656,4865104,376,0.6421391108891109,175,147,35,29,346,35,69,7,,,,,,,,,,,,,,,,,,,,,,,,,521,93,154,104
sweep,pima,2,0.8,sweep,0.5,2,2,4028,blend=0.75,0.7753703703703704,0.6386592071364071,0.5,0.88,0.6923076923076923,0.7652173913043478,0.5806451612903226,0.6996249062265567,0.22182504832744598,1.072890482360741,0.14711159542411117,0.2168203677510383,0.653774082660675,27,88,12,27,6.902962923049927,4865104,366,0.6456356143856143,175,147,35,29,346,35,69,7,,,,,,,,,,,,,,,,,,,,,,,,,521,93,154,104
sweep,pima,2,0.8,sweep,0.5,2,2,4028,blend=1.0,0.770462962962963,0.6355001745852601,0.5,0.87,0.675,0.7631578947368421,0.574468085106383,0.6937760986279579,0.22704939544200897,1.3674736738414337,0.13956275380804992,0.22064733424816618,0.5531512498855591,27,87,13,27,6.999326229095459,4865104,336,0.6528471528471529,175,147,35,29,346,35,69,7,,,,,,,,,,,,,,,,,,,,,,,,,521,93,154,104
sweep,pima,2,0.8,sweep,0.5,2,2,4028,noise_std=0.01,0.7826851851851853,0.646484450579627,0.5185185185185185,0.86,0.6666666666666666,0.7678571428571429,0.5833333333333334,0.6973270440251573,0.22580738365650177,0.8645094502728173,0.14836242413715728,0.2183061003346335,0.6239224672317505,28,86,14,26,7.0342161655426025,4865104,377,0.6435127372627373,175,147,35,29,346,35,69,7,,,,,,,,,,,,,,,,,,,,,,,,,521,93,154,104
sweep,pima,2,0.8,sweep,0.5,2,2,4028,noise_std=0.05,0.7727777777777778,0.6357943284395643,0.5185185185185185,0.88,0.7,0.7719298245614035,0.5957446808510638,0.70908729369656,0.22183485329151154,1.2131267905660128,0.14393454395803662,0.21978205563379571,0.6176571249961853,28,88,12,26,6.770078420639038,4865104,376,0.6421391108891109,175,147,35,29,346,35,69,7,,,,,,,,,,,,,,,,,,,,,,,,,521,93,154,104
sweep,pima,2,0.8,sweep,0.5,2,2,4028,noise_std=0.1,0.7709259259259258,0.6364407767168322,0.5,0.87,0.675,0.7631578947368421,0.574468085106383,0.6937760986279579,0.2303464263677597,2.0928534707955615,0.14396064658937407,0.22424551889348726,0.420716792345047,27,87,13,27,6.908589601516724,4865104,376,0.641983016983017,175,147,35,29,346,35,69,7,,,,,,,,,,,,,,,,,,,,,,,,,521,93,154,104
sweep,pima,2,0.8,sweep,0.5,2,2,4028,eta=0.2,0.7670370370370371,0.6381921436577619,0.5,0.86,0.6585365853658537,0.7610619469026548,0.5684210526315789,0.6879663948603905,0.22826030850410461,0.9426142403152697,0.14567366936943144,0.22024478062430958,0.595963716506958,27,86,14,27,6.775569438934326,4865104,370,0.6557504995004996,175,147,35,29,346,35,69,7,,,,,,,,,,,,,,,,,,,,,,,,,521,93,154,104
sweep,pima,2,0.8,sweep,0.5,2,2,4028,eta=0.5,0.7832407407407407,0.6327085465709551,0.5555555555555556,0.83,0.6382978723404256,0.7757009345794392,0.594059405940594,0.6979958865451763,0.2296457439661026,0.4906880456968535,0.143221485749541,0.2151129322924784,0.5525908470153809,30,83,17,24,6.848715543746948,4865104,373,0.6374875124875125,175,147,35,29,346,35,69,7,,,,,,,,,,,,,,,,,,,,,,,,,521,93,154,104
sweep,pima,2,0.8,sweep,0.5,2,2,4028,eta=0.8,0.7727777777777778,0.6357943284395643,0.5185185185185185,0.88,0.7,0.7719298245614035,0.5957446808510638,0.70908729369656,0.22183485329151154,1.2131267905660128,0.14393454395803662,0.21978205563379571,0.6176571249961853,28,88,12,26,6.75212287902832,4865104,376,0.6421391108891109,175,147,35,29,346,35,69,7,,,,,,,,,,,,,,,,,,,,,,,,,521,93,154,104
sweep,pima,2,0.8,sweep,0.5,2,2,4028,eta=1.0,0.7800925925925926,0.6356729330542086,0.5925925925925926,0.83,0.6530612244897959,0.7904761904761904,0.6213592233009708,0.7155576604309732,0.22597017884254456,0.8246957326341678,0.14636484461657265,0.214604859228258,0.4694710671901703,32,83,17,22,6.92789888381958,4865104,375,0.6392669830169831,175,147,35,29,346,35,69,7,,,,,,,,,,,,,,,,,,,,,,,,,521,93,154,104
sweep,pima,2,0.8,sweep,0.5,2,2,4028,rounds=5,0.7416666666666667,0.6034227317330899,0.6111111111111112,0.76,0.5789473684210527,0.7835051546391752,0.5945945945945946,0.6830840993277542,0.23831677436828613,0.208507258344831,0.17700863606130557,0.21753663585412422,0.4014483690261841,33,76,24,21,3.819589376449585,2468464,226,0.6602772227772228,175,147,35,29,346,35,69,7,,,,,,,,,,,,,,,,,,,,,,,,,521,93,154,104
sweep,pima,2,0.8,sweep,0.5,2,2,4028,rounds=10,0.7727777777777778,0.6357943284395643,0.5185185185185185,0.88,0.7,0.7719298245614035,0.5957446808510638,0.70908729369656,0.22183485329151154,1.2131267905660128,0.14393454395803662,0.21978205563379571,0.6176571249961853,28,88,12,26,6.992743730545044,4865104,376,0.6421391108891109,175,147,35,29,346,35,69,7,,,,,,,,,,,,,,,,,,,,,,,,,521,93,154,104
sweep,pima,2,0.8,sweep,0.5,2,2,4028,rounds=20,0.8077777777777777,0.6607970287480114,0.5925925925925926,0.83,0.6530612244897959,0.7904761904761904,0.6213592233009708,0.7155576604309732,0.21738052368164062,1.6650819061863742,0.20300065170399598,0.21885951085911165,0.18354187905788422,32,83,17,22,12.231258153915405,9658384,405,0.6321178821178821,175,147,35,29,346,35,69,7,,,,,,,,,,,,,,,,,,,,,,,,,521,93,154,104
sweep,pima,2,0.8,sweep,0.5,2,3,4029,tau0=0.8,0.7313207547169811,0.5963636698874498,0.5471698113207547,0.73,0.5178571428571429,0.7525773195876289,0.5321100917431193,0.6366134215060775,0.286225825548172,0.23138876849883075,0.1547489287911492,0.27449186344697973,0.2871713936328888,29,73,27,24,7.0330963134765625,4865104,351,0.6292106586224234,249,140,50,28,273,42,54,8,,,,,,,,,,,,,,,,,,,,,,,,,522,93,153,104
sweep,pima,2,0.8,sweep,0.5,2,3,4029,tau0=0.85,0.6947169811320756,0.5675975852868316,0.660377358490566,0.63,0.4861111111111111,0.7777777777777778,0.56,0.6280662983425415,0.29289624094963074,1.1886089503381967,0.13190510947586703,0.2905275131898378,0.04685969278216362,35,63,37,18,6.634546756744385,4865104,348,0.6434766214177979,249,140,50,28,273,42,54,8,,,,,,,,,,,,,,,,,,,,,,,,,522,93,153,104
sweep,pima,2,0.8,sweep,0.5,2,3,4029,tau0=0.9,0.7218867924528303,0.6096697413320271,0.6415094339622641,0.7,0.53125,0.7865168539325843,0.5811965811965812,0.6609686609686609,0.27101197838783264,-0.42245442532815053,0.15196851072491213,0.24272065028986511,0.33746060729026794,34,70,30,19,6.963883399963379,4865104,339,0.6485042735042735,249,140,50,28,273,42,54,8,,,,,,,,,,,,,,,,,,,,,,,,,522,93,153,104
sweep,pima,2,0.8,sweep,0.5,2,3,4029,tau0=0.95,0.7235849056603774,0.5816580567094309,0.6981132075471698,0.59,0.47435897435897434,0.7866666666666666,0.5648854961832062,0.6195856052344602,0.2685568332672119,0.36129942020109107,0.15296779930077262,0.24923055867354074,0.08082020282745361,37,59,41,16,6.824367523193359,4865104,300,0.6577425842131724,249,140,50,28,273,42,54,8,,,,,,,,,,,,,,,,,,,,,,,,,522,93,153,104
sweep,pima,2,0.8,sweep,0.5,2,3,4029,tau_decay=0.0,0.735188679245283,0.589720567413369,0.8113207547169812,0.57,0.5,0.8507462686567164,0.6187050359712231,0.6506698832550726,0.2716391682624817,-0.15276250831354482,0.1481551371263273,0.2688609231932977,0.030329592525959015,43,57,43,10,6.634764194488525,4865104,112,0.6470902463549523,249,140,50,28,273,42,54,8,,,,,,,,,,,,,,,,,,,,,,,,,522,93,153,104
sweep,pima,2,0.8,sweep,0.5,2,3,4029,tau_decay=0.03,0.7218867924528303,0.6096697413320271,0.6415094339622641,0.7,0.53125,0.7865168539325843,0.5811965811965812,0.6609686609686609,0.27101197838783264,-0.42245442532815053,0.15196851072491213,0.24272065028986511,0.33746060729026794,34,70,30,19,6.9521214962005615,4865104,339,0.6485042735042735,249,140,50,28,273,42,54,8,,,,,,,,,,,,,,,,,,,,,,,,,522,93,153,104
sweep,pima,2,0.8,sweep,0.5,2,3,4029,tau_decay=0.1,0.7181132075471698,0.5948124164809943,0.5094339622641509,0.81,0.5869565217391305,0.7570093457943925,0.5454545454545454,0.6640316205533596,0.26020798087120056,0.7369189797033753,0.12597033001332933,0.23374423443102366,0.41561359167099,27,81,19,26,7.2539238929748535,4865104,340,0.6282365510306687,249,140,50,28,273,42,54,8,,,,,,,,,,,,,,,,,,,,,,,,,522,93,153,104
sweep,pima,2,0.8,sweep,0.5,2,3,4029,k=5,0.710377358490566,0.5843822044089719,0.6226415094339622,0.7,0.5238095238095238,0.7777777777777778,0.5689655172413793,0.6529038112522686,0.2623309791088104,0.6973490196222497,0.13956378280404563,0.24563928370917934,0.09879890829324722,33,70,30,20,5.137289524078369,4865104,339,0.62100930115636,249,140,50,28,273,42,54,8,,,,,,,,,,,,,,,,,,,,,,,,,522,93,153,104
sweep,pima,2,0.8,sweep,0.5,2,3,4029,k=10,0.7218867924528303,0.6096697413320271,0.6415094339622641,0.7,0.53125,0.7865168539325843,0.5811965811965812,0.6609686609686609,0.27101197838783264,-0.42245442532815053,0.15196851072491213,0.24272065028986511,0.33746060729026794,34,70,30,19,6.665182113647461,4865104,339,0.6485042735042735,249,140,50,28,273,42,54,8,,,,,,,,,,,,,,,,,,,,,,,,,522,93,153,104
sweep,pima,2,0.8,sweep,0.5,2,3,4029,k=15,0.7162264150943397,0.5601897991591338,0.5094339622641509,0.8,0.574468085106383,0.7547169811320755,0.54,0.6583495145631069,0.24746310710906982,0.2439762497309042,0.2057680010913858,0.21011696841105143,0.4704793393611908,27,80,20,26,8.777465105056763,4865104,339,0.6814353946706888,249,140,50,28,273,42,54,8,,,,,,,,,,,,,,,,,,,,,,,,,522,93,153,104
sweep,pima,2,0.8,sweep,0.5,2,3,4029,k=20,0.7247169811320755,0.5583232883462792,0.7169811320754716,0.66,0.5277777777777778,0.8148148148148148,0.608,0.6686408839779006,0.26473432779312134,-1.0974565310910693,0.14746161861372117,0.24820157515457256,0.27189329266548157,38,66,34,15,10.520312309265137,4865104,345,0.6632730015082956,249,140,50,28,273,42,54,8,,,,,,,,,,,,,,,,,,,,,,,,,522,93,153,104
sweep,pima,2,0.8,sweep,0.5,2,3,4029,agr_every=2,0.7039622641509434,0.5842851260644699,0.6226415094339622,0.69,0.515625,0.7752808988764045,0.5641025641025641,0.647130647130647,0.2523249089717865,0.9760417343871804,0.17672560751617095,0.22169405928039865,0.14981384575366974,33,69,31,20,6.700877666473389,4865104,321,0.6375691302161891,249,140,50,28,273,42,54,8,,,,,,,,,,,,,,,,,,,,,,,,,522,93,153,104
sweep,pima,2,0.8,sweep,0.5,2,3,4029,agr_every=3,0.728867924528302,0.5689373074331794,0.660377358490566,0.65,0.5,0.7831325301204819,0.5691056910569106,0.6397441023590564,0.25651779770851135,0.3972494112725827,0.1601957303905752,0.2593527508083901,0.0727449581027031,35,65,35,18,7.2209460735321045,4865104,330,0.66688662644545,249,140,50,28,273,42,54,8,,,,,,,,,,,,,,,,,,,,,,,,,522,93,153,104
sweep,pima,2,0.8,sweep,0.5,2,3,4029,agr_every=5,0.7218867924528303,0.6096697413320271,0.6415094339622641,0.7,0.53125,0.7865168539325843,0.5811965811965812,0.6609686609686609,0.27101197838783264,-0.42245442532815053,0.15196851072491213,0.24272065028986511,0.33746060729026794,34,70,30,19,6.839679718017578,4865104,339,0.6485042735042735,249,140,50,28,273,42,54,8,,,,,,,,,,,,,,,,,,,,,,,,,522,93,153,104
sweep,pima,2,0.8,sweep,0.5,2,3,4029,blend=0.0,0.710377358490566,0.5981681607236438,0.7547169811320755,0.57,0.4819277108433735,0.8142857142857143,0.5882352941176471,0.6294117647058823,0.27677568793296814,-0.19632639476166983,0.14382875552763447,0.2477659634040559,0.13161474466323853,40,57,43,13,6.827073097229004,4865104,348,0.6556058320764203,249,140,50,28,273,42,54,8,,,,,,,,,,,,,,,,,,,,,,,,,522,93,153,104
sweep,pima,2,0.8,sweep,0.5,2,3,4029,blend=0.25,0.7166037735849057,0.6051756044241345,0.7547169811320755,0.59,0.49382716049382713,0.8194444444444444,0.5970149253731343,0.6415307185005206,0.2764081656932831,-0.1605089694537288,0.14477850777837056,0.25315712923731876,0.1105896383523941,40,59,41,13,6.460573673248291,4865104,347,0.6470902463549522,249,140,50,28,273,42,54,8,,,,,,,,,,,,,,,,,,,,,,,,,522,93,153,104
sweep,pima,2,0.8,sweep,0.5,2,3,4029,blend=0.5,0.7218867924528303,0.6096697413320271,0.6415094339622641,0.7,0.53125,0.7865168539325843,0.5811965811965812,0.6609686609686609,0.27101197838783264,-0.42245442532815053,0.15196851072491213,0.24272065028986511,0.33746060729026794,34,70,30,19,6.7982094287872314,4865104,339,0.6485042735042735,249,140,50,28,273,42,54,8,,,,,,,,,,,,,,,,,,,,,,,,,522,93,153,104
sweep,pima,2,0.8,sweep,0.5,2,3,4029,blend=0.75,0.7243396226415095,0.5787835463414466,0.7547169811320755,0.64,0.5263157894736842,0.8311688311688312,0.6201550387596899,0.6716594402837998,0.2690301835536957,-0.09919875634649866,0.15159255743401281,0.2559358409660704,0.16320239007472992,40,64,36,13,6.9404332637786865,4865104,297,0.6529663147310206,249,140,50,28,273,42,54,8,,,,,,,,,,,,,,,,,,,,,,,,,522,93,153,104
sweep,pima,2,0.8,sweep,0.5,2,3,4029,blend=1.0,0.6933962264150944,0.545687638875838,0.7735849056603774,0.56,0.4823529411764706,0.8235294117647058,0.5942028985507246,0.6304347826086956,0.29405635595321655,-0.836720246098079,0.1439161764731959,0.2638879629412021,0.15127189457416534,41,56,44,12,6.871511459350586,4865104,260,0.6649069884364003,249,140,50,28,273,42,54,8,,,,,,,,,,,,,,,,,,,,,,,,,522,93,153,104
sweep,pima,2,0.8,sweep,0.5,2,3,4029,noise_std=0.01,0.7298113207547169,0.5890366336471565,0.5849056603773585,0.76,0.5636363636363636,0.7755102040816326,0.5740740740740741,0.6708754208754208,0.25991493463516235,0.053493014623336624,0.15125718879718708,0.2293948891079601,0.3888029456138611,31,76,24,22,7.022757530212402,4865104,341,0.6495098039215687,249,140,50,28,273,42,54,8,,,,,,,,,,,,,,,,,,,,,,,,,522,93,153,104
sweep,pima,2,0.8,sweep,0.5,2,3,4029,noise_std=0.05,0.7218867924528303,0.6096697413320271,0.6415094339622641,0.7,0.53125,0.7865168539325843,0.5811965811965812,0.6609686609686609,0.27101197838783264,-0.42245442532815053,0.15196851072491213,0.24272065028986511,0.33746060729026794,34,70,30,19,6.6662139892578125,4865104,339,0.6485042735042735,249,140,50,28,273,42,54,8,,,,,,,,,,,,,,,,,,,,,,,,,522,93,153,104
sweep,pima,2,0.8,sweep,0.5,2,3,4029,noise_std=0.1,0.6954716981132075,0.5528071378553152,0.7547169811320755,0.61,0.5063291139240507,0.8243243243243243,0.6060606060606061,0.6536050156739812,0.28585121035575867,-0.6107869609307355,0.11779328558787999,0.2720301626554502,0.1893523931503296,40,61,39,13,6.898495435714722,4865104,339,0.655982905982906,249,140,50,28,273,42,54,8,,,,,,,,,,,,,,,,,,,,,,,,,522,93,153,104
sweep,pima,2,0.8,sweep,0.5,2,3,4029,eta=0.2,0.7080188679245283,0.546484309301988,0.7924528301886793,0.54,0.4772727272727273,0.8307692307692308,0.5957446808510638,0.6251450676982592,0.2976972162723541,0.8860120615804303,0.13878337947525557,0.28844816257166705,0.01921699568629265,42,54,46,11,6.892605304718018,4865104,302,0.6528406234288587,249,140,50,28,273,42,54,8,,,,,,,,,,,,,,,,,,,,,,,,,522,93,153,104
sweep,pima,2,0.8,sweep,0.5,2,3,4029,eta=0.5,0.7083018867924529,0.5880342128471324,0.5660377358490566,0.71,0.5084745762711864,0.7553191489361702,0.5357142857142857,0.6338365243004418,0.27565377950668335,0.6868786352157853,0.1558465226978287,0.26157957668495335,0.23446959257125854,30,71,29,23,6.806063890457153,4865104,316,0.6578682755153343,249,140,50,28,273,42,54,8,,,,,,,,,,,,,,,,,,,,,,,,,522,93,153,104
sweep,pima,2,0.8,sweep,0.5,2,3,4029,eta=0.8,0.7218867924528303,0.6096697413320271,0.6415094339622641,0.7,0.53125,0.7865168539325843,0.5811965811965812,0.6609686609686609,0.27101197838783264,-0.42245442532815053,0.15196851072491213,0.24272065028986511,0.33746060729026794,34,70,30,19,6.504180431365967,4865104,339,0.6485042735042735,249,140,50,28,273,42,54,8,,,,,,,,,,,,,,,,,,,,,,,,,522,93,153,104
sweep,pima,2,0.8,sweep,0.5,2,3,4029,eta=1.0,0.6939622641509434,0.5923730106006322,0.7358490566037735,0.59,0.4875,0.8082191780821918,0.5864661654135338,0.6342735451345125,0.310342013835907,1.5606124165557866,0.1362701843909595,0.3078024764514826,0.030867915600538254,39,59,41,14,6.6753294467926025,4865104,339,0.6551659125188537,249,140,50,28,273,42,54,8,,,,,,,,,,,,,,,,,,,,,,,,,522,93,153,104
sweep,pima,2,0.8,sweep,0.5,2,3,4029,rounds=5,0.7232075471698114,0.5477111817754162,0.6415094339622641,0.71,0.5396825396825397,0.7888888888888889,0.5862068965517241,0.6667876588021778,0.26830676198005676,-0.9426465586694845,0.13541545938027583,0.2471767809802021,0.5193864703178406,34,71,29,19,3.5000171661376953,2468464,82,0.6208207642031172,249,140,50,28,273,42,54,8,,,,,,,,,,,,,,,,,,,,,,,,,522,93,153,104
sweep,pima,2,0.8,sweep,0.5,2,3,4029,rounds=10,0.7218867924528303,0.6096697413320271,0.6415094339622641,0.7,0.53125,0.7865168539325843,0.5811965811965812,0.6609686609686609,0.27101197838783264,-0.42245442532815053,0.15196851072491213,0.24272065028986511,0.33746060729026794,34,70,30,19,7.151362657546997,4865104,339,0.6485042735042735,249,140,50,28,273,42,54,8,,,,,,,,,,,,,,,,,,,,,,,,,522,93,153,104
sweep,pima,2,0.8,sweep,0.5,2,3,4029,rounds=20,0.7130188679245283,0.607526929732865,0.6981132075471698,0.63,0.5,0.7974683544303798,0.5826771653543307,0.6432938899397351,0.2715071737766266,0.02384961387280509,0.14630351360608884,0.25055153506010575,0.10297085344791412,37,63,37,16,10.705220222473145,9658384,362,0.6448592257415786,249,140,50,28,273,42,54,8,,,,,,,,,,,,,,,,,,,,,,,,,522,93,153,104
sweep,pima,2,0.8,sweep,0.5,2,4,4030,tau0=0.8,0.7396226415094339,0.5791600873919241,0.9056603773584906,0.48,0.48,0.9056603773584906,0.6274509803921569,0.6274509803921569,0.26374751329421997,0.08385607771271322,0.18456173747703455,0.2525393686080778,0.007780653890222311,48,48,52,5,6.900801658630371,4865104,367,0.6521942110177404,202,153,41,31,320,29,64,6,,,,,,,,,,,,,,,,,,,,,,,,,522,93,153,105
sweep,pima,2,0.8,sweep,0.5,2,4,4030,tau0=0.85,0.7071698113207546,0.5702416722039143,0.7358490566037735,0.51,0.4431818181818182,0.7846153846153846,0.5531914893617021,0.5856866537717602,0.264972448348999,0.684636647180354,0.16313994048596744,0.2545238824841244,0.0343858003616333,39,51,49,14,6.699337005615234,4865104,356,0.6726735138499844,202,153,41,31,320,29,64,6,,,,,,,,,,,,,,,,,,,,,,,,,522,93,153,105
sweep,pima,2,0.8,sweep,0.5,2,4,4030,tau0=0.9,0.7326415094339622,0.5570537978455006,0.8490566037735849,0.46,0.45454545454545453,0.8518518518518519,0.5921052631578947,0.594753930280246,0.24591568112373352,0.6666338306933163,0.1996437505158955,0.2109544900751192,0.014623405411839485,45,46,54,8,6.921714544296265,4865104,351,0.6432306255835668,202,153,41,31,320,29,64,6,,,,,,,,,,,,,,,,,,,,,,,,,522,93,153,105
sweep,pima,2,0.8,sweep,0.5,2,4,4030,tau0=0.95,0.7460377358490566,0.5670491342370955,0.9056603773584906,0.44,0.46153846153846156,0.8979591836734694,0.6114649681528662,0.6010344974992519,0.23812232911586761,0.4023754562870661,0.18262123092079285,0.19709583167351927,0.00839265901595354,48,44,56,5,6.83517861366272,4865104,339,0.6579209461562403,202,153,41,31,320,29,64,6,,,,,,,,,,,,,,,,,,,,,,,,,522,93,153,105
sweep,pima,2,0.8,sweep,0.5,2,4,4030,tau_decay=0.0,0.7643396226415093,0.5886825240849958,0.9056603773584906,0.44,0.46153846153846156,0.8979591836734694,0.6114649681528662,0.6010344974992519,0.21844522655010223,0.16405528182295184,0.21905756351999847,0.19514958467943214,0.011267534457147121,48,44,56,5,6.563171863555908,4865104,144,0.6113600995953937,202,153,41,31,320,29,64,6,,,,,,,,,,,,,,,,,,,,,,,,,522,93,153,105
sweep,pima,2,0.8,sweep,0.5,2,4,4030,tau_decay=0.03,0.7326415094339622,0.5570537978455006,0.8490566037735849,0.46,0.45454545454545453,0.8518518518518519,0.5921052631578947,0.594753930280246,0.24591568112373352,0.6666338306933163,0.1996437505158955,0.2109544900751192,0.014623405411839485,45,46,54,8,6.7854578495025635,4865104,351,0.6432306255835668,202,153,41,31,320,29,64,6,,,,,,,,,,,,,,,,,,,,,,,,,522,93,153,105
sweep,pima,2,0.8,sweep,0.5,2,4,4030,tau_decay=0.1,0.729622641509434,0.5932377942346141,0.6415094339622641,0.57,0.44155844155844154,0.75,0.5230769230769231,0.585402097902098,0.23827320337295532,0.49076821743639965,0.16129404859782376,0.22348387007376336,0.07175583392381668,34,57,43,19,7.494745969772339,4865104,368,0.6426392779333956,202,153,41,31,320,29,64,6,,,,,,,,,,,,,,,,,,,,,,,,,522,93,153,105
sweep,pima,2,0.8,sweep,0.5,2,4,4030,k=5,0.7185849056603774,0.5354179735143875,0.8301886792452831,0.51,0.4731182795698925,0.85,0.6027397260273972,0.6201198630136986,0.2743705213069916,-0.14660904644369907,0.1547241677914933,0.250308039762518,0.012906905263662338,44,51,49,9,5.2101686000823975,4865104,367,0.6433239962651728,202,153,41,31,320,29,64,6,,,,,,,,,,,,,,,,,,,,,,,,,522,93,153,105
sweep,pima,2,0.8,sweep,0.5,2,4,4030,k=10,0.7326415094339622,0.5570537978455006,0.8490566037735849,0.46,0.45454545454545453,0.8518518518518519,0.5921052631578947,0.594753930280246,0.24591568112373352,0.6666338306933163,0.1996437505158955,0.2109544900751192,0.014623405411839485,45,46,54,8,6.456741809844971,4865104,351,0.6432306255835668,202,153,41,31,320,29,64,6,,,,,,,,,,,,,,,,,,,,,,,,,522,93,153,105
sweep,pima,2,0.8,sweep,0.5,2,4,4030,k=15,0.7311320754716981,0.5510851455622926,0.8113207547169812,0.49,0.4574468085106383,0.8305084745762712,0.5850340136054422,0.6006931074316519,0.2644990086555481,0.9338579209694581,0.15007982130343667,0.251953542202078,0.008791024796664715,43,49,51,10,8.894113779067993,4865104,367,0.666697790227202,202,153,41,31,320,29,64,6,,,,,,,,,,,,,,,,,,,,,,,,,522,93,153,105
sweep,pima,2,0.8,sweep,0.5,2,4,4030,k=20,0.7271698113207548,0.5637313304641662,0.8679245283018868,0.44,0.45098039215686275,0.8627450980392157,0.5935483870967742,0.5881649220252083,0.2780707776546478,-1.1841023419231766,0.16737770882245823,0.25617820121883567,0.025577083230018616,46,44,56,7,10.932845830917358,4865104,366,0.6822906940554,202,153,41,31,320,29,64,6,,,,,,,,,,,,,,,,,,,,,,,,,522,93,153,105
sweep,pima,2,0.8,sweep,0.5,2,4,4030,agr_every=2,0.6845283018867925,0.5675911452961202,0.6226415094339622,0.57,0.4342105263157895,0.7402597402597403,0.5116279069767442,0.5778478517934569,0.3020252287387848,-0.7941471231685501,0.14427232064038906,0.3005009921255455,0.12565059959888458,33,57,43,20,6.702953338623047,4865104,354,0.6511671335200747,202,153,41,31,320,29,64,6,,,,,,,,,,,,,,,,,,,,,,,,,522,93,153,105
sweep,pima,2,0.8,sweep,0.5,2,4,4030,agr_every=3,0.6720754716981132,0.5122738248456464,0.7358490566037735,0.53,0.45348837209302323,0.7910447761194029,0.5611510791366906,0.5979408090294231,0.26356619596481323,0.8280650069450728,0.1145867477596734,0.25344079586805085,0.03741705045104027,39,53,47,14,6.7115819454193115,4865104,354,0.6702147525676938,202,153,41,31,320,29,64,6,,,,,,,,,,,,,,,,,,,,,,,,,522,93,153,105
sweep,pima,2,0.8,sweep,0.5,2,4,4030,agr_every=5,0.7326415094339622,0.5570537978455006,0.8490566037735849,0.46,0.45454545454545453,0.8518518518518519,0.5921052631578947,0.594753930280246,0.24591568112373352,0.6666338306933163,0.1996437505158955,0.2109544900751192,0.014623405411839485,45,46,54,8,6.880038261413574,4865104,351,0.6432306255835668,202,153,41,31,320,29,64,6,,,,,,,,,,,,,,,,,,,,,,,,,522,93,153,105
sweep,pima,2,0.8,sweep,0.5,2,4,4030,blend=0.0,0.7111320754716981,0.5413451535908947,0.7924528301886793,0.49,0.45161290322580644,0.8166666666666667,0.5753424657534246,0.5939212328767123,0.25718727707862854,0.9545120608622462,0.18990960256900405,0.22387221798885104,0.013377666473388672,42,49,51,11,6.914719104766846,4865104,353,0.6377217553688141,202,153,41,31,320,29,64,6,,,,,,,,,,,,,,,,,,,,,,,,,522,93,153,105
sweep,pima,2,0.8,sweep,0.5,2,4,4030,blend=0.25,0.7258490566037736,0.5499008230268783,0.8867924528301887,0.41,0.44339622641509435,0.8723404255319149,0.5911949685534591,0.5745090489025799,0.24876870214939117,0.7687793126577208,0.20090408300346208,0.2290679393518789,0.007080919109284878,47,41,59,6,6.808870315551758,4865104,353,0.638842203548086,202,153,41,31,320,29,64,6,,,,,,,,,,,,,,,,,,,,,,,,,522,93,153,105
sweep,pima,2,0.8,sweep,0.5,2,4,4030,blend=0.5,0.7326415094339622,0.5570537978455006,0.8490566037735849,0.46,0.45454545454545453,0.8518518518518519,0.5921052631578947,0.594753930280246,0.24591568112373352,0.6666338306933163,0.1996437505158955,0.2109544900751192,0.014623405411839485,45,46,54,8,7.025291442871094,4865104,351,0.6432306255835668,202,153,41,31,320,29,64,6,,,,,,,,,,,,,,,,,,,,,,,,,522,93,153,105
sweep,pima,2,0.8,sweep,0.5,2,4,4030,blend=0.75,0.7545283018867925,0.5873404763978147,0.7735849056603774,0.53,0.4659090909090909,0.8153846153846154,0.5815602836879432,0.6119922630560928,0.23496665060520172,0.12811571190763613,0.20119843877840743,0.21237837338174867,0.05239396542310715,41,53,47,12,7.06812047958374,4865104,333,0.632150638032991,202,153,41,31,320,29,64,6,,,,,,,,,,,,,,,,,,,,,,,,,522,93,153,105
sweep,pima,2,0.8,sweep,0.5,2,4,4030,blend=1.0,0.7233962264150944,0.5251767684237075,0.7924528301886793,0.52,0.4666666666666667,0.8253968253968254,0.5874125874125874,0.6127246986142691,0.24643941223621368,0.38483462945768293,0.20749408921425241,0.1998734101896582,0.053720660507678986,42,52,48,11,6.914626359939575,4865104,294,0.6508870214752568,202,153,41,31,320,29,64,6,,,,,,,,,,,,,,,,,,,,,,,,,522,93,153,105
sweep,pima,2,0.8,sweep,0.5,2,4,4030,noise_std=0.01,0.6843396226415095,0.507147042150054,0.8867924528301887,0.43,0.4519230769230769,0.8775510204081632,0.5987261146496815,0.5879536613516865,0.2866959869861603,0.5055162764794287,0.13636587350182897,0.28466245283683145,0.004990474320948124,47,43,57,6,7.146062850952148,4865104,351,0.6522875816993464,202,153,41,31,320,29,64,6,,,,,,,,,,,,,,,,,,,,,,,,,522,93,153,105
sweep,pima,2,0.8,sweep,0.5,2,4,4030,noise_std=0.05,0.7326415094339622,0.5570537978455006,0.8490566037735849,0.46,0.45454545454545453,0.8518518518518519,0.5921052631578947,0.594753930280246,0.24591568112373352,0.6666338306933163,0.1996437505158955,0.2109544900751192,0.014623405411839485,45,46,54,8,7.049855947494507,4865104,351,0.6432306255835668,202,153,41,31,320,29,64,6,,,,,,,,,,,,,,,,,,,,,,,,,522,93,153,105
sweep,pima,2,0.8,sweep,0.5,2,4,4030,noise_std=0.1,0.7064150943396227,0.5169597368750891,0.8301886792452831,0.48,0.4583333333333333,0.8421052631578947,0.5906040268456376,0.6010344974992519,0.26638439297676086,0.4553760436507671,0.16576521414661588,0.23408152268943835,0.017814749851822853,44,48,52,9,6.615163326263428,4865104,351,0.6596327419856832,202,153,41,31,320,29,64,6,,,,,,,,,,,,,,,,,,,,,,,,,522,93,153,105
sweep,pima,2,0.8,sweep,0.5,2,4,4030,eta=0.2,0.7473584905660376,0.5808295160008519,0.8490566037735849,0.49,0.46875,0.8596491228070176,0.6040268456375839,0.6141153336468175,0.24228379130363464,-0.6934862310136444,0.18128185697869664,0.21577974391821167,0.02111806534230709,45,49,51,8,6.676735877990723,4865104,335,0.6461873638344227,202,153,41,31,320,29,64,6,,,,,,,,,,,,,,,,,,,,,,,,,522,93,153,105
sweep,pima,2,0.8,sweep,0.5,2,4,4030,eta=0.5,0.769433962264151,0.6189510499861384,0.8679245283018868,0.46,0.46,0.8679245283018868,0.6013071895424836,0.6013071895424836,0.217234268784523,0.11800522000103075,0.20459235282853247,0.19941136768099918,0.014057149179279804,46,46,54,7,6.880741834640503,4865104,347,0.6400560224089636,202,153,41,31,320,29,64,6,,,,,,,,,,,,,,,,,,,,,,,,,522,93,153,105
sweep,pima,2,0.8,sweep,0.5,2,4,4030,eta=0.8,0.7326415094339622,0.5570537978455006,0.8490566037735849,0.46,0.45454545454545453,0.8518518518518519,0.5921052631578947,0.594753930280246,0.24591568112373352,0.6666338306933163,0.1996437505158955,0.2109544900751192,0.014623405411839485,45,46,54,8,6.657489538192749,4865104,351,0.6432306255835668,202,153,41,31,320,29,64,6,,,,,,,,,,,,,,,,,,,,,,,,,522,93,153,105
sweep,pima,2,0.8,sweep,0.5,2,4,4030,eta=1.0,0.7394339622641509,0.5767097403246184,0.8490566037735849,0.42,0.4368932038834951,0.84,0.5769230769230769,0.5684615384615385,0.23659490048885345,0.8103251746281194,0.18350310527147762,0.2015873261429126,0.004675617907196283,45,42,58,8,6.983232498168945,4865104,357,0.6295985060690943,202,153,41,31,320,29,64,6,,,,,,,,,,,,,,,,,,,,,,,,,522,93,153,105
sweep,pima,2,0.8,sweep,0.5,2,4,4030,rounds=5,0.7416981132075472,0.5791202562332416,0.8301886792452831,0.53,0.4835164835164835,0.8548387096774194,0.6111111111111112,0.6327160493827161,0.24970808625221252,0.9048617495435507,0.1515198122967358,0.2220942311086296,0.007613406050950289,44,53,47,9,3.515127658843994,2468464,35,0.6328353563647682,202,153,41,31,320,29,64,6,,,,,,,,,,,,,,,,,,,,,,,,,522,93,153,105
sweep,pima,2,0.8,sweep,0.5,2,4,4030,rounds=10,0.7326415094339622,0.5570537978455006,0.8490566037735849,0.46,0.45454545454545453,0.8518518518518519,0.5921052631578947,0.594753930280246,0.24591568112373352,0.6666338306933163,0.1996437505158955,0.2109544900751192,0.014623405411839485,45,46,54,8,6.8667216300964355,4865104,351,0.6432306255835668,202,153,41,31,320,29,64,6,,,,,,,,,,,,,,,,,,,,,,,,,522,93,153,105
sweep,pima,2,0.8,sweep,0.5,2,4,4030,rounds=20,0.6956603773584906,0.4925665890753609,0.6226415094339622,0.68,0.5076923076923077,0.7727272727272727,0.559322033898305,0.641363144608727,0.27415362000465393,1.3493092406604374,0.1326097521211702,0.25013351245643267,0.09997129440307617,33,68,32,20,10.34722113609314,9658384,386,0.6189853719265485,202,153,41,31,320,29,64,6,,,,,,,,,,,,,,,,,,,,,,,,,522,93,153,105
sweep,gdm_early,3,0.8,sweep,0.5,0,1,2027,tau0=0.8,0.9898428370620015,0.9799718884110274,0.9817518248175182,0.9791183294663574,0.9676258992805755,0.9882903981264637,0.9746376811594203,0.9791603324212019,0.019107922911643982,-2.4883254128236256,0.43292182304847254,0.01874337035449262,0.6192734241485596,269,422,9,5,27.846531629562378,8043792,1861,0.4811672576832151,759,378,152,76,378,303,76,61,1260,252,252,50,,,,,,,,,,,,,,,,,,,,,2397,423,705,480
sweep,gdm_early,3,0.8,sweep,0.5,0,1,2027,tau0=0.85,0.9905160296035361,0.9798737903174171,0.9854014598540146,0.9791183294663574,0.967741935483871,0.9906103286384976,0.976491862567812,0.9806613338510005,0.018876967951655388,-3.4064275964742667,0.3588125080575993,0.019899828515159212,0.5143208503723145,270,422,9,4,27.6967556476593,8043792,1860,0.4690381205673759,759,378,152,76,378,303,76,61,1260,252,252,50,,,,,,,,,,,,,,,,,,,,,2397,423,705,480
sweep,gdm_early,3,0.8,sweep,0.5,0,1,2027,tau0=0.9,0.9893898081189562,0.9809467758433562,0.9854014598540146,0.9791183294663574,0.967741935483871,0.9906103286384976,0.976491862567812,0.9806613338510005,0.018206166103482246,-3.1368297761277995,0.35426336173898565,0.017970931919081893,0.3373453617095947,270,422,9,4,29.05190634727478,8043792,1853,0.4763416075650118,759,378,152,76,378,303,76,61,1260,252,252,50,,,,,,,,,,,,,,,,,,,,,2397,423,705,480
sweep,gdm_early,3,0.8,sweep,0.5,0,1,2027,tau0=0.95,0.9910833742611818,0.9805639437623219,0.9562043795620438,0.9837587006960556,0.9739776951672863,0.9724770642201835,0.9650092081031307,0.9715472799454523,0.01817410998046398,-2.0956016893000107,0.3674381275504485,0.01897654953971669,0.9792993664741516,262,424,7,12,27.33938980102539,8043792,1842,0.45721040189125295,759,378,152,76,378,303,76,61,1260,252,252,50,,,,,,,,,,,,,,,,,,,,,2397,423,705,480
sweep,gdm_early,3,0.8,sweep,0.5,0,1,2027,tau_decay=0.0,0.9908970819855368,0.9828520611154945,0.9671532846715328,0.9837587006960556,0.9742647058823529,0.9792147806004619,0.9706959706959707,0.9760887260887261,0.017687274143099785,-2.702449500980394,0.3753577350945734,0.018337569257957806,0.9758179187774658,265,424,7,9,28.035550594329834,8043792,1702,0.46957151300236405,759,378,152,76,378,303,76,61,1260,252,252,50,,,,,,,,,,,,,,,,,,,,,2397,423,705,480
sweep,gdm_early,3,0.8,sweep,0.5,0,1,2027,tau_decay=0.03,0.9893898081189562,0.9809467758433562,0.9854014598540146,0.9791183294663574,0.967741935483871,0.9906103286384976,0.976491862567812,0.9806613338510005,0.018206166103482246,-3.1368297761277995,0.35426336173898565,0.017970931919081893,0.3373453617095947,270,422,9,4,26.937906742095947,8043792,1853,0.4763416075650118,759,378,152,76,378,303,76,61,1260,252,252,50,,,,,,,,,,,,,,,,,,,,,2397,423,705,480
sweep,gdm_early,3,0.8,sweep,0.5,0,1,2027,tau_decay=0.1,0.9891188375362,0.977341186731217,0.9744525547445255,0.9814385150812065,0.9709090909090909,0.9837209302325581,0.9726775956284153,0.9776279964204795,0.01886012591421604,-2.1825679754579546,0.3885905479240374,0.01813418625685524,0.8603267073631287,267,423,8,7,26.959434509277344,8043792,1861,0.49295656028368795,759,378,152,76,378,303,76,61,1260,252,252,50,,,,,,,,,,,,,,,,,,,,,2397,423,705,480
sweep,gdm_early,3,0.8,sweep,0.5,0,1,2027,k=5,0.9910918420918929,0.980570079552026,0.9781021897810219,0.974477958236659,0.9605734767025089,0.9859154929577465,0.969258589511754,0.9747109750359237,0.021729163825511932,-1.411835714822433,0.36635067440379276,0.022159252317865037,0.1574716717004776,268,420,11,6,16.50104546546936,8043792,1852,0.4801728723404255,759,378,152,76,378,303,76,61,1260,252,252,50,,,,,,,,,,,,,,,,,,,,,2397,423,705,480
sweep,gdm_early,3,0.8,sweep,0.5,0,1,2027,k=10,0.9893898081189562,0.9809467758433562,0.9854014598540146,0.9791183294663574,0.967741935483871,0.9906103286384976,0.976491862567812,0.9806613338510005,0.018206166103482246,-3.1368297761277995,0.35426336173898565,0.017970931919081893,0.3373453617095947,270,422,9,4,27.279557704925537,8043792,1853,0.4763416075650118,759,378,152,76,378,303,76,61,1260,252,252,50,,,,,,,,,,,,,,,,,,,,,2397,423,705,480
sweep,gdm_early,3,0.8,sweep,0.5,0,1,2027,k=15,0.9885726624553322,0.9768063779433468,0.9854014598540146,0.9791183294663574,0.967741935483871,0.9906103286384976,0.976491862567812,0.9806613338510005,0.018937580287456512,-1.776100140277599,0.35417878569997846,0.019140911909276023,0.09638875722885132,270,422,9,4,39.99782848358154,8043792,1858,0.4544134160756501,759,378,152,76,378,303,76,61,1260,252,252,50,,,,,,,,,,,,,,,,,,,,,2397,423,705,480
sweep,gdm_early,3,0.8,sweep,0.5,0,1,2027,k=20,0.9890087557369553,0.9798752029690991,0.9890510948905109,0.9767981438515081,0.9644128113879004,0.9929245283018868,0.9765765765765766,0.9806859491070017,0.020466070622205734,-0.9854753303861825,0.35772753594787665,0.02143566852153926,0.0062621175311505795,271,421,10,3,50.83914375305176,8043792,1869,0.4888120567375887,759,378,152,76,378,303,76,61,1260,252,252,50,,,,,,,,,,,,,,,,,,,,,2397,423,705,480
sweep,gdm_early,3,0.8,sweep,0.5,0,1,2027,agr_every=2,0.9886996799159992,0.9810020043237314,0.9708029197080292,0.9791183294663574,0.9672727272727273,0.9813953488372092,0.9690346083788707,0.9746450626098767,0.01902889832854271,-3.489743183888637,0.3486025882009743,0.019781331553417825,0.9832155108451843,266,422,9,8,29.008937120437622,8043792,1877,0.5102511820330969,759,378,152,76,378,303,76,61,1260,252,252,50,,,,,,,,,,,,,,,,,,,,,2397,423,705,480
sweep,gdm_early,3,0.8,sweep,0.5,0,1,2027,agr_every=3,0.9881450370044201,0.9751308232114053,0.9890510948905109,0.9721577726218097,0.9575971731448764,0.9928909952606635,0.9730700179533214,0.9777425119074931,0.019934600219130516,-1.1723542153063584,0.41411530730857943,0.018200880246804954,0.007014079950749874,271,419,12,3,28.945306062698364,8043792,1851,0.51326536643026,759,378,152,76,378,303,76,61,1260,252,252,50,,,,,,,,,,,,,,,,,,,,,2397,423,705,480
sweep,gdm_early,3,0.8,sweep,0.5,0,1,2027,agr_every=5,0.9893898081189562,0.9809467758433562,0.9854014598540146,0.9791183294663574,0.967741935483871,0.9906103286384976,0.976491862567812,0.9806613338510005,0.018206166103482246,-3.1368297761277995,0.35426336173898565,0.017970931919081893,0.3373453617095947,270,422,9,4,28.654586791992188,8043792,1853,0.4763416075650118,759,378,152,76,378,303,76,61,1260,252,252,50,,,,,,,,,,,,,,,,,,,,,2397,423,705,480
sweep,gdm_early,3,0.8,sweep,0.5,0,1,2027,blend=0.0,0.9888309312920217,0.9802676629014021,0.9854014598540146,0.9791183294663574,0.967741935483871,0.9906103286384976,0.976491862567812,0.9806613338510005,0.0171255711466074,-2.357428783777332,0.3576460619496575,0.017292741365757203,0.517406702041626,270,422,9,4,28.691922903060913,8043792,1868,0.47691489361702133,759,378,152,76,378,303,76,61,1260,252,252,50,,,,,,,,,,,,,,,,,,,,,2397,423,705,480
sweep,gdm_early,3,0.8,sweep,0.5,0,1,2027,blend=0.25,0.9890553288058666,0.9807440644447424,0.9854014598540146,0.9791183294663574,0.967741935483871,0.9906103286384976,0.976491862567812,0.9806613338510005,0.01814883016049862,-2.7614337867617493,0.3605553544010969,0.017590955276280015,0.6192493438720703,270,422,9,4,28.559725522994995,8043792,1868,0.48257535460992906,759,378,152,76,378,303,76,61,1260,252,252,50,,,,,,,,,,,,,,,,,,,,,2397,423,705,480
sweep,gdm_early,3,0.8,sweep,0.5,0,1,2027,blend=0.5,0.9893898081189562,0.9809467758433562,0.9854014598540146,0.9791183294663574,0.967741935483871,0.9906103286384976,0.976491862567812,0.9806613338510005,0.018206166103482246,-3.1368297761277995,0.35426336173898565,0.017970931919081893,0.3373453617095947,270,422,9,4,30.838274478912354,8043792,1853,0.4763416075650118,759,378,152,76,378,303,76,61,1260,252,252,50,,,,,,,,,,,,,,,,,,,,,2397,423,705,480
sweep,gdm_early,3,0.8,sweep,0.5,0,1,2027,blend=0.75,0.9886785103392213,0.9796431014647582,0.9562043795620438,0.9837587006960556,0.9739776951672863,0.9724770642201835,0.9650092081031307,0.9715472799454523,0.018018443137407303,-2.439132444064426,0.3628287883657508,0.018365261469536685,0.9909571409225464,262,424,7,12,31.121000289916992,8043792,1821,0.4695582151300237,759,378,152,76,378,303,76,61,1260,252,252,50,,,,,,,,,,,,,,,,,,,,,2397,423,705,480
sweep,gdm_early,3,0.8,sweep,0.5,0,1,2027,blend=1.0,0.9892204515047335,0.9802144684295149,0.9854014598540146,0.9791183294663574,0.967741935483871,0.9906103286384976,0.976491862567812,0.9806613338510005,0.01734481006860733,-2.400767369872331,0.3577770302494783,0.017259187650774343,0.5121728181838989,270,422,9,4,31.340275287628174,8043792,1795,0.475307328605201,759,378,152,76,378,303,76,61,1260,252,252,50,,,,,,,,,,,,,,,,,,,,,2397,423,705,480
sweep,gdm_early,3,0.8,sweep,0.5,0,1,2027,noise_std=0.01,0.9891188375361999,0.9806907109470243,0.9562043795620438,0.9837587006960556,0.9739776951672863,0.9724770642201835,0.9650092081031307,0.9715472799454523,0.018122360110282898,-2.2690077547649135,0.354067270741184,0.018458621261941928,0.9825569987297058,262,424,7,12,30.647709846496582,8043792,1854,0.47740691489361703,759,378,152,76,378,303,76,61,1260,252,252,50,,,,,,,,,,,,,,,,,,,,,2397,423,705,480
sweep,gdm_early,3,0.8,sweep,0.5,0,1,2027,noise_std=0.05,0.9893898081189562,0.9809467758433562,0.9854014598540146,0.9791183294663574,0.967741935483871,0.9906103286384976,0.976491862567812,0.9806613338510005,0.018206166103482246,-3.1368297761277995,0.35426336173898565,0.017970931919081893,0.3373453617095947,270,422,9,4,29.837855339050293,8043792,1853,0.4763416075650118,759,378,152,76,378,303,76,61,1260,252,252,50,,,,,,,,,,,,,,,,,,,,,2397,423,705,480
sweep,gdm_early,3,0.8,sweep,0.5,0,1,2027,noise_std=0.1,0.9882508848883093,0.9790890182176561,0.9635036496350365,0.9814385150812065,0.9705882352941176,0.976905311778291,0.967032967032967,0.9730998168498168,0.018250079825520515,-2.9449909474311444,0.35783661744982637,0.01781653216709747,0.9840509295463562,264,423,8,10,30.479583263397217,8043792,1852,0.46940602836879436,759,378,152,76,378,303,76,61,1260,252,252,50,,,,,,,,,,,,,,,,,,,,,2397,423,705,480
sweep,gdm_early,3,0.8,sweep,0.5,0,1,2027,eta=0.2,0.9909605907158704,0.9813474924245756,0.9817518248175182,0.9791183294663574,0.9676258992805755,0.9882903981264637,0.9746376811594203,0.9791603324212019,0.01843290589749813,-3.0196006456372255,0.35641004733941767,0.019019983793734346,0.7998923063278198,269,422,9,5,32.64679169654846,8043792,1844,0.4586997635933806,759,378,152,76,378,303,76,61,1260,252,252,50,,,,,,,,,,,,,,,,,,,,,2397,423,705,480
sweep,gdm_early,3,0.8,sweep,0.5,0,1,2027,eta=0.5,0.990088404152624,0.9809560567896212,0.9671532846715328,0.9837587006960556,0.9742647058823529,0.9792147806004619,0.9706959706959707,0.9760887260887261,0.017901161685585976,-2.757039420897837,0.35665684790929764,0.01844211692066456,0.9837014079093933,265,424,7,9,33.14398121833801,8043792,1851,0.45992169030732866,759,378,152,76,378,303,76,61,1260,252,252,50,,,,,,,,,,,,,,,,,,,,,2397,423,705,480
sweep,gdm_early,3,0.8,sweep,0.5,0,1,2027,eta=0.8,0.9893898081189562,0.9809467758433562,0.9854014598540146,0.9791183294663574,0.967741935483871,0.9906103286384976,0.976491862567812,0.9806613338510005,0.018206166103482246,-3.1368297761277995,0.35426336173898565,0.017970931919081893,0.3373453617095947,270,422,9,4,30.699716329574585,8043792,1853,0.4763416075650118,759,378,152,76,378,303,76,61,1260,252,252,50,,,,,,,,,,,,,,,,,,,,,2397,423,705,480
sweep,gdm_early,3,0.8,sweep,0.5,0,1,2027,eta=1.0,0.9886022998628211,0.9792796842089944,0.9854014598540146,0.9767981438515081,0.9642857142857143,0.9905882352941177,0.9747292418772563,0.9791870508451702,0.018112951889634132,-2.607722937231033,0.362457860628873,0.017958966930849293,0.09199060499668121,270,421,10,4,30.39832854270935,8043792,1856,0.4756944444444444,759,378,152,76,378,303,76,61,1260,252,252,50,,,,,,,,,,,,,,,,,,,,,2397,423,705,480
sweep,gdm_early,3,0.8,sweep,0.5,0,1,2027,rounds=5,0.9865827222382171,0.9701799392955677,0.9854014598540146,0.9767981438515081,0.9642857142857143,0.9905882352941177,0.9747292418772563,0.9791870508451702,0.01836492121219635,-3.5617397350024254,0.3861069642984964,0.019000777562812692,0.7186318039894104,270,421,10,4,16.31714391708374,4080192,1657,0.5043232860520094,759,378,152,76,378,303,76,61,1260,252,252,50,,,,,,,,,,,,,,,,,,,,,2397,423,705,480
sweep,gdm_early,3,0.8,sweep,0.5,0,1,2027,rounds=10,0.9893898081189562,0.9809467758433562,0.9854014598540146,0.9791183294663574,0.967741935483871,0.9906103286384976,0.976491862567812,0.9806613338510005,0.018206166103482246,-3.1368297761277995,0.35426336173898565,0.017970931919081893,0.3373453617095947,270,422,9,4,31.089414596557617,8043792,1853,0.4763416075650118,759,378,152,76,378,303,76,61,1260,252,252,50,,,,,,,,,,,,,,,,,,,,,2397,423,705,480
sweep,gdm_early,3,0.8,sweep,0.5,0,1,2027,rounds=20,0.9885599607092654,0.9753055497723212,0.9854014598540146,0.9767981438515081,0.9642857142857143,0.9905882352941177,0.9747292418772563,0.9791870508451702,0.020797941833734512,-3.484105182888431,0.32707519778515626,0.020617706934815773,0.8354149460792542,270,421,10,4,58.9038188457489,15970992,1901,0.49323581560283686,759,378,152,76,378,303,76,61,1260,252,252,50,,,,,,,,,,,,,,,,,,,,,2397,423,705,480
sweep,gdm_early,3,0.8,sweep,0.5,0,0,2026,tau0=0.8,0.9861212254644606,0.9636869847857853,0.9598540145985401,0.9559164733178654,0.9326241134751773,0.9739952718676123,0.9460431654676259,0.9554571799235085,0.035674985498189926,-4.407115527670209,0.3332513953614138,0.036146891390383,0.9109562635421753,263,412,19,11,28.432540893554688,8043792,1903,0.5277437943262412,316,16,63,3,1454,594,291,119,627,323,126,65,,,,,,,,,,,,,,,,,,,,,2397,423,705,480
sweep,gdm_early,3,0.8,sweep,0.5,0,0,2026,tau0=0.85,0.9849230274188359,0.9567862469331239,0.9562043795620438,0.9605568445475638,0.9390681003584229,0.971830985915493,0.9475587703435805,0.9568598985906933,0.03653532639145851,-3.3389744619021275,0.3512861575482387,0.0373695927259268,0.893868088722229,262,414,17,12,27.03538203239441,8043792,1901,0.5201418439716312,316,16,63,3,1454,594,291,119,627,323,126,65,,,,,,,,,,,,,,,,,,,,,2397,423,705,480
sweep,gdm_early,3,0.8,sweep,0.5,0,0,2026,tau0=0.9,0.9858883601199044,0.9597971057419306,0.9963503649635036,0.9419953596287703,0.9161073825503355,0.9975429975429976,0.9545454545454546,0.9617596007810805,0.034519318491220474,-4.324661479191338,0.3306839967036637,0.03611881508135258,0.0028752184007316828,273,406,25,1,28.831291437149048,8043792,1891,0.5199748817966904,316,16,63,3,1454,594,291,119,627,323,126,65,,,,,,,,,,,,,,,,,,,,,2397,423,705,480
sweep,gdm_early,3,0.8,sweep,0.5,0,0,2026,tau0=0.95,0.9865657865767948,0.9626857238263289,0.9963503649635036,0.9443155452436195,0.9191919191919192,0.9975490196078431,0.9562171628721541,0.9632098925207015,0.03528336435556412,-3.508582956602555,0.33301843670328324,0.037089435219663985,0.002063335618004203,273,407,24,1,26.974754810333252,8043792,1880,0.5252393617021277,316,16,63,3,1454,594,291,119,627,323,126,65,,,,,,,,,,,,,,,,,,,,,2397,423,705,480
sweep,gdm_early,3,0.8,sweep,0.5,0,0,2026,tau_decay=0.0,0.985689366098193,0.9635436215355176,0.9927007299270073,0.9466357308584686,0.9220338983050848,0.9951219512195122,0.9560632688927944,0.9631683764202379,0.03504720330238342,-4.677025569581147,0.3156061657941175,0.03607750175023741,0.005527966655790806,272,408,23,2,27.85942578315735,8043792,1695,0.5305230496453901,316,16,63,3,1454,594,291,119,627,323,126,65,,,,,,,,,,,,,,,,,,,,,2397,423,705,480
sweep,gdm_early,3,0.8,sweep,0.5,0,0,2026,tau_decay=0.03,0.9858883601199044,0.9597971057419306,0.9963503649635036,0.9419953596287703,0.9161073825503355,0.9975429975429976,0.9545454545454546,0.9617596007810805,0.034519318491220474,-4.324661479191338,0.3306839967036637,0.03611881508135258,0.0028752184007316828,273,406,25,1,26.789170026779175,8043792,1891,0.5199748817966904,316,16,63,3,1454,594,291,119,627,323,126,65,,,,,,,,,,,,,,,,,,,,,2397,423,705,480
sweep,gdm_early,3,0.8,sweep,0.5,0,0,2026,tau_decay=0.1,0.9836020458278998,0.9592912665276295,0.9598540145985401,0.9651972157772621,0.9460431654676259,0.9742388758782201,0.9528985507246377,0.9612977602108037,0.03526228666305542,-4.138093926905597,0.33072605948633205,0.03575052078615162,0.9560632705688477,263,416,15,11,26.873854398727417,8043792,1899,0.518451536643026,316,16,63,3,1454,594,291,119,627,323,126,65,,,,,,,,,,,,,,,,,,,,,2397,423,705,480
sweep,gdm_early,3,0.8,sweep,0.5,0,0,2026,k=5,0.9853887581079479,0.9599409913054825,0.9635036496350365,0.9605568445475638,0.9395017793594306,0.9764150943396226,0.9513513513513514,0.9598862019914651,0.03245862200856209,-3.726323604051637,0.32046204653165344,0.03364149363949263,0.7591569423675537,264,414,17,10,16.63338303565979,8043792,1888,0.5394134160756501,316,16,63,3,1454,594,291,119,627,323,126,65,,,,,,,,,,,,,,,,,,,,,2397,423,705,480
sweep,gdm_early,3,0.8,sweep,0.5,0,0,2026,k=10,0.9858883601199044,0.9597971057419306,0.9963503649635036,0.9419953596287703,0.9161073825503355,0.9975429975429976,0.9545454545454546,0.9617596007810805,0.034519318491220474,-4.324661479191338,0.3306839967036637,0.03611881508135258,0.0028752184007316828,273,406,25,1,27.2747323513031,8043792,1891,0.5199748817966904,316,16,63,3,1454,594,291,119,627,323,126,65,,,,,,,,,,,,,,,,,,,,,2397,423,705,480
sweep,gdm_early,3,0.8,sweep,0.5,0,0,2026,k=15,0.987078090334818,0.9710995664770221,0.9890510948905109,0.9489559164733179,0.9249146757679181,0.9927184466019418,0.9559082892416225,0.9631261493657697,0.03412548080086708,-2.9655413096254484,0.3504022545845634,0.03387176036596931,0.03868704289197922,271,409,22,3,39.45606279373169,8043792,1896,0.5222502955082742,316,16,63,3,1454,594,291,119,627,323,126,65,,,,,,,,,,,,,,,,,,,,,2397,423,705,480
sweep,gdm_early,3,0.8,sweep,0.5,0,0,2026,k=20,0.9863964299625723,0.9641560520816673,0.9854014598540146,0.951276102088167,0.9278350515463918,0.9903381642512077,0.9557522123893806,0.9630832067864062,0.03986896201968193,-1.4890510508354844,0.3280446487252001,0.04172945602083618,0.010213498026132584,270,410,21,4,51.43548083305359,8043792,1899,0.5266903073286052,316,16,63,3,1454,594,291,119,627,323,126,65,,,,,,,,,,,,,,,,,,,,,2397,423,705,480
sweep,gdm_early,3,0.8,sweep,0.5,0,0,2026,agr_every=2,0.9872940200179517,0.9672405804554968,0.9744525547445255,0.9489559164733179,0.9238754325259516,0.9831730769230769,0.9484902309058615,0.9571258710609591,0.03992317244410515,-1.9505280132077345,0.29738966177683807,0.040270334243087486,0.01542844157665968,267,409,22,7,29.232722759246826,8043792,1892,0.5419562647754137,316,16,63,3,1454,594,291,119,627,323,126,65,,,,,,,,,,,,,,,,,,,,,2397,423,705,480
sweep,gdm_early,3,0.8,sweep,0.5,0,0,2026,agr_every=3,0.9843302792690568,0.9548079542669385,0.9817518248175182,0.9535962877030162,0.9307958477508651,0.9879807692307693,0.955595026642984,0.9630395440180681,0.03773598000407219,-1.5867856833098049,0.32333605520039815,0.04014312359207173,0.02225739136338234,269,411,20,5,28.93271279335022,8043792,1887,0.5393661347517731,316,16,63,3,1454,594,291,119,627,323,126,65,,,,,,,,,,,,,,,,,,,,,2397,423,705,480
sweep,gdm_early,3,0.8,sweep,0.5,0,0,2026,agr_every=5,0.9858883601199044,0.9597971057419306,0.9963503649635036,0.9419953596287703,0.9161073825503355,0.9975429975429976,0.9545454545454546,0.9617596007810805,0.034519318491220474,-4.324661479191338,0.3306839967036637,0.03611881508135258,0.0028752184007316828,273,406,25,1,28.61193823814392,8043792,1891,0.5199748817966904,316,16,63,3,1454,594,291,119,627,323,126,65,,,,,,,,,,,,,,,,,,,,,2397,423,705,480
sweep,gdm_early,3,0.8,sweep,0.5,0,0,2026,blend=0.0,0.9845546767829018,0.9555242137743731,0.9890510948905109,0.9466357308584686,0.9217687074829932,0.9927007299270073,0.954225352112676,0.961673246127597,0.03419974073767662,-3.97794300075751,0.3370627862640743,0.03639288607298261,0.005771588068455458,271,408,23,3,28.57166838645935,8043792,1892,0.5250059101654846,316,16,63,3,1454,594,291,119,627,323,126,65,,,,,,,,,,,,,,,,,,,,,2397,423,705,480
sweep,gdm_early,3,0.8,sweep,0.5,0,0,2026,blend=0.25,0.9844784663065016,0.948613415879187,0.9635036496350365,0.9559164733178654,0.9328621908127208,0.976303317535545,0.947935368043088,0.9569688563544865,0.033172670751810074,-3.3174357374798737,0.3644070298596083,0.03492989093734031,0.7530091404914856,264,412,19,10,28.880963563919067,8043792,1892,0.5156826241134751,316,16,63,3,1454,594,291,119,627,323,126,65,,,,,,,,,,,,,,,,,,,,,2397,423,705,480
sweep,gdm_early,3,0.8,sweep,0.5,0,0,2026,blend=0.5,0.9858883601199044,0.9597971057419306,0.9963503649635036,0.9419953596287703,0.9161073825503355,0.9975429975429976,0.9545454545454546,0.9617596007810805,0.034519318491220474,-4.324661479191338,0.3306839967036637,0.03611881508135258,0.0028752184007316828,273,406,25,1,31.20932698249817,8043792,1891,0.5199748817966904,316,16,63,3,1454,594,291,119,627,323,126,65,,,,,,,,,,,,,,,,,,,,,2397,423,705,480
sweep,gdm_early,3,0.8,sweep,0.5,0,0,2026,blend=0.75,0.9857147695903264,0.9607862672488668,0.9927007299270073,0.9466357308584686,0.9220338983050848,0.9951219512195122,0.9560632688927944,0.9631683764202379,0.034505944699048996,-4.430684488203988,0.3270630490057611,0.03527759279639224,0.006080576218664646,272,408,23,2,31.41365623474121,8043792,1890,0.5225783096926714,316,16,63,3,1454,594,291,119,627,323,126,65,,,,,,,,,,,,,,,,,,,,,2397,423,705,480
sweep,gdm_early,3,0.8,sweep,0.5,0,0,2026,blend=1.0,0.9852405710705031,0.9548192124617803,0.9890510948905109,0.9466357308584686,0.9217687074829932,0.9927007299270073,0.954225352112676,0.961673246127597,0.03435968980193138,-3.9786274014974583,0.3520663820106969,0.034176082666079896,0.013794896192848682,271,408,23,3,31.116474390029907,8043792,1887,0.525551122931442,316,16,63,3,1454,594,291,119,627,323,126,65,,,,,,,,,,,,,,,,,,,,,2397,423,705,480
sweep,gdm_early,3,0.8,sweep,0.5,0,0,2026,noise_std=0.01,0.9842752383694345,0.9554948550660011,0.9635036496350365,0.9582366589327146,0.9361702127659575,0.9763593380614657,0.9496402877697842,0.9584267012619412,0.03577957674860954,-5.194374160543028,0.31433073849691817,0.03615183599593764,0.9284786581993103,264,413,18,10,31.47580599784851,8043792,1891,0.5232579787234043,316,16,63,3,1454,594,291,119,627,323,126,65,,,,,,,,,,,,,,,,,,,,,2397,423,705,480
sweep,gdm_early,3,0.8,sweep,0.5,0,0,2026,noise_std=0.05,0.9858883601199044,0.9597971057419306,0.9963503649635036,0.9419953596287703,0.9161073825503355,0.9975429975429976,0.9545454545454546,0.9617596007810805,0.034519318491220474,-4.324661479191338,0.3306839967036637,0.03611881508135258,0.0028752184007316828,273,406,25,1,30.824665069580078,8043792,1891,0.5199748817966904,316,16,63,3,1454,594,291,119,627,323,126,65,,,,,,,,,,,,,,,,,,,,,2397,423,705,480
sweep,gdm_early,3,0.8,sweep,0.5,0,0,2026,noise_std=0.1,0.9853421850390367,0.9478379836021781,0.9890510948905109,0.9419953596287703,0.9155405405405406,0.9926650366748166,0.9508771929824561,0.9587719298245614,0.03352759778499603,-3.1107262191354725,0.3924936436238512,0.034069417316981765,0.00920911692082882,271,406,25,3,30.680191040039062,8043792,1892,0.5152275413711583,316,16,63,3,1454,594,291,119,627,323,126,65,,,,,,,,,,,,,,,,,,,,,2397,423,705,480
sweep,gdm_early,3,0.8,sweep,0.5,0,0,2026,eta=0.2,0.984338747099768,0.9567401036744249,0.9744525547445255,0.9582366589327146,0.9368421052631579,0.9833333333333333,0.9552772808586762,0.9629500387842147,0.03276975080370903,-3.277481491984712,0.35362904492247177,0.03265601356517101,0.5907682776451111,267,413,18,7,33.21521735191345,8043792,1881,0.520196513002364,316,16,63,3,1454,594,291,119,627,323,126,65,,,,,,,,,,,,,,,,,,,,,2397,423,705,480
sweep,gdm_early,3,0.8,sweep,0.5,0,0,2026,eta=0.5,0.984338747099768,0.955446571465134,0.9635036496350365,0.9535962877030162,0.9295774647887324,0.9762470308788599,0.946236559139785,0.9555126457670756,0.03539614379405975,-3.8113894307471923,0.3406131977497683,0.036073169331908475,0.8863576054573059,264,411,20,10,32.69669985771179,8043792,1888,0.5266947399527186,316,16,63,3,1454,594,291,119,627,323,126,65,,,,,,,,,,,,,,,,,,,,,2397,423,705,480
sweep,gdm_early,3,0.8,sweep,0.5,0,0,2026,eta=0.8,0.9858883601199044,0.9597971057419306,0.9963503649635036,0.9419953596287703,0.9161073825503355,0.9975429975429976,0.9545454545454546,0.9617596007810805,0.034519318491220474,-4.324661479191338,0.3306839967036637,0.03611881508135258,0.0028752184007316828,273,406,25,1,30.84764051437378,8043792,1891,0.5199748817966904,316,16,63,3,1454,594,291,119,627,323,126,65,,,,,,,,,,,,,,,,,,,,,2397,423,705,480
sweep,gdm_early,3,0.8,sweep,0.5,0,0,2026,eta=1.0,0.9851093196944806,0.958148804333301,0.9963503649635036,0.9443155452436195,0.9191919191919192,0.9975490196078431,0.9562171628721541,0.9632098925207015,0.03432680666446686,-3.958652678570414,0.34519554539644814,0.03355160633581758,0.00700004817917943,273,407,24,1,30.584293365478516,8043792,1895,0.5292760047281324,316,16,63,3,1454,594,291,119,627,323,126,65,,,,,,,,,,,,,,,,,,,,,2397,423,705,480
sweep,gdm_early,3,0.8,sweep,0.5,0,0,2026,rounds=5,0.9833691804833438,0.955775767016376,0.9781021897810219,0.9605568445475638,0.9403508771929825,0.9857142857142858,0.9588550983899821,0.9659140356814775,0.03203175216913223,-4.146113339689272,0.33888952046990173,0.03388356727594181,0.4068763256072998,268,414,17,6,16.106866598129272,4080192,1560,0.5494680851063829,316,16,63,3,1454,594,291,119,627,323,126,65,,,,,,,,,,,,,,,,,,,,,2397,423,705,480
sweep,gdm_early,3,0.8,sweep,0.5,0,0,2026,rounds=10,0.9858883601199044,0.9597971057419306,0.9963503649635036,0.9419953596287703,0.9161073825503355,0.9975429975429976,0.9545454545454546,0.9617596007810805,0.034519318491220474,-4.324661479191338,0.3306839967036637,0.03611881508135258,0.0028752184007316828,273,406,25,1,31.218581914901733,8043792,1891,0.5199748817966904,316,16,63,3,1454,594,291,119,627,323,126,65,,,,,,,,,,,,,,,,,,,,,2397,423,705,480
sweep,gdm_early,3,0.8,sweep,0.5,0,0,2026,rounds=20,0.9866631666299728,0.9650593926451284,0.9854014598540146,0.9559164733178654,0.9342560553633218,0.9903846153846154,0.9591474245115453,0.9659963804966227,0.039472948759794235,-0.3063947817619473,0.2839945922983543,0.0423973564968398,0.0018455761019140482,270,412,19,4,60.73412823677063,15970992,1901,0.5107033096926714,316,16,63,3,1454,594,291,119,627,323,126,65,,,,,,,,,,,,,,,,,,,,,2397,423,705,480
sweep,gdm_early,3,0.8,sweep,0.5,0,2,2028,tau0=0.8,0.9853167815469033,0.9668278087273552,0.9671532846715328,0.9489559164733179,0.9233449477351916,0.9784688995215312,0.9447415329768271,0.9541139938146797,0.04043792188167572,-3.1136858307563267,0.34549116013846887,0.040265613081055876,0.7960358262062073,265,409,22,9,29.362079858779907,8043792,1901,0.5322746857371297,1675,675,335,135,261,244,52,49,461,14,92,3,,,,,,,,,,,,,,,,,,,,,2397,423,705,479
sweep,gdm_early,3,0.8,sweep,0.5,0,2,2028,tau0=0.85,0.9869891781123511,0.9744164393605741,0.9744525547445255,0.951276102088167,0.9270833333333334,0.9832134292565947,0.9501779359430605,0.9585795340092661,0.039252929389476776,-2.695550468620507,0.372917781786151,0.03755706536058494,0.765005886554718,267,410,21,7,28.957526206970215,8043792,1899,0.5302654762433556,1675,675,335,135,261,244,52,49,461,14,92,3,,,,,,,,,,,,,,,,,,,,,2397,423,705,479
sweep,gdm_early,3,0.8,sweep,0.5,0,2,2028,tau0=0.9,0.9875903940928412,0.976733467937046,0.9416058394160584,0.9605568445475638,0.9381818181818182,0.9627906976744186,0.9398907103825137,0.9507815921250548,0.04283222556114197,-2.4667954712441977,0.34641935677832125,0.041992827189478554,0.9126380085945129,258,414,17,16,29.458913564682007,8043792,1893,0.5286338263817942,1675,675,335,135,261,244,52,49,461,14,92,3,,,,,,,,,,,,,,,,,,,,,2397,423,705,479
sweep,gdm_early,3,0.8,sweep,0.5,0,2,2028,tau0=0.95,0.9870484529273291,0.9754941841303529,0.9635036496350365,0.9466357308584686,0.9198606271777003,0.9760765550239234,0.9411764705882353,0.9511536063188526,0.04143114387989044,-2.245581035852004,0.34980618231527905,0.03843188777562653,0.5871405005455017,264,408,23,10,28.446110725402832,8043792,1883,0.527838730215135,1675,675,335,135,261,244,52,49,461,14,92,3,,,,,,,,,,,,,,,,,,,,,2397,423,705,479
sweep,gdm_early,3,0.8,sweep,0.5,0,2,2028,tau_decay=0.0,0.9880476569512422,0.9775194634200391,0.9781021897810219,0.9419953596287703,0.9146757679180887,0.9854368932038835,0.9453262786596119,0.9542764252135545,0.038072340190410614,-4.087693839946667,0.31955290172932566,0.03780015091451401,0.4250580966472626,268,406,25,6,28.938711166381836,8043792,1789,0.5182028161506685,1675,675,335,135,261,244,52,49,461,14,92,3,,,,,,,,,,,,,,,,,,,,,2397,423,705,479
sweep,gdm_early,3,0.8,sweep,0.5,0,2,2028,tau_decay=0.03,0.9875903940928412,0.976733467937046,0.9416058394160584,0.9605568445475638,0.9381818181818182,0.9627906976744186,0.9398907103825137,0.9507815921250548,0.04283222556114197,-2.4667954712441977,0.34641935677832125,0.041992827189478554,0.9126380085945129,258,414,17,16,28.487399101257324,8043792,1893,0.5286338263817942,1675,675,335,135,261,244,52,49,461,14,92,3,,,,,,,,,,,,,,,,,,,,,2397,423,705,479
sweep,gdm_early,3,0.8,sweep,0.5,0,2,2028,tau_decay=0.1,0.9859899740884379,0.9708123303493564,0.9708029197080292,0.9466357308584686,0.9204152249134948,0.9807692307692307,0.9449378330373002,0.9541690345824045,0.03883800283074379,-1.7508318261958562,0.38585603623732706,0.03615362350383099,0.34044724702835083,266,408,23,8,28.991076946258545,8043792,1902,0.5341965382963918,1675,675,335,135,261,244,52,49,461,14,92,3,,,,,,,,,,,,,,,,,,,,,2397,423,705,479
sweep,gdm_early,3,0.8,sweep,0.5,0,2,2028,k=5,0.9860153775805713,0.9686623434423788,0.9708029197080292,0.9605568445475638,0.9399293286219081,0.981042654028436,0.9551166965888689,0.9629041865124883,0.033372920006513596,-3.4376721876395977,0.35458601594309264,0.032979309910261045,0.7707894444465637,266,414,17,8,17.81300377845764,8043792,1884,0.5298138853107093,1675,675,335,135,261,244,52,49,461,14,92,3,,,,,,,,,,,,,,,,,,,,,2397,423,705,479
sweep,gdm_early,3,0.8,sweep,0.5,0,2,2028,k=10,0.9875903940928412,0.976733467937046,0.9416058394160584,0.9605568445475638,0.9381818181818182,0.9627906976744186,0.9398907103825137,0.9507815921250548,0.04283222556114197,-2.4667954712441977,0.34641935677832125,0.041992827189478554,0.9126380085945129,258,414,17,16,28.822356700897217,8043792,1893,0.5286338263817942,1675,675,335,135,261,244,52,49,461,14,92,3,,,,,,,,,,,,,,,,,,,,,2397,423,705,479
sweep,gdm_early,3,0.8,sweep,0.5,0,2,2028,k=15,0.983911121648856,0.9720229103918863,0.8868613138686131,0.9559164733178654,0.9274809160305344,0.9300225733634312,0.9067164179104478,0.9247540899620889,0.05339239165186882,-1.9467097899689494,0.3212592063568363,0.05245211690413296,0.9827955365180969,243,412,19,31,39.41186857223511,8043792,1894,0.5375768074742001,1675,675,335,135,261,244,52,49,461,14,92,3,,,,,,,,,,,,,,,,,,,,,2397,423,705,479
sweep,gdm_early,3,0.8,sweep,0.5,0,2,2028,k=20,0.9849653665723914,0.9749663276625832,0.864963503649635,0.9605568445475638,0.9330708661417323,0.917960088691796,0.8977272727272727,0.9182513914656771,0.060803379863500595,-1.1681572626141914,0.3064527379281568,0.06223725137129057,0.9967330694198608,237,414,17,37,50.70468330383301,8043792,1892,0.539517908171575,1675,675,335,135,261,244,52,49,461,14,92,3,,,,,,,,,,,,,,,,,,,,,2397,423,705,479
sweep,gdm_early,3,0.8,sweep,0.5,0,2,2028,agr_every=2,0.983348010906566,0.964492021543821,0.9817518248175182,0.9373549883990719,0.9087837837837838,0.9877750611246944,0.9438596491228071,0.9528822055137844,0.04255465045571327,-0.5648470800311626,0.3293022448444309,0.0413740225413695,0.05566875636577606,269,404,27,5,30.49452304840088,8043792,1894,0.5663690608389227,1675,675,335,135,261,244,52,49,461,14,92,3,,,,,,,,,,,,,,,,,,,,,2397,423,705,479
sweep,gdm_early,3,0.8,sweep,0.5,0,2,2028,agr_every=3,0.9842159635544567,0.9684716022632698,0.948905109489051,0.9443155452436195,0.9154929577464789,0.9667458432304038,0.931899641577061,0.9436493513049624,0.04908423498272896,0.0206686408674444,0.3426326562549971,0.04960738606850041,0.2085961550474167,260,407,24,14,29.826170206069946,8043792,1891,0.5679933075704408,1675,675,335,135,261,244,52,49,461,14,92,3,,,,,,,,,,,,,,,,,,,,,2397,423,705,479
sweep,gdm_early,3,0.8,sweep,0.5,0,2,2028,agr_every=5,0.9875903940928412,0.976733467937046,0.9416058394160584,0.9605568445475638,0.9381818181818182,0.9627906976744186,0.9398907103825137,0.9507815921250548,0.04283222556114197,-2.4667954712441977,0.34641935677832125,0.041992827189478554,0.9126380085945129,258,414,17,16,29.417561769485474,8043792,1893,0.5286338263817942,1675,675,335,135,261,244,52,49,461,14,92,3,,,,,,,,,,,,,,,,,,,,,2397,423,705,479
sweep,gdm_early,3,0.8,sweep,0.5,0,2,2028,blend=0.0,0.9873575287482852,0.9762052124960469,0.9416058394160584,0.9582366589327146,0.9347826086956522,0.9627039627039627,0.9381818181818182,0.949323467230444,0.04273061454296112,-2.643903531593098,0.35350893398619765,0.04278970940817965,0.9258517026901245,258,413,18,16,29.40429663658142,8043792,1894,0.5307896178504271,1675,675,335,135,261,244,52,49,461,14,92,3,,,,,,,,,,,,,,,,,,,,,2397,423,705,479
sweep,gdm_early,3,0.8,sweep,0.5,0,2,2028,blend=0.25,0.9876284993310414,0.9765180023668861,0.9379562043795621,0.962877030162413,0.9413919413919414,0.9606481481481481,0.9396709323583181,0.9507161150783479,0.043978381901979446,-3.115849451418541,0.32977233673285206,0.04344657028229339,0.9612056612968445,257,415,16,17,31.338703632354736,8043792,1894,0.5294155969143755,1675,675,335,135,261,244,52,49,461,14,92,3,,,,,,,,,,,,,,,,,,,,,2397,423,705,479
sweep,gdm_early,3,0.8,sweep,0.5,0,2,2028,blend=0.5,0.9875903940928412,0.976733467937046,0.9416058394160584,0.9605568445475638,0.9381818181818182,0.9627906976744186,0.9398907103825137,0.9507815921250548,0.04283222556114197,-2.4667954712441977,0.34641935677832125,0.041992827189478554,0.9126380085945129,258,414,17,16,32.05713367462158,8043792,1893,0.5286338263817942,1675,675,335,135,261,244,52,49,461,14,92,3,,,,,,,,,,,,,,,,,,,,,2397,423,705,479
sweep,gdm_early,3,0.8,sweep,0.5,0,2,2028,blend=0.75,0.987408335732552,0.9756713216749155,0.9562043795620438,0.9559164733178654,0.9323843416370107,0.9716981132075472,0.9441441441441442,0.9539434171013119,0.04161969572305679,-3.0084164745687945,0.3352903349246978,0.04332137455691498,0.9048413038253784,262,412,19,12,31.75465154647827,8043792,1886,0.5298272109447875,1675,675,335,135,261,244,52,49,461,14,92,3,,,,,,,,,,,,,,,,,,,,,2397,423,705,479
sweep,gdm_early,3,0.8,sweep,0.5,0,2,2028,blend=1.0,0.9871627686419293,0.9750408875698804,0.9452554744525548,0.9582366589327146,0.9350180505415162,0.9649532710280374,0.9401088929219601,0.9508460646216319,0.042245201766490936,-3.372438350092724,0.3302199169532366,0.04194479089177457,0.960742175579071,259,413,18,15,31.978142499923706,8043792,1876,0.5319000873569345,1675,675,335,135,261,244,52,49,461,14,92,3,,,,,,,,,,,,,,,,,,,,,2397,423,705,479
sweep,gdm_early,3,0.8,sweep,0.5,0,2,2028,noise_std=0.01,0.9872686165258183,0.9727266095006655,0.9416058394160584,0.962877030162413,0.9416058394160584,0.962877030162413,0.9416058394160584,0.9522414347892356,0.043713390827178955,-3.477037332303665,0.32746441360995104,0.043995275510085335,0.9735559821128845,258,415,16,16,31.20648193359375,8043792,1893,0.5292956662076727,1675,675,335,135,261,244,52,49,461,14,92,3,,,,,,,,,,,,,,,,,,,,,2397,423,705,479
sweep,gdm_early,3,0.8,sweep,0.5,0,2,2028,noise_std=0.05,0.9875903940928412,0.976733467937046,0.9416058394160584,0.9605568445475638,0.9381818181818182,0.9627906976744186,0.9398907103825137,0.9507815921250548,0.04283222556114197,-2.4667954712441977,0.34641935677832125,0.041992827189478554,0.9126380085945129,258,414,17,16,31.425936460494995,8043792,1893,0.5286338263817942,1675,675,335,135,261,244,52,49,461,14,92,3,,,,,,,,,,,,,,,,,,,,,2397,423,705,479
sweep,gdm_early,3,0.8,sweep,0.5,0,2,2028,noise_std=0.1,0.9870399850966178,0.9742447875083035,0.9781021897810219,0.9396751740139211,0.9115646258503401,0.9854014598540146,0.9436619718309859,0.9528286106185808,0.04251917451620102,-2.8476563135933226,0.3464812190238845,0.04141210291422373,0.28357788920402527,268,405,26,6,32.90770697593689,8043792,1895,0.5333895971216631,1675,675,335,135,261,244,52,49,461,14,92,3,,,,,,,,,,,,,,,,,,,,,2397,423,705,479
sweep,gdm_early,3,0.8,sweep,0.5,0,2,2028,eta=0.2,0.9878486629295307,0.9773738906193122,0.9635036496350365,0.951276102088167,0.9263157894736842,0.9761904761904762,0.9445438282647585,0.9540580480924262,0.038389481604099274,-2.478125627386086,0.36683697579764973,0.03783459763921109,0.7223808765411377,264,410,21,10,34.00945448875427,8043792,1889,0.5270850915767187,1675,675,335,135,261,244,52,49,461,14,92,3,,,,,,,,,,,,,,,,,,,,,2397,423,705,479
sweep,gdm_early,3,0.8,sweep,0.5,0,2,2028,eta=0.5,0.9869595407048622,0.9743303356700459,0.9781021897810219,0.9419953596287703,0.9146757679180887,0.9854368932038835,0.9453262786596119,0.9542764252135545,0.0395004004240036,-2.5310290541186475,0.3776120460880034,0.040182953807426244,0.23113179206848145,268,406,25,6,31.298513412475586,8043792,1888,0.5332252476346999,1675,675,335,135,261,244,52,49,461,14,92,3,,,,,,,,,,,,,,,,,,,,,2397,423,705,479
sweep,gdm_early,3,0.8,sweep,0.5,0,2,2028,eta=0.8,0.9875903940928412,0.976733467937046,0.9416058394160584,0.9605568445475638,0.9381818181818182,0.9627906976744186,0.9398907103825137,0.9507815921250548,0.04283222556114197,-2.4667954712441977,0.34641935677832125,0.041992827189478554,0.9126380085945129,258,414,17,16,31.567706823349,8043792,1893,0.5286338263817942,1675,675,335,135,261,244,52,49,461,14,92,3,,,,,,,,,,,,,,,,,,,,,2397,423,705,479
sweep,gdm_early,3,0.8,sweep,0.5,0,2,2028,eta=1.0,0.986252476840483,0.9717180044280456,0.9598540145985401,0.9605568445475638,0.9392857142857143,0.9741176470588235,0.9494584837545126,0.9583741016903404,0.04006929695606232,-3.40863780303544,0.352402258864274,0.04083125568985781,0.9369907379150391,263,414,17,11,31.71958041191101,8043792,1895,0.5358696456861961,1675,675,335,135,261,244,52,49,461,14,92,3,,,,,,,,,,,,,,,,,,,,,2397,423,705,479
sweep,gdm_early,3,0.8,sweep,0.5,0,2,2028,rounds=5,0.9817094856639625,0.9549544734276146,0.9306569343065694,0.9651972157772621,0.9444444444444444,0.9563218390804598,0.9375,0.9491195150115473,0.044613298028707504,-2.4231005344212284,0.3272589951647735,0.04234333807959202,0.9644834995269775,255,416,15,19,16.30132007598877,4080192,1758,0.5544041220628081,1675,675,335,135,261,244,52,49,461,14,92,3,,,,,,,,,,,,,,,,,,,,,2397,423,705,479
sweep,gdm_early,3,0.8,sweep,0.5,0,2,2028,rounds=10,0.9875903940928412,0.976733467937046,0.9416058394160584,0.9605568445475638,0.9381818181818182,0.9627906976744186,0.9398907103825137,0.9507815921250548,0.04283222556114197,-2.4667954712441977,0.34641935677832125,0.041992827189478554,0.9126380085945129,258,414,17,16,32.020429372787476,8043792,1893,0.5286338263817942,1675,675,335,135,261,244,52,49,461,14,92,3,,,,,,,,,,,,,,,,,,,,,2397,423,705,479
sweep,gdm_early,3,0.8,sweep,0.5,0,2,2028,rounds=20,0.9841990278930344,0.9692290830933606,0.9014598540145985,0.9605568445475638,0.9356060606060606,0.9387755102040817,0.9182156133828996,0.9338784488932846,0.05199292302131653,-0.8012303942712987,0.2982405701600868,0.0502461327563522,0.8887217044830322,247,414,17,27,60.627774238586426,15970992,1897,0.5307836953463925,1675,675,335,135,261,244,52,49,461,14,92,3,,,,,,,,,,,,,,,,,,,,,2397,423,705,479
sweep,gdm_early,3,0.8,sweep,0.5,0,3,2029,tau0=0.8,0.9849048625792813,0.9642309170120236,0.9781818181818182,0.958139534883721,0.9372822299651568,0.9856459330143541,0.9572953736654805,0.9644967434365138,0.030786311253905296,-1.1836743561522347,0.3360083660648504,0.03335807057649081,0.0439034178853035,269,412,18,6,31.170085906982422,8043792,1907,0.500082742316785,1456,635,291,127,272,164,55,33,669,133,134,27,,,,,,,,,,,,,,,,,,,,,2397,423,705,480
sweep,gdm_early,3,0.8,sweep,0.5,0,3,2029,tau0=0.85,0.9863678646934461,0.9653399460531114,0.9745454545454545,0.9604651162790697,0.9403508771929825,0.9833333333333333,0.9571428571428572,0.9644537815126051,0.03147115930914879,-2.728316341396514,0.3140868123133289,0.03173883236178481,0.11147703975439072,268,413,17,7,31.069069623947144,8043792,1906,0.495168439716312,1456,635,291,127,272,164,55,33,669,133,134,27,,,,,,,,,,,,,,,,,,,,,2397,423,705,480
sweep,gdm_early,3,0.8,sweep,0.5,0,3,2029,tau0=0.9,0.9865496828752642,0.9647452760972358,0.9781818181818182,0.9627906976744186,0.9438596491228071,0.9857142857142858,0.9607142857142857,0.9674159663865547,0.029515516012907028,-2.4375530089577477,0.312187480716262,0.030163374565977685,0.10516499727964401,269,414,16,6,30.894249200820923,8043792,1904,0.4928605200945627,1456,635,291,127,272,164,55,33,669,133,134,27,,,,,,,,,,,,,,,,,,,,,2397,423,705,480
sweep,gdm_early,3,0.8,sweep,0.5,0,3,2029,tau0=0.95,0.9866807610993658,0.9726281980143789,0.9781818181818182,0.9604651162790697,0.9405594405594405,0.9856801909307876,0.9590017825311943,0.9659555437979882,0.029707936570048332,-2.7657999020718282,0.3102905663401786,0.029411003871982668,0.02968450076878071,269,413,17,6,30.962757110595703,8043792,1897,0.49141105200945634,1456,635,291,127,272,164,55,33,669,133,134,27,,,,,,,,,,,,,,,,,,,,,2397,423,705,480
sweep,gdm_early,3,0.8,sweep,0.5,0,3,2029,tau_decay=0.0,0.9831881606765327,0.9553532661691048,0.9745454545454545,0.9604651162790697,0.9403508771929825,0.9833333333333333,0.9571428571428572,0.9644537815126051,0.02900732308626175,-1.813695351510756,0.3232547156422328,0.02903321371843099,0.12093587964773178,268,413,17,7,32.59057283401489,8043792,1799,0.5042006501182033,1456,635,291,127,272,164,55,33,669,133,134,27,,,,,,,,,,,,,,,,,,,,,2397,423,705,480
sweep,gdm_early,3,0.8,sweep,0.5,0,3,2029,tau_decay=0.03,0.9865496828752642,0.9647452760972358,0.9781818181818182,0.9627906976744186,0.9438596491228071,0.9857142857142858,0.9607142857142857,0.9674159663865547,0.029515516012907028,-2.4375530089577477,0.312187480716262,0.030163374565977685,0.10516499727964401,269,414,16,6,27.694474697113037,8043792,1904,0.4928605200945627,1456,635,291,127,272,164,55,33,669,133,134,27,,,,,,,,,,,,,,,,,,,,,2397,423,705,480
sweep,gdm_early,3,0.8,sweep,0.5,0,3,2029,tau_decay=0.1,0.9857167019027484,0.9630702588866307,0.9709090909090909,0.9604651162790697,0.9401408450704225,0.9809976247030879,0.9552772808586762,0.9629500387842147,0.031207244843244553,-2.788385378251562,0.31610392421529604,0.03199508939275239,0.14879350364208221,267,413,17,8,28.309450387954712,8043792,1911,0.4924482860520095,1456,635,291,127,272,164,55,33,669,133,134,27,,,,,,,,,,,,,,,,,,,,,2397,423,705,480
sweep,gdm_early,3,0.8,sweep,0.5,0,3,2029,k=5,0.986321353065539,0.9693299742828279,0.9745454545454545,0.9651162790697675,0.9469964664310954,0.9834123222748815,0.9605734767025089,0.9673759402291887,0.02927926741540432,-0.827447358573855,0.3289261779948642,0.03111878180882978,0.023127010092139244,268,415,15,7,16.596022129058838,8043792,1905,0.4879624704491726,1456,635,291,127,272,164,55,33,669,133,134,27,,,,,,,,,,,,,,,,,,,,,2397,423,705,480
sweep,gdm_early,3,0.8,sweep,0.5,0,3,2029,k=10,0.9865496828752642,0.9647452760972358,0.9781818181818182,0.9627906976744186,0.9438596491228071,0.9857142857142858,0.9607142857142857,0.9674159663865547,0.029515516012907028,-2.4375530089577477,0.312187480716262,0.030163374565977685,0.10516499727964401,269,414,16,6,27.350916862487793,8043792,1904,0.4928605200945627,1456,635,291,127,272,164,55,33,669,133,134,27,,,,,,,,,,,,,,,,,,,,,2397,423,705,480
sweep,gdm_early,3,0.8,sweep,0.5,0,3,2029,k=15,0.9830528541226216,0.9534695803370203,0.9781818181818182,0.9558139534883721,0.9340277777777778,0.9856115107913669,0.955595026642984,0.9630395440180681,0.03241582214832306,-1.7610905038771651,0.3079309863472666,0.03212413795569791,0.01491727028042078,269,411,19,6,41.23005557060242,8043792,1902,0.49999852245862886,1456,635,291,127,272,164,55,33,669,133,134,27,,,,,,,,,,,,,,,,,,,,,2397,423,705,480
sweep,gdm_early,3,0.8,sweep,0.5,0,3,2029,k=20,0.985475687103594,0.9581341223443027,0.9818181818181818,0.9604651162790697,0.9407665505226481,0.9880382775119617,0.9608540925266904,0.9674553481501377,0.03068465180695057,-2.1226949080633366,0.31223971354265284,0.03255866897124828,0.01747516170144081,270,413,17,5,50.43766379356384,8043792,1904,0.48292109929078014,1456,635,291,127,272,164,55,33,669,133,134,27,,,,,,,,,,,,,,,,,,,,,2397,423,705,480
sweep,gdm_early,3,0.8,sweep,0.5,0,3,2029,agr_every=2,0.983522198731501,0.9591383655300657,0.9636363636363636,0.9604651162790697,0.9397163120567376,0.9763593380614657,0.9515260323159784,0.9599365214334874,0.03287546709179878,-1.8330369061071445,0.3100444414645133,0.03339152783180209,0.031394436955451965,265,413,17,10,27.595133781433105,8043792,1887,0.5175443262411348,1456,635,291,127,272,164,55,33,669,133,134,27,,,,,,,,,,,,,,,,,,,,,2397,423,705,480
sweep,gdm_early,3,0.8,sweep,0.5,0,3,2029,agr_every=3,0.9820718816067653,0.9509037539410377,0.9672727272727273,0.9604651162790697,0.9399293286219081,0.9786729857819905,0.953405017921147,0.9614442929981322,0.03288177773356438,-3.8069065045068102,0.30825782344964114,0.0329432844550098,0.040983229875564575,266,413,17,9,27.863473892211914,8043792,1907,0.5257816193853428,1456,635,291,127,272,164,55,33,669,133,134,27,,,,,,,,,,,,,,,,,,,,,2397,423,705,480
sweep,gdm_early,3,0.8,sweep,0.5,0,3,2029,agr_every=5,0.9865496828752642,0.9647452760972358,0.9781818181818182,0.9627906976744186,0.9438596491228071,0.9857142857142858,0.9607142857142857,0.9674159663865547,0.029515516012907028,-2.4375530089577477,0.312187480716262,0.030163374565977685,0.10516499727964401,269,414,16,6,28.26352882385254,8043792,1904,0.4928605200945627,1456,635,291,127,272,164,55,33,669,133,134,27,,,,,,,,,,,,,,,,,,,,,2397,423,705,480
sweep,gdm_early,3,0.8,sweep,0.5,0,3,2029,blend=0.0,0.9860676532769556,0.9640573219533644,0.9854545454545455,0.9604651162790697,0.9409722222222222,0.9904076738609112,0.9626998223801065,0.9689532169751772,0.030251678079366684,-1.4088347175369762,0.3330010762712666,0.030930889102940742,0.03968535363674164,271,413,17,4,26.89382815361023,8043792,1904,0.4937825059101655,1456,635,291,127,272,164,55,33,669,133,134,27,,,,,,,,,,,,,,,,,,,,,2397,423,705,480
sweep,gdm_early,3,0.8,sweep,0.5,0,3,2029,blend=0.25,0.986215644820296,0.9624278904576429,0.9781818181818182,0.9604651162790697,0.9405594405594405,0.9856801909307876,0.9590017825311943,0.9659555437979882,0.03021114505827427,-2.242812780245687,0.3159254280611511,0.03169233441610442,0.07721921801567078,269,413,17,6,27.71001148223877,8043792,1904,0.4912160165484634,1456,635,291,127,272,164,55,33,669,133,134,27,,,,,,,,,,,,,,,,,,,,,2397,423,705,480
sweep,gdm_early,3,0.8,sweep,0.5,0,3,2029,blend=0.5,0.9865496828752642,0.9647452760972358,0.9781818181818182,0.9627906976744186,0.9438596491228071,0.9857142857142858,0.9607142857142857,0.9674159663865547,0.029515516012907028,-2.4375530089577477,0.312187480716262,0.030163374565977685,0.10516499727964401,269,414,16,6,27.43522548675537,8043792,1904,0.4928605200945627,1456,635,291,127,272,164,55,33,669,133,134,27,,,,,,,,,,,,,,,,,,,,,2397,423,705,480
sweep,gdm_early,3,0.8,sweep,0.5,0,3,2029,blend=0.75,0.9855813953488372,0.9608312670205753,0.9854545454545455,0.958139534883721,0.9377162629757786,0.9903846153846154,0.9609929078014184,0.9674940898345153,0.030146803706884384,-1.0025666671449922,0.33320576496484006,0.03166852786786959,0.0226442851126194,271,412,18,4,27.355058908462524,8043792,1899,0.4916947399527187,1456,635,291,127,272,164,55,33,669,133,134,27,,,,,,,,,,,,,,,,,,,,,2397,423,705,480
sweep,gdm_early,3,0.8,sweep,0.5,0,3,2029,blend=1.0,0.9858350951374207,0.9628295152383444,0.9927272727272727,0.9534883720930233,0.931740614334471,0.9951456310679612,0.9612676056338029,0.9675696698002744,0.027736952528357506,-3.203405502093543,0.31688335190532607,0.02753194035204284,0.002407466061413288,273,410,20,2,26.781466245651245,8043792,1899,0.4906486406619386,1456,635,291,127,272,164,55,33,669,133,134,27,,,,,,,,,,,,,,,,,,,,,2397,423,705,480
sweep,gdm_early,3,0.8,sweep,0.5,0,3,2029,noise_std=0.01,0.986600422832981,0.9667339664753508,0.9781818181818182,0.9627906976744186,0.9438596491228071,0.9857142857142858,0.9607142857142857,0.9674159663865547,0.029822280630469322,-2.825220229985892,0.3094906176262559,0.030381844348954492,0.0922858938574791,269,414,16,6,28.37774109840393,8043792,1904,0.49019208037825057,1456,635,291,127,272,164,55,33,669,133,134,27,,,,,,,,,,,,,,,,,,,,,2397,423,705,480
sweep,gdm_early,3,0.8,sweep,0.5,0,3,2029,noise_std=0.05,0.9865496828752642,0.9647452760972358,0.9781818181818182,0.9627906976744186,0.9438596491228071,0.9857142857142858,0.9607142857142857,0.9674159663865547,0.029515516012907028,-2.4375530089577477,0.312187480716262,0.030163374565977685,0.10516499727964401,269,414,16,6,27.597128868103027,8043792,1904,0.4928605200945627,1456,635,291,127,272,164,55,33,669,133,134,27,,,,,,,,,,,,,,,,,,,,,2397,423,705,480
sweep,gdm_early,3,0.8,sweep,0.5,0,3,2029,noise_std=0.1,0.9862959830866808,0.9642095863865688,0.9781818181818182,0.9604651162790697,0.9405594405594405,0.9856801909307876,0.9590017825311943,0.9659555437979882,0.029692508280277252,-2.467780026367283,0.3135364187794893,0.031075771155697773,0.07979904860258102,269,413,17,6,26.893203496932983,8043792,1904,0.4899615839243499,1456,635,291,127,272,164,55,33,669,133,134,27,,,,,,,,,,,,,,,,,,,,,2397,423,705,480
sweep,gdm_early,3,0.8,sweep,0.5,0,3,2029,eta=0.2,0.9858350951374207,0.965518592558927,0.9745454545454545,0.9651162790697675,0.9469964664310954,0.9834123222748815,0.9605734767025089,0.9673759402291887,0.02801292948424816,-1.69059900200947,0.32208366658579507,0.027625955547889734,0.10659506171941757,268,415,15,7,28.509082555770874,8043792,1901,0.49937056737588653,1456,635,291,127,272,164,55,33,669,133,134,27,,,,,,,,,,,,,,,,,,,,,2397,423,705,480
sweep,gdm_early,3,0.8,sweep,0.5,0,3,2029,eta=0.5,0.9843509513742073,0.9582329951748322,0.9745454545454545,0.9604651162790697,0.9403508771929825,0.9833333333333333,0.9571428571428572,0.9644537815126051,0.0289600919932127,-1.4146352089185266,0.3337770420307443,0.030199917196791527,0.09396161884069443,268,413,17,7,27.07551908493042,8043792,1905,0.49575502364066193,1456,635,291,127,272,164,55,33,669,133,134,27,,,,,,,,,,,,,,,,,,,,,2397,423,705,480
sweep,gdm_early,3,0.8,sweep,0.5,0,3,2029,eta=0.8,0.9865496828752642,0.9647452760972358,0.9781818181818182,0.9627906976744186,0.9438596491228071,0.9857142857142858,0.9607142857142857,0.9674159663865547,0.029515516012907028,-2.4375530089577477,0.312187480716262,0.030163374565977685,0.10516499727964401,269,414,16,6,27.2462477684021,8043792,1904,0.4928605200945627,1456,635,291,127,272,164,55,33,669,133,134,27,,,,,,,,,,,,,,,,,,,,,2397,423,705,480
sweep,gdm_early,3,0.8,sweep,0.5,0,3,2029,eta=1.0,0.986414376321353,0.9671567320585607,0.9781818181818182,0.9651162790697675,0.9471830985915493,0.9857482185273159,0.962432915921288,0.9688780325787403,0.028733298182487488,-3.2736401461755533,0.31097932860882666,0.02933145911351888,0.22127185761928558,269,415,15,6,26.99367618560791,8043792,1905,0.4945670803782506,1456,635,291,127,272,164,55,33,669,133,134,27,,,,,,,,,,,,,,,,,,,,,2397,423,705,480
sweep,gdm_early,3,0.8,sweep,0.5,0,3,2029,rounds=5,0.983737843551797,0.963546463150624,0.9818181818181818,0.958139534883721,0.9375,0.988009592326139,0.9591474245115453,0.9659963804966227,0.029932647943496704,-0.9926984545324011,0.3761136542955284,0.029837980013050075,0.02761412411928177,270,412,18,5,13.916390895843506,4080192,1735,0.5093868203309693,1456,635,291,127,272,164,55,33,669,133,134,27,,,,,,,,,,,,,,,,,,,,,2397,423,705,480
sweep,gdm_early,3,0.8,sweep,0.5,0,3,2029,rounds=10,0.9865496828752642,0.9647452760972358,0.9781818181818182,0.9627906976744186,0.9438596491228071,0.9857142857142858,0.9607142857142857,0.9674159663865547,0.029515516012907028,-2.4375530089577477,0.312187480716262,0.030163374565977685,0.10516499727964401,269,414,16,6,28.073572397232056,8043792,1904,0.4928605200945627,1456,635,291,127,272,164,55,33,669,133,134,27,,,,,,,,,,,,,,,,,,,,,2397,423,705,480
sweep,gdm_early,3,0.8,sweep,0.5,0,3,2029,rounds=20,0.9824862579281184,0.9623403360315042,0.9709090909090909,0.9651162790697675,0.9468085106382979,0.9810874704491725,0.9587073608617595,0.9658718515914894,0.031780507415533066,-6.312518345558615,0.2939872159202306,0.032223761737625735,0.05282154679298401,267,415,15,8,52.16314125061035,15970992,1915,0.5149527186761229,1456,635,291,127,272,164,55,33,669,133,134,27,,,,,,,,,,,,,,,,,,,,,2397,423,705,480
sweep,gdm_early,3,0.8,sweep,0.5,0,4,2030,tau0=0.8,0.9807653276955602,0.939221011112209,0.9854545454545455,0.9720930232558139,0.9575971731448764,0.990521327014218,0.9713261648745519,0.9762734110757736,0.022210238501429558,-2.441907402523213,0.3319447816664211,0.023155760877073835,0.024032991379499435,271,418,12,4,32.3117299079895,8043792,1902,0.4814966167695701,905,568,181,114,100,7,20,1,1392,357,278,71,,,,,,,,,,,,,,,,,,,,,2397,423,705,479
sweep,gdm_early,3,0.8,sweep,0.5,0,4,2030,tau0=0.85,0.980676532769556,0.938926593031351,0.9854545454545455,0.9720930232558139,0.9575971731448764,0.990521327014218,0.9713261648745519,0.9762734110757736,0.023398254066705704,-1.690188725261742,0.3365712748993533,0.025062595273273924,0.05839196592569351,271,418,12,4,32.37788772583008,8043792,1897,0.4734479337864049,905,568,181,114,100,7,20,1,1392,357,278,71,,,,,,,,,,,,,,,,,,,,,2397,423,705,479
sweep,gdm_early,3,0.8,sweep,0.5,0,4,2030,tau0=0.9,0.9826807610993658,0.9479302570167129,0.9854545454545455,0.9720930232558139,0.9575971731448764,0.990521327014218,0.9713261648745519,0.9762734110757736,0.02296159602701664,-2.6696208299078914,0.35005183295761494,0.022954656609254782,0.07234732061624527,271,418,12,4,32.22021532058716,8043792,1880,0.47652319400642595,905,568,181,114,100,7,20,1,1392,357,278,71,,,,,,,,,,,,,,,,,,,,,2397,423,705,479
sweep,gdm_early,3,0.8,sweep,0.5,0,4,2030,tau0=0.95,0.9812811839323466,0.948117816578567,0.9854545454545455,0.9720930232558139,0.9575971731448764,0.990521327014218,0.9713261648745519,0.9762734110757736,0.02148699387907982,-2.922912846314355,0.34549787786035807,0.022532753388608745,0.14688336849212646,271,418,12,4,32.49352836608887,8043792,1857,0.4823997986348628,905,568,181,114,100,7,20,1,1392,357,278,71,,,,,,,,,,,,,,,,,,,,,2397,423,705,479
sweep,gdm_early,3,0.8,sweep,0.5,0,4,2030,tau_decay=0.0,0.9798308668076109,0.9369013105915477,0.9854545454545455,0.9744186046511628,0.9609929078014184,0.9905437352245863,0.9730700179533214,0.9777425119074931,0.020595911890268326,-2.6108667157832914,0.3465370282242459,0.020012252547543692,0.13331729173660278,271,419,11,4,32.66614651679993,8043792,1519,0.482119960319223,905,568,181,114,100,7,20,1,1392,357,278,71,,,,,,,,,,,,,,,,,,,,,2397,423,705,479
sweep,gdm_early,3,0.8,sweep,0.5,0,4,2030,tau_decay=0.03,0.9826807610993658,0.9479302570167129,0.9854545454545455,0.9720930232558139,0.9575971731448764,0.990521327014218,0.9713261648745519,0.9762734110757736,0.02296159602701664,-2.6696208299078914,0.35005183295761494,0.022954656609254782,0.07234732061624527,271,418,12,4,29.373725414276123,8043792,1880,0.47652319400642595,905,568,181,114,100,7,20,1,1392,357,278,71,,,,,,,,,,,,,,,,,,,,,2397,423,705,479
sweep,gdm_early,3,0.8,sweep,0.5,0,4,2030,tau_decay=0.1,0.9788202959830866,0.9308403673798524,0.9854545454545455,0.9720930232558139,0.9575971731448764,0.990521327014218,0.9713261648745519,0.9762734110757736,0.022302579134702682,-1.9384852136549242,0.3424942296039357,0.024237014907362686,0.03894159942865372,271,418,12,4,29.409212827682495,8043792,1907,0.4784406046876619,905,568,181,114,100,7,20,1,1392,357,278,71,,,,,,,,,,,,,,,,,,,,,2397,423,705,479
sweep,gdm_early,3,0.8,sweep,0.5,0,4,2030,k=5,0.980752642706131,0.9421102306460789,0.9854545454545455,0.9697674418604652,0.954225352112676,0.9904988123515439,0.9695885509838998,0.9748060263732661,0.023451268672943115,-4.281368055766004,0.3302893968278553,0.024486422400235464,0.4892207384109497,271,417,13,4,16.405869007110596,8043792,1896,0.47565554716534153,905,568,181,114,100,7,20,1,1392,357,278,71,,,,,,,,,,,,,,,,,,,,,2397,423,705,479
sweep,gdm_early,3,0.8,sweep,0.5,0,4,2030,k=10,0.9826807610993658,0.9479302570167129,0.9854545454545455,0.9720930232558139,0.9575971731448764,0.990521327014218,0.9713261648745519,0.9762734110757736,0.02296159602701664,-2.6696208299078914,0.35005183295761494,0.022954656609254782,0.07234732061624527,271,418,12,4,29.289748191833496,8043792,1880,0.47652319400642595,905,568,181,114,100,7,20,1,1392,357,278,71,,,,,,,,,,,,,,,,,,,,,2397,423,705,479
sweep,gdm_early,3,0.8,sweep,0.5,0,4,2030,k=15,0.9797420718816068,0.9298954512290678,0.9854545454545455,0.9697674418604652,0.954225352112676,0.9904988123515439,0.9695885509838998,0.9748060263732661,0.02766743302345276,-1.2065641210786606,0.35495698408439974,0.030135373716079113,0.05366360768675804,271,417,13,4,42.12090587615967,8043792,1902,0.4812034528198522,905,568,181,114,100,7,20,1,1392,357,278,71,,,,,,,,,,,,,,,,,,,,,2397,423,705,479
sweep,gdm_early,3,0.8,sweep,0.5,0,4,2030,k=20,0.9854418604651162,0.9626292268162969,0.9854545454545455,0.9697674418604652,0.954225352112676,0.9904988123515439,0.9695885509838998,0.9748060263732661,0.027622612193226814,-0.10045289126467744,0.358519379297067,0.030093473849978285,0.01423987839370966,271,417,13,4,50.755380153656006,8043792,1904,0.48791513051718266,905,568,181,114,100,7,20,1,1392,357,278,71,,,,,,,,,,,,,,,,,,,,,2397,423,705,479
sweep,gdm_early,3,0.8,sweep,0.5,0,4,2030,agr_every=2,0.9802706131078225,0.9373381054614314,0.9854545454545455,0.9674418604651163,0.9508771929824561,0.9904761904761905,0.9678571428571429,0.9733403361344538,0.025848999619483948,-2.676600392007974,0.3370861760531862,0.02605233665527644,0.02167307771742344,271,416,14,4,30.000160455703735,8043792,1889,0.4937784095115415,905,568,181,114,100,7,20,1,1392,357,278,71,,,,,,,,,,,,,,,,,,,,,2397,423,705,479
sweep,gdm_early,3,0.8,sweep,0.5,0,4,2030,agr_every=3,0.9817674418604652,0.947388000874759,0.9818181818181818,0.9697674418604652,0.9540636042402827,0.9881516587677726,0.967741935483871,0.9733075874602454,0.024646908044815063,-2.359237404528573,0.3489083497670854,0.026215352536119695,0.10988008230924606,270,417,13,5,28.59510850906372,8043792,1861,0.49890433675357937,905,568,181,114,100,7,20,1,1392,357,278,71,,,,,,,,,,,,,,,,,,,,,2397,423,705,479
sweep,gdm_early,3,0.8,sweep,0.5,0,4,2030,agr_every=5,0.9826807610993658,0.9479302570167129,0.9854545454545455,0.9720930232558139,0.9575971731448764,0.990521327014218,0.9713261648745519,0.9762734110757736,0.02296159602701664,-2.6696208299078914,0.35005183295761494,0.022954656609254782,0.07234732061624527,271,418,12,4,28.718762397766113,8043792,1880,0.47652319400642595,905,568,181,114,100,7,20,1,1392,357,278,71,,,,,,,,,,,,,,,,,,,,,2397,423,705,479
sweep,gdm_early,3,0.8,sweep,0.5,0,4,2030,blend=0.0,0.9820887949260043,0.9440387558001075,0.9890909090909091,0.9651162790697675,0.9477351916376306,0.992822966507177,0.9679715302491103,0.9733725575773853,0.022735411301255226,-2.636218549334337,0.3578721985998867,0.022560383022617526,0.007624178193509579,272,415,15,3,28.868164539337158,8043792,1882,0.4812301040880085,905,568,181,114,100,7,20,1,1392,357,278,71,,,,,,,,,,,,,,,,,,,,,2397,423,705,479
sweep,gdm_early,3,0.8,sweep,0.5,0,4,2030,blend=0.25,0.9802410147991543,0.931511605156441,0.9854545454545455,0.9720930232558139,0.9575971731448764,0.990521327014218,0.9713261648745519,0.9762734110757736,0.023046940565109253,-2.4043868158231456,0.34806125811727084,0.021453238550180567,0.07779330760240555,271,418,12,4,28.20191478729248,8043792,1880,0.4797894549815662,905,568,181,114,100,7,20,1,1392,357,278,71,,,,,,,,,,,,,,,,,,,,,2397,423,705,479
sweep,gdm_early,3,0.8,sweep,0.5,0,4,2030,blend=0.5,0.9826807610993658,0.9479302570167129,0.9854545454545455,0.9720930232558139,0.9575971731448764,0.990521327014218,0.9713261648745519,0.9762734110757736,0.02296159602701664,-2.6696208299078914,0.35005183295761494,0.022954656609254782,0.07234732061624527,271,418,12,4,29.290916919708252,8043792,1880,0.47652319400642595,905,568,181,114,100,7,20,1,1392,357,278,71,,,,,,,,,,,,,,,,,,,,,2397,423,705,479
sweep,gdm_early,3,0.8,sweep,0.5,0,4,2030,blend=0.75,0.9850824524312896,0.9677676842474543,0.9890909090909091,0.9720930232558139,0.9577464788732394,0.9928741092636579,0.9731663685152058,0.9777700232705289,0.02194724977016449,-4.480937910565753,0.33242618810295066,0.02204949327068343,0.06199007108807564,272,418,12,3,28.511024236679077,8043792,1885,0.4924650942418455,905,568,181,114,100,7,20,1,1392,357,278,71,,,,,,,,,,,,,,,,,,,,,2397,423,705,479
sweep,gdm_early,3,0.8,sweep,0.5,0,4,2030,blend=1.0,0.9809006342494715,0.9445227193502558,0.9854545454545455,0.9720930232558139,0.9575971731448764,0.990521327014218,0.9713261648745519,0.9762734110757736,0.021339356899261475,-2.682863448877566,0.35601468110583984,0.021645214794457936,0.11578226834535599,271,418,12,4,28.78746199607849,8043792,1873,0.4733975925021099,905,568,181,114,100,7,20,1,1392,357,278,71,,,,,,,,,,,,,,,,,,,,,2397,423,705,479
sweep,gdm_early,3,0.8,sweep,0.5,0,4,2030,noise_std=0.01,0.9833826638477802,0.9592128892410501,0.9890909090909091,0.9697674418604652,0.9543859649122807,0.9928571428571429,0.9714285714285714,0.9763025210084033,0.02210245095193386,-5.15397542816968,0.3290627902002186,0.02220082656721457,0.09796697646379471,272,417,13,3,28.615739822387695,8043792,1883,0.4890181968936467,905,568,181,114,100,7,20,1,1392,357,278,71,,,,,,,,,,,,,,,,,,,,,2397,423,705,479
sweep,gdm_early,3,0.8,sweep,0.5,0,4,2030,noise_std=0.05,0.9826807610993658,0.9479302570167129,0.9854545454545455,0.9720930232558139,0.9575971731448764,0.990521327014218,0.9713261648745519,0.9762734110757736,0.02296159602701664,-2.6696208299078914,0.35005183295761494,0.022954656609254782,0.07234732061624527,271,418,12,4,28.34766960144043,8043792,1880,0.47652319400642595,905,568,181,114,100,7,20,1,1392,357,278,71,,,,,,,,,,,,,,,,,,,,,2397,423,705,479
sweep,gdm_early,3,0.8,sweep,0.5,0,4,2030,noise_std=0.1,0.9825750528541226,0.9566997466311263,0.9890909090909091,0.9674418604651163,0.951048951048951,0.9928400954653938,0.9696969696969697,0.9748367062854695,0.021860918030142784,-5.606139625826676,0.32888510216625,0.02235551292311187,0.009028897620737553,272,416,14,3,29.538639783859253,8043792,1883,0.48510490235271475,905,568,181,114,100,7,20,1,1392,357,278,71,,,,,,,,,,,,,,,,,,,,,2397,423,705,479
sweep,gdm_early,3,0.8,sweep,0.5,0,4,2030,eta=0.2,0.9829640591966173,0.9602990293302691,0.9890909090909091,0.9651162790697675,0.9477351916376306,0.992822966507177,0.9679715302491103,0.9733725575773853,0.02137140929698944,-6.0117652972378375,0.3349515120559127,0.02179785564910051,0.02152184024453163,272,415,15,3,28.515140295028687,8043792,1888,0.4969277010319963,905,568,181,114,100,7,20,1,1392,357,278,71,,,,,,,,,,,,,,,,,,,,,2397,423,705,479
sweep,gdm_early,3,0.8,sweep,0.5,0,4,2030,eta=0.5,0.9830993657505285,0.9590080331893539,0.9890909090909091,0.9627906976744186,0.9444444444444444,0.9928057553956835,0.9662522202486679,0.9719100534537318,0.020928524434566498,-5.5577271207988534,0.33166115300310395,0.021189483752018436,0.006322250701487064,272,414,16,3,28.78219509124756,8043792,1879,0.4969188172759442,905,568,181,114,100,7,20,1,1392,357,278,71,,,,,,,,,,,,,,,,,,,,,2397,423,705,479
sweep,gdm_early,3,0.8,sweep,0.5,0,4,2030,eta=0.8,0.9826807610993658,0.9479302570167129,0.9854545454545455,0.9720930232558139,0.9575971731448764,0.990521327014218,0.9713261648745519,0.9762734110757736,0.02296159602701664,-2.6696208299078914,0.35005183295761494,0.022954656609254782,0.07234732061624527,271,418,12,4,28.106590747833252,8043792,1880,0.47652319400642595,905,568,181,114,100,7,20,1,1392,357,278,71,,,,,,,,,,,,,,,,,,,,,2397,423,705,479
sweep,gdm_early,3,0.8,sweep,0.5,0,4,2030,eta=1.0,0.9830443974630021,0.958742172704033,0.9890909090909091,0.9674418604651163,0.951048951048951,0.9928400954653938,0.9696969696969697,0.9748367062854695,0.022366713732481003,-5.127401405895614,0.3241437313147674,0.022216242311872417,0.010276232846081257,272,416,14,3,28.826762437820435,8043792,1887,0.49274789380950273,905,568,181,114,100,7,20,1,1392,357,278,71,,,,,,,,,,,,,,,,,,,,,2397,423,705,479
sweep,gdm_early,3,0.8,sweep,0.5,0,4,2030,rounds=5,0.981860465116279,0.9437457431569428,0.9818181818181818,0.9697674418604652,0.9540636042402827,0.9881516587677726,0.967741935483871,0.9733075874602454,0.02506757155060768,-1.2478670109827665,0.3658032785207051,0.025518303286574832,0.043686918914318085,270,417,13,5,14.964598655700684,4080192,1550,0.4933564310990687,905,568,181,114,100,7,20,1,1392,357,278,71,,,,,,,,,,,,,,,,,,,,,2397,423,705,479
sweep,gdm_early,3,0.8,sweep,0.5,0,4,2030,rounds=10,0.9826807610993658,0.9479302570167129,0.9854545454545455,0.9720930232558139,0.9575971731448764,0.990521327014218,0.9713261648745519,0.9762734110757736,0.02296159602701664,-2.6696208299078914,0.35005183295761494,0.022954656609254782,0.07234732061624527,271,418,12,4,29.017056226730347,8043792,1880,0.47652319400642595,905,568,181,114,100,7,20,1,1392,357,278,71,,,,,,,,,,,,,,,,,,,,,2397,423,705,479
sweep,gdm_early,3,0.8,sweep,0.5,0,4,2030,rounds=20,0.9840972515856237,0.9622377527425133,0.9890909090909091,0.9674418604651163,0.951048951048951,0.9928400954653938,0.9696969696969697,0.9748367062854695,0.02578170970082283,-3.641763566132514,0.313223825624914,0.026140378144113928,0.002560497960075736,272,416,14,3,54.24711585044861,15970992,1900,0.5009194687513882,905,568,181,114,100,7,20,1,1392,357,278,71,,,,,,,,,,,,,,,,,,,,,2397,423,705,479
sweep,gdm_early,3,0.8,sweep,0.5,1,0,3026,tau0=0.8,0.9822768303216082,0.9552893580460804,0.9781021897810219,0.9280742459396751,0.8963210702341137,0.9852216748768473,0.9354275741710296,0.9456110391763153,0.05559733137488365,-6.102375282157773,0.40436196511584266,0.059410246839112724,0.8803551197052002,268,400,31,6,31.84430241584778,8043792,1900,0.5543241682583397,1117,277,223,55,249,240,50,48,1031,416,206,83,,,,,,,,,,,,,,,,,,,,,2397,423,705,479
sweep,gdm_early,3,0.8,sweep,0.5,1,0,3026,tau0=0.85,0.9807653225396717,0.9567927348118445,0.9817518248175182,0.9280742459396751,0.8966666666666666,0.9876543209876543,0.9372822299651568,0.9471100145041095,0.05444219708442688,-5.873895924628736,0.40351773781774336,0.057161052010008914,0.8580858707427979,269,400,31,5,31.221132516860962,8043792,1897,0.5519655310265179,1117,277,223,55,249,240,50,48,1031,416,206,83,,,,,,,,,,,,,,,,,,,,,2397,423,705,479
sweep,gdm_early,3,0.8,sweep,0.5,1,0,3026,tau0=0.9,0.9823699764594306,0.9622692549988399,0.9781021897810219,0.9327146171693735,0.9023569023569024,0.9852941176470589,0.9387040280210157,0.9484938495289823,0.05184048041701317,-5.937780023835151,0.3892814519200209,0.053919311215876495,0.9371815323829651,268,402,29,6,31.12606382369995,8043792,1885,0.5551163031729816,1117,277,223,55,249,240,50,48,1031,416,206,83,,,,,,,,,,,,,,,,,,,,,2397,423,705,479
sweep,gdm_early,3,0.8,sweep,0.5,1,0,3026,tau0=0.95,0.9796263993090251,0.9512037848856606,0.9817518248175182,0.9396751740139211,0.911864406779661,0.9878048780487805,0.945518453427065,0.9543287867610949,0.0610363744199276,-6.070835405726797,0.4076453694700184,0.06395193321253867,0.9299629330635071,269,405,26,5,33.116846561431885,8043792,1845,0.5554035446186647,1117,277,223,55,249,240,50,48,1031,416,206,83,,,,,,,,,,,,,,,,,,,,,2397,423,705,479
sweep,gdm_early,3,0.8,sweep,0.5,1,0,3026,tau_decay=0.0,0.9813157315358951,0.9544300399431568,0.9781021897810219,0.9419953596287703,0.9146757679180887,0.9854368932038835,0.9453262786596119,0.9542764252135545,0.05758349224925041,-6.234360864733864,0.4152580046976328,0.06153106700318558,0.9506400227546692,268,406,25,6,28.018450021743774,8043792,1609,0.5561927182812894,1117,277,223,55,249,240,50,48,1031,416,206,83,,,,,,,,,,,,,,,,,,,,,2397,423,705,479
sweep,gdm_early,3,0.8,sweep,0.5,1,0,3026,tau_decay=0.03,0.9823699764594306,0.9622692549988399,0.9781021897810219,0.9327146171693735,0.9023569023569024,0.9852941176470589,0.9387040280210157,0.9484938495289823,0.05184048041701317,-5.937780023835151,0.3892814519200209,0.053919311215876495,0.9371815323829651,268,402,29,6,28.001709938049316,8043792,1885,0.5551163031729816,1117,277,223,55,249,240,50,48,1031,416,206,83,,,,,,,,,,,,,,,,,,,,,2397,423,705,479
sweep,gdm_early,3,0.8,sweep,0.5,1,0,3026,tau_decay=0.1,0.9816883160871848,0.9578156151522896,0.9781021897810219,0.9396751740139211,0.9115646258503401,0.9854014598540146,0.9436619718309859,0.9528286106185808,0.053556960076093674,-6.17968992675543,0.3750842439947655,0.05676748679970649,0.9300626516342163,268,405,26,6,28.692869186401367,8043792,1899,0.5595966774752366,1117,277,223,55,249,240,50,48,1031,416,206,83,,,,,,,,,,,,,,,,,,,,,2397,423,705,479
sweep,gdm_early,3,0.8,sweep,0.5,1,0,3026,k=5,0.9816417430182734,0.9583076719466683,0.9817518248175182,0.9280742459396751,0.8966666666666666,0.9876543209876543,0.9372822299651568,0.9471100145041095,0.047305259853601456,-6.2364017006016566,0.386278502048404,0.048527806500263566,0.8443876504898071,269,400,31,5,16.72051429748535,8043792,1877,0.5280134440841588,1117,277,223,55,249,240,50,48,1031,416,206,83,,,,,,,,,,,,,,,,,,,,,2397,423,705,479
sweep,gdm_early,3,0.8,sweep,0.5,1,0,3026,k=10,0.9823699764594306,0.9622692549988399,0.9781021897810219,0.9327146171693735,0.9023569023569024,0.9852941176470589,0.9387040280210157,0.9484938495289823,0.05184048041701317,-5.937780023835151,0.3892814519200209,0.053919311215876495,0.9371815323829651,268,402,29,6,29.083515644073486,8043792,1885,0.5551163031729816,1117,277,223,55,249,240,50,48,1031,416,206,83,,,,,,,,,,,,,,,,,,,,,2397,423,705,479
sweep,gdm_early,3,0.8,sweep,0.5,1,0,3026,k=15,0.9852066997476585,0.9636868493881647,0.9598540145985401,0.9327146171693735,0.9006849315068494,0.9733656174334141,0.9293286219081273,0.9409676284896087,0.054700545966625214,-5.917690161707985,0.4190757615287259,0.05707896283880563,0.9462760090827942,263,402,29,11,40.37891435623169,8043792,1894,0.5265787174817513,1117,277,223,55,249,240,50,48,1031,416,206,83,,,,,,,,,,,,,,,,,,,,,2397,423,705,479
sweep,gdm_early,3,0.8,sweep,0.5,1,0,3026,k=20,0.9835258353514996,0.9616022968415805,0.9671532846715328,0.9211136890951276,0.8862876254180602,0.9778325123152709,0.924956369982548,0.9367912076913936,0.06418488919734955,-6.288652574490898,0.38602138635184086,0.06695300934651327,0.9396112561225891,265,397,34,9,52.57231402397156,8043792,1888,0.5094626808214513,1117,277,223,55,249,240,50,48,1031,416,206,83,,,,,,,,,,,,,,,,,,,,,2397,423,705,479
sweep,gdm_early,3,0.8,sweep,0.5,1,0,3026,agr_every=2,0.9830516368316764,0.9619125514599056,0.9817518248175182,0.9350348027842227,0.9057239057239057,0.9877450980392157,0.9422066549912435,0.9514370581273262,0.05914285033941269,-7.117420727625422,0.4082344639736564,0.06418118157575951,0.942549467086792,269,403,28,5,28.484510898590088,8043792,1890,0.5463213846814433,1117,277,223,55,249,240,50,48,1031,416,206,83,,,,,,,,,,,,,,,,,,,,,2397,423,705,479
sweep,gdm_early,3,0.8,sweep,0.5,1,0,3026,agr_every=3,0.9813877080969398,0.9536700317549057,0.9817518248175182,0.9582366589327146,0.9372822299651568,0.9880382775119617,0.9590017825311943,0.9659555437979882,0.04935155063867569,-7.1991575101230545,0.38833660182722946,0.05850054271377172,0.9335537552833557,269,413,18,5,28.278312921524048,8043792,1897,0.5479530345430048,1117,277,223,55,249,240,50,48,1031,416,206,83,,,,,,,,,,,,,,,,,,,,,2397,423,705,479
sweep,gdm_early,3,0.8,sweep,0.5,1,0,3026,agr_every=5,0.9823699764594306,0.9622692549988399,0.9781021897810219,0.9327146171693735,0.9023569023569024,0.9852941176470589,0.9387040280210157,0.9484938495289823,0.05184048041701317,-5.937780023835151,0.3892814519200209,0.053919311215876495,0.9371815323829651,268,402,29,6,28.129151821136475,8043792,1885,0.5551163031729816,1117,277,223,55,249,240,50,48,1031,416,206,83,,,,,,,,,,,,,,,,,,,,,2397,423,705,479
sweep,gdm_early,3,0.8,sweep,0.5,1,0,3026,blend=0.0,0.981997391908141,0.952457503322013,0.9781021897810219,0.9350348027842227,0.9054054054054054,0.9853300733496333,0.9403508771929825,0.949937343358396,0.05067925900220871,-5.802699478588138,0.3929262768388991,0.05362529623848946,0.9376688003540039,268,403,28,6,28.947503089904785,8043792,1883,0.5519522053924399,1117,277,223,55,249,240,50,48,1031,416,206,83,,,,,,,,,,,,,,,,,,,,,2397,423,705,479
sweep,gdm_early,3,0.8,sweep,0.5,1,0,3026,blend=0.25,0.9823064677290971,0.9631107323480324,0.9781021897810219,0.9396751740139211,0.9115646258503401,0.9854014598540146,0.9436619718309859,0.9528286106185808,0.051167599856853485,-6.024296938570162,0.3854823406794464,0.05481181570257769,0.9480592012405396,268,405,26,6,28.752124309539795,8043792,1884,0.5518248715556937,1117,277,223,55,249,240,50,48,1031,416,206,83,,,,,,,,,,,,,,,,,,,,,2397,423,705,479
sweep,gdm_early,3,0.8,sweep,0.5,1,0,3026,blend=0.5,0.9823699764594306,0.9622692549988399,0.9781021897810219,0.9327146171693735,0.9023569023569024,0.9852941176470589,0.9387040280210157,0.9484938495289823,0.05184048041701317,-5.937780023835151,0.3892814519200209,0.053919311215876495,0.9371815323829651,268,402,29,6,27.981828927993774,8043792,1885,0.5551163031729816,1117,277,223,55,249,240,50,48,1031,416,206,83,,,,,,,,,,,,,,,,,,,,,2397,423,705,479
sweep,gdm_early,3,0.8,sweep,0.5,1,0,3026,blend=0.75,0.9818322692092739,0.9534312817681749,0.9781021897810219,0.9303944315545244,0.8993288590604027,0.9852579852579852,0.9370629370629371,0.9470517549276499,0.05239197239279747,-6.137548226216991,0.38293810406899914,0.05643311762680291,0.9411522746086121,268,401,30,6,27.947097778320312,8043792,1886,0.553622351530227,1117,277,223,55,249,240,50,48,1031,416,206,83,,,,,,,,,,,,,,,,,,,,,2397,423,705,479
sweep,gdm_early,3,0.8,sweep,0.5,1,0,3026,blend=1.0,0.9818153335478516,0.9553301528004928,0.9744525547445255,0.9373549883990719,0.9081632653061225,0.9829683698296837,0.9401408450704225,0.9498803987822422,0.051212869584560394,-5.915590349787972,0.398364060443598,0.05652932440152009,0.9585119485855103,267,404,27,7,28.49817156791687,8043792,1876,0.5484164704837206,1117,277,223,55,249,240,50,48,1031,416,206,83,,,,,,,,,,,,,,,,,,,,,2397,423,705,479
sweep,gdm_early,3,0.8,sweep,0.5,1,0,3026,noise_std=0.01,0.9819169475163853,0.953559970390211,0.9781021897810219,0.9350348027842227,0.9054054054054054,0.9853300733496333,0.9403508771929825,0.949937343358396,0.05286338925361633,-6.044518473795621,0.4029230320710041,0.05797957094908024,0.9509623050689697,268,403,28,6,28.147582054138184,8043792,1883,0.5467981462562371,1117,277,223,55,249,240,50,48,1031,416,206,83,,,,,,,,,,,,,,,,,,,,,2397,423,705,479
sweep,gdm_early,3,0.8,sweep,0.5,1,0,3026,noise_std=0.05,0.9823699764594306,0.9622692549988399,0.9781021897810219,0.9327146171693735,0.9023569023569024,0.9852941176470589,0.9387040280210157,0.9484938495289823,0.05184048041701317,-5.937780023835151,0.3892814519200209,0.053919311215876495,0.9371815323829651,268,402,29,6,29.094254970550537,8043792,1885,0.5551163031729816,1117,277,223,55,249,240,50,48,1031,416,206,83,,,,,,,,,,,,,,,,,,,,,2397,423,705,479
sweep,gdm_early,3,0.8,sweep,0.5,1,0,3026,noise_std=0.1,0.9821540467762968,0.9617999108159495,0.9781021897810219,0.9396751740139211,0.9115646258503401,0.9854014598540146,0.9436619718309859,0.9528286106185808,0.05051909014582634,-5.6628432208740955,0.39725628139414576,0.05382565710469022,0.925475001335144,268,405,26,6,28.374133348464966,8043792,1886,0.5522868268704009,1117,277,223,55,249,240,50,48,1031,416,206,83,,,,,,,,,,,,,,,,,,,,,2397,423,705,479
sweep,gdm_early,3,0.8,sweep,0.5,1,0,3026,eta=0.2,0.9835639405896998,0.9651823058818036,0.9744525547445255,0.9396751740139211,0.9112627986348123,0.9830097087378641,0.9417989417989417,0.951326517162816,0.05483340099453926,-5.832991172931152,0.4193112918240025,0.059064284306521546,0.966195821762085,267,405,26,7,28.45736074447632,8043792,1872,0.5456610254815737,1117,277,223,55,249,240,50,48,1031,416,206,83,,,,,,,,,,,,,,,,,,,,,2397,423,705,479
sweep,gdm_early,3,0.8,sweep,0.5,1,0,3026,eta=0.5,0.9809135095771166,0.9546422006180383,0.9781021897810219,0.9396751740139211,0.9115646258503401,0.9854014598540146,0.9436619718309859,0.9528286106185808,0.053498368710279465,-5.493653372992298,0.42250337224134815,0.05889851710732683,0.9284225702285767,268,405,26,6,27.756816387176514,8043792,1886,0.554766875434934,1117,277,223,55,249,240,50,48,1031,416,206,83,,,,,,,,,,,,,,,,,,,,,2397,423,705,479
sweep,gdm_early,3,0.8,sweep,0.5,1,0,3026,eta=0.8,0.9823699764594306,0.9622692549988399,0.9781021897810219,0.9327146171693735,0.9023569023569024,0.9852941176470589,0.9387040280210157,0.9484938495289823,0.05184048041701317,-5.937780023835151,0.3892814519200209,0.053919311215876495,0.9371815323829651,268,402,29,6,27.39176893234253,8043792,1885,0.5551163031729816,1117,277,223,55,249,240,50,48,1031,416,206,83,,,,,,,,,,,,,,,,,,,,,2397,423,705,479
sweep,gdm_early,3,0.8,sweep,0.5,1,0,3026,eta=1.0,0.9801852761359594,0.947315701230602,0.9781021897810219,0.9234338747099768,0.8903654485049833,0.9851485148514851,0.9321739130434783,0.9427336631085654,0.05568253621459007,-6.046981877684781,0.40948507487332425,0.05994802088780552,0.8123587965965271,268,398,33,6,28.24657964706421,8043792,1896,0.5580286945320482,1117,277,223,55,249,240,50,48,1031,416,206,83,,,,,,,,,,,,,,,,,,,,,2397,423,705,479
sweep,gdm_early,3,0.8,sweep,0.5,1,0,3026,rounds=5,0.9809304452385388,0.9500981526946237,0.9635036496350365,0.9327146171693735,0.9010238907849829,0.9757281553398058,0.9312169312169312,0.9424767930106008,0.05267604440450668,-5.282547291635023,0.40810030377344964,0.05472260245637216,0.9645318984985352,264,402,29,10,14.170590162277222,4080192,1658,0.5705222167932602,1117,277,223,55,249,240,50,48,1031,416,206,83,,,,,,,,,,,,,,,,,,,,,2397,423,705,479
sweep,gdm_early,3,0.8,sweep,0.5,1,0,3026,rounds=10,0.9823699764594306,0.9622692549988399,0.9781021897810219,0.9327146171693735,0.9023569023569024,0.9852941176470589,0.9387040280210157,0.9484938495289823,0.05184048041701317,-5.937780023835151,0.3892814519200209,0.053919311215876495,0.9371815323829651,268,402,29,6,28.46507239341736,8043792,1885,0.5551163031729816,1117,277,223,55,249,240,50,48,1031,416,206,83,,,,,,,,,,,,,,,,,,,,,2397,423,705,479
sweep,gdm_early,3,0.8,sweep,0.5,1,0,3026,rounds=20,0.9846986299049908,0.9712721020884629,0.9781021897810219,0.9350348027842227,0.9054054054054054,0.9853300733496333,0.9403508771929825,0.949937343358396,0.05310070142149925,-6.123925401976808,0.39547823220717404,0.057288783139727545,0.9731903672218323,268,403,28,6,54.75287866592407,15970992,1907,0.5288233465109049,1117,277,223,55,249,240,50,48,1031,416,206,83,,,,,,,,,,,,,,,,,,,,,2397,423,705,479
sweep,gdm_early,3,0.8,sweep,0.5,1,1,3027,tau0=0.8,0.990439819127136,0.9782274377653483,0.9781021897810219,0.9767981438515081,0.9640287769784173,0.9859484777517564,0.9710144927536232,0.9761832370528023,0.021717853844165802,-3.7995225564144555,0.4525801224949945,0.023257485888105753,0.9735026359558105,268,421,10,6,27.577507495880127,8043792,1894,0.4818986406619386,531,198,107,40,1053,383,211,77,813,352,162,70,,,,,,,,,,,,,,,,,,,,,2397,423,705,480
sweep,gdm_early,3,0.8,sweep,0.5,1,1,3027,tau0=0.85,0.990109573729402,0.9787739699594837,0.9854014598540146,0.9767981438515081,0.9642857142857143,0.9905882352941177,0.9747292418772563,0.9791870508451702,0.0238895695656538,-6.539087861686705,0.37776121567231735,0.02550576349839251,0.9924070239067078,270,421,10,4,27.79053497314453,8043792,1888,0.4918144208037825,531,198,107,40,1053,383,211,77,813,352,162,70,,,,,,,,,,,,,,,,,,,,,2397,423,705,480
sweep,gdm_early,3,0.8,sweep,0.5,1,1,3027,tau0=0.9,0.9896777143631345,0.9756103800772264,0.9854014598540146,0.9791183294663574,0.967741935483871,0.9906103286384976,0.976491862567812,0.9806613338510005,0.024332143366336823,-7.055271493866992,0.392312448271102,0.025309904912694758,0.9982182383537292,270,422,9,4,27.17568039894104,8043792,1876,0.4945375295508274,531,198,107,40,1053,383,211,77,813,352,162,70,,,,,,,,,,,,,,,,,,,,,2397,423,705,480
sweep,gdm_early,3,0.8,sweep,0.5,1,1,3027,tau0=0.95,0.991070672515115,0.9792988703082312,0.9671532846715328,0.9814385150812065,0.9706959706959707,0.9791666666666666,0.9689213893967094,0.974611332010058,0.024324582889676094,-6.75152915893706,0.39245993279653874,0.025222786864123777,0.9997196793556213,265,423,8,9,27.231441259384155,8043792,1876,0.4912115839243499,531,198,107,40,1053,383,211,77,813,352,162,70,,,,,,,,,,,,,,,,,,,,,2397,423,705,480
sweep,gdm_early,3,0.8,sweep,0.5,1,1,3027,tau_decay=0.0,0.9895633986485343,0.9809790644036034,0.9525547445255474,0.9814385150812065,0.9702602230483272,0.9701834862385321,0.9613259668508287,0.9685522567818157,0.020785965025424957,-4.198938204176728,0.4389455347744057,0.02134757667832763,0.9985264539718628,261,423,8,13,27.692362070083618,8043792,1366,0.4903900709219859,531,198,107,40,1053,383,211,77,813,352,162,70,,,,,,,,,,,,,,,,,,,,,2397,423,705,480
sweep,gdm_early,3,0.8,sweep,0.5,1,1,3027,tau_decay=0.03,0.9896777143631345,0.9756103800772264,0.9854014598540146,0.9791183294663574,0.967741935483871,0.9906103286384976,0.976491862567812,0.9806613338510005,0.024332143366336823,-7.055271493866992,0.392312448271102,0.025309904912694758,0.9982182383537292,270,422,9,4,27.4049232006073,8043792,1876,0.4945375295508274,531,198,107,40,1053,383,211,77,813,352,162,70,,,,,,,,,,,,,,,,,,,,,2397,423,705,480
sweep,gdm_early,3,0.8,sweep,0.5,1,1,3027,tau_decay=0.1,0.9894914220874896,0.9788613904672931,0.9817518248175182,0.9791183294663574,0.9676258992805755,0.9882903981264637,0.9746376811594203,0.9791603324212019,0.021686548367142677,-3.327566857599409,0.48113081233248317,0.02280631263522392,0.9356163740158081,269,422,9,5,26.861660957336426,8043792,1897,0.4839435579196218,531,198,107,40,1053,383,211,77,813,352,162,70,,,,,,,,,,,,,,,,,,,,,2397,423,705,480
sweep,gdm_early,3,0.8,sweep,0.5,1,1,3027,k=5,0.9872855521872407,0.9684335947986392,0.9635036496350365,0.9791183294663574,0.967032967032967,0.9768518518518519,0.9652650822669104,0.9716244298935943,0.024456802755594254,-6.5551511316588105,0.36511166245770776,0.025634720407637708,0.9995661377906799,264,422,9,10,16.117767572402954,8043792,1902,0.49661938534278965,531,198,107,40,1053,383,211,77,813,352,162,70,,,,,,,,,,,,,,,,,,,,,2397,423,705,480
sweep,gdm_early,3,0.8,sweep,0.5,1,1,3027,k=10,0.9896777143631345,0.9756103800772264,0.9854014598540146,0.9791183294663574,0.967741935483871,0.9906103286384976,0.976491862567812,0.9806613338510005,0.024332143366336823,-7.055271493866992,0.392312448271102,0.025309904912694758,0.9982182383537292,270,422,9,4,28.235957384109497,8043792,1876,0.4945375295508274,531,198,107,40,1053,383,211,77,813,352,162,70,,,,,,,,,,,,,,,,,,,,,2397,423,705,480
sweep,gdm_early,3,0.8,sweep,0.5,1,1,3027,k=15,0.9932638406692973,0.9844540717124813,0.9781021897810219,0.9791183294663574,0.9675090252707581,0.985981308411215,0.9727767695099818,0.9776573021007418,0.022033492103219032,-5.961058462101595,0.37377953608173187,0.022800921113643097,0.9951926469802856,268,422,9,6,39.84100079536438,8043792,1894,0.4812928486997635,531,198,107,40,1053,383,211,77,813,352,162,70,,,,,,,,,,,,,,,,,,,,,2397,423,705,480
sweep,gdm_early,3,0.8,sweep,0.5,1,1,3027,k=20,0.9939327992954765,0.9853852590879157,0.9708029197080292,0.9837587006960556,0.9743589743589743,0.9814814814814815,0.9725776965265083,0.9775982341265218,0.020967254415154457,-5.308985510236982,0.39990742374948923,0.02224450431143244,0.9978470802307129,266,424,7,8,52.59590196609497,8043792,1896,0.4931471631205674,531,198,107,40,1053,383,211,77,813,352,162,70,,,,,,,,,,,,,,,,,,,,,2397,423,705,480
sweep,gdm_early,3,0.8,sweep,0.5,1,1,3027,agr_every=2,0.9915448710349382,0.9812640224428995,0.9671532846715328,0.9791183294663574,0.9671532846715328,0.9791183294663574,0.9671532846715328,0.9731358070689451,0.02544824779033661,-8.164183954794265,0.3439616670855901,0.02563142072325177,0.9999277591705322,265,422,9,9,29.0107581615448,8043792,1908,0.5015972222222222,531,198,107,40,1053,383,211,77,813,352,162,70,,,,,,,,,,,,,,,,,,,,,2397,423,705,480
sweep,gdm_early,3,0.8,sweep,0.5,1,1,3027,agr_every=3,0.991752332887361,0.979602702988577,0.9635036496350365,0.9860788863109049,0.9777777777777777,0.9770114942528736,0.9705882352941176,0.9760562423583752,0.022765977308154106,-7.851392405800338,0.3668460637047633,0.023301205584194826,0.9999634027481079,264,425,6,10,27.89570426940918,8043792,1895,0.512062647754137,531,198,107,40,1053,383,211,77,813,352,162,70,,,,,,,,,,,,,,,,,,,,,2397,423,705,480
sweep,gdm_early,3,0.8,sweep,0.5,1,1,3027,agr_every=5,0.9896777143631345,0.9756103800772264,0.9854014598540146,0.9791183294663574,0.967741935483871,0.9906103286384976,0.976491862567812,0.9806613338510005,0.024332143366336823,-7.055271493866992,0.392312448271102,0.025309904912694758,0.9982182383537292,270,422,9,4,29.886970043182373,8043792,1876,0.4945375295508274,531,198,107,40,1053,383,211,77,813,352,162,70,,,,,,,,,,,,,,,,,,,,,2397,423,705,480
sweep,gdm_early,3,0.8,sweep,0.5,1,1,3027,blend=0.0,0.9896353752095788,0.9769034051804513,0.9854014598540146,0.9791183294663574,0.967741935483871,0.9906103286384976,0.976491862567812,0.9806613338510005,0.024307245388627052,-7.322631313340726,0.38263241194995407,0.025693576957317096,0.9978227615356445,270,422,9,4,26.886399030685425,8043792,1875,0.49384013002364063,531,198,107,40,1053,383,211,77,813,352,162,70,,,,,,,,,,,,,,,,,,,,,2397,423,705,480
sweep,gdm_early,3,0.8,sweep,0.5,1,1,3027,blend=0.25,0.9897750944163124,0.9771051386754549,0.9854014598540146,0.9791183294663574,0.967741935483871,0.9906103286384976,0.976491862567812,0.9806613338510005,0.024386128410696983,-7.151795173082488,0.38270694149613177,0.02563723439073308,0.9980506896972656,270,422,9,4,26.63575553894043,8043792,1875,0.49294473995271865,531,198,107,40,1053,383,211,77,813,352,162,70,,,,,,,,,,,,,,,,,,,,,2397,423,705,480
sweep,gdm_early,3,0.8,sweep,0.5,1,1,3027,blend=0.5,0.9896777143631345,0.9756103800772264,0.9854014598540146,0.9791183294663574,0.967741935483871,0.9906103286384976,0.976491862567812,0.9806613338510005,0.024332143366336823,-7.055271493866992,0.392312448271102,0.025309904912694758,0.9982182383537292,270,422,9,4,27.250099658966064,8043792,1876,0.4945375295508274,531,198,107,40,1053,383,211,77,813,352,162,70,,,,,,,,,,,,,,,,,,,,,2397,423,705,480
sweep,gdm_early,3,0.8,sweep,0.5,1,1,3027,blend=0.75,0.9900757024065575,0.9790062813051628,0.9452554744525548,0.9814385150812065,0.9700374531835206,0.9657534246575342,0.9574861367837338,0.9655094665506702,0.023095378652215004,-5.672414869366019,0.39361794643801223,0.023867454844962888,0.9994295239448547,259,423,8,15,28.41688561439514,8043792,1875,0.4903679078014184,531,198,107,40,1053,383,211,77,813,352,162,70,,,,,,,,,,,,,,,,,,,,,2397,423,705,480
sweep,gdm_early,3,0.8,sweep,0.5,1,1,3027,blend=1.0,0.9904609887039139,0.9792854199028166,0.9854014598540146,0.9791183294663574,0.967741935483871,0.9906103286384976,0.976491862567812,0.9806613338510005,0.024030866101384163,-6.585700231192945,0.38960681726022345,0.02530563619047245,0.9973703622817993,270,422,9,4,26.378563404083252,8043792,1887,0.49384899527186765,531,198,107,40,1053,383,211,77,813,352,162,70,,,,,,,,,,,,,,,,,,,,,2397,423,705,480
sweep,gdm_early,3,0.8,sweep,0.5,1,1,3027,noise_std=0.01,0.9903974799735804,0.9804393233307742,0.9781021897810219,0.9791183294663574,0.9675090252707581,0.985981308411215,0.9727767695099818,0.9776573021007418,0.022403305396437645,-4.5994715588597925,0.4243294726137642,0.02358049305588509,0.9899566769599915,268,422,9,6,27.689932823181152,8043792,1879,0.48551270685579195,531,198,107,40,1053,383,211,77,813,352,162,70,,,,,,,,,,,,,,,,,,,,,2397,423,705,480
sweep,gdm_early,3,0.8,sweep,0.5,1,1,3027,noise_std=0.05,0.9896777143631345,0.9756103800772264,0.9854014598540146,0.9791183294663574,0.967741935483871,0.9906103286384976,0.976491862567812,0.9806613338510005,0.024332143366336823,-7.055271493866992,0.392312448271102,0.025309904912694758,0.9982182383537292,270,422,9,4,26.046642780303955,8043792,1876,0.4945375295508274,531,198,107,40,1053,383,211,77,813,352,162,70,,,,,,,,,,,,,,,,,,,,,2397,423,705,480
sweep,gdm_early,3,0.8,sweep,0.5,1,1,3027,noise_std=0.1,0.9895803343099565,0.9788444468680733,0.9452554744525548,0.9814385150812065,0.9700374531835206,0.9657534246575342,0.9574861367837338,0.9655094665506702,0.021740468218922615,-4.435265074706546,0.44244116952164586,0.022988198530292204,0.9982470273971558,259,423,8,15,28.398672342300415,8043792,1872,0.4816637115839244,531,198,107,40,1053,383,211,77,813,352,162,70,,,,,,,,,,,,,,,,,,,,,2397,423,705,480
sweep,gdm_early,3,0.8,sweep,0.5,1,1,3027,eta=0.2,0.9897623926702458,0.9770833863589279,0.9708029197080292,0.9814385150812065,0.9708029197080292,0.9814385150812065,0.9708029197080292,0.9761207173946178,0.023507552221417427,-6.189786366960812,0.3900379934441624,0.024405639343531738,0.9991490840911865,266,423,8,8,28.13383173942566,8043792,1882,0.49651152482269506,531,198,107,40,1053,383,211,77,813,352,162,70,,,,,,,,,,,,,,,,,,,,,2397,423,705,480
sweep,gdm_early,3,0.8,sweep,0.5,1,1,3027,eta=0.5,0.9904101817196471,0.9786485510271307,0.9562043795620438,0.9814385150812065,0.9703703703703703,0.9724137931034482,0.9632352941176471,0.970070302947969,0.02443227544426918,-6.839611929565306,0.3834164931650877,0.025262356945643792,0.9998691082000732,262,423,8,12,27.25501298904419,8043792,1879,0.4965070921985816,531,198,107,40,1053,383,211,77,813,352,162,70,,,,,,,,,,,,,,,,,,,,,2397,423,705,480
sweep,gdm_early,3,0.8,sweep,0.5,1,1,3027,eta=0.8,0.9896777143631345,0.9756103800772264,0.9854014598540146,0.9791183294663574,0.967741935483871,0.9906103286384976,0.976491862567812,0.9806613338510005,0.024332143366336823,-7.055271493866992,0.392312448271102,0.025309904912694758,0.9982182383537292,270,422,9,4,27.65680718421936,8043792,1876,0.4945375295508274,531,198,107,40,1053,383,211,77,813,352,162,70,,,,,,,,,,,,,,,,,,,,,2397,423,705,480
sweep,gdm_early,3,0.8,sweep,0.5,1,1,3027,eta=1.0,0.9905626026724473,0.9790481958366589,0.9562043795620438,0.9814385150812065,0.9703703703703703,0.9724137931034482,0.9632352941176471,0.970070302947969,0.024907035753130913,-7.138400606624741,0.38094840139385755,0.02604114045884383,0.9998987913131714,262,423,8,12,26.992498636245728,8043792,1876,0.4922340425531915,531,198,107,40,1053,383,211,77,813,352,162,70,,,,,,,,,,,,,,,,,,,,,2397,423,705,480
sweep,gdm_early,3,0.8,sweep,0.5,1,1,3027,rounds=5,0.9884498789100207,0.9737862093440587,0.9671532846715328,0.9767981438515081,0.9636363636363636,0.9790697674418605,0.9653916211293261,0.9716621287992739,0.025606336072087288,-3.1878690330915944,0.4225461520650628,0.025801609259045913,0.9731283783912659,265,421,10,9,14.442706108093262,4080192,1479,0.49750295508274234,531,198,107,40,1053,383,211,77,813,352,162,70,,,,,,,,,,,,,,,,,,,,,2397,423,705,480
sweep,gdm_early,3,0.8,sweep,0.5,1,1,3027,rounds=10,0.9896777143631345,0.9756103800772264,0.9854014598540146,0.9791183294663574,0.967741935483871,0.9906103286384976,0.976491862567812,0.9806613338510005,0.024332143366336823,-7.055271493866992,0.392312448271102,0.025309904912694758,0.9982182383537292,270,422,9,4,28.604028940200806,8043792,1876,0.4945375295508274,531,198,107,40,1053,383,211,77,813,352,162,70,,,,,,,,,,,,,,,,,,,,,2397,423,705,480
sweep,gdm_early,3,0.8,sweep,0.5,1,1,3027,rounds=20,0.9912484969600488,0.9769896231029325,0.9598540145985401,0.9814385150812065,0.9704797047970479,0.9746543778801844,0.9651376146788991,0.971586148379912,0.025946805253624916,-6.201030760151397,0.3759719003047572,0.026655298463029282,0.9996969699859619,263,423,8,11,52.4641854763031,15970992,1913,0.5047281323877069,531,198,107,40,1053,383,211,77,813,352,162,70,,,,,,,,,,,,,,,,,,,,,2397,423,705,480
sweep,gdm_early,3,0.8,sweep,0.5,1,2,3028,tau0=0.8,0.9871415990651514,0.9676248053814896,0.9854014598540146,0.962877030162413,0.9440559440559441,0.9904534606205251,0.9642857142857143,0.9703781512605042,0.02663099206984043,-5.525383444495413,0.3375256526290164,0.026837183307387352,0.7066473364830017,270,415,16,4,27.624268293380737,8043792,1912,0.48893469267139483,465,270,93,54,415,135,83,27,1517,528,304,106,,,,,,,,,,,,,,,,,,,,,2397,423,705,480
sweep,gdm_early,3,0.8,sweep,0.5,1,2,3028,tau0=0.85,0.9873998679018409,0.9708080652820504,0.9927007299270073,0.962877030162413,0.9444444444444444,0.9952038369304557,0.9679715302491103,0.9733725575773853,0.025427574291825294,-4.34811105507732,0.35620828294370854,0.026136800875319215,0.18468077480793,272,415,16,2,26.743951559066772,8043792,1910,0.48491578014184394,465,270,93,54,415,135,83,27,1517,528,304,106,,,,,,,,,,,,,,,,,,,,,2397,423,705,480
sweep,gdm_early,3,0.8,sweep,0.5,1,2,3028,tau0=0.9,0.9877131776381526,0.9702869370352754,0.9890510948905109,0.962877030162413,0.9442508710801394,0.992822966507177,0.966131907308378,0.9718763187896424,0.02688612788915634,-5.227716984120068,0.3450653082561314,0.0275692823056069,0.14576900005340576,271,415,16,3,27.809226274490356,8043792,1910,0.4875280732860521,465,270,93,54,415,135,83,27,1517,528,304,106,,,,,,,,,,,,,,,,,,,,,2397,423,705,480
sweep,gdm_early,3,0.8,sweep,0.5,1,2,3028,tau0=0.95,0.987010347689129,0.9644655146266504,0.9890510948905109,0.962877030162413,0.9442508710801394,0.992822966507177,0.966131907308378,0.9718763187896424,0.025927569717168808,-4.963430141219515,0.35577772749713976,0.02650862025816973,0.4264918267726898,271,415,16,3,27.242205381393433,8043792,1900,0.4904491725768321,465,270,93,54,415,135,83,27,1517,528,304,106,,,,,,,,,,,,,,,,,,,,,2397,423,705,480
sweep,gdm_early,3,0.8,sweep,0.5,1,2,3028,tau_decay=0.0,0.9879375751519974,0.9692192703885868,0.9927007299270073,0.962877030162413,0.9444444444444444,0.9952038369304557,0.9679715302491103,0.9733725575773853,0.023461448028683662,-3.996831290871445,0.3663458604645744,0.02369668728590231,0.31656789779663086,272,415,16,2,27.109602451324463,8043792,1662,0.48976507092198585,465,270,93,54,415,135,83,27,1517,528,304,106,,,,,,,,,,,,,,,,,,,,,2397,423,705,480
sweep,gdm_early,3,0.8,sweep,0.5,1,2,3028,tau_decay=0.03,0.9877131776381526,0.9702869370352754,0.9890510948905109,0.962877030162413,0.9442508710801394,0.992822966507177,0.966131907308378,0.9718763187896424,0.02688612788915634,-5.227716984120068,0.3450653082561314,0.0275692823056069,0.14576900005340576,271,415,16,3,27.552332162857056,8043792,1910,0.4875280732860521,465,270,93,54,415,135,83,27,1517,528,304,106,,,,,,,,,,,,,,,,,,,,,2397,423,705,480
sweep,gdm_early,3,0.8,sweep,0.5,1,2,3028,tau_decay=0.1,0.9887166155774214,0.9739104015619074,0.9890510948905109,0.962877030162413,0.9442508710801394,0.992822966507177,0.966131907308378,0.9718763187896424,0.027412133291363716,-4.809718842469244,0.3451439170886035,0.02743019848427876,0.060741376131772995,271,415,16,3,28.10060214996338,8043792,1909,0.4883244680851064,465,270,93,54,415,135,83,27,1517,528,304,106,,,,,,,,,,,,,,,,,,,,,2397,423,705,480
sweep,gdm_early,3,0.8,sweep,0.5,1,2,3028,k=5,0.9848256473656579,0.9554194102311535,0.9890510948905109,0.9605568445475638,0.9409722222222222,0.9928057553956835,0.9644128113879004,0.9704139528637614,0.028187556192278862,-6.903098560984703,0.3386294214327497,0.028375111643517213,0.15911288559436798,271,414,17,3,16.602256774902344,8043792,1903,0.4906708037825059,465,270,93,54,415,135,83,27,1517,528,304,106,,,,,,,,,,,,,,,,,,,,,2397,423,705,480
sweep,gdm_early,3,0.8,sweep,0.5,1,2,3028,k=10,0.9877131776381526,0.9702869370352754,0.9890510948905109,0.962877030162413,0.9442508710801394,0.992822966507177,0.966131907308378,0.9718763187896424,0.02688612788915634,-5.227716984120068,0.3450653082561314,0.0275692823056069,0.14576900005340576,271,415,16,3,28.295955181121826,8043792,1910,0.4875280732860521,465,270,93,54,415,135,83,27,1517,528,304,106,,,,,,,,,,,,,,,,,,,,,2397,423,705,480
sweep,gdm_early,3,0.8,sweep,0.5,1,2,3028,k=15,0.9891950480126002,0.9741814772539427,0.9927007299270073,0.962877030162413,0.9444444444444444,0.9952038369304557,0.9679715302491103,0.9733725575773853,0.02560294419527054,-5.140668019252969,0.351928553547111,0.025528410139885015,0.15284980833530426,272,415,16,2,40.89867067337036,8043792,1914,0.4865218676122931,465,270,93,54,415,135,83,27,1517,528,304,106,,,,,,,,,,,,,,,,,,,,,2397,423,705,480
sweep,gdm_early,3,0.8,sweep,0.5,1,2,3028,k=20,0.9883143936186428,0.9714825763217658,0.9927007299270073,0.9582366589327146,0.9379310344827586,0.9951807228915662,0.9645390070921985,0.970449172576832,0.02787518873810768,-4.028588144236517,0.34320553174594165,0.029484794584783244,0.01147208921611309,272,413,18,2,52.344507694244385,8043792,1904,0.4769946808510638,465,270,93,54,415,135,83,27,1517,528,304,106,,,,,,,,,,,,,,,,,,,,,2397,423,705,480
sweep,gdm_early,3,0.8,sweep,0.5,1,2,3028,agr_every=2,0.9834538587904551,0.955102806357448,0.9854014598540146,0.962877030162413,0.9440559440559441,0.9904534606205251,0.9642857142857143,0.9703781512605042,0.02878883294761181,-6.536634872395272,0.311439266378362,0.029965880284984148,0.0159181896597147,270,415,16,4,27.73432683944702,8043792,1917,0.47705673758865247,465,270,93,54,415,135,83,27,1517,528,304,106,,,,,,,,,,,,,,,,,,,,,2397,423,705,480
sweep,gdm_early,3,0.8,sweep,0.5,1,2,3028,agr_every=3,0.9848849221806357,0.9575395555352623,0.9890510948905109,0.962877030162413,0.9442508710801394,0.992822966507177,0.966131907308378,0.9718763187896424,0.028116829693317413,-6.36114712589445,0.3258162217393226,0.02870117474788246,0.031171021983027458,271,415,16,3,29.479463815689087,8043792,1916,0.496239657210402,465,270,93,54,415,135,83,27,1517,528,304,106,,,,,,,,,,,,,,,,,,,,,2397,423,705,480
sweep,gdm_early,3,0.8,sweep,0.5,1,2,3028,agr_every=5,0.9877131776381526,0.9702869370352754,0.9890510948905109,0.962877030162413,0.9442508710801394,0.992822966507177,0.966131907308378,0.9718763187896424,0.02688612788915634,-5.227716984120068,0.3450653082561314,0.0275692823056069,0.14576900005340576,271,415,16,3,27.41871976852417,8043792,1910,0.4875280732860521,465,270,93,54,415,135,83,27,1517,528,304,106,,,,,,,,,,,,,,,,,,,,,2397,423,705,480
sweep,gdm_early,3,0.8,sweep,0.5,1,2,3028,blend=0.0,0.987738581130286,0.9717337822630481,0.9890510948905109,0.962877030162413,0.9442508710801394,0.992822966507177,0.966131907308378,0.9718763187896424,0.027122080326080322,-4.466074397796582,0.3613259035991243,0.026894855077612953,0.1443784236907959,271,415,16,3,27.12893009185791,8043792,1913,0.48835106382978727,465,270,93,54,415,135,83,27,1517,528,304,106,,,,,,,,,,,,,,,,,,,,,2397,423,705,480
sweep,gdm_early,3,0.8,sweep,0.5,1,2,3028,blend=0.25,0.9878317272681084,0.9717613494570428,0.9890510948905109,0.962877030162413,0.9442508710801394,0.992822966507177,0.966131907308378,0.9718763187896424,0.026880716904997826,-4.90214987018997,0.3495390443065988,0.027562430209698213,0.14637120068073273,271,415,16,3,28.189191341400146,8043792,1912,0.48940750591016546,465,270,93,54,415,135,83,27,1517,528,304,106,,,,,,,,,,,,,,,,,,,,,2397,423,705,480
sweep,gdm_early,3,0.8,sweep,0.5,1,2,3028,blend=0.5,0.9877131776381526,0.9702869370352754,0.9890510948905109,0.962877030162413,0.9442508710801394,0.992822966507177,0.966131907308378,0.9718763187896424,0.02688612788915634,-5.227716984120068,0.3450653082561314,0.0275692823056069,0.14576900005340576,271,415,16,3,27.811145305633545,8043792,1910,0.4875280732860521,465,270,93,54,415,135,83,27,1517,528,304,106,,,,,,,,,,,,,,,,,,,,,2397,423,705,480
sweep,gdm_early,3,0.8,sweep,0.5,1,2,3028,blend=0.75,0.9884160075871763,0.9735480946827256,0.9890510948905109,0.962877030162413,0.9442508710801394,0.992822966507177,0.966131907308378,0.9718763187896424,0.026821108534932137,-4.777458103696601,0.3501565511978243,0.0266942484433109,0.23211084306240082,271,415,16,3,27.52000331878662,8043792,1911,0.4838120567375887,465,270,93,54,415,135,83,27,1517,528,304,106,,,,,,,,,,,,,,,,,,,,,2397,423,705,480
sweep,gdm_early,3,0.8,sweep,0.5,1,2,3028,blend=1.0,0.9880476569512422,0.9713640160748616,0.9890510948905109,0.962877030162413,0.9442508710801394,0.992822966507177,0.966131907308378,0.9718763187896424,0.02632623165845871,-5.431647907329833,0.34486826536628595,0.02648642727211846,0.5556615591049194,271,415,16,3,28.59278416633606,8043792,1911,0.4921439125295508,465,270,93,54,415,135,83,27,1517,528,304,106,,,,,,,,,,,,,,,,,,,,,2397,423,705,480
sweep,gdm_early,3,0.8,sweep,0.5,1,2,3028,noise_std=0.01,0.9874549088014632,0.9721329572002169,0.9927007299270073,0.962877030162413,0.9444444444444444,0.9952038369304557,0.9679715302491103,0.9733725575773853,0.024944139644503593,-4.807984372323198,0.35846733695401856,0.025275389255017905,0.22966745495796204,272,415,16,2,27.62215304374695,8043792,1910,0.48625591016548464,465,270,93,54,415,135,83,27,1517,528,304,106,,,,,,,,,,,,,,,,,,,,,2397,423,705,480
sweep,gdm_early,3,0.8,sweep,0.5,1,2,3028,noise_std=0.05,0.9877131776381526,0.9702869370352754,0.9890510948905109,0.962877030162413,0.9442508710801394,0.992822966507177,0.966131907308378,0.9718763187896424,0.02688612788915634,-5.227716984120068,0.3450653082561314,0.0275692823056069,0.14576900005340576,271,415,16,3,28.951648712158203,8043792,1910,0.4875280732860521,465,270,93,54,415,135,83,27,1517,528,304,106,,,,,,,,,,,,,,,,,,,,,2397,423,705,480
sweep,gdm_early,3,0.8,sweep,0.5,1,2,3028,noise_std=0.1,0.9879968499669755,0.9726158335835318,0.9854014598540146,0.962877030162413,0.9440559440559441,0.9904534606205251,0.9642857142857143,0.9703781512605042,0.027085816487669945,-4.48369579737793,0.35519811512815513,0.02750100371376646,0.5918514132499695,270,415,16,4,27.44304919242859,8043792,1914,0.48455230496453894,465,270,93,54,415,135,83,27,1517,528,304,106,,,,,,,,,,,,,,,,,,,,,2397,423,705,480
sweep,gdm_early,3,0.8,sweep,0.5,1,2,3028,eta=0.2,0.9874125696479075,0.9707752982744885,0.9927007299270073,0.962877030162413,0.9444444444444444,0.9952038369304557,0.9679715302491103,0.9733725575773853,0.0241286251693964,-4.439916153301592,0.3653886755571226,0.02485482551525712,0.3239361047744751,272,415,16,2,27.736528158187866,8043792,1908,0.49800088652482266,465,270,93,54,415,135,83,27,1517,528,304,106,,,,,,,,,,,,,,,,,,,,,2397,423,705,480
sweep,gdm_early,3,0.8,sweep,0.5,1,2,3028,eta=0.5,0.9873278913407963,0.9657656479085482,0.9854014598540146,0.962877030162413,0.9440559440559441,0.9904534606205251,0.9642857142857143,0.9703781512605042,0.02760210447013378,-5.144885323532879,0.3466268513680359,0.027556387246388245,0.10911629348993301,270,415,16,4,28.282231330871582,8043792,1913,0.4861066784869976,465,270,93,54,415,135,83,27,1517,528,304,106,,,,,,,,,,,,,,,,,,,,,2397,423,705,480
sweep,gdm_early,3,0.8,sweep,0.5,1,2,3028,eta=0.8,0.9877131776381526,0.9702869370352754,0.9890510948905109,0.962877030162413,0.9442508710801394,0.992822966507177,0.966131907308378,0.9718763187896424,0.02688612788915634,-5.227716984120068,0.3450653082561314,0.0275692823056069,0.14576900005340576,271,415,16,3,27.478711366653442,8043792,1910,0.4875280732860521,465,270,93,54,415,135,83,27,1517,528,304,106,,,,,,,,,,,,,,,,,,,,,2397,423,705,480
sweep,gdm_early,3,0.8,sweep,0.5,1,2,3028,eta=1.0,0.9873321252561519,0.9708126544633465,0.9927007299270073,0.962877030162413,0.9444444444444444,0.9952038369304557,0.9679715302491103,0.9733725575773853,0.025495294481515884,-5.158759334561992,0.3569239865786847,0.026119122895782016,0.13224953413009644,272,415,16,2,28.2829647064209,8043792,1913,0.4892302009456265,465,270,93,54,415,135,83,27,1517,528,304,106,,,,,,,,,,,,,,,,,,,,,2397,423,705,480
sweep,gdm_early,3,0.8,sweep,0.5,1,2,3028,rounds=5,0.9851474249326807,0.9664027332953392,0.9927007299270073,0.9582366589327146,0.9379310344827586,0.9951807228915662,0.9645390070921985,0.970449172576832,0.027749672532081604,-5.476415700202521,0.35701892708115895,0.02836260782151831,0.2554454207420349,272,413,18,2,13.920031785964966,4080192,1500,0.5019991134751773,465,270,93,54,415,135,83,27,1517,528,304,106,,,,,,,,,,,,,,,,,,,,,2397,423,705,480
sweep,gdm_early,3,0.8,sweep,0.5,1,2,3028,rounds=10,0.9877131776381526,0.9702869370352754,0.9890510948905109,0.962877030162413,0.9442508710801394,0.992822966507177,0.966131907308378,0.9718763187896424,0.02688612788915634,-5.227716984120068,0.3450653082561314,0.0275692823056069,0.14576900005340576,271,415,16,3,27.6505286693573,8043792,1910,0.4875280732860521,465,270,93,54,415,135,83,27,1517,528,304,106,,,,,,,,,,,,,,,,,,,,,2397,423,705,480
sweep,gdm_early,3,0.8,sweep,0.5,1,2,3028,rounds=20,0.9855200094839703,0.9582226834427177,0.9854014598540146,0.962877030162413,0.9440559440559441,0.9904534606205251,0.9642857142857143,0.9703781512605042,0.028291629627346992,-9.38186400452416,0.30624773066307276,0.028759623808432916,0.04877892881631851,270,415,16,4,53.973429918289185,15970992,1917,0.48682476359338067,465,270,93,54,415,135,83,27,1517,528,304,106,,,,,,,,,,,,,,,,,,,,,2397,423,705,480
sweep,gdm_early,3,0.8,sweep,0.5,1,3,3029,tau0=0.8,0.9779788583509512,0.9603415130422552,0.9018181818181819,0.9767441860465116,0.9612403100775194,0.9395973154362416,0.9305816135084428,0.9441961659332407,0.048951514065265656,1.076058497879256,0.3410911468874526,0.04827688569896556,0.9618356227874756,248,420,10,27,27.710206508636475,8043792,1874,0.5063283096926714,439,420,88,84,473,58,95,12,1485,454,297,91,,,,,,,,,,,,,,,,,,,,,2397,423,705,480
sweep,gdm_early,3,0.8,sweep,0.5,1,3,3029,tau0=0.85,0.9818562367864694,0.9701191840235671,0.8909090909090909,0.9837209302325581,0.9722222222222222,0.9337748344370861,0.9297912713472486,0.9439443332953683,0.04644596949219704,1.5348294484432004,0.2959322719168303,0.04572197741379709,0.9987307190895081,245,423,7,30,27.128700971603394,8043792,1870,0.5378339243498818,439,420,88,84,473,58,95,12,1485,454,297,91,,,,,,,,,,,,,,,,,,,,,2397,423,705,480
sweep,gdm_early,3,0.8,sweep,0.5,1,3,3029,tau0=0.9,0.9807061310782241,0.9591774015257248,0.92,0.9744186046511628,0.9583333333333334,0.9501133786848073,0.9387755102040817,0.9504440122777009,0.04291165992617607,1.5644744167830893,0.32443976850945705,0.042750637605456075,0.7619879245758057,253,419,11,22,27.46021842956543,8043792,1864,0.5246808510638298,439,420,88,84,473,58,95,12,1485,454,297,91,,,,,,,,,,,,,,,,,,,,,2397,423,705,480
sweep,gdm_early,3,0.8,sweep,0.5,1,3,3029,tau0=0.95,0.9793826638477802,0.9601985526429359,0.9054545454545454,0.9767441860465116,0.9613899613899614,0.9417040358744395,0.9325842696629213,0.9457441896259812,0.04772816225886345,1.7710934252854789,0.3212904916904594,0.047179426839376995,0.9736243486404419,249,420,10,26,27.31186532974243,8043792,1860,0.5300132978723404,439,420,88,84,473,58,95,12,1485,454,297,91,,,,,,,,,,,,,,,,,,,,,2397,423,705,480
sweep,gdm_early,3,0.8,sweep,0.5,1,3,3029,tau_decay=0.0,0.9812431289640592,0.9644283231284944,0.9127272727272727,0.9720930232558139,0.9543726235741445,0.9457013574660633,0.9330855018587361,0.9459005490945056,0.04525405541062355,1.3541988992692453,0.3158086137386595,0.045188866430193375,0.888037919998169,251,418,12,24,27.5507755279541,8043792,1768,0.5324763593380615,439,420,88,84,473,58,95,12,1485,454,297,91,,,,,,,,,,,,,,,,,,,,,2397,423,705,480
sweep,gdm_early,3,0.8,sweep,0.5,1,3,3029,tau_decay=0.03,0.9807061310782241,0.9591774015257248,0.92,0.9744186046511628,0.9583333333333334,0.9501133786848073,0.9387755102040817,0.9504440122777009,0.04291165992617607,1.5644744167830893,0.32443976850945705,0.042750637605456075,0.7619879245758057,253,419,11,22,27.766254663467407,8043792,1864,0.5246808510638298,439,420,88,84,473,58,95,12,1485,454,297,91,,,,,,,,,,,,,,,,,,,,,2397,423,705,480
sweep,gdm_early,3,0.8,sweep,0.5,1,3,3029,tau_decay=0.1,0.9824059196617336,0.9635070862469788,0.9018181818181819,0.9837209302325581,0.9725490196078431,0.94,0.9358490566037736,0.9486063464837049,0.04136650636792183,2.3918117041041196,0.3354496715225578,0.041625503454595154,0.9758872985839844,248,423,7,27,26.922404289245605,8043792,1874,0.5163179669030733,439,420,88,84,473,58,95,12,1485,454,297,91,,,,,,,,,,,,,,,,,,,,,2397,423,705,480
sweep,gdm_early,3,0.8,sweep,0.5,1,3,3029,k=5,0.9838604651162791,0.9621529797460209,0.9418181818181818,0.9813953488372092,0.9700374531835206,0.9634703196347032,0.955719557195572,0.9640348938051593,0.02844451554119587,0.18162404547578956,0.3665009649816955,0.02876656420119373,0.9098995923995972,259,422,8,16,16.97769331932068,8043792,1861,0.5081944444444444,439,420,88,84,473,58,95,12,1485,454,297,91,,,,,,,,,,,,,,,,,,,,,2397,423,705,480
sweep,gdm_early,3,0.8,sweep,0.5,1,3,3029,k=10,0.9807061310782241,0.9591774015257248,0.92,0.9744186046511628,0.9583333333333334,0.9501133786848073,0.9387755102040817,0.9504440122777009,0.04291165992617607,1.5644744167830893,0.32443976850945705,0.042750637605456075,0.7619879245758057,253,419,11,22,29.744415998458862,8043792,1864,0.5246808510638298,439,420,88,84,473,58,95,12,1485,454,297,91,,,,,,,,,,,,,,,,,,,,,2397,423,705,480
sweep,gdm_early,3,0.8,sweep,0.5,1,3,3029,k=15,0.9803467230443975,0.9745843042873491,0.92,0.9720930232558139,0.9547169811320755,0.95,0.937037037037037,0.948978288633461,0.04341645911335945,2.5377732506726987,0.3774825276702546,0.04129062462730189,0.3229309022426605,253,418,12,22,40.93043255805969,8043792,1870,0.5401861702127659,439,420,88,84,473,58,95,12,1485,454,297,91,,,,,,,,,,,,,,,,,,,,,2397,423,705,480
sweep,gdm_early,3,0.8,sweep,0.5,1,3,3029,k=20,0.9766553911205074,0.9629717418010222,0.9018181818181819,0.9813953488372092,0.96875,0.9398663697104677,0.9340866290018832,0.9471343270151623,0.04429537057876587,2.969131766879646,0.35225790560312303,0.04473917666304171,0.742526113986969,248,422,8,27,52.49626803398132,8043792,1868,0.5568439716312057,439,420,88,84,473,58,95,12,1485,454,297,91,,,,,,,,,,,,,,,,,,,,,2397,423,705,480
sweep,gdm_early,3,0.8,sweep,0.5,1,3,3029,agr_every=2,0.9786300211416491,0.9649490874277445,0.8945454545454545,0.9720930232558139,0.9534883720930233,0.9351230425055929,0.9230769230769231,0.9381633190071046,0.05450885370373726,0.4930517484185897,0.2761018449309329,0.05451352416227263,0.9983311295509338,246,418,12,29,30.173341989517212,8043792,1874,0.5330762411347518,439,420,88,84,473,58,95,12,1485,454,297,91,,,,,,,,,,,,,,,,,,,,,2397,423,705,480
sweep,gdm_early,3,0.8,sweep,0.5,1,3,3029,agr_every=3,0.9796744186046511,0.962432357105696,0.9309090909090909,0.9767441860465116,0.9624060150375939,0.9567198177676538,0.9463955637707948,0.9565119360856276,0.04150240868330002,-0.2983825021823373,0.3172946812810316,0.04312869715339218,0.8544479608535767,256,420,10,19,28.552833795547485,8043792,1862,0.5339760638297872,439,420,88,84,473,58,95,12,1485,454,297,91,,,,,,,,,,,,,,,,,,,,,2397,423,705,480
sweep,gdm_early,3,0.8,sweep,0.5,1,3,3029,agr_every=5,0.9807061310782241,0.9591774015257248,0.92,0.9744186046511628,0.9583333333333334,0.9501133786848073,0.9387755102040817,0.9504440122777009,0.04291165992617607,1.5644744167830893,0.32443976850945705,0.042750637605456075,0.7619879245758057,253,419,11,22,26.839157819747925,8043792,1864,0.5246808510638298,439,420,88,84,473,58,95,12,1485,454,297,91,,,,,,,,,,,,,,,,,,,,,2397,423,705,480
sweep,gdm_early,3,0.8,sweep,0.5,1,3,3029,blend=0.0,0.9804397463002115,0.9580507889609502,0.92,0.9744186046511628,0.9583333333333334,0.9501133786848073,0.9387755102040817,0.9504440122777009,0.0434698686003685,1.6317550328252812,0.33241483908782404,0.04345457896636469,0.6873458027839661,253,419,11,22,27.53813910484314,8043792,1865,0.5215130023640662,439,420,88,84,473,58,95,12,1485,454,297,91,,,,,,,,,,,,,,,,,,,,,2397,423,705,480
sweep,gdm_early,3,0.8,sweep,0.5,1,3,3029,blend=0.25,0.9806680761099366,0.9571115236184595,0.9236363636363636,0.9744186046511628,0.9584905660377359,0.9522727272727273,0.9407407407407408,0.9519795657726693,0.04320048913359642,1.2571259101017713,0.33329529529447055,0.04490660937083554,0.710119903087616,254,419,11,21,28.96867561340332,8043792,1865,0.5194621749408983,439,420,88,84,473,58,95,12,1485,454,297,91,,,,,,,,,,,,,,,,,,,,,2397,423,705,480
sweep,gdm_early,3,0.8,sweep,0.5,1,3,3029,blend=0.5,0.9807061310782241,0.9591774015257248,0.92,0.9744186046511628,0.9583333333333334,0.9501133786848073,0.9387755102040817,0.9504440122777009,0.04291165992617607,1.5644744167830893,0.32443976850945705,0.042750637605456075,0.7619879245758057,253,419,11,22,27.151302099227905,8043792,1864,0.5246808510638298,439,420,88,84,473,58,95,12,1485,454,297,91,,,,,,,,,,,,,,,,,,,,,2397,423,705,480
sweep,gdm_early,3,0.8,sweep,0.5,1,3,3029,blend=0.75,0.9820422832980973,0.9663357965780665,0.9127272727272727,0.9767441860465116,0.9616858237547893,0.9459459459459459,0.9365671641791045,0.9488327811742204,0.044330306351184845,1.8782781162840334,0.3414419694489962,0.045870290025540286,0.9148681163787842,251,420,10,24,27.714728593826294,8043792,1853,0.5233540189125295,439,420,88,84,473,58,95,12,1485,454,297,91,,,,,,,,,,,,,,,,,,,,,2397,423,705,480
sweep,gdm_early,3,0.8,sweep,0.5,1,3,3029,blend=1.0,0.9822621564482028,0.9666989761440197,0.9090909090909091,0.9767441860465116,0.9615384615384616,0.9438202247191011,0.9345794392523364,0.9472897196261683,0.041173603385686874,1.6373969410299607,0.33622483812416776,0.0425647757901209,0.9292184710502625,250,420,10,25,27.09106945991516,8043792,1846,0.5191179078014184,439,420,88,84,473,58,95,12,1485,454,297,91,,,,,,,,,,,,,,,,,,,,,2397,423,705,480
sweep,gdm_early,3,0.8,sweep,0.5,1,3,3029,noise_std=0.01,0.9819281183932347,0.9639594009477664,0.9127272727272727,0.9767441860465116,0.9616858237547893,0.9459459459459459,0.9365671641791045,0.9488327811742204,0.04023871570825577,2.1385275480112322,0.32750444843296195,0.04098972941332675,0.8632645010948181,251,420,10,24,28.118638277053833,8043792,1863,0.5235017730496454,439,420,88,84,473,58,95,12,1485,454,297,91,,,,,,,,,,,,,,,,,,,,,2397,423,705,480
sweep,gdm_early,3,0.8,sweep,0.5,1,3,3029,noise_std=0.05,0.9807061310782241,0.9591774015257248,0.92,0.9744186046511628,0.9583333333333334,0.9501133786848073,0.9387755102040817,0.9504440122777009,0.04291165992617607,1.5644744167830893,0.32443976850945705,0.042750637605456075,0.7619879245758057,253,419,11,22,28.340209245681763,8043792,1864,0.5246808510638298,439,420,88,84,473,58,95,12,1485,454,297,91,,,,,,,,,,,,,,,,,,,,,2397,423,705,480
sweep,gdm_early,3,0.8,sweep,0.5,1,3,3029,noise_std=0.1,0.982845665961945,0.968086568922119,0.9127272727272727,0.9767441860465116,0.9616858237547893,0.9459459459459459,0.9365671641791045,0.9488327811742204,0.0397610142827034,1.6973200668448924,0.33522497571274806,0.03989748759393362,0.8262676000595093,251,420,10,24,27.372325658798218,8043792,1863,0.5202482269503546,439,420,88,84,473,58,95,12,1485,454,297,91,,,,,,,,,,,,,,,,,,,,,2397,423,705,480
sweep,gdm_early,3,0.8,sweep,0.5,1,3,3029,eta=0.2,0.9811501057082452,0.9610376701710227,0.9127272727272727,0.9720930232558139,0.9543726235741445,0.9457013574660633,0.9330855018587361,0.9459005490945056,0.04708344116806984,1.3957928536500224,0.3380965176506587,0.04702293418532777,0.9336062669754028,251,418,12,24,28.294031143188477,8043792,1861,0.5169533096926713,439,420,88,84,473,58,95,12,1485,454,297,91,,,,,,,,,,,,,,,,,,,,,2397,423,705,480
sweep,gdm_early,3,0.8,sweep,0.5,1,3,3029,eta=0.5,0.9811627906976744,0.9627400436444222,0.9090909090909091,0.9767441860465116,0.9615384615384616,0.9438202247191011,0.9345794392523364,0.9472897196261683,0.04425441101193428,1.4636423075975713,0.3384247618215054,0.044013305747524836,0.937465488910675,250,420,10,25,27.899670124053955,8043792,1861,0.5228560874704492,439,420,88,84,473,58,95,12,1485,454,297,91,,,,,,,,,,,,,,,,,,,,,2397,423,705,480
sweep,gdm_early,3,0.8,sweep,0.5,1,3,3029,eta=0.8,0.9807061310782241,0.9591774015257248,0.92,0.9744186046511628,0.9583333333333334,0.9501133786848073,0.9387755102040817,0.9504440122777009,0.04291165992617607,1.5644744167830893,0.32443976850945705,0.042750637605456075,0.7619879245758057,253,419,11,22,28.50955629348755,8043792,1864,0.5246808510638298,439,420,88,84,473,58,95,12,1485,454,297,91,,,,,,,,,,,,,,,,,,,,,2397,423,705,480
sweep,gdm_early,3,0.8,sweep,0.5,1,3,3029,eta=1.0,0.9803340380549683,0.9636742535063996,0.9236363636363636,0.9744186046511628,0.9584905660377359,0.9522727272727273,0.9407407407407408,0.9519795657726693,0.042123693972826004,1.6613334600944991,0.32831110961575183,0.0423092944940539,0.5322703719139099,254,419,11,21,28.253982305526733,8043792,1867,0.5178634751773049,439,420,88,84,473,58,95,12,1485,454,297,91,,,,,,,,,,,,,,,,,,,,,2397,423,705,480
sweep,gdm_early,3,0.8,sweep,0.5,1,3,3029,rounds=5,0.9867061310782241,0.9727506688945867,0.8836363636363637,0.9837209302325581,0.972,0.9296703296703297,0.9257142857142857,0.9408232445520581,0.03854899853467941,-1.0797357496029956,0.36600446712563467,0.0371122683035144,0.9957757592201233,243,423,7,32,14.005948781967163,4080192,1734,0.5180984042553192,439,420,88,84,473,58,95,12,1485,454,297,91,,,,,,,,,,,,,,,,,,,,,2397,423,705,480
sweep,gdm_early,3,0.8,sweep,0.5,1,3,3029,rounds=10,0.9807061310782241,0.9591774015257248,0.92,0.9744186046511628,0.9583333333333334,0.9501133786848073,0.9387755102040817,0.9504440122777009,0.04291165992617607,1.5644744167830893,0.32443976850945705,0.042750637605456075,0.7619879245758057,253,419,11,22,27.858612060546875,8043792,1864,0.5246808510638298,439,420,88,84,473,58,95,12,1485,454,297,91,,,,,,,,,,,,,,,,,,,,,2397,423,705,480
sweep,gdm_early,3,0.8,sweep,0.5,1,3,3029,rounds=20,0.9771754756871035,0.9659875598899972,0.8727272727272727,0.9813953488372092,0.967741935483871,0.9234135667396062,0.9177820267686424,0.9346520054925511,0.06434440612792969,-0.8177772353170963,0.2771051447104681,0.06996037700991245,0.9995610117912292,240,422,8,35,50.73709774017334,15970992,1894,0.5367183806146572,439,420,88,84,473,58,95,12,1485,454,297,91,,,,,,,,,,,,,,,,,,,,,2397,423,705,480
sweep,gdm_early,3,0.8,sweep,0.5,1,4,3030,tau0=0.8,0.9887315010570824,0.9826568733307188,0.9636363636363636,0.9744186046511628,0.9601449275362319,0.9766899766899767,0.9618874773139746,0.9687202229410385,0.02599048987030983,-1.7164023139562252,0.36403297571525944,0.02765226213708158,0.8852246403694153,265,419,11,10,27.5129816532135,8043792,1890,0.4890543735224586,668,58,134,12,1388,796,277,159,341,78,69,16,,,,,,,,,,,,,,,,,,,,,2397,423,705,480
sweep,gdm_early,3,0.8,sweep,0.5,1,4,3030,tau0=0.85,0.9892980972515857,0.983630103541113,0.96,0.9744186046511628,0.96,0.9744186046511628,0.96,0.9672093023255814,0.025839639827609062,-1.5331498837962778,0.3845206740018009,0.025981110825941463,0.8483507633209229,264,419,11,11,24.99865174293518,8043792,1889,0.4893232860520095,668,58,134,12,1388,796,277,159,341,78,69,16,,,,,,,,,,,,,,,,,,,,,2397,423,705,480
sweep,gdm_early,3,0.8,sweep,0.5,1,4,3030,tau0=0.9,0.9884651162790697,0.9825004396876541,0.9818181818181818,0.9697674418604652,0.9540636042402827,0.9881516587677726,0.967741935483871,0.9733075874602454,0.026986699551343918,-2.4699044058016355,0.3409923496456966,0.02763671565073101,0.00936497189104557,270,417,13,5,14.738526821136475,8043792,1851,0.48998670212765955,668,58,134,12,1388,796,277,159,341,78,69,16,,,,,,,,,,,,,,,,,,,,,2397,423,705,480
sweep,gdm_early,3,0.8,sweep,0.5,1,4,3030,tau0=0.95,0.9877209302325581,0.9809481030434694,0.9818181818181818,0.9697674418604652,0.9540636042402827,0.9881516587677726,0.967741935483871,0.9733075874602454,0.02558940276503563,-1.022560522410951,0.3745485369417885,0.02523399354520102,0.0045070769265294075,270,417,13,5,13.789700746536255,8043792,1839,0.4830304373522458,668,58,134,12,1388,796,277,159,341,78,69,16,,,,,,,,,,,,,,,,,,,,,2397,423,705,480
sweep,gdm_early,3,0.8,sweep,0.5,1,4,3030,tau_decay=0.0,0.987923890063425,0.9809407986158455,0.9745454545454545,0.9744186046511628,0.9605734767025089,0.9835680751173709,0.9675090252707581,0.9732404939437902,0.023996181786060333,-1.453652882016943,0.36907707453004873,0.023404650691176726,0.34801700711250305,268,419,11,7,14.597854614257812,8043792,1771,0.4877245862884161,668,58,134,12,1388,796,277,159,341,78,69,16,,,,,,,,,,,,,,,,,,,,,2397,423,705,480
sweep,gdm_early,3,0.8,sweep,0.5,1,4,3030,tau_decay=0.03,0.9884651162790697,0.9825004396876541,0.9818181818181818,0.9697674418604652,0.9540636042402827,0.9881516587677726,0.967741935483871,0.9733075874602454,0.026986699551343918,-2.4699044058016355,0.3409923496456966,0.02763671565073101,0.00936497189104557,270,417,13,5,14.358823537826538,8043792,1851,0.48998670212765955,668,58,134,12,1388,796,277,159,341,78,69,16,,,,,,,,,,,,,,,,,,,,,2397,423,705,480
sweep,gdm_early,3,0.8,sweep,0.5,1,4,3030,tau_decay=0.1,0.988414376321353,0.9816074154681821,0.9636363636363636,0.9720930232558139,0.9566787003610109,0.9766355140186916,0.9601449275362319,0.9672519509476032,0.027055196464061737,-2.1049368893929996,0.35000820585675707,0.028409971731631494,0.724105954170227,265,418,12,10,13.995902299880981,8043792,1889,0.4960401891252955,668,58,134,12,1388,796,277,159,341,78,69,16,,,,,,,,,,,,,,,,,,,,,2397,423,705,480
sweep,gdm_early,3,0.8,sweep,0.5,1,4,3030,k=5,0.9854756871035941,0.9749598016578018,0.9709090909090909,0.9744186046511628,0.960431654676259,0.9812646370023419,0.9656419529837251,0.9717357956283853,0.026676572859287262,-1.7147167780889851,0.32384270775410345,0.027555865341721518,0.18174180388450623,267,419,11,8,9.03787112236023,8043792,1891,0.4864509456264776,668,58,134,12,1388,796,277,159,341,78,69,16,,,,,,,,,,,,,,,,,,,,,2397,423,705,480
sweep,gdm_early,3,0.8,sweep,0.5,1,4,3030,k=10,0.9884651162790697,0.9825004396876541,0.9818181818181818,0.9697674418604652,0.9540636042402827,0.9881516587677726,0.967741935483871,0.9733075874602454,0.026986699551343918,-2.4699044058016355,0.3409923496456966,0.02763671565073101,0.00936497189104557,270,417,13,5,13.828327894210815,8043792,1851,0.48998670212765955,668,58,134,12,1388,796,277,159,341,78,69,16,,,,,,,,,,,,,,,,,,,,,2397,423,705,480
sweep,gdm_early,3,0.8,sweep,0.5,1,4,3030,k=15,0.9888921775898519,0.9794279310729238,0.9854545454545455,0.9697674418604652,0.954225352112676,0.9904988123515439,0.9695885509838998,0.9748060263732661,0.023756762966513634,-1.1318177342780453,0.3640937810624126,0.02359536364104877,0.005162321031093597,271,417,13,4,20.585575819015503,8043792,1892,0.4964804964539007,668,58,134,12,1388,796,277,159,341,78,69,16,,,,,,,,,,,,,,,,,,,,,2397,423,705,480
sweep,gdm_early,3,0.8,sweep,0.5,1,4,3030,k=20,0.9912600422832982,0.9835445164724593,0.9781818181818182,0.9744186046511628,0.9607142857142857,0.9858823529411764,0.9693693693693693,0.9747431642168485,0.025290144607424736,-0.5226279067218492,0.3809127161657502,0.026050865202679803,0.12156875431537628,269,419,11,6,25.049793243408203,8043792,1880,0.4982387706855792,668,58,134,12,1388,796,277,159,341,78,69,16,,,,,,,,,,,,,,,,,,,,,2397,423,705,480
sweep,gdm_early,3,0.8,sweep,0.5,1,4,3030,agr_every=2,0.9825835095137421,0.9683746068011417,0.9745454545454545,0.9744186046511628,0.9605734767025089,0.9835680751173709,0.9675090252707581,0.9732404939437902,0.02577405422925949,-1.770518096897033,0.3219036647486665,0.026144704633063787,0.12726353108882904,268,419,11,7,14.402852058410645,8043792,1860,0.5060180260047282,668,58,134,12,1388,796,277,159,341,78,69,16,,,,,,,,,,,,,,,,,,,,,2397,423,705,480
sweep,gdm_early,3,0.8,sweep,0.5,1,4,3030,agr_every=3,0.984338266384778,0.9753444668633111,0.9745454545454545,0.9720930232558139,0.9571428571428572,0.9835294117647059,0.9657657657657658,0.9717717717717718,0.02902798540890217,-2.15344257008684,0.3183438655896397,0.0296191405835198,0.038211844861507416,268,418,12,7,14.178944110870361,8043792,1869,0.5232047872340424,668,58,134,12,1388,796,277,159,341,78,69,16,,,,,,,,,,,,,,,,,,,,,2397,423,705,480
sweep,gdm_early,3,0.8,sweep,0.5,1,4,3030,agr_every=5,0.9884651162790697,0.9825004396876541,0.9818181818181818,0.9697674418604652,0.9540636042402827,0.9881516587677726,0.967741935483871,0.9733075874602454,0.026986699551343918,-2.4699044058016355,0.3409923496456966,0.02763671565073101,0.00936497189104557,270,417,13,5,14.099688529968262,8043792,1851,0.48998670212765955,668,58,134,12,1388,796,277,159,341,78,69,16,,,,,,,,,,,,,,,,,,,,,2397,423,705,480
sweep,gdm_early,3,0.8,sweep,0.5,1,4,3030,blend=0.0,0.988490486257928,0.9826059919411558,0.9854545454545455,0.9697674418604652,0.954225352112676,0.9904988123515439,0.9695885509838998,0.9748060263732661,0.026902392506599426,-2.1566098859111436,0.3516510556662232,0.027508417702736567,0.006068956572562456,271,417,13,4,13.8919997215271,8043792,1853,0.48945183215130017,668,58,134,12,1388,796,277,159,341,78,69,16,,,,,,,,,,,,,,,,,,,,,2397,423,705,480
sweep,gdm_early,3,0.8,sweep,0.5,1,4,3030,blend=0.25,0.988076109936575,0.9818606234376447,0.9709090909090909,0.9720930232558139,0.956989247311828,0.9812206572769953,0.9638989169675091,0.9702672154931004,0.026917101815342903,-2.1089253238609245,0.3498471529191536,0.02756704838470891,0.3555695712566376,267,418,12,8,13.908620595932007,8043792,1855,0.48551861702127663,668,58,134,12,1388,796,277,159,341,78,69,16,,,,,,,,,,,,,,,,,,,,,2397,423,705,480
sweep,gdm_early,3,0.8,sweep,0.5,1,4,3030,blend=0.5,0.9884651162790697,0.9825004396876541,0.9818181818181818,0.9697674418604652,0.9540636042402827,0.9881516587677726,0.967741935483871,0.9733075874602454,0.026986699551343918,-2.4699044058016355,0.3409923496456966,0.02763671565073101,0.00936497189104557,270,417,13,5,15.249159812927246,8043792,1851,0.48998670212765955,668,58,134,12,1388,796,277,159,341,78,69,16,,,,,,,,,,,,,,,,,,,,,2397,423,705,480
sweep,gdm_early,3,0.8,sweep,0.5,1,4,3030,blend=0.75,0.9878773784355179,0.9811291029635808,0.9818181818181818,0.9697674418604652,0.9540636042402827,0.9881516587677726,0.967741935483871,0.9733075874602454,0.02700219675898552,-2.74452709556209,0.33588153516430913,0.027429906141018257,0.005669472739100456,270,417,13,5,13.79130220413208,8043792,1864,0.4905171394799055,668,58,134,12,1388,796,277,159,341,78,69,16,,,,,,,,,,,,,,,,,,,,,2397,423,705,480
sweep,gdm_early,3,0.8,sweep,0.5,1,4,3030,blend=1.0,0.9880972515856237,0.983220494309896,0.9672727272727273,0.9720930232558139,0.9568345323741008,0.9789227166276346,0.9620253164556962,0.968760616220847,0.027415482327342033,-1.7985569577725318,0.35980476839032194,0.02824349686268514,0.4311944544315338,266,418,12,9,13.969480752944946,8043792,1863,0.48460106382978724,668,58,134,12,1388,796,277,159,341,78,69,16,,,,,,,,,,,,,,,,,,,,,2397,423,705,480
sweep,gdm_early,3,0.8,sweep,0.5,1,4,3030,noise_std=0.01,0.9886596194503171,0.9837919590950356,0.9818181818181818,0.9697674418604652,0.9540636042402827,0.9881516587677726,0.967741935483871,0.9733075874602454,0.026713546365499496,-2.0232397352039087,0.3539799909332322,0.027983995356018213,0.0049207150004804134,270,417,13,5,13.900815963745117,8043792,1858,0.4862130614657211,668,58,134,12,1388,796,277,159,341,78,69,16,,,,,,,,,,,,,,,,,,,,,2397,423,705,480
sweep,gdm_early,3,0.8,sweep,0.5,1,4,3030,noise_std=0.05,0.9884651162790697,0.9825004396876541,0.9818181818181818,0.9697674418604652,0.9540636042402827,0.9881516587677726,0.967741935483871,0.9733075874602454,0.026986699551343918,-2.4699044058016355,0.3409923496456966,0.02763671565073101,0.00936497189104557,270,417,13,5,14.128159523010254,8043792,1851,0.48998670212765955,668,58,134,12,1388,796,277,159,341,78,69,16,,,,,,,,,,,,,,,,,,,,,2397,423,705,480
sweep,gdm_early,3,0.8,sweep,0.5,1,4,3030,noise_std=0.1,0.9866300211416491,0.9804818324425423,0.9854545454545455,0.9697674418604652,0.954225352112676,0.9904988123515439,0.9695885509838998,0.9748060263732661,0.027177494019269943,-1.426664312799744,0.3632758750783139,0.027420814290348823,0.002113944385200739,271,417,13,4,13.812505960464478,8043792,1864,0.48297281323877067,668,58,134,12,1388,796,277,159,341,78,69,16,,,,,,,,,,,,,,,,,,,,,2397,423,705,480
sweep,gdm_early,3,0.8,sweep,0.5,1,4,3030,eta=0.2,0.9874630021141649,0.9803663841629983,0.9745454545454545,0.9744186046511628,0.9605734767025089,0.9835680751173709,0.9675090252707581,0.9732404939437902,0.024221595376729965,-1.6643760497574491,0.36497441630105865,0.024853693660685523,0.3412245213985443,268,419,11,7,13.826120376586914,8043792,1871,0.4925162529550827,668,58,134,12,1388,796,277,159,341,78,69,16,,,,,,,,,,,,,,,,,,,,,2397,423,705,480
sweep,gdm_early,3,0.8,sweep,0.5,1,4,3030,eta=0.5,0.9882579281183932,0.9815055647833725,0.9854545454545455,0.9697674418604652,0.954225352112676,0.9904988123515439,0.9695885509838998,0.9748060263732661,0.025079788640141487,-2.5537161997788695,0.34499177642956974,0.025866700041088035,0.008463354781270027,271,417,13,4,14.005760431289673,8043792,1873,0.49254875886524824,668,58,134,12,1388,796,277,159,341,78,69,16,,,,,,,,,,,,,,,,,,,,,2397,423,705,480
sweep,gdm_early,3,0.8,sweep,0.5,1,4,3030,eta=0.8,0.9884651162790697,0.9825004396876541,0.9818181818181818,0.9697674418604652,0.9540636042402827,0.9881516587677726,0.967741935483871,0.9733075874602454,0.026986699551343918,-2.4699044058016355,0.3409923496456966,0.02763671565073101,0.00936497189104557,270,417,13,5,13.75961422920227,8043792,1851,0.48998670212765955,668,58,134,12,1388,796,277,159,341,78,69,16,,,,,,,,,,,,,,,,,,,,,2397,423,705,480
sweep,gdm_early,3,0.8,sweep,0.5,1,4,3030,eta=1.0,0.9885454545454546,0.9832182913730164,0.9672727272727273,0.9720930232558139,0.9568345323741008,0.9789227166276346,0.9620253164556962,0.968760616220847,0.026323825120925903,-1.5331257571767027,0.3916773989605956,0.027252331209626585,0.4981275200843811,266,418,12,9,14.082618713378906,8043792,1861,0.4792109929078014,668,58,134,12,1388,796,277,159,341,78,69,16,,,,,,,,,,,,,,,,,,,,,2397,423,705,480
sweep,gdm_early,3,0.8,sweep,0.5,1,4,3030,rounds=5,0.9831458773784355,0.9576423276319792,0.9672727272727273,0.9790697674418605,0.9672727272727273,0.9790697674418605,0.9672727272727273,0.9731712473572939,0.0234699547290802,0.3787493535095278,0.4451441484972556,0.023199439385628445,0.3486267328262329,266,421,9,9,7.239179372787476,4080192,1686,0.5245966312056738,668,58,134,12,1388,796,277,159,341,78,69,16,,,,,,,,,,,,,,,,,,,,,2397,423,705,480
sweep,gdm_early,3,0.8,sweep,0.5,1,4,3030,rounds=10,0.9884651162790697,0.9825004396876541,0.9818181818181818,0.9697674418604652,0.9540636042402827,0.9881516587677726,0.967741935483871,0.9733075874602454,0.026986699551343918,-2.4699044058016355,0.3409923496456966,0.02763671565073101,0.00936497189104557,270,417,13,5,13.914977312088013,8043792,1851,0.48998670212765955,668,58,134,12,1388,796,277,159,341,78,69,16,,,,,,,,,,,,,,,,,,,,,2397,423,705,480
sweep,gdm_early,3,0.8,sweep,0.5,1,4,3030,rounds=20,0.9789429175475687,0.9666657224156276,0.9636363636363636,0.9744186046511628,0.9601449275362319,0.9766899766899767,0.9618874773139746,0.9687202229410385,0.028080657124519348,1.0046873955621136,0.32200300388417946,0.030566943526690732,0.14287731051445007,265,419,11,10,27.088156938552856,15970992,1905,0.5083451536643026,668,58,134,12,1388,796,277,159,341,78,69,16,,,,,,,,,,,,,,,,,,,,,2397,423,705,480
